theme_no,테마명,테마등락률,종목코드,종목명,종목명.1,현재가,전일비,등락률,매수호가,매도호가,거래량,거래대금,전일거래량,토론,Unnamed: 11,Beta,베타조정수익률,코스피지수,코스피등락,코스피등락률,코스피조회시간
154,건설 대표주,-2.87,028260,삼성물산,테마 편입 사유,320000.0,"상승  21,500",7.2,320000.0,320500.0,638338.0,200101.0,455000.0,,,0.784495,-6.8866144,"6,936.99",338.12,5.12,2026-05-05 14:19:40
154,건설 대표주,-2.87,000720,현대건설,테마 편입 사유,159400.0,"하락  2,400",-1.48,159400.0,159500.0,1088761.0,172806.0,1239416.0,,,0.784495,-6.8866144,"6,936.99",338.12,5.12,2026-05-05 14:19:40
154,건설 대표주,-2.87,294870,IPARK현대산업개발,테마 편입 사유,22600.0,하락  350,-1.53,22550.0,22600.0,208149.0,4687.0,288846.0,,,0.784495,-6.8866144,"6,936.99",338.12,5.12,2026-05-05 14:19:40
154,건설 대표주,-2.87,006360,GS건설,테마 편입 사유,35950.0,"하락  2,100",-5.52,35950.0,36000.0,2961294.0,105682.0,4058929.0,,,0.784495,-6.8866144,"6,936.99",338.12,5.12,2026-05-05 14:19:40
154,건설 대표주,-2.87,375500,DL이앤씨,테마 편입 사유,91300.0,"하락  7,700",-7.78,91300.0,91400.0,1916956.0,174461.0,1136537.0,,,0.784495,-6.8866144,"6,936.99",338.12,5.12,2026-05-05 14:19:40
154,건설 대표주,-2.87,047040,대우건설,테마 편입 사유,32150.0,"하락  2,850",-8.14,32100.0,32150.0,26927939.0,863571.0,11755161.0,,,0.784495,-6.8866144,"6,936.99",338.12,5.12,2026-05-05 14:19:40
177,LPG(액화석유가스),-3.05,128820,대성산업,테마 편입 사유,7170.0,상승  90,1.27,7170.0,7180.0,360215.0,2589.0,257000.0,,,0.490787,-5.56282944,"6,936.99",338.12,5.12,2026-05-05 14:19:40
177,LPG(액화석유가스),-3.05,096770,SK이노베이션,테마 편입 사유,145700.0,하락  500,-0.34,145600.0,145700.0,1202954.0,177828.0,1134227.0,,,0.490787,-5.56282944,"6,936.99",338.12,5.12,2026-05-05 14:19:40
177,LPG(액화석유가스),-3.05,078930,GS,테마 편입 사유,80900.0,"하락  1,000",-1.22,80800.0,80900.0,293831.0,23766.0,369316.0,,,0.490787,-5.56282944,"6,936.99",338.12,5.12,2026-05-05 14:19:40
177,LPG(액화석유가스),-3.05,000440,중앙에너비스 *,테마 편입 사유,21050.0,하락  550,-2.55,21050.0,21100.0,75620.0,1591.0,439282.0,,,0.490787,-5.56282944,"6,936.99",338.12,5.12,2026-05-05 14:19:40
177,LPG(액화석유가스),-3.05,014530,극동유화,테마 편입 사유,3895.0,하락  105,-2.62,3895.0,3900.0,391183.0,1537.0,541238.0,,,0.490787,-5.56282944,"6,936.99",338.12,5.12,2026-05-05 14:19:40
177,LPG(액화석유가스),-3.05,017940,E1,테마 편입 사유,104400.0,"하락  3,900",-3.6,104000.0,104400.0,15170.0,1588.0,20741.0,,,0.490787,-5.56282944,"6,936.99",338.12,5.12,2026-05-05 14:19:40
177,LPG(액화석유가스),-3.05,010950,S-Oil,테마 편입 사유,128000.0,"하락  6,500",-4.83,128000.0,128100.0,593891.0,76061.0,753766.0,,,0.490787,-5.56282944,"6,936.99",338.12,5.12,2026-05-05 14:19:40
177,LPG(액화석유가스),-3.05,024060,흥구석유 *,테마 편입 사유,16890.0,"하락  1,040",-5.8,16890.0,16900.0,1778575.0,30065.0,14078082.0,,,0.490787,-5.56282944,"6,936.99",338.12,5.12,2026-05-05 14:19:40
177,LPG(액화석유가스),-3.05,018670,SK가스,테마 편입 사유,266500.0,"하락  22,500",-7.79,266500.0,267000.0,51469.0,13909.0,42374.0,,,0.490787,-5.56282944,"6,936.99",338.12,5.12,2026-05-05 14:19:40
185,정유,-2.13,096770,SK이노베이션,테마 편입 사유,145700.0,하락  500,-0.34,145600.0,145700.0,1202954.0,177828.0,1134227.0,,,0.656208,-5.48978496,"6,936.99",338.12,5.12,2026-05-05 14:19:40
185,정유,-2.13,078930,GS,테마 편입 사유,80900.0,"하락  1,000",-1.22,80800.0,80900.0,293831.0,23766.0,369316.0,,,0.656208,-5.48978496,"6,936.99",338.12,5.12,2026-05-05 14:19:40
185,정유,-2.13,010950,S-Oil,테마 편입 사유,128000.0,"하락  6,500",-4.83,128000.0,128100.0,593891.0,76061.0,753766.0,,,0.656208,-5.48978496,"6,936.99",338.12,5.12,2026-05-05 14:19:40
527,윤활유,-2.87,096770,SK이노베이션,테마 편입 사유,145700.0,하락  500,-0.34,145600.0,145700.0,1202954.0,177828.0,1134227.0,,,0.390276,-4.86821312,"6,936.99",338.12,5.12,2026-05-05 14:19:40
527,윤활유,-2.87,078930,GS,테마 편입 사유,80900.0,"하락  1,000",-1.22,80800.0,80900.0,293831.0,23766.0,369316.0,,,0.390276,-4.86821312,"6,936.99",338.12,5.12,2026-05-05 14:19:40
527,윤활유,-2.87,014530,극동유화,테마 편입 사유,3895.0,하락  105,-2.62,3895.0,3900.0,391183.0,1537.0,541238.0,,,0.390276,-4.86821312,"6,936.99",338.12,5.12,2026-05-05 14:19:40
527,윤활유,-2.87,003650,미창석유,테마 편입 사유,121800.0,"하락  3,300",-2.64,121800.0,122000.0,3145.0,386.0,4782.0,,,0.390276,-4.86821312,"6,936.99",338.12,5.12,2026-05-05 14:19:40
527,윤활유,-2.87,002960,한국쉘석유,테마 편입 사유,495500.0,"하락  13,500",-2.65,495500.0,496500.0,3498.0,1741.0,5190.0,,,0.390276,-4.86821312,"6,936.99",338.12,5.12,2026-05-05 14:19:40
527,윤활유,-2.87,010950,S-Oil,테마 편입 사유,128000.0,"하락  6,500",-4.83,128000.0,128100.0,593891.0,76061.0,753766.0,,,0.390276,-4.86821312,"6,936.99",338.12,5.12,2026-05-05 14:19:40
527,윤활유,-2.87,024060,흥구석유 *,테마 편입 사유,16890.0,"하락  1,040",-5.8,16890.0,16900.0,1778575.0,30065.0,14078082.0,,,0.390276,-4.86821312,"6,936.99",338.12,5.12,2026-05-05 14:19:40
600,주유소,-2.06,128820,대성산업,테마 편입 사유,7170.0,상승  90,1.27,7170.0,7180.0,360215.0,2589.0,257000.0,,,0.5,-4.62,"6,936.99",338.12,5.12,2026-05-05 14:19:40
600,주유소,-2.06,038620,위즈코프 *,테마 편입 사유,503.0,보합0,0.0,0.0,0.0,0.0,0.0,0.0,,,0.5,-4.62,"6,936.99",338.12,5.12,2026-05-05 14:19:40
600,주유소,-2.06,096770,SK이노베이션,테마 편입 사유,145700.0,하락  500,-0.34,145600.0,145700.0,1202954.0,177828.0,1134227.0,,,0.5,-4.62,"6,936.99",338.12,5.12,2026-05-05 14:19:40
600,주유소,-2.06,015890,태경산업,테마 편입 사유,5080.0,하락  40,-0.78,5070.0,5080.0,105938.0,539.0,61614.0,,,0.5,-4.62,"6,936.99",338.12,5.12,2026-05-05 14:19:40
600,주유소,-2.06,002420,세기상사,테마 편입 사유,5380.0,하락  50,-0.92,5380.0,5390.0,27647.0,148.0,22401.0,,,0.5,-4.62,"6,936.99",338.12,5.12,2026-05-05 14:19:40
600,주유소,-2.06,025860,남해화학,테마 편입 사유,11610.0,하락  130,-1.11,11600.0,11610.0,16358170.0,196405.0,45867078.0,,,0.5,-4.62,"6,936.99",338.12,5.12,2026-05-05 14:19:40
600,주유소,-2.06,078930,GS,테마 편입 사유,80900.0,"하락  1,000",-1.22,80800.0,80900.0,293831.0,23766.0,369316.0,,,0.5,-4.62,"6,936.99",338.12,5.12,2026-05-05 14:19:40
600,주유소,-2.06,357120,코람코라이프인프라리츠,테마 편입 사유,4585.0,하락  100,-2.13,4585.0,4590.0,256453.0,1172.0,202449.0,,,0.5,-4.62,"6,936.99",338.12,5.12,2026-05-05 14:19:40
600,주유소,-2.06,000440,중앙에너비스 *,테마 편입 사유,21050.0,하락  550,-2.55,21050.0,21100.0,75620.0,1591.0,439282.0,,,0.5,-4.62,"6,936.99",338.12,5.12,2026-05-05 14:19:40
600,주유소,-2.06,267250,HD현대,테마 편입 사유,302500.0,"하락  8,000",-2.58,302000.0,302500.0,254623.0,77621.0,302406.0,,,0.5,-4.62,"6,936.99",338.12,5.12,2026-05-05 14:19:40
600,주유소,-2.06,014530,극동유화,테마 편입 사유,3895.0,하락  105,-2.62,3895.0,3900.0,391183.0,1537.0,541238.0,,,0.5,-4.62,"6,936.99",338.12,5.12,2026-05-05 14:19:40
600,주유소,-2.06,012700,리드코프 *,테마 편입 사유,3685.0,하락  125,-3.28,3685.0,3690.0,156880.0,584.0,37568.0,,,0.5,-4.62,"6,936.99",338.12,5.12,2026-05-05 14:19:40
600,주유소,-2.06,395400,SK리츠,테마 편입 사유,6490.0,하락  270,-3.99,6480.0,6490.0,816805.0,5233.0,796828.0,,,0.5,-4.62,"6,936.99",338.12,5.12,2026-05-05 14:19:40
600,주유소,-2.06,010950,S-Oil,테마 편입 사유,128000.0,"하락  6,500",-4.83,128000.0,128100.0,593891.0,76061.0,753766.0,,,0.5,-4.62,"6,936.99",338.12,5.12,2026-05-05 14:19:40
600,주유소,-2.06,024060,흥구석유 *,테마 편입 사유,16890.0,"하락  1,040",-5.8,16890.0,16900.0,1778575.0,30065.0,14078082.0,,,0.5,-4.62,"6,936.99",338.12,5.12,2026-05-05 14:19:40
124,제대혈,-2.38,006280,녹십자,테마 편입 사유,137500.0,상승  400,0.29,137400.0,137500.0,26719.0,3675.0,41178.0,,,0.430958,-4.58650496,"6,936.99",338.12,5.12,2026-05-05 14:19:40
124,제대혈,-2.38,217730,강스템바이오텍 *,테마 편입 사유,3970.0,하락  25,-0.63,3965.0,3970.0,1185822.0,4707.0,918491.0,,,0.430958,-4.58650496,"6,936.99",338.12,5.12,2026-05-05 14:19:40
124,제대혈,-2.38,085660,차바이오텍 *,테마 편입 사유,16900.0,하락  190,-1.11,16900.0,16910.0,366668.0,6256.0,296711.0,,,0.430958,-4.58650496,"6,936.99",338.12,5.12,2026-05-05 14:19:40
124,제대혈,-2.38,144510,지씨셀 *,테마 편입 사유,23350.0,하락  400,-1.68,23300.0,23350.0,42808.0,1007.0,31560.0,,,0.430958,-4.58650496,"6,936.99",338.12,5.12,2026-05-05 14:19:40
124,제대혈,-2.38,078160,메디포스트 *,테마 편입 사유,25450.0,"하락  2,450",-8.78,25450.0,25500.0,469062.0,11809.0,221946.0,,,0.430958,-4.58650496,"6,936.99",338.12,5.12,2026-05-05 14:19:40
402,아스콘(아스팔트 콘크리트),-3.52,031820,아이티센씨티에스,테마 편입 사유,753.0,보합0,0.0,0.0,0.0,0.0,0.0,0.0,,,0.134931,-4.21084672,"6,936.99",338.12,5.12,2026-05-05 14:19:40
402,아스콘(아스팔트 콘크리트),-3.52,013810,스페코 *,테마 편입 사유,2910.0,하락  25,-0.85,2910.0,2915.0,177878.0,515.0,116799.0,,,0.134931,-4.21084672,"6,936.99",338.12,5.12,2026-05-05 14:19:40
402,아스콘(아스팔트 콘크리트),-3.52,048830,엔피케이 *,테마 편입 사유,1168.0,하락  11,-0.93,1168.0,1169.0,88033.0,103.0,137360.0,,,0.134931,-4.21084672,"6,936.99",338.12,5.12,2026-05-05 14:19:40
402,아스콘(아스팔트 콘크리트),-3.52,255220,SG *,테마 편입 사유,2590.0,하락  55,-2.08,2590.0,2595.0,1988030.0,5214.0,2159922.0,,,0.134931,-4.21084672,"6,936.99",338.12,5.12,2026-05-05 14:19:40
402,아스콘(아스팔트 콘크리트),-3.52,014530,극동유화,테마 편입 사유,3895.0,하락  105,-2.62,3895.0,3900.0,391183.0,1537.0,541238.0,,,0.134931,-4.21084672,"6,936.99",338.12,5.12,2026-05-05 14:19:40
402,아스콘(아스팔트 콘크리트),-3.52,023410,유진기업 *,테마 편입 사유,3975.0,하락  110,-2.69,3975.0,3980.0,284626.0,1142.0,286220.0,,,0.134931,-4.21084672,"6,936.99",338.12,5.12,2026-05-05 14:19:40
402,아스콘(아스팔트 콘크리트),-3.52,004090,한국석유,테마 편입 사유,15500.0,하락  540,-3.37,15500.0,15530.0,402555.0,6276.0,1288299.0,,,0.134931,-4.21084672,"6,936.99",338.12,5.12,2026-05-05 14:19:40
402,아스콘(아스팔트 콘크리트),-3.52,060560,HC홈센타 *,테마 편입 사유,3505.0,하락  360,-9.31,3500.0,3505.0,156776.0,573.0,131785.0,,,0.134931,-4.21084672,"6,936.99",338.12,5.12,2026-05-05 14:19:40
402,아스콘(아스팔트 콘크리트),-3.52,225530,HC보광산업 *,테마 편입 사유,3500.0,하락  380,-9.79,3500.0,3505.0,222563.0,808.0,89680.0,,,0.134931,-4.21084672,"6,936.99",338.12,5.12,2026-05-05 14:19:40
310,리츠(REITs),-3.42,0030R0,대신밸류리츠,테마 편입 사유,4340.0,상승  15,0.35,4310.0,4340.0,94877.0,408.0,95799.0,,,0.148746,-4.18157952,"6,936.99",338.12,5.12,2026-05-05 14:19:40
310,리츠(REITs),-3.42,145270,케이탑리츠,테마 편입 사유,897.0,하락  1,-0.11,896.0,897.0,83752.0,75.0,24595.0,,,0.148746,-4.18157952,"6,936.99",338.12,5.12,2026-05-05 14:19:40
310,리츠(REITs),-3.42,481850,신한글로벌액티브리츠,테마 편입 사유,1124.0,하락  14,-1.23,1123.0,1124.0,146336.0,165.0,97288.0,,,0.148746,-4.18157952,"6,936.99",338.12,5.12,2026-05-05 14:19:40
310,리츠(REITs),-3.42,357430,마스턴프리미어리츠,테마 편입 사유,1225.0,하락  20,-1.61,1225.0,1228.0,99333.0,121.0,87860.0,,,0.148746,-4.18157952,"6,936.99",338.12,5.12,2026-05-05 14:19:40
310,리츠(REITs),-3.42,417310,코람코더원리츠,테마 편입 사유,10210.0,하락  180,-1.73,10170.0,10210.0,182771.0,1865.0,69245.0,,,0.148746,-4.18157952,"6,936.99",338.12,5.12,2026-05-05 14:19:40
310,리츠(REITs),-3.42,338100,NH프라임리츠,테마 편입 사유,4675.0,하락  95,-1.99,4660.0,4675.0,218668.0,1022.0,134490.0,,,0.148746,-4.18157952,"6,936.99",338.12,5.12,2026-05-05 14:19:40
310,리츠(REITs),-3.42,357120,코람코라이프인프라리츠,테마 편입 사유,4585.0,하락  100,-2.13,4585.0,4590.0,256453.0,1172.0,202449.0,,,0.148746,-4.18157952,"6,936.99",338.12,5.12,2026-05-05 14:19:40
310,리츠(REITs),-3.42,334890,이지스밸류플러스리츠,테마 편입 사유,4075.0,하락  110,-2.63,4075.0,4095.0,256352.0,1057.0,348539.0,,,0.148746,-4.18157952,"6,936.99",338.12,5.12,2026-05-05 14:19:40
310,리츠(REITs),-3.42,400760,NH올원리츠,테마 편입 사유,3270.0,하락  90,-2.68,3265.0,3270.0,337359.0,1105.0,200614.0,,,0.148746,-4.18157952,"6,936.99",338.12,5.12,2026-05-05 14:19:40
310,리츠(REITs),-3.42,350520,이지스레지던스리츠,테마 편입 사유,3805.0,하락  115,-2.93,3805.0,3815.0,133213.0,511.0,44622.0,,,0.148746,-4.18157952,"6,936.99",338.12,5.12,2026-05-05 14:19:40
310,리츠(REITs),-3.42,293940,신한알파리츠,테마 편입 사유,5870.0,하락  180,-2.98,5870.0,5880.0,451930.0,2654.0,485158.0,,,0.148746,-4.18157952,"6,936.99",338.12,5.12,2026-05-05 14:19:40
310,리츠(REITs),-3.42,365550,ESR켄달스퀘어리츠,테마 편입 사유,4385.0,하락  140,-3.09,4385.0,4390.0,499975.0,2188.0,579063.0,,,0.148746,-4.18157952,"6,936.99",338.12,5.12,2026-05-05 14:19:40
310,리츠(REITs),-3.42,330590,롯데리츠,테마 편입 사유,4270.0,하락  170,-3.83,4240.0,4270.0,615197.0,2631.0,438397.0,,,0.148746,-4.18157952,"6,936.99",338.12,5.12,2026-05-05 14:19:40
310,리츠(REITs),-3.42,395400,SK리츠,테마 편입 사유,6490.0,하락  270,-3.99,6480.0,6490.0,816805.0,5233.0,796828.0,,,0.148746,-4.18157952,"6,936.99",338.12,5.12,2026-05-05 14:19:40
310,리츠(REITs),-3.42,377190,디앤디플랫폼리츠,테마 편입 사유,3085.0,하락  130,-4.04,3085.0,3090.0,153508.0,479.0,160284.0,,,0.148746,-4.18157952,"6,936.99",338.12,5.12,2026-05-05 14:19:40
310,리츠(REITs),-3.42,357250,미래에셋맵스리츠,테마 편입 사유,2290.0,하락  100,-4.18,2290.0,2300.0,242312.0,561.0,73728.0,,,0.148746,-4.18157952,"6,936.99",338.12,5.12,2026-05-05 14:19:40
310,리츠(REITs),-3.42,451800,한화리츠,테마 편입 사유,5670.0,하락  300,-5.03,5670.0,5690.0,344231.0,1959.0,312106.0,,,0.148746,-4.18157952,"6,936.99",338.12,5.12,2026-05-05 14:19:40
310,리츠(REITs),-3.42,404990,신한서부티엔디리츠,테마 편입 사유,4440.0,하락  245,-5.23,4440.0,4470.0,192434.0,865.0,121531.0,,,0.148746,-4.18157952,"6,936.99",338.12,5.12,2026-05-05 14:19:40
310,리츠(REITs),-3.42,088260,이리츠코크렙,테마 편입 사유,4700.0,하락  265,-5.34,4700.0,4730.0,154961.0,738.0,110786.0,,,0.148746,-4.18157952,"6,936.99",338.12,5.12,2026-05-05 14:19:40
310,리츠(REITs),-3.42,432320,KB스타리츠,테마 편입 사유,2020.0,하락  145,-6.7,2020.0,2025.0,2832687.0,5803.0,508150.0,,,0.148746,-4.18157952,"6,936.99",338.12,5.12,2026-05-05 14:19:40
310,리츠(REITs),-3.42,396690,미래에셋글로벌리츠,테마 편입 사유,2035.0,하락  155,-7.08,2030.0,2035.0,362461.0,753.0,373349.0,,,0.148746,-4.18157952,"6,936.99",338.12,5.12,2026-05-05 14:19:40
310,리츠(REITs),-3.42,448730,삼성FN리츠,테마 편입 사유,5770.0,하락  440,-7.09,5770.0,5790.0,209000.0,1224.0,177617.0,,,0.148746,-4.18157952,"6,936.99",338.12,5.12,2026-05-05 14:19:40
49,인터넷 대표주,-0.69,035720,카카오,테마 편입 사유,47100.0,하락  200,-0.42,47050.0,47100.0,1520475.0,71746.0,1484406.0,,,0.654288,-4.03995456,"6,936.99",338.12,5.12,2026-05-05 14:19:40
49,인터넷 대표주,-0.69,035420,NAVER,테마 편입 사유,209000.0,"하락  2,000",-0.95,208500.0,209000.0,875803.0,183333.0,1387029.0,,,0.654288,-4.03995456,"6,936.99",338.12,5.12,2026-05-05 14:19:40
590,2026 상반기 신규상장,-1.44,0004V0,엔비알모션 *,테마 편입 사유,27900.0,"상승  2,400",9.41,27850.0,27900.0,1558255.0,43341.0,892311.0,,,0.5,-4.0,"6,936.99",338.12,5.12,2026-05-05 14:19:40
590,2026 상반기 신규상장,-1.44,0001A0,덕양에너젠 *,테마 편입 사유,19900.0,"상승  1,080",5.74,19890.0,19900.0,686.0,13.0,2719006.0,,,0.5,-4.0,"6,936.99",338.12,5.12,2026-05-05 14:19:40
590,2026 상반기 신규상장,-1.44,0011A0,액스비스 *,테마 편입 사유,26800.0,상승  350,1.32,26800.0,26850.0,141758.0,3729.0,286929.0,,,0.5,-4.0,"6,936.99",338.12,5.12,2026-05-05 14:19:40
590,2026 상반기 신규상장,-1.44,279570,케이뱅크,테마 편입 사유,6290.0,상승  70,1.13,6290.0,6300.0,2700206.0,17156.0,1485617.0,,,0.5,-4.0,"6,936.99",338.12,5.12,2026-05-05 14:19:40
590,2026 상반기 신규상장,-1.44,0130D0,신한제17호스팩 *,테마 편입 사유,1998.0,상승  6,0.3,1998.0,2000.0,47178.0,94.0,186270.0,,,0.5,-4.0,"6,936.99",338.12,5.12,2026-05-05 14:19:40
590,2026 상반기 신규상장,-1.44,0130H0,엔에이치스팩33호 *,테마 편입 사유,1999.0,상승  1,0.05,1999.0,2000.0,36678.0,73.0,44030.0,,,0.5,-4.0,"6,936.99",338.12,5.12,2026-05-05 14:19:40
590,2026 상반기 신규상장,-1.44,0115H0,삼성스팩13호 *,테마 편입 사유,2015.0,보합0,0.0,2010.0,2015.0,46678.0,94.0,43737.0,,,0.5,-4.0,"6,936.99",338.12,5.12,2026-05-05 14:19:40
590,2026 상반기 신규상장,-1.44,0131D0,키움히어로제2호스팩 *,테마 편입 사유,1999.0,하락  1,-0.05,1998.0,1999.0,457356.0,914.0,581532.0,,,0.5,-4.0,"6,936.99",338.12,5.12,2026-05-05 14:19:40
590,2026 상반기 신규상장,-1.44,0132G0,교보20호스팩 *,테마 편입 사유,1996.0,하락  4,-0.2,1996.0,1999.0,55522.0,111.0,152650.0,,,0.5,-4.0,"6,936.99",338.12,5.12,2026-05-05 14:19:40
590,2026 상반기 신규상장,-1.44,408470,한패스 *,테마 편입 사유,15270.0,하락  40,-0.26,15270.0,15290.0,84128.0,1288.0,112723.0,,,0.5,-4.0,"6,936.99",338.12,5.12,2026-05-05 14:19:40
590,2026 상반기 신규상장,-1.44,458350,에스팀 *,테마 편입 사유,9040.0,하락  30,-0.33,9040.0,9050.0,94580.0,860.0,261037.0,,,0.5,-4.0,"6,936.99",338.12,5.12,2026-05-05 14:19:40
590,2026 상반기 신규상장,-1.44,493330,지에프아이 *,테마 편입 사유,18750.0,하락  100,-0.53,18610.0,18750.0,94914.0,1824.0,55847.0,,,0.5,-4.0,"6,936.99",338.12,5.12,2026-05-05 14:19:40
590,2026 상반기 신규상장,-1.44,0010F0,보원케미칼 *,테마 편입 사유,5970.0,하락  40,-0.67,5970.0,6000.0,631989.0,3743.0,599483.0,,,0.5,-4.0,"6,936.99",338.12,5.12,2026-05-05 14:19:40
590,2026 상반기 신규상장,-1.44,394420,리센스메디컬 *,테마 편입 사유,31250.0,하락  750,-2.34,31250.0,31350.0,1052466.0,33238.0,1602130.0,,,0.5,-4.0,"6,936.99",338.12,5.12,2026-05-05 14:19:40
590,2026 상반기 신규상장,-1.44,0082N0,카나프테라퓨틱스 *,테마 편입 사유,34700.0,"하락  1,500",-4.14,34700.0,34750.0,121546.0,4309.0,150997.0,,,0.5,-4.0,"6,936.99",338.12,5.12,2026-05-05 14:19:40
590,2026 상반기 신규상장,-1.44,493280,아이엠바이오로직스 *,테마 편입 사유,46500.0,"하락  2,100",-4.32,46500.0,46650.0,79374.0,3790.0,99985.0,,,0.5,-4.0,"6,936.99",338.12,5.12,2026-05-05 14:19:40
590,2026 상반기 신규상장,-1.44,0007J0,인벤테라 *,테마 편입 사유,20400.0,하락  950,-4.45,20400.0,20450.0,568174.0,11594.0,212387.0,,,0.5,-4.0,"6,936.99",338.12,5.12,2026-05-05 14:19:40
590,2026 상반기 신규상장,-1.44,0011T0,채비 *,테마 편입 사유,19980.0,"하락  1,170",-5.53,19970.0,19980.0,5471138.0,111974.0,24034073.0,,,0.5,-4.0,"6,936.99",338.12,5.12,2026-05-05 14:19:40
590,2026 상반기 신규상장,-1.44,0088M0,메쥬 *,테마 편입 사유,39000.0,"하락  3,650",-8.56,39000.0,39050.0,408495.0,16683.0,704911.0,,,0.5,-4.0,"6,936.99",338.12,5.12,2026-05-05 14:19:40
590,2026 상반기 신규상장,-1.44,0129K0,신한제18호스팩 *,테마 편입 사유,1995.0,하락  360,-15.29,1995.0,1998.0,10110.0,21.0,130479859.0,,,0.5,-4.0,"6,936.99",338.12,5.12,2026-05-05 14:19:40
598,콩/대두,-1.21,248170,샘표식품,테마 편입 사유,27200.0,하락  50,-0.18,27200.0,27250.0,9177.0,249.0,5100.0,,,0.5,-3.77,"6,936.99",338.12,5.12,2026-05-05 14:19:40
598,콩/대두,-1.21,218150,미래생명자원 *,테마 편입 사유,3255.0,하락  30,-0.91,3255.0,3260.0,238499.0,778.0,766725.0,,,0.5,-3.77,"6,936.99",338.12,5.12,2026-05-05 14:19:40
598,콩/대두,-1.21,007540,샘표,테마 편입 사유,51100.0,하락  700,-1.35,51000.0,51100.0,10056.0,515.0,6425.0,,,0.5,-3.77,"6,936.99",338.12,5.12,2026-05-05 14:19:40
598,콩/대두,-1.21,006880,신송홀딩스,테마 편입 사유,7190.0,하락  120,-1.64,7180.0,7190.0,179798.0,1304.0,215353.0,,,0.5,-3.77,"6,936.99",338.12,5.12,2026-05-05 14:19:40
598,콩/대두,-1.21,017810,풀무원,테마 편입 사유,12060.0,하락  240,-1.95,12060.0,12080.0,78006.0,950.0,116905.0,,,0.5,-3.77,"6,936.99",338.12,5.12,2026-05-05 14:19:40
389,면역항암제,-2.44,224060,더코디 *,테마 편입 사유,6020.0,상승  170,2.91,6000.0,6020.0,38540.0,225.0,31682.0,,,0.253966,-3.74030592,"6,936.99",338.12,5.12,2026-05-05 14:19:40
389,면역항암제,-2.44,235980,메드팩토 *,테마 편입 사유,5250.0,상승  130,2.54,5250.0,5260.0,247740.0,1326.0,139618.0,,,0.253966,-3.74030592,"6,936.99",338.12,5.12,2026-05-05 14:19:40
389,면역항암제,-2.44,084990,헬릭스미스 *,테마 편입 사유,8730.0,상승  110,1.28,8720.0,8730.0,283498.0,2447.0,306820.0,,,0.253966,-3.74030592,"6,936.99",338.12,5.12,2026-05-05 14:19:40
389,면역항암제,-2.44,299660,셀리드 *,테마 편입 사유,3205.0,상승  25,0.79,3195.0,3205.0,328922.0,1056.0,519439.0,,,0.253966,-3.74030592,"6,936.99",338.12,5.12,2026-05-05 14:19:40
389,면역항암제,-2.44,028300,HLB *,테마 편입 사유,60900.0,상승  100,0.16,60900.0,61000.0,437693.0,26885.0,418522.0,,,0.253966,-3.74030592,"6,936.99",338.12,5.12,2026-05-05 14:19:40
389,면역항암제,-2.44,378800,샤페론 *,테마 편입 사유,1877.0,상승  1,0.05,1876.0,1877.0,884.0,2.0,767944.0,,,0.253966,-3.74030592,"6,936.99",338.12,5.12,2026-05-05 14:19:40
389,면역항암제,-2.44,0009K0,에임드바이오 *,테마 편입 사유,46700.0,하락  150,-0.32,46700.0,46750.0,115347.0,5420.0,194521.0,,,0.253966,-3.74030592,"6,936.99",338.12,5.12,2026-05-05 14:19:40
389,면역항암제,-2.44,001540,안국약품 *,테마 편입 사유,8050.0,하락  70,-0.86,8050.0,8150.0,34927.0,284.0,31111.0,,,0.253966,-3.74030592,"6,936.99",338.12,5.12,2026-05-05 14:19:40
389,면역항암제,-2.44,424870,이뮨온시아 *,테마 편입 사유,6920.0,하락  70,-1.0,6920.0,6930.0,176484.0,1225.0,199830.0,,,0.253966,-3.74030592,"6,936.99",338.12,5.12,2026-05-05 14:19:40
389,면역항암제,-2.44,291650,압타머사이언스 *,테마 편입 사유,1688.0,하락  17,-1.0,1688.0,1689.0,154368.0,261.0,153595.0,,,0.253966,-3.74030592,"6,936.99",338.12,5.12,2026-05-05 14:19:40
389,면역항암제,-2.44,141080,리가켐바이오 *,테마 편입 사유,181500.0,"하락  1,900",-1.04,181500.0,181600.0,312912.0,57600.0,292336.0,,,0.253966,-3.74030592,"6,936.99",338.12,5.12,2026-05-05 14:19:40
389,면역항암제,-2.44,085660,차바이오텍 *,테마 편입 사유,16900.0,하락  190,-1.11,16900.0,16910.0,366668.0,6256.0,296711.0,,,0.253966,-3.74030592,"6,936.99",338.12,5.12,2026-05-05 14:19:40
389,면역항암제,-2.44,039200,오스코텍 *,테마 편입 사유,51400.0,하락  600,-1.15,51400.0,51500.0,225672.0,11803.0,215930.0,,,0.253966,-3.74030592,"6,936.99",338.12,5.12,2026-05-05 14:19:40
389,면역항암제,-2.44,293780,압타바이오 *,테마 편입 사유,8370.0,하락  100,-1.18,8370.0,8380.0,161117.0,1359.0,208814.0,,,0.253966,-3.74030592,"6,936.99",338.12,5.12,2026-05-05 14:19:40
389,면역항암제,-2.44,000100,유한양행,테마 편입 사유,90500.0,"하락  1,100",-1.2,90400.0,90500.0,352126.0,32066.0,237957.0,,,0.253966,-3.74030592,"6,936.99",338.12,5.12,2026-05-05 14:19:40
389,면역항암제,-2.44,338840,와이바이오로직스 *,테마 편입 사유,21700.0,하락  300,-1.36,21650.0,21700.0,141790.0,3093.0,176659.0,,,0.253966,-3.74030592,"6,936.99",338.12,5.12,2026-05-05 14:19:40
389,면역항암제,-2.44,195990,에이비프로바이오 *,테마 편입 사유,1234.0,하락  18,-1.44,1234.0,1235.0,208237.0,257.0,138879.0,,,0.253966,-3.74030592,"6,936.99",338.12,5.12,2026-05-05 14:19:40
389,면역항암제,-2.44,170900,동아에스티,테마 편입 사유,43600.0,하락  700,-1.58,43600.0,43700.0,29746.0,1304.0,11166.0,,,0.253966,-3.74030592,"6,936.99",338.12,5.12,2026-05-05 14:19:40
389,면역항암제,-2.44,144510,지씨셀 *,테마 편입 사유,23350.0,하락  400,-1.68,23300.0,23350.0,42808.0,1007.0,31560.0,,,0.253966,-3.74030592,"6,936.99",338.12,5.12,2026-05-05 14:19:40
389,면역항암제,-2.44,298380,에이비엘바이오 *,테마 편입 사유,132500.0,"하락  2,300",-1.71,132500.0,132600.0,523298.0,69958.0,663414.0,,,0.253966,-3.74030592,"6,936.99",338.12,5.12,2026-05-05 14:19:40
389,면역항암제,-2.44,086890,이수앱지스 *,테마 편입 사유,4650.0,하락  110,-2.31,4650.0,4660.0,137615.0,647.0,78515.0,,,0.253966,-3.74030592,"6,936.99",338.12,5.12,2026-05-05 14:19:40
389,면역항암제,-2.44,358570,지아이이노베이션 *,테마 편입 사유,15830.0,하락  420,-2.58,15830.0,15840.0,696400.0,11233.0,634047.0,,,0.253966,-3.74030592,"6,936.99",338.12,5.12,2026-05-05 14:19:40
389,면역항암제,-2.44,397030,에이프릴바이오 *,테마 편입 사유,57700.0,"하락  1,600",-2.7,57600.0,57700.0,279557.0,16528.0,217455.0,,,0.253966,-3.74030592,"6,936.99",338.12,5.12,2026-05-05 14:19:40
389,면역항암제,-2.44,215600,신라젠 *,테마 편입 사유,3390.0,하락  105,-3.0,3390.0,3395.0,1141416.0,3931.0,799892.0,,,0.253966,-3.74030592,"6,936.99",338.12,5.12,2026-05-05 14:19:40
389,면역항암제,-2.44,323990,박셀바이오 *,테마 편입 사유,7240.0,하락  240,-3.21,7240.0,7250.0,249359.0,1830.0,145538.0,,,0.253966,-3.74030592,"6,936.99",338.12,5.12,2026-05-05 14:19:40
389,면역항암제,-2.44,095700,제넥신 *,테마 편입 사유,5250.0,하락  180,-3.31,5250.0,5280.0,340976.0,1833.0,368932.0,,,0.253966,-3.74030592,"6,936.99",338.12,5.12,2026-05-05 14:19:40
389,면역항암제,-2.44,950220,네오이뮨텍 *,테마 편입 사유,451.0,하락  17,-3.63,451.0,452.0,1541152.0,714.0,920632.0,,,0.253966,-3.74030592,"6,936.99",338.12,5.12,2026-05-05 14:19:40
389,면역항암제,-2.44,083790,CG인바이츠 *,테마 편입 사유,1210.0,하락  48,-3.82,1209.0,1210.0,337032.0,415.0,173981.0,,,0.253966,-3.74030592,"6,936.99",338.12,5.12,2026-05-05 14:19:40
389,면역항암제,-2.44,174900,앱클론 *,테마 편입 사유,47250.0,"하락  1,900",-3.87,47250.0,47300.0,285352.0,13651.0,208024.0,,,0.253966,-3.74030592,"6,936.99",338.12,5.12,2026-05-05 14:19:40
389,면역항암제,-2.44,0082N0,카나프테라퓨틱스 *,테마 편입 사유,34700.0,"하락  1,500",-4.14,34700.0,34750.0,121546.0,4309.0,150997.0,,,0.253966,-3.74030592,"6,936.99",338.12,5.12,2026-05-05 14:19:40
389,면역항암제,-2.44,493280,아이엠바이오로직스 *,테마 편입 사유,46500.0,"하락  2,100",-4.32,46500.0,46650.0,79374.0,3790.0,99985.0,,,0.253966,-3.74030592,"6,936.99",338.12,5.12,2026-05-05 14:19:40
389,면역항암제,-2.44,321550,티움바이오 *,테마 편입 사유,12550.0,하락  590,-4.49,12550.0,12600.0,401209.0,5129.0,1017600.0,,,0.253966,-3.74030592,"6,936.99",338.12,5.12,2026-05-05 14:19:40
389,면역항암제,-2.44,308080,바이젠셀 *,테마 편입 사유,10330.0,하락  560,-5.14,10330.0,10370.0,1212749.0,12857.0,3410941.0,,,0.253966,-3.74030592,"6,936.99",338.12,5.12,2026-05-05 14:19:40
389,면역항암제,-2.44,115180,큐리언트 *,테마 편입 사유,34950.0,"하락  2,350",-6.3,34900.0,34950.0,240878.0,8609.0,190469.0,,,0.253966,-3.74030592,"6,936.99",338.12,5.12,2026-05-05 14:19:40
389,면역항암제,-2.44,052020,에스티큐브 *,테마 편입 사유,19000.0,"하락  2,100",-9.95,19000.0,19010.0,1054995.0,20451.0,416738.0,,,0.253966,-3.74030592,"6,936.99",338.12,5.12,2026-05-05 14:19:40
389,면역항암제,-2.44,365270,큐라클 *,테마 편입 사유,14950.0,"하락  2,850",-16.01,14940.0,14950.0,1242295.0,19247.0,206173.0,,,0.253966,-3.74030592,"6,936.99",338.12,5.12,2026-05-05 14:19:40
223,강관업체(Steel pipe),-1.51,146060,율촌 *,테마 편입 사유,1580.0,상승  44,2.86,1580.0,1581.0,173349.0,274.0,78974.0,,,0.433156,-3.7277587199999997,"6,936.99",338.12,5.12,2026-05-05 14:19:40
223,강관업체(Steel pipe),-1.51,306200,세아제강,테마 편입 사유,179800.0,"상승  2,400",1.35,179700.0,179800.0,39722.0,6990.0,31203.0,,,0.433156,-3.7277587199999997,"6,936.99",338.12,5.12,2026-05-05 14:19:40
223,강관업체(Steel pipe),-1.51,014280,금강공업,테마 편입 사유,5380.0,상승  20,0.37,5370.0,5380.0,131619.0,708.0,104111.0,,,0.433156,-3.7277587199999997,"6,936.99",338.12,5.12,2026-05-05 14:19:40
223,강관업체(Steel pipe),-1.51,263770,유에스티 *,테마 편입 사유,2120.0,상승  5,0.24,2120.0,2125.0,26851.0,57.0,61244.0,,,0.433156,-3.7277587199999997,"6,936.99",338.12,5.12,2026-05-05 14:19:40
223,강관업체(Steel pipe),-1.51,071090,하이스틸,테마 편입 사유,4610.0,하락  10,-0.22,4610.0,4635.0,496314.0,2300.0,1303657.0,,,0.433156,-3.7277587199999997,"6,936.99",338.12,5.12,2026-05-05 14:19:40
223,강관업체(Steel pipe),-1.51,000970,한국주철관,테마 편입 사유,7300.0,하락  50,-0.68,7300.0,7310.0,70415.0,514.0,53991.0,,,0.433156,-3.7277587199999997,"6,936.99",338.12,5.12,2026-05-05 14:19:40
223,강관업체(Steel pipe),-1.51,008970,KBI동양철관,테마 편입 사유,1860.0,하락  25,-1.33,1860.0,1862.0,2190121.0,4145.0,3021449.0,,,0.433156,-3.7277587199999997,"6,936.99",338.12,5.12,2026-05-05 14:19:40
223,강관업체(Steel pipe),-1.51,005010,휴스틸,테마 편입 사유,6640.0,하락  180,-2.64,6640.0,6650.0,2878143.0,19302.0,4747432.0,,,0.433156,-3.7277587199999997,"6,936.99",338.12,5.12,2026-05-05 14:19:40
223,강관업체(Steel pipe),-1.51,100090,SK오션플랜트,테마 편입 사유,23500.0,"하락  1,050",-4.28,23500.0,23550.0,761687.0,17985.0,1078599.0,,,0.433156,-3.7277587199999997,"6,936.99",338.12,5.12,2026-05-05 14:19:40
223,강관업체(Steel pipe),-1.51,009730,이렘 *,테마 편입 사유,311.0,하락  16,-4.89,311.0,312.0,1139810.0,361.0,1334167.0,,,0.433156,-3.7277587199999997,"6,936.99",338.12,5.12,2026-05-05 14:19:40
223,강관업체(Steel pipe),-1.51,092790,넥스틸,테마 편입 사유,18800.0,"하락  1,500",-7.39,18790.0,18800.0,1060383.0,20265.0,1053740.0,,,0.433156,-3.7277587199999997,"6,936.99",338.12,5.12,2026-05-05 14:19:40
331,가상화폐(비트코인 등),-0.99,003530,한화투자증권,테마 편입 사유,8190.0,상승  680,9.05,8190.0,8200.0,19713752.0,163321.0,2657096.0,,,0.534372,-3.72598464,"6,936.99",338.12,5.12,2026-05-05 14:19:40
331,가상화폐(비트코인 등),-0.99,246690,TS인베스트먼트 *,테마 편입 사유,1865.0,상승  80,4.48,1865.0,1866.0,935138.0,1723.0,843811.0,,,0.534372,-3.72598464,"6,936.99",338.12,5.12,2026-05-05 14:19:40
331,가상화폐(비트코인 등),-0.99,041190,우리기술투자 *,테마 편입 사유,6740.0,상승  250,3.85,6740.0,6750.0,409.0,3.0,1022906.0,,,0.534372,-3.72598464,"6,936.99",338.12,5.12,2026-05-05 14:19:40
331,가상화폐(비트코인 등),-0.99,094480,갤럭시아머니트리 *,테마 편입 사유,8780.0,상승  260,3.05,8770.0,8780.0,353305.0,3073.0,237335.0,,,0.534372,-3.72598464,"6,936.99",338.12,5.12,2026-05-05 14:19:40
331,가상화폐(비트코인 등),-0.99,064260,다날 *,테마 편입 사유,7430.0,상승  100,1.36,7430.0,7440.0,1292591.0,9661.0,1643648.0,,,0.534372,-3.72598464,"6,936.99",338.12,5.12,2026-05-05 14:19:40
331,가상화폐(비트코인 등),-0.99,093520,매커스 *,테마 편입 사유,26500.0,상승  100,0.38,26450.0,26500.0,38702.0,1028.0,53727.0,,,0.534372,-3.72598464,"6,936.99",338.12,5.12,2026-05-05 14:19:40
331,가상화폐(비트코인 등),-0.99,049470,비트플래닛 *,테마 편입 사유,672.0,보합0,0.0,0.0,0.0,0.0,0.0,0.0,,,0.534372,-3.72598464,"6,936.99",338.12,5.12,2026-05-05 14:19:40
331,가상화폐(비트코인 등),-0.99,184230,SGA솔루션즈 *,테마 편입 사유,754.0,보합0,0.0,0.0,0.0,0.0,0.0,5566857.0,,,0.534372,-3.72598464,"6,936.99",338.12,5.12,2026-05-05 14:19:40
331,가상화폐(비트코인 등),-0.99,046440,KG파이낸셜 *,테마 편입 사유,5230.0,보합0,0.0,5220.0,5230.0,117460.0,619.0,88197.0,,,0.534372,-3.72598464,"6,936.99",338.12,5.12,2026-05-05 14:19:40
331,가상화폐(비트코인 등),-0.99,036090,위지트 *,테마 편입 사유,710.0,보합0,0.0,0.0,0.0,0.0,0.0,0.0,,,0.534372,-3.72598464,"6,936.99",338.12,5.12,2026-05-05 14:19:40
331,가상화폐(비트코인 등),-0.99,019550,SBI인베스트먼트 *,테마 편입 사유,638.0,보합0,0.0,0.0,0.0,0.0,0.0,0.0,,,0.534372,-3.72598464,"6,936.99",338.12,5.12,2026-05-05 14:19:40
331,가상화폐(비트코인 등),-0.99,033320,제이씨현시스템 *,테마 편입 사유,5020.0,하락  20,-0.4,5010.0,5020.0,149708.0,756.0,213621.0,,,0.534372,-3.72598464,"6,936.99",338.12,5.12,2026-05-05 14:19:40
331,가상화폐(비트코인 등),-0.99,035720,카카오,테마 편입 사유,47100.0,하락  200,-0.42,47050.0,47100.0,1520475.0,71746.0,1484406.0,,,0.534372,-3.72598464,"6,936.99",338.12,5.12,2026-05-05 14:19:40
331,가상화폐(비트코인 등),-0.99,095660,네오위즈 *,테마 편입 사유,21900.0,하락  100,-0.45,21900.0,22000.0,35090.0,775.0,83518.0,,,0.534372,-3.72598464,"6,936.99",338.12,5.12,2026-05-05 14:19:40
331,가상화폐(비트코인 등),-0.99,036620,감성코퍼레이션 *,테마 편입 사유,6480.0,하락  50,-0.77,6480.0,6490.0,370592.0,2411.0,378991.0,,,0.534372,-3.72598464,"6,936.99",338.12,5.12,2026-05-05 14:19:40
331,가상화폐(비트코인 등),-0.99,021080,에이티넘인베스트 *,테마 편입 사유,3335.0,하락  35,-1.04,3330.0,3335.0,374958.0,1263.0,288212.0,,,0.534372,-3.72598464,"6,936.99",338.12,5.12,2026-05-05 14:19:40
331,가상화폐(비트코인 등),-0.99,042420,네오위즈홀딩스 *,테마 편입 사유,21500.0,하락  300,-1.38,21400.0,21500.0,17092.0,369.0,16726.0,,,0.534372,-3.72598464,"6,936.99",338.12,5.12,2026-05-05 14:19:40
331,가상화폐(비트코인 등),-0.99,214270,FSN *,테마 편입 사유,2020.0,하락  30,-1.46,2020.0,2030.0,204093.0,412.0,134753.0,,,0.534372,-3.72598464,"6,936.99",338.12,5.12,2026-05-05 14:19:40
331,가상화폐(비트코인 등),-0.99,063080,컴투스홀딩스 *,테마 편입 사유,18090.0,하락  360,-1.95,18080.0,18090.0,51455.0,942.0,12300.0,,,0.534372,-3.72598464,"6,936.99",338.12,5.12,2026-05-05 14:19:40
331,가상화폐(비트코인 등),-0.99,058630,엠게임 *,테마 편입 사유,5250.0,하락  110,-2.05,5250.0,5270.0,106163.0,562.0,39949.0,,,0.534372,-3.72598464,"6,936.99",338.12,5.12,2026-05-05 14:19:40
331,가상화폐(비트코인 등),-0.99,112040,위메이드 *,테마 편입 사유,24400.0,하락  550,-2.2,24400.0,24450.0,140313.0,3426.0,418233.0,,,0.534372,-3.72598464,"6,936.99",338.12,5.12,2026-05-05 14:19:40
331,가상화폐(비트코인 등),-0.99,290560,파라택시스이더리움 *,테마 편입 사유,1730.0,하락  65,-3.62,1730.0,1735.0,86465.0,153.0,92483.0,,,0.534372,-3.72598464,"6,936.99",338.12,5.12,2026-05-05 14:19:40
331,가상화폐(비트코인 등),-0.99,101140,인바이오젠,테마 편입 사유,8370.0,하락  420,-4.78,8340.0,8370.0,17821.0,153.0,16077.0,,,0.534372,-3.72598464,"6,936.99",338.12,5.12,2026-05-05 14:19:40
331,가상화폐(비트코인 등),-0.99,057680,티사이언티픽 *,테마 편입 사유,2635.0,하락  325,-10.98,2630.0,2635.0,360479.0,970.0,283002.0,,,0.534372,-3.72598464,"6,936.99",338.12,5.12,2026-05-05 14:19:40
331,가상화폐(비트코인 등),-0.99,377030,비트맥스 *,테마 편입 사유,2905.0,하락  525,-15.31,2905.0,2915.0,1042794.0,3375.0,398353.0,,,0.534372,-3.72598464,"6,936.99",338.12,5.12,2026-05-05 14:19:40
79,자원개발,-1.33,028260,삼성물산,테마 편입 사유,320000.0,"상승  21,500",7.2,320000.0,320500.0,638338.0,200101.0,455000.0,,,0.461804,-3.6944364800000002,"6,936.99",338.12,5.12,2026-05-05 14:19:40
79,자원개발,-1.33,128820,대성산업,테마 편입 사유,7170.0,상승  90,1.27,7170.0,7180.0,360215.0,2589.0,257000.0,,,0.461804,-3.6944364800000002,"6,936.99",338.12,5.12,2026-05-05 14:19:40
79,자원개발,-1.33,037950,엘컴텍 *,테마 편입 사유,709.0,보합0,0.0,0.0,0.0,0.0,0.0,0.0,,,0.461804,-3.6944364800000002,"6,936.99",338.12,5.12,2026-05-05 14:19:40
79,자원개발,-1.33,047050,포스코인터내셔널,테마 편입 사유,87300.0,보합0,0.0,87200.0,87300.0,1175425.0,102695.0,1420585.0,,,0.461804,-3.6944364800000002,"6,936.99",338.12,5.12,2026-05-05 14:19:40
79,자원개발,-1.33,051780,큐로홀딩스 *,테마 편입 사유,727.0,보합0,0.0,0.0,0.0,0.0,0.0,0.0,,,0.461804,-3.6944364800000002,"6,936.99",338.12,5.12,2026-05-05 14:19:40
79,자원개발,-1.33,096770,SK이노베이션,테마 편입 사유,145700.0,하락  500,-0.34,145600.0,145700.0,1202954.0,177828.0,1134227.0,,,0.461804,-3.6944364800000002,"6,936.99",338.12,5.12,2026-05-05 14:19:40
79,자원개발,-1.33,078930,GS,테마 편입 사유,80900.0,"하락  1,000",-1.22,80800.0,80900.0,293831.0,23766.0,369316.0,,,0.461804,-3.6944364800000002,"6,936.99",338.12,5.12,2026-05-05 14:19:40
79,자원개발,-1.33,036460,한국가스공사,테마 편입 사유,38600.0,하락  500,-1.28,38600.0,38650.0,267505.0,10364.0,395777.0,,,0.461804,-3.6944364800000002,"6,936.99",338.12,5.12,2026-05-05 14:19:40
79,자원개발,-1.33,017390,서울가스,테마 편입 사유,64300.0,"하락  1,100",-1.68,64200.0,64300.0,10105.0,651.0,9231.0,,,0.461804,-3.6944364800000002,"6,936.99",338.12,5.12,2026-05-05 14:19:40
79,자원개발,-1.33,001120,LX인터내셔널,테마 편입 사유,52300.0,"하락  1,100",-2.06,52300.0,52400.0,118917.0,6223.0,266336.0,,,0.461804,-3.6944364800000002,"6,936.99",338.12,5.12,2026-05-05 14:19:40
79,자원개발,-1.33,011760,현대코퍼레이션,테마 편입 사유,30100.0,하락  800,-2.59,30050.0,30100.0,81428.0,2465.0,104294.0,,,0.461804,-3.6944364800000002,"6,936.99",338.12,5.12,2026-05-05 14:19:40
79,자원개발,-1.33,065170,비엘팜텍 *,테마 편입 사유,2290.0,하락  110,-4.58,2290.0,2305.0,700432.0,1636.0,578910.0,,,0.461804,-3.6944364800000002,"6,936.99",338.12,5.12,2026-05-05 14:19:40
79,자원개발,-1.33,065420,에스아이리소스 *,테마 편입 사유,286.0,하락  14,-4.67,286.0,287.0,2191.0,1.0,10372565.0,,,0.461804,-3.6944364800000002,"6,936.99",338.12,5.12,2026-05-05 14:19:40
79,자원개발,-1.33,001250,GS글로벌,테마 편입 사유,4665.0,하락  445,-8.71,4660.0,4665.0,6077857.0,29207.0,4094782.0,,,0.461804,-3.6944364800000002,"6,936.99",338.12,5.12,2026-05-05 14:19:40
449,2차전지(생산),1.2,373220,LG에너지솔루션,테마 편입 사유,472000.0,"상승  11,500",2.5,471500.0,472000.0,425260.0,199992.0,485223.0,,,0.950035,-3.6641791999999995,"6,936.99",338.12,5.12,2026-05-05 14:19:40
449,2차전지(생산),1.2,006400,삼성SDI,테마 편입 사유,705000.0,"상승  10,000",1.44,705000.0,706000.0,663957.0,466135.0,853824.0,,,0.950035,-3.6641791999999995,"6,936.99",338.12,5.12,2026-05-05 14:19:40
449,2차전지(생산),1.2,096770,SK이노베이션,테마 편입 사유,145700.0,하락  500,-0.34,145600.0,145700.0,1202954.0,177828.0,1134227.0,,,0.950035,-3.6641791999999995,"6,936.99",338.12,5.12,2026-05-05 14:19:40
385,키오스크(KIOSK),-1.12,115500,케이씨에스 *,테마 편입 사유,16000.0,상승  130,0.82,15990.0,16000.0,320828.0,5196.0,271718.0,,,0.492421,-3.64119552,"6,936.99",338.12,5.12,2026-05-05 14:19:40
385,키오스크(KIOSK),-1.12,094940,푸른기술 *,테마 편입 사유,10500.0,상승  40,0.38,10500.0,10510.0,302076.0,3209.0,1463982.0,,,0.492421,-3.64119552,"6,936.99",338.12,5.12,2026-05-05 14:19:40
385,키오스크(KIOSK),-1.12,089150,케이씨티 *,테마 편입 사유,3470.0,하락  5,-0.14,3470.0,3495.0,225234.0,799.0,137905.0,,,0.492421,-3.64119552,"6,936.99",338.12,5.12,2026-05-05 14:19:40
385,키오스크(KIOSK),-1.12,105760,포스뱅크 *,테마 편입 사유,5620.0,하락  40,-0.71,5600.0,5620.0,69603.0,393.0,42148.0,,,0.492421,-3.64119552,"6,936.99",338.12,5.12,2026-05-05 14:19:40
385,키오스크(KIOSK),-1.12,004920,씨아이테크,테마 편입 사유,1207.0,하락  10,-0.82,1203.0,1207.0,203627.0,247.0,274779.0,,,0.492421,-3.64119552,"6,936.99",338.12,5.12,2026-05-05 14:19:40
385,키오스크(KIOSK),-1.12,052600,한네트 *,테마 편입 사유,4040.0,하락  35,-0.86,4035.0,4040.0,90740.0,369.0,86555.0,,,0.492421,-3.64119552,"6,936.99",338.12,5.12,2026-05-05 14:19:40
385,키오스크(KIOSK),-1.12,177830,파버나인 *,테마 편입 사유,2735.0,하락  25,-0.91,2725.0,2735.0,42249.0,115.0,23404.0,,,0.492421,-3.64119552,"6,936.99",338.12,5.12,2026-05-05 14:19:40
385,키오스크(KIOSK),-1.12,136540,윈스테크넷 *,테마 편입 사유,12730.0,하락  270,-2.08,12720.0,12730.0,159406.0,2030.0,206399.0,,,0.492421,-3.64119552,"6,936.99",338.12,5.12,2026-05-05 14:19:40
385,키오스크(KIOSK),-1.12,063570,NICE인프라 *,테마 편입 사유,4550.0,하락  100,-2.15,4550.0,4565.0,117656.0,539.0,251875.0,,,0.492421,-3.64119552,"6,936.99",338.12,5.12,2026-05-05 14:19:40
385,키오스크(KIOSK),-1.12,101140,인바이오젠,테마 편입 사유,8370.0,하락  420,-4.78,8340.0,8370.0,17821.0,153.0,16077.0,,,0.492421,-3.64119552,"6,936.99",338.12,5.12,2026-05-05 14:19:40
525,렌터카,-3.29,038390,레드캡투어 *,테마 편입 사유,11310.0,하락  210,-1.82,11300.0,11310.0,58921.0,670.0,106577.0,,,0.065427,-3.62498624,"6,936.99",338.12,5.12,2026-05-05 14:19:40
525,렌터카,-3.29,381970,케이카,테마 편입 사유,10800.0,하락  200,-1.82,10800.0,10820.0,232159.0,2525.0,221593.0,,,0.065427,-3.62498624,"6,936.99",338.12,5.12,2026-05-05 14:19:40
525,렌터카,-3.29,089860,롯데렌탈,테마 편입 사유,33000.0,하락  650,-1.93,33000.0,33050.0,37846.0,1255.0,55200.0,,,0.065427,-3.62498624,"6,936.99",338.12,5.12,2026-05-05 14:19:40
525,렌터카,-3.29,403550,쏘카,테마 편입 사유,16460.0,"하락  1,350",-7.58,16460.0,16490.0,1055213.0,18542.0,120838.0,,,0.065427,-3.62498624,"6,936.99",338.12,5.12,2026-05-05 14:19:40
504,요소수,-3.09,000910,유니온,테마 편입 사유,4500.0,하락  20,-0.44,4500.0,4505.0,128985.0,583.0,120956.0,,,0.079321,-3.49612352,"6,936.99",338.12,5.12,2026-05-05 14:19:40
504,요소수,-3.09,047400,유니온머티리얼,테마 편입 사유,1756.0,하락  22,-1.24,1756.0,1760.0,549457.0,976.0,643811.0,,,0.079321,-3.49612352,"6,936.99",338.12,5.12,2026-05-05 14:19:40
504,요소수,-3.09,069260,TKG휴켐스,테마 편입 사유,18440.0,하락  450,-2.38,18430.0,18440.0,121988.0,2270.0,133840.0,,,0.079321,-3.49612352,"6,936.99",338.12,5.12,2026-05-05 14:19:40
504,요소수,-3.09,004000,롯데정밀화학,테마 편입 사유,66600.0,"하락  2,800",-4.03,66600.0,66700.0,160801.0,10818.0,155838.0,,,0.079321,-3.49612352,"6,936.99",338.12,5.12,2026-05-05 14:19:40
504,요소수,-3.09,001390,KG케미칼,테마 편입 사유,6550.0,하락  520,-7.36,6550.0,6560.0,2445490.0,16429.0,6762066.0,,,0.079321,-3.49612352,"6,936.99",338.12,5.12,2026-05-05 14:19:40
529,AI 챗봇(챗GPT 등),-0.64,0007C0,아크릴 *,테마 편입 사유,40800.0,"상승  2,000",5.15,40750.0,40800.0,450087.0,18186.0,512096.0,,,0.536537,-3.3870694400000003,"6,936.99",338.12,5.12,2026-05-05 14:19:40
529,AI 챗봇(챗GPT 등),-0.64,417970,모델솔루션 *,테마 편입 사유,18850.0,상승  290,1.56,18840.0,18850.0,47443.0,888.0,81842.0,,,0.536537,-3.3870694400000003,"6,936.99",338.12,5.12,2026-05-05 14:19:40
529,AI 챗봇(챗GPT 등),-0.64,205100,엑셈 *,테마 편입 사유,1975.0,상승  18,0.92,1971.0,1975.0,12225.0,24.0,2648269.0,,,0.536537,-3.3870694400000003,"6,936.99",338.12,5.12,2026-05-05 14:19:40
529,AI 챗봇(챗GPT 등),-0.64,263800,데이타솔루션 *,테마 편입 사유,5410.0,상승  40,0.74,5410.0,5420.0,179673.0,973.0,220501.0,,,0.536537,-3.3870694400000003,"6,936.99",338.12,5.12,2026-05-05 14:19:40
529,AI 챗봇(챗GPT 등),-0.64,402030,코난테크놀로지 *,테마 편입 사유,20800.0,상승  150,0.73,20750.0,20800.0,31256.0,647.0,33116.0,,,0.536537,-3.3870694400000003,"6,936.99",338.12,5.12,2026-05-05 14:19:40
529,AI 챗봇(챗GPT 등),-0.64,018260,삼성에스디에스,테마 편입 사유,166900.0,상승  700,0.42,166900.0,167000.0,179036.0,29974.0,259977.0,,,0.536537,-3.3870694400000003,"6,936.99",338.12,5.12,2026-05-05 14:19:40
529,AI 챗봇(챗GPT 등),-0.64,030520,한글과컴퓨터 *,테마 편입 사유,20350.0,보합0,0.0,20300.0,20350.0,85668.0,1760.0,88027.0,,,0.536537,-3.3870694400000003,"6,936.99",338.12,5.12,2026-05-05 14:19:40
529,AI 챗봇(챗GPT 등),-0.64,333050,이노테나 *,테마 편입 사유,1393.0,보합0,0.0,0.0,0.0,0.0,0.0,0.0,,,0.536537,-3.3870694400000003,"6,936.99",338.12,5.12,2026-05-05 14:19:40
529,AI 챗봇(챗GPT 등),-0.64,047560,이스트소프트 *,테마 편입 사유,14580.0,하락  20,-0.14,14570.0,14580.0,54965.0,806.0,54776.0,,,0.536537,-3.3870694400000003,"6,936.99",338.12,5.12,2026-05-05 14:19:40
529,AI 챗봇(챗GPT 등),-0.64,204620,글로벌텍스프리 *,테마 편입 사유,5940.0,하락  20,-0.34,5940.0,5950.0,1369141.0,8242.0,2560233.0,,,0.536537,-3.3870694400000003,"6,936.99",338.12,5.12,2026-05-05 14:19:40
529,AI 챗봇(챗GPT 등),-0.64,035720,카카오,테마 편입 사유,47100.0,하락  200,-0.42,47050.0,47100.0,1520475.0,71746.0,1484406.0,,,0.536537,-3.3870694400000003,"6,936.99",338.12,5.12,2026-05-05 14:19:40
529,AI 챗봇(챗GPT 등),-0.64,300080,플리토 *,테마 편입 사유,11470.0,하락  50,-0.43,11470.0,11520.0,76123.0,890.0,87985.0,,,0.536537,-3.3870694400000003,"6,936.99",338.12,5.12,2026-05-05 14:19:40
529,AI 챗봇(챗GPT 등),-0.64,377480,마음AI *,테마 편입 사유,15780.0,하락  70,-0.44,15780.0,15880.0,100396.0,1606.0,114190.0,,,0.536537,-3.3870694400000003,"6,936.99",338.12,5.12,2026-05-05 14:19:40
529,AI 챗봇(챗GPT 등),-0.64,060850,영림원소프트랩 *,테마 편입 사유,6450.0,하락  30,-0.46,6430.0,6450.0,26768.0,171.0,26275.0,,,0.536537,-3.3870694400000003,"6,936.99",338.12,5.12,2026-05-05 14:19:40
529,AI 챗봇(챗GPT 등),-0.64,443670,에스피소프트 *,테마 편입 사유,5780.0,하락  30,-0.52,5780.0,5800.0,517.0,3.0,232263.0,,,0.536537,-3.3870694400000003,"6,936.99",338.12,5.12,2026-05-05 14:19:40
529,AI 챗봇(챗GPT 등),-0.64,096250,와이즈넛 *,테마 편입 사유,11080.0,하락  70,-0.63,11080.0,11090.0,40160.0,447.0,41597.0,,,0.536537,-3.3870694400000003,"6,936.99",338.12,5.12,2026-05-05 14:19:40
529,AI 챗봇(챗GPT 등),-0.64,108860,셀바스AI *,테마 편입 사유,13040.0,하락  100,-0.76,13030.0,13040.0,287524.0,3778.0,507836.0,,,0.536537,-3.3870694400000003,"6,936.99",338.12,5.12,2026-05-05 14:19:40
529,AI 챗봇(챗GPT 등),-0.64,466410,사이냅소프트 *,테마 편입 사유,11720.0,하락  100,-0.85,11680.0,11720.0,29353.0,344.0,26844.0,,,0.536537,-3.3870694400000003,"6,936.99",338.12,5.12,2026-05-05 14:19:40
529,AI 챗봇(챗GPT 등),-0.64,007660,이수페타시스,테마 편입 사유,149000.0,"하락  1,300",-0.86,148900.0,149000.0,1163791.0,174005.0,1464079.0,,,0.536537,-3.3870694400000003,"6,936.99",338.12,5.12,2026-05-05 14:19:40
529,AI 챗봇(챗GPT 등),-0.64,035420,NAVER,테마 편입 사유,209000.0,"하락  2,000",-0.95,208500.0,209000.0,875803.0,183333.0,1387029.0,,,0.536537,-3.3870694400000003,"6,936.99",338.12,5.12,2026-05-05 14:19:40
529,AI 챗봇(챗GPT 등),-0.64,039980,폴라리스AI *,테마 편입 사유,9200.0,하락  100,-1.08,9190.0,9200.0,1544590.0,14580.0,9743835.0,,,0.536537,-3.3870694400000003,"6,936.99",338.12,5.12,2026-05-05 14:19:40
529,AI 챗봇(챗GPT 등),-0.64,064480,브리지텍 *,테마 편입 사유,4290.0,하락  50,-1.15,4290.0,4310.0,106405.0,459.0,37574.0,,,0.536537,-3.3870694400000003,"6,936.99",338.12,5.12,2026-05-05 14:19:40
529,AI 챗봇(챗GPT 등),-0.64,279600,미디어젠 *,테마 편입 사유,5760.0,하락  70,-1.2,5760.0,5770.0,1835.0,11.0,2117.0,,,0.536537,-3.3870694400000003,"6,936.99",338.12,5.12,2026-05-05 14:19:40
529,AI 챗봇(챗GPT 등),-0.64,072130,유엔젤,테마 편입 사유,5160.0,하락  70,-1.34,5160.0,5170.0,183071.0,957.0,145333.0,,,0.536537,-3.3870694400000003,"6,936.99",338.12,5.12,2026-05-05 14:19:40
529,AI 챗봇(챗GPT 등),-0.64,304100,솔트룩스 *,테마 편입 사유,23050.0,하락  350,-1.5,23000.0,23050.0,82408.0,1924.0,76345.0,,,0.536537,-3.3870694400000003,"6,936.99",338.12,5.12,2026-05-05 14:19:40
529,AI 챗봇(챗GPT 등),-0.64,039290,인포뱅크 *,테마 편입 사유,4775.0,하락  75,-1.55,4765.0,4775.0,19169.0,92.0,17870.0,,,0.536537,-3.3870694400000003,"6,936.99",338.12,5.12,2026-05-05 14:19:40
529,AI 챗봇(챗GPT 등),-0.64,301300,바이브컴퍼니 *,테마 편입 사유,2710.0,하락  60,-2.17,2700.0,2710.0,46525.0,126.0,43446.0,,,0.536537,-3.3870694400000003,"6,936.99",338.12,5.12,2026-05-05 14:19:40
529,AI 챗봇(챗GPT 등),-0.64,450520,인스웨이브 *,테마 편입 사유,3135.0,하락  90,-2.79,3135.0,3160.0,64156.0,204.0,27145.0,,,0.536537,-3.3870694400000003,"6,936.99",338.12,5.12,2026-05-05 14:19:40
529,AI 챗봇(챗GPT 등),-0.64,041020,폴라리스오피스 *,테마 편입 사유,4815.0,하락  145,-2.92,4815.0,4825.0,1225618.0,5995.0,9155003.0,,,0.536537,-3.3870694400000003,"6,936.99",338.12,5.12,2026-05-05 14:19:40
529,AI 챗봇(챗GPT 등),-0.64,099390,브레인즈컴퍼니 *,테마 편입 사유,4560.0,하락  150,-3.18,4560.0,4595.0,31836.0,147.0,11320.0,,,0.536537,-3.3870694400000003,"6,936.99",338.12,5.12,2026-05-05 14:19:40
529,AI 챗봇(챗GPT 등),-0.64,357880,SKAI *,테마 편입 사유,3175.0,하락  125,-3.79,3175.0,3180.0,1570256.0,5073.0,1225891.0,,,0.536537,-3.3870694400000003,"6,936.99",338.12,5.12,2026-05-05 14:19:40
323,셰일가스(Shale Gas),-0.27,100840,SNT에너지,테마 편입 사유,58600.0,"상승  2,400",4.27,58500.0,58600.0,290298.0,16807.0,340385.0,,,0.603403,-3.35942336,"6,936.99",338.12,5.12,2026-05-05 14:19:40
323,셰일가스(Shale Gas),-0.27,101170,우림피티에스 *,테마 편입 사유,14630.0,상승  420,2.96,14620.0,14630.0,62.0,1.0,268933.0,,,0.603403,-3.35942336,"6,936.99",338.12,5.12,2026-05-05 14:19:40
323,셰일가스(Shale Gas),-0.27,015760,한국전력,테마 편입 사유,44500.0,상승  950,2.18,44450.0,44500.0,2352086.0,105271.0,2525970.0,,,0.603403,-3.35942336,"6,936.99",338.12,5.12,2026-05-05 14:19:40
323,셰일가스(Shale Gas),-0.27,083650,비에이치아이 *,테마 편입 사유,99200.0,"상승  1,700",1.74,99200.0,99300.0,322879.0,32116.0,310867.0,,,0.603403,-3.35942336,"6,936.99",338.12,5.12,2026-05-05 14:19:40
323,셰일가스(Shale Gas),-0.27,034020,두산에너빌리티,테마 편입 사유,127200.0,상승  100,0.08,127200.0,127300.0,3214565.0,408045.0,3380571.0,,,0.603403,-3.35942336,"6,936.99",338.12,5.12,2026-05-05 14:19:40
323,셰일가스(Shale Gas),-0.27,002360,SH에너지화학,테마 편입 사유,358.0,보합0,0.0,0.0,0.0,0.0,0.0,0.0,,,0.603403,-3.35942336,"6,936.99",338.12,5.12,2026-05-05 14:19:40
323,셰일가스(Shale Gas),-0.27,047050,포스코인터내셔널,테마 편입 사유,87300.0,보합0,0.0,87200.0,87300.0,1175425.0,102695.0,1420585.0,,,0.603403,-3.35942336,"6,936.99",338.12,5.12,2026-05-05 14:19:40
323,셰일가스(Shale Gas),-0.27,036460,한국가스공사,테마 편입 사유,38600.0,하락  500,-1.28,38600.0,38650.0,267505.0,10364.0,395777.0,,,0.603403,-3.35942336,"6,936.99",338.12,5.12,2026-05-05 14:19:40
323,셰일가스(Shale Gas),-0.27,017960,한국카본,테마 편입 사유,48800.0,하락  750,-1.51,48800.0,48850.0,351823.0,17121.0,417170.0,,,0.603403,-3.35942336,"6,936.99",338.12,5.12,2026-05-05 14:19:40
323,셰일가스(Shale Gas),-0.27,017940,E1,테마 편입 사유,104400.0,"하락  3,900",-3.6,104000.0,104400.0,15170.0,1588.0,20741.0,,,0.603403,-3.35942336,"6,936.99",338.12,5.12,2026-05-05 14:19:40
323,셰일가스(Shale Gas),-0.27,018670,SK가스,테마 편입 사유,266500.0,"하락  22,500",-7.79,266500.0,267000.0,51469.0,13909.0,42374.0,,,0.603403,-3.35942336,"6,936.99",338.12,5.12,2026-05-05 14:19:40
581,탈 플라스틱(친환경/생분해성 등),-2.29,037230,한국팩키지 *,테마 편입 사유,2385.0,상승  15,0.63,2385.0,2390.0,225906.0,530.0,992208.0,,,0.207469,-3.35224128,"6,936.99",338.12,5.12,2026-05-05 14:19:40
581,탈 플라스틱(친환경/생분해성 등),-2.29,014970,삼륭물산 *,테마 편입 사유,7190.0,하락  70,-0.96,7190.0,7210.0,72093.0,521.0,181979.0,,,0.207469,-3.35224128,"6,936.99",338.12,5.12,2026-05-05 14:19:40
581,탈 플라스틱(친환경/생분해성 등),-2.29,272550,삼양패키징,테마 편입 사유,11610.0,하락  140,-1.19,11610.0,11620.0,81018.0,945.0,111631.0,,,0.207469,-3.35224128,"6,936.99",338.12,5.12,2026-05-05 14:19:40
581,탈 플라스틱(친환경/생분해성 등),-2.29,038110,에코플라스틱 *,테마 편입 사유,3630.0,하락  50,-1.36,3630.0,3635.0,1395012.0,5116.0,9750869.0,,,0.207469,-3.35224128,"6,936.99",338.12,5.12,2026-05-05 14:19:40
581,탈 플라스틱(친환경/생분해성 등),-2.29,092200,디아이씨,테마 편입 사유,7460.0,하락  130,-1.71,7460.0,7470.0,427096.0,3257.0,376343.0,,,0.207469,-3.35224128,"6,936.99",338.12,5.12,2026-05-05 14:19:40
581,탈 플라스틱(친환경/생분해성 등),-2.29,260930,씨티케이 *,테마 편입 사유,3880.0,하락  80,-2.02,3875.0,3880.0,107631.0,422.0,86808.0,,,0.207469,-3.35224128,"6,936.99",338.12,5.12,2026-05-05 14:19:40
581,탈 플라스틱(친환경/생분해성 등),-2.29,285800,진영 *,테마 편입 사유,2120.0,하락  125,-5.57,2120.0,2125.0,536965.0,1167.0,3578365.0,,,0.207469,-3.35224128,"6,936.99",338.12,5.12,2026-05-05 14:19:40
581,탈 플라스틱(친환경/생분해성 등),-2.29,340440,세림B&G *,테마 편입 사유,2355.0,하락  155,-6.18,2350.0,2355.0,3476947.0,8282.0,34441385.0,,,0.207469,-3.35224128,"6,936.99",338.12,5.12,2026-05-05 14:19:40
184,수자원(양적/질적 개선),-1.19,019990,에너토크 *,테마 편입 사유,10970.0,상승  660,6.4,10970.0,10980.0,935248.0,10418.0,267078.0,,,0.401481,-3.24558272,"6,936.99",338.12,5.12,2026-05-05 14:19:40
184,수자원(양적/질적 개선),-1.19,028050,삼성E&A,테마 편입 사유,55000.0,"상승  1,900",3.58,54900.0,55000.0,3029594.0,163859.0,1773468.0,,,0.401481,-3.24558272,"6,936.99",338.12,5.12,2026-05-05 14:19:40
184,수자원(양적/질적 개선),-1.19,102940,코오롱생명과학 *,테마 편입 사유,59600.0,"상승  1,000",1.71,59600.0,59900.0,31124.0,1892.0,26400.0,,,0.401481,-3.24558272,"6,936.99",338.12,5.12,2026-05-05 14:19:40
184,수자원(양적/질적 개선),-1.19,025320,시노펙스 *,테마 편입 사유,6030.0,상승  90,1.52,6030.0,6040.0,555549.0,3361.0,617983.0,,,0.401481,-3.24558272,"6,936.99",338.12,5.12,2026-05-05 14:19:40
184,수자원(양적/질적 개선),-1.19,079000,와토스코리아 *,테마 편입 사유,8000.0,상승  100,1.27,7910.0,8000.0,18823.0,148.0,21134.0,,,0.401481,-3.24558272,"6,936.99",338.12,5.12,2026-05-05 14:19:40
184,수자원(양적/질적 개선),-1.19,023350,한국종합기술,테마 편입 사유,5330.0,상승  50,0.95,5330.0,5340.0,65215.0,347.0,44565.0,,,0.401481,-3.24558272,"6,936.99",338.12,5.12,2026-05-05 14:19:40
184,수자원(양적/질적 개선),-1.19,021240,코웨이,테마 편입 사유,86700.0,상승  600,0.7,86700.0,86800.0,149229.0,12967.0,384403.0,,,0.401481,-3.24558272,"6,936.99",338.12,5.12,2026-05-05 14:19:40
184,수자원(양적/질적 개선),-1.19,009410,태영건설,테마 편입 사유,1972.0,상승  12,0.61,1971.0,1972.0,599361.0,1184.0,787962.0,,,0.401481,-3.24558272,"6,936.99",338.12,5.12,2026-05-05 14:19:40
184,수자원(양적/질적 개선),-1.19,034020,두산에너빌리티,테마 편입 사유,127200.0,상승  100,0.08,127200.0,127300.0,3214565.0,408045.0,3380571.0,,,0.401481,-3.24558272,"6,936.99",338.12,5.12,2026-05-05 14:19:40
184,수자원(양적/질적 개선),-1.19,054220,비츠로시스 *,테마 편입 사유,548.0,보합0,0.0,0.0,0.0,0.0,0.0,0.0,,,0.401481,-3.24558272,"6,936.99",338.12,5.12,2026-05-05 14:19:40
184,수자원(양적/질적 개선),-1.19,043910,자연과환경 *,테마 편입 사유,493.0,보합0,0.0,0.0,0.0,0.0,0.0,0.0,,,0.401481,-3.24558272,"6,936.99",338.12,5.12,2026-05-05 14:19:40
184,수자원(양적/질적 개선),-1.19,071090,하이스틸,테마 편입 사유,4610.0,하락  10,-0.22,4610.0,4635.0,496314.0,2300.0,1303657.0,,,0.401481,-3.24558272,"6,936.99",338.12,5.12,2026-05-05 14:19:40
184,수자원(양적/질적 개선),-1.19,032820,우리기술 *,테마 편입 사유,21550.0,하락  50,-0.23,21550.0,21600.0,7724609.0,167733.0,5021210.0,,,0.401481,-3.24558272,"6,936.99",338.12,5.12,2026-05-05 14:19:40
184,수자원(양적/질적 개선),-1.19,022220,티케이지애강 *,테마 편입 사유,890.0,하락  4,-0.45,890.0,891.0,104053.0,93.0,63278.0,,,0.401481,-3.24558272,"6,936.99",338.12,5.12,2026-05-05 14:19:40
184,수자원(양적/질적 개선),-1.19,000970,한국주철관,테마 편입 사유,7300.0,하락  50,-0.68,7300.0,7310.0,70415.0,514.0,53991.0,,,0.401481,-3.24558272,"6,936.99",338.12,5.12,2026-05-05 14:19:40
184,수자원(양적/질적 개선),-1.19,060260,뉴보텍 *,테마 편입 사유,1473.0,하락  13,-0.87,1465.0,1473.0,99393.0,147.0,52647.0,,,0.401481,-3.24558272,"6,936.99",338.12,5.12,2026-05-05 14:19:40
184,수자원(양적/질적 개선),-1.19,002990,금호건설,테마 편입 사유,5480.0,하락  50,-0.9,5470.0,5480.0,170539.0,922.0,162368.0,,,0.401481,-3.24558272,"6,936.99",338.12,5.12,2026-05-05 14:19:40
184,수자원(양적/질적 개선),-1.19,054930,유신 *,테마 편입 사유,25400.0,하락  300,-1.17,25400.0,25450.0,18880.0,481.0,19755.0,,,0.401481,-3.24558272,"6,936.99",338.12,5.12,2026-05-05 14:19:40
184,수자원(양적/질적 개선),-1.19,008970,KBI동양철관,테마 편입 사유,1860.0,하락  25,-1.33,1860.0,1862.0,2190121.0,4145.0,3021449.0,,,0.401481,-3.24558272,"6,936.99",338.12,5.12,2026-05-05 14:19:40
184,수자원(양적/질적 개선),-1.19,076080,웰크론한텍 *,테마 편입 사유,1234.0,하락  31,-2.45,1233.0,1234.0,112605.0,140.0,69307.0,,,0.401481,-3.24558272,"6,936.99",338.12,5.12,2026-05-05 14:19:40
184,수자원(양적/질적 개선),-1.19,002150,도화엔지니어링,테마 편입 사유,6940.0,하락  180,-2.53,6940.0,6950.0,191730.0,1345.0,157437.0,,,0.401481,-3.24558272,"6,936.99",338.12,5.12,2026-05-05 14:19:40
184,수자원(양적/질적 개선),-1.19,003070,코오롱글로벌,테마 편입 사유,11140.0,하락  310,-2.71,11110.0,11140.0,68426.0,767.0,49403.0,,,0.401481,-3.24558272,"6,936.99",338.12,5.12,2026-05-05 14:19:40
184,수자원(양적/질적 개선),-1.19,317870,엔바이오니아 *,테마 편입 사유,8110.0,하락  410,-4.81,8110.0,8140.0,52077.0,429.0,38861.0,,,0.401481,-3.24558272,"6,936.99",338.12,5.12,2026-05-05 14:19:40
184,수자원(양적/질적 개선),-1.19,006360,GS건설,테마 편입 사유,35950.0,"하락  2,100",-5.52,35950.0,36000.0,2961294.0,105682.0,4058929.0,,,0.401481,-3.24558272,"6,936.99",338.12,5.12,2026-05-05 14:19:40
184,수자원(양적/질적 개선),-1.19,001390,KG케미칼,테마 편입 사유,6550.0,하락  520,-7.36,6550.0,6560.0,2445490.0,16429.0,6762066.0,,,0.401481,-3.24558272,"6,936.99",338.12,5.12,2026-05-05 14:19:40
184,수자원(양적/질적 개선),-1.19,047040,대우건설,테마 편입 사유,32150.0,"하락  2,850",-8.14,32100.0,32150.0,26927939.0,863571.0,11755161.0,,,0.401481,-3.24558272,"6,936.99",338.12,5.12,2026-05-05 14:19:40
184,수자원(양적/질적 개선),-1.19,083660,CSA 코스믹 *,테마 편입 사유,393.0,하락  42,-9.66,393.0,394.0,2906374.0,1154.0,4231703.0,,,0.401481,-3.24558272,"6,936.99",338.12,5.12,2026-05-05 14:19:40
563,낙태/피임,-1.28,004310,현대약품,테마 편입 사유,8590.0,하락  30,-0.35,8590.0,8600.0,808441.0,7128.0,388366.0,,,0.373161,-3.19058432,"6,936.99",338.12,5.12,2026-05-05 14:19:40
563,낙태/피임,-1.28,017180,명문제약,테마 편입 사유,1776.0,하락  12,-0.67,1771.0,1776.0,111014.0,197.0,86756.0,,,0.373161,-3.19058432,"6,936.99",338.12,5.12,2026-05-05 14:19:40
563,낙태/피임,-1.28,204840,지엘팜텍 *,테마 편입 사유,1034.0,하락  11,-1.05,1033.0,1034.0,240023.0,249.0,110255.0,,,0.373161,-3.19058432,"6,936.99",338.12,5.12,2026-05-05 14:19:40
563,낙태/피임,-1.28,260660,알리코제약 *,테마 편입 사유,3510.0,하락  110,-3.04,3510.0,3515.0,54163.0,193.0,43764.0,,,0.373161,-3.19058432,"6,936.99",338.12,5.12,2026-05-05 14:19:40
165,은행,-0.77,279570,케이뱅크,테마 편입 사유,6290.0,상승  70,1.13,6290.0,6300.0,2700206.0,17156.0,1485617.0,,,0.44694,-3.0583328,"6,936.99",338.12,5.12,2026-05-05 14:19:40
165,은행,-0.77,139130,iM금융지주,테마 편입 사유,19300.0,상승  200,1.05,19260.0,19300.0,883120.0,16866.0,971810.0,,,0.44694,-3.0583328,"6,936.99",338.12,5.12,2026-05-05 14:19:40
165,은행,-0.77,323410,카카오뱅크,테마 편입 사유,24400.0,상승  50,0.21,24400.0,24450.0,973696.0,23893.0,767789.0,,,0.44694,-3.0583328,"6,936.99",338.12,5.12,2026-05-05 14:19:40
165,은행,-0.77,175330,JB금융지주,테마 편입 사유,27350.0,상승  50,0.18,27350.0,27400.0,321511.0,8756.0,425625.0,,,0.44694,-3.0583328,"6,936.99",338.12,5.12,2026-05-05 14:19:40
165,은행,-0.77,316140,우리금융지주,테마 편입 사유,33300.0,하락  50,-0.15,33300.0,33350.0,1907359.0,63676.0,2335356.0,,,0.44694,-3.0583328,"6,936.99",338.12,5.12,2026-05-05 14:19:40
165,은행,-0.77,086790,하나금융지주,테마 편입 사유,126600.0,"하락  1,300",-1.02,126500.0,126600.0,720564.0,91783.0,952860.0,,,0.44694,-3.0583328,"6,936.99",338.12,5.12,2026-05-05 14:19:40
165,은행,-0.77,006220,제주은행,테마 편입 사유,12470.0,하락  150,-1.19,12470.0,12480.0,199616.0,2515.0,107662.0,,,0.44694,-3.0583328,"6,936.99",338.12,5.12,2026-05-05 14:19:40
165,은행,-0.77,105560,KB금융,테마 편입 사유,157800.0,"하락  2,700",-1.68,157800.0,157900.0,1219686.0,193562.0,1640619.0,,,0.44694,-3.0583328,"6,936.99",338.12,5.12,2026-05-05 14:19:40
165,은행,-0.77,055550,신한지주,테마 편입 사유,98000.0,"하락  1,900",-1.9,98000.0,98100.0,1020203.0,100491.0,1660803.0,,,0.44694,-3.0583328,"6,936.99",338.12,5.12,2026-05-05 14:19:40
165,은행,-0.77,024110,기업은행,테마 편입 사유,22100.0,하락  500,-2.21,22050.0,22100.0,1322113.0,29422.0,1296670.0,,,0.44694,-3.0583328,"6,936.99",338.12,5.12,2026-05-05 14:19:40
165,은행,-0.77,138930,BNK금융지주,테마 편입 사유,18200.0,하락  530,-2.83,18180.0,18200.0,1373777.0,24996.0,960892.0,,,0.44694,-3.0583328,"6,936.99",338.12,5.12,2026-05-05 14:19:40
488,웹툰,-0.47,134580,탑코미디어 *,테마 편입 사유,1986.0,상승  62,3.22,1986.0,1994.0,336.0,1.0,373480.0,,,0.504862,-3.05489344,"6,936.99",338.12,5.12,2026-05-05 14:19:40
488,웹툰,-0.47,084180,수성웹툰 *,테마 편입 사유,1216.0,상승  25,2.1,1215.0,1216.0,768245.0,969.0,201680.0,,,0.504862,-3.05489344,"6,936.99",338.12,5.12,2026-05-05 14:19:40
488,웹툰,-0.47,201490,미투온 *,테마 편입 사유,3185.0,상승  15,0.47,3185.0,3195.0,311921.0,999.0,316571.0,,,0.504862,-3.05489344,"6,936.99",338.12,5.12,2026-05-05 14:19:40
488,웹툰,-0.47,417180,핑거스토리 *,테마 편입 사유,1579.0,보합0,0.0,0.0,0.0,0.0,0.0,0.0,,,0.504862,-3.05489344,"6,936.99",338.12,5.12,2026-05-05 14:19:40
488,웹툰,-0.47,035720,카카오,테마 편입 사유,47100.0,하락  200,-0.42,47050.0,47100.0,1520475.0,71746.0,1484406.0,,,0.504862,-3.05489344,"6,936.99",338.12,5.12,2026-05-05 14:19:40
488,웹툰,-0.47,236810,엔비티 *,테마 편입 사유,1954.0,하락  11,-0.56,1954.0,1955.0,43567.0,85.0,29916.0,,,0.504862,-3.05489344,"6,936.99",338.12,5.12,2026-05-05 14:19:40
488,웹툰,-0.47,048910,대원미디어 *,테마 편입 사유,7650.0,하락  50,-0.65,7640.0,7650.0,89636.0,689.0,36166.0,,,0.504862,-3.05489344,"6,936.99",338.12,5.12,2026-05-05 14:19:40
488,웹툰,-0.47,035420,NAVER,테마 편입 사유,209000.0,"하락  2,000",-0.95,208500.0,209000.0,875803.0,183333.0,1387029.0,,,0.504862,-3.05489344,"6,936.99",338.12,5.12,2026-05-05 14:19:40
488,웹툰,-0.47,181710,NHN,테마 편입 사유,40600.0,하락  400,-0.98,40600.0,40650.0,54596.0,2231.0,51749.0,,,0.504862,-3.05489344,"6,936.99",338.12,5.12,2026-05-05 14:19:40
488,웹툰,-0.47,263720,디앤씨미디어 *,테마 편입 사유,12120.0,하락  140,-1.14,12050.0,12120.0,23951.0,290.0,28127.0,,,0.504862,-3.05489344,"6,936.99",338.12,5.12,2026-05-05 14:19:40
488,웹툰,-0.47,020120,키다리스튜디오,테마 편입 사유,3830.0,하락  45,-1.16,3820.0,3830.0,121847.0,468.0,237163.0,,,0.504862,-3.05489344,"6,936.99",338.12,5.12,2026-05-05 14:19:40
488,웹툰,-0.47,239340,이스트에이드 *,테마 편입 사유,1448.0,하락  18,-1.23,1447.0,1448.0,37520.0,54.0,29044.0,,,0.504862,-3.05489344,"6,936.99",338.12,5.12,2026-05-05 14:19:40
488,웹툰,-0.47,067000,조이시티 *,테마 편입 사유,2410.0,하락  40,-1.63,2405.0,2410.0,653239.0,1601.0,263709.0,,,0.504862,-3.05489344,"6,936.99",338.12,5.12,2026-05-05 14:19:40
488,웹툰,-0.47,432430,와이랩 *,테마 편입 사유,3570.0,하락  70,-1.92,3570.0,3580.0,29297.0,104.0,39624.0,,,0.504862,-3.05489344,"6,936.99",338.12,5.12,2026-05-05 14:19:40
488,웹툰,-0.47,207760,미스터블루 *,테마 편입 사유,1003.0,하락  22,-2.15,1003.0,1004.0,367504.0,372.0,456970.0,,,0.504862,-3.05489344,"6,936.99",338.12,5.12,2026-05-05 14:19:40
401,원자력발전소 해체,1.09,042370,비츠로테크 *,테마 편입 사유,18280.0,"상승  1,330",7.85,18270.0,18280.0,2668480.0,50407.0,704473.0,,,0.808677,-3.05042624,"6,936.99",338.12,5.12,2026-05-05 14:19:40
401,원자력발전소 해체,1.09,046120,오르비텍 *,테마 편입 사유,12320.0,상승  690,5.93,12310.0,12320.0,7886.0,97.0,1073064.0,,,0.808677,-3.05042624,"6,936.99",338.12,5.12,2026-05-05 14:19:40
401,원자력발전소 해체,1.09,348350,위드텍 *,테마 편입 사유,11690.0,상승  640,5.79,11680.0,11690.0,107477.0,1253.0,58168.0,,,0.808677,-3.05042624,"6,936.99",338.12,5.12,2026-05-05 14:19:40
401,원자력발전소 해체,1.09,105840,우진,테마 편입 사유,28700.0,상승  650,2.32,28650.0,28700.0,1126436.0,32377.0,437820.0,,,0.808677,-3.05042624,"6,936.99",338.12,5.12,2026-05-05 14:19:40
401,원자력발전소 해체,1.09,096350,대창솔루션 *,테마 편입 사유,3100.0,상승  55,1.81,3100.0,3105.0,1277774.0,3995.0,779206.0,,,0.808677,-3.05042624,"6,936.99",338.12,5.12,2026-05-05 14:19:40
401,원자력발전소 해체,1.09,083650,비에이치아이 *,테마 편입 사유,99200.0,"상승  1,700",1.74,99200.0,99300.0,322879.0,32116.0,310867.0,,,0.808677,-3.05042624,"6,936.99",338.12,5.12,2026-05-05 14:19:40
401,원자력발전소 해체,1.09,034020,두산에너빌리티,테마 편입 사유,127200.0,상승  100,0.08,127200.0,127300.0,3214565.0,408045.0,3380571.0,,,0.808677,-3.05042624,"6,936.99",338.12,5.12,2026-05-05 14:19:40
401,원자력발전소 해체,1.09,136150,원일티엔아이 *,테마 편입 사유,18320.0,하락  30,-0.16,18320.0,18360.0,48562.0,891.0,63754.0,,,0.808677,-3.05042624,"6,936.99",338.12,5.12,2026-05-05 14:19:40
401,원자력발전소 해체,1.09,032820,우리기술 *,테마 편입 사유,21550.0,하락  50,-0.23,21550.0,21600.0,7724609.0,167733.0,5021210.0,,,0.808677,-3.05042624,"6,936.99",338.12,5.12,2026-05-05 14:19:40
401,원자력발전소 해체,1.09,103230,에스앤더블류 *,테마 편입 사유,4180.0,하락  20,-0.48,4125.0,4180.0,83531.0,346.0,112356.0,,,0.808677,-3.05042624,"6,936.99",338.12,5.12,2026-05-05 14:19:40
401,원자력발전소 해체,1.09,052690,한전기술,테마 편입 사유,186300.0,"하락  2,300",-1.22,186100.0,186300.0,169260.0,31491.0,160454.0,,,0.808677,-3.05042624,"6,936.99",338.12,5.12,2026-05-05 14:19:40
401,원자력발전소 해체,1.09,051600,한전KPS,테마 편입 사유,61400.0,하락  800,-1.29,61400.0,61500.0,232401.0,14336.0,220621.0,,,0.808677,-3.05042624,"6,936.99",338.12,5.12,2026-05-05 14:19:40
401,원자력발전소 해체,1.09,000720,현대건설,테마 편입 사유,159400.0,"하락  2,400",-1.48,159400.0,159500.0,1088761.0,172806.0,1239416.0,,,0.808677,-3.05042624,"6,936.99",338.12,5.12,2026-05-05 14:19:40
401,원자력발전소 해체,1.09,199430,케이엔알시스템 *,테마 편입 사유,25400.0,하락  500,-1.93,25350.0,25400.0,72298.0,1863.0,109778.0,,,0.808677,-3.05042624,"6,936.99",338.12,5.12,2026-05-05 14:19:40
401,원자력발전소 해체,1.09,098070,한텍 *,테마 편입 사유,46150.0,"하락  1,150",-2.43,46150.0,46200.0,120333.0,5565.0,116296.0,,,0.808677,-3.05042624,"6,936.99",338.12,5.12,2026-05-05 14:19:40
289,증강현실(AR),-0.4,418420,라온텍 *,테마 편입 사유,7280.0,상승  630,9.47,7280.0,7290.0,936880.0,6628.0,413629.0,,,0.514479,-3.0341324800000002,"6,936.99",338.12,5.12,2026-05-05 14:19:40
289,증강현실(AR),-0.4,038680,에스넷 *,테마 편입 사유,4785.0,상승  265,5.86,4785.0,4790.0,5068921.0,25693.0,177303.0,,,0.514479,-3.0341324800000002,"6,936.99",338.12,5.12,2026-05-05 14:19:40
289,증강현실(AR),-0.4,054210,이랜텍 *,테마 편입 사유,13210.0,상승  460,3.61,13210.0,13220.0,465793.0,6174.0,274401.0,,,0.514479,-3.0341324800000002,"6,936.99",338.12,5.12,2026-05-05 14:19:40
289,증강현실(AR),-0.4,452430,사피엔반도체 *,테마 편입 사유,43800.0,"상승  1,300",3.06,43800.0,43850.0,99760.0,4361.0,56549.0,,,0.514479,-3.0341324800000002,"6,936.99",338.12,5.12,2026-05-05 14:19:40
289,증강현실(AR),-0.4,078890,가온그룹 *,테마 편입 사유,6930.0,상승  190,2.82,6920.0,6930.0,502829.0,3457.0,459638.0,,,0.514479,-3.0341324800000002,"6,936.99",338.12,5.12,2026-05-05 14:19:40
289,증강현실(AR),-0.4,190510,나무가 *,테마 편입 사유,19380.0,상승  270,1.41,19380.0,19400.0,53051.0,1029.0,93133.0,,,0.514479,-3.0341324800000002,"6,936.99",338.12,5.12,2026-05-05 14:19:40
289,증강현실(AR),-0.4,054450,텔레칩스 *,테마 편입 사유,14440.0,상승  130,0.91,14440.0,14450.0,170665.0,2486.0,229914.0,,,0.514479,-3.0341324800000002,"6,936.99",338.12,5.12,2026-05-05 14:19:40
289,증강현실(AR),-0.4,084730,팅크웨어 *,테마 편입 사유,8730.0,상승  10,0.11,8710.0,8730.0,40397.0,348.0,34586.0,,,0.514479,-3.0341324800000002,"6,936.99",338.12,5.12,2026-05-05 14:19:40
289,증강현실(AR),-0.4,053450,세코닉스 *,테마 편입 사유,5620.0,보합0,0.0,5620.0,5660.0,247664.0,1400.0,1044516.0,,,0.514479,-3.0341324800000002,"6,936.99",338.12,5.12,2026-05-05 14:19:40
289,증강현실(AR),-0.4,064800,포니링크 *,테마 편입 사유,799.0,보합0,0.0,0.0,0.0,0.0,0.0,0.0,,,0.514479,-3.0341324800000002,"6,936.99",338.12,5.12,2026-05-05 14:19:40
289,증강현실(AR),-0.4,016670,디모아 *,테마 편입 사유,3885.0,하락  15,-0.38,3885.0,3890.0,24114.0,94.0,20980.0,,,0.514479,-3.0341324800000002,"6,936.99",338.12,5.12,2026-05-05 14:19:40
289,증강현실(AR),-0.4,438700,버넥트 *,테마 편입 사유,3345.0,하락  15,-0.45,3345.0,3360.0,41752.0,140.0,135333.0,,,0.514479,-3.0341324800000002,"6,936.99",338.12,5.12,2026-05-05 14:19:40
289,증강현실(AR),-0.4,299900,위지윅스튜디오 *,테마 편입 사유,408.0,하락  2,-0.49,408.0,410.0,343153.0,141.0,356098.0,,,0.514479,-3.0341324800000002,"6,936.99",338.12,5.12,2026-05-05 14:19:40
289,증강현실(AR),-0.4,036570,NC,테마 편입 사유,267500.0,"하락  3,000",-1.11,267000.0,267500.0,127840.0,34433.0,88748.0,,,0.514479,-3.0341324800000002,"6,936.99",338.12,5.12,2026-05-05 14:19:40
289,증강현실(AR),-0.4,431190,케이쓰리아이 *,테마 편입 사유,4675.0,하락  55,-1.16,4675.0,4680.0,46556.0,219.0,50589.0,,,0.514479,-3.0341324800000002,"6,936.99",338.12,5.12,2026-05-05 14:19:40
289,증강현실(AR),-0.4,274400,이노시뮬레이션 *,테마 편입 사유,3985.0,하락  75,-1.85,3985.0,4000.0,31545.0,126.0,7334.0,,,0.514479,-3.0341324800000002,"6,936.99",338.12,5.12,2026-05-05 14:19:40
289,증강현실(AR),-0.4,058630,엠게임 *,테마 편입 사유,5250.0,하락  110,-2.05,5250.0,5270.0,106163.0,562.0,39949.0,,,0.514479,-3.0341324800000002,"6,936.99",338.12,5.12,2026-05-05 14:19:40
289,증강현실(AR),-0.4,290520,신도기연 *,테마 편입 사유,2630.0,하락  95,-3.49,2615.0,2630.0,178324.0,467.0,214386.0,,,0.514479,-3.0341324800000002,"6,936.99",338.12,5.12,2026-05-05 14:19:40
289,증강현실(AR),-0.4,206560,덱스터 *,테마 편입 사유,2600.0,하락  110,-4.06,2600.0,2605.0,161758.0,425.0,130989.0,,,0.514479,-3.0341324800000002,"6,936.99",338.12,5.12,2026-05-05 14:19:40
289,증강현실(AR),-0.4,094170,동운아나텍 *,테마 편입 사유,48650.0,"하락  2,750",-5.35,48650.0,48800.0,297128.0,15213.0,412866.0,,,0.514479,-3.0341324800000002,"6,936.99",338.12,5.12,2026-05-05 14:19:40
289,증강현실(AR),-0.4,377030,비트맥스 *,테마 편입 사유,2905.0,하락  525,-15.31,2905.0,2915.0,1042794.0,3375.0,398353.0,,,0.514479,-3.0341324800000002,"6,936.99",338.12,5.12,2026-05-05 14:19:40
204,비료,-1.88,014580,태경비케이,테마 편입 사유,4835.0,상승  55,1.15,4835.0,4840.0,312257.0,1514.0,141560.0,,,0.222217,-3.01775104,"6,936.99",338.12,5.12,2026-05-05 14:19:40
204,비료,-1.88,097870,효성오앤비 *,테마 편입 사유,6780.0,상승  30,0.44,6770.0,6780.0,366589.0,2499.0,2499306.0,,,0.222217,-3.01775104,"6,936.99",338.12,5.12,2026-05-05 14:19:40
204,비료,-1.88,054050,농우바이오 *,테마 편입 사유,8100.0,상승  20,0.25,8090.0,8100.0,75427.0,610.0,73711.0,,,0.222217,-3.01775104,"6,936.99",338.12,5.12,2026-05-05 14:19:40
204,비료,-1.88,033250,체시스,테마 편입 사유,999.0,보합0,0.0,0.0,0.0,0.0,0.0,0.0,,,0.222217,-3.01775104,"6,936.99",338.12,5.12,2026-05-05 14:19:40
204,비료,-1.88,025860,남해화학,테마 편입 사유,11610.0,하락  130,-1.11,11600.0,11610.0,16358170.0,196405.0,45867078.0,,,0.222217,-3.01775104,"6,936.99",338.12,5.12,2026-05-05 14:19:40
204,비료,-1.88,001550,조비,테마 편입 사유,15650.0,하락  280,-1.76,15650.0,15680.0,367453.0,5811.0,3252839.0,,,0.222217,-3.01775104,"6,936.99",338.12,5.12,2026-05-05 14:19:40
204,비료,-1.88,332290,누보 *,테마 편입 사유,1357.0,하락  25,-1.81,1357.0,1358.0,1998.0,3.0,2093472.0,,,0.222217,-3.01775104,"6,936.99",338.12,5.12,2026-05-05 14:19:40
204,비료,-1.88,004000,롯데정밀화학,테마 편입 사유,66600.0,"하락  2,800",-4.03,66600.0,66700.0,160801.0,10818.0,155838.0,,,0.222217,-3.01775104,"6,936.99",338.12,5.12,2026-05-05 14:19:40
204,비료,-1.88,014830,유니드,테마 편입 사유,90500.0,"하락  4,300",-4.54,90500.0,90600.0,69039.0,6351.0,49918.0,,,0.222217,-3.01775104,"6,936.99",338.12,5.12,2026-05-05 14:19:40
204,비료,-1.88,001390,KG케미칼,테마 편입 사유,6550.0,하락  520,-7.36,6550.0,6560.0,2445490.0,16429.0,6762066.0,,,0.222217,-3.01775104,"6,936.99",338.12,5.12,2026-05-05 14:19:40
237,GTX(수도권 광역급행철도),-0.5,017510,세명전기 *,테마 편입 사유,15770.0,"상승  1,270",8.76,15760.0,15770.0,1453636.0,22445.0,8581243.0,,,0.491396,-3.01594752,"6,936.99",338.12,5.12,2026-05-05 14:19:40
237,GTX(수도권 광역급행철도),-0.5,046940,우원개발 *,테마 편입 사유,6100.0,상승  460,8.16,6100.0,6110.0,740467.0,4452.0,232266.0,,,0.491396,-3.01594752,"6,936.99",338.12,5.12,2026-05-05 14:19:40
237,GTX(수도권 광역급행철도),-0.5,045390,대아티아이 *,테마 편입 사유,4810.0,상승  260,5.71,4810.0,4815.0,1238.0,6.0,982449.0,,,0.491396,-3.01594752,"6,936.99",338.12,5.12,2026-05-05 14:19:40
237,GTX(수도권 광역급행철도),-0.5,028100,동아지질,테마 편입 사유,18520.0,상승  520,2.89,18520.0,18530.0,110445.0,2036.0,29423.0,,,0.491396,-3.01594752,"6,936.99",338.12,5.12,2026-05-05 14:19:40
237,GTX(수도권 광역급행철도),-0.5,017480,삼현철강 *,테마 편입 사유,5020.0,상승  40,0.8,4995.0,5020.0,111338.0,558.0,149252.0,,,0.491396,-3.01594752,"6,936.99",338.12,5.12,2026-05-05 14:19:40
237,GTX(수도권 광역급행철도),-0.5,009410,태영건설,테마 편입 사유,1972.0,상승  12,0.61,1971.0,1972.0,599361.0,1184.0,787962.0,,,0.491396,-3.01594752,"6,936.99",338.12,5.12,2026-05-05 14:19:40
237,GTX(수도권 광역급행철도),-0.5,026150,특수건설 *,테마 편입 사유,6790.0,상승  30,0.44,6780.0,6790.0,125811.0,854.0,96189.0,,,0.491396,-3.01594752,"6,936.99",338.12,5.12,2026-05-05 14:19:40
237,GTX(수도권 광역급행철도),-0.5,064350,현대로템,테마 편입 사유,269000.0,상승  500,0.19,268500.0,269000.0,1037071.0,273656.0,1479575.0,,,0.491396,-3.01594752,"6,936.99",338.12,5.12,2026-05-05 14:19:40
237,GTX(수도권 광역급행철도),-0.5,054220,비츠로시스 *,테마 편입 사유,548.0,보합0,0.0,0.0,0.0,0.0,0.0,0.0,,,0.491396,-3.01594752,"6,936.99",338.12,5.12,2026-05-05 14:19:40
237,GTX(수도권 광역급행철도),-0.5,097230,HJ중공업,테마 편입 사유,28800.0,하락  200,-0.69,28750.0,28800.0,1232413.0,35520.0,1981815.0,,,0.491396,-3.01594752,"6,936.99",338.12,5.12,2026-05-05 14:19:40
237,GTX(수도권 광역급행철도),-0.5,002990,금호건설,테마 편입 사유,5480.0,하락  50,-0.9,5470.0,5480.0,170539.0,922.0,162368.0,,,0.491396,-3.01594752,"6,936.99",338.12,5.12,2026-05-05 14:19:40
237,GTX(수도권 광역급행철도),-0.5,005960,동부건설,테마 편입 사유,9540.0,하락  90,-0.93,9520.0,9540.0,150868.0,1445.0,115847.0,,,0.491396,-3.01594752,"6,936.99",338.12,5.12,2026-05-05 14:19:40
237,GTX(수도권 광역급행철도),-0.5,001260,남광토건,테마 편입 사유,9780.0,하락  100,-1.01,9780.0,9830.0,37152.0,365.0,18397.0,,,0.491396,-3.01594752,"6,936.99",338.12,5.12,2026-05-05 14:19:40
237,GTX(수도권 광역급행철도),-0.5,039980,폴라리스AI *,테마 편입 사유,9200.0,하락  100,-1.08,9190.0,9200.0,1544590.0,14580.0,9743835.0,,,0.491396,-3.01594752,"6,936.99",338.12,5.12,2026-05-05 14:19:40
237,GTX(수도권 광역급행철도),-0.5,054930,유신 *,테마 편입 사유,25400.0,하락  300,-1.17,25400.0,25450.0,18880.0,481.0,19755.0,,,0.491396,-3.01594752,"6,936.99",338.12,5.12,2026-05-05 14:19:40
237,GTX(수도권 광역급행철도),-0.5,011370,서한 *,테마 편입 사유,1073.0,하락  13,-1.2,1073.0,1077.0,388941.0,421.0,176501.0,,,0.491396,-3.01594752,"6,936.99",338.12,5.12,2026-05-05 14:19:40
237,GTX(수도권 광역급행철도),-0.5,000720,현대건설,테마 편입 사유,159400.0,"하락  2,400",-1.48,159400.0,159500.0,1088761.0,172806.0,1239416.0,,,0.491396,-3.01594752,"6,936.99",338.12,5.12,2026-05-05 14:19:40
237,GTX(수도권 광역급행철도),-0.5,294870,IPARK현대산업개발,테마 편입 사유,22600.0,하락  350,-1.53,22550.0,22600.0,208149.0,4687.0,288846.0,,,0.491396,-3.01594752,"6,936.99",338.12,5.12,2026-05-05 14:19:40
237,GTX(수도권 광역급행철도),-0.5,002150,도화엔지니어링,테마 편입 사유,6940.0,하락  180,-2.53,6940.0,6950.0,191730.0,1345.0,157437.0,,,0.491396,-3.01594752,"6,936.99",338.12,5.12,2026-05-05 14:19:40
237,GTX(수도권 광역급행철도),-0.5,023410,유진기업 *,테마 편입 사유,3975.0,하락  110,-2.69,3975.0,3980.0,284626.0,1142.0,286220.0,,,0.491396,-3.01594752,"6,936.99",338.12,5.12,2026-05-05 14:19:40
237,GTX(수도권 광역급행철도),-0.5,014790,HL D&I,테마 편입 사유,3450.0,하락  100,-2.82,3450.0,3455.0,118680.0,413.0,104136.0,,,0.491396,-3.01594752,"6,936.99",338.12,5.12,2026-05-05 14:19:40
237,GTX(수도권 광역급행철도),-0.5,006360,GS건설,테마 편입 사유,35950.0,"하락  2,100",-5.52,35950.0,36000.0,2961294.0,105682.0,4058929.0,,,0.491396,-3.01594752,"6,936.99",338.12,5.12,2026-05-05 14:19:40
237,GTX(수도권 광역급행철도),-0.5,375500,DL이앤씨,테마 편입 사유,91300.0,"하락  7,700",-7.78,91300.0,91400.0,1916956.0,174461.0,1136537.0,,,0.491396,-3.01594752,"6,936.99",338.12,5.12,2026-05-05 14:19:40
237,GTX(수도권 광역급행철도),-0.5,047040,대우건설,테마 편입 사유,32150.0,"하락  2,850",-8.14,32100.0,32150.0,26927939.0,863571.0,11755161.0,,,0.491396,-3.01594752,"6,936.99",338.12,5.12,2026-05-05 14:19:40
99,지능형로봇/인공지능(AI),0.08,475400,씨메스로보틱스 *,테마 편입 사유,35900.0,"상승  3,700",11.49,35850.0,35900.0,229812.0,7880.0,123972.0,,,0.597165,-2.9774847999999996,"6,936.99",338.12,5.12,2026-05-05 14:19:40
99,지능형로봇/인공지능(AI),0.08,300120,라온피플 *,테마 편입 사유,1100.0,상승  83,8.16,1092.0,1100.0,3793966.0,4292.0,613753.0,,,0.597165,-2.9774847999999996,"6,936.99",338.12,5.12,2026-05-05 14:19:40
99,지능형로봇/인공지능(AI),0.08,189330,씨이랩 *,테마 편입 사유,7110.0,상승  490,7.4,7100.0,7110.0,363166.0,2538.0,273870.0,,,0.597165,-2.9774847999999996,"6,936.99",338.12,5.12,2026-05-05 14:19:40
99,지능형로봇/인공지능(AI),0.08,010820,퍼스텍,테마 편입 사유,14270.0,상승  770,5.7,14270.0,14280.0,1797341.0,24659.0,1367138.0,,,0.597165,-2.9774847999999996,"6,936.99",338.12,5.12,2026-05-05 14:19:40
99,지능형로봇/인공지능(AI),0.08,250060,모비스 *,테마 편입 사유,4820.0,상승  205,4.44,4815.0,4820.0,796996.0,3843.0,533158.0,,,0.597165,-2.9774847999999996,"6,936.99",338.12,5.12,2026-05-05 14:19:40
99,지능형로봇/인공지능(AI),0.08,143540,영우디에스피 *,테마 편입 사유,1400.0,상승  50,3.7,1397.0,1400.0,372465.0,520.0,339541.0,,,0.597165,-2.9774847999999996,"6,936.99",338.12,5.12,2026-05-05 14:19:40
99,지능형로봇/인공지능(AI),0.08,460940,피앤에스로보틱스 *,테마 편입 사유,8480.0,상승  300,3.67,8470.0,8480.0,114782.0,972.0,286838.0,,,0.597165,-2.9774847999999996,"6,936.99",338.12,5.12,2026-05-05 14:19:40
99,지능형로봇/인공지능(AI),0.08,012450,한화에어로스페이스,테마 편입 사유,1465000.0,"상승  48,000",3.39,1464000.0,1465000.0,195389.0,286177.0,236243.0,,,0.597165,-2.9774847999999996,"6,936.99",338.12,5.12,2026-05-05 14:19:40
99,지능형로봇/인공지능(AI),0.08,488280,에스투더블유 *,테마 편입 사유,26250.0,상승  800,3.14,26250.0,26300.0,3100.0,81.0,719124.0,,,0.597165,-2.9774847999999996,"6,936.99",338.12,5.12,2026-05-05 14:19:40
99,지능형로봇/인공지능(AI),0.08,463020,뉴엔AI *,테마 편입 사유,15180.0,상승  460,3.13,15180.0,15190.0,472398.0,7272.0,335552.0,,,0.597165,-2.9774847999999996,"6,936.99",338.12,5.12,2026-05-05 14:19:40
99,지능형로봇/인공지능(AI),0.08,033640,네패스 *,테마 편입 사유,32950.0,상승  950,2.97,32900.0,32950.0,379942.0,12412.0,288212.0,,,0.597165,-2.9774847999999996,"6,936.99",338.12,5.12,2026-05-05 14:19:40
99,지능형로봇/인공지능(AI),0.08,078890,가온그룹 *,테마 편입 사유,6930.0,상승  190,2.82,6920.0,6930.0,502829.0,3457.0,459638.0,,,0.597165,-2.9774847999999996,"6,936.99",338.12,5.12,2026-05-05 14:19:40
99,지능형로봇/인공지능(AI),0.08,444530,심플랫폼 *,테마 편입 사유,10320.0,상승  220,2.18,10320.0,10390.0,280516.0,2998.0,478011.0,,,0.597165,-2.9774847999999996,"6,936.99",338.12,5.12,2026-05-05 14:19:40
99,지능형로봇/인공지능(AI),0.08,291810,핀텔 *,테마 편입 사유,1915.0,상승  40,2.13,1913.0,1915.0,37387.0,71.0,54282.0,,,0.597165,-2.9774847999999996,"6,936.99",338.12,5.12,2026-05-05 14:19:40
99,지능형로봇/인공지능(AI),0.08,049480,오픈베이스 *,테마 편입 사유,3310.0,상승  65,2.0,3310.0,3315.0,1434732.0,4731.0,1638167.0,,,0.597165,-2.9774847999999996,"6,936.99",338.12,5.12,2026-05-05 14:19:40
99,지능형로봇/인공지능(AI),0.08,321820,아티스트컴퍼니 *,테마 편입 사유,4900.0,상승  95,1.98,4900.0,4925.0,142532.0,680.0,43576.0,,,0.597165,-2.9774847999999996,"6,936.99",338.12,5.12,2026-05-05 14:19:40
99,지능형로봇/인공지능(AI),0.08,466100,클로봇 *,테마 편입 사유,50800.0,상승  850,1.7,50800.0,50900.0,232541.0,11712.0,438587.0,,,0.597165,-2.9774847999999996,"6,936.99",338.12,5.12,2026-05-05 14:19:40
99,지능형로봇/인공지능(AI),0.08,066570,LG전자,테마 편입 사유,143200.0,"상승  2,300",1.63,143100.0,143200.0,1517270.0,216486.0,4601367.0,,,0.597165,-2.9774847999999996,"6,936.99",338.12,5.12,2026-05-05 14:19:40
99,지능형로봇/인공지능(AI),0.08,290660,다이나믹솔루션 *,테마 편입 사유,1159.0,상승  13,1.13,1159.0,1160.0,3388471.0,4076.0,1952669.0,,,0.597165,-2.9774847999999996,"6,936.99",338.12,5.12,2026-05-05 14:19:40
99,지능형로봇/인공지능(AI),0.08,217500,러셀 *,테마 편입 사유,2865.0,상승  30,1.06,2860.0,2865.0,315396.0,908.0,748022.0,,,0.597165,-2.9774847999999996,"6,936.99",338.12,5.12,2026-05-05 14:19:40
99,지능형로봇/인공지능(AI),0.08,056080,유진로봇 *,테마 편입 사유,26900.0,상승  250,0.94,26850.0,26900.0,613938.0,16774.0,879925.0,,,0.597165,-2.9774847999999996,"6,936.99",338.12,5.12,2026-05-05 14:19:40
99,지능형로봇/인공지능(AI),0.08,205100,엑셈 *,테마 편입 사유,1975.0,상승  18,0.92,1971.0,1975.0,12225.0,24.0,2648269.0,,,0.597165,-2.9774847999999996,"6,936.99",338.12,5.12,2026-05-05 14:19:40
99,지능형로봇/인공지능(AI),0.08,263800,데이타솔루션 *,테마 편입 사유,5410.0,상승  40,0.74,5410.0,5420.0,179673.0,973.0,220501.0,,,0.597165,-2.9774847999999996,"6,936.99",338.12,5.12,2026-05-05 14:19:40
99,지능형로봇/인공지능(AI),0.08,049950,미래컴퍼니 *,테마 편입 사유,16320.0,상승  120,0.74,16320.0,16390.0,70021.0,1161.0,55455.0,,,0.597165,-2.9774847999999996,"6,936.99",338.12,5.12,2026-05-05 14:19:40
99,지능형로봇/인공지능(AI),0.08,402030,코난테크놀로지 *,테마 편입 사유,20800.0,상승  150,0.73,20750.0,20800.0,31256.0,647.0,33116.0,,,0.597165,-2.9774847999999996,"6,936.99",338.12,5.12,2026-05-05 14:19:40
99,지능형로봇/인공지능(AI),0.08,219420,링크제니시스 *,테마 편입 사유,5110.0,상승  30,0.59,5100.0,5110.0,63395.0,324.0,60478.0,,,0.597165,-2.9774847999999996,"6,936.99",338.12,5.12,2026-05-05 14:19:40
99,지능형로봇/인공지능(AI),0.08,041460,한국전자인증 *,테마 편입 사유,4195.0,상승  20,0.48,4195.0,4200.0,82857.0,348.0,113465.0,,,0.597165,-2.9774847999999996,"6,936.99",338.12,5.12,2026-05-05 14:19:40
99,지능형로봇/인공지능(AI),0.08,018260,삼성에스디에스,테마 편입 사유,166900.0,상승  700,0.42,166900.0,167000.0,179036.0,29974.0,259977.0,,,0.597165,-2.9774847999999996,"6,936.99",338.12,5.12,2026-05-05 14:19:40
99,지능형로봇/인공지능(AI),0.08,452450,피아이이 *,테마 편입 사유,6920.0,상승  10,0.14,6920.0,6940.0,455775.0,3204.0,503808.0,,,0.597165,-2.9774847999999996,"6,936.99",338.12,5.12,2026-05-05 14:19:40
99,지능형로봇/인공지능(AI),0.08,389680,유디엠텍 *,테마 편입 사유,549.0,보합0,0.0,0.0,0.0,0.0,0.0,0.0,,,0.597165,-2.9774847999999996,"6,936.99",338.12,5.12,2026-05-05 14:19:40
99,지능형로봇/인공지능(AI),0.08,065370,위세아이텍 *,테마 편입 사유,5310.0,보합0,0.0,5310.0,5330.0,110931.0,595.0,26041.0,,,0.597165,-2.9774847999999996,"6,936.99",338.12,5.12,2026-05-05 14:19:40
99,지능형로봇/인공지능(AI),0.08,270660,에브리봇 *,테마 편입 사유,19140.0,하락  20,-0.1,19130.0,19140.0,50328.0,968.0,117642.0,,,0.597165,-2.9774847999999996,"6,936.99",338.12,5.12,2026-05-05 14:19:40
99,지능형로봇/인공지능(AI),0.08,117730,티로보틱스 *,테마 편입 사유,22650.0,하락  50,-0.22,22650.0,22700.0,322994.0,7402.0,601321.0,,,0.597165,-2.9774847999999996,"6,936.99",338.12,5.12,2026-05-05 14:19:40
99,지능형로봇/인공지능(AI),0.08,125490,한라캐스트 *,테마 편입 사유,17090.0,하락  40,-0.23,17090.0,17100.0,1114318.0,19352.0,1556303.0,,,0.597165,-2.9774847999999996,"6,936.99",338.12,5.12,2026-05-05 14:19:40
99,지능형로봇/인공지능(AI),0.08,290090,트윔 *,테마 편입 사유,6650.0,하락  20,-0.3,6640.0,6650.0,8355.0,56.0,12058.0,,,0.597165,-2.9774847999999996,"6,936.99",338.12,5.12,2026-05-05 14:19:40
99,지능형로봇/인공지능(AI),0.08,413640,비아이매트릭스 *,테마 편입 사유,8670.0,하락  30,-0.34,8630.0,8670.0,37391.0,323.0,50753.0,,,0.597165,-2.9774847999999996,"6,936.99",338.12,5.12,2026-05-05 14:19:40
99,지능형로봇/인공지능(AI),0.08,377480,마음AI *,테마 편입 사유,15780.0,하락  70,-0.44,15780.0,15880.0,100396.0,1606.0,114190.0,,,0.597165,-2.9774847999999996,"6,936.99",338.12,5.12,2026-05-05 14:19:40
99,지능형로봇/인공지능(AI),0.08,455900,엔젤로보틱스 *,테마 편입 사유,30200.0,하락  150,-0.49,30150.0,30200.0,68064.0,2068.0,169971.0,,,0.597165,-2.9774847999999996,"6,936.99",338.12,5.12,2026-05-05 14:19:40
99,지능형로봇/인공지능(AI),0.08,096250,와이즈넛 *,테마 편입 사유,11080.0,하락  70,-0.63,11080.0,11090.0,40160.0,447.0,41597.0,,,0.597165,-2.9774847999999996,"6,936.99",338.12,5.12,2026-05-05 14:19:40
99,지능형로봇/인공지능(AI),0.08,108860,셀바스AI *,테마 편입 사유,13040.0,하락  100,-0.76,13030.0,13040.0,287524.0,3778.0,507836.0,,,0.597165,-2.9774847999999996,"6,936.99",338.12,5.12,2026-05-05 14:19:40
99,지능형로봇/인공지능(AI),0.08,286940,롯데이노베이트,테마 편입 사유,22900.0,하락  200,-0.87,22900.0,22950.0,102089.0,2347.0,33220.0,,,0.597165,-2.9774847999999996,"6,936.99",338.12,5.12,2026-05-05 14:19:40
99,지능형로봇/인공지능(AI),0.08,419120,산돌 *,테마 편입 사유,4005.0,하락  35,-0.87,4005.0,4020.0,50517.0,204.0,43296.0,,,0.597165,-2.9774847999999996,"6,936.99",338.12,5.12,2026-05-05 14:19:40
99,지능형로봇/인공지능(AI),0.08,090710,휴림로봇 *,테마 편입 사유,12510.0,하락  110,-0.87,12510.0,12520.0,5473955.0,68119.0,10043004.0,,,0.597165,-2.9774847999999996,"6,936.99",338.12,5.12,2026-05-05 14:19:40
99,지능형로봇/인공지능(AI),0.08,108490,로보티즈 *,테마 편입 사유,313500.0,"하락  3,000",-0.95,313500.0,314000.0,203707.0,64518.0,311471.0,,,0.597165,-2.9774847999999996,"6,936.99",338.12,5.12,2026-05-05 14:19:40
99,지능형로봇/인공지능(AI),0.08,388720,유일로보틱스 *,테마 편입 사유,104000.0,"하락  1,100",-1.05,104000.0,104100.0,59019.0,6200.0,130332.0,,,0.597165,-2.9774847999999996,"6,936.99",338.12,5.12,2026-05-05 14:19:40
99,지능형로봇/인공지능(AI),0.08,239340,이스트에이드 *,테마 편입 사유,1448.0,하락  18,-1.23,1447.0,1448.0,37520.0,54.0,29044.0,,,0.597165,-2.9774847999999996,"6,936.99",338.12,5.12,2026-05-05 14:19:40
99,지능형로봇/인공지능(AI),0.08,215100,로보로보 *,테마 편입 사유,7700.0,하락  110,-1.41,7690.0,7700.0,755545.0,5894.0,5785248.0,,,0.597165,-2.9774847999999996,"6,936.99",338.12,5.12,2026-05-05 14:19:40
99,지능형로봇/인공지능(AI),0.08,304100,솔트룩스 *,테마 편입 사유,23050.0,하락  350,-1.5,23000.0,23050.0,82408.0,1924.0,76345.0,,,0.597165,-2.9774847999999996,"6,936.99",338.12,5.12,2026-05-05 14:19:40
99,지능형로봇/인공지능(AI),0.08,058970,엠로 *,테마 편입 사유,27800.0,하락  450,-1.59,27800.0,27900.0,33439.0,941.0,36730.0,,,0.597165,-2.9774847999999996,"6,936.99",338.12,5.12,2026-05-05 14:19:40
99,지능형로봇/인공지능(AI),0.08,060280,큐렉소 *,테마 편입 사유,16200.0,하락  280,-1.7,16200.0,16210.0,691716.0,11360.0,1139621.0,,,0.597165,-2.9774847999999996,"6,936.99",338.12,5.12,2026-05-05 14:19:40
99,지능형로봇/인공지능(AI),0.08,090360,로보스타 *,테마 편입 사유,71600.0,"하락  1,300",-1.78,71600.0,71700.0,80705.0,5854.0,158548.0,,,0.597165,-2.9774847999999996,"6,936.99",338.12,5.12,2026-05-05 14:19:40
99,지능형로봇/인공지능(AI),0.08,303530,이노뎁 *,테마 편입 사유,4900.0,하락  100,-2.0,4900.0,4905.0,44595.0,221.0,31482.0,,,0.597165,-2.9774847999999996,"6,936.99",338.12,5.12,2026-05-05 14:19:40
99,지능형로봇/인공지능(AI),0.08,486990,노타 *,테마 편입 사유,34700.0,하락  750,-2.12,34650.0,34700.0,319765.0,11024.0,323974.0,,,0.597165,-2.9774847999999996,"6,936.99",338.12,5.12,2026-05-05 14:19:40
99,지능형로봇/인공지능(AI),0.08,301300,바이브컴퍼니 *,테마 편입 사유,2710.0,하락  60,-2.17,2700.0,2710.0,46525.0,126.0,43446.0,,,0.597165,-2.9774847999999996,"6,936.99",338.12,5.12,2026-05-05 14:19:40
99,지능형로봇/인공지능(AI),0.08,355390,크라우드웍스 *,테마 편입 사유,3345.0,하락  80,-2.34,3345.0,3365.0,217027.0,741.0,182320.0,,,0.597165,-2.9774847999999996,"6,936.99",338.12,5.12,2026-05-05 14:19:40
99,지능형로봇/인공지능(AI),0.08,175140,휴먼테크놀로지 *,테마 편입 사유,3875.0,하락  95,-2.39,3870.0,3875.0,129864.0,500.0,97499.0,,,0.597165,-2.9774847999999996,"6,936.99",338.12,5.12,2026-05-05 14:19:40
99,지능형로봇/인공지능(AI),0.08,099440,스맥 *,테마 편입 사유,4305.0,하락  125,-2.82,4300.0,4305.0,1216189.0,5245.0,1068771.0,,,0.597165,-2.9774847999999996,"6,936.99",338.12,5.12,2026-05-05 14:19:40
99,지능형로봇/인공지능(AI),0.08,340810,시선AI *,테마 편입 사유,3235.0,하락  100,-3.0,3235.0,3240.0,653301.0,2147.0,6217308.0,,,0.597165,-2.9774847999999996,"6,936.99",338.12,5.12,2026-05-05 14:19:40
99,지능형로봇/인공지능(AI),0.08,099390,브레인즈컴퍼니 *,테마 편입 사유,4560.0,하락  150,-3.18,4560.0,4595.0,31836.0,147.0,11320.0,,,0.597165,-2.9774847999999996,"6,936.99",338.12,5.12,2026-05-05 14:19:40
99,지능형로봇/인공지능(AI),0.08,098460,고영 *,테마 편입 사유,38950.0,"하락  1,300",-3.23,38950.0,39000.0,3564001.0,140106.0,3331834.0,,,0.597165,-2.9774847999999996,"6,936.99",338.12,5.12,2026-05-05 14:19:40
99,지능형로봇/인공지능(AI),0.08,148780,비큐AI *,테마 편입 사유,1241.0,하락  44,-3.42,1234.0,1241.0,326423.0,410.0,2336333.0,,,0.597165,-2.9774847999999996,"6,936.99",338.12,5.12,2026-05-05 14:19:40
99,지능형로봇/인공지능(AI),0.08,299170,더블유에스아이 *,테마 편입 사유,2320.0,하락  115,-4.72,2315.0,2320.0,1346459.0,3188.0,395035.0,,,0.597165,-2.9774847999999996,"6,936.99",338.12,5.12,2026-05-05 14:19:40
99,지능형로봇/인공지능(AI),0.08,347860,알체라 *,테마 편입 사유,2525.0,하락  175,-6.48,2525.0,2530.0,2043.0,5.0,801176.0,,,0.597165,-2.9774847999999996,"6,936.99",338.12,5.12,2026-05-05 14:19:40
99,지능형로봇/인공지능(AI),0.08,417860,오브젠 *,테마 편입 사유,10700.0,하락  920,-7.92,10700.0,10770.0,127118.0,1398.0,104464.0,,,0.597165,-2.9774847999999996,"6,936.99",338.12,5.12,2026-05-05 14:19:40
99,지능형로봇/인공지능(AI),0.08,288980,모아데이타 *,테마 편입 사유,1210.0,하락  156,-11.42,1208.0,1210.0,2516184.0,3101.0,670444.0,,,0.597165,-2.9774847999999996,"6,936.99",338.12,5.12,2026-05-05 14:19:40
452,코로나19(음압병실/음압구급차),-0.51,053080,케이엔솔 *,테마 편입 사유,14580.0,상승  650,4.67,14580.0,14590.0,577127.0,8617.0,344946.0,,,0.477986,-2.95728832,"6,936.99",338.12,5.12,2026-05-05 14:19:40
452,코로나19(음압병실/음압구급차),-0.51,011930,신성이엔지,테마 편입 사유,3995.0,보합0,0.0,0.0,0.0,0.0,0.0,0.0,,,0.477986,-2.95728832,"6,936.99",338.12,5.12,2026-05-05 14:19:40
452,코로나19(음압병실/음압구급차),-0.51,215380,우정바이오 *,테마 편입 사유,2875.0,하락  15,-0.52,2875.0,2880.0,192718.0,543.0,146432.0,,,0.477986,-2.95728832,"6,936.99",338.12,5.12,2026-05-05 14:19:40
452,코로나19(음압병실/음압구급차),-0.51,067170,오텍 *,테마 편입 사유,2630.0,하락  25,-0.94,2630.0,2635.0,451881.0,1212.0,355204.0,,,0.477986,-2.95728832,"6,936.99",338.12,5.12,2026-05-05 14:19:40
452,코로나19(음압병실/음압구급차),-0.51,067570,엔브이에이치코리아 *,테마 편입 사유,2165.0,하락  35,-1.59,2165.0,2170.0,159456.0,348.0,95821.0,,,0.477986,-2.95728832,"6,936.99",338.12,5.12,2026-05-05 14:19:40
452,코로나19(음압병실/음압구급차),-0.51,109610,에스와이 *,테마 편입 사유,2915.0,하락  75,-2.51,2910.0,2915.0,350716.0,1035.0,250635.0,,,0.477986,-2.95728832,"6,936.99",338.12,5.12,2026-05-05 14:19:40
452,코로나19(음압병실/음압구급차),-0.51,130500,GH신소재 *,테마 편입 사유,2520.0,하락  70,-2.7,2520.0,2525.0,63330.0,162.0,23315.0,,,0.477986,-2.95728832,"6,936.99",338.12,5.12,2026-05-05 14:19:40
520,피팅(관이음쇠)/밸브,1.39,025550,한국선재 *,테마 편입 사유,4630.0,상승  375,8.81,4620.0,4630.0,2630793.0,12103.0,3104901.0,,,0.824895,-2.833462400000001,"6,936.99",338.12,5.12,2026-05-05 14:19:40
520,피팅(관이음쇠)/밸브,1.39,073010,케이에스피 *,테마 편입 사유,6190.0,상승  320,5.45,6180.0,6190.0,1524237.0,9408.0,1173848.0,,,0.824895,-2.833462400000001,"6,936.99",338.12,5.12,2026-05-05 14:19:40
520,피팅(관이음쇠)/밸브,1.39,013030,하이록코리아 *,테마 편입 사유,46150.0,"상승  2,000",4.53,46100.0,46150.0,115824.0,5301.0,91765.0,,,0.824895,-2.833462400000001,"6,936.99",338.12,5.12,2026-05-05 14:19:40
520,피팅(관이음쇠)/밸브,1.39,014620,성광벤드 *,테마 편입 사유,46500.0,상승  100,0.22,46450.0,46500.0,201352.0,9369.0,289970.0,,,0.824895,-2.833462400000001,"6,936.99",338.12,5.12,2026-05-05 14:19:40
520,피팅(관이음쇠)/밸브,1.39,086670,비엠티 *,테마 편입 사유,17800.0,상승  10,0.06,17800.0,17830.0,83845.0,1480.0,104316.0,,,0.824895,-2.833462400000001,"6,936.99",338.12,5.12,2026-05-05 14:19:40
520,피팅(관이음쇠)/밸브,1.39,023160,태광 *,테마 편입 사유,46000.0,하락  50,-0.11,45850.0,46000.0,224901.0,10243.0,246559.0,,,0.824895,-2.833462400000001,"6,936.99",338.12,5.12,2026-05-05 14:19:40
520,피팅(관이음쇠)/밸브,1.39,039610,화성밸브 *,테마 편입 사유,9620.0,하락  30,-0.31,9620.0,9660.0,158906.0,1537.0,359513.0,,,0.824895,-2.833462400000001,"6,936.99",338.12,5.12,2026-05-05 14:19:40
520,피팅(관이음쇠)/밸브,1.39,105740,디케이락 *,테마 편입 사유,10750.0,하락  50,-0.46,10740.0,10750.0,143967.0,1553.0,167531.0,,,0.824895,-2.833462400000001,"6,936.99",338.12,5.12,2026-05-05 14:19:40
520,피팅(관이음쇠)/밸브,1.39,452280,한선엔지니어링 *,테마 편입 사유,20750.0,"하락  1,250",-5.68,20700.0,20750.0,627122.0,13140.0,1160735.0,,,0.824895,-2.833462400000001,"6,936.99",338.12,5.12,2026-05-05 14:19:40
44,시멘트/레미콘,-1.99,011390,부산산업,테마 편입 사유,76800.0,"상승  2,700",3.64,76800.0,76900.0,11966.0,926.0,3604.0,,,0.161184,-2.81526208,"6,936.99",338.12,5.12,2026-05-05 14:19:40
44,시멘트/레미콘,-1.99,006920,모헨즈 *,테마 편입 사유,5030.0,상승  115,2.34,5030.0,5040.0,143898.0,714.0,151304.0,,,0.161184,-2.81526208,"6,936.99",338.12,5.12,2026-05-05 14:19:40
44,시멘트/레미콘,-1.99,004980,성신양회,테마 편입 사유,11530.0,상승  100,0.87,11520.0,11530.0,196866.0,2271.0,197792.0,,,0.161184,-2.81526208,"6,936.99",338.12,5.12,2026-05-05 14:19:40
44,시멘트/레미콘,-1.99,001520,동양,테마 편입 사유,803.0,하락  1,-0.12,801.0,803.0,774143.0,618.0,735947.0,,,0.161184,-2.81526208,"6,936.99",338.12,5.12,2026-05-05 14:19:40
44,시멘트/레미콘,-1.99,000910,유니온,테마 편입 사유,4500.0,하락  20,-0.44,4500.0,4505.0,128985.0,583.0,120956.0,,,0.161184,-2.81526208,"6,936.99",338.12,5.12,2026-05-05 14:19:40
44,시멘트/레미콘,-1.99,183190,아세아시멘트,테마 편입 사유,11660.0,하락  70,-0.6,11650.0,11660.0,82464.0,963.0,95518.0,,,0.161184,-2.81526208,"6,936.99",338.12,5.12,2026-05-05 14:19:40
44,시멘트/레미콘,-1.99,300720,한일시멘트,테마 편입 사유,17300.0,하락  150,-0.86,17260.0,17300.0,109586.0,1892.0,219388.0,,,0.161184,-2.81526208,"6,936.99",338.12,5.12,2026-05-05 14:19:40
44,시멘트/레미콘,-1.99,079650,서산 *,테마 편입 사유,1285.0,하락  15,-1.15,1285.0,1288.0,43499.0,56.0,37773.0,,,0.161184,-2.81526208,"6,936.99",338.12,5.12,2026-05-05 14:19:40
44,시멘트/레미콘,-1.99,037760,쎄니트 *,테마 편입 사유,2325.0,하락  40,-1.69,2320.0,2325.0,34624.0,80.0,42056.0,,,0.161184,-2.81526208,"6,936.99",338.12,5.12,2026-05-05 14:19:40
44,시멘트/레미콘,-1.99,255220,SG *,테마 편입 사유,2590.0,하락  55,-2.08,2590.0,2595.0,1988030.0,5214.0,2159922.0,,,0.161184,-2.81526208,"6,936.99",338.12,5.12,2026-05-05 14:19:40
44,시멘트/레미콘,-1.99,023410,유진기업 *,테마 편입 사유,3975.0,하락  110,-2.69,3975.0,3980.0,284626.0,1142.0,286220.0,,,0.161184,-2.81526208,"6,936.99",338.12,5.12,2026-05-05 14:19:40
44,시멘트/레미콘,-1.99,038500,삼표시멘트 *,테마 편입 사유,16290.0,하락  640,-3.78,16290.0,16300.0,4092.0,67.0,2427764.0,,,0.161184,-2.81526208,"6,936.99",338.12,5.12,2026-05-05 14:19:40
44,시멘트/레미콘,-1.99,198440,강동씨앤엘 *,테마 편입 사유,1145.0,하락  50,-4.18,1145.0,1149.0,123181.0,143.0,52868.0,,,0.161184,-2.81526208,"6,936.99",338.12,5.12,2026-05-05 14:19:40
44,시멘트/레미콘,-1.99,060560,HC홈센타 *,테마 편입 사유,3505.0,하락  360,-9.31,3500.0,3505.0,156776.0,573.0,131785.0,,,0.161184,-2.81526208,"6,936.99",338.12,5.12,2026-05-05 14:19:40
44,시멘트/레미콘,-1.99,225530,HC보광산업 *,테마 편입 사유,3500.0,하락  380,-9.79,3500.0,3505.0,222563.0,808.0,89680.0,,,0.161184,-2.81526208,"6,936.99",338.12,5.12,2026-05-05 14:19:40
180,석유화학,-0.3,051910,LG화학,테마 편입 사유,429000.0,"상승  32,000",8.06,429000.0,429500.0,609933.0,259149.0,283039.0,,,0.490725,-2.812512,"6,936.99",338.12,5.12,2026-05-05 14:19:40
180,석유화학,-0.3,011790,SKC,테마 편입 사유,124000.0,"상승  6,000",5.08,124000.0,124100.0,702550.0,86741.0,338644.0,,,0.490725,-2.812512,"6,936.99",338.12,5.12,2026-05-05 14:19:40
180,석유화학,-0.3,005950,이수화학,테마 편입 사유,11270.0,상승  140,1.26,11260.0,11270.0,1366789.0,15523.0,1874657.0,,,0.490725,-2.812512,"6,936.99",338.12,5.12,2026-05-05 14:19:40
180,석유화학,-0.3,285130,SK케미칼,테마 편입 사유,59700.0,상승  300,0.51,59600.0,59700.0,40933.0,2443.0,105425.0,,,0.490725,-2.812512,"6,936.99",338.12,5.12,2026-05-05 14:19:40
180,석유화학,-0.3,003240,태광산업,테마 편입 사유,1190000.0,보합0,0.0,1190000.0,1192000.0,1327.0,1585.0,2082.0,,,0.490725,-2.812512,"6,936.99",338.12,5.12,2026-05-05 14:19:40
180,석유화학,-0.3,083420,그린케미칼,테마 편입 사유,6250.0,하락  10,-0.16,6250.0,6270.0,89749.0,565.0,109742.0,,,0.490725,-2.812512,"6,936.99",338.12,5.12,2026-05-05 14:19:40
180,석유화학,-0.3,025000,KPX케미칼,테마 편입 사유,54100.0,하락  100,-0.18,54000.0,54100.0,3788.0,204.0,8642.0,,,0.490725,-2.812512,"6,936.99",338.12,5.12,2026-05-05 14:19:40
180,석유화학,-0.3,120110,코오롱인더,테마 편입 사유,93800.0,하락  300,-0.32,93800.0,93900.0,423002.0,39275.0,501759.0,,,0.490725,-2.812512,"6,936.99",338.12,5.12,2026-05-05 14:19:40
180,석유화학,-0.3,096770,SK이노베이션,테마 편입 사유,145700.0,하락  500,-0.34,145600.0,145700.0,1202954.0,177828.0,1134227.0,,,0.490725,-2.812512,"6,936.99",338.12,5.12,2026-05-05 14:19:40
180,석유화학,-0.3,006650,대한유화,테마 편입 사유,179900.0,"하락  1,200",-0.66,179800.0,179900.0,77658.0,14032.0,101114.0,,,0.490725,-2.812512,"6,936.99",338.12,5.12,2026-05-05 14:19:40
180,석유화학,-0.3,102260,동성케미컬,테마 편입 사유,4370.0,하락  30,-0.68,4365.0,4370.0,208027.0,912.0,200981.0,,,0.490725,-2.812512,"6,936.99",338.12,5.12,2026-05-05 14:19:40
180,석유화학,-0.3,145990,삼양사,테마 편입 사유,47700.0,하락  500,-1.04,47500.0,47700.0,8215.0,392.0,10561.0,,,0.490725,-2.812512,"6,936.99",338.12,5.12,2026-05-05 14:19:40
180,석유화학,-0.3,011780,금호석유화학,테마 편입 사유,144400.0,"하락  2,200",-1.5,144000.0,144400.0,99316.0,14403.0,164317.0,,,0.490725,-2.812512,"6,936.99",338.12,5.12,2026-05-05 14:19:40
180,석유화학,-0.3,009830,한화솔루션,테마 편입 사유,49900.0,하락  800,-1.58,49900.0,49950.0,3652895.0,182972.0,11898592.0,,,0.490725,-2.812512,"6,936.99",338.12,5.12,2026-05-05 14:19:40
180,석유화학,-0.3,161000,애경케미칼,테마 편입 사유,15110.0,하락  420,-2.7,15110.0,15120.0,466499.0,7115.0,735365.0,,,0.490725,-2.812512,"6,936.99",338.12,5.12,2026-05-05 14:19:40
180,석유화학,-0.3,104480,티케이케미칼 *,테마 편입 사유,2630.0,하락  110,-4.01,2625.0,2630.0,2576281.0,6902.0,9720078.0,,,0.490725,-2.812512,"6,936.99",338.12,5.12,2026-05-05 14:19:40
180,석유화학,-0.3,011170,롯데케미칼,테마 편입 사유,106200.0,"하락  7,700",-6.76,106200.0,106300.0,540596.0,58797.0,502782.0,,,0.490725,-2.812512,"6,936.99",338.12,5.12,2026-05-05 14:19:40
597,오가노이드,-0.22,475960,토모큐브 *,테마 편입 사유,58600.0,"상승  2,800",5.02,58500.0,58600.0,127542.0,7456.0,99456.0,,,0.5,-2.7800000000000002,"6,936.99",338.12,5.12,2026-05-05 14:19:40
597,오가노이드,-0.22,207940,삼성바이오로직스,테마 편입 사유,1485000.0,"상승  15,000",1.02,1484000.0,1485000.0,91513.0,134563.0,44538.0,,,0.5,-2.7800000000000002,"6,936.99",338.12,5.12,2026-05-05 14:19:40
597,오가노이드,-0.22,217730,강스템바이오텍 *,테마 편입 사유,3970.0,하락  25,-0.63,3965.0,3970.0,1185822.0,4707.0,918491.0,,,0.5,-2.7800000000000002,"6,936.99",338.12,5.12,2026-05-05 14:19:40
597,오가노이드,-0.22,068330,일신바이오 *,테마 편입 사유,1537.0,하락  18,-1.16,1537.0,1538.0,200255.0,311.0,245463.0,,,0.5,-2.7800000000000002,"6,936.99",338.12,5.12,2026-05-05 14:19:40
597,오가노이드,-0.22,223250,드림씨아이에스 *,테마 편입 사유,4885.0,하락  65,-1.31,4880.0,4885.0,100689.0,491.0,99779.0,,,0.5,-2.7800000000000002,"6,936.99",338.12,5.12,2026-05-05 14:19:40
597,오가노이드,-0.22,246710,티앤알바이오팹 *,테마 편입 사유,2920.0,하락  40,-1.35,2920.0,2930.0,286527.0,849.0,297078.0,,,0.5,-2.7800000000000002,"6,936.99",338.12,5.12,2026-05-05 14:19:40
597,오가노이드,-0.22,001060,JW중외제약,테마 편입 사유,30700.0,하락  500,-1.6,30650.0,30700.0,67936.0,2097.0,49129.0,,,0.5,-2.7800000000000002,"6,936.99",338.12,5.12,2026-05-05 14:19:40
597,오가노이드,-0.22,476040,오가노이드사이언스 *,테마 편입 사유,22000.0,하락  400,-1.79,21950.0,22000.0,58301.0,1298.0,44042.0,,,0.5,-2.7800000000000002,"6,936.99",338.12,5.12,2026-05-05 14:19:40
376,유전자 치료제/분석,-1.47,199800,툴젠 *,테마 편입 사유,92500.0,"상승  9,000",10.78,92500.0,92800.0,56806.0,5266.0,47676.0,,,0.255605,-2.7786976,"6,936.99",338.12,5.12,2026-05-05 14:19:40
376,유전자 치료제/분석,-1.47,127120,제이에스링크 *,테마 편입 사유,44100.0,"상승  3,300",8.09,44050.0,44100.0,240920.0,10428.0,131763.0,,,0.255605,-2.7786976,"6,936.99",338.12,5.12,2026-05-05 14:19:40
376,유전자 치료제/분석,-1.47,314130,지놈앤컴퍼니 *,테마 편입 사유,7340.0,상승  280,3.97,7330.0,7340.0,463578.0,3385.0,657104.0,,,0.255605,-2.7786976,"6,936.99",338.12,5.12,2026-05-05 14:19:40
376,유전자 치료제/분석,-1.47,461030,아이엠비디엑스 *,테마 편입 사유,7140.0,상승  180,2.59,7110.0,7140.0,53301.0,380.0,35090.0,,,0.255605,-2.7786976,"6,936.99",338.12,5.12,2026-05-05 14:19:40
376,유전자 치료제/분석,-1.47,102940,코오롱생명과학 *,테마 편입 사유,59600.0,"상승  1,000",1.71,59600.0,59900.0,31124.0,1892.0,26400.0,,,0.255605,-2.7786976,"6,936.99",338.12,5.12,2026-05-05 14:19:40
376,유전자 치료제/분석,-1.47,084990,헬릭스미스 *,테마 편입 사유,8730.0,상승  110,1.28,8720.0,8730.0,283498.0,2447.0,306820.0,,,0.255605,-2.7786976,"6,936.99",338.12,5.12,2026-05-05 14:19:40
376,유전자 치료제/분석,-1.47,354200,엔젠바이오 *,테마 편입 사유,1170.0,상승  11,0.95,1160.0,1170.0,388323.0,446.0,582726.0,,,0.255605,-2.7786976,"6,936.99",338.12,5.12,2026-05-05 14:19:40
376,유전자 치료제/분석,-1.47,311690,CJ 바이오사이언스 *,테마 편입 사유,7840.0,상승  50,0.64,7780.0,7840.0,33051.0,256.0,32217.0,,,0.255605,-2.7786976,"6,936.99",338.12,5.12,2026-05-05 14:19:40
376,유전자 치료제/분석,-1.47,226330,신테카바이오 *,테마 편입 사유,3180.0,상승  10,0.32,3160.0,3180.0,257235.0,821.0,123622.0,,,0.255605,-2.7786976,"6,936.99",338.12,5.12,2026-05-05 14:19:40
376,유전자 치료제/분석,-1.47,006280,녹십자,테마 편입 사유,137500.0,상승  400,0.29,137400.0,137500.0,26719.0,3675.0,41178.0,,,0.255605,-2.7786976,"6,936.99",338.12,5.12,2026-05-05 14:19:40
376,유전자 치료제/분석,-1.47,046210,HLB파나진 *,테마 편입 사유,2125.0,보합0,0.0,2125.0,2130.0,269333.0,583.0,229813.0,,,0.255605,-2.7786976,"6,936.99",338.12,5.12,2026-05-05 14:19:40
376,유전자 치료제/분석,-1.47,038290,마크로젠 *,테마 편입 사유,16220.0,보합0,0.0,16220.0,16230.0,39546.0,646.0,26906.0,,,0.255605,-2.7786976,"6,936.99",338.12,5.12,2026-05-05 14:19:40
376,유전자 치료제/분석,-1.47,096530,씨젠 *,테마 편입 사유,24500.0,하락  50,-0.2,24500.0,24550.0,150016.0,3710.0,206224.0,,,0.255605,-2.7786976,"6,936.99",338.12,5.12,2026-05-05 14:19:40
376,유전자 치료제/분석,-1.47,476830,알지노믹스 *,테마 편입 사유,174500.0,"하락  1,400",-0.8,174500.0,174600.0,175840.0,31300.0,217273.0,,,0.255605,-2.7786976,"6,936.99",338.12,5.12,2026-05-05 14:19:40
376,유전자 치료제/분석,-1.47,225220,제놀루션 *,테마 편입 사유,1870.0,하락  18,-0.95,1865.0,1870.0,133507.0,249.0,181875.0,,,0.255605,-2.7786976,"6,936.99",338.12,5.12,2026-05-05 14:19:40
376,유전자 치료제/분석,-1.47,389030,지니너스 *,테마 편입 사유,4880.0,하락  80,-1.61,4880.0,4885.0,650162.0,3175.0,569142.0,,,0.255605,-2.7786976,"6,936.99",338.12,5.12,2026-05-05 14:19:40
376,유전자 치료제/분석,-1.47,092040,아미코젠 *,테마 편입 사유,1778.0,하락  34,-1.88,1778.0,1780.0,678474.0,1200.0,664351.0,,,0.255605,-2.7786976,"6,936.99",338.12,5.12,2026-05-05 14:19:40
376,유전자 치료제/분석,-1.47,456070,이엔셀 *,테마 편입 사유,15260.0,하락  320,-2.05,15250.0,15260.0,70114.0,1085.0,100924.0,,,0.255605,-2.7786976,"6,936.99",338.12,5.12,2026-05-05 14:19:40
376,유전자 치료제/분석,-1.47,950130,엑세스바이오 *,테마 편입 사유,3340.0,하락  75,-2.2,3340.0,3345.0,93921.0,318.0,39016.0,,,0.255605,-2.7786976,"6,936.99",338.12,5.12,2026-05-05 14:19:40
376,유전자 치료제/분석,-1.47,340450,지씨지놈 *,테마 편입 사유,8270.0,하락  200,-2.36,8260.0,8270.0,371642.0,3113.0,282485.0,,,0.255605,-2.7786976,"6,936.99",338.12,5.12,2026-05-05 14:19:40
376,유전자 치료제/분석,-1.47,066700,테라젠이텍스 *,테마 편입 사유,2960.0,하락  75,-2.47,2960.0,2975.0,209939.0,629.0,75845.0,,,0.255605,-2.7786976,"6,936.99",338.12,5.12,2026-05-05 14:19:40
376,유전자 치료제/분석,-1.47,950200,소마젠 *,테마 편입 사유,3535.0,하락  90,-2.48,3535.0,3540.0,48082.0,170.0,22376.0,,,0.255605,-2.7786976,"6,936.99",338.12,5.12,2026-05-05 14:19:40
376,유전자 치료제/분석,-1.47,137310,에스디바이오센서,테마 편입 사유,8210.0,하락  210,-2.49,8200.0,8210.0,148731.0,1230.0,100514.0,,,0.255605,-2.7786976,"6,936.99",338.12,5.12,2026-05-05 14:19:40
376,유전자 치료제/분석,-1.47,394800,쓰리빌리언 *,테마 편입 사유,13130.0,하락  380,-2.81,13120.0,13130.0,219913.0,2910.0,193412.0,,,0.255605,-2.7786976,"6,936.99",338.12,5.12,2026-05-05 14:19:40
376,유전자 치료제/분석,-1.47,064550,바이오니아 *,테마 편입 사유,10230.0,하락  310,-2.94,10230.0,10240.0,118571.0,1225.0,82841.0,,,0.255605,-2.7786976,"6,936.99",338.12,5.12,2026-05-05 14:19:40
376,유전자 치료제/분석,-1.47,228760,지노믹트리 *,테마 편입 사유,16640.0,하락  510,-2.97,16640.0,16650.0,127111.0,2149.0,95808.0,,,0.255605,-2.7786976,"6,936.99",338.12,5.12,2026-05-05 14:19:40
376,유전자 치료제/분석,-1.47,229000,젠큐릭스 *,테마 편입 사유,2270.0,하락  70,-2.99,2265.0,2270.0,362659.0,829.0,125137.0,,,0.255605,-2.7786976,"6,936.99",338.12,5.12,2026-05-05 14:19:40
376,유전자 치료제/분석,-1.47,215600,신라젠 *,테마 편입 사유,3390.0,하락  105,-3.0,3390.0,3395.0,1141416.0,3931.0,799892.0,,,0.255605,-2.7786976,"6,936.99",338.12,5.12,2026-05-05 14:19:40
376,유전자 치료제/분석,-1.47,011000,진원생명과학,테마 편입 사유,837.0,하락  28,-3.24,836.0,837.0,973008.0,821.0,2672805.0,,,0.255605,-2.7786976,"6,936.99",338.12,5.12,2026-05-05 14:19:40
376,유전자 치료제/분석,-1.47,095700,제넥신 *,테마 편입 사유,5250.0,하락  180,-3.31,5250.0,5280.0,340976.0,1833.0,368932.0,,,0.255605,-2.7786976,"6,936.99",338.12,5.12,2026-05-05 14:19:40
376,유전자 치료제/분석,-1.47,372320,큐로셀 *,테마 편입 사유,56100.0,"하락  2,000",-3.44,56000.0,56100.0,323555.0,18411.0,706287.0,,,0.255605,-2.7786976,"6,936.99",338.12,5.12,2026-05-05 14:19:40
376,유전자 치료제/분석,-1.47,348150,고바이오랩 *,테마 편입 사유,5130.0,하락  190,-3.57,5130.0,5150.0,138907.0,730.0,60192.0,,,0.255605,-2.7786976,"6,936.99",338.12,5.12,2026-05-05 14:19:40
376,유전자 치료제/분석,-1.47,083790,CG인바이츠 *,테마 편입 사유,1210.0,하락  48,-3.82,1209.0,1210.0,337032.0,415.0,173981.0,,,0.255605,-2.7786976,"6,936.99",338.12,5.12,2026-05-05 14:19:40
376,유전자 치료제/분석,-1.47,084650,랩지노믹스 *,테마 편입 사유,1277.0,하락  51,-3.84,1276.0,1277.0,1234842.0,1600.0,793456.0,,,0.255605,-2.7786976,"6,936.99",338.12,5.12,2026-05-05 14:19:40
376,유전자 치료제/분석,-1.47,174900,앱클론 *,테마 편입 사유,47250.0,"하락  1,900",-3.87,47250.0,47300.0,285352.0,13651.0,208024.0,,,0.255605,-2.7786976,"6,936.99",338.12,5.12,2026-05-05 14:19:40
376,유전자 치료제/분석,-1.47,187420,HLB제넥스 *,테마 편입 사유,2820.0,하락  120,-4.08,2820.0,2825.0,601038.0,1708.0,98370.0,,,0.255605,-2.7786976,"6,936.99",338.12,5.12,2026-05-05 14:19:40
376,유전자 치료제/분석,-1.47,0082N0,카나프테라퓨틱스 *,테마 편입 사유,34700.0,"하락  1,500",-4.14,34700.0,34750.0,121546.0,4309.0,150997.0,,,0.255605,-2.7786976,"6,936.99",338.12,5.12,2026-05-05 14:19:40
376,유전자 치료제/분석,-1.47,321550,티움바이오 *,테마 편입 사유,12550.0,하락  590,-4.49,12550.0,12600.0,401209.0,5129.0,1017600.0,,,0.255605,-2.7786976,"6,936.99",338.12,5.12,2026-05-05 14:19:40
376,유전자 치료제/분석,-1.47,373110,엑셀세라퓨틱스 *,테마 편입 사유,1602.0,하락  77,-4.59,1601.0,1602.0,349745.0,564.0,265602.0,,,0.255605,-2.7786976,"6,936.99",338.12,5.12,2026-05-05 14:19:40
376,유전자 치료제/분석,-1.47,331920,셀레믹스 *,테마 편입 사유,14250.0,하락  740,-4.94,14250.0,14280.0,191025.0,2746.0,164617.0,,,0.255605,-2.7786976,"6,936.99",338.12,5.12,2026-05-05 14:19:40
376,유전자 치료제/분석,-1.47,308080,바이젠셀 *,테마 편입 사유,10330.0,하락  560,-5.14,10330.0,10370.0,1212749.0,12857.0,3410941.0,,,0.255605,-2.7786976,"6,936.99",338.12,5.12,2026-05-05 14:19:40
376,유전자 치료제/분석,-1.47,363250,진시스템 *,테마 편입 사유,5210.0,하락  300,-5.44,5210.0,5400.0,72769.0,389.0,14906.0,,,0.255605,-2.7786976,"6,936.99",338.12,5.12,2026-05-05 14:19:40
166,항공/저가 항공사(LCC),-0.91,272450,진에어,테마 편입 사유,6300.0,상승  20,0.32,6290.0,6300.0,189507.0,1196.0,148754.0,,,0.357297,-2.73936064,"6,936.99",338.12,5.12,2026-05-05 14:19:40
166,항공/저가 항공사(LCC),-0.91,089590,제주항공,테마 편입 사유,5320.0,상승  10,0.19,5320.0,5340.0,291343.0,1562.0,160484.0,,,0.357297,-2.73936064,"6,936.99",338.12,5.12,2026-05-05 14:19:40
166,항공/저가 항공사(LCC),-0.91,020560,아시아나항공,테마 편입 사유,7030.0,하락  10,-0.14,7030.0,7040.0,61132.0,430.0,49206.0,,,0.357297,-2.73936064,"6,936.99",338.12,5.12,2026-05-05 14:19:40
166,항공/저가 항공사(LCC),-0.91,003490,대한항공,테마 편입 사유,24500.0,하락  50,-0.2,24500.0,24550.0,1317983.0,32387.0,1719119.0,,,0.357297,-2.73936064,"6,936.99",338.12,5.12,2026-05-05 14:19:40
166,항공/저가 항공사(LCC),-0.91,180640,한진칼,테마 편입 사유,112300.0,하락  400,-0.35,112300.0,112500.0,85827.0,9723.0,102470.0,,,0.357297,-2.73936064,"6,936.99",338.12,5.12,2026-05-05 14:19:40
166,항공/저가 항공사(LCC),-0.91,298690,에어부산,테마 편입 사유,2020.0,하락  30,-1.46,2020.0,2025.0,247717.0,501.0,127068.0,,,0.357297,-2.73936064,"6,936.99",338.12,5.12,2026-05-05 14:19:40
166,항공/저가 항공사(LCC),-0.91,091810,트리니티항공,테마 편입 사유,910.0,하락  15,-1.62,910.0,912.0,1490322.0,1367.0,860432.0,,,0.357297,-2.73936064,"6,936.99",338.12,5.12,2026-05-05 14:19:40
166,항공/저가 항공사(LCC),-0.91,006840,AK홀딩스,테마 편입 사유,8390.0,하락  170,-1.99,8390.0,8460.0,29173.0,245.0,6234.0,,,0.357297,-2.73936064,"6,936.99",338.12,5.12,2026-05-05 14:19:40
166,항공/저가 항공사(LCC),-0.91,004870,티웨이홀딩스,테마 편입 사유,268.0,하락  8,-2.9,268.0,269.0,853484.0,228.0,530891.0,,,0.357297,-2.73936064,"6,936.99",338.12,5.12,2026-05-05 14:19:40
191,태양광에너지,0.51,388050,지투파워 *,테마 편입 사유,16250.0,"상승  1,640",11.23,16250.0,16260.0,4732628.0,77070.0,1881638.0,,,0.622351,-2.67643712,"6,936.99",338.12,5.12,2026-05-05 14:19:40
191,태양광에너지,0.51,028260,삼성물산,테마 편입 사유,320000.0,"상승  21,500",7.2,320000.0,320500.0,638338.0,200101.0,455000.0,,,0.622351,-2.67643712,"6,936.99",338.12,5.12,2026-05-05 14:19:40
191,태양광에너지,0.51,042600,새로닉스 *,테마 편입 사유,21600.0,"상승  1,400",6.93,21550.0,21600.0,139165.0,3129.0,55199.0,,,0.622351,-2.67643712,"6,936.99",338.12,5.12,2026-05-05 14:19:40
191,태양광에너지,0.51,010120,LS ELECTRIC,테마 편입 사유,294000.0,"상승  16,000",5.76,293500.0,294000.0,1490046.0,432240.0,1165228.0,,,0.622351,-2.67643712,"6,936.99",338.12,5.12,2026-05-05 14:19:40
191,태양광에너지,0.51,086390,유니테스트 *,테마 편입 사유,19400.0,"상승  1,040",5.66,19400.0,19410.0,383807.0,7383.0,531146.0,,,0.622351,-2.67643712,"6,936.99",338.12,5.12,2026-05-05 14:19:40
191,태양광에너지,0.51,000880,한화,테마 편입 사유,139900.0,"상승  6,500",4.87,139800.0,139900.0,303841.0,42024.0,409462.0,,,0.622351,-2.67643712,"6,936.99",338.12,5.12,2026-05-05 14:19:40
191,태양광에너지,0.51,126720,수산인더스트리,테마 편입 사유,35700.0,"상승  1,650",4.85,35700.0,35750.0,131629.0,4675.0,87257.0,,,0.622351,-2.67643712,"6,936.99",338.12,5.12,2026-05-05 14:19:40
191,태양광에너지,0.51,240810,원익IPS *,테마 편입 사유,122500.0,"상승  5,400",4.61,122400.0,122500.0,1698.0,208.0,495817.0,,,0.622351,-2.67643712,"6,936.99",338.12,5.12,2026-05-05 14:19:40
191,태양광에너지,0.51,002380,KCC,테마 편입 사유,574000.0,"상승  19,000",3.42,574000.0,575000.0,32938.0,18641.0,27147.0,,,0.622351,-2.67643712,"6,936.99",338.12,5.12,2026-05-05 14:19:40
191,태양광에너지,0.51,050760,에스폴리텍 *,테마 편입 사유,1387.0,상승  39,2.89,1387.0,1393.0,189683.0,262.0,134846.0,,,0.622351,-2.67643712,"6,936.99",338.12,5.12,2026-05-05 14:19:40
191,태양광에너지,0.51,015760,한국전력,테마 편입 사유,44500.0,상승  950,2.18,44450.0,44500.0,2352086.0,105271.0,2525970.0,,,0.622351,-2.67643712,"6,936.99",338.12,5.12,2026-05-05 14:19:40
191,태양광에너지,0.51,121600,나노신소재 *,테마 편입 사유,84500.0,"상승  1,700",2.05,84400.0,84500.0,127206.0,10723.0,152921.0,,,0.622351,-2.67643712,"6,936.99",338.12,5.12,2026-05-05 14:19:40
191,태양광에너지,0.51,282720,금양그린파워 *,테마 편입 사유,16420.0,상승  320,1.99,16410.0,16420.0,379.0,6.0,563438.0,,,0.622351,-2.67643712,"6,936.99",338.12,5.12,2026-05-05 14:19:40
191,태양광에너지,0.51,183300,코미코 *,테마 편입 사유,144200.0,"상승  2,600",1.84,143500.0,144200.0,107673.0,15539.0,88848.0,,,0.622351,-2.67643712,"6,936.99",338.12,5.12,2026-05-05 14:19:40
191,태양광에너지,0.51,003010,혜인,테마 편입 사유,7260.0,상승  130,1.82,7260.0,7270.0,413571.0,3003.0,398081.0,,,0.622351,-2.67643712,"6,936.99",338.12,5.12,2026-05-05 14:19:40
191,태양광에너지,0.51,083310,엘오티베큠 *,테마 편입 사유,16100.0,상승  270,1.71,16100.0,16110.0,223541.0,3651.0,256989.0,,,0.622351,-2.67643712,"6,936.99",338.12,5.12,2026-05-05 14:19:40
191,태양광에너지,0.51,004710,한솔테크닉스,테마 편입 사유,8260.0,상승  130,1.6,8260.0,8270.0,1089485.0,9051.0,916182.0,,,0.622351,-2.67643712,"6,936.99",338.12,5.12,2026-05-05 14:19:40
191,태양광에너지,0.51,140670,알에스오토메이션 *,테마 편입 사유,16880.0,상승  100,0.6,16870.0,16880.0,267154.0,4567.0,389983.0,,,0.622351,-2.67643712,"6,936.99",338.12,5.12,2026-05-05 14:19:40
191,태양광에너지,0.51,036930,주성엔지니어링 *,테마 편입 사유,126600.0,상승  600,0.48,126500.0,126600.0,1059.0,134.0,794993.0,,,0.622351,-2.67643712,"6,936.99",338.12,5.12,2026-05-05 14:19:40
191,태양광에너지,0.51,093520,매커스 *,테마 편입 사유,26500.0,상승  100,0.38,26450.0,26500.0,38702.0,1028.0,53727.0,,,0.622351,-2.67643712,"6,936.99",338.12,5.12,2026-05-05 14:19:40
191,태양광에너지,0.51,095910,에스에너지 *,테마 편입 사유,2670.0,상승  10,0.38,2665.0,2670.0,4966233.0,13158.0,15508386.0,,,0.622351,-2.67643712,"6,936.99",338.12,5.12,2026-05-05 14:19:40
191,태양광에너지,0.51,453450,그리드위즈 *,테마 편입 사유,25200.0,상승  50,0.2,25150.0,25200.0,272807.0,6951.0,243043.0,,,0.622351,-2.67643712,"6,936.99",338.12,5.12,2026-05-05 14:19:40
191,태양광에너지,0.51,083930,아바코 *,테마 편입 사유,15930.0,상승  10,0.06,15930.0,15950.0,270909.0,4325.0,160458.0,,,0.622351,-2.67643712,"6,936.99",338.12,5.12,2026-05-05 14:19:40
191,태양광에너지,0.51,115530,씨엔플러스 *,테마 편입 사유,336.0,보합0,0.0,0.0,0.0,0.0,0.0,981749.0,,,0.622351,-2.67643712,"6,936.99",338.12,5.12,2026-05-05 14:19:40
191,태양광에너지,0.51,011930,신성이엔지,테마 편입 사유,3995.0,보합0,0.0,0.0,0.0,0.0,0.0,0.0,,,0.622351,-2.67643712,"6,936.99",338.12,5.12,2026-05-05 14:19:40
191,태양광에너지,0.51,104040,디에스엠 *,테마 편입 사유,677.0,보합0,0.0,0.0,0.0,0.0,0.0,0.0,,,0.622351,-2.67643712,"6,936.99",338.12,5.12,2026-05-05 14:19:40
191,태양광에너지,0.51,012340,뉴인텍 *,테마 편입 사유,287.0,보합0,0.0,0.0,0.0,0.0,0.0,0.0,,,0.622351,-2.67643712,"6,936.99",338.12,5.12,2026-05-05 14:19:40
191,태양광에너지,0.51,078600,대주전자재료 *,테마 편입 사유,157500.0,"하락  1,000",-0.63,157500.0,157600.0,250288.0,39552.0,251487.0,,,0.622351,-2.67643712,"6,936.99",338.12,5.12,2026-05-05 14:19:40
191,태양광에너지,0.51,281740,레이크머티리얼즈 *,테마 편입 사유,22850.0,하락  150,-0.65,22850.0,22900.0,2359.0,54.0,1239705.0,,,0.622351,-2.67643712,"6,936.99",338.12,5.12,2026-05-05 14:19:40
191,태양광에너지,0.51,389260,대명에너지 *,테마 편입 사유,23900.0,하락  350,-1.44,23900.0,23950.0,17.0,0.0,291902.0,,,0.622351,-2.67643712,"6,936.99",338.12,5.12,2026-05-05 14:19:40
191,태양광에너지,0.51,039020,이건홀딩스 *,테마 편입 사유,3420.0,하락  55,-1.58,3420.0,3440.0,76671.0,266.0,98429.0,,,0.622351,-2.67643712,"6,936.99",338.12,5.12,2026-05-05 14:19:40
191,태양광에너지,0.51,009830,한화솔루션,테마 편입 사유,49900.0,하락  800,-1.58,49900.0,49950.0,3652895.0,182972.0,11898592.0,,,0.622351,-2.67643712,"6,936.99",338.12,5.12,2026-05-05 14:19:40
191,태양광에너지,0.51,043200,파루 *,테마 편입 사유,1045.0,하락  18,-1.69,1035.0,1045.0,771211.0,790.0,4214086.0,,,0.622351,-2.67643712,"6,936.99",338.12,5.12,2026-05-05 14:19:40
191,태양광에너지,0.51,109610,에스와이 *,테마 편입 사유,2915.0,하락  75,-2.51,2910.0,2915.0,350716.0,1035.0,250635.0,,,0.622351,-2.67643712,"6,936.99",338.12,5.12,2026-05-05 14:19:40
191,태양광에너지,0.51,002150,도화엔지니어링,테마 편입 사유,6940.0,하락  180,-2.53,6940.0,6950.0,191730.0,1345.0,157437.0,,,0.622351,-2.67643712,"6,936.99",338.12,5.12,2026-05-05 14:19:40
191,태양광에너지,0.51,003070,코오롱글로벌,테마 편입 사유,11140.0,하락  310,-2.71,11110.0,11140.0,68426.0,767.0,49403.0,,,0.622351,-2.67643712,"6,936.99",338.12,5.12,2026-05-05 14:19:40
191,태양광에너지,0.51,058730,다스코,테마 편입 사유,3750.0,하락  105,-2.72,3745.0,3750.0,154874.0,586.0,236764.0,,,0.622351,-2.67643712,"6,936.99",338.12,5.12,2026-05-05 14:19:40
191,태양광에너지,0.51,382800,지앤비에스 에코 *,테마 편입 사유,8800.0,하락  290,-3.19,8800.0,8810.0,2693743.0,24398.0,4086296.0,,,0.622351,-2.67643712,"6,936.99",338.12,5.12,2026-05-05 14:19:40
191,태양광에너지,0.51,010060,OCI홀딩스,테마 편입 사유,355500.0,"하락  12,500",-3.4,355500.0,356000.0,265455.0,94654.0,382382.0,,,0.622351,-2.67643712,"6,936.99",338.12,5.12,2026-05-05 14:19:40
191,태양광에너지,0.51,456040,OCI,테마 편입 사유,144300.0,"하락  5,700",-3.8,144300.0,144400.0,103103.0,15024.0,249461.0,,,0.622351,-2.67643712,"6,936.99",338.12,5.12,2026-05-05 14:19:40
191,태양광에너지,0.51,099220,SDN *,테마 편입 사유,1390.0,하락  59,-4.07,1390.0,1391.0,1655875.0,2325.0,7503863.0,,,0.622351,-2.67643712,"6,936.99",338.12,5.12,2026-05-05 14:19:40
191,태양광에너지,0.51,322000,HD현대에너지솔루션,테마 편입 사유,221000.0,"하락  10,000",-4.33,220500.0,221000.0,624358.0,139791.0,1439296.0,,,0.622351,-2.67643712,"6,936.99",338.12,5.12,2026-05-05 14:19:40
191,태양광에너지,0.51,475150,SK이터닉스,테마 편입 사유,55200.0,"하락  2,800",-4.83,55200.0,55300.0,902526.0,49923.0,2976037.0,,,0.622351,-2.67643712,"6,936.99",338.12,5.12,2026-05-05 14:19:40
191,태양광에너지,0.51,060900,에이전트AI *,테마 편입 사유,6890.0,하락  640,-8.5,6890.0,6900.0,179590.0,1243.0,1253346.0,,,0.622351,-2.67643712,"6,936.99",338.12,5.12,2026-05-05 14:19:40
269,LED장비,1.08,306620,지아이에스 *,테마 편입 사유,3410.0,상승  165,5.08,3410.0,3415.0,1326912.0,4493.0,1000174.0,,,0.732768,-2.6717721599999997,"6,936.99",338.12,5.12,2026-05-05 14:19:40
269,LED장비,1.08,065130,탑엔지니어링 *,테마 편입 사유,3465.0,상승  165,5.0,3460.0,3465.0,96717.0,329.0,46661.0,,,0.732768,-2.6717721599999997,"6,936.99",338.12,5.12,2026-05-05 14:19:40
269,LED장비,1.08,122640,예스티 *,테마 편입 사유,27750.0,상승  550,2.02,27700.0,27750.0,152010.0,4228.0,235666.0,,,0.732768,-2.6717721599999997,"6,936.99",338.12,5.12,2026-05-05 14:19:40
269,LED장비,1.08,064760,티씨케이 *,테마 편입 사유,298500.0,"상승  4,500",1.53,298000.0,298500.0,56366.0,16831.0,63537.0,,,0.732768,-2.6717721599999997,"6,936.99",338.12,5.12,2026-05-05 14:19:40
269,LED장비,1.08,039030,이오테크닉스 *,테마 편입 사유,475000.0,"상승  7,000",1.5,475000.0,475500.0,223.0,106.0,107155.0,,,0.732768,-2.6717721599999997,"6,936.99",338.12,5.12,2026-05-05 14:19:40
269,LED장비,1.08,049950,미래컴퍼니 *,테마 편입 사유,16320.0,상승  120,0.74,16320.0,16390.0,70021.0,1161.0,55455.0,,,0.732768,-2.6717721599999997,"6,936.99",338.12,5.12,2026-05-05 14:19:40
269,LED장비,1.08,036930,주성엔지니어링 *,테마 편입 사유,126600.0,상승  600,0.48,126500.0,126600.0,1059.0,134.0,794993.0,,,0.732768,-2.6717721599999997,"6,936.99",338.12,5.12,2026-05-05 14:19:40
269,LED장비,1.08,053610,프로텍 *,테마 편입 사유,82300.0,상승  100,0.12,82300.0,82500.0,83671.0,6847.0,85324.0,,,0.732768,-2.6717721599999997,"6,936.99",338.12,5.12,2026-05-05 14:19:40
269,LED장비,1.08,131290,티에스이 *,테마 편입 사유,167800.0,"하락  1,000",-0.59,167800.0,167900.0,115191.0,19120.0,80011.0,,,0.732768,-2.6717721599999997,"6,936.99",338.12,5.12,2026-05-05 14:19:40
269,LED장비,1.08,049080,기가레인 *,테마 편입 사유,2055.0,하락  15,-0.72,2050.0,2055.0,7399162.0,15410.0,6223417.0,,,0.732768,-2.6717721599999997,"6,936.99",338.12,5.12,2026-05-05 14:19:40
269,LED장비,1.08,412350,레이저쎌 *,테마 편입 사유,7660.0,하락  260,-3.28,7660.0,7670.0,528961.0,4060.0,663278.0,,,0.732768,-2.6717721599999997,"6,936.99",338.12,5.12,2026-05-05 14:19:40
317,SNS(소셜네트워크서비스),-0.76,079940,가비아 *,테마 편입 사유,31100.0,"상승  1,050",3.49,30800.0,31100.0,32054.0,986.0,11877.0,,,0.363899,-2.6231628799999998,"6,936.99",338.12,5.12,2026-05-05 14:19:40
317,SNS(소셜네트워크서비스),-0.76,094480,갤럭시아머니트리 *,테마 편입 사유,8780.0,상승  260,3.05,8770.0,8780.0,353305.0,3073.0,237335.0,,,0.363899,-2.6231628799999998,"6,936.99",338.12,5.12,2026-05-05 14:19:40
317,SNS(소셜네트워크서비스),-0.76,065440,이루온 *,테마 편입 사유,4055.0,상승  45,1.12,4055.0,4060.0,6589.0,26.0,20037980.0,,,0.363899,-2.6231628799999998,"6,936.99",338.12,5.12,2026-05-05 14:19:40
317,SNS(소셜네트워크서비스),-0.76,064800,포니링크 *,테마 편입 사유,799.0,보합0,0.0,0.0,0.0,0.0,0.0,0.0,,,0.363899,-2.6231628799999998,"6,936.99",338.12,5.12,2026-05-05 14:19:40
317,SNS(소셜네트워크서비스),-0.76,035720,카카오,테마 편입 사유,47100.0,하락  200,-0.42,47050.0,47100.0,1520475.0,71746.0,1484406.0,,,0.363899,-2.6231628799999998,"6,936.99",338.12,5.12,2026-05-05 14:19:40
317,SNS(소셜네트워크서비스),-0.76,035420,NAVER,테마 편입 사유,209000.0,"하락  2,000",-0.95,208500.0,209000.0,875803.0,183333.0,1387029.0,,,0.363899,-2.6231628799999998,"6,936.99",338.12,5.12,2026-05-05 14:19:40
317,SNS(소셜네트워크서비스),-0.76,072130,유엔젤,테마 편입 사유,5160.0,하락  70,-1.34,5160.0,5170.0,183071.0,957.0,145333.0,,,0.363899,-2.6231628799999998,"6,936.99",338.12,5.12,2026-05-05 14:19:40
317,SNS(소셜네트워크서비스),-0.76,039290,인포뱅크 *,테마 편입 사유,4775.0,하락  75,-1.55,4765.0,4775.0,19169.0,92.0,17870.0,,,0.363899,-2.6231628799999998,"6,936.99",338.12,5.12,2026-05-05 14:19:40
317,SNS(소셜네트워크서비스),-0.76,067160,SOOP *,테마 편입 사유,55500.0,"하락  2,900",-4.97,55500.0,55600.0,157799.0,8891.0,49939.0,,,0.363899,-2.6231628799999998,"6,936.99",338.12,5.12,2026-05-05 14:19:40
317,SNS(소셜네트워크서비스),-0.76,104200,NHN벅스 *,테마 편입 사유,4130.0,하락  265,-6.03,4130.0,4140.0,156864.0,665.0,619840.0,,,0.363899,-2.6231628799999998,"6,936.99",338.12,5.12,2026-05-05 14:19:40
313,남-북-러 가스관사업,-0.44,008420,문배철강,테마 편입 사유,2985.0,상승  85,2.93,2970.0,2985.0,1224684.0,3640.0,2740339.0,,,0.425606,-2.61910272,"6,936.99",338.12,5.12,2026-05-05 14:19:40
313,남-북-러 가스관사업,-0.44,306200,세아제강,테마 편입 사유,179800.0,"상승  2,400",1.35,179700.0,179800.0,39722.0,6990.0,31203.0,,,0.425606,-2.61910272,"6,936.99",338.12,5.12,2026-05-05 14:19:40
313,남-북-러 가스관사업,-0.44,017480,삼현철강 *,테마 편입 사유,5020.0,상승  40,0.8,4995.0,5020.0,111338.0,558.0,149252.0,,,0.425606,-2.61910272,"6,936.99",338.12,5.12,2026-05-05 14:19:40
313,남-북-러 가스관사업,-0.44,026940,부국철강,테마 편입 사유,2910.0,상승  10,0.34,2910.0,2915.0,1195358.0,3518.0,4788219.0,,,0.425606,-2.61910272,"6,936.99",338.12,5.12,2026-05-05 14:19:40
313,남-북-러 가스관사업,-0.44,085310,엔케이,테마 편입 사유,1169.0,보합0,0.0,0.0,0.0,0.0,0.0,0.0,,,0.425606,-2.61910272,"6,936.99",338.12,5.12,2026-05-05 14:19:40
313,남-북-러 가스관사업,-0.44,071090,하이스틸,테마 편입 사유,4610.0,하락  10,-0.22,4610.0,4635.0,496314.0,2300.0,1303657.0,,,0.425606,-2.61910272,"6,936.99",338.12,5.12,2026-05-05 14:19:40
313,남-북-러 가스관사업,-0.44,039610,화성밸브 *,테마 편입 사유,9620.0,하락  30,-0.31,9620.0,9660.0,158906.0,1537.0,359513.0,,,0.425606,-2.61910272,"6,936.99",338.12,5.12,2026-05-05 14:19:40
313,남-북-러 가스관사업,-0.44,048470,대동스틸 *,테마 편입 사유,3610.0,하락  15,-0.41,3610.0,3630.0,261619.0,949.0,461878.0,,,0.425606,-2.61910272,"6,936.99",338.12,5.12,2026-05-05 14:19:40
313,남-북-러 가스관사업,-0.44,105740,디케이락 *,테마 편입 사유,10750.0,하락  50,-0.46,10740.0,10750.0,143967.0,1553.0,167531.0,,,0.425606,-2.61910272,"6,936.99",338.12,5.12,2026-05-05 14:19:40
313,남-북-러 가스관사업,-0.44,008970,KBI동양철관,테마 편입 사유,1860.0,하락  25,-1.33,1860.0,1862.0,2190121.0,4145.0,3021449.0,,,0.425606,-2.61910272,"6,936.99",338.12,5.12,2026-05-05 14:19:40
313,남-북-러 가스관사업,-0.44,060380,동양에스텍 *,테마 편입 사유,1607.0,하락  24,-1.47,1606.0,1607.0,191218.0,307.0,294479.0,,,0.425606,-2.61910272,"6,936.99",338.12,5.12,2026-05-05 14:19:40
313,남-북-러 가스관사업,-0.44,005010,휴스틸,테마 편입 사유,6640.0,하락  180,-2.64,6640.0,6650.0,2878143.0,19302.0,4747432.0,,,0.425606,-2.61910272,"6,936.99",338.12,5.12,2026-05-05 14:19:40
313,남-북-러 가스관사업,-0.44,100090,SK오션플랜트,테마 편입 사유,23500.0,"하락  1,050",-4.28,23500.0,23550.0,761687.0,17985.0,1078599.0,,,0.425606,-2.61910272,"6,936.99",338.12,5.12,2026-05-05 14:19:40
381,LNG(액화천연가스),0.39,034730,SK,테마 편입 사유,475500.0,"상승  50,500",11.88,475000.0,475500.0,325374.0,149558.0,231138.0,,,0.574881,-2.55339072,"6,936.99",338.12,5.12,2026-05-05 14:19:40
381,LNG(액화천연가스),0.39,005490,POSCO홀딩스,테마 편입 사유,502000.0,"상승  40,000",8.66,502000.0,503000.0,1080353.0,542790.0,568870.0,,,0.574881,-2.55339072,"6,936.99",338.12,5.12,2026-05-05 14:19:40
381,LNG(액화천연가스),0.39,100840,SNT에너지,테마 편입 사유,58600.0,"상승  2,400",4.27,58500.0,58600.0,290298.0,16807.0,340385.0,,,0.574881,-2.55339072,"6,936.99",338.12,5.12,2026-05-05 14:19:40
381,LNG(액화천연가스),0.39,015760,한국전력,테마 편입 사유,44500.0,상승  950,2.18,44450.0,44500.0,2352086.0,105271.0,2525970.0,,,0.574881,-2.55339072,"6,936.99",338.12,5.12,2026-05-05 14:19:40
381,LNG(액화천연가스),0.39,096350,대창솔루션 *,테마 편입 사유,3100.0,상승  55,1.81,3100.0,3105.0,1277774.0,3995.0,779206.0,,,0.574881,-2.55339072,"6,936.99",338.12,5.12,2026-05-05 14:19:40
381,LNG(액화천연가스),0.39,028670,팬오션,테마 편입 사유,5640.0,상승  100,1.81,5640.0,5650.0,4576130.0,25994.0,2869722.0,,,0.574881,-2.55339072,"6,936.99",338.12,5.12,2026-05-05 14:19:40
381,LNG(액화천연가스),0.39,083650,비에이치아이 *,테마 편입 사유,99200.0,"상승  1,700",1.74,99200.0,99300.0,322879.0,32116.0,310867.0,,,0.574881,-2.55339072,"6,936.99",338.12,5.12,2026-05-05 14:19:40
381,LNG(액화천연가스),0.39,009540,HD한국조선해양,테마 편입 사유,469500.0,"상승  8,000",1.73,469000.0,469500.0,123717.0,57875.0,161560.0,,,0.574881,-2.55339072,"6,936.99",338.12,5.12,2026-05-05 14:19:40
381,LNG(액화천연가스),0.39,082740,한화엔진,테마 편입 사유,89500.0,"상승  1,500",1.7,89400.0,89500.0,1061793.0,93865.0,1087059.0,,,0.574881,-2.55339072,"6,936.99",338.12,5.12,2026-05-05 14:19:40
381,LNG(액화천연가스),0.39,033500,동성화인텍 *,테마 편입 사유,29250.0,상승  250,0.86,29200.0,29250.0,144305.0,4192.0,138961.0,,,0.574881,-2.55339072,"6,936.99",338.12,5.12,2026-05-05 14:19:40
381,LNG(액화천연가스),0.39,004690,삼천리,테마 편입 사유,148500.0,상승  900,0.61,148000.0,148500.0,14343.0,2114.0,19363.0,,,0.574881,-2.55339072,"6,936.99",338.12,5.12,2026-05-05 14:19:40
381,LNG(액화천연가스),0.39,005880,대한해운,테마 편입 사유,2600.0,상승  5,0.19,2600.0,2605.0,10637015.0,27969.0,17092126.0,,,0.574881,-2.55339072,"6,936.99",338.12,5.12,2026-05-05 14:19:40
381,LNG(액화천연가스),0.39,085310,엔케이,테마 편입 사유,1169.0,보합0,0.0,0.0,0.0,0.0,0.0,0.0,,,0.574881,-2.55339072,"6,936.99",338.12,5.12,2026-05-05 14:19:40
381,LNG(액화천연가스),0.39,136150,원일티엔아이 *,테마 편입 사유,18320.0,하락  30,-0.16,18320.0,18360.0,48562.0,891.0,63754.0,,,0.574881,-2.55339072,"6,936.99",338.12,5.12,2026-05-05 14:19:40
381,LNG(액화천연가스),0.39,071320,지역난방공사,테마 편입 사유,76300.0,하락  200,-0.26,76300.0,76400.0,16934.0,1292.0,36761.0,,,0.574881,-2.55339072,"6,936.99",338.12,5.12,2026-05-05 14:19:40
381,LNG(액화천연가스),0.39,010140,삼성중공업,테마 편입 사유,32250.0,하락  100,-0.31,32200.0,32250.0,8153424.0,260951.0,4422860.0,,,0.574881,-2.55339072,"6,936.99",338.12,5.12,2026-05-05 14:19:40
381,LNG(액화천연가스),0.39,097230,HJ중공업,테마 편입 사유,28800.0,하락  200,-0.69,28750.0,28800.0,1232413.0,35520.0,1981815.0,,,0.574881,-2.55339072,"6,936.99",338.12,5.12,2026-05-05 14:19:40
381,LNG(액화천연가스),0.39,329180,HD현대중공업,테마 편입 사유,680000.0,"하락  5,000",-0.73,680000.0,681000.0,426534.0,293422.0,408185.0,,,0.574881,-2.55339072,"6,936.99",338.12,5.12,2026-05-05 14:19:40
381,LNG(액화천연가스),0.39,333430,일승 *,테마 편입 사유,6220.0,하락  70,-1.11,6220.0,6230.0,540053.0,3430.0,812342.0,,,0.574881,-2.55339072,"6,936.99",338.12,5.12,2026-05-05 14:19:40
381,LNG(액화천연가스),0.39,078930,GS,테마 편입 사유,80900.0,"하락  1,000",-1.22,80800.0,80900.0,293831.0,23766.0,369316.0,,,0.574881,-2.55339072,"6,936.99",338.12,5.12,2026-05-05 14:19:40
381,LNG(액화천연가스),0.39,036460,한국가스공사,테마 편입 사유,38600.0,하락  500,-1.28,38600.0,38650.0,267505.0,10364.0,395777.0,,,0.574881,-2.55339072,"6,936.99",338.12,5.12,2026-05-05 14:19:40
381,LNG(액화천연가스),0.39,017960,한국카본,테마 편입 사유,48800.0,하락  750,-1.51,48800.0,48850.0,351823.0,17121.0,417170.0,,,0.574881,-2.55339072,"6,936.99",338.12,5.12,2026-05-05 14:19:40
381,LNG(액화천연가스),0.39,098070,한텍 *,테마 편입 사유,46150.0,"하락  1,150",-2.43,46150.0,46200.0,120333.0,5565.0,116296.0,,,0.574881,-2.55339072,"6,936.99",338.12,5.12,2026-05-05 14:19:40
381,LNG(액화천연가스),0.39,100090,SK오션플랜트,테마 편입 사유,23500.0,"하락  1,050",-4.28,23500.0,23550.0,761687.0,17985.0,1078599.0,,,0.574881,-2.55339072,"6,936.99",338.12,5.12,2026-05-05 14:19:40
381,LNG(액화천연가스),0.39,258610,케일럼 *,테마 편입 사유,1315.0,하락  78,-5.6,1315.0,1333.0,110944.0,151.0,114864.0,,,0.574881,-2.55339072,"6,936.99",338.12,5.12,2026-05-05 14:19:40
381,LNG(액화천연가스),0.39,018670,SK가스,테마 편입 사유,266500.0,"하락  22,500",-7.79,266500.0,267000.0,51469.0,13909.0,42374.0,,,0.574881,-2.55339072,"6,936.99",338.12,5.12,2026-05-05 14:19:40
265,모바일게임(스마트폰),-0.58,259960,크래프톤,테마 편입 사유,288500.0,"상승  23,500",8.87,288000.0,288500.0,412504.0,120737.0,365379.0,,,0.384521,-2.54874752,"6,936.99",338.12,5.12,2026-05-05 14:19:40
265,모바일게임(스마트폰),-0.58,047080,한빛소프트 *,테마 편입 사유,1424.0,상승  101,7.63,1423.0,1424.0,788321.0,1096.0,242558.0,,,0.384521,-2.54874752,"6,936.99",338.12,5.12,2026-05-05 14:19:40
265,모바일게임(스마트폰),-0.58,078340,컴투스 *,테마 편입 사유,33900.0,"상승  1,150",3.51,33900.0,33950.0,119753.0,4058.0,56895.0,,,0.384521,-2.54874752,"6,936.99",338.12,5.12,2026-05-05 14:19:40
265,모바일게임(스마트폰),-0.58,462870,시프트업,테마 편입 사유,33350.0,상승  800,2.46,33350.0,33450.0,53758.0,1808.0,124975.0,,,0.384521,-2.54874752,"6,936.99",338.12,5.12,2026-05-05 14:19:40
265,모바일게임(스마트폰),-0.58,201490,미투온 *,테마 편입 사유,3185.0,상승  15,0.47,3185.0,3195.0,311921.0,999.0,316571.0,,,0.384521,-2.54874752,"6,936.99",338.12,5.12,2026-05-05 14:19:40
265,모바일게임(스마트폰),-0.58,192080,더블유게임즈,테마 편입 사유,61300.0,상승  200,0.33,61200.0,61300.0,136464.0,8388.0,180994.0,,,0.384521,-2.54874752,"6,936.99",338.12,5.12,2026-05-05 14:19:40
265,모바일게임(스마트폰),-0.58,094860,네오리진 *,테마 편입 사유,1490.0,상승  1,0.07,1483.0,1490.0,218013.0,319.0,236116.0,,,0.384521,-2.54874752,"6,936.99",338.12,5.12,2026-05-05 14:19:40
265,모바일게임(스마트폰),-0.58,331520,밸로프 *,테마 편입 사유,2615.0,보합0,0.0,2615.0,2620.0,136226.0,350.0,368998.0,,,0.384521,-2.54874752,"6,936.99",338.12,5.12,2026-05-05 14:19:40
265,모바일게임(스마트폰),-0.58,208640,썸에이지 *,테마 편입 사유,196.0,보합0,0.0,196.0,197.0,1147558.0,226.0,4598683.0,,,0.384521,-2.54874752,"6,936.99",338.12,5.12,2026-05-05 14:19:40
265,모바일게임(스마트폰),-0.58,193250,링크드 *,테마 편입 사유,396.0,보합0,0.0,0.0,0.0,0.0,0.0,0.0,,,0.384521,-2.54874752,"6,936.99",338.12,5.12,2026-05-05 14:19:40
265,모바일게임(스마트폰),-0.58,069080,웹젠 *,테마 편입 사유,12160.0,보합0,0.0,12160.0,12200.0,53071.0,648.0,89518.0,,,0.384521,-2.54874752,"6,936.99",338.12,5.12,2026-05-05 14:19:40
265,모바일게임(스마트폰),-0.58,047560,이스트소프트 *,테마 편입 사유,14580.0,하락  20,-0.14,14570.0,14580.0,54965.0,806.0,54776.0,,,0.384521,-2.54874752,"6,936.99",338.12,5.12,2026-05-05 14:19:40
265,모바일게임(스마트폰),-0.58,251270,넷마블,테마 편입 사유,49500.0,하락  150,-0.3,49500.0,49550.0,205726.0,10285.0,246576.0,,,0.384521,-2.54874752,"6,936.99",338.12,5.12,2026-05-05 14:19:40
265,모바일게임(스마트폰),-0.58,950190,고스트스튜디오 *,테마 편입 사유,8090.0,하락  30,-0.37,8080.0,8090.0,44876.0,359.0,26548.0,,,0.384521,-2.54874752,"6,936.99",338.12,5.12,2026-05-05 14:19:40
265,모바일게임(스마트폰),-0.58,095660,네오위즈 *,테마 편입 사유,21900.0,하락  100,-0.45,21900.0,22000.0,35090.0,775.0,83518.0,,,0.384521,-2.54874752,"6,936.99",338.12,5.12,2026-05-05 14:19:40
265,모바일게임(스마트폰),-0.58,225570,넥슨게임즈 *,테마 편입 사유,11780.0,하락  80,-0.67,11780.0,11790.0,178115.0,2124.0,145377.0,,,0.384521,-2.54874752,"6,936.99",338.12,5.12,2026-05-05 14:19:40
265,모바일게임(스마트폰),-0.58,263750,펄어비스 *,테마 편입 사유,58500.0,하락  400,-0.68,58400.0,58500.0,532821.0,31433.0,776820.0,,,0.384521,-2.54874752,"6,936.99",338.12,5.12,2026-05-05 14:19:40
265,모바일게임(스마트폰),-0.58,035420,NAVER,테마 편입 사유,209000.0,"하락  2,000",-0.95,208500.0,209000.0,875803.0,183333.0,1387029.0,,,0.384521,-2.54874752,"6,936.99",338.12,5.12,2026-05-05 14:19:40
265,모바일게임(스마트폰),-0.58,181710,NHN,테마 편입 사유,40600.0,하락  400,-0.98,40600.0,40650.0,54596.0,2231.0,51749.0,,,0.384521,-2.54874752,"6,936.99",338.12,5.12,2026-05-05 14:19:40
265,모바일게임(스마트폰),-0.58,194480,데브시스터즈 *,테마 편입 사유,22400.0,하락  250,-1.1,22400.0,22450.0,66042.0,1490.0,95759.0,,,0.384521,-2.54874752,"6,936.99",338.12,5.12,2026-05-05 14:19:40
265,모바일게임(스마트폰),-0.58,036570,NC,테마 편입 사유,267500.0,"하락  3,000",-1.11,267000.0,267500.0,127840.0,34433.0,88748.0,,,0.384521,-2.54874752,"6,936.99",338.12,5.12,2026-05-05 14:19:40
265,모바일게임(스마트폰),-0.58,123420,위메이드플레이 *,테마 편입 사유,7900.0,하락  100,-1.25,7890.0,7900.0,48326.0,380.0,78558.0,,,0.384521,-2.54874752,"6,936.99",338.12,5.12,2026-05-05 14:19:40
265,모바일게임(스마트폰),-0.58,042420,네오위즈홀딩스 *,테마 편입 사유,21500.0,하락  300,-1.38,21400.0,21500.0,17092.0,369.0,16726.0,,,0.384521,-2.54874752,"6,936.99",338.12,5.12,2026-05-05 14:19:40
265,모바일게임(스마트폰),-0.58,067000,조이시티 *,테마 편입 사유,2410.0,하락  40,-1.63,2405.0,2410.0,653239.0,1601.0,263709.0,,,0.384521,-2.54874752,"6,936.99",338.12,5.12,2026-05-05 14:19:40
265,모바일게임(스마트폰),-0.58,293490,카카오게임즈 *,테마 편입 사유,11820.0,하락  200,-1.66,11820.0,11830.0,337052.0,4008.0,258660.0,,,0.384521,-2.54874752,"6,936.99",338.12,5.12,2026-05-05 14:19:40
265,모바일게임(스마트폰),-0.58,204610,티쓰리 *,테마 편입 사유,3450.0,하락  65,-1.85,3450.0,3455.0,499397.0,1717.0,325129.0,,,0.384521,-2.54874752,"6,936.99",338.12,5.12,2026-05-05 14:19:40
265,모바일게임(스마트폰),-0.58,052790,액토즈소프트 *,테마 편입 사유,5550.0,하락  110,-1.94,5540.0,5550.0,47294.0,262.0,30986.0,,,0.384521,-2.54874752,"6,936.99",338.12,5.12,2026-05-05 14:19:40
265,모바일게임(스마트폰),-0.58,063080,컴투스홀딩스 *,테마 편입 사유,18090.0,하락  360,-1.95,18080.0,18090.0,51455.0,942.0,12300.0,,,0.384521,-2.54874752,"6,936.99",338.12,5.12,2026-05-05 14:19:40
265,모바일게임(스마트폰),-0.58,058630,엠게임 *,테마 편입 사유,5250.0,하락  110,-2.05,5250.0,5270.0,106163.0,562.0,39949.0,,,0.384521,-2.54874752,"6,936.99",338.12,5.12,2026-05-05 14:19:40
265,모바일게임(스마트폰),-0.58,207760,미스터블루 *,테마 편입 사유,1003.0,하락  22,-2.15,1003.0,1004.0,367504.0,372.0,456970.0,,,0.384521,-2.54874752,"6,936.99",338.12,5.12,2026-05-05 14:19:40
265,모바일게임(스마트폰),-0.58,112040,위메이드 *,테마 편입 사유,24400.0,하락  550,-2.2,24400.0,24450.0,140313.0,3426.0,418233.0,,,0.384521,-2.54874752,"6,936.99",338.12,5.12,2026-05-05 14:19:40
265,모바일게임(스마트폰),-0.58,217270,넵튠 *,테마 편입 사유,3960.0,하락  105,-2.58,3960.0,3965.0,64699.0,262.0,59916.0,,,0.384521,-2.54874752,"6,936.99",338.12,5.12,2026-05-05 14:19:40
265,모바일게임(스마트폰),-0.58,101730,위메이드맥스 *,테마 편입 사유,5760.0,하락  190,-3.19,5760.0,5780.0,157855.0,922.0,284647.0,,,0.384521,-2.54874752,"6,936.99",338.12,5.12,2026-05-05 14:19:40
265,모바일게임(스마트폰),-0.58,205500,넥써쓰 *,테마 편입 사유,1810.0,하락  75,-3.98,1810.0,1825.0,236820.0,434.0,94088.0,,,0.384521,-2.54874752,"6,936.99",338.12,5.12,2026-05-05 14:19:40
265,모바일게임(스마트폰),-0.58,348030,모비릭스 *,테마 편입 사유,2370.0,하락  110,-4.44,2365.0,2370.0,109861.0,263.0,63851.0,,,0.384521,-2.54874752,"6,936.99",338.12,5.12,2026-05-05 14:19:40
265,모바일게임(스마트폰),-0.58,023770,플레이위드 *,테마 편입 사유,2830.0,하락  160,-5.35,2830.0,2835.0,30643.0,89.0,8502.0,,,0.384521,-2.54874752,"6,936.99",338.12,5.12,2026-05-05 14:19:40
591,서울고속버스터미널 재개발 수혜,0.05,128820,대성산업,테마 편입 사유,7170.0,상승  90,1.27,7170.0,7180.0,360215.0,2589.0,257000.0,,,0.5,-2.5100000000000002,"6,936.99",338.12,5.12,2026-05-05 14:19:40
591,서울고속버스터미널 재개발 수혜,0.05,004170,신세계,테마 편입 사유,410500.0,"상승  3,500",0.86,410000.0,410500.0,75458.0,30836.0,66865.0,,,0.5,-2.5100000000000002,"6,936.99",338.12,5.12,2026-05-05 14:19:40
591,서울고속버스터미널 재개발 수혜,0.05,006040,동원산업,테마 편입 사유,38550.0,보합0,0.0,38550.0,38600.0,89164.0,3456.0,61807.0,,,0.5,-2.5100000000000002,"6,936.99",338.12,5.12,2026-05-05 14:19:40
591,서울고속버스터미널 재개발 수혜,0.05,084670,동양고속,테마 편입 사유,37500.0,하락  300,-0.79,37500.0,37650.0,19723.0,743.0,16220.0,,,0.5,-2.5100000000000002,"6,936.99",338.12,5.12,2026-05-05 14:19:40
591,서울고속버스터미널 재개발 수혜,0.05,000650,천일고속,테마 편입 사유,198800.0,"하락  2,200",-1.09,198800.0,199400.0,2495.0,497.0,2077.0,,,0.5,-2.5100000000000002,"6,936.99",338.12,5.12,2026-05-05 14:19:40
108,"백신/진단시약/방역(신종플루, AI 등)",-1.6,389470,인벤티지랩 *,테마 편입 사유,63300.0,"상승  1,800",2.93,63200.0,63300.0,67317.0,4255.0,62036.0,,,0.171586,-2.47852032,"6,936.99",338.12,5.12,2026-05-05 14:19:40
108,"백신/진단시약/방역(신종플루, AI 등)",-1.6,086060,진바이오텍 *,테마 편입 사유,4715.0,상승  50,1.07,4710.0,4715.0,43652.0,203.0,50734.0,,,0.171586,-2.47852032,"6,936.99",338.12,5.12,2026-05-05 14:19:40
108,"백신/진단시약/방역(신종플루, AI 등)",-1.6,009290,광동제약,테마 편입 사유,8350.0,상승  80,0.97,8340.0,8350.0,226772.0,1919.0,251299.0,,,0.171586,-2.47852032,"6,936.99",338.12,5.12,2026-05-05 14:19:40
108,"백신/진단시약/방역(신종플루, AI 등)",-1.6,003850,보령,테마 편입 사유,10010.0,상승  70,0.7,10010.0,10020.0,262395.0,2654.0,111423.0,,,0.171586,-2.47852032,"6,936.99",338.12,5.12,2026-05-05 14:19:40
108,"백신/진단시약/방역(신종플루, AI 등)",-1.6,302440,SK바이오사이언스,테마 편입 사유,43300.0,상승  250,0.58,43250.0,43300.0,92463.0,3997.0,101657.0,,,0.171586,-2.47852032,"6,936.99",338.12,5.12,2026-05-05 14:19:40
108,"백신/진단시약/방역(신종플루, AI 등)",-1.6,285130,SK케미칼,테마 편입 사유,59700.0,상승  300,0.51,59600.0,59700.0,40933.0,2443.0,105425.0,,,0.171586,-2.47852032,"6,936.99",338.12,5.12,2026-05-05 14:19:40
108,"백신/진단시약/방역(신종플루, AI 등)",-1.6,185750,종근당,테마 편입 사유,86100.0,상승  400,0.47,86000.0,86100.0,28869.0,2479.0,35169.0,,,0.171586,-2.47852032,"6,936.99",338.12,5.12,2026-05-05 14:19:40
108,"백신/진단시약/방역(신종플루, AI 등)",-1.6,006280,녹십자,테마 편입 사유,137500.0,상승  400,0.29,137400.0,137500.0,26719.0,3675.0,41178.0,,,0.171586,-2.47852032,"6,936.99",338.12,5.12,2026-05-05 14:19:40
108,"백신/진단시약/방역(신종플루, AI 등)",-1.6,003060,에이프로젠바이오로직스,테마 편입 사유,251.0,보합0,0.0,0.0,0.0,0.0,0.0,0.0,,,0.171586,-2.47852032,"6,936.99",338.12,5.12,2026-05-05 14:19:40
108,"백신/진단시약/방역(신종플루, AI 등)",-1.6,041960,코미팜 *,테마 편입 사유,9720.0,보합0,0.0,9720.0,9740.0,211845.0,2071.0,206671.0,,,0.171586,-2.47852032,"6,936.99",338.12,5.12,2026-05-05 14:19:40
108,"백신/진단시약/방역(신종플루, AI 등)",-1.6,033250,체시스,테마 편입 사유,999.0,보합0,0.0,0.0,0.0,0.0,0.0,0.0,,,0.171586,-2.47852032,"6,936.99",338.12,5.12,2026-05-05 14:19:40
108,"백신/진단시약/방역(신종플루, AI 등)",-1.6,018620,우진비앤지 *,테마 편입 사유,746.0,보합0,0.0,0.0,0.0,0.0,0.0,0.0,,,0.171586,-2.47852032,"6,936.99",338.12,5.12,2026-05-05 14:19:40
108,"백신/진단시약/방역(신종플루, AI 등)",-1.6,003120,일성아이에스,테마 편입 사유,22750.0,보합0,0.0,22700.0,22750.0,5627.0,126.0,10469.0,,,0.171586,-2.47852032,"6,936.99",338.12,5.12,2026-05-05 14:19:40
108,"백신/진단시약/방역(신종플루, AI 등)",-1.6,005250,녹십자홀딩스,테마 편입 사유,13950.0,하락  10,-0.07,13950.0,13960.0,77302.0,1081.0,99694.0,,,0.171586,-2.47852032,"6,936.99",338.12,5.12,2026-05-05 14:19:40
108,"백신/진단시약/방역(신종플루, AI 등)",-1.6,096530,씨젠 *,테마 편입 사유,24500.0,하락  50,-0.2,24500.0,24550.0,150016.0,3710.0,206224.0,,,0.171586,-2.47852032,"6,936.99",338.12,5.12,2026-05-05 14:19:40
108,"백신/진단시약/방역(신종플루, AI 등)",-1.6,109820,진매트릭스 *,테마 편입 사유,2005.0,하락  10,-0.5,2000.0,2005.0,70328.0,140.0,77644.0,,,0.171586,-2.47852032,"6,936.99",338.12,5.12,2026-05-05 14:19:40
108,"백신/진단시약/방역(신종플루, AI 등)",-1.6,206650,유바이오로직스 *,테마 편입 사유,12710.0,하락  90,-0.7,12710.0,12720.0,285025.0,3643.0,302539.0,,,0.171586,-2.47852032,"6,936.99",338.12,5.12,2026-05-05 14:19:40
108,"백신/진단시약/방역(신종플루, AI 등)",-1.6,253840,수젠텍 *,테마 편입 사유,5530.0,하락  50,-0.9,5530.0,5570.0,216691.0,1208.0,466005.0,,,0.171586,-2.47852032,"6,936.99",338.12,5.12,2026-05-05 14:19:40
108,"백신/진단시약/방역(신종플루, AI 등)",-1.6,072020,중앙백신 *,테마 편입 사유,9980.0,하락  100,-0.99,9970.0,9980.0,43329.0,431.0,39003.0,,,0.171586,-2.47852032,"6,936.99",338.12,5.12,2026-05-05 14:19:40
108,"백신/진단시약/방역(신종플루, AI 등)",-1.6,185490,아이진 *,테마 편입 사유,1416.0,하락  16,-1.12,1415.0,1416.0,159948.0,227.0,164178.0,,,0.171586,-2.47852032,"6,936.99",338.12,5.12,2026-05-05 14:19:40
108,"백신/진단시약/방역(신종플루, AI 등)",-1.6,153710,옵티팜 *,테마 편입 사유,5130.0,하락  60,-1.16,5130.0,5160.0,24749.0,127.0,8935.0,,,0.171586,-2.47852032,"6,936.99",338.12,5.12,2026-05-05 14:19:40
108,"백신/진단시약/방역(신종플루, AI 등)",-1.6,206640,바디텍메드 *,테마 편입 사유,11550.0,하락  140,-1.2,11550.0,11560.0,37544.0,438.0,44480.0,,,0.171586,-2.47852032,"6,936.99",338.12,5.12,2026-05-05 14:19:40
108,"백신/진단시약/방역(신종플루, AI 등)",-1.6,303360,프로티아 *,테마 편입 사유,4950.0,하락  60,-1.2,4950.0,4990.0,20832.0,103.0,11674.0,,,0.171586,-2.47852032,"6,936.99",338.12,5.12,2026-05-05 14:19:40
108,"백신/진단시약/방역(신종플루, AI 등)",-1.6,000100,유한양행,테마 편입 사유,90500.0,"하락  1,100",-1.2,90400.0,90500.0,352126.0,32066.0,237957.0,,,0.171586,-2.47852032,"6,936.99",338.12,5.12,2026-05-05 14:19:40
108,"백신/진단시약/방역(신종플루, AI 등)",-1.6,044960,이글벳 *,테마 편입 사유,3955.0,하락  55,-1.37,3955.0,3965.0,69166.0,275.0,27490.0,,,0.171586,-2.47852032,"6,936.99",338.12,5.12,2026-05-05 14:19:40
108,"백신/진단시약/방역(신종플루, AI 등)",-1.6,060590,씨티씨바이오 *,테마 편입 사유,3855.0,하락  60,-1.53,3850.0,3855.0,68908.0,267.0,37752.0,,,0.171586,-2.47852032,"6,936.99",338.12,5.12,2026-05-05 14:19:40
108,"백신/진단시약/방역(신종플루, AI 등)",-1.6,014570,고려제약 *,테마 편입 사유,4125.0,하락  65,-1.55,4125.0,4145.0,24636.0,102.0,14561.0,,,0.171586,-2.47852032,"6,936.99",338.12,5.12,2026-05-05 14:19:40
108,"백신/진단시약/방역(신종플루, AI 등)",-1.6,348080,큐라티스 *,테마 편입 사유,834.0,하락  14,-1.65,834.0,840.0,254338.0,214.0,176286.0,,,0.171586,-2.47852032,"6,936.99",338.12,5.12,2026-05-05 14:19:40
108,"백신/진단시약/방역(신종플루, AI 등)",-1.6,043200,파루 *,테마 편입 사유,1045.0,하락  18,-1.69,1035.0,1045.0,771211.0,790.0,4214086.0,,,0.171586,-2.47852032,"6,936.99",338.12,5.12,2026-05-05 14:19:40
108,"백신/진단시약/방역(신종플루, AI 등)",-1.6,036480,대성미생물 *,테마 편입 사유,7360.0,하락  130,-1.74,7270.0,7360.0,47424.0,349.0,18718.0,,,0.171586,-2.47852032,"6,936.99",338.12,5.12,2026-05-05 14:19:40
108,"백신/진단시약/방역(신종플루, AI 등)",-1.6,036220,오상헬스케어 *,테마 편입 사유,8900.0,하락  170,-1.87,8900.0,8910.0,40125.0,361.0,39006.0,,,0.171586,-2.47852032,"6,936.99",338.12,5.12,2026-05-05 14:19:40
108,"백신/진단시약/방역(신종플루, AI 등)",-1.6,054670,대한뉴팜 *,테마 편입 사유,6970.0,하락  140,-1.97,6970.0,6980.0,102288.0,719.0,32869.0,,,0.171586,-2.47852032,"6,936.99",338.12,5.12,2026-05-05 14:19:40
108,"백신/진단시약/방역(신종플루, AI 등)",-1.6,019170,신풍제약,테마 편입 사유,11440.0,하락  250,-2.14,11440.0,11450.0,199615.0,2301.0,125452.0,,,0.171586,-2.47852032,"6,936.99",338.12,5.12,2026-05-05 14:19:40
108,"백신/진단시약/방역(신종플루, AI 등)",-1.6,950130,엑세스바이오 *,테마 편입 사유,3340.0,하락  75,-2.2,3340.0,3345.0,93921.0,318.0,39016.0,,,0.171586,-2.47852032,"6,936.99",338.12,5.12,2026-05-05 14:19:40
108,"백신/진단시약/방역(신종플루, AI 등)",-1.6,007570,일양약품,테마 편입 사유,11000.0,하락  250,-2.22,11000.0,11010.0,114209.0,1264.0,53515.0,,,0.171586,-2.47852032,"6,936.99",338.12,5.12,2026-05-05 14:19:40
108,"백신/진단시약/방역(신종플루, AI 등)",-1.6,064550,바이오니아 *,테마 편입 사유,10230.0,하락  310,-2.94,10230.0,10240.0,118571.0,1225.0,82841.0,,,0.171586,-2.47852032,"6,936.99",338.12,5.12,2026-05-05 14:19:40
108,"백신/진단시약/방역(신종플루, AI 등)",-1.6,011000,진원생명과학,테마 편입 사유,837.0,하락  28,-3.24,836.0,837.0,973008.0,821.0,2672805.0,,,0.171586,-2.47852032,"6,936.99",338.12,5.12,2026-05-05 14:19:40
108,"백신/진단시약/방역(신종플루, AI 등)",-1.6,128940,한미약품,테마 편입 사유,445000.0,"하락  15,000",-3.26,445000.0,445500.0,111138.0,49784.0,142664.0,,,0.171586,-2.47852032,"6,936.99",338.12,5.12,2026-05-05 14:19:40
108,"백신/진단시약/방역(신종플루, AI 등)",-1.6,048530,인트론바이오 *,테마 편입 사유,3475.0,하락  135,-3.74,3475.0,3485.0,307322.0,1083.0,186630.0,,,0.171586,-2.47852032,"6,936.99",338.12,5.12,2026-05-05 14:19:40
108,"백신/진단시약/방역(신종플루, AI 등)",-1.6,084650,랩지노믹스 *,테마 편입 사유,1277.0,하락  51,-3.84,1276.0,1277.0,1234842.0,1600.0,793456.0,,,0.171586,-2.47852032,"6,936.99",338.12,5.12,2026-05-05 14:19:40
108,"백신/진단시약/방역(신종플루, AI 등)",-1.6,061250,화일약품 *,테마 편입 사유,9030.0,하락  400,-4.24,9020.0,9030.0,124640.0,1149.0,0.0,,,0.171586,-2.47852032,"6,936.99",338.12,5.12,2026-05-05 14:19:40
108,"백신/진단시약/방역(신종플루, AI 등)",-1.6,142760,모아라이프플러스 *,테마 편입 사유,793.0,하락  66,-7.68,793.0,795.0,309085.0,251.0,200985.0,,,0.171586,-2.47852032,"6,936.99",338.12,5.12,2026-05-05 14:19:40
108,"백신/진단시약/방역(신종플루, AI 등)",-1.6,261780,차백신연구소 *,테마 편입 사유,3355.0,하락  745,-18.17,3355.0,3360.0,8300653.0,29922.0,15207668.0,,,0.171586,-2.47852032,"6,936.99",338.12,5.12,2026-05-05 14:19:40
517,우크라이나 재건,-0.31,010820,퍼스텍,테마 편입 사유,14270.0,상승  770,5.7,14270.0,14280.0,1797341.0,24659.0,1367138.0,,,0.423375,-2.4776800000000003,"6,936.99",338.12,5.12,2026-05-05 14:19:40
517,우크라이나 재건,-0.31,210540,디와이파워,테마 편입 사유,16300.0,상승  850,5.5,16240.0,16300.0,200576.0,3237.0,88308.0,,,0.423375,-2.4776800000000003,"6,936.99",338.12,5.12,2026-05-05 14:19:40
517,우크라이나 재건,-0.31,000490,대동,테마 편입 사유,10610.0,상승  480,4.74,10610.0,10620.0,697720.0,7405.0,339355.0,,,0.423375,-2.4776800000000003,"6,936.99",338.12,5.12,2026-05-05 14:19:40
517,우크라이나 재건,-0.31,267270,HD건설기계,테마 편입 사유,191100.0,"상승  7,200",3.92,191000.0,191100.0,331453.0,63641.0,550316.0,,,0.423375,-2.4776800000000003,"6,936.99",338.12,5.12,2026-05-05 14:19:40
517,우크라이나 재건,-0.31,002900,TYM,테마 편입 사유,8320.0,상승  270,3.35,8320.0,8330.0,696799.0,5822.0,492821.0,,,0.423375,-2.4776800000000003,"6,936.99",338.12,5.12,2026-05-05 14:19:40
517,우크라이나 재건,-0.31,008830,대동기어 *,테마 편입 사유,20600.0,상승  400,1.98,20600.0,20650.0,169.0,3.0,189703.0,,,0.423375,-2.4776800000000003,"6,936.99",338.12,5.12,2026-05-05 14:19:40
517,우크라이나 재건,-0.31,003010,혜인,테마 편입 사유,7260.0,상승  130,1.82,7260.0,7270.0,413571.0,3003.0,398081.0,,,0.423375,-2.4776800000000003,"6,936.99",338.12,5.12,2026-05-05 14:19:40
517,우크라이나 재건,-0.31,041440,현대에버다임 *,테마 편입 사유,9320.0,상승  120,1.3,9320.0,9360.0,296582.0,2790.0,241881.0,,,0.423375,-2.4776800000000003,"6,936.99",338.12,5.12,2026-05-05 14:19:40
517,우크라이나 재건,-0.31,019770,서연탑메탈 *,테마 편입 사유,4205.0,상승  50,1.2,4205.0,4210.0,81603.0,342.0,89096.0,,,0.423375,-2.4776800000000003,"6,936.99",338.12,5.12,2026-05-05 14:19:40
517,우크라이나 재건,-0.31,108380,대양전기공업 *,테마 편입 사유,31500.0,상승  300,0.96,31500.0,31550.0,60094.0,1906.0,25624.0,,,0.423375,-2.4776800000000003,"6,936.99",338.12,5.12,2026-05-05 14:19:40
517,우크라이나 재건,-0.31,215790,이노인스트루먼트 *,테마 편입 사유,1610.0,상승  14,0.88,1610.0,1614.0,8850558.0,15018.0,6780303.0,,,0.423375,-2.4776800000000003,"6,936.99",338.12,5.12,2026-05-05 14:19:40
517,우크라이나 재건,-0.31,317850,대모 *,테마 편입 사유,9030.0,상승  50,0.56,9010.0,9030.0,97148.0,879.0,154266.0,,,0.423375,-2.4776800000000003,"6,936.99",338.12,5.12,2026-05-05 14:19:40
517,우크라이나 재건,-0.31,163560,동일고무벨트,테마 편입 사유,7550.0,상승  10,0.13,7550.0,7580.0,35935.0,272.0,27364.0,,,0.423375,-2.4776800000000003,"6,936.99",338.12,5.12,2026-05-05 14:19:40
517,우크라이나 재건,-0.31,039560,다산네트웍스 *,테마 편입 사유,5020.0,보합0,0.0,5020.0,5030.0,371.0,2.0,1513718.0,,,0.423375,-2.4776800000000003,"6,936.99",338.12,5.12,2026-05-05 14:19:40
517,우크라이나 재건,-0.31,047050,포스코인터내셔널,테마 편입 사유,87300.0,보합0,0.0,87200.0,87300.0,1175425.0,102695.0,1420585.0,,,0.423375,-2.4776800000000003,"6,936.99",338.12,5.12,2026-05-05 14:19:40
517,우크라이나 재건,-0.31,033540,파라텍 *,테마 편입 사유,1014.0,하락  5,-0.49,1014.0,1016.0,323798.0,332.0,242782.0,,,0.423375,-2.4776800000000003,"6,936.99",338.12,5.12,2026-05-05 14:19:40
517,우크라이나 재건,-0.31,100660,서암기계공업 *,테마 편입 사유,4520.0,하락  25,-0.55,4515.0,4520.0,49226.0,224.0,56321.0,,,0.423375,-2.4776800000000003,"6,936.99",338.12,5.12,2026-05-05 14:19:40
517,우크라이나 재건,-0.31,013810,스페코 *,테마 편입 사유,2910.0,하락  25,-0.85,2910.0,2915.0,177878.0,515.0,116799.0,,,0.423375,-2.4776800000000003,"6,936.99",338.12,5.12,2026-05-05 14:19:40
517,우크라이나 재건,-0.31,017550,수산세보틱스,테마 편입 사유,3080.0,하락  30,-0.96,3070.0,3080.0,1477876.0,4539.0,1167107.0,,,0.423375,-2.4776800000000003,"6,936.99",338.12,5.12,2026-05-05 14:19:40
517,우크라이나 재건,-0.31,037440,희림 *,테마 편입 사유,5890.0,하락  60,-1.01,5880.0,5890.0,354735.0,2083.0,447926.0,,,0.423375,-2.4776800000000003,"6,936.99",338.12,5.12,2026-05-05 14:19:40
517,우크라이나 재건,-0.31,039980,폴라리스AI *,테마 편입 사유,9200.0,하락  100,-1.08,9190.0,9200.0,1544590.0,14580.0,9743835.0,,,0.423375,-2.4776800000000003,"6,936.99",338.12,5.12,2026-05-05 14:19:40
517,우크라이나 재건,-0.31,053160,프리엠스 *,테마 편입 사유,8920.0,하락  100,-1.11,8920.0,8940.0,23010.0,208.0,24328.0,,,0.423375,-2.4776800000000003,"6,936.99",338.12,5.12,2026-05-05 14:19:40
517,우크라이나 재건,-0.31,054930,유신 *,테마 편입 사유,25400.0,하락  300,-1.17,25400.0,25450.0,18880.0,481.0,19755.0,,,0.423375,-2.4776800000000003,"6,936.99",338.12,5.12,2026-05-05 14:19:40
517,우크라이나 재건,-0.31,000720,현대건설,테마 편입 사유,159400.0,"하락  2,400",-1.48,159400.0,159500.0,1088761.0,172806.0,1239416.0,,,0.423375,-2.4776800000000003,"6,936.99",338.12,5.12,2026-05-05 14:19:40
517,우크라이나 재건,-0.31,365330,에스와이스틸텍 *,테마 편입 사유,3700.0,하락  65,-1.73,3700.0,3710.0,648757.0,2447.0,615489.0,,,0.423375,-2.4776800000000003,"6,936.99",338.12,5.12,2026-05-05 14:19:40
517,우크라이나 재건,-0.31,332290,누보 *,테마 편입 사유,1357.0,하락  25,-1.81,1357.0,1358.0,1998.0,3.0,2093472.0,,,0.423375,-2.4776800000000003,"6,936.99",338.12,5.12,2026-05-05 14:19:40
517,우크라이나 재건,-0.31,023960,에쓰씨엔지니어링,테마 편입 사유,1313.0,하락  27,-2.01,1313.0,1314.0,358055.0,475.0,222115.0,,,0.423375,-2.4776800000000003,"6,936.99",338.12,5.12,2026-05-05 14:19:40
517,우크라이나 재건,-0.31,255220,SG *,테마 편입 사유,2590.0,하락  55,-2.08,2590.0,2595.0,1988030.0,5214.0,2159922.0,,,0.423375,-2.4776800000000003,"6,936.99",338.12,5.12,2026-05-05 14:19:40
517,우크라이나 재건,-0.31,109610,에스와이 *,테마 편입 사유,2915.0,하락  75,-2.51,2910.0,2915.0,350716.0,1035.0,250635.0,,,0.423375,-2.4776800000000003,"6,936.99",338.12,5.12,2026-05-05 14:19:40
517,우크라이나 재건,-0.31,002150,도화엔지니어링,테마 편입 사유,6940.0,하락  180,-2.53,6940.0,6950.0,191730.0,1345.0,157437.0,,,0.423375,-2.4776800000000003,"6,936.99",338.12,5.12,2026-05-05 14:19:40
517,우크라이나 재건,-0.31,011760,현대코퍼레이션,테마 편입 사유,30100.0,하락  800,-2.59,30050.0,30100.0,81428.0,2465.0,104294.0,,,0.423375,-2.4776800000000003,"6,936.99",338.12,5.12,2026-05-05 14:19:40
517,우크라이나 재건,-0.31,058730,다스코,테마 편입 사유,3750.0,하락  105,-2.72,3745.0,3750.0,154874.0,586.0,236764.0,,,0.423375,-2.4776800000000003,"6,936.99",338.12,5.12,2026-05-05 14:19:40
517,우크라이나 재건,-0.31,020400,대동금속 *,테마 편입 사유,5500.0,하락  190,-3.34,5490.0,5500.0,146026.0,803.0,80483.0,,,0.423375,-2.4776800000000003,"6,936.99",338.12,5.12,2026-05-05 14:19:40
517,우크라이나 재건,-0.31,192410,오늘이엔엠 *,테마 편입 사유,5160.0,하락  740,-12.54,5130.0,5160.0,637711.0,3401.0,534209.0,,,0.423375,-2.4776800000000003,"6,936.99",338.12,5.12,2026-05-05 14:19:40
585,김밥(냉동김밥 등),-0.95,276730,한울앤제주 *,테마 편입 사유,767.0,보합0,0.0,0.0,0.0,0.0,0.0,0.0,,,0.293976,-2.45515712,"6,936.99",338.12,5.12,2026-05-05 14:19:40
585,김밥(냉동김밥 등),-0.95,011150,CJ씨푸드,테마 편입 사유,2700.0,하락  15,-0.55,2700.0,2705.0,186598.0,507.0,138898.0,,,0.293976,-2.45515712,"6,936.99",338.12,5.12,2026-05-05 14:19:40
585,김밥(냉동김밥 등),-0.95,003680,한성기업,테마 편입 사유,5130.0,하락  30,-0.58,5120.0,5130.0,31238.0,159.0,18807.0,,,0.293976,-2.45515712,"6,936.99",338.12,5.12,2026-05-05 14:19:40
585,김밥(냉동김밥 등),-0.95,103840,우양 *,테마 편입 사유,3210.0,하락  35,-1.08,3210.0,3215.0,107694.0,349.0,119846.0,,,0.293976,-2.45515712,"6,936.99",338.12,5.12,2026-05-05 14:19:40
585,김밥(냉동김밥 등),-0.95,003960,사조대림,테마 편입 사유,32250.0,하락  500,-1.53,32250.0,32300.0,26335.0,852.0,7738.0,,,0.293976,-2.45515712,"6,936.99",338.12,5.12,2026-05-05 14:19:40
585,김밥(냉동김밥 등),-0.95,017810,풀무원,테마 편입 사유,12060.0,하락  240,-1.95,12060.0,12080.0,78006.0,950.0,116905.0,,,0.293976,-2.45515712,"6,936.99",338.12,5.12,2026-05-05 14:19:40
584,스페이스X(SpaceX),3.39,321370,센서뷰 *,테마 편입 사유,3565.0,상승  535,17.66,3560.0,3565.0,14031434.0,51230.0,0.0,,,1.139472,-2.44409664,"6,936.99",338.12,5.12,2026-05-05 14:19:40
584,스페이스X(SpaceX),3.39,006800,미래에셋증권,테마 편입 사유,70300.0,"상승  5,500",8.49,70300.0,70400.0,6411137.0,445692.0,2436151.0,,,1.139472,-2.44409664,"6,936.99",338.12,5.12,2026-05-05 14:19:40
584,스페이스X(SpaceX),3.39,209640,와이제이링크 *,테마 편입 사유,8670.0,상승  530,6.51,8670.0,8680.0,3284.0,28.0,2521104.0,,,1.139472,-2.44409664,"6,936.99",338.12,5.12,2026-05-05 14:19:40
584,스페이스X(SpaceX),3.39,272290,이녹스첨단소재 *,테마 편입 사유,36300.0,"상승  2,000",5.83,36300.0,36350.0,458518.0,16463.0,187764.0,,,1.139472,-2.44409664,"6,936.99",338.12,5.12,2026-05-05 14:19:40
584,스페이스X(SpaceX),3.39,027360,아주IB투자 *,테마 편입 사유,15460.0,상승  460,3.07,15450.0,15460.0,16600.0,253.0,12111311.0,,,1.139472,-2.44409664,"6,936.99",338.12,5.12,2026-05-05 14:19:40
584,스페이스X(SpaceX),3.39,373220,LG에너지솔루션,테마 편입 사유,472000.0,"상승  11,500",2.5,471500.0,472000.0,425260.0,199992.0,485223.0,,,1.139472,-2.44409664,"6,936.99",338.12,5.12,2026-05-05 14:19:40
584,스페이스X(SpaceX),3.39,274090,켄코아에어로스페이스 *,테마 편입 사유,21950.0,상승  300,1.39,21950.0,22000.0,328946.0,7287.0,345940.0,,,1.139472,-2.44409664,"6,936.99",338.12,5.12,2026-05-05 14:19:40
584,스페이스X(SpaceX),3.39,417010,나노팀 *,테마 편입 사유,11300.0,상승  100,0.89,11280.0,11300.0,266422.0,3033.0,280866.0,,,1.139472,-2.44409664,"6,936.99",338.12,5.12,2026-05-05 14:19:40
584,스페이스X(SpaceX),3.39,295310,에이치브이엠 *,테마 편입 사유,89600.0,상승  600,0.67,89600.0,89700.0,129160.0,11551.0,168623.0,,,1.139472,-2.44409664,"6,936.99",338.12,5.12,2026-05-05 14:19:40
584,스페이스X(SpaceX),3.39,100790,미래에셋벤처투자 *,테마 편입 사유,52600.0,상승  200,0.38,52500.0,52600.0,1840513.0,96269.0,1687984.0,,,1.139472,-2.44409664,"6,936.99",338.12,5.12,2026-05-05 14:19:40
584,스페이스X(SpaceX),3.39,347700,스피어 *,테마 편입 사유,41450.0,하락  750,-1.78,41450.0,41500.0,954777.0,39505.0,1447648.0,,,1.139472,-2.44409664,"6,936.99",338.12,5.12,2026-05-05 14:19:40
584,스페이스X(SpaceX),3.39,001430,세아베스틸지주,테마 편입 사유,71800.0,"하락  3,700",-4.9,71800.0,71900.0,310596.0,22637.0,522879.0,,,1.139472,-2.44409664,"6,936.99",338.12,5.12,2026-05-05 14:19:40
270,모바일콘텐츠(스마트폰/태블릿PC),-0.65,402340,SK스퀘어,테마 편입 사유,991000.0,"상승  150,000",17.84,991000.0,992000.0,1195847.0,1147403.0,623120.0,,,0.349837,-2.4411654400000002,"6,936.99",338.12,5.12,2026-05-05 14:19:40
270,모바일콘텐츠(스마트폰/태블릿PC),-0.65,078340,컴투스 *,테마 편입 사유,33900.0,"상승  1,150",3.51,33900.0,33950.0,119753.0,4058.0,56895.0,,,0.349837,-2.4411654400000002,"6,936.99",338.12,5.12,2026-05-05 14:19:40
270,모바일콘텐츠(스마트폰/태블릿PC),-0.65,054920,한컴위드 *,테마 편입 사유,6980.0,상승  120,1.75,6970.0,6980.0,1266378.0,8973.0,1573135.0,,,0.349837,-2.4411654400000002,"6,936.99",338.12,5.12,2026-05-05 14:19:40
270,모바일콘텐츠(스마트폰/태블릿PC),-0.65,064260,다날 *,테마 편입 사유,7430.0,상승  100,1.36,7430.0,7440.0,1292591.0,9661.0,1643648.0,,,0.349837,-2.4411654400000002,"6,936.99",338.12,5.12,2026-05-05 14:19:40
270,모바일콘텐츠(스마트폰/태블릿PC),-0.65,214180,헥토이노베이션 *,테마 편입 사유,20800.0,상승  200,0.97,20800.0,20900.0,98555.0,2052.0,121817.0,,,0.349837,-2.4411654400000002,"6,936.99",338.12,5.12,2026-05-05 14:19:40
270,모바일콘텐츠(스마트폰/태블릿PC),-0.65,040300,YTN *,테마 편입 사유,3485.0,상승  15,0.43,3485.0,3490.0,190252.0,666.0,169814.0,,,0.349837,-2.4411654400000002,"6,936.99",338.12,5.12,2026-05-05 14:19:40
270,모바일콘텐츠(스마트폰/태블릿PC),-0.65,030520,한글과컴퓨터 *,테마 편입 사유,20350.0,보합0,0.0,20300.0,20350.0,85668.0,1760.0,88027.0,,,0.349837,-2.4411654400000002,"6,936.99",338.12,5.12,2026-05-05 14:19:40
270,모바일콘텐츠(스마트폰/태블릿PC),-0.65,075130,플랜티넷 *,테마 편입 사유,2500.0,보합0,0.0,2485.0,2500.0,64013.0,159.0,72705.0,,,0.349837,-2.4411654400000002,"6,936.99",338.12,5.12,2026-05-05 14:19:40
270,모바일콘텐츠(스마트폰/태블릿PC),-0.65,417180,핑거스토리 *,테마 편입 사유,1579.0,보합0,0.0,0.0,0.0,0.0,0.0,0.0,,,0.349837,-2.4411654400000002,"6,936.99",338.12,5.12,2026-05-05 14:19:40
270,모바일콘텐츠(스마트폰/태블릿PC),-0.65,046440,KG파이낸셜 *,테마 편입 사유,5230.0,보합0,0.0,5220.0,5230.0,117460.0,619.0,88197.0,,,0.349837,-2.4411654400000002,"6,936.99",338.12,5.12,2026-05-05 14:19:40
270,모바일콘텐츠(스마트폰/태블릿PC),-0.65,057030,YBM넷 *,테마 편입 사유,2885.0,하락  10,-0.35,2885.0,2890.0,29372.0,84.0,24703.0,,,0.349837,-2.4411654400000002,"6,936.99",338.12,5.12,2026-05-05 14:19:40
270,모바일콘텐츠(스마트폰/태블릿PC),-0.65,035720,카카오,테마 편입 사유,47100.0,하락  200,-0.42,47050.0,47100.0,1520475.0,71746.0,1484406.0,,,0.349837,-2.4411654400000002,"6,936.99",338.12,5.12,2026-05-05 14:19:40
270,모바일콘텐츠(스마트폰/태블릿PC),-0.65,030200,KT,테마 편입 사유,60600.0,하락  300,-0.49,60500.0,60600.0,264542.0,16006.0,386946.0,,,0.349837,-2.4411654400000002,"6,936.99",338.12,5.12,2026-05-05 14:19:40
270,모바일콘텐츠(스마트폰/태블릿PC),-0.65,108860,셀바스AI *,테마 편입 사유,13040.0,하락  100,-0.76,13030.0,13040.0,287524.0,3778.0,507836.0,,,0.349837,-2.4411654400000002,"6,936.99",338.12,5.12,2026-05-05 14:19:40
270,모바일콘텐츠(스마트폰/태블릿PC),-0.65,035420,NAVER,테마 편입 사유,209000.0,"하락  2,000",-0.95,208500.0,209000.0,875803.0,183333.0,1387029.0,,,0.349837,-2.4411654400000002,"6,936.99",338.12,5.12,2026-05-05 14:19:40
270,모바일콘텐츠(스마트폰/태블릿PC),-0.65,032540,TJ미디어 *,테마 편입 사유,3730.0,하락  40,-1.06,3725.0,3730.0,14090.0,53.0,6540.0,,,0.349837,-2.4411654400000002,"6,936.99",338.12,5.12,2026-05-05 14:19:40
270,모바일콘텐츠(스마트폰/태블릿PC),-0.65,263720,디앤씨미디어 *,테마 편입 사유,12120.0,하락  140,-1.14,12050.0,12120.0,23951.0,290.0,28127.0,,,0.349837,-2.4411654400000002,"6,936.99",338.12,5.12,2026-05-05 14:19:40
270,모바일콘텐츠(스마트폰/태블릿PC),-0.65,020120,키다리스튜디오,테마 편입 사유,3830.0,하락  45,-1.16,3820.0,3830.0,121847.0,468.0,237163.0,,,0.349837,-2.4411654400000002,"6,936.99",338.12,5.12,2026-05-05 14:19:40
270,모바일콘텐츠(스마트폰/태블릿PC),-0.65,042420,네오위즈홀딩스 *,테마 편입 사유,21500.0,하락  300,-1.38,21400.0,21500.0,17092.0,369.0,16726.0,,,0.349837,-2.4411654400000002,"6,936.99",338.12,5.12,2026-05-05 14:19:40
270,모바일콘텐츠(스마트폰/태블릿PC),-0.65,189690,포시에스 *,테마 편입 사유,2045.0,하락  30,-1.45,2030.0,2045.0,64818.0,133.0,46860.0,,,0.349837,-2.4411654400000002,"6,936.99",338.12,5.12,2026-05-05 14:19:40
270,모바일콘텐츠(스마트폰/태블릿PC),-0.65,039290,인포뱅크 *,테마 편입 사유,4775.0,하락  75,-1.55,4765.0,4775.0,19169.0,92.0,17870.0,,,0.349837,-2.4411654400000002,"6,936.99",338.12,5.12,2026-05-05 14:19:40
270,모바일콘텐츠(스마트폰/태블릿PC),-0.65,418470,KT밀리의서재 *,테마 편입 사유,13220.0,하락  210,-1.56,13180.0,13220.0,42385.0,562.0,30725.0,,,0.349837,-2.4411654400000002,"6,936.99",338.12,5.12,2026-05-05 14:19:40
270,모바일콘텐츠(스마트폰/태블릿PC),-0.65,289220,자이언트스텝 *,테마 편입 사유,3055.0,하락  55,-1.77,3055.0,3060.0,67662.0,206.0,46913.0,,,0.349837,-2.4411654400000002,"6,936.99",338.12,5.12,2026-05-05 14:19:40
270,모바일콘텐츠(스마트폰/태블릿PC),-0.65,043610,KT지니뮤직 *,테마 편입 사유,1754.0,하락  33,-1.85,1752.0,1754.0,94912.0,168.0,96827.0,,,0.349837,-2.4411654400000002,"6,936.99",338.12,5.12,2026-05-05 14:19:40
270,모바일콘텐츠(스마트폰/태블릿PC),-0.65,063080,컴투스홀딩스 *,테마 편입 사유,18090.0,하락  360,-1.95,18080.0,18090.0,51455.0,942.0,12300.0,,,0.349837,-2.4411654400000002,"6,936.99",338.12,5.12,2026-05-05 14:19:40
270,모바일콘텐츠(스마트폰/태블릿PC),-0.65,036030,케이티알파 *,테마 편입 사유,5020.0,하락  100,-1.95,5010.0,5020.0,47130.0,238.0,17171.0,,,0.349837,-2.4411654400000002,"6,936.99",338.12,5.12,2026-05-05 14:19:40
270,모바일콘텐츠(스마트폰/태블릿PC),-0.65,207760,미스터블루 *,테마 편입 사유,1003.0,하락  22,-2.15,1003.0,1004.0,367504.0,372.0,456970.0,,,0.349837,-2.4411654400000002,"6,936.99",338.12,5.12,2026-05-05 14:19:40
270,모바일콘텐츠(스마트폰/태블릿PC),-0.65,208860,다산디엠씨 *,테마 편입 사유,1301.0,하락  31,-2.33,1301.0,1303.0,63422.0,83.0,47295.0,,,0.349837,-2.4411654400000002,"6,936.99",338.12,5.12,2026-05-05 14:19:40
270,모바일콘텐츠(스마트폰/태블릿PC),-0.65,068290,삼성출판사,테마 편입 사유,8890.0,하락  240,-2.63,8890.0,8900.0,51203.0,459.0,19337.0,,,0.349837,-2.4411654400000002,"6,936.99",338.12,5.12,2026-05-05 14:19:40
270,모바일콘텐츠(스마트폰/태블릿PC),-0.65,041020,폴라리스오피스 *,테마 편입 사유,4815.0,하락  145,-2.92,4815.0,4825.0,1225618.0,5995.0,9155003.0,,,0.349837,-2.4411654400000002,"6,936.99",338.12,5.12,2026-05-05 14:19:40
270,모바일콘텐츠(스마트폰/태블릿PC),-0.65,104200,NHN벅스 *,테마 편입 사유,4130.0,하락  265,-6.03,4130.0,4140.0,156864.0,665.0,619840.0,,,0.349837,-2.4411654400000002,"6,936.99",338.12,5.12,2026-05-05 14:19:40
270,모바일콘텐츠(스마트폰/태블릿PC),-0.65,057680,티사이언티픽 *,테마 편입 사유,2635.0,하락  325,-10.98,2630.0,2635.0,360479.0,970.0,283002.0,,,0.349837,-2.4411654400000002,"6,936.99",338.12,5.12,2026-05-05 14:19:40
579,2차전지(나트륨이온),1.23,247540,에코프로비엠 *,테마 편입 사유,215500.0,"상승  9,500",4.61,215000.0,215500.0,597043.0,128191.0,496622.0,,,0.716009,-2.43596608,"6,936.99",338.12,5.12,2026-05-05 14:19:40
579,2차전지(나트륨이온),1.23,446540,메가터치 *,테마 편입 사유,7390.0,상승  250,3.5,7390.0,7400.0,420572.0,3072.0,635562.0,,,0.716009,-2.43596608,"6,936.99",338.12,5.12,2026-05-05 14:19:40
579,2차전지(나트륨이온),1.23,373220,LG에너지솔루션,테마 편입 사유,472000.0,"상승  11,500",2.5,471500.0,472000.0,425260.0,199992.0,485223.0,,,0.716009,-2.43596608,"6,936.99",338.12,5.12,2026-05-05 14:19:40
579,2차전지(나트륨이온),1.23,086520,에코프로 *,테마 편입 사유,155800.0,"상승  2,900",1.9,155800.0,155900.0,959614.0,150302.0,1215563.0,,,0.716009,-2.43596608,"6,936.99",338.12,5.12,2026-05-05 14:19:40
579,2차전지(나트륨이온),1.23,006400,삼성SDI,테마 편입 사유,705000.0,"상승  10,000",1.44,705000.0,706000.0,663957.0,466135.0,853824.0,,,0.716009,-2.43596608,"6,936.99",338.12,5.12,2026-05-05 14:19:40
579,2차전지(나트륨이온),1.23,393890,더블유씨피 *,테마 편입 사유,19700.0,상승  180,0.92,19690.0,19700.0,920594.0,18459.0,1070996.0,,,0.716009,-2.43596608,"6,936.99",338.12,5.12,2026-05-05 14:19:40
579,2차전지(나트륨이온),1.23,267320,나인테크 *,테마 편입 사유,3500.0,상승  20,0.57,3495.0,3500.0,1568804.0,5541.0,1960975.0,,,0.716009,-2.43596608,"6,936.99",338.12,5.12,2026-05-05 14:19:40
579,2차전지(나트륨이온),1.23,092200,디아이씨,테마 편입 사유,7460.0,하락  130,-1.71,7460.0,7470.0,427096.0,3257.0,376343.0,,,0.716009,-2.43596608,"6,936.99",338.12,5.12,2026-05-05 14:19:40
579,2차전지(나트륨이온),1.23,161000,애경케미칼,테마 편입 사유,15110.0,하락  420,-2.7,15110.0,15120.0,466499.0,7115.0,735365.0,,,0.716009,-2.43596608,"6,936.99",338.12,5.12,2026-05-05 14:19:40
500,폐배터리,0.79,005490,POSCO홀딩스,테마 편입 사유,502000.0,"상승  40,000",8.66,502000.0,503000.0,1080353.0,542790.0,568870.0,,,0.624483,-2.40735296,"6,936.99",338.12,5.12,2026-05-05 14:19:40
500,폐배터리,0.79,217820,원익피앤이 *,테마 편입 사유,4225.0,상승  250,6.29,4220.0,4225.0,1226272.0,5168.0,529218.0,,,0.624483,-2.40735296,"6,936.99",338.12,5.12,2026-05-05 14:19:40
500,폐배터리,0.79,005420,코스모화학,테마 편입 사유,18410.0,상승  660,3.72,18410.0,18420.0,456304.0,8416.0,358974.0,,,0.624483,-2.40735296,"6,936.99",338.12,5.12,2026-05-05 14:19:40
500,폐배터리,0.79,107600,새빗켐 *,테마 편입 사유,31500.0,상승  800,2.61,31500.0,31550.0,55009.0,1751.0,49322.0,,,0.624483,-2.40735296,"6,936.99",338.12,5.12,2026-05-05 14:19:40
500,폐배터리,0.79,373220,LG에너지솔루션,테마 편입 사유,472000.0,"상승  11,500",2.5,471500.0,472000.0,425260.0,199992.0,485223.0,,,0.624483,-2.40735296,"6,936.99",338.12,5.12,2026-05-05 14:19:40
500,폐배터리,0.79,047310,파워로직스 *,테마 편입 사유,5300.0,상승  120,2.32,5300.0,5310.0,365507.0,1951.0,211247.0,,,0.624483,-2.40735296,"6,936.99",338.12,5.12,2026-05-05 14:19:40
500,폐배터리,0.79,086520,에코프로 *,테마 편입 사유,155800.0,"상승  2,900",1.9,155800.0,155900.0,959614.0,150302.0,1215563.0,,,0.624483,-2.40735296,"6,936.99",338.12,5.12,2026-05-05 14:19:40
500,폐배터리,0.79,005380,현대차,테마 편입 사유,539000.0,"상승  8,000",1.51,539000.0,540000.0,854165.0,461102.0,1150241.0,,,0.624483,-2.40735296,"6,936.99",338.12,5.12,2026-05-05 14:19:40
500,폐배터리,0.79,377330,이지트로닉스 *,테마 편입 사유,3970.0,상승  25,0.63,3945.0,3970.0,21031.0,84.0,105206.0,,,0.624483,-2.40735296,"6,936.99",338.12,5.12,2026-05-05 14:19:40
500,폐배터리,0.79,267320,나인테크 *,테마 편입 사유,3500.0,상승  20,0.57,3495.0,3500.0,1568804.0,5541.0,1960975.0,,,0.624483,-2.40735296,"6,936.99",338.12,5.12,2026-05-05 14:19:40
500,폐배터리,0.79,004250,NPC,테마 편입 사유,3930.0,상승  5,0.13,3925.0,3930.0,69488.0,272.0,43802.0,,,0.624483,-2.40735296,"6,936.99",338.12,5.12,2026-05-05 14:19:40
500,폐배터리,0.79,060150,인선이엔티 *,테마 편입 사유,4645.0,상승  5,0.11,4640.0,4645.0,201024.0,941.0,117283.0,,,0.624483,-2.40735296,"6,936.99",338.12,5.12,2026-05-05 14:19:40
500,폐배터리,0.79,096770,SK이노베이션,테마 편입 사유,145700.0,하락  500,-0.34,145600.0,145700.0,1202954.0,177828.0,1134227.0,,,0.624483,-2.40735296,"6,936.99",338.12,5.12,2026-05-05 14:19:40
500,폐배터리,0.79,017860,DS단석,테마 편입 사유,23900.0,하락  100,-0.42,23900.0,23950.0,248388.0,5955.0,336691.0,,,0.624483,-2.40735296,"6,936.99",338.12,5.12,2026-05-05 14:19:40
500,폐배터리,0.79,265560,영화테크 *,테마 편입 사유,10660.0,하락  150,-1.39,10650.0,10660.0,75523.0,820.0,79094.0,,,0.624483,-2.40735296,"6,936.99",338.12,5.12,2026-05-05 14:19:40
500,폐배터리,0.79,299030,하나기술 *,테마 편입 사유,31150.0,하락  700,-2.2,31150.0,31250.0,102590.0,3222.0,62777.0,,,0.624483,-2.40735296,"6,936.99",338.12,5.12,2026-05-05 14:19:40
500,폐배터리,0.79,010780,아이에스동서,테마 편입 사유,26050.0,하락  650,-2.43,26050.0,26150.0,78138.0,2052.0,173963.0,,,0.624483,-2.40735296,"6,936.99",338.12,5.12,2026-05-05 14:19:40
500,폐배터리,0.79,076080,웰크론한텍 *,테마 편입 사유,1234.0,하락  31,-2.45,1233.0,1234.0,112605.0,140.0,69307.0,,,0.624483,-2.40735296,"6,936.99",338.12,5.12,2026-05-05 14:19:40
500,폐배터리,0.79,365340,성일하이텍 *,테마 편입 사유,79800.0,"하락  2,400",-2.92,79800.0,79900.0,88278.0,7194.0,119762.0,,,0.624483,-2.40735296,"6,936.99",338.12,5.12,2026-05-05 14:19:40
500,폐배터리,0.79,256940,킵스파마 *,테마 편입 사유,7990.0,하락  250,-3.03,7990.0,8000.0,155531.0,1250.0,125881.0,,,0.624483,-2.40735296,"6,936.99",338.12,5.12,2026-05-05 14:19:40
559,고체산화물 연료전지(SOFC),2.5,059090,미코 *,테마 편입 사유,26100.0,"상승  3,450",15.23,26050.0,26100.0,2538964.0,64887.0,1918005.0,,,0.953675,-2.382816,"6,936.99",338.12,5.12,2026-05-05 14:19:40
559,고체산화물 연료전지(SOFC),2.5,089890,코세스 *,테마 편입 사유,50500.0,"상승  3,100",6.54,50500.0,50600.0,359537.0,18142.0,381629.0,,,0.953675,-2.382816,"6,936.99",338.12,5.12,2026-05-05 14:19:40
559,고체산화물 연료전지(SOFC),2.5,126340,비나텍 *,테마 편입 사유,184700.0,"상승  9,100",5.18,184700.0,184800.0,226232.0,40965.0,310002.0,,,0.953675,-2.382816,"6,936.99",338.12,5.12,2026-05-05 14:19:40
559,고체산화물 연료전지(SOFC),2.5,170920,엘티씨 *,테마 편입 사유,47850.0,"상승  2,050",4.48,47650.0,47850.0,368512.0,17772.0,239200.0,,,0.953675,-2.382816,"6,936.99",338.12,5.12,2026-05-05 14:19:40
559,고체산화물 연료전지(SOFC),2.5,056190,에스에프에이 *,테마 편입 사유,32550.0,"상승  1,150",3.66,32550.0,32600.0,136196.0,4436.0,193856.0,,,0.953675,-2.382816,"6,936.99",338.12,5.12,2026-05-05 14:19:40
559,고체산화물 연료전지(SOFC),2.5,282720,금양그린파워 *,테마 편입 사유,16420.0,상승  320,1.99,16410.0,16420.0,379.0,6.0,563438.0,,,0.953675,-2.382816,"6,936.99",338.12,5.12,2026-05-05 14:19:40
559,고체산화물 연료전지(SOFC),2.5,382900,범한퓨얼셀 *,테마 편입 사유,35900.0,상승  650,1.84,35900.0,35950.0,190703.0,6646.0,215686.0,,,0.953675,-2.382816,"6,936.99",338.12,5.12,2026-05-05 14:19:40
559,고체산화물 연료전지(SOFC),2.5,083650,비에이치아이 *,테마 편입 사유,99200.0,"상승  1,700",1.74,99200.0,99300.0,322879.0,32116.0,310867.0,,,0.953675,-2.382816,"6,936.99",338.12,5.12,2026-05-05 14:19:40
559,고체산화물 연료전지(SOFC),2.5,357580,아모센스 *,테마 편입 사유,23450.0,상승  400,1.74,23450.0,23500.0,449589.0,10715.0,880516.0,,,0.953675,-2.382816,"6,936.99",338.12,5.12,2026-05-05 14:19:40
559,고체산화물 연료전지(SOFC),2.5,417200,LS머트리얼즈 *,테마 편입 사유,30350.0,상승  300,1.0,30350.0,30400.0,5034.0,153.0,4308168.0,,,0.953675,-2.382816,"6,936.99",338.12,5.12,2026-05-05 14:19:40
559,고체산화물 연료전지(SOFC),2.5,336260,두산퓨얼셀,테마 편입 사유,60600.0,하락  200,-0.33,60600.0,60700.0,1203897.0,70962.0,1462622.0,,,0.953675,-2.382816,"6,936.99",338.12,5.12,2026-05-05 14:19:40
559,고체산화물 연료전지(SOFC),2.5,475150,SK이터닉스,테마 편입 사유,55200.0,"하락  2,800",-4.83,55200.0,55300.0,902526.0,49923.0,2976037.0,,,0.953675,-2.382816,"6,936.99",338.12,5.12,2026-05-05 14:19:40
559,고체산화물 연료전지(SOFC),2.5,452280,한선엔지니어링 *,테마 편입 사유,20750.0,"하락  1,250",-5.68,20700.0,20750.0,627122.0,13140.0,1160735.0,,,0.953675,-2.382816,"6,936.99",338.12,5.12,2026-05-05 14:19:40
322,건설 중소형,-0.64,046940,우원개발 *,테마 편입 사유,6100.0,상승  460,8.16,6100.0,6110.0,740467.0,4452.0,232266.0,,,0.336376,-2.3622451200000003,"6,936.99",338.12,5.12,2026-05-05 14:19:40
322,건설 중소형,-0.64,002460,HS화성,테마 편입 사유,14000.0,상승  690,5.18,14000.0,14050.0,50969.0,710.0,24958.0,,,0.336376,-2.3622451200000003,"6,936.99",338.12,5.12,2026-05-05 14:19:40
322,건설 중소형,-0.64,035890,서희건설 *,테마 편입 사유,3350.0,상승  150,4.69,3345.0,3350.0,49710705.0,173534.0,0.0,,,0.336376,-2.3622451200000003,"6,936.99",338.12,5.12,2026-05-05 14:19:40
322,건설 중소형,-0.64,021320,KCC건설 *,테마 편입 사유,7160.0,상승  50,0.7,7140.0,7160.0,77848.0,557.0,78674.0,,,0.336376,-2.3622451200000003,"6,936.99",338.12,5.12,2026-05-05 14:19:40
322,건설 중소형,-0.64,009410,태영건설,테마 편입 사유,1972.0,상승  12,0.61,1971.0,1972.0,599361.0,1184.0,787962.0,,,0.336376,-2.3622451200000003,"6,936.99",338.12,5.12,2026-05-05 14:19:40
322,건설 중소형,-0.64,013700,까뮤이앤씨,테마 편입 사유,1392.0,상승  8,0.58,1369.0,1392.0,176118.0,240.0,126485.0,,,0.336376,-2.3622451200000003,"6,936.99",338.12,5.12,2026-05-05 14:19:40
322,건설 중소형,-0.64,013120,동원개발 *,테마 편입 사유,2865.0,보합0,0.0,2860.0,2865.0,382745.0,1089.0,318887.0,,,0.336376,-2.3622451200000003,"6,936.99",338.12,5.12,2026-05-05 14:19:40
322,건설 중소형,-0.64,007680,대원 *,테마 편입 사유,4325.0,하락  10,-0.23,4320.0,4340.0,12496.0,54.0,24866.0,,,0.336376,-2.3622451200000003,"6,936.99",338.12,5.12,2026-05-05 14:19:40
322,건설 중소형,-0.64,002990,금호건설,테마 편입 사유,5480.0,하락  50,-0.9,5470.0,5480.0,170539.0,922.0,162368.0,,,0.336376,-2.3622451200000003,"6,936.99",338.12,5.12,2026-05-05 14:19:40
322,건설 중소형,-0.64,005960,동부건설,테마 편입 사유,9540.0,하락  90,-0.93,9520.0,9540.0,150868.0,1445.0,115847.0,,,0.336376,-2.3622451200000003,"6,936.99",338.12,5.12,2026-05-05 14:19:40
322,건설 중소형,-0.64,001260,남광토건,테마 편입 사유,9780.0,하락  100,-1.01,9780.0,9830.0,37152.0,365.0,18397.0,,,0.336376,-2.3622451200000003,"6,936.99",338.12,5.12,2026-05-05 14:19:40
322,건설 중소형,-0.64,013580,계룡건설,테마 편입 사유,28700.0,하락  300,-1.03,28700.0,28750.0,85341.0,2450.0,86162.0,,,0.336376,-2.3622451200000003,"6,936.99",338.12,5.12,2026-05-05 14:19:40
322,건설 중소형,-0.64,011370,서한 *,테마 편입 사유,1073.0,하락  13,-1.2,1073.0,1077.0,388941.0,421.0,176501.0,,,0.336376,-2.3622451200000003,"6,936.99",338.12,5.12,2026-05-05 14:19:40
322,건설 중소형,-0.64,010960,삼호개발,테마 편입 사유,3945.0,하락  50,-1.25,3945.0,3955.0,46290.0,183.0,23572.0,,,0.336376,-2.3622451200000003,"6,936.99",338.12,5.12,2026-05-05 14:19:40
322,건설 중소형,-0.64,042940,상지건설 *,테마 편입 사유,10360.0,하락  170,-1.61,10330.0,10360.0,157877.0,1630.0,182374.0,,,0.336376,-2.3622451200000003,"6,936.99",338.12,5.12,2026-05-05 14:19:40
322,건설 중소형,-0.64,002780,진흥기업,테마 편입 사유,1360.0,하락  27,-1.95,1360.0,1361.0,7918079.0,11112.0,8371755.0,,,0.336376,-2.3622451200000003,"6,936.99",338.12,5.12,2026-05-05 14:19:40
322,건설 중소형,-0.64,017000,신원종합개발 *,테마 편입 사유,3070.0,하락  65,-2.07,3070.0,3075.0,102369.0,315.0,34854.0,,,0.336376,-2.3622451200000003,"6,936.99",338.12,5.12,2026-05-05 14:19:40
322,건설 중소형,-0.64,025950,동신건설 *,테마 편입 사유,16120.0,하락  380,-2.3,16120.0,16130.0,44174.0,719.0,34288.0,,,0.336376,-2.3622451200000003,"6,936.99",338.12,5.12,2026-05-05 14:19:40
322,건설 중소형,-0.64,016250,SGC E&C *,테마 편입 사유,17220.0,하락  420,-2.38,17210.0,17220.0,13967.0,243.0,12177.0,,,0.336376,-2.3622451200000003,"6,936.99",338.12,5.12,2026-05-05 14:19:40
322,건설 중소형,-0.64,010780,아이에스동서,테마 편입 사유,26050.0,하락  650,-2.43,26050.0,26150.0,78138.0,2052.0,173963.0,,,0.336376,-2.3622451200000003,"6,936.99",338.12,5.12,2026-05-05 14:19:40
322,건설 중소형,-0.64,091590,남화토건 *,테마 편입 사유,4260.0,하락  110,-2.52,4255.0,4260.0,29182.0,127.0,21571.0,,,0.336376,-2.3622451200000003,"6,936.99",338.12,5.12,2026-05-05 14:19:40
322,건설 중소형,-0.64,003070,코오롱글로벌,테마 편입 사유,11140.0,하락  310,-2.71,11110.0,11140.0,68426.0,767.0,49403.0,,,0.336376,-2.3622451200000003,"6,936.99",338.12,5.12,2026-05-05 14:19:40
322,건설 중소형,-0.64,014790,HL D&I,테마 편입 사유,3450.0,하락  100,-2.82,3450.0,3455.0,118680.0,413.0,104136.0,,,0.336376,-2.3622451200000003,"6,936.99",338.12,5.12,2026-05-05 14:19:40
322,건설 중소형,-0.64,013360,일성건설,테마 편입 사유,1832.0,하락  54,-2.86,1832.0,1833.0,382239.0,706.0,405027.0,,,0.336376,-2.3622451200000003,"6,936.99",338.12,5.12,2026-05-05 14:19:40
322,건설 중소형,-0.64,002290,삼일기업공사 *,테마 편입 사유,4160.0,하락  130,-3.03,4150.0,4160.0,62373.0,261.0,101940.0,,,0.336376,-2.3622451200000003,"6,936.99",338.12,5.12,2026-05-05 14:19:40
322,건설 중소형,-0.64,004960,한신공영,테마 편입 사유,14420.0,하락  480,-3.22,14420.0,14430.0,111715.0,1629.0,132907.0,,,0.336376,-2.3622451200000003,"6,936.99",338.12,5.12,2026-05-05 14:19:40
546,마이코플라스마 폐렴,-1.61,009290,광동제약,테마 편입 사유,8350.0,상승  80,0.97,8340.0,8350.0,226772.0,1919.0,251299.0,,,0.145236,-2.35360832,"6,936.99",338.12,5.12,2026-05-05 14:19:40
546,마이코플라스마 폐렴,-1.61,002720,국제약품,테마 편입 사유,4710.0,보합0,0.0,4710.0,4720.0,187137.0,884.0,114939.0,,,0.145236,-2.35360832,"6,936.99",338.12,5.12,2026-05-05 14:19:40
546,마이코플라스마 폐렴,-1.61,330350,위더스제약 *,테마 편입 사유,8930.0,하락  10,-0.11,8930.0,8940.0,103377.0,929.0,106402.0,,,0.145236,-2.35360832,"6,936.99",338.12,5.12,2026-05-05 14:19:40
546,마이코플라스마 폐렴,-1.61,011040,경동제약 *,테마 편입 사유,5630.0,하락  10,-0.18,5620.0,5630.0,42295.0,237.0,21823.0,,,0.145236,-2.35360832,"6,936.99",338.12,5.12,2026-05-05 14:19:40
546,마이코플라스마 폐렴,-1.61,253840,수젠텍 *,테마 편입 사유,5530.0,하락  50,-0.9,5530.0,5570.0,216691.0,1208.0,466005.0,,,0.145236,-2.35360832,"6,936.99",338.12,5.12,2026-05-05 14:19:40
546,마이코플라스마 폐렴,-1.61,004720,팜젠사이언스,테마 편입 사유,4150.0,하락  45,-1.07,4130.0,4150.0,160643.0,678.0,214684.0,,,0.145236,-2.35360832,"6,936.99",338.12,5.12,2026-05-05 14:19:40
546,마이코플라스마 폐렴,-1.61,307750,국전 *,테마 편입 사유,3855.0,하락  55,-1.41,3855.0,3880.0,512128.0,2011.0,391476.0,,,0.145236,-2.35360832,"6,936.99",338.12,5.12,2026-05-05 14:19:40
546,마이코플라스마 폐렴,-1.61,058110,멕아이씨에스 *,테마 편입 사유,2730.0,하락  50,-1.8,2730.0,2735.0,140539.0,382.0,76492.0,,,0.145236,-2.35360832,"6,936.99",338.12,5.12,2026-05-05 14:19:40
546,마이코플라스마 폐렴,-1.61,950130,엑세스바이오 *,테마 편입 사유,3340.0,하락  75,-2.2,3340.0,3345.0,93921.0,318.0,39016.0,,,0.145236,-2.35360832,"6,936.99",338.12,5.12,2026-05-05 14:19:40
546,마이코플라스마 폐렴,-1.61,229000,젠큐릭스 *,테마 편입 사유,2270.0,하락  70,-2.99,2265.0,2270.0,362659.0,829.0,125137.0,,,0.145236,-2.35360832,"6,936.99",338.12,5.12,2026-05-05 14:19:40
546,마이코플라스마 폐렴,-1.61,048530,인트론바이오 *,테마 편입 사유,3475.0,하락  135,-3.74,3475.0,3485.0,307322.0,1083.0,186630.0,,,0.145236,-2.35360832,"6,936.99",338.12,5.12,2026-05-05 14:19:40
546,마이코플라스마 폐렴,-1.61,180400,DXVX *,테마 편입 사유,4355.0,하락  270,-5.84,4350.0,4355.0,360778.0,1587.0,123830.0,,,0.145236,-2.35360832,"6,936.99",338.12,5.12,2026-05-05 14:19:40
94,조선기자재,0.95,012210,삼미금속 *,테마 편입 사유,15450.0,"상승  2,110",15.82,15440.0,15450.0,2844478.0,42866.0,158889.0,,,0.644782,-2.35128384,"6,936.99",338.12,5.12,2026-05-05 14:19:40
94,조선기자재,0.95,101930,인화정공 *,테마 편입 사유,15140.0,"상승  1,620",11.98,15140.0,15150.0,522326.0,8078.0,117544.0,,,0.644782,-2.35128384,"6,936.99",338.12,5.12,2026-05-05 14:19:40
94,조선기자재,0.95,044490,태웅 *,테마 편입 사유,58800.0,"상승  5,800",10.94,58800.0,58900.0,783901.0,45931.0,195784.0,,,0.644782,-2.35128384,"6,936.99",338.12,5.12,2026-05-05 14:19:40
94,조선기자재,0.95,217590,티엠씨,테마 편입 사유,30950.0,"상승  2,000",6.91,30900.0,30950.0,715923.0,22009.0,299228.0,,,0.644782,-2.35128384,"6,936.99",338.12,5.12,2026-05-05 14:19:40
94,조선기자재,0.95,073010,케이에스피 *,테마 편입 사유,6190.0,상승  320,5.45,6180.0,6190.0,1524237.0,9408.0,1173848.0,,,0.644782,-2.35128384,"6,936.99",338.12,5.12,2026-05-05 14:19:40
94,조선기자재,0.95,013030,하이록코리아 *,테마 편입 사유,46150.0,"상승  2,000",4.53,46100.0,46150.0,115824.0,5301.0,91765.0,,,0.644782,-2.35128384,"6,936.99",338.12,5.12,2026-05-05 14:19:40
94,조선기자재,0.95,382900,범한퓨얼셀 *,테마 편입 사유,35900.0,상승  650,1.84,35900.0,35950.0,190703.0,6646.0,215686.0,,,0.644782,-2.35128384,"6,936.99",338.12,5.12,2026-05-05 14:19:40
94,조선기자재,0.95,096350,대창솔루션 *,테마 편입 사유,3100.0,상승  55,1.81,3100.0,3105.0,1277774.0,3995.0,779206.0,,,0.644782,-2.35128384,"6,936.99",338.12,5.12,2026-05-05 14:19:40
94,조선기자재,0.95,101000,KS인더스트리 *,테마 편입 사유,822.0,상승  14,1.73,822.0,824.0,346424.0,286.0,148853.0,,,0.644782,-2.35128384,"6,936.99",338.12,5.12,2026-05-05 14:19:40
94,조선기자재,0.95,082740,한화엔진,테마 편입 사유,89500.0,"상승  1,500",1.7,89400.0,89500.0,1061793.0,93865.0,1087059.0,,,0.644782,-2.35128384,"6,936.99",338.12,5.12,2026-05-05 14:19:40
94,조선기자재,0.95,443060,HD현대마린솔루션,테마 편입 사유,269500.0,"상승  4,000",1.51,269500.0,270000.0,218394.0,59497.0,241143.0,,,0.644782,-2.35128384,"6,936.99",338.12,5.12,2026-05-05 14:19:40
94,조선기자재,0.95,071970,HD현대마린엔진,테마 편입 사유,107100.0,"상승  1,300",1.23,107000.0,107100.0,218930.0,23218.0,335725.0,,,0.644782,-2.35128384,"6,936.99",338.12,5.12,2026-05-05 14:19:40
94,조선기자재,0.95,460930,현대힘스 *,테마 편입 사유,20100.0,상승  200,1.01,20050.0,20100.0,197934.0,3981.0,259377.0,,,0.644782,-2.35128384,"6,936.99",338.12,5.12,2026-05-05 14:19:40
94,조선기자재,0.95,108380,대양전기공업 *,테마 편입 사유,31500.0,상승  300,0.96,31500.0,31550.0,60094.0,1906.0,25624.0,,,0.644782,-2.35128384,"6,936.99",338.12,5.12,2026-05-05 14:19:40
94,조선기자재,0.95,033500,동성화인텍 *,테마 편입 사유,29250.0,상승  250,0.86,29200.0,29250.0,144305.0,4192.0,138961.0,,,0.644782,-2.35128384,"6,936.99",338.12,5.12,2026-05-05 14:19:40
94,조선기자재,0.95,014940,오리엔탈정공 *,테마 편입 사유,7960.0,상승  20,0.25,7950.0,7960.0,269586.0,2146.0,307186.0,,,0.644782,-2.35128384,"6,936.99",338.12,5.12,2026-05-05 14:19:40
94,조선기자재,0.95,014620,성광벤드 *,테마 편입 사유,46500.0,상승  100,0.22,46450.0,46500.0,201352.0,9369.0,289970.0,,,0.644782,-2.35128384,"6,936.99",338.12,5.12,2026-05-05 14:19:40
94,조선기자재,0.95,064820,케이프 *,테마 편입 사유,15880.0,상승  20,0.13,15870.0,15880.0,229066.0,3633.0,219127.0,,,0.644782,-2.35128384,"6,936.99",338.12,5.12,2026-05-05 14:19:40
94,조선기자재,0.95,086670,비엠티 *,테마 편입 사유,17800.0,상승  10,0.06,17800.0,17830.0,83845.0,1480.0,104316.0,,,0.644782,-2.35128384,"6,936.99",338.12,5.12,2026-05-05 14:19:40
94,조선기자재,0.95,085310,엔케이,테마 편입 사유,1169.0,보합0,0.0,0.0,0.0,0.0,0.0,0.0,,,0.644782,-2.35128384,"6,936.99",338.12,5.12,2026-05-05 14:19:40
94,조선기자재,0.95,023160,태광 *,테마 편입 사유,46000.0,하락  50,-0.11,45850.0,46000.0,224901.0,10243.0,246559.0,,,0.644782,-2.35128384,"6,936.99",338.12,5.12,2026-05-05 14:19:40
94,조선기자재,0.95,355690,에이텀 *,테마 편입 사유,5220.0,하락  10,-0.19,5160.0,5220.0,71767.0,376.0,63293.0,,,0.644782,-2.35128384,"6,936.99",338.12,5.12,2026-05-05 14:19:40
94,조선기자재,0.95,103230,에스앤더블류 *,테마 편입 사유,4180.0,하락  20,-0.48,4125.0,4180.0,83531.0,346.0,112356.0,,,0.644782,-2.35128384,"6,936.99",338.12,5.12,2026-05-05 14:19:40
94,조선기자재,0.95,054540,삼영엠텍 *,테마 편입 사유,13320.0,하락  110,-0.82,13320.0,13350.0,276884.0,3730.0,268132.0,,,0.644782,-2.35128384,"6,936.99",338.12,5.12,2026-05-05 14:19:40
94,조선기자재,0.95,333430,일승 *,테마 편입 사유,6220.0,하락  70,-1.11,6220.0,6230.0,540053.0,3430.0,812342.0,,,0.644782,-2.35128384,"6,936.99",338.12,5.12,2026-05-05 14:19:40
94,조선기자재,0.95,075580,세진중공업,테마 편입 사유,20300.0,하락  250,-1.22,20250.0,20300.0,281200.0,5691.0,233614.0,,,0.644782,-2.35128384,"6,936.99",338.12,5.12,2026-05-05 14:19:40
94,조선기자재,0.95,017960,한국카본,테마 편입 사유,48800.0,하락  750,-1.51,48800.0,48850.0,351823.0,17121.0,417170.0,,,0.644782,-2.35128384,"6,936.99",338.12,5.12,2026-05-05 14:19:40
94,조선기자재,0.95,120030,조선선재,테마 편입 사유,99500.0,"하락  1,700",-1.68,99500.0,99600.0,2400.0,239.0,1415.0,,,0.644782,-2.35128384,"6,936.99",338.12,5.12,2026-05-05 14:19:40
94,조선기자재,0.95,413630,씨피시스템 *,테마 편입 사유,3985.0,하락  70,-1.73,3985.0,3990.0,277112.0,1111.0,293600.0,,,0.644782,-2.35128384,"6,936.99",338.12,5.12,2026-05-05 14:19:40
94,조선기자재,0.95,077970,STX엔진,테마 편입 사유,60000.0,"하락  1,600",-2.6,59900.0,60000.0,730773.0,43854.0,808874.0,,,0.644782,-2.35128384,"6,936.99",338.12,5.12,2026-05-05 14:19:40
94,조선기자재,0.95,099410,동방선기 *,테마 편입 사유,5510.0,하락  150,-2.65,5500.0,5510.0,285459.0,1576.0,191239.0,,,0.644782,-2.35128384,"6,936.99",338.12,5.12,2026-05-05 14:19:40
94,조선기자재,0.95,100090,SK오션플랜트,테마 편입 사유,23500.0,"하락  1,050",-4.28,23500.0,23550.0,761687.0,17985.0,1078599.0,,,0.644782,-2.35128384,"6,936.99",338.12,5.12,2026-05-05 14:19:40
94,조선기자재,0.95,0008Z0,에스엔시스 *,테마 편입 사유,40150.0,"하락  2,150",-5.08,40100.0,40150.0,226284.0,9153.0,162656.0,,,0.644782,-2.35128384,"6,936.99",338.12,5.12,2026-05-05 14:19:40
94,조선기자재,0.95,133820,화인베스틸,테마 편입 사유,1599.0,하락  101,-5.94,1585.0,1599.0,456995.0,739.0,232453.0,,,0.644782,-2.35128384,"6,936.99",338.12,5.12,2026-05-05 14:19:40
94,조선기자재,0.95,092460,한라IMS *,테마 편입 사유,19610.0,"하락  1,340",-6.4,19610.0,19630.0,320246.0,6290.0,179969.0,,,0.644782,-2.35128384,"6,936.99",338.12,5.12,2026-05-05 14:19:40
448,코로나19(치료제/백신 개발 등),-0.99,048410,현대바이오 *,테마 편입 사유,14400.0,"상승  1,000",7.46,14400.0,14410.0,3097633.0,43451.0,2160353.0,,,0.265703,-2.35039936,"6,936.99",338.12,5.12,2026-05-05 14:19:40
448,코로나19(치료제/백신 개발 등),-0.99,007390,네이처셀 *,테마 편입 사유,20400.0,"상승  1,250",6.53,20350.0,20400.0,526535.0,10612.0,337532.0,,,0.265703,-2.35039936,"6,936.99",338.12,5.12,2026-05-05 14:19:40
448,코로나19(치료제/백신 개발 등),-0.99,389470,인벤티지랩 *,테마 편입 사유,63300.0,"상승  1,800",2.93,63200.0,63300.0,67317.0,4255.0,62036.0,,,0.265703,-2.35039936,"6,936.99",338.12,5.12,2026-05-05 14:19:40
448,코로나19(치료제/백신 개발 등),-0.99,087010,펩트론 *,테마 편입 사유,267500.0,"상승  7,000",2.69,267500.0,268000.0,98470.0,26597.0,115725.0,,,0.265703,-2.35039936,"6,936.99",338.12,5.12,2026-05-05 14:19:40
448,코로나19(치료제/백신 개발 등),-0.99,256840,한국비엔씨 *,테마 편입 사유,4025.0,상승  45,1.13,4020.0,4025.0,304427.0,1231.0,376617.0,,,0.265703,-2.35039936,"6,936.99",338.12,5.12,2026-05-05 14:19:40
448,코로나19(치료제/백신 개발 등),-0.99,299660,셀리드 *,테마 편입 사유,3205.0,상승  25,0.79,3195.0,3205.0,328922.0,1056.0,519439.0,,,0.265703,-2.35039936,"6,936.99",338.12,5.12,2026-05-05 14:19:40
448,코로나19(치료제/백신 개발 등),-0.99,302440,SK바이오사이언스,테마 편입 사유,43300.0,상승  250,0.58,43250.0,43300.0,92463.0,3997.0,101657.0,,,0.265703,-2.35039936,"6,936.99",338.12,5.12,2026-05-05 14:19:40
448,코로나19(치료제/백신 개발 등),-0.99,378800,샤페론 *,테마 편입 사유,1877.0,상승  1,0.05,1876.0,1877.0,884.0,2.0,767944.0,,,0.265703,-2.35039936,"6,936.99",338.12,5.12,2026-05-05 14:19:40
448,코로나19(치료제/백신 개발 등),-0.99,038530,케이바이오랩스 *,테마 편입 사유,310.0,보합0,0.0,0.0,0.0,0.0,0.0,0.0,,,0.265703,-2.35039936,"6,936.99",338.12,5.12,2026-05-05 14:19:40
448,코로나19(치료제/백신 개발 등),-0.99,041960,코미팜 *,테마 편입 사유,9720.0,보합0,0.0,9720.0,9740.0,211845.0,2071.0,206671.0,,,0.265703,-2.35039936,"6,936.99",338.12,5.12,2026-05-05 14:19:40
448,코로나19(치료제/백신 개발 등),-0.99,214370,케어젠 *,테마 편입 사유,105400.0,하락  100,-0.09,105100.0,105400.0,71449.0,7476.0,149756.0,,,0.265703,-2.35039936,"6,936.99",338.12,5.12,2026-05-05 14:19:40
448,코로나19(치료제/백신 개발 등),-0.99,109820,진매트릭스 *,테마 편입 사유,2005.0,하락  10,-0.5,2000.0,2005.0,70328.0,140.0,77644.0,,,0.265703,-2.35039936,"6,936.99",338.12,5.12,2026-05-05 14:19:40
448,코로나19(치료제/백신 개발 등),-0.99,217730,강스템바이오텍 *,테마 편입 사유,3970.0,하락  25,-0.63,3965.0,3970.0,1185822.0,4707.0,918491.0,,,0.265703,-2.35039936,"6,936.99",338.12,5.12,2026-05-05 14:19:40
448,코로나19(치료제/백신 개발 등),-0.99,206650,유바이오로직스 *,테마 편입 사유,12710.0,하락  90,-0.7,12710.0,12720.0,285025.0,3643.0,302539.0,,,0.265703,-2.35039936,"6,936.99",338.12,5.12,2026-05-05 14:19:40
448,코로나19(치료제/백신 개발 등),-0.99,032300,한국파마 *,테마 편입 사유,11480.0,하락  120,-1.03,11480.0,11500.0,28681.0,336.0,17631.0,,,0.265703,-2.35039936,"6,936.99",338.12,5.12,2026-05-05 14:19:40
448,코로나19(치료제/백신 개발 등),-0.99,141080,리가켐바이오 *,테마 편입 사유,181500.0,"하락  1,900",-1.04,181500.0,181600.0,312912.0,57600.0,292336.0,,,0.265703,-2.35039936,"6,936.99",338.12,5.12,2026-05-05 14:19:40
448,코로나19(치료제/백신 개발 등),-0.99,185490,아이진 *,테마 편입 사유,1416.0,하락  16,-1.12,1415.0,1416.0,159948.0,227.0,164178.0,,,0.265703,-2.35039936,"6,936.99",338.12,5.12,2026-05-05 14:19:40
448,코로나19(치료제/백신 개발 등),-0.99,153710,옵티팜 *,테마 편입 사유,5130.0,하락  60,-1.16,5130.0,5160.0,24749.0,127.0,8935.0,,,0.265703,-2.35039936,"6,936.99",338.12,5.12,2026-05-05 14:19:40
448,코로나19(치료제/백신 개발 등),-0.99,293780,압타바이오 *,테마 편입 사유,8370.0,하락  100,-1.18,8370.0,8380.0,161117.0,1359.0,208814.0,,,0.265703,-2.35039936,"6,936.99",338.12,5.12,2026-05-05 14:19:40
448,코로나19(치료제/백신 개발 등),-0.99,307750,국전 *,테마 편입 사유,3855.0,하락  55,-1.41,3855.0,3880.0,512128.0,2011.0,391476.0,,,0.265703,-2.35039936,"6,936.99",338.12,5.12,2026-05-05 14:19:40
448,코로나19(치료제/백신 개발 등),-0.99,001060,JW중외제약,테마 편입 사유,30700.0,하락  500,-1.6,30650.0,30700.0,67936.0,2097.0,49129.0,,,0.265703,-2.35039936,"6,936.99",338.12,5.12,2026-05-05 14:19:40
448,코로나19(치료제/백신 개발 등),-0.99,348080,큐라티스 *,테마 편입 사유,834.0,하락  14,-1.65,834.0,840.0,254338.0,214.0,176286.0,,,0.265703,-2.35039936,"6,936.99",338.12,5.12,2026-05-05 14:19:40
448,코로나19(치료제/백신 개발 등),-0.99,249420,일동제약,테마 편입 사유,25950.0,하락  550,-2.08,25900.0,25950.0,182871.0,4790.0,155369.0,,,0.265703,-2.35039936,"6,936.99",338.12,5.12,2026-05-05 14:19:40
448,코로나19(치료제/백신 개발 등),-0.99,019170,신풍제약,테마 편입 사유,11440.0,하락  250,-2.14,11440.0,11450.0,199615.0,2301.0,125452.0,,,0.265703,-2.35039936,"6,936.99",338.12,5.12,2026-05-05 14:19:40
448,코로나19(치료제/백신 개발 등),-0.99,011000,진원생명과학,테마 편입 사유,837.0,하락  28,-3.24,836.0,837.0,973008.0,821.0,2672805.0,,,0.265703,-2.35039936,"6,936.99",338.12,5.12,2026-05-05 14:19:40
448,코로나19(치료제/백신 개발 등),-0.99,174900,앱클론 *,테마 편입 사유,47250.0,"하락  1,900",-3.87,47250.0,47300.0,285352.0,13651.0,208024.0,,,0.265703,-2.35039936,"6,936.99",338.12,5.12,2026-05-05 14:19:40
448,코로나19(치료제/백신 개발 등),-0.99,203400,에이비온 *,테마 편입 사유,2615.0,하락  125,-4.56,2615.0,2620.0,747837.0,2004.0,2092436.0,,,0.265703,-2.35039936,"6,936.99",338.12,5.12,2026-05-05 14:19:40
448,코로나19(치료제/백신 개발 등),-0.99,101140,인바이오젠,테마 편입 사유,8370.0,하락  420,-4.78,8340.0,8370.0,17821.0,153.0,16077.0,,,0.265703,-2.35039936,"6,936.99",338.12,5.12,2026-05-05 14:19:40
448,코로나19(치료제/백신 개발 등),-0.99,261780,차백신연구소 *,테마 편입 사유,3355.0,하락  745,-18.17,3355.0,3360.0,8300653.0,29922.0,15207668.0,,,0.265703,-2.35039936,"6,936.99",338.12,5.12,2026-05-05 14:19:40
42,게임,-0.35,259960,크래프톤,테마 편입 사유,288500.0,"상승  23,500",8.87,288000.0,288500.0,412504.0,120737.0,365379.0,,,0.387229,-2.33261248,"6,936.99",338.12,5.12,2026-05-05 14:19:40
42,게임,-0.35,047080,한빛소프트 *,테마 편입 사유,1424.0,상승  101,7.63,1423.0,1424.0,788321.0,1096.0,242558.0,,,0.387229,-2.33261248,"6,936.99",338.12,5.12,2026-05-05 14:19:40
42,게임,-0.35,078340,컴투스 *,테마 편입 사유,33900.0,"상승  1,150",3.51,33900.0,33950.0,119753.0,4058.0,56895.0,,,0.387229,-2.33261248,"6,936.99",338.12,5.12,2026-05-05 14:19:40
42,게임,-0.35,462870,시프트업,테마 편입 사유,33350.0,상승  800,2.46,33350.0,33450.0,53758.0,1808.0,124975.0,,,0.387229,-2.33261248,"6,936.99",338.12,5.12,2026-05-05 14:19:40
42,게임,-0.35,201490,미투온 *,테마 편입 사유,3185.0,상승  15,0.47,3185.0,3195.0,311921.0,999.0,316571.0,,,0.387229,-2.33261248,"6,936.99",338.12,5.12,2026-05-05 14:19:40
42,게임,-0.35,192080,더블유게임즈,테마 편입 사유,61300.0,상승  200,0.33,61200.0,61300.0,136464.0,8388.0,180994.0,,,0.387229,-2.33261248,"6,936.99",338.12,5.12,2026-05-05 14:19:40
42,게임,-0.35,094860,네오리진 *,테마 편입 사유,1490.0,상승  1,0.07,1483.0,1490.0,218013.0,319.0,236116.0,,,0.387229,-2.33261248,"6,936.99",338.12,5.12,2026-05-05 14:19:40
42,게임,-0.35,066910,손오공 *,테마 편입 사유,680.0,보합0,0.0,0.0,0.0,0.0,0.0,612664.0,,,0.387229,-2.33261248,"6,936.99",338.12,5.12,2026-05-05 14:19:40
42,게임,-0.35,069080,웹젠 *,테마 편입 사유,12160.0,보합0,0.0,12160.0,12200.0,53071.0,648.0,89518.0,,,0.387229,-2.33261248,"6,936.99",338.12,5.12,2026-05-05 14:19:40
42,게임,-0.35,331520,밸로프 *,테마 편입 사유,2615.0,보합0,0.0,2615.0,2620.0,136226.0,350.0,368998.0,,,0.387229,-2.33261248,"6,936.99",338.12,5.12,2026-05-05 14:19:40
42,게임,-0.35,047560,이스트소프트 *,테마 편입 사유,14580.0,하락  20,-0.14,14570.0,14580.0,54965.0,806.0,54776.0,,,0.387229,-2.33261248,"6,936.99",338.12,5.12,2026-05-05 14:19:40
42,게임,-0.35,251270,넷마블,테마 편입 사유,49500.0,하락  150,-0.3,49500.0,49550.0,205726.0,10285.0,246576.0,,,0.387229,-2.33261248,"6,936.99",338.12,5.12,2026-05-05 14:19:40
42,게임,-0.35,095660,네오위즈 *,테마 편입 사유,21900.0,하락  100,-0.45,21900.0,22000.0,35090.0,775.0,83518.0,,,0.387229,-2.33261248,"6,936.99",338.12,5.12,2026-05-05 14:19:40
42,게임,-0.35,048910,대원미디어 *,테마 편입 사유,7650.0,하락  50,-0.65,7640.0,7650.0,89636.0,689.0,36166.0,,,0.387229,-2.33261248,"6,936.99",338.12,5.12,2026-05-05 14:19:40
42,게임,-0.35,225570,넥슨게임즈 *,테마 편입 사유,11780.0,하락  80,-0.67,11780.0,11790.0,178115.0,2124.0,145377.0,,,0.387229,-2.33261248,"6,936.99",338.12,5.12,2026-05-05 14:19:40
42,게임,-0.35,263750,펄어비스 *,테마 편입 사유,58500.0,하락  400,-0.68,58400.0,58500.0,532821.0,31433.0,776820.0,,,0.387229,-2.33261248,"6,936.99",338.12,5.12,2026-05-05 14:19:40
42,게임,-0.35,035420,NAVER,테마 편입 사유,209000.0,"하락  2,000",-0.95,208500.0,209000.0,875803.0,183333.0,1387029.0,,,0.387229,-2.33261248,"6,936.99",338.12,5.12,2026-05-05 14:19:40
42,게임,-0.35,181710,NHN,테마 편입 사유,40600.0,하락  400,-0.98,40600.0,40650.0,54596.0,2231.0,51749.0,,,0.387229,-2.33261248,"6,936.99",338.12,5.12,2026-05-05 14:19:40
42,게임,-0.35,036570,NC,테마 편입 사유,267500.0,"하락  3,000",-1.11,267000.0,267500.0,127840.0,34433.0,88748.0,,,0.387229,-2.33261248,"6,936.99",338.12,5.12,2026-05-05 14:19:40
42,게임,-0.35,042420,네오위즈홀딩스 *,테마 편입 사유,21500.0,하락  300,-1.38,21400.0,21500.0,17092.0,369.0,16726.0,,,0.387229,-2.33261248,"6,936.99",338.12,5.12,2026-05-05 14:19:40
42,게임,-0.35,067000,조이시티 *,테마 편입 사유,2410.0,하락  40,-1.63,2405.0,2410.0,653239.0,1601.0,263709.0,,,0.387229,-2.33261248,"6,936.99",338.12,5.12,2026-05-05 14:19:40
42,게임,-0.35,293490,카카오게임즈 *,테마 편입 사유,11820.0,하락  200,-1.66,11820.0,11830.0,337052.0,4008.0,258660.0,,,0.387229,-2.33261248,"6,936.99",338.12,5.12,2026-05-05 14:19:40
42,게임,-0.35,204610,티쓰리 *,테마 편입 사유,3450.0,하락  65,-1.85,3450.0,3455.0,499397.0,1717.0,325129.0,,,0.387229,-2.33261248,"6,936.99",338.12,5.12,2026-05-05 14:19:40
42,게임,-0.35,052790,액토즈소프트 *,테마 편입 사유,5550.0,하락  110,-1.94,5540.0,5550.0,47294.0,262.0,30986.0,,,0.387229,-2.33261248,"6,936.99",338.12,5.12,2026-05-05 14:19:40
42,게임,-0.35,058630,엠게임 *,테마 편입 사유,5250.0,하락  110,-2.05,5250.0,5270.0,106163.0,562.0,39949.0,,,0.387229,-2.33261248,"6,936.99",338.12,5.12,2026-05-05 14:19:40
42,게임,-0.35,112040,위메이드 *,테마 편입 사유,24400.0,하락  550,-2.2,24400.0,24450.0,140313.0,3426.0,418233.0,,,0.387229,-2.33261248,"6,936.99",338.12,5.12,2026-05-05 14:19:40
42,게임,-0.35,217270,넵튠 *,테마 편입 사유,3960.0,하락  105,-2.58,3960.0,3965.0,64699.0,262.0,59916.0,,,0.387229,-2.33261248,"6,936.99",338.12,5.12,2026-05-05 14:19:40
42,게임,-0.35,101730,위메이드맥스 *,테마 편입 사유,5760.0,하락  190,-3.19,5760.0,5780.0,157855.0,922.0,284647.0,,,0.387229,-2.33261248,"6,936.99",338.12,5.12,2026-05-05 14:19:40
42,게임,-0.35,205500,넥써쓰 *,테마 편입 사유,1810.0,하락  75,-3.98,1810.0,1825.0,236820.0,434.0,94088.0,,,0.387229,-2.33261248,"6,936.99",338.12,5.12,2026-05-05 14:19:40
42,게임,-0.35,023770,플레이위드 *,테마 편입 사유,2830.0,하락  160,-5.35,2830.0,2835.0,30643.0,89.0,8502.0,,,0.387229,-2.33261248,"6,936.99",338.12,5.12,2026-05-05 14:19:40
329,전력저장장치(ESS),1.82,388050,지투파워 *,테마 편입 사유,16250.0,"상승  1,640",11.23,16250.0,16260.0,4732628.0,77070.0,1881638.0,,,0.803023,-2.2914777600000003,"6,936.99",338.12,5.12,2026-05-05 14:19:40
329,전력저장장치(ESS),1.82,298040,효성중공업,테마 편입 사유,4228000.0,"상승  316,000",8.08,4227000.0,4228000.0,68111.0,281594.0,54104.0,,,0.803023,-2.2914777600000003,"6,936.99",338.12,5.12,2026-05-05 14:19:40
329,전력저장장치(ESS),1.82,217820,원익피앤이 *,테마 편입 사유,4225.0,상승  250,6.29,4220.0,4225.0,1226272.0,5168.0,529218.0,,,0.803023,-2.2914777600000003,"6,936.99",338.12,5.12,2026-05-05 14:19:40
329,전력저장장치(ESS),1.82,010120,LS ELECTRIC,테마 편입 사유,294000.0,"상승  16,000",5.76,293500.0,294000.0,1490046.0,432240.0,1165228.0,,,0.803023,-2.2914777600000003,"6,936.99",338.12,5.12,2026-05-05 14:19:40
329,전력저장장치(ESS),1.82,126340,비나텍 *,테마 편입 사유,184700.0,"상승  9,100",5.18,184700.0,184800.0,226232.0,40965.0,310002.0,,,0.803023,-2.2914777600000003,"6,936.99",338.12,5.12,2026-05-05 14:19:40
329,전력저장장치(ESS),1.82,290550,디케이티 *,테마 편입 사유,26550.0,"상승  1,100",4.32,26550.0,26600.0,677298.0,18158.0,391912.0,,,0.803023,-2.2914777600000003,"6,936.99",338.12,5.12,2026-05-05 14:19:40
329,전력저장장치(ESS),1.82,107640,한중엔시에스 *,테마 편입 사유,69900.0,"상승  2,800",4.17,69900.0,70000.0,343558.0,24250.0,220481.0,,,0.803023,-2.2914777600000003,"6,936.99",338.12,5.12,2026-05-05 14:19:40
329,전력저장장치(ESS),1.82,241690,유니테크노 *,테마 편입 사유,4015.0,상승  150,3.88,4015.0,4020.0,341635.0,1384.0,301552.0,,,0.803023,-2.2914777600000003,"6,936.99",338.12,5.12,2026-05-05 14:19:40
329,전력저장장치(ESS),1.82,267260,HD현대일렉트릭,테마 편입 사유,1299000.0,"상승  47,000",3.75,1298000.0,1299000.0,191307.0,247808.0,153511.0,,,0.803023,-2.2914777600000003,"6,936.99",338.12,5.12,2026-05-05 14:19:40
329,전력저장장치(ESS),1.82,054210,이랜텍 *,테마 편입 사유,13210.0,상승  460,3.61,13210.0,13220.0,465793.0,6174.0,274401.0,,,0.803023,-2.2914777600000003,"6,936.99",338.12,5.12,2026-05-05 14:19:40
329,전력저장장치(ESS),1.82,137400,피엔티 *,테마 편입 사유,58000.0,"상승  2,000",3.57,57900.0,58000.0,206076.0,12011.0,192375.0,,,0.803023,-2.2914777600000003,"6,936.99",338.12,5.12,2026-05-05 14:19:40
329,전력저장장치(ESS),1.82,416180,신성에스티 *,테마 편입 사유,38250.0,"상승  1,150",3.1,38200.0,38250.0,57350.0,2206.0,81009.0,,,0.803023,-2.2914777600000003,"6,936.99",338.12,5.12,2026-05-05 14:19:40
329,전력저장장치(ESS),1.82,178320,서진시스템 *,테마 편입 사유,61300.0,"상승  1,800",3.03,61300.0,61400.0,2071722.0,128075.0,3643481.0,,,0.803023,-2.2914777600000003,"6,936.99",338.12,5.12,2026-05-05 14:19:40
329,전력저장장치(ESS),1.82,259630,엠플러스 *,테마 편입 사유,18060.0,상승  510,2.91,18060.0,18070.0,480290.0,8796.0,346911.0,,,0.803023,-2.2914777600000003,"6,936.99",338.12,5.12,2026-05-05 14:19:40
329,전력저장장치(ESS),1.82,373220,LG에너지솔루션,테마 편입 사유,472000.0,"상승  11,500",2.5,471500.0,472000.0,425260.0,199992.0,485223.0,,,0.803023,-2.2914777600000003,"6,936.99",338.12,5.12,2026-05-05 14:19:40
329,전력저장장치(ESS),1.82,130660,한전산업,테마 편입 사유,20600.0,상승  500,2.49,20550.0,20600.0,519242.0,10689.0,374999.0,,,0.803023,-2.2914777600000003,"6,936.99",338.12,5.12,2026-05-05 14:19:40
329,전력저장장치(ESS),1.82,047310,파워로직스 *,테마 편입 사유,5300.0,상승  120,2.32,5300.0,5310.0,365507.0,1951.0,211247.0,,,0.803023,-2.2914777600000003,"6,936.99",338.12,5.12,2026-05-05 14:19:40
329,전력저장장치(ESS),1.82,089980,상아프론테크 *,테마 편입 사유,28050.0,상승  600,2.19,28000.0,28050.0,149870.0,4172.0,113157.0,,,0.803023,-2.2914777600000003,"6,936.99",338.12,5.12,2026-05-05 14:19:40
329,전력저장장치(ESS),1.82,282720,금양그린파워 *,테마 편입 사유,16420.0,상승  320,1.99,16410.0,16420.0,379.0,6.0,563438.0,,,0.803023,-2.2914777600000003,"6,936.99",338.12,5.12,2026-05-05 14:19:40
329,전력저장장치(ESS),1.82,348370,엔켐 *,테마 편입 사유,45150.0,상승  850,1.92,45100.0,45150.0,222725.0,10136.0,320058.0,,,0.803023,-2.2914777600000003,"6,936.99",338.12,5.12,2026-05-05 14:19:40
329,전력저장장치(ESS),1.82,001820,삼화콘덴서,테마 편입 사유,68400.0,"상승  1,200",1.79,68300.0,68400.0,189875.0,13069.0,268945.0,,,0.803023,-2.2914777600000003,"6,936.99",338.12,5.12,2026-05-05 14:19:40
329,전력저장장치(ESS),1.82,004490,세방전지,테마 편입 사유,67100.0,"상승  1,100",1.67,66800.0,67100.0,52133.0,3492.0,64789.0,,,0.803023,-2.2914777600000003,"6,936.99",338.12,5.12,2026-05-05 14:19:40
329,전력저장장치(ESS),1.82,066570,LG전자,테마 편입 사유,143200.0,"상승  2,300",1.63,143100.0,143200.0,1517270.0,216486.0,4601367.0,,,0.803023,-2.2914777600000003,"6,936.99",338.12,5.12,2026-05-05 14:19:40
329,전력저장장치(ESS),1.82,006400,삼성SDI,테마 편입 사유,705000.0,"상승  10,000",1.44,705000.0,706000.0,663957.0,466135.0,853824.0,,,0.803023,-2.2914777600000003,"6,936.99",338.12,5.12,2026-05-05 14:19:40
329,전력저장장치(ESS),1.82,022100,포스코DX,테마 편입 사유,35350.0,상승  450,1.29,35350.0,35400.0,402349.0,14336.0,582825.0,,,0.803023,-2.2914777600000003,"6,936.99",338.12,5.12,2026-05-05 14:19:40
329,전력저장장치(ESS),1.82,082920,비츠로셀 *,테마 편입 사유,57500.0,상승  500,0.88,57400.0,57500.0,606402.0,34359.0,592482.0,,,0.803023,-2.2914777600000003,"6,936.99",338.12,5.12,2026-05-05 14:19:40
329,전력저장장치(ESS),1.82,140670,알에스오토메이션 *,테마 편입 사유,16880.0,상승  100,0.6,16870.0,16880.0,267154.0,4567.0,389983.0,,,0.803023,-2.2914777600000003,"6,936.99",338.12,5.12,2026-05-05 14:19:40
329,전력저장장치(ESS),1.82,009470,삼화전기,테마 편입 사유,48600.0,상승  100,0.21,48600.0,48650.0,510655.0,25440.0,695251.0,,,0.803023,-2.2914777600000003,"6,936.99",338.12,5.12,2026-05-05 14:19:40
329,전력저장장치(ESS),1.82,453450,그리드위즈 *,테마 편입 사유,25200.0,상승  50,0.2,25150.0,25200.0,272807.0,6951.0,243043.0,,,0.803023,-2.2914777600000003,"6,936.99",338.12,5.12,2026-05-05 14:19:40
329,전력저장장치(ESS),1.82,222080,씨아이에스 *,테마 편입 사유,17190.0,상승  20,0.12,17180.0,17190.0,4863206.0,84337.0,6840318.0,,,0.803023,-2.2914777600000003,"6,936.99",338.12,5.12,2026-05-05 14:19:40
329,전력저장장치(ESS),1.82,273640,와이엠텍 *,테마 편입 사유,12250.0,보합0,0.0,12240.0,12250.0,474528.0,5820.0,240354.0,,,0.803023,-2.2914777600000003,"6,936.99",338.12,5.12,2026-05-05 14:19:40
329,전력저장장치(ESS),1.82,011930,신성이엔지,테마 편입 사유,3995.0,보합0,0.0,0.0,0.0,0.0,0.0,0.0,,,0.803023,-2.2914777600000003,"6,936.99",338.12,5.12,2026-05-05 14:19:40
329,전력저장장치(ESS),1.82,096770,SK이노베이션,테마 편입 사유,145700.0,하락  500,-0.34,145600.0,145700.0,1202954.0,177828.0,1134227.0,,,0.803023,-2.2914777600000003,"6,936.99",338.12,5.12,2026-05-05 14:19:40
329,전력저장장치(ESS),1.82,493330,지에프아이 *,테마 편입 사유,18750.0,하락  100,-0.53,18610.0,18750.0,94914.0,1824.0,55847.0,,,0.803023,-2.2914777600000003,"6,936.99",338.12,5.12,2026-05-05 14:19:40
329,전력저장장치(ESS),1.82,054090,삼진엘앤디 *,테마 편입 사유,1118.0,하락  20,-1.76,1117.0,1118.0,322225.0,362.0,436587.0,,,0.803023,-2.2914777600000003,"6,936.99",338.12,5.12,2026-05-05 14:19:40
329,전력저장장치(ESS),1.82,024900,디와이덕양,테마 편입 사유,2280.0,하락  85,-3.59,2280.0,2285.0,215566.0,498.0,105176.0,,,0.803023,-2.2914777600000003,"6,936.99",338.12,5.12,2026-05-05 14:19:40
329,전력저장장치(ESS),1.82,322000,HD현대에너지솔루션,테마 편입 사유,221000.0,"하락  10,000",-4.33,220500.0,221000.0,624358.0,139791.0,1439296.0,,,0.803023,-2.2914777600000003,"6,936.99",338.12,5.12,2026-05-05 14:19:40
329,전력저장장치(ESS),1.82,475150,SK이터닉스,테마 편입 사유,55200.0,"하락  2,800",-4.83,55200.0,55300.0,902526.0,49923.0,2976037.0,,,0.803023,-2.2914777600000003,"6,936.99",338.12,5.12,2026-05-05 14:19:40
329,전력저장장치(ESS),1.82,125210,아모그린텍 *,테마 편입 사유,14930.0,하락  930,-5.86,14930.0,14940.0,655616.0,10239.0,510893.0,,,0.803023,-2.2914777600000003,"6,936.99",338.12,5.12,2026-05-05 14:19:40
276,클라우드 컴퓨팅,0.33,034730,SK,테마 편입 사유,475500.0,"상승  50,500",11.88,475000.0,475500.0,325374.0,149558.0,231138.0,,,0.510725,-2.284912,"6,936.99",338.12,5.12,2026-05-05 14:19:40
276,클라우드 컴퓨팅,0.33,069410,엔텔스 *,테마 편입 사유,4980.0,상승  205,4.29,4955.0,4980.0,91060.0,446.0,38700.0,,,0.510725,-2.284912,"6,936.99",338.12,5.12,2026-05-05 14:19:40
276,클라우드 컴퓨팅,0.33,079940,가비아 *,테마 편입 사유,31100.0,"상승  1,050",3.49,30800.0,31100.0,32054.0,986.0,11877.0,,,0.510725,-2.284912,"6,936.99",338.12,5.12,2026-05-05 14:19:40
276,클라우드 컴퓨팅,0.33,023590,다우기술,테마 편입 사유,47700.0,"상승  1,300",2.8,47700.0,47900.0,102531.0,4888.0,81555.0,,,0.510725,-2.284912,"6,936.99",338.12,5.12,2026-05-05 14:19:40
276,클라우드 컴퓨팅,0.33,017670,SK텔레콤,테마 편입 사유,97400.0,"상승  2,300",2.42,97300.0,97400.0,522944.0,50587.0,1154339.0,,,0.510725,-2.284912,"6,936.99",338.12,5.12,2026-05-05 14:19:40
276,클라우드 컴퓨팅,0.33,093320,케이아이엔엑스 *,테마 편입 사유,106700.0,"상승  2,400",2.3,106700.0,106800.0,7625.0,815.0,4363.0,,,0.510725,-2.284912,"6,936.99",338.12,5.12,2026-05-05 14:19:40
276,클라우드 컴퓨팅,0.33,192250,케이사인 *,테마 편입 사유,13130.0,상승  280,2.18,13050.0,13130.0,110184.0,1451.0,115842.0,,,0.510725,-2.284912,"6,936.99",338.12,5.12,2026-05-05 14:19:40
276,클라우드 컴퓨팅,0.33,049480,오픈베이스 *,테마 편입 사유,3310.0,상승  65,2.0,3310.0,3315.0,1434732.0,4731.0,1638167.0,,,0.510725,-2.284912,"6,936.99",338.12,5.12,2026-05-05 14:19:40
276,클라우드 컴퓨팅,0.33,064400,LG씨엔에스,테마 편입 사유,65900.0,상승  900,1.38,65900.0,66000.0,377323.0,24920.0,567472.0,,,0.510725,-2.284912,"6,936.99",338.12,5.12,2026-05-05 14:19:40
276,클라우드 컴퓨팅,0.33,022100,포스코DX,테마 편입 사유,35350.0,상승  450,1.29,35350.0,35400.0,402349.0,14336.0,582825.0,,,0.510725,-2.284912,"6,936.99",338.12,5.12,2026-05-05 14:19:40
276,클라우드 컴퓨팅,0.33,205100,엑셈 *,테마 편입 사유,1975.0,상승  18,0.92,1971.0,1975.0,12225.0,24.0,2648269.0,,,0.510725,-2.284912,"6,936.99",338.12,5.12,2026-05-05 14:19:40
276,클라우드 컴퓨팅,0.33,018260,삼성에스디에스,테마 편입 사유,166900.0,상승  700,0.42,166900.0,167000.0,179036.0,29974.0,259977.0,,,0.510725,-2.284912,"6,936.99",338.12,5.12,2026-05-05 14:19:40
276,클라우드 컴퓨팅,0.33,290270,휴네시온 *,테마 편입 사유,4215.0,상승  5,0.12,4210.0,4215.0,100228.0,423.0,122773.0,,,0.510725,-2.284912,"6,936.99",338.12,5.12,2026-05-05 14:19:40
276,클라우드 컴퓨팅,0.33,049470,비트플래닛 *,테마 편입 사유,672.0,보합0,0.0,0.0,0.0,0.0,0.0,0.0,,,0.510725,-2.284912,"6,936.99",338.12,5.12,2026-05-05 14:19:40
276,클라우드 컴퓨팅,0.33,030520,한글과컴퓨터 *,테마 편입 사유,20350.0,보합0,0.0,20300.0,20350.0,85668.0,1760.0,88027.0,,,0.510725,-2.284912,"6,936.99",338.12,5.12,2026-05-05 14:19:40
276,클라우드 컴퓨팅,0.33,064800,포니링크 *,테마 편입 사유,799.0,보합0,0.0,0.0,0.0,0.0,0.0,0.0,,,0.510725,-2.284912,"6,936.99",338.12,5.12,2026-05-05 14:19:40
276,클라우드 컴퓨팅,0.33,184230,SGA솔루션즈 *,테마 편입 사유,754.0,보합0,0.0,0.0,0.0,0.0,0.0,5566857.0,,,0.510725,-2.284912,"6,936.99",338.12,5.12,2026-05-05 14:19:40
276,클라우드 컴퓨팅,0.33,012510,더존비즈온,테마 편입 사유,120000.0,보합0,0.0,120000.0,120100.0,32365.0,3886.0,44459.0,,,0.510725,-2.284912,"6,936.99",338.12,5.12,2026-05-05 14:19:40
276,클라우드 컴퓨팅,0.33,328380,솔트웨어 *,테마 편입 사유,885.0,보합0,0.0,0.0,0.0,0.0,0.0,0.0,,,0.510725,-2.284912,"6,936.99",338.12,5.12,2026-05-05 14:19:40
276,클라우드 컴퓨팅,0.33,053800,안랩 *,테마 편입 사유,63000.0,하락  100,-0.16,63000.0,63100.0,37586.0,2376.0,38163.0,,,0.510725,-2.284912,"6,936.99",338.12,5.12,2026-05-05 14:19:40
276,클라우드 컴퓨팅,0.33,060850,영림원소프트랩 *,테마 편입 사유,6450.0,하락  30,-0.46,6430.0,6450.0,26768.0,171.0,26275.0,,,0.510725,-2.284912,"6,936.99",338.12,5.12,2026-05-05 14:19:40
276,클라우드 컴퓨팅,0.33,030200,KT,테마 편입 사유,60600.0,하락  300,-0.49,60500.0,60600.0,264542.0,16006.0,386946.0,,,0.510725,-2.284912,"6,936.99",338.12,5.12,2026-05-05 14:19:40
276,클라우드 컴퓨팅,0.33,443670,에스피소프트 *,테마 편입 사유,5780.0,하락  30,-0.52,5780.0,5800.0,517.0,3.0,232263.0,,,0.510725,-2.284912,"6,936.99",338.12,5.12,2026-05-05 14:19:40
276,클라우드 컴퓨팅,0.33,035420,NAVER,테마 편입 사유,209000.0,"하락  2,000",-0.95,208500.0,209000.0,875803.0,183333.0,1387029.0,,,0.510725,-2.284912,"6,936.99",338.12,5.12,2026-05-05 14:19:40
276,클라우드 컴퓨팅,0.33,010280,아이티센엔텍 *,테마 편입 사유,5870.0,하락  70,-1.18,5870.0,5900.0,272054.0,1598.0,756896.0,,,0.510725,-2.284912,"6,936.99",338.12,5.12,2026-05-05 14:19:40
276,클라우드 컴퓨팅,0.33,072130,유엔젤,테마 편입 사유,5160.0,하락  70,-1.34,5160.0,5170.0,183071.0,957.0,145333.0,,,0.510725,-2.284912,"6,936.99",338.12,5.12,2026-05-05 14:19:40
276,클라우드 컴퓨팅,0.33,094280,효성ITX,테마 편입 사유,13000.0,하락  180,-1.37,12950.0,13000.0,43892.0,571.0,29355.0,,,0.510725,-2.284912,"6,936.99",338.12,5.12,2026-05-05 14:19:40
276,클라우드 컴퓨팅,0.33,189690,포시에스 *,테마 편입 사유,2045.0,하락  30,-1.45,2030.0,2045.0,64818.0,133.0,46860.0,,,0.510725,-2.284912,"6,936.99",338.12,5.12,2026-05-05 14:19:40
276,클라우드 컴퓨팅,0.33,307870,비투엔 *,테마 편입 사유,1140.0,하락  17,-1.47,1140.0,1150.0,292784.0,339.0,296255.0,,,0.510725,-2.284912,"6,936.99",338.12,5.12,2026-05-05 14:19:40
276,클라우드 컴퓨팅,0.33,304100,솔트룩스 *,테마 편입 사유,23050.0,하락  350,-1.5,23000.0,23050.0,82408.0,1924.0,76345.0,,,0.510725,-2.284912,"6,936.99",338.12,5.12,2026-05-05 14:19:40
276,클라우드 컴퓨팅,0.33,170790,파이오링크 *,테마 편입 사유,11200.0,하락  180,-1.58,11200.0,11220.0,57803.0,647.0,40699.0,,,0.510725,-2.284912,"6,936.99",338.12,5.12,2026-05-05 14:19:40
276,클라우드 컴퓨팅,0.33,058970,엠로 *,테마 편입 사유,27800.0,하락  450,-1.59,27800.0,27900.0,33439.0,941.0,36730.0,,,0.510725,-2.284912,"6,936.99",338.12,5.12,2026-05-05 14:19:40
276,클라우드 컴퓨팅,0.33,220180,핸디소프트 *,테마 편입 사유,1922.0,하락  33,-1.69,1922.0,1923.0,20425.0,39.0,61425.0,,,0.510725,-2.284912,"6,936.99",338.12,5.12,2026-05-05 14:19:40
276,클라우드 컴퓨팅,0.33,012030,DB,테마 편입 사유,1970.0,하락  40,-1.99,1970.0,1972.0,1777157.0,3559.0,1679466.0,,,0.510725,-2.284912,"6,936.99",338.12,5.12,2026-05-05 14:19:40
276,클라우드 컴퓨팅,0.33,242040,나무기술 *,테마 편입 사유,5000.0,하락  150,-2.91,5000.0,5010.0,1413681.0,7114.0,914170.0,,,0.510725,-2.284912,"6,936.99",338.12,5.12,2026-05-05 14:19:40
276,클라우드 컴퓨팅,0.33,041020,폴라리스오피스 *,테마 편입 사유,4815.0,하락  145,-2.92,4815.0,4825.0,1225618.0,5995.0,9155003.0,,,0.510725,-2.284912,"6,936.99",338.12,5.12,2026-05-05 14:19:40
592,부동산 보유 자산주,0.28,005300,롯데칠성,테마 편입 사유,126400.0,"상승  4,000",3.27,126300.0,126400.0,49907.0,6301.0,12962.0,,,0.5,-2.2800000000000002,"6,936.99",338.12,5.12,2026-05-05 14:19:40
592,부동산 보유 자산주,0.28,003380,하림지주 *,테마 편입 사유,13500.0,상승  380,2.9,13490.0,13500.0,1134570.0,15292.0,670176.0,,,0.5,-2.2800000000000002,"6,936.99",338.12,5.12,2026-05-05 14:19:40
592,부동산 보유 자산주,0.28,000050,경방,테마 편입 사유,10320.0,상승  220,2.18,10300.0,10320.0,85276.0,879.0,82930.0,,,0.5,-2.2800000000000002,"6,936.99",338.12,5.12,2026-05-05 14:19:40
592,부동산 보유 자산주,0.28,003610,방림,테마 편입 사유,5840.0,상승  120,2.1,5840.0,5850.0,188947.0,1094.0,102410.0,,,0.5,-2.2800000000000002,"6,936.99",338.12,5.12,2026-05-05 14:19:40
592,부동산 보유 자산주,0.28,001530,DI동일,테마 편입 사유,30500.0,상승  450,1.5,30500.0,30550.0,117698.0,3621.0,97118.0,,,0.5,-2.2800000000000002,"6,936.99",338.12,5.12,2026-05-05 14:19:40
592,부동산 보유 자산주,0.28,009070,KCTC,테마 편입 사유,6010.0,상승  80,1.35,6010.0,6020.0,415952.0,2520.0,246445.0,,,0.5,-2.2800000000000002,"6,936.99",338.12,5.12,2026-05-05 14:19:40
592,부동산 보유 자산주,0.28,128820,대성산업,테마 편입 사유,7170.0,상승  90,1.27,7170.0,7180.0,360215.0,2589.0,257000.0,,,0.5,-2.2800000000000002,"6,936.99",338.12,5.12,2026-05-05 14:19:40
592,부동산 보유 자산주,0.28,067830,세이브존I&C,테마 편입 사유,3215.0,상승  40,1.26,3210.0,3215.0,83738.0,267.0,44102.0,,,0.5,-2.2800000000000002,"6,936.99",338.12,5.12,2026-05-05 14:19:40
592,부동산 보유 자산주,0.28,004170,신세계,테마 편입 사유,410500.0,"상승  3,500",0.86,410000.0,410500.0,75458.0,30836.0,66865.0,,,0.5,-2.2800000000000002,"6,936.99",338.12,5.12,2026-05-05 14:19:40
592,부동산 보유 자산주,0.28,001460,BYC,테마 편입 사유,50800.0,상승  400,0.79,50400.0,50800.0,2605.0,131.0,1949.0,,,0.5,-2.2800000000000002,"6,936.99",338.12,5.12,2026-05-05 14:19:40
592,부동산 보유 자산주,0.28,005800,신영와코루,테마 편입 사유,15100.0,상승  20,0.13,15100.0,15140.0,11718.0,177.0,2683.0,,,0.5,-2.2800000000000002,"6,936.99",338.12,5.12,2026-05-05 14:19:40
592,부동산 보유 자산주,0.28,004060,SG세계물산,테마 편입 사유,489.0,보합0,0.0,0.0,0.0,0.0,0.0,0.0,,,0.5,-2.2800000000000002,"6,936.99",338.12,5.12,2026-05-05 14:19:40
592,부동산 보유 자산주,0.28,006040,동원산업,테마 편입 사유,38550.0,보합0,0.0,38550.0,38600.0,89164.0,3456.0,61807.0,,,0.5,-2.2800000000000002,"6,936.99",338.12,5.12,2026-05-05 14:19:40
592,부동산 보유 자산주,0.28,006730,서부T&D *,테마 편입 사유,14960.0,하락  10,-0.07,14960.0,14990.0,706837.0,10621.0,1231348.0,,,0.5,-2.2800000000000002,"6,936.99",338.12,5.12,2026-05-05 14:19:40
592,부동산 보유 자산주,0.28,029530,신도리코,테마 편입 사유,49750.0,하락  200,-0.4,49750.0,50200.0,8260.0,412.0,12606.0,,,0.5,-2.2800000000000002,"6,936.99",338.12,5.12,2026-05-05 14:19:40
592,부동산 보유 자산주,0.28,003200,일신방직,테마 편입 사유,13290.0,하락  90,-0.67,13280.0,13290.0,29142.0,391.0,34546.0,,,0.5,-2.2800000000000002,"6,936.99",338.12,5.12,2026-05-05 14:19:40
592,부동산 보유 자산주,0.28,139480,이마트,테마 편입 사유,105900.0,하락  800,-0.75,105800.0,105900.0,204604.0,21644.0,230790.0,,,0.5,-2.2800000000000002,"6,936.99",338.12,5.12,2026-05-05 14:19:40
592,부동산 보유 자산주,0.28,084670,동양고속,테마 편입 사유,37500.0,하락  300,-0.79,37500.0,37650.0,19723.0,743.0,16220.0,,,0.5,-2.2800000000000002,"6,936.99",338.12,5.12,2026-05-05 14:19:40
592,부동산 보유 자산주,0.28,000650,천일고속,테마 편입 사유,198800.0,"하락  2,200",-1.09,198800.0,199400.0,2495.0,497.0,2077.0,,,0.5,-2.2800000000000002,"6,936.99",338.12,5.12,2026-05-05 14:19:40
592,부동산 보유 자산주,0.28,294870,IPARK현대산업개발,테마 편입 사유,22600.0,하락  350,-1.53,22550.0,22600.0,208149.0,4687.0,288846.0,,,0.5,-2.2800000000000002,"6,936.99",338.12,5.12,2026-05-05 14:19:40
592,부동산 보유 자산주,0.28,010780,아이에스동서,테마 편입 사유,26050.0,하락  650,-2.43,26050.0,26150.0,78138.0,2052.0,173963.0,,,0.5,-2.2800000000000002,"6,936.99",338.12,5.12,2026-05-05 14:19:40
592,부동산 보유 자산주,0.28,038500,삼표시멘트 *,테마 편입 사유,16290.0,하락  640,-3.78,16290.0,16300.0,4092.0,67.0,2427764.0,,,0.5,-2.2800000000000002,"6,936.99",338.12,5.12,2026-05-05 14:19:40
575,지역화폐,1.08,094480,갤럭시아머니트리 *,테마 편입 사유,8780.0,상승  260,3.05,8770.0,8780.0,353305.0,3073.0,237335.0,,,0.656144,-2.27945728,"6,936.99",338.12,5.12,2026-05-05 14:19:40
575,지역화폐,1.08,052400,코나아이 *,테마 편입 사유,55700.0,"상승  1,300",2.39,55700.0,55800.0,69263.0,3911.0,101818.0,,,0.656144,-2.27945728,"6,936.99",338.12,5.12,2026-05-05 14:19:40
575,지역화폐,1.08,294570,쿠콘 *,테마 편입 사유,29950.0,상승  100,0.34,29950.0,30000.0,32517.0,978.0,15770.0,,,0.656144,-2.27945728,"6,936.99",338.12,5.12,2026-05-05 14:19:40
575,지역화폐,1.08,088340,유라클 *,테마 편입 사유,13230.0,상승  20,0.15,13200.0,13230.0,37982.0,502.0,62592.0,,,0.656144,-2.27945728,"6,936.99",338.12,5.12,2026-05-05 14:19:40
575,지역화폐,1.08,053580,웹케시 *,테마 편입 사유,9110.0,하락  50,-0.55,9070.0,9110.0,42628.0,391.0,50530.0,,,0.656144,-2.27945728,"6,936.99",338.12,5.12,2026-05-05 14:19:40
52,교육/온라인 교육,-0.72,100220,비상교육,테마 편입 사유,7400.0,상승  370,5.26,7370.0,7400.0,128934.0,947.0,44902.0,,,0.298331,-2.2474547200000003,"6,936.99",338.12,5.12,2026-05-05 14:19:40
52,교육/온라인 교육,-0.72,035290,골드앤에스 *,테마 편입 사유,716.0,상승  26,3.77,716.0,717.0,64359.0,47.0,92224.0,,,0.298331,-2.2474547200000003,"6,936.99",338.12,5.12,2026-05-05 14:19:40
52,교육/온라인 교육,-0.72,289010,아이스크림에듀 *,테마 편입 사유,1608.0,상승  33,2.1,1595.0,1608.0,94010.0,149.0,48130.0,,,0.298331,-2.2474547200000003,"6,936.99",338.12,5.12,2026-05-05 14:19:40
52,교육/온라인 교육,-0.72,084440,유비온 *,테마 편입 사유,1196.0,상승  22,1.87,1196.0,1202.0,181481.0,215.0,51066.0,,,0.298331,-2.2474547200000003,"6,936.99",338.12,5.12,2026-05-05 14:19:40
52,교육/온라인 교육,-0.72,134060,이퓨쳐 *,테마 편입 사유,4480.0,상승  25,0.56,4480.0,4495.0,5002.0,22.0,1662.0,,,0.298331,-2.2474547200000003,"6,936.99",338.12,5.12,2026-05-05 14:19:40
52,교육/온라인 교육,-0.72,049470,비트플래닛 *,테마 편입 사유,672.0,보합0,0.0,0.0,0.0,0.0,0.0,0.0,,,0.298331,-2.2474547200000003,"6,936.99",338.12,5.12,2026-05-05 14:19:40
52,교육/온라인 교육,-0.72,095720,웅진씽크빅,테마 편입 사유,1154.0,보합0,0.0,0.0,0.0,0.0,0.0,0.0,,,0.298331,-2.2474547200000003,"6,936.99",338.12,5.12,2026-05-05 14:19:40
52,교육/온라인 교육,-0.72,057030,YBM넷 *,테마 편입 사유,2885.0,하락  10,-0.35,2885.0,2890.0,29372.0,84.0,24703.0,,,0.298331,-2.2474547200000003,"6,936.99",338.12,5.12,2026-05-05 14:19:40
52,교육/온라인 교육,-0.72,019680,대교,테마 편입 사유,1497.0,하락  6,-0.4,1495.0,1497.0,67334.0,100.0,95843.0,,,0.298331,-2.2474547200000003,"6,936.99",338.12,5.12,2026-05-05 14:19:40
52,교육/온라인 교육,-0.72,133750,메가엠디 *,테마 편입 사유,1864.0,하락  8,-0.43,1840.0,1864.0,44317.0,82.0,34341.0,,,0.298331,-2.2474547200000003,"6,936.99",338.12,5.12,2026-05-05 14:19:40
52,교육/온라인 교육,-0.72,040420,정상제이엘에스 *,테마 편입 사유,5980.0,하락  30,-0.5,5980.0,5990.0,29733.0,178.0,15746.0,,,0.298331,-2.2474547200000003,"6,936.99",338.12,5.12,2026-05-05 14:19:40
52,교육/온라인 교육,-0.72,339950,아이비김영 *,테마 편입 사유,2710.0,하락  15,-0.55,2710.0,2735.0,126276.0,343.0,116873.0,,,0.298331,-2.2474547200000003,"6,936.99",338.12,5.12,2026-05-05 14:19:40
52,교육/온라인 교육,-0.72,068930,디지털대성 *,테마 편입 사유,8230.0,하락  50,-0.6,8200.0,8230.0,35680.0,291.0,19510.0,,,0.298331,-2.2474547200000003,"6,936.99",338.12,5.12,2026-05-05 14:19:40
52,교육/온라인 교육,-0.72,032850,비트컴퓨터 *,테마 편입 사유,5430.0,하락  60,-1.09,5430.0,5440.0,295921.0,1609.0,860349.0,,,0.298331,-2.2474547200000003,"6,936.99",338.12,5.12,2026-05-05 14:19:40
52,교육/온라인 교육,-0.72,215200,메가스터디교육 *,테마 편입 사유,46800.0,하락  600,-1.27,46700.0,46800.0,22352.0,1050.0,27943.0,,,0.298331,-2.2474547200000003,"6,936.99",338.12,5.12,2026-05-05 14:19:40
52,교육/온라인 교육,-0.72,461300,아이스크림미디어 *,테마 편입 사유,18360.0,하락  240,-1.29,18320.0,18360.0,53999.0,1005.0,60918.0,,,0.298331,-2.2474547200000003,"6,936.99",338.12,5.12,2026-05-05 14:19:40
52,교육/온라인 교육,-0.72,072130,유엔젤,테마 편입 사유,5160.0,하락  70,-1.34,5160.0,5170.0,183071.0,957.0,145333.0,,,0.298331,-2.2474547200000003,"6,936.99",338.12,5.12,2026-05-05 14:19:40
52,교육/온라인 교육,-0.72,215100,로보로보 *,테마 편입 사유,7700.0,하락  110,-1.41,7690.0,7700.0,755545.0,5894.0,5785248.0,,,0.298331,-2.2474547200000003,"6,936.99",338.12,5.12,2026-05-05 14:19:40
52,교육/온라인 교육,-0.72,317530,에피소드컴퍼니 *,테마 편입 사유,3980.0,하락  65,-1.61,3980.0,3990.0,7395.0,30.0,12161.0,,,0.298331,-2.2474547200000003,"6,936.99",338.12,5.12,2026-05-05 14:19:40
52,교육/온라인 교육,-0.72,373160,데이원컴퍼니 *,테마 편입 사유,4920.0,하락  90,-1.8,4920.0,4945.0,41137.0,205.0,87739.0,,,0.298331,-2.2474547200000003,"6,936.99",338.12,5.12,2026-05-05 14:19:40
52,교육/온라인 교육,-0.72,475580,에이럭스 *,테마 편입 사유,12530.0,하락  240,-1.88,12500.0,12530.0,290032.0,3651.0,307045.0,,,0.298331,-2.2474547200000003,"6,936.99",338.12,5.12,2026-05-05 14:19:40
52,교육/온라인 교육,-0.72,012030,DB,테마 편입 사유,1970.0,하락  40,-1.99,1970.0,1972.0,1777157.0,3559.0,1679466.0,,,0.298331,-2.2474547200000003,"6,936.99",338.12,5.12,2026-05-05 14:19:40
52,교육/온라인 교육,-0.72,072870,메가스터디 *,테마 편입 사유,13220.0,하락  300,-2.22,13220.0,13270.0,63968.0,851.0,27185.0,,,0.298331,-2.2474547200000003,"6,936.99",338.12,5.12,2026-05-05 14:19:40
52,교육/온라인 교육,-0.72,068290,삼성출판사,테마 편입 사유,8890.0,하락  240,-2.63,8890.0,8900.0,51203.0,459.0,19337.0,,,0.298331,-2.2474547200000003,"6,936.99",338.12,5.12,2026-05-05 14:19:40
52,교육/온라인 교육,-0.72,053290,NE능률 *,테마 편입 사유,2135.0,하락  65,-2.95,2135.0,2140.0,43522.0,94.0,38965.0,,,0.298331,-2.2474547200000003,"6,936.99",338.12,5.12,2026-05-05 14:19:40
52,교육/온라인 교육,-0.72,096240,크레버스 *,테마 편입 사유,10800.0,하락  340,-3.05,10790.0,10800.0,40912.0,444.0,57118.0,,,0.298331,-2.2474547200000003,"6,936.99",338.12,5.12,2026-05-05 14:19:40
52,교육/온라인 교육,-0.72,067280,멀티캠퍼스 *,테마 편입 사유,27700.0,"하락  1,700",-5.78,27700.0,27750.0,155324.0,4334.0,11736.0,,,0.298331,-2.2474547200000003,"6,936.99",338.12,5.12,2026-05-05 14:19:40
583,2025 하반기 신규상장,0.31,012210,삼미금속 *,테마 편입 사유,15450.0,"상승  2,110",15.82,15440.0,15450.0,2844478.0,42866.0,158889.0,,,0.499296,-2.24639552,"6,936.99",338.12,5.12,2026-05-05 14:19:40
583,2025 하반기 신규상장,0.31,490470,세미파이브 *,테마 편입 사유,48800.0,"상승  6,350",14.96,48800.0,48850.0,4905402.0,239989.0,3306548.0,,,0.499296,-2.24639552,"6,936.99",338.12,5.12,2026-05-05 14:19:40
583,2025 하반기 신규상장,0.31,0015G0,그린광학 *,테마 편입 사유,35050.0,"상승  2,350",7.19,35000.0,35050.0,600232.0,21074.0,163238.0,,,0.499296,-2.24639552,"6,936.99",338.12,5.12,2026-05-05 14:19:40
583,2025 하반기 신규상장,0.31,217590,티엠씨,테마 편입 사유,30950.0,"상승  2,000",6.91,30900.0,30950.0,715923.0,22009.0,299228.0,,,0.499296,-2.24639552,"6,936.99",338.12,5.12,2026-05-05 14:19:40
583,2025 하반기 신규상장,0.31,0007C0,아크릴 *,테마 편입 사유,40800.0,"상승  2,000",5.15,40750.0,40800.0,450087.0,18186.0,512096.0,,,0.499296,-2.24639552,"6,936.99",338.12,5.12,2026-05-05 14:19:40
583,2025 하반기 신규상장,0.31,488900,비츠로넥스텍 *,테마 편입 사유,19410.0,상승  740,3.96,19380.0,19410.0,98019.0,1889.0,139011.0,,,0.499296,-2.24639552,"6,936.99",338.12,5.12,2026-05-05 14:19:40
583,2025 하반기 신규상장,0.31,488280,에스투더블유 *,테마 편입 사유,26250.0,상승  800,3.14,26250.0,26300.0,3100.0,81.0,719124.0,,,0.499296,-2.24639552,"6,936.99",338.12,5.12,2026-05-05 14:19:40
583,2025 하반기 신규상장,0.31,463020,뉴엔AI *,테마 편입 사유,15180.0,상승  460,3.13,15180.0,15190.0,472398.0,7272.0,335552.0,,,0.499296,-2.24639552,"6,936.99",338.12,5.12,2026-05-05 14:19:40
583,2025 하반기 신규상장,0.31,234030,싸이닉솔루션 *,테마 편입 사유,7380.0,상승  110,1.51,7380.0,7390.0,196.0,1.0,264519.0,,,0.499296,-2.24639552,"6,936.99",338.12,5.12,2026-05-05 14:19:40
583,2025 하반기 신규상장,0.31,462310,뉴키즈온 *,테마 편입 사유,4505.0,상승  55,1.24,4420.0,4500.0,19838.0,89.0,40432.0,,,0.499296,-2.24639552,"6,936.99",338.12,5.12,2026-05-05 14:19:40
583,2025 하반기 신규상장,0.31,0088D0,메리츠제1호스팩 *,테마 편입 사유,2180.0,상승  15,0.69,2180.0,2195.0,18210.0,40.0,20215.0,,,0.499296,-2.24639552,"6,936.99",338.12,5.12,2026-05-05 14:19:40
583,2025 하반기 신규상장,0.31,397810,애드포러스 *,테마 편입 사유,6600.0,상승  40,0.61,6600.0,6610.0,27951.0,183.0,15814.0,,,0.499296,-2.24639552,"6,936.99",338.12,5.12,2026-05-05 14:19:40
583,2025 하반기 신규상장,0.31,0015N0,아로마티카 *,테마 편입 사유,9600.0,상승  50,0.52,9590.0,9600.0,149245.0,1441.0,156317.0,,,0.499296,-2.24639552,"6,936.99",338.12,5.12,2026-05-05 14:19:40
583,2025 하반기 신규상장,0.31,0099X0,IBKS제25호스팩 *,테마 편입 사유,2145.0,상승  10,0.47,2140.0,2145.0,48837.0,104.0,8577.0,,,0.499296,-2.24639552,"6,936.99",338.12,5.12,2026-05-05 14:19:40
583,2025 하반기 신규상장,0.31,317450,명인제약,테마 편입 사유,56000.0,상승  200,0.36,55900.0,56000.0,17249.0,968.0,15326.0,,,0.499296,-2.24639552,"6,936.99",338.12,5.12,2026-05-05 14:19:40
583,2025 하반기 신규상장,0.31,0030R0,대신밸류리츠,테마 편입 사유,4340.0,상승  15,0.35,4310.0,4340.0,94877.0,408.0,95799.0,,,0.499296,-2.24639552,"6,936.99",338.12,5.12,2026-05-05 14:19:40
583,2025 하반기 신규상장,0.31,466690,키움히어로제1호스팩 *,테마 편입 사유,2020.0,상승  5,0.25,2015.0,2020.0,3346.0,7.0,3747.0,,,0.499296,-2.24639552,"6,936.99",338.12,5.12,2026-05-05 14:19:40
583,2025 하반기 신규상장,0.31,0091W0,신영스팩11호 *,테마 편입 사유,2085.0,상승  5,0.24,2075.0,2085.0,14982.0,31.0,8322.0,,,0.499296,-2.24639552,"6,936.99",338.12,5.12,2026-05-05 14:19:40
583,2025 하반기 신규상장,0.31,478340,나라스페이스테크놀로지 *,테마 편입 사유,34150.0,상승  50,0.15,34150.0,34200.0,176244.0,6179.0,251114.0,,,0.499296,-2.24639552,"6,936.99",338.12,5.12,2026-05-05 14:19:40
583,2025 하반기 신규상장,0.31,342870,오아 *,테마 편입 사유,6820.0,상승  10,0.15,6790.0,6820.0,12408.0,85.0,11607.0,,,0.499296,-2.24639552,"6,936.99",338.12,5.12,2026-05-05 14:19:40
583,2025 하반기 신규상장,0.31,0013V0,삼진식품 *,테마 편입 사유,7360.0,상승  10,0.14,7350.0,7360.0,55067.0,408.0,66717.0,,,0.499296,-2.24639552,"6,936.99",338.12,5.12,2026-05-05 14:19:40
583,2025 하반기 신규상장,0.31,0072Z0,KB제33호스팩 *,테마 편입 사유,2000.0,상승  1,0.05,1999.0,2000.0,2660.0,5.0,2609.0,,,0.499296,-2.24639552,"6,936.99",338.12,5.12,2026-05-05 14:19:40
583,2025 하반기 신규상장,0.31,0101C0,하나36호스팩 *,테마 편입 사유,2000.0,상승  1,0.05,2000.0,2005.0,2824.0,6.0,2202.0,,,0.499296,-2.24639552,"6,936.99",338.12,5.12,2026-05-05 14:19:40
583,2025 하반기 신규상장,0.31,459550,알트 *,테마 편입 사유,2900.0,보합0,0.0,2895.0,2900.0,298104.0,874.0,403352.0,,,0.499296,-2.24639552,"6,936.99",338.12,5.12,2026-05-05 14:19:40
583,2025 하반기 신규상장,0.31,475230,엔알비 *,테마 편입 사유,18850.0,보합0,0.0,18840.0,18850.0,62041.0,1169.0,104136.0,,,0.499296,-2.24639552,"6,936.99",338.12,5.12,2026-05-05 14:19:40
583,2025 하반기 신규상장,0.31,0041J0,엘에스스팩1호 *,테마 편입 사유,2000.0,보합0,0.0,2000.0,2010.0,805.0,2.0,29941.0,,,0.499296,-2.24639552,"6,936.99",338.12,5.12,2026-05-05 14:19:40
583,2025 하반기 신규상장,0.31,0105P0,유진스팩12호 *,테마 편입 사유,2005.0,보합0,0.0,2000.0,2005.0,3503.0,7.0,3202.0,,,0.499296,-2.24639552,"6,936.99",338.12,5.12,2026-05-05 14:19:40
583,2025 하반기 신규상장,0.31,0041L0,하나35호스팩 *,테마 편입 사유,2010.0,보합0,0.0,2005.0,2010.0,2662.0,5.0,2500.0,,,0.499296,-2.24639552,"6,936.99",338.12,5.12,2026-05-05 14:19:40
583,2025 하반기 신규상장,0.31,0068Y0,비엔케이제3호스팩 *,테마 편입 사유,2000.0,보합0,0.0,2000.0,2010.0,4588.0,9.0,11947.0,,,0.499296,-2.24639552,"6,936.99",338.12,5.12,2026-05-05 14:19:40
583,2025 하반기 신규상장,0.31,439260,대한조선,테마 편입 사유,89500.0,보합0,0.0,89500.0,89600.0,145689.0,13188.0,167663.0,,,0.499296,-2.24639552,"6,936.99",338.12,5.12,2026-05-05 14:19:40
583,2025 하반기 신규상장,0.31,0097F0,미래에셋비전스팩10호 *,테마 편입 사유,1998.0,보합0,0.0,1998.0,2000.0,1330.0,3.0,7072.0,,,0.499296,-2.24639552,"6,936.99",338.12,5.12,2026-05-05 14:19:40
583,2025 하반기 신규상장,0.31,0096B0,삼성스팩12호 *,테마 편입 사유,2005.0,보합0,0.0,2000.0,2005.0,28331.0,57.0,29801.0,,,0.499296,-2.24639552,"6,936.99",338.12,5.12,2026-05-05 14:19:40
583,2025 하반기 신규상장,0.31,0096D0,미래에셋비전스팩9호 *,테마 편입 사유,1999.0,하락  1,-0.05,1999.0,2000.0,14052.0,28.0,881.0,,,0.499296,-2.24639552,"6,936.99",338.12,5.12,2026-05-05 14:19:40
583,2025 하반기 신규상장,0.31,0093G0,미래에셋비전스팩8호 *,테마 편입 사유,1997.0,하락  1,-0.05,1997.0,1999.0,10969.0,22.0,3873.0,,,0.499296,-2.24639552,"6,936.99",338.12,5.12,2026-05-05 14:19:40
583,2025 하반기 신규상장,0.31,125490,한라캐스트 *,테마 편입 사유,17090.0,하락  40,-0.23,17090.0,17100.0,1114318.0,19352.0,1556303.0,,,0.499296,-2.24639552,"6,936.99",338.12,5.12,2026-05-05 14:19:40
583,2025 하반기 신규상장,0.31,0054V0,엔에이치스팩32호 *,테마 편입 사유,2040.0,하락  5,-0.24,2040.0,2045.0,4733.0,10.0,2391.0,,,0.499296,-2.24639552,"6,936.99",338.12,5.12,2026-05-05 14:19:40
583,2025 하반기 신규상장,0.31,0037T0,KB제32호스팩 *,테마 편입 사유,2005.0,하락  5,-0.25,2000.0,2005.0,2489.0,5.0,585.0,,,0.499296,-2.24639552,"6,936.99",338.12,5.12,2026-05-05 14:19:40
583,2025 하반기 신규상장,0.31,0004Y0,디비금융제14호스팩 *,테마 편입 사유,2025.0,하락  5,-0.25,2025.0,2030.0,24761.0,50.0,2029.0,,,0.499296,-2.24639552,"6,936.99",338.12,5.12,2026-05-05 14:19:40
583,2025 하반기 신규상장,0.31,0099W0,미래에셋비전스팩11호 *,테마 편입 사유,2000.0,하락  5,-0.25,2000.0,2005.0,13950.0,28.0,5856.0,,,0.499296,-2.24639552,"6,936.99",338.12,5.12,2026-05-05 14:19:40
583,2025 하반기 신규상장,0.31,0071M0,삼성스팩11호 *,테마 편입 사유,2010.0,하락  5,-0.25,2005.0,2010.0,4087.0,8.0,8668.0,,,0.499296,-2.24639552,"6,936.99",338.12,5.12,2026-05-05 14:19:40
583,2025 하반기 신규상장,0.31,0044K0,삼성스팩10호 *,테마 편입 사유,2035.0,하락  5,-0.25,2020.0,2035.0,4066.0,8.0,14562.0,,,0.499296,-2.24639552,"6,936.99",338.12,5.12,2026-05-05 14:19:40
583,2025 하반기 신규상장,0.31,0009K0,에임드바이오 *,테마 편입 사유,46700.0,하락  150,-0.32,46700.0,46750.0,115347.0,5420.0,194521.0,,,0.499296,-2.24639552,"6,936.99",338.12,5.12,2026-05-05 14:19:40
583,2025 하반기 신규상장,0.31,061090,세나테크놀로지 *,테마 편입 사유,42400.0,하락  150,-0.35,42400.0,42500.0,12216.0,525.0,18306.0,,,0.499296,-2.24639552,"6,936.99",338.12,5.12,2026-05-05 14:19:40
583,2025 하반기 신규상장,0.31,388210,씨엠티엑스 *,테마 편입 사유,140200.0,하락  500,-0.36,140200.0,140400.0,87468.0,12456.0,95880.0,,,0.499296,-2.24639552,"6,936.99",338.12,5.12,2026-05-05 14:19:40
583,2025 하반기 신규상장,0.31,0010V0,제이피아이헬스케어 *,테마 편입 사유,12150.0,하락  50,-0.41,12150.0,12160.0,18222.0,220.0,10523.0,,,0.499296,-2.24639552,"6,936.99",338.12,5.12,2026-05-05 14:19:40
583,2025 하반기 신규상장,0.31,484120,도우인시스 *,테마 편입 사유,23100.0,하락  100,-0.43,23050.0,23100.0,22386.0,519.0,68862.0,,,0.499296,-2.24639552,"6,936.99",338.12,5.12,2026-05-05 14:19:40
583,2025 하반기 신규상장,0.31,456160,지투지바이오 *,테마 편입 사유,85200.0,하락  400,-0.47,85200.0,85300.0,280030.0,24084.0,739237.0,,,0.499296,-2.24639552,"6,936.99",338.12,5.12,2026-05-05 14:19:40
583,2025 하반기 신규상장,0.31,0098T0,교보19호스팩 *,테마 편입 사유,2035.0,하락  10,-0.49,2030.0,2035.0,4417.0,9.0,6906.0,,,0.499296,-2.24639552,"6,936.99",338.12,5.12,2026-05-05 14:19:40
583,2025 하반기 신규상장,0.31,0015S0,페스카로 *,테마 편입 사유,14980.0,하락  110,-0.73,14970.0,14980.0,80846.0,1228.0,77135.0,,,0.499296,-2.24639552,"6,936.99",338.12,5.12,2026-05-05 14:19:40
583,2025 하반기 신규상장,0.31,476830,알지노믹스 *,테마 편입 사유,174500.0,"하락  1,400",-0.8,174500.0,174600.0,175840.0,31300.0,217273.0,,,0.499296,-2.24639552,"6,936.99",338.12,5.12,2026-05-05 14:19:40
583,2025 하반기 신규상장,0.31,484590,삼양컴텍 *,테마 편입 사유,12930.0,하락  110,-0.84,12930.0,12940.0,221295.0,2869.0,257536.0,,,0.499296,-2.24639552,"6,936.99",338.12,5.12,2026-05-05 14:19:40
583,2025 하반기 신규상장,0.31,380550,뉴로핏 *,테마 편입 사유,19930.0,하락  170,-0.85,19930.0,19940.0,169835.0,3401.0,160621.0,,,0.499296,-2.24639552,"6,936.99",338.12,5.12,2026-05-05 14:19:40
583,2025 하반기 신규상장,0.31,261520,이지스 *,테마 편입 사유,7800.0,하락  70,-0.89,7800.0,7810.0,50826.0,402.0,80886.0,,,0.499296,-2.24639552,"6,936.99",338.12,5.12,2026-05-05 14:19:40
583,2025 하반기 신규상장,0.31,0041B0,교보18호스팩 *,테마 편입 사유,2025.0,하락  20,-0.98,2020.0,2025.0,19334.0,39.0,8627.0,,,0.499296,-2.24639552,"6,936.99",338.12,5.12,2026-05-05 14:19:40
583,2025 하반기 신규상장,0.31,014950,삼익제약 *,테마 편입 사유,9540.0,하락  140,-1.45,9540.0,9550.0,56098.0,537.0,38802.0,,,0.499296,-2.24639552,"6,936.99",338.12,5.12,2026-05-05 14:19:40
583,2025 하반기 신규상장,0.31,950250,테라뷰 *,테마 편입 사유,6650.0,하락  120,-1.77,6640.0,6650.0,443343.0,3001.0,490818.0,,,0.499296,-2.24639552,"6,936.99",338.12,5.12,2026-05-05 14:19:40
583,2025 하반기 신규상장,0.31,491000,리브스메드 *,테마 편입 사유,69800.0,"하락  1,400",-1.97,69800.0,69900.0,318318.0,22484.0,294910.0,,,0.499296,-2.24639552,"6,936.99",338.12,5.12,2026-05-05 14:19:40
583,2025 하반기 신규상장,0.31,403850,더핑크퐁컴퍼니 *,테마 편입 사유,17120.0,하락  350,-2.0,17120.0,17130.0,38763.0,669.0,72076.0,,,0.499296,-2.24639552,"6,936.99",338.12,5.12,2026-05-05 14:19:40
583,2025 하반기 신규상장,0.31,486990,노타 *,테마 편입 사유,34700.0,하락  750,-2.12,34650.0,34700.0,319765.0,11024.0,323974.0,,,0.499296,-2.24639552,"6,936.99",338.12,5.12,2026-05-05 14:19:40
583,2025 하반기 신규상장,0.31,468530,프로티나 *,테마 편입 사유,55200.0,"하락  1,200",-2.13,55200.0,55300.0,65073.0,3646.0,167574.0,,,0.499296,-2.24639552,"6,936.99",338.12,5.12,2026-05-05 14:19:40
583,2025 하반기 신규상장,0.31,331740,아우토크립트 *,테마 편입 사유,14810.0,하락  430,-2.82,14810.0,14830.0,132749.0,1982.0,133835.0,,,0.499296,-2.24639552,"6,936.99",338.12,5.12,2026-05-05 14:19:40
583,2025 하반기 신규상장,0.31,318060,그래피 *,테마 편입 사유,32250.0,하락  950,-2.86,32250.0,32300.0,335047.0,10955.0,431885.0,,,0.499296,-2.24639552,"6,936.99",338.12,5.12,2026-05-05 14:19:40
583,2025 하반기 신규상장,0.31,464490,쿼드메디슨 *,테마 편입 사유,12980.0,하락  400,-2.99,12940.0,12980.0,156393.0,2051.0,80344.0,,,0.499296,-2.24639552,"6,936.99",338.12,5.12,2026-05-05 14:19:40
583,2025 하반기 신규상장,0.31,494120,큐리오시스 *,테마 편입 사유,50100.0,"하락  1,900",-3.65,50100.0,50200.0,103049.0,5246.0,69331.0,,,0.499296,-2.24639552,"6,936.99",338.12,5.12,2026-05-05 14:19:40
583,2025 하반기 신규상장,0.31,0008Z0,에스엔시스 *,테마 편입 사유,40150.0,"하락  2,150",-5.08,40100.0,40150.0,226284.0,9153.0,162656.0,,,0.499296,-2.24639552,"6,936.99",338.12,5.12,2026-05-05 14:19:40
583,2025 하반기 신규상장,0.31,469610,이노테크 *,테마 편입 사유,24400.0,"하락  2,200",-8.27,24400.0,24450.0,427686.0,10726.0,357821.0,,,0.499296,-2.24639552,"6,936.99",338.12,5.12,2026-05-05 14:19:40
543,의료AI,-1.34,127120,제이에스링크 *,테마 편입 사유,44100.0,"상승  3,300",8.09,44050.0,44100.0,240920.0,10428.0,131763.0,,,0.174013,-2.23094656,"6,936.99",338.12,5.12,2026-05-05 14:19:40
543,의료AI,-1.34,0007C0,아크릴 *,테마 편입 사유,40800.0,"상승  2,000",5.15,40750.0,40800.0,450087.0,18186.0,512096.0,,,0.174013,-2.23094656,"6,936.99",338.12,5.12,2026-05-05 14:19:40
543,의료AI,-1.34,384470,코어라인소프트 *,테마 편입 사유,3940.0,상승  135,3.55,3935.0,3940.0,191162.0,756.0,117602.0,,,0.174013,-2.23094656,"6,936.99",338.12,5.12,2026-05-05 14:19:40
543,의료AI,-1.34,458870,씨어스 *,테마 편입 사유,48800.0,"상승  1,150",2.41,48800.0,48850.0,225232.0,10743.0,206742.0,,,0.174013,-2.23094656,"6,936.99",338.12,5.12,2026-05-05 14:19:40
543,의료AI,-1.34,354200,엔젠바이오 *,테마 편입 사유,1170.0,상승  11,0.95,1160.0,1170.0,388323.0,446.0,582726.0,,,0.174013,-2.23094656,"6,936.99",338.12,5.12,2026-05-05 14:19:40
543,의료AI,-1.34,315640,딥노이드 *,테마 편입 사유,3630.0,상승  30,0.83,3625.0,3630.0,257371.0,936.0,270949.0,,,0.174013,-2.23094656,"6,936.99",338.12,5.12,2026-05-05 14:19:40
543,의료AI,-1.34,033230,인성정보 *,테마 편입 사유,1959.0,상승  13,0.67,1958.0,1959.0,1010.0,2.0,4767263.0,,,0.174013,-2.23094656,"6,936.99",338.12,5.12,2026-05-05 14:19:40
543,의료AI,-1.34,322510,제이엘케이 *,테마 편입 사유,7210.0,상승  30,0.42,7200.0,7210.0,291591.0,2110.0,335509.0,,,0.174013,-2.23094656,"6,936.99",338.12,5.12,2026-05-05 14:19:40
543,의료AI,-1.34,226330,신테카바이오 *,테마 편입 사유,3180.0,상승  10,0.32,3160.0,3180.0,257235.0,821.0,123622.0,,,0.174013,-2.23094656,"6,936.99",338.12,5.12,2026-05-05 14:19:40
543,의료AI,-1.34,328130,루닛 *,테마 편입 사유,20800.0,상승  50,0.24,20800.0,20850.0,1091457.0,23383.0,289308.0,,,0.174013,-2.23094656,"6,936.99",338.12,5.12,2026-05-05 14:19:40
543,의료AI,-1.34,419540,비스토스 *,테마 편입 사유,877.0,보합0,0.0,0.0,0.0,0.0,0.0,0.0,,,0.174013,-2.23094656,"6,936.99",338.12,5.12,2026-05-05 14:19:40
543,의료AI,-1.34,041920,메디아나 *,테마 편입 사유,20950.0,하락  50,-0.24,20950.0,21000.0,115062.0,2390.0,182302.0,,,0.174013,-2.23094656,"6,936.99",338.12,5.12,2026-05-05 14:19:40
543,의료AI,-1.34,393210,토마토시스템 *,테마 편입 사유,4480.0,하락  25,-0.55,4475.0,4480.0,63740.0,289.0,55497.0,,,0.174013,-2.23094656,"6,936.99",338.12,5.12,2026-05-05 14:19:40
543,의료AI,-1.34,108860,셀바스AI *,테마 편입 사유,13040.0,하락  100,-0.76,13030.0,13040.0,287524.0,3778.0,507836.0,,,0.174013,-2.23094656,"6,936.99",338.12,5.12,2026-05-05 14:19:40
543,의료AI,-1.34,380550,뉴로핏 *,테마 편입 사유,19930.0,하락  170,-0.85,19930.0,19940.0,169835.0,3401.0,160621.0,,,0.174013,-2.23094656,"6,936.99",338.12,5.12,2026-05-05 14:19:40
543,의료AI,-1.34,223250,드림씨아이에스 *,테마 편입 사유,4885.0,하락  65,-1.31,4880.0,4885.0,100689.0,491.0,99779.0,,,0.174013,-2.23094656,"6,936.99",338.12,5.12,2026-05-05 14:19:40
543,의료AI,-1.34,388870,파로스아이바이오 *,테마 편입 사유,8990.0,하락  160,-1.75,8990.0,9010.0,191390.0,1751.0,140460.0,,,0.174013,-2.23094656,"6,936.99",338.12,5.12,2026-05-05 14:19:40
543,의료AI,-1.34,347700,스피어 *,테마 편입 사유,41450.0,하락  750,-1.78,41450.0,41500.0,954777.0,39505.0,1447648.0,,,0.174013,-2.23094656,"6,936.99",338.12,5.12,2026-05-05 14:19:40
543,의료AI,-1.34,099750,이지케어텍 *,테마 편입 사유,8530.0,하락  160,-1.84,8530.0,8540.0,22506.0,193.0,12596.0,,,0.174013,-2.23094656,"6,936.99",338.12,5.12,2026-05-05 14:19:40
543,의료AI,-1.34,208370,셀바스헬스케어 *,테마 편입 사유,4250.0,하락  90,-2.07,4245.0,4250.0,165793.0,712.0,206723.0,,,0.174013,-2.23094656,"6,936.99",338.12,5.12,2026-05-05 14:19:40
543,의료AI,-1.34,394800,쓰리빌리언 *,테마 편입 사유,13130.0,하락  380,-2.81,13120.0,13130.0,219913.0,2910.0,193412.0,,,0.174013,-2.23094656,"6,936.99",338.12,5.12,2026-05-05 14:19:40
543,의료AI,-1.34,041020,폴라리스오피스 *,테마 편입 사유,4815.0,하락  145,-2.92,4815.0,4825.0,1225618.0,5995.0,9155003.0,,,0.174013,-2.23094656,"6,936.99",338.12,5.12,2026-05-05 14:19:40
543,의료AI,-1.34,229000,젠큐릭스 *,테마 편입 사유,2270.0,하락  70,-2.99,2265.0,2270.0,362659.0,829.0,125137.0,,,0.174013,-2.23094656,"6,936.99",338.12,5.12,2026-05-05 14:19:40
543,의료AI,-1.34,340810,시선AI *,테마 편입 사유,3235.0,하락  100,-3.0,3235.0,3240.0,653301.0,2147.0,6217308.0,,,0.174013,-2.23094656,"6,936.99",338.12,5.12,2026-05-05 14:19:40
543,의료AI,-1.34,382150,온코크로스 *,테마 편입 사유,8200.0,하락  300,-3.53,8200.0,8240.0,179910.0,1496.0,239393.0,,,0.174013,-2.23094656,"6,936.99",338.12,5.12,2026-05-05 14:19:40
543,의료AI,-1.34,084650,랩지노믹스 *,테마 편입 사유,1277.0,하락  51,-3.84,1276.0,1277.0,1234842.0,1600.0,793456.0,,,0.174013,-2.23094656,"6,936.99",338.12,5.12,2026-05-05 14:19:40
543,의료AI,-1.34,376930,노을 *,테마 편입 사유,1460.0,하락  88,-5.68,1460.0,1463.0,1020362.0,1517.0,767313.0,,,0.174013,-2.23094656,"6,936.99",338.12,5.12,2026-05-05 14:19:40
543,의료AI,-1.34,376900,로킷헬스케어 *,테마 편입 사유,71500.0,"하락  5,000",-6.54,71400.0,71500.0,343025.0,25081.0,256370.0,,,0.174013,-2.23094656,"6,936.99",338.12,5.12,2026-05-05 14:19:40
543,의료AI,-1.34,338220,뷰노 *,테마 편입 사유,17250.0,"하락  1,710",-9.02,17250.0,17280.0,204697.0,3656.0,60022.0,,,0.174013,-2.23094656,"6,936.99",338.12,5.12,2026-05-05 14:19:40
543,의료AI,-1.34,288980,모아데이타 *,테마 편입 사유,1210.0,하락  156,-11.42,1208.0,1210.0,2516184.0,3101.0,670444.0,,,0.174013,-2.23094656,"6,936.99",338.12,5.12,2026-05-05 14:19:40
326,3D 프린터,-0.37,039440,에스티아이 *,테마 편입 사유,40850.0,"상승  3,450",9.22,40800.0,40850.0,806896.0,32868.0,330780.0,,,0.358761,-2.20685632,"6,936.99",338.12,5.12,2026-05-05 14:19:40
326,3D 프린터,-0.37,104540,코렌텍 *,테마 편입 사유,5880.0,상승  50,0.86,5880.0,5910.0,42767.0,254.0,46748.0,,,0.358761,-2.20685632,"6,936.99",338.12,5.12,2026-05-05 14:19:40
326,3D 프린터,-0.37,033200,모아텍 *,테마 편입 사유,3965.0,상승  15,0.38,3965.0,3970.0,15386.0,61.0,20608.0,,,0.358761,-2.20685632,"6,936.99",338.12,5.12,2026-05-05 14:19:40
326,3D 프린터,-0.37,474650,링크솔루션 *,테마 편입 사유,59400.0,보합0,0.0,59400.0,59600.0,62780.0,3784.0,92334.0,,,0.358761,-2.20685632,"6,936.99",338.12,5.12,2026-05-05 14:19:40
326,3D 프린터,-0.37,126700,하이비젼시스템 *,테마 편입 사유,18360.0,하락  30,-0.16,18350.0,18360.0,180228.0,3367.0,124087.0,,,0.358761,-2.20685632,"6,936.99",338.12,5.12,2026-05-05 14:19:40
326,3D 프린터,-0.37,090710,휴림로봇 *,테마 편입 사유,12510.0,하락  110,-0.87,12510.0,12520.0,5473955.0,68119.0,10043004.0,,,0.358761,-2.20685632,"6,936.99",338.12,5.12,2026-05-05 14:19:40
326,3D 프린터,-0.37,048770,TPC로보틱스 *,테마 편입 사유,3905.0,하락  40,-1.01,3900.0,3905.0,423256.0,1668.0,1721531.0,,,0.358761,-2.20685632,"6,936.99",338.12,5.12,2026-05-05 14:19:40
326,3D 프린터,-0.37,246710,티앤알바이오팹 *,테마 편입 사유,2920.0,하락  40,-1.35,2920.0,2930.0,286527.0,849.0,297078.0,,,0.358761,-2.20685632,"6,936.99",338.12,5.12,2026-05-05 14:19:40
326,3D 프린터,-0.37,090360,로보스타 *,테마 편입 사유,71600.0,"하락  1,300",-1.78,71600.0,71700.0,80705.0,5854.0,158548.0,,,0.358761,-2.20685632,"6,936.99",338.12,5.12,2026-05-05 14:19:40
326,3D 프린터,-0.37,099440,스맥 *,테마 편입 사유,4305.0,하락  125,-2.82,4300.0,4305.0,1216189.0,5245.0,1068771.0,,,0.358761,-2.20685632,"6,936.99",338.12,5.12,2026-05-05 14:19:40
326,3D 프린터,-0.37,376900,로킷헬스케어 *,테마 편입 사유,71500.0,"하락  5,000",-6.54,71400.0,71500.0,343025.0,25081.0,256370.0,,,0.358761,-2.20685632,"6,936.99",338.12,5.12,2026-05-05 14:19:40
175,의료기기,-0.75,214450,파마리서치 *,테마 편입 사유,339000.0,"상승  25,500",8.13,339000.0,339500.0,254668.0,87880.0,86878.0,,,0.281361,-2.19056832,"6,936.99",338.12,5.12,2026-05-05 14:19:40
175,의료기기,-0.75,317690,퀀타매트릭스 *,테마 편입 사유,4215.0,상승  305,7.8,4210.0,4215.0,560904.0,2364.0,85942.0,,,0.281361,-2.19056832,"6,936.99",338.12,5.12,2026-05-05 14:19:40
175,의료기기,-0.75,005930,삼성전자,테마 편입 사유,232500.0,"상승  12,000",5.44,232000.0,232500.0,31909907.0,7302350.0,22161975.0,,,0.281361,-2.19056832,"6,936.99",338.12,5.12,2026-05-05 14:19:40
175,의료기기,-0.75,460940,피앤에스로보틱스 *,테마 편입 사유,8480.0,상승  300,3.67,8470.0,8480.0,114782.0,972.0,286838.0,,,0.281361,-2.19056832,"6,936.99",338.12,5.12,2026-05-05 14:19:40
175,의료기기,-0.75,384470,코어라인소프트 *,테마 편입 사유,3940.0,상승  135,3.55,3935.0,3940.0,191162.0,756.0,117602.0,,,0.281361,-2.19056832,"6,936.99",338.12,5.12,2026-05-05 14:19:40
175,의료기기,-0.75,099190,아이센스 *,테마 편입 사유,21800.0,상승  600,2.83,21750.0,21800.0,122412.0,2672.0,80215.0,,,0.281361,-2.19056832,"6,936.99",338.12,5.12,2026-05-05 14:19:40
175,의료기기,-0.75,458870,씨어스 *,테마 편입 사유,48800.0,"상승  1,150",2.41,48800.0,48850.0,225232.0,10743.0,206742.0,,,0.281361,-2.19056832,"6,936.99",338.12,5.12,2026-05-05 14:19:40
175,의료기기,-0.75,214430,아이쓰리시스템 *,테마 편입 사유,105800.0,"상승  1,800",1.73,105700.0,105800.0,53844.0,5613.0,50928.0,,,0.281361,-2.19056832,"6,936.99",338.12,5.12,2026-05-05 14:19:40
175,의료기기,-0.75,119610,인터로조 *,테마 편입 사유,21850.0,상승  350,1.63,21800.0,21850.0,50545.0,1109.0,78550.0,,,0.281361,-2.19056832,"6,936.99",338.12,5.12,2026-05-05 14:19:40
175,의료기기,-0.75,099430,바이오플러스 *,테마 편입 사유,5870.0,상승  90,1.56,5860.0,5870.0,407849.0,2409.0,478639.0,,,0.281361,-2.19056832,"6,936.99",338.12,5.12,2026-05-05 14:19:40
175,의료기기,-0.75,067630,HLB생명과학 *,테마 편입 사유,4240.0,상승  65,1.56,4235.0,4240.0,366041.0,1540.0,251629.0,,,0.281361,-2.19056832,"6,936.99",338.12,5.12,2026-05-05 14:19:40
175,의료기기,-0.75,042520,한스바이오메드 *,테마 편입 사유,29850.0,상승  450,1.53,29800.0,29850.0,174638.0,5273.0,151787.0,,,0.281361,-2.19056832,"6,936.99",338.12,5.12,2026-05-05 14:19:40
175,의료기기,-0.75,043150,바텍 *,테마 편입 사유,23300.0,상승  300,1.3,23250.0,23300.0,23180.0,543.0,29140.0,,,0.281361,-2.19056832,"6,936.99",338.12,5.12,2026-05-05 14:19:40
175,의료기기,-0.75,199550,레이저옵텍 *,테마 편입 사유,5500.0,상승  70,1.29,5500.0,5520.0,36545.0,201.0,34457.0,,,0.281361,-2.19056832,"6,936.99",338.12,5.12,2026-05-05 14:19:40
175,의료기기,-0.75,214150,클래시스 *,테마 편입 사유,56300.0,상승  700,1.26,56300.0,56400.0,160956.0,9188.0,182217.0,,,0.281361,-2.19056832,"6,936.99",338.12,5.12,2026-05-05 14:19:40
175,의료기기,-0.75,256840,한국비엔씨 *,테마 편입 사유,4025.0,상승  45,1.13,4020.0,4025.0,304427.0,1231.0,376617.0,,,0.281361,-2.19056832,"6,936.99",338.12,5.12,2026-05-05 14:19:40
175,의료기기,-0.75,290660,다이나믹솔루션 *,테마 편입 사유,1159.0,상승  13,1.13,1159.0,1160.0,3388471.0,4076.0,1952669.0,,,0.281361,-2.19056832,"6,936.99",338.12,5.12,2026-05-05 14:19:40
175,의료기기,-0.75,006140,피제이전자 *,테마 편입 사유,7190.0,상승  70,0.98,7170.0,7190.0,39215.0,281.0,71609.0,,,0.281361,-2.19056832,"6,936.99",338.12,5.12,2026-05-05 14:19:40
175,의료기기,-0.75,100120,뷰웍스 *,테마 편입 사유,27400.0,상승  250,0.92,27350.0,27400.0,80030.0,2212.0,62102.0,,,0.281361,-2.19056832,"6,936.99",338.12,5.12,2026-05-05 14:19:40
175,의료기기,-0.75,032940,원익 *,테마 편입 사유,10600.0,상승  90,0.86,10600.0,10610.0,167360.0,1810.0,126895.0,,,0.281361,-2.19056832,"6,936.99",338.12,5.12,2026-05-05 14:19:40
175,의료기기,-0.75,104540,코렌텍 *,테마 편입 사유,5880.0,상승  50,0.86,5880.0,5910.0,42767.0,254.0,46748.0,,,0.281361,-2.19056832,"6,936.99",338.12,5.12,2026-05-05 14:19:40
175,의료기기,-0.75,315640,딥노이드 *,테마 편입 사유,3630.0,상승  30,0.83,3625.0,3630.0,257371.0,936.0,270949.0,,,0.281361,-2.19056832,"6,936.99",338.12,5.12,2026-05-05 14:19:40
175,의료기기,-0.75,179290,엠아이텍 *,테마 편입 사유,6580.0,상승  50,0.77,6580.0,6590.0,115845.0,760.0,92219.0,,,0.281361,-2.19056832,"6,936.99",338.12,5.12,2026-05-05 14:19:40
175,의료기기,-0.75,049950,미래컴퍼니 *,테마 편입 사유,16320.0,상승  120,0.74,16320.0,16390.0,70021.0,1161.0,55455.0,,,0.281361,-2.19056832,"6,936.99",338.12,5.12,2026-05-05 14:19:40
175,의료기기,-0.75,450950,아스테라시스 *,테마 편입 사유,11450.0,상승  80,0.7,11440.0,11450.0,36378.0,418.0,28042.0,,,0.281361,-2.19056832,"6,936.99",338.12,5.12,2026-05-05 14:19:40
175,의료기기,-0.75,041830,인바디 *,테마 편입 사유,29650.0,상승  150,0.51,29650.0,29850.0,26581.0,791.0,12305.0,,,0.281361,-2.19056832,"6,936.99",338.12,5.12,2026-05-05 14:19:40
175,의료기기,-0.75,340570,티앤엘 *,테마 편입 사유,61500.0,상승  300,0.49,61400.0,61500.0,52183.0,3249.0,52484.0,,,0.281361,-2.19056832,"6,936.99",338.12,5.12,2026-05-05 14:19:40
175,의료기기,-0.75,122310,제노레이 *,테마 편입 사유,4640.0,상승  20,0.43,4615.0,4640.0,32009.0,149.0,16269.0,,,0.281361,-2.19056832,"6,936.99",338.12,5.12,2026-05-05 14:19:40
175,의료기기,-0.75,322510,제이엘케이 *,테마 편입 사유,7210.0,상승  30,0.42,7200.0,7210.0,291591.0,2110.0,335509.0,,,0.281361,-2.19056832,"6,936.99",338.12,5.12,2026-05-05 14:19:40
175,의료기기,-0.75,328130,루닛 *,테마 편입 사유,20800.0,상승  50,0.24,20800.0,20850.0,1091457.0,23383.0,289308.0,,,0.281361,-2.19056832,"6,936.99",338.12,5.12,2026-05-05 14:19:40
175,의료기기,-0.75,335810,프리시젼바이오 *,테마 편입 사유,2270.0,상승  5,0.22,2270.0,2275.0,15537.0,36.0,27101.0,,,0.281361,-2.19056832,"6,936.99",338.12,5.12,2026-05-05 14:19:40
175,의료기기,-0.75,263690,디알젬 *,테마 편입 사유,5770.0,상승  10,0.17,5750.0,5770.0,26551.0,153.0,39749.0,,,0.281361,-2.19056832,"6,936.99",338.12,5.12,2026-05-05 14:19:40
175,의료기기,-0.75,302550,리메드 *,테마 편입 사유,3090.0,상승  5,0.16,3080.0,3090.0,73537.0,227.0,47436.0,,,0.281361,-2.19056832,"6,936.99",338.12,5.12,2026-05-05 14:19:40
175,의료기기,-0.75,419540,비스토스 *,테마 편입 사유,877.0,보합0,0.0,0.0,0.0,0.0,0.0,0.0,,,0.281361,-2.19056832,"6,936.99",338.12,5.12,2026-05-05 14:19:40
175,의료기기,-0.75,205470,휴마시스 *,테마 편입 사유,801.0,보합0,0.0,0.0,0.0,0.0,0.0,0.0,,,0.281361,-2.19056832,"6,936.99",338.12,5.12,2026-05-05 14:19:40
175,의료기기,-0.75,118000,메타케어,테마 편입 사유,208.0,보합0,0.0,0.0,0.0,0.0,0.0,0.0,,,0.281361,-2.19056832,"6,936.99",338.12,5.12,2026-05-05 14:19:40
175,의료기기,-0.75,115480,씨유메디칼 *,테마 편입 사유,548.0,보합0,0.0,0.0,0.0,0.0,0.0,0.0,,,0.281361,-2.19056832,"6,936.99",338.12,5.12,2026-05-05 14:19:40
175,의료기기,-0.75,219750,한국비티비 *,테마 편입 사유,805.0,하락  1,-0.12,804.0,805.0,49952.0,40.0,33235.0,,,0.281361,-2.19056832,"6,936.99",338.12,5.12,2026-05-05 14:19:40
175,의료기기,-0.75,004080,신흥,테마 편입 사유,13970.0,하락  20,-0.14,13810.0,13970.0,13483.0,187.0,5703.0,,,0.281361,-2.19056832,"6,936.99",338.12,5.12,2026-05-05 14:19:40
175,의료기기,-0.75,100700,세운메디칼 *,테마 편입 사유,2835.0,하락  5,-0.18,2835.0,2840.0,412791.0,1167.0,241190.0,,,0.281361,-2.19056832,"6,936.99",338.12,5.12,2026-05-05 14:19:40
175,의료기기,-0.75,117730,티로보틱스 *,테마 편입 사유,22650.0,하락  50,-0.22,22650.0,22700.0,322994.0,7402.0,601321.0,,,0.281361,-2.19056832,"6,936.99",338.12,5.12,2026-05-05 14:19:40
175,의료기기,-0.75,041920,메디아나 *,테마 편입 사유,20950.0,하락  50,-0.24,20950.0,21000.0,115062.0,2390.0,182302.0,,,0.281361,-2.19056832,"6,936.99",338.12,5.12,2026-05-05 14:19:40
175,의료기기,-0.75,336570,원텍 *,테마 편입 사유,7300.0,하락  20,-0.27,7300.0,7320.0,299901.0,2220.0,352508.0,,,0.281361,-2.19056832,"6,936.99",338.12,5.12,2026-05-05 14:19:40
175,의료기기,-0.75,226400,오스테오닉 *,테마 편입 사유,6610.0,하락  20,-0.3,6610.0,6620.0,146049.0,971.0,137659.0,,,0.281361,-2.19056832,"6,936.99",338.12,5.12,2026-05-05 14:19:40
175,의료기기,-0.75,228850,레이언스 *,테마 편입 사유,6170.0,하락  20,-0.32,6170.0,6180.0,13075.0,81.0,6812.0,,,0.281361,-2.19056832,"6,936.99",338.12,5.12,2026-05-05 14:19:40
175,의료기기,-0.75,0010V0,제이피아이헬스케어 *,테마 편입 사유,12150.0,하락  50,-0.41,12150.0,12160.0,18222.0,220.0,10523.0,,,0.281361,-2.19056832,"6,936.99",338.12,5.12,2026-05-05 14:19:40
175,의료기기,-0.75,387570,파인메딕스 *,테마 편입 사유,7660.0,하락  40,-0.52,7660.0,7680.0,26966.0,206.0,88968.0,,,0.281361,-2.19056832,"6,936.99",338.12,5.12,2026-05-05 14:19:40
175,의료기기,-0.75,216080,제테마 *,테마 편입 사유,6990.0,하락  40,-0.57,6960.0,6990.0,196384.0,1375.0,351564.0,,,0.281361,-2.19056832,"6,936.99",338.12,5.12,2026-05-05 14:19:40
175,의료기기,-0.75,290650,엘앤씨바이오 *,테마 편입 사유,62800.0,하락  400,-0.63,62700.0,62800.0,228575.0,14535.0,536105.0,,,0.281361,-2.19056832,"6,936.99",338.12,5.12,2026-05-05 14:19:40
175,의료기기,-0.75,059210,메타바이오메드 *,테마 편입 사유,4385.0,하락  35,-0.79,4385.0,4390.0,199568.0,885.0,194354.0,,,0.281361,-2.19056832,"6,936.99",338.12,5.12,2026-05-05 14:19:40
175,의료기기,-0.75,489460,바이오비쥬 *,테마 편입 사유,8300.0,하락  70,-0.84,8300.0,8310.0,38798.0,327.0,38178.0,,,0.281361,-2.19056832,"6,936.99",338.12,5.12,2026-05-05 14:19:40
175,의료기기,-0.75,380550,뉴로핏 *,테마 편입 사유,19930.0,하락  170,-0.85,19930.0,19940.0,169835.0,3401.0,160621.0,,,0.281361,-2.19056832,"6,936.99",338.12,5.12,2026-05-05 14:19:40
175,의료기기,-0.75,032620,GC메디아이 *,테마 편입 사유,4025.0,하락  35,-0.86,4025.0,4030.0,105570.0,428.0,176426.0,,,0.281361,-2.19056832,"6,936.99",338.12,5.12,2026-05-05 14:19:40
175,의료기기,-0.75,253840,수젠텍 *,테마 편입 사유,5530.0,하락  50,-0.9,5530.0,5570.0,216691.0,1208.0,466005.0,,,0.281361,-2.19056832,"6,936.99",338.12,5.12,2026-05-05 14:19:40
175,의료기기,-0.75,145720,덴티움,테마 편입 사유,52800.0,하락  500,-0.94,52700.0,52800.0,32724.0,1729.0,33307.0,,,0.281361,-2.19056832,"6,936.99",338.12,5.12,2026-05-05 14:19:40
175,의료기기,-0.75,225220,제놀루션 *,테마 편입 사유,1870.0,하락  18,-0.95,1865.0,1870.0,133507.0,249.0,181875.0,,,0.281361,-2.19056832,"6,936.99",338.12,5.12,2026-05-05 14:19:40
175,의료기기,-0.75,141080,리가켐바이오 *,테마 편입 사유,181500.0,"하락  1,900",-1.04,181500.0,181600.0,312912.0,57600.0,292336.0,,,0.281361,-2.19056832,"6,936.99",338.12,5.12,2026-05-05 14:19:40
175,의료기기,-0.75,206640,바디텍메드 *,테마 편입 사유,11550.0,하락  140,-1.2,11550.0,11560.0,37544.0,438.0,44480.0,,,0.281361,-2.19056832,"6,936.99",338.12,5.12,2026-05-05 14:19:40
175,의료기기,-0.75,303360,프로티아 *,테마 편입 사유,4950.0,하락  60,-1.2,4950.0,4990.0,20832.0,103.0,11674.0,,,0.281361,-2.19056832,"6,936.99",338.12,5.12,2026-05-05 14:19:40
175,의료기기,-0.75,039840,디오 *,테마 편입 사유,17050.0,하락  210,-1.22,17040.0,17050.0,40968.0,700.0,27988.0,,,0.281361,-2.19056832,"6,936.99",338.12,5.12,2026-05-05 14:19:40
175,의료기기,-0.75,240550,동방메디컬 *,테마 편입 사유,6900.0,하락  90,-1.29,6900.0,6910.0,90929.0,636.0,126185.0,,,0.281361,-2.19056832,"6,936.99",338.12,5.12,2026-05-05 14:19:40
175,의료기기,-0.75,246710,티앤알바이오팹 *,테마 편입 사유,2920.0,하락  40,-1.35,2920.0,2930.0,286527.0,849.0,297078.0,,,0.281361,-2.19056832,"6,936.99",338.12,5.12,2026-05-05 14:19:40
175,의료기기,-0.75,314930,바이오다인 *,테마 편입 사유,11500.0,하락  160,-1.37,11500.0,11510.0,55351.0,643.0,59402.0,,,0.281361,-2.19056832,"6,936.99",338.12,5.12,2026-05-05 14:19:40
175,의료기기,-0.75,002390,한독,테마 편입 사유,10160.0,하락  150,-1.45,10160.0,10190.0,62531.0,638.0,49620.0,,,0.281361,-2.19056832,"6,936.99",338.12,5.12,2026-05-05 14:19:40
175,의료기기,-0.75,398120,에스지헬스케어 *,테마 편입 사유,3470.0,하락  55,-1.56,3460.0,3470.0,69036.0,241.0,109554.0,,,0.281361,-2.19056832,"6,936.99",338.12,5.12,2026-05-05 14:19:40
175,의료기기,-0.75,056090,시지메드텍 *,테마 편입 사유,1874.0,하락  30,-1.58,1874.0,1875.0,1378227.0,2627.0,1996144.0,,,0.281361,-2.19056832,"6,936.99",338.12,5.12,2026-05-05 14:19:40
175,의료기기,-0.75,003220,대원제약,테마 편입 사유,10540.0,하락  180,-1.68,10540.0,10550.0,34584.0,366.0,15678.0,,,0.281361,-2.19056832,"6,936.99",338.12,5.12,2026-05-05 14:19:40
175,의료기기,-0.75,060280,큐렉소 *,테마 편입 사유,16200.0,하락  280,-1.7,16200.0,16210.0,691716.0,11360.0,1139621.0,,,0.281361,-2.19056832,"6,936.99",338.12,5.12,2026-05-05 14:19:40
175,의료기기,-0.75,058110,멕아이씨에스 *,테마 편입 사유,2730.0,하락  50,-1.8,2730.0,2735.0,140539.0,382.0,76492.0,,,0.281361,-2.19056832,"6,936.99",338.12,5.12,2026-05-05 14:19:40
175,의료기기,-0.75,036220,오상헬스케어 *,테마 편입 사유,8900.0,하락  170,-1.87,8900.0,8910.0,40125.0,361.0,39006.0,,,0.281361,-2.19056832,"6,936.99",338.12,5.12,2026-05-05 14:19:40
175,의료기기,-0.75,065510,휴비츠 *,테마 편입 사유,7720.0,하락  150,-1.91,7720.0,7730.0,96988.0,752.0,83834.0,,,0.281361,-2.19056832,"6,936.99",338.12,5.12,2026-05-05 14:19:40
175,의료기기,-0.75,491000,리브스메드 *,테마 편입 사유,69800.0,"하락  1,400",-1.97,69800.0,69900.0,318318.0,22484.0,294910.0,,,0.281361,-2.19056832,"6,936.99",338.12,5.12,2026-05-05 14:19:40
175,의료기기,-0.75,208370,셀바스헬스케어 *,테마 편입 사유,4250.0,하락  90,-2.07,4245.0,4250.0,165793.0,712.0,206723.0,,,0.281361,-2.19056832,"6,936.99",338.12,5.12,2026-05-05 14:19:40
175,의료기기,-0.75,462510,라메디텍 *,테마 편입 사유,4810.0,하락  110,-2.24,4810.0,4820.0,41120.0,201.0,30228.0,,,0.281361,-2.19056832,"6,936.99",338.12,5.12,2026-05-05 14:19:40
175,의료기기,-0.75,394420,리센스메디컬 *,테마 편입 사유,31250.0,하락  750,-2.34,31250.0,31350.0,1052466.0,33238.0,1602130.0,,,0.281361,-2.19056832,"6,936.99",338.12,5.12,2026-05-05 14:19:40
175,의료기기,-0.75,405000,플라즈맵 *,테마 편입 사유,7500.0,하락  190,-2.47,7500.0,7520.0,3132.0,24.0,8045.0,,,0.281361,-2.19056832,"6,936.99",338.12,5.12,2026-05-05 14:19:40
175,의료기기,-0.75,214680,디알텍 *,테마 편입 사유,1846.0,하락  54,-2.84,1845.0,1846.0,609365.0,1145.0,352411.0,,,0.281361,-2.19056832,"6,936.99",338.12,5.12,2026-05-05 14:19:40
175,의료기기,-0.75,0120G0,삼양바이오팜,테마 편입 사유,73600.0,"하락  2,200",-2.9,73500.0,73600.0,46147.0,3447.0,35375.0,,,0.281361,-2.19056832,"6,936.99",338.12,5.12,2026-05-05 14:19:40
175,의료기기,-0.75,098460,고영 *,테마 편입 사유,38950.0,"하락  1,300",-3.23,38950.0,39000.0,3564001.0,140106.0,3331834.0,,,0.281361,-2.19056832,"6,936.99",338.12,5.12,2026-05-05 14:19:40
175,의료기기,-0.75,494120,큐리오시스 *,테마 편입 사유,50100.0,"하락  1,900",-3.65,50100.0,50200.0,103049.0,5246.0,69331.0,,,0.281361,-2.19056832,"6,936.99",338.12,5.12,2026-05-05 14:19:40
175,의료기기,-0.75,084650,랩지노믹스 *,테마 편입 사유,1277.0,하락  51,-3.84,1276.0,1277.0,1234842.0,1600.0,793456.0,,,0.281361,-2.19056832,"6,936.99",338.12,5.12,2026-05-05 14:19:40
175,의료기기,-0.75,299170,더블유에스아이 *,테마 편입 사유,2320.0,하락  115,-4.72,2315.0,2320.0,1346459.0,3188.0,395035.0,,,0.281361,-2.19056832,"6,936.99",338.12,5.12,2026-05-05 14:19:40
175,의료기기,-0.75,156100,엘앤케이바이오 *,테마 편입 사유,6960.0,하락  350,-4.79,6960.0,6970.0,357877.0,2539.0,114181.0,,,0.281361,-2.19056832,"6,936.99",338.12,5.12,2026-05-05 14:19:40
175,의료기기,-0.75,460470,아이빔테크놀로지 *,테마 편입 사유,3690.0,하락  190,-4.9,3685.0,3690.0,298409.0,1153.0,1234227.0,,,0.281361,-2.19056832,"6,936.99",338.12,5.12,2026-05-05 14:19:40
175,의료기기,-0.75,039860,나노엔텍 *,테마 편입 사유,6490.0,하락  360,-5.26,6490.0,6500.0,2352794.0,15445.0,6893788.0,,,0.281361,-2.19056832,"6,936.99",338.12,5.12,2026-05-05 14:19:40
175,의료기기,-0.75,094170,동운아나텍 *,테마 편입 사유,48650.0,"하락  2,750",-5.35,48650.0,48800.0,297128.0,15213.0,412866.0,,,0.281361,-2.19056832,"6,936.99",338.12,5.12,2026-05-05 14:19:40
175,의료기기,-0.75,376900,로킷헬스케어 *,테마 편입 사유,71500.0,"하락  5,000",-6.54,71400.0,71500.0,343025.0,25081.0,256370.0,,,0.281361,-2.19056832,"6,936.99",338.12,5.12,2026-05-05 14:19:40
175,의료기기,-0.75,0088M0,메쥬 *,테마 편입 사유,39000.0,"하락  3,650",-8.56,39000.0,39050.0,408495.0,16683.0,704911.0,,,0.281361,-2.19056832,"6,936.99",338.12,5.12,2026-05-05 14:19:40
175,의료기기,-0.75,338220,뷰노 *,테마 편입 사유,17250.0,"하락  1,710",-9.02,17250.0,17280.0,204697.0,3656.0,60022.0,,,0.281361,-2.19056832,"6,936.99",338.12,5.12,2026-05-05 14:19:40
175,의료기기,-0.75,149980,하이로닉 *,테마 편입 사유,7300.0,"하락  1,380",-15.9,7300.0,7310.0,3288755.0,26629.0,0.0,,,0.281361,-2.19056832,"6,936.99",338.12,5.12,2026-05-05 14:19:40
234,보안주(물리),-0.3,039010,현대에이치티 *,테마 편입 사유,11030.0,상승  490,4.65,10920.0,11030.0,95923.0,1046.0,58259.0,,,0.367844,-2.18336128,"6,936.99",338.12,5.12,2026-05-05 14:19:40
234,보안주(물리),-0.3,489790,한화비전,테마 편입 사유,88700.0,"상승  2,500",2.9,88700.0,88800.0,1132198.0,101107.0,2145909.0,,,0.367844,-2.18336128,"6,936.99",338.12,5.12,2026-05-05 14:19:40
234,보안주(물리),-0.3,331380,포커스에이아이 *,테마 편입 사유,2375.0,상승  65,2.81,2350.0,2375.0,272739.0,643.0,277517.0,,,0.367844,-2.18336128,"6,936.99",338.12,5.12,2026-05-05 14:19:40
234,보안주(물리),-0.3,264850,이랜시스 *,테마 편입 사유,6440.0,상승  120,1.9,6440.0,6450.0,700167.0,4584.0,547034.0,,,0.367844,-2.18336128,"6,936.99",338.12,5.12,2026-05-05 14:19:40
234,보안주(물리),-0.3,094840,슈프리마에이치큐 *,테마 편입 사유,11500.0,상승  150,1.32,11380.0,11500.0,62628.0,717.0,27900.0,,,0.367844,-2.18336128,"6,936.99",338.12,5.12,2026-05-05 14:19:40
234,보안주(물리),-0.3,087600,픽셀플러스 *,테마 편입 사유,6420.0,상승  70,1.1,6420.0,6440.0,9740.0,63.0,5699.0,,,0.367844,-2.18336128,"6,936.99",338.12,5.12,2026-05-05 14:19:40
234,보안주(물리),-0.3,006140,피제이전자 *,테마 편입 사유,7190.0,상승  70,0.98,7170.0,7190.0,39215.0,281.0,71609.0,,,0.367844,-2.18336128,"6,936.99",338.12,5.12,2026-05-05 14:19:40
234,보안주(물리),-0.3,424760,벨로크 *,테마 편입 사유,1887.0,보합0,0.0,0.0,0.0,0.0,0.0,0.0,,,0.367844,-2.18336128,"6,936.99",338.12,5.12,2026-05-05 14:19:40
234,보안주(물리),-0.3,140430,카티스 *,테마 편입 사유,752.0,보합0,0.0,0.0,0.0,0.0,0.0,3408437.0,,,0.367844,-2.18336128,"6,936.99",338.12,5.12,2026-05-05 14:19:40
234,보안주(물리),-0.3,092600,앤씨앤 *,테마 편입 사유,987.0,보합0,0.0,0.0,0.0,0.0,0.0,0.0,,,0.367844,-2.18336128,"6,936.99",338.12,5.12,2026-05-05 14:19:40
234,보안주(물리),-0.3,083640,인콘 *,테마 편입 사유,385.0,보합0,0.0,0.0,0.0,0.0,0.0,0.0,,,0.367844,-2.18336128,"6,936.99",338.12,5.12,2026-05-05 14:19:40
234,보안주(물리),-0.3,356890,싸이버원 *,테마 편입 사유,3785.0,하락  40,-1.05,3785.0,3805.0,191586.0,737.0,257576.0,,,0.367844,-2.18336128,"6,936.99",338.12,5.12,2026-05-05 14:19:40
234,보안주(물리),-0.3,143160,아이디스 *,테마 편입 사유,17630.0,하락  200,-1.12,17560.0,17630.0,9817.0,174.0,13232.0,,,0.367844,-2.18336128,"6,936.99",338.12,5.12,2026-05-05 14:19:40
234,보안주(물리),-0.3,417790,트루엔 *,테마 편입 사유,7820.0,하락  90,-1.14,7820.0,7890.0,32823.0,258.0,66954.0,,,0.367844,-2.18336128,"6,936.99",338.12,5.12,2026-05-05 14:19:40
234,보안주(물리),-0.3,446840,지슨 *,테마 편입 사유,1399.0,하락  20,-1.41,1398.0,1399.0,33000.0,47.0,178935.0,,,0.367844,-2.18336128,"6,936.99",338.12,5.12,2026-05-05 14:19:40
234,보안주(물리),-0.3,303530,이노뎁 *,테마 편입 사유,4900.0,하락  100,-2.0,4900.0,4905.0,44595.0,221.0,31482.0,,,0.367844,-2.18336128,"6,936.99",338.12,5.12,2026-05-05 14:19:40
234,보안주(물리),-0.3,236200,슈프리마 *,테마 편입 사유,54400.0,"하락  1,400",-2.51,54300.0,54400.0,33117.0,1803.0,23507.0,,,0.367844,-2.18336128,"6,936.99",338.12,5.12,2026-05-05 14:19:40
234,보안주(물리),-0.3,340810,시선AI *,테마 편입 사유,3235.0,하락  100,-3.0,3235.0,3240.0,653301.0,2147.0,6217308.0,,,0.367844,-2.18336128,"6,936.99",338.12,5.12,2026-05-05 14:19:40
234,보안주(물리),-0.3,012750,에스원,테마 편입 사유,78300.0,"하락  7,800",-9.06,78300.0,78400.0,192810.0,15290.0,39500.0,,,0.367844,-2.18336128,"6,936.99",338.12,5.12,2026-05-05 14:19:40
45,캐릭터상품,-0.54,039830,오로라 *,테마 편입 사유,18200.0,"상승  1,520",9.11,18120.0,18200.0,586619.0,10500.0,1405147.0,,,0.31585,-2.157152,"6,936.99",338.12,5.12,2026-05-05 14:19:40
45,캐릭터상품,-0.54,066910,손오공 *,테마 편입 사유,680.0,보합0,0.0,0.0,0.0,0.0,0.0,612664.0,,,0.31585,-2.157152,"6,936.99",338.12,5.12,2026-05-05 14:19:40
45,캐릭터상품,-0.54,073570,리튬포어스 *,테마 편입 사유,821.0,보합0,0.0,0.0,0.0,0.0,0.0,0.0,,,0.31585,-2.157152,"6,936.99",338.12,5.12,2026-05-05 14:19:40
45,캐릭터상품,-0.54,048910,대원미디어 *,테마 편입 사유,7650.0,하락  50,-0.65,7640.0,7650.0,89636.0,689.0,36166.0,,,0.31585,-2.157152,"6,936.99",338.12,5.12,2026-05-05 14:19:40
45,캐릭터상품,-0.54,369370,블리츠웨이엔터테인먼트 *,테마 편입 사유,1162.0,하락  8,-0.68,1161.0,1162.0,140064.0,163.0,179475.0,,,0.31585,-2.157152,"6,936.99",338.12,5.12,2026-05-05 14:19:40
45,캐릭터상품,-0.54,194480,데브시스터즈 *,테마 편입 사유,22400.0,하락  250,-1.1,22400.0,22450.0,66042.0,1490.0,95759.0,,,0.31585,-2.157152,"6,936.99",338.12,5.12,2026-05-05 14:19:40
45,캐릭터상품,-0.54,317530,에피소드컴퍼니 *,테마 편입 사유,3980.0,하락  65,-1.61,3980.0,3990.0,7395.0,30.0,12161.0,,,0.31585,-2.157152,"6,936.99",338.12,5.12,2026-05-05 14:19:40
45,캐릭터상품,-0.54,403850,더핑크퐁컴퍼니 *,테마 편입 사유,17120.0,하락  350,-2.0,17120.0,17130.0,38763.0,669.0,72076.0,,,0.31585,-2.157152,"6,936.99",338.12,5.12,2026-05-05 14:19:40
45,캐릭터상품,-0.54,419530,SAMG엔터 *,테마 편입 사유,39500.0,"하락  3,400",-7.93,39450.0,39500.0,346711.0,13763.0,213903.0,,,0.31585,-2.157152,"6,936.99",338.12,5.12,2026-05-05 14:19:40
66,줄기세포,-0.4,005690,파미셀,테마 편입 사유,20250.0,"상승  2,140",11.82,20200.0,20250.0,3583774.0,72919.0,2252057.0,,,0.343164,-2.15699968,"6,936.99",338.12,5.12,2026-05-05 14:19:40
66,줄기세포,-0.4,007390,네이처셀 *,테마 편입 사유,20400.0,"상승  1,250",6.53,20350.0,20400.0,526535.0,10612.0,337532.0,,,0.343164,-2.15699968,"6,936.99",338.12,5.12,2026-05-05 14:19:40
66,줄기세포,-0.4,067630,HLB생명과학 *,테마 편입 사유,4240.0,상승  65,1.56,4235.0,4240.0,366041.0,1540.0,251629.0,,,0.343164,-2.15699968,"6,936.99",338.12,5.12,2026-05-05 14:19:40
66,줄기세포,-0.4,166480,코아스템켐온 *,테마 편입 사유,3370.0,상승  50,1.51,3370.0,3400.0,624740.0,2137.0,452295.0,,,0.343164,-2.15699968,"6,936.99",338.12,5.12,2026-05-05 14:19:40
66,줄기세포,-0.4,304360,에스바이오메딕스 *,테마 편입 사유,36150.0,상승  50,0.14,36100.0,36150.0,105917.0,3799.0,119645.0,,,0.343164,-2.15699968,"6,936.99",338.12,5.12,2026-05-05 14:19:40
66,줄기세포,-0.4,038290,마크로젠 *,테마 편입 사유,16220.0,보합0,0.0,16220.0,16230.0,39546.0,646.0,26906.0,,,0.343164,-2.15699968,"6,936.99",338.12,5.12,2026-05-05 14:19:40
66,줄기세포,-0.4,298060,풍전약품 *,테마 편입 사유,927.0,보합0,0.0,0.0,0.0,0.0,0.0,0.0,,,0.343164,-2.15699968,"6,936.99",338.12,5.12,2026-05-05 14:19:40
66,줄기세포,-0.4,118000,메타케어,테마 편입 사유,208.0,보합0,0.0,0.0,0.0,0.0,0.0,0.0,,,0.343164,-2.15699968,"6,936.99",338.12,5.12,2026-05-05 14:19:40
66,줄기세포,-0.4,271980,제일약품,테마 편입 사유,13960.0,하락  40,-0.29,13900.0,13960.0,25679.0,358.0,13203.0,,,0.343164,-2.15699968,"6,936.99",338.12,5.12,2026-05-05 14:19:40
66,줄기세포,-0.4,217730,강스템바이오텍 *,테마 편입 사유,3970.0,하락  25,-0.63,3965.0,3970.0,1185822.0,4707.0,918491.0,,,0.343164,-2.15699968,"6,936.99",338.12,5.12,2026-05-05 14:19:40
66,줄기세포,-0.4,085660,차바이오텍 *,테마 편입 사유,16900.0,하락  190,-1.11,16900.0,16910.0,366668.0,6256.0,296711.0,,,0.343164,-2.15699968,"6,936.99",338.12,5.12,2026-05-05 14:19:40
66,줄기세포,-0.4,006620,동구바이오제약 *,테마 편입 사유,5070.0,하락  80,-1.55,5070.0,5080.0,200903.0,1029.0,87931.0,,,0.343164,-2.15699968,"6,936.99",338.12,5.12,2026-05-05 14:19:40
66,줄기세포,-0.4,191420,테고사이언스 *,테마 편입 사유,12230.0,하락  220,-1.77,12220.0,12240.0,7900.0,98.0,4613.0,,,0.343164,-2.15699968,"6,936.99",338.12,5.12,2026-05-05 14:19:40
66,줄기세포,-0.4,456070,이엔셀 *,테마 편입 사유,15260.0,하락  320,-2.05,15250.0,15260.0,70114.0,1085.0,100924.0,,,0.343164,-2.15699968,"6,936.99",338.12,5.12,2026-05-05 14:19:40
66,줄기세포,-0.4,065660,안트로젠 *,테마 편입 사유,34850.0,"하락  1,150",-3.19,34850.0,35000.0,33884.0,1190.0,22635.0,,,0.343164,-2.15699968,"6,936.99",338.12,5.12,2026-05-05 14:19:40
66,줄기세포,-0.4,373110,엑셀세라퓨틱스 *,테마 편입 사유,1602.0,하락  77,-4.59,1601.0,1602.0,349745.0,564.0,265602.0,,,0.343164,-2.15699968,"6,936.99",338.12,5.12,2026-05-05 14:19:40
66,줄기세포,-0.4,086820,바이오솔루션 *,테마 편입 사유,11410.0,하락  580,-4.84,11410.0,11420.0,271611.0,3109.0,397791.0,,,0.343164,-2.15699968,"6,936.99",338.12,5.12,2026-05-05 14:19:40
66,줄기세포,-0.4,078160,메디포스트 *,테마 편입 사유,25450.0,"하락  2,450",-8.78,25450.0,25500.0,469062.0,11809.0,221946.0,,,0.343164,-2.15699968,"6,936.99",338.12,5.12,2026-05-05 14:19:40
580,유심(USIM),-0.26,057540,옴니시스템 *,테마 편입 사유,1011.0,상승  54,5.64,1011.0,1012.0,5906636.0,6074.0,3806807.0,,,0.369213,-2.15037056,"6,936.99",338.12,5.12,2026-05-05 14:19:40
580,유심(USIM),-0.26,065440,이루온 *,테마 편입 사유,4055.0,상승  45,1.12,4055.0,4060.0,6589.0,26.0,20037980.0,,,0.369213,-2.15037056,"6,936.99",338.12,5.12,2026-05-05 14:19:40
580,유심(USIM),-0.26,089850,유비벨록스 *,테마 편입 사유,5530.0,하락  30,-0.54,5510.0,5530.0,29770.0,164.0,32170.0,,,0.369213,-2.15037056,"6,936.99",338.12,5.12,2026-05-05 14:19:40
580,유심(USIM),-0.26,081580,성우전자 *,테마 편입 사유,3210.0,하락  60,-1.83,3205.0,3210.0,125577.0,406.0,112215.0,,,0.369213,-2.15037056,"6,936.99",338.12,5.12,2026-05-05 14:19:40
580,유심(USIM),-0.26,070300,엑스큐어 *,테마 편입 사유,2475.0,하락  150,-5.71,2470.0,2475.0,461774.0,1173.0,543214.0,,,0.369213,-2.15037056,"6,936.99",338.12,5.12,2026-05-05 14:19:40
147,여행,-1.79,032350,롯데관광개발,테마 편입 사유,20850.0,상승  150,0.72,20850.0,20900.0,629145.0,12983.0,371214.0,,,0.063337,-2.11428544,"6,936.99",338.12,5.12,2026-05-05 14:19:40
147,여행,-1.79,104620,노랑풍선 *,테마 편입 사유,4970.0,상승  15,0.3,4970.0,4990.0,128258.0,641.0,118496.0,,,0.063337,-2.11428544,"6,936.99",338.12,5.12,2026-05-05 14:19:40
147,여행,-1.79,080160,모두투어 *,테마 편입 사유,11410.0,상승  20,0.18,11410.0,11460.0,123248.0,1417.0,79971.0,,,0.063337,-2.11428544,"6,936.99",338.12,5.12,2026-05-05 14:19:40
147,여행,-1.79,039130,하나투어,테마 편입 사유,41800.0,하락  50,-0.12,41800.0,41850.0,55339.0,2317.0,70681.0,,,0.063337,-2.11428544,"6,936.99",338.12,5.12,2026-05-05 14:19:40
147,여행,-1.79,048550,SM C&C *,테마 편입 사유,1127.0,하락  13,-1.14,1123.0,1127.0,244755.0,275.0,173255.0,,,0.063337,-2.11428544,"6,936.99",338.12,5.12,2026-05-05 14:19:40
147,여행,-1.79,038390,레드캡투어 *,테마 편입 사유,11310.0,하락  210,-1.82,11300.0,11310.0,58921.0,670.0,106577.0,,,0.063337,-2.11428544,"6,936.99",338.12,5.12,2026-05-05 14:19:40
147,여행,-1.79,094850,참좋은여행 *,테마 편입 사유,5490.0,하락  180,-3.17,5490.0,5500.0,176690.0,973.0,56198.0,,,0.063337,-2.11428544,"6,936.99",338.12,5.12,2026-05-05 14:19:40
147,여행,-1.79,035080,그래디언트 *,테마 편입 사유,11550.0,하락  560,-4.62,11540.0,11550.0,57.0,1.0,49102.0,,,0.063337,-2.11428544,"6,936.99",338.12,5.12,2026-05-05 14:19:40
147,여행,-1.79,039310,세중 *,테마 편입 사유,1665.0,하락  115,-6.46,1665.0,1666.0,303498.0,513.0,245107.0,,,0.063337,-2.11428544,"6,936.99",338.12,5.12,2026-05-05 14:19:40
127,영상콘텐츠,-1.03,389140,포바이포 *,테마 편입 사유,9170.0,상승  300,3.38,9170.0,9180.0,333903.0,3065.0,264689.0,,,0.208686,-2.09847232,"6,936.99",338.12,5.12,2026-05-05 14:19:40
127,영상콘텐츠,-1.03,122450,KX *,테마 편입 사유,3235.0,상승  45,1.41,3235.0,3240.0,104531.0,336.0,49703.0,,,0.208686,-2.09847232,"6,936.99",338.12,5.12,2026-05-05 14:19:40
127,영상콘텐츠,-1.03,034120,SBS,테마 편입 사유,16020.0,상승  120,0.75,15990.0,16020.0,19572.0,312.0,19552.0,,,0.208686,-2.09847232,"6,936.99",338.12,5.12,2026-05-05 14:19:40
127,영상콘텐츠,-1.03,200350,아티스트스튜디오 *,테마 편입 사유,5550.0,상승  30,0.54,5540.0,5550.0,48231.0,265.0,36002.0,,,0.208686,-2.09847232,"6,936.99",338.12,5.12,2026-05-05 14:19:40
127,영상콘텐츠,-1.03,210120,캔버스엔 *,테마 편입 사유,1453.0,상승  7,0.48,1451.0,1453.0,147686.0,216.0,176688.0,,,0.208686,-2.09847232,"6,936.99",338.12,5.12,2026-05-05 14:19:40
127,영상콘텐츠,-1.03,035760,CJ ENM *,테마 편입 사유,54200.0,상승  100,0.18,54200.0,54300.0,34394.0,1874.0,71361.0,,,0.208686,-2.09847232,"6,936.99",338.12,5.12,2026-05-05 14:19:40
127,영상콘텐츠,-1.03,046390,삼화네트웍스 *,테마 편입 사유,991.0,보합0,0.0,0.0,0.0,0.0,0.0,0.0,,,0.208686,-2.09847232,"6,936.99",338.12,5.12,2026-05-05 14:19:40
127,영상콘텐츠,-1.03,035620,바른손이앤에이 *,테마 편입 사유,243.0,보합0,0.0,0.0,0.0,0.0,0.0,0.0,,,0.208686,-2.09847232,"6,936.99",338.12,5.12,2026-05-05 14:19:40
127,영상콘텐츠,-1.03,322780,코퍼스코리아 *,테마 편입 사유,458.0,보합0,0.0,0.0,0.0,0.0,0.0,0.0,,,0.208686,-2.09847232,"6,936.99",338.12,5.12,2026-05-05 14:19:40
127,영상콘텐츠,-1.03,051780,큐로홀딩스 *,테마 편입 사유,727.0,보합0,0.0,0.0,0.0,0.0,0.0,0.0,,,0.208686,-2.09847232,"6,936.99",338.12,5.12,2026-05-05 14:19:40
127,영상콘텐츠,-1.03,018700,바른손 *,테마 편입 사유,561.0,보합0,0.0,0.0,0.0,0.0,0.0,0.0,,,0.208686,-2.09847232,"6,936.99",338.12,5.12,2026-05-05 14:19:40
127,영상콘텐츠,-1.03,253450,스튜디오드래곤 *,테마 편입 사유,34800.0,하락  50,-0.14,34750.0,34800.0,59985.0,2098.0,63427.0,,,0.208686,-2.09847232,"6,936.99",338.12,5.12,2026-05-05 14:19:40
127,영상콘텐츠,-1.03,458350,에스팀 *,테마 편입 사유,9040.0,하락  30,-0.33,9040.0,9050.0,94580.0,860.0,261037.0,,,0.208686,-2.09847232,"6,936.99",338.12,5.12,2026-05-05 14:19:40
127,영상콘텐츠,-1.03,950190,고스트스튜디오 *,테마 편입 사유,8090.0,하락  30,-0.37,8080.0,8090.0,44876.0,359.0,26548.0,,,0.208686,-2.09847232,"6,936.99",338.12,5.12,2026-05-05 14:19:40
127,영상콘텐츠,-1.03,299900,위지윅스튜디오 *,테마 편입 사유,408.0,하락  2,-0.49,408.0,410.0,343153.0,141.0,356098.0,,,0.208686,-2.09847232,"6,936.99",338.12,5.12,2026-05-05 14:19:40
127,영상콘텐츠,-1.03,310200,애니플러스 *,테마 편입 사유,2825.0,하락  15,-0.53,2800.0,2825.0,176527.0,497.0,171550.0,,,0.208686,-2.09847232,"6,936.99",338.12,5.12,2026-05-05 14:19:40
127,영상콘텐츠,-1.03,035900,JYP Ent. *,테마 편입 사유,62500.0,하락  400,-0.64,62500.0,62600.0,136817.0,8584.0,208472.0,,,0.208686,-2.09847232,"6,936.99",338.12,5.12,2026-05-05 14:19:40
127,영상콘텐츠,-1.03,048910,대원미디어 *,테마 편입 사유,7650.0,하락  50,-0.65,7640.0,7650.0,89636.0,689.0,36166.0,,,0.208686,-2.09847232,"6,936.99",338.12,5.12,2026-05-05 14:19:40
127,영상콘텐츠,-1.03,036420,콘텐트리중앙,테마 편입 사유,5990.0,하락  60,-0.99,5990.0,6000.0,87453.0,526.0,45947.0,,,0.208686,-2.09847232,"6,936.99",338.12,5.12,2026-05-05 14:19:40
127,영상콘텐츠,-1.03,086980,쇼박스 *,테마 편입 사유,2960.0,하락  30,-1.0,2955.0,2960.0,338270.0,1004.0,358695.0,,,0.208686,-2.09847232,"6,936.99",338.12,5.12,2026-05-05 14:19:40
127,영상콘텐츠,-1.03,476080,M83 *,테마 편입 사유,7130.0,하락  80,-1.11,7090.0,7130.0,54685.0,393.0,68266.0,,,0.208686,-2.09847232,"6,936.99",338.12,5.12,2026-05-05 14:19:40
127,영상콘텐츠,-1.03,048550,SM C&C *,테마 편입 사유,1127.0,하락  13,-1.14,1123.0,1127.0,244755.0,275.0,173255.0,,,0.208686,-2.09847232,"6,936.99",338.12,5.12,2026-05-05 14:19:40
127,영상콘텐츠,-1.03,408900,스튜디오미르 *,테마 편입 사유,2610.0,하락  30,-1.14,2610.0,2625.0,1047750.0,2744.0,12319541.0,,,0.208686,-2.09847232,"6,936.99",338.12,5.12,2026-05-05 14:19:40
127,영상콘텐츠,-1.03,317530,에피소드컴퍼니 *,테마 편입 사유,3980.0,하락  65,-1.61,3980.0,3990.0,7395.0,30.0,12161.0,,,0.208686,-2.09847232,"6,936.99",338.12,5.12,2026-05-05 14:19:40
127,영상콘텐츠,-1.03,160550,NEW *,테마 편입 사유,1744.0,하락  29,-1.64,1744.0,1747.0,108956.0,191.0,75388.0,,,0.208686,-2.09847232,"6,936.99",338.12,5.12,2026-05-05 14:19:40
127,영상콘텐츠,-1.03,289220,자이언트스텝 *,테마 편입 사유,3055.0,하락  55,-1.77,3055.0,3060.0,67662.0,206.0,46913.0,,,0.208686,-2.09847232,"6,936.99",338.12,5.12,2026-05-05 14:19:40
127,영상콘텐츠,-1.03,047820,초록뱀미디어 *,테마 편입 사유,5490.0,하락  100,-1.79,5490.0,5500.0,166675.0,940.0,149779.0,,,0.208686,-2.09847232,"6,936.99",338.12,5.12,2026-05-05 14:19:40
127,영상콘텐츠,-1.03,173940,에프엔씨엔터 *,테마 편입 사유,4035.0,하락  75,-1.82,4025.0,4035.0,8805.0,36.0,11308.0,,,0.208686,-2.09847232,"6,936.99",338.12,5.12,2026-05-05 14:19:40
127,영상콘텐츠,-1.03,432430,와이랩 *,테마 편입 사유,3570.0,하락  70,-1.92,3570.0,3580.0,29297.0,104.0,39624.0,,,0.208686,-2.09847232,"6,936.99",338.12,5.12,2026-05-05 14:19:40
127,영상콘텐츠,-1.03,403850,더핑크퐁컴퍼니 *,테마 편입 사유,17120.0,하락  350,-2.0,17120.0,17130.0,38763.0,669.0,72076.0,,,0.208686,-2.09847232,"6,936.99",338.12,5.12,2026-05-05 14:19:40
127,영상콘텐츠,-1.03,068050,팬엔터테인먼트 *,테마 편입 사유,1570.0,하락  40,-2.48,1570.0,1571.0,109410.0,173.0,59953.0,,,0.208686,-2.09847232,"6,936.99",338.12,5.12,2026-05-05 14:19:40
127,영상콘텐츠,-1.03,241840,에이스토리 *,테마 편입 사유,5090.0,하락  170,-3.23,5090.0,5100.0,46356.0,238.0,33730.0,,,0.208686,-2.09847232,"6,936.99",338.12,5.12,2026-05-05 14:19:40
127,영상콘텐츠,-1.03,054780,키이스트 *,테마 편입 사유,2640.0,하락  110,-4.0,2640.0,2650.0,71805.0,193.0,47558.0,,,0.208686,-2.09847232,"6,936.99",338.12,5.12,2026-05-05 14:19:40
127,영상콘텐츠,-1.03,206560,덱스터 *,테마 편입 사유,2600.0,하락  110,-4.06,2600.0,2605.0,161758.0,425.0,130989.0,,,0.208686,-2.09847232,"6,936.99",338.12,5.12,2026-05-05 14:19:40
127,영상콘텐츠,-1.03,419530,SAMG엔터 *,테마 편입 사유,39500.0,"하락  3,400",-7.93,39450.0,39500.0,346711.0,13763.0,213903.0,,,0.208686,-2.09847232,"6,936.99",338.12,5.12,2026-05-05 14:19:40
319,화학섬유,-1.4,003240,태광산업,테마 편입 사유,1190000.0,보합0,0.0,1190000.0,1192000.0,1327.0,1585.0,2082.0,,,0.128588,-2.05837056,"6,936.99",338.12,5.12,2026-05-05 14:19:40
319,화학섬유,-1.4,120110,코오롱인더,테마 편입 사유,93800.0,하락  300,-0.32,93800.0,93900.0,423002.0,39275.0,501759.0,,,0.128588,-2.05837056,"6,936.99",338.12,5.12,2026-05-05 14:19:40
319,화학섬유,-1.4,298020,효성티앤씨,테마 편입 사유,512000.0,"하락  6,000",-1.16,510000.0,512000.0,31876.0,16408.0,31956.0,,,0.128588,-2.05837056,"6,936.99",338.12,5.12,2026-05-05 14:19:40
319,화학섬유,-1.4,003830,대한화섬,테마 편입 사유,122600.0,"하락  1,700",-1.37,122600.0,122900.0,133.0,16.0,175.0,,,0.128588,-2.05837056,"6,936.99",338.12,5.12,2026-05-05 14:19:40
319,화학섬유,-1.4,011300,우성머티리얼스,테마 편입 사유,3090.0,하락  85,-2.68,3025.0,3090.0,82684.0,258.0,303441.0,,,0.128588,-2.05837056,"6,936.99",338.12,5.12,2026-05-05 14:19:40
319,화학섬유,-1.4,079980,휴비스,테마 편입 사유,3385.0,하락  100,-2.87,3385.0,3395.0,450701.0,1555.0,689587.0,,,0.128588,-2.05837056,"6,936.99",338.12,5.12,2026-05-05 14:19:40
149,원격진료/비대면진료(U-Healthcare),-0.84,071200,인피니트헬스케어 *,테마 편입 사유,7560.0,상승  200,2.72,7540.0,7560.0,198029.0,1493.0,71710.0,,,0.237293,-2.05494016,"6,936.99",338.12,5.12,2026-05-05 14:19:40
149,원격진료/비대면진료(U-Healthcare),-0.84,458870,씨어스 *,테마 편입 사유,48800.0,"상승  1,150",2.41,48800.0,48850.0,225232.0,10743.0,206742.0,,,0.237293,-2.05494016,"6,936.99",338.12,5.12,2026-05-05 14:19:40
149,원격진료/비대면진료(U-Healthcare),-0.84,290660,다이나믹솔루션 *,테마 편입 사유,1159.0,상승  13,1.13,1159.0,1160.0,3388471.0,4076.0,1952669.0,,,0.237293,-2.05494016,"6,936.99",338.12,5.12,2026-05-05 14:19:40
149,원격진료/비대면진료(U-Healthcare),-0.84,100120,뷰웍스 *,테마 편입 사유,27400.0,상승  250,0.92,27350.0,27400.0,80030.0,2212.0,62102.0,,,0.237293,-2.05494016,"6,936.99",338.12,5.12,2026-05-05 14:19:40
149,원격진료/비대면진료(U-Healthcare),-0.84,033230,인성정보 *,테마 편입 사유,1959.0,상승  13,0.67,1958.0,1959.0,1010.0,2.0,4767263.0,,,0.237293,-2.05494016,"6,936.99",338.12,5.12,2026-05-05 14:19:40
149,원격진료/비대면진료(U-Healthcare),-0.84,041830,인바디 *,테마 편입 사유,29650.0,상승  150,0.51,29650.0,29850.0,26581.0,791.0,12305.0,,,0.237293,-2.05494016,"6,936.99",338.12,5.12,2026-05-05 14:19:40
149,원격진료/비대면진료(U-Healthcare),-0.84,322510,제이엘케이 *,테마 편입 사유,7210.0,상승  30,0.42,7200.0,7210.0,291591.0,2110.0,335509.0,,,0.237293,-2.05494016,"6,936.99",338.12,5.12,2026-05-05 14:19:40
149,원격진료/비대면진료(U-Healthcare),-0.84,032680,소프트센 *,테마 편입 사유,268.0,보합0,0.0,0.0,0.0,0.0,0.0,2895067.0,,,0.237293,-2.05494016,"6,936.99",338.12,5.12,2026-05-05 14:19:40
149,원격진료/비대면진료(U-Healthcare),-0.84,038290,마크로젠 *,테마 편입 사유,16220.0,보합0,0.0,16220.0,16230.0,39546.0,646.0,26906.0,,,0.237293,-2.05494016,"6,936.99",338.12,5.12,2026-05-05 14:19:40
149,원격진료/비대면진료(U-Healthcare),-0.84,005250,녹십자홀딩스,테마 편입 사유,13950.0,하락  10,-0.07,13950.0,13960.0,77302.0,1081.0,99694.0,,,0.237293,-2.05494016,"6,936.99",338.12,5.12,2026-05-05 14:19:40
149,원격진료/비대면진료(U-Healthcare),-0.84,393210,토마토시스템 *,테마 편입 사유,4480.0,하락  25,-0.55,4475.0,4480.0,63740.0,289.0,55497.0,,,0.237293,-2.05494016,"6,936.99",338.12,5.12,2026-05-05 14:19:40
149,원격진료/비대면진료(U-Healthcare),-0.84,032620,GC메디아이 *,테마 편입 사유,4025.0,하락  35,-0.86,4025.0,4030.0,105570.0,428.0,176426.0,,,0.237293,-2.05494016,"6,936.99",338.12,5.12,2026-05-05 14:19:40
149,원격진료/비대면진료(U-Healthcare),-0.84,263700,케어랩스 *,테마 편입 사유,2620.0,하락  25,-0.95,2610.0,2620.0,98429.0,258.0,139377.0,,,0.237293,-2.05494016,"6,936.99",338.12,5.12,2026-05-05 14:19:40
149,원격진료/비대면진료(U-Healthcare),-0.84,032850,비트컴퓨터 *,테마 편입 사유,5430.0,하락  60,-1.09,5430.0,5440.0,295921.0,1609.0,860349.0,,,0.237293,-2.05494016,"6,936.99",338.12,5.12,2026-05-05 14:19:40
149,원격진료/비대면진료(U-Healthcare),-0.84,085660,차바이오텍 *,테마 편입 사유,16900.0,하락  190,-1.11,16900.0,16910.0,366668.0,6256.0,296711.0,,,0.237293,-2.05494016,"6,936.99",338.12,5.12,2026-05-05 14:19:40
149,원격진료/비대면진료(U-Healthcare),-0.84,347700,스피어 *,테마 편입 사유,41450.0,하락  750,-1.78,41450.0,41500.0,954777.0,39505.0,1447648.0,,,0.237293,-2.05494016,"6,936.99",338.12,5.12,2026-05-05 14:19:40
149,원격진료/비대면진료(U-Healthcare),-0.84,439580,블루엠텍 *,테마 편입 사유,3260.0,하락  60,-1.81,3260.0,3265.0,204807.0,675.0,137328.0,,,0.237293,-2.05494016,"6,936.99",338.12,5.12,2026-05-05 14:19:40
149,원격진료/비대면진료(U-Healthcare),-0.84,099750,이지케어텍 *,테마 편입 사유,8530.0,하락  160,-1.84,8530.0,8540.0,22506.0,193.0,12596.0,,,0.237293,-2.05494016,"6,936.99",338.12,5.12,2026-05-05 14:19:40
149,원격진료/비대면진료(U-Healthcare),-0.84,131370,알서포트 *,테마 편입 사유,2550.0,하락  60,-2.3,2550.0,2555.0,185803.0,478.0,338857.0,,,0.237293,-2.05494016,"6,936.99",338.12,5.12,2026-05-05 14:19:40
149,원격진료/비대면진료(U-Healthcare),-0.84,039860,나노엔텍 *,테마 편입 사유,6490.0,하락  360,-5.26,6490.0,6500.0,2352794.0,15445.0,6893788.0,,,0.237293,-2.05494016,"6,936.99",338.12,5.12,2026-05-05 14:19:40
149,원격진료/비대면진료(U-Healthcare),-0.84,078160,메디포스트 *,테마 편입 사유,25450.0,"하락  2,450",-8.78,25450.0,25500.0,469062.0,11809.0,221946.0,,,0.237293,-2.05494016,"6,936.99",338.12,5.12,2026-05-05 14:19:40
489,카카오뱅크(kakao BANK),0.61,071050,한국금융지주,테마 편입 사유,262000.0,"상승  22,000",9.17,261500.0,262000.0,446872.0,115507.0,310069.0,,,0.519386,-2.0492563200000005,"6,936.99",338.12,5.12,2026-05-05 14:19:40
489,카카오뱅크(kakao BANK),0.61,203650,드림시큐리티 *,테마 편입 사유,2890.0,상승  150,5.47,2885.0,2890.0,12979442.0,37925.0,9438875.0,,,0.519386,-2.0492563200000005,"6,936.99",338.12,5.12,2026-05-05 14:19:40
489,카카오뱅크(kakao BANK),0.61,205100,엑셈 *,테마 편입 사유,1975.0,상승  18,0.92,1971.0,1975.0,12225.0,24.0,2648269.0,,,0.519386,-2.0492563200000005,"6,936.99",338.12,5.12,2026-05-05 14:19:40
489,카카오뱅크(kakao BANK),0.61,323410,카카오뱅크,테마 편입 사유,24400.0,상승  50,0.21,24400.0,24450.0,973696.0,23893.0,767789.0,,,0.519386,-2.0492563200000005,"6,936.99",338.12,5.12,2026-05-05 14:19:40
489,카카오뱅크(kakao BANK),0.61,035720,카카오,테마 편입 사유,47100.0,하락  200,-0.42,47050.0,47100.0,1520475.0,71746.0,1484406.0,,,0.519386,-2.0492563200000005,"6,936.99",338.12,5.12,2026-05-05 14:19:40
489,카카오뱅크(kakao BANK),0.61,053350,이니텍 *,테마 편입 사유,2990.0,하락  25,-0.83,2980.0,2990.0,104488.0,313.0,70324.0,,,0.519386,-2.0492563200000005,"6,936.99",338.12,5.12,2026-05-05 14:19:40
489,카카오뱅크(kakao BANK),0.61,016450,한세예스24홀딩스,테마 편입 사유,4500.0,하락  40,-0.88,4495.0,4500.0,117806.0,526.0,101084.0,,,0.519386,-2.0492563200000005,"6,936.99",338.12,5.12,2026-05-05 14:19:40
489,카카오뱅크(kakao BANK),0.61,053280,예스24 *,테마 편입 사유,3445.0,하락  50,-1.43,3440.0,3445.0,79509.0,275.0,14356.0,,,0.519386,-2.0492563200000005,"6,936.99",338.12,5.12,2026-05-05 14:19:40
489,카카오뱅크(kakao BANK),0.61,039290,인포뱅크 *,테마 편입 사유,4775.0,하락  75,-1.55,4765.0,4775.0,19169.0,92.0,17870.0,,,0.519386,-2.0492563200000005,"6,936.99",338.12,5.12,2026-05-05 14:19:40
489,카카오뱅크(kakao BANK),0.61,105560,KB금융,테마 편입 사유,157800.0,"하락  2,700",-1.68,157800.0,157900.0,1219686.0,193562.0,1640619.0,,,0.519386,-2.0492563200000005,"6,936.99",338.12,5.12,2026-05-05 14:19:40
489,카카오뱅크(kakao BANK),0.61,131370,알서포트 *,테마 편입 사유,2550.0,하락  60,-2.3,2550.0,2555.0,185803.0,478.0,338857.0,,,0.519386,-2.0492563200000005,"6,936.99",338.12,5.12,2026-05-05 14:19:40
188,풍력에너지,1.15,060370,LS마린솔루션 *,테마 편입 사유,49550.0,"상한가  11,400",29.88,49550.0,0.0,3068829.0,144511.0,643335.0,,,0.623109,-2.0403180800000005,"6,936.99",338.12,5.12,2026-05-05 14:19:40
188,풍력에너지,1.15,006260,LS,테마 편입 사유,509000.0,"상승  56,000",12.36,508000.0,509000.0,369776.0,184919.0,354410.0,,,0.623109,-2.0403180800000005,"6,936.99",338.12,5.12,2026-05-05 14:19:40
188,풍력에너지,1.15,044490,태웅 *,테마 편입 사유,58800.0,"상승  5,800",10.94,58800.0,58900.0,783901.0,45931.0,195784.0,,,0.623109,-2.0403180800000005,"6,936.99",338.12,5.12,2026-05-05 14:19:40
188,풍력에너지,1.15,005490,POSCO홀딩스,테마 편입 사유,502000.0,"상승  40,000",8.66,502000.0,503000.0,1080353.0,542790.0,568870.0,,,0.623109,-2.0403180800000005,"6,936.99",338.12,5.12,2026-05-05 14:19:40
188,풍력에너지,1.15,298040,효성중공업,테마 편입 사유,4228000.0,"상승  316,000",8.08,4227000.0,4228000.0,68111.0,281594.0,54104.0,,,0.623109,-2.0403180800000005,"6,936.99",338.12,5.12,2026-05-05 14:19:40
188,풍력에너지,1.15,229640,LS에코에너지,테마 편입 사유,90400.0,"상승  3,300",3.79,90400.0,90500.0,782747.0,69294.0,565958.0,,,0.623109,-2.0403180800000005,"6,936.99",338.12,5.12,2026-05-05 14:19:40
188,풍력에너지,1.15,005160,동국산업 *,테마 편입 사유,3755.0,상승  130,3.59,3755.0,3760.0,224070.0,832.0,386394.0,,,0.623109,-2.0403180800000005,"6,936.99",338.12,5.12,2026-05-05 14:19:40
188,풍력에너지,1.15,101170,우림피티에스 *,테마 편입 사유,14630.0,상승  420,2.96,14620.0,14630.0,62.0,1.0,268933.0,,,0.623109,-2.0403180800000005,"6,936.99",338.12,5.12,2026-05-05 14:19:40
188,풍력에너지,1.15,015760,한국전력,테마 편입 사유,44500.0,상승  950,2.18,44450.0,44500.0,2352086.0,105271.0,2525970.0,,,0.623109,-2.0403180800000005,"6,936.99",338.12,5.12,2026-05-05 14:19:40
188,풍력에너지,1.15,282720,금양그린파워 *,테마 편입 사유,16420.0,상승  320,1.99,16410.0,16420.0,379.0,6.0,563438.0,,,0.623109,-2.0403180800000005,"6,936.99",338.12,5.12,2026-05-05 14:19:40
188,풍력에너지,1.15,096350,대창솔루션 *,테마 편입 사유,3100.0,상승  55,1.81,3100.0,3105.0,1277774.0,3995.0,779206.0,,,0.623109,-2.0403180800000005,"6,936.99",338.12,5.12,2026-05-05 14:19:40
188,풍력에너지,1.15,306200,세아제강,테마 편입 사유,179800.0,"상승  2,400",1.35,179700.0,179800.0,39722.0,6990.0,31203.0,,,0.623109,-2.0403180800000005,"6,936.99",338.12,5.12,2026-05-05 14:19:40
188,풍력에너지,1.15,417200,LS머트리얼즈 *,테마 편입 사유,30350.0,상승  300,1.0,30350.0,30400.0,5034.0,153.0,4308168.0,,,0.623109,-2.0403180800000005,"6,936.99",338.12,5.12,2026-05-05 14:19:40
188,풍력에너지,1.15,068790,DMS *,테마 편입 사유,8330.0,상승  50,0.6,8320.0,8330.0,145686.0,1231.0,200890.0,,,0.623109,-2.0403180800000005,"6,936.99",338.12,5.12,2026-05-05 14:19:40
188,풍력에너지,1.15,034020,두산에너빌리티,테마 편입 사유,127200.0,상승  100,0.08,127200.0,127300.0,3214565.0,408045.0,3380571.0,,,0.623109,-2.0403180800000005,"6,936.99",338.12,5.12,2026-05-05 14:19:40
188,풍력에너지,1.15,119500,포메탈 *,테마 편입 사유,4320.0,보합0,0.0,4315.0,4320.0,147245.0,632.0,60170.0,,,0.623109,-2.0403180800000005,"6,936.99",338.12,5.12,2026-05-05 14:19:40
188,풍력에너지,1.15,115530,씨엔플러스 *,테마 편입 사유,336.0,보합0,0.0,0.0,0.0,0.0,0.0,981749.0,,,0.623109,-2.0403180800000005,"6,936.99",338.12,5.12,2026-05-05 14:19:40
188,풍력에너지,1.15,032820,우리기술 *,테마 편입 사유,21550.0,하락  50,-0.23,21550.0,21600.0,7724609.0,167733.0,5021210.0,,,0.623109,-2.0403180800000005,"6,936.99",338.12,5.12,2026-05-05 14:19:40
188,풍력에너지,1.15,024880,케이피에프 *,테마 편입 사유,5860.0,하락  20,-0.34,5850.0,5860.0,186454.0,1102.0,159854.0,,,0.623109,-2.0403180800000005,"6,936.99",338.12,5.12,2026-05-05 14:19:40
188,풍력에너지,1.15,100660,서암기계공업 *,테마 편입 사유,4520.0,하락  25,-0.55,4515.0,4520.0,49226.0,224.0,56321.0,,,0.623109,-2.0403180800000005,"6,936.99",338.12,5.12,2026-05-05 14:19:40
188,풍력에너지,1.15,054540,삼영엠텍 *,테마 편입 사유,13320.0,하락  110,-0.82,13320.0,13350.0,276884.0,3730.0,268132.0,,,0.623109,-2.0403180800000005,"6,936.99",338.12,5.12,2026-05-05 14:19:40
188,풍력에너지,1.15,013810,스페코 *,테마 편입 사유,2910.0,하락  25,-0.85,2910.0,2915.0,177878.0,515.0,116799.0,,,0.623109,-2.0403180800000005,"6,936.99",338.12,5.12,2026-05-05 14:19:40
188,풍력에너지,1.15,052690,한전기술,테마 편입 사유,186300.0,"하락  2,300",-1.22,186100.0,186300.0,169260.0,31491.0,160454.0,,,0.623109,-2.0403180800000005,"6,936.99",338.12,5.12,2026-05-05 14:19:40
188,풍력에너지,1.15,075580,세진중공업,테마 편입 사유,20300.0,하락  250,-1.22,20250.0,20300.0,281200.0,5691.0,233614.0,,,0.623109,-2.0403180800000005,"6,936.99",338.12,5.12,2026-05-05 14:19:40
188,풍력에너지,1.15,389260,대명에너지 *,테마 편입 사유,23900.0,하락  350,-1.44,23900.0,23950.0,17.0,0.0,291902.0,,,0.623109,-2.0403180800000005,"6,936.99",338.12,5.12,2026-05-05 14:19:40
188,풍력에너지,1.15,000720,현대건설,테마 편입 사유,159400.0,"하락  2,400",-1.48,159400.0,159500.0,1088761.0,172806.0,1239416.0,,,0.623109,-2.0403180800000005,"6,936.99",338.12,5.12,2026-05-05 14:19:40
188,풍력에너지,1.15,112610,씨에스윈드,테마 편입 사유,69700.0,"하락  1,900",-2.65,69600.0,69700.0,452601.0,31456.0,344209.0,,,0.623109,-2.0403180800000005,"6,936.99",338.12,5.12,2026-05-05 14:19:40
188,풍력에너지,1.15,003070,코오롱글로벌,테마 편입 사유,11140.0,하락  310,-2.71,11110.0,11140.0,68426.0,767.0,49403.0,,,0.623109,-2.0403180800000005,"6,936.99",338.12,5.12,2026-05-05 14:19:40
188,풍력에너지,1.15,018000,유니슨 *,테마 편입 사유,1309.0,하락  40,-2.97,1308.0,1309.0,3245872.0,4250.0,2602260.0,,,0.623109,-2.0403180800000005,"6,936.99",338.12,5.12,2026-05-05 14:19:40
188,풍력에너지,1.15,004800,효성,테마 편입 사유,221000.0,"하락  7,000",-3.07,221000.0,222000.0,101373.0,22660.0,90746.0,,,0.623109,-2.0403180800000005,"6,936.99",338.12,5.12,2026-05-05 14:19:40
188,풍력에너지,1.15,297090,씨에스베어링 *,테마 편입 사유,8800.0,하락  350,-3.83,8790.0,8800.0,378310.0,3279.0,281021.0,,,0.623109,-2.0403180800000005,"6,936.99",338.12,5.12,2026-05-05 14:19:40
188,풍력에너지,1.15,100130,동국S&C *,테마 편입 사유,2545.0,하락  110,-4.14,2540.0,2545.0,562645.0,1443.0,2186392.0,,,0.623109,-2.0403180800000005,"6,936.99",338.12,5.12,2026-05-05 14:19:40
188,풍력에너지,1.15,100090,SK오션플랜트,테마 편입 사유,23500.0,"하락  1,050",-4.28,23500.0,23550.0,761687.0,17985.0,1078599.0,,,0.623109,-2.0403180800000005,"6,936.99",338.12,5.12,2026-05-05 14:19:40
188,풍력에너지,1.15,003030,세아제강지주,테마 편입 사유,229000.0,"하락  11,000",-4.58,229000.0,229500.0,47362.0,10807.0,87602.0,,,0.623109,-2.0403180800000005,"6,936.99",338.12,5.12,2026-05-05 14:19:40
188,풍력에너지,1.15,475150,SK이터닉스,테마 편입 사유,55200.0,"하락  2,800",-4.83,55200.0,55300.0,902526.0,49923.0,2976037.0,,,0.623109,-2.0403180800000005,"6,936.99",338.12,5.12,2026-05-05 14:19:40
188,풍력에너지,1.15,004440,삼일씨엔에스,테마 편입 사유,7660.0,하락  560,-6.81,7660.0,7670.0,132867.0,1036.0,92280.0,,,0.623109,-2.0403180800000005,"6,936.99",338.12,5.12,2026-05-05 14:19:40
30,조선,0.13,009540,HD한국조선해양,테마 편입 사유,469500.0,"상승  8,000",1.73,469000.0,469500.0,123717.0,57875.0,161560.0,,,0.420477,-2.02284224,"6,936.99",338.12,5.12,2026-05-05 14:19:40
30,조선,0.13,042660,한화오션,테마 편입 사유,133000.0,"상승  1,200",0.91,132900.0,133000.0,1518622.0,201174.0,1169530.0,,,0.420477,-2.02284224,"6,936.99",338.12,5.12,2026-05-05 14:19:40
30,조선,0.13,023790,동일스틸럭스 *,테마 편입 사유,1249.0,보합0,0.0,0.0,0.0,0.0,0.0,0.0,,,0.420477,-2.02284224,"6,936.99",338.12,5.12,2026-05-05 14:19:40
30,조선,0.13,439260,대한조선,테마 편입 사유,89500.0,보합0,0.0,89500.0,89600.0,145689.0,13188.0,167663.0,,,0.420477,-2.02284224,"6,936.99",338.12,5.12,2026-05-05 14:19:40
30,조선,0.13,010140,삼성중공업,테마 편입 사유,32250.0,하락  100,-0.31,32200.0,32250.0,8153424.0,260951.0,4422860.0,,,0.420477,-2.02284224,"6,936.99",338.12,5.12,2026-05-05 14:19:40
30,조선,0.13,097230,HJ중공업,테마 편입 사유,28800.0,하락  200,-0.69,28750.0,28800.0,1232413.0,35520.0,1981815.0,,,0.420477,-2.02284224,"6,936.99",338.12,5.12,2026-05-05 14:19:40
30,조선,0.13,329180,HD현대중공업,테마 편입 사유,680000.0,"하락  5,000",-0.73,680000.0,681000.0,426534.0,293422.0,408185.0,,,0.420477,-2.02284224,"6,936.99",338.12,5.12,2026-05-05 14:19:40
8,화폐/금융자동화기기(디지털화폐 등),0.18,040160,누리플렉스 *,테마 편입 사유,17490.0,상승  720,4.29,17460.0,17500.0,73996.0,1269.0,74116.0,,,0.425976,-2.00099712,"6,936.99",338.12,5.12,2026-05-05 14:19:40
8,화폐/금융자동화기기(디지털화폐 등),0.18,103140,풍산,테마 편입 사유,100300.0,"상승  1,100",1.11,100200.0,100300.0,357179.0,36225.0,281800.0,,,0.425976,-2.00099712,"6,936.99",338.12,5.12,2026-05-05 14:19:40
8,화폐/금융자동화기기(디지털화폐 등),0.18,115500,케이씨에스 *,테마 편입 사유,16000.0,상승  130,0.82,15990.0,16000.0,320828.0,5196.0,271718.0,,,0.425976,-2.00099712,"6,936.99",338.12,5.12,2026-05-05 14:19:40
8,화폐/금융자동화기기(디지털화폐 등),0.18,377300,카카오페이,테마 편입 사유,56000.0,상승  300,0.54,56000.0,56100.0,247354.0,13948.0,196818.0,,,0.425976,-2.00099712,"6,936.99",338.12,5.12,2026-05-05 14:19:40
8,화폐/금융자동화기기(디지털화폐 등),0.18,094940,푸른기술 *,테마 편입 사유,10500.0,상승  40,0.38,10500.0,10510.0,302076.0,3209.0,1463982.0,,,0.425976,-2.00099712,"6,936.99",338.12,5.12,2026-05-05 14:19:40
8,화폐/금융자동화기기(디지털화폐 등),0.18,089150,케이씨티 *,테마 편입 사유,3470.0,하락  5,-0.14,3470.0,3495.0,225234.0,799.0,137905.0,,,0.425976,-2.00099712,"6,936.99",338.12,5.12,2026-05-05 14:19:40
8,화폐/금융자동화기기(디지털화폐 등),0.18,052600,한네트 *,테마 편입 사유,4040.0,하락  35,-0.86,4035.0,4040.0,90740.0,369.0,86555.0,,,0.425976,-2.00099712,"6,936.99",338.12,5.12,2026-05-05 14:19:40
8,화폐/금융자동화기기(디지털화폐 등),0.18,067730,로지시스 *,테마 편입 사유,3230.0,하락  35,-1.07,3230.0,3240.0,168975.0,552.0,169218.0,,,0.425976,-2.00099712,"6,936.99",338.12,5.12,2026-05-05 14:19:40
8,화폐/금융자동화기기(디지털화폐 등),0.18,053160,프리엠스 *,테마 편입 사유,8920.0,하락  100,-1.11,8920.0,8940.0,23010.0,208.0,24328.0,,,0.425976,-2.00099712,"6,936.99",338.12,5.12,2026-05-05 14:19:40
8,화폐/금융자동화기기(디지털화폐 등),0.18,063570,NICE인프라 *,테마 편입 사유,4550.0,하락  100,-2.15,4550.0,4565.0,117656.0,539.0,251875.0,,,0.425976,-2.00099712,"6,936.99",338.12,5.12,2026-05-05 14:19:40
557,유리 기판,1.66,009150,삼성전기,테마 편입 사유,918000.0,"상승  86,000",10.34,917000.0,918000.0,866674.0,776482.0,906217.0,,,0.713941,-1.9953779200000004,"6,936.99",338.12,5.12,2026-05-05 14:19:40
557,유리 기판,1.66,078150,HB테크놀러지 *,테마 편입 사유,3095.0,상승  245,8.6,3095.0,3100.0,8414086.0,26020.0,2097886.0,,,0.713941,-1.9953779200000004,"6,936.99",338.12,5.12,2026-05-05 14:19:40
557,유리 기판,1.66,420770,기가비스 *,테마 편입 사유,109500.0,"상승  5,600",5.39,107600.0,109500.0,136797.0,14694.0,97472.0,,,0.713941,-1.9953779200000004,"6,936.99",338.12,5.12,2026-05-05 14:19:40
557,유리 기판,1.66,011790,SKC,테마 편입 사유,124000.0,"상승  6,000",5.08,124000.0,124100.0,702550.0,86741.0,338644.0,,,0.713941,-1.9953779200000004,"6,936.99",338.12,5.12,2026-05-05 14:19:40
557,유리 기판,1.66,302430,이노메트리 *,테마 편입 사유,8740.0,상승  350,4.17,8730.0,8740.0,152810.0,1341.0,52509.0,,,0.713941,-1.9953779200000004,"6,936.99",338.12,5.12,2026-05-05 14:19:40
557,유리 기판,1.66,452190,한빛레이저 *,테마 편입 사유,8170.0,상승  210,2.64,8160.0,8170.0,4609780.0,38489.0,7725816.0,,,0.713941,-1.9953779200000004,"6,936.99",338.12,5.12,2026-05-05 14:19:40
557,유리 기판,1.66,083500,에프엔에스테크 *,테마 편입 사유,19720.0,상승  370,1.91,19710.0,19720.0,91573.0,1816.0,150893.0,,,0.713941,-1.9953779200000004,"6,936.99",338.12,5.12,2026-05-05 14:19:40
557,유리 기판,1.66,161580,필옵틱스 *,테마 편입 사유,48650.0,상승  850,1.78,48650.0,48700.0,214033.0,10390.0,233503.0,,,0.713941,-1.9953779200000004,"6,936.99",338.12,5.12,2026-05-05 14:19:40
557,유리 기판,1.66,089010,켐트로닉스 *,테마 편입 사유,38050.0,상승  650,1.74,38050.0,38100.0,724836.0,27282.0,522402.0,,,0.713941,-1.9953779200000004,"6,936.99",338.12,5.12,2026-05-05 14:19:40
557,유리 기판,1.66,049950,미래컴퍼니 *,테마 편입 사유,16320.0,상승  120,0.74,16320.0,16390.0,70021.0,1161.0,55455.0,,,0.713941,-1.9953779200000004,"6,936.99",338.12,5.12,2026-05-05 14:19:40
557,유리 기판,1.66,267320,나인테크 *,테마 편입 사유,3500.0,상승  20,0.57,3495.0,3500.0,1568804.0,5541.0,1960975.0,,,0.713941,-1.9953779200000004,"6,936.99",338.12,5.12,2026-05-05 14:19:40
557,유리 기판,1.66,264660,씨앤지하이테크 *,테마 편입 사유,22600.0,상승  100,0.44,22600.0,22650.0,229211.0,5208.0,191837.0,,,0.713941,-1.9953779200000004,"6,936.99",338.12,5.12,2026-05-05 14:19:40
557,유리 기판,1.66,452450,피아이이 *,테마 편입 사유,6920.0,상승  10,0.14,6920.0,6940.0,455775.0,3204.0,503808.0,,,0.713941,-1.9953779200000004,"6,936.99",338.12,5.12,2026-05-05 14:19:40
557,유리 기판,1.66,171010,램테크놀러지 *,테마 편입 사유,3735.0,상승  5,0.13,3735.0,3760.0,88422.0,334.0,77562.0,,,0.713941,-1.9953779200000004,"6,936.99",338.12,5.12,2026-05-05 14:19:40
557,유리 기판,1.66,469750,아이비젼웍스 *,테마 편입 사유,1161.0,보합0,0.0,1157.0,1161.0,157728.0,185.0,150069.0,,,0.713941,-1.9953779200000004,"6,936.99",338.12,5.12,2026-05-05 14:19:40
557,유리 기판,1.66,040910,아이씨디 *,테마 편입 사유,5870.0,하락  10,-0.17,5860.0,5870.0,92184.0,538.0,78439.0,,,0.713941,-1.9953779200000004,"6,936.99",338.12,5.12,2026-05-05 14:19:40
557,유리 기판,1.66,450330,하스 *,테마 편입 사유,7060.0,하락  80,-1.12,7060.0,7070.0,19675.0,139.0,14181.0,,,0.713941,-1.9953779200000004,"6,936.99",338.12,5.12,2026-05-05 14:19:40
557,유리 기판,1.66,204270,제이앤티씨 *,테마 편입 사유,19100.0,하락  240,-1.24,19090.0,19100.0,180744.0,3496.0,176149.0,,,0.713941,-1.9953779200000004,"6,936.99",338.12,5.12,2026-05-05 14:19:40
557,유리 기판,1.66,112290,와이씨켐 *,테마 편입 사유,13620.0,하락  430,-3.06,13620.0,13630.0,1213772.0,16466.0,2353453.0,,,0.713941,-1.9953779200000004,"6,936.99",338.12,5.12,2026-05-05 14:19:40
557,유리 기판,1.66,323280,태성 *,테마 편입 사유,75600.0,"하락  3,900",-4.91,75600.0,75700.0,476266.0,36265.0,363025.0,,,0.713941,-1.9953779200000004,"6,936.99",338.12,5.12,2026-05-05 14:19:40
501,리비안(RIVIAN),-0.07,128540,에코캡 *,테마 편입 사유,1972.0,상승  77,4.06,1972.0,1973.0,463458.0,900.0,120219.0,,,0.374867,-1.98931904,"6,936.99",338.12,5.12,2026-05-05 14:19:40
501,리비안(RIVIAN),-0.07,137400,피엔티 *,테마 편입 사유,58000.0,"상승  2,000",3.57,57900.0,58000.0,206076.0,12011.0,192375.0,,,0.374867,-1.98931904,"6,936.99",338.12,5.12,2026-05-05 14:19:40
501,리비안(RIVIAN),-0.07,012860,모베이스전자 *,테마 편입 사유,3920.0,상승  100,2.62,3920.0,3925.0,1528071.0,6009.0,1870741.0,,,0.374867,-1.98931904,"6,936.99",338.12,5.12,2026-05-05 14:19:40
501,리비안(RIVIAN),-0.07,091580,상신이디피 *,테마 편입 사유,27100.0,상승  500,1.88,27000.0,27100.0,346053.0,9364.0,485973.0,,,0.374867,-1.98931904,"6,936.99",338.12,5.12,2026-05-05 14:19:40
501,리비안(RIVIAN),-0.07,204320,HL만도,테마 편입 사유,58000.0,상승  900,1.58,57900.0,58000.0,366564.0,21163.0,563165.0,,,0.374867,-1.98931904,"6,936.99",338.12,5.12,2026-05-05 14:19:40
501,리비안(RIVIAN),-0.07,006400,삼성SDI,테마 편입 사유,705000.0,"상승  10,000",1.44,705000.0,706000.0,663957.0,466135.0,853824.0,,,0.374867,-1.98931904,"6,936.99",338.12,5.12,2026-05-05 14:19:40
501,리비안(RIVIAN),-0.07,002710,TCC스틸,테마 편입 사유,19980.0,상승  250,1.27,19980.0,19990.0,290899.0,5857.0,566528.0,,,0.374867,-1.98931904,"6,936.99",338.12,5.12,2026-05-05 14:19:40
501,리비안(RIVIAN),-0.07,215360,우리산업 *,테마 편입 사유,9440.0,상승  100,1.07,9440.0,9450.0,30427.0,288.0,47255.0,,,0.374867,-1.98931904,"6,936.99",338.12,5.12,2026-05-05 14:19:40
501,리비안(RIVIAN),-0.07,017370,우신시스템,테마 편입 사유,6180.0,상승  60,0.98,6160.0,6180.0,52865.0,328.0,24472.0,,,0.374867,-1.98931904,"6,936.99",338.12,5.12,2026-05-05 14:19:40
501,리비안(RIVIAN),-0.07,043370,피에이치에이 *,테마 편입 사유,13140.0,상승  40,0.31,13110.0,13140.0,16312.0,214.0,28336.0,,,0.374867,-1.98931904,"6,936.99",338.12,5.12,2026-05-05 14:19:40
501,리비안(RIVIAN),-0.07,013570,디와이,테마 편입 사유,5280.0,상승  10,0.19,5260.0,5280.0,163177.0,860.0,176457.0,,,0.374867,-1.98931904,"6,936.99",338.12,5.12,2026-05-05 14:19:40
501,리비안(RIVIAN),-0.07,222080,씨아이에스 *,테마 편입 사유,17190.0,상승  20,0.12,17180.0,17190.0,4863206.0,84337.0,6840318.0,,,0.374867,-1.98931904,"6,936.99",338.12,5.12,2026-05-05 14:19:40
501,리비안(RIVIAN),-0.07,234100,폴라리스세원 *,테마 편입 사유,1020.0,보합0,0.0,0.0,0.0,0.0,0.0,0.0,,,0.374867,-1.98931904,"6,936.99",338.12,5.12,2026-05-05 14:19:40
501,리비안(RIVIAN),-0.07,047050,포스코인터내셔널,테마 편입 사유,87300.0,보합0,0.0,87200.0,87300.0,1175425.0,102695.0,1420585.0,,,0.374867,-1.98931904,"6,936.99",338.12,5.12,2026-05-05 14:19:40
501,리비안(RIVIAN),-0.07,024890,대원화성,테마 편입 사유,906.0,보합0,0.0,0.0,0.0,0.0,0.0,0.0,,,0.374867,-1.98931904,"6,936.99",338.12,5.12,2026-05-05 14:19:40
501,리비안(RIVIAN),-0.07,004270,남성,테마 편입 사유,753.0,보합0,0.0,0.0,0.0,0.0,0.0,0.0,,,0.374867,-1.98931904,"6,936.99",338.12,5.12,2026-05-05 14:19:40
501,리비안(RIVIAN),-0.07,075970,동국알앤에스 *,테마 편입 사유,2380.0,하락  30,-1.24,2380.0,2385.0,140574.0,337.0,134632.0,,,0.374867,-1.98931904,"6,936.99",338.12,5.12,2026-05-05 14:19:40
501,리비안(RIVIAN),-0.07,002880,디와이에이,테마 편입 사유,974.0,하락  24,-2.4,972.0,974.0,259329.0,252.0,859881.0,,,0.374867,-1.98931904,"6,936.99",338.12,5.12,2026-05-05 14:19:40
501,리비안(RIVIAN),-0.07,354320,알멕 *,테마 편입 사유,97800.0,"하락  2,600",-2.59,97700.0,97800.0,110508.0,10971.0,102188.0,,,0.374867,-1.98931904,"6,936.99",338.12,5.12,2026-05-05 14:19:40
501,리비안(RIVIAN),-0.07,125210,아모그린텍 *,테마 편입 사유,14930.0,하락  930,-5.86,14930.0,14940.0,655616.0,10239.0,510893.0,,,0.374867,-1.98931904,"6,936.99",338.12,5.12,2026-05-05 14:19:40
501,리비안(RIVIAN),-0.07,240600,유진테크놀로지 *,테마 편입 사유,3660.0,하락  340,-8.5,3655.0,3660.0,222955.0,837.0,230584.0,,,0.374867,-1.98931904,"6,936.99",338.12,5.12,2026-05-05 14:19:40
524,모듈러주택,0.07,005490,POSCO홀딩스,테마 편입 사유,502000.0,"상승  40,000",8.66,502000.0,503000.0,1080353.0,542790.0,568870.0,,,0.402032,-1.98840384,"6,936.99",338.12,5.12,2026-05-05 14:19:40
524,모듈러주택,0.07,028260,삼성물산,테마 편입 사유,320000.0,"상승  21,500",7.2,320000.0,320500.0,638338.0,200101.0,455000.0,,,0.402032,-1.98840384,"6,936.99",338.12,5.12,2026-05-05 14:19:40
524,모듈러주택,0.07,014280,금강공업,테마 편입 사유,5380.0,상승  20,0.37,5370.0,5380.0,131619.0,708.0,104111.0,,,0.402032,-1.98840384,"6,936.99",338.12,5.12,2026-05-05 14:19:40
524,모듈러주택,0.07,043910,자연과환경 *,테마 편입 사유,493.0,보합0,0.0,0.0,0.0,0.0,0.0,0.0,,,0.402032,-1.98840384,"6,936.99",338.12,5.12,2026-05-05 14:19:40
524,모듈러주택,0.07,475230,엔알비 *,테마 편입 사유,18850.0,보합0,0.0,18840.0,18850.0,62041.0,1169.0,104136.0,,,0.402032,-1.98840384,"6,936.99",338.12,5.12,2026-05-05 14:19:40
524,모듈러주택,0.07,090410,덕신이피씨 *,테마 편입 사유,1292.0,하락  21,-1.6,1292.0,1295.0,195718.0,254.0,116629.0,,,0.402032,-1.98840384,"6,936.99",338.12,5.12,2026-05-05 14:19:40
524,모듈러주택,0.07,109610,에스와이 *,테마 편입 사유,2915.0,하락  75,-2.51,2910.0,2915.0,350716.0,1035.0,250635.0,,,0.402032,-1.98840384,"6,936.99",338.12,5.12,2026-05-05 14:19:40
524,모듈러주택,0.07,003070,코오롱글로벌,테마 편입 사유,11140.0,하락  310,-2.71,11110.0,11140.0,68426.0,767.0,49403.0,,,0.402032,-1.98840384,"6,936.99",338.12,5.12,2026-05-05 14:19:40
524,모듈러주택,0.07,004960,한신공영,테마 편입 사유,14420.0,하락  480,-3.22,14420.0,14430.0,111715.0,1629.0,132907.0,,,0.402032,-1.98840384,"6,936.99",338.12,5.12,2026-05-05 14:19:40
524,모듈러주택,0.07,006360,GS건설,테마 편입 사유,35950.0,"하락  2,100",-5.52,35950.0,36000.0,2961294.0,105682.0,4058929.0,,,0.402032,-1.98840384,"6,936.99",338.12,5.12,2026-05-05 14:19:40
176,도시가스,-0.93,015360,INVENI,테마 편입 사유,16210.0,상승  140,0.87,16210.0,16250.0,71795.0,1172.0,36749.0,,,0.202386,-1.96621632,"6,936.99",338.12,5.12,2026-05-05 14:19:40
176,도시가스,-0.93,004690,삼천리,테마 편입 사유,148500.0,상승  900,0.61,148000.0,148500.0,14343.0,2114.0,19363.0,,,0.202386,-1.96621632,"6,936.99",338.12,5.12,2026-05-05 14:19:40
176,도시가스,-0.93,267290,경동도시가스,테마 편입 사유,23000.0,보합0,0.0,22950.0,23000.0,11633.0,267.0,8477.0,,,0.202386,-1.96621632,"6,936.99",338.12,5.12,2026-05-05 14:19:40
176,도시가스,-0.93,034590,인천도시가스,테마 편입 사유,26850.0,하락  100,-0.37,26850.0,26900.0,3247.0,87.0,2102.0,,,0.202386,-1.96621632,"6,936.99",338.12,5.12,2026-05-05 14:19:40
176,도시가스,-0.93,016710,대성홀딩스,테마 편입 사유,8540.0,하락  100,-1.16,8530.0,8540.0,50386.0,430.0,11289.0,,,0.202386,-1.96621632,"6,936.99",338.12,5.12,2026-05-05 14:19:40
176,도시가스,-0.93,036460,한국가스공사,테마 편입 사유,38600.0,하락  500,-1.28,38600.0,38650.0,267505.0,10364.0,395777.0,,,0.202386,-1.96621632,"6,936.99",338.12,5.12,2026-05-05 14:19:40
176,도시가스,-0.93,017390,서울가스,테마 편입 사유,64300.0,"하락  1,100",-1.68,64200.0,64300.0,10105.0,651.0,9231.0,,,0.202386,-1.96621632,"6,936.99",338.12,5.12,2026-05-05 14:19:40
176,도시가스,-0.93,053050,지에스이 *,테마 편입 사유,2550.0,하락  60,-2.3,2545.0,2550.0,411440.0,1054.0,725302.0,,,0.202386,-1.96621632,"6,936.99",338.12,5.12,2026-05-05 14:19:40
176,도시가스,-0.93,117580,대성에너지,테마 편입 사유,8910.0,하락  280,-3.05,8910.0,8920.0,408475.0,3665.0,530426.0,,,0.202386,-1.96621632,"6,936.99",338.12,5.12,2026-05-05 14:19:40
379,항공기부품,0.92,047810,한국항공우주,테마 편입 사유,180000.0,"상승  11,000",6.51,179900.0,180000.0,1885749.0,337238.0,947951.0,,,0.563288,-1.96403456,"6,936.99",338.12,5.12,2026-05-05 14:19:40
379,항공기부품,0.92,046120,오르비텍 *,테마 편입 사유,12320.0,상승  690,5.93,12310.0,12320.0,7886.0,97.0,1073064.0,,,0.563288,-1.96403456,"6,936.99",338.12,5.12,2026-05-05 14:19:40
379,항공기부품,0.92,079550,LIG디펜스앤에어로스페이스,테마 편입 사유,983000.0,"상승  42,000",4.46,983000.0,984000.0,295511.0,284024.0,244235.0,,,0.563288,-1.96403456,"6,936.99",338.12,5.12,2026-05-05 14:19:40
379,항공기부품,0.92,012450,한화에어로스페이스,테마 편입 사유,1465000.0,"상승  48,000",3.39,1464000.0,1465000.0,195389.0,286177.0,236243.0,,,0.563288,-1.96403456,"6,936.99",338.12,5.12,2026-05-05 14:19:40
379,항공기부품,0.92,274090,켄코아에어로스페이스 *,테마 편입 사유,21950.0,상승  300,1.39,21950.0,22000.0,328946.0,7287.0,345940.0,,,0.563288,-1.96403456,"6,936.99",338.12,5.12,2026-05-05 14:19:40
379,항공기부품,0.92,067390,아스트 *,테마 편입 사유,796.0,상승  10,1.27,796.0,797.0,3479790.0,2814.0,2004202.0,,,0.563288,-1.96403456,"6,936.99",338.12,5.12,2026-05-05 14:19:40
379,항공기부품,0.92,011210,현대위아,테마 편입 사유,82900.0,상승  200,0.24,82900.0,83000.0,168718.0,13969.0,212268.0,,,0.563288,-1.96403456,"6,936.99",338.12,5.12,2026-05-05 14:19:40
379,항공기부품,0.92,034020,두산에너빌리티,테마 편입 사유,127200.0,상승  100,0.08,127200.0,127300.0,3214565.0,408045.0,3380571.0,,,0.563288,-1.96403456,"6,936.99",338.12,5.12,2026-05-05 14:19:40
379,항공기부품,0.92,095190,신화프리텍 *,테마 편입 사유,2555.0,보합0,0.0,2545.0,2555.0,271471.0,692.0,135976.0,,,0.563288,-1.96403456,"6,936.99",338.12,5.12,2026-05-05 14:19:40
379,항공기부품,0.92,003490,대한항공,테마 편입 사유,24500.0,하락  50,-0.2,24500.0,24550.0,1317983.0,32387.0,1719119.0,,,0.563288,-1.96403456,"6,936.99",338.12,5.12,2026-05-05 14:19:40
379,항공기부품,0.92,215090,솔디펜스 *,테마 편입 사유,2955.0,하락  45,-1.5,2950.0,2955.0,431.0,1.0,602992.0,,,0.563288,-1.96403456,"6,936.99",338.12,5.12,2026-05-05 14:19:40
379,항공기부품,0.92,017960,한국카본,테마 편입 사유,48800.0,하락  750,-1.51,48800.0,48850.0,351823.0,17121.0,417170.0,,,0.563288,-1.96403456,"6,936.99",338.12,5.12,2026-05-05 14:19:40
379,항공기부품,0.92,221840,하이즈항공 *,테마 편입 사유,2900.0,하락  80,-2.68,2895.0,2900.0,45676.0,136.0,70288.0,,,0.563288,-1.96403456,"6,936.99",338.12,5.12,2026-05-05 14:19:40
379,항공기부품,0.92,005870,휴니드,테마 편입 사유,9030.0,하락  430,-4.55,9030.0,9050.0,640958.0,5791.0,167380.0,,,0.563288,-1.96403456,"6,936.99",338.12,5.12,2026-05-05 14:19:40
241,바이오시밀러(복제 바이오의약품),-1.04,051910,LG화학,테마 편입 사유,429000.0,"상승  32,000",8.06,429000.0,429500.0,609933.0,259149.0,283039.0,,,0.177339,-1.9479756799999999,"6,936.99",338.12,5.12,2026-05-05 14:19:40
241,바이오시밀러(복제 바이오의약품),-1.04,196170,알테오젠 *,테마 편입 사유,373000.0,"상승  4,500",1.22,373000.0,373500.0,347544.0,131500.0,263102.0,,,0.177339,-1.9479756799999999,"6,936.99",338.12,5.12,2026-05-05 14:19:40
241,바이오시밀러(복제 바이오의약품),-1.04,003850,보령,테마 편입 사유,10010.0,상승  70,0.7,10010.0,10020.0,262395.0,2654.0,111423.0,,,0.177339,-1.9479756799999999,"6,936.99",338.12,5.12,2026-05-05 14:19:40
241,바이오시밀러(복제 바이오의약품),-1.04,185750,종근당,테마 편입 사유,86100.0,상승  400,0.47,86000.0,86100.0,28869.0,2479.0,35169.0,,,0.177339,-1.9479756799999999,"6,936.99",338.12,5.12,2026-05-05 14:19:40
241,바이오시밀러(복제 바이오의약품),-1.04,006280,녹십자,테마 편입 사유,137500.0,상승  400,0.29,137400.0,137500.0,26719.0,3675.0,41178.0,,,0.177339,-1.9479756799999999,"6,936.99",338.12,5.12,2026-05-05 14:19:40
241,바이오시밀러(복제 바이오의약품),-1.04,003060,에이프로젠바이오로직스,테마 편입 사유,251.0,보합0,0.0,0.0,0.0,0.0,0.0,0.0,,,0.177339,-1.9479756799999999,"6,936.99",338.12,5.12,2026-05-05 14:19:40
241,바이오시밀러(복제 바이오의약품),-1.04,007460,에이프로젠,테마 편입 사유,293.0,보합0,0.0,0.0,0.0,0.0,0.0,0.0,,,0.177339,-1.9479756799999999,"6,936.99",338.12,5.12,2026-05-05 14:19:40
241,바이오시밀러(복제 바이오의약품),-1.04,053030,바이넥스 *,테마 편입 사유,10990.0,하락  30,-0.27,10990.0,11000.0,130282.0,1438.0,200962.0,,,0.177339,-1.9479756799999999,"6,936.99",338.12,5.12,2026-05-05 14:19:40
241,바이오시밀러(복제 바이오의약품),-1.04,069620,대웅제약,테마 편입 사유,147700.0,하락  600,-0.4,147700.0,148000.0,27425.0,4074.0,29447.0,,,0.177339,-1.9479756799999999,"6,936.99",338.12,5.12,2026-05-05 14:19:40
241,바이오시밀러(복제 바이오의약품),-1.04,068760,셀트리온제약 *,테마 편입 사유,55600.0,하락  500,-0.89,55600.0,55700.0,80969.0,4528.0,97332.0,,,0.177339,-1.9479756799999999,"6,936.99",338.12,5.12,2026-05-05 14:19:40
241,바이오시밀러(복제 바이오의약품),-1.04,068270,셀트리온,테마 편입 사유,197800.0,"하락  2,700",-1.35,197800.0,197900.0,616505.0,122723.0,468819.0,,,0.177339,-1.9479756799999999,"6,936.99",338.12,5.12,2026-05-05 14:19:40
241,바이오시밀러(복제 바이오의약품),-1.04,000250,삼천당제약 *,테마 편입 사유,409500.0,"하락  6,000",-1.44,409500.0,410000.0,125098.0,51317.0,162528.0,,,0.177339,-1.9479756799999999,"6,936.99",338.12,5.12,2026-05-05 14:19:40
241,바이오시밀러(복제 바이오의약품),-1.04,170900,동아에스티,테마 편입 사유,43600.0,하락  700,-1.58,43600.0,43700.0,29746.0,1304.0,11166.0,,,0.177339,-1.9479756799999999,"6,936.99",338.12,5.12,2026-05-05 14:19:40
241,바이오시밀러(복제 바이오의약품),-1.04,086890,이수앱지스 *,테마 편입 사유,4650.0,하락  110,-2.31,4650.0,4660.0,137615.0,647.0,78515.0,,,0.177339,-1.9479756799999999,"6,936.99",338.12,5.12,2026-05-05 14:19:40
241,바이오시밀러(복제 바이오의약품),-1.04,009420,한올바이오파마,테마 편입 사유,46300.0,"하락  1,100",-2.32,46250.0,46300.0,321719.0,15205.0,451410.0,,,0.177339,-1.9479756799999999,"6,936.99",338.12,5.12,2026-05-05 14:19:40
241,바이오시밀러(복제 바이오의약품),-1.04,0126Z0,삼성에피스홀딩스,테마 편입 사유,529000.0,"하락  14,000",-2.58,528000.0,529000.0,66411.0,35209.0,54519.0,,,0.177339,-1.9479756799999999,"6,936.99",338.12,5.12,2026-05-05 14:19:40
241,바이오시밀러(복제 바이오의약품),-1.04,222110,팬젠 *,테마 편입 사유,5760.0,하락  190,-3.19,5760.0,5770.0,107335.0,616.0,69510.0,,,0.177339,-1.9479756799999999,"6,936.99",338.12,5.12,2026-05-05 14:19:40
241,바이오시밀러(복제 바이오의약품),-1.04,128940,한미약품,테마 편입 사유,445000.0,"하락  15,000",-3.26,445000.0,445500.0,111138.0,49784.0,142664.0,,,0.177339,-1.9479756799999999,"6,936.99",338.12,5.12,2026-05-05 14:19:40
241,바이오시밀러(복제 바이오의약품),-1.04,950210,프레스티지바이오파마,테마 편입 사유,8600.0,하락  310,-3.48,8570.0,8600.0,164092.0,1423.0,96972.0,,,0.177339,-1.9479756799999999,"6,936.99",338.12,5.12,2026-05-05 14:19:40
241,바이오시밀러(복제 바이오의약품),-1.04,067370,선바이오 *,테마 편입 사유,7960.0,하락  320,-3.86,7850.0,7960.0,60123.0,477.0,38979.0,,,0.177339,-1.9479756799999999,"6,936.99",338.12,5.12,2026-05-05 14:19:40
241,바이오시밀러(복제 바이오의약품),-1.04,334970,프레스티지바이오로직스 *,테마 편입 사유,2245.0,하락  135,-5.67,2240.0,2245.0,221349.0,498.0,82628.0,,,0.177339,-1.9479756799999999,"6,936.99",338.12,5.12,2026-05-05 14:19:40
62,철강 주요종목,-0.84,005490,POSCO홀딩스,테마 편입 사유,502000.0,"상승  40,000",8.66,502000.0,503000.0,1080353.0,542790.0,568870.0,,,0.210304,-1.91675648,"6,936.99",338.12,5.12,2026-05-05 14:19:40
62,철강 주요종목,-0.84,306200,세아제강,테마 편입 사유,179800.0,"상승  2,400",1.35,179700.0,179800.0,39722.0,6990.0,31203.0,,,0.210304,-1.91675648,"6,936.99",338.12,5.12,2026-05-05 14:19:40
62,철강 주요종목,-0.84,004020,현대제철,테마 편입 사유,43050.0,상승  500,1.18,43050.0,43100.0,1396791.0,59277.0,1595104.0,,,0.210304,-1.91675648,"6,936.99",338.12,5.12,2026-05-05 14:19:40
62,철강 주요종목,-0.84,016380,KG스틸,테마 편입 사유,6990.0,하락  40,-0.57,6980.0,6990.0,1821329.0,13012.0,2416264.0,,,0.210304,-1.91675648,"6,936.99",338.12,5.12,2026-05-05 14:19:40
62,철강 주요종목,-0.84,002240,고려제강,테마 편입 사유,25400.0,하락  300,-1.17,25350.0,25400.0,39724.0,1013.0,34544.0,,,0.210304,-1.91675648,"6,936.99",338.12,5.12,2026-05-05 14:19:40
62,철강 주요종목,-0.84,084010,대한제강,테마 편입 사유,12410.0,하락  250,-1.97,12400.0,12410.0,101179.0,1267.0,148665.0,,,0.210304,-1.91675648,"6,936.99",338.12,5.12,2026-05-05 14:19:40
62,철강 주요종목,-0.84,104700,한국철강,테마 편입 사유,10390.0,하락  210,-1.98,10390.0,10420.0,50918.0,535.0,72662.0,,,0.210304,-1.91675648,"6,936.99",338.12,5.12,2026-05-05 14:19:40
62,철강 주요종목,-0.84,460850,동국씨엠,테마 편입 사유,6690.0,하락  140,-2.05,6680.0,6690.0,353040.0,2360.0,309459.0,,,0.210304,-1.91675648,"6,936.99",338.12,5.12,2026-05-05 14:19:40
62,철강 주요종목,-0.84,058430,포스코스틸리온,테마 편입 사유,8110.0,하락  280,-3.34,8110.0,8120.0,3857113.0,32430.0,4841334.0,,,0.210304,-1.91675648,"6,936.99",338.12,5.12,2026-05-05 14:19:40
62,철강 주요종목,-0.84,460860,동국제강,테마 편입 사유,14710.0,하락  680,-4.42,14700.0,14710.0,1022847.0,14841.0,814258.0,,,0.210304,-1.91675648,"6,936.99",338.12,5.12,2026-05-05 14:19:40
62,철강 주요종목,-0.84,001430,세아베스틸지주,테마 편입 사유,71800.0,"하락  3,700",-4.9,71800.0,71900.0,310596.0,22637.0,522879.0,,,0.210304,-1.91675648,"6,936.99",338.12,5.12,2026-05-05 14:19:40
36,해운,-0.43,011200,HMM,테마 편입 사유,21150.0,상승  650,3.17,21100.0,21150.0,2366415.0,50541.0,1013500.0,,,0.287513,-1.90206656,"6,936.99",338.12,5.12,2026-05-05 14:19:40
36,해운,-0.43,028670,팬오션,테마 편입 사유,5640.0,상승  100,1.81,5640.0,5650.0,4576130.0,25994.0,2869722.0,,,0.287513,-1.90206656,"6,936.99",338.12,5.12,2026-05-05 14:19:40
36,해운,-0.43,005880,대한해운,테마 편입 사유,2600.0,상승  5,0.19,2600.0,2605.0,10637015.0,27969.0,17092126.0,,,0.287513,-1.90206656,"6,936.99",338.12,5.12,2026-05-05 14:19:40
36,해운,-0.43,003280,흥아해운,테마 편입 사유,2880.0,하락  10,-0.35,2875.0,2880.0,6777286.0,19396.0,29987217.0,,,0.287513,-1.90206656,"6,936.99",338.12,5.12,2026-05-05 14:19:40
36,해운,-0.43,044450,KSS해운,테마 편입 사유,12760.0,하락  60,-0.47,12760.0,12810.0,263209.0,3318.0,1265401.0,,,0.287513,-1.90206656,"6,936.99",338.12,5.12,2026-05-05 14:19:40
36,해운,-0.43,465770,STX그린로지스,테마 편입 사유,4020.0,하락  300,-6.94,4015.0,4020.0,426868.0,1723.0,433182.0,,,0.287513,-1.90206656,"6,936.99",338.12,5.12,2026-05-05 14:19:40
566,딥페이크(deepfake),0.44,047080,한빛소프트 *,테마 편입 사유,1424.0,상승  101,7.63,1423.0,1424.0,788321.0,1096.0,242558.0,,,0.457181,-1.90076672,"6,936.99",338.12,5.12,2026-05-05 14:19:40
566,딥페이크(deepfake),0.44,042510,라온시큐어 *,테마 편입 사유,13120.0,상승  560,4.46,13120.0,13130.0,946193.0,12546.0,433439.0,,,0.457181,-1.90076672,"6,936.99",338.12,5.12,2026-05-05 14:19:40
566,딥페이크(deepfake),0.44,456010,아이씨티케이 *,테마 편입 사유,23550.0,"상승  1,000",4.43,23550.0,23600.0,567774.0,13230.0,468964.0,,,0.457181,-1.90076672,"6,936.99",338.12,5.12,2026-05-05 14:19:40
566,딥페이크(deepfake),0.44,330730,스톤브릿지벤처스 *,테마 편입 사유,6680.0,상승  250,3.89,6650.0,6680.0,287118.0,1937.0,67675.0,,,0.457181,-1.90076672,"6,936.99",338.12,5.12,2026-05-05 14:19:40
566,딥페이크(deepfake),0.44,197140,디지캡 *,테마 편입 사유,2040.0,상승  5,0.25,2030.0,2040.0,5348.0,11.0,7030.0,,,0.457181,-1.90076672,"6,936.99",338.12,5.12,2026-05-05 14:19:40
566,딥페이크(deepfake),0.44,411080,샌즈랩 *,테마 편입 사유,8240.0,상승  10,0.12,8230.0,8240.0,181933.0,1516.0,400644.0,,,0.457181,-1.90076672,"6,936.99",338.12,5.12,2026-05-05 14:19:40
566,딥페이크(deepfake),0.44,075130,플랜티넷 *,테마 편입 사유,2500.0,보합0,0.0,2485.0,2500.0,64013.0,159.0,72705.0,,,0.457181,-1.90076672,"6,936.99",338.12,5.12,2026-05-05 14:19:40
566,딥페이크(deepfake),0.44,047560,이스트소프트 *,테마 편입 사유,14580.0,하락  20,-0.14,14570.0,14580.0,54965.0,806.0,54776.0,,,0.457181,-1.90076672,"6,936.99",338.12,5.12,2026-05-05 14:19:40
566,딥페이크(deepfake),0.44,443670,에스피소프트 *,테마 편입 사유,5780.0,하락  30,-0.52,5780.0,5800.0,517.0,3.0,232263.0,,,0.457181,-1.90076672,"6,936.99",338.12,5.12,2026-05-05 14:19:40
566,딥페이크(deepfake),0.44,150900,파수에이아이 *,테마 편입 사유,5600.0,하락  60,-1.06,5590.0,5600.0,423520.0,2410.0,702500.0,,,0.457181,-1.90076672,"6,936.99",338.12,5.12,2026-05-05 14:19:40
566,딥페이크(deepfake),0.44,476080,M83 *,테마 편입 사유,7130.0,하락  80,-1.11,7090.0,7130.0,54685.0,393.0,68266.0,,,0.457181,-1.90076672,"6,936.99",338.12,5.12,2026-05-05 14:19:40
566,딥페이크(deepfake),0.44,355390,크라우드웍스 *,테마 편입 사유,3345.0,하락  80,-2.34,3345.0,3365.0,217027.0,741.0,182320.0,,,0.457181,-1.90076672,"6,936.99",338.12,5.12,2026-05-05 14:19:40
566,딥페이크(deepfake),0.44,340810,시선AI *,테마 편입 사유,3235.0,하락  100,-3.0,3235.0,3240.0,653301.0,2147.0,6217308.0,,,0.457181,-1.90076672,"6,936.99",338.12,5.12,2026-05-05 14:19:40
566,딥페이크(deepfake),0.44,347860,알체라 *,테마 편입 사유,2525.0,하락  175,-6.48,2525.0,2530.0,2043.0,5.0,801176.0,,,0.457181,-1.90076672,"6,936.99",338.12,5.12,2026-05-05 14:19:40
288,모바일솔루션(스마트폰),-0.11,163730,핑거 *,테마 편입 사유,20250.0,"상승  1,300",6.86,20100.0,20250.0,249325.0,4942.0,289081.0,,,0.338846,-1.84489152,"6,936.99",338.12,5.12,2026-05-05 14:19:40
288,모바일솔루션(스마트폰),-0.11,094480,갤럭시아머니트리 *,테마 편입 사유,8780.0,상승  260,3.05,8770.0,8780.0,353305.0,3073.0,237335.0,,,0.338846,-1.84489152,"6,936.99",338.12,5.12,2026-05-05 14:19:40
288,모바일솔루션(스마트폰),-0.11,042000,카페24 *,테마 편입 사유,25600.0,상승  500,1.99,25600.0,25750.0,62779.0,1613.0,122726.0,,,0.338846,-1.84489152,"6,936.99",338.12,5.12,2026-05-05 14:19:40
288,모바일솔루션(스마트폰),-0.11,064260,다날 *,테마 편입 사유,7430.0,상승  100,1.36,7430.0,7440.0,1292591.0,9661.0,1643648.0,,,0.338846,-1.84489152,"6,936.99",338.12,5.12,2026-05-05 14:19:40
288,모바일솔루션(스마트폰),-0.11,065440,이루온 *,테마 편입 사유,4055.0,상승  45,1.12,4055.0,4060.0,6589.0,26.0,20037980.0,,,0.338846,-1.84489152,"6,936.99",338.12,5.12,2026-05-05 14:19:40
288,모바일솔루션(스마트폰),-0.11,051160,지어소프트 *,테마 편입 사유,7570.0,상승  50,0.66,7540.0,7570.0,58077.0,435.0,15512.0,,,0.338846,-1.84489152,"6,936.99",338.12,5.12,2026-05-05 14:19:40
288,모바일솔루션(스마트폰),-0.11,153460,네이블 *,테마 편입 사유,9660.0,상승  50,0.52,9600.0,9660.0,35676.0,346.0,59926.0,,,0.338846,-1.84489152,"6,936.99",338.12,5.12,2026-05-05 14:19:40
288,모바일솔루션(스마트폰),-0.11,078000,텔코웨어,테마 편입 사유,16970.0,상승  70,0.41,16900.0,16970.0,10110.0,171.0,4456.0,,,0.338846,-1.84489152,"6,936.99",338.12,5.12,2026-05-05 14:19:40
288,모바일솔루션(스마트폰),-0.11,088340,유라클 *,테마 편입 사유,13230.0,상승  20,0.15,13200.0,13230.0,37982.0,502.0,62592.0,,,0.338846,-1.84489152,"6,936.99",338.12,5.12,2026-05-05 14:19:40
288,모바일솔루션(스마트폰),-0.11,065370,위세아이텍 *,테마 편입 사유,5310.0,보합0,0.0,5310.0,5330.0,110931.0,595.0,26041.0,,,0.338846,-1.84489152,"6,936.99",338.12,5.12,2026-05-05 14:19:40
288,모바일솔루션(스마트폰),-0.11,064800,포니링크 *,테마 편입 사유,799.0,보합0,0.0,0.0,0.0,0.0,0.0,0.0,,,0.338846,-1.84489152,"6,936.99",338.12,5.12,2026-05-05 14:19:40
288,모바일솔루션(스마트폰),-0.11,086960,MDS테크 *,테마 편입 사유,1115.0,보합0,0.0,0.0,0.0,0.0,0.0,0.0,,,0.338846,-1.84489152,"6,936.99",338.12,5.12,2026-05-05 14:19:40
288,모바일솔루션(스마트폰),-0.11,039560,다산네트웍스 *,테마 편입 사유,5020.0,보합0,0.0,5020.0,5030.0,371.0,2.0,1513718.0,,,0.338846,-1.84489152,"6,936.99",338.12,5.12,2026-05-05 14:19:40
288,모바일솔루션(스마트폰),-0.11,100030,인지소프트 *,테마 편입 사유,18890.0,하락  30,-0.16,18810.0,18890.0,7253.0,137.0,3978.0,,,0.338846,-1.84489152,"6,936.99",338.12,5.12,2026-05-05 14:19:40
288,모바일솔루션(스마트폰),-0.11,089850,유비벨록스 *,테마 편입 사유,5530.0,하락  30,-0.54,5510.0,5530.0,29770.0,164.0,32170.0,,,0.338846,-1.84489152,"6,936.99",338.12,5.12,2026-05-05 14:19:40
288,모바일솔루션(스마트폰),-0.11,108860,셀바스AI *,테마 편입 사유,13040.0,하락  100,-0.76,13030.0,13040.0,287524.0,3778.0,507836.0,,,0.338846,-1.84489152,"6,936.99",338.12,5.12,2026-05-05 14:19:40
288,모바일솔루션(스마트폰),-0.11,072130,유엔젤,테마 편입 사유,5160.0,하락  70,-1.34,5160.0,5170.0,183071.0,957.0,145333.0,,,0.338846,-1.84489152,"6,936.99",338.12,5.12,2026-05-05 14:19:40
288,모바일솔루션(스마트폰),-0.11,039290,인포뱅크 *,테마 편입 사유,4775.0,하락  75,-1.55,4765.0,4775.0,19169.0,92.0,17870.0,,,0.338846,-1.84489152,"6,936.99",338.12,5.12,2026-05-05 14:19:40
288,모바일솔루션(스마트폰),-0.11,058970,엠로 *,테마 편입 사유,27800.0,하락  450,-1.59,27800.0,27900.0,33439.0,941.0,36730.0,,,0.338846,-1.84489152,"6,936.99",338.12,5.12,2026-05-05 14:19:40
288,모바일솔루션(스마트폰),-0.11,139670,키네마스터 *,테마 편입 사유,2110.0,하락  40,-1.86,2110.0,2115.0,62178.0,132.0,48050.0,,,0.338846,-1.84489152,"6,936.99",338.12,5.12,2026-05-05 14:19:40
288,모바일솔루션(스마트폰),-0.11,041020,폴라리스오피스 *,테마 편입 사유,4815.0,하락  145,-2.92,4815.0,4825.0,1225618.0,5995.0,9155003.0,,,0.338846,-1.84489152,"6,936.99",338.12,5.12,2026-05-05 14:19:40
288,모바일솔루션(스마트폰),-0.11,099390,브레인즈컴퍼니 *,테마 편입 사유,4560.0,하락  150,-3.18,4560.0,4595.0,31836.0,147.0,11320.0,,,0.338846,-1.84489152,"6,936.99",338.12,5.12,2026-05-05 14:19:40
288,모바일솔루션(스마트폰),-0.11,115610,이미지스 *,테마 편입 사유,2920.0,하락  145,-4.73,2910.0,2920.0,539743.0,1569.0,4210238.0,,,0.338846,-1.84489152,"6,936.99",338.12,5.12,2026-05-05 14:19:40
285,마스크,-0.88,047770,코데즈컴바인 *,테마 편입 사유,5280.0,상승  685,14.91,5280.0,5290.0,4149854.0,21819.0,595503.0,,,0.185793,-1.8312601600000002,"6,936.99",338.12,5.12,2026-05-05 14:19:40
285,마스크,-0.88,014100,메디앙스 *,테마 편입 사유,1800.0,상승  32,1.81,1788.0,1800.0,19749.0,35.0,11611.0,,,0.185793,-1.8312601600000002,"6,936.99",338.12,5.12,2026-05-05 14:19:40
285,마스크,-0.88,012690,모나리자,테마 편입 사유,2395.0,상승  30,1.27,2395.0,2400.0,575980.0,1373.0,343461.0,,,0.185793,-1.8312601600000002,"6,936.99",338.12,5.12,2026-05-05 14:19:40
285,마스크,-0.88,002070,비비안,테마 편입 사유,355.0,보합0,0.0,0.0,0.0,0.0,0.0,0.0,,,0.185793,-1.8312601600000002,"6,936.99",338.12,5.12,2026-05-05 14:19:40
285,마스크,-0.88,002720,국제약품,테마 편입 사유,4710.0,보합0,0.0,4710.0,4720.0,187137.0,884.0,114939.0,,,0.185793,-1.8312601600000002,"6,936.99",338.12,5.12,2026-05-05 14:19:40
285,마스크,-0.88,001520,동양,테마 편입 사유,803.0,하락  1,-0.12,801.0,803.0,774143.0,618.0,735947.0,,,0.185793,-1.8312601600000002,"6,936.99",338.12,5.12,2026-05-05 14:19:40
285,마스크,-0.88,004540,깨끗한나라,테마 편입 사유,1999.0,하락  6,-0.3,1999.0,2000.0,159231.0,316.0,90232.0,,,0.185793,-1.8312601600000002,"6,936.99",338.12,5.12,2026-05-05 14:19:40
285,마스크,-0.88,018250,애경산업,테마 편입 사유,14820.0,하락  80,-0.54,14810.0,14820.0,30632.0,457.0,72569.0,,,0.185793,-1.8312601600000002,"6,936.99",338.12,5.12,2026-05-05 14:19:40
285,마스크,-0.88,086450,동국제약 *,테마 편입 사유,23750.0,하락  150,-0.63,23700.0,23750.0,278408.0,6642.0,603722.0,,,0.185793,-1.8312601600000002,"6,936.99",338.12,5.12,2026-05-05 14:19:40
285,마스크,-0.88,034940,조아제약 *,테마 편입 사유,913.0,하락  7,-0.76,913.0,915.0,93113.0,85.0,76668.0,,,0.185793,-1.8312601600000002,"6,936.99",338.12,5.12,2026-05-05 14:19:40
285,마스크,-0.88,294140,레몬 *,테마 편입 사유,3375.0,하락  30,-0.88,3375.0,3405.0,177058.0,620.0,93166.0,,,0.185793,-1.8312601600000002,"6,936.99",338.12,5.12,2026-05-05 14:19:40
285,마스크,-0.88,001060,JW중외제약,테마 편입 사유,30700.0,하락  500,-1.6,30650.0,30700.0,67936.0,2097.0,49129.0,,,0.185793,-1.8312601600000002,"6,936.99",338.12,5.12,2026-05-05 14:19:40
285,마스크,-0.88,045520,크린앤사이언스 *,테마 편입 사유,3300.0,하락  55,-1.64,3300.0,3335.0,27887.0,92.0,38846.0,,,0.185793,-1.8312601600000002,"6,936.99",338.12,5.12,2026-05-05 14:19:40
285,마스크,-0.88,372910,한컴라이프케어,테마 편입 사유,2525.0,하락  65,-2.51,2525.0,2530.0,135670.0,348.0,115585.0,,,0.185793,-1.8312601600000002,"6,936.99",338.12,5.12,2026-05-05 14:19:40
285,마스크,-0.88,079980,휴비스,테마 편입 사유,3385.0,하락  100,-2.87,3385.0,3395.0,450701.0,1555.0,689587.0,,,0.185793,-1.8312601600000002,"6,936.99",338.12,5.12,2026-05-05 14:19:40
285,마스크,-0.88,013990,아가방컴퍼니 *,테마 편입 사유,5100.0,하락  160,-3.04,5100.0,5120.0,316589.0,1652.0,286836.0,,,0.185793,-1.8312601600000002,"6,936.99",338.12,5.12,2026-05-05 14:19:40
285,마스크,-0.88,083550,케이엠 *,테마 편입 사유,3420.0,하락  110,-3.12,3420.0,3450.0,48768.0,169.0,37061.0,,,0.185793,-1.8312601600000002,"6,936.99",338.12,5.12,2026-05-05 14:19:40
285,마스크,-0.88,108230,톱텍 *,테마 편입 사유,4445.0,하락  145,-3.16,4445.0,4455.0,175532.0,794.0,75236.0,,,0.185793,-1.8312601600000002,"6,936.99",338.12,5.12,2026-05-05 14:19:40
285,마스크,-0.88,263020,디케이앤디 *,테마 편입 사유,3635.0,하락  135,-3.58,3635.0,3640.0,1019440.0,3761.0,1814189.0,,,0.185793,-1.8312601600000002,"6,936.99",338.12,5.12,2026-05-05 14:19:40
285,마스크,-0.88,352700,씨앤투스 *,테마 편입 사유,2065.0,하락  80,-3.73,2060.0,2065.0,31803.0,66.0,25900.0,,,0.185793,-1.8312601600000002,"6,936.99",338.12,5.12,2026-05-05 14:19:40
285,마스크,-0.88,065950,웰크론 *,테마 편입 사유,1524.0,하락  67,-4.21,1523.0,1524.0,192343.0,298.0,59004.0,,,0.185793,-1.8312601600000002,"6,936.99",338.12,5.12,2026-05-05 14:19:40
285,마스크,-0.88,042040,케이피엠테크 *,테마 편입 사유,1170.0,하락  57,-4.65,1162.0,1170.0,504620.0,573.0,849918.0,,,0.185793,-1.8312601600000002,"6,936.99",338.12,5.12,2026-05-05 14:19:40
540,비만치료제,-0.69,051910,LG화학,테마 편입 사유,429000.0,"상승  32,000",8.06,429000.0,429500.0,609933.0,259149.0,283039.0,,,0.215839,-1.79509568,"6,936.99",338.12,5.12,2026-05-05 14:19:40
540,비만치료제,-0.69,389470,인벤티지랩 *,테마 편입 사유,63300.0,"상승  1,800",2.93,63200.0,63300.0,67317.0,4255.0,62036.0,,,0.215839,-1.79509568,"6,936.99",338.12,5.12,2026-05-05 14:19:40
540,비만치료제,-0.69,087010,펩트론 *,테마 편입 사유,267500.0,"상승  7,000",2.69,267500.0,268000.0,98470.0,26597.0,115725.0,,,0.215839,-1.79509568,"6,936.99",338.12,5.12,2026-05-05 14:19:40
540,비만치료제,-0.69,256840,한국비엔씨 *,테마 편입 사유,4025.0,상승  45,1.13,4020.0,4025.0,304427.0,1231.0,376617.0,,,0.215839,-1.79509568,"6,936.99",338.12,5.12,2026-05-05 14:19:40
540,비만치료제,-0.69,226950,올릭스 *,테마 편입 사유,174200.0,"상승  1,700",0.99,174100.0,174200.0,162123.0,28161.0,288160.0,,,0.215839,-1.79509568,"6,936.99",338.12,5.12,2026-05-05 14:19:40
540,비만치료제,-0.69,009290,광동제약,테마 편입 사유,8350.0,상승  80,0.97,8340.0,8350.0,226772.0,1919.0,251299.0,,,0.215839,-1.79509568,"6,936.99",338.12,5.12,2026-05-05 14:19:40
540,비만치료제,-0.69,347850,디앤디파마텍 *,테마 편입 사유,74900.0,상승  700,0.94,74900.0,75000.0,245224.0,18568.0,378678.0,,,0.215839,-1.79509568,"6,936.99",338.12,5.12,2026-05-05 14:19:40
540,비만치료제,-0.69,185750,종근당,테마 편입 사유,86100.0,상승  400,0.47,86000.0,86100.0,28869.0,2479.0,35169.0,,,0.215839,-1.79509568,"6,936.99",338.12,5.12,2026-05-05 14:19:40
540,비만치료제,-0.69,089140,넥스턴앤롤코리아 *,테마 편입 사유,2225.0,상승  10,0.45,2220.0,2225.0,52681.0,116.0,37086.0,,,0.215839,-1.79509568,"6,936.99",338.12,5.12,2026-05-05 14:19:40
540,비만치료제,-0.69,378800,샤페론 *,테마 편입 사유,1877.0,상승  1,0.05,1876.0,1877.0,884.0,2.0,767944.0,,,0.215839,-1.79509568,"6,936.99",338.12,5.12,2026-05-05 14:19:40
540,비만치료제,-0.69,214370,케어젠 *,테마 편입 사유,105400.0,하락  100,-0.09,105100.0,105400.0,71449.0,7476.0,149756.0,,,0.215839,-1.79509568,"6,936.99",338.12,5.12,2026-05-05 14:19:40
540,비만치료제,-0.69,047920,HLB제약 *,테마 편입 사유,17270.0,하락  30,-0.17,17270.0,17290.0,100571.0,1752.0,78467.0,,,0.215839,-1.79509568,"6,936.99",338.12,5.12,2026-05-05 14:19:40
540,비만치료제,-0.69,067080,대화제약 *,테마 편입 사유,14670.0,하락  50,-0.34,14670.0,14740.0,43837.0,648.0,52088.0,,,0.215839,-1.79509568,"6,936.99",338.12,5.12,2026-05-05 14:19:40
540,비만치료제,-0.69,069620,대웅제약,테마 편입 사유,147700.0,하락  600,-0.4,147700.0,148000.0,27425.0,4074.0,29447.0,,,0.215839,-1.79509568,"6,936.99",338.12,5.12,2026-05-05 14:19:40
540,비만치료제,-0.69,456160,지투지바이오 *,테마 편입 사유,85200.0,하락  400,-0.47,85200.0,85300.0,280030.0,24084.0,739237.0,,,0.215839,-1.79509568,"6,936.99",338.12,5.12,2026-05-05 14:19:40
540,비만치료제,-0.69,002800,신신제약 *,테마 편입 사유,5830.0,하락  30,-0.51,5810.0,5830.0,51822.0,301.0,43085.0,,,0.215839,-1.79509568,"6,936.99",338.12,5.12,2026-05-05 14:19:40
540,비만치료제,-0.69,195940,HK이노엔 *,테마 편입 사유,52000.0,하락  400,-0.76,52000.0,52100.0,134629.0,7060.0,130750.0,,,0.215839,-1.79509568,"6,936.99",338.12,5.12,2026-05-05 14:19:40
540,비만치료제,-0.69,196300,HLB펩 *,테마 편입 사유,7190.0,하락  60,-0.83,7190.0,7240.0,19934.0,144.0,20967.0,,,0.215839,-1.79509568,"6,936.99",338.12,5.12,2026-05-05 14:19:40
540,비만치료제,-0.69,068760,셀트리온제약 *,테마 편입 사유,55600.0,하락  500,-0.89,55600.0,55700.0,80969.0,4528.0,97332.0,,,0.215839,-1.79509568,"6,936.99",338.12,5.12,2026-05-05 14:19:40
540,비만치료제,-0.69,291650,압타머사이언스 *,테마 편입 사유,1688.0,하락  17,-1.0,1688.0,1689.0,154368.0,261.0,153595.0,,,0.215839,-1.79509568,"6,936.99",338.12,5.12,2026-05-05 14:19:40
540,비만치료제,-0.69,000100,유한양행,테마 편입 사유,90500.0,"하락  1,100",-1.2,90400.0,90500.0,352126.0,32066.0,237957.0,,,0.215839,-1.79509568,"6,936.99",338.12,5.12,2026-05-05 14:19:40
540,비만치료제,-0.69,000250,삼천당제약 *,테마 편입 사유,409500.0,"하락  6,000",-1.44,409500.0,410000.0,125098.0,51317.0,162528.0,,,0.215839,-1.79509568,"6,936.99",338.12,5.12,2026-05-05 14:19:40
540,비만치료제,-0.69,002390,한독,테마 편입 사유,10160.0,하락  150,-1.45,10160.0,10190.0,62531.0,638.0,49620.0,,,0.215839,-1.79509568,"6,936.99",338.12,5.12,2026-05-05 14:19:40
540,비만치료제,-0.69,138610,나이벡 *,테마 편입 사유,25500.0,하락  400,-1.54,25500.0,25550.0,50841.0,1306.0,64459.0,,,0.215839,-1.79509568,"6,936.99",338.12,5.12,2026-05-05 14:19:40
540,비만치료제,-0.69,170900,동아에스티,테마 편입 사유,43600.0,하락  700,-1.58,43600.0,43700.0,29746.0,1304.0,11166.0,,,0.215839,-1.79509568,"6,936.99",338.12,5.12,2026-05-05 14:19:40
540,비만치료제,-0.69,348080,큐라티스 *,테마 편입 사유,834.0,하락  14,-1.65,834.0,840.0,254338.0,214.0,176286.0,,,0.215839,-1.79509568,"6,936.99",338.12,5.12,2026-05-05 14:19:40
540,비만치료제,-0.69,003220,대원제약,테마 편입 사유,10540.0,하락  180,-1.68,10540.0,10550.0,34584.0,366.0,15678.0,,,0.215839,-1.79509568,"6,936.99",338.12,5.12,2026-05-05 14:19:40
540,비만치료제,-0.69,439580,블루엠텍 *,테마 편입 사유,3260.0,하락  60,-1.81,3260.0,3265.0,204807.0,675.0,137328.0,,,0.215839,-1.79509568,"6,936.99",338.12,5.12,2026-05-05 14:19:40
540,비만치료제,-0.69,249420,일동제약,테마 편입 사유,25950.0,하락  550,-2.08,25900.0,25950.0,182871.0,4790.0,155369.0,,,0.215839,-1.79509568,"6,936.99",338.12,5.12,2026-05-05 14:19:40
540,비만치료제,-0.69,078140,대봉엘에스 *,테마 편입 사유,10630.0,하락  250,-2.3,10610.0,10630.0,35971.0,386.0,16899.0,,,0.215839,-1.79509568,"6,936.99",338.12,5.12,2026-05-05 14:19:40
540,비만치료제,-0.69,048870,시너지이노베이션 *,테마 편입 사유,2045.0,하락  55,-2.62,2045.0,2050.0,444266.0,923.0,242385.0,,,0.215839,-1.79509568,"6,936.99",338.12,5.12,2026-05-05 14:19:40
540,비만치료제,-0.69,214260,라파스 *,테마 편입 사유,9250.0,하락  250,-2.63,9250.0,9280.0,60651.0,565.0,36858.0,,,0.215839,-1.79509568,"6,936.99",338.12,5.12,2026-05-05 14:19:40
540,비만치료제,-0.69,128940,한미약품,테마 편입 사유,445000.0,"하락  15,000",-3.26,445000.0,445500.0,111138.0,49784.0,142664.0,,,0.215839,-1.79509568,"6,936.99",338.12,5.12,2026-05-05 14:19:40
540,비만치료제,-0.69,095700,제넥신 *,테마 편입 사유,5250.0,하락  180,-3.31,5250.0,5280.0,340976.0,1833.0,368932.0,,,0.215839,-1.79509568,"6,936.99",338.12,5.12,2026-05-05 14:19:40
540,비만치료제,-0.69,348150,고바이오랩 *,테마 편입 사유,5130.0,하락  190,-3.57,5130.0,5150.0,138907.0,730.0,60192.0,,,0.215839,-1.79509568,"6,936.99",338.12,5.12,2026-05-05 14:19:40
540,비만치료제,-0.69,180400,DXVX *,테마 편입 사유,4355.0,하락  270,-5.84,4350.0,4355.0,360778.0,1587.0,123830.0,,,0.215839,-1.79509568,"6,936.99",338.12,5.12,2026-05-05 14:19:40
564,전기차 화재 방지(배터리 열폭주 등),0.76,199820,제일일렉트릭 *,테마 편입 사유,20700.0,"상승  3,440",19.93,20700.0,20750.0,16301758.0,333381.0,20392693.0,,,0.497987,-1.78969344,"6,936.99",338.12,5.12,2026-05-05 14:19:40
564,전기차 화재 방지(배터리 열폭주 등),0.76,032790,엠젠솔루션 *,테마 편입 사유,887.0,상승  54,6.48,883.0,887.0,2123794.0,1852.0,530073.0,,,0.497987,-1.78969344,"6,936.99",338.12,5.12,2026-05-05 14:19:40
564,전기차 화재 방지(배터리 열폭주 등),0.76,432470,케이엔에스 *,테마 편입 사유,14870.0,상승  720,5.09,14860.0,14870.0,1232873.0,19342.0,82402.0,,,0.497987,-1.78969344,"6,936.99",338.12,5.12,2026-05-05 14:19:40
564,전기차 화재 방지(배터리 열폭주 등),0.76,107640,한중엔시에스 *,테마 편입 사유,69900.0,"상승  2,800",4.17,69900.0,70000.0,343558.0,24250.0,220481.0,,,0.497987,-1.78969344,"6,936.99",338.12,5.12,2026-05-05 14:19:40
564,전기차 화재 방지(배터리 열폭주 등),0.76,302430,이노메트리 *,테마 편입 사유,8740.0,상승  350,4.17,8730.0,8740.0,152810.0,1341.0,52509.0,,,0.497987,-1.78969344,"6,936.99",338.12,5.12,2026-05-05 14:19:40
564,전기차 화재 방지(배터리 열폭주 등),0.76,051360,토비스 *,테마 편입 사유,18400.0,상승  700,3.95,18400.0,18410.0,90811.0,1662.0,51468.0,,,0.497987,-1.78969344,"6,936.99",338.12,5.12,2026-05-05 14:19:40
564,전기차 화재 방지(배터리 열폭주 등),0.76,452200,민테크 *,테마 편입 사유,2870.0,상승  105,3.8,2865.0,2870.0,234851.0,667.0,119935.0,,,0.497987,-1.78969344,"6,936.99",338.12,5.12,2026-05-05 14:19:40
564,전기차 화재 방지(배터리 열폭주 등),0.76,119830,아이텍 *,테마 편입 사유,7710.0,상승  210,2.8,7710.0,7720.0,227337.0,1751.0,182996.0,,,0.497987,-1.78969344,"6,936.99",338.12,5.12,2026-05-05 14:19:40
564,전기차 화재 방지(배터리 열폭주 등),0.76,452190,한빛레이저 *,테마 편입 사유,8170.0,상승  210,2.64,8160.0,8170.0,4609780.0,38489.0,7725816.0,,,0.497987,-1.78969344,"6,936.99",338.12,5.12,2026-05-05 14:19:40
564,전기차 화재 방지(배터리 열폭주 등),0.76,225190,LK삼양 *,테마 편입 사유,2190.0,상승  40,1.86,2185.0,2190.0,2274.0,5.0,1136099.0,,,0.497987,-1.78969344,"6,936.99",338.12,5.12,2026-05-05 14:19:40
564,전기차 화재 방지(배터리 열폭주 등),0.76,220260,켐트로스 *,테마 편입 사유,6070.0,상승  90,1.51,6070.0,6080.0,424954.0,2617.0,262994.0,,,0.497987,-1.78969344,"6,936.99",338.12,5.12,2026-05-05 14:19:40
564,전기차 화재 방지(배터리 열폭주 등),0.76,200880,서연이화,테마 편입 사유,14310.0,상승  200,1.42,14310.0,14320.0,84609.0,1211.0,79724.0,,,0.497987,-1.78969344,"6,936.99",338.12,5.12,2026-05-05 14:19:40
564,전기차 화재 방지(배터리 열폭주 등),0.76,105550,엣지파운드리 *,테마 편입 사유,1312.0,상승  18,1.39,1310.0,1312.0,544398.0,714.0,559290.0,,,0.497987,-1.78969344,"6,936.99",338.12,5.12,2026-05-05 14:19:40
564,전기차 화재 방지(배터리 열폭주 등),0.76,417010,나노팀 *,테마 편입 사유,11300.0,상승  100,0.89,11280.0,11300.0,266422.0,3033.0,280866.0,,,0.497987,-1.78969344,"6,936.99",338.12,5.12,2026-05-05 14:19:40
564,전기차 화재 방지(배터리 열폭주 등),0.76,452400,이닉스 *,테마 편입 사유,9360.0,상승  70,0.75,9350.0,9360.0,22555.0,211.0,23668.0,,,0.497987,-1.78969344,"6,936.99",338.12,5.12,2026-05-05 14:19:40
564,전기차 화재 방지(배터리 열폭주 등),0.76,453450,그리드위즈 *,테마 편입 사유,25200.0,상승  50,0.2,25150.0,25200.0,272807.0,6951.0,243043.0,,,0.497987,-1.78969344,"6,936.99",338.12,5.12,2026-05-05 14:19:40
564,전기차 화재 방지(배터리 열폭주 등),0.76,243840,신흥에스이씨 *,테마 편입 사유,10560.0,상승  10,0.09,10550.0,10560.0,726.0,8.0,597872.0,,,0.497987,-1.78969344,"6,936.99",338.12,5.12,2026-05-05 14:19:40
564,전기차 화재 방지(배터리 열폭주 등),0.76,273640,와이엠텍 *,테마 편입 사유,12250.0,보합0,0.0,12240.0,12250.0,474528.0,5820.0,240354.0,,,0.497987,-1.78969344,"6,936.99",338.12,5.12,2026-05-05 14:19:40
564,전기차 화재 방지(배터리 열폭주 등),0.76,419050,삼기에너지솔루션즈 *,테마 편입 사유,1889.0,하락  1,-0.05,1889.0,1892.0,502802.0,959.0,833102.0,,,0.497987,-1.78969344,"6,936.99",338.12,5.12,2026-05-05 14:19:40
564,전기차 화재 방지(배터리 열폭주 등),0.76,286940,롯데이노베이트,테마 편입 사유,22900.0,하락  200,-0.87,22900.0,22950.0,102089.0,2347.0,33220.0,,,0.497987,-1.78969344,"6,936.99",338.12,5.12,2026-05-05 14:19:40
564,전기차 화재 방지(배터리 열폭주 등),0.76,138070,신진에스엠 *,테마 편입 사유,1922.0,하락  44,-2.24,1920.0,1922.0,76412.0,147.0,96735.0,,,0.497987,-1.78969344,"6,936.99",338.12,5.12,2026-05-05 14:19:40
564,전기차 화재 방지(배터리 열폭주 등),0.76,372910,한컴라이프케어,테마 편입 사유,2525.0,하락  65,-2.51,2525.0,2530.0,135670.0,348.0,115585.0,,,0.497987,-1.78969344,"6,936.99",338.12,5.12,2026-05-05 14:19:40
564,전기차 화재 방지(배터리 열폭주 등),0.76,024900,디와이덕양,테마 편입 사유,2280.0,하락  85,-3.59,2280.0,2285.0,215566.0,498.0,105176.0,,,0.497987,-1.78969344,"6,936.99",338.12,5.12,2026-05-05 14:19:40
564,전기차 화재 방지(배터리 열폭주 등),0.76,317870,엔바이오니아 *,테마 편입 사유,8110.0,하락  410,-4.81,8110.0,8140.0,52077.0,429.0,38861.0,,,0.497987,-1.78969344,"6,936.99",338.12,5.12,2026-05-05 14:19:40
564,전기차 화재 방지(배터리 열폭주 등),0.76,323280,태성 *,테마 편입 사유,75600.0,"하락  3,900",-4.91,75600.0,75700.0,476266.0,36265.0,363025.0,,,0.497987,-1.78969344,"6,936.99",338.12,5.12,2026-05-05 14:19:40
564,전기차 화재 방지(배터리 열폭주 등),0.76,060230,제이케이시냅스 *,테마 편입 사유,427.0,하락  25,-5.53,426.0,427.0,1184527.0,503.0,857467.0,,,0.497987,-1.78969344,"6,936.99",338.12,5.12,2026-05-05 14:19:40
564,전기차 화재 방지(배터리 열폭주 등),0.76,125210,아모그린텍 *,테마 편입 사유,14930.0,하락  930,-5.86,14930.0,14940.0,655616.0,10239.0,510893.0,,,0.497987,-1.78969344,"6,936.99",338.12,5.12,2026-05-05 14:19:40
564,전기차 화재 방지(배터리 열폭주 등),0.76,214330,금호에이치티,테마 편입 사유,3605.0,하락  375,-9.42,3605.0,3610.0,369409.0,1370.0,0.0,,,0.497987,-1.78969344,"6,936.99",338.12,5.12,2026-05-05 14:19:40
482,두나무(Dunamu),1.25,003530,한화투자증권,테마 편입 사유,8190.0,상승  680,9.05,8190.0,8200.0,19713752.0,163321.0,2657096.0,,,0.593077,-1.78655424,"6,936.99",338.12,5.12,2026-05-05 14:19:40
482,두나무(Dunamu),1.25,246690,TS인베스트먼트 *,테마 편입 사유,1865.0,상승  80,4.48,1865.0,1866.0,935138.0,1723.0,843811.0,,,0.593077,-1.78655424,"6,936.99",338.12,5.12,2026-05-05 14:19:40
482,두나무(Dunamu),1.25,041190,우리기술투자 *,테마 편입 사유,6740.0,상승  250,3.85,6740.0,6750.0,409.0,3.0,1022906.0,,,0.593077,-1.78655424,"6,936.99",338.12,5.12,2026-05-05 14:19:40
482,두나무(Dunamu),1.25,241520,DSC인베스트먼트 *,테마 편입 사유,17260.0,상승  200,1.17,17260.0,17270.0,2119873.0,36988.0,1894896.0,,,0.593077,-1.78655424,"6,936.99",338.12,5.12,2026-05-05 14:19:40
482,두나무(Dunamu),1.25,027830,대성창투 *,테마 편입 사유,1580.0,상승  6,0.38,1577.0,1580.0,140503.0,223.0,291770.0,,,0.593077,-1.78655424,"6,936.99",338.12,5.12,2026-05-05 14:19:40
482,두나무(Dunamu),1.25,011930,신성이엔지,테마 편입 사유,3995.0,보합0,0.0,0.0,0.0,0.0,0.0,0.0,,,0.593077,-1.78655424,"6,936.99",338.12,5.12,2026-05-05 14:19:40
482,두나무(Dunamu),1.25,120110,코오롱인더,테마 편입 사유,93800.0,하락  300,-0.32,93800.0,93900.0,423002.0,39275.0,501759.0,,,0.593077,-1.78655424,"6,936.99",338.12,5.12,2026-05-05 14:19:40
482,두나무(Dunamu),1.25,035720,카카오,테마 편입 사유,47100.0,하락  200,-0.42,47050.0,47100.0,1520475.0,71746.0,1484406.0,,,0.593077,-1.78655424,"6,936.99",338.12,5.12,2026-05-05 14:19:40
482,두나무(Dunamu),1.25,095660,네오위즈 *,테마 편입 사유,21900.0,하락  100,-0.45,21900.0,22000.0,35090.0,775.0,83518.0,,,0.593077,-1.78655424,"6,936.99",338.12,5.12,2026-05-05 14:19:40
482,두나무(Dunamu),1.25,021080,에이티넘인베스트 *,테마 편입 사유,3335.0,하락  35,-1.04,3330.0,3335.0,374958.0,1263.0,288212.0,,,0.593077,-1.78655424,"6,936.99",338.12,5.12,2026-05-05 14:19:40
482,두나무(Dunamu),1.25,002020,코오롱,테마 편입 사유,69900.0,"하락  2,100",-2.92,69900.0,70000.0,89536.0,6369.0,149617.0,,,0.593077,-1.78655424,"6,936.99",338.12,5.12,2026-05-05 14:19:40
167,타이어,-0.25,161390,한국타이어앤테크놀로지,테마 편입 사유,61500.0,"상승  2,300",3.89,61500.0,61600.0,387739.0,23952.0,525571.0,,,0.299876,-1.7853651199999998,"6,936.99",338.12,5.12,2026-05-05 14:19:40
167,타이어,-0.25,000240,한국앤컴퍼니,테마 편입 사유,25300.0,상승  350,1.4,25250.0,25300.0,146361.0,3689.0,97480.0,,,0.299876,-1.7853651199999998,"6,936.99",338.12,5.12,2026-05-05 14:19:40
167,타이어,-0.25,005720,넥센,테마 편입 사유,7200.0,보합0,0.0,7200.0,7210.0,55159.0,393.0,21793.0,,,0.299876,-1.7853651199999998,"6,936.99",338.12,5.12,2026-05-05 14:19:40
167,타이어,-0.25,120110,코오롱인더,테마 편입 사유,93800.0,하락  300,-0.32,93800.0,93900.0,423002.0,39275.0,501759.0,,,0.299876,-1.7853651199999998,"6,936.99",338.12,5.12,2026-05-05 14:19:40
167,타이어,-0.25,298050,HS효성첨단소재,테마 편입 사유,267000.0,"하락  2,500",-0.93,267000.0,267500.0,27396.0,7381.0,27365.0,,,0.299876,-1.7853651199999998,"6,936.99",338.12,5.12,2026-05-05 14:19:40
167,타이어,-0.25,002350,넥센타이어,테마 편입 사유,7350.0,하락  80,-1.08,7350.0,7370.0,221825.0,1643.0,349907.0,,,0.299876,-1.7853651199999998,"6,936.99",338.12,5.12,2026-05-05 14:19:40
167,타이어,-0.25,298020,효성티앤씨,테마 편입 사유,512000.0,"하락  6,000",-1.16,510000.0,512000.0,31876.0,16408.0,31956.0,,,0.299876,-1.7853651199999998,"6,936.99",338.12,5.12,2026-05-05 14:19:40
167,타이어,-0.25,011780,금호석유화학,테마 편입 사유,144400.0,"하락  2,200",-1.5,144000.0,144400.0,99316.0,14403.0,164317.0,,,0.299876,-1.7853651199999998,"6,936.99",338.12,5.12,2026-05-05 14:19:40
167,타이어,-0.25,073240,금호타이어,테마 편입 사유,5670.0,하락  150,-2.58,5660.0,5670.0,1102739.0,6283.0,1051194.0,,,0.299876,-1.7853651199999998,"6,936.99",338.12,5.12,2026-05-05 14:19:40
507,마이데이터,-0.19,163730,핑거 *,테마 편입 사유,20250.0,"상승  1,300",6.86,20100.0,20250.0,249325.0,4942.0,289081.0,,,0.305335,-1.7533152,"6,936.99",338.12,5.12,2026-05-05 14:19:40
507,마이데이터,-0.19,158430,아톤 *,테마 편입 사유,8180.0,상승  170,2.12,8180.0,8190.0,872906.0,7215.0,1698425.0,,,0.305335,-1.7533152,"6,936.99",338.12,5.12,2026-05-05 14:19:40
507,마이데이터,-0.19,214180,헥토이노베이션 *,테마 편입 사유,20800.0,상승  200,0.97,20800.0,20900.0,98555.0,2052.0,121817.0,,,0.305335,-1.7533152,"6,936.99",338.12,5.12,2026-05-05 14:19:40
507,마이데이터,-0.19,294570,쿠콘 *,테마 편입 사유,29950.0,상승  100,0.34,29950.0,30000.0,32517.0,978.0,15770.0,,,0.305335,-1.7533152,"6,936.99",338.12,5.12,2026-05-05 14:19:40
507,마이데이터,-0.19,089850,유비벨록스 *,테마 편입 사유,5530.0,하락  30,-0.54,5510.0,5530.0,29770.0,164.0,32170.0,,,0.305335,-1.7533152,"6,936.99",338.12,5.12,2026-05-05 14:19:40
507,마이데이터,-0.19,035420,NAVER,테마 편입 사유,209000.0,"하락  2,000",-0.95,208500.0,209000.0,875803.0,183333.0,1387029.0,,,0.305335,-1.7533152,"6,936.99",338.12,5.12,2026-05-05 14:19:40
507,마이데이터,-0.19,150900,파수에이아이 *,테마 편입 사유,5600.0,하락  60,-1.06,5590.0,5600.0,423520.0,2410.0,702500.0,,,0.305335,-1.7533152,"6,936.99",338.12,5.12,2026-05-05 14:19:40
507,마이데이터,-0.19,170790,파이오링크 *,테마 편입 사유,11200.0,하락  180,-1.58,11200.0,11220.0,57803.0,647.0,40699.0,,,0.305335,-1.7533152,"6,936.99",338.12,5.12,2026-05-05 14:19:40
507,마이데이터,-0.19,030190,NICE평가정보,테마 편입 사유,15030.0,하락  270,-1.76,15030.0,15070.0,105479.0,1608.0,84282.0,,,0.305335,-1.7533152,"6,936.99",338.12,5.12,2026-05-05 14:19:40
507,마이데이터,-0.19,036630,세종텔레콤 *,테마 편입 사유,9830.0,하락  220,-2.19,9830.0,9970.0,13514.0,133.0,11034.0,,,0.305335,-1.7533152,"6,936.99",338.12,5.12,2026-05-05 14:19:40
507,마이데이터,-0.19,372800,아이티아이즈 *,테마 편입 사유,4070.0,하락  185,-4.35,4070.0,4085.0,24661.0,102.0,11773.0,,,0.305335,-1.7533152,"6,936.99",338.12,5.12,2026-05-05 14:19:40
447,코로나19(진단키트),-0.79,005690,파미셀,테마 편입 사유,20250.0,"상승  2,140",11.82,20200.0,20250.0,3583774.0,72919.0,2252057.0,,,0.184158,-1.73288896,"6,936.99",338.12,5.12,2026-05-05 14:19:40
447,코로나19(진단키트),-0.79,317690,퀀타매트릭스 *,테마 편입 사유,4215.0,상승  305,7.8,4210.0,4215.0,560904.0,2364.0,85942.0,,,0.184158,-1.73288896,"6,936.99",338.12,5.12,2026-05-05 14:19:40
447,코로나19(진단키트),-0.79,038460,바이오스마트 *,테마 편입 사유,4545.0,상승  95,2.13,4545.0,4550.0,21.0,0.0,1334988.0,,,0.184158,-1.73288896,"6,936.99",338.12,5.12,2026-05-05 14:19:40
447,코로나19(진단키트),-0.79,238120,얼라인드 *,테마 편입 사유,4385.0,상승  70,1.62,4385.0,4390.0,35538.0,154.0,38371.0,,,0.184158,-1.73288896,"6,936.99",338.12,5.12,2026-05-05 14:19:40
447,코로나19(진단키트),-0.79,286750,나노실리칸첨단소재 *,테마 편입 사유,1611.0,상승  22,1.38,1608.0,1611.0,120568.0,194.0,123965.0,,,0.184158,-1.73288896,"6,936.99",338.12,5.12,2026-05-05 14:19:40
447,코로나19(진단키트),-0.79,192650,드림텍,테마 편입 사유,6790.0,상승  80,1.19,6780.0,6790.0,292109.0,1980.0,243865.0,,,0.184158,-1.73288896,"6,936.99",338.12,5.12,2026-05-05 14:19:40
447,코로나19(진단키트),-0.79,354200,엔젠바이오 *,테마 편입 사유,1170.0,상승  11,0.95,1160.0,1170.0,388323.0,446.0,582726.0,,,0.184158,-1.73288896,"6,936.99",338.12,5.12,2026-05-05 14:19:40
447,코로나19(진단키트),-0.79,142280,녹십자엠에스 *,테마 편입 사유,3890.0,상승  25,0.65,3890.0,3895.0,119991.0,466.0,73795.0,,,0.184158,-1.73288896,"6,936.99",338.12,5.12,2026-05-05 14:19:40
447,코로나19(진단키트),-0.79,311690,CJ 바이오사이언스 *,테마 편입 사유,7840.0,상승  50,0.64,7780.0,7840.0,33051.0,256.0,32217.0,,,0.184158,-1.73288896,"6,936.99",338.12,5.12,2026-05-05 14:19:40
447,코로나19(진단키트),-0.79,185750,종근당,테마 편입 사유,86100.0,상승  400,0.47,86000.0,86100.0,28869.0,2479.0,35169.0,,,0.184158,-1.73288896,"6,936.99",338.12,5.12,2026-05-05 14:19:40
447,코로나19(진단키트),-0.79,335810,프리시젼바이오 *,테마 편입 사유,2270.0,상승  5,0.22,2270.0,2275.0,15537.0,36.0,27101.0,,,0.184158,-1.73288896,"6,936.99",338.12,5.12,2026-05-05 14:19:40
447,코로나19(진단키트),-0.79,243070,휴온스 *,테마 편입 사유,26450.0,상승  50,0.19,26400.0,26450.0,72635.0,1927.0,20942.0,,,0.184158,-1.73288896,"6,936.99",338.12,5.12,2026-05-05 14:19:40
447,코로나19(진단키트),-0.79,205470,휴마시스 *,테마 편입 사유,801.0,보합0,0.0,0.0,0.0,0.0,0.0,0.0,,,0.184158,-1.73288896,"6,936.99",338.12,5.12,2026-05-05 14:19:40
447,코로나19(진단키트),-0.79,118000,메타케어,테마 편입 사유,208.0,보합0,0.0,0.0,0.0,0.0,0.0,0.0,,,0.184158,-1.73288896,"6,936.99",338.12,5.12,2026-05-05 14:19:40
447,코로나19(진단키트),-0.79,096530,씨젠 *,테마 편입 사유,24500.0,하락  50,-0.2,24500.0,24550.0,150016.0,3710.0,206224.0,,,0.184158,-1.73288896,"6,936.99",338.12,5.12,2026-05-05 14:19:40
447,코로나19(진단키트),-0.79,069620,대웅제약,테마 편입 사유,147700.0,하락  600,-0.4,147700.0,148000.0,27425.0,4074.0,29447.0,,,0.184158,-1.73288896,"6,936.99",338.12,5.12,2026-05-05 14:19:40
447,코로나19(진단키트),-0.79,109820,진매트릭스 *,테마 편입 사유,2005.0,하락  10,-0.5,2000.0,2005.0,70328.0,140.0,77644.0,,,0.184158,-1.73288896,"6,936.99",338.12,5.12,2026-05-05 14:19:40
447,코로나19(진단키트),-0.79,206650,유바이오로직스 *,테마 편입 사유,12710.0,하락  90,-0.7,12710.0,12720.0,285025.0,3643.0,302539.0,,,0.184158,-1.73288896,"6,936.99",338.12,5.12,2026-05-05 14:19:40
447,코로나19(진단키트),-0.79,253840,수젠텍 *,테마 편입 사유,5530.0,하락  50,-0.9,5530.0,5570.0,216691.0,1208.0,466005.0,,,0.184158,-1.73288896,"6,936.99",338.12,5.12,2026-05-05 14:19:40
447,코로나19(진단키트),-0.79,225220,제놀루션 *,테마 편입 사유,1870.0,하락  18,-0.95,1865.0,1870.0,133507.0,249.0,181875.0,,,0.184158,-1.73288896,"6,936.99",338.12,5.12,2026-05-05 14:19:40
447,코로나19(진단키트),-0.79,305090,마이크로디지탈 *,테마 편입 사유,6130.0,하락  60,-0.97,6130.0,6140.0,71643.0,438.0,138583.0,,,0.184158,-1.73288896,"6,936.99",338.12,5.12,2026-05-05 14:19:40
447,코로나19(진단키트),-0.79,004720,팜젠사이언스,테마 편입 사유,4150.0,하락  45,-1.07,4130.0,4150.0,160643.0,678.0,214684.0,,,0.184158,-1.73288896,"6,936.99",338.12,5.12,2026-05-05 14:19:40
447,코로나19(진단키트),-0.79,377740,바이오노트,테마 편입 사유,5050.0,하락  60,-1.17,5050.0,5060.0,61840.0,314.0,45253.0,,,0.184158,-1.73288896,"6,936.99",338.12,5.12,2026-05-05 14:19:40
447,코로나19(진단키트),-0.79,206640,바디텍메드 *,테마 편입 사유,11550.0,하락  140,-1.2,11550.0,11560.0,37544.0,438.0,44480.0,,,0.184158,-1.73288896,"6,936.99",338.12,5.12,2026-05-05 14:19:40
447,코로나19(진단키트),-0.79,053980,오상자이엘 *,테마 편입 사유,3235.0,하락  40,-1.22,3235.0,3240.0,108304.0,351.0,71296.0,,,0.184158,-1.73288896,"6,936.99",338.12,5.12,2026-05-05 14:19:40
447,코로나19(진단키트),-0.79,060590,씨티씨바이오 *,테마 편입 사유,3855.0,하락  60,-1.53,3850.0,3855.0,68908.0,267.0,37752.0,,,0.184158,-1.73288896,"6,936.99",338.12,5.12,2026-05-05 14:19:40
447,코로나19(진단키트),-0.79,036220,오상헬스케어 *,테마 편입 사유,8900.0,하락  170,-1.87,8900.0,8910.0,40125.0,361.0,39006.0,,,0.184158,-1.73288896,"6,936.99",338.12,5.12,2026-05-05 14:19:40
447,코로나19(진단키트),-0.79,249420,일동제약,테마 편입 사유,25950.0,하락  550,-2.08,25900.0,25950.0,182871.0,4790.0,155369.0,,,0.184158,-1.73288896,"6,936.99",338.12,5.12,2026-05-05 14:19:40
447,코로나19(진단키트),-0.79,950130,엑세스바이오 *,테마 편입 사유,3340.0,하락  75,-2.2,3340.0,3345.0,93921.0,318.0,39016.0,,,0.184158,-1.73288896,"6,936.99",338.12,5.12,2026-05-05 14:19:40
447,코로나19(진단키트),-0.79,950200,소마젠 *,테마 편입 사유,3535.0,하락  90,-2.48,3535.0,3540.0,48082.0,170.0,22376.0,,,0.184158,-1.73288896,"6,936.99",338.12,5.12,2026-05-05 14:19:40
447,코로나19(진단키트),-0.79,137310,에스디바이오센서,테마 편입 사유,8210.0,하락  210,-2.49,8200.0,8210.0,148731.0,1230.0,100514.0,,,0.184158,-1.73288896,"6,936.99",338.12,5.12,2026-05-05 14:19:40
447,코로나19(진단키트),-0.79,064550,바이오니아 *,테마 편입 사유,10230.0,하락  310,-2.94,10230.0,10240.0,118571.0,1225.0,82841.0,,,0.184158,-1.73288896,"6,936.99",338.12,5.12,2026-05-05 14:19:40
447,코로나19(진단키트),-0.79,228760,지노믹트리 *,테마 편입 사유,16640.0,하락  510,-2.97,16640.0,16650.0,127111.0,2149.0,95808.0,,,0.184158,-1.73288896,"6,936.99",338.12,5.12,2026-05-05 14:19:40
447,코로나19(진단키트),-0.79,048530,인트론바이오 *,테마 편입 사유,3475.0,하락  135,-3.74,3475.0,3485.0,307322.0,1083.0,186630.0,,,0.184158,-1.73288896,"6,936.99",338.12,5.12,2026-05-05 14:19:40
447,코로나19(진단키트),-0.79,084650,랩지노믹스 *,테마 편입 사유,1277.0,하락  51,-3.84,1276.0,1277.0,1234842.0,1600.0,793456.0,,,0.184158,-1.73288896,"6,936.99",338.12,5.12,2026-05-05 14:19:40
447,코로나19(진단키트),-0.79,187420,HLB제넥스 *,테마 편입 사유,2820.0,하락  120,-4.08,2820.0,2825.0,601038.0,1708.0,98370.0,,,0.184158,-1.73288896,"6,936.99",338.12,5.12,2026-05-05 14:19:40
447,코로나19(진단키트),-0.79,101140,인바이오젠,테마 편입 사유,8370.0,하락  420,-4.78,8340.0,8370.0,17821.0,153.0,16077.0,,,0.184158,-1.73288896,"6,936.99",338.12,5.12,2026-05-05 14:19:40
447,코로나19(진단키트),-0.79,039860,나노엔텍 *,테마 편입 사유,6490.0,하락  360,-5.26,6490.0,6500.0,2352794.0,15445.0,6893788.0,,,0.184158,-1.73288896,"6,936.99",338.12,5.12,2026-05-05 14:19:40
447,코로나19(진단키트),-0.79,363250,진시스템 *,테마 편입 사유,5210.0,하락  300,-5.44,5210.0,5400.0,72769.0,389.0,14906.0,,,0.184158,-1.73288896,"6,936.99",338.12,5.12,2026-05-05 14:19:40
447,코로나19(진단키트),-0.79,221800,지구홀딩스 *,테마 편입 사유,17200.0,"하락  1,050",-5.75,17200.0,17210.0,469137.0,8164.0,241616.0,,,0.184158,-1.73288896,"6,936.99",338.12,5.12,2026-05-05 14:19:40
480,메타버스(Metaverse),0.65,059120,아진엑스텍 *,테마 편입 사유,11580.0,"상한가  2,670",29.97,11580.0,0.0,14189663.0,151177.0,16968905.0,,,0.46086,-1.7096032,"6,936.99",338.12,5.12,2026-05-05 14:19:40
480,메타버스(Metaverse),0.65,047080,한빛소프트 *,테마 편입 사유,1424.0,상승  101,7.63,1423.0,1424.0,788321.0,1096.0,242558.0,,,0.46086,-1.7096032,"6,936.99",338.12,5.12,2026-05-05 14:19:40
480,메타버스(Metaverse),0.65,189330,씨이랩 *,테마 편입 사유,7110.0,상승  490,7.4,7100.0,7110.0,363166.0,2538.0,273870.0,,,0.46086,-1.7096032,"6,936.99",338.12,5.12,2026-05-05 14:19:40
480,메타버스(Metaverse),0.65,163730,핑거 *,테마 편입 사유,20250.0,"상승  1,300",6.86,20100.0,20250.0,249325.0,4942.0,289081.0,,,0.46086,-1.7096032,"6,936.99",338.12,5.12,2026-05-05 14:19:40
480,메타버스(Metaverse),0.65,089890,코세스 *,테마 편입 사유,50500.0,"상승  3,100",6.54,50500.0,50600.0,359537.0,18142.0,381629.0,,,0.46086,-1.7096032,"6,936.99",338.12,5.12,2026-05-05 14:19:40
480,메타버스(Metaverse),0.65,038680,에스넷 *,테마 편입 사유,4785.0,상승  265,5.86,4785.0,4790.0,5068921.0,25693.0,177303.0,,,0.46086,-1.7096032,"6,936.99",338.12,5.12,2026-05-05 14:19:40
480,메타버스(Metaverse),0.65,094360,칩스앤미디어 *,테마 편입 사유,19040.0,상승  780,4.27,19030.0,19040.0,299813.0,5662.0,178841.0,,,0.46086,-1.7096032,"6,936.99",338.12,5.12,2026-05-05 14:19:40
480,메타버스(Metaverse),0.65,109080,옵티시스 *,테마 편입 사유,15630.0,상승  620,4.13,15630.0,15660.0,166206.0,2613.0,148120.0,,,0.46086,-1.7096032,"6,936.99",338.12,5.12,2026-05-05 14:19:40
480,메타버스(Metaverse),0.65,336060,웨이버스 *,테마 편입 사유,1080.0,상승  40,3.85,1079.0,1080.0,523506.0,554.0,1167857.0,,,0.46086,-1.7096032,"6,936.99",338.12,5.12,2026-05-05 14:19:40
480,메타버스(Metaverse),0.65,011070,LG이노텍,테마 편입 사유,595000.0,"상승  22,000",3.84,594000.0,595000.0,251351.0,148283.0,286326.0,,,0.46086,-1.7096032,"6,936.99",338.12,5.12,2026-05-05 14:19:40
480,메타버스(Metaverse),0.65,054210,이랜텍 *,테마 편입 사유,13210.0,상승  460,3.61,13210.0,13220.0,465793.0,6174.0,274401.0,,,0.46086,-1.7096032,"6,936.99",338.12,5.12,2026-05-05 14:19:40
480,메타버스(Metaverse),0.65,066310,큐에스아이 *,테마 편입 사유,15660.0,상승  320,2.09,15650.0,15660.0,903721.0,14412.0,1179627.0,,,0.46086,-1.7096032,"6,936.99",338.12,5.12,2026-05-05 14:19:40
480,메타버스(Metaverse),0.65,005380,현대차,테마 편입 사유,539000.0,"상승  8,000",1.51,539000.0,540000.0,854165.0,461102.0,1150241.0,,,0.46086,-1.7096032,"6,936.99",338.12,5.12,2026-05-05 14:19:40
480,메타버스(Metaverse),0.65,032640,LG유플러스,테마 편입 사유,15990.0,상승  150,0.95,15990.0,16000.0,610429.0,9744.0,1050062.0,,,0.46086,-1.7096032,"6,936.99",338.12,5.12,2026-05-05 14:19:40
480,메타버스(Metaverse),0.65,034120,SBS,테마 편입 사유,16020.0,상승  120,0.75,15990.0,16020.0,19572.0,312.0,19552.0,,,0.46086,-1.7096032,"6,936.99",338.12,5.12,2026-05-05 14:19:40
480,메타버스(Metaverse),0.65,376300,디어유 *,테마 편입 사유,32450.0,상승  200,0.62,32400.0,32450.0,71167.0,2305.0,157081.0,,,0.46086,-1.7096032,"6,936.99",338.12,5.12,2026-05-05 14:19:40
480,메타버스(Metaverse),0.65,201490,미투온 *,테마 편입 사유,3185.0,상승  15,0.47,3185.0,3195.0,311921.0,999.0,316571.0,,,0.46086,-1.7096032,"6,936.99",338.12,5.12,2026-05-05 14:19:40
480,메타버스(Metaverse),0.65,027830,대성창투 *,테마 편입 사유,1580.0,상승  6,0.38,1577.0,1580.0,140503.0,223.0,291770.0,,,0.46086,-1.7096032,"6,936.99",338.12,5.12,2026-05-05 14:19:40
480,메타버스(Metaverse),0.65,035760,CJ ENM *,테마 편입 사유,54200.0,상승  100,0.18,54200.0,54300.0,34394.0,1874.0,71361.0,,,0.46086,-1.7096032,"6,936.99",338.12,5.12,2026-05-05 14:19:40
480,메타버스(Metaverse),0.65,044380,주연테크,테마 편입 사유,430.0,보합0,0.0,0.0,0.0,0.0,0.0,0.0,,,0.46086,-1.7096032,"6,936.99",338.12,5.12,2026-05-05 14:19:40
480,메타버스(Metaverse),0.65,065370,위세아이텍 *,테마 편입 사유,5310.0,보합0,0.0,5310.0,5330.0,110931.0,595.0,26041.0,,,0.46086,-1.7096032,"6,936.99",338.12,5.12,2026-05-05 14:19:40
480,메타버스(Metaverse),0.65,193250,링크드 *,테마 편입 사유,396.0,보합0,0.0,0.0,0.0,0.0,0.0,0.0,,,0.46086,-1.7096032,"6,936.99",338.12,5.12,2026-05-05 14:19:40
480,메타버스(Metaverse),0.65,096630,에스코넥 *,테마 편입 사유,813.0,보합0,0.0,0.0,0.0,0.0,0.0,0.0,,,0.46086,-1.7096032,"6,936.99",338.12,5.12,2026-05-05 14:19:40
480,메타버스(Metaverse),0.65,073110,엘엠에스 *,테마 편입 사유,5870.0,하락  10,-0.17,5870.0,5890.0,17756.0,104.0,9248.0,,,0.46086,-1.7096032,"6,936.99",338.12,5.12,2026-05-05 14:19:40
480,메타버스(Metaverse),0.65,035720,카카오,테마 편입 사유,47100.0,하락  200,-0.42,47050.0,47100.0,1520475.0,71746.0,1484406.0,,,0.46086,-1.7096032,"6,936.99",338.12,5.12,2026-05-05 14:19:40
480,메타버스(Metaverse),0.65,438700,버넥트 *,테마 편입 사유,3345.0,하락  15,-0.45,3345.0,3360.0,41752.0,140.0,135333.0,,,0.46086,-1.7096032,"6,936.99",338.12,5.12,2026-05-05 14:19:40
480,메타버스(Metaverse),0.65,030200,KT,테마 편입 사유,60600.0,하락  300,-0.49,60500.0,60600.0,264542.0,16006.0,386946.0,,,0.46086,-1.7096032,"6,936.99",338.12,5.12,2026-05-05 14:19:40
480,메타버스(Metaverse),0.65,299900,위지윅스튜디오 *,테마 편입 사유,408.0,하락  2,-0.49,408.0,410.0,343153.0,141.0,356098.0,,,0.46086,-1.7096032,"6,936.99",338.12,5.12,2026-05-05 14:19:40
480,메타버스(Metaverse),0.65,263750,펄어비스 *,테마 편입 사유,58500.0,하락  400,-0.68,58400.0,58500.0,532821.0,31433.0,776820.0,,,0.46086,-1.7096032,"6,936.99",338.12,5.12,2026-05-05 14:19:40
480,메타버스(Metaverse),0.65,340360,다보링크 *,테마 편입 사유,1543.0,하락  11,-0.71,1543.0,1553.0,372304.0,575.0,201733.0,,,0.46086,-1.7096032,"6,936.99",338.12,5.12,2026-05-05 14:19:40
480,메타버스(Metaverse),0.65,108860,셀바스AI *,테마 편입 사유,13040.0,하락  100,-0.76,13030.0,13040.0,287524.0,3778.0,507836.0,,,0.46086,-1.7096032,"6,936.99",338.12,5.12,2026-05-05 14:19:40
480,메타버스(Metaverse),0.65,052220,iMBC *,테마 편입 사유,3110.0,하락  25,-0.8,3105.0,3110.0,109190.0,343.0,85814.0,,,0.46086,-1.7096032,"6,936.99",338.12,5.12,2026-05-05 14:19:40
480,메타버스(Metaverse),0.65,286940,롯데이노베이트,테마 편입 사유,22900.0,하락  200,-0.87,22900.0,22950.0,102089.0,2347.0,33220.0,,,0.46086,-1.7096032,"6,936.99",338.12,5.12,2026-05-05 14:19:40
480,메타버스(Metaverse),0.65,035420,NAVER,테마 편입 사유,209000.0,"하락  2,000",-0.95,208500.0,209000.0,875803.0,183333.0,1387029.0,,,0.46086,-1.7096032,"6,936.99",338.12,5.12,2026-05-05 14:19:40
480,메타버스(Metaverse),0.65,431190,케이쓰리아이 *,테마 편입 사유,4675.0,하락  55,-1.16,4675.0,4680.0,46556.0,219.0,50589.0,,,0.46086,-1.7096032,"6,936.99",338.12,5.12,2026-05-05 14:19:40
480,메타버스(Metaverse),0.65,085670,뉴프렉스 *,테마 편입 사유,6500.0,하락  100,-1.52,6490.0,6500.0,337512.0,2208.0,302068.0,,,0.46086,-1.7096032,"6,936.99",338.12,5.12,2026-05-05 14:19:40
480,메타버스(Metaverse),0.65,291230,엔피 *,테마 편입 사유,810.0,하락  13,-1.58,809.0,810.0,126650.0,103.0,133778.0,,,0.46086,-1.7096032,"6,936.99",338.12,5.12,2026-05-05 14:19:40
480,메타버스(Metaverse),0.65,289220,자이언트스텝 *,테마 편입 사유,3055.0,하락  55,-1.77,3055.0,3060.0,67662.0,206.0,46913.0,,,0.46086,-1.7096032,"6,936.99",338.12,5.12,2026-05-05 14:19:40
480,메타버스(Metaverse),0.65,303530,이노뎁 *,테마 편입 사유,4900.0,하락  100,-2.0,4900.0,4905.0,44595.0,221.0,31482.0,,,0.46086,-1.7096032,"6,936.99",338.12,5.12,2026-05-05 14:19:40
480,메타버스(Metaverse),0.65,058630,엠게임 *,테마 편입 사유,5250.0,하락  110,-2.05,5250.0,5270.0,106163.0,562.0,39949.0,,,0.46086,-1.7096032,"6,936.99",338.12,5.12,2026-05-05 14:19:40
480,메타버스(Metaverse),0.65,217270,넵튠 *,테마 편입 사유,3960.0,하락  105,-2.58,3960.0,3965.0,64699.0,262.0,59916.0,,,0.46086,-1.7096032,"6,936.99",338.12,5.12,2026-05-05 14:19:40
480,메타버스(Metaverse),0.65,096240,크레버스 *,테마 편입 사유,10800.0,하락  340,-3.05,10790.0,10800.0,40912.0,444.0,57118.0,,,0.46086,-1.7096032,"6,936.99",338.12,5.12,2026-05-05 14:19:40
480,메타버스(Metaverse),0.65,290520,신도기연 *,테마 편입 사유,2630.0,하락  95,-3.49,2615.0,2630.0,178324.0,467.0,214386.0,,,0.46086,-1.7096032,"6,936.99",338.12,5.12,2026-05-05 14:19:40
480,메타버스(Metaverse),0.65,357880,SKAI *,테마 편입 사유,3175.0,하락  125,-3.79,3175.0,3180.0,1570256.0,5073.0,1225891.0,,,0.46086,-1.7096032,"6,936.99",338.12,5.12,2026-05-05 14:19:40
480,메타버스(Metaverse),0.65,171090,선익시스템 *,테마 편입 사유,98500.0,"하락  4,000",-3.9,98500.0,98600.0,174818.0,17396.0,111330.0,,,0.46086,-1.7096032,"6,936.99",338.12,5.12,2026-05-05 14:19:40
480,메타버스(Metaverse),0.65,206560,덱스터 *,테마 편입 사유,2600.0,하락  110,-4.06,2600.0,2605.0,161758.0,425.0,130989.0,,,0.46086,-1.7096032,"6,936.99",338.12,5.12,2026-05-05 14:19:40
480,메타버스(Metaverse),0.65,347860,알체라 *,테마 편입 사유,2525.0,하락  175,-6.48,2525.0,2530.0,2043.0,5.0,801176.0,,,0.46086,-1.7096032,"6,936.99",338.12,5.12,2026-05-05 14:19:40
480,메타버스(Metaverse),0.65,377030,비트맥스 *,테마 편입 사유,2905.0,하락  525,-15.31,2905.0,2915.0,1042794.0,3375.0,398353.0,,,0.46086,-1.7096032,"6,936.99",338.12,5.12,2026-05-05 14:19:40
435,재택근무/스마트워크,-0.22,173130,오파스넷 *,테마 편입 사유,8170.0,상승  500,6.52,8160.0,8170.0,492556.0,3980.0,129016.0,,,0.287755,-1.6933056,"6,936.99",338.12,5.12,2026-05-05 14:19:40
435,재택근무/스마트워크,-0.22,038680,에스넷 *,테마 편입 사유,4785.0,상승  265,5.86,4785.0,4790.0,5068921.0,25693.0,177303.0,,,0.287755,-1.6933056,"6,936.99",338.12,5.12,2026-05-05 14:19:40
435,재택근무/스마트워크,-0.22,290270,휴네시온 *,테마 편입 사유,4215.0,상승  5,0.12,4210.0,4215.0,100228.0,423.0,122773.0,,,0.287755,-1.6933056,"6,936.99",338.12,5.12,2026-05-05 14:19:40
435,재택근무/스마트워크,-0.22,012510,더존비즈온,테마 편입 사유,120000.0,보합0,0.0,120000.0,120100.0,32365.0,3886.0,44459.0,,,0.287755,-1.6933056,"6,936.99",338.12,5.12,2026-05-05 14:19:40
435,재택근무/스마트워크,-0.22,258790,소프트캠프 *,테마 편입 사유,1718.0,보합0,0.0,0.0,0.0,0.0,0.0,1311555.0,,,0.287755,-1.6933056,"6,936.99",338.12,5.12,2026-05-05 14:19:40
435,재택근무/스마트워크,-0.22,033320,제이씨현시스템 *,테마 편입 사유,5020.0,하락  20,-0.4,5010.0,5020.0,149708.0,756.0,213621.0,,,0.287755,-1.6933056,"6,936.99",338.12,5.12,2026-05-05 14:19:40
435,재택근무/스마트워크,-0.22,060850,영림원소프트랩 *,테마 편입 사유,6450.0,하락  30,-0.46,6430.0,6450.0,26768.0,171.0,26275.0,,,0.287755,-1.6933056,"6,936.99",338.12,5.12,2026-05-05 14:19:40
435,재택근무/스마트워크,-0.22,181710,NHN,테마 편입 사유,40600.0,하락  400,-0.98,40600.0,40650.0,54596.0,2231.0,51749.0,,,0.287755,-1.6933056,"6,936.99",338.12,5.12,2026-05-05 14:19:40
435,재택근무/스마트워크,-0.22,150900,파수에이아이 *,테마 편입 사유,5600.0,하락  60,-1.06,5590.0,5600.0,423520.0,2410.0,702500.0,,,0.287755,-1.6933056,"6,936.99",338.12,5.12,2026-05-05 14:19:40
435,재택근무/스마트워크,-0.22,042500,링네트 *,테마 편입 사유,5930.0,하락  80,-1.33,5920.0,5930.0,713095.0,4290.0,706779.0,,,0.287755,-1.6933056,"6,936.99",338.12,5.12,2026-05-05 14:19:40
435,재택근무/스마트워크,-0.22,094280,효성ITX,테마 편입 사유,13000.0,하락  180,-1.37,12950.0,13000.0,43892.0,571.0,29355.0,,,0.287755,-1.6933056,"6,936.99",338.12,5.12,2026-05-05 14:19:40
435,재택근무/스마트워크,-0.22,189690,포시에스 *,테마 편입 사유,2045.0,하락  30,-1.45,2030.0,2045.0,64818.0,133.0,46860.0,,,0.287755,-1.6933056,"6,936.99",338.12,5.12,2026-05-05 14:19:40
435,재택근무/스마트워크,-0.22,067010,이씨에스 *,테마 편입 사유,2390.0,하락  40,-1.65,2390.0,2400.0,20834.0,50.0,52945.0,,,0.287755,-1.6933056,"6,936.99",338.12,5.12,2026-05-05 14:19:40
435,재택근무/스마트워크,-0.22,036630,세종텔레콤 *,테마 편입 사유,9830.0,하락  220,-2.19,9830.0,9970.0,13514.0,133.0,11034.0,,,0.287755,-1.6933056,"6,936.99",338.12,5.12,2026-05-05 14:19:40
435,재택근무/스마트워크,-0.22,131370,알서포트 *,테마 편입 사유,2550.0,하락  60,-2.3,2550.0,2555.0,185803.0,478.0,338857.0,,,0.287755,-1.6933056,"6,936.99",338.12,5.12,2026-05-05 14:19:40
435,재택근무/스마트워크,-0.22,041020,폴라리스오피스 *,테마 편입 사유,4815.0,하락  145,-2.92,4815.0,4825.0,1225618.0,5995.0,9155003.0,,,0.287755,-1.6933056,"6,936.99",338.12,5.12,2026-05-05 14:19:40
302,음성인식,-0.15,039010,현대에이치티 *,테마 편입 사유,11030.0,상승  490,4.65,10920.0,11030.0,95923.0,1046.0,58259.0,,,0.300744,-1.68980928,"6,936.99",338.12,5.12,2026-05-05 14:19:40
302,음성인식,-0.15,078890,가온그룹 *,테마 편입 사유,6930.0,상승  190,2.82,6920.0,6930.0,502829.0,3457.0,459638.0,,,0.300744,-1.68980928,"6,936.99",338.12,5.12,2026-05-05 14:19:40
302,음성인식,-0.15,012330,현대모비스,테마 편입 사유,431500.0,"상승  6,500",1.53,431000.0,431500.0,211193.0,91062.0,317288.0,,,0.300744,-1.68980928,"6,936.99",338.12,5.12,2026-05-05 14:19:40
302,음성인식,-0.15,038950,파인디지털 *,테마 편입 사유,3485.0,상승  30,0.87,3480.0,3485.0,7476.0,26.0,6364.0,,,0.300744,-1.68980928,"6,936.99",338.12,5.12,2026-05-05 14:19:40
302,음성인식,-0.15,035720,카카오,테마 편입 사유,47100.0,하락  200,-0.42,47050.0,47100.0,1520475.0,71746.0,1484406.0,,,0.300744,-1.68980928,"6,936.99",338.12,5.12,2026-05-05 14:19:40
302,음성인식,-0.15,015710,코콤 *,테마 편입 사유,3985.0,하락  25,-0.62,3985.0,4005.0,75467.0,304.0,61798.0,,,0.300744,-1.68980928,"6,936.99",338.12,5.12,2026-05-05 14:19:40
302,음성인식,-0.15,108860,셀바스AI *,테마 편입 사유,13040.0,하락  100,-0.76,13030.0,13040.0,287524.0,3778.0,507836.0,,,0.300744,-1.68980928,"6,936.99",338.12,5.12,2026-05-05 14:19:40
302,음성인식,-0.15,035420,NAVER,테마 편입 사유,209000.0,"하락  2,000",-0.95,208500.0,209000.0,875803.0,183333.0,1387029.0,,,0.300744,-1.68980928,"6,936.99",338.12,5.12,2026-05-05 14:19:40
302,음성인식,-0.15,064480,브리지텍 *,테마 편입 사유,4290.0,하락  50,-1.15,4290.0,4310.0,106405.0,459.0,37574.0,,,0.300744,-1.68980928,"6,936.99",338.12,5.12,2026-05-05 14:19:40
302,음성인식,-0.15,279600,미디어젠 *,테마 편입 사유,5760.0,하락  70,-1.2,5760.0,5770.0,1835.0,11.0,2117.0,,,0.300744,-1.68980928,"6,936.99",338.12,5.12,2026-05-05 14:19:40
302,음성인식,-0.15,091700,파트론 *,테마 편입 사유,7750.0,하락  530,-6.4,7750.0,7760.0,1102841.0,8771.0,261047.0,,,0.300744,-1.68980928,"6,936.99",338.12,5.12,2026-05-05 14:19:40
436,코로나19(진단/치료제/백신 개발 등),-0.65,005690,파미셀,테마 편입 사유,20250.0,"상승  2,140",11.82,20200.0,20250.0,3583774.0,72919.0,2252057.0,,,0.200259,-1.67532608,"6,936.99",338.12,5.12,2026-05-05 14:19:40
436,코로나19(진단/치료제/백신 개발 등),-0.65,127120,제이에스링크 *,테마 편입 사유,44100.0,"상승  3,300",8.09,44050.0,44100.0,240920.0,10428.0,131763.0,,,0.200259,-1.67532608,"6,936.99",338.12,5.12,2026-05-05 14:19:40
436,코로나19(진단/치료제/백신 개발 등),-0.65,317690,퀀타매트릭스 *,테마 편입 사유,4215.0,상승  305,7.8,4210.0,4215.0,560904.0,2364.0,85942.0,,,0.200259,-1.67532608,"6,936.99",338.12,5.12,2026-05-05 14:19:40
436,코로나19(진단/치료제/백신 개발 등),-0.65,048410,현대바이오 *,테마 편입 사유,14400.0,"상승  1,000",7.46,14400.0,14410.0,3097633.0,43451.0,2160353.0,,,0.200259,-1.67532608,"6,936.99",338.12,5.12,2026-05-05 14:19:40
436,코로나19(진단/치료제/백신 개발 등),-0.65,007390,네이처셀 *,테마 편입 사유,20400.0,"상승  1,250",6.53,20350.0,20400.0,526535.0,10612.0,337532.0,,,0.200259,-1.67532608,"6,936.99",338.12,5.12,2026-05-05 14:19:40
436,코로나19(진단/치료제/백신 개발 등),-0.65,289080,SV인베스트먼트 *,테마 편입 사유,4280.0,상승  235,5.81,4280.0,4285.0,1685.0,7.0,1015113.0,,,0.200259,-1.67532608,"6,936.99",338.12,5.12,2026-05-05 14:19:40
436,코로나19(진단/치료제/백신 개발 등),-0.65,389470,인벤티지랩 *,테마 편입 사유,63300.0,"상승  1,800",2.93,63200.0,63300.0,67317.0,4255.0,62036.0,,,0.200259,-1.67532608,"6,936.99",338.12,5.12,2026-05-05 14:19:40
436,코로나19(진단/치료제/백신 개발 등),-0.65,087010,펩트론 *,테마 편입 사유,267500.0,"상승  7,000",2.69,267500.0,268000.0,98470.0,26597.0,115725.0,,,0.200259,-1.67532608,"6,936.99",338.12,5.12,2026-05-05 14:19:40
436,코로나19(진단/치료제/백신 개발 등),-0.65,038460,바이오스마트 *,테마 편입 사유,4545.0,상승  95,2.13,4545.0,4550.0,21.0,0.0,1334988.0,,,0.200259,-1.67532608,"6,936.99",338.12,5.12,2026-05-05 14:19:40
436,코로나19(진단/치료제/백신 개발 등),-0.65,238120,얼라인드 *,테마 편입 사유,4385.0,상승  70,1.62,4385.0,4390.0,35538.0,154.0,38371.0,,,0.200259,-1.67532608,"6,936.99",338.12,5.12,2026-05-05 14:19:40
436,코로나19(진단/치료제/백신 개발 등),-0.65,286750,나노실리칸첨단소재 *,테마 편입 사유,1611.0,상승  22,1.38,1608.0,1611.0,120568.0,194.0,123965.0,,,0.200259,-1.67532608,"6,936.99",338.12,5.12,2026-05-05 14:19:40
436,코로나19(진단/치료제/백신 개발 등),-0.65,192650,드림텍,테마 편입 사유,6790.0,상승  80,1.19,6780.0,6790.0,292109.0,1980.0,243865.0,,,0.200259,-1.67532608,"6,936.99",338.12,5.12,2026-05-05 14:19:40
436,코로나19(진단/치료제/백신 개발 등),-0.65,256840,한국비엔씨 *,테마 편입 사유,4025.0,상승  45,1.13,4020.0,4025.0,304427.0,1231.0,376617.0,,,0.200259,-1.67532608,"6,936.99",338.12,5.12,2026-05-05 14:19:40
436,코로나19(진단/치료제/백신 개발 등),-0.65,354200,엔젠바이오 *,테마 편입 사유,1170.0,상승  11,0.95,1160.0,1170.0,388323.0,446.0,582726.0,,,0.200259,-1.67532608,"6,936.99",338.12,5.12,2026-05-05 14:19:40
436,코로나19(진단/치료제/백신 개발 등),-0.65,299660,셀리드 *,테마 편입 사유,3205.0,상승  25,0.79,3195.0,3205.0,328922.0,1056.0,519439.0,,,0.200259,-1.67532608,"6,936.99",338.12,5.12,2026-05-05 14:19:40
436,코로나19(진단/치료제/백신 개발 등),-0.65,142280,녹십자엠에스 *,테마 편입 사유,3890.0,상승  25,0.65,3890.0,3895.0,119991.0,466.0,73795.0,,,0.200259,-1.67532608,"6,936.99",338.12,5.12,2026-05-05 14:19:40
436,코로나19(진단/치료제/백신 개발 등),-0.65,311690,CJ 바이오사이언스 *,테마 편입 사유,7840.0,상승  50,0.64,7780.0,7840.0,33051.0,256.0,32217.0,,,0.200259,-1.67532608,"6,936.99",338.12,5.12,2026-05-05 14:19:40
436,코로나19(진단/치료제/백신 개발 등),-0.65,302440,SK바이오사이언스,테마 편입 사유,43300.0,상승  250,0.58,43250.0,43300.0,92463.0,3997.0,101657.0,,,0.200259,-1.67532608,"6,936.99",338.12,5.12,2026-05-05 14:19:40
436,코로나19(진단/치료제/백신 개발 등),-0.65,185750,종근당,테마 편입 사유,86100.0,상승  400,0.47,86000.0,86100.0,28869.0,2479.0,35169.0,,,0.200259,-1.67532608,"6,936.99",338.12,5.12,2026-05-05 14:19:40
436,코로나19(진단/치료제/백신 개발 등),-0.65,335810,프리시젼바이오 *,테마 편입 사유,2270.0,상승  5,0.22,2270.0,2275.0,15537.0,36.0,27101.0,,,0.200259,-1.67532608,"6,936.99",338.12,5.12,2026-05-05 14:19:40
436,코로나19(진단/치료제/백신 개발 등),-0.65,243070,휴온스 *,테마 편입 사유,26450.0,상승  50,0.19,26400.0,26450.0,72635.0,1927.0,20942.0,,,0.200259,-1.67532608,"6,936.99",338.12,5.12,2026-05-05 14:19:40
436,코로나19(진단/치료제/백신 개발 등),-0.65,378800,샤페론 *,테마 편입 사유,1877.0,상승  1,0.05,1876.0,1877.0,884.0,2.0,767944.0,,,0.200259,-1.67532608,"6,936.99",338.12,5.12,2026-05-05 14:19:40
436,코로나19(진단/치료제/백신 개발 등),-0.65,118000,메타케어,테마 편입 사유,208.0,보합0,0.0,0.0,0.0,0.0,0.0,0.0,,,0.200259,-1.67532608,"6,936.99",338.12,5.12,2026-05-05 14:19:40
436,코로나19(진단/치료제/백신 개발 등),-0.65,038290,마크로젠 *,테마 편입 사유,16220.0,보합0,0.0,16220.0,16230.0,39546.0,646.0,26906.0,,,0.200259,-1.67532608,"6,936.99",338.12,5.12,2026-05-05 14:19:40
436,코로나19(진단/치료제/백신 개발 등),-0.65,205470,휴마시스 *,테마 편입 사유,801.0,보합0,0.0,0.0,0.0,0.0,0.0,0.0,,,0.200259,-1.67532608,"6,936.99",338.12,5.12,2026-05-05 14:19:40
436,코로나19(진단/치료제/백신 개발 등),-0.65,041960,코미팜 *,테마 편입 사유,9720.0,보합0,0.0,9720.0,9740.0,211845.0,2071.0,206671.0,,,0.200259,-1.67532608,"6,936.99",338.12,5.12,2026-05-05 14:19:40
436,코로나19(진단/치료제/백신 개발 등),-0.65,038530,케이바이오랩스 *,테마 편입 사유,310.0,보합0,0.0,0.0,0.0,0.0,0.0,0.0,,,0.200259,-1.67532608,"6,936.99",338.12,5.12,2026-05-05 14:19:40
436,코로나19(진단/치료제/백신 개발 등),-0.65,214370,케어젠 *,테마 편입 사유,105400.0,하락  100,-0.09,105100.0,105400.0,71449.0,7476.0,149756.0,,,0.200259,-1.67532608,"6,936.99",338.12,5.12,2026-05-05 14:19:40
436,코로나19(진단/치료제/백신 개발 등),-0.65,096530,씨젠 *,테마 편입 사유,24500.0,하락  50,-0.2,24500.0,24550.0,150016.0,3710.0,206224.0,,,0.200259,-1.67532608,"6,936.99",338.12,5.12,2026-05-05 14:19:40
436,코로나19(진단/치료제/백신 개발 등),-0.65,271980,제일약품,테마 편입 사유,13960.0,하락  40,-0.29,13900.0,13960.0,25679.0,358.0,13203.0,,,0.200259,-1.67532608,"6,936.99",338.12,5.12,2026-05-05 14:19:40
436,코로나19(진단/치료제/백신 개발 등),-0.65,069620,대웅제약,테마 편입 사유,147700.0,하락  600,-0.4,147700.0,148000.0,27425.0,4074.0,29447.0,,,0.200259,-1.67532608,"6,936.99",338.12,5.12,2026-05-05 14:19:40
436,코로나19(진단/치료제/백신 개발 등),-0.65,109820,진매트릭스 *,테마 편입 사유,2005.0,하락  10,-0.5,2000.0,2005.0,70328.0,140.0,77644.0,,,0.200259,-1.67532608,"6,936.99",338.12,5.12,2026-05-05 14:19:40
436,코로나19(진단/치료제/백신 개발 등),-0.65,217730,강스템바이오텍 *,테마 편입 사유,3970.0,하락  25,-0.63,3965.0,3970.0,1185822.0,4707.0,918491.0,,,0.200259,-1.67532608,"6,936.99",338.12,5.12,2026-05-05 14:19:40
436,코로나19(진단/치료제/백신 개발 등),-0.65,003090,대웅,테마 편입 사유,22400.0,하락  150,-0.67,22400.0,22450.0,58653.0,1319.0,50163.0,,,0.200259,-1.67532608,"6,936.99",338.12,5.12,2026-05-05 14:19:40
436,코로나19(진단/치료제/백신 개발 등),-0.65,206650,유바이오로직스 *,테마 편입 사유,12710.0,하락  90,-0.7,12710.0,12720.0,285025.0,3643.0,302539.0,,,0.200259,-1.67532608,"6,936.99",338.12,5.12,2026-05-05 14:19:40
436,코로나19(진단/치료제/백신 개발 등),-0.65,200780,비씨월드제약 *,테마 편입 사유,4410.0,하락  35,-0.79,4405.0,4410.0,18660.0,83.0,20440.0,,,0.200259,-1.67532608,"6,936.99",338.12,5.12,2026-05-05 14:19:40
436,코로나19(진단/치료제/백신 개발 등),-0.65,253840,수젠텍 *,테마 편입 사유,5530.0,하락  50,-0.9,5530.0,5570.0,216691.0,1208.0,466005.0,,,0.200259,-1.67532608,"6,936.99",338.12,5.12,2026-05-05 14:19:40
436,코로나19(진단/치료제/백신 개발 등),-0.65,225220,제놀루션 *,테마 편입 사유,1870.0,하락  18,-0.95,1865.0,1870.0,133507.0,249.0,181875.0,,,0.200259,-1.67532608,"6,936.99",338.12,5.12,2026-05-05 14:19:40
436,코로나19(진단/치료제/백신 개발 등),-0.65,305090,마이크로디지탈 *,테마 편입 사유,6130.0,하락  60,-0.97,6130.0,6140.0,71643.0,438.0,138583.0,,,0.200259,-1.67532608,"6,936.99",338.12,5.12,2026-05-05 14:19:40
436,코로나19(진단/치료제/백신 개발 등),-0.65,032300,한국파마 *,테마 편입 사유,11480.0,하락  120,-1.03,11480.0,11500.0,28681.0,336.0,17631.0,,,0.200259,-1.67532608,"6,936.99",338.12,5.12,2026-05-05 14:19:40
436,코로나19(진단/치료제/백신 개발 등),-0.65,141080,리가켐바이오 *,테마 편입 사유,181500.0,"하락  1,900",-1.04,181500.0,181600.0,312912.0,57600.0,292336.0,,,0.200259,-1.67532608,"6,936.99",338.12,5.12,2026-05-05 14:19:40
436,코로나19(진단/치료제/백신 개발 등),-0.65,004720,팜젠사이언스,테마 편입 사유,4150.0,하락  45,-1.07,4130.0,4150.0,160643.0,678.0,214684.0,,,0.200259,-1.67532608,"6,936.99",338.12,5.12,2026-05-05 14:19:40
436,코로나19(진단/치료제/백신 개발 등),-0.65,185490,아이진 *,테마 편입 사유,1416.0,하락  16,-1.12,1415.0,1416.0,159948.0,227.0,164178.0,,,0.200259,-1.67532608,"6,936.99",338.12,5.12,2026-05-05 14:19:40
436,코로나19(진단/치료제/백신 개발 등),-0.65,153710,옵티팜 *,테마 편입 사유,5130.0,하락  60,-1.16,5130.0,5160.0,24749.0,127.0,8935.0,,,0.200259,-1.67532608,"6,936.99",338.12,5.12,2026-05-05 14:19:40
436,코로나19(진단/치료제/백신 개발 등),-0.65,377740,바이오노트,테마 편입 사유,5050.0,하락  60,-1.17,5050.0,5060.0,61840.0,314.0,45253.0,,,0.200259,-1.67532608,"6,936.99",338.12,5.12,2026-05-05 14:19:40
436,코로나19(진단/치료제/백신 개발 등),-0.65,293780,압타바이오 *,테마 편입 사유,8370.0,하락  100,-1.18,8370.0,8380.0,161117.0,1359.0,208814.0,,,0.200259,-1.67532608,"6,936.99",338.12,5.12,2026-05-05 14:19:40
436,코로나19(진단/치료제/백신 개발 등),-0.65,206640,바디텍메드 *,테마 편입 사유,11550.0,하락  140,-1.2,11550.0,11560.0,37544.0,438.0,44480.0,,,0.200259,-1.67532608,"6,936.99",338.12,5.12,2026-05-05 14:19:40
436,코로나19(진단/치료제/백신 개발 등),-0.65,053980,오상자이엘 *,테마 편입 사유,3235.0,하락  40,-1.22,3235.0,3240.0,108304.0,351.0,71296.0,,,0.200259,-1.67532608,"6,936.99",338.12,5.12,2026-05-05 14:19:40
436,코로나19(진단/치료제/백신 개발 등),-0.65,307750,국전 *,테마 편입 사유,3855.0,하락  55,-1.41,3855.0,3880.0,512128.0,2011.0,391476.0,,,0.200259,-1.67532608,"6,936.99",338.12,5.12,2026-05-05 14:19:40
436,코로나19(진단/치료제/백신 개발 등),-0.65,060590,씨티씨바이오 *,테마 편입 사유,3855.0,하락  60,-1.53,3850.0,3855.0,68908.0,267.0,37752.0,,,0.200259,-1.67532608,"6,936.99",338.12,5.12,2026-05-05 14:19:40
436,코로나19(진단/치료제/백신 개발 등),-0.65,001060,JW중외제약,테마 편입 사유,30700.0,하락  500,-1.6,30650.0,30700.0,67936.0,2097.0,49129.0,,,0.200259,-1.67532608,"6,936.99",338.12,5.12,2026-05-05 14:19:40
436,코로나19(진단/치료제/백신 개발 등),-0.65,348080,큐라티스 *,테마 편입 사유,834.0,하락  14,-1.65,834.0,840.0,254338.0,214.0,176286.0,,,0.200259,-1.67532608,"6,936.99",338.12,5.12,2026-05-05 14:19:40
436,코로나19(진단/치료제/백신 개발 등),-0.65,036220,오상헬스케어 *,테마 편입 사유,8900.0,하락  170,-1.87,8900.0,8910.0,40125.0,361.0,39006.0,,,0.200259,-1.67532608,"6,936.99",338.12,5.12,2026-05-05 14:19:40
436,코로나19(진단/치료제/백신 개발 등),-0.65,249420,일동제약,테마 편입 사유,25950.0,하락  550,-2.08,25900.0,25950.0,182871.0,4790.0,155369.0,,,0.200259,-1.67532608,"6,936.99",338.12,5.12,2026-05-05 14:19:40
436,코로나19(진단/치료제/백신 개발 등),-0.65,019170,신풍제약,테마 편입 사유,11440.0,하락  250,-2.14,11440.0,11450.0,199615.0,2301.0,125452.0,,,0.200259,-1.67532608,"6,936.99",338.12,5.12,2026-05-05 14:19:40
436,코로나19(진단/치료제/백신 개발 등),-0.65,950130,엑세스바이오 *,테마 편입 사유,3340.0,하락  75,-2.2,3340.0,3345.0,93921.0,318.0,39016.0,,,0.200259,-1.67532608,"6,936.99",338.12,5.12,2026-05-05 14:19:40
436,코로나19(진단/치료제/백신 개발 등),-0.65,950200,소마젠 *,테마 편입 사유,3535.0,하락  90,-2.48,3535.0,3540.0,48082.0,170.0,22376.0,,,0.200259,-1.67532608,"6,936.99",338.12,5.12,2026-05-05 14:19:40
436,코로나19(진단/치료제/백신 개발 등),-0.65,137310,에스디바이오센서,테마 편입 사유,8210.0,하락  210,-2.49,8200.0,8210.0,148731.0,1230.0,100514.0,,,0.200259,-1.67532608,"6,936.99",338.12,5.12,2026-05-05 14:19:40
436,코로나19(진단/치료제/백신 개발 등),-0.65,048870,시너지이노베이션 *,테마 편입 사유,2045.0,하락  55,-2.62,2045.0,2050.0,444266.0,923.0,242385.0,,,0.200259,-1.67532608,"6,936.99",338.12,5.12,2026-05-05 14:19:40
436,코로나19(진단/치료제/백신 개발 등),-0.65,064550,바이오니아 *,테마 편입 사유,10230.0,하락  310,-2.94,10230.0,10240.0,118571.0,1225.0,82841.0,,,0.200259,-1.67532608,"6,936.99",338.12,5.12,2026-05-05 14:19:40
436,코로나19(진단/치료제/백신 개발 등),-0.65,228760,지노믹트리 *,테마 편입 사유,16640.0,하락  510,-2.97,16640.0,16650.0,127111.0,2149.0,95808.0,,,0.200259,-1.67532608,"6,936.99",338.12,5.12,2026-05-05 14:19:40
436,코로나19(진단/치료제/백신 개발 등),-0.65,011000,진원생명과학,테마 편입 사유,837.0,하락  28,-3.24,836.0,837.0,973008.0,821.0,2672805.0,,,0.200259,-1.67532608,"6,936.99",338.12,5.12,2026-05-05 14:19:40
436,코로나19(진단/치료제/백신 개발 등),-0.65,048530,인트론바이오 *,테마 편입 사유,3475.0,하락  135,-3.74,3475.0,3485.0,307322.0,1083.0,186630.0,,,0.200259,-1.67532608,"6,936.99",338.12,5.12,2026-05-05 14:19:40
436,코로나19(진단/치료제/백신 개발 등),-0.65,084650,랩지노믹스 *,테마 편입 사유,1277.0,하락  51,-3.84,1276.0,1277.0,1234842.0,1600.0,793456.0,,,0.200259,-1.67532608,"6,936.99",338.12,5.12,2026-05-05 14:19:40
436,코로나19(진단/치료제/백신 개발 등),-0.65,174900,앱클론 *,테마 편입 사유,47250.0,"하락  1,900",-3.87,47250.0,47300.0,285352.0,13651.0,208024.0,,,0.200259,-1.67532608,"6,936.99",338.12,5.12,2026-05-05 14:19:40
436,코로나19(진단/치료제/백신 개발 등),-0.65,187420,HLB제넥스 *,테마 편입 사유,2820.0,하락  120,-4.08,2820.0,2825.0,601038.0,1708.0,98370.0,,,0.200259,-1.67532608,"6,936.99",338.12,5.12,2026-05-05 14:19:40
436,코로나19(진단/치료제/백신 개발 등),-0.65,203400,에이비온 *,테마 편입 사유,2615.0,하락  125,-4.56,2615.0,2620.0,747837.0,2004.0,2092436.0,,,0.200259,-1.67532608,"6,936.99",338.12,5.12,2026-05-05 14:19:40
436,코로나19(진단/치료제/백신 개발 등),-0.65,101140,인바이오젠,테마 편입 사유,8370.0,하락  420,-4.78,8340.0,8370.0,17821.0,153.0,16077.0,,,0.200259,-1.67532608,"6,936.99",338.12,5.12,2026-05-05 14:19:40
436,코로나19(진단/치료제/백신 개발 등),-0.65,331920,셀레믹스 *,테마 편입 사유,14250.0,하락  740,-4.94,14250.0,14280.0,191025.0,2746.0,164617.0,,,0.200259,-1.67532608,"6,936.99",338.12,5.12,2026-05-05 14:19:40
436,코로나19(진단/치료제/백신 개발 등),-0.65,039860,나노엔텍 *,테마 편입 사유,6490.0,하락  360,-5.26,6490.0,6500.0,2352794.0,15445.0,6893788.0,,,0.200259,-1.67532608,"6,936.99",338.12,5.12,2026-05-05 14:19:40
436,코로나19(진단/치료제/백신 개발 등),-0.65,363250,진시스템 *,테마 편입 사유,5210.0,하락  300,-5.44,5210.0,5400.0,72769.0,389.0,14906.0,,,0.200259,-1.67532608,"6,936.99",338.12,5.12,2026-05-05 14:19:40
436,코로나19(진단/치료제/백신 개발 등),-0.65,221800,지구홀딩스 *,테마 편입 사유,17200.0,"하락  1,050",-5.75,17200.0,17210.0,469137.0,8164.0,241616.0,,,0.200259,-1.67532608,"6,936.99",338.12,5.12,2026-05-05 14:19:40
436,코로나19(진단/치료제/백신 개발 등),-0.65,261780,차백신연구소 *,테마 편입 사유,3355.0,하락  745,-18.17,3355.0,3360.0,8300653.0,29922.0,15207668.0,,,0.200259,-1.67532608,"6,936.99",338.12,5.12,2026-05-05 14:19:40
492,NFT(대체불가토큰),1.13,307930,컴퍼니케이 *,테마 편입 사유,10660.0,"상승  1,540",16.89,10660.0,10680.0,1454198.0,15357.0,132968.0,,,0.546574,-1.6684588800000002,"6,936.99",338.12,5.12,2026-05-05 14:19:40
492,NFT(대체불가토큰),1.13,163730,핑거 *,테마 편입 사유,20250.0,"상승  1,300",6.86,20100.0,20250.0,249325.0,4942.0,289081.0,,,0.546574,-1.6684588800000002,"6,936.99",338.12,5.12,2026-05-05 14:19:40
492,NFT(대체불가토큰),1.13,005930,삼성전자,테마 편입 사유,232500.0,"상승  12,000",5.44,232000.0,232500.0,31909907.0,7302350.0,22161975.0,,,0.546574,-1.6684588800000002,"6,936.99",338.12,5.12,2026-05-05 14:19:40
492,NFT(대체불가토큰),1.13,094480,갤럭시아머니트리 *,테마 편입 사유,8780.0,상승  260,3.05,8770.0,8780.0,353305.0,3073.0,237335.0,,,0.546574,-1.6684588800000002,"6,936.99",338.12,5.12,2026-05-05 14:19:40
492,NFT(대체불가토큰),1.13,063170,서울옥션 *,테마 편입 사유,7060.0,상승  180,2.62,7060.0,7110.0,123144.0,875.0,75183.0,,,0.546574,-1.6684588800000002,"6,936.99",338.12,5.12,2026-05-05 14:19:40
492,NFT(대체불가토큰),1.13,011420,갤럭시아에스엠,테마 편입 사유,1885.0,상승  45,2.45,1881.0,1885.0,103561.0,194.0,96395.0,,,0.546574,-1.6684588800000002,"6,936.99",338.12,5.12,2026-05-05 14:19:40
492,NFT(대체불가토큰),1.13,158430,아톤 *,테마 편입 사유,8180.0,상승  170,2.12,8180.0,8190.0,872906.0,7215.0,1698425.0,,,0.546574,-1.6684588800000002,"6,936.99",338.12,5.12,2026-05-05 14:19:40
492,NFT(대체불가토큰),1.13,064260,다날 *,테마 편입 사유,7430.0,상승  100,1.36,7430.0,7440.0,1292591.0,9661.0,1643648.0,,,0.546574,-1.6684588800000002,"6,936.99",338.12,5.12,2026-05-05 14:19:40
492,NFT(대체불가토큰),1.13,201490,미투온 *,테마 편입 사유,3185.0,상승  15,0.47,3185.0,3195.0,311921.0,999.0,316571.0,,,0.546574,-1.6684588800000002,"6,936.99",338.12,5.12,2026-05-05 14:19:40
492,NFT(대체불가토큰),1.13,044480,빌리언스 *,테마 편입 사유,445.0,보합0,0.0,0.0,0.0,0.0,0.0,0.0,,,0.546574,-1.6684588800000002,"6,936.99",338.12,5.12,2026-05-05 14:19:40
492,NFT(대체불가토큰),1.13,035720,카카오,테마 편입 사유,47100.0,하락  200,-0.42,47050.0,47100.0,1520475.0,71746.0,1484406.0,,,0.546574,-1.6684588800000002,"6,936.99",338.12,5.12,2026-05-05 14:19:40
492,NFT(대체불가토큰),1.13,035420,NAVER,테마 편입 사유,209000.0,"하락  2,000",-0.95,208500.0,209000.0,875803.0,183333.0,1387029.0,,,0.546574,-1.6684588800000002,"6,936.99",338.12,5.12,2026-05-05 14:19:40
492,NFT(대체불가토큰),1.13,214270,FSN *,테마 편입 사유,2020.0,하락  30,-1.46,2020.0,2030.0,204093.0,412.0,134753.0,,,0.546574,-1.6684588800000002,"6,936.99",338.12,5.12,2026-05-05 14:19:40
492,NFT(대체불가토큰),1.13,293490,카카오게임즈 *,테마 편입 사유,11820.0,하락  200,-1.66,11820.0,11830.0,337052.0,4008.0,258660.0,,,0.546574,-1.6684588800000002,"6,936.99",338.12,5.12,2026-05-05 14:19:40
492,NFT(대체불가토큰),1.13,047820,초록뱀미디어 *,테마 편입 사유,5490.0,하락  100,-1.79,5490.0,5500.0,166675.0,940.0,149779.0,,,0.546574,-1.6684588800000002,"6,936.99",338.12,5.12,2026-05-05 14:19:40
492,NFT(대체불가토큰),1.13,063080,컴투스홀딩스 *,테마 편입 사유,18090.0,하락  360,-1.95,18080.0,18090.0,51455.0,942.0,12300.0,,,0.546574,-1.6684588800000002,"6,936.99",338.12,5.12,2026-05-05 14:19:40
492,NFT(대체불가토큰),1.13,058630,엠게임 *,테마 편입 사유,5250.0,하락  110,-2.05,5250.0,5270.0,106163.0,562.0,39949.0,,,0.546574,-1.6684588800000002,"6,936.99",338.12,5.12,2026-05-05 14:19:40
492,NFT(대체불가토큰),1.13,112040,위메이드 *,테마 편입 사유,24400.0,하락  550,-2.2,24400.0,24450.0,140313.0,3426.0,418233.0,,,0.546574,-1.6684588800000002,"6,936.99",338.12,5.12,2026-05-05 14:19:40
492,NFT(대체불가토큰),1.13,041020,폴라리스오피스 *,테마 편입 사유,4815.0,하락  145,-2.92,4815.0,4825.0,1225618.0,5995.0,9155003.0,,,0.546574,-1.6684588800000002,"6,936.99",338.12,5.12,2026-05-05 14:19:40
492,NFT(대체불가토큰),1.13,241840,에이스토리 *,테마 편입 사유,5090.0,하락  170,-3.23,5090.0,5100.0,46356.0,238.0,33730.0,,,0.546574,-1.6684588800000002,"6,936.99",338.12,5.12,2026-05-05 14:19:40
595,우주태양광(페로브스카이트 등),0.91,255440,야스 *,테마 편입 사유,11680.0,상승  830,7.65,11670.0,11680.0,173096.0,2000.0,41134.0,,,0.5,-1.65,"6,936.99",338.12,5.12,2026-05-05 14:19:40
595,우주태양광(페로브스카이트 등),0.91,086390,유니테스트 *,테마 편입 사유,19400.0,"상승  1,040",5.66,19400.0,19410.0,383807.0,7383.0,531146.0,,,0.5,-1.65,"6,936.99",338.12,5.12,2026-05-05 14:19:40
595,우주태양광(페로브스카이트 등),0.91,015760,한국전력,테마 편입 사유,44500.0,상승  950,2.18,44450.0,44500.0,2352086.0,105271.0,2525970.0,,,0.5,-1.65,"6,936.99",338.12,5.12,2026-05-05 14:19:40
595,우주태양광(페로브스카이트 등),0.91,489500,엘케이켐 *,테마 편입 사유,35150.0,상승  600,1.74,35000.0,35150.0,100198.0,3564.0,248533.0,,,0.5,-1.65,"6,936.99",338.12,5.12,2026-05-05 14:19:40
595,우주태양광(페로브스카이트 등),0.91,357550,석경에이티 *,테마 편입 사유,58000.0,상승  800,1.4,57700.0,58000.0,6993.0,405.0,8510.0,,,0.5,-1.65,"6,936.99",338.12,5.12,2026-05-05 14:19:40
595,우주태양광(페로브스카이트 등),0.91,241770,메카로 *,테마 편입 사유,36850.0,상승  350,0.96,36700.0,36850.0,24619.0,906.0,62641.0,,,0.5,-1.65,"6,936.99",338.12,5.12,2026-05-05 14:19:40
595,우주태양광(페로브스카이트 등),0.91,078600,대주전자재료 *,테마 편입 사유,157500.0,"하락  1,000",-0.63,157500.0,157600.0,250288.0,39552.0,251487.0,,,0.5,-1.65,"6,936.99",338.12,5.12,2026-05-05 14:19:40
595,우주태양광(페로브스카이트 등),0.91,009830,한화솔루션,테마 편입 사유,49900.0,하락  800,-1.58,49900.0,49950.0,3652895.0,182972.0,11898592.0,,,0.5,-1.65,"6,936.99",338.12,5.12,2026-05-05 14:19:40
595,우주태양광(페로브스카이트 등),0.91,171090,선익시스템 *,테마 편입 사유,98500.0,"하락  4,000",-3.9,98500.0,98600.0,174818.0,17396.0,111330.0,,,0.5,-1.65,"6,936.99",338.12,5.12,2026-05-05 14:19:40
595,우주태양광(페로브스카이트 등),0.91,322000,HD현대에너지솔루션,테마 편입 사유,221000.0,"하락  10,000",-4.33,220500.0,221000.0,624358.0,139791.0,1439296.0,,,0.5,-1.65,"6,936.99",338.12,5.12,2026-05-05 14:19:40
227,전기차,1.24,018880,한온시스템,테마 편입 사유,4850.0,상승  620,14.66,4850.0,4855.0,120332168.0,582668.0,13132774.0,,,0.560405,-1.6292736,"6,936.99",338.12,5.12,2026-05-05 14:19:40
227,전기차,1.24,003720,삼영,테마 편입 사유,12500.0,"상승  1,210",10.72,12500.0,12510.0,2317615.0,28465.0,1015255.0,,,0.560405,-1.6292736,"6,936.99",338.12,5.12,2026-05-05 14:19:40
227,전기차,1.24,396300,세아메카닉스 *,테마 편입 사유,6510.0,상승  610,10.34,6500.0,6510.0,7249150.0,46702.0,16945163.0,,,0.560405,-1.6292736,"6,936.99",338.12,5.12,2026-05-05 14:19:40
227,전기차,1.24,066970,엘앤에프,테마 편입 사유,213000.0,"상승  17,900",9.17,213000.0,213500.0,979132.0,213844.0,730075.0,,,0.560405,-1.6292736,"6,936.99",338.12,5.12,2026-05-05 14:19:40
227,전기차,1.24,051910,LG화학,테마 편입 사유,429000.0,"상승  32,000",8.06,429000.0,429500.0,609933.0,259149.0,283039.0,,,0.560405,-1.6292736,"6,936.99",338.12,5.12,2026-05-05 14:19:40
227,전기차,1.24,005070,코스모신소재,테마 편입 사유,62700.0,"상승  3,800",6.45,62700.0,62800.0,397603.0,24767.0,311595.0,,,0.560405,-1.6292736,"6,936.99",338.12,5.12,2026-05-05 14:19:40
227,전기차,1.24,217820,원익피앤이 *,테마 편입 사유,4225.0,상승  250,6.29,4220.0,4225.0,1226272.0,5168.0,529218.0,,,0.560405,-1.6292736,"6,936.99",338.12,5.12,2026-05-05 14:19:40
227,전기차,1.24,043260,성호전자 *,테마 편입 사유,43450.0,"상승  2,550",6.23,43400.0,43450.0,2044574.0,89099.0,1122180.0,,,0.560405,-1.6292736,"6,936.99",338.12,5.12,2026-05-05 14:19:40
227,전기차,1.24,009320,아진전자부품,테마 편입 사유,1168.0,상승  68,6.18,1165.0,1168.0,1074405.0,1241.0,545509.0,,,0.560405,-1.6292736,"6,936.99",338.12,5.12,2026-05-05 14:19:40
227,전기차,1.24,010120,LS ELECTRIC,테마 편입 사유,294000.0,"상승  16,000",5.76,293500.0,294000.0,1490046.0,432240.0,1165228.0,,,0.560405,-1.6292736,"6,936.99",338.12,5.12,2026-05-05 14:19:40
227,전기차,1.24,114190,강원에너지 *,테마 편입 사유,16200.0,상승  870,5.68,16200.0,16210.0,472612.0,7603.0,237646.0,,,0.560405,-1.6292736,"6,936.99",338.12,5.12,2026-05-05 14:19:40
227,전기차,1.24,011790,SKC,테마 편입 사유,124000.0,"상승  6,000",5.08,124000.0,124100.0,702550.0,86741.0,338644.0,,,0.560405,-1.6292736,"6,936.99",338.12,5.12,2026-05-05 14:19:40
227,전기차,1.24,085910,네오티스 *,테마 편입 사유,27100.0,"상승  1,300",5.04,27100.0,27150.0,188212.0,5065.0,118768.0,,,0.560405,-1.6292736,"6,936.99",338.12,5.12,2026-05-05 14:19:40
227,전기차,1.24,463480,모티브링크 *,테마 편입 사유,9100.0,상승  380,4.36,9090.0,9100.0,828106.0,7560.0,466097.0,,,0.560405,-1.6292736,"6,936.99",338.12,5.12,2026-05-05 14:19:40
227,전기차,1.24,336370,솔루스첨단소재,테마 편입 사유,13660.0,상승  570,4.35,13650.0,13660.0,1149372.0,15741.0,3202972.0,,,0.560405,-1.6292736,"6,936.99",338.12,5.12,2026-05-05 14:19:40
227,전기차,1.24,038880,아이에이 *,테마 편입 사유,1018.0,상승  41,4.2,1018.0,1024.0,620253.0,617.0,953390.0,,,0.560405,-1.6292736,"6,936.99",338.12,5.12,2026-05-05 14:19:40
227,전기차,1.24,107640,한중엔시에스 *,테마 편입 사유,69900.0,"상승  2,800",4.17,69900.0,70000.0,343558.0,24250.0,220481.0,,,0.560405,-1.6292736,"6,936.99",338.12,5.12,2026-05-05 14:19:40
227,전기차,1.24,160190,하이젠알앤엠 *,테마 편입 사유,45400.0,"상승  1,800",4.13,45350.0,45400.0,152862.0,6912.0,130070.0,,,0.560405,-1.6292736,"6,936.99",338.12,5.12,2026-05-05 14:19:40
227,전기차,1.24,002230,피에스텍 *,테마 편입 사유,10750.0,상승  390,3.76,10750.0,10760.0,545894.0,6020.0,262796.0,,,0.560405,-1.6292736,"6,936.99",338.12,5.12,2026-05-05 14:19:40
227,전기차,1.24,416180,신성에스티 *,테마 편입 사유,38250.0,"상승  1,150",3.1,38200.0,38250.0,57350.0,2206.0,81009.0,,,0.560405,-1.6292736,"6,936.99",338.12,5.12,2026-05-05 14:19:40
227,전기차,1.24,013310,아진산업 *,테마 편입 사유,3845.0,상승  115,3.08,3840.0,3845.0,1259768.0,4843.0,1069785.0,,,0.560405,-1.6292736,"6,936.99",338.12,5.12,2026-05-05 14:19:40
227,전기차,1.24,178320,서진시스템 *,테마 편입 사유,61300.0,"상승  1,800",3.03,61300.0,61400.0,2071722.0,128075.0,3643481.0,,,0.560405,-1.6292736,"6,936.99",338.12,5.12,2026-05-05 14:19:40
227,전기차,1.24,259630,엠플러스 *,테마 편입 사유,18060.0,상승  510,2.91,18060.0,18070.0,480290.0,8796.0,346911.0,,,0.560405,-1.6292736,"6,936.99",338.12,5.12,2026-05-05 14:19:40
227,전기차,1.24,452190,한빛레이저 *,테마 편입 사유,8170.0,상승  210,2.64,8160.0,8170.0,4609780.0,38489.0,7725816.0,,,0.560405,-1.6292736,"6,936.99",338.12,5.12,2026-05-05 14:19:40
227,전기차,1.24,012860,모베이스전자 *,테마 편입 사유,3920.0,상승  100,2.62,3920.0,3925.0,1528071.0,6009.0,1870741.0,,,0.560405,-1.6292736,"6,936.99",338.12,5.12,2026-05-05 14:19:40
227,전기차,1.24,373220,LG에너지솔루션,테마 편입 사유,472000.0,"상승  11,500",2.5,471500.0,472000.0,425260.0,199992.0,485223.0,,,0.560405,-1.6292736,"6,936.99",338.12,5.12,2026-05-05 14:19:40
227,전기차,1.24,003620,KG모빌리티,테마 편입 사유,4440.0,상승  105,2.42,4440.0,4445.0,2364312.0,10634.0,1055074.0,,,0.560405,-1.6292736,"6,936.99",338.12,5.12,2026-05-05 14:19:40
227,전기차,1.24,047310,파워로직스 *,테마 편입 사유,5300.0,상승  120,2.32,5300.0,5310.0,365507.0,1951.0,211247.0,,,0.560405,-1.6292736,"6,936.99",338.12,5.12,2026-05-05 14:19:40
227,전기차,1.24,089980,상아프론테크 *,테마 편입 사유,28050.0,상승  600,2.19,28000.0,28050.0,149870.0,4172.0,113157.0,,,0.560405,-1.6292736,"6,936.99",338.12,5.12,2026-05-05 14:19:40
227,전기차,1.24,348370,엔켐 *,테마 편입 사유,45150.0,상승  850,1.92,45100.0,45150.0,222725.0,10136.0,320058.0,,,0.560405,-1.6292736,"6,936.99",338.12,5.12,2026-05-05 14:19:40
227,전기차,1.24,091580,상신이디피 *,테마 편입 사유,27100.0,상승  500,1.88,27000.0,27100.0,346053.0,9364.0,485973.0,,,0.560405,-1.6292736,"6,936.99",338.12,5.12,2026-05-05 14:19:40
227,전기차,1.24,012200,계양전기,테마 편입 사유,7130.0,상승  130,1.86,7120.0,7130.0,767687.0,5478.0,628312.0,,,0.560405,-1.6292736,"6,936.99",338.12,5.12,2026-05-05 14:19:40
227,전기차,1.24,001820,삼화콘덴서,테마 편입 사유,68400.0,"상승  1,200",1.79,68300.0,68400.0,189875.0,13069.0,268945.0,,,0.560405,-1.6292736,"6,936.99",338.12,5.12,2026-05-05 14:19:40
227,전기차,1.24,023800,인지컨트롤스,테마 편입 사유,8390.0,상승  140,1.7,8380.0,8390.0,132955.0,1106.0,121289.0,,,0.560405,-1.6292736,"6,936.99",338.12,5.12,2026-05-05 14:19:40
227,전기차,1.24,066570,LG전자,테마 편입 사유,143200.0,"상승  2,300",1.63,143100.0,143200.0,1517270.0,216486.0,4601367.0,,,0.560405,-1.6292736,"6,936.99",338.12,5.12,2026-05-05 14:19:40
227,전기차,1.24,014910,성문전자,테마 편입 사유,1908.0,상승  30,1.6,1903.0,1908.0,756631.0,1439.0,1623372.0,,,0.560405,-1.6292736,"6,936.99",338.12,5.12,2026-05-05 14:19:40
227,전기차,1.24,204320,HL만도,테마 편입 사유,58000.0,상승  900,1.58,57900.0,58000.0,366564.0,21163.0,563165.0,,,0.560405,-1.6292736,"6,936.99",338.12,5.12,2026-05-05 14:19:40
227,전기차,1.24,012330,현대모비스,테마 편입 사유,431500.0,"상승  6,500",1.53,431000.0,431500.0,211193.0,91062.0,317288.0,,,0.560405,-1.6292736,"6,936.99",338.12,5.12,2026-05-05 14:19:40
227,전기차,1.24,005380,현대차,테마 편입 사유,539000.0,"상승  8,000",1.51,539000.0,540000.0,854165.0,461102.0,1150241.0,,,0.560405,-1.6292736,"6,936.99",338.12,5.12,2026-05-05 14:19:40
227,전기차,1.24,900260,로스웰 *,테마 편입 사유,1644.0,상승  24,1.48,1636.0,1643.0,14358.0,23.0,54787.0,,,0.560405,-1.6292736,"6,936.99",338.12,5.12,2026-05-05 14:19:40
227,전기차,1.24,000270,기아,테마 편입 사유,154000.0,"상승  2,200",1.45,153900.0,154000.0,779973.0,121046.0,1187225.0,,,0.560405,-1.6292736,"6,936.99",338.12,5.12,2026-05-05 14:19:40
227,전기차,1.24,006400,삼성SDI,테마 편입 사유,705000.0,"상승  10,000",1.44,705000.0,706000.0,663957.0,466135.0,853824.0,,,0.560405,-1.6292736,"6,936.99",338.12,5.12,2026-05-05 14:19:40
227,전기차,1.24,000240,한국앤컴퍼니,테마 편입 사유,25300.0,상승  350,1.4,25250.0,25300.0,146361.0,3689.0,97480.0,,,0.560405,-1.6292736,"6,936.99",338.12,5.12,2026-05-05 14:19:40
227,전기차,1.24,105550,엣지파운드리 *,테마 편입 사유,1312.0,상승  18,1.39,1310.0,1312.0,544398.0,714.0,559290.0,,,0.560405,-1.6292736,"6,936.99",338.12,5.12,2026-05-05 14:19:40
227,전기차,1.24,0011A0,액스비스 *,테마 편입 사유,26800.0,상승  350,1.32,26800.0,26850.0,141758.0,3729.0,286929.0,,,0.560405,-1.6292736,"6,936.99",338.12,5.12,2026-05-05 14:19:40
227,전기차,1.24,023810,인팩,테마 편입 사유,9230.0,상승  110,1.21,9100.0,9230.0,107896.0,992.0,127972.0,,,0.560405,-1.6292736,"6,936.99",338.12,5.12,2026-05-05 14:19:40
227,전기차,1.24,215360,우리산업 *,테마 편입 사유,9440.0,상승  100,1.07,9440.0,9450.0,30427.0,288.0,47255.0,,,0.560405,-1.6292736,"6,936.99",338.12,5.12,2026-05-05 14:19:40
227,전기차,1.24,417200,LS머트리얼즈 *,테마 편입 사유,30350.0,상승  300,1.0,30350.0,30400.0,5034.0,153.0,4308168.0,,,0.560405,-1.6292736,"6,936.99",338.12,5.12,2026-05-05 14:19:40
227,전기차,1.24,017370,우신시스템,테마 편입 사유,6180.0,상승  60,0.98,6160.0,6180.0,52865.0,328.0,24472.0,,,0.560405,-1.6292736,"6,936.99",338.12,5.12,2026-05-05 14:19:40
227,전기차,1.24,417010,나노팀 *,테마 편입 사유,11300.0,상승  100,0.89,11280.0,11300.0,266422.0,3033.0,280866.0,,,0.560405,-1.6292736,"6,936.99",338.12,5.12,2026-05-05 14:19:40
227,전기차,1.24,452400,이닉스 *,테마 편입 사유,9360.0,상승  70,0.75,9350.0,9360.0,22555.0,211.0,23668.0,,,0.560405,-1.6292736,"6,936.99",338.12,5.12,2026-05-05 14:19:40
227,전기차,1.24,377330,이지트로닉스 *,테마 편입 사유,3970.0,상승  25,0.63,3945.0,3970.0,21031.0,84.0,105206.0,,,0.560405,-1.6292736,"6,936.99",338.12,5.12,2026-05-05 14:19:40
227,전기차,1.24,066590,스모트로닉 *,테마 편입 사유,2770.0,상승  10,0.36,2755.0,2770.0,148600.0,407.0,254893.0,,,0.560405,-1.6292736,"6,936.99",338.12,5.12,2026-05-05 14:19:40
227,전기차,1.24,263770,유에스티 *,테마 편입 사유,2120.0,상승  5,0.24,2120.0,2125.0,26851.0,57.0,61244.0,,,0.560405,-1.6292736,"6,936.99",338.12,5.12,2026-05-05 14:19:40
227,전기차,1.24,212560,네오오토 *,테마 편입 사유,8360.0,상승  20,0.24,8350.0,8370.0,113092.0,955.0,76045.0,,,0.560405,-1.6292736,"6,936.99",338.12,5.12,2026-05-05 14:19:40
227,전기차,1.24,011210,현대위아,테마 편입 사유,82900.0,상승  200,0.24,82900.0,83000.0,168718.0,13969.0,212268.0,,,0.560405,-1.6292736,"6,936.99",338.12,5.12,2026-05-05 14:19:40
227,전기차,1.24,010690,화신,테마 편입 사유,12430.0,상승  30,0.24,12430.0,12460.0,311643.0,3898.0,231169.0,,,0.560405,-1.6292736,"6,936.99",338.12,5.12,2026-05-05 14:19:40
227,전기차,1.24,009470,삼화전기,테마 편입 사유,48600.0,상승  100,0.21,48600.0,48650.0,510655.0,25440.0,695251.0,,,0.560405,-1.6292736,"6,936.99",338.12,5.12,2026-05-05 14:19:40
227,전기차,1.24,355150,코스텍시스 *,테마 편입 사유,51100.0,상승  100,0.2,51000.0,51100.0,235497.0,11984.0,458042.0,,,0.560405,-1.6292736,"6,936.99",338.12,5.12,2026-05-05 14:19:40
227,전기차,1.24,170030,현대공업 *,테마 편입 사유,5750.0,상승  10,0.17,5750.0,5760.0,45498.0,263.0,46684.0,,,0.560405,-1.6292736,"6,936.99",338.12,5.12,2026-05-05 14:19:40
227,전기차,1.24,081150,티플랙스 *,테마 편입 사유,3660.0,상승  5,0.14,3655.0,3660.0,334330.0,1232.0,293546.0,,,0.560405,-1.6292736,"6,936.99",338.12,5.12,2026-05-05 14:19:40
227,전기차,1.24,122350,삼기 *,테마 편입 사유,1508.0,상승  2,0.13,1507.0,1508.0,658.0,1.0,220639.0,,,0.560405,-1.6292736,"6,936.99",338.12,5.12,2026-05-05 14:19:40
227,전기차,1.24,222080,씨아이에스 *,테마 편입 사유,17190.0,상승  20,0.12,17180.0,17190.0,4863206.0,84337.0,6840318.0,,,0.560405,-1.6292736,"6,936.99",338.12,5.12,2026-05-05 14:19:40
227,전기차,1.24,243840,신흥에스이씨 *,테마 편입 사유,10560.0,상승  10,0.09,10550.0,10560.0,726.0,8.0,597872.0,,,0.560405,-1.6292736,"6,936.99",338.12,5.12,2026-05-05 14:19:40
227,전기차,1.24,900070,글로벌에스엠 *,테마 편입 사유,610.0,보합0,0.0,0.0,0.0,0.0,0.0,0.0,,,0.560405,-1.6292736,"6,936.99",338.12,5.12,2026-05-05 14:19:40
227,전기차,1.24,273640,와이엠텍 *,테마 편입 사유,12250.0,보합0,0.0,12240.0,12250.0,474528.0,5820.0,240354.0,,,0.560405,-1.6292736,"6,936.99",338.12,5.12,2026-05-05 14:19:40
227,전기차,1.24,234100,폴라리스세원 *,테마 편입 사유,1020.0,보합0,0.0,0.0,0.0,0.0,0.0,0.0,,,0.560405,-1.6292736,"6,936.99",338.12,5.12,2026-05-05 14:19:40
227,전기차,1.24,012340,뉴인텍 *,테마 편입 사유,287.0,보합0,0.0,0.0,0.0,0.0,0.0,0.0,,,0.560405,-1.6292736,"6,936.99",338.12,5.12,2026-05-05 14:19:40
227,전기차,1.24,092220,KEC,테마 편입 사유,1838.0,보합0,0.0,0.0,0.0,0.0,0.0,0.0,,,0.560405,-1.6292736,"6,936.99",338.12,5.12,2026-05-05 14:19:40
227,전기차,1.24,198940,한주라이트메탈 *,테마 편입 사유,861.0,보합0,0.0,0.0,0.0,0.0,0.0,0.0,,,0.560405,-1.6292736,"6,936.99",338.12,5.12,2026-05-05 14:19:40
227,전기차,1.24,419050,삼기에너지솔루션즈 *,테마 편입 사유,1889.0,하락  1,-0.05,1889.0,1892.0,502802.0,959.0,833102.0,,,0.560405,-1.6292736,"6,936.99",338.12,5.12,2026-05-05 14:19:40
227,전기차,1.24,080470,성창오토텍 *,테마 편입 사유,4290.0,하락  5,-0.12,4280.0,4290.0,29272.0,125.0,28295.0,,,0.560405,-1.6292736,"6,936.99",338.12,5.12,2026-05-05 14:19:40
227,전기차,1.24,009900,명신산업,테마 편입 사유,13280.0,하락  20,-0.15,13270.0,13280.0,633824.0,8422.0,875611.0,,,0.560405,-1.6292736,"6,936.99",338.12,5.12,2026-05-05 14:19:40
227,전기차,1.24,355690,에이텀 *,테마 편입 사유,5220.0,하락  10,-0.19,5160.0,5220.0,71767.0,376.0,63293.0,,,0.560405,-1.6292736,"6,936.99",338.12,5.12,2026-05-05 14:19:40
227,전기차,1.24,096770,SK이노베이션,테마 편입 사유,145700.0,하락  500,-0.34,145600.0,145700.0,1202954.0,177828.0,1134227.0,,,0.560405,-1.6292736,"6,936.99",338.12,5.12,2026-05-05 14:19:40
227,전기차,1.24,013870,지엠비코리아,테마 편입 사유,4885.0,하락  20,-0.41,4885.0,4900.0,32257.0,158.0,33238.0,,,0.560405,-1.6292736,"6,936.99",338.12,5.12,2026-05-05 14:19:40
227,전기차,1.24,123040,엠에스오토텍 *,테마 편입 사유,2435.0,하락  15,-0.61,2435.0,2440.0,231190.0,570.0,163614.0,,,0.560405,-1.6292736,"6,936.99",338.12,5.12,2026-05-05 14:19:40
227,전기차,1.24,051490,나라엠앤디 *,테마 편입 사유,3945.0,하락  25,-0.63,3945.0,3955.0,84931.0,337.0,182484.0,,,0.560405,-1.6292736,"6,936.99",338.12,5.12,2026-05-05 14:19:40
227,전기차,1.24,041930,SY동아 *,테마 편입 사유,6800.0,하락  50,-0.73,6800.0,6810.0,59042.0,405.0,89305.0,,,0.560405,-1.6292736,"6,936.99",338.12,5.12,2026-05-05 14:19:40
227,전기차,1.24,038110,에코플라스틱 *,테마 편입 사유,3630.0,하락  50,-1.36,3630.0,3635.0,1395012.0,5116.0,9750869.0,,,0.560405,-1.6292736,"6,936.99",338.12,5.12,2026-05-05 14:19:40
227,전기차,1.24,265560,영화테크 *,테마 편입 사유,10660.0,하락  150,-1.39,10650.0,10660.0,75523.0,820.0,79094.0,,,0.560405,-1.6292736,"6,936.99",338.12,5.12,2026-05-05 14:19:40
227,전기차,1.24,024740,한일단조 *,테마 편입 사유,3475.0,하락  50,-1.42,3475.0,3480.0,756744.0,2623.0,627853.0,,,0.560405,-1.6292736,"6,936.99",338.12,5.12,2026-05-05 14:19:40
227,전기차,1.24,064960,SNT모티브,테마 편입 사유,34500.0,하락  500,-1.43,34500.0,34550.0,109705.0,3812.0,118835.0,,,0.560405,-1.6292736,"6,936.99",338.12,5.12,2026-05-05 14:19:40
227,전기차,1.24,092200,디아이씨,테마 편입 사유,7460.0,하락  130,-1.71,7460.0,7470.0,427096.0,3257.0,376343.0,,,0.560405,-1.6292736,"6,936.99",338.12,5.12,2026-05-05 14:19:40
227,전기차,1.24,033310,엠투엔 *,테마 편입 사유,1753.0,하락  33,-1.85,1746.0,1753.0,222282.0,392.0,99905.0,,,0.560405,-1.6292736,"6,936.99",338.12,5.12,2026-05-05 14:19:40
227,전기차,1.24,024910,경창산업 *,테마 편입 사유,1991.0,하락  39,-1.92,1991.0,1994.0,420734.0,843.0,237418.0,,,0.560405,-1.6292736,"6,936.99",338.12,5.12,2026-05-05 14:19:40
227,전기차,1.24,011230,삼화전자,테마 편입 사유,2450.0,하락  65,-2.58,2450.0,2455.0,126471.0,312.0,67137.0,,,0.560405,-1.6292736,"6,936.99",338.12,5.12,2026-05-05 14:19:40
227,전기차,1.24,354320,알멕 *,테마 편입 사유,97800.0,"하락  2,600",-2.59,97700.0,97800.0,110508.0,10971.0,102188.0,,,0.560405,-1.6292736,"6,936.99",338.12,5.12,2026-05-05 14:19:40
227,전기차,1.24,053700,삼보모터스 *,테마 편입 사유,5850.0,하락  170,-2.82,5850.0,5860.0,412887.0,2447.0,313491.0,,,0.560405,-1.6292736,"6,936.99",338.12,5.12,2026-05-05 14:19:40
227,전기차,1.24,308170,씨티알모빌리티,테마 편입 사유,5230.0,하락  160,-2.97,5230.0,5250.0,34347.0,181.0,15923.0,,,0.560405,-1.6292736,"6,936.99",338.12,5.12,2026-05-05 14:19:40
227,전기차,1.24,025540,한국단자,테마 편입 사유,88600.0,"하락  2,800",-3.06,88500.0,88600.0,37196.0,3311.0,52008.0,,,0.560405,-1.6292736,"6,936.99",338.12,5.12,2026-05-05 14:19:40
227,전기차,1.24,361670,삼영에스앤씨 *,테마 편입 사유,3325.0,하락  115,-3.34,3320.0,3325.0,14643.0,50.0,13875.0,,,0.560405,-1.6292736,"6,936.99",338.12,5.12,2026-05-05 14:19:40
227,전기차,1.24,058430,포스코스틸리온,테마 편입 사유,8110.0,하락  280,-3.34,8110.0,8120.0,3857113.0,32430.0,4841334.0,,,0.560405,-1.6292736,"6,936.99",338.12,5.12,2026-05-05 14:19:40
227,전기차,1.24,024900,디와이덕양,테마 편입 사유,2280.0,하락  85,-3.59,2280.0,2285.0,215566.0,498.0,105176.0,,,0.560405,-1.6292736,"6,936.99",338.12,5.12,2026-05-05 14:19:40
227,전기차,1.24,090150,아이윈 *,테마 편입 사유,920.0,하락  40,-4.17,919.0,920.0,313617.0,297.0,293126.0,,,0.560405,-1.6292736,"6,936.99",338.12,5.12,2026-05-05 14:19:40
227,전기차,1.24,125210,아모그린텍 *,테마 편입 사유,14930.0,하락  930,-5.86,14930.0,14940.0,655616.0,10239.0,510893.0,,,0.560405,-1.6292736,"6,936.99",338.12,5.12,2026-05-05 14:19:40
227,전기차,1.24,115160,휴맥스 *,테마 편입 사유,8760.0,하락  610,-6.51,8760.0,8770.0,1603473.0,15453.0,508439.0,,,0.560405,-1.6292736,"6,936.99",338.12,5.12,2026-05-05 14:19:40
227,전기차,1.24,214330,금호에이치티,테마 편입 사유,3605.0,하락  375,-9.42,3605.0,3610.0,369409.0,1370.0,0.0,,,0.560405,-1.6292736,"6,936.99",338.12,5.12,2026-05-05 14:19:40
470,마이크로바이옴,-0.53,051900,LG생활건강,테마 편입 사유,279500.0,"상승  25,500",10.04,279500.0,280000.0,333640.0,94123.0,81025.0,,,0.214696,-1.62924352,"6,936.99",338.12,5.12,2026-05-05 14:19:40
470,마이크로바이옴,-0.53,314130,지놈앤컴퍼니 *,테마 편입 사유,7340.0,상승  280,3.97,7330.0,7340.0,463578.0,3385.0,657104.0,,,0.214696,-1.62924352,"6,936.99",338.12,5.12,2026-05-05 14:19:40
470,마이크로바이옴,-0.53,376270,HEM파마 *,테마 편입 사유,61500.0,"상승  1,700",2.84,61300.0,61500.0,19600.0,1206.0,36913.0,,,0.214696,-1.62924352,"6,936.99",338.12,5.12,2026-05-05 14:19:40
470,마이크로바이옴,-0.53,311690,CJ 바이오사이언스 *,테마 편입 사유,7840.0,상승  50,0.64,7780.0,7840.0,33051.0,256.0,32217.0,,,0.214696,-1.62924352,"6,936.99",338.12,5.12,2026-05-05 14:19:40
470,마이크로바이옴,-0.53,024720,콜마홀딩스,테마 편입 사유,9820.0,상승  10,0.1,9820.0,9840.0,62084.0,611.0,52999.0,,,0.214696,-1.62924352,"6,936.99",338.12,5.12,2026-05-05 14:19:40
470,마이크로바이옴,-0.53,038290,마크로젠 *,테마 편입 사유,16220.0,보합0,0.0,16220.0,16230.0,39546.0,646.0,26906.0,,,0.214696,-1.62924352,"6,936.99",338.12,5.12,2026-05-05 14:19:40
470,마이크로바이옴,-0.53,063160,종근당바이오,테마 편입 사유,19500.0,하락  10,-0.05,19500.0,19510.0,17848.0,349.0,7526.0,,,0.214696,-1.62924352,"6,936.99",338.12,5.12,2026-05-05 14:19:40
470,마이크로바이옴,-0.53,238200,비피도 *,테마 편입 사유,2835.0,하락  5,-0.18,2830.0,2835.0,28417.0,80.0,8750.0,,,0.214696,-1.62924352,"6,936.99",338.12,5.12,2026-05-05 14:19:40
470,마이크로바이옴,-0.53,206650,유바이오로직스 *,테마 편입 사유,12710.0,하락  90,-0.7,12710.0,12720.0,285025.0,3643.0,302539.0,,,0.214696,-1.62924352,"6,936.99",338.12,5.12,2026-05-05 14:19:40
470,마이크로바이옴,-0.53,090430,아모레퍼시픽,테마 편입 사유,134300.0,"하락  1,000",-0.74,134200.0,134300.0,273854.0,37116.0,435705.0,,,0.214696,-1.62924352,"6,936.99",338.12,5.12,2026-05-05 14:19:40
470,마이크로바이옴,-0.53,239610,에이치엘사이언스 *,테마 편입 사유,8850.0,하락  80,-0.9,8810.0,8850.0,4225.0,38.0,2631.0,,,0.214696,-1.62924352,"6,936.99",338.12,5.12,2026-05-05 14:19:40
470,마이크로바이옴,-0.53,049960,쎌바이오텍 *,테마 편입 사유,15840.0,하락  160,-1.0,15840.0,15850.0,35575.0,567.0,13690.0,,,0.214696,-1.62924352,"6,936.99",338.12,5.12,2026-05-05 14:19:40
470,마이크로바이옴,-0.53,950200,소마젠 *,테마 편입 사유,3535.0,하락  90,-2.48,3535.0,3540.0,48082.0,170.0,22376.0,,,0.214696,-1.62924352,"6,936.99",338.12,5.12,2026-05-05 14:19:40
470,마이크로바이옴,-0.53,348150,고바이오랩 *,테마 편입 사유,5130.0,하락  190,-3.57,5130.0,5150.0,138907.0,730.0,60192.0,,,0.214696,-1.62924352,"6,936.99",338.12,5.12,2026-05-05 14:19:40
470,마이크로바이옴,-0.53,048530,인트론바이오 *,테마 편입 사유,3475.0,하락  135,-3.74,3475.0,3485.0,307322.0,1083.0,186630.0,,,0.214696,-1.62924352,"6,936.99",338.12,5.12,2026-05-05 14:19:40
470,마이크로바이옴,-0.53,084650,랩지노믹스 *,테마 편입 사유,1277.0,하락  51,-3.84,1276.0,1277.0,1234842.0,1600.0,793456.0,,,0.214696,-1.62924352,"6,936.99",338.12,5.12,2026-05-05 14:19:40
470,마이크로바이옴,-0.53,187420,HLB제넥스 *,테마 편입 사유,2820.0,하락  120,-4.08,2820.0,2825.0,601038.0,1708.0,98370.0,,,0.214696,-1.62924352,"6,936.99",338.12,5.12,2026-05-05 14:19:40
470,마이크로바이옴,-0.53,180400,DXVX *,테마 편입 사유,4355.0,하락  270,-5.84,4350.0,4355.0,360778.0,1587.0,123830.0,,,0.214696,-1.62924352,"6,936.99",338.12,5.12,2026-05-05 14:19:40
112,공기청정기,0.32,043260,성호전자 *,테마 편입 사유,43450.0,"상승  2,550",6.23,43400.0,43450.0,2044574.0,89099.0,1122180.0,,,0.377729,-1.61397248,"6,936.99",338.12,5.12,2026-05-05 14:19:40
112,공기청정기,0.32,005930,삼성전자,테마 편입 사유,232500.0,"상승  12,000",5.44,232000.0,232500.0,31909907.0,7302350.0,22161975.0,,,0.377729,-1.61397248,"6,936.99",338.12,5.12,2026-05-05 14:19:40
112,공기청정기,0.32,066570,LG전자,테마 편입 사유,143200.0,"상승  2,300",1.63,143100.0,143200.0,1517270.0,216486.0,4601367.0,,,0.377729,-1.61397248,"6,936.99",338.12,5.12,2026-05-05 14:19:40
112,공기청정기,0.32,058610,에스피지 *,테마 편입 사유,129200.0,"상승  1,600",1.25,129200.0,129300.0,258175.0,33634.0,473782.0,,,0.377729,-1.61397248,"6,936.99",338.12,5.12,2026-05-05 14:19:40
112,공기청정기,0.32,021240,코웨이,테마 편입 사유,86700.0,상승  600,0.7,86700.0,86800.0,149229.0,12967.0,384403.0,,,0.377729,-1.61397248,"6,936.99",338.12,5.12,2026-05-05 14:19:40
112,공기청정기,0.32,284740,쿠쿠홈시스,테마 편입 사유,24500.0,상승  100,0.41,24500.0,24550.0,19240.0,471.0,12464.0,,,0.377729,-1.61397248,"6,936.99",338.12,5.12,2026-05-05 14:19:40
112,공기청정기,0.32,002700,신일전자,테마 편입 사유,1465.0,하락  9,-0.61,1465.0,1468.0,730802.0,1081.0,562801.0,,,0.377729,-1.61397248,"6,936.99",338.12,5.12,2026-05-05 14:19:40
112,공기청정기,0.32,067170,오텍 *,테마 편입 사유,2630.0,하락  25,-0.94,2630.0,2635.0,451881.0,1212.0,355204.0,,,0.377729,-1.61397248,"6,936.99",338.12,5.12,2026-05-05 14:19:40
112,공기청정기,0.32,044340,위닉스 *,테마 편입 사유,5320.0,하락  60,-1.12,5320.0,5330.0,38904.0,209.0,25145.0,,,0.377729,-1.61397248,"6,936.99",338.12,5.12,2026-05-05 14:19:40
112,공기청정기,0.32,045520,크린앤사이언스 *,테마 편입 사유,3300.0,하락  55,-1.64,3300.0,3335.0,27887.0,92.0,38846.0,,,0.377729,-1.61397248,"6,936.99",338.12,5.12,2026-05-05 14:19:40
112,공기청정기,0.32,352700,씨앤투스 *,테마 편입 사유,2065.0,하락  80,-3.73,2060.0,2065.0,31803.0,66.0,25900.0,,,0.377729,-1.61397248,"6,936.99",338.12,5.12,2026-05-05 14:19:40
112,공기청정기,0.32,068100,케이웨더 *,테마 편입 사유,2500.0,하락  100,-3.85,2495.0,2500.0,144242.0,363.0,93759.0,,,0.377729,-1.61397248,"6,936.99",338.12,5.12,2026-05-05 14:19:40
352,가상현실(VR),0.8,418420,라온텍 *,테마 편입 사유,7280.0,상승  630,9.47,7280.0,7290.0,936880.0,6628.0,413629.0,,,0.468461,-1.5985203200000002,"6,936.99",338.12,5.12,2026-05-05 14:19:40
352,가상현실(VR),0.8,047080,한빛소프트 *,테마 편입 사유,1424.0,상승  101,7.63,1423.0,1424.0,788321.0,1096.0,242558.0,,,0.468461,-1.5985203200000002,"6,936.99",338.12,5.12,2026-05-05 14:19:40
352,가상현실(VR),0.8,038680,에스넷 *,테마 편입 사유,4785.0,상승  265,5.86,4785.0,4790.0,5068921.0,25693.0,177303.0,,,0.468461,-1.5985203200000002,"6,936.99",338.12,5.12,2026-05-05 14:19:40
352,가상현실(VR),0.8,005930,삼성전자,테마 편입 사유,232500.0,"상승  12,000",5.44,232000.0,232500.0,31909907.0,7302350.0,22161975.0,,,0.468461,-1.5985203200000002,"6,936.99",338.12,5.12,2026-05-05 14:19:40
352,가상현실(VR),0.8,094360,칩스앤미디어 *,테마 편입 사유,19040.0,상승  780,4.27,19030.0,19040.0,299813.0,5662.0,178841.0,,,0.468461,-1.5985203200000002,"6,936.99",338.12,5.12,2026-05-05 14:19:40
352,가상현실(VR),0.8,054210,이랜텍 *,테마 편입 사유,13210.0,상승  460,3.61,13210.0,13220.0,465793.0,6174.0,274401.0,,,0.468461,-1.5985203200000002,"6,936.99",338.12,5.12,2026-05-05 14:19:40
352,가상현실(VR),0.8,066310,큐에스아이 *,테마 편입 사유,15660.0,상승  320,2.09,15650.0,15660.0,903721.0,14412.0,1179627.0,,,0.468461,-1.5985203200000002,"6,936.99",338.12,5.12,2026-05-05 14:19:40
352,가상현실(VR),0.8,066570,LG전자,테마 편입 사유,143200.0,"상승  2,300",1.63,143100.0,143200.0,1517270.0,216486.0,4601367.0,,,0.468461,-1.5985203200000002,"6,936.99",338.12,5.12,2026-05-05 14:19:40
352,가상현실(VR),0.8,190510,나무가 *,테마 편입 사유,19380.0,상승  270,1.41,19380.0,19400.0,53051.0,1029.0,93133.0,,,0.468461,-1.5985203200000002,"6,936.99",338.12,5.12,2026-05-05 14:19:40
352,가상현실(VR),0.8,058610,에스피지 *,테마 편입 사유,129200.0,"상승  1,600",1.25,129200.0,129300.0,258175.0,33634.0,473782.0,,,0.468461,-1.5985203200000002,"6,936.99",338.12,5.12,2026-05-05 14:19:40
352,가상현실(VR),0.8,045340,토탈소프트 *,테마 편입 사유,7280.0,상승  80,1.11,7270.0,7280.0,78953.0,575.0,40983.0,,,0.468461,-1.5985203200000002,"6,936.99",338.12,5.12,2026-05-05 14:19:40
352,가상현실(VR),0.8,418620,E8 *,테마 편입 사유,1480.0,상승  7,0.48,1476.0,1480.0,212168.0,314.0,282082.0,,,0.468461,-1.5985203200000002,"6,936.99",338.12,5.12,2026-05-05 14:19:40
352,가상현실(VR),0.8,020710,시공테크 *,테마 편입 사유,4925.0,상승  20,0.41,4915.0,4925.0,281071.0,1382.0,335382.0,,,0.468461,-1.5985203200000002,"6,936.99",338.12,5.12,2026-05-05 14:19:40
352,가상현실(VR),0.8,053450,세코닉스 *,테마 편입 사유,5620.0,보합0,0.0,5620.0,5660.0,247664.0,1400.0,1044516.0,,,0.468461,-1.5985203200000002,"6,936.99",338.12,5.12,2026-05-05 14:19:40
352,가상현실(VR),0.8,035620,바른손이앤에이 *,테마 편입 사유,243.0,보합0,0.0,0.0,0.0,0.0,0.0,0.0,,,0.468461,-1.5985203200000002,"6,936.99",338.12,5.12,2026-05-05 14:19:40
352,가상현실(VR),0.8,096630,에스코넥 *,테마 편입 사유,813.0,보합0,0.0,0.0,0.0,0.0,0.0,0.0,,,0.468461,-1.5985203200000002,"6,936.99",338.12,5.12,2026-05-05 14:19:40
352,가상현실(VR),0.8,193250,링크드 *,테마 편입 사유,396.0,보합0,0.0,0.0,0.0,0.0,0.0,0.0,,,0.468461,-1.5985203200000002,"6,936.99",338.12,5.12,2026-05-05 14:19:40
352,가상현실(VR),0.8,126700,하이비젼시스템 *,테마 편입 사유,18360.0,하락  30,-0.16,18350.0,18360.0,180228.0,3367.0,124087.0,,,0.468461,-1.5985203200000002,"6,936.99",338.12,5.12,2026-05-05 14:19:40
352,가상현실(VR),0.8,033320,제이씨현시스템 *,테마 편입 사유,5020.0,하락  20,-0.4,5010.0,5020.0,149708.0,756.0,213621.0,,,0.468461,-1.5985203200000002,"6,936.99",338.12,5.12,2026-05-05 14:19:40
352,가상현실(VR),0.8,299900,위지윅스튜디오 *,테마 편입 사유,408.0,하락  2,-0.49,408.0,410.0,343153.0,141.0,356098.0,,,0.468461,-1.5985203200000002,"6,936.99",338.12,5.12,2026-05-05 14:19:40
352,가상현실(VR),0.8,194480,데브시스터즈 *,테마 편입 사유,22400.0,하락  250,-1.1,22400.0,22450.0,66042.0,1490.0,95759.0,,,0.468461,-1.5985203200000002,"6,936.99",338.12,5.12,2026-05-05 14:19:40
352,가상현실(VR),0.8,431190,케이쓰리아이 *,테마 편입 사유,4675.0,하락  55,-1.16,4675.0,4680.0,46556.0,219.0,50589.0,,,0.468461,-1.5985203200000002,"6,936.99",338.12,5.12,2026-05-05 14:19:40
352,가상현실(VR),0.8,274400,이노시뮬레이션 *,테마 편입 사유,3985.0,하락  75,-1.85,3985.0,4000.0,31545.0,126.0,7334.0,,,0.468461,-1.5985203200000002,"6,936.99",338.12,5.12,2026-05-05 14:19:40
352,가상현실(VR),0.8,290520,신도기연 *,테마 편입 사유,2630.0,하락  95,-3.49,2615.0,2630.0,178324.0,467.0,214386.0,,,0.468461,-1.5985203200000002,"6,936.99",338.12,5.12,2026-05-05 14:19:40
352,가상현실(VR),0.8,206560,덱스터 *,테마 편입 사유,2600.0,하락  110,-4.06,2600.0,2605.0,161758.0,425.0,130989.0,,,0.468461,-1.5985203200000002,"6,936.99",338.12,5.12,2026-05-05 14:19:40
352,가상현실(VR),0.8,067160,SOOP *,테마 편입 사유,55500.0,"하락  2,900",-4.97,55500.0,55600.0,157799.0,8891.0,49939.0,,,0.468461,-1.5985203200000002,"6,936.99",338.12,5.12,2026-05-05 14:19:40
352,가상현실(VR),0.8,094170,동운아나텍 *,테마 편입 사유,48650.0,"하락  2,750",-5.35,48650.0,48800.0,297128.0,15213.0,412866.0,,,0.468461,-1.5985203200000002,"6,936.99",338.12,5.12,2026-05-05 14:19:40
82,태풍 및 장마,-0.24,000490,대동,테마 편입 사유,10610.0,상승  480,4.74,10610.0,10620.0,697720.0,7405.0,339355.0,,,0.262217,-1.5825510399999998,"6,936.99",338.12,5.12,2026-05-05 14:19:40
82,태풍 및 장마,-0.24,007590,동방아그로,테마 편입 사유,6140.0,상승  80,1.32,6120.0,6140.0,20092.0,122.0,8754.0,,,0.262217,-1.5825510399999998,"6,936.99",338.12,5.12,2026-05-05 14:19:40
82,태풍 및 장마,-0.24,002100,경농,테마 편입 사유,10600.0,상승  120,1.15,10600.0,10610.0,327560.0,3454.0,652279.0,,,0.262217,-1.5825510399999998,"6,936.99",338.12,5.12,2026-05-05 14:19:40
82,태풍 및 장마,-0.24,060150,인선이엔티 *,테마 편입 사유,4645.0,상승  5,0.11,4640.0,4645.0,201024.0,941.0,117283.0,,,0.262217,-1.5825510399999998,"6,936.99",338.12,5.12,2026-05-05 14:19:40
82,태풍 및 장마,-0.24,101670,하이드로리튬 *,테마 편입 사유,2060.0,하락  5,-0.24,2060.0,2065.0,1169660.0,2429.0,2265636.0,,,0.262217,-1.5825510399999998,"6,936.99",338.12,5.12,2026-05-05 14:19:40
82,태풍 및 장마,-0.24,060260,뉴보텍 *,테마 편입 사유,1473.0,하락  13,-0.87,1465.0,1473.0,99393.0,147.0,52647.0,,,0.262217,-1.5825510399999998,"6,936.99",338.12,5.12,2026-05-05 14:19:40
82,태풍 및 장마,-0.24,025860,남해화학,테마 편입 사유,11610.0,하락  130,-1.11,11600.0,11610.0,16358170.0,196405.0,45867078.0,,,0.262217,-1.5825510399999998,"6,936.99",338.12,5.12,2026-05-05 14:19:40
82,태풍 및 장마,-0.24,043200,파루 *,테마 편입 사유,1045.0,하락  18,-1.69,1035.0,1045.0,771211.0,790.0,4214086.0,,,0.262217,-1.5825510399999998,"6,936.99",338.12,5.12,2026-05-05 14:19:40
82,태풍 및 장마,-0.24,001550,조비,테마 편입 사유,15650.0,하락  280,-1.76,15650.0,15680.0,367453.0,5811.0,3252839.0,,,0.262217,-1.5825510399999998,"6,936.99",338.12,5.12,2026-05-05 14:19:40
82,태풍 및 장마,-0.24,004000,롯데정밀화학,테마 편입 사유,66600.0,"하락  2,800",-4.03,66600.0,66700.0,160801.0,10818.0,155838.0,,,0.262217,-1.5825510399999998,"6,936.99",338.12,5.12,2026-05-05 14:19:40
398,DMZ 평화공원,0.01,010820,퍼스텍,테마 편입 사유,14270.0,상승  770,5.7,14270.0,14280.0,1797341.0,24659.0,1367138.0,,,0.302546,-1.5390355199999999,"6,936.99",338.12,5.12,2026-05-05 14:19:40
398,DMZ 평화공원,0.01,007110,일신석재,테마 편입 사유,1716.0,상승  78,4.76,1712.0,1716.0,1576676.0,2728.0,423821.0,,,0.302546,-1.5390355199999999,"6,936.99",338.12,5.12,2026-05-05 14:19:40
398,DMZ 평화공원,0.01,006920,모헨즈 *,테마 편입 사유,5030.0,상승  115,2.34,5030.0,5040.0,143898.0,714.0,151304.0,,,0.302546,-1.5390355199999999,"6,936.99",338.12,5.12,2026-05-05 14:19:40
398,DMZ 평화공원,0.01,033170,시그네틱스 *,테마 편입 사유,893.0,상승  17,1.94,891.0,893.0,636422.0,571.0,1047260.0,,,0.302546,-1.5390355199999999,"6,936.99",338.12,5.12,2026-05-05 14:19:40
398,DMZ 평화공원,0.01,056080,유진로봇 *,테마 편입 사유,26900.0,상승  250,0.94,26850.0,26900.0,613938.0,16774.0,879925.0,,,0.302546,-1.5390355199999999,"6,936.99",338.12,5.12,2026-05-05 14:19:40
398,DMZ 평화공원,0.01,020710,시공테크 *,테마 편입 사유,4925.0,상승  20,0.41,4915.0,4925.0,281071.0,1382.0,335382.0,,,0.302546,-1.5390355199999999,"6,936.99",338.12,5.12,2026-05-05 14:19:40
398,DMZ 평화공원,0.01,005740,크라운해태홀딩스,테마 편입 사유,7190.0,상승  20,0.28,7180.0,7190.0,28683.0,205.0,26226.0,,,0.302546,-1.5390355199999999,"6,936.99",338.12,5.12,2026-05-05 14:19:40
398,DMZ 평화공원,0.01,043910,자연과환경 *,테마 편입 사유,493.0,보합0,0.0,0.0,0.0,0.0,0.0,0.0,,,0.302546,-1.5390355199999999,"6,936.99",338.12,5.12,2026-05-05 14:19:40
398,DMZ 평화공원,0.01,070960,모나용평,테마 편입 사유,3120.0,보합0,0.0,3120.0,3125.0,156430.0,490.0,68228.0,,,0.302546,-1.5390355199999999,"6,936.99",338.12,5.12,2026-05-05 14:19:40
398,DMZ 평화공원,0.01,131180,딜리 *,테마 편입 사유,941.0,보합0,0.0,0.0,0.0,0.0,0.0,0.0,,,0.302546,-1.5390355199999999,"6,936.99",338.12,5.12,2026-05-05 14:19:40
398,DMZ 평화공원,0.01,101670,하이드로리튬 *,테마 편입 사유,2060.0,하락  5,-0.24,2060.0,2065.0,1169660.0,2429.0,2265636.0,,,0.302546,-1.5390355199999999,"6,936.99",338.12,5.12,2026-05-05 14:19:40
398,DMZ 평화공원,0.01,069140,누리플랜 *,테마 편입 사유,2150.0,하락  15,-0.69,2140.0,2150.0,103932.0,224.0,51367.0,,,0.302546,-1.5390355199999999,"6,936.99",338.12,5.12,2026-05-05 14:19:40
398,DMZ 평화공원,0.01,004920,씨아이테크,테마 편입 사유,1207.0,하락  10,-0.82,1203.0,1207.0,203627.0,247.0,274779.0,,,0.302546,-1.5390355199999999,"6,936.99",338.12,5.12,2026-05-05 14:19:40
398,DMZ 평화공원,0.01,014970,삼륭물산 *,테마 편입 사유,7190.0,하락  70,-0.96,7190.0,7210.0,72093.0,521.0,181979.0,,,0.302546,-1.5390355199999999,"6,936.99",338.12,5.12,2026-05-05 14:19:40
398,DMZ 평화공원,0.01,140520,대창스틸 *,테마 편입 사유,2300.0,하락  40,-1.71,2285.0,2300.0,110971.0,255.0,67464.0,,,0.302546,-1.5390355199999999,"6,936.99",338.12,5.12,2026-05-05 14:19:40
398,DMZ 평화공원,0.01,071950,코아스,테마 편입 사유,1410.0,하락  36,-2.49,1410.0,1419.0,243120.0,342.0,273403.0,,,0.302546,-1.5390355199999999,"6,936.99",338.12,5.12,2026-05-05 14:19:40
398,DMZ 평화공원,0.01,065950,웰크론 *,테마 편입 사유,1524.0,하락  67,-4.21,1523.0,1524.0,192343.0,298.0,59004.0,,,0.302546,-1.5390355199999999,"6,936.99",338.12,5.12,2026-05-05 14:19:40
398,DMZ 평화공원,0.01,196700,웹스 *,테마 편입 사유,1990.0,하락  105,-5.01,1990.0,1991.0,277444.0,559.0,95027.0,,,0.302546,-1.5390355199999999,"6,936.99",338.12,5.12,2026-05-05 14:19:40
386,수소에너지(수소차/연료전지 등),1.24,059090,미코 *,테마 편입 사유,26100.0,"상승  3,450",15.23,26050.0,26100.0,2538964.0,64887.0,1918005.0,,,0.542222,-1.53617664,"6,936.99",338.12,5.12,2026-05-05 14:19:40
386,수소에너지(수소차/연료전지 등),1.24,018880,한온시스템,테마 편입 사유,4850.0,상승  620,14.66,4850.0,4855.0,120332168.0,582668.0,13132774.0,,,0.542222,-1.53617664,"6,936.99",338.12,5.12,2026-05-05 14:19:40
386,수소에너지(수소차/연료전지 등),1.24,034730,SK,테마 편입 사유,475500.0,"상승  50,500",11.88,475000.0,475500.0,325374.0,149558.0,231138.0,,,0.542222,-1.53617664,"6,936.99",338.12,5.12,2026-05-05 14:19:40
386,수소에너지(수소차/연료전지 등),1.24,036890,진성티이씨 *,테마 편입 사유,19290.0,"상승  1,490",8.37,19280.0,19290.0,551570.0,10620.0,238493.0,,,0.542222,-1.53617664,"6,936.99",338.12,5.12,2026-05-05 14:19:40
386,수소에너지(수소차/연료전지 등),1.24,298040,효성중공업,테마 편입 사유,4228000.0,"상승  316,000",8.08,4227000.0,4228000.0,68111.0,281594.0,54104.0,,,0.542222,-1.53617664,"6,936.99",338.12,5.12,2026-05-05 14:19:40
386,수소에너지(수소차/연료전지 등),1.24,009320,아진전자부품,테마 편입 사유,1168.0,상승  68,6.18,1165.0,1168.0,1074405.0,1241.0,545509.0,,,0.542222,-1.53617664,"6,936.99",338.12,5.12,2026-05-05 14:19:40
386,수소에너지(수소차/연료전지 등),1.24,010120,LS ELECTRIC,테마 편입 사유,294000.0,"상승  16,000",5.76,293500.0,294000.0,1490046.0,432240.0,1165228.0,,,0.542222,-1.53617664,"6,936.99",338.12,5.12,2026-05-05 14:19:40
386,수소에너지(수소차/연료전지 등),1.24,0001A0,덕양에너젠 *,테마 편입 사유,19900.0,"상승  1,080",5.74,19890.0,19900.0,686.0,13.0,2719006.0,,,0.542222,-1.53617664,"6,936.99",338.12,5.12,2026-05-05 14:19:40
386,수소에너지(수소차/연료전지 등),1.24,212710,아이에스티이 *,테마 편입 사유,9620.0,상승  490,5.37,9620.0,9630.0,821.0,8.0,165970.0,,,0.542222,-1.53617664,"6,936.99",338.12,5.12,2026-05-05 14:19:40
386,수소에너지(수소차/연료전지 등),1.24,126340,비나텍 *,테마 편입 사유,184700.0,"상승  9,100",5.18,184700.0,184800.0,226232.0,40965.0,310002.0,,,0.542222,-1.53617664,"6,936.99",338.12,5.12,2026-05-05 14:19:40
386,수소에너지(수소차/연료전지 등),1.24,170920,엘티씨 *,테마 편입 사유,47850.0,"상승  2,050",4.48,47650.0,47850.0,368512.0,17772.0,239200.0,,,0.542222,-1.53617664,"6,936.99",338.12,5.12,2026-05-05 14:19:40
386,수소에너지(수소차/연료전지 등),1.24,038880,아이에이 *,테마 편입 사유,1018.0,상승  41,4.2,1018.0,1024.0,620253.0,617.0,953390.0,,,0.542222,-1.53617664,"6,936.99",338.12,5.12,2026-05-05 14:19:40
386,수소에너지(수소차/연료전지 등),1.24,056190,에스에프에이 *,테마 편입 사유,32550.0,"상승  1,150",3.66,32550.0,32600.0,136196.0,4436.0,193856.0,,,0.542222,-1.53617664,"6,936.99",338.12,5.12,2026-05-05 14:19:40
386,수소에너지(수소차/연료전지 등),1.24,013310,아진산업 *,테마 편입 사유,3845.0,상승  115,3.08,3840.0,3845.0,1259768.0,4843.0,1069785.0,,,0.542222,-1.53617664,"6,936.99",338.12,5.12,2026-05-05 14:19:40
386,수소에너지(수소차/연료전지 등),1.24,104830,원익머트리얼즈 *,테마 편입 사유,53900.0,"상승  1,600",3.06,53700.0,53900.0,79942.0,4282.0,70397.0,,,0.542222,-1.53617664,"6,936.99",338.12,5.12,2026-05-05 14:19:40
386,수소에너지(수소차/연료전지 등),1.24,092780,DYP,테마 편입 사유,5220.0,상승  150,2.96,5210.0,5220.0,112868.0,591.0,57623.0,,,0.542222,-1.53617664,"6,936.99",338.12,5.12,2026-05-05 14:19:40
386,수소에너지(수소차/연료전지 등),1.24,110990,디아이티 *,테마 편입 사유,25550.0,상승  600,2.4,25550.0,25600.0,286137.0,7413.0,167640.0,,,0.542222,-1.53617664,"6,936.99",338.12,5.12,2026-05-05 14:19:40
386,수소에너지(수소차/연료전지 등),1.24,089980,상아프론테크 *,테마 편입 사유,28050.0,상승  600,2.19,28000.0,28050.0,149870.0,4172.0,113157.0,,,0.542222,-1.53617664,"6,936.99",338.12,5.12,2026-05-05 14:19:40
386,수소에너지(수소차/연료전지 등),1.24,382900,범한퓨얼셀 *,테마 편입 사유,35900.0,상승  650,1.84,35900.0,35950.0,190703.0,6646.0,215686.0,,,0.542222,-1.53617664,"6,936.99",338.12,5.12,2026-05-05 14:19:40
386,수소에너지(수소차/연료전지 등),1.24,096350,대창솔루션 *,테마 편입 사유,3100.0,상승  55,1.81,3100.0,3105.0,1277774.0,3995.0,779206.0,,,0.542222,-1.53617664,"6,936.99",338.12,5.12,2026-05-05 14:19:40
386,수소에너지(수소차/연료전지 등),1.24,023800,인지컨트롤스,테마 편입 사유,8390.0,상승  140,1.7,8380.0,8390.0,132955.0,1106.0,121289.0,,,0.542222,-1.53617664,"6,936.99",338.12,5.12,2026-05-05 14:19:40
386,수소에너지(수소차/연료전지 등),1.24,090080,평화산업,테마 편입 사유,1031.0,상승  17,1.68,1031.0,1033.0,352250.0,360.0,209751.0,,,0.542222,-1.53617664,"6,936.99",338.12,5.12,2026-05-05 14:19:40
386,수소에너지(수소차/연료전지 등),1.24,025320,시노펙스 *,테마 편입 사유,6030.0,상승  90,1.52,6030.0,6040.0,555549.0,3361.0,617983.0,,,0.542222,-1.53617664,"6,936.99",338.12,5.12,2026-05-05 14:19:40
386,수소에너지(수소차/연료전지 등),1.24,005380,현대차,테마 편입 사유,539000.0,"상승  8,000",1.51,539000.0,540000.0,854165.0,461102.0,1150241.0,,,0.542222,-1.53617664,"6,936.99",338.12,5.12,2026-05-05 14:19:40
386,수소에너지(수소차/연료전지 등),1.24,000270,기아,테마 편입 사유,154000.0,"상승  2,200",1.45,153900.0,154000.0,779973.0,121046.0,1187225.0,,,0.542222,-1.53617664,"6,936.99",338.12,5.12,2026-05-05 14:19:40
386,수소에너지(수소차/연료전지 등),1.24,004020,현대제철,테마 편입 사유,43050.0,상승  500,1.18,43050.0,43100.0,1396791.0,59277.0,1595104.0,,,0.542222,-1.53617664,"6,936.99",338.12,5.12,2026-05-05 14:19:40
386,수소에너지(수소차/연료전지 등),1.24,215360,우리산업 *,테마 편입 사유,9440.0,상승  100,1.07,9440.0,9450.0,30427.0,288.0,47255.0,,,0.542222,-1.53617664,"6,936.99",338.12,5.12,2026-05-05 14:19:40
386,수소에너지(수소차/연료전지 등),1.24,377330,이지트로닉스 *,테마 편입 사유,3970.0,상승  25,0.63,3945.0,3970.0,21031.0,84.0,105206.0,,,0.542222,-1.53617664,"6,936.99",338.12,5.12,2026-05-05 14:19:40
386,수소에너지(수소차/연료전지 등),1.24,095910,에스에너지 *,테마 편입 사유,2670.0,상승  10,0.38,2665.0,2670.0,4966233.0,13158.0,15508386.0,,,0.542222,-1.53617664,"6,936.99",338.12,5.12,2026-05-05 14:19:40
386,수소에너지(수소차/연료전지 등),1.24,382480,지아이텍 *,테마 편입 사유,2775.0,상승  10,0.36,2770.0,2775.0,494053.0,1393.0,419461.0,,,0.542222,-1.53617664,"6,936.99",338.12,5.12,2026-05-05 14:19:40
386,수소에너지(수소차/연료전지 등),1.24,066590,스모트로닉 *,테마 편입 사유,2770.0,상승  10,0.36,2755.0,2770.0,148600.0,407.0,254893.0,,,0.542222,-1.53617664,"6,936.99",338.12,5.12,2026-05-05 14:19:40
386,수소에너지(수소차/연료전지 등),1.24,081000,일진다이아,테마 편입 사유,14760.0,상승  50,0.34,14760.0,14770.0,37888.0,562.0,80358.0,,,0.542222,-1.53617664,"6,936.99",338.12,5.12,2026-05-05 14:19:40
386,수소에너지(수소차/연료전지 등),1.24,013570,디와이,테마 편입 사유,5280.0,상승  10,0.19,5260.0,5280.0,163177.0,860.0,176457.0,,,0.542222,-1.53617664,"6,936.99",338.12,5.12,2026-05-05 14:19:40
386,수소에너지(수소차/연료전지 등),1.24,064350,현대로템,테마 편입 사유,269000.0,상승  500,0.19,268500.0,269000.0,1037071.0,273656.0,1479575.0,,,0.542222,-1.53617664,"6,936.99",338.12,5.12,2026-05-05 14:19:40
386,수소에너지(수소차/연료전지 등),1.24,122350,삼기 *,테마 편입 사유,1508.0,상승  2,0.13,1507.0,1508.0,658.0,1.0,220639.0,,,0.542222,-1.53617664,"6,936.99",338.12,5.12,2026-05-05 14:19:40
386,수소에너지(수소차/연료전지 등),1.24,086670,비엠티 *,테마 편입 사유,17800.0,상승  10,0.06,17800.0,17830.0,83845.0,1480.0,104316.0,,,0.542222,-1.53617664,"6,936.99",338.12,5.12,2026-05-05 14:19:40
386,수소에너지(수소차/연료전지 등),1.24,019540,일지테크 *,테마 편입 사유,7210.0,보합0,0.0,7180.0,7210.0,147807.0,1062.0,95527.0,,,0.542222,-1.53617664,"6,936.99",338.12,5.12,2026-05-05 14:19:40
386,수소에너지(수소차/연료전지 등),1.24,234100,폴라리스세원 *,테마 편입 사유,1020.0,보합0,0.0,0.0,0.0,0.0,0.0,0.0,,,0.542222,-1.53617664,"6,936.99",338.12,5.12,2026-05-05 14:19:40
386,수소에너지(수소차/연료전지 등),1.24,078130,국일제지 *,테마 편입 사유,436.0,보합0,0.0,0.0,0.0,0.0,0.0,0.0,,,0.542222,-1.53617664,"6,936.99",338.12,5.12,2026-05-05 14:19:40
386,수소에너지(수소차/연료전지 등),1.24,012340,뉴인텍 *,테마 편입 사유,287.0,보합0,0.0,0.0,0.0,0.0,0.0,0.0,,,0.542222,-1.53617664,"6,936.99",338.12,5.12,2026-05-05 14:19:40
386,수소에너지(수소차/연료전지 등),1.24,096630,에스코넥 *,테마 편입 사유,813.0,보합0,0.0,0.0,0.0,0.0,0.0,0.0,,,0.542222,-1.53617664,"6,936.99",338.12,5.12,2026-05-05 14:19:40
386,수소에너지(수소차/연료전지 등),1.24,085310,엔케이,테마 편입 사유,1169.0,보합0,0.0,0.0,0.0,0.0,0.0,0.0,,,0.542222,-1.53617664,"6,936.99",338.12,5.12,2026-05-05 14:19:40
386,수소에너지(수소차/연료전지 등),1.24,000430,대원강업,테마 편입 사유,4360.0,하락  5,-0.11,4355.0,4360.0,90946.0,399.0,164382.0,,,0.542222,-1.53617664,"6,936.99",338.12,5.12,2026-05-05 14:19:40
386,수소에너지(수소차/연료전지 등),1.24,080470,성창오토텍 *,테마 편입 사유,4290.0,하락  5,-0.12,4280.0,4290.0,29272.0,125.0,28295.0,,,0.542222,-1.53617664,"6,936.99",338.12,5.12,2026-05-05 14:19:40
386,수소에너지(수소차/연료전지 등),1.24,136150,원일티엔아이 *,테마 편입 사유,18320.0,하락  30,-0.16,18320.0,18360.0,48562.0,891.0,63754.0,,,0.542222,-1.53617664,"6,936.99",338.12,5.12,2026-05-05 14:19:40
386,수소에너지(수소차/연료전지 등),1.24,120110,코오롱인더,테마 편입 사유,93800.0,하락  300,-0.32,93800.0,93900.0,423002.0,39275.0,501759.0,,,0.542222,-1.53617664,"6,936.99",338.12,5.12,2026-05-05 14:19:40
386,수소에너지(수소차/연료전지 등),1.24,336260,두산퓨얼셀,테마 편입 사유,60600.0,하락  200,-0.33,60600.0,60700.0,1203897.0,70962.0,1462622.0,,,0.542222,-1.53617664,"6,936.99",338.12,5.12,2026-05-05 14:19:40
386,수소에너지(수소차/연료전지 등),1.24,019180,티에이치엔,테마 편입 사유,7510.0,하락  30,-0.4,7500.0,7510.0,271377.0,2052.0,209910.0,,,0.542222,-1.53617664,"6,936.99",338.12,5.12,2026-05-05 14:19:40
386,수소에너지(수소차/연료전지 등),1.24,013870,지엠비코리아,테마 편입 사유,4885.0,하락  20,-0.41,4885.0,4900.0,32257.0,158.0,33238.0,,,0.542222,-1.53617664,"6,936.99",338.12,5.12,2026-05-05 14:19:40
386,수소에너지(수소차/연료전지 등),1.24,009680,모토닉,테마 편입 사유,10970.0,하락  50,-0.45,10970.0,11000.0,25344.0,279.0,53587.0,,,0.542222,-1.53617664,"6,936.99",338.12,5.12,2026-05-05 14:19:40
386,수소에너지(수소차/연료전지 등),1.24,105740,디케이락 *,테마 편입 사유,10750.0,하락  50,-0.46,10740.0,10750.0,143967.0,1553.0,167531.0,,,0.542222,-1.53617664,"6,936.99",338.12,5.12,2026-05-05 14:19:40
386,수소에너지(수소차/연료전지 등),1.24,041930,SY동아 *,테마 편입 사유,6800.0,하락  50,-0.73,6800.0,6810.0,59042.0,405.0,89305.0,,,0.542222,-1.53617664,"6,936.99",338.12,5.12,2026-05-05 14:19:40
386,수소에너지(수소차/연료전지 등),1.24,033530,SJG세종,테마 편입 사유,7890.0,하락  60,-0.75,7880.0,7890.0,169792.0,1356.0,162896.0,,,0.542222,-1.53617664,"6,936.99",338.12,5.12,2026-05-05 14:19:40
386,수소에너지(수소차/연료전지 등),1.24,023900,풍국주정 *,테마 편입 사유,10610.0,하락  100,-0.93,10610.0,10630.0,127214.0,1353.0,566424.0,,,0.542222,-1.53617664,"6,936.99",338.12,5.12,2026-05-05 14:19:40
386,수소에너지(수소차/연료전지 등),1.24,298050,HS효성첨단소재,테마 편입 사유,267000.0,"하락  2,500",-0.93,267000.0,267500.0,27396.0,7381.0,27365.0,,,0.542222,-1.53617664,"6,936.99",338.12,5.12,2026-05-05 14:19:40
386,수소에너지(수소차/연료전지 등),1.24,145990,삼양사,테마 편입 사유,47700.0,하락  500,-1.04,47500.0,47700.0,8215.0,392.0,10561.0,,,0.542222,-1.53617664,"6,936.99",338.12,5.12,2026-05-05 14:19:40
386,수소에너지(수소차/연료전지 등),1.24,033290,로젠 *,테마 편입 사유,1998.0,하락  22,-1.09,1998.0,2005.0,112797.0,227.0,44724.0,,,0.542222,-1.53617664,"6,936.99",338.12,5.12,2026-05-05 14:19:40
386,수소에너지(수소차/연료전지 등),1.24,038870,에코심플렉스 *,테마 편입 사유,3085.0,하락  35,-1.12,3080.0,3085.0,77144.0,238.0,45055.0,,,0.542222,-1.53617664,"6,936.99",338.12,5.12,2026-05-05 14:19:40
386,수소에너지(수소차/연료전지 등),1.24,126880,제이엔케이글로벌 *,테마 편입 사유,3925.0,하락  50,-1.26,3920.0,3925.0,148914.0,590.0,150817.0,,,0.542222,-1.53617664,"6,936.99",338.12,5.12,2026-05-05 14:19:40
386,수소에너지(수소차/연료전지 등),1.24,271940,일진하이솔루스,테마 편입 사유,18040.0,하락  240,-1.31,17960.0,18040.0,88412.0,1595.0,163225.0,,,0.542222,-1.53617664,"6,936.99",338.12,5.12,2026-05-05 14:19:40
386,수소에너지(수소차/연료전지 등),1.24,265560,영화테크 *,테마 편입 사유,10660.0,하락  150,-1.39,10650.0,10660.0,75523.0,820.0,79094.0,,,0.542222,-1.53617664,"6,936.99",338.12,5.12,2026-05-05 14:19:40
386,수소에너지(수소차/연료전지 등),1.24,064960,SNT모티브,테마 편입 사유,34500.0,하락  500,-1.43,34500.0,34550.0,109705.0,3812.0,118835.0,,,0.542222,-1.53617664,"6,936.99",338.12,5.12,2026-05-05 14:19:40
386,수소에너지(수소차/연료전지 등),1.24,009830,한화솔루션,테마 편입 사유,49900.0,하락  800,-1.58,49900.0,49950.0,3652895.0,182972.0,11898592.0,,,0.542222,-1.53617664,"6,936.99",338.12,5.12,2026-05-05 14:19:40
386,수소에너지(수소차/연료전지 등),1.24,010770,평화홀딩스,테마 편입 사유,4065.0,하락  70,-1.69,4060.0,4065.0,90187.0,368.0,117740.0,,,0.542222,-1.53617664,"6,936.99",338.12,5.12,2026-05-05 14:19:40
386,수소에너지(수소차/연료전지 등),1.24,011320,유니크 *,테마 편입 사유,4660.0,하락  120,-2.51,4660.0,4665.0,91498.0,424.0,94520.0,,,0.542222,-1.53617664,"6,936.99",338.12,5.12,2026-05-05 14:19:40
386,수소에너지(수소차/연료전지 등),1.24,011230,삼화전자,테마 편입 사유,2450.0,하락  65,-2.58,2450.0,2455.0,126471.0,312.0,67137.0,,,0.542222,-1.53617664,"6,936.99",338.12,5.12,2026-05-05 14:19:40
386,수소에너지(수소차/연료전지 등),1.24,053700,삼보모터스 *,테마 편입 사유,5850.0,하락  170,-2.82,5850.0,5860.0,412887.0,2447.0,313491.0,,,0.542222,-1.53617664,"6,936.99",338.12,5.12,2026-05-05 14:19:40
386,수소에너지(수소차/연료전지 등),1.24,361670,삼영에스앤씨 *,테마 편입 사유,3325.0,하락  115,-3.34,3320.0,3325.0,14643.0,50.0,13875.0,,,0.542222,-1.53617664,"6,936.99",338.12,5.12,2026-05-05 14:19:40
386,수소에너지(수소차/연료전지 등),1.24,037370,EG *,테마 편입 사유,5450.0,하락  190,-3.37,5450.0,5480.0,47874.0,264.0,85100.0,,,0.542222,-1.53617664,"6,936.99",338.12,5.12,2026-05-05 14:19:40
386,수소에너지(수소차/연료전지 등),1.24,290520,신도기연 *,테마 편입 사유,2630.0,하락  95,-3.49,2615.0,2630.0,178324.0,467.0,214386.0,,,0.542222,-1.53617664,"6,936.99",338.12,5.12,2026-05-05 14:19:40
386,수소에너지(수소차/연료전지 등),1.24,288620,에스프리즘 *,테마 편입 사유,10280.0,하락  490,-4.55,10270.0,10280.0,97277.0,1008.0,156092.0,,,0.542222,-1.53617664,"6,936.99",338.12,5.12,2026-05-05 14:19:40
172,제약업체,-0.95,000520,삼일제약,테마 편입 사유,9180.0,상승  290,3.26,9160.0,9180.0,468560.0,4211.0,268033.0,,,0.112189,-1.52440768,"6,936.99",338.12,5.12,2026-05-05 14:19:40
172,제약업체,-0.95,314140,알피바이오 *,테마 편입 사유,6370.0,상승  120,1.92,6300.0,6370.0,30377.0,191.0,6537.0,,,0.112189,-1.52440768,"6,936.99",338.12,5.12,2026-05-05 14:19:40
172,제약업체,-0.95,102940,코오롱생명과학 *,테마 편입 사유,59600.0,"상승  1,000",1.71,59600.0,59900.0,31124.0,1892.0,26400.0,,,0.112189,-1.52440768,"6,936.99",338.12,5.12,2026-05-05 14:19:40
172,제약업체,-0.95,207940,삼성바이오로직스,테마 편입 사유,1485000.0,"상승  15,000",1.02,1484000.0,1485000.0,91513.0,134563.0,44538.0,,,0.112189,-1.52440768,"6,936.99",338.12,5.12,2026-05-05 14:19:40
172,제약업체,-0.95,009290,광동제약,테마 편입 사유,8350.0,상승  80,0.97,8340.0,8350.0,226772.0,1919.0,251299.0,,,0.112189,-1.52440768,"6,936.99",338.12,5.12,2026-05-05 14:19:40
172,제약업체,-0.95,237690,에스티팜 *,테마 편입 사유,153800.0,"상승  1,300",0.85,153700.0,153800.0,84093.0,12947.0,230448.0,,,0.112189,-1.52440768,"6,936.99",338.12,5.12,2026-05-05 14:19:40
172,제약업체,-0.95,003850,보령,테마 편입 사유,10010.0,상승  70,0.7,10010.0,10020.0,262395.0,2654.0,111423.0,,,0.112189,-1.52440768,"6,936.99",338.12,5.12,2026-05-05 14:19:40
172,제약업체,-0.95,000640,동아쏘시오홀딩스,테마 편입 사유,98500.0,상승  600,0.61,98500.0,98600.0,11688.0,1160.0,8832.0,,,0.112189,-1.52440768,"6,936.99",338.12,5.12,2026-05-05 14:19:40
172,제약업체,-0.95,016580,환인제약,테마 편입 사유,11930.0,상승  70,0.59,11930.0,11940.0,92313.0,1106.0,63248.0,,,0.112189,-1.52440768,"6,936.99",338.12,5.12,2026-05-05 14:19:40
172,제약업체,-0.95,302440,SK바이오사이언스,테마 편입 사유,43300.0,상승  250,0.58,43250.0,43300.0,92463.0,3997.0,101657.0,,,0.112189,-1.52440768,"6,936.99",338.12,5.12,2026-05-05 14:19:40
172,제약업체,-0.95,185750,종근당,테마 편입 사유,86100.0,상승  400,0.47,86000.0,86100.0,28869.0,2479.0,35169.0,,,0.112189,-1.52440768,"6,936.99",338.12,5.12,2026-05-05 14:19:40
172,제약업체,-0.95,293480,하나제약,테마 편입 사유,9850.0,상승  40,0.41,9830.0,9850.0,13855.0,136.0,21393.0,,,0.112189,-1.52440768,"6,936.99",338.12,5.12,2026-05-05 14:19:40
172,제약업체,-0.95,317450,명인제약,테마 편입 사유,56000.0,상승  200,0.36,55900.0,56000.0,17249.0,968.0,15326.0,,,0.112189,-1.52440768,"6,936.99",338.12,5.12,2026-05-05 14:19:40
172,제약업체,-0.95,006280,녹십자,테마 편입 사유,137500.0,상승  400,0.29,137400.0,137500.0,26719.0,3675.0,41178.0,,,0.112189,-1.52440768,"6,936.99",338.12,5.12,2026-05-05 14:19:40
172,제약업체,-0.95,007370,진양제약 *,테마 편입 사유,4960.0,상승  10,0.2,4960.0,4965.0,92154.0,460.0,41583.0,,,0.112189,-1.52440768,"6,936.99",338.12,5.12,2026-05-05 14:19:40
172,제약업체,-0.95,243070,휴온스 *,테마 편입 사유,26450.0,상승  50,0.19,26400.0,26450.0,72635.0,1927.0,20942.0,,,0.112189,-1.52440768,"6,936.99",338.12,5.12,2026-05-05 14:19:40
172,제약업체,-0.95,003120,일성아이에스,테마 편입 사유,22750.0,보합0,0.0,22700.0,22750.0,5627.0,126.0,10469.0,,,0.112189,-1.52440768,"6,936.99",338.12,5.12,2026-05-05 14:19:40
172,제약업체,-0.95,053950,경남제약 *,테마 편입 사유,769.0,보합0,0.0,0.0,0.0,0.0,0.0,0.0,,,0.112189,-1.52440768,"6,936.99",338.12,5.12,2026-05-05 14:19:40
172,제약업체,-0.95,000220,유유제약,테마 편입 사유,4245.0,보합0,0.0,4245.0,4250.0,41520.0,177.0,32235.0,,,0.112189,-1.52440768,"6,936.99",338.12,5.12,2026-05-05 14:19:40
172,제약업체,-0.95,002720,국제약품,테마 편입 사유,4710.0,보합0,0.0,4710.0,4720.0,187137.0,884.0,114939.0,,,0.112189,-1.52440768,"6,936.99",338.12,5.12,2026-05-05 14:19:40
172,제약업체,-0.95,003060,에이프로젠바이오로직스,테마 편입 사유,251.0,보합0,0.0,0.0,0.0,0.0,0.0,0.0,,,0.112189,-1.52440768,"6,936.99",338.12,5.12,2026-05-05 14:19:40
172,제약업체,-0.95,330350,위더스제약 *,테마 편입 사유,8930.0,하락  10,-0.11,8930.0,8940.0,103377.0,929.0,106402.0,,,0.112189,-1.52440768,"6,936.99",338.12,5.12,2026-05-05 14:19:40
172,제약업체,-0.95,009300,삼아제약 *,테마 편입 사유,16580.0,하락  20,-0.12,16580.0,16590.0,3781.0,63.0,17310.0,,,0.112189,-1.52440768,"6,936.99",338.12,5.12,2026-05-05 14:19:40
172,제약업체,-0.95,047920,HLB제약 *,테마 편입 사유,17270.0,하락  30,-0.17,17270.0,17290.0,100571.0,1752.0,78467.0,,,0.112189,-1.52440768,"6,936.99",338.12,5.12,2026-05-05 14:19:40
172,제약업체,-0.95,011040,경동제약 *,테마 편입 사유,5630.0,하락  10,-0.18,5620.0,5630.0,42295.0,237.0,21823.0,,,0.112189,-1.52440768,"6,936.99",338.12,5.12,2026-05-05 14:19:40
172,제약업체,-0.95,271980,제일약품,테마 편입 사유,13960.0,하락  40,-0.29,13900.0,13960.0,25679.0,358.0,13203.0,,,0.112189,-1.52440768,"6,936.99",338.12,5.12,2026-05-05 14:19:40
172,제약업체,-0.95,200230,텔콘RF제약 *,테마 편입 사유,626.0,하락  2,-0.32,626.0,628.0,527060.0,329.0,481677.0,,,0.112189,-1.52440768,"6,936.99",338.12,5.12,2026-05-05 14:19:40
172,제약업체,-0.95,067080,대화제약 *,테마 편입 사유,14670.0,하락  50,-0.34,14670.0,14740.0,43837.0,648.0,52088.0,,,0.112189,-1.52440768,"6,936.99",338.12,5.12,2026-05-05 14:19:40
172,제약업체,-0.95,004310,현대약품,테마 편입 사유,8590.0,하락  30,-0.35,8590.0,8600.0,808441.0,7128.0,388366.0,,,0.112189,-1.52440768,"6,936.99",338.12,5.12,2026-05-05 14:19:40
172,제약업체,-0.95,005500,삼진제약,테마 편입 사유,18640.0,하락  70,-0.37,18640.0,18650.0,11186.0,208.0,14385.0,,,0.112189,-1.52440768,"6,936.99",338.12,5.12,2026-05-05 14:19:40
172,제약업체,-0.95,069620,대웅제약,테마 편입 사유,147700.0,하락  600,-0.4,147700.0,148000.0,27425.0,4074.0,29447.0,,,0.112189,-1.52440768,"6,936.99",338.12,5.12,2026-05-05 14:19:40
172,제약업체,-0.95,214390,경보제약,테마 편입 사유,6650.0,하락  30,-0.45,6640.0,6650.0,105413.0,706.0,122054.0,,,0.112189,-1.52440768,"6,936.99",338.12,5.12,2026-05-05 14:19:40
172,제약업체,-0.95,003000,부광약품,테마 편입 사유,6290.0,하락  30,-0.47,6290.0,6300.0,925509.0,5869.0,2349210.0,,,0.112189,-1.52440768,"6,936.99",338.12,5.12,2026-05-05 14:19:40
172,제약업체,-0.95,002800,신신제약 *,테마 편입 사유,5830.0,하락  30,-0.51,5810.0,5830.0,51822.0,301.0,43085.0,,,0.112189,-1.52440768,"6,936.99",338.12,5.12,2026-05-05 14:19:40
172,제약업체,-0.95,023910,대한약품 *,테마 편입 사유,28500.0,하락  150,-0.52,28500.0,28550.0,23395.0,667.0,21186.0,,,0.112189,-1.52440768,"6,936.99",338.12,5.12,2026-05-05 14:19:40
172,제약업체,-0.95,326030,SK바이오팜,테마 편입 사유,99300.0,하락  600,-0.6,99200.0,99300.0,165225.0,16484.0,169558.0,,,0.112189,-1.52440768,"6,936.99",338.12,5.12,2026-05-05 14:19:40
172,제약업체,-0.95,086450,동국제약 *,테마 편입 사유,23750.0,하락  150,-0.63,23700.0,23750.0,278408.0,6642.0,603722.0,,,0.112189,-1.52440768,"6,936.99",338.12,5.12,2026-05-05 14:19:40
172,제약업체,-0.95,017180,명문제약,테마 편입 사유,1776.0,하락  12,-0.67,1771.0,1776.0,111014.0,197.0,86756.0,,,0.112189,-1.52440768,"6,936.99",338.12,5.12,2026-05-05 14:19:40
172,제약업체,-0.95,018680,서울제약 *,테마 편입 사유,2820.0,하락  20,-0.7,2795.0,2820.0,4705.0,13.0,18123.0,,,0.112189,-1.52440768,"6,936.99",338.12,5.12,2026-05-05 14:19:40
172,제약업체,-0.95,033270,유나이티드제약,테마 편입 사유,20050.0,하락  150,-0.74,20050.0,20100.0,29590.0,594.0,18529.0,,,0.112189,-1.52440768,"6,936.99",338.12,5.12,2026-05-05 14:19:40
172,제약업체,-0.95,034940,조아제약 *,테마 편입 사유,913.0,하락  7,-0.76,913.0,915.0,93113.0,85.0,76668.0,,,0.112189,-1.52440768,"6,936.99",338.12,5.12,2026-05-05 14:19:40
172,제약업체,-0.95,195940,HK이노엔 *,테마 편입 사유,52000.0,하락  400,-0.76,52000.0,52100.0,134629.0,7060.0,130750.0,,,0.112189,-1.52440768,"6,936.99",338.12,5.12,2026-05-05 14:19:40
172,제약업체,-0.95,200780,비씨월드제약 *,테마 편입 사유,4410.0,하락  35,-0.79,4405.0,4410.0,18660.0,83.0,20440.0,,,0.112189,-1.52440768,"6,936.99",338.12,5.12,2026-05-05 14:19:40
172,제약업체,-0.95,308430,셀비온 *,테마 편입 사유,35950.0,하락  300,-0.83,35950.0,36100.0,134131.0,4859.0,104721.0,,,0.112189,-1.52440768,"6,936.99",338.12,5.12,2026-05-05 14:19:40
172,제약업체,-0.95,234080,JW생명과학,테마 편입 사유,12820.0,하락  110,-0.85,12820.0,12840.0,39480.0,507.0,28693.0,,,0.112189,-1.52440768,"6,936.99",338.12,5.12,2026-05-05 14:19:40
172,제약업체,-0.95,001540,안국약품 *,테마 편입 사유,8050.0,하락  70,-0.86,8050.0,8150.0,34927.0,284.0,31111.0,,,0.112189,-1.52440768,"6,936.99",338.12,5.12,2026-05-05 14:19:40
172,제약업체,-0.95,068760,셀트리온제약 *,테마 편입 사유,55600.0,하락  500,-0.89,55600.0,55700.0,80969.0,4528.0,97332.0,,,0.112189,-1.52440768,"6,936.99",338.12,5.12,2026-05-05 14:19:40
172,제약업체,-0.95,000020,동화약품,테마 편입 사유,6000.0,하락  60,-0.99,6000.0,6010.0,84195.0,507.0,50336.0,,,0.112189,-1.52440768,"6,936.99",338.12,5.12,2026-05-05 14:19:40
172,제약업체,-0.95,291650,압타머사이언스 *,테마 편입 사유,1688.0,하락  17,-1.0,1688.0,1689.0,154368.0,261.0,153595.0,,,0.112189,-1.52440768,"6,936.99",338.12,5.12,2026-05-05 14:19:40
172,제약업체,-0.95,032300,한국파마 *,테마 편입 사유,11480.0,하락  120,-1.03,11480.0,11500.0,28681.0,336.0,17631.0,,,0.112189,-1.52440768,"6,936.99",338.12,5.12,2026-05-05 14:19:40
172,제약업체,-0.95,204840,지엘팜텍 *,테마 편입 사유,1034.0,하락  11,-1.05,1033.0,1034.0,240023.0,249.0,110255.0,,,0.112189,-1.52440768,"6,936.99",338.12,5.12,2026-05-05 14:19:40
172,제약업체,-0.95,004720,팜젠사이언스,테마 편입 사유,4150.0,하락  45,-1.07,4130.0,4150.0,160643.0,678.0,214684.0,,,0.112189,-1.52440768,"6,936.99",338.12,5.12,2026-05-05 14:19:40
172,제약업체,-0.95,003520,영진약품,테마 편입 사유,1751.0,하락  19,-1.07,1751.0,1752.0,416251.0,731.0,287012.0,,,0.112189,-1.52440768,"6,936.99",338.12,5.12,2026-05-05 14:19:40
172,제약업체,-0.95,234690,녹십자웰빙 *,테마 편입 사유,12690.0,하락  140,-1.09,12690.0,12700.0,239725.0,3092.0,277470.0,,,0.112189,-1.52440768,"6,936.99",338.12,5.12,2026-05-05 14:19:40
172,제약업체,-0.95,000100,유한양행,테마 편입 사유,90500.0,"하락  1,100",-1.2,90400.0,90500.0,352126.0,32066.0,237957.0,,,0.112189,-1.52440768,"6,936.99",338.12,5.12,2026-05-05 14:19:40
172,제약업체,-0.95,082800,비보존 제약 *,테마 편입 사유,3190.0,하락  40,-1.24,3190.0,3200.0,264831.0,864.0,1176043.0,,,0.112189,-1.52440768,"6,936.99",338.12,5.12,2026-05-05 14:19:40
172,제약업체,-0.95,067290,JW신약 *,테마 편입 사유,1973.0,하락  27,-1.35,1973.0,1974.0,501343.0,998.0,404140.0,,,0.112189,-1.52440768,"6,936.99",338.12,5.12,2026-05-05 14:19:40
172,제약업체,-0.95,114450,그린생명과학 *,테마 편입 사유,2890.0,하락  40,-1.37,2890.0,2895.0,104.0,0.0,149707.0,,,0.112189,-1.52440768,"6,936.99",338.12,5.12,2026-05-05 14:19:40
172,제약업체,-0.95,307750,국전 *,테마 편입 사유,3855.0,하락  55,-1.41,3855.0,3880.0,512128.0,2011.0,391476.0,,,0.112189,-1.52440768,"6,936.99",338.12,5.12,2026-05-05 14:19:40
172,제약업체,-0.95,000250,삼천당제약 *,테마 편입 사유,409500.0,"하락  6,000",-1.44,409500.0,410000.0,125098.0,51317.0,162528.0,,,0.112189,-1.52440768,"6,936.99",338.12,5.12,2026-05-05 14:19:40
172,제약업체,-0.95,014950,삼익제약 *,테마 편입 사유,9540.0,하락  140,-1.45,9540.0,9550.0,56098.0,537.0,38802.0,,,0.112189,-1.52440768,"6,936.99",338.12,5.12,2026-05-05 14:19:40
172,제약업체,-0.95,002390,한독,테마 편입 사유,10160.0,하락  150,-1.45,10160.0,10190.0,62531.0,638.0,49620.0,,,0.112189,-1.52440768,"6,936.99",338.12,5.12,2026-05-05 14:19:40
172,제약업체,-0.95,006620,동구바이오제약 *,테마 편입 사유,5070.0,하락  80,-1.55,5070.0,5080.0,200903.0,1029.0,87931.0,,,0.112189,-1.52440768,"6,936.99",338.12,5.12,2026-05-05 14:19:40
172,제약업체,-0.95,014570,고려제약 *,테마 편입 사유,4125.0,하락  65,-1.55,4125.0,4145.0,24636.0,102.0,14561.0,,,0.112189,-1.52440768,"6,936.99",338.12,5.12,2026-05-05 14:19:40
172,제약업체,-0.95,170900,동아에스티,테마 편입 사유,43600.0,하락  700,-1.58,43600.0,43700.0,29746.0,1304.0,11166.0,,,0.112189,-1.52440768,"6,936.99",338.12,5.12,2026-05-05 14:19:40
172,제약업체,-0.95,001060,JW중외제약,테마 편입 사유,30700.0,하락  500,-1.6,30650.0,30700.0,67936.0,2097.0,49129.0,,,0.112189,-1.52440768,"6,936.99",338.12,5.12,2026-05-05 14:19:40
172,제약업체,-0.95,003220,대원제약,테마 편입 사유,10540.0,하락  180,-1.68,10540.0,10550.0,34584.0,366.0,15678.0,,,0.112189,-1.52440768,"6,936.99",338.12,5.12,2026-05-05 14:19:40
172,제약업체,-0.95,041910,폴라리스AI파마 *,테마 편입 사유,7340.0,하락  140,-1.87,7340.0,7350.0,803226.0,5999.0,14762453.0,,,0.112189,-1.52440768,"6,936.99",338.12,5.12,2026-05-05 14:19:40
172,제약업체,-0.95,001360,삼성제약,테마 편입 사유,1992.0,하락  38,-1.87,1992.0,1993.0,2018575.0,4059.0,1488944.0,,,0.112189,-1.52440768,"6,936.99",338.12,5.12,2026-05-05 14:19:40
172,제약업체,-0.95,012790,신일제약 *,테마 편입 사유,6160.0,하락  120,-1.91,6150.0,6160.0,29016.0,179.0,21408.0,,,0.112189,-1.52440768,"6,936.99",338.12,5.12,2026-05-05 14:19:40
172,제약업체,-0.95,102460,이연제약,테마 편입 사유,10580.0,하락  210,-1.95,10580.0,10630.0,43200.0,464.0,39562.0,,,0.112189,-1.52440768,"6,936.99",338.12,5.12,2026-05-05 14:19:40
172,제약업체,-0.95,054670,대한뉴팜 *,테마 편입 사유,6970.0,하락  140,-1.97,6970.0,6980.0,102288.0,719.0,32869.0,,,0.112189,-1.52440768,"6,936.99",338.12,5.12,2026-05-05 14:19:40
172,제약업체,-0.95,249420,일동제약,테마 편입 사유,25950.0,하락  550,-2.08,25900.0,25950.0,182871.0,4790.0,155369.0,,,0.112189,-1.52440768,"6,936.99",338.12,5.12,2026-05-05 14:19:40
172,제약업체,-0.95,019170,신풍제약,테마 편입 사유,11440.0,하락  250,-2.14,11440.0,11450.0,199615.0,2301.0,125452.0,,,0.112189,-1.52440768,"6,936.99",338.12,5.12,2026-05-05 14:19:40
172,제약업체,-0.95,007570,일양약품,테마 편입 사유,11000.0,하락  250,-2.22,11000.0,11010.0,114209.0,1264.0,53515.0,,,0.112189,-1.52440768,"6,936.99",338.12,5.12,2026-05-05 14:19:40
172,제약업체,-0.95,009420,한올바이오파마,테마 편입 사유,46300.0,"하락  1,100",-2.32,46250.0,46300.0,321719.0,15205.0,451410.0,,,0.112189,-1.52440768,"6,936.99",338.12,5.12,2026-05-05 14:19:40
172,제약업체,-0.95,066700,테라젠이텍스 *,테마 편입 사유,2960.0,하락  75,-2.47,2960.0,2975.0,209939.0,629.0,75845.0,,,0.112189,-1.52440768,"6,936.99",338.12,5.12,2026-05-05 14:19:40
172,제약업체,-0.95,256940,킵스파마 *,테마 편입 사유,7990.0,하락  250,-3.03,7990.0,8000.0,155531.0,1250.0,125881.0,,,0.112189,-1.52440768,"6,936.99",338.12,5.12,2026-05-05 14:19:40
172,제약업체,-0.95,260660,알리코제약 *,테마 편입 사유,3510.0,하락  110,-3.04,3510.0,3515.0,54163.0,193.0,43764.0,,,0.112189,-1.52440768,"6,936.99",338.12,5.12,2026-05-05 14:19:40
172,제약업체,-0.95,128940,한미약품,테마 편입 사유,445000.0,"하락  15,000",-3.26,445000.0,445500.0,111138.0,49784.0,142664.0,,,0.112189,-1.52440768,"6,936.99",338.12,5.12,2026-05-05 14:19:40
172,제약업체,-0.95,058820,CMG제약 *,테마 편입 사유,1716.0,하락  58,-3.27,1715.0,1716.0,1154444.0,2008.0,722002.0,,,0.112189,-1.52440768,"6,936.99",338.12,5.12,2026-05-05 14:19:40
172,제약업체,-0.95,950210,프레스티지바이오파마,테마 편입 사유,8600.0,하락  310,-3.48,8570.0,8600.0,164092.0,1423.0,96972.0,,,0.112189,-1.52440768,"6,936.99",338.12,5.12,2026-05-05 14:19:40
172,제약업체,-0.95,061250,화일약품 *,테마 편입 사유,9030.0,하락  400,-4.24,9020.0,9030.0,124640.0,1149.0,0.0,,,0.112189,-1.52440768,"6,936.99",338.12,5.12,2026-05-05 14:19:40
172,제약업체,-0.95,299170,더블유에스아이 *,테마 편입 사유,2320.0,하락  115,-4.72,2315.0,2320.0,1346459.0,3188.0,395035.0,,,0.112189,-1.52440768,"6,936.99",338.12,5.12,2026-05-05 14:19:40
172,제약업체,-0.95,106190,하이텍팜 *,테마 편입 사유,18310.0,하락  920,-4.78,18290.0,18310.0,81120.0,1512.0,36043.0,,,0.112189,-1.52440768,"6,936.99",338.12,5.12,2026-05-05 14:19:40
172,제약업체,-0.95,334970,프레스티지바이오로직스 *,테마 편입 사유,2245.0,하락  135,-5.67,2240.0,2245.0,221349.0,498.0,82628.0,,,0.112189,-1.52440768,"6,936.99",338.12,5.12,2026-05-05 14:19:40
98,음원/음반,-1.37,064260,다날 *,테마 편입 사유,7430.0,상승  100,1.36,7430.0,7440.0,1292591.0,9661.0,1643648.0,,,0.026165,-1.5039648,"6,936.99",338.12,5.12,2026-05-05 14:19:40
98,음원/음반,-1.37,041510,에스엠 *,테마 편입 사유,96800.0,상승  200,0.21,96600.0,96800.0,102197.0,9917.0,146749.0,,,0.026165,-1.5039648,"6,936.99",338.12,5.12,2026-05-05 14:19:40
98,음원/음반,-1.37,035760,CJ ENM *,테마 편입 사유,54200.0,상승  100,0.18,54200.0,54300.0,34394.0,1874.0,71361.0,,,0.026165,-1.5039648,"6,936.99",338.12,5.12,2026-05-05 14:19:40
98,음원/음반,-1.37,032800,판타지오 *,테마 편입 사유,342.0,보합0,0.0,0.0,0.0,0.0,0.0,0.0,,,0.026165,-1.5039648,"6,936.99",338.12,5.12,2026-05-05 14:19:40
98,음원/음반,-1.37,035720,카카오,테마 편입 사유,47100.0,하락  200,-0.42,47050.0,47100.0,1520475.0,71746.0,1484406.0,,,0.026165,-1.5039648,"6,936.99",338.12,5.12,2026-05-05 14:19:40
98,음원/음반,-1.37,035900,JYP Ent. *,테마 편입 사유,62500.0,하락  400,-0.64,62500.0,62600.0,136817.0,8584.0,208472.0,,,0.026165,-1.5039648,"6,936.99",338.12,5.12,2026-05-05 14:19:40
98,음원/음반,-1.37,122870,와이지엔터테인먼트 *,테마 편입 사유,53500.0,하락  500,-0.93,53500.0,53700.0,68502.0,3686.0,129601.0,,,0.026165,-1.5039648,"6,936.99",338.12,5.12,2026-05-05 14:19:40
98,음원/음반,-1.37,037270,YG PLUS,테마 편입 사유,5050.0,하락  60,-1.17,5050.0,5060.0,387499.0,1972.0,629201.0,,,0.026165,-1.5039648,"6,936.99",338.12,5.12,2026-05-05 14:19:40
98,음원/음반,-1.37,361570,알비더블유 *,테마 편입 사유,1913.0,하락  32,-1.65,1913.0,1917.0,49004.0,94.0,32961.0,,,0.026165,-1.5039648,"6,936.99",338.12,5.12,2026-05-05 14:19:40
98,음원/음반,-1.37,173940,에프엔씨엔터 *,테마 편입 사유,4035.0,하락  75,-1.82,4025.0,4035.0,8805.0,36.0,11308.0,,,0.026165,-1.5039648,"6,936.99",338.12,5.12,2026-05-05 14:19:40
98,음원/음반,-1.37,043610,KT지니뮤직 *,테마 편입 사유,1754.0,하락  33,-1.85,1752.0,1754.0,94912.0,168.0,96827.0,,,0.026165,-1.5039648,"6,936.99",338.12,5.12,2026-05-05 14:19:40
98,음원/음반,-1.37,403850,더핑크퐁컴퍼니 *,테마 편입 사유,17120.0,하락  350,-2.0,17120.0,17130.0,38763.0,669.0,72076.0,,,0.026165,-1.5039648,"6,936.99",338.12,5.12,2026-05-05 14:19:40
98,음원/음반,-1.37,352820,하이브,테마 편입 사유,257500.0,"하락  5,500",-2.09,257500.0,258000.0,335490.0,87447.0,669048.0,,,0.026165,-1.5039648,"6,936.99",338.12,5.12,2026-05-05 14:19:40
98,음원/음반,-1.37,060570,드림어스컴퍼니 *,테마 편입 사유,1192.0,하락  45,-3.64,1192.0,1196.0,125953.0,152.0,80110.0,,,0.026165,-1.5039648,"6,936.99",338.12,5.12,2026-05-05 14:19:40
98,음원/음반,-1.37,104200,NHN벅스 *,테마 편입 사유,4130.0,하락  265,-6.03,4130.0,4140.0,156864.0,665.0,619840.0,,,0.026165,-1.5039648,"6,936.99",338.12,5.12,2026-05-05 14:19:40
497,토스(toss),0.86,003530,한화투자증권,테마 편입 사유,8190.0,상승  680,9.05,8190.0,8200.0,19713752.0,163321.0,2657096.0,,,0.460279,-1.49662848,"6,936.99",338.12,5.12,2026-05-05 14:19:40
497,토스(toss),0.86,041460,한국전자인증 *,테마 편입 사유,4195.0,상승  20,0.48,4195.0,4200.0,82857.0,348.0,113465.0,,,0.460279,-1.49662848,"6,936.99",338.12,5.12,2026-05-05 14:19:40
497,토스(toss),0.86,084680,이월드,테마 편입 사유,1931.0,상승  7,0.36,1930.0,1931.0,581031.0,1133.0,404269.0,,,0.460279,-1.49662848,"6,936.99",338.12,5.12,2026-05-05 14:19:40
497,토스(toss),0.86,236810,엔비티 *,테마 편입 사유,1954.0,하락  11,-0.56,1954.0,1955.0,43567.0,85.0,29916.0,,,0.460279,-1.49662848,"6,936.99",338.12,5.12,2026-05-05 14:19:40
497,토스(toss),0.86,086790,하나금융지주,테마 편입 사유,126600.0,"하락  1,300",-1.02,126500.0,126600.0,720564.0,91783.0,952860.0,,,0.460279,-1.49662848,"6,936.99",338.12,5.12,2026-05-05 14:19:40
497,토스(toss),0.86,020180,대신정보통신 *,테마 편입 사유,1192.0,하락  39,-3.17,1192.0,1195.0,1126976.0,1351.0,905653.0,,,0.460279,-1.49662848,"6,936.99",338.12,5.12,2026-05-05 14:19:40
392,스마트팩토리(스마트공장),2.03,059120,아진엑스텍 *,테마 편입 사유,11580.0,"상한가  2,670",29.97,11580.0,0.0,14189663.0,151177.0,16968905.0,,,0.688181,-1.4934867200000004,"6,936.99",338.12,5.12,2026-05-05 14:19:40
392,스마트팩토리(스마트공장),2.03,034730,SK,테마 편입 사유,475500.0,"상승  50,500",11.88,475000.0,475500.0,325374.0,149558.0,231138.0,,,0.688181,-1.4934867200000004,"6,936.99",338.12,5.12,2026-05-05 14:19:40
392,스마트팩토리(스마트공장),2.03,011700,한신기계,테마 편입 사유,4965.0,상승  350,7.58,4960.0,4965.0,4141241.0,20889.0,783061.0,,,0.688181,-1.4934867200000004,"6,936.99",338.12,5.12,2026-05-05 14:19:40
392,스마트팩토리(스마트공장),2.03,010120,LS ELECTRIC,테마 편입 사유,294000.0,"상승  16,000",5.76,293500.0,294000.0,1490046.0,432240.0,1165228.0,,,0.688181,-1.4934867200000004,"6,936.99",338.12,5.12,2026-05-05 14:19:40
392,스마트팩토리(스마트공장),2.03,282880,코윈테크 *,테마 편입 사유,17730.0,상승  750,4.42,17730.0,17740.0,434066.0,7851.0,427618.0,,,0.688181,-1.4934867200000004,"6,936.99",338.12,5.12,2026-05-05 14:19:40
392,스마트팩토리(스마트공장),2.03,391710,코닉오토메이션 *,테마 편입 사유,2190.0,상승  90,4.29,2190.0,2195.0,599110.0,1332.0,229553.0,,,0.688181,-1.4934867200000004,"6,936.99",338.12,5.12,2026-05-05 14:19:40
392,스마트팩토리(스마트공장),2.03,322180,LS티라유텍 *,테마 편입 사유,9260.0,상승  330,3.7,9250.0,9260.0,289126.0,2671.0,341664.0,,,0.688181,-1.4934867200000004,"6,936.99",338.12,5.12,2026-05-05 14:19:40
392,스마트팩토리(스마트공장),2.03,056190,에스에프에이 *,테마 편입 사유,32550.0,"상승  1,150",3.66,32550.0,32600.0,136196.0,4436.0,193856.0,,,0.688181,-1.4934867200000004,"6,936.99",338.12,5.12,2026-05-05 14:19:40
392,스마트팩토리(스마트공장),2.03,319400,현대무벡스 *,테마 편입 사유,32450.0,"상승  1,100",3.51,32450.0,32500.0,2171086.0,69849.0,2006101.0,,,0.688181,-1.4934867200000004,"6,936.99",338.12,5.12,2026-05-05 14:19:40
392,스마트팩토리(스마트공장),2.03,232680,라온로보틱스 *,테마 편입 사유,17210.0,상승  570,3.43,17170.0,17210.0,308390.0,5307.0,408025.0,,,0.688181,-1.4934867200000004,"6,936.99",338.12,5.12,2026-05-05 14:19:40
392,스마트팩토리(스마트공장),2.03,271830,팸텍 *,테마 편입 사유,1621.0,상승  51,3.25,1618.0,1621.0,217573.0,354.0,100836.0,,,0.688181,-1.4934867200000004,"6,936.99",338.12,5.12,2026-05-05 14:19:40
392,스마트팩토리(스마트공장),2.03,003550,LG,테마 편입 사유,102300.0,"상승  3,200",3.23,102200.0,102300.0,316922.0,32295.0,363782.0,,,0.688181,-1.4934867200000004,"6,936.99",338.12,5.12,2026-05-05 14:19:40
392,스마트팩토리(스마트공장),2.03,049480,오픈베이스 *,테마 편입 사유,3310.0,상승  65,2.0,3310.0,3315.0,1434732.0,4731.0,1638167.0,,,0.688181,-1.4934867200000004,"6,936.99",338.12,5.12,2026-05-05 14:19:40
392,스마트팩토리(스마트공장),2.03,484810,티엑스알로보틱스 *,테마 편입 사유,19830.0,상승  380,1.95,19820.0,19830.0,258593.0,5056.0,642699.0,,,0.688181,-1.4934867200000004,"6,936.99",338.12,5.12,2026-05-05 14:19:40
392,스마트팩토리(스마트공장),2.03,347890,엠엑스온 *,테마 편입 사유,6150.0,상승  110,1.82,6100.0,6150.0,49260.0,302.0,77964.0,,,0.688181,-1.4934867200000004,"6,936.99",338.12,5.12,2026-05-05 14:19:40
392,스마트팩토리(스마트공장),2.03,064400,LG씨엔에스,테마 편입 사유,65900.0,상승  900,1.38,65900.0,66000.0,377323.0,24920.0,567472.0,,,0.688181,-1.4934867200000004,"6,936.99",338.12,5.12,2026-05-05 14:19:40
392,스마트팩토리(스마트공장),2.03,317830,에스피시스템스 *,테마 편입 사유,10660.0,상승  140,1.33,10650.0,10660.0,117005.0,1250.0,147336.0,,,0.688181,-1.4934867200000004,"6,936.99",338.12,5.12,2026-05-05 14:19:40
392,스마트팩토리(스마트공장),2.03,022100,포스코DX,테마 편입 사유,35350.0,상승  450,1.29,35350.0,35400.0,402349.0,14336.0,582825.0,,,0.688181,-1.4934867200000004,"6,936.99",338.12,5.12,2026-05-05 14:19:40
392,스마트팩토리(스마트공장),2.03,007820,엠엑스로보틱스 *,테마 편입 사유,5260.0,상승  50,0.96,5260.0,5270.0,133021.0,713.0,166189.0,,,0.688181,-1.4934867200000004,"6,936.99",338.12,5.12,2026-05-05 14:19:40
392,스마트팩토리(스마트공장),2.03,351330,이삭엔지니어링 *,테마 편입 사유,8030.0,상승  60,0.75,8030.0,8040.0,40896.0,328.0,67042.0,,,0.688181,-1.4934867200000004,"6,936.99",338.12,5.12,2026-05-05 14:19:40
392,스마트팩토리(스마트공장),2.03,140670,알에스오토메이션 *,테마 편입 사유,16880.0,상승  100,0.6,16870.0,16880.0,267154.0,4567.0,389983.0,,,0.688181,-1.4934867200000004,"6,936.99",338.12,5.12,2026-05-05 14:19:40
392,스마트팩토리(스마트공장),2.03,219420,링크제니시스 *,테마 편입 사유,5110.0,상승  30,0.59,5100.0,5110.0,63395.0,324.0,60478.0,,,0.688181,-1.4934867200000004,"6,936.99",338.12,5.12,2026-05-05 14:19:40
392,스마트팩토리(스마트공장),2.03,018260,삼성에스디에스,테마 편입 사유,166900.0,상승  700,0.42,166900.0,167000.0,179036.0,29974.0,259977.0,,,0.688181,-1.4934867200000004,"6,936.99",338.12,5.12,2026-05-05 14:19:40
392,스마트팩토리(스마트공장),2.03,004380,삼익THK,테마 편입 사유,11870.0,상승  20,0.17,11870.0,11890.0,228681.0,2734.0,151818.0,,,0.688181,-1.4934867200000004,"6,936.99",338.12,5.12,2026-05-05 14:19:40
392,스마트팩토리(스마트공장),2.03,452450,피아이이 *,테마 편입 사유,6920.0,상승  10,0.14,6920.0,6940.0,455775.0,3204.0,503808.0,,,0.688181,-1.4934867200000004,"6,936.99",338.12,5.12,2026-05-05 14:19:40
392,스마트팩토리(스마트공장),2.03,086670,비엠티 *,테마 편입 사유,17800.0,상승  10,0.06,17800.0,17830.0,83845.0,1480.0,104316.0,,,0.688181,-1.4934867200000004,"6,936.99",338.12,5.12,2026-05-05 14:19:40
392,스마트팩토리(스마트공장),2.03,086960,MDS테크 *,테마 편입 사유,1115.0,보합0,0.0,0.0,0.0,0.0,0.0,0.0,,,0.688181,-1.4934867200000004,"6,936.99",338.12,5.12,2026-05-05 14:19:40
392,스마트팩토리(스마트공장),2.03,012510,더존비즈온,테마 편입 사유,120000.0,보합0,0.0,120000.0,120100.0,32365.0,3886.0,44459.0,,,0.688181,-1.4934867200000004,"6,936.99",338.12,5.12,2026-05-05 14:19:40
392,스마트팩토리(스마트공장),2.03,290090,트윔 *,테마 편입 사유,6650.0,하락  20,-0.3,6640.0,6650.0,8355.0,56.0,12058.0,,,0.688181,-1.4934867200000004,"6,936.99",338.12,5.12,2026-05-05 14:19:40
392,스마트팩토리(스마트공장),2.03,090710,휴림로봇 *,테마 편입 사유,12510.0,하락  110,-0.87,12510.0,12520.0,5473955.0,68119.0,10043004.0,,,0.688181,-1.4934867200000004,"6,936.99",338.12,5.12,2026-05-05 14:19:40
392,스마트팩토리(스마트공장),2.03,048770,TPC로보틱스 *,테마 편입 사유,3905.0,하락  40,-1.01,3900.0,3905.0,423256.0,1668.0,1721531.0,,,0.688181,-1.4934867200000004,"6,936.99",338.12,5.12,2026-05-05 14:19:40
392,스마트팩토리(스마트공장),2.03,388720,유일로보틱스 *,테마 편입 사유,104000.0,"하락  1,100",-1.05,104000.0,104100.0,59019.0,6200.0,130332.0,,,0.688181,-1.4934867200000004,"6,936.99",338.12,5.12,2026-05-05 14:19:40
392,스마트팩토리(스마트공장),2.03,381620,제닉스로보틱스 *,테마 편입 사유,10070.0,하락  110,-1.08,10070.0,10080.0,368801.0,3771.0,1988788.0,,,0.688181,-1.4934867200000004,"6,936.99",338.12,5.12,2026-05-05 14:19:40
392,스마트팩토리(스마트공장),2.03,075970,동국알앤에스 *,테마 편입 사유,2380.0,하락  30,-1.24,2380.0,2385.0,140574.0,337.0,134632.0,,,0.688181,-1.4934867200000004,"6,936.99",338.12,5.12,2026-05-05 14:19:40
392,스마트팩토리(스마트공장),2.03,094280,효성ITX,테마 편입 사유,13000.0,하락  180,-1.37,12950.0,13000.0,43892.0,571.0,29355.0,,,0.688181,-1.4934867200000004,"6,936.99",338.12,5.12,2026-05-05 14:19:40
392,스마트팩토리(스마트공장),2.03,373170,엠아이큐브솔루션 *,테마 편입 사유,3115.0,하락  85,-2.66,3105.0,3115.0,59969.0,187.0,59066.0,,,0.688181,-1.4934867200000004,"6,936.99",338.12,5.12,2026-05-05 14:19:40
392,스마트팩토리(스마트공장),2.03,099440,스맥 *,테마 편입 사유,4305.0,하락  125,-2.82,4300.0,4305.0,1216189.0,5245.0,1068771.0,,,0.688181,-1.4934867200000004,"6,936.99",338.12,5.12,2026-05-05 14:19:40
392,스마트팩토리(스마트공장),2.03,108230,톱텍 *,테마 편입 사유,4445.0,하락  145,-3.16,4445.0,4455.0,175532.0,794.0,75236.0,,,0.688181,-1.4934867200000004,"6,936.99",338.12,5.12,2026-05-05 14:19:40
392,스마트팩토리(스마트공장),2.03,098460,고영 *,테마 편입 사유,38950.0,"하락  1,300",-3.23,38950.0,39000.0,3564001.0,140106.0,3331834.0,,,0.688181,-1.4934867200000004,"6,936.99",338.12,5.12,2026-05-05 14:19:40
325,종합상사,0.28,001740,SK네트웍스,테마 편입 사유,6590.0,상승  720,12.27,6590.0,6600.0,11611864.0,75989.0,2044244.0,,,0.346361,-1.4933683199999999,"6,936.99",338.12,5.12,2026-05-05 14:19:40
325,종합상사,0.28,028260,삼성물산,테마 편입 사유,320000.0,"상승  21,500",7.2,320000.0,320500.0,638338.0,200101.0,455000.0,,,0.346361,-1.4933683199999999,"6,936.99",338.12,5.12,2026-05-05 14:19:40
325,종합상사,0.28,047050,포스코인터내셔널,테마 편입 사유,87300.0,보합0,0.0,87200.0,87300.0,1175425.0,102695.0,1420585.0,,,0.346361,-1.4933683199999999,"6,936.99",338.12,5.12,2026-05-05 14:19:40
325,종합상사,0.28,298020,효성티앤씨,테마 편입 사유,512000.0,"하락  6,000",-1.16,510000.0,512000.0,31876.0,16408.0,31956.0,,,0.346361,-1.4933683199999999,"6,936.99",338.12,5.12,2026-05-05 14:19:40
325,종합상사,0.28,001120,LX인터내셔널,테마 편입 사유,52300.0,"하락  1,100",-2.06,52300.0,52400.0,118917.0,6223.0,266336.0,,,0.346361,-1.4933683199999999,"6,936.99",338.12,5.12,2026-05-05 14:19:40
325,종합상사,0.28,011760,현대코퍼레이션,테마 편입 사유,30100.0,하락  800,-2.59,30050.0,30100.0,81428.0,2465.0,104294.0,,,0.346361,-1.4933683199999999,"6,936.99",338.12,5.12,2026-05-05 14:19:40
325,종합상사,0.28,003070,코오롱글로벌,테마 편입 사유,11140.0,하락  310,-2.71,11110.0,11140.0,68426.0,767.0,49403.0,,,0.346361,-1.4933683199999999,"6,936.99",338.12,5.12,2026-05-05 14:19:40
325,종합상사,0.28,001250,GS글로벌,테마 편입 사유,4665.0,하락  445,-8.71,4660.0,4665.0,6077857.0,29207.0,4094782.0,,,0.346361,-1.4933683199999999,"6,936.99",338.12,5.12,2026-05-05 14:19:40
206,농업,-0.45,000490,대동,테마 편입 사유,10610.0,상승  480,4.74,10610.0,10620.0,697720.0,7405.0,339355.0,,,0.201703,-1.48271936,"6,936.99",338.12,5.12,2026-05-05 14:19:40
206,농업,-0.45,050860,아세아텍 *,테마 편입 사유,2150.0,상승  70,3.37,2140.0,2150.0,76223.0,161.0,203744.0,,,0.201703,-1.48271936,"6,936.99",338.12,5.12,2026-05-05 14:19:40
206,농업,-0.45,002900,TYM,테마 편입 사유,8320.0,상승  270,3.35,8320.0,8330.0,696799.0,5822.0,492821.0,,,0.201703,-1.48271936,"6,936.99",338.12,5.12,2026-05-05 14:19:40
206,농업,-0.45,101170,우림피티에스 *,테마 편입 사유,14630.0,상승  420,2.96,14620.0,14630.0,62.0,1.0,268933.0,,,0.201703,-1.48271936,"6,936.99",338.12,5.12,2026-05-05 14:19:40
206,농업,-0.45,008830,대동기어 *,테마 편입 사유,20600.0,상승  400,1.98,20600.0,20650.0,169.0,3.0,189703.0,,,0.201703,-1.48271936,"6,936.99",338.12,5.12,2026-05-05 14:19:40
206,농업,-0.45,007590,동방아그로,테마 편입 사유,6140.0,상승  80,1.32,6120.0,6140.0,20092.0,122.0,8754.0,,,0.201703,-1.48271936,"6,936.99",338.12,5.12,2026-05-05 14:19:40
206,농업,-0.45,002100,경농,테마 편입 사유,10600.0,상승  120,1.15,10600.0,10610.0,327560.0,3454.0,652279.0,,,0.201703,-1.48271936,"6,936.99",338.12,5.12,2026-05-05 14:19:40
206,농업,-0.45,352940,인바이오 *,테마 편입 사유,2320.0,상승  15,0.65,2320.0,2330.0,13702.0,32.0,10434.0,,,0.201703,-1.48271936,"6,936.99",338.12,5.12,2026-05-05 14:19:40
206,농업,-0.45,097870,효성오앤비 *,테마 편입 사유,6780.0,상승  30,0.44,6770.0,6780.0,366589.0,2499.0,2499306.0,,,0.201703,-1.48271936,"6,936.99",338.12,5.12,2026-05-05 14:19:40
206,농업,-0.45,054050,농우바이오 *,테마 편입 사유,8100.0,상승  20,0.25,8090.0,8100.0,75427.0,610.0,73711.0,,,0.201703,-1.48271936,"6,936.99",338.12,5.12,2026-05-05 14:19:40
206,농업,-0.45,119500,포메탈 *,테마 편입 사유,4320.0,보합0,0.0,4315.0,4320.0,147245.0,632.0,60170.0,,,0.201703,-1.48271936,"6,936.99",338.12,5.12,2026-05-05 14:19:40
206,농업,-0.45,154030,아시아종묘 *,테마 편입 사유,2035.0,하락  15,-0.73,2035.0,2040.0,85045.0,173.0,63591.0,,,0.201703,-1.48271936,"6,936.99",338.12,5.12,2026-05-05 14:19:40
206,농업,-0.45,003080,SB성보,테마 편입 사유,2670.0,하락  25,-0.93,2665.0,2670.0,51707.0,137.0,9314.0,,,0.201703,-1.48271936,"6,936.99",338.12,5.12,2026-05-05 14:19:40
206,농업,-0.45,025860,남해화학,테마 편입 사유,11610.0,하락  130,-1.11,11600.0,11610.0,16358170.0,196405.0,45867078.0,,,0.201703,-1.48271936,"6,936.99",338.12,5.12,2026-05-05 14:19:40
206,농업,-0.45,186230,그린플러스 *,테마 편입 사유,4490.0,하락  55,-1.21,4485.0,4490.0,108715.0,481.0,29425.0,,,0.201703,-1.48271936,"6,936.99",338.12,5.12,2026-05-05 14:19:40
206,농업,-0.45,114450,그린생명과학 *,테마 편입 사유,2890.0,하락  40,-1.37,2890.0,2895.0,104.0,0.0,149707.0,,,0.201703,-1.48271936,"6,936.99",338.12,5.12,2026-05-05 14:19:40
206,농업,-0.45,001550,조비,테마 편입 사유,15650.0,하락  280,-1.76,15650.0,15680.0,367453.0,5811.0,3252839.0,,,0.201703,-1.48271936,"6,936.99",338.12,5.12,2026-05-05 14:19:40
206,농업,-0.45,332290,누보 *,테마 편입 사유,1357.0,하락  25,-1.81,1357.0,1358.0,1998.0,3.0,2093472.0,,,0.201703,-1.48271936,"6,936.99",338.12,5.12,2026-05-05 14:19:40
206,농업,-0.45,403490,우듬지팜 *,테마 편입 사유,1218.0,하락  29,-2.33,1216.0,1218.0,286578.0,350.0,89860.0,,,0.201703,-1.48271936,"6,936.99",338.12,5.12,2026-05-05 14:19:40
206,농업,-0.45,020400,대동금속 *,테마 편입 사유,5500.0,하락  190,-3.34,5490.0,5500.0,146026.0,803.0,80483.0,,,0.201703,-1.48271936,"6,936.99",338.12,5.12,2026-05-05 14:19:40
206,농업,-0.45,004000,롯데정밀화학,테마 편입 사유,66600.0,"하락  2,800",-4.03,66600.0,66700.0,160801.0,10818.0,155838.0,,,0.201703,-1.48271936,"6,936.99",338.12,5.12,2026-05-05 14:19:40
206,농업,-0.45,014830,유니드,테마 편입 사유,90500.0,"하락  4,300",-4.54,90500.0,90600.0,69039.0,6351.0,49918.0,,,0.201703,-1.48271936,"6,936.99",338.12,5.12,2026-05-05 14:19:40
206,농업,-0.45,001390,KG케미칼,테마 편입 사유,6550.0,하락  520,-7.36,6550.0,6560.0,2445490.0,16429.0,6762066.0,,,0.201703,-1.48271936,"6,936.99",338.12,5.12,2026-05-05 14:19:40
464,콜드체인(저온 유통),0.27,083450,GST *,테마 편입 사유,50100.0,"상승  1,600",3.3,50100.0,50200.0,296158.0,14814.0,381508.0,,,0.341238,-1.47713856,"6,936.99",338.12,5.12,2026-05-05 14:19:40
464,콜드체인(저온 유통),0.27,115450,HLB테라퓨틱스 *,테마 편입 사유,3645.0,상승  115,3.26,3640.0,3645.0,780756.0,2861.0,670419.0,,,0.341238,-1.47713856,"6,936.99",338.12,5.12,2026-05-05 14:19:40
464,콜드체인(저온 유통),0.27,119830,아이텍 *,테마 편입 사유,7710.0,상승  210,2.8,7710.0,7720.0,227337.0,1751.0,182996.0,,,0.341238,-1.47713856,"6,936.99",338.12,5.12,2026-05-05 14:19:40
464,콜드체인(저온 유통),0.27,096350,대창솔루션 *,테마 편입 사유,3100.0,상승  55,1.81,3100.0,3105.0,1277774.0,3995.0,779206.0,,,0.341238,-1.47713856,"6,936.99",338.12,5.12,2026-05-05 14:19:40
464,콜드체인(저온 유통),0.27,000640,동아쏘시오홀딩스,테마 편입 사유,98500.0,상승  600,0.61,98500.0,98600.0,11688.0,1160.0,8832.0,,,0.341238,-1.47713856,"6,936.99",338.12,5.12,2026-05-05 14:19:40
464,콜드체인(저온 유통),0.27,131220,대한과학 *,테마 편입 사유,4745.0,보합0,0.0,4725.0,4745.0,35734.0,169.0,22379.0,,,0.341238,-1.47713856,"6,936.99",338.12,5.12,2026-05-05 14:19:40
464,콜드체인(저온 유통),0.27,038070,서린바이오 *,테마 편입 사유,6310.0,하락  30,-0.47,6290.0,6310.0,61073.0,387.0,43427.0,,,0.341238,-1.47713856,"6,936.99",338.12,5.12,2026-05-05 14:19:40
464,콜드체인(저온 유통),0.27,014130,한익스프레스,테마 편입 사유,2760.0,하락  25,-0.9,2755.0,2760.0,19481.0,53.0,5894.0,,,0.341238,-1.47713856,"6,936.99",338.12,5.12,2026-05-05 14:19:40
464,콜드체인(저온 유통),0.27,068330,일신바이오 *,테마 편입 사유,1537.0,하락  18,-1.16,1537.0,1538.0,200255.0,311.0,245463.0,,,0.341238,-1.47713856,"6,936.99",338.12,5.12,2026-05-05 14:19:40
464,콜드체인(저온 유통),0.27,144510,지씨셀 *,테마 편입 사유,23350.0,하락  400,-1.68,23300.0,23350.0,42808.0,1007.0,31560.0,,,0.341238,-1.47713856,"6,936.99",338.12,5.12,2026-05-05 14:19:40
464,콜드체인(저온 유통),0.27,006890,태경케미컬,테마 편입 사유,8810.0,하락  180,-2.0,8810.0,8820.0,116047.0,1029.0,165062.0,,,0.341238,-1.47713856,"6,936.99",338.12,5.12,2026-05-05 14:19:40
464,콜드체인(저온 유통),0.27,246960,SCL사이언스 *,테마 편입 사유,1993.0,하락  47,-2.3,1993.0,1994.0,161038.0,321.0,70445.0,,,0.341238,-1.47713856,"6,936.99",338.12,5.12,2026-05-05 14:19:40
55,보안주(정보),0.84,232830,아이티센피엔에스 *,테마 편입 사유,4615.0,상승  590,14.66,4610.0,4615.0,659731.0,2913.0,281642.0,,,0.449101,-1.4593971200000002,"6,936.99",338.12,5.12,2026-05-05 14:19:40
55,보안주(정보),0.84,356680,엑스게이트 *,테마 편입 사유,15010.0,상승  920,6.53,15010.0,15020.0,1046.0,15.0,3067284.0,,,0.449101,-1.4593971200000002,"6,936.99",338.12,5.12,2026-05-05 14:19:40
55,보안주(정보),0.84,038680,에스넷 *,테마 편입 사유,4785.0,상승  265,5.86,4785.0,4790.0,5068921.0,25693.0,177303.0,,,0.449101,-1.4593971200000002,"6,936.99",338.12,5.12,2026-05-05 14:19:40
55,보안주(정보),0.84,203650,드림시큐리티 *,테마 편입 사유,2890.0,상승  150,5.47,2885.0,2890.0,12979442.0,37925.0,9438875.0,,,0.449101,-1.4593971200000002,"6,936.99",338.12,5.12,2026-05-05 14:19:40
55,보안주(정보),0.84,042510,라온시큐어 *,테마 편입 사유,13120.0,상승  560,4.46,13120.0,13130.0,946193.0,12546.0,433439.0,,,0.449101,-1.4593971200000002,"6,936.99",338.12,5.12,2026-05-05 14:19:40
55,보안주(정보),0.84,456010,아이씨티케이 *,테마 편입 사유,23550.0,"상승  1,000",4.43,23550.0,23600.0,567774.0,13230.0,468964.0,,,0.449101,-1.4593971200000002,"6,936.99",338.12,5.12,2026-05-05 14:19:40
55,보안주(정보),0.84,391710,코닉오토메이션 *,테마 편입 사유,2190.0,상승  90,4.29,2190.0,2195.0,599110.0,1332.0,229553.0,,,0.449101,-1.4593971200000002,"6,936.99",338.12,5.12,2026-05-05 14:19:40
55,보안주(정보),0.84,079940,가비아 *,테마 편입 사유,31100.0,"상승  1,050",3.49,30800.0,31100.0,32054.0,986.0,11877.0,,,0.449101,-1.4593971200000002,"6,936.99",338.12,5.12,2026-05-05 14:19:40
55,보안주(정보),0.84,032190,다우데이타 *,테마 편입 사유,23850.0,상승  800,3.47,23850.0,23900.0,125819.0,2973.0,124825.0,,,0.449101,-1.4593971200000002,"6,936.99",338.12,5.12,2026-05-05 14:19:40
55,보안주(정보),0.84,263860,지니언스 *,테마 편입 사유,16020.0,상승  490,3.16,16000.0,16020.0,90712.0,1456.0,92819.0,,,0.449101,-1.4593971200000002,"6,936.99",338.12,5.12,2026-05-05 14:19:40
55,보안주(정보),0.84,488280,에스투더블유 *,테마 편입 사유,26250.0,상승  800,3.14,26250.0,26300.0,3100.0,81.0,719124.0,,,0.449101,-1.4593971200000002,"6,936.99",338.12,5.12,2026-05-05 14:19:40
55,보안주(정보),0.84,465480,인스피언 *,테마 편입 사유,5870.0,상승  150,2.62,5870.0,5890.0,47923.0,281.0,37012.0,,,0.449101,-1.4593971200000002,"6,936.99",338.12,5.12,2026-05-05 14:19:40
55,보안주(정보),0.84,192250,케이사인 *,테마 편입 사유,13130.0,상승  280,2.18,13050.0,13130.0,110184.0,1451.0,115842.0,,,0.449101,-1.4593971200000002,"6,936.99",338.12,5.12,2026-05-05 14:19:40
55,보안주(정보),0.84,291810,핀텔 *,테마 편입 사유,1915.0,상승  40,2.13,1913.0,1915.0,37387.0,71.0,54282.0,,,0.449101,-1.4593971200000002,"6,936.99",338.12,5.12,2026-05-05 14:19:40
55,보안주(정보),0.84,158430,아톤 *,테마 편입 사유,8180.0,상승  170,2.12,8180.0,8190.0,872906.0,7215.0,1698425.0,,,0.449101,-1.4593971200000002,"6,936.99",338.12,5.12,2026-05-05 14:19:40
55,보안주(정보),0.84,131090,시큐브 *,테마 편입 사유,4285.0,상승  85,2.02,4270.0,4285.0,85392.0,363.0,29293.0,,,0.449101,-1.4593971200000002,"6,936.99",338.12,5.12,2026-05-05 14:19:40
55,보안주(정보),0.84,049480,오픈베이스 *,테마 편입 사유,3310.0,상승  65,2.0,3310.0,3315.0,1434732.0,4731.0,1638167.0,,,0.449101,-1.4593971200000002,"6,936.99",338.12,5.12,2026-05-05 14:19:40
55,보안주(정보),0.84,317120,라닉스 *,테마 편입 사유,2520.0,상승  45,1.82,2520.0,2525.0,388200.0,984.0,370133.0,,,0.449101,-1.4593971200000002,"6,936.99",338.12,5.12,2026-05-05 14:19:40
55,보안주(정보),0.84,054920,한컴위드 *,테마 편입 사유,6980.0,상승  120,1.75,6970.0,6980.0,1266378.0,8973.0,1573135.0,,,0.449101,-1.4593971200000002,"6,936.99",338.12,5.12,2026-05-05 14:19:40
55,보안주(정보),0.84,286750,나노실리칸첨단소재 *,테마 편입 사유,1611.0,상승  22,1.38,1608.0,1611.0,120568.0,194.0,123965.0,,,0.449101,-1.4593971200000002,"6,936.99",338.12,5.12,2026-05-05 14:19:40
55,보안주(정보),0.84,434480,모니터랩 *,테마 편입 사유,4235.0,상승  55,1.32,4210.0,4235.0,115934.0,490.0,168893.0,,,0.449101,-1.4593971200000002,"6,936.99",338.12,5.12,2026-05-05 14:19:40
55,보안주(정보),0.84,430690,한싹 *,테마 편입 사유,4815.0,상승  55,1.16,4790.0,4815.0,161998.0,776.0,137601.0,,,0.449101,-1.4593971200000002,"6,936.99",338.12,5.12,2026-05-05 14:19:40
55,보안주(정보),0.84,053300,한국정보인증 *,테마 편입 사유,6500.0,상승  70,1.09,6500.0,6510.0,281943.0,1850.0,212539.0,,,0.449101,-1.4593971200000002,"6,936.99",338.12,5.12,2026-05-05 14:19:40
55,보안주(정보),0.84,214180,헥토이노베이션 *,테마 편입 사유,20800.0,상승  200,0.97,20800.0,20900.0,98555.0,2052.0,121817.0,,,0.449101,-1.4593971200000002,"6,936.99",338.12,5.12,2026-05-05 14:19:40
55,보안주(정보),0.84,041460,한국전자인증 *,테마 편입 사유,4195.0,상승  20,0.48,4195.0,4200.0,82857.0,348.0,113465.0,,,0.449101,-1.4593971200000002,"6,936.99",338.12,5.12,2026-05-05 14:19:40
55,보안주(정보),0.84,197140,디지캡 *,테마 편입 사유,2040.0,상승  5,0.25,2030.0,2040.0,5348.0,11.0,7030.0,,,0.449101,-1.4593971200000002,"6,936.99",338.12,5.12,2026-05-05 14:19:40
55,보안주(정보),0.84,411080,샌즈랩 *,테마 편입 사유,8240.0,상승  10,0.12,8230.0,8240.0,181933.0,1516.0,400644.0,,,0.449101,-1.4593971200000002,"6,936.99",338.12,5.12,2026-05-05 14:19:40
55,보안주(정보),0.84,290270,휴네시온 *,테마 편입 사유,4215.0,상승  5,0.12,4210.0,4215.0,100228.0,423.0,122773.0,,,0.449101,-1.4593971200000002,"6,936.99",338.12,5.12,2026-05-05 14:19:40
55,보안주(정보),0.84,049470,비트플래닛 *,테마 편입 사유,672.0,보합0,0.0,0.0,0.0,0.0,0.0,0.0,,,0.449101,-1.4593971200000002,"6,936.99",338.12,5.12,2026-05-05 14:19:40
55,보안주(정보),0.84,424760,벨로크 *,테마 편입 사유,1887.0,보합0,0.0,0.0,0.0,0.0,0.0,0.0,,,0.449101,-1.4593971200000002,"6,936.99",338.12,5.12,2026-05-05 14:19:40
55,보안주(정보),0.84,333050,이노테나 *,테마 편입 사유,1393.0,보합0,0.0,0.0,0.0,0.0,0.0,0.0,,,0.449101,-1.4593971200000002,"6,936.99",338.12,5.12,2026-05-05 14:19:40
55,보안주(정보),0.84,075130,플랜티넷 *,테마 편입 사유,2500.0,보합0,0.0,2485.0,2500.0,64013.0,159.0,72705.0,,,0.449101,-1.4593971200000002,"6,936.99",338.12,5.12,2026-05-05 14:19:40
55,보안주(정보),0.84,258790,소프트캠프 *,테마 편입 사유,1718.0,보합0,0.0,0.0,0.0,0.0,0.0,1311555.0,,,0.449101,-1.4593971200000002,"6,936.99",338.12,5.12,2026-05-05 14:19:40
55,보안주(정보),0.84,184230,SGA솔루션즈 *,테마 편입 사유,754.0,보합0,0.0,0.0,0.0,0.0,0.0,5566857.0,,,0.449101,-1.4593971200000002,"6,936.99",338.12,5.12,2026-05-05 14:19:40
55,보안주(정보),0.84,208350,지란지교시큐리티 *,테마 편입 사유,3385.0,보합0,0.0,3380.0,3385.0,70607.0,239.0,58748.0,,,0.449101,-1.4593971200000002,"6,936.99",338.12,5.12,2026-05-05 14:19:40
55,보안주(정보),0.84,047560,이스트소프트 *,테마 편입 사유,14580.0,하락  20,-0.14,14570.0,14580.0,54965.0,806.0,54776.0,,,0.449101,-1.4593971200000002,"6,936.99",338.12,5.12,2026-05-05 14:19:40
55,보안주(정보),0.84,053800,안랩 *,테마 편입 사유,63000.0,하락  100,-0.16,63000.0,63100.0,37586.0,2376.0,38163.0,,,0.449101,-1.4593971200000002,"6,936.99",338.12,5.12,2026-05-05 14:19:40
55,보안주(정보),0.84,050960,수산아이앤티 *,테마 편입 사유,9500.0,하락  40,-0.42,9460.0,9500.0,22211.0,212.0,12936.0,,,0.449101,-1.4593971200000002,"6,936.99",338.12,5.12,2026-05-05 14:19:40
55,보안주(정보),0.84,0015S0,페스카로 *,테마 편입 사유,14980.0,하락  110,-0.73,14970.0,14980.0,80846.0,1228.0,77135.0,,,0.449101,-1.4593971200000002,"6,936.99",338.12,5.12,2026-05-05 14:19:40
55,보안주(정보),0.84,053350,이니텍 *,테마 편입 사유,2990.0,하락  25,-0.83,2980.0,2990.0,104488.0,313.0,70324.0,,,0.449101,-1.4593971200000002,"6,936.99",338.12,5.12,2026-05-05 14:19:40
55,보안주(정보),0.84,356890,싸이버원 *,테마 편입 사유,3785.0,하락  40,-1.05,3785.0,3805.0,191586.0,737.0,257576.0,,,0.449101,-1.4593971200000002,"6,936.99",338.12,5.12,2026-05-05 14:19:40
55,보안주(정보),0.84,150900,파수에이아이 *,테마 편입 사유,5600.0,하락  60,-1.06,5590.0,5600.0,423520.0,2410.0,702500.0,,,0.449101,-1.4593971200000002,"6,936.99",338.12,5.12,2026-05-05 14:19:40
55,보안주(정보),0.84,247660,나노씨엠에스 *,테마 편입 사유,4840.0,하락  75,-1.53,4840.0,4850.0,26064.0,126.0,16896.0,,,0.449101,-1.4593971200000002,"6,936.99",338.12,5.12,2026-05-05 14:19:40
55,보안주(정보),0.84,275630,에스에스알 *,테마 편입 사유,4105.0,하락  65,-1.56,4105.0,4110.0,23020.0,94.0,23762.0,,,0.449101,-1.4593971200000002,"6,936.99",338.12,5.12,2026-05-05 14:19:40
55,보안주(정보),0.84,170790,파이오링크 *,테마 편입 사유,11200.0,하락  180,-1.58,11200.0,11220.0,57803.0,647.0,40699.0,,,0.449101,-1.4593971200000002,"6,936.99",338.12,5.12,2026-05-05 14:19:40
55,보안주(정보),0.84,067920,이글루 *,테마 편입 사유,7050.0,하락  140,-1.95,7040.0,7050.0,81222.0,576.0,54235.0,,,0.449101,-1.4593971200000002,"6,936.99",338.12,5.12,2026-05-05 14:19:40
55,보안주(정보),0.84,136540,윈스테크넷 *,테마 편입 사유,12730.0,하락  270,-2.08,12720.0,12730.0,159406.0,2030.0,206399.0,,,0.449101,-1.4593971200000002,"6,936.99",338.12,5.12,2026-05-05 14:19:40
55,보안주(정보),0.84,331740,아우토크립트 *,테마 편입 사유,14810.0,하락  430,-2.82,14810.0,14830.0,132749.0,1982.0,133835.0,,,0.449101,-1.4593971200000002,"6,936.99",338.12,5.12,2026-05-05 14:19:40
55,보안주(정보),0.84,290560,파라택시스이더리움 *,테마 편입 사유,1730.0,하락  65,-3.62,1730.0,1735.0,86465.0,153.0,92483.0,,,0.449101,-1.4593971200000002,"6,936.99",338.12,5.12,2026-05-05 14:19:40
55,보안주(정보),0.84,012750,에스원,테마 편입 사유,78300.0,"하락  7,800",-9.06,78300.0,78400.0,192810.0,15290.0,39500.0,,,0.449101,-1.4593971200000002,"6,936.99",338.12,5.12,2026-05-05 14:19:40
55,보안주(정보),0.84,057680,티사이언티픽 *,테마 편입 사유,2635.0,하락  325,-10.98,2630.0,2635.0,360479.0,970.0,283002.0,,,0.449101,-1.4593971200000002,"6,936.99",338.12,5.12,2026-05-05 14:19:40
513,미용기기,-0.37,214450,파마리서치 *,테마 편입 사유,339000.0,"상승  25,500",8.13,339000.0,339500.0,254668.0,87880.0,86878.0,,,0.212743,-1.45924416,"6,936.99",338.12,5.12,2026-05-05 14:19:40
513,미용기기,-0.37,145020,휴젤 *,테마 편입 사유,261500.0,"상승  9,000",3.56,261500.0,263000.0,44547.0,11762.0,53478.0,,,0.212743,-1.45924416,"6,936.99",338.12,5.12,2026-05-05 14:19:40
513,미용기기,-0.37,199550,레이저옵텍 *,테마 편입 사유,5500.0,상승  70,1.29,5500.0,5520.0,36545.0,201.0,34457.0,,,0.212743,-1.45924416,"6,936.99",338.12,5.12,2026-05-05 14:19:40
513,미용기기,-0.37,214150,클래시스 *,테마 편입 사유,56300.0,상승  700,1.26,56300.0,56400.0,160956.0,9188.0,182217.0,,,0.212743,-1.45924416,"6,936.99",338.12,5.12,2026-05-05 14:19:40
513,미용기기,-0.37,256840,한국비엔씨 *,테마 편입 사유,4025.0,상승  45,1.13,4020.0,4025.0,304427.0,1231.0,376617.0,,,0.212743,-1.45924416,"6,936.99",338.12,5.12,2026-05-05 14:19:40
513,미용기기,-0.37,278470,에이피알,테마 편입 사유,428500.0,"상승  4,000",0.94,428000.0,428500.0,341305.0,145435.0,365671.0,,,0.212743,-1.45924416,"6,936.99",338.12,5.12,2026-05-05 14:19:40
513,미용기기,-0.37,200670,휴메딕스 *,테마 편입 사유,35650.0,상승  300,0.85,35650.0,35750.0,33458.0,1208.0,55740.0,,,0.212743,-1.45924416,"6,936.99",338.12,5.12,2026-05-05 14:19:40
513,미용기기,-0.37,450950,아스테라시스 *,테마 편입 사유,11450.0,상승  80,0.7,11440.0,11450.0,36378.0,418.0,28042.0,,,0.212743,-1.45924416,"6,936.99",338.12,5.12,2026-05-05 14:19:40
513,미용기기,-0.37,086900,메디톡스 *,테마 편입 사유,105500.0,보합0,0.0,105500.0,105700.0,32629.0,3440.0,30718.0,,,0.212743,-1.45924416,"6,936.99",338.12,5.12,2026-05-05 14:19:40
513,미용기기,-0.37,219750,한국비티비 *,테마 편입 사유,805.0,하락  1,-0.12,804.0,805.0,49952.0,40.0,33235.0,,,0.212743,-1.45924416,"6,936.99",338.12,5.12,2026-05-05 14:19:40
513,미용기기,-0.37,336570,원텍 *,테마 편입 사유,7300.0,하락  20,-0.27,7300.0,7320.0,299901.0,2220.0,352508.0,,,0.212743,-1.45924416,"6,936.99",338.12,5.12,2026-05-05 14:19:40
513,미용기기,-0.37,069620,대웅제약,테마 편입 사유,147700.0,하락  600,-0.4,147700.0,148000.0,27425.0,4074.0,29447.0,,,0.212743,-1.45924416,"6,936.99",338.12,5.12,2026-05-05 14:19:40
513,미용기기,-0.37,216080,제테마 *,테마 편입 사유,6990.0,하락  40,-0.57,6960.0,6990.0,196384.0,1375.0,351564.0,,,0.212743,-1.45924416,"6,936.99",338.12,5.12,2026-05-05 14:19:40
513,미용기기,-0.37,483650,달바글로벌,테마 편입 사유,223500.0,"하락  2,500",-1.11,223500.0,224000.0,103858.0,23261.0,171189.0,,,0.212743,-1.45924416,"6,936.99",338.12,5.12,2026-05-05 14:19:40
513,미용기기,-0.37,000100,유한양행,테마 편입 사유,90500.0,"하락  1,100",-1.2,90400.0,90500.0,352126.0,32066.0,237957.0,,,0.212743,-1.45924416,"6,936.99",338.12,5.12,2026-05-05 14:19:40
513,미용기기,-0.37,240550,동방메디컬 *,테마 편입 사유,6900.0,하락  90,-1.29,6900.0,6910.0,90929.0,636.0,126185.0,,,0.212743,-1.45924416,"6,936.99",338.12,5.12,2026-05-05 14:19:40
513,미용기기,-0.37,084110,휴온스글로벌 *,테마 편입 사유,62000.0,"하락  1,100",-1.74,62000.0,62400.0,51163.0,3204.0,46636.0,,,0.212743,-1.45924416,"6,936.99",338.12,5.12,2026-05-05 14:19:40
513,미용기기,-0.37,462510,라메디텍 *,테마 편입 사유,4810.0,하락  110,-2.24,4810.0,4820.0,41120.0,201.0,30228.0,,,0.212743,-1.45924416,"6,936.99",338.12,5.12,2026-05-05 14:19:40
513,미용기기,-0.37,149980,하이로닉 *,테마 편입 사유,7300.0,"하락  1,380",-15.9,7300.0,7310.0,3288755.0,26629.0,0.0,,,0.212743,-1.45924416,"6,936.99",338.12,5.12,2026-05-05 14:19:40
462,UAM(도심항공모빌리티),1.16,047810,한국항공우주,테마 편입 사유,180000.0,"상승  11,000",6.51,179900.0,180000.0,1885749.0,337238.0,947951.0,,,0.511028,-1.4564633600000005,"6,936.99",338.12,5.12,2026-05-05 14:19:40
462,UAM(도심항공모빌리티),1.16,010820,퍼스텍,테마 편입 사유,14270.0,상승  770,5.7,14270.0,14280.0,1797341.0,24659.0,1367138.0,,,0.511028,-1.4564633600000005,"6,936.99",338.12,5.12,2026-05-05 14:19:40
462,UAM(도심항공모빌리티),1.16,306620,지아이에스 *,테마 편입 사유,3410.0,상승  165,5.08,3410.0,3415.0,1326912.0,4493.0,1000174.0,,,0.511028,-1.4564633600000005,"6,936.99",338.12,5.12,2026-05-05 14:19:40
462,UAM(도심항공모빌리티),1.16,079550,LIG디펜스앤에어로스페이스,테마 편입 사유,983000.0,"상승  42,000",4.46,983000.0,984000.0,295511.0,284024.0,244235.0,,,0.511028,-1.4564633600000005,"6,936.99",338.12,5.12,2026-05-05 14:19:40
462,UAM(도심항공모빌리티),1.16,012450,한화에어로스페이스,테마 편입 사유,1465000.0,"상승  48,000",3.39,1464000.0,1465000.0,195389.0,286177.0,236243.0,,,0.511028,-1.4564633600000005,"6,936.99",338.12,5.12,2026-05-05 14:19:40
462,UAM(도심항공모빌리티),1.16,017670,SK텔레콤,테마 편입 사유,97400.0,"상승  2,300",2.42,97300.0,97400.0,522944.0,50587.0,1154339.0,,,0.511028,-1.4564633600000005,"6,936.99",338.12,5.12,2026-05-05 14:19:40
462,UAM(도심항공모빌리티),1.16,272210,한화시스템,테마 편입 사유,119700.0,"상승  2,400",2.05,119600.0,119700.0,656885.0,78448.0,765071.0,,,0.511028,-1.4564633600000005,"6,936.99",338.12,5.12,2026-05-05 14:19:40
462,UAM(도심항공모빌리티),1.16,005380,현대차,테마 편입 사유,539000.0,"상승  8,000",1.51,539000.0,540000.0,854165.0,461102.0,1150241.0,,,0.511028,-1.4564633600000005,"6,936.99",338.12,5.12,2026-05-05 14:19:40
462,UAM(도심항공모빌리티),1.16,035460,기산텔레콤 *,테마 편입 사유,3890.0,상승  55,1.43,3885.0,3890.0,1307475.0,5131.0,1887127.0,,,0.511028,-1.4564633600000005,"6,936.99",338.12,5.12,2026-05-05 14:19:40
462,UAM(도심항공모빌리티),1.16,200880,서연이화,테마 편입 사유,14310.0,상승  200,1.42,14310.0,14320.0,84609.0,1211.0,79724.0,,,0.511028,-1.4564633600000005,"6,936.99",338.12,5.12,2026-05-05 14:19:40
462,UAM(도심항공모빌리티),1.16,274090,켄코아에어로스페이스 *,테마 편입 사유,21950.0,상승  300,1.39,21950.0,22000.0,328946.0,7287.0,345940.0,,,0.511028,-1.4564633600000005,"6,936.99",338.12,5.12,2026-05-05 14:19:40
462,UAM(도심항공모빌리티),1.16,368770,파이버프로 *,테마 편입 사유,23850.0,상승  300,1.27,23850.0,23900.0,1017.0,24.0,675600.0,,,0.511028,-1.4564633600000005,"6,936.99",338.12,5.12,2026-05-05 14:19:40
462,UAM(도심항공모빌리티),1.16,032640,LG유플러스,테마 편입 사유,15990.0,상승  150,0.95,15990.0,16000.0,610429.0,9744.0,1050062.0,,,0.511028,-1.4564633600000005,"6,936.99",338.12,5.12,2026-05-05 14:19:40
462,UAM(도심항공모빌리티),1.16,066590,스모트로닉 *,테마 편입 사유,2770.0,상승  10,0.36,2755.0,2770.0,148600.0,407.0,254893.0,,,0.511028,-1.4564633600000005,"6,936.99",338.12,5.12,2026-05-05 14:19:40
462,UAM(도심항공모빌리티),1.16,089590,제주항공,테마 편입 사유,5320.0,상승  10,0.19,5320.0,5340.0,291343.0,1562.0,160484.0,,,0.511028,-1.4564633600000005,"6,936.99",338.12,5.12,2026-05-05 14:19:40
462,UAM(도심항공모빌리티),1.16,004270,남성,테마 편입 사유,753.0,보합0,0.0,0.0,0.0,0.0,0.0,0.0,,,0.511028,-1.4564633600000005,"6,936.99",338.12,5.12,2026-05-05 14:19:40
462,UAM(도심항공모빌리티),1.16,177350,베셀 *,테마 편입 사유,1038.0,하락  1,-0.1,1038.0,1039.0,192540.0,201.0,190662.0,,,0.511028,-1.4564633600000005,"6,936.99",338.12,5.12,2026-05-05 14:19:40
462,UAM(도심항공모빌리티),1.16,003490,대한항공,테마 편입 사유,24500.0,하락  50,-0.2,24500.0,24550.0,1317983.0,32387.0,1719119.0,,,0.511028,-1.4564633600000005,"6,936.99",338.12,5.12,2026-05-05 14:19:40
462,UAM(도심항공모빌리티),1.16,035720,카카오,테마 편입 사유,47100.0,하락  200,-0.42,47050.0,47100.0,1520475.0,71746.0,1484406.0,,,0.511028,-1.4564633600000005,"6,936.99",338.12,5.12,2026-05-05 14:19:40
462,UAM(도심항공모빌리티),1.16,030200,KT,테마 편입 사유,60600.0,하락  300,-0.49,60500.0,60600.0,264542.0,16006.0,386946.0,,,0.511028,-1.4564633600000005,"6,936.99",338.12,5.12,2026-05-05 14:19:40
462,UAM(도심항공모빌리티),1.16,002350,넥센타이어,테마 편입 사유,7350.0,하락  80,-1.08,7350.0,7370.0,221825.0,1643.0,349907.0,,,0.511028,-1.4564633600000005,"6,936.99",338.12,5.12,2026-05-05 14:19:40
462,UAM(도심항공모빌리티),1.16,078930,GS,테마 편입 사유,80900.0,"하락  1,000",-1.22,80800.0,80900.0,293831.0,23766.0,369316.0,,,0.511028,-1.4564633600000005,"6,936.99",338.12,5.12,2026-05-05 14:19:40
462,UAM(도심항공모빌리티),1.16,000720,현대건설,테마 편입 사유,159400.0,"하락  2,400",-1.48,159400.0,159500.0,1088761.0,172806.0,1239416.0,,,0.511028,-1.4564633600000005,"6,936.99",338.12,5.12,2026-05-05 14:19:40
462,UAM(도심항공모빌리티),1.16,017960,한국카본,테마 편입 사유,48800.0,하락  750,-1.51,48800.0,48850.0,351823.0,17121.0,417170.0,,,0.511028,-1.4564633600000005,"6,936.99",338.12,5.12,2026-05-05 14:19:40
462,UAM(도심항공모빌리티),1.16,221840,하이즈항공 *,테마 편입 사유,2900.0,하락  80,-2.68,2895.0,2900.0,45676.0,136.0,70288.0,,,0.511028,-1.4564633600000005,"6,936.99",338.12,5.12,2026-05-05 14:19:40
330,페인트,-0.86,002380,KCC,테마 편입 사유,574000.0,"상승  19,000",3.42,574000.0,575000.0,32938.0,18641.0,27147.0,,,0.111751,-1.43216512,"6,936.99",338.12,5.12,2026-05-05 14:19:40
330,페인트,-0.86,000320,노루홀딩스,테마 편입 사유,22000.0,하락  100,-0.45,22000.0,22050.0,24005.0,529.0,10324.0,,,0.111751,-1.43216512,"6,936.99",338.12,5.12,2026-05-05 14:19:40
330,페인트,-0.86,007210,벽산,테마 편입 사유,2180.0,하락  20,-0.91,2180.0,2185.0,1040943.0,2283.0,1912705.0,,,0.111751,-1.43216512,"6,936.99",338.12,5.12,2026-05-05 14:19:40
330,페인트,-0.86,004910,조광페인트,테마 편입 사유,4825.0,하락  45,-0.92,4760.0,4825.0,99599.0,479.0,60368.0,,,0.111751,-1.43216512,"6,936.99",338.12,5.12,2026-05-05 14:19:40
330,페인트,-0.86,090350,노루페인트,테마 편입 사유,8730.0,하락  100,-1.13,8730.0,8740.0,100924.0,886.0,85472.0,,,0.111751,-1.43216512,"6,936.99",338.12,5.12,2026-05-05 14:19:40
330,페인트,-0.86,006840,AK홀딩스,테마 편입 사유,8390.0,하락  170,-1.99,8390.0,8460.0,29173.0,245.0,6234.0,,,0.111751,-1.43216512,"6,936.99",338.12,5.12,2026-05-05 14:19:40
330,페인트,-0.86,000390,SP삼화,테마 편입 사유,9260.0,하락  190,-2.01,9260.0,9270.0,541457.0,5103.0,749699.0,,,0.111751,-1.43216512,"6,936.99",338.12,5.12,2026-05-05 14:19:40
330,페인트,-0.86,000860,강남제비스코,테마 편입 사유,16350.0,하락  490,-2.91,16350.0,16360.0,30952.0,511.0,30500.0,,,0.111751,-1.43216512,"6,936.99",338.12,5.12,2026-05-05 14:19:40
48,영화,-0.4,389140,포바이포 *,테마 편입 사유,9170.0,상승  300,3.38,9170.0,9180.0,333903.0,3065.0,264689.0,,,0.200322,-1.42564864,"6,936.99",338.12,5.12,2026-05-05 14:19:40
48,영화,-0.4,023530,롯데쇼핑,테마 편입 사유,138500.0,"상승  3,200",2.37,138100.0,138500.0,143107.0,19647.0,133222.0,,,0.200322,-1.42564864,"6,936.99",338.12,5.12,2026-05-05 14:19:40
48,영화,-0.4,079160,CJ CGV,테마 편입 사유,4965.0,상승  30,0.61,4965.0,4970.0,501048.0,2503.0,318428.0,,,0.200322,-1.42564864,"6,936.99",338.12,5.12,2026-05-05 14:19:40
48,영화,-0.4,035760,CJ ENM *,테마 편입 사유,54200.0,상승  100,0.18,54200.0,54300.0,34394.0,1874.0,71361.0,,,0.200322,-1.42564864,"6,936.99",338.12,5.12,2026-05-05 14:19:40
48,영화,-0.4,018700,바른손 *,테마 편입 사유,561.0,보합0,0.0,0.0,0.0,0.0,0.0,0.0,,,0.200322,-1.42564864,"6,936.99",338.12,5.12,2026-05-05 14:19:40
48,영화,-0.4,035620,바른손이앤에이 *,테마 편입 사유,243.0,보합0,0.0,0.0,0.0,0.0,0.0,0.0,,,0.200322,-1.42564864,"6,936.99",338.12,5.12,2026-05-05 14:19:40
48,영화,-0.4,036420,콘텐트리중앙,테마 편입 사유,5990.0,하락  60,-0.99,5990.0,6000.0,87453.0,526.0,45947.0,,,0.200322,-1.42564864,"6,936.99",338.12,5.12,2026-05-05 14:19:40
48,영화,-0.4,086980,쇼박스 *,테마 편입 사유,2960.0,하락  30,-1.0,2955.0,2960.0,338270.0,1004.0,358695.0,,,0.200322,-1.42564864,"6,936.99",338.12,5.12,2026-05-05 14:19:40
48,영화,-0.4,160550,NEW *,테마 편입 사유,1744.0,하락  29,-1.64,1744.0,1747.0,108956.0,191.0,75388.0,,,0.200322,-1.42564864,"6,936.99",338.12,5.12,2026-05-05 14:19:40
48,영화,-0.4,037760,쎄니트 *,테마 편입 사유,2325.0,하락  40,-1.69,2320.0,2325.0,34624.0,80.0,42056.0,,,0.200322,-1.42564864,"6,936.99",338.12,5.12,2026-05-05 14:19:40
48,영화,-0.4,012170,아센디오,테마 편입 사유,1314.0,하락  27,-2.01,1314.0,1316.0,26254.0,34.0,21348.0,,,0.200322,-1.42564864,"6,936.99",338.12,5.12,2026-05-05 14:19:40
48,영화,-0.4,206560,덱스터 *,테마 편입 사유,2600.0,하락  110,-4.06,2600.0,2605.0,161758.0,425.0,130989.0,,,0.200322,-1.42564864,"6,936.99",338.12,5.12,2026-05-05 14:19:40
266,겨울,-0.66,111770,영원무역,테마 편입 사유,85500.0,"상승  2,600",3.14,85200.0,85500.0,73745.0,6289.0,95827.0,,,0.149005,-1.4229056,"6,936.99",338.12,5.12,2026-05-05 14:19:40
266,겨울,-0.66,009290,광동제약,테마 편입 사유,8350.0,상승  80,0.97,8340.0,8350.0,226772.0,1919.0,251299.0,,,0.149005,-1.4229056,"6,936.99",338.12,5.12,2026-05-05 14:19:40
266,겨울,-0.66,015360,INVENI,테마 편입 사유,16210.0,상승  140,0.87,16210.0,16250.0,71795.0,1172.0,36749.0,,,0.149005,-1.4229056,"6,936.99",338.12,5.12,2026-05-05 14:19:40
266,겨울,-0.66,004690,삼천리,테마 편입 사유,148500.0,상승  900,0.61,148000.0,148500.0,14343.0,2114.0,19363.0,,,0.149005,-1.4229056,"6,936.99",338.12,5.12,2026-05-05 14:19:40
266,겨울,-0.66,006280,녹십자,테마 편입 사유,137500.0,상승  400,0.29,137400.0,137500.0,26719.0,3675.0,41178.0,,,0.149005,-1.4229056,"6,936.99",338.12,5.12,2026-05-05 14:19:40
266,겨울,-0.66,008470,부스타 *,테마 편입 사유,3880.0,상승  10,0.26,3875.0,3880.0,11662.0,45.0,9601.0,,,0.149005,-1.4229056,"6,936.99",338.12,5.12,2026-05-05 14:19:40
266,겨울,-0.66,267290,경동도시가스,테마 편입 사유,23000.0,보합0,0.0,22950.0,23000.0,11633.0,267.0,8477.0,,,0.149005,-1.4229056,"6,936.99",338.12,5.12,2026-05-05 14:19:40
266,겨울,-0.66,071320,지역난방공사,테마 편입 사유,76300.0,하락  200,-0.26,76300.0,76400.0,16934.0,1292.0,36761.0,,,0.149005,-1.4229056,"6,936.99",338.12,5.12,2026-05-05 14:19:40
266,겨울,-0.66,034590,인천도시가스,테마 편입 사유,26850.0,하락  100,-0.37,26850.0,26900.0,3247.0,87.0,2102.0,,,0.149005,-1.4229056,"6,936.99",338.12,5.12,2026-05-05 14:19:40
266,겨울,-0.66,005610,삼립,테마 편입 사유,49500.0,하락  200,-0.4,49450.0,49500.0,8081.0,401.0,4484.0,,,0.149005,-1.4229056,"6,936.99",338.12,5.12,2026-05-05 14:19:40
266,겨울,-0.66,002700,신일전자,테마 편입 사유,1465.0,하락  9,-0.61,1465.0,1468.0,730802.0,1081.0,562801.0,,,0.149005,-1.4229056,"6,936.99",338.12,5.12,2026-05-05 14:19:40
266,겨울,-0.66,000020,동화약품,테마 편입 사유,6000.0,하락  60,-0.99,6000.0,6010.0,84195.0,507.0,50336.0,,,0.149005,-1.4229056,"6,936.99",338.12,5.12,2026-05-05 14:19:40
266,겨울,-0.66,009450,경동나비엔,테마 편입 사유,76900.0,하락  800,-1.03,76700.0,76900.0,75285.0,5817.0,161900.0,,,0.149005,-1.4229056,"6,936.99",338.12,5.12,2026-05-05 14:19:40
266,겨울,-0.66,016710,대성홀딩스,테마 편입 사유,8540.0,하락  100,-1.16,8530.0,8540.0,50386.0,430.0,11289.0,,,0.149005,-1.4229056,"6,936.99",338.12,5.12,2026-05-05 14:19:40
266,겨울,-0.66,000100,유한양행,테마 편입 사유,90500.0,"하락  1,100",-1.2,90400.0,90500.0,352126.0,32066.0,237957.0,,,0.149005,-1.4229056,"6,936.99",338.12,5.12,2026-05-05 14:19:40
266,겨울,-0.66,037070,파세코 *,테마 편입 사유,9660.0,하락  120,-1.23,9660.0,9670.0,107713.0,1053.0,61961.0,,,0.149005,-1.4229056,"6,936.99",338.12,5.12,2026-05-05 14:19:40
266,겨울,-0.66,036460,한국가스공사,테마 편입 사유,38600.0,하락  500,-1.28,38600.0,38650.0,267505.0,10364.0,395777.0,,,0.149005,-1.4229056,"6,936.99",338.12,5.12,2026-05-05 14:19:40
266,겨울,-0.66,017390,서울가스,테마 편입 사유,64300.0,"하락  1,100",-1.68,64200.0,64300.0,10105.0,651.0,9231.0,,,0.149005,-1.4229056,"6,936.99",338.12,5.12,2026-05-05 14:19:40
266,겨울,-0.66,215000,골프존 *,테마 편입 사유,50400.0,하락  900,-1.75,50400.0,50500.0,24485.0,1241.0,23892.0,,,0.149005,-1.4229056,"6,936.99",338.12,5.12,2026-05-05 14:19:40
266,겨울,-0.66,053050,지에스이 *,테마 편입 사유,2550.0,하락  60,-2.3,2545.0,2550.0,411440.0,1054.0,725302.0,,,0.149005,-1.4229056,"6,936.99",338.12,5.12,2026-05-05 14:19:40
266,겨울,-0.66,117580,대성에너지,테마 편입 사유,8910.0,하락  280,-3.05,8910.0,8920.0,408475.0,3665.0,530426.0,,,0.149005,-1.4229056,"6,936.99",338.12,5.12,2026-05-05 14:19:40
266,겨울,-0.66,128940,한미약품,테마 편입 사유,445000.0,"하락  15,000",-3.26,445000.0,445500.0,111138.0,49784.0,142664.0,,,0.149005,-1.4229056,"6,936.99",338.12,5.12,2026-05-05 14:19:40
571,밸류업(25년 기업가치 제고계획 발표),0.92,402340,SK스퀘어,테마 편입 사유,991000.0,"상승  150,000",17.84,991000.0,992000.0,1195847.0,1147403.0,623120.0,,,0.456112,-1.4152934400000001,"6,936.99",338.12,5.12,2026-05-05 14:19:40
571,밸류업(25년 기업가치 제고계획 발표),0.92,383220,F&F,테마 편입 사유,76600.0,"상승  9,700",14.5,76500.0,76600.0,424940.0,32646.0,59447.0,,,0.456112,-1.4152934400000001,"6,936.99",338.12,5.12,2026-05-05 14:19:40
571,밸류업(25년 기업가치 제고계획 발표),0.92,319660,피에스케이 *,테마 편입 사유,100100.0,"상승  11,400",12.85,100100.0,100200.0,476581.0,46420.0,278678.0,,,0.456112,-1.4152934400000001,"6,936.99",338.12,5.12,2026-05-05 14:19:40
571,밸류업(25년 기업가치 제고계획 발표),0.92,071050,한국금융지주,테마 편입 사유,262000.0,"상승  22,000",9.17,261500.0,262000.0,446872.0,115507.0,310069.0,,,0.456112,-1.4152934400000001,"6,936.99",338.12,5.12,2026-05-05 14:19:40
571,밸류업(25년 기업가치 제고계획 발표),0.92,047810,한국항공우주,테마 편입 사유,180000.0,"상승  11,000",6.51,179900.0,180000.0,1885749.0,337238.0,947951.0,,,0.456112,-1.4152934400000001,"6,936.99",338.12,5.12,2026-05-05 14:19:40
571,밸류업(25년 기업가치 제고계획 발표),0.92,001500,현대차증권,테마 편입 사유,11650.0,상승  680,6.2,11650.0,11660.0,1099303.0,12859.0,254335.0,,,0.456112,-1.4152934400000001,"6,936.99",338.12,5.12,2026-05-05 14:19:40
571,밸류업(25년 기업가치 제고계획 발표),0.92,031980,피에스케이홀딩스 *,테마 편입 사유,132000.0,"상승  7,700",6.19,132000.0,132300.0,212679.0,27738.0,137941.0,,,0.456112,-1.4152934400000001,"6,936.99",338.12,5.12,2026-05-05 14:19:40
571,밸류업(25년 기업가치 제고계획 발표),0.92,067310,하나마이크론 *,테마 편입 사유,42050.0,"상승  2,350",5.92,42050.0,42100.0,3545894.0,151394.0,1271190.0,,,0.456112,-1.4152934400000001,"6,936.99",338.12,5.12,2026-05-05 14:19:40
571,밸류업(25년 기업가치 제고계획 발표),0.92,003540,대신증권,테마 편입 사유,39950.0,"상승  2,000",5.27,39950.0,40000.0,313306.0,12501.0,112708.0,,,0.456112,-1.4152934400000001,"6,936.99",338.12,5.12,2026-05-05 14:19:40
571,밸류업(25년 기업가치 제고계획 발표),0.92,161390,한국타이어앤테크놀로지,테마 편입 사유,61500.0,"상승  2,300",3.89,61500.0,61600.0,387739.0,23952.0,525571.0,,,0.456112,-1.4152934400000001,"6,936.99",338.12,5.12,2026-05-05 14:19:40
571,밸류업(25년 기업가치 제고계획 발표),0.92,241690,유니테크노 *,테마 편입 사유,4015.0,상승  150,3.88,4015.0,4020.0,341635.0,1384.0,301552.0,,,0.456112,-1.4152934400000001,"6,936.99",338.12,5.12,2026-05-05 14:19:40
571,밸류업(25년 기업가치 제고계획 발표),0.92,056190,에스에프에이 *,테마 편입 사유,32550.0,"상승  1,150",3.66,32550.0,32600.0,136196.0,4436.0,193856.0,,,0.456112,-1.4152934400000001,"6,936.99",338.12,5.12,2026-05-05 14:19:40
571,밸류업(25년 기업가치 제고계획 발표),0.92,078340,컴투스 *,테마 편입 사유,33900.0,"상승  1,150",3.51,33900.0,33950.0,119753.0,4058.0,56895.0,,,0.456112,-1.4152934400000001,"6,936.99",338.12,5.12,2026-05-05 14:19:40
571,밸류업(25년 기업가치 제고계획 발표),0.92,002380,KCC,테마 편입 사유,574000.0,"상승  19,000",3.42,574000.0,575000.0,32938.0,18641.0,27147.0,,,0.456112,-1.4152934400000001,"6,936.99",338.12,5.12,2026-05-05 14:19:40
571,밸류업(25년 기업가치 제고계획 발표),0.92,012450,한화에어로스페이스,테마 편입 사유,1465000.0,"상승  48,000",3.39,1464000.0,1465000.0,195389.0,286177.0,236243.0,,,0.456112,-1.4152934400000001,"6,936.99",338.12,5.12,2026-05-05 14:19:40
571,밸류업(25년 기업가치 제고계획 발표),0.92,090850,현대이지웰 *,테마 편입 사유,6420.0,상승  200,3.22,6410.0,6420.0,106384.0,679.0,36661.0,,,0.456112,-1.4152934400000001,"6,936.99",338.12,5.12,2026-05-05 14:19:40
571,밸류업(25년 기업가치 제고계획 발표),0.92,011200,HMM,테마 편입 사유,21150.0,상승  650,3.17,21100.0,21150.0,2366415.0,50541.0,1013500.0,,,0.456112,-1.4152934400000001,"6,936.99",338.12,5.12,2026-05-05 14:19:40
571,밸류업(25년 기업가치 제고계획 발표),0.92,111770,영원무역,테마 편입 사유,85500.0,"상승  2,600",3.14,85200.0,85500.0,73745.0,6289.0,95827.0,,,0.456112,-1.4152934400000001,"6,936.99",338.12,5.12,2026-05-05 14:19:40
571,밸류업(25년 기업가치 제고계획 발표),0.92,259630,엠플러스 *,테마 편입 사유,18060.0,상승  510,2.91,18060.0,18070.0,480290.0,8796.0,346911.0,,,0.456112,-1.4152934400000001,"6,936.99",338.12,5.12,2026-05-05 14:19:40
571,밸류업(25년 기업가치 제고계획 발표),0.92,042700,한미반도체,테마 편입 사유,378000.0,"상승  10,000",2.72,377500.0,378000.0,1064176.0,400885.0,2575384.0,,,0.456112,-1.4152934400000001,"6,936.99",338.12,5.12,2026-05-05 14:19:40
571,밸류업(25년 기업가치 제고계획 발표),0.92,000810,삼성화재,테마 편입 사유,473500.0,"상승  12,500",2.71,473500.0,474000.0,116921.0,54911.0,166163.0,,,0.456112,-1.4152934400000001,"6,936.99",338.12,5.12,2026-05-05 14:19:40
571,밸류업(25년 기업가치 제고계획 발표),0.92,272210,한화시스템,테마 편입 사유,119700.0,"상승  2,400",2.05,119600.0,119700.0,656885.0,78448.0,765071.0,,,0.456112,-1.4152934400000001,"6,936.99",338.12,5.12,2026-05-05 14:19:40
571,밸류업(25년 기업가치 제고계획 발표),0.92,000990,DB하이텍,테마 편입 사유,161700.0,"상승  3,200",2.02,161700.0,161800.0,566598.0,90771.0,580177.0,,,0.456112,-1.4152934400000001,"6,936.99",338.12,5.12,2026-05-05 14:19:40
571,밸류업(25년 기업가치 제고계획 발표),0.92,183300,코미코 *,테마 편입 사유,144200.0,"상승  2,600",1.84,143500.0,144200.0,107673.0,15539.0,88848.0,,,0.456112,-1.4152934400000001,"6,936.99",338.12,5.12,2026-05-05 14:19:40
571,밸류업(25년 기업가치 제고계획 발표),0.92,009970,영원무역홀딩스,테마 편입 사유,211500.0,"상승  3,500",1.68,211000.0,211500.0,16165.0,3428.0,13097.0,,,0.456112,-1.4152934400000001,"6,936.99",338.12,5.12,2026-05-05 14:19:40
571,밸류업(25년 기업가치 제고계획 발표),0.92,004490,세방전지,테마 편입 사유,67100.0,"상승  1,100",1.67,66800.0,67100.0,52133.0,3492.0,64789.0,,,0.456112,-1.4152934400000001,"6,936.99",338.12,5.12,2026-05-05 14:19:40
571,밸류업(25년 기업가치 제고계획 발표),0.92,064760,티씨케이 *,테마 편입 사유,298500.0,"상승  4,500",1.53,298000.0,298500.0,56366.0,16831.0,63537.0,,,0.456112,-1.4152934400000001,"6,936.99",338.12,5.12,2026-05-05 14:19:40
571,밸류업(25년 기업가치 제고계획 발표),0.92,138040,메리츠금융지주,테마 편입 사유,113400.0,"상승  1,700",1.52,113300.0,113400.0,201906.0,22844.0,245175.0,,,0.456112,-1.4152934400000001,"6,936.99",338.12,5.12,2026-05-05 14:19:40
571,밸류업(25년 기업가치 제고계획 발표),0.92,001530,DI동일,테마 편입 사유,30500.0,상승  450,1.5,30500.0,30550.0,117698.0,3621.0,97118.0,,,0.456112,-1.4152934400000001,"6,936.99",338.12,5.12,2026-05-05 14:19:40
571,밸류업(25년 기업가치 제고계획 발표),0.92,122450,KX *,테마 편입 사유,3235.0,상승  45,1.41,3235.0,3240.0,104531.0,336.0,49703.0,,,0.456112,-1.4152934400000001,"6,936.99",338.12,5.12,2026-05-05 14:19:40
571,밸류업(25년 기업가치 제고계획 발표),0.92,008930,한미사이언스,테마 편입 사유,38050.0,상승  350,0.93,37900.0,38050.0,68375.0,2605.0,146029.0,,,0.456112,-1.4152934400000001,"6,936.99",338.12,5.12,2026-05-05 14:19:40
571,밸류업(25년 기업가치 제고계획 발표),0.92,004370,농심,테마 편입 사유,381000.0,"상승  3,500",0.93,381000.0,381500.0,22846.0,8694.0,20012.0,,,0.456112,-1.4152934400000001,"6,936.99",338.12,5.12,2026-05-05 14:19:40
571,밸류업(25년 기업가치 제고계획 발표),0.92,237690,에스티팜 *,테마 편입 사유,153800.0,"상승  1,300",0.85,153700.0,153800.0,84093.0,12947.0,230448.0,,,0.456112,-1.4152934400000001,"6,936.99",338.12,5.12,2026-05-05 14:19:40
571,밸류업(25년 기업가치 제고계획 발표),0.92,021240,코웨이,테마 편입 사유,86700.0,상승  600,0.7,86700.0,86800.0,149229.0,12967.0,384403.0,,,0.456112,-1.4152934400000001,"6,936.99",338.12,5.12,2026-05-05 14:19:40
571,밸류업(25년 기업가치 제고계획 발표),0.92,014680,한솔케미칼,테마 편입 사유,286500.0,"상승  1,500",0.53,286000.0,286500.0,49698.0,14279.0,47539.0,,,0.456112,-1.4152934400000001,"6,936.99",338.12,5.12,2026-05-05 14:19:40
571,밸류업(25년 기업가치 제고계획 발표),0.92,282330,BGF리테일,테마 편입 사유,132400.0,상승  400,0.3,132000.0,132400.0,44211.0,5872.0,53295.0,,,0.456112,-1.4152934400000001,"6,936.99",338.12,5.12,2026-05-05 14:19:40
571,밸류업(25년 기업가치 제고계획 발표),0.92,175330,JB금융지주,테마 편입 사유,27350.0,상승  50,0.18,27350.0,27400.0,321511.0,8756.0,425625.0,,,0.456112,-1.4152934400000001,"6,936.99",338.12,5.12,2026-05-05 14:19:40
571,밸류업(25년 기업가치 제고계획 발표),0.92,357780,솔브레인 *,테마 편입 사유,458500.0,상승  500,0.11,458500.0,459000.0,44302.0,20262.0,32300.0,,,0.456112,-1.4152934400000001,"6,936.99",338.12,5.12,2026-05-05 14:19:40
571,밸류업(25년 기업가치 제고계획 발표),0.92,024720,콜마홀딩스,테마 편입 사유,9820.0,상승  10,0.1,9820.0,9840.0,62084.0,611.0,52999.0,,,0.456112,-1.4152934400000001,"6,936.99",338.12,5.12,2026-05-05 14:19:40
571,밸류업(25년 기업가치 제고계획 발표),0.92,035000,HS애드,테마 편입 사유,8990.0,보합0,0.0,8900.0,8990.0,20556.0,183.0,26689.0,,,0.456112,-1.4152934400000001,"6,936.99",338.12,5.12,2026-05-05 14:19:40
571,밸류업(25년 기업가치 제고계획 발표),0.92,034230,파라다이스,테마 편입 사유,15850.0,보합0,0.0,15850.0,15860.0,532100.0,8493.0,314976.0,,,0.456112,-1.4152934400000001,"6,936.99",338.12,5.12,2026-05-05 14:19:40
571,밸류업(25년 기업가치 제고계획 발표),0.92,328380,솔트웨어 *,테마 편입 사유,885.0,보합0,0.0,0.0,0.0,0.0,0.0,0.0,,,0.456112,-1.4152934400000001,"6,936.99",338.12,5.12,2026-05-05 14:19:40
571,밸류업(25년 기업가치 제고계획 발표),0.92,017890,한국알콜 *,테마 편입 사유,14050.0,하락  20,-0.14,14010.0,14050.0,110901.0,1545.0,143582.0,,,0.456112,-1.4152934400000001,"6,936.99",338.12,5.12,2026-05-05 14:19:40
571,밸류업(25년 기업가치 제고계획 발표),0.92,316140,우리금융지주,테마 편입 사유,33300.0,하락  50,-0.15,33300.0,33350.0,1907359.0,63676.0,2335356.0,,,0.456112,-1.4152934400000001,"6,936.99",338.12,5.12,2026-05-05 14:19:40
571,밸류업(25년 기업가치 제고계획 발표),0.92,054950,제이브이엠 *,테마 편입 사유,24950.0,하락  50,-0.2,24900.0,24950.0,36218.0,904.0,54680.0,,,0.456112,-1.4152934400000001,"6,936.99",338.12,5.12,2026-05-05 14:19:40
571,밸류업(25년 기업가치 제고계획 발표),0.92,003490,대한항공,테마 편입 사유,24500.0,하락  50,-0.2,24500.0,24550.0,1317983.0,32387.0,1719119.0,,,0.456112,-1.4152934400000001,"6,936.99",338.12,5.12,2026-05-05 14:19:40
571,밸류업(25년 기업가치 제고계획 발표),0.92,180640,한진칼,테마 편입 사유,112300.0,하락  400,-0.35,112300.0,112500.0,85827.0,9723.0,102470.0,,,0.456112,-1.4152934400000001,"6,936.99",338.12,5.12,2026-05-05 14:19:40
571,밸류업(25년 기업가치 제고계획 발표),0.92,126560,현대퓨처넷,테마 편입 사유,3330.0,하락  15,-0.45,3330.0,3340.0,115252.0,382.0,142771.0,,,0.456112,-1.4152934400000001,"6,936.99",338.12,5.12,2026-05-05 14:19:40
571,밸류업(25년 기업가치 제고계획 발표),0.92,005830,DB손해보험,테마 편입 사유,166800.0,하락  800,-0.48,166700.0,166800.0,159445.0,26450.0,144958.0,,,0.456112,-1.4152934400000001,"6,936.99",338.12,5.12,2026-05-05 14:19:40
571,밸류업(25년 기업가치 제고계획 발표),0.92,030200,KT,테마 편입 사유,60600.0,하락  300,-0.49,60500.0,60600.0,264542.0,16006.0,386946.0,,,0.456112,-1.4152934400000001,"6,936.99",338.12,5.12,2026-05-05 14:19:40
571,밸류업(25년 기업가치 제고계획 발표),0.92,271560,오리온,테마 편입 사유,142800.0,하락  800,-0.56,142700.0,142800.0,94198.0,13470.0,79671.0,,,0.456112,-1.4152934400000001,"6,936.99",338.12,5.12,2026-05-05 14:19:40
571,밸류업(25년 기업가치 제고계획 발표),0.92,016380,KG스틸,테마 편입 사유,6990.0,하락  40,-0.57,6980.0,6990.0,1821329.0,13012.0,2416264.0,,,0.456112,-1.4152934400000001,"6,936.99",338.12,5.12,2026-05-05 14:19:40
571,밸류업(25년 기업가치 제고계획 발표),0.92,068930,디지털대성 *,테마 편입 사유,8230.0,하락  50,-0.6,8200.0,8230.0,35680.0,291.0,19510.0,,,0.456112,-1.4152934400000001,"6,936.99",338.12,5.12,2026-05-05 14:19:40
571,밸류업(25년 기업가치 제고계획 발표),0.92,290650,엘앤씨바이오 *,테마 편입 사유,62800.0,하락  400,-0.63,62700.0,62800.0,228575.0,14535.0,536105.0,,,0.456112,-1.4152934400000001,"6,936.99",338.12,5.12,2026-05-05 14:19:40
571,밸류업(25년 기업가치 제고계획 발표),0.92,192820,코스맥스,테마 편입 사유,209000.0,"하락  1,500",-0.71,209000.0,209500.0,75378.0,16032.0,86004.0,,,0.456112,-1.4152934400000001,"6,936.99",338.12,5.12,2026-05-05 14:19:40
571,밸류업(25년 기업가치 제고계획 발표),0.92,139480,이마트,테마 편입 사유,105900.0,하락  800,-0.75,105800.0,105900.0,204604.0,21644.0,230790.0,,,0.456112,-1.4152934400000001,"6,936.99",338.12,5.12,2026-05-05 14:19:40
571,밸류업(25년 기업가치 제고계획 발표),0.92,033920,무학,테마 편입 사유,8830.0,하락  70,-0.79,8830.0,8840.0,67216.0,595.0,49874.0,,,0.456112,-1.4152934400000001,"6,936.99",338.12,5.12,2026-05-05 14:19:40
571,밸류업(25년 기업가치 제고계획 발표),0.92,007660,이수페타시스,테마 편입 사유,149000.0,"하락  1,300",-0.86,148900.0,149000.0,1163791.0,174005.0,1464079.0,,,0.456112,-1.4152934400000001,"6,936.99",338.12,5.12,2026-05-05 14:19:40
571,밸류업(25년 기업가치 제고계획 발표),0.92,150900,파수에이아이 *,테마 편입 사유,5600.0,하락  60,-1.06,5590.0,5600.0,423520.0,2410.0,702500.0,,,0.456112,-1.4152934400000001,"6,936.99",338.12,5.12,2026-05-05 14:19:40
571,밸류업(25년 기업가치 제고계획 발표),0.92,008500,일정실업,테마 편입 사유,2595.0,하락  30,-1.14,2590.0,2595.0,61733.0,159.0,19729.0,,,0.456112,-1.4152934400000001,"6,936.99",338.12,5.12,2026-05-05 14:19:40
571,밸류업(25년 기업가치 제고계획 발표),0.92,039200,오스코텍 *,테마 편입 사유,51400.0,하락  600,-1.15,51400.0,51500.0,225672.0,11803.0,215930.0,,,0.456112,-1.4152934400000001,"6,936.99",338.12,5.12,2026-05-05 14:19:40
571,밸류업(25년 기업가치 제고계획 발표),0.92,298020,효성티앤씨,테마 편입 사유,512000.0,"하락  6,000",-1.16,510000.0,512000.0,31876.0,16408.0,31956.0,,,0.456112,-1.4152934400000001,"6,936.99",338.12,5.12,2026-05-05 14:19:40
571,밸류업(25년 기업가치 제고계획 발표),0.92,078930,GS,테마 편입 사유,80900.0,"하락  1,000",-1.22,80800.0,80900.0,293831.0,23766.0,369316.0,,,0.456112,-1.4152934400000001,"6,936.99",338.12,5.12,2026-05-05 14:19:40
571,밸류업(25년 기업가치 제고계획 발표),0.92,215200,메가스터디교육 *,테마 편입 사유,46800.0,하락  600,-1.27,46700.0,46800.0,22352.0,1050.0,27943.0,,,0.456112,-1.4152934400000001,"6,936.99",338.12,5.12,2026-05-05 14:19:40
571,밸류업(25년 기업가치 제고계획 발표),0.92,051600,한전KPS,테마 편입 사유,61400.0,하락  800,-1.29,61400.0,61500.0,232401.0,14336.0,220621.0,,,0.456112,-1.4152934400000001,"6,936.99",338.12,5.12,2026-05-05 14:19:40
571,밸류업(25년 기업가치 제고계획 발표),0.92,200130,콜마비앤에이치 *,테마 편입 사유,11420.0,하락  150,-1.3,11420.0,11460.0,71289.0,818.0,60529.0,,,0.456112,-1.4152934400000001,"6,936.99",338.12,5.12,2026-05-05 14:19:40
571,밸류업(25년 기업가치 제고계획 발표),0.92,124560,태웅로직스 *,테마 편입 사유,2580.0,하락  35,-1.34,2580.0,2590.0,243749.0,633.0,156194.0,,,0.456112,-1.4152934400000001,"6,936.99",338.12,5.12,2026-05-05 14:19:40
571,밸류업(25년 기업가치 제고계획 발표),0.92,068270,셀트리온,테마 편입 사유,197800.0,"하락  2,700",-1.35,197800.0,197900.0,616505.0,122723.0,468819.0,,,0.456112,-1.4152934400000001,"6,936.99",338.12,5.12,2026-05-05 14:19:40
571,밸류업(25년 기업가치 제고계획 발표),0.92,031210,서울보증보험,테마 편입 사유,47150.0,하락  650,-1.36,47150.0,47200.0,64051.0,3040.0,70122.0,,,0.456112,-1.4152934400000001,"6,936.99",338.12,5.12,2026-05-05 14:19:40
571,밸류업(25년 기업가치 제고계획 발표),0.92,000720,현대건설,테마 편입 사유,159400.0,"하락  2,400",-1.48,159400.0,159500.0,1088761.0,172806.0,1239416.0,,,0.456112,-1.4152934400000001,"6,936.99",338.12,5.12,2026-05-05 14:19:40
571,밸류업(25년 기업가치 제고계획 발표),0.92,011780,금호석유화학,테마 편입 사유,144400.0,"하락  2,200",-1.5,144000.0,144400.0,99316.0,14403.0,164317.0,,,0.456112,-1.4152934400000001,"6,936.99",338.12,5.12,2026-05-05 14:19:40
571,밸류업(25년 기업가치 제고계획 발표),0.92,396270,넥스트칩 *,테마 편입 사유,5080.0,하락  80,-1.55,5070.0,5080.0,586111.0,3015.0,546965.0,,,0.456112,-1.4152934400000001,"6,936.99",338.12,5.12,2026-05-05 14:19:40
571,밸류업(25년 기업가치 제고계획 발표),0.92,001060,JW중외제약,테마 편입 사유,30700.0,하락  500,-1.6,30650.0,30700.0,67936.0,2097.0,49129.0,,,0.456112,-1.4152934400000001,"6,936.99",338.12,5.12,2026-05-05 14:19:40
571,밸류업(25년 기업가치 제고계획 발표),0.92,030190,NICE평가정보,테마 편입 사유,15030.0,하락  270,-1.76,15030.0,15070.0,105479.0,1608.0,84282.0,,,0.456112,-1.4152934400000001,"6,936.99",338.12,5.12,2026-05-05 14:19:40
571,밸류업(25년 기업가치 제고계획 발표),0.92,014820,동원시스템즈,테마 편입 사유,27600.0,하락  500,-1.78,27600.0,27750.0,72578.0,2043.0,63882.0,,,0.456112,-1.4152934400000001,"6,936.99",338.12,5.12,2026-05-05 14:19:40
571,밸류업(25년 기업가치 제고계획 발표),0.92,003230,삼양식품,테마 편입 사유,1316000.0,"하락  25,000",-1.86,1315000.0,1316000.0,70046.0,93968.0,64873.0,,,0.456112,-1.4152934400000001,"6,936.99",338.12,5.12,2026-05-05 14:19:40
571,밸류업(25년 기업가치 제고계획 발표),0.92,055550,신한지주,테마 편입 사유,98000.0,"하락  1,900",-1.9,98000.0,98100.0,1020203.0,100491.0,1660803.0,,,0.456112,-1.4152934400000001,"6,936.99",338.12,5.12,2026-05-05 14:19:40
571,밸류업(25년 기업가치 제고계획 발표),0.92,017810,풀무원,테마 편입 사유,12060.0,하락  240,-1.95,12060.0,12080.0,78006.0,950.0,116905.0,,,0.456112,-1.4152934400000001,"6,936.99",338.12,5.12,2026-05-05 14:19:40
571,밸류업(25년 기업가치 제고계획 발표),0.92,236200,슈프리마 *,테마 편입 사유,54400.0,"하락  1,400",-2.51,54300.0,54400.0,33117.0,1803.0,23507.0,,,0.456112,-1.4152934400000001,"6,936.99",338.12,5.12,2026-05-05 14:19:40
571,밸류업(25년 기업가치 제고계획 발표),0.92,234300,에스트래픽 *,테마 편입 사유,3745.0,하락  100,-2.6,3745.0,3750.0,207922.0,791.0,128152.0,,,0.456112,-1.4152934400000001,"6,936.99",338.12,5.12,2026-05-05 14:19:40
571,밸류업(25년 기업가치 제고계획 발표),0.92,221840,하이즈항공 *,테마 편입 사유,2900.0,하락  80,-2.68,2895.0,2900.0,45676.0,136.0,70288.0,,,0.456112,-1.4152934400000001,"6,936.99",338.12,5.12,2026-05-05 14:19:40
571,밸류업(25년 기업가치 제고계획 발표),0.92,128940,한미약품,테마 편입 사유,445000.0,"하락  15,000",-3.26,445000.0,445500.0,111138.0,49784.0,142664.0,,,0.456112,-1.4152934400000001,"6,936.99",338.12,5.12,2026-05-05 14:19:40
571,밸류업(25년 기업가치 제고계획 발표),0.92,010950,S-Oil,테마 편입 사유,128000.0,"하락  6,500",-4.83,128000.0,128100.0,593891.0,76061.0,753766.0,,,0.456112,-1.4152934400000001,"6,936.99",338.12,5.12,2026-05-05 14:19:40
571,밸류업(25년 기업가치 제고계획 발표),0.92,376930,노을 *,테마 편입 사유,1460.0,하락  88,-5.68,1460.0,1463.0,1020362.0,1517.0,767313.0,,,0.456112,-1.4152934400000001,"6,936.99",338.12,5.12,2026-05-05 14:19:40
571,밸류업(25년 기업가치 제고계획 발표),0.92,001390,KG케미칼,테마 편입 사유,6550.0,하락  520,-7.36,6550.0,6560.0,2445490.0,16429.0,6762066.0,,,0.456112,-1.4152934400000001,"6,936.99",338.12,5.12,2026-05-05 14:19:40
316,엔젤산업,-0.73,039830,오로라 *,테마 편입 사유,18200.0,"상승  1,520",9.11,18120.0,18200.0,586619.0,10500.0,1405147.0,,,0.133206,-1.41201472,"6,936.99",338.12,5.12,2026-05-05 14:19:40
316,엔젤산업,-0.73,092730,네오팜 *,테마 편입 사유,20950.0,상승  550,2.7,20650.0,20950.0,43267.0,893.0,74458.0,,,0.133206,-1.41201472,"6,936.99",338.12,5.12,2026-05-05 14:19:40
316,엔젤산업,-0.73,036000,예림당 *,테마 편입 사유,3270.0,상승  65,2.03,3270.0,3275.0,53436.0,175.0,31892.0,,,0.133206,-1.41201472,"6,936.99",338.12,5.12,2026-05-05 14:19:40
316,엔젤산업,-0.73,014100,메디앙스 *,테마 편입 사유,1800.0,상승  32,1.81,1788.0,1800.0,19749.0,35.0,11611.0,,,0.133206,-1.41201472,"6,936.99",338.12,5.12,2026-05-05 14:19:40
316,엔젤산업,-0.73,462310,뉴키즈온 *,테마 편입 사유,4505.0,상승  55,1.24,4420.0,4500.0,19838.0,89.0,40432.0,,,0.133206,-1.41201472,"6,936.99",338.12,5.12,2026-05-05 14:19:40
316,엔젤산업,-0.73,267980,매일유업 *,테마 편입 사유,36400.0,상승  100,0.28,36400.0,36500.0,6950.0,253.0,11963.0,,,0.133206,-1.41201472,"6,936.99",338.12,5.12,2026-05-05 14:19:40
316,엔젤산업,-0.73,066910,손오공 *,테마 편입 사유,680.0,보합0,0.0,0.0,0.0,0.0,0.0,612664.0,,,0.133206,-1.41201472,"6,936.99",338.12,5.12,2026-05-05 14:19:40
316,엔젤산업,-0.73,095720,웅진씽크빅,테마 편입 사유,1154.0,보합0,0.0,0.0,0.0,0.0,0.0,0.0,,,0.133206,-1.41201472,"6,936.99",338.12,5.12,2026-05-05 14:19:40
316,엔젤산업,-0.73,215480,토박스코리아 *,테마 편입 사유,2235.0,하락  5,-0.22,2235.0,2240.0,24678.0,55.0,14098.0,,,0.133206,-1.41201472,"6,936.99",338.12,5.12,2026-05-05 14:19:40
316,엔젤산업,-0.73,019680,대교,테마 편입 사유,1497.0,하락  6,-0.4,1495.0,1497.0,67334.0,100.0,95843.0,,,0.133206,-1.41201472,"6,936.99",338.12,5.12,2026-05-05 14:19:40
316,엔젤산업,-0.73,040420,정상제이엘에스 *,테마 편입 사유,5980.0,하락  30,-0.5,5980.0,5990.0,29733.0,178.0,15746.0,,,0.133206,-1.41201472,"6,936.99",338.12,5.12,2026-05-05 14:19:40
316,엔젤산업,-0.73,048910,대원미디어 *,테마 편입 사유,7650.0,하락  50,-0.65,7640.0,7650.0,89636.0,689.0,36166.0,,,0.133206,-1.41201472,"6,936.99",338.12,5.12,2026-05-05 14:19:40
316,엔젤산업,-0.73,900270,헝셩그룹 *,테마 편입 사유,1081.0,하락  11,-1.01,1080.0,1081.0,135676.0,147.0,150081.0,,,0.133206,-1.41201472,"6,936.99",338.12,5.12,2026-05-05 14:19:40
316,엔젤산업,-0.73,002450,삼익악기,테마 편입 사유,1234.0,하락  16,-1.28,1228.0,1234.0,221967.0,272.0,217265.0,,,0.133206,-1.41201472,"6,936.99",338.12,5.12,2026-05-05 14:19:40
316,엔젤산업,-0.73,407400,꿈비 *,테마 편입 사유,4500.0,하락  60,-1.32,4500.0,4505.0,148220.0,674.0,162389.0,,,0.133206,-1.41201472,"6,936.99",338.12,5.12,2026-05-05 14:19:40
316,엔젤산업,-0.73,003920,남양유업,테마 편입 사유,51900.0,하락  700,-1.33,51800.0,51900.0,7922.0,411.0,7691.0,,,0.133206,-1.41201472,"6,936.99",338.12,5.12,2026-05-05 14:19:40
316,엔젤산업,-0.73,005360,모나미,테마 편입 사유,1705.0,하락  23,-1.33,1705.0,1711.0,42725.0,73.0,57998.0,,,0.133206,-1.41201472,"6,936.99",338.12,5.12,2026-05-05 14:19:40
316,엔젤산업,-0.73,317530,에피소드컴퍼니 *,테마 편입 사유,3980.0,하락  65,-1.61,3980.0,3990.0,7395.0,30.0,12161.0,,,0.133206,-1.41201472,"6,936.99",338.12,5.12,2026-05-05 14:19:40
316,엔젤산업,-0.73,159580,제로투세븐 *,테마 편입 사유,3920.0,하락  75,-1.88,3920.0,3945.0,46341.0,183.0,36619.0,,,0.133206,-1.41201472,"6,936.99",338.12,5.12,2026-05-05 14:19:40
316,엔젤산업,-0.73,403850,더핑크퐁컴퍼니 *,테마 편입 사유,17120.0,하락  350,-2.0,17120.0,17130.0,38763.0,669.0,72076.0,,,0.133206,-1.41201472,"6,936.99",338.12,5.12,2026-05-05 14:19:40
316,엔젤산업,-0.73,435570,에르코스 *,테마 편입 사유,11220.0,하락  280,-2.43,11220.0,11250.0,39743.0,453.0,54730.0,,,0.133206,-1.41201472,"6,936.99",338.12,5.12,2026-05-05 14:19:40
316,엔젤산업,-0.73,068290,삼성출판사,테마 편입 사유,8890.0,하락  240,-2.63,8890.0,8900.0,51203.0,459.0,19337.0,,,0.133206,-1.41201472,"6,936.99",338.12,5.12,2026-05-05 14:19:40
316,엔젤산업,-0.73,013990,아가방컴퍼니 *,테마 편입 사유,5100.0,하락  160,-3.04,5100.0,5120.0,316589.0,1652.0,286836.0,,,0.133206,-1.41201472,"6,936.99",338.12,5.12,2026-05-05 14:19:40
316,엔젤산업,-0.73,900300,오가닉티코스메틱 *,테마 편입 사유,205.0,하락  13,-5.96,205.0,206.0,30721714.0,6482.0,77317176.0,,,0.133206,-1.41201472,"6,936.99",338.12,5.12,2026-05-05 14:19:40
316,엔젤산업,-0.73,419530,SAMG엔터 *,테마 편입 사유,39500.0,"하락  3,400",-7.93,39450.0,39500.0,346711.0,13763.0,213903.0,,,0.133206,-1.41201472,"6,936.99",338.12,5.12,2026-05-05 14:19:40
408,마리화나(대마),-0.57,265740,엔에프씨 *,테마 편입 사유,7430.0,상승  290,4.06,7430.0,7440.0,323929.0,2386.0,177146.0,,,0.161438,-1.39656256,"6,936.99",338.12,5.12,2026-05-05 14:19:40
408,마리화나(대마),-0.57,389470,인벤티지랩 *,테마 편입 사유,63300.0,"상승  1,800",2.93,63200.0,63300.0,67317.0,4255.0,62036.0,,,0.161438,-1.39656256,"6,936.99",338.12,5.12,2026-05-05 14:19:40
408,마리화나(대마),-0.57,256840,한국비엔씨 *,테마 편입 사유,4025.0,상승  45,1.13,4020.0,4025.0,304427.0,1231.0,376617.0,,,0.161438,-1.39656256,"6,936.99",338.12,5.12,2026-05-05 14:19:40
408,마리화나(대마),-0.57,052420,오성첨단소재 *,테마 편입 사유,1448.0,보합0,0.0,0.0,0.0,0.0,0.0,1127244.0,,,0.161438,-1.39656256,"6,936.99",338.12,5.12,2026-05-05 14:19:40
408,마리화나(대마),-0.57,278650,HLB바이오스텝 *,테마 편입 사유,1272.0,보합0,0.0,0.0,0.0,0.0,0.0,0.0,,,0.161438,-1.39656256,"6,936.99",338.12,5.12,2026-05-05 14:19:40
408,마리화나(대마),-0.57,900100,애머릿지 *,테마 편입 사유,508.0,하락  5,-0.97,508.0,510.0,805048.0,421.0,1047360.0,,,0.161438,-1.39656256,"6,936.99",338.12,5.12,2026-05-05 14:19:40
408,마리화나(대마),-0.57,060590,씨티씨바이오 *,테마 편입 사유,3855.0,하락  60,-1.53,3850.0,3855.0,68908.0,267.0,37752.0,,,0.161438,-1.39656256,"6,936.99",338.12,5.12,2026-05-05 14:19:40
408,마리화나(대마),-0.57,082850,우리바이오 *,테마 편입 사유,2185.0,하락  55,-2.46,2185.0,2200.0,587643.0,1296.0,556033.0,,,0.161438,-1.39656256,"6,936.99",338.12,5.12,2026-05-05 14:19:40
408,마리화나(대마),-0.57,061250,화일약품 *,테마 편입 사유,9030.0,하락  400,-4.24,9020.0,9030.0,124640.0,1149.0,0.0,,,0.161438,-1.39656256,"6,936.99",338.12,5.12,2026-05-05 14:19:40
408,마리화나(대마),-0.57,065170,비엘팜텍 *,테마 편입 사유,2290.0,하락  110,-4.58,2290.0,2305.0,700432.0,1636.0,578910.0,,,0.161438,-1.39656256,"6,936.99",338.12,5.12,2026-05-05 14:19:40
59,광고,-0.39,127710,아시아경제 *,테마 편입 사유,1484.0,상승  86,6.15,1475.0,1484.0,356557.0,525.0,176361.0,,,0.196435,-1.3957472000000002,"6,936.99",338.12,5.12,2026-05-05 14:19:40
59,광고,-0.39,321820,아티스트컴퍼니 *,테마 편입 사유,4900.0,상승  95,1.98,4900.0,4925.0,142532.0,680.0,43576.0,,,0.196435,-1.3957472000000002,"6,936.99",338.12,5.12,2026-05-05 14:19:40
59,광고,-0.39,363260,모비데이즈 *,테마 편입 사유,1505.0,상승  15,1.01,1505.0,1510.0,298414.0,457.0,290829.0,,,0.196435,-1.3957472000000002,"6,936.99",338.12,5.12,2026-05-05 14:19:40
59,광고,-0.39,051160,지어소프트 *,테마 편입 사유,7570.0,상승  50,0.66,7540.0,7570.0,58077.0,435.0,15512.0,,,0.196435,-1.3957472000000002,"6,936.99",338.12,5.12,2026-05-05 14:19:40
59,광고,-0.39,397810,애드포러스 *,테마 편입 사유,6600.0,상승  40,0.61,6600.0,6610.0,27951.0,183.0,15814.0,,,0.196435,-1.3957472000000002,"6,936.99",338.12,5.12,2026-05-05 14:19:40
59,광고,-0.39,351870,차이커뮤니케이션 *,테마 편입 사유,4185.0,상승  25,0.6,4170.0,4185.0,8465.0,35.0,2324.0,,,0.196435,-1.3957472000000002,"6,936.99",338.12,5.12,2026-05-05 14:19:40
59,광고,-0.39,273060,와이즈버즈 *,테마 편입 사유,1076.0,상승  6,0.56,1069.0,1076.0,199499.0,215.0,88609.0,,,0.196435,-1.3957472000000002,"6,936.99",338.12,5.12,2026-05-05 14:19:40
59,광고,-0.39,362990,드림인사이트 *,테마 편입 사유,1770.0,상승  5,0.28,1759.0,1770.0,89259.0,160.0,76682.0,,,0.196435,-1.3957472000000002,"6,936.99",338.12,5.12,2026-05-05 14:19:40
59,광고,-0.39,010470,오리콤 *,테마 편입 사유,6060.0,보합0,0.0,6050.0,6100.0,19257.0,117.0,37372.0,,,0.196435,-1.3957472000000002,"6,936.99",338.12,5.12,2026-05-05 14:19:40
59,광고,-0.39,230360,에코마케팅 *,테마 편입 사유,16000.0,보합0,0.0,16000.0,16010.0,26233.0,420.0,53851.0,,,0.196435,-1.3957472000000002,"6,936.99",338.12,5.12,2026-05-05 14:19:40
59,광고,-0.39,035000,HS애드,테마 편입 사유,8990.0,보합0,0.0,8900.0,8990.0,20556.0,183.0,26689.0,,,0.196435,-1.3957472000000002,"6,936.99",338.12,5.12,2026-05-05 14:19:40
59,광고,-0.39,236810,엔비티 *,테마 편입 사유,1954.0,하락  11,-0.56,1954.0,1955.0,43567.0,85.0,29916.0,,,0.196435,-1.3957472000000002,"6,936.99",338.12,5.12,2026-05-05 14:19:40
59,광고,-0.39,123570,이엠넷 *,테마 편입 사유,2005.0,하락  15,-0.74,2005.0,2010.0,12998.0,26.0,8590.0,,,0.196435,-1.3957472000000002,"6,936.99",338.12,5.12,2026-05-05 14:19:40
59,광고,-0.39,263700,케어랩스 *,테마 편입 사유,2620.0,하락  25,-0.95,2610.0,2620.0,98429.0,258.0,139377.0,,,0.196435,-1.3957472000000002,"6,936.99",338.12,5.12,2026-05-05 14:19:40
59,광고,-0.39,214320,이노션,테마 편입 사유,19600.0,하락  200,-1.01,19590.0,19600.0,105859.0,2075.0,395263.0,,,0.196435,-1.3957472000000002,"6,936.99",338.12,5.12,2026-05-05 14:19:40
59,광고,-0.39,048550,SM C&C *,테마 편입 사유,1127.0,하락  13,-1.14,1123.0,1127.0,244755.0,275.0,173255.0,,,0.196435,-1.3957472000000002,"6,936.99",338.12,5.12,2026-05-05 14:19:40
59,광고,-0.39,216050,인크로스 *,테마 편입 사유,6730.0,하락  80,-1.17,6730.0,6750.0,36012.0,244.0,33951.0,,,0.196435,-1.3957472000000002,"6,936.99",338.12,5.12,2026-05-05 14:19:40
59,광고,-0.39,037270,YG PLUS,테마 편입 사유,5050.0,하락  60,-1.17,5050.0,5060.0,387499.0,1972.0,629201.0,,,0.196435,-1.3957472000000002,"6,936.99",338.12,5.12,2026-05-05 14:19:40
59,광고,-0.39,089600,KT나스미디어 *,테마 편입 사유,12030.0,하락  160,-1.31,12010.0,12030.0,20274.0,245.0,25384.0,,,0.196435,-1.3957472000000002,"6,936.99",338.12,5.12,2026-05-05 14:19:40
59,광고,-0.39,214270,FSN *,테마 편입 사유,2020.0,하락  30,-1.46,2020.0,2030.0,204093.0,412.0,134753.0,,,0.196435,-1.3957472000000002,"6,936.99",338.12,5.12,2026-05-05 14:19:40
59,광고,-0.39,030000,제일기획,테마 편입 사유,19750.0,하락  300,-1.5,19740.0,19750.0,488231.0,9659.0,607183.0,,,0.196435,-1.3957472000000002,"6,936.99",338.12,5.12,2026-05-05 14:19:40
59,광고,-0.39,291230,엔피 *,테마 편입 사유,810.0,하락  13,-1.58,809.0,810.0,126650.0,103.0,133778.0,,,0.196435,-1.3957472000000002,"6,936.99",338.12,5.12,2026-05-05 14:19:40
59,광고,-0.39,237820,플레이디 *,테마 편입 사유,4600.0,하락  90,-1.92,4595.0,4600.0,47999.0,222.0,68785.0,,,0.196435,-1.3957472000000002,"6,936.99",338.12,5.12,2026-05-05 14:19:40
59,광고,-0.39,050090,비케이홀딩스 *,테마 편입 사유,773.0,하락  21,-2.64,773.0,774.0,47867.0,37.0,32063.0,,,0.196435,-1.3957472000000002,"6,936.99",338.12,5.12,2026-05-05 14:19:40
59,광고,-0.39,443250,레뷰코퍼레이션 *,테마 편입 사유,7610.0,하락  360,-4.52,7600.0,7610.0,107233.0,825.0,219117.0,,,0.196435,-1.3957472000000002,"6,936.99",338.12,5.12,2026-05-05 14:19:40
348,삼성페이,1.01,052710,아모텍 *,테마 편입 사유,24400.0,"상승  2,100",9.42,24400.0,24450.0,697742.0,16814.0,444687.0,,,0.46179,-1.3543648000000001,"6,936.99",338.12,5.12,2026-05-05 14:19:40
348,삼성페이,1.01,203650,드림시큐리티 *,테마 편입 사유,2890.0,상승  150,5.47,2885.0,2890.0,12979442.0,37925.0,9438875.0,,,0.46179,-1.3543648000000001,"6,936.99",338.12,5.12,2026-05-05 14:19:40
348,삼성페이,1.01,005930,삼성전자,테마 편입 사유,232500.0,"상승  12,000",5.44,232000.0,232500.0,31909907.0,7302350.0,22161975.0,,,0.46179,-1.3543648000000001,"6,936.99",338.12,5.12,2026-05-05 14:19:40
348,삼성페이,1.01,042510,라온시큐어 *,테마 편입 사유,13120.0,상승  560,4.46,13120.0,13130.0,946193.0,12546.0,433439.0,,,0.46179,-1.3543648000000001,"6,936.99",338.12,5.12,2026-05-05 14:19:40
348,삼성페이,1.01,036800,나이스정보통신 *,테마 편입 사유,29200.0,"상승  1,150",4.1,29100.0,29200.0,64238.0,1864.0,36126.0,,,0.46179,-1.3543648000000001,"6,936.99",338.12,5.12,2026-05-05 14:19:40
348,삼성페이,1.01,094480,갤럭시아머니트리 *,테마 편입 사유,8780.0,상승  260,3.05,8770.0,8780.0,353305.0,3073.0,237335.0,,,0.46179,-1.3543648000000001,"6,936.99",338.12,5.12,2026-05-05 14:19:40
348,삼성페이,1.01,115310,인포바인 *,테마 편입 사유,12830.0,상승  340,2.72,12820.0,12830.0,19745.0,256.0,28342.0,,,0.46179,-1.3543648000000001,"6,936.99",338.12,5.12,2026-05-05 14:19:40
348,삼성페이,1.01,052400,코나아이 *,테마 편입 사유,55700.0,"상승  1,300",2.39,55700.0,55800.0,69263.0,3911.0,101818.0,,,0.46179,-1.3543648000000001,"6,936.99",338.12,5.12,2026-05-05 14:19:40
348,삼성페이,1.01,192250,케이사인 *,테마 편입 사유,13130.0,상승  280,2.18,13050.0,13130.0,110184.0,1451.0,115842.0,,,0.46179,-1.3543648000000001,"6,936.99",338.12,5.12,2026-05-05 14:19:40
348,삼성페이,1.01,060250,NHN KCP *,테마 편입 사유,20050.0,상승  400,2.04,20050.0,20100.0,415777.0,8374.0,328009.0,,,0.46179,-1.3543648000000001,"6,936.99",338.12,5.12,2026-05-05 14:19:40
348,삼성페이,1.01,004710,한솔테크닉스,테마 편입 사유,8260.0,상승  130,1.6,8260.0,8270.0,1089485.0,9051.0,916182.0,,,0.46179,-1.3543648000000001,"6,936.99",338.12,5.12,2026-05-05 14:19:40
348,삼성페이,1.01,064260,다날 *,테마 편입 사유,7430.0,상승  100,1.36,7430.0,7440.0,1292591.0,9661.0,1643648.0,,,0.46179,-1.3543648000000001,"6,936.99",338.12,5.12,2026-05-05 14:19:40
348,삼성페이,1.01,065440,이루온 *,테마 편입 사유,4055.0,상승  45,1.12,4055.0,4060.0,6589.0,26.0,20037980.0,,,0.46179,-1.3543648000000001,"6,936.99",338.12,5.12,2026-05-05 14:19:40
348,삼성페이,1.01,053300,한국정보인증 *,테마 편입 사유,6500.0,상승  70,1.09,6500.0,6510.0,281943.0,1850.0,212539.0,,,0.46179,-1.3543648000000001,"6,936.99",338.12,5.12,2026-05-05 14:19:40
348,삼성페이,1.01,035600,KG이니시스 *,테마 편입 사유,11480.0,상승  30,0.26,11480.0,11490.0,85165.0,979.0,82487.0,,,0.46179,-1.3543648000000001,"6,936.99",338.12,5.12,2026-05-05 14:19:40
348,삼성페이,1.01,303030,지니틱스 *,테마 편입 사유,748.0,보합0,0.0,0.0,0.0,0.0,0.0,0.0,,,0.46179,-1.3543648000000001,"6,936.99",338.12,5.12,2026-05-05 14:19:40
348,삼성페이,1.01,061040,알에프텍 *,테마 편입 사유,1937.0,보합0,0.0,0.0,0.0,0.0,0.0,890084.0,,,0.46179,-1.3543648000000001,"6,936.99",338.12,5.12,2026-05-05 14:19:40
348,삼성페이,1.01,046440,KG파이낸셜 *,테마 편입 사유,5230.0,보합0,0.0,5220.0,5230.0,117460.0,619.0,88197.0,,,0.46179,-1.3543648000000001,"6,936.99",338.12,5.12,2026-05-05 14:19:40
348,삼성페이,1.01,025770,한국정보통신 *,테마 편입 사유,11420.0,보합0,0.0,11400.0,11420.0,228962.0,2629.0,267491.0,,,0.46179,-1.3543648000000001,"6,936.99",338.12,5.12,2026-05-05 14:19:40
348,삼성페이,1.01,089850,유비벨록스 *,테마 편입 사유,5530.0,하락  30,-0.54,5510.0,5530.0,29770.0,164.0,32170.0,,,0.46179,-1.3543648000000001,"6,936.99",338.12,5.12,2026-05-05 14:19:40
348,삼성페이,1.01,094280,효성ITX,테마 편입 사유,13000.0,하락  180,-1.37,12950.0,13000.0,43892.0,571.0,29355.0,,,0.46179,-1.3543648000000001,"6,936.99",338.12,5.12,2026-05-05 14:19:40
348,삼성페이,1.01,029780,삼성카드,테마 편입 사유,52500.0,하락  800,-1.5,52500.0,52600.0,120715.0,6355.0,140081.0,,,0.46179,-1.3543648000000001,"6,936.99",338.12,5.12,2026-05-05 14:19:40
348,삼성페이,1.01,224110,에이텍모빌리티 *,테마 편입 사유,9180.0,하락  200,-2.13,9180.0,9200.0,27729.0,257.0,16917.0,,,0.46179,-1.3543648000000001,"6,936.99",338.12,5.12,2026-05-05 14:19:40
348,삼성페이,1.01,004800,효성,테마 편입 사유,221000.0,"하락  7,000",-3.07,221000.0,222000.0,101373.0,22660.0,90746.0,,,0.46179,-1.3543648000000001,"6,936.99",338.12,5.12,2026-05-05 14:19:40
348,삼성페이,1.01,060230,제이케이시냅스 *,테마 편입 사유,427.0,하락  25,-5.53,426.0,427.0,1184527.0,503.0,857467.0,,,0.46179,-1.3543648000000001,"6,936.99",338.12,5.12,2026-05-05 14:19:40
348,삼성페이,1.01,091700,파트론 *,테마 편입 사유,7750.0,하락  530,-6.4,7750.0,7760.0,1102841.0,8771.0,261047.0,,,0.46179,-1.3543648000000001,"6,936.99",338.12,5.12,2026-05-05 14:19:40
523,리튬,2.65,005490,POSCO홀딩스,테마 편입 사유,502000.0,"상승  40,000",8.66,502000.0,503000.0,1080353.0,542790.0,568870.0,,,0.779965,-1.3434208,"6,936.99",338.12,5.12,2026-05-05 14:19:40
523,리튬,2.65,051910,LG화학,테마 편입 사유,429000.0,"상승  32,000",8.06,429000.0,429500.0,609933.0,259149.0,283039.0,,,0.779965,-1.3434208,"6,936.99",338.12,5.12,2026-05-05 14:19:40
523,리튬,2.65,093370,후성,테마 편입 사유,14130.0,상승  890,6.72,14130.0,14140.0,6595998.0,94281.0,1860442.0,,,0.779965,-1.3434208,"6,936.99",338.12,5.12,2026-05-05 14:19:40
523,리튬,2.65,003670,포스코퓨처엠,테마 편입 사유,267000.0,"상승  15,000",5.95,266500.0,267000.0,589996.0,157788.0,425977.0,,,0.779965,-1.3434208,"6,936.99",338.12,5.12,2026-05-05 14:19:40
523,리튬,2.65,114190,강원에너지 *,테마 편입 사유,16200.0,상승  870,5.68,16200.0,16210.0,472612.0,7603.0,237646.0,,,0.779965,-1.3434208,"6,936.99",338.12,5.12,2026-05-05 14:19:40
523,리튬,2.65,278280,천보 *,테마 편입 사유,65600.0,"상승  3,000",4.79,65500.0,65600.0,145377.0,9655.0,98497.0,,,0.779965,-1.3434208,"6,936.99",338.12,5.12,2026-05-05 14:19:40
523,리튬,2.65,005420,코스모화학,테마 편입 사유,18410.0,상승  660,3.72,18410.0,18420.0,456304.0,8416.0,358974.0,,,0.779965,-1.3434208,"6,936.99",338.12,5.12,2026-05-05 14:19:40
523,리튬,2.65,025560,미래산업,테마 편입 사유,16000.0,상승  550,3.56,16000.0,16050.0,56595.0,904.0,77155.0,,,0.779965,-1.3434208,"6,936.99",338.12,5.12,2026-05-05 14:19:40
523,리튬,2.65,107600,새빗켐 *,테마 편입 사유,31500.0,상승  800,2.61,31500.0,31550.0,55009.0,1751.0,49322.0,,,0.779965,-1.3434208,"6,936.99",338.12,5.12,2026-05-05 14:19:40
523,리튬,2.65,373220,LG에너지솔루션,테마 편입 사유,472000.0,"상승  11,500",2.5,471500.0,472000.0,425260.0,199992.0,485223.0,,,0.779965,-1.3434208,"6,936.99",338.12,5.12,2026-05-05 14:19:40
523,리튬,2.65,095500,미래나노텍 *,테마 편입 사유,10670.0,상승  250,2.4,10670.0,10680.0,174334.0,1879.0,161405.0,,,0.779965,-1.3434208,"6,936.99",338.12,5.12,2026-05-05 14:19:40
523,리튬,2.65,348370,엔켐 *,테마 편입 사유,45150.0,상승  850,1.92,45100.0,45150.0,222725.0,10136.0,320058.0,,,0.779965,-1.3434208,"6,936.99",338.12,5.12,2026-05-05 14:19:40
523,리튬,2.65,009520,포스코엠텍 *,테마 편입 사유,20300.0,상승  380,1.91,20300.0,20350.0,313739.0,6419.0,484516.0,,,0.779965,-1.3434208,"6,936.99",338.12,5.12,2026-05-05 14:19:40
523,리튬,2.65,086520,에코프로 *,테마 편입 사유,155800.0,"상승  2,900",1.9,155800.0,155900.0,959614.0,150302.0,1215563.0,,,0.779965,-1.3434208,"6,936.99",338.12,5.12,2026-05-05 14:19:40
523,리튬,2.65,004490,세방전지,테마 편입 사유,67100.0,"상승  1,100",1.67,66800.0,67100.0,52133.0,3492.0,64789.0,,,0.779965,-1.3434208,"6,936.99",338.12,5.12,2026-05-05 14:19:40
523,리튬,2.65,029480,광무 *,테마 편입 사유,2170.0,상승  30,1.4,2165.0,2170.0,239873.0,517.0,233671.0,,,0.779965,-1.3434208,"6,936.99",338.12,5.12,2026-05-05 14:19:40
523,리튬,2.65,073570,리튬포어스 *,테마 편입 사유,821.0,보합0,0.0,0.0,0.0,0.0,0.0,0.0,,,0.779965,-1.3434208,"6,936.99",338.12,5.12,2026-05-05 14:19:40
523,리튬,2.65,270520,앱튼 *,테마 편입 사유,228.0,보합0,0.0,0.0,0.0,0.0,0.0,0.0,,,0.779965,-1.3434208,"6,936.99",338.12,5.12,2026-05-05 14:19:40
523,리튬,2.65,101670,하이드로리튬 *,테마 편입 사유,2060.0,하락  5,-0.24,2060.0,2065.0,1169660.0,2429.0,2265636.0,,,0.779965,-1.3434208,"6,936.99",338.12,5.12,2026-05-05 14:19:40
523,리튬,2.65,051980,중앙첨단소재 *,테마 편입 사유,1906.0,하락  16,-0.83,1906.0,1907.0,2071604.0,4015.0,2213823.0,,,0.779965,-1.3434208,"6,936.99",338.12,5.12,2026-05-05 14:19:40
523,리튬,2.65,290670,대보마그네틱 *,테마 편입 사유,12210.0,하락  140,-1.13,12210.0,12250.0,35066.0,440.0,24941.0,,,0.779965,-1.3434208,"6,936.99",338.12,5.12,2026-05-05 14:19:40
523,리튬,2.65,365340,성일하이텍 *,테마 편입 사유,79800.0,"하락  2,400",-2.92,79800.0,79900.0,88278.0,7194.0,119762.0,,,0.779965,-1.3434208,"6,936.99",338.12,5.12,2026-05-05 14:19:40
31,환율하락 수혜,0.1,005490,POSCO홀딩스,테마 편입 사유,502000.0,"상승  40,000",8.66,502000.0,503000.0,1080353.0,542790.0,568870.0,,,0.275169,-1.30886528,"6,936.99",338.12,5.12,2026-05-05 14:19:40
31,환율하락 수혜,0.1,010130,고려아연,테마 편입 사유,1629000.0,"상승  50,000",3.17,1628000.0,1629000.0,34582.0,56229.0,140026.0,,,0.275169,-1.30886528,"6,936.99",338.12,5.12,2026-05-05 14:19:40
31,환율하락 수혜,0.1,015760,한국전력,테마 편입 사유,44500.0,상승  950,2.18,44450.0,44500.0,2352086.0,105271.0,2525970.0,,,0.275169,-1.30886528,"6,936.99",338.12,5.12,2026-05-05 14:19:40
31,환율하락 수혜,0.1,003010,혜인,테마 편입 사유,7260.0,상승  130,1.82,7260.0,7270.0,413571.0,3003.0,398081.0,,,0.275169,-1.30886528,"6,936.99",338.12,5.12,2026-05-05 14:19:40
31,환율하락 수혜,0.1,004020,현대제철,테마 편입 사유,43050.0,상승  500,1.18,43050.0,43100.0,1396791.0,59277.0,1595104.0,,,0.275169,-1.30886528,"6,936.99",338.12,5.12,2026-05-05 14:19:40
31,환율하락 수혜,0.1,103140,풍산,테마 편입 사유,100300.0,"상승  1,100",1.11,100200.0,100300.0,357179.0,36225.0,281800.0,,,0.275169,-1.30886528,"6,936.99",338.12,5.12,2026-05-05 14:19:40
31,환율하락 수혜,0.1,004370,농심,테마 편입 사유,381000.0,"상승  3,500",0.93,381000.0,381500.0,22846.0,8694.0,20012.0,,,0.275169,-1.30886528,"6,936.99",338.12,5.12,2026-05-05 14:19:40
31,환율하락 수혜,0.1,005880,대한해운,테마 편입 사유,2600.0,상승  5,0.19,2600.0,2605.0,10637015.0,27969.0,17092126.0,,,0.275169,-1.30886528,"6,936.99",338.12,5.12,2026-05-05 14:19:40
31,환율하락 수혜,0.1,080160,모두투어 *,테마 편입 사유,11410.0,상승  20,0.18,11410.0,11460.0,123248.0,1417.0,79971.0,,,0.275169,-1.30886528,"6,936.99",338.12,5.12,2026-05-05 14:19:40
31,환율하락 수혜,0.1,001130,대한제분,테마 편입 사유,156500.0,보합0,0.0,0.0,0.0,0.0,0.0,0.0,,,0.275169,-1.30886528,"6,936.99",338.12,5.12,2026-05-05 14:19:40
31,환율하락 수혜,0.1,039130,하나투어,테마 편입 사유,41800.0,하락  50,-0.12,41800.0,41850.0,55339.0,2317.0,70681.0,,,0.275169,-1.30886528,"6,936.99",338.12,5.12,2026-05-05 14:19:40
31,환율하락 수혜,0.1,020560,아시아나항공,테마 편입 사유,7030.0,하락  10,-0.14,7030.0,7040.0,61132.0,430.0,49206.0,,,0.275169,-1.30886528,"6,936.99",338.12,5.12,2026-05-05 14:19:40
31,환율하락 수혜,0.1,003490,대한항공,테마 편입 사유,24500.0,하락  50,-0.2,24500.0,24550.0,1317983.0,32387.0,1719119.0,,,0.275169,-1.30886528,"6,936.99",338.12,5.12,2026-05-05 14:19:40
31,환율하락 수혜,0.1,000080,하이트진로,테마 편입 사유,17070.0,하락  40,-0.23,17060.0,17070.0,122584.0,2094.0,95249.0,,,0.275169,-1.30886528,"6,936.99",338.12,5.12,2026-05-05 14:19:40
31,환율하락 수혜,0.1,007310,오뚜기,테마 편입 사유,364000.0,"하락  1,500",-0.41,363500.0,364000.0,4853.0,1770.0,5089.0,,,0.275169,-1.30886528,"6,936.99",338.12,5.12,2026-05-05 14:19:40
31,환율하락 수혜,0.1,271560,오리온,테마 편입 사유,142800.0,하락  800,-0.56,142700.0,142800.0,94198.0,13470.0,79671.0,,,0.275169,-1.30886528,"6,936.99",338.12,5.12,2026-05-05 14:19:40
31,환율하락 수혜,0.1,001790,대한제당,테마 편입 사유,2890.0,하락  20,-0.69,2890.0,2895.0,301000.0,870.0,210275.0,,,0.275169,-1.30886528,"6,936.99",338.12,5.12,2026-05-05 14:19:40
31,환율하락 수혜,0.1,001680,대상,테마 편입 사유,20450.0,하락  250,-1.21,20400.0,20450.0,105455.0,2160.0,70900.0,,,0.275169,-1.30886528,"6,936.99",338.12,5.12,2026-05-05 14:19:40
31,환율하락 수혜,0.1,036460,한국가스공사,테마 편입 사유,38600.0,하락  500,-1.28,38600.0,38650.0,267505.0,10364.0,395777.0,,,0.275169,-1.30886528,"6,936.99",338.12,5.12,2026-05-05 14:19:40
31,환율하락 수혜,0.1,097950,CJ제일제당,테마 편입 사유,241000.0,"하락  5,500",-2.23,240500.0,241000.0,66616.0,16084.0,98535.0,,,0.275169,-1.30886528,"6,936.99",338.12,5.12,2026-05-05 14:19:40
31,환율하락 수혜,0.1,000070,삼양홀딩스,테마 편입 사유,68200.0,"하락  1,600",-2.29,68200.0,68400.0,12054.0,831.0,13507.0,,,0.275169,-1.30886528,"6,936.99",338.12,5.12,2026-05-05 14:19:40
31,환율하락 수혜,0.1,002680,한탑 *,테마 편입 사유,694.0,하락  21,-2.94,694.0,695.0,396915.0,277.0,267485.0,,,0.275169,-1.30886528,"6,936.99",338.12,5.12,2026-05-05 14:19:40
31,환율하락 수혜,0.1,010950,S-Oil,테마 편입 사유,128000.0,"하락  6,500",-4.83,128000.0,128100.0,593891.0,76061.0,753766.0,,,0.275169,-1.30886528,"6,936.99",338.12,5.12,2026-05-05 14:19:40
14,반도체 재료/부품,2.72,059090,미코 *,테마 편입 사유,26100.0,"상승  3,450",15.23,26050.0,26100.0,2538964.0,64887.0,1918005.0,,,0.786443,-1.30658816,"6,936.99",338.12,5.12,2026-05-05 14:19:40
14,반도체 재료/부품,2.72,219130,타이거일렉 *,테마 편입 사유,52600.0,"상승  6,850",14.97,52600.0,52700.0,156770.0,8069.0,57683.0,,,0.786443,-1.30658816,"6,936.99",338.12,5.12,2026-05-05 14:19:40
14,반도체 재료/부품,2.72,425040,티이엠씨 *,테마 편입 사유,19710.0,"상승  2,550",14.86,19700.0,19710.0,10105156.0,194571.0,2986658.0,,,0.786443,-1.30658816,"6,936.99",338.12,5.12,2026-05-05 14:19:40
14,반도체 재료/부품,2.72,024850,HLB이노베이션 *,테마 편입 사유,26300.0,"상승  3,200",13.85,26250.0,26300.0,1542476.0,39925.0,0.0,,,0.786443,-1.30658816,"6,936.99",338.12,5.12,2026-05-05 14:19:40
14,반도체 재료/부품,2.72,281820,케이씨텍,테마 편입 사유,66500.0,"상승  5,200",8.48,66400.0,66500.0,186235.0,12185.0,131475.0,,,0.786443,-1.30658816,"6,936.99",338.12,5.12,2026-05-05 14:19:40
14,반도체 재료/부품,2.72,000150,두산,테마 편입 사유,1705000.0,"상승  109,000",6.83,1705000.0,1706000.0,84369.0,142372.0,108850.0,,,0.786443,-1.30658816,"6,936.99",338.12,5.12,2026-05-05 14:19:40
14,반도체 재료/부품,2.72,080580,오킨스전자 *,테마 편입 사유,23550.0,"상승  1,500",6.8,23500.0,23550.0,318651.0,7396.0,448859.0,,,0.786443,-1.30658816,"6,936.99",338.12,5.12,2026-05-05 14:19:40
14,반도체 재료/부품,2.72,093370,후성,테마 편입 사유,14130.0,상승  890,6.72,14130.0,14140.0,6595998.0,94281.0,1860442.0,,,0.786443,-1.30658816,"6,936.99",338.12,5.12,2026-05-05 14:19:40
14,반도체 재료/부품,2.72,077360,덕산하이메탈 *,테마 편입 사유,19590.0,"상승  1,230",6.7,19590.0,19600.0,3275510.0,65578.0,2494479.0,,,0.786443,-1.30658816,"6,936.99",338.12,5.12,2026-05-05 14:19:40
14,반도체 재료/부품,2.72,067310,하나마이크론 *,테마 편입 사유,42050.0,"상승  2,350",5.92,42050.0,42100.0,3545894.0,151394.0,1271190.0,,,0.786443,-1.30658816,"6,936.99",338.12,5.12,2026-05-05 14:19:40
14,반도체 재료/부품,2.72,043590,웰킵스하이텍 *,테마 편입 사유,736.0,상승  41,5.9,736.0,739.0,513315.0,362.0,93888.0,,,0.786443,-1.30658816,"6,936.99",338.12,5.12,2026-05-05 14:19:40
14,반도체 재료/부품,2.72,272290,이녹스첨단소재 *,테마 편입 사유,36300.0,"상승  2,000",5.83,36300.0,36350.0,458518.0,16463.0,187764.0,,,0.786443,-1.30658816,"6,936.99",338.12,5.12,2026-05-05 14:19:40
14,반도체 재료/부품,2.72,166090,하나머티리얼즈 *,테마 편입 사유,79400.0,"상승  3,900",5.17,79300.0,79400.0,187307.0,14747.0,187197.0,,,0.786443,-1.30658816,"6,936.99",338.12,5.12,2026-05-05 14:19:40
14,반도체 재료/부품,2.72,417500,제이아이테크 *,테마 편입 사유,4805.0,상승  225,4.91,4800.0,4805.0,675451.0,3222.0,262340.0,,,0.786443,-1.30658816,"6,936.99",338.12,5.12,2026-05-05 14:19:40
14,반도체 재료/부품,2.72,060310,3S *,테마 편입 사유,1525.0,상승  71,4.88,1525.0,1526.0,1081226.0,1646.0,730403.0,,,0.786443,-1.30658816,"6,936.99",338.12,5.12,2026-05-05 14:19:40
14,반도체 재료/부품,2.72,278280,천보 *,테마 편입 사유,65600.0,"상승  3,000",4.79,65500.0,65600.0,145377.0,9655.0,98497.0,,,0.786443,-1.30658816,"6,936.99",338.12,5.12,2026-05-05 14:19:40
14,반도체 재료/부품,2.72,144960,뉴파워프라즈마 *,테마 편입 사유,7070.0,상승  310,4.59,7070.0,7080.0,884270.0,6239.0,400002.0,,,0.786443,-1.30658816,"6,936.99",338.12,5.12,2026-05-05 14:19:40
14,반도체 재료/부품,2.72,317330,덕산테코피아 *,테마 편입 사유,25100.0,"상승  1,100",4.58,25100.0,25150.0,294878.0,7513.0,281296.0,,,0.786443,-1.30658816,"6,936.99",338.12,5.12,2026-05-05 14:19:40
14,반도체 재료/부품,2.72,031330,에스에이엠티 *,테마 편입 사유,7390.0,상승  320,4.53,7380.0,7390.0,695616.0,5081.0,374666.0,,,0.786443,-1.30658816,"6,936.99",338.12,5.12,2026-05-05 14:19:40
14,반도체 재료/부품,2.72,170920,엘티씨 *,테마 편입 사유,47850.0,"상승  2,050",4.48,47650.0,47850.0,368512.0,17772.0,239200.0,,,0.786443,-1.30658816,"6,936.99",338.12,5.12,2026-05-05 14:19:40
14,반도체 재료/부품,2.72,005290,동진쎄미켐 *,테마 편입 사유,58900.0,"상승  2,300",4.06,58800.0,58900.0,516855.0,30306.0,493880.0,,,0.786443,-1.30658816,"6,936.99",338.12,5.12,2026-05-05 14:19:40
14,반도체 재료/부품,2.72,078350,한양디지텍 *,테마 편입 사유,32200.0,"상승  1,250",4.04,32200.0,32300.0,237063.0,7770.0,180065.0,,,0.786443,-1.30658816,"6,936.99",338.12,5.12,2026-05-05 14:19:40
14,반도체 재료/부품,2.72,424980,마이크로투나노 *,테마 편입 사유,14200.0,상승  540,3.95,14200.0,14220.0,43124.0,604.0,30910.0,,,0.786443,-1.30658816,"6,936.99",338.12,5.12,2026-05-05 14:19:40
14,반도체 재료/부품,2.72,311320,지오엘리먼트 *,테마 편입 사유,8780.0,상승  320,3.78,8780.0,8790.0,76915.0,676.0,68445.0,,,0.786443,-1.30658816,"6,936.99",338.12,5.12,2026-05-05 14:19:40
14,반도체 재료/부품,2.72,052900,KX하이텍 *,테마 편입 사유,1239.0,상승  42,3.51,1239.0,1240.0,799647.0,987.0,717555.0,,,0.786443,-1.30658816,"6,936.99",338.12,5.12,2026-05-05 14:19:40
14,반도체 재료/부품,2.72,446540,메가터치 *,테마 편입 사유,7390.0,상승  250,3.5,7390.0,7400.0,420572.0,3072.0,635562.0,,,0.786443,-1.30658816,"6,936.99",338.12,5.12,2026-05-05 14:19:40
14,반도체 재료/부품,2.72,104830,원익머트리얼즈 *,테마 편입 사유,53900.0,"상승  1,600",3.06,53700.0,53900.0,79942.0,4282.0,70397.0,,,0.786443,-1.30658816,"6,936.99",338.12,5.12,2026-05-05 14:19:40
14,반도체 재료/부품,2.72,033640,네패스 *,테마 편입 사유,32950.0,상승  950,2.97,32900.0,32950.0,379942.0,12412.0,288212.0,,,0.786443,-1.30658816,"6,936.99",338.12,5.12,2026-05-05 14:19:40
14,반도체 재료/부품,2.72,036810,에프에스티 *,테마 편입 사유,43700.0,"상승  1,200",2.82,43700.0,43750.0,127513.0,5565.0,155682.0,,,0.786443,-1.30658816,"6,936.99",338.12,5.12,2026-05-05 14:19:40
14,반도체 재료/부품,2.72,074600,원익QnC *,테마 편입 사유,38850.0,"상승  1,000",2.64,38850.0,38900.0,221034.0,8582.0,257303.0,,,0.786443,-1.30658816,"6,936.99",338.12,5.12,2026-05-05 14:19:40
14,반도체 재료/부품,2.72,142210,유니트론텍 *,테마 편입 사유,5840.0,상승  150,2.64,5840.0,5850.0,282796.0,1653.0,198963.0,,,0.786443,-1.30658816,"6,936.99",338.12,5.12,2026-05-05 14:19:40
14,반도체 재료/부품,2.72,241790,티이엠씨씨엔에스 *,테마 편입 사유,8530.0,상승  210,2.52,8520.0,8530.0,92876.0,791.0,56178.0,,,0.786443,-1.30658816,"6,936.99",338.12,5.12,2026-05-05 14:19:40
14,반도체 재료/부품,2.72,272110,케이엔제이 *,테마 편입 사유,41100.0,"상승  1,000",2.49,40950.0,41100.0,115954.0,4760.0,83991.0,,,0.786443,-1.30658816,"6,936.99",338.12,5.12,2026-05-05 14:19:40
14,반도체 재료/부품,2.72,114810,한솔아이원스 *,테마 편입 사유,17320.0,상승  380,2.24,17320.0,17330.0,391711.0,6842.0,459628.0,,,0.786443,-1.30658816,"6,936.99",338.12,5.12,2026-05-05 14:19:40
14,반도체 재료/부품,2.72,482630,삼양엔씨켐 *,테마 편입 사유,19720.0,상승  400,2.07,19720.0,19730.0,177538.0,3472.0,211581.0,,,0.786443,-1.30658816,"6,936.99",338.12,5.12,2026-05-05 14:19:40
14,반도체 재료/부품,2.72,095340,ISC *,테마 편입 사유,247500.0,"상승  5,000",2.06,247500.0,248000.0,220059.0,53821.0,197894.0,,,0.786443,-1.30658816,"6,936.99",338.12,5.12,2026-05-05 14:19:40
14,반도체 재료/부품,2.72,083500,에프엔에스테크 *,테마 편입 사유,19720.0,상승  370,1.91,19710.0,19720.0,91573.0,1816.0,150893.0,,,0.786443,-1.30658816,"6,936.99",338.12,5.12,2026-05-05 14:19:40
14,반도체 재료/부품,2.72,489500,엘케이켐 *,테마 편입 사유,35150.0,상승  600,1.74,35000.0,35150.0,100198.0,3564.0,248533.0,,,0.786443,-1.30658816,"6,936.99",338.12,5.12,2026-05-05 14:19:40
14,반도체 재료/부품,2.72,146320,비씨엔씨 *,테마 편입 사유,18150.0,상승  300,1.68,18150.0,18160.0,96667.0,1730.0,109611.0,,,0.786443,-1.30658816,"6,936.99",338.12,5.12,2026-05-05 14:19:40
14,반도체 재료/부품,2.72,064760,티씨케이 *,테마 편입 사유,298500.0,"상승  4,500",1.53,298000.0,298500.0,56366.0,16831.0,63537.0,,,0.786443,-1.30658816,"6,936.99",338.12,5.12,2026-05-05 14:19:40
14,반도체 재료/부품,2.72,025320,시노펙스 *,테마 편입 사유,6030.0,상승  90,1.52,6030.0,6040.0,555549.0,3361.0,617983.0,,,0.786443,-1.30658816,"6,936.99",338.12,5.12,2026-05-05 14:19:40
14,반도체 재료/부품,2.72,220260,켐트로스 *,테마 편입 사유,6070.0,상승  90,1.51,6070.0,6080.0,424954.0,2617.0,262994.0,,,0.786443,-1.30658816,"6,936.99",338.12,5.12,2026-05-05 14:19:40
14,반도체 재료/부품,2.72,101160,월덱스 *,테마 편입 사유,33200.0,상승  450,1.37,33200.0,33250.0,104298.0,3479.0,107657.0,,,0.786443,-1.30658816,"6,936.99",338.12,5.12,2026-05-05 14:19:40
14,반도체 재료/부품,2.72,241770,메카로 *,테마 편입 사유,36850.0,상승  350,0.96,36700.0,36850.0,24619.0,906.0,62641.0,,,0.786443,-1.30658816,"6,936.99",338.12,5.12,2026-05-05 14:19:40
14,반도체 재료/부품,2.72,295310,에이치브이엠 *,테마 편입 사유,89600.0,상승  600,0.67,89600.0,89700.0,129160.0,11551.0,168623.0,,,0.786443,-1.30658816,"6,936.99",338.12,5.12,2026-05-05 14:19:40
14,반도체 재료/부품,2.72,014680,한솔케미칼,테마 편입 사유,286500.0,"상승  1,500",0.53,286000.0,286500.0,49698.0,14279.0,47539.0,,,0.786443,-1.30658816,"6,936.99",338.12,5.12,2026-05-05 14:19:40
14,반도체 재료/부품,2.72,092070,디엔에프 *,테마 편입 사유,23750.0,상승  100,0.42,23700.0,23750.0,67833.0,1618.0,91953.0,,,0.786443,-1.30658816,"6,936.99",338.12,5.12,2026-05-05 14:19:40
14,반도체 재료/부품,2.72,171010,램테크놀러지 *,테마 편입 사유,3735.0,상승  5,0.13,3735.0,3760.0,88422.0,334.0,77562.0,,,0.786443,-1.30658816,"6,936.99",338.12,5.12,2026-05-05 14:19:40
14,반도체 재료/부품,2.72,357780,솔브레인 *,테마 편입 사유,458500.0,상승  500,0.11,458500.0,459000.0,44302.0,20262.0,32300.0,,,0.786443,-1.30658816,"6,936.99",338.12,5.12,2026-05-05 14:19:40
14,반도체 재료/부품,2.72,036090,위지트 *,테마 편입 사유,710.0,보합0,0.0,0.0,0.0,0.0,0.0,0.0,,,0.786443,-1.30658816,"6,936.99",338.12,5.12,2026-05-05 14:19:40
14,반도체 재료/부품,2.72,102710,이엔에프테크놀로지 *,테마 편입 사유,57900.0,보합0,0.0,57900.0,58100.0,185126.0,10700.0,101058.0,,,0.786443,-1.30658816,"6,936.99",338.12,5.12,2026-05-05 14:19:40
14,반도체 재료/부품,2.72,092220,KEC,테마 편입 사유,1838.0,보합0,0.0,0.0,0.0,0.0,0.0,0.0,,,0.786443,-1.30658816,"6,936.99",338.12,5.12,2026-05-05 14:19:40
14,반도체 재료/부품,2.72,025000,KPX케미칼,테마 편입 사유,54100.0,하락  100,-0.18,54000.0,54100.0,3788.0,204.0,8642.0,,,0.786443,-1.30658816,"6,936.99",338.12,5.12,2026-05-05 14:19:40
14,반도체 재료/부품,2.72,388210,씨엠티엑스 *,테마 편입 사유,140200.0,하락  500,-0.36,140200.0,140400.0,87468.0,12456.0,95880.0,,,0.786443,-1.30658816,"6,936.99",338.12,5.12,2026-05-05 14:19:40
14,반도체 재료/부품,2.72,281740,레이크머티리얼즈 *,테마 편입 사유,22850.0,하락  150,-0.65,22850.0,22900.0,2359.0,54.0,1239705.0,,,0.786443,-1.30658816,"6,936.99",338.12,5.12,2026-05-05 14:19:40
14,반도체 재료/부품,2.72,101490,에스앤에스텍 *,테마 편입 사유,100000.0,하락  700,-0.7,99900.0,100000.0,275725.0,27477.0,192436.0,,,0.786443,-1.30658816,"6,936.99",338.12,5.12,2026-05-05 14:19:40
14,반도체 재료/부품,2.72,195870,해성디에스,테마 편입 사유,79500.0,하락  700,-0.87,79400.0,79500.0,327495.0,25799.0,620157.0,,,0.786443,-1.30658816,"6,936.99",338.12,5.12,2026-05-05 14:19:40
14,반도체 재료/부품,2.72,252990,샘씨엔에스 *,테마 편입 사유,14130.0,하락  130,-0.91,14130.0,14150.0,1010528.0,14059.0,632477.0,,,0.786443,-1.30658816,"6,936.99",338.12,5.12,2026-05-05 14:19:40
14,반도체 재료/부품,2.72,307750,국전 *,테마 편입 사유,3855.0,하락  55,-1.41,3855.0,3880.0,512128.0,2011.0,391476.0,,,0.786443,-1.30658816,"6,936.99",338.12,5.12,2026-05-05 14:19:40
14,반도체 재료/부품,2.72,033160,엠케이전자 *,테마 편입 사유,27500.0,하락  400,-1.43,27500.0,27550.0,497000.0,13943.0,452409.0,,,0.786443,-1.30658816,"6,936.99",338.12,5.12,2026-05-05 14:19:40
14,반도체 재료/부품,2.72,000390,SP삼화,테마 편입 사유,9260.0,하락  190,-2.01,9260.0,9270.0,541457.0,5103.0,749699.0,,,0.786443,-1.30658816,"6,936.99",338.12,5.12,2026-05-05 14:19:40
14,반도체 재료/부품,2.72,445180,퓨릿 *,테마 편입 사유,12380.0,하락  310,-2.44,12350.0,12380.0,268816.0,3302.0,257290.0,,,0.786443,-1.30658816,"6,936.99",338.12,5.12,2026-05-05 14:19:40
14,반도체 재료/부품,2.72,112290,와이씨켐 *,테마 편입 사유,13620.0,하락  430,-3.06,13620.0,13630.0,1213772.0,16466.0,2353453.0,,,0.786443,-1.30658816,"6,936.99",338.12,5.12,2026-05-05 14:19:40
14,반도체 재료/부품,2.72,456040,OCI,테마 편입 사유,144300.0,"하락  5,700",-3.8,144300.0,144400.0,103103.0,15024.0,249461.0,,,0.786443,-1.30658816,"6,936.99",338.12,5.12,2026-05-05 14:19:40
14,반도체 재료/부품,2.72,098120,마이크로컨텍솔 *,테마 편입 사유,35950.0,"하락  1,450",-3.88,35900.0,35950.0,324757.0,11948.0,322838.0,,,0.786443,-1.30658816,"6,936.99",338.12,5.12,2026-05-05 14:19:40
14,반도체 재료/부품,2.72,004000,롯데정밀화학,테마 편입 사유,66600.0,"하락  2,800",-4.03,66600.0,66700.0,160801.0,10818.0,155838.0,,,0.786443,-1.30658816,"6,936.99",338.12,5.12,2026-05-05 14:19:40
14,반도체 재료/부품,2.72,147760,피엠티 *,테마 편입 사유,6660.0,하락  320,-4.58,6660.0,6670.0,402017.0,2614.0,477797.0,,,0.786443,-1.30658816,"6,936.99",338.12,5.12,2026-05-05 14:19:40
445,2차전지(장비),1.9,262260,에이프로 *,테마 편입 사유,10990.0,"상승  2,360",27.35,10970.0,10990.0,1060327.0,11115.0,615561.0,,,0.623215,-1.2908608,"6,936.99",338.12,5.12,2026-05-05 14:19:40
445,2차전지(장비),1.9,078150,HB테크놀러지 *,테마 편입 사유,3095.0,상승  245,8.6,3095.0,3100.0,8414086.0,26020.0,2097886.0,,,0.623215,-1.2908608,"6,936.99",338.12,5.12,2026-05-05 14:19:40
445,2차전지(장비),1.9,089890,코세스 *,테마 편입 사유,50500.0,"상승  3,100",6.54,50500.0,50600.0,359537.0,18142.0,381629.0,,,0.623215,-1.2908608,"6,936.99",338.12,5.12,2026-05-05 14:19:40
445,2차전지(장비),1.9,217820,원익피앤이 *,테마 편입 사유,4225.0,상승  250,6.29,4220.0,4225.0,1226272.0,5168.0,529218.0,,,0.623215,-1.2908608,"6,936.99",338.12,5.12,2026-05-05 14:19:40
445,2차전지(장비),1.9,114190,강원에너지 *,테마 편입 사유,16200.0,상승  870,5.68,16200.0,16210.0,472612.0,7603.0,237646.0,,,0.623215,-1.2908608,"6,936.99",338.12,5.12,2026-05-05 14:19:40
445,2차전지(장비),1.9,432470,케이엔에스 *,테마 편입 사유,14870.0,상승  720,5.09,14860.0,14870.0,1232873.0,19342.0,82402.0,,,0.623215,-1.2908608,"6,936.99",338.12,5.12,2026-05-05 14:19:40
445,2차전지(장비),1.9,065130,탑엔지니어링 *,테마 편입 사유,3465.0,상승  165,5.0,3460.0,3465.0,96717.0,329.0,46661.0,,,0.623215,-1.2908608,"6,936.99",338.12,5.12,2026-05-05 14:19:40
445,2차전지(장비),1.9,282880,코윈테크 *,테마 편입 사유,17730.0,상승  750,4.42,17730.0,17740.0,434066.0,7851.0,427618.0,,,0.623215,-1.2908608,"6,936.99",338.12,5.12,2026-05-05 14:19:40
445,2차전지(장비),1.9,302430,이노메트리 *,테마 편입 사유,8740.0,상승  350,4.17,8730.0,8740.0,152810.0,1341.0,52509.0,,,0.623215,-1.2908608,"6,936.99",338.12,5.12,2026-05-05 14:19:40
445,2차전지(장비),1.9,480370,씨케이솔루션,테마 편입 사유,2570.0,상승  95,3.84,2570.0,2575.0,488183.0,1267.0,325527.0,,,0.623215,-1.2908608,"6,936.99",338.12,5.12,2026-05-05 14:19:40
445,2차전지(장비),1.9,452200,민테크 *,테마 편입 사유,2870.0,상승  105,3.8,2865.0,2870.0,234851.0,667.0,119935.0,,,0.623215,-1.2908608,"6,936.99",338.12,5.12,2026-05-05 14:19:40
445,2차전지(장비),1.9,056190,에스에프에이 *,테마 편입 사유,32550.0,"상승  1,150",3.66,32550.0,32600.0,136196.0,4436.0,193856.0,,,0.623215,-1.2908608,"6,936.99",338.12,5.12,2026-05-05 14:19:40
445,2차전지(장비),1.9,137400,피엔티 *,테마 편입 사유,58000.0,"상승  2,000",3.57,57900.0,58000.0,206076.0,12011.0,192375.0,,,0.623215,-1.2908608,"6,936.99",338.12,5.12,2026-05-05 14:19:40
445,2차전지(장비),1.9,259630,엠플러스 *,테마 편입 사유,18060.0,상승  510,2.91,18060.0,18070.0,480290.0,8796.0,346911.0,,,0.623215,-1.2908608,"6,936.99",338.12,5.12,2026-05-05 14:19:40
445,2차전지(장비),1.9,452190,한빛레이저 *,테마 편입 사유,8170.0,상승  210,2.64,8160.0,8170.0,4609780.0,38489.0,7725816.0,,,0.623215,-1.2908608,"6,936.99",338.12,5.12,2026-05-05 14:19:40
445,2차전지(장비),1.9,241790,티이엠씨씨엔에스 *,테마 편입 사유,8530.0,상승  210,2.52,8520.0,8530.0,92876.0,791.0,56178.0,,,0.623215,-1.2908608,"6,936.99",338.12,5.12,2026-05-05 14:19:40
445,2차전지(장비),1.9,110990,디아이티 *,테마 편입 사유,25550.0,상승  600,2.4,25550.0,25600.0,286137.0,7413.0,167640.0,,,0.623215,-1.2908608,"6,936.99",338.12,5.12,2026-05-05 14:19:40
445,2차전지(장비),1.9,277880,티에스아이 *,테마 편입 사유,5750.0,상승  130,2.31,5750.0,5760.0,203844.0,1185.0,90002.0,,,0.623215,-1.2908608,"6,936.99",338.12,5.12,2026-05-05 14:19:40
445,2차전지(장비),1.9,161580,필옵틱스 *,테마 편입 사유,48650.0,상승  850,1.78,48650.0,48700.0,214033.0,10390.0,233503.0,,,0.623215,-1.2908608,"6,936.99",338.12,5.12,2026-05-05 14:19:40
445,2차전지(장비),1.9,378340,필에너지 *,테마 편입 사유,20300.0,상승  330,1.65,20300.0,20350.0,262980.0,5389.0,273524.0,,,0.623215,-1.2908608,"6,936.99",338.12,5.12,2026-05-05 14:19:40
445,2차전지(장비),1.9,455180,케이지에이 *,테마 편입 사유,3060.0,상승  35,1.16,3055.0,3060.0,57666.0,177.0,55715.0,,,0.623215,-1.2908608,"6,936.99",338.12,5.12,2026-05-05 14:19:40
445,2차전지(장비),1.9,148930,에이치와이티씨 *,테마 편입 사유,3230.0,상승  35,1.1,3225.0,3230.0,41908.0,135.0,40676.0,,,0.623215,-1.2908608,"6,936.99",338.12,5.12,2026-05-05 14:19:40
445,2차전지(장비),1.9,017370,우신시스템,테마 편입 사유,6180.0,상승  60,0.98,6160.0,6180.0,52865.0,328.0,24472.0,,,0.623215,-1.2908608,"6,936.99",338.12,5.12,2026-05-05 14:19:40
445,2차전지(장비),1.9,382840,원준 *,테마 편입 사유,9980.0,상승  70,0.71,9980.0,10000.0,116008.0,1173.0,112893.0,,,0.623215,-1.2908608,"6,936.99",338.12,5.12,2026-05-05 14:19:40
445,2차전지(장비),1.9,413390,엠오티 *,테마 편입 사유,9240.0,상승  60,0.65,9230.0,9240.0,175124.0,1631.0,165248.0,,,0.623215,-1.2908608,"6,936.99",338.12,5.12,2026-05-05 14:19:40
445,2차전지(장비),1.9,168360,펨트론 *,테마 편입 사유,25950.0,상승  150,0.58,25950.0,26000.0,171145.0,4418.0,327208.0,,,0.623215,-1.2908608,"6,936.99",338.12,5.12,2026-05-05 14:19:40
445,2차전지(장비),1.9,267320,나인테크 *,테마 편입 사유,3500.0,상승  20,0.57,3495.0,3500.0,1568804.0,5541.0,1960975.0,,,0.623215,-1.2908608,"6,936.99",338.12,5.12,2026-05-05 14:19:40
445,2차전지(장비),1.9,382480,지아이텍 *,테마 편입 사유,2775.0,상승  10,0.36,2770.0,2775.0,494053.0,1393.0,419461.0,,,0.623215,-1.2908608,"6,936.99",338.12,5.12,2026-05-05 14:19:40
445,2차전지(장비),1.9,251630,브이원텍 *,테마 편입 사유,6240.0,상승  20,0.32,6220.0,6240.0,55736.0,350.0,100640.0,,,0.623215,-1.2908608,"6,936.99",338.12,5.12,2026-05-05 14:19:40
445,2차전지(장비),1.9,333620,엔시스 *,테마 편입 사유,7150.0,상승  20,0.28,7150.0,7160.0,101618.0,728.0,103044.0,,,0.623215,-1.2908608,"6,936.99",338.12,5.12,2026-05-05 14:19:40
445,2차전지(장비),1.9,222080,씨아이에스 *,테마 편입 사유,17190.0,상승  20,0.12,17180.0,17190.0,4863206.0,84337.0,6840318.0,,,0.623215,-1.2908608,"6,936.99",338.12,5.12,2026-05-05 14:19:40
445,2차전지(장비),1.9,083930,아바코 *,테마 편입 사유,15930.0,상승  10,0.06,15930.0,15950.0,270909.0,4325.0,160458.0,,,0.623215,-1.2908608,"6,936.99",338.12,5.12,2026-05-05 14:19:40
445,2차전지(장비),1.9,032680,소프트센 *,테마 편입 사유,268.0,보합0,0.0,0.0,0.0,0.0,0.0,2895067.0,,,0.623215,-1.2908608,"6,936.99",338.12,5.12,2026-05-05 14:19:40
445,2차전지(장비),1.9,469750,아이비젼웍스 *,테마 편입 사유,1161.0,보합0,0.0,1157.0,1161.0,157728.0,185.0,150069.0,,,0.623215,-1.2908608,"6,936.99",338.12,5.12,2026-05-05 14:19:40
445,2차전지(장비),1.9,320000,한울반도체 *,테마 편입 사유,1533.0,보합0,0.0,0.0,0.0,0.0,0.0,0.0,,,0.623215,-1.2908608,"6,936.99",338.12,5.12,2026-05-05 14:19:40
445,2차전지(장비),1.9,131760,파인텍 *,테마 편입 사유,1036.0,보합0,0.0,0.0,0.0,0.0,0.0,0.0,,,0.623215,-1.2908608,"6,936.99",338.12,5.12,2026-05-05 14:19:40
445,2차전지(장비),1.9,129920,대성하이텍 *,테마 편입 사유,10600.0,하락  40,-0.38,10600.0,10610.0,332842.0,3498.0,504777.0,,,0.623215,-1.2908608,"6,936.99",338.12,5.12,2026-05-05 14:19:40
445,2차전지(장비),1.9,081180,쎄크 *,테마 편입 사유,13510.0,하락  100,-0.73,13510.0,13520.0,156048.0,2152.0,211221.0,,,0.623215,-1.2908608,"6,936.99",338.12,5.12,2026-05-05 14:19:40
445,2차전지(장비),1.9,257370,피엔티엠에스 *,테마 편입 사유,3170.0,하락  25,-0.78,3170.0,3180.0,42318.0,133.0,48816.0,,,0.623215,-1.2908608,"6,936.99",338.12,5.12,2026-05-05 14:19:40
445,2차전지(장비),1.9,290670,대보마그네틱 *,테마 편입 사유,12210.0,하락  140,-1.13,12210.0,12250.0,35066.0,440.0,24941.0,,,0.623215,-1.2908608,"6,936.99",338.12,5.12,2026-05-05 14:19:40
445,2차전지(장비),1.9,372170,윤성에프앤씨 *,테마 편입 사유,35600.0,하락  700,-1.93,35600.0,35650.0,37607.0,1366.0,36771.0,,,0.623215,-1.2908608,"6,936.99",338.12,5.12,2026-05-05 14:19:40
445,2차전지(장비),1.9,109740,디에스케이 *,테마 편입 사유,5840.0,하락  120,-2.01,5800.0,5840.0,143451.0,839.0,284138.0,,,0.623215,-1.2908608,"6,936.99",338.12,5.12,2026-05-05 14:19:40
445,2차전지(장비),1.9,079810,APS이노베이션 *,테마 편입 사유,6530.0,하락  140,-2.1,6530.0,6540.0,477731.0,3166.0,561759.0,,,0.623215,-1.2908608,"6,936.99",338.12,5.12,2026-05-05 14:19:40
445,2차전지(장비),1.9,299030,하나기술 *,테마 편입 사유,31150.0,하락  700,-2.2,31150.0,31250.0,102590.0,3222.0,62777.0,,,0.623215,-1.2908608,"6,936.99",338.12,5.12,2026-05-05 14:19:40
445,2차전지(장비),1.9,076080,웰크론한텍 *,테마 편입 사유,1234.0,하락  31,-2.45,1233.0,1234.0,112605.0,140.0,69307.0,,,0.623215,-1.2908608,"6,936.99",338.12,5.12,2026-05-05 14:19:40
445,2차전지(장비),1.9,108230,톱텍 *,테마 편입 사유,4445.0,하락  145,-3.16,4445.0,4455.0,175532.0,794.0,75236.0,,,0.623215,-1.2908608,"6,936.99",338.12,5.12,2026-05-05 14:19:40
445,2차전지(장비),1.9,254120,자비스 *,테마 편입 사유,1410.0,하락  73,-4.92,1410.0,1411.0,666162.0,947.0,466407.0,,,0.623215,-1.2908608,"6,936.99",338.12,5.12,2026-05-05 14:19:40
41,카메라모듈/부품,0.74,009150,삼성전기,테마 편입 사유,918000.0,"상승  86,000",10.34,917000.0,918000.0,866674.0,776482.0,906217.0,,,0.394954,-1.2821644800000003,"6,936.99",338.12,5.12,2026-05-05 14:19:40
41,카메라모듈/부품,0.74,076610,해성옵틱스 *,테마 편입 사유,1885.0,상승  146,8.4,1883.0,1885.0,27543.0,51.0,35020611.0,,,0.394954,-1.2821644800000003,"6,936.99",338.12,5.12,2026-05-05 14:19:40
41,카메라모듈/부품,0.74,300120,라온피플 *,테마 편입 사유,1100.0,상승  83,8.16,1092.0,1100.0,3793966.0,4292.0,613753.0,,,0.394954,-1.2821644800000003,"6,936.99",338.12,5.12,2026-05-05 14:19:40
41,카메라모듈/부품,0.74,065130,탑엔지니어링 *,테마 편입 사유,3465.0,상승  165,5.0,3460.0,3465.0,96717.0,329.0,46661.0,,,0.394954,-1.2821644800000003,"6,936.99",338.12,5.12,2026-05-05 14:19:40
41,카메라모듈/부품,0.74,011070,LG이노텍,테마 편입 사유,595000.0,"상승  22,000",3.84,594000.0,595000.0,251351.0,148283.0,286326.0,,,0.394954,-1.2821644800000003,"6,936.99",338.12,5.12,2026-05-05 14:19:40
41,카메라모듈/부품,0.74,123010,알엔티엑스 *,테마 편입 사유,1593.0,상승  52,3.37,1593.0,1594.0,1088397.0,1774.0,986821.0,,,0.394954,-1.2821644800000003,"6,936.99",338.12,5.12,2026-05-05 14:19:40
41,카메라모듈/부품,0.74,271830,팸텍 *,테마 편입 사유,1621.0,상승  51,3.25,1618.0,1621.0,217573.0,354.0,100836.0,,,0.394954,-1.2821644800000003,"6,936.99",338.12,5.12,2026-05-05 14:19:40
41,카메라모듈/부품,0.74,370090,퓨런티어 *,테마 편입 사유,14320.0,상승  350,2.51,14320.0,14340.0,108277.0,1556.0,54109.0,,,0.394954,-1.2821644800000003,"6,936.99",338.12,5.12,2026-05-05 14:19:40
41,카메라모듈/부품,0.74,097520,엠씨넥스,테마 편입 사유,23550.0,상승  550,2.39,23500.0,23550.0,44866.0,1055.0,56828.0,,,0.394954,-1.2821644800000003,"6,936.99",338.12,5.12,2026-05-05 14:19:40
41,카메라모듈/부품,0.74,047310,파워로직스 *,테마 편입 사유,5300.0,상승  120,2.32,5300.0,5310.0,365507.0,1951.0,211247.0,,,0.394954,-1.2821644800000003,"6,936.99",338.12,5.12,2026-05-05 14:19:40
41,카메라모듈/부품,0.74,225190,LK삼양 *,테마 편입 사유,2190.0,상승  40,1.86,2185.0,2190.0,2274.0,5.0,1136099.0,,,0.394954,-1.2821644800000003,"6,936.99",338.12,5.12,2026-05-05 14:19:40
41,카메라모듈/부품,0.74,190510,나무가 *,테마 편입 사유,19380.0,상승  270,1.41,19380.0,19400.0,53051.0,1029.0,93133.0,,,0.394954,-1.2821644800000003,"6,936.99",338.12,5.12,2026-05-05 14:19:40
41,카메라모듈/부품,0.74,050110,캠시스 *,테마 편입 사유,1919.0,상승  25,1.32,1918.0,1919.0,562778.0,1077.0,839665.0,,,0.394954,-1.2821644800000003,"6,936.99",338.12,5.12,2026-05-05 14:19:40
41,카메라모듈/부품,0.74,0011A0,액스비스 *,테마 편입 사유,26800.0,상승  350,1.32,26800.0,26850.0,141758.0,3729.0,286929.0,,,0.394954,-1.2821644800000003,"6,936.99",338.12,5.12,2026-05-05 14:19:40
41,카메라모듈/부품,0.74,087600,픽셀플러스 *,테마 편입 사유,6420.0,상승  70,1.1,6420.0,6440.0,9740.0,63.0,5699.0,,,0.394954,-1.2821644800000003,"6,936.99",338.12,5.12,2026-05-05 14:19:40
41,카메라모듈/부품,0.74,208710,포톤 *,테마 편입 사유,2700.0,상승  5,0.19,2695.0,2700.0,288557.0,787.0,128468.0,,,0.394954,-1.2821644800000003,"6,936.99",338.12,5.12,2026-05-05 14:19:40
41,카메라모듈/부품,0.74,053450,세코닉스 *,테마 편입 사유,5620.0,보합0,0.0,5620.0,5660.0,247664.0,1400.0,1044516.0,,,0.394954,-1.2821644800000003,"6,936.99",338.12,5.12,2026-05-05 14:19:40
41,카메라모듈/부품,0.74,126700,하이비젼시스템 *,테마 편입 사유,18360.0,하락  30,-0.16,18350.0,18360.0,180228.0,3367.0,124087.0,,,0.394954,-1.2821644800000003,"6,936.99",338.12,5.12,2026-05-05 14:19:40
41,카메라모듈/부품,0.74,290740,액트로 *,테마 편입 사유,18100.0,하락  160,-0.88,18100.0,18120.0,314238.0,5663.0,86991.0,,,0.394954,-1.2821644800000003,"6,936.99",338.12,5.12,2026-05-05 14:19:40
41,카메라모듈/부품,0.74,196450,코아시아씨엠 *,테마 편입 사유,1372.0,하락  17,-1.22,1371.0,1372.0,257005.0,360.0,227843.0,,,0.394954,-1.2821644800000003,"6,936.99",338.12,5.12,2026-05-05 14:19:40
41,카메라모듈/부품,0.74,081580,성우전자 *,테마 편입 사유,3210.0,하락  60,-1.83,3205.0,3210.0,125577.0,406.0,112215.0,,,0.394954,-1.2821644800000003,"6,936.99",338.12,5.12,2026-05-05 14:19:40
41,카메라모듈/부품,0.74,033240,자화전자,테마 편입 사유,47700.0,하락  950,-1.95,47700.0,47750.0,264672.0,12746.0,183639.0,,,0.394954,-1.2821644800000003,"6,936.99",338.12,5.12,2026-05-05 14:19:40
41,카메라모듈/부품,0.74,082210,옵트론텍 *,테마 편입 사유,1810.0,하락  50,-2.69,1810.0,1811.0,255560.0,472.0,108824.0,,,0.394954,-1.2821644800000003,"6,936.99",338.12,5.12,2026-05-05 14:19:40
41,카메라모듈/부품,0.74,263600,덕우전자 *,테마 편입 사유,6250.0,하락  210,-3.25,6250.0,6260.0,257058.0,1655.0,73769.0,,,0.394954,-1.2821644800000003,"6,936.99",338.12,5.12,2026-05-05 14:19:40
41,카메라모듈/부품,0.74,094170,동운아나텍 *,테마 편입 사유,48650.0,"하락  2,750",-5.35,48650.0,48800.0,297128.0,15213.0,412866.0,,,0.394954,-1.2821644800000003,"6,936.99",338.12,5.12,2026-05-05 14:19:40
41,카메라모듈/부품,0.74,091700,파트론 *,테마 편입 사유,7750.0,하락  530,-6.4,7750.0,7760.0,1102841.0,8771.0,261047.0,,,0.394954,-1.2821644800000003,"6,936.99",338.12,5.12,2026-05-05 14:19:40
41,카메라모듈/부품,0.74,049630,재영솔루텍 *,테마 편입 사유,14850.0,"하락  2,250",-13.16,14850.0,14860.0,1697493.0,25958.0,2464654.0,,,0.394954,-1.2821644800000003,"6,936.99",338.12,5.12,2026-05-05 14:19:40
174,치아 치료(임플란트 등),0.34,448900,한국피아이엠 *,테마 편입 사유,127900.0,"상승  20,200",18.76,127900.0,128000.0,413715.0,51326.0,338101.0,,,0.314147,-1.2684326400000001,"6,936.99",338.12,5.12,2026-05-05 14:19:40
174,치아 치료(임플란트 등),0.34,043150,바텍 *,테마 편입 사유,23300.0,상승  300,1.3,23250.0,23300.0,23180.0,543.0,29140.0,,,0.314147,-1.2684326400000001,"6,936.99",338.12,5.12,2026-05-05 14:19:40
174,치아 치료(임플란트 등),0.34,052260,현대바이오랜드 *,테마 편입 사유,4610.0,상승  20,0.44,4610.0,4615.0,174429.0,809.0,173069.0,,,0.314147,-1.2684326400000001,"6,936.99",338.12,5.12,2026-05-05 14:19:40
174,치아 치료(임플란트 등),0.34,004080,신흥,테마 편입 사유,13970.0,하락  20,-0.14,13810.0,13970.0,13483.0,187.0,5703.0,,,0.314147,-1.2684326400000001,"6,936.99",338.12,5.12,2026-05-05 14:19:40
174,치아 치료(임플란트 등),0.34,226400,오스테오닉 *,테마 편입 사유,6610.0,하락  20,-0.3,6610.0,6620.0,146049.0,971.0,137659.0,,,0.314147,-1.2684326400000001,"6,936.99",338.12,5.12,2026-05-05 14:19:40
174,치아 치료(임플란트 등),0.34,059210,메타바이오메드 *,테마 편입 사유,4385.0,하락  35,-0.79,4385.0,4390.0,199568.0,885.0,194354.0,,,0.314147,-1.2684326400000001,"6,936.99",338.12,5.12,2026-05-05 14:19:40
174,치아 치료(임플란트 등),0.34,145720,덴티움,테마 편입 사유,52800.0,하락  500,-0.94,52700.0,52800.0,32724.0,1729.0,33307.0,,,0.314147,-1.2684326400000001,"6,936.99",338.12,5.12,2026-05-05 14:19:40
174,치아 치료(임플란트 등),0.34,450330,하스 *,테마 편입 사유,7060.0,하락  80,-1.12,7060.0,7070.0,19675.0,139.0,14181.0,,,0.314147,-1.2684326400000001,"6,936.99",338.12,5.12,2026-05-05 14:19:40
174,치아 치료(임플란트 등),0.34,039200,오스코텍 *,테마 편입 사유,51400.0,하락  600,-1.15,51400.0,51500.0,225672.0,11803.0,215930.0,,,0.314147,-1.2684326400000001,"6,936.99",338.12,5.12,2026-05-05 14:19:40
174,치아 치료(임플란트 등),0.34,039840,디오 *,테마 편입 사유,17050.0,하락  210,-1.22,17040.0,17050.0,40968.0,700.0,27988.0,,,0.314147,-1.2684326400000001,"6,936.99",338.12,5.12,2026-05-05 14:19:40
174,치아 치료(임플란트 등),0.34,138610,나이벡 *,테마 편입 사유,25500.0,하락  400,-1.54,25500.0,25550.0,50841.0,1306.0,64459.0,,,0.314147,-1.2684326400000001,"6,936.99",338.12,5.12,2026-05-05 14:19:40
174,치아 치료(임플란트 등),0.34,228670,레이 *,테마 편입 사유,8580.0,하락  230,-2.61,8540.0,8580.0,206640.0,1787.0,291650.0,,,0.314147,-1.2684326400000001,"6,936.99",338.12,5.12,2026-05-05 14:19:40
174,치아 치료(임플란트 등),0.34,318060,그래피 *,테마 편입 사유,32250.0,하락  950,-2.86,32250.0,32300.0,335047.0,10955.0,431885.0,,,0.314147,-1.2684326400000001,"6,936.99",338.12,5.12,2026-05-05 14:19:40
174,치아 치료(임플란트 등),0.34,261200,덴티스 *,테마 편입 사유,3850.0,하락  120,-3.02,3850.0,3855.0,51814.0,202.0,28398.0,,,0.314147,-1.2684326400000001,"6,936.99",338.12,5.12,2026-05-05 14:19:40
210,자전거,-0.27,024950,삼천리자전거 *,테마 편입 사유,5120.0,상승  10,0.2,5110.0,5120.0,179926.0,916.0,139842.0,,,0.192109,-1.2535980800000002,"6,936.99",338.12,5.12,2026-05-05 14:19:40
210,자전거,-0.27,123750,알톤 *,테마 편입 사유,2055.0,하락  10,-0.48,2055.0,2060.0,52750.0,108.0,51254.0,,,0.192109,-1.2535980800000002,"6,936.99",338.12,5.12,2026-05-05 14:19:40
210,자전거,-0.27,065450,빅텍 *,테마 편입 사유,5770.0,하락  30,-0.52,5760.0,5770.0,1670642.0,9421.0,765715.0,,,0.192109,-1.2535980800000002,"6,936.99",338.12,5.12,2026-05-05 14:19:40
128,엔터테인먼트,-0.99,376300,디어유 *,테마 편입 사유,32450.0,상승  200,0.62,32400.0,32450.0,71167.0,2305.0,157081.0,,,0.048797,-1.23984064,"6,936.99",338.12,5.12,2026-05-05 14:19:40
128,엔터테인먼트,-0.99,200350,아티스트스튜디오 *,테마 편입 사유,5550.0,상승  30,0.54,5540.0,5550.0,48231.0,265.0,36002.0,,,0.048797,-1.23984064,"6,936.99",338.12,5.12,2026-05-05 14:19:40
128,엔터테인먼트,-0.99,041510,에스엠 *,테마 편입 사유,96800.0,상승  200,0.21,96600.0,96800.0,102197.0,9917.0,146749.0,,,0.048797,-1.23984064,"6,936.99",338.12,5.12,2026-05-05 14:19:40
128,엔터테인먼트,-0.99,035760,CJ ENM *,테마 편입 사유,54200.0,상승  100,0.18,54200.0,54300.0,34394.0,1874.0,71361.0,,,0.048797,-1.23984064,"6,936.99",338.12,5.12,2026-05-05 14:19:40
128,엔터테인먼트,-0.99,131100,티엔엔터테인먼트 *,테마 편입 사유,1294.0,상승  1,0.08,1291.0,1294.0,20012.0,26.0,23183.0,,,0.048797,-1.23984064,"6,936.99",338.12,5.12,2026-05-05 14:19:40
128,엔터테인먼트,-0.99,044480,빌리언스 *,테마 편입 사유,445.0,보합0,0.0,0.0,0.0,0.0,0.0,0.0,,,0.048797,-1.23984064,"6,936.99",338.12,5.12,2026-05-05 14:19:40
128,엔터테인먼트,-0.99,051780,큐로홀딩스 *,테마 편입 사유,727.0,보합0,0.0,0.0,0.0,0.0,0.0,0.0,,,0.048797,-1.23984064,"6,936.99",338.12,5.12,2026-05-05 14:19:40
128,엔터테인먼트,-0.99,046390,삼화네트웍스 *,테마 편입 사유,991.0,보합0,0.0,0.0,0.0,0.0,0.0,0.0,,,0.048797,-1.23984064,"6,936.99",338.12,5.12,2026-05-05 14:19:40
128,엔터테인먼트,-0.99,032800,판타지오 *,테마 편입 사유,342.0,보합0,0.0,0.0,0.0,0.0,0.0,0.0,,,0.048797,-1.23984064,"6,936.99",338.12,5.12,2026-05-05 14:19:40
128,엔터테인먼트,-0.99,253450,스튜디오드래곤 *,테마 편입 사유,34800.0,하락  50,-0.14,34750.0,34800.0,59985.0,2098.0,63427.0,,,0.048797,-1.23984064,"6,936.99",338.12,5.12,2026-05-05 14:19:40
128,엔터테인먼트,-0.99,458350,에스팀 *,테마 편입 사유,9040.0,하락  30,-0.33,9040.0,9050.0,94580.0,860.0,261037.0,,,0.048797,-1.23984064,"6,936.99",338.12,5.12,2026-05-05 14:19:40
128,엔터테인먼트,-0.99,950190,고스트스튜디오 *,테마 편입 사유,8090.0,하락  30,-0.37,8080.0,8090.0,44876.0,359.0,26548.0,,,0.048797,-1.23984064,"6,936.99",338.12,5.12,2026-05-05 14:19:40
128,엔터테인먼트,-0.99,035720,카카오,테마 편입 사유,47100.0,하락  200,-0.42,47050.0,47100.0,1520475.0,71746.0,1484406.0,,,0.048797,-1.23984064,"6,936.99",338.12,5.12,2026-05-05 14:19:40
128,엔터테인먼트,-0.99,473980,노머스 *,테마 편입 사유,17550.0,하락  100,-0.57,17540.0,17550.0,74225.0,1303.0,54550.0,,,0.048797,-1.23984064,"6,936.99",338.12,5.12,2026-05-05 14:19:40
128,엔터테인먼트,-0.99,035900,JYP Ent. *,테마 편입 사유,62500.0,하락  400,-0.64,62500.0,62600.0,136817.0,8584.0,208472.0,,,0.048797,-1.23984064,"6,936.99",338.12,5.12,2026-05-05 14:19:40
128,엔터테인먼트,-0.99,369370,블리츠웨이엔터테인먼트 *,테마 편입 사유,1162.0,하락  8,-0.68,1161.0,1162.0,140064.0,163.0,179475.0,,,0.048797,-1.23984064,"6,936.99",338.12,5.12,2026-05-05 14:19:40
128,엔터테인먼트,-0.99,122870,와이지엔터테인먼트 *,테마 편입 사유,53500.0,하락  500,-0.93,53500.0,53700.0,68502.0,3686.0,129601.0,,,0.048797,-1.23984064,"6,936.99",338.12,5.12,2026-05-05 14:19:40
128,엔터테인먼트,-0.99,036420,콘텐트리중앙,테마 편입 사유,5990.0,하락  60,-0.99,5990.0,6000.0,87453.0,526.0,45947.0,,,0.048797,-1.23984064,"6,936.99",338.12,5.12,2026-05-05 14:19:40
128,엔터테인먼트,-0.99,032540,TJ미디어 *,테마 편입 사유,3730.0,하락  40,-1.06,3725.0,3730.0,14090.0,53.0,6540.0,,,0.048797,-1.23984064,"6,936.99",338.12,5.12,2026-05-05 14:19:40
128,엔터테인먼트,-0.99,048550,SM C&C *,테마 편입 사유,1127.0,하락  13,-1.14,1123.0,1127.0,244755.0,275.0,173255.0,,,0.048797,-1.23984064,"6,936.99",338.12,5.12,2026-05-05 14:19:40
128,엔터테인먼트,-0.99,160550,NEW *,테마 편입 사유,1744.0,하락  29,-1.64,1744.0,1747.0,108956.0,191.0,75388.0,,,0.048797,-1.23984064,"6,936.99",338.12,5.12,2026-05-05 14:19:40
128,엔터테인먼트,-0.99,361570,알비더블유 *,테마 편입 사유,1913.0,하락  32,-1.65,1913.0,1917.0,49004.0,94.0,32961.0,,,0.048797,-1.23984064,"6,936.99",338.12,5.12,2026-05-05 14:19:40
128,엔터테인먼트,-0.99,047820,초록뱀미디어 *,테마 편입 사유,5490.0,하락  100,-1.79,5490.0,5500.0,166675.0,940.0,149779.0,,,0.048797,-1.23984064,"6,936.99",338.12,5.12,2026-05-05 14:19:40
128,엔터테인먼트,-0.99,173940,에프엔씨엔터 *,테마 편입 사유,4035.0,하락  75,-1.82,4025.0,4035.0,8805.0,36.0,11308.0,,,0.048797,-1.23984064,"6,936.99",338.12,5.12,2026-05-05 14:19:40
128,엔터테인먼트,-0.99,043610,KT지니뮤직 *,테마 편입 사유,1754.0,하락  33,-1.85,1752.0,1754.0,94912.0,168.0,96827.0,,,0.048797,-1.23984064,"6,936.99",338.12,5.12,2026-05-05 14:19:40
128,엔터테인먼트,-0.99,012170,아센디오,테마 편입 사유,1314.0,하락  27,-2.01,1314.0,1316.0,26254.0,34.0,21348.0,,,0.048797,-1.23984064,"6,936.99",338.12,5.12,2026-05-05 14:19:40
128,엔터테인먼트,-0.99,352820,하이브,테마 편입 사유,257500.0,"하락  5,500",-2.09,257500.0,258000.0,335490.0,87447.0,669048.0,,,0.048797,-1.23984064,"6,936.99",338.12,5.12,2026-05-05 14:19:40
128,엔터테인먼트,-0.99,068050,팬엔터테인먼트 *,테마 편입 사유,1570.0,하락  40,-2.48,1570.0,1571.0,109410.0,173.0,59953.0,,,0.048797,-1.23984064,"6,936.99",338.12,5.12,2026-05-05 14:19:40
128,엔터테인먼트,-0.99,078860,스테이지원엔터 *,테마 편입 사유,3960.0,하락  105,-2.58,3960.0,3985.0,66785.0,268.0,258069.0,,,0.048797,-1.23984064,"6,936.99",338.12,5.12,2026-05-05 14:19:40
128,엔터테인먼트,-0.99,182360,큐브엔터 *,테마 편입 사유,10120.0,하락  340,-3.25,10110.0,10120.0,47282.0,485.0,23245.0,,,0.048797,-1.23984064,"6,936.99",338.12,5.12,2026-05-05 14:19:40
128,엔터테인먼트,-0.99,054780,키이스트 *,테마 편입 사유,2640.0,하락  110,-4.0,2640.0,2650.0,71805.0,193.0,47558.0,,,0.048797,-1.23984064,"6,936.99",338.12,5.12,2026-05-05 14:19:40
474,쿠팡(coupang),0.1,234340,헥토파이낸셜 *,테마 편입 사유,33800.0,"상승  1,650",5.13,33800.0,33850.0,768491.0,25705.0,404243.0,,,0.261037,-1.23650944,"6,936.99",338.12,5.12,2026-05-05 14:19:40
474,쿠팡(coupang),0.1,054300,팬스타엔터프라이즈 *,테마 편입 사유,1148.0,상승  49,4.46,1145.0,1148.0,605058.0,660.0,1110372.0,,,0.261037,-1.23650944,"6,936.99",338.12,5.12,2026-05-05 14:19:40
474,쿠팡(coupang),0.1,094480,갤럭시아머니트리 *,테마 편입 사유,8780.0,상승  260,3.05,8770.0,8780.0,353305.0,3073.0,237335.0,,,0.261037,-1.23650944,"6,936.99",338.12,5.12,2026-05-05 14:19:40
474,쿠팡(coupang),0.1,289010,아이스크림에듀 *,테마 편입 사유,1608.0,상승  33,2.1,1595.0,1608.0,94010.0,149.0,48130.0,,,0.261037,-1.23650944,"6,936.99",338.12,5.12,2026-05-05 14:19:40
474,쿠팡(coupang),0.1,321820,아티스트컴퍼니 *,테마 편입 사유,4900.0,상승  95,1.98,4900.0,4925.0,142532.0,680.0,43576.0,,,0.261037,-1.23650944,"6,936.99",338.12,5.12,2026-05-05 14:19:40
474,쿠팡(coupang),0.1,004140,동방,테마 편입 사유,2970.0,상승  55,1.89,2965.0,2970.0,3263142.0,9892.0,769176.0,,,0.261037,-1.23650944,"6,936.99",338.12,5.12,2026-05-05 14:19:40
474,쿠팡(coupang),0.1,064260,다날 *,테마 편입 사유,7430.0,상승  100,1.36,7430.0,7440.0,1292591.0,9661.0,1643648.0,,,0.261037,-1.23650944,"6,936.99",338.12,5.12,2026-05-05 14:19:40
474,쿠팡(coupang),0.1,009070,KCTC,테마 편입 사유,6010.0,상승  80,1.35,6010.0,6020.0,415952.0,2520.0,246445.0,,,0.261037,-1.23650944,"6,936.99",338.12,5.12,2026-05-05 14:19:40
474,쿠팡(coupang),0.1,004410,서울식품,테마 편입 사유,158.0,보합0,0.0,0.0,0.0,0.0,0.0,0.0,,,0.261037,-1.23650944,"6,936.99",338.12,5.12,2026-05-05 14:19:40
474,쿠팡(coupang),0.1,025770,한국정보통신 *,테마 편입 사유,11420.0,보합0,0.0,11400.0,11420.0,228962.0,2629.0,267491.0,,,0.261037,-1.23650944,"6,936.99",338.12,5.12,2026-05-05 14:19:40
474,쿠팡(coupang),0.1,006200,한국전자홀딩스,테마 편입 사유,801.0,보합0,0.0,0.0,0.0,0.0,0.0,0.0,,,0.261037,-1.23650944,"6,936.99",338.12,5.12,2026-05-05 14:19:40
474,쿠팡(coupang),0.1,236810,엔비티 *,테마 편입 사유,1954.0,하락  11,-0.56,1954.0,1955.0,43567.0,85.0,29916.0,,,0.261037,-1.23650944,"6,936.99",338.12,5.12,2026-05-05 14:19:40
474,쿠팡(coupang),0.1,218150,미래생명자원 *,테마 편입 사유,3255.0,하락  30,-0.91,3255.0,3260.0,238499.0,778.0,766725.0,,,0.261037,-1.23650944,"6,936.99",338.12,5.12,2026-05-05 14:19:40
474,쿠팡(coupang),0.1,067170,오텍 *,테마 편입 사유,2630.0,하락  25,-0.94,2630.0,2635.0,451881.0,1212.0,355204.0,,,0.261037,-1.23650944,"6,936.99",338.12,5.12,2026-05-05 14:19:40
474,쿠팡(coupang),0.1,086980,쇼박스 *,테마 편입 사유,2960.0,하락  30,-1.0,2955.0,2960.0,338270.0,1004.0,358695.0,,,0.261037,-1.23650944,"6,936.99",338.12,5.12,2026-05-05 14:19:40
474,쿠팡(coupang),0.1,189980,흥국에프엔비 *,테마 편입 사유,1618.0,하락  20,-1.22,1613.0,1618.0,219661.0,356.0,79734.0,,,0.261037,-1.23650944,"6,936.99",338.12,5.12,2026-05-05 14:19:40
474,쿠팡(coupang),0.1,160550,NEW *,테마 편입 사유,1744.0,하락  29,-1.64,1744.0,1747.0,108956.0,191.0,75388.0,,,0.261037,-1.23650944,"6,936.99",338.12,5.12,2026-05-05 14:19:40
474,쿠팡(coupang),0.1,092200,디아이씨,테마 편입 사유,7460.0,하락  130,-1.71,7460.0,7470.0,427096.0,3257.0,376343.0,,,0.261037,-1.23650944,"6,936.99",338.12,5.12,2026-05-05 14:19:40
474,쿠팡(coupang),0.1,006890,태경케미컬,테마 편입 사유,8810.0,하락  180,-2.0,8810.0,8820.0,116047.0,1029.0,165062.0,,,0.261037,-1.23650944,"6,936.99",338.12,5.12,2026-05-05 14:19:40
474,쿠팡(coupang),0.1,365550,ESR켄달스퀘어리츠,테마 편입 사유,4385.0,하락  140,-3.09,4385.0,4390.0,499975.0,2188.0,579063.0,,,0.261037,-1.23650944,"6,936.99",338.12,5.12,2026-05-05 14:19:40
474,쿠팡(coupang),0.1,297570,알로이스 *,테마 편입 사유,1670.0,하락  111,-6.23,1670.0,1671.0,209250.0,361.0,316083.0,,,0.261037,-1.23650944,"6,936.99",338.12,5.12,2026-05-05 14:19:40
111,지주사,0.79,015860,일진홀딩스,테마 편입 사유,13410.0,"상한가  3,090",29.94,13410.0,0.0,3117623.0,40201.0,304021.0,,,0.395713,-1.2360505599999998,"6,936.99",338.12,5.12,2026-05-05 14:19:40
111,지주사,0.79,402340,SK스퀘어,테마 편입 사유,991000.0,"상승  150,000",17.84,991000.0,992000.0,1195847.0,1147403.0,623120.0,,,0.395713,-1.2360505599999998,"6,936.99",338.12,5.12,2026-05-05 14:19:40
111,지주사,0.79,006260,LS,테마 편입 사유,509000.0,"상승  56,000",12.36,508000.0,509000.0,369776.0,184919.0,354410.0,,,0.395713,-1.2360505599999998,"6,936.99",338.12,5.12,2026-05-05 14:19:40
111,지주사,0.79,034730,SK,테마 편입 사유,475500.0,"상승  50,500",11.88,475000.0,475500.0,325374.0,149558.0,231138.0,,,0.395713,-1.2360505599999998,"6,936.99",338.12,5.12,2026-05-05 14:19:40
111,지주사,0.79,071050,한국금융지주,테마 편입 사유,262000.0,"상승  22,000",9.17,261500.0,262000.0,446872.0,115507.0,310069.0,,,0.395713,-1.2360505599999998,"6,936.99",338.12,5.12,2026-05-05 14:19:40
111,지주사,0.79,042370,비츠로테크 *,테마 편입 사유,18280.0,"상승  1,330",7.85,18270.0,18280.0,2668480.0,50407.0,704473.0,,,0.395713,-1.2360505599999998,"6,936.99",338.12,5.12,2026-05-05 14:19:40
111,지주사,0.79,028260,삼성물산,테마 편입 사유,320000.0,"상승  21,500",7.2,320000.0,320500.0,638338.0,200101.0,455000.0,,,0.395713,-1.2360505599999998,"6,936.99",338.12,5.12,2026-05-05 14:19:40
111,지주사,0.79,000150,두산,테마 편입 사유,1705000.0,"상승  109,000",6.83,1705000.0,1706000.0,84369.0,142372.0,108850.0,,,0.395713,-1.2360505599999998,"6,936.99",338.12,5.12,2026-05-05 14:19:40
111,지주사,0.79,007340,DN오토모티브,테마 편입 사유,51100.0,"상승  3,050",6.35,51000.0,51100.0,553340.0,28104.0,606704.0,,,0.395713,-1.2360505599999998,"6,936.99",338.12,5.12,2026-05-05 14:19:40
111,지주사,0.79,030530,원익홀딩스 *,테마 편입 사유,34600.0,"상승  1,800",5.49,34550.0,34600.0,2168.0,75.0,1728503.0,,,0.395713,-1.2360505599999998,"6,936.99",338.12,5.12,2026-05-05 14:19:40
111,지주사,0.79,007700,F&F홀딩스,테마 편입 사유,20250.0,"상승  1,050",5.47,20200.0,20250.0,34929.0,712.0,10588.0,,,0.395713,-1.2360505599999998,"6,936.99",338.12,5.12,2026-05-05 14:19:40
111,지주사,0.79,000880,한화,테마 편입 사유,139900.0,"상승  6,500",4.87,139800.0,139900.0,303841.0,42024.0,409462.0,,,0.395713,-1.2360505599999998,"6,936.99",338.12,5.12,2026-05-05 14:19:40
111,지주사,0.79,035810,이지홀딩스 *,테마 편입 사유,5720.0,상승  260,4.76,5710.0,5720.0,877613.0,4959.0,727448.0,,,0.395713,-1.2360505599999998,"6,936.99",338.12,5.12,2026-05-05 14:19:40
111,지주사,0.79,088390,이녹스 *,테마 편입 사유,13890.0,상승  520,3.89,13850.0,13890.0,41628.0,576.0,67039.0,,,0.395713,-1.2360505599999998,"6,936.99",338.12,5.12,2026-05-05 14:19:40
111,지주사,0.79,229640,LS에코에너지,테마 편입 사유,90400.0,"상승  3,300",3.79,90400.0,90500.0,782747.0,69294.0,565958.0,,,0.395713,-1.2360505599999998,"6,936.99",338.12,5.12,2026-05-05 14:19:40
111,지주사,0.79,003480,한진중공업홀딩스,테마 편입 사유,6390.0,상승  230,3.73,6380.0,6390.0,164824.0,1040.0,145145.0,,,0.395713,-1.2360505599999998,"6,936.99",338.12,5.12,2026-05-05 14:19:40
111,지주사,0.79,045970,코아시아 *,테마 편입 사유,5790.0,상승  190,3.39,5790.0,5800.0,225046.0,1312.0,178068.0,,,0.395713,-1.2360505599999998,"6,936.99",338.12,5.12,2026-05-05 14:19:40
111,지주사,0.79,044820,코스맥스비티아이,테마 편입 사유,18400.0,상승  590,3.31,18340.0,18400.0,40055.0,739.0,18293.0,,,0.395713,-1.2360505599999998,"6,936.99",338.12,5.12,2026-05-05 14:19:40
111,지주사,0.79,078070,유비쿼스홀딩스 *,테마 편입 사유,15940.0,상승  500,3.24,15930.0,15940.0,122356.0,1953.0,107176.0,,,0.395713,-1.2360505599999998,"6,936.99",338.12,5.12,2026-05-05 14:19:40
111,지주사,0.79,003550,LG,테마 편입 사유,102300.0,"상승  3,200",3.23,102200.0,102300.0,316922.0,32295.0,363782.0,,,0.395713,-1.2360505599999998,"6,936.99",338.12,5.12,2026-05-05 14:19:40
111,지주사,0.79,054800,아이디스홀딩스 *,테마 편입 사유,16060.0,상승  460,2.95,16000.0,16060.0,22236.0,354.0,15737.0,,,0.395713,-1.2360505599999998,"6,936.99",338.12,5.12,2026-05-05 14:19:40
111,지주사,0.79,003380,하림지주 *,테마 편입 사유,13500.0,상승  380,2.9,13490.0,13500.0,1134570.0,15292.0,670176.0,,,0.395713,-1.2360505599999998,"6,936.99",338.12,5.12,2026-05-05 14:19:40
111,지주사,0.79,489790,한화비전,테마 편입 사유,88700.0,"상승  2,500",2.9,88700.0,88800.0,1132198.0,101107.0,2145909.0,,,0.395713,-1.2360505599999998,"6,936.99",338.12,5.12,2026-05-05 14:19:40
111,지주사,0.79,241560,두산밥캣,테마 편입 사유,74000.0,"상승  2,000",2.78,73800.0,74000.0,247388.0,18311.0,441090.0,,,0.395713,-1.2360505599999998,"6,936.99",338.12,5.12,2026-05-05 14:19:40
111,지주사,0.79,005440,현대지에프홀딩스,테마 편입 사유,14720.0,상승  370,2.58,14710.0,14720.0,202965.0,2970.0,306887.0,,,0.395713,-1.2360505599999998,"6,936.99",338.12,5.12,2026-05-05 14:19:40
111,지주사,0.79,002790,아모레퍼시픽홀딩스,테마 편입 사유,28550.0,상승  700,2.51,28500.0,28550.0,116490.0,3312.0,153267.0,,,0.395713,-1.2360505599999998,"6,936.99",338.12,5.12,2026-05-05 14:19:40
111,지주사,0.79,028080,휴맥스홀딩스 *,테마 편입 사유,10010.0,상승  240,2.46,10000.0,10010.0,1577333.0,16849.0,163613.0,,,0.395713,-1.2360505599999998,"6,936.99",338.12,5.12,2026-05-05 14:19:40
111,지주사,0.79,005810,풍산홀딩스,테마 편입 사유,46200.0,상승  950,2.1,46100.0,46200.0,113610.0,5258.0,153690.0,,,0.395713,-1.2360505599999998,"6,936.99",338.12,5.12,2026-05-05 14:19:40
111,지주사,0.79,086520,에코프로 *,테마 편입 사유,155800.0,"상승  2,900",1.9,155800.0,155900.0,959614.0,150302.0,1215563.0,,,0.395713,-1.2360505599999998,"6,936.99",338.12,5.12,2026-05-05 14:19:40
111,지주사,0.79,005990,매일홀딩스 *,테마 편입 사유,11340.0,상승  200,1.8,11330.0,11340.0,12253.0,137.0,2207.0,,,0.395713,-1.2360505599999998,"6,936.99",338.12,5.12,2026-05-05 14:19:40
111,지주사,0.79,009540,HD한국조선해양,테마 편입 사유,469500.0,"상승  8,000",1.73,469000.0,469500.0,123717.0,57875.0,161560.0,,,0.395713,-1.2360505599999998,"6,936.99",338.12,5.12,2026-05-05 14:19:40
111,지주사,0.79,009970,영원무역홀딩스,테마 편입 사유,211500.0,"상승  3,500",1.68,211000.0,211500.0,16165.0,3428.0,13097.0,,,0.395713,-1.2360505599999998,"6,936.99",338.12,5.12,2026-05-05 14:19:40
111,지주사,0.79,487570,HS효성,테마 편입 사유,66600.0,"상승  1,100",1.68,66500.0,66600.0,61838.0,4133.0,76486.0,,,0.395713,-1.2360505599999998,"6,936.99",338.12,5.12,2026-05-05 14:19:40
111,지주사,0.79,012320,경동인베스트,테마 편입 사유,67000.0,"상승  1,000",1.52,66900.0,67000.0,19631.0,1303.0,35119.0,,,0.395713,-1.2360505599999998,"6,936.99",338.12,5.12,2026-05-05 14:19:40
111,지주사,0.79,138040,메리츠금융지주,테마 편입 사유,113400.0,"상승  1,700",1.52,113300.0,113400.0,201906.0,22844.0,245175.0,,,0.395713,-1.2360505599999998,"6,936.99",338.12,5.12,2026-05-05 14:19:40
111,지주사,0.79,002030,아세아,테마 편입 사유,275000.0,"상승  4,000",1.48,274000.0,275000.0,1350.0,366.0,3667.0,,,0.395713,-1.2360505599999998,"6,936.99",338.12,5.12,2026-05-05 14:19:40
111,지주사,0.79,000240,한국앤컴퍼니,테마 편입 사유,25300.0,상승  350,1.4,25250.0,25300.0,146361.0,3689.0,97480.0,,,0.395713,-1.2360505599999998,"6,936.99",338.12,5.12,2026-05-05 14:19:40
111,지주사,0.79,034310,NICE,테마 편입 사유,14760.0,상승  170,1.17,14720.0,14760.0,91793.0,1352.0,91358.0,,,0.395713,-1.2360505599999998,"6,936.99",338.12,5.12,2026-05-05 14:19:40
111,지주사,0.79,383800,LX홀딩스,테마 편입 사유,9200.0,상승  100,1.1,9200.0,9210.0,180356.0,1668.0,154274.0,,,0.395713,-1.2360505599999998,"6,936.99",338.12,5.12,2026-05-05 14:19:40
111,지주사,0.79,139130,iM금융지주,테마 편입 사유,19300.0,상승  200,1.05,19260.0,19300.0,883120.0,16866.0,971810.0,,,0.395713,-1.2360505599999998,"6,936.99",338.12,5.12,2026-05-05 14:19:40
111,지주사,0.79,001630,종근당홀딩스,테마 편입 사유,49800.0,상승  500,1.01,49800.0,49950.0,2260.0,112.0,2934.0,,,0.395713,-1.2360505599999998,"6,936.99",338.12,5.12,2026-05-05 14:19:40
111,지주사,0.79,027410,BGF,테마 편입 사유,5290.0,상승  50,0.95,5280.0,5290.0,259519.0,1379.0,250426.0,,,0.395713,-1.2360505599999998,"6,936.99",338.12,5.12,2026-05-05 14:19:40
111,지주사,0.79,008930,한미사이언스,테마 편입 사유,38050.0,상승  350,0.93,37900.0,38050.0,68375.0,2605.0,146029.0,,,0.395713,-1.2360505599999998,"6,936.99",338.12,5.12,2026-05-05 14:19:40
111,지주사,0.79,241590,화승엔터프라이즈,테마 편입 사유,4875.0,상승  45,0.93,4855.0,4875.0,93573.0,458.0,89157.0,,,0.395713,-1.2360505599999998,"6,936.99",338.12,5.12,2026-05-05 14:19:40
111,지주사,0.79,054620,APS *,테마 편입 사유,6890.0,상승  60,0.88,6850.0,6890.0,146539.0,1002.0,206088.0,,,0.395713,-1.2360505599999998,"6,936.99",338.12,5.12,2026-05-05 14:19:40
111,지주사,0.79,015360,INVENI,테마 편입 사유,16210.0,상승  140,0.87,16210.0,16250.0,71795.0,1172.0,36749.0,,,0.395713,-1.2360505599999998,"6,936.99",338.12,5.12,2026-05-05 14:19:40
111,지주사,0.79,004150,한솔홀딩스,테마 편입 사유,3375.0,상승  25,0.75,3370.0,3375.0,324266.0,1103.0,72521.0,,,0.395713,-1.2360505599999998,"6,936.99",338.12,5.12,2026-05-05 14:19:40
111,지주사,0.79,000640,동아쏘시오홀딩스,테마 편입 사유,98500.0,상승  600,0.61,98500.0,98600.0,11688.0,1160.0,8832.0,,,0.395713,-1.2360505599999998,"6,936.99",338.12,5.12,2026-05-05 14:19:40
111,지주사,0.79,035610,솔본 *,테마 편입 사유,3800.0,상승  15,0.4,3800.0,3805.0,26937.0,103.0,40831.0,,,0.395713,-1.2360505599999998,"6,936.99",338.12,5.12,2026-05-05 14:19:40
111,지주사,0.79,025530,SJM홀딩스,테마 편입 사유,3865.0,상승  15,0.39,3860.0,3865.0,13257.0,51.0,16887.0,,,0.395713,-1.2360505599999998,"6,936.99",338.12,5.12,2026-05-05 14:19:40
111,지주사,0.79,092230,KPX홀딩스,테마 편입 사유,91300.0,상승  300,0.33,91300.0,91400.0,1569.0,143.0,1448.0,,,0.395713,-1.2360505599999998,"6,936.99",338.12,5.12,2026-05-05 14:19:40
111,지주사,0.79,005740,크라운해태홀딩스,테마 편입 사유,7190.0,상승  20,0.28,7180.0,7190.0,28683.0,205.0,26226.0,,,0.395713,-1.2360505599999998,"6,936.99",338.12,5.12,2026-05-05 14:19:40
111,지주사,0.79,007860,서연,테마 편입 사유,9480.0,상승  20,0.21,9470.0,9480.0,77266.0,738.0,70827.0,,,0.395713,-1.2360505599999998,"6,936.99",338.12,5.12,2026-05-05 14:19:40
111,지주사,0.79,013570,디와이,테마 편입 사유,5280.0,상승  10,0.19,5260.0,5280.0,163177.0,860.0,176457.0,,,0.395713,-1.2360505599999998,"6,936.99",338.12,5.12,2026-05-05 14:19:40
111,지주사,0.79,175330,JB금융지주,테마 편입 사유,27350.0,상승  50,0.18,27350.0,27400.0,321511.0,8756.0,425625.0,,,0.395713,-1.2360505599999998,"6,936.99",338.12,5.12,2026-05-05 14:19:40
111,지주사,0.79,024720,콜마홀딩스,테마 편입 사유,9820.0,상승  10,0.1,9820.0,9840.0,62084.0,611.0,52999.0,,,0.395713,-1.2360505599999998,"6,936.99",338.12,5.12,2026-05-05 14:19:40
111,지주사,0.79,001040,CJ,테마 편입 사유,224500.0,보합0,0.0,224500.0,225000.0,102222.0,23281.0,70345.0,,,0.395713,-1.2360505599999998,"6,936.99",338.12,5.12,2026-05-05 14:19:40
111,지주사,0.79,001230,동국홀딩스,테마 편입 사유,11400.0,보합0,0.0,0.0,0.0,0.0,0.0,0.0,,,0.395713,-1.2360505599999998,"6,936.99",338.12,5.12,2026-05-05 14:19:40
111,지주사,0.79,005720,넥센,테마 편입 사유,7200.0,보합0,0.0,7200.0,7210.0,55159.0,393.0,21793.0,,,0.395713,-1.2360505599999998,"6,936.99",338.12,5.12,2026-05-05 14:19:40
111,지주사,0.79,006040,동원산업,테마 편입 사유,38550.0,보합0,0.0,38550.0,38600.0,89164.0,3456.0,61807.0,,,0.395713,-1.2360505599999998,"6,936.99",338.12,5.12,2026-05-05 14:19:40
111,지주사,0.79,006200,한국전자홀딩스,테마 편입 사유,801.0,보합0,0.0,0.0,0.0,0.0,0.0,0.0,,,0.395713,-1.2360505599999998,"6,936.99",338.12,5.12,2026-05-05 14:19:40
111,지주사,0.79,012630,HDC,테마 편입 사유,28100.0,보합0,0.0,28000.0,28100.0,109207.0,3061.0,74950.0,,,0.395713,-1.2360505599999998,"6,936.99",338.12,5.12,2026-05-05 14:19:40
111,지주사,0.79,005250,녹십자홀딩스,테마 편입 사유,13950.0,하락  10,-0.07,13950.0,13960.0,77302.0,1081.0,99694.0,,,0.395713,-1.2360505599999998,"6,936.99",338.12,5.12,2026-05-05 14:19:40
111,지주사,0.79,000140,하이트진로홀딩스,테마 편입 사유,9200.0,하락  10,-0.11,9200.0,9220.0,32495.0,298.0,18153.0,,,0.395713,-1.2360505599999998,"6,936.99",338.12,5.12,2026-05-05 14:19:40
111,지주사,0.79,034810,해성산업 *,테마 편입 사유,8040.0,하락  10,-0.12,8040.0,8050.0,47996.0,386.0,69298.0,,,0.395713,-1.2360505599999998,"6,936.99",338.12,5.12,2026-05-05 14:19:40
111,지주사,0.79,316140,우리금융지주,테마 편입 사유,33300.0,하락  50,-0.15,33300.0,33350.0,1907359.0,63676.0,2335356.0,,,0.395713,-1.2360505599999998,"6,936.99",338.12,5.12,2026-05-05 14:19:40
111,지주사,0.79,499790,GS피앤엘,테마 편입 사유,55200.0,하락  100,-0.18,55000.0,55200.0,130864.0,7302.0,163710.0,,,0.395713,-1.2360505599999998,"6,936.99",338.12,5.12,2026-05-05 14:19:40
111,지주사,0.79,000590,CS홀딩스,테마 편입 사유,80200.0,하락  200,-0.25,79500.0,80300.0,1493.0,119.0,718.0,,,0.395713,-1.2360505599999998,"6,936.99",338.12,5.12,2026-05-05 14:19:40
111,지주사,0.79,180640,한진칼,테마 편입 사유,112300.0,하락  400,-0.35,112300.0,112500.0,85827.0,9723.0,102470.0,,,0.395713,-1.2360505599999998,"6,936.99",338.12,5.12,2026-05-05 14:19:40
111,지주사,0.79,072710,농심홀딩스,테마 편입 사유,97200.0,하락  400,-0.41,97200.0,97400.0,6939.0,679.0,5935.0,,,0.395713,-1.2360505599999998,"6,936.99",338.12,5.12,2026-05-05 14:19:40
111,지주사,0.79,900140,엘브이엠씨홀딩스,테마 편입 사유,1695.0,하락  7,-0.41,1695.0,1697.0,709875.0,1218.0,549816.0,,,0.395713,-1.2360505599999998,"6,936.99",338.12,5.12,2026-05-05 14:19:40
111,지주사,0.79,000320,노루홀딩스,테마 편입 사유,22000.0,하락  100,-0.45,22000.0,22050.0,24005.0,529.0,10324.0,,,0.395713,-1.2360505599999998,"6,936.99",338.12,5.12,2026-05-05 14:19:40
111,지주사,0.79,060980,HL홀딩스,테마 편입 사유,43250.0,하락  200,-0.46,43250.0,43500.0,11407.0,497.0,38201.0,,,0.395713,-1.2360505599999998,"6,936.99",338.12,5.12,2026-05-05 14:19:40
111,지주사,0.79,006120,SK디스커버리,테마 편입 사유,55600.0,하락  300,-0.54,55500.0,55600.0,25306.0,1416.0,77851.0,,,0.395713,-1.2360505599999998,"6,936.99",338.12,5.12,2026-05-05 14:19:40
111,지주사,0.79,123040,엠에스오토텍 *,테마 편입 사유,2435.0,하락  15,-0.61,2435.0,2440.0,231190.0,570.0,163614.0,,,0.395713,-1.2360505599999998,"6,936.99",338.12,5.12,2026-05-05 14:19:40
111,지주사,0.79,081660,미스토홀딩스,테마 편입 사유,40350.0,하락  250,-0.62,40300.0,40350.0,176897.0,7137.0,128550.0,,,0.395713,-1.2360505599999998,"6,936.99",338.12,5.12,2026-05-05 14:19:40
111,지주사,0.79,100250,진양홀딩스,테마 편입 사유,3085.0,하락  20,-0.64,3080.0,3085.0,124226.0,383.0,93520.0,,,0.395713,-1.2360505599999998,"6,936.99",338.12,5.12,2026-05-05 14:19:40
111,지주사,0.79,003090,대웅,테마 편입 사유,22400.0,하락  150,-0.67,22400.0,22450.0,58653.0,1319.0,50163.0,,,0.395713,-1.2360505599999998,"6,936.99",338.12,5.12,2026-05-05 14:19:40
111,지주사,0.79,102260,동성케미컬,테마 편입 사유,4370.0,하락  30,-0.68,4365.0,4370.0,208027.0,912.0,200981.0,,,0.395713,-1.2360505599999998,"6,936.99",338.12,5.12,2026-05-05 14:19:40
111,지주사,0.79,000180,성창기업지주,테마 편입 사유,7150.0,하락  50,-0.69,7150.0,7170.0,46429.0,332.0,26051.0,,,0.395713,-1.2360505599999998,"6,936.99",338.12,5.12,2026-05-05 14:19:40
111,지주사,0.79,003300,한일홀딩스,테마 편입 사유,17400.0,하락  150,-0.85,17400.0,17540.0,20562.0,358.0,23965.0,,,0.395713,-1.2360505599999998,"6,936.99",338.12,5.12,2026-05-05 14:19:40
111,지주사,0.79,058650,세아홀딩스,테마 편입 사유,160900.0,"하락  1,400",-0.86,160500.0,160900.0,4949.0,796.0,4947.0,,,0.395713,-1.2360505599999998,"6,936.99",338.12,5.12,2026-05-05 14:19:40
111,지주사,0.79,016450,한세예스24홀딩스,테마 편입 사유,4500.0,하락  40,-0.88,4495.0,4500.0,117806.0,526.0,101084.0,,,0.395713,-1.2360505599999998,"6,936.99",338.12,5.12,2026-05-05 14:19:40
111,지주사,0.79,096760,JW홀딩스,테마 편입 사유,4240.0,하락  40,-0.93,4235.0,4240.0,93909.0,401.0,69140.0,,,0.395713,-1.2360505599999998,"6,936.99",338.12,5.12,2026-05-05 14:19:40
111,지주사,0.79,036420,콘텐트리중앙,테마 편입 사유,5990.0,하락  60,-0.99,5990.0,6000.0,87453.0,526.0,45947.0,,,0.395713,-1.2360505599999998,"6,936.99",338.12,5.12,2026-05-05 14:19:40
111,지주사,0.79,086790,하나금융지주,테마 편입 사유,126600.0,"하락  1,300",-1.02,126500.0,126600.0,720564.0,91783.0,952860.0,,,0.395713,-1.2360505599999998,"6,936.99",338.12,5.12,2026-05-05 14:19:40
111,지주사,0.79,078930,GS,테마 편입 사유,80900.0,"하락  1,000",-1.22,80800.0,80900.0,293831.0,23766.0,369316.0,,,0.395713,-1.2360505599999998,"6,936.99",338.12,5.12,2026-05-05 14:19:40
111,지주사,0.79,084690,대상홀딩스,테마 편입 사유,9420.0,하락  120,-1.26,9420.0,9430.0,79682.0,754.0,75435.0,,,0.395713,-1.2360505599999998,"6,936.99",338.12,5.12,2026-05-05 14:19:40
111,지주사,0.79,107590,미원홀딩스,테마 편입 사유,62500.0,하락  800,-1.26,62400.0,62500.0,1181.0,74.0,1181.0,,,0.395713,-1.2360505599999998,"6,936.99",338.12,5.12,2026-05-05 14:19:40
111,지주사,0.79,007540,샘표,테마 편입 사유,51100.0,하락  700,-1.35,51000.0,51100.0,10056.0,515.0,6425.0,,,0.395713,-1.2360505599999998,"6,936.99",338.12,5.12,2026-05-05 14:19:40
111,지주사,0.79,192400,쿠쿠홀딩스,테마 편입 사유,29050.0,하락  400,-1.36,29050.0,29150.0,23513.0,690.0,35033.0,,,0.395713,-1.2360505599999998,"6,936.99",338.12,5.12,2026-05-05 14:19:40
111,지주사,0.79,042420,네오위즈홀딩스 *,테마 편입 사유,21500.0,하락  300,-1.38,21400.0,21500.0,17092.0,369.0,16726.0,,,0.395713,-1.2360505599999998,"6,936.99",338.12,5.12,2026-05-05 14:19:40
111,지주사,0.79,363280,티와이홀딩스,테마 편입 사유,2800.0,하락  40,-1.41,2795.0,2800.0,68938.0,193.0,54335.0,,,0.395713,-1.2360505599999998,"6,936.99",338.12,5.12,2026-05-05 14:19:40
111,지주사,0.79,001940,KISCO홀딩스,테마 편입 사유,26600.0,하락  400,-1.48,26550.0,26600.0,4755.0,127.0,11548.0,,,0.395713,-1.2360505599999998,"6,936.99",338.12,5.12,2026-05-05 14:19:40
111,지주사,0.79,008060,대덕,테마 편입 사유,16400.0,하락  250,-1.5,16400.0,16420.0,80394.0,1332.0,71300.0,,,0.395713,-1.2360505599999998,"6,936.99",338.12,5.12,2026-05-05 14:19:40
111,지주사,0.79,036830,솔브레인홀딩스 *,테마 편입 사유,71900.0,"하락  1,100",-1.51,71900.0,72000.0,215303.0,16070.0,129803.0,,,0.395713,-1.2360505599999998,"6,936.99",338.12,5.12,2026-05-05 14:19:40
111,지주사,0.79,072470,우리산업홀딩스 *,테마 편입 사유,3910.0,하락  60,-1.51,3910.0,3935.0,61117.0,244.0,48034.0,,,0.395713,-1.2360505599999998,"6,936.99",338.12,5.12,2026-05-05 14:19:40
111,지주사,0.79,000480,CR홀딩스,테마 편입 사유,5040.0,하락  80,-1.56,5040.0,5060.0,28867.0,146.0,15119.0,,,0.395713,-1.2360505599999998,"6,936.99",338.12,5.12,2026-05-05 14:19:40
111,지주사,0.79,039020,이건홀딩스 *,테마 편입 사유,3420.0,하락  55,-1.58,3420.0,3440.0,76671.0,266.0,98429.0,,,0.395713,-1.2360505599999998,"6,936.99",338.12,5.12,2026-05-05 14:19:40
111,지주사,0.79,036530,SNT홀딩스,테마 편입 사유,61100.0,"하락  1,000",-1.61,61100.0,61300.0,24491.0,1504.0,13985.0,,,0.395713,-1.2360505599999998,"6,936.99",338.12,5.12,2026-05-05 14:19:40
111,지주사,0.79,004990,롯데지주,테마 편입 사유,30050.0,하락  500,-1.64,30050.0,30100.0,452394.0,13793.0,241080.0,,,0.395713,-1.2360505599999998,"6,936.99",338.12,5.12,2026-05-05 14:19:40
111,지주사,0.79,006880,신송홀딩스,테마 편입 사유,7190.0,하락  120,-1.64,7180.0,7190.0,179798.0,1304.0,215353.0,,,0.395713,-1.2360505599999998,"6,936.99",338.12,5.12,2026-05-05 14:19:40
111,지주사,0.79,105560,KB금융,테마 편입 사유,157800.0,"하락  2,700",-1.68,157800.0,157900.0,1219686.0,193562.0,1640619.0,,,0.395713,-1.2360505599999998,"6,936.99",338.12,5.12,2026-05-05 14:19:40
111,지주사,0.79,010770,평화홀딩스,테마 편입 사유,4065.0,하락  70,-1.69,4060.0,4065.0,90187.0,368.0,117740.0,,,0.395713,-1.2360505599999998,"6,936.99",338.12,5.12,2026-05-05 14:19:40
111,지주사,0.79,084110,휴온스글로벌 *,테마 편입 사유,62000.0,"하락  1,100",-1.74,62000.0,62400.0,51163.0,3204.0,46636.0,,,0.395713,-1.2360505599999998,"6,936.99",338.12,5.12,2026-05-05 14:19:40
111,지주사,0.79,950250,테라뷰 *,테마 편입 사유,6650.0,하락  120,-1.77,6640.0,6650.0,443343.0,3001.0,490818.0,,,0.395713,-1.2360505599999998,"6,936.99",338.12,5.12,2026-05-05 14:19:40
111,지주사,0.79,002620,제일파마홀딩스,테마 편입 사유,8830.0,하락  170,-1.89,8830.0,8840.0,8442.0,75.0,9565.0,,,0.395713,-1.2360505599999998,"6,936.99",338.12,5.12,2026-05-05 14:19:40
111,지주사,0.79,055550,신한지주,테마 편입 사유,98000.0,"하락  1,900",-1.9,98000.0,98100.0,1020203.0,100491.0,1660803.0,,,0.395713,-1.2360505599999998,"6,936.99",338.12,5.12,2026-05-05 14:19:40
111,지주사,0.79,017810,풀무원,테마 편입 사유,12060.0,하락  240,-1.95,12060.0,12080.0,78006.0,950.0,116905.0,,,0.395713,-1.2360505599999998,"6,936.99",338.12,5.12,2026-05-05 14:19:40
111,지주사,0.79,063080,컴투스홀딩스 *,테마 편입 사유,18090.0,하락  360,-1.95,18080.0,18090.0,51455.0,942.0,12300.0,,,0.395713,-1.2360505599999998,"6,936.99",338.12,5.12,2026-05-05 14:19:40
111,지주사,0.79,006840,AK홀딩스,테마 편입 사유,8390.0,하락  170,-1.99,8390.0,8460.0,29173.0,245.0,6234.0,,,0.395713,-1.2360505599999998,"6,936.99",338.12,5.12,2026-05-05 14:19:40
111,지주사,0.79,012030,DB,테마 편입 사유,1970.0,하락  40,-1.99,1970.0,1972.0,1777157.0,3559.0,1679466.0,,,0.395713,-1.2360505599999998,"6,936.99",338.12,5.12,2026-05-05 14:19:40
111,지주사,0.79,004840,DRB동일,테마 편입 사유,5280.0,하락  110,-2.04,5280.0,5290.0,38009.0,201.0,10014.0,,,0.395713,-1.2360505599999998,"6,936.99",338.12,5.12,2026-05-05 14:19:40
111,지주사,0.79,000700,유수홀딩스,테마 편입 사유,6120.0,하락  130,-2.08,6120.0,6130.0,55732.0,344.0,44598.0,,,0.395713,-1.2360505599999998,"6,936.99",338.12,5.12,2026-05-05 14:19:40
111,지주사,0.79,121440,골프존홀딩스 *,테마 편입 사유,5140.0,하락  110,-2.1,5120.0,5140.0,55438.0,286.0,50892.0,,,0.395713,-1.2360505599999998,"6,936.99",338.12,5.12,2026-05-05 14:19:40
111,지주사,0.79,000070,삼양홀딩스,테마 편입 사유,68200.0,"하락  1,600",-2.29,68200.0,68400.0,12054.0,831.0,13507.0,,,0.395713,-1.2360505599999998,"6,936.99",338.12,5.12,2026-05-05 14:19:40
111,지주사,0.79,0126Z0,삼성에피스홀딩스,테마 편입 사유,529000.0,"하락  14,000",-2.58,528000.0,529000.0,66411.0,35209.0,54519.0,,,0.395713,-1.2360505599999998,"6,936.99",338.12,5.12,2026-05-05 14:19:40
111,지주사,0.79,267250,HD현대,테마 편입 사유,302500.0,"하락  8,000",-2.58,302000.0,302500.0,254623.0,77621.0,302406.0,,,0.395713,-1.2360505599999998,"6,936.99",338.12,5.12,2026-05-05 14:19:40
111,지주사,0.79,016880,웅진,테마 편입 사유,2935.0,하락  80,-2.65,2935.0,2940.0,909976.0,2702.0,4970143.0,,,0.395713,-1.2360505599999998,"6,936.99",338.12,5.12,2026-05-05 14:19:40
111,지주사,0.79,138930,BNK금융지주,테마 편입 사유,18200.0,하락  530,-2.83,18180.0,18200.0,1373777.0,24996.0,960892.0,,,0.395713,-1.2360505599999998,"6,936.99",338.12,5.12,2026-05-05 14:19:40
111,지주사,0.79,002020,코오롱,테마 편입 사유,69900.0,"하락  2,100",-2.92,69900.0,70000.0,89536.0,6369.0,149617.0,,,0.395713,-1.2360505599999998,"6,936.99",338.12,5.12,2026-05-05 14:19:40
111,지주사,0.79,004800,효성,테마 편입 사유,221000.0,"하락  7,000",-3.07,221000.0,222000.0,101373.0,22660.0,90746.0,,,0.395713,-1.2360505599999998,"6,936.99",338.12,5.12,2026-05-05 14:19:40
111,지주사,0.79,010060,OCI홀딩스,테마 편입 사유,355500.0,"하락  12,500",-3.4,355500.0,356000.0,265455.0,94654.0,382382.0,,,0.395713,-1.2360505599999998,"6,936.99",338.12,5.12,2026-05-05 14:19:40
111,지주사,0.79,001800,오리온홀딩스,테마 편입 사유,24900.0,하락  950,-3.68,24850.0,24900.0,155091.0,3920.0,148966.0,,,0.395713,-1.2360505599999998,"6,936.99",338.12,5.12,2026-05-05 14:19:40
111,지주사,0.79,003030,세아제강지주,테마 편입 사유,229000.0,"하락  11,000",-4.58,229000.0,229500.0,47362.0,10807.0,87602.0,,,0.395713,-1.2360505599999998,"6,936.99",338.12,5.12,2026-05-05 14:19:40
111,지주사,0.79,001430,세아베스틸지주,테마 편입 사유,71800.0,"하락  3,700",-4.9,71800.0,71900.0,310596.0,22637.0,522879.0,,,0.395713,-1.2360505599999998,"6,936.99",338.12,5.12,2026-05-05 14:19:40
111,지주사,0.79,000210,DL,테마 편입 사유,67400.0,"하락  4,100",-5.73,67400.0,67500.0,159622.0,10749.0,179008.0,,,0.395713,-1.2360505599999998,"6,936.99",338.12,5.12,2026-05-05 14:19:40
139,출산장려정책,-0.88,092730,네오팜 *,테마 편입 사유,20950.0,상승  550,2.7,20650.0,20950.0,43267.0,893.0,74458.0,,,0.067107,-1.22358784,"6,936.99",338.12,5.12,2026-05-05 14:19:40
139,출산장려정책,-0.88,036000,예림당 *,테마 편입 사유,3270.0,상승  65,2.03,3270.0,3275.0,53436.0,175.0,31892.0,,,0.067107,-1.22358784,"6,936.99",338.12,5.12,2026-05-05 14:19:40
139,출산장려정책,-0.88,014100,메디앙스 *,테마 편입 사유,1800.0,상승  32,1.81,1788.0,1800.0,19749.0,35.0,11611.0,,,0.067107,-1.22358784,"6,936.99",338.12,5.12,2026-05-05 14:19:40
139,출산장려정책,-0.88,012690,모나리자,테마 편입 사유,2395.0,상승  30,1.27,2395.0,2400.0,575980.0,1373.0,343461.0,,,0.067107,-1.22358784,"6,936.99",338.12,5.12,2026-05-05 14:19:40
139,출산장려정책,-0.88,462310,뉴키즈온 *,테마 편입 사유,4505.0,상승  55,1.24,4420.0,4500.0,19838.0,89.0,40432.0,,,0.067107,-1.22358784,"6,936.99",338.12,5.12,2026-05-05 14:19:40
139,출산장려정책,-0.88,267980,매일유업 *,테마 편입 사유,36400.0,상승  100,0.28,36400.0,36500.0,6950.0,253.0,11963.0,,,0.067107,-1.22358784,"6,936.99",338.12,5.12,2026-05-05 14:19:40
139,출산장려정책,-0.88,095720,웅진씽크빅,테마 편입 사유,1154.0,보합0,0.0,0.0,0.0,0.0,0.0,0.0,,,0.067107,-1.22358784,"6,936.99",338.12,5.12,2026-05-05 14:19:40
139,출산장려정책,-0.88,215480,토박스코리아 *,테마 편입 사유,2235.0,하락  5,-0.22,2235.0,2240.0,24678.0,55.0,14098.0,,,0.067107,-1.22358784,"6,936.99",338.12,5.12,2026-05-05 14:19:40
139,출산장려정책,-0.88,004540,깨끗한나라,테마 편입 사유,1999.0,하락  6,-0.3,1999.0,2000.0,159231.0,316.0,90232.0,,,0.067107,-1.22358784,"6,936.99",338.12,5.12,2026-05-05 14:19:40
139,출산장려정책,-0.88,019680,대교,테마 편입 사유,1497.0,하락  6,-0.4,1495.0,1497.0,67334.0,100.0,95843.0,,,0.067107,-1.22358784,"6,936.99",338.12,5.12,2026-05-05 14:19:40
139,출산장려정책,-0.88,900270,헝셩그룹 *,테마 편입 사유,1081.0,하락  11,-1.01,1080.0,1081.0,135676.0,147.0,150081.0,,,0.067107,-1.22358784,"6,936.99",338.12,5.12,2026-05-05 14:19:40
139,출산장려정책,-0.88,002450,삼익악기,테마 편입 사유,1234.0,하락  16,-1.28,1228.0,1234.0,221967.0,272.0,217265.0,,,0.067107,-1.22358784,"6,936.99",338.12,5.12,2026-05-05 14:19:40
139,출산장려정책,-0.88,407400,꿈비 *,테마 편입 사유,4500.0,하락  60,-1.32,4500.0,4505.0,148220.0,674.0,162389.0,,,0.067107,-1.22358784,"6,936.99",338.12,5.12,2026-05-05 14:19:40
139,출산장려정책,-0.88,003920,남양유업,테마 편입 사유,51900.0,하락  700,-1.33,51800.0,51900.0,7922.0,411.0,7691.0,,,0.067107,-1.22358784,"6,936.99",338.12,5.12,2026-05-05 14:19:40
139,출산장려정책,-0.88,072130,유엔젤,테마 편입 사유,5160.0,하락  70,-1.34,5160.0,5170.0,183071.0,957.0,145333.0,,,0.067107,-1.22358784,"6,936.99",338.12,5.12,2026-05-05 14:19:40
139,출산장려정책,-0.88,317530,에피소드컴퍼니 *,테마 편입 사유,3980.0,하락  65,-1.61,3980.0,3990.0,7395.0,30.0,12161.0,,,0.067107,-1.22358784,"6,936.99",338.12,5.12,2026-05-05 14:19:40
139,출산장려정책,-0.88,159580,제로투세븐 *,테마 편입 사유,3920.0,하락  75,-1.88,3920.0,3945.0,46341.0,183.0,36619.0,,,0.067107,-1.22358784,"6,936.99",338.12,5.12,2026-05-05 14:19:40
139,출산장려정책,-0.88,403850,더핑크퐁컴퍼니 *,테마 편입 사유,17120.0,하락  350,-2.0,17120.0,17130.0,38763.0,669.0,72076.0,,,0.067107,-1.22358784,"6,936.99",338.12,5.12,2026-05-05 14:19:40
139,출산장려정책,-0.88,435570,에르코스 *,테마 편입 사유,11220.0,하락  280,-2.43,11220.0,11250.0,39743.0,453.0,54730.0,,,0.067107,-1.22358784,"6,936.99",338.12,5.12,2026-05-05 14:19:40
139,출산장려정책,-0.88,068290,삼성출판사,테마 편입 사유,8890.0,하락  240,-2.63,8890.0,8900.0,51203.0,459.0,19337.0,,,0.067107,-1.22358784,"6,936.99",338.12,5.12,2026-05-05 14:19:40
139,출산장려정책,-0.88,013990,아가방컴퍼니 *,테마 편입 사유,5100.0,하락  160,-3.04,5100.0,5120.0,316589.0,1652.0,286836.0,,,0.067107,-1.22358784,"6,936.99",338.12,5.12,2026-05-05 14:19:40
139,출산장려정책,-0.88,419530,SAMG엔터 *,테마 편입 사유,39500.0,"하락  3,400",-7.93,39450.0,39500.0,346711.0,13763.0,213903.0,,,0.067107,-1.22358784,"6,936.99",338.12,5.12,2026-05-05 14:19:40
181,테마파크,1.05,464580,닷밀 *,테마 편입 사유,2235.0,상승  115,5.42,2225.0,2235.0,238946.0,528.0,47341.0,,,0.44185,-1.2122720000000002,"6,936.99",338.12,5.12,2026-05-05 14:19:40
181,테마파크,1.05,023350,한국종합기술,테마 편입 사유,5330.0,상승  50,0.95,5330.0,5340.0,65215.0,347.0,44565.0,,,0.44185,-1.2122720000000002,"6,936.99",338.12,5.12,2026-05-05 14:19:40
181,테마파크,1.05,066620,국보디자인 *,테마 편입 사유,23750.0,상승  150,0.64,23550.0,23750.0,14899.0,354.0,5828.0,,,0.44185,-1.2122720000000002,"6,936.99",338.12,5.12,2026-05-05 14:19:40
181,테마파크,1.05,020710,시공테크 *,테마 편입 사유,4925.0,상승  20,0.41,4915.0,4925.0,281071.0,1382.0,335382.0,,,0.44185,-1.2122720000000002,"6,936.99",338.12,5.12,2026-05-05 14:19:40
181,테마파크,1.05,084680,이월드,테마 편입 사유,1931.0,상승  7,0.36,1930.0,1931.0,581031.0,1133.0,404269.0,,,0.44185,-1.2122720000000002,"6,936.99",338.12,5.12,2026-05-05 14:19:40
181,테마파크,1.05,000720,현대건설,테마 편입 사유,159400.0,"하락  2,400",-1.48,159400.0,159500.0,1088761.0,172806.0,1239416.0,,,0.44185,-1.2122720000000002,"6,936.99",338.12,5.12,2026-05-05 14:19:40
17,SI(시스템통합),1.15,124500,아이티센글로벌 *,테마 편입 사유,61900.0,"상승  7,800",14.42,61900.0,62000.0,458790.0,27835.0,217757.0,,,0.46072,-1.2088864000000004,"6,936.99",338.12,5.12,2026-05-05 14:19:40
17,SI(시스템통합),1.15,034730,SK,테마 편입 사유,475500.0,"상승  50,500",11.88,475000.0,475500.0,325374.0,149558.0,231138.0,,,0.46072,-1.2088864000000004,"6,936.99",338.12,5.12,2026-05-05 14:19:40
17,SI(시스템통합),1.15,173130,오파스넷 *,테마 편입 사유,8170.0,상승  500,6.52,8160.0,8170.0,492556.0,3980.0,129016.0,,,0.46072,-1.2088864000000004,"6,936.99",338.12,5.12,2026-05-05 14:19:40
17,SI(시스템통합),1.15,070590,인티큐브 *,테마 편입 사유,1980.0,상승  69,3.61,1979.0,1980.0,30543.0,60.0,26797.0,,,0.46072,-1.2088864000000004,"6,936.99",338.12,5.12,2026-05-05 14:19:40
17,SI(시스템통합),1.15,319400,현대무벡스 *,테마 편입 사유,32450.0,"상승  1,100",3.51,32450.0,32500.0,2171086.0,69849.0,2006101.0,,,0.46072,-1.2088864000000004,"6,936.99",338.12,5.12,2026-05-05 14:19:40
17,SI(시스템통합),1.15,052460,아이크래프트 *,테마 편입 사유,4095.0,상승  135,3.41,4090.0,4095.0,173140.0,695.0,225170.0,,,0.46072,-1.2088864000000004,"6,936.99",338.12,5.12,2026-05-05 14:19:40
17,SI(시스템통합),1.15,023590,다우기술,테마 편입 사유,47700.0,"상승  1,300",2.8,47700.0,47900.0,102531.0,4888.0,81555.0,,,0.46072,-1.2088864000000004,"6,936.99",338.12,5.12,2026-05-05 14:19:40
17,SI(시스템통합),1.15,272210,한화시스템,테마 편입 사유,119700.0,"상승  2,400",2.05,119600.0,119700.0,656885.0,78448.0,765071.0,,,0.46072,-1.2088864000000004,"6,936.99",338.12,5.12,2026-05-05 14:19:40
17,SI(시스템통합),1.15,029480,광무 *,테마 편입 사유,2170.0,상승  30,1.4,2165.0,2170.0,239873.0,517.0,233671.0,,,0.46072,-1.2088864000000004,"6,936.99",338.12,5.12,2026-05-05 14:19:40
17,SI(시스템통합),1.15,064400,LG씨엔에스,테마 편입 사유,65900.0,상승  900,1.38,65900.0,66000.0,377323.0,24920.0,567472.0,,,0.46072,-1.2088864000000004,"6,936.99",338.12,5.12,2026-05-05 14:19:40
17,SI(시스템통합),1.15,022100,포스코DX,테마 편입 사유,35350.0,상승  450,1.29,35350.0,35400.0,402349.0,14336.0,582825.0,,,0.46072,-1.2088864000000004,"6,936.99",338.12,5.12,2026-05-05 14:19:40
17,SI(시스템통합),1.15,039420,케이엘넷 *,테마 편입 사유,3070.0,상승  30,0.99,3070.0,3090.0,49411.0,153.0,59829.0,,,0.46072,-1.2088864000000004,"6,936.99",338.12,5.12,2026-05-05 14:19:40
17,SI(시스템통합),1.15,115500,케이씨에스 *,테마 편입 사유,16000.0,상승  130,0.82,15990.0,16000.0,320828.0,5196.0,271718.0,,,0.46072,-1.2088864000000004,"6,936.99",338.12,5.12,2026-05-05 14:19:40
17,SI(시스템통합),1.15,263800,데이타솔루션 *,테마 편입 사유,5410.0,상승  40,0.74,5410.0,5420.0,179673.0,973.0,220501.0,,,0.46072,-1.2088864000000004,"6,936.99",338.12,5.12,2026-05-05 14:19:40
17,SI(시스템통합),1.15,018260,삼성에스디에스,테마 편입 사유,166900.0,상승  700,0.42,166900.0,167000.0,179036.0,29974.0,259977.0,,,0.46072,-1.2088864000000004,"6,936.99",338.12,5.12,2026-05-05 14:19:40
17,SI(시스템통합),1.15,267850,아시아나IDT,테마 편입 사유,10860.0,상승  40,0.37,10860.0,10870.0,13958.0,152.0,24203.0,,,0.46072,-1.2088864000000004,"6,936.99",338.12,5.12,2026-05-05 14:19:40
17,SI(시스템통합),1.15,049470,비트플래닛 *,테마 편입 사유,672.0,보합0,0.0,0.0,0.0,0.0,0.0,0.0,,,0.46072,-1.2088864000000004,"6,936.99",338.12,5.12,2026-05-05 14:19:40
17,SI(시스템통합),1.15,184230,SGA솔루션즈 *,테마 편입 사유,754.0,보합0,0.0,0.0,0.0,0.0,0.0,5566857.0,,,0.46072,-1.2088864000000004,"6,936.99",338.12,5.12,2026-05-05 14:19:40
17,SI(시스템통합),1.15,286940,롯데이노베이트,테마 편입 사유,22900.0,하락  200,-0.87,22900.0,22950.0,102089.0,2347.0,33220.0,,,0.46072,-1.2088864000000004,"6,936.99",338.12,5.12,2026-05-05 14:19:40
17,SI(시스템통합),1.15,307950,현대오토에버,테마 편입 사유,446000.0,"하락  4,500",-1.0,445500.0,446000.0,95770.0,42909.0,119826.0,,,0.46072,-1.2088864000000004,"6,936.99",338.12,5.12,2026-05-05 14:19:40
17,SI(시스템통합),1.15,032850,비트컴퓨터 *,테마 편입 사유,5430.0,하락  60,-1.09,5430.0,5440.0,295921.0,1609.0,860349.0,,,0.46072,-1.2088864000000004,"6,936.99",338.12,5.12,2026-05-05 14:19:40
17,SI(시스템통합),1.15,010280,아이티센엔텍 *,테마 편입 사유,5870.0,하락  70,-1.18,5870.0,5900.0,272054.0,1598.0,756896.0,,,0.46072,-1.2088864000000004,"6,936.99",338.12,5.12,2026-05-05 14:19:40
17,SI(시스템통합),1.15,053980,오상자이엘 *,테마 편입 사유,3235.0,하락  40,-1.22,3235.0,3240.0,108304.0,351.0,71296.0,,,0.46072,-1.2088864000000004,"6,936.99",338.12,5.12,2026-05-05 14:19:40
17,SI(시스템통합),1.15,042500,링네트 *,테마 편입 사유,5930.0,하락  80,-1.33,5920.0,5930.0,713095.0,4290.0,706779.0,,,0.46072,-1.2088864000000004,"6,936.99",338.12,5.12,2026-05-05 14:19:40
17,SI(시스템통합),1.15,035510,신세계 I&C,테마 편입 사유,20800.0,하락  300,-1.42,20750.0,20800.0,246273.0,5163.0,295433.0,,,0.46072,-1.2088864000000004,"6,936.99",338.12,5.12,2026-05-05 14:19:40
17,SI(시스템통합),1.15,012030,DB,테마 편입 사유,1970.0,하락  40,-1.99,1970.0,1972.0,1777157.0,3559.0,1679466.0,,,0.46072,-1.2088864000000004,"6,936.99",338.12,5.12,2026-05-05 14:19:40
17,SI(시스템통합),1.15,045510,정원엔시스 *,테마 편입 사유,1139.0,하락  27,-2.32,1139.0,1145.0,339962.0,396.0,1258972.0,,,0.46072,-1.2088864000000004,"6,936.99",338.12,5.12,2026-05-05 14:19:40
17,SI(시스템통합),1.15,234300,에스트래픽 *,테마 편입 사유,3745.0,하락  100,-2.6,3745.0,3750.0,207922.0,791.0,128152.0,,,0.46072,-1.2088864000000004,"6,936.99",338.12,5.12,2026-05-05 14:19:40
17,SI(시스템통합),1.15,242040,나무기술 *,테마 편입 사유,5000.0,하락  150,-2.91,5000.0,5010.0,1413681.0,7114.0,914170.0,,,0.46072,-1.2088864000000004,"6,936.99",338.12,5.12,2026-05-05 14:19:40
17,SI(시스템통합),1.15,020180,대신정보통신 *,테마 편입 사유,1192.0,하락  39,-3.17,1192.0,1195.0,1126976.0,1351.0,905653.0,,,0.46072,-1.2088864000000004,"6,936.99",338.12,5.12,2026-05-05 14:19:40
170,골판지 제조,-0.9,004150,한솔홀딩스,테마 편입 사유,3375.0,상승  25,0.75,3370.0,3375.0,324266.0,1103.0,72521.0,,,0.060068,-1.20754816,"6,936.99",338.12,5.12,2026-05-05 14:19:40
170,골판지 제조,-0.9,002200,한국수출포장,테마 편입 사유,2805.0,상승  10,0.36,2800.0,2805.0,384187.0,1063.0,181920.0,,,0.060068,-1.20754816,"6,936.99",338.12,5.12,2026-05-05 14:19:40
170,골판지 제조,-0.9,017650,대림제지 *,테마 편입 사유,9550.0,상승  30,0.32,9530.0,9550.0,9677.0,92.0,48826.0,,,0.060068,-1.20754816,"6,936.99",338.12,5.12,2026-05-05 14:19:40
170,골판지 제조,-0.9,016100,리더스코스메틱 *,테마 편입 사유,1845.0,하락  5,-0.27,1842.0,1845.0,113816.0,206.0,66337.0,,,0.060068,-1.20754816,"6,936.99",338.12,5.12,2026-05-05 14:19:40
170,골판지 제조,-0.9,023600,삼보판지 *,테마 편입 사유,10040.0,하락  50,-0.5,10030.0,10040.0,27637.0,276.0,68375.0,,,0.060068,-1.20754816,"6,936.99",338.12,5.12,2026-05-05 14:19:40
170,골판지 제조,-0.9,011280,태림포장,테마 편입 사유,2075.0,하락  20,-0.95,2075.0,2080.0,451308.0,936.0,232532.0,,,0.060068,-1.20754816,"6,936.99",338.12,5.12,2026-05-05 14:19:40
170,골판지 제조,-0.9,002310,아세아제지,테마 편입 사유,8920.0,하락  120,-1.33,8920.0,8930.0,171791.0,1531.0,340065.0,,,0.060068,-1.20754816,"6,936.99",338.12,5.12,2026-05-05 14:19:40
170,골판지 제조,-0.9,014160,대영포장,테마 편입 사유,1177.0,하락  18,-1.51,1177.0,1178.0,1351585.0,1600.0,1958715.0,,,0.060068,-1.20754816,"6,936.99",338.12,5.12,2026-05-05 14:19:40
170,골판지 제조,-0.9,016590,신대양제지,테마 편입 사유,12730.0,하락  320,-2.45,12730.0,12750.0,41736.0,531.0,29350.0,,,0.060068,-1.20754816,"6,936.99",338.12,5.12,2026-05-05 14:19:40
170,골판지 제조,-0.9,006740,블루산업개발,테마 편입 사유,589.0,하락  21,-3.44,589.0,593.0,351713.0,211.0,213055.0,,,0.060068,-1.20754816,"6,936.99",338.12,5.12,2026-05-05 14:19:40
324,일자리(취업),0.52,246690,TS인베스트먼트 *,테마 편입 사유,1865.0,상승  80,4.48,1865.0,1866.0,935138.0,1723.0,843811.0,,,0.33736,-1.2072832,"6,936.99",338.12,5.12,2026-05-05 14:19:40
324,일자리(취업),0.52,376980,원티드랩 *,테마 편입 사유,4060.0,상승  60,1.5,4060.0,4085.0,177869.0,723.0,239298.0,,,0.33736,-1.2072832,"6,936.99",338.12,5.12,2026-05-05 14:19:40
324,일자리(취업),0.52,241520,DSC인베스트먼트 *,테마 편입 사유,17260.0,상승  200,1.17,17260.0,17270.0,2119873.0,36988.0,1894896.0,,,0.33736,-1.2072832,"6,936.99",338.12,5.12,2026-05-05 14:19:40
324,일자리(취업),0.52,440320,오픈놀 *,테마 편입 사유,4305.0,상승  45,1.06,4305.0,4330.0,260316.0,1111.0,479632.0,,,0.33736,-1.2072832,"6,936.99",338.12,5.12,2026-05-05 14:19:40
324,일자리(취업),0.52,027830,대성창투 *,테마 편입 사유,1580.0,상승  6,0.38,1577.0,1580.0,140503.0,223.0,291770.0,,,0.33736,-1.2072832,"6,936.99",338.12,5.12,2026-05-05 14:19:40
324,일자리(취업),0.52,133750,메가엠디 *,테마 편입 사유,1864.0,하락  8,-0.43,1840.0,1864.0,44317.0,82.0,34341.0,,,0.33736,-1.2072832,"6,936.99",338.12,5.12,2026-05-05 14:19:40
324,일자리(취업),0.52,339950,아이비김영 *,테마 편입 사유,2710.0,하락  15,-0.55,2710.0,2735.0,126276.0,343.0,116873.0,,,0.33736,-1.2072832,"6,936.99",338.12,5.12,2026-05-05 14:19:40
324,일자리(취업),0.52,143240,사람인 *,테마 편입 사유,16880.0,하락  200,-1.17,16880.0,16940.0,9677.0,165.0,12426.0,,,0.33736,-1.2072832,"6,936.99",338.12,5.12,2026-05-05 14:19:40
324,일자리(취업),0.52,373160,데이원컴퍼니 *,테마 편입 사유,4920.0,하락  90,-1.8,4920.0,4945.0,41137.0,205.0,87739.0,,,0.33736,-1.2072832,"6,936.99",338.12,5.12,2026-05-05 14:19:40
272,전자결제(전자화폐),1.15,234340,헥토파이낸셜 *,테마 편입 사유,33800.0,"상승  1,650",5.13,33800.0,33850.0,768491.0,25705.0,404243.0,,,0.458989,-1.2000236800000001,"6,936.99",338.12,5.12,2026-05-05 14:19:40
272,전자결제(전자화폐),1.15,094480,갤럭시아머니트리 *,테마 편입 사유,8780.0,상승  260,3.05,8770.0,8780.0,353305.0,3073.0,237335.0,,,0.458989,-1.2000236800000001,"6,936.99",338.12,5.12,2026-05-05 14:19:40
272,전자결제(전자화폐),1.15,115310,인포바인 *,테마 편입 사유,12830.0,상승  340,2.72,12820.0,12830.0,19745.0,256.0,28342.0,,,0.458989,-1.2000236800000001,"6,936.99",338.12,5.12,2026-05-05 14:19:40
272,전자결제(전자화폐),1.15,060250,NHN KCP *,테마 편입 사유,20050.0,상승  400,2.04,20050.0,20100.0,415777.0,8374.0,328009.0,,,0.458989,-1.2000236800000001,"6,936.99",338.12,5.12,2026-05-05 14:19:40
272,전자결제(전자화폐),1.15,042000,카페24 *,테마 편입 사유,25600.0,상승  500,1.99,25600.0,25750.0,62779.0,1613.0,122726.0,,,0.458989,-1.2000236800000001,"6,936.99",338.12,5.12,2026-05-05 14:19:40
272,전자결제(전자화폐),1.15,064260,다날 *,테마 편입 사유,7430.0,상승  100,1.36,7430.0,7440.0,1292591.0,9661.0,1643648.0,,,0.458989,-1.2000236800000001,"6,936.99",338.12,5.12,2026-05-05 14:19:40
272,전자결제(전자화폐),1.15,377300,카카오페이,테마 편입 사유,56000.0,상승  300,0.54,56000.0,56100.0,247354.0,13948.0,196818.0,,,0.458989,-1.2000236800000001,"6,936.99",338.12,5.12,2026-05-05 14:19:40
272,전자결제(전자화폐),1.15,294570,쿠콘 *,테마 편입 사유,29950.0,상승  100,0.34,29950.0,30000.0,32517.0,978.0,15770.0,,,0.458989,-1.2000236800000001,"6,936.99",338.12,5.12,2026-05-05 14:19:40
272,전자결제(전자화폐),1.15,035600,KG이니시스 *,테마 편입 사유,11480.0,상승  30,0.26,11480.0,11490.0,85165.0,979.0,82487.0,,,0.458989,-1.2000236800000001,"6,936.99",338.12,5.12,2026-05-05 14:19:40
272,전자결제(전자화폐),1.15,025770,한국정보통신 *,테마 편입 사유,11420.0,보합0,0.0,11400.0,11420.0,228962.0,2629.0,267491.0,,,0.458989,-1.2000236800000001,"6,936.99",338.12,5.12,2026-05-05 14:19:40
272,전자결제(전자화폐),1.15,046440,KG파이낸셜 *,테마 편입 사유,5230.0,보합0,0.0,5220.0,5230.0,117460.0,619.0,88197.0,,,0.458989,-1.2000236800000001,"6,936.99",338.12,5.12,2026-05-05 14:19:40
272,전자결제(전자화폐),1.15,181710,NHN,테마 편입 사유,40600.0,하락  400,-0.98,40600.0,40650.0,54596.0,2231.0,51749.0,,,0.458989,-1.2000236800000001,"6,936.99",338.12,5.12,2026-05-05 14:19:40
272,전자결제(전자화폐),1.15,039290,인포뱅크 *,테마 편입 사유,4775.0,하락  75,-1.55,4765.0,4775.0,19169.0,92.0,17870.0,,,0.458989,-1.2000236800000001,"6,936.99",338.12,5.12,2026-05-05 14:19:40
349,드론(Drone),1.55,047080,한빛소프트 *,테마 편입 사유,1424.0,상승  101,7.63,1423.0,1424.0,788321.0,1096.0,242558.0,,,0.531453,-1.1710393599999998,"6,936.99",338.12,5.12,2026-05-05 14:19:40
349,드론(Drone),1.55,077360,덕산하이메탈 *,테마 편입 사유,19590.0,"상승  1,230",6.7,19590.0,19600.0,3275510.0,65578.0,2494479.0,,,0.531453,-1.1710393599999998,"6,936.99",338.12,5.12,2026-05-05 14:19:40
349,드론(Drone),1.55,047810,한국항공우주,테마 편입 사유,180000.0,"상승  11,000",6.51,179900.0,180000.0,1885749.0,337238.0,947951.0,,,0.531453,-1.1710393599999998,"6,936.99",338.12,5.12,2026-05-05 14:19:40
349,드론(Drone),1.55,010820,퍼스텍,테마 편입 사유,14270.0,상승  770,5.7,14270.0,14280.0,1797341.0,24659.0,1367138.0,,,0.531453,-1.1710393599999998,"6,936.99",338.12,5.12,2026-05-05 14:19:40
349,드론(Drone),1.55,306620,지아이에스 *,테마 편입 사유,3410.0,상승  165,5.08,3410.0,3415.0,1326912.0,4493.0,1000174.0,,,0.531453,-1.1710393599999998,"6,936.99",338.12,5.12,2026-05-05 14:19:40
349,드론(Drone),1.55,079550,LIG디펜스앤에어로스페이스,테마 편입 사유,983000.0,"상승  42,000",4.46,983000.0,984000.0,295511.0,284024.0,244235.0,,,0.531453,-1.1710393599999998,"6,936.99",338.12,5.12,2026-05-05 14:19:40
349,드론(Drone),1.55,012450,한화에어로스페이스,테마 편입 사유,1465000.0,"상승  48,000",3.39,1464000.0,1465000.0,195389.0,286177.0,236243.0,,,0.531453,-1.1710393599999998,"6,936.99",338.12,5.12,2026-05-05 14:19:40
349,드론(Drone),1.55,424960,스마트레이더시스템 *,테마 편입 사유,7040.0,상승  230,3.38,7010.0,7040.0,95963.0,671.0,75350.0,,,0.531453,-1.1710393599999998,"6,936.99",338.12,5.12,2026-05-05 14:19:40
349,드론(Drone),1.55,097520,엠씨넥스,테마 편입 사유,23550.0,상승  550,2.39,23500.0,23550.0,44866.0,1055.0,56828.0,,,0.531453,-1.1710393599999998,"6,936.99",338.12,5.12,2026-05-05 14:19:40
349,드론(Drone),1.55,093640,케이알엠 *,테마 편입 사유,5000.0,상승  115,2.35,4995.0,5000.0,97680.0,492.0,49057.0,,,0.531453,-1.1710393599999998,"6,936.99",338.12,5.12,2026-05-05 14:19:40
349,드론(Drone),1.55,187220,디티앤씨 *,테마 편입 사유,3230.0,상승  70,2.22,3230.0,3235.0,46047.0,148.0,36861.0,,,0.531453,-1.1710393599999998,"6,936.99",338.12,5.12,2026-05-05 14:19:40
349,드론(Drone),1.55,272210,한화시스템,테마 편입 사유,119700.0,"상승  2,400",2.05,119600.0,119700.0,656885.0,78448.0,765071.0,,,0.531453,-1.1710393599999998,"6,936.99",338.12,5.12,2026-05-05 14:19:40
349,드론(Drone),1.55,054920,한컴위드 *,테마 편입 사유,6980.0,상승  120,1.75,6970.0,6980.0,1266378.0,8973.0,1573135.0,,,0.531453,-1.1710393599999998,"6,936.99",338.12,5.12,2026-05-05 14:19:40
349,드론(Drone),1.55,023800,인지컨트롤스,테마 편입 사유,8390.0,상승  140,1.7,8380.0,8390.0,132955.0,1106.0,121289.0,,,0.531453,-1.1710393599999998,"6,936.99",338.12,5.12,2026-05-05 14:19:40
349,드론(Drone),1.55,035460,기산텔레콤 *,테마 편입 사유,3890.0,상승  55,1.43,3885.0,3890.0,1307475.0,5131.0,1887127.0,,,0.531453,-1.1710393599999998,"6,936.99",338.12,5.12,2026-05-05 14:19:40
349,드론(Drone),1.55,274090,켄코아에어로스페이스 *,테마 편입 사유,21950.0,상승  300,1.39,21950.0,22000.0,328946.0,7287.0,345940.0,,,0.531453,-1.1710393599999998,"6,936.99",338.12,5.12,2026-05-05 14:19:40
349,드론(Drone),1.55,099320,쎄트렉아이 *,테마 편입 사유,168000.0,"상승  2,000",1.2,167900.0,168000.0,99033.0,16731.0,223579.0,,,0.531453,-1.1710393599999998,"6,936.99",338.12,5.12,2026-05-05 14:19:40
349,드론(Drone),1.55,093520,매커스 *,테마 편입 사유,26500.0,상승  100,0.38,26450.0,26500.0,38702.0,1028.0,53727.0,,,0.531453,-1.1710393599999998,"6,936.99",338.12,5.12,2026-05-05 14:19:40
349,드론(Drone),1.55,096630,에스코넥 *,테마 편입 사유,813.0,보합0,0.0,0.0,0.0,0.0,0.0,0.0,,,0.531453,-1.1710393599999998,"6,936.99",338.12,5.12,2026-05-05 14:19:40
349,드론(Drone),1.55,223310,사토시홀딩스 *,테마 편입 사유,2275.0,보합0,0.0,0.0,0.0,0.0,0.0,0.0,,,0.531453,-1.1710393599999998,"6,936.99",338.12,5.12,2026-05-05 14:19:40
349,드론(Drone),1.55,177350,베셀 *,테마 편입 사유,1038.0,하락  1,-0.1,1038.0,1039.0,192540.0,201.0,190662.0,,,0.531453,-1.1710393599999998,"6,936.99",338.12,5.12,2026-05-05 14:19:40
349,드론(Drone),1.55,003490,대한항공,테마 편입 사유,24500.0,하락  50,-0.2,24500.0,24550.0,1317983.0,32387.0,1719119.0,,,0.531453,-1.1710393599999998,"6,936.99",338.12,5.12,2026-05-05 14:19:40
349,드론(Drone),1.55,033320,제이씨현시스템 *,테마 편입 사유,5020.0,하락  20,-0.4,5010.0,5020.0,149708.0,756.0,213621.0,,,0.531453,-1.1710393599999998,"6,936.99",338.12,5.12,2026-05-05 14:19:40
349,드론(Drone),1.55,030200,KT,테마 편입 사유,60600.0,하락  300,-0.49,60500.0,60600.0,264542.0,16006.0,386946.0,,,0.531453,-1.1710393599999998,"6,936.99",338.12,5.12,2026-05-05 14:19:40
349,드론(Drone),1.55,015710,코콤 *,테마 편입 사유,3985.0,하락  25,-0.62,3985.0,4005.0,75467.0,304.0,61798.0,,,0.531453,-1.1710393599999998,"6,936.99",338.12,5.12,2026-05-05 14:19:40
349,드론(Drone),1.55,204610,티쓰리 *,테마 편입 사유,3450.0,하락  65,-1.85,3450.0,3455.0,499397.0,1717.0,325129.0,,,0.531453,-1.1710393599999998,"6,936.99",338.12,5.12,2026-05-05 14:19:40
349,드론(Drone),1.55,475580,에이럭스 *,테마 편입 사유,12530.0,하락  240,-1.88,12500.0,12530.0,290032.0,3651.0,307045.0,,,0.531453,-1.1710393599999998,"6,936.99",338.12,5.12,2026-05-05 14:19:40
349,드론(Drone),1.55,051380,피씨디렉트 *,테마 편입 사유,2310.0,하락  110,-4.55,2310.0,2315.0,210774.0,495.0,671260.0,,,0.531453,-1.1710393599999998,"6,936.99",338.12,5.12,2026-05-05 14:19:40
349,드론(Drone),1.55,005870,휴니드,테마 편입 사유,9030.0,하락  430,-4.55,9030.0,9050.0,640958.0,5791.0,167380.0,,,0.531453,-1.1710393599999998,"6,936.99",338.12,5.12,2026-05-05 14:19:40
582,스테이블코인,2.24,232830,아이티센피엔에스 *,테마 편입 사유,4615.0,상승  590,14.66,4610.0,4615.0,659731.0,2913.0,281642.0,,,0.66569,-1.1683328,"6,936.99",338.12,5.12,2026-05-05 14:19:40
582,스테이블코인,2.24,124500,아이티센글로벌 *,테마 편입 사유,61900.0,"상승  7,800",14.42,61900.0,62000.0,458790.0,27835.0,217757.0,,,0.66569,-1.1683328,"6,936.99",338.12,5.12,2026-05-05 14:19:40
582,스테이블코인,2.24,163730,핑거 *,테마 편입 사유,20250.0,"상승  1,300",6.86,20100.0,20250.0,249325.0,4942.0,289081.0,,,0.66569,-1.1683328,"6,936.99",338.12,5.12,2026-05-05 14:19:40
582,스테이블코인,2.24,203650,드림시큐리티 *,테마 편입 사유,2890.0,상승  150,5.47,2885.0,2890.0,12979442.0,37925.0,9438875.0,,,0.66569,-1.1683328,"6,936.99",338.12,5.12,2026-05-05 14:19:40
582,스테이블코인,2.24,234340,헥토파이낸셜 *,테마 편입 사유,33800.0,"상승  1,650",5.13,33800.0,33850.0,768491.0,25705.0,404243.0,,,0.66569,-1.1683328,"6,936.99",338.12,5.12,2026-05-05 14:19:40
582,스테이블코인,2.24,042510,라온시큐어 *,테마 편입 사유,13120.0,상승  560,4.46,13120.0,13130.0,946193.0,12546.0,433439.0,,,0.66569,-1.1683328,"6,936.99",338.12,5.12,2026-05-05 14:19:40
582,스테이블코인,2.24,158430,아톤 *,테마 편입 사유,8180.0,상승  170,2.12,8180.0,8190.0,872906.0,7215.0,1698425.0,,,0.66569,-1.1683328,"6,936.99",338.12,5.12,2026-05-05 14:19:40
582,스테이블코인,2.24,060250,NHN KCP *,테마 편입 사유,20050.0,상승  400,2.04,20050.0,20100.0,415777.0,8374.0,328009.0,,,0.66569,-1.1683328,"6,936.99",338.12,5.12,2026-05-05 14:19:40
582,스테이블코인,2.24,054920,한컴위드 *,테마 편입 사유,6980.0,상승  120,1.75,6970.0,6980.0,1266378.0,8973.0,1573135.0,,,0.66569,-1.1683328,"6,936.99",338.12,5.12,2026-05-05 14:19:40
582,스테이블코인,2.24,064400,LG씨엔에스,테마 편입 사유,65900.0,상승  900,1.38,65900.0,66000.0,377323.0,24920.0,567472.0,,,0.66569,-1.1683328,"6,936.99",338.12,5.12,2026-05-05 14:19:40
582,스테이블코인,2.24,064260,다날 *,테마 편입 사유,7430.0,상승  100,1.36,7430.0,7440.0,1292591.0,9661.0,1643648.0,,,0.66569,-1.1683328,"6,936.99",338.12,5.12,2026-05-05 14:19:40
582,스테이블코인,2.24,462860,더즌 *,테마 편입 사유,3665.0,상승  40,1.1,3660.0,3665.0,546536.0,2007.0,297535.0,,,0.66569,-1.1683328,"6,936.99",338.12,5.12,2026-05-05 14:19:40
582,스테이블코인,2.24,053300,한국정보인증 *,테마 편입 사유,6500.0,상승  70,1.09,6500.0,6510.0,281943.0,1850.0,212539.0,,,0.66569,-1.1683328,"6,936.99",338.12,5.12,2026-05-05 14:19:40
582,스테이블코인,2.24,214180,헥토이노베이션 *,테마 편입 사유,20800.0,상승  200,0.97,20800.0,20900.0,98555.0,2052.0,121817.0,,,0.66569,-1.1683328,"6,936.99",338.12,5.12,2026-05-05 14:19:40
582,스테이블코인,2.24,377300,카카오페이,테마 편입 사유,56000.0,상승  300,0.54,56000.0,56100.0,247354.0,13948.0,196818.0,,,0.66569,-1.1683328,"6,936.99",338.12,5.12,2026-05-05 14:19:40
582,스테이블코인,2.24,201490,미투온 *,테마 편입 사유,3185.0,상승  15,0.47,3185.0,3195.0,311921.0,999.0,316571.0,,,0.66569,-1.1683328,"6,936.99",338.12,5.12,2026-05-05 14:19:40
582,스테이블코인,2.24,294570,쿠콘 *,테마 편입 사유,29950.0,상승  100,0.34,29950.0,30000.0,32517.0,978.0,15770.0,,,0.66569,-1.1683328,"6,936.99",338.12,5.12,2026-05-05 14:19:40
582,스테이블코인,2.24,035600,KG이니시스 *,테마 편입 사유,11480.0,상승  30,0.26,11480.0,11490.0,85165.0,979.0,82487.0,,,0.66569,-1.1683328,"6,936.99",338.12,5.12,2026-05-05 14:19:40
582,스테이블코인,2.24,223310,사토시홀딩스 *,테마 편입 사유,2275.0,보합0,0.0,0.0,0.0,0.0,0.0,0.0,,,0.66569,-1.1683328,"6,936.99",338.12,5.12,2026-05-05 14:19:40
582,스테이블코인,2.24,046440,KG파이낸셜 *,테마 편입 사유,5230.0,보합0,0.0,5220.0,5230.0,117460.0,619.0,88197.0,,,0.66569,-1.1683328,"6,936.99",338.12,5.12,2026-05-05 14:19:40
582,스테이블코인,2.24,308100,형지글로벌 *,테마 편입 사유,960.0,보합0,0.0,960.0,961.0,130571.0,126.0,174487.0,,,0.66569,-1.1683328,"6,936.99",338.12,5.12,2026-05-05 14:19:40
582,스테이블코인,2.24,035420,NAVER,테마 편입 사유,209000.0,"하락  2,000",-0.95,208500.0,209000.0,875803.0,183333.0,1387029.0,,,0.66569,-1.1683328,"6,936.99",338.12,5.12,2026-05-05 14:19:40
582,스테이블코인,2.24,199480,뱅크웨어글로벌 *,테마 편입 사유,5040.0,하락  60,-1.18,5030.0,5040.0,28176.0,143.0,17537.0,,,0.66569,-1.1683328,"6,936.99",338.12,5.12,2026-05-05 14:19:40
582,스테이블코인,2.24,112040,위메이드 *,테마 편입 사유,24400.0,하락  550,-2.2,24400.0,24450.0,140313.0,3426.0,418233.0,,,0.66569,-1.1683328,"6,936.99",338.12,5.12,2026-05-05 14:19:40
582,스테이블코인,2.24,205500,넥써쓰 *,테마 편입 사유,1810.0,하락  75,-3.98,1810.0,1825.0,236820.0,434.0,94088.0,,,0.66569,-1.1683328,"6,936.99",338.12,5.12,2026-05-05 14:19:40
384,편의점,-0.75,282330,BGF리테일,테마 편입 사유,132400.0,상승  400,0.3,132000.0,132400.0,44211.0,5872.0,53295.0,,,0.08108,-1.1651296,"6,936.99",338.12,5.12,2026-05-05 14:19:40
384,편의점,-0.75,024800,유성티엔에스 *,테마 편입 사유,4445.0,상승  10,0.23,4410.0,4445.0,357796.0,1577.0,99496.0,,,0.08108,-1.1651296,"6,936.99",338.12,5.12,2026-05-05 14:19:40
384,편의점,-0.75,139480,이마트,테마 편입 사유,105900.0,하락  800,-0.75,105800.0,105900.0,204604.0,21644.0,230790.0,,,0.08108,-1.1651296,"6,936.99",338.12,5.12,2026-05-05 14:19:40
384,편의점,-0.75,004990,롯데지주,테마 편입 사유,30050.0,하락  500,-1.64,30050.0,30100.0,452394.0,13793.0,241080.0,,,0.08108,-1.1651296,"6,936.99",338.12,5.12,2026-05-05 14:19:40
384,편의점,-0.75,007070,GS리테일,테마 편입 사유,23050.0,하락  450,-1.91,23000.0,23050.0,133287.0,3071.0,116427.0,,,0.08108,-1.1651296,"6,936.99",338.12,5.12,2026-05-05 14:19:40
382,플렉서블 디스플레이,2.09,178920,PI첨단소재,테마 편입 사유,30500.0,"상승  4,750",18.45,30450.0,30500.0,1324425.0,40205.0,326562.0,,,0.633484,-1.1534380800000004,"6,936.99",338.12,5.12,2026-05-05 14:19:40
382,플렉서블 디스플레이,2.09,012610,경인양행,테마 편입 사유,5630.0,상승  540,10.61,5630.0,5640.0,4300345.0,24595.0,903678.0,,,0.633484,-1.1534380800000004,"6,936.99",338.12,5.12,2026-05-05 14:19:40
382,플렉서블 디스플레이,2.09,089890,코세스 *,테마 편입 사유,50500.0,"상승  3,100",6.54,50500.0,50600.0,359537.0,18142.0,381629.0,,,0.633484,-1.1534380800000004,"6,936.99",338.12,5.12,2026-05-05 14:19:40
382,플렉서블 디스플레이,2.09,005930,삼성전자,테마 편입 사유,232500.0,"상승  12,000",5.44,232000.0,232500.0,31909907.0,7302350.0,22161975.0,,,0.633484,-1.1534380800000004,"6,936.99",338.12,5.12,2026-05-05 14:19:40
382,플렉서블 디스플레이,2.09,011790,SKC,테마 편입 사유,124000.0,"상승  6,000",5.08,124000.0,124100.0,702550.0,86741.0,338644.0,,,0.633484,-1.1534380800000004,"6,936.99",338.12,5.12,2026-05-05 14:19:40
382,플렉서블 디스플레이,2.09,213420,덕산네오룩스 *,테마 편입 사유,53000.0,"상승  2,500",4.95,52900.0,53000.0,129966.0,6852.0,189251.0,,,0.633484,-1.1534380800000004,"6,936.99",338.12,5.12,2026-05-05 14:19:40
382,플렉서블 디스플레이,2.09,056190,에스에프에이 *,테마 편입 사유,32550.0,"상승  1,150",3.66,32550.0,32600.0,136196.0,4436.0,193856.0,,,0.633484,-1.1534380800000004,"6,936.99",338.12,5.12,2026-05-05 14:19:40
382,플렉서블 디스플레이,2.09,038060,루멘스 *,테마 편입 사유,1220.0,상승  40,3.39,1219.0,1220.0,1741323.0,2156.0,910414.0,,,0.633484,-1.1534380800000004,"6,936.99",338.12,5.12,2026-05-05 14:19:40
382,플렉서블 디스플레이,2.09,141000,비아트론 *,테마 편입 사유,11910.0,상승  320,2.76,11900.0,11910.0,117651.0,1385.0,77993.0,,,0.633484,-1.1534380800000004,"6,936.99",338.12,5.12,2026-05-05 14:19:40
382,플렉서블 디스플레이,2.09,297890,HB솔루션 *,테마 편입 사유,2360.0,상승  60,2.61,2355.0,2360.0,606814.0,1428.0,364171.0,,,0.633484,-1.1534380800000004,"6,936.99",338.12,5.12,2026-05-05 14:19:40
382,플렉서블 디스플레이,2.09,059100,아이컴포넌트 *,테마 편입 사유,5560.0,상승  110,2.02,5550.0,5560.0,33588.0,185.0,23239.0,,,0.633484,-1.1534380800000004,"6,936.99",338.12,5.12,2026-05-05 14:19:40
382,플렉서블 디스플레이,2.09,161580,필옵틱스 *,테마 편입 사유,48650.0,상승  850,1.78,48650.0,48700.0,214033.0,10390.0,233503.0,,,0.633484,-1.1534380800000004,"6,936.99",338.12,5.12,2026-05-05 14:19:40
382,플렉서블 디스플레이,2.09,068790,DMS *,테마 편입 사유,8330.0,상승  50,0.6,8320.0,8330.0,145686.0,1231.0,200890.0,,,0.633484,-1.1534380800000004,"6,936.99",338.12,5.12,2026-05-05 14:19:40
382,플렉서블 디스플레이,2.09,036930,주성엔지니어링 *,테마 편입 사유,126600.0,상승  600,0.48,126500.0,126600.0,1059.0,134.0,794993.0,,,0.633484,-1.1534380800000004,"6,936.99",338.12,5.12,2026-05-05 14:19:40
382,플렉서블 디스플레이,2.09,034220,LG디스플레이,테마 편입 사유,12310.0,상승  50,0.41,12300.0,12310.0,4285497.0,52886.0,4896004.0,,,0.633484,-1.1534380800000004,"6,936.99",338.12,5.12,2026-05-05 14:19:40
382,플렉서블 디스플레이,2.09,251630,브이원텍 *,테마 편입 사유,6240.0,상승  20,0.32,6220.0,6240.0,55736.0,350.0,100640.0,,,0.633484,-1.1534380800000004,"6,936.99",338.12,5.12,2026-05-05 14:19:40
382,플렉서블 디스플레이,2.09,131760,파인텍 *,테마 편입 사유,1036.0,보합0,0.0,0.0,0.0,0.0,0.0,0.0,,,0.633484,-1.1534380800000004,"6,936.99",338.12,5.12,2026-05-05 14:19:40
382,플렉서블 디스플레이,2.09,179900,유티아이 *,테마 편입 사유,20400.0,하락  50,-0.24,20400.0,20500.0,66220.0,1363.0,103186.0,,,0.633484,-1.1534380800000004,"6,936.99",338.12,5.12,2026-05-05 14:19:40
382,플렉서블 디스플레이,2.09,120110,코오롱인더,테마 편입 사유,93800.0,하락  300,-0.32,93800.0,93900.0,423002.0,39275.0,501759.0,,,0.633484,-1.1534380800000004,"6,936.99",338.12,5.12,2026-05-05 14:19:40
382,플렉서블 디스플레이,2.09,484120,도우인시스 *,테마 편입 사유,23100.0,하락  100,-0.43,23050.0,23100.0,22386.0,519.0,68862.0,,,0.633484,-1.1534380800000004,"6,936.99",338.12,5.12,2026-05-05 14:19:40
382,플렉서블 디스플레이,2.09,265520,AP시스템 *,테마 편입 사유,26050.0,하락  150,-0.57,26000.0,26050.0,164990.0,4326.0,194386.0,,,0.633484,-1.1534380800000004,"6,936.99",338.12,5.12,2026-05-05 14:19:40
382,플렉서블 디스플레이,2.09,051370,인터플렉스 *,테마 편입 사유,13260.0,하락  180,-1.34,13260.0,13270.0,271027.0,3595.0,211755.0,,,0.633484,-1.1534380800000004,"6,936.99",338.12,5.12,2026-05-05 14:19:40
382,플렉서블 디스플레이,2.09,079810,APS이노베이션 *,테마 편입 사유,6530.0,하락  140,-2.1,6530.0,6540.0,477731.0,3166.0,561759.0,,,0.633484,-1.1534380800000004,"6,936.99",338.12,5.12,2026-05-05 14:19:40
382,플렉서블 디스플레이,2.09,290520,신도기연 *,테마 편입 사유,2630.0,하락  95,-3.49,2615.0,2630.0,178324.0,467.0,214386.0,,,0.633484,-1.1534380800000004,"6,936.99",338.12,5.12,2026-05-05 14:19:40
382,플렉서블 디스플레이,2.09,469610,이노테크 *,테마 편입 사유,24400.0,"하락  2,200",-8.27,24400.0,24450.0,427686.0,10726.0,357821.0,,,0.633484,-1.1534380800000004,"6,936.99",338.12,5.12,2026-05-05 14:19:40
393,갤럭시 부품주,1.69,332570,PS일렉트로닉스 *,테마 편입 사유,10470.0,"상한가  2,410",29.9,10470.0,0.0,12762553.0,131960.0,4178886.0,,,0.551409,-1.1332140800000001,"6,936.99",338.12,5.12,2026-05-05 14:19:40
393,갤럭시 부품주,1.69,178920,PI첨단소재,테마 편입 사유,30500.0,"상승  4,750",18.45,30450.0,30500.0,1324425.0,40205.0,326562.0,,,0.551409,-1.1332140800000001,"6,936.99",338.12,5.12,2026-05-05 14:19:40
393,갤럭시 부품주,1.69,009150,삼성전기,테마 편입 사유,918000.0,"상승  86,000",10.34,917000.0,918000.0,866674.0,776482.0,906217.0,,,0.551409,-1.1332140800000001,"6,936.99",338.12,5.12,2026-05-05 14:19:40
393,갤럭시 부품주,1.69,052710,아모텍 *,테마 편입 사유,24400.0,"상승  2,100",9.42,24400.0,24450.0,697742.0,16814.0,444687.0,,,0.551409,-1.1332140800000001,"6,936.99",338.12,5.12,2026-05-05 14:19:40
393,갤럭시 부품주,1.69,272290,이녹스첨단소재 *,테마 편입 사유,36300.0,"상승  2,000",5.83,36300.0,36350.0,458518.0,16463.0,187764.0,,,0.551409,-1.1332140800000001,"6,936.99",338.12,5.12,2026-05-05 14:19:40
393,갤럭시 부품주,1.69,005930,삼성전자,테마 편입 사유,232500.0,"상승  12,000",5.44,232000.0,232500.0,31909907.0,7302350.0,22161975.0,,,0.551409,-1.1332140800000001,"6,936.99",338.12,5.12,2026-05-05 14:19:40
393,갤럭시 부품주,1.69,213420,덕산네오룩스 *,테마 편입 사유,53000.0,"상승  2,500",4.95,52900.0,53000.0,129966.0,6852.0,189251.0,,,0.551409,-1.1332140800000001,"6,936.99",338.12,5.12,2026-05-05 14:19:40
393,갤럭시 부품주,1.69,054210,이랜텍 *,테마 편입 사유,13210.0,상승  460,3.61,13210.0,13220.0,465793.0,6174.0,274401.0,,,0.551409,-1.1332140800000001,"6,936.99",338.12,5.12,2026-05-05 14:19:40
393,갤럭시 부품주,1.69,097520,엠씨넥스,테마 편입 사유,23550.0,상승  550,2.39,23500.0,23550.0,44866.0,1055.0,56828.0,,,0.551409,-1.1332140800000001,"6,936.99",338.12,5.12,2026-05-05 14:19:40
393,갤럭시 부품주,1.69,047310,파워로직스 *,테마 편입 사유,5300.0,상승  120,2.32,5300.0,5310.0,365507.0,1951.0,211247.0,,,0.551409,-1.1332140800000001,"6,936.99",338.12,5.12,2026-05-05 14:19:40
393,갤럭시 부품주,1.69,089010,켐트로닉스 *,테마 편입 사유,38050.0,상승  650,1.74,38050.0,38100.0,724836.0,27282.0,522402.0,,,0.551409,-1.1332140800000001,"6,936.99",338.12,5.12,2026-05-05 14:19:40
393,갤럭시 부품주,1.69,004710,한솔테크닉스,테마 편입 사유,8260.0,상승  130,1.6,8260.0,8270.0,1089485.0,9051.0,916182.0,,,0.551409,-1.1332140800000001,"6,936.99",338.12,5.12,2026-05-05 14:19:40
393,갤럭시 부품주,1.69,025320,시노펙스 *,테마 편입 사유,6030.0,상승  90,1.52,6030.0,6040.0,555549.0,3361.0,617983.0,,,0.551409,-1.1332140800000001,"6,936.99",338.12,5.12,2026-05-05 14:19:40
393,갤럭시 부품주,1.69,190510,나무가 *,테마 편입 사유,19380.0,상승  270,1.41,19380.0,19400.0,53051.0,1029.0,93133.0,,,0.551409,-1.1332140800000001,"6,936.99",338.12,5.12,2026-05-05 14:19:40
393,갤럭시 부품주,1.69,050110,캠시스 *,테마 편입 사유,1919.0,상승  25,1.32,1918.0,1919.0,562778.0,1077.0,839665.0,,,0.551409,-1.1332140800000001,"6,936.99",338.12,5.12,2026-05-05 14:19:40
393,갤럭시 부품주,1.69,192650,드림텍,테마 편입 사유,6790.0,상승  80,1.19,6780.0,6790.0,292109.0,1980.0,243865.0,,,0.551409,-1.1332140800000001,"6,936.99",338.12,5.12,2026-05-05 14:19:40
393,갤럭시 부품주,1.69,187270,신화콘텍 *,테마 편입 사유,3930.0,상승  30,0.77,3900.0,3930.0,47736.0,190.0,46383.0,,,0.551409,-1.1332140800000001,"6,936.99",338.12,5.12,2026-05-05 14:19:40
393,갤럭시 부품주,1.69,049070,인탑스 *,테마 편입 사유,18750.0,상승  130,0.7,18720.0,18750.0,48438.0,917.0,84058.0,,,0.551409,-1.1332140800000001,"6,936.99",338.12,5.12,2026-05-05 14:19:40
393,갤럭시 부품주,1.69,148150,세경하이테크 *,테마 편입 사유,4820.0,상승  30,0.63,4815.0,4820.0,124110.0,604.0,117698.0,,,0.551409,-1.1332140800000001,"6,936.99",338.12,5.12,2026-05-05 14:19:40
393,갤럭시 부품주,1.69,060720,KH바텍 *,테마 편입 사유,14080.0,상승  50,0.36,14080.0,14100.0,305498.0,4349.0,338476.0,,,0.551409,-1.1332140800000001,"6,936.99",338.12,5.12,2026-05-05 14:19:40
393,갤럭시 부품주,1.69,061040,알에프텍 *,테마 편입 사유,1937.0,보합0,0.0,0.0,0.0,0.0,0.0,890084.0,,,0.551409,-1.1332140800000001,"6,936.99",338.12,5.12,2026-05-05 14:19:40
393,갤럭시 부품주,1.69,053450,세코닉스 *,테마 편입 사유,5620.0,보합0,0.0,5620.0,5660.0,247664.0,1400.0,1044516.0,,,0.551409,-1.1332140800000001,"6,936.99",338.12,5.12,2026-05-05 14:19:40
393,갤럭시 부품주,1.69,096630,에스코넥 *,테마 편입 사유,813.0,보합0,0.0,0.0,0.0,0.0,0.0,0.0,,,0.551409,-1.1332140800000001,"6,936.99",338.12,5.12,2026-05-05 14:19:40
393,갤럭시 부품주,1.69,376290,씨유테크 *,테마 편입 사유,2900.0,보합0,0.0,2895.0,2900.0,16845.0,49.0,11802.0,,,0.551409,-1.1332140800000001,"6,936.99",338.12,5.12,2026-05-05 14:19:40
393,갤럭시 부품주,1.69,179900,유티아이 *,테마 편입 사유,20400.0,하락  50,-0.24,20400.0,20500.0,66220.0,1363.0,103186.0,,,0.551409,-1.1332140800000001,"6,936.99",338.12,5.12,2026-05-05 14:19:40
393,갤럭시 부품주,1.69,101330,모베이스 *,테마 편입 사유,4730.0,하락  15,-0.32,4730.0,4735.0,149778.0,711.0,204706.0,,,0.551409,-1.1332140800000001,"6,936.99",338.12,5.12,2026-05-05 14:19:40
393,갤럭시 부품주,1.69,484120,도우인시스 *,테마 편입 사유,23100.0,하락  100,-0.43,23050.0,23100.0,22386.0,519.0,68862.0,,,0.551409,-1.1332140800000001,"6,936.99",338.12,5.12,2026-05-05 14:19:40
393,갤럭시 부품주,1.69,049080,기가레인 *,테마 편입 사유,2055.0,하락  15,-0.72,2050.0,2055.0,7399162.0,15410.0,6223417.0,,,0.551409,-1.1332140800000001,"6,936.99",338.12,5.12,2026-05-05 14:19:40
393,갤럭시 부품주,1.69,294140,레몬 *,테마 편입 사유,3375.0,하락  30,-0.88,3375.0,3405.0,177058.0,620.0,93166.0,,,0.551409,-1.1332140800000001,"6,936.99",338.12,5.12,2026-05-05 14:19:40
393,갤럭시 부품주,1.69,204270,제이앤티씨 *,테마 편입 사유,19100.0,하락  240,-1.24,19090.0,19100.0,180744.0,3496.0,176149.0,,,0.551409,-1.1332140800000001,"6,936.99",338.12,5.12,2026-05-05 14:19:40
393,갤럭시 부품주,1.69,051370,인터플렉스 *,테마 편입 사유,13260.0,하락  180,-1.34,13260.0,13270.0,271027.0,3595.0,211755.0,,,0.551409,-1.1332140800000001,"6,936.99",338.12,5.12,2026-05-05 14:19:40
393,갤럭시 부품주,1.69,007810,코리아써키트,테마 편입 사유,91400.0,"하락  1,300",-1.4,91400.0,91500.0,298259.0,27529.0,193793.0,,,0.551409,-1.1332140800000001,"6,936.99",338.12,5.12,2026-05-05 14:19:40
393,갤럭시 부품주,1.69,085670,뉴프렉스 *,테마 편입 사유,6500.0,하락  100,-1.52,6490.0,6500.0,337512.0,2208.0,302068.0,,,0.551409,-1.1332140800000001,"6,936.99",338.12,5.12,2026-05-05 14:19:40
393,갤럭시 부품주,1.69,033240,자화전자,테마 편입 사유,47700.0,하락  950,-1.95,47700.0,47750.0,264672.0,12746.0,183639.0,,,0.551409,-1.1332140800000001,"6,936.99",338.12,5.12,2026-05-05 14:19:40
393,갤럭시 부품주,1.69,082210,옵트론텍 *,테마 편입 사유,1810.0,하락  50,-2.69,1810.0,1811.0,255560.0,472.0,108824.0,,,0.551409,-1.1332140800000001,"6,936.99",338.12,5.12,2026-05-05 14:19:40
393,갤럭시 부품주,1.69,238090,앤디포스 *,테마 편입 사유,3130.0,하락  180,-5.44,3125.0,3130.0,138543.0,440.0,95779.0,,,0.551409,-1.1332140800000001,"6,936.99",338.12,5.12,2026-05-05 14:19:40
393,갤럭시 부품주,1.69,125210,아모그린텍 *,테마 편입 사유,14930.0,하락  930,-5.86,14930.0,14940.0,655616.0,10239.0,510893.0,,,0.551409,-1.1332140800000001,"6,936.99",338.12,5.12,2026-05-05 14:19:40
393,갤럭시 부품주,1.69,091700,파트론 *,테마 편입 사유,7750.0,하락  530,-6.4,7750.0,7760.0,1102841.0,8771.0,261047.0,,,0.551409,-1.1332140800000001,"6,936.99",338.12,5.12,2026-05-05 14:19:40
393,갤럭시 부품주,1.69,090460,비에이치,테마 편입 사유,31950.0,"하락  2,550",-7.39,31900.0,31950.0,1582556.0,51318.0,608613.0,,,0.551409,-1.1332140800000001,"6,936.99",338.12,5.12,2026-05-05 14:19:40
121,남북경협,0.66,047770,코데즈컴바인 *,테마 편입 사유,5280.0,상승  685,14.91,5280.0,5290.0,4149854.0,21819.0,595503.0,,,0.350191,-1.13297792,"6,936.99",338.12,5.12,2026-05-05 14:19:40
121,남북경협,0.66,025980,아난티 *,테마 편입 사유,7640.0,상승  580,8.22,7640.0,7650.0,2979786.0,22609.0,817161.0,,,0.350191,-1.13297792,"6,936.99",338.12,5.12,2026-05-05 14:19:40
121,남북경협,0.66,033340,좋은사람들 *,테마 편입 사유,1740.0,상승  113,6.95,1739.0,1740.0,2747208.0,4786.0,753984.0,,,0.350191,-1.13297792,"6,936.99",338.12,5.12,2026-05-05 14:19:40
121,남북경협,0.66,026040,제이에스티나 *,테마 편입 사유,3095.0,상승  195,6.72,3080.0,3095.0,232960.0,721.0,102793.0,,,0.350191,-1.13297792,"6,936.99",338.12,5.12,2026-05-05 14:19:40
121,남북경협,0.66,007110,일신석재,테마 편입 사유,1716.0,상승  78,4.76,1712.0,1716.0,1576676.0,2728.0,423821.0,,,0.350191,-1.13297792,"6,936.99",338.12,5.12,2026-05-05 14:19:40
121,남북경협,0.66,014990,인디에프,테마 편입 사유,793.0,상승  34,4.48,790.0,793.0,264260.0,210.0,96938.0,,,0.350191,-1.13297792,"6,936.99",338.12,5.12,2026-05-05 14:19:40
121,남북경협,0.66,009270,신원,테마 편입 사유,1418.0,상승  34,2.46,1418.0,1419.0,1852719.0,2674.0,553864.0,,,0.350191,-1.13297792,"6,936.99",338.12,5.12,2026-05-05 14:19:40
121,남북경협,0.66,015760,한국전력,테마 편입 사유,44500.0,상승  950,2.18,44450.0,44500.0,2352086.0,105271.0,2525970.0,,,0.350191,-1.13297792,"6,936.99",338.12,5.12,2026-05-05 14:19:40
121,남북경협,0.66,023800,인지컨트롤스,테마 편입 사유,8390.0,상승  140,1.7,8380.0,8390.0,132955.0,1106.0,121289.0,,,0.350191,-1.13297792,"6,936.99",338.12,5.12,2026-05-05 14:19:40
121,남북경협,0.66,017800,현대엘리베이터,테마 편입 사유,100100.0,"상승  1,400",1.42,100000.0,100100.0,231653.0,23222.0,145581.0,,,0.350191,-1.13297792,"6,936.99",338.12,5.12,2026-05-05 14:19:40
121,남북경협,0.66,002100,경농,테마 편입 사유,10600.0,상승  120,1.15,10600.0,10610.0,327560.0,3454.0,652279.0,,,0.350191,-1.13297792,"6,936.99",338.12,5.12,2026-05-05 14:19:40
121,남북경협,0.66,119850,지엔씨에너지 *,테마 편입 사유,37050.0,상승  400,1.09,37050.0,37100.0,373830.0,13817.0,424310.0,,,0.350191,-1.13297792,"6,936.99",338.12,5.12,2026-05-05 14:19:40
121,남북경협,0.66,093240,형지엘리트,테마 편입 사유,955.0,상승  5,0.53,952.0,955.0,784932.0,754.0,785096.0,,,0.350191,-1.13297792,"6,936.99",338.12,5.12,2026-05-05 14:19:40
121,남북경협,0.66,006280,녹십자,테마 편입 사유,137500.0,상승  400,0.29,137400.0,137500.0,26719.0,3675.0,41178.0,,,0.350191,-1.13297792,"6,936.99",338.12,5.12,2026-05-05 14:19:40
121,남북경협,0.66,030960,양지사 *,테마 편입 사유,6800.0,보합0,0.0,6800.0,6820.0,23633.0,162.0,45737.0,,,0.350191,-1.13297792,"6,936.99",338.12,5.12,2026-05-05 14:19:40
121,남북경협,0.66,100700,세운메디칼 *,테마 편입 사유,2835.0,하락  5,-0.18,2835.0,2840.0,412791.0,1167.0,241190.0,,,0.350191,-1.13297792,"6,936.99",338.12,5.12,2026-05-05 14:19:40
121,남북경협,0.66,013810,스페코 *,테마 편입 사유,2910.0,하락  25,-0.85,2910.0,2915.0,177878.0,515.0,116799.0,,,0.350191,-1.13297792,"6,936.99",338.12,5.12,2026-05-05 14:19:40
121,남북경협,0.66,001260,남광토건,테마 편입 사유,9780.0,하락  100,-1.01,9780.0,9830.0,37152.0,365.0,18397.0,,,0.350191,-1.13297792,"6,936.99",338.12,5.12,2026-05-05 14:19:40
121,남북경협,0.66,037440,희림 *,테마 편입 사유,5890.0,하락  60,-1.01,5880.0,5890.0,354735.0,2083.0,447926.0,,,0.350191,-1.13297792,"6,936.99",338.12,5.12,2026-05-05 14:19:40
121,남북경협,0.66,025860,남해화학,테마 편입 사유,11610.0,하락  130,-1.11,11600.0,11610.0,16358170.0,196405.0,45867078.0,,,0.350191,-1.13297792,"6,936.99",338.12,5.12,2026-05-05 14:19:40
121,남북경협,0.66,000720,현대건설,테마 편입 사유,159400.0,"하락  2,400",-1.48,159400.0,159500.0,1088761.0,172806.0,1239416.0,,,0.350191,-1.13297792,"6,936.99",338.12,5.12,2026-05-05 14:19:40
121,남북경협,0.66,001550,조비,테마 편입 사유,15650.0,하락  280,-1.76,15650.0,15680.0,367453.0,5811.0,3252839.0,,,0.350191,-1.13297792,"6,936.99",338.12,5.12,2026-05-05 14:19:40
121,남북경협,0.66,033240,자화전자,테마 편입 사유,47700.0,하락  950,-1.95,47700.0,47750.0,264672.0,12746.0,183639.0,,,0.350191,-1.13297792,"6,936.99",338.12,5.12,2026-05-05 14:19:40
121,남북경협,0.66,091590,남화토건 *,테마 편입 사유,4260.0,하락  110,-2.52,4255.0,4260.0,29182.0,127.0,21571.0,,,0.350191,-1.13297792,"6,936.99",338.12,5.12,2026-05-05 14:19:40
121,남북경협,0.66,002150,도화엔지니어링,테마 편입 사유,6940.0,하락  180,-2.53,6940.0,6950.0,191730.0,1345.0,157437.0,,,0.350191,-1.13297792,"6,936.99",338.12,5.12,2026-05-05 14:19:40
121,남북경협,0.66,058730,다스코,테마 편입 사유,3750.0,하락  105,-2.72,3745.0,3750.0,154874.0,586.0,236764.0,,,0.350191,-1.13297792,"6,936.99",338.12,5.12,2026-05-05 14:19:40
121,남북경협,0.66,004090,한국석유,테마 편입 사유,15500.0,하락  540,-3.37,15500.0,15530.0,402555.0,6276.0,1288299.0,,,0.350191,-1.13297792,"6,936.99",338.12,5.12,2026-05-05 14:19:40
121,남북경협,0.66,004000,롯데정밀화학,테마 편입 사유,66600.0,"하락  2,800",-4.03,66600.0,66700.0,160801.0,10818.0,155838.0,,,0.350191,-1.13297792,"6,936.99",338.12,5.12,2026-05-05 14:19:40
121,남북경협,0.66,049630,재영솔루텍 *,테마 편입 사유,14850.0,"하락  2,250",-13.16,14850.0,14860.0,1697493.0,25958.0,2464654.0,,,0.350191,-1.13297792,"6,936.99",338.12,5.12,2026-05-05 14:19:40
400,조림사업,-0.13,034730,SK,테마 편입 사유,475500.0,"상승  50,500",11.88,475000.0,475500.0,325374.0,149558.0,231138.0,,,0.186854,-1.08669248,"6,936.99",338.12,5.12,2026-05-05 14:19:40
400,조림사업,-0.13,097870,효성오앤비 *,테마 편입 사유,6780.0,상승  30,0.44,6770.0,6780.0,366589.0,2499.0,2499306.0,,,0.186854,-1.08669248,"6,936.99",338.12,5.12,2026-05-05 14:19:40
400,조림사업,-0.13,002820,SUN&L,테마 편입 사유,2380.0,상승  10,0.42,2380.0,2385.0,32577.0,76.0,23414.0,,,0.186854,-1.08669248,"6,936.99",338.12,5.12,2026-05-05 14:19:40
400,조림사업,-0.13,043910,자연과환경 *,테마 편입 사유,493.0,보합0,0.0,0.0,0.0,0.0,0.0,0.0,,,0.186854,-1.08669248,"6,936.99",338.12,5.12,2026-05-05 14:19:40
400,조림사업,-0.13,000180,성창기업지주,테마 편입 사유,7150.0,하락  50,-0.69,7150.0,7170.0,46429.0,332.0,26051.0,,,0.186854,-1.08669248,"6,936.99",338.12,5.12,2026-05-05 14:19:40
400,조림사업,-0.13,009580,무림P&P,테마 편입 사유,2995.0,하락  35,-1.16,2995.0,3000.0,590516.0,1787.0,801933.0,,,0.186854,-1.08669248,"6,936.99",338.12,5.12,2026-05-05 14:19:40
400,조림사업,-0.13,039020,이건홀딩스 *,테마 편입 사유,3420.0,하락  55,-1.58,3420.0,3440.0,76671.0,266.0,98429.0,,,0.186854,-1.08669248,"6,936.99",338.12,5.12,2026-05-05 14:19:40
400,조림사업,-0.13,008250,이건산업,테마 편입 사유,3995.0,하락  70,-1.72,3995.0,4000.0,31170.0,125.0,15710.0,,,0.186854,-1.08669248,"6,936.99",338.12,5.12,2026-05-05 14:19:40
400,조림사업,-0.13,025950,동신건설 *,테마 편입 사유,16120.0,하락  380,-2.3,16120.0,16130.0,44174.0,719.0,34288.0,,,0.186854,-1.08669248,"6,936.99",338.12,5.12,2026-05-05 14:19:40
400,조림사업,-0.13,025750,한솔홈데코,테마 편입 사유,2680.0,하락  65,-2.37,2675.0,2680.0,176396.0,471.0,310858.0,,,0.186854,-1.08669248,"6,936.99",338.12,5.12,2026-05-05 14:19:40
400,조림사업,-0.13,137950,제이씨케미칼 *,테마 편입 사유,4550.0,하락  205,-4.31,4550.0,4560.0,888.0,4.0,1405432.0,,,0.186854,-1.08669248,"6,936.99",338.12,5.12,2026-05-05 14:19:40
422,日 수출 규제(국산화 등),2.22,178920,PI첨단소재,테마 편입 사유,30500.0,"상승  4,750",18.45,30450.0,30500.0,1324425.0,40205.0,326562.0,,,0.643653,-1.07550336,"6,936.99",338.12,5.12,2026-05-05 14:19:40
422,日 수출 규제(국산화 등),2.22,012610,경인양행,테마 편입 사유,5630.0,상승  540,10.61,5630.0,5640.0,4300345.0,24595.0,903678.0,,,0.643653,-1.07550336,"6,936.99",338.12,5.12,2026-05-05 14:19:40
422,日 수출 규제(국산화 등),2.22,093370,후성,테마 편입 사유,14130.0,상승  890,6.72,14130.0,14140.0,6595998.0,94281.0,1860442.0,,,0.643653,-1.07550336,"6,936.99",338.12,5.12,2026-05-05 14:19:40
422,日 수출 규제(국산화 등),2.22,272290,이녹스첨단소재 *,테마 편입 사유,36300.0,"상승  2,000",5.83,36300.0,36350.0,458518.0,16463.0,187764.0,,,0.643653,-1.07550336,"6,936.99",338.12,5.12,2026-05-05 14:19:40
422,日 수출 규제(국산화 등),2.22,046970,우리로 *,테마 편입 사유,8740.0,상승  390,4.67,8730.0,8740.0,4432243.0,38750.0,2843083.0,,,0.643653,-1.07550336,"6,936.99",338.12,5.12,2026-05-05 14:19:40
422,日 수출 규제(국산화 등),2.22,005290,동진쎄미켐 *,테마 편입 사유,58900.0,"상승  2,300",4.06,58800.0,58900.0,516855.0,30306.0,493880.0,,,0.643653,-1.07550336,"6,936.99",338.12,5.12,2026-05-05 14:19:40
422,日 수출 규제(국산화 등),2.22,013310,아진산업 *,테마 편입 사유,3845.0,상승  115,3.08,3840.0,3845.0,1259768.0,4843.0,1069785.0,,,0.643653,-1.07550336,"6,936.99",338.12,5.12,2026-05-05 14:19:40
422,日 수출 규제(국산화 등),2.22,482630,삼양엔씨켐 *,테마 편입 사유,19720.0,상승  400,2.07,19720.0,19730.0,177538.0,3472.0,211581.0,,,0.643653,-1.07550336,"6,936.99",338.12,5.12,2026-05-05 14:19:40
422,日 수출 규제(국산화 등),2.22,220260,켐트로스 *,테마 편입 사유,6070.0,상승  90,1.51,6070.0,6080.0,424954.0,2617.0,262994.0,,,0.643653,-1.07550336,"6,936.99",338.12,5.12,2026-05-05 14:19:40
422,日 수출 규제(국산화 등),2.22,008730,율촌화학,테마 편입 사유,26000.0,상승  250,0.97,25950.0,26000.0,75775.0,1992.0,93014.0,,,0.643653,-1.07550336,"6,936.99",338.12,5.12,2026-05-05 14:19:40
422,日 수출 규제(국산화 등),2.22,171010,램테크놀러지 *,테마 편입 사유,3735.0,상승  5,0.13,3735.0,3760.0,88422.0,334.0,77562.0,,,0.643653,-1.07550336,"6,936.99",338.12,5.12,2026-05-05 14:19:40
422,日 수출 규제(국산화 등),2.22,357780,솔브레인 *,테마 편입 사유,458500.0,상승  500,0.11,458500.0,459000.0,44302.0,20262.0,32300.0,,,0.643653,-1.07550336,"6,936.99",338.12,5.12,2026-05-05 14:19:40
422,日 수출 규제(국산화 등),2.22,019540,일지테크 *,테마 편입 사유,7210.0,보합0,0.0,7180.0,7210.0,147807.0,1062.0,95527.0,,,0.643653,-1.07550336,"6,936.99",338.12,5.12,2026-05-05 14:19:40
422,日 수출 규제(국산화 등),2.22,004430,송원산업,테마 편입 사유,15750.0,하락  100,-0.63,15750.0,15760.0,329754.0,5167.0,3070005.0,,,0.643653,-1.07550336,"6,936.99",338.12,5.12,2026-05-05 14:19:40
422,日 수출 규제(국산화 등),2.22,101490,에스앤에스텍 *,테마 편입 사유,100000.0,하락  700,-0.7,99900.0,100000.0,275725.0,27477.0,192436.0,,,0.643653,-1.07550336,"6,936.99",338.12,5.12,2026-05-05 14:19:40
422,日 수출 규제(국산화 등),2.22,014970,삼륭물산 *,테마 편입 사유,7190.0,하락  70,-0.96,7190.0,7210.0,72093.0,521.0,181979.0,,,0.643653,-1.07550336,"6,936.99",338.12,5.12,2026-05-05 14:19:40
422,日 수출 규제(국산화 등),2.22,009830,한화솔루션,테마 편입 사유,49900.0,하락  800,-1.58,49900.0,49950.0,3652895.0,182972.0,11898592.0,,,0.643653,-1.07550336,"6,936.99",338.12,5.12,2026-05-05 14:19:40
422,日 수출 규제(국산화 등),2.22,079810,APS이노베이션 *,테마 편입 사유,6530.0,하락  140,-2.1,6530.0,6540.0,477731.0,3166.0,561759.0,,,0.643653,-1.07550336,"6,936.99",338.12,5.12,2026-05-05 14:19:40
422,日 수출 규제(국산화 등),2.22,371950,풍원정밀 *,테마 편입 사유,10290.0,하락  350,-3.29,10280.0,10290.0,94569.0,984.0,54071.0,,,0.643653,-1.07550336,"6,936.99",338.12,5.12,2026-05-05 14:19:40
422,日 수출 규제(국산화 등),2.22,042040,케이피엠테크 *,테마 편입 사유,1170.0,하락  57,-4.65,1162.0,1170.0,504620.0,573.0,849918.0,,,0.643653,-1.07550336,"6,936.99",338.12,5.12,2026-05-05 14:19:40
343,인터넷은행,1.02,071050,한국금융지주,테마 편입 사유,262000.0,"상승  22,000",9.17,261500.0,262000.0,446872.0,115507.0,310069.0,,,0.408249,-1.0702348799999997,"6,936.99",338.12,5.12,2026-05-05 14:19:40
343,인터넷은행,1.02,005940,NH투자증권,테마 편입 사유,36450.0,"상승  2,800",8.32,36400.0,36450.0,2397495.0,85856.0,621876.0,,,0.408249,-1.0702348799999997,"6,936.99",338.12,5.12,2026-05-05 14:19:40
343,인터넷은행,1.02,203650,드림시큐리티 *,테마 편입 사유,2890.0,상승  150,5.47,2885.0,2890.0,12979442.0,37925.0,9438875.0,,,0.408249,-1.0702348799999997,"6,936.99",338.12,5.12,2026-05-05 14:19:40
343,인터넷은행,1.02,042510,라온시큐어 *,테마 편입 사유,13120.0,상승  560,4.46,13120.0,13130.0,946193.0,12546.0,433439.0,,,0.408249,-1.0702348799999997,"6,936.99",338.12,5.12,2026-05-05 14:19:40
343,인터넷은행,1.02,090850,현대이지웰 *,테마 편입 사유,6420.0,상승  200,3.22,6410.0,6420.0,106384.0,679.0,36661.0,,,0.408249,-1.0702348799999997,"6,936.99",338.12,5.12,2026-05-05 14:19:40
343,인터넷은행,1.02,088350,한화생명,테마 편입 사유,5040.0,상승  155,3.17,5030.0,5040.0,5222802.0,26204.0,4520329.0,,,0.408249,-1.0702348799999997,"6,936.99",338.12,5.12,2026-05-05 14:19:40
343,인터넷은행,1.02,115310,인포바인 *,테마 편입 사유,12830.0,상승  340,2.72,12820.0,12830.0,19745.0,256.0,28342.0,,,0.408249,-1.0702348799999997,"6,936.99",338.12,5.12,2026-05-05 14:19:40
343,인터넷은행,1.02,052400,코나아이 *,테마 편입 사유,55700.0,"상승  1,300",2.39,55700.0,55800.0,69263.0,3911.0,101818.0,,,0.408249,-1.0702348799999997,"6,936.99",338.12,5.12,2026-05-05 14:19:40
343,인터넷은행,1.02,131090,시큐브 *,테마 편입 사유,4285.0,상승  85,2.02,4270.0,4285.0,85392.0,363.0,29293.0,,,0.408249,-1.0702348799999997,"6,936.99",338.12,5.12,2026-05-05 14:19:40
343,인터넷은행,1.02,054920,한컴위드 *,테마 편입 사유,6980.0,상승  120,1.75,6970.0,6980.0,1266378.0,8973.0,1573135.0,,,0.408249,-1.0702348799999997,"6,936.99",338.12,5.12,2026-05-05 14:19:40
343,인터넷은행,1.02,022100,포스코DX,테마 편입 사유,35350.0,상승  450,1.29,35350.0,35400.0,402349.0,14336.0,582825.0,,,0.408249,-1.0702348799999997,"6,936.99",338.12,5.12,2026-05-05 14:19:40
343,인터넷은행,1.02,279570,케이뱅크,테마 편입 사유,6290.0,상승  70,1.13,6290.0,6300.0,2700206.0,17156.0,1485617.0,,,0.408249,-1.0702348799999997,"6,936.99",338.12,5.12,2026-05-05 14:19:40
343,인터넷은행,1.02,053300,한국정보인증 *,테마 편입 사유,6500.0,상승  70,1.09,6500.0,6510.0,281943.0,1850.0,212539.0,,,0.408249,-1.0702348799999997,"6,936.99",338.12,5.12,2026-05-05 14:19:40
343,인터넷은행,1.02,205100,엑셈 *,테마 편입 사유,1975.0,상승  18,0.92,1971.0,1975.0,12225.0,24.0,2648269.0,,,0.408249,-1.0702348799999997,"6,936.99",338.12,5.12,2026-05-05 14:19:40
343,인터넷은행,1.02,041460,한국전자인증 *,테마 편입 사유,4195.0,상승  20,0.48,4195.0,4200.0,82857.0,348.0,113465.0,,,0.408249,-1.0702348799999997,"6,936.99",338.12,5.12,2026-05-05 14:19:40
343,인터넷은행,1.02,035600,KG이니시스 *,테마 편입 사유,11480.0,상승  30,0.26,11480.0,11490.0,85165.0,979.0,82487.0,,,0.408249,-1.0702348799999997,"6,936.99",338.12,5.12,2026-05-05 14:19:40
343,인터넷은행,1.02,323410,카카오뱅크,테마 편입 사유,24400.0,상승  50,0.21,24400.0,24450.0,973696.0,23893.0,767789.0,,,0.408249,-1.0702348799999997,"6,936.99",338.12,5.12,2026-05-05 14:19:40
343,인터넷은행,1.02,046440,KG파이낸셜 *,테마 편입 사유,5230.0,보합0,0.0,5220.0,5230.0,117460.0,619.0,88197.0,,,0.408249,-1.0702348799999997,"6,936.99",338.12,5.12,2026-05-05 14:19:40
343,인터넷은행,1.02,100030,인지소프트 *,테마 편입 사유,18890.0,하락  30,-0.16,18810.0,18890.0,7253.0,137.0,3978.0,,,0.408249,-1.0702348799999997,"6,936.99",338.12,5.12,2026-05-05 14:19:40
343,인터넷은행,1.02,035720,카카오,테마 편입 사유,47100.0,하락  200,-0.42,47050.0,47100.0,1520475.0,71746.0,1484406.0,,,0.408249,-1.0702348799999997,"6,936.99",338.12,5.12,2026-05-05 14:19:40
343,인터넷은행,1.02,030200,KT,테마 편입 사유,60600.0,하락  300,-0.49,60500.0,60600.0,264542.0,16006.0,386946.0,,,0.408249,-1.0702348799999997,"6,936.99",338.12,5.12,2026-05-05 14:19:40
343,인터넷은행,1.02,053350,이니텍 *,테마 편입 사유,2990.0,하락  25,-0.83,2980.0,2990.0,104488.0,313.0,70324.0,,,0.408249,-1.0702348799999997,"6,936.99",338.12,5.12,2026-05-05 14:19:40
343,인터넷은행,1.02,016450,한세예스24홀딩스,테마 편입 사유,4500.0,하락  40,-0.88,4495.0,4500.0,117806.0,526.0,101084.0,,,0.408249,-1.0702348799999997,"6,936.99",338.12,5.12,2026-05-05 14:19:40
343,인터넷은행,1.02,064480,브리지텍 *,테마 편입 사유,4290.0,하락  50,-1.15,4290.0,4310.0,106405.0,459.0,37574.0,,,0.408249,-1.0702348799999997,"6,936.99",338.12,5.12,2026-05-05 14:19:40
343,인터넷은행,1.02,053280,예스24 *,테마 편입 사유,3445.0,하락  50,-1.43,3440.0,3445.0,79509.0,275.0,14356.0,,,0.408249,-1.0702348799999997,"6,936.99",338.12,5.12,2026-05-05 14:19:40
343,인터넷은행,1.02,039290,인포뱅크 *,테마 편입 사유,4775.0,하락  75,-1.55,4765.0,4775.0,19169.0,92.0,17870.0,,,0.408249,-1.0702348799999997,"6,936.99",338.12,5.12,2026-05-05 14:19:40
343,인터넷은행,1.02,105560,KB금융,테마 편입 사유,157800.0,"하락  2,700",-1.68,157800.0,157900.0,1219686.0,193562.0,1640619.0,,,0.408249,-1.0702348799999997,"6,936.99",338.12,5.12,2026-05-05 14:19:40
343,인터넷은행,1.02,030190,NICE평가정보,테마 편입 사유,15030.0,하락  270,-1.76,15030.0,15070.0,105479.0,1608.0,84282.0,,,0.408249,-1.0702348799999997,"6,936.99",338.12,5.12,2026-05-05 14:19:40
343,인터넷은행,1.02,007070,GS리테일,테마 편입 사유,23050.0,하락  450,-1.91,23000.0,23050.0,133287.0,3071.0,116427.0,,,0.408249,-1.0702348799999997,"6,936.99",338.12,5.12,2026-05-05 14:19:40
343,인터넷은행,1.02,067920,이글루 *,테마 편입 사유,7050.0,하락  140,-1.95,7040.0,7050.0,81222.0,576.0,54235.0,,,0.408249,-1.0702348799999997,"6,936.99",338.12,5.12,2026-05-05 14:19:40
343,인터넷은행,1.02,131370,알서포트 *,테마 편입 사유,2550.0,하락  60,-2.3,2550.0,2555.0,185803.0,478.0,338857.0,,,0.408249,-1.0702348799999997,"6,936.99",338.12,5.12,2026-05-05 14:19:40
63,제지,-0.61,002200,한국수출포장,테마 편입 사유,2805.0,상승  10,0.36,2800.0,2805.0,384187.0,1063.0,181920.0,,,0.083505,-1.0375456,"6,936.99",338.12,5.12,2026-05-05 14:19:40
63,제지,-0.61,001020,페이퍼코리아,테마 편입 사유,674.0,보합0,0.0,0.0,0.0,0.0,0.0,0.0,,,0.083505,-1.0375456,"6,936.99",338.12,5.12,2026-05-05 14:19:40
63,제지,-0.61,009460,한창제지,테마 편입 사유,544.0,보합0,0.0,0.0,0.0,0.0,0.0,0.0,,,0.083505,-1.0375456,"6,936.99",338.12,5.12,2026-05-05 14:19:40
63,제지,-0.61,078130,국일제지 *,테마 편입 사유,436.0,보합0,0.0,0.0,0.0,0.0,0.0,0.0,,,0.083505,-1.0375456,"6,936.99",338.12,5.12,2026-05-05 14:19:40
63,제지,-0.61,034810,해성산업 *,테마 편입 사유,8040.0,하락  10,-0.12,8040.0,8050.0,47996.0,386.0,69298.0,,,0.083505,-1.0375456,"6,936.99",338.12,5.12,2026-05-05 14:19:40
63,제지,-0.61,027970,한국제지,테마 편입 사유,763.0,하락  1,-0.13,762.0,763.0,154259.0,117.0,69082.0,,,0.083505,-1.0375456,"6,936.99",338.12,5.12,2026-05-05 14:19:40
63,제지,-0.61,004540,깨끗한나라,테마 편입 사유,1999.0,하락  6,-0.3,1999.0,2000.0,159231.0,316.0,90232.0,,,0.083505,-1.0375456,"6,936.99",338.12,5.12,2026-05-05 14:19:40
63,제지,-0.61,009770,삼정펄프,테마 편입 사유,31000.0,하락  100,-0.32,31000.0,31150.0,1325.0,41.0,943.0,,,0.083505,-1.0375456,"6,936.99",338.12,5.12,2026-05-05 14:19:40
63,제지,-0.61,009200,무림페이퍼,테마 편입 사유,2030.0,하락  15,-0.73,2025.0,2030.0,354812.0,727.0,219787.0,,,0.083505,-1.0375456,"6,936.99",338.12,5.12,2026-05-05 14:19:40
63,제지,-0.61,001810,무림SP *,테마 편입 사유,1686.0,하락  13,-0.77,1686.0,1699.0,115923.0,196.0,90927.0,,,0.083505,-1.0375456,"6,936.99",338.12,5.12,2026-05-05 14:19:40
63,제지,-0.61,002870,신풍,테마 편입 사유,1115.0,하락  13,-1.15,1113.0,1115.0,98087.0,109.0,166942.0,,,0.083505,-1.0375456,"6,936.99",338.12,5.12,2026-05-05 14:19:40
63,제지,-0.61,009580,무림P&P,테마 편입 사유,2995.0,하락  35,-1.16,2995.0,3000.0,590516.0,1787.0,801933.0,,,0.083505,-1.0375456,"6,936.99",338.12,5.12,2026-05-05 14:19:40
63,제지,-0.61,002310,아세아제지,테마 편입 사유,8920.0,하락  120,-1.33,8920.0,8930.0,171791.0,1531.0,340065.0,,,0.083505,-1.0375456,"6,936.99",338.12,5.12,2026-05-05 14:19:40
63,제지,-0.61,213500,한솔제지,테마 편입 사유,8280.0,하락  250,-2.93,8280.0,8290.0,238232.0,1987.0,159345.0,,,0.083505,-1.0375456,"6,936.99",338.12,5.12,2026-05-05 14:19:40
173,IT 대표주,3.64,000660,SK하이닉스,테마 편입 사유,1447000.0,"상승  161,000",12.52,1447000.0,1448000.0,5652112.0,7920679.0,3342342.0,,,0.903146,-0.9841075199999998,"6,936.99",338.12,5.12,2026-05-05 14:19:40
173,IT 대표주,3.64,005930,삼성전자,테마 편입 사유,232500.0,"상승  12,000",5.44,232000.0,232500.0,31909907.0,7302350.0,22161975.0,,,0.903146,-0.9841075199999998,"6,936.99",338.12,5.12,2026-05-05 14:19:40
173,IT 대표주,3.64,066570,LG전자,테마 편입 사유,143200.0,"상승  2,300",1.63,143100.0,143200.0,1517270.0,216486.0,4601367.0,,,0.903146,-0.9841075199999998,"6,936.99",338.12,5.12,2026-05-05 14:19:40
173,IT 대표주,3.64,006400,삼성SDI,테마 편입 사유,705000.0,"상승  10,000",1.44,705000.0,706000.0,663957.0,466135.0,853824.0,,,0.903146,-0.9841075199999998,"6,936.99",338.12,5.12,2026-05-05 14:19:40
173,IT 대표주,3.64,018260,삼성에스디에스,테마 편입 사유,166900.0,상승  700,0.42,166900.0,167000.0,179036.0,29974.0,259977.0,,,0.903146,-0.9841075199999998,"6,936.99",338.12,5.12,2026-05-05 14:19:40
173,IT 대표주,3.64,034220,LG디스플레이,테마 편입 사유,12310.0,상승  50,0.41,12300.0,12310.0,4285497.0,52886.0,4896004.0,,,0.903146,-0.9841075199999998,"6,936.99",338.12,5.12,2026-05-05 14:19:40
27,자동차부품,0.79,024840,KBI메탈 *,테마 편입 사유,6630.0,"상한가  1,530",30.0,6630.0,0.0,6391133.0,39629.0,39234418.0,,,0.344112,-0.9718534399999998,"6,936.99",338.12,5.12,2026-05-05 14:19:40
27,자동차부품,0.79,448900,한국피아이엠 *,테마 편입 사유,127900.0,"상승  20,200",18.76,127900.0,128000.0,413715.0,51326.0,338101.0,,,0.344112,-0.9718534399999998,"6,936.99",338.12,5.12,2026-05-05 14:19:40
27,자동차부품,0.79,108670,LX하우시스,테마 편입 사유,42500.0,"상승  6,400",17.73,42450.0,42500.0,284582.0,12001.0,152640.0,,,0.344112,-0.9718534399999998,"6,936.99",338.12,5.12,2026-05-05 14:19:40
27,자동차부품,0.79,012210,삼미금속 *,테마 편입 사유,15450.0,"상승  2,110",15.82,15440.0,15450.0,2844478.0,42866.0,158889.0,,,0.344112,-0.9718534399999998,"6,936.99",338.12,5.12,2026-05-05 14:19:40
27,자동차부품,0.79,018880,한온시스템,테마 편입 사유,4850.0,상승  620,14.66,4850.0,4855.0,120332168.0,582668.0,13132774.0,,,0.344112,-0.9718534399999998,"6,936.99",338.12,5.12,2026-05-05 14:19:40
27,자동차부품,0.79,025440,DH오토웨어 *,테마 편입 사유,919.0,상승  105,12.9,912.0,919.0,1088985.0,969.0,281901.0,,,0.344112,-0.9718534399999998,"6,936.99",338.12,5.12,2026-05-05 14:19:40
27,자동차부품,0.79,101930,인화정공 *,테마 편입 사유,15140.0,"상승  1,620",11.98,15140.0,15150.0,522326.0,8078.0,117544.0,,,0.344112,-0.9718534399999998,"6,936.99",338.12,5.12,2026-05-05 14:19:40
27,자동차부품,0.79,396300,세아메카닉스 *,테마 편입 사유,6510.0,상승  610,10.34,6500.0,6510.0,7249150.0,46702.0,16945163.0,,,0.344112,-0.9718534399999998,"6,936.99",338.12,5.12,2026-05-05 14:19:40
27,자동차부품,0.79,0004V0,엔비알모션 *,테마 편입 사유,27900.0,"상승  2,400",9.41,27850.0,27900.0,1558255.0,43341.0,892311.0,,,0.344112,-0.9718534399999998,"6,936.99",338.12,5.12,2026-05-05 14:19:40
27,자동차부품,0.79,036170,에이치엠넥스 *,테마 편입 사유,7580.0,상승  590,8.44,7570.0,7580.0,1867074.0,13740.0,1076799.0,,,0.344112,-0.9718534399999998,"6,936.99",338.12,5.12,2026-05-05 14:19:40
27,자동차부품,0.79,007340,DN오토모티브,테마 편입 사유,51100.0,"상승  3,050",6.35,51000.0,51100.0,553340.0,28104.0,606704.0,,,0.344112,-0.9718534399999998,"6,936.99",338.12,5.12,2026-05-05 14:19:40
27,자동차부품,0.79,009320,아진전자부품,테마 편입 사유,1168.0,상승  68,6.18,1165.0,1168.0,1074405.0,1241.0,545509.0,,,0.344112,-0.9718534399999998,"6,936.99",338.12,5.12,2026-05-05 14:19:40
27,자동차부품,0.79,053060,세동 *,테마 편입 사유,1329.0,상승  77,6.15,1328.0,1329.0,431194.0,567.0,55569.0,,,0.344112,-0.9718534399999998,"6,936.99",338.12,5.12,2026-05-05 14:19:40
27,자동차부품,0.79,089470,HDC현대EP,테마 편입 사유,5780.0,상승  330,6.06,5780.0,5790.0,208249.0,1201.0,96671.0,,,0.344112,-0.9718534399999998,"6,936.99",338.12,5.12,2026-05-05 14:19:40
27,자동차부품,0.79,004100,태양금속,테마 편입 사유,3410.0,상승  175,5.41,3405.0,3410.0,1694320.0,5593.0,856347.0,,,0.344112,-0.9718534399999998,"6,936.99",338.12,5.12,2026-05-05 14:19:40
27,자동차부품,0.79,085910,네오티스 *,테마 편입 사유,27100.0,"상승  1,300",5.04,27100.0,27150.0,188212.0,5065.0,118768.0,,,0.344112,-0.9718534399999998,"6,936.99",338.12,5.12,2026-05-05 14:19:40
27,자동차부품,0.79,463480,모티브링크 *,테마 편입 사유,9100.0,상승  380,4.36,9090.0,9100.0,828106.0,7560.0,466097.0,,,0.344112,-0.9718534399999998,"6,936.99",338.12,5.12,2026-05-05 14:19:40
27,자동차부품,0.79,107640,한중엔시에스 *,테마 편입 사유,69900.0,"상승  2,800",4.17,69900.0,70000.0,343558.0,24250.0,220481.0,,,0.344112,-0.9718534399999998,"6,936.99",338.12,5.12,2026-05-05 14:19:40
27,자동차부품,0.79,128540,에코캡 *,테마 편입 사유,1972.0,상승  77,4.06,1972.0,1973.0,463458.0,900.0,120219.0,,,0.344112,-0.9718534399999998,"6,936.99",338.12,5.12,2026-05-05 14:19:40
27,자동차부품,0.79,241690,유니테크노 *,테마 편입 사유,4015.0,상승  150,3.88,4015.0,4020.0,341635.0,1384.0,301552.0,,,0.344112,-0.9718534399999998,"6,936.99",338.12,5.12,2026-05-05 14:19:40
27,자동차부품,0.79,011070,LG이노텍,테마 편입 사유,595000.0,"상승  22,000",3.84,594000.0,595000.0,251351.0,148283.0,286326.0,,,0.344112,-0.9718534399999998,"6,936.99",338.12,5.12,2026-05-05 14:19:40
27,자동차부품,0.79,013310,아진산업 *,테마 편입 사유,3845.0,상승  115,3.08,3840.0,3845.0,1259768.0,4843.0,1069785.0,,,0.344112,-0.9718534399999998,"6,936.99",338.12,5.12,2026-05-05 14:19:40
27,자동차부품,0.79,092780,DYP,테마 편입 사유,5220.0,상승  150,2.96,5210.0,5220.0,112868.0,591.0,57623.0,,,0.344112,-0.9718534399999998,"6,936.99",338.12,5.12,2026-05-05 14:19:40
27,자동차부품,0.79,012860,모베이스전자 *,테마 편입 사유,3920.0,상승  100,2.62,3920.0,3925.0,1528071.0,6009.0,1870741.0,,,0.344112,-0.9718534399999998,"6,936.99",338.12,5.12,2026-05-05 14:19:40
27,자동차부품,0.79,123410,코리아에프티 *,테마 편입 사유,7150.0,상승  170,2.44,7150.0,7170.0,162573.0,1161.0,181610.0,,,0.344112,-0.9718534399999998,"6,936.99",338.12,5.12,2026-05-05 14:19:40
27,자동차부품,0.79,065500,오리엔트정공 *,테마 편입 사유,2165.0,상승  50,2.36,2165.0,2170.0,1173.0,2.0,219290.0,,,0.344112,-0.9718534399999998,"6,936.99",338.12,5.12,2026-05-05 14:19:40
27,자동차부품,0.79,458650,성우 *,테마 편입 사유,14120.0,상승  320,2.32,14120.0,14140.0,200675.0,2865.0,431833.0,,,0.344112,-0.9718534399999998,"6,936.99",338.12,5.12,2026-05-05 14:19:40
27,자동차부품,0.79,093380,풍강 *,테마 편입 사유,2895.0,상승  60,2.12,2890.0,2895.0,22496.0,65.0,28215.0,,,0.344112,-0.9718534399999998,"6,936.99",338.12,5.12,2026-05-05 14:19:40
27,자동차부품,0.79,018500,동원금속,테마 편입 사유,1903.0,상승  39,2.09,1903.0,1904.0,1116169.0,2134.0,288893.0,,,0.344112,-0.9718534399999998,"6,936.99",338.12,5.12,2026-05-05 14:19:40
27,자동차부품,0.79,008830,대동기어 *,테마 편입 사유,20600.0,상승  400,1.98,20600.0,20650.0,169.0,3.0,189703.0,,,0.344112,-0.9718534399999998,"6,936.99",338.12,5.12,2026-05-05 14:19:40
27,자동차부품,0.79,118990,모트렉스 *,테마 편입 사유,9200.0,상승  170,1.88,9150.0,9200.0,356390.0,3292.0,154416.0,,,0.344112,-0.9718534399999998,"6,936.99",338.12,5.12,2026-05-05 14:19:40
27,자동차부품,0.79,012200,계양전기,테마 편입 사유,7130.0,상승  130,1.86,7120.0,7130.0,767687.0,5478.0,628312.0,,,0.344112,-0.9718534399999998,"6,936.99",338.12,5.12,2026-05-05 14:19:40
27,자동차부품,0.79,015750,성우하이텍 *,테마 편입 사유,9050.0,상승  160,1.8,9050.0,9060.0,643459.0,5846.0,875725.0,,,0.344112,-0.9718534399999998,"6,936.99",338.12,5.12,2026-05-05 14:19:40
27,자동차부품,0.79,023800,인지컨트롤스,테마 편입 사유,8390.0,상승  140,1.7,8380.0,8390.0,132955.0,1106.0,121289.0,,,0.344112,-0.9718534399999998,"6,936.99",338.12,5.12,2026-05-05 14:19:40
27,자동차부품,0.79,090080,평화산업,테마 편입 사유,1031.0,상승  17,1.68,1031.0,1033.0,352250.0,360.0,209751.0,,,0.344112,-0.9718534399999998,"6,936.99",338.12,5.12,2026-05-05 14:19:40
27,자동차부품,0.79,204320,HL만도,테마 편입 사유,58000.0,상승  900,1.58,57900.0,58000.0,366564.0,21163.0,563165.0,,,0.344112,-0.9718534399999998,"6,936.99",338.12,5.12,2026-05-05 14:19:40
27,자동차부품,0.79,012330,현대모비스,테마 편입 사유,431500.0,"상승  6,500",1.53,431000.0,431500.0,211193.0,91062.0,317288.0,,,0.344112,-0.9718534399999998,"6,936.99",338.12,5.12,2026-05-05 14:19:40
27,자동차부품,0.79,025320,시노펙스 *,테마 편입 사유,6030.0,상승  90,1.52,6030.0,6040.0,555549.0,3361.0,617983.0,,,0.344112,-0.9718534399999998,"6,936.99",338.12,5.12,2026-05-05 14:19:40
27,자동차부품,0.79,200880,서연이화,테마 편입 사유,14310.0,상승  200,1.42,14310.0,14320.0,84609.0,1211.0,79724.0,,,0.344112,-0.9718534399999998,"6,936.99",338.12,5.12,2026-05-05 14:19:40
27,자동차부품,0.79,105550,엣지파운드리 *,테마 편입 사유,1312.0,상승  18,1.39,1310.0,1312.0,544398.0,714.0,559290.0,,,0.344112,-0.9718534399999998,"6,936.99",338.12,5.12,2026-05-05 14:19:40
27,자동차부품,0.79,378850,화승알앤에이,테마 편입 사유,3560.0,상승  45,1.28,3545.0,3560.0,89182.0,313.0,96212.0,,,0.344112,-0.9718534399999998,"6,936.99",338.12,5.12,2026-05-05 14:19:40
27,자동차부품,0.79,005850,에스엘,테마 편입 사유,63700.0,상승  800,1.27,63600.0,63700.0,112940.0,7167.0,162756.0,,,0.344112,-0.9718534399999998,"6,936.99",338.12,5.12,2026-05-05 14:19:40
27,자동차부품,0.79,023810,인팩,테마 편입 사유,9230.0,상승  110,1.21,9100.0,9230.0,107896.0,992.0,127972.0,,,0.344112,-0.9718534399999998,"6,936.99",338.12,5.12,2026-05-05 14:19:40
27,자동차부품,0.79,019770,서연탑메탈 *,테마 편입 사유,4205.0,상승  50,1.2,4205.0,4210.0,81603.0,342.0,89096.0,,,0.344112,-0.9718534399999998,"6,936.99",338.12,5.12,2026-05-05 14:19:40
27,자동차부품,0.79,215360,우리산업 *,테마 편입 사유,9440.0,상승  100,1.07,9440.0,9450.0,30427.0,288.0,47255.0,,,0.344112,-0.9718534399999998,"6,936.99",338.12,5.12,2026-05-05 14:19:40
27,자동차부품,0.79,021820,세원정공,테마 편입 사유,15410.0,상승  160,1.05,15410.0,15460.0,20776.0,320.0,11454.0,,,0.344112,-0.9718534399999998,"6,936.99",338.12,5.12,2026-05-05 14:19:40
27,자동차부품,0.79,017370,우신시스템,테마 편입 사유,6180.0,상승  60,0.98,6160.0,6180.0,52865.0,328.0,24472.0,,,0.344112,-0.9718534399999998,"6,936.99",338.12,5.12,2026-05-05 14:19:40
27,자동차부품,0.79,126600,BGF에코머티리얼즈 *,테마 편입 사유,4250.0,상승  40,0.95,4245.0,4250.0,707131.0,3057.0,225134.0,,,0.344112,-0.9718534399999998,"6,936.99",338.12,5.12,2026-05-05 14:19:40
27,자동차부품,0.79,010100,한국무브넥스,테마 편입 사유,4520.0,상승  40,0.89,4515.0,4520.0,182296.0,830.0,301433.0,,,0.344112,-0.9718534399999998,"6,936.99",338.12,5.12,2026-05-05 14:19:40
27,자동차부품,0.79,049070,인탑스 *,테마 편입 사유,18750.0,상승  130,0.7,18720.0,18750.0,48438.0,917.0,84058.0,,,0.344112,-0.9718534399999998,"6,936.99",338.12,5.12,2026-05-05 14:19:40
27,자동차부품,0.79,024830,세원물산 *,테마 편입 사유,11300.0,상승  50,0.44,11250.0,11300.0,10987.0,124.0,14154.0,,,0.344112,-0.9718534399999998,"6,936.99",338.12,5.12,2026-05-05 14:19:40
27,자동차부품,0.79,014440,영보화학,테마 편입 사유,4795.0,상승  20,0.42,4790.0,4795.0,62737.0,300.0,50672.0,,,0.344112,-0.9718534399999998,"6,936.99",338.12,5.12,2026-05-05 14:19:40
27,자동차부품,0.79,066590,스모트로닉 *,테마 편입 사유,2770.0,상승  10,0.36,2755.0,2770.0,148600.0,407.0,254893.0,,,0.344112,-0.9718534399999998,"6,936.99",338.12,5.12,2026-05-05 14:19:40
27,자동차부품,0.79,006660,삼성공조,테마 편입 사유,13130.0,상승  40,0.31,13130.0,13190.0,85673.0,1132.0,179638.0,,,0.344112,-0.9718534399999998,"6,936.99",338.12,5.12,2026-05-05 14:19:40
27,자동차부품,0.79,043370,피에이치에이 *,테마 편입 사유,13140.0,상승  40,0.31,13110.0,13140.0,16312.0,214.0,28336.0,,,0.344112,-0.9718534399999998,"6,936.99",338.12,5.12,2026-05-05 14:19:40
27,자동차부품,0.79,105330,케이엔더블유 *,테마 편입 사유,10470.0,상승  30,0.29,10470.0,10480.0,128746.0,1345.0,68746.0,,,0.344112,-0.9718534399999998,"6,936.99",338.12,5.12,2026-05-05 14:19:40
27,자동차부품,0.79,008350,남선알미늄,테마 편입 사유,2110.0,상승  5,0.24,2105.0,2110.0,5250158.0,11092.0,6372512.0,,,0.344112,-0.9718534399999998,"6,936.99",338.12,5.12,2026-05-05 14:19:40
27,자동차부품,0.79,010690,화신,테마 편입 사유,12430.0,상승  30,0.24,12430.0,12460.0,311643.0,3898.0,231169.0,,,0.344112,-0.9718534399999998,"6,936.99",338.12,5.12,2026-05-05 14:19:40
27,자동차부품,0.79,011210,현대위아,테마 편입 사유,82900.0,상승  200,0.24,82900.0,83000.0,168718.0,13969.0,212268.0,,,0.344112,-0.9718534399999998,"6,936.99",338.12,5.12,2026-05-05 14:19:40
27,자동차부품,0.79,212560,네오오토 *,테마 편입 사유,8360.0,상승  20,0.24,8350.0,8370.0,113092.0,955.0,76045.0,,,0.344112,-0.9718534399999998,"6,936.99",338.12,5.12,2026-05-05 14:19:40
27,자동차부품,0.79,013570,디와이,테마 편입 사유,5280.0,상승  10,0.19,5260.0,5280.0,163177.0,860.0,176457.0,,,0.344112,-0.9718534399999998,"6,936.99",338.12,5.12,2026-05-05 14:19:40
27,자동차부품,0.79,191410,육일씨엔에쓰 *,테마 편입 사유,2740.0,상승  5,0.18,2740.0,2765.0,127473.0,355.0,96385.0,,,0.344112,-0.9718534399999998,"6,936.99",338.12,5.12,2026-05-05 14:19:40
27,자동차부품,0.79,170030,현대공업 *,테마 편입 사유,5750.0,상승  10,0.17,5750.0,5760.0,45498.0,263.0,46684.0,,,0.344112,-0.9718534399999998,"6,936.99",338.12,5.12,2026-05-05 14:19:40
27,자동차부품,0.79,122350,삼기 *,테마 편입 사유,1508.0,상승  2,0.13,1507.0,1508.0,658.0,1.0,220639.0,,,0.344112,-0.9718534399999998,"6,936.99",338.12,5.12,2026-05-05 14:19:40
27,자동차부품,0.79,001380,SG글로벌,테마 편입 사유,1098.0,보합0,0.0,0.0,0.0,0.0,0.0,0.0,,,0.344112,-0.9718534399999998,"6,936.99",338.12,5.12,2026-05-05 14:19:40
27,자동차부품,0.79,001620,케이비아이동국실업,테마 편입 사유,642.0,보합0,0.0,0.0,0.0,0.0,0.0,0.0,,,0.344112,-0.9718534399999998,"6,936.99",338.12,5.12,2026-05-05 14:19:40
27,자동차부품,0.79,019540,일지테크 *,테마 편입 사유,7210.0,보합0,0.0,7180.0,7210.0,147807.0,1062.0,95527.0,,,0.344112,-0.9718534399999998,"6,936.99",338.12,5.12,2026-05-05 14:19:40
27,자동차부품,0.79,033250,체시스,테마 편입 사유,999.0,보합0,0.0,0.0,0.0,0.0,0.0,0.0,,,0.344112,-0.9718534399999998,"6,936.99",338.12,5.12,2026-05-05 14:19:40
27,자동차부품,0.79,040610,SG&G *,테마 편입 사유,2175.0,보합0,0.0,0.0,0.0,0.0,0.0,0.0,,,0.344112,-0.9718534399999998,"6,936.99",338.12,5.12,2026-05-05 14:19:40
27,자동차부품,0.79,053270,구영테크 *,테마 편입 사유,2360.0,보합0,0.0,2360.0,2365.0,118192.0,281.0,101746.0,,,0.344112,-0.9718534399999998,"6,936.99",338.12,5.12,2026-05-05 14:19:40
27,자동차부품,0.79,078590,휴림에이텍 *,테마 편입 사유,525.0,보합0,0.0,0.0,0.0,0.0,0.0,0.0,,,0.344112,-0.9718534399999998,"6,936.99",338.12,5.12,2026-05-05 14:19:40
27,자동차부품,0.79,088290,이원컴포텍 *,테마 편입 사유,630.0,보합0,0.0,0.0,0.0,0.0,0.0,4651382.0,,,0.344112,-0.9718534399999998,"6,936.99",338.12,5.12,2026-05-05 14:19:40
27,자동차부품,0.79,097780,에코볼트 *,테마 편입 사유,801.0,보합0,0.0,0.0,0.0,0.0,0.0,0.0,,,0.344112,-0.9718534399999998,"6,936.99",338.12,5.12,2026-05-05 14:19:40
27,자동차부품,0.79,104040,디에스엠 *,테마 편입 사유,677.0,보합0,0.0,0.0,0.0,0.0,0.0,0.0,,,0.344112,-0.9718534399999998,"6,936.99",338.12,5.12,2026-05-05 14:19:40
27,자동차부품,0.79,119500,포메탈 *,테마 편입 사유,4320.0,보합0,0.0,4315.0,4320.0,147245.0,632.0,60170.0,,,0.344112,-0.9718534399999998,"6,936.99",338.12,5.12,2026-05-05 14:19:40
27,자동차부품,0.79,198940,한주라이트메탈 *,테마 편입 사유,861.0,보합0,0.0,0.0,0.0,0.0,0.0,0.0,,,0.344112,-0.9718534399999998,"6,936.99",338.12,5.12,2026-05-05 14:19:40
27,자동차부품,0.79,234100,폴라리스세원 *,테마 편입 사유,1020.0,보합0,0.0,0.0,0.0,0.0,0.0,0.0,,,0.344112,-0.9718534399999998,"6,936.99",338.12,5.12,2026-05-05 14:19:40
27,자동차부품,0.79,437730,삼현 *,테마 편입 사유,53500.0,보합0,0.0,53400.0,53500.0,180664.0,9684.0,273694.0,,,0.344112,-0.9718534399999998,"6,936.99",338.12,5.12,2026-05-05 14:19:40
27,자동차부품,0.79,000430,대원강업,테마 편입 사유,4360.0,하락  5,-0.11,4355.0,4360.0,90946.0,399.0,164382.0,,,0.344112,-0.9718534399999998,"6,936.99",338.12,5.12,2026-05-05 14:19:40
27,자동차부품,0.79,080470,성창오토텍 *,테마 편입 사유,4290.0,하락  5,-0.12,4280.0,4290.0,29272.0,125.0,28295.0,,,0.344112,-0.9718534399999998,"6,936.99",338.12,5.12,2026-05-05 14:19:40
27,자동차부품,0.79,123700,SJM,테마 편입 사유,3830.0,하락  5,-0.13,3830.0,3850.0,28425.0,109.0,17980.0,,,0.344112,-0.9718534399999998,"6,936.99",338.12,5.12,2026-05-05 14:19:40
27,자동차부품,0.79,009900,명신산업,테마 편입 사유,13280.0,하락  20,-0.15,13270.0,13280.0,633824.0,8422.0,875611.0,,,0.344112,-0.9718534399999998,"6,936.99",338.12,5.12,2026-05-05 14:19:40
27,자동차부품,0.79,071850,캐스텍코리아 *,테마 편입 사유,1500.0,하락  3,-0.2,1486.0,1500.0,3789.0,6.0,31776.0,,,0.344112,-0.9718534399999998,"6,936.99",338.12,5.12,2026-05-05 14:19:40
27,자동차부품,0.79,125490,한라캐스트 *,테마 편입 사유,17090.0,하락  40,-0.23,17090.0,17100.0,1114318.0,19352.0,1556303.0,,,0.344112,-0.9718534399999998,"6,936.99",338.12,5.12,2026-05-05 14:19:40
27,자동차부품,0.79,101330,모베이스 *,테마 편입 사유,4730.0,하락  15,-0.32,4730.0,4735.0,149778.0,711.0,204706.0,,,0.344112,-0.9718534399999998,"6,936.99",338.12,5.12,2026-05-05 14:19:40
27,자동차부품,0.79,024880,케이피에프 *,테마 편입 사유,5860.0,하락  20,-0.34,5850.0,5860.0,186454.0,1102.0,159854.0,,,0.344112,-0.9718534399999998,"6,936.99",338.12,5.12,2026-05-05 14:19:40
27,자동차부품,0.79,019180,티에이치엔,테마 편입 사유,7510.0,하락  30,-0.4,7500.0,7510.0,271377.0,2052.0,209910.0,,,0.344112,-0.9718534399999998,"6,936.99",338.12,5.12,2026-05-05 14:19:40
27,자동차부품,0.79,013870,지엠비코리아,테마 편입 사유,4885.0,하락  20,-0.41,4885.0,4900.0,32257.0,158.0,33238.0,,,0.344112,-0.9718534399999998,"6,936.99",338.12,5.12,2026-05-05 14:19:40
27,자동차부품,0.79,009680,모토닉,테마 편입 사유,10970.0,하락  50,-0.45,10970.0,11000.0,25344.0,279.0,53587.0,,,0.344112,-0.9718534399999998,"6,936.99",338.12,5.12,2026-05-05 14:19:40
27,자동차부품,0.79,060980,HL홀딩스,테마 편입 사유,43250.0,하락  200,-0.46,43250.0,43500.0,11407.0,497.0,38201.0,,,0.344112,-0.9718534399999998,"6,936.99",338.12,5.12,2026-05-05 14:19:40
27,자동차부품,0.79,001420,태원물산,테마 편입 사유,3035.0,하락  15,-0.49,3030.0,3035.0,20181.0,61.0,2543.0,,,0.344112,-0.9718534399999998,"6,936.99",338.12,5.12,2026-05-05 14:19:40
27,자동차부품,0.79,005710,대원산업 *,테마 편입 사유,13710.0,하락  80,-0.58,13700.0,13710.0,35727.0,489.0,32317.0,,,0.344112,-0.9718534399999998,"6,936.99",338.12,5.12,2026-05-05 14:19:40
27,자동차부품,0.79,123040,엠에스오토텍 *,테마 편입 사유,2435.0,하락  15,-0.61,2435.0,2440.0,231190.0,570.0,163614.0,,,0.344112,-0.9718534399999998,"6,936.99",338.12,5.12,2026-05-05 14:19:40
27,자동차부품,0.79,051490,나라엠앤디 *,테마 편입 사유,3945.0,하락  25,-0.63,3945.0,3955.0,84931.0,337.0,182484.0,,,0.344112,-0.9718534399999998,"6,936.99",338.12,5.12,2026-05-05 14:19:40
27,자동차부품,0.79,336680,탑런토탈솔루션 *,테마 편입 사유,3850.0,하락  25,-0.65,3850.0,3855.0,33780.0,131.0,37005.0,,,0.344112,-0.9718534399999998,"6,936.99",338.12,5.12,2026-05-05 14:19:40
27,자동차부품,0.79,0010F0,보원케미칼 *,테마 편입 사유,5970.0,하락  40,-0.67,5970.0,6000.0,631989.0,3743.0,599483.0,,,0.344112,-0.9718534399999998,"6,936.99",338.12,5.12,2026-05-05 14:19:40
27,자동차부품,0.79,041930,SY동아 *,테마 편입 사유,6800.0,하락  50,-0.73,6800.0,6810.0,59042.0,405.0,89305.0,,,0.344112,-0.9718534399999998,"6,936.99",338.12,5.12,2026-05-05 14:19:40
27,자동차부품,0.79,033530,SJG세종,테마 편입 사유,7890.0,하락  60,-0.75,7880.0,7890.0,169792.0,1356.0,162896.0,,,0.344112,-0.9718534399999998,"6,936.99",338.12,5.12,2026-05-05 14:19:40
27,자동차부품,0.79,075180,새론오토모티브,테마 편입 사유,3015.0,하락  25,-0.82,3015.0,3020.0,54555.0,164.0,1354.0,,,0.344112,-0.9718534399999998,"6,936.99",338.12,5.12,2026-05-05 14:19:40
27,자동차부품,0.79,003570,SNT다이내믹스,테마 편입 사유,59300.0,하락  500,-0.84,58800.0,59300.0,73741.0,4329.0,224852.0,,,0.344112,-0.9718534399999998,"6,936.99",338.12,5.12,2026-05-05 14:19:40
27,자동차부품,0.79,041650,상신브레이크,테마 편입 사유,2775.0,하락  25,-0.89,2775.0,2780.0,38969.0,109.0,34077.0,,,0.344112,-0.9718534399999998,"6,936.99",338.12,5.12,2026-05-05 14:19:40
27,자동차부품,0.79,298050,HS효성첨단소재,테마 편입 사유,267000.0,"하락  2,500",-0.93,267000.0,267500.0,27396.0,7381.0,27365.0,,,0.344112,-0.9718534399999998,"6,936.99",338.12,5.12,2026-05-05 14:19:40
27,자동차부품,0.79,002920,유성기업,테마 편입 사유,1894.0,하락  20,-1.04,1894.0,1898.0,42935.0,81.0,33454.0,,,0.344112,-0.9718534399999998,"6,936.99",338.12,5.12,2026-05-05 14:19:40
27,자동차부품,0.79,113810,디젠스 *,테마 편입 사유,711.0,하락  8,-1.11,711.0,713.0,290366.0,207.0,156640.0,,,0.344112,-0.9718534399999998,"6,936.99",338.12,5.12,2026-05-05 14:19:40
27,자동차부품,0.79,008500,일정실업,테마 편입 사유,2595.0,하락  30,-1.14,2590.0,2595.0,61733.0,159.0,19729.0,,,0.344112,-0.9718534399999998,"6,936.99",338.12,5.12,2026-05-05 14:19:40
27,자동차부품,0.79,010580,에스엠벡셀,테마 편입 사유,2155.0,하락  25,-1.15,2140.0,2155.0,328557.0,715.0,379191.0,,,0.344112,-0.9718534399999998,"6,936.99",338.12,5.12,2026-05-05 14:19:40
27,자동차부품,0.79,048430,유라테크 *,테마 편입 사유,8360.0,하락  100,-1.18,8350.0,8360.0,53569.0,449.0,58098.0,,,0.344112,-0.9718534399999998,"6,936.99",338.12,5.12,2026-05-05 14:19:40
27,자동차부품,0.79,047400,유니온머티리얼,테마 편입 사유,1756.0,하락  22,-1.24,1756.0,1760.0,549457.0,976.0,643811.0,,,0.344112,-0.9718534399999998,"6,936.99",338.12,5.12,2026-05-05 14:19:40
27,자동차부품,0.79,271940,일진하이솔루스,테마 편입 사유,18040.0,하락  240,-1.31,17960.0,18040.0,88412.0,1595.0,163225.0,,,0.344112,-0.9718534399999998,"6,936.99",338.12,5.12,2026-05-05 14:19:40
27,자동차부품,0.79,038110,에코플라스틱 *,테마 편입 사유,3630.0,하락  50,-1.36,3630.0,3635.0,1395012.0,5116.0,9750869.0,,,0.344112,-0.9718534399999998,"6,936.99",338.12,5.12,2026-05-05 14:19:40
27,자동차부품,0.79,265560,영화테크 *,테마 편입 사유,10660.0,하락  150,-1.39,10650.0,10660.0,75523.0,820.0,79094.0,,,0.344112,-0.9718534399999998,"6,936.99",338.12,5.12,2026-05-05 14:19:40
27,자동차부품,0.79,024740,한일단조 *,테마 편입 사유,3475.0,하락  50,-1.42,3475.0,3480.0,756744.0,2623.0,627853.0,,,0.344112,-0.9718534399999998,"6,936.99",338.12,5.12,2026-05-05 14:19:40
27,자동차부품,0.79,064960,SNT모티브,테마 편입 사유,34500.0,하락  500,-1.43,34500.0,34550.0,109705.0,3812.0,118835.0,,,0.344112,-0.9718534399999998,"6,936.99",338.12,5.12,2026-05-05 14:19:40
27,자동차부품,0.79,012280,영화금속,테마 편입 사유,1086.0,하락  16,-1.45,1086.0,1087.0,263931.0,287.0,393340.0,,,0.344112,-0.9718534399999998,"6,936.99",338.12,5.12,2026-05-05 14:19:40
27,자동차부품,0.79,015260,에이엔피,테마 편입 사유,744.0,하락  11,-1.46,740.0,744.0,637002.0,478.0,1097496.0,,,0.344112,-0.9718534399999998,"6,936.99",338.12,5.12,2026-05-05 14:19:40
27,자동차부품,0.79,013720,THE CUBE& *,테마 편입 사유,683.0,하락  11,-1.59,682.0,683.0,452661.0,309.0,347322.0,,,0.344112,-0.9718534399999998,"6,936.99",338.12,5.12,2026-05-05 14:19:40
27,자동차부품,0.79,067570,엔브이에이치코리아 *,테마 편입 사유,2165.0,하락  35,-1.59,2165.0,2170.0,159456.0,348.0,95821.0,,,0.344112,-0.9718534399999998,"6,936.99",338.12,5.12,2026-05-05 14:19:40
27,자동차부품,0.79,023000,삼원강재,테마 편입 사유,2400.0,하락  40,-1.64,2400.0,2410.0,35175.0,85.0,34250.0,,,0.344112,-0.9718534399999998,"6,936.99",338.12,5.12,2026-05-05 14:19:40
27,자동차부품,0.79,092200,디아이씨,테마 편입 사유,7460.0,하락  130,-1.71,7460.0,7470.0,427096.0,3257.0,376343.0,,,0.344112,-0.9718534399999998,"6,936.99",338.12,5.12,2026-05-05 14:19:40
27,자동차부품,0.79,024910,경창산업 *,테마 편입 사유,1991.0,하락  39,-1.92,1991.0,1994.0,420734.0,843.0,237418.0,,,0.344112,-0.9718534399999998,"6,936.99",338.12,5.12,2026-05-05 14:19:40
27,자동차부품,0.79,031510,오스템 *,테마 편입 사유,1017.0,하락  22,-2.12,1017.0,1018.0,118916.0,121.0,40311.0,,,0.344112,-0.9718534399999998,"6,936.99",338.12,5.12,2026-05-05 14:19:40
27,자동차부품,0.79,069510,에스텍 *,테마 편입 사유,15960.0,하락  350,-2.15,15950.0,15960.0,18891.0,302.0,29268.0,,,0.344112,-0.9718534399999998,"6,936.99",338.12,5.12,2026-05-05 14:19:40
27,자동차부품,0.79,012160,영흥,테마 편입 사유,524.0,하락  12,-2.24,524.0,525.0,231977.0,121.0,187905.0,,,0.344112,-0.9718534399999998,"6,936.99",338.12,5.12,2026-05-05 14:19:40
27,자동차부품,0.79,126640,화신정공 *,테마 편입 사유,1568.0,하락  36,-2.24,1568.0,1569.0,507651.0,804.0,584689.0,,,0.344112,-0.9718534399999998,"6,936.99",338.12,5.12,2026-05-05 14:19:40
27,자동차부품,0.79,208860,다산디엠씨 *,테마 편입 사유,1301.0,하락  31,-2.33,1301.0,1303.0,63422.0,83.0,47295.0,,,0.344112,-0.9718534399999998,"6,936.99",338.12,5.12,2026-05-05 14:19:40
27,자동차부품,0.79,002880,디와이에이,테마 편입 사유,974.0,하락  24,-2.4,972.0,974.0,259329.0,252.0,859881.0,,,0.344112,-0.9718534399999998,"6,936.99",338.12,5.12,2026-05-05 14:19:40
27,자동차부품,0.79,024120,KB오토시스 *,테마 편입 사유,3925.0,하락  100,-2.48,3925.0,3940.0,50720.0,201.0,25434.0,,,0.344112,-0.9718534399999998,"6,936.99",338.12,5.12,2026-05-05 14:19:40
27,자동차부품,0.79,011320,유니크 *,테마 편입 사유,4660.0,하락  120,-2.51,4660.0,4665.0,91498.0,424.0,94520.0,,,0.344112,-0.9718534399999998,"6,936.99",338.12,5.12,2026-05-05 14:19:40
27,자동차부품,0.79,354320,알멕 *,테마 편입 사유,97800.0,"하락  2,600",-2.59,97700.0,97800.0,110508.0,10971.0,102188.0,,,0.344112,-0.9718534399999998,"6,936.99",338.12,5.12,2026-05-05 14:19:40
27,자동차부품,0.79,310870,디와이씨 *,테마 편입 사유,1575.0,하락  43,-2.66,1574.0,1575.0,246841.0,392.0,196153.0,,,0.344112,-0.9718534399999998,"6,936.99",338.12,5.12,2026-05-05 14:19:40
27,자동차부품,0.79,130500,GH신소재 *,테마 편입 사유,2520.0,하락  70,-2.7,2520.0,2525.0,63330.0,162.0,23315.0,,,0.344112,-0.9718534399999998,"6,936.99",338.12,5.12,2026-05-05 14:19:40
27,자동차부품,0.79,053700,삼보모터스 *,테마 편입 사유,5850.0,하락  170,-2.82,5850.0,5860.0,412887.0,2447.0,313491.0,,,0.344112,-0.9718534399999998,"6,936.99",338.12,5.12,2026-05-05 14:19:40
27,자동차부품,0.79,308170,씨티알모빌리티,테마 편입 사유,5230.0,하락  160,-2.97,5230.0,5250.0,34347.0,181.0,15923.0,,,0.344112,-0.9718534399999998,"6,936.99",338.12,5.12,2026-05-05 14:19:40
27,자동차부품,0.79,130740,티피씨글로벌 *,테마 편입 사유,2070.0,하락  65,-3.04,2070.0,2080.0,111547.0,233.0,59152.0,,,0.344112,-0.9718534399999998,"6,936.99",338.12,5.12,2026-05-05 14:19:40
27,자동차부품,0.79,025540,한국단자,테마 편입 사유,88600.0,"하락  2,800",-3.06,88500.0,88600.0,37196.0,3311.0,52008.0,,,0.344112,-0.9718534399999998,"6,936.99",338.12,5.12,2026-05-05 14:19:40
27,자동차부품,0.79,263600,덕우전자 *,테마 편입 사유,6250.0,하락  210,-3.25,6250.0,6260.0,257058.0,1655.0,73769.0,,,0.344112,-0.9718534399999998,"6,936.99",338.12,5.12,2026-05-05 14:19:40
27,자동차부품,0.79,020400,대동금속 *,테마 편입 사유,5500.0,하락  190,-3.34,5490.0,5500.0,146026.0,803.0,80483.0,,,0.344112,-0.9718534399999998,"6,936.99",338.12,5.12,2026-05-05 14:19:40
27,자동차부품,0.79,024900,디와이덕양,테마 편입 사유,2280.0,하락  85,-3.59,2280.0,2285.0,215566.0,498.0,105176.0,,,0.344112,-0.9718534399999998,"6,936.99",338.12,5.12,2026-05-05 14:19:40
27,자동차부품,0.79,090150,아이윈 *,테마 편입 사유,920.0,하락  40,-4.17,919.0,920.0,313617.0,297.0,293126.0,,,0.344112,-0.9718534399999998,"6,936.99",338.12,5.12,2026-05-05 14:19:40
27,자동차부품,0.79,122690,서진오토모티브 *,테마 편입 사유,2340.0,하락  105,-4.29,2335.0,2340.0,254374.0,597.0,64436.0,,,0.344112,-0.9718534399999998,"6,936.99",338.12,5.12,2026-05-05 14:19:40
27,자동차부품,0.79,196700,웹스 *,테마 편입 사유,1990.0,하락  105,-5.01,1990.0,1991.0,277444.0,559.0,95027.0,,,0.344112,-0.9718534399999998,"6,936.99",338.12,5.12,2026-05-05 14:19:40
27,자동차부품,0.79,290120,DH오토리드 *,테마 편입 사유,3115.0,하락  180,-5.46,3070.0,3115.0,182962.0,563.0,666512.0,,,0.344112,-0.9718534399999998,"6,936.99",338.12,5.12,2026-05-05 14:19:40
27,자동차부품,0.79,007530,와이엠 *,테마 편입 사유,2375.0,하락  160,-6.31,2375.0,2400.0,50633.0,122.0,24246.0,,,0.344112,-0.9718534399999998,"6,936.99",338.12,5.12,2026-05-05 14:19:40
27,자동차부품,0.79,091700,파트론 *,테마 편입 사유,7750.0,하락  530,-6.4,7750.0,7760.0,1102841.0,8771.0,261047.0,,,0.344112,-0.9718534399999998,"6,936.99",338.12,5.12,2026-05-05 14:19:40
27,자동차부품,0.79,010660,화천기계,테마 편입 사유,4725.0,하락  355,-6.99,4725.0,4730.0,1406020.0,6668.0,326291.0,,,0.344112,-0.9718534399999998,"6,936.99",338.12,5.12,2026-05-05 14:19:40
27,자동차부품,0.79,016740,두올,테마 편입 사유,4780.0,하락  420,-8.08,4780.0,4800.0,763678.0,3615.0,528499.0,,,0.344112,-0.9718534399999998,"6,936.99",338.12,5.12,2026-05-05 14:19:40
27,자동차부품,0.79,214330,금호에이치티,테마 편입 사유,3605.0,하락  375,-9.42,3605.0,3610.0,369409.0,1370.0,0.0,,,0.344112,-0.9718534399999998,"6,936.99",338.12,5.12,2026-05-05 14:19:40
487,건강기능식품,-0.54,051900,LG생활건강,테마 편입 사유,279500.0,"상승  25,500",10.04,279500.0,280000.0,333640.0,94123.0,81025.0,,,0.077185,-0.9351872000000001,"6,936.99",338.12,5.12,2026-05-05 14:19:40
487,건강기능식품,-0.54,260970,에스앤디 *,테마 편입 사유,57600.0,"상승  2,400",4.35,57600.0,57700.0,39319.0,2272.0,25028.0,,,0.077185,-0.9351872000000001,"6,936.99",338.12,5.12,2026-05-05 14:19:40
487,건강기능식품,-0.54,357230,에이치피오 *,테마 편입 사유,2900.0,상승  110,3.94,2900.0,2905.0,2231534.0,6502.0,11677976.0,,,0.077185,-0.9351872000000001,"6,936.99",338.12,5.12,2026-05-05 14:19:40
487,건강기능식품,-0.54,092730,네오팜 *,테마 편입 사유,20950.0,상승  550,2.7,20650.0,20950.0,43267.0,893.0,74458.0,,,0.077185,-0.9351872000000001,"6,936.99",338.12,5.12,2026-05-05 14:19:40
487,건강기능식품,-0.54,353190,휴럼 *,테마 편입 사유,3280.0,상승  80,2.5,3225.0,3280.0,115460.0,378.0,0.0,,,0.077185,-0.9351872000000001,"6,936.99",338.12,5.12,2026-05-05 14:19:40
487,건강기능식품,-0.54,194700,노바렉스 *,테마 편입 사유,15260.0,상승  360,2.42,15260.0,15280.0,118803.0,1829.0,45429.0,,,0.077185,-0.9351872000000001,"6,936.99",338.12,5.12,2026-05-05 14:19:40
487,건강기능식품,-0.54,314140,알피바이오 *,테마 편입 사유,6370.0,상승  120,1.92,6300.0,6370.0,30377.0,191.0,6537.0,,,0.077185,-0.9351872000000001,"6,936.99",338.12,5.12,2026-05-05 14:19:40
487,건강기능식품,-0.54,318010,팜스빌 *,테마 편입 사유,3770.0,상승  70,1.89,3735.0,3770.0,18022.0,67.0,6562.0,,,0.077185,-0.9351872000000001,"6,936.99",338.12,5.12,2026-05-05 14:19:40
487,건강기능식품,-0.54,084990,헬릭스미스 *,테마 편입 사유,8730.0,상승  110,1.28,8720.0,8730.0,283498.0,2447.0,306820.0,,,0.077185,-0.9351872000000001,"6,936.99",338.12,5.12,2026-05-05 14:19:40
487,건강기능식품,-0.54,001630,종근당홀딩스,테마 편입 사유,49800.0,상승  500,1.01,49800.0,49950.0,2260.0,112.0,2934.0,,,0.077185,-0.9351872000000001,"6,936.99",338.12,5.12,2026-05-05 14:19:40
487,건강기능식품,-0.54,033780,KT&G,테마 편입 사유,179600.0,"상승  1,300",0.73,179600.0,179700.0,270753.0,48668.0,201945.0,,,0.077185,-0.9351872000000001,"6,936.99",338.12,5.12,2026-05-05 14:19:40
487,건강기능식품,-0.54,008490,서흥,테마 편입 사유,20150.0,상승  100,0.5,20150.0,20250.0,28601.0,582.0,11754.0,,,0.077185,-0.9351872000000001,"6,936.99",338.12,5.12,2026-05-05 14:19:40
487,건강기능식품,-0.54,243070,휴온스 *,테마 편입 사유,26450.0,상승  50,0.19,26400.0,26450.0,72635.0,1927.0,20942.0,,,0.077185,-0.9351872000000001,"6,936.99",338.12,5.12,2026-05-05 14:19:40
487,건강기능식품,-0.54,053950,경남제약 *,테마 편입 사유,769.0,보합0,0.0,0.0,0.0,0.0,0.0,0.0,,,0.077185,-0.9351872000000001,"6,936.99",338.12,5.12,2026-05-05 14:19:40
487,건강기능식품,-0.54,377220,프롬바이오 *,테마 편입 사유,1269.0,보합0,0.0,1267.0,1269.0,62309.0,79.0,118572.0,,,0.077185,-0.9351872000000001,"6,936.99",338.12,5.12,2026-05-05 14:19:40
487,건강기능식품,-0.54,123840,뉴온 *,테마 편입 사유,555.0,보합0,0.0,0.0,0.0,0.0,0.0,0.0,,,0.077185,-0.9351872000000001,"6,936.99",338.12,5.12,2026-05-05 14:19:40
487,건강기능식품,-0.54,225430,케이엠제약 *,테마 편입 사유,517.0,보합0,0.0,0.0,0.0,0.0,0.0,0.0,,,0.077185,-0.9351872000000001,"6,936.99",338.12,5.12,2026-05-05 14:19:40
487,건강기능식품,-0.54,223310,사토시홀딩스 *,테마 편입 사유,2275.0,보합0,0.0,0.0,0.0,0.0,0.0,0.0,,,0.077185,-0.9351872000000001,"6,936.99",338.12,5.12,2026-05-05 14:19:40
487,건강기능식품,-0.54,063160,종근당바이오,테마 편입 사유,19500.0,하락  10,-0.05,19500.0,19510.0,17848.0,349.0,7526.0,,,0.077185,-0.9351872000000001,"6,936.99",338.12,5.12,2026-05-05 14:19:40
487,건강기능식품,-0.54,214370,케어젠 *,테마 편입 사유,105400.0,하락  100,-0.09,105100.0,105400.0,71449.0,7476.0,149756.0,,,0.077185,-0.9351872000000001,"6,936.99",338.12,5.12,2026-05-05 14:19:40
487,건강기능식품,-0.54,047920,HLB제약 *,테마 편입 사유,17270.0,하락  30,-0.17,17270.0,17290.0,100571.0,1752.0,78467.0,,,0.077185,-0.9351872000000001,"6,936.99",338.12,5.12,2026-05-05 14:19:40
487,건강기능식품,-0.54,238200,비피도 *,테마 편입 사유,2835.0,하락  5,-0.18,2830.0,2835.0,28417.0,80.0,8750.0,,,0.077185,-0.9351872000000001,"6,936.99",338.12,5.12,2026-05-05 14:19:40
487,건강기능식품,-0.54,471820,셀로맥스사이언스 *,테마 편입 사유,5210.0,하락  10,-0.19,5200.0,5210.0,28662.0,150.0,11897.0,,,0.077185,-0.9351872000000001,"6,936.99",338.12,5.12,2026-05-05 14:19:40
487,건강기능식품,-0.54,153490,우리이앤엘하루틴 *,테마 편입 사유,912.0,하락  3,-0.33,911.0,912.0,90781.0,83.0,121723.0,,,0.077185,-0.9351872000000001,"6,936.99",338.12,5.12,2026-05-05 14:19:40
487,건강기능식품,-0.54,195940,HK이노엔 *,테마 편입 사유,52000.0,하락  400,-0.76,52000.0,52100.0,134629.0,7060.0,130750.0,,,0.077185,-0.9351872000000001,"6,936.99",338.12,5.12,2026-05-05 14:19:40
487,건강기능식품,-0.54,239610,에이치엘사이언스 *,테마 편입 사유,8850.0,하락  80,-0.9,8810.0,8850.0,4225.0,38.0,2631.0,,,0.077185,-0.9351872000000001,"6,936.99",338.12,5.12,2026-05-05 14:19:40
487,건강기능식품,-0.54,049960,쎌바이오텍 *,테마 편입 사유,15840.0,하락  160,-1.0,15840.0,15850.0,35575.0,567.0,13690.0,,,0.077185,-0.9351872000000001,"6,936.99",338.12,5.12,2026-05-05 14:19:40
487,건강기능식품,-0.54,234690,녹십자웰빙 *,테마 편입 사유,12690.0,하락  140,-1.09,12690.0,12700.0,239725.0,3092.0,277470.0,,,0.077185,-0.9351872000000001,"6,936.99",338.12,5.12,2026-05-05 14:19:40
487,건강기능식품,-0.54,293780,압타바이오 *,테마 편입 사유,8370.0,하락  100,-1.18,8370.0,8380.0,161117.0,1359.0,208814.0,,,0.077185,-0.9351872000000001,"6,936.99",338.12,5.12,2026-05-05 14:19:40
487,건강기능식품,-0.54,084690,대상홀딩스,테마 편입 사유,9420.0,하락  120,-1.26,9420.0,9430.0,79682.0,754.0,75435.0,,,0.077185,-0.9351872000000001,"6,936.99",338.12,5.12,2026-05-05 14:19:40
487,건강기능식품,-0.54,200130,콜마비앤에이치 *,테마 편입 사유,11420.0,하락  150,-1.3,11420.0,11460.0,71289.0,818.0,60529.0,,,0.077185,-0.9351872000000001,"6,936.99",338.12,5.12,2026-05-05 14:19:40
487,건강기능식품,-0.54,222040,코스맥스엔비티 *,테마 편입 사유,5100.0,하락  70,-1.35,5090.0,5100.0,273188.0,1434.0,281479.0,,,0.077185,-0.9351872000000001,"6,936.99",338.12,5.12,2026-05-05 14:19:40
487,건강기능식품,-0.54,270870,뉴트리 *,테마 편입 사유,4300.0,하락  70,-1.6,4300.0,4305.0,22113.0,96.0,27952.0,,,0.077185,-0.9351872000000001,"6,936.99",338.12,5.12,2026-05-05 14:19:40
487,건강기능식품,-0.54,003220,대원제약,테마 편입 사유,10540.0,하락  180,-1.68,10540.0,10550.0,34584.0,366.0,15678.0,,,0.077185,-0.9351872000000001,"6,936.99",338.12,5.12,2026-05-05 14:19:40
487,건강기능식품,-0.54,092040,아미코젠 *,테마 편입 사유,1778.0,하락  34,-1.88,1778.0,1780.0,678474.0,1200.0,664351.0,,,0.077185,-0.9351872000000001,"6,936.99",338.12,5.12,2026-05-05 14:19:40
487,건강기능식품,-0.54,362320,청담글로벌 *,테마 편입 사유,5060.0,하락  120,-2.32,5060.0,5070.0,88634.0,456.0,75914.0,,,0.077185,-0.9351872000000001,"6,936.99",338.12,5.12,2026-05-05 14:19:40
487,건강기능식품,-0.54,435570,에르코스 *,테마 편입 사유,11220.0,하락  280,-2.43,11220.0,11250.0,39743.0,453.0,54730.0,,,0.077185,-0.9351872000000001,"6,936.99",338.12,5.12,2026-05-05 14:19:40
487,건강기능식품,-0.54,048870,시너지이노베이션 *,테마 편입 사유,2045.0,하락  55,-2.62,2045.0,2050.0,444266.0,923.0,242385.0,,,0.077185,-0.9351872000000001,"6,936.99",338.12,5.12,2026-05-05 14:19:40
487,건강기능식품,-0.54,168330,내츄럴엔도텍 *,테마 편입 사유,2480.0,하락  80,-3.12,2450.0,2480.0,38983.0,96.0,46008.0,,,0.077185,-0.9351872000000001,"6,936.99",338.12,5.12,2026-05-05 14:19:40
487,건강기능식품,-0.54,065170,비엘팜텍 *,테마 편입 사유,2290.0,하락  110,-4.58,2290.0,2305.0,700432.0,1636.0,578910.0,,,0.077185,-0.9351872000000001,"6,936.99",338.12,5.12,2026-05-05 14:19:40
487,건강기능식품,-0.54,035080,그래디언트 *,테마 편입 사유,11550.0,하락  560,-4.62,11540.0,11550.0,57.0,1.0,49102.0,,,0.077185,-0.9351872000000001,"6,936.99",338.12,5.12,2026-05-05 14:19:40
487,건강기능식품,-0.54,180400,DXVX *,테마 편입 사유,4355.0,하락  270,-5.84,4350.0,4355.0,360778.0,1587.0,123830.0,,,0.077185,-0.9351872000000001,"6,936.99",338.12,5.12,2026-05-05 14:19:40
487,건강기능식품,-0.54,142760,모아라이프플러스 *,테마 편입 사유,793.0,하락  66,-7.68,793.0,795.0,309085.0,251.0,200985.0,,,0.077185,-0.9351872000000001,"6,936.99",338.12,5.12,2026-05-05 14:19:40
487,건강기능식품,-0.54,078160,메디포스트 *,테마 편입 사유,25450.0,"하락  2,450",-8.78,25450.0,25500.0,469062.0,11809.0,221946.0,,,0.077185,-0.9351872000000001,"6,936.99",338.12,5.12,2026-05-05 14:19:40
311,고령화 사회(노인복지),0.29,220100,퓨쳐켐 *,테마 편입 사유,20400.0,"상승  2,060",11.23,20350.0,20400.0,547823.0,11539.0,88624.0,,,0.23858,-0.9315296,"6,936.99",338.12,5.12,2026-05-05 14:19:40
311,고령화 사회(노인복지),0.29,051910,LG화학,테마 편입 사유,429000.0,"상승  32,000",8.06,429000.0,429500.0,609933.0,259149.0,283039.0,,,0.23858,-0.9315296,"6,936.99",338.12,5.12,2026-05-05 14:19:40
311,고령화 사회(노인복지),0.29,005930,삼성전자,테마 편입 사유,232500.0,"상승  12,000",5.44,232000.0,232500.0,31909907.0,7302350.0,22161975.0,,,0.23858,-0.9315296,"6,936.99",338.12,5.12,2026-05-05 14:19:40
311,고령화 사회(노인복지),0.29,460940,피앤에스로보틱스 *,테마 편입 사유,8480.0,상승  300,3.67,8470.0,8480.0,114782.0,972.0,286838.0,,,0.23858,-0.9315296,"6,936.99",338.12,5.12,2026-05-05 14:19:40
311,고령화 사회(노인복지),0.29,099190,아이센스 *,테마 편입 사유,21800.0,상승  600,2.83,21750.0,21800.0,122412.0,2672.0,80215.0,,,0.23858,-0.9315296,"6,936.99",338.12,5.12,2026-05-05 14:19:40
311,고령화 사회(노인복지),0.29,950160,코오롱티슈진 *,테마 편입 사유,104800.0,"상승  2,800",2.75,104500.0,104800.0,306410.0,32202.0,294631.0,,,0.23858,-0.9315296,"6,936.99",338.12,5.12,2026-05-05 14:19:40
311,고령화 사회(노인복지),0.29,071200,인피니트헬스케어 *,테마 편입 사유,7560.0,상승  200,2.72,7540.0,7560.0,198029.0,1493.0,71710.0,,,0.23858,-0.9315296,"6,936.99",338.12,5.12,2026-05-05 14:19:40
311,고령화 사회(노인복지),0.29,119610,인터로조 *,테마 편입 사유,21850.0,상승  350,1.63,21800.0,21850.0,50545.0,1109.0,78550.0,,,0.23858,-0.9315296,"6,936.99",338.12,5.12,2026-05-05 14:19:40
311,고령화 사회(노인복지),0.29,043150,바텍 *,테마 편입 사유,23300.0,상승  300,1.3,23250.0,23300.0,23180.0,543.0,29140.0,,,0.23858,-0.9315296,"6,936.99",338.12,5.12,2026-05-05 14:19:40
311,고령화 사회(노인복지),0.29,006140,피제이전자 *,테마 편입 사유,7190.0,상승  70,0.98,7170.0,7190.0,39215.0,281.0,71609.0,,,0.23858,-0.9315296,"6,936.99",338.12,5.12,2026-05-05 14:19:40
311,고령화 사회(노인복지),0.29,100120,뷰웍스 *,테마 편입 사유,27400.0,상승  250,0.92,27350.0,27400.0,80030.0,2212.0,62102.0,,,0.23858,-0.9315296,"6,936.99",338.12,5.12,2026-05-05 14:19:40
311,고령화 사회(노인복지),0.29,032940,원익 *,테마 편입 사유,10600.0,상승  90,0.86,10600.0,10610.0,167360.0,1810.0,126895.0,,,0.23858,-0.9315296,"6,936.99",338.12,5.12,2026-05-05 14:19:40
311,고령화 사회(노인복지),0.29,033230,인성정보 *,테마 편입 사유,1959.0,상승  13,0.67,1958.0,1959.0,1010.0,2.0,4767263.0,,,0.23858,-0.9315296,"6,936.99",338.12,5.12,2026-05-05 14:19:40
311,고령화 사회(노인복지),0.29,041830,인바디 *,테마 편입 사유,29650.0,상승  150,0.51,29650.0,29850.0,26581.0,791.0,12305.0,,,0.23858,-0.9315296,"6,936.99",338.12,5.12,2026-05-05 14:19:40
311,고령화 사회(노인복지),0.29,052260,현대바이오랜드 *,테마 편입 사유,4610.0,상승  20,0.44,4610.0,4615.0,174429.0,809.0,173069.0,,,0.23858,-0.9315296,"6,936.99",338.12,5.12,2026-05-05 14:19:40
311,고령화 사회(노인복지),0.29,115480,씨유메디칼 *,테마 편입 사유,548.0,보합0,0.0,0.0,0.0,0.0,0.0,0.0,,,0.23858,-0.9315296,"6,936.99",338.12,5.12,2026-05-05 14:19:40
311,고령화 사회(노인복지),0.29,038290,마크로젠 *,테마 편입 사유,16220.0,보합0,0.0,16220.0,16230.0,39546.0,646.0,26906.0,,,0.23858,-0.9315296,"6,936.99",338.12,5.12,2026-05-05 14:19:40
311,고령화 사회(노인복지),0.29,005250,녹십자홀딩스,테마 편입 사유,13950.0,하락  10,-0.07,13950.0,13960.0,77302.0,1081.0,99694.0,,,0.23858,-0.9315296,"6,936.99",338.12,5.12,2026-05-05 14:19:40
311,고령화 사회(노인복지),0.29,004080,신흥,테마 편입 사유,13970.0,하락  20,-0.14,13810.0,13970.0,13483.0,187.0,5703.0,,,0.23858,-0.9315296,"6,936.99",338.12,5.12,2026-05-05 14:19:40
311,고령화 사회(노인복지),0.29,047920,HLB제약 *,테마 편입 사유,17270.0,하락  30,-0.17,17270.0,17290.0,100571.0,1752.0,78467.0,,,0.23858,-0.9315296,"6,936.99",338.12,5.12,2026-05-05 14:19:40
311,고령화 사회(노인복지),0.29,100700,세운메디칼 *,테마 편입 사유,2835.0,하락  5,-0.18,2835.0,2840.0,412791.0,1167.0,241190.0,,,0.23858,-0.9315296,"6,936.99",338.12,5.12,2026-05-05 14:19:40
311,고령화 사회(노인복지),0.29,059210,메타바이오메드 *,테마 편입 사유,4385.0,하락  35,-0.79,4385.0,4390.0,199568.0,885.0,194354.0,,,0.23858,-0.9315296,"6,936.99",338.12,5.12,2026-05-05 14:19:40
311,고령화 사회(노인복지),0.29,032620,GC메디아이 *,테마 편입 사유,4025.0,하락  35,-0.86,4025.0,4030.0,105570.0,428.0,176426.0,,,0.23858,-0.9315296,"6,936.99",338.12,5.12,2026-05-05 14:19:40
311,고령화 사회(노인복지),0.29,067170,오텍 *,테마 편입 사유,2630.0,하락  25,-0.94,2630.0,2635.0,451881.0,1212.0,355204.0,,,0.23858,-0.9315296,"6,936.99",338.12,5.12,2026-05-05 14:19:40
311,고령화 사회(노인복지),0.29,032850,비트컴퓨터 *,테마 편입 사유,5430.0,하락  60,-1.09,5430.0,5440.0,295921.0,1609.0,860349.0,,,0.23858,-0.9315296,"6,936.99",338.12,5.12,2026-05-05 14:19:40
311,고령화 사회(노인복지),0.29,085660,차바이오텍 *,테마 편입 사유,16900.0,하락  190,-1.11,16900.0,16910.0,366668.0,6256.0,296711.0,,,0.23858,-0.9315296,"6,936.99",338.12,5.12,2026-05-05 14:19:40
311,고령화 사회(노인복지),0.29,039200,오스코텍 *,테마 편입 사유,51400.0,하락  600,-1.15,51400.0,51500.0,225672.0,11803.0,215930.0,,,0.23858,-0.9315296,"6,936.99",338.12,5.12,2026-05-05 14:19:40
311,고령화 사회(노인복지),0.29,001060,JW중외제약,테마 편입 사유,30700.0,하락  500,-1.6,30650.0,30700.0,67936.0,2097.0,49129.0,,,0.23858,-0.9315296,"6,936.99",338.12,5.12,2026-05-05 14:19:40
311,고령화 사회(노인복지),0.29,003220,대원제약,테마 편입 사유,10540.0,하락  180,-1.68,10540.0,10550.0,34584.0,366.0,15678.0,,,0.23858,-0.9315296,"6,936.99",338.12,5.12,2026-05-05 14:19:40
311,고령화 사회(노인복지),0.29,060280,큐렉소 *,테마 편입 사유,16200.0,하락  280,-1.7,16200.0,16210.0,691716.0,11360.0,1139621.0,,,0.23858,-0.9315296,"6,936.99",338.12,5.12,2026-05-05 14:19:40
311,고령화 사회(노인복지),0.29,065510,휴비츠 *,테마 편입 사유,7720.0,하락  150,-1.91,7720.0,7730.0,96988.0,752.0,83834.0,,,0.23858,-0.9315296,"6,936.99",338.12,5.12,2026-05-05 14:19:40
311,고령화 사회(노인복지),0.29,066700,테라젠이텍스 *,테마 편입 사유,2960.0,하락  75,-2.47,2960.0,2975.0,209939.0,629.0,75845.0,,,0.23858,-0.9315296,"6,936.99",338.12,5.12,2026-05-05 14:19:40
311,고령화 사회(노인복지),0.29,174900,앱클론 *,테마 편입 사유,47250.0,"하락  1,900",-3.87,47250.0,47300.0,285352.0,13651.0,208024.0,,,0.23858,-0.9315296,"6,936.99",338.12,5.12,2026-05-05 14:19:40
311,고령화 사회(노인복지),0.29,039860,나노엔텍 *,테마 편입 사유,6490.0,하락  360,-5.26,6490.0,6500.0,2352794.0,15445.0,6893788.0,,,0.23858,-0.9315296,"6,936.99",338.12,5.12,2026-05-05 14:19:40
311,고령화 사회(노인복지),0.29,078160,메디포스트 *,테마 편입 사유,25450.0,"하락  2,450",-8.78,25450.0,25500.0,469062.0,11809.0,221946.0,,,0.23858,-0.9315296,"6,936.99",338.12,5.12,2026-05-05 14:19:40
64,2차전지,2.29,037030,파워넷 *,테마 편입 사유,7440.0,"상한가  1,710",29.84,7440.0,0.0,10818594.0,74909.0,934889.0,,,0.624611,-0.90800832,"6,936.99",338.12,5.12,2026-05-05 14:19:40
64,2차전지,2.29,262260,에이프로 *,테마 편입 사유,10990.0,"상승  2,360",27.35,10970.0,10990.0,1060327.0,11115.0,615561.0,,,0.624611,-0.90800832,"6,936.99",338.12,5.12,2026-05-05 14:19:40
64,2차전지,2.29,033790,피노 *,테마 편입 사유,16130.0,"상승  2,550",18.78,16120.0,16130.0,6325.0,95.0,4276609.0,,,0.624611,-0.90800832,"6,936.99",338.12,5.12,2026-05-05 14:19:40
64,2차전지,2.29,178920,PI첨단소재,테마 편입 사유,30500.0,"상승  4,750",18.45,30450.0,30500.0,1324425.0,40205.0,326562.0,,,0.624611,-0.90800832,"6,936.99",338.12,5.12,2026-05-05 14:19:40
64,2차전지,2.29,020150,롯데에너지머티리얼즈,테마 편입 사유,78500.0,"상승  11,800",17.69,78400.0,78500.0,1230570.0,96588.0,462540.0,,,0.624611,-0.90800832,"6,936.99",338.12,5.12,2026-05-05 14:19:40
64,2차전지,2.29,059090,미코 *,테마 편입 사유,26100.0,"상승  3,450",15.23,26050.0,26100.0,2538964.0,64887.0,1918005.0,,,0.624611,-0.90800832,"6,936.99",338.12,5.12,2026-05-05 14:19:40
64,2차전지,2.29,396300,세아메카닉스 *,테마 편입 사유,6510.0,상승  610,10.34,6500.0,6510.0,7249150.0,46702.0,16945163.0,,,0.624611,-0.90800832,"6,936.99",338.12,5.12,2026-05-05 14:19:40
64,2차전지,2.29,066970,엘앤에프,테마 편입 사유,213000.0,"상승  17,900",9.17,213000.0,213500.0,979132.0,213844.0,730075.0,,,0.624611,-0.90800832,"6,936.99",338.12,5.12,2026-05-05 14:19:40
64,2차전지,2.29,005490,POSCO홀딩스,테마 편입 사유,502000.0,"상승  40,000",8.66,502000.0,503000.0,1080353.0,542790.0,568870.0,,,0.624611,-0.90800832,"6,936.99",338.12,5.12,2026-05-05 14:19:40
64,2차전지,2.29,078150,HB테크놀러지 *,테마 편입 사유,3095.0,상승  245,8.6,3095.0,3100.0,8414086.0,26020.0,2097886.0,,,0.624611,-0.90800832,"6,936.99",338.12,5.12,2026-05-05 14:19:40
64,2차전지,2.29,051910,LG화학,테마 편입 사유,429000.0,"상승  32,000",8.06,429000.0,429500.0,609933.0,259149.0,283039.0,,,0.624611,-0.90800832,"6,936.99",338.12,5.12,2026-05-05 14:19:40
64,2차전지,2.29,042600,새로닉스 *,테마 편입 사유,21600.0,"상승  1,400",6.93,21550.0,21600.0,139165.0,3129.0,55199.0,,,0.624611,-0.90800832,"6,936.99",338.12,5.12,2026-05-05 14:19:40
64,2차전지,2.29,093370,후성,테마 편입 사유,14130.0,상승  890,6.72,14130.0,14140.0,6595998.0,94281.0,1860442.0,,,0.624611,-0.90800832,"6,936.99",338.12,5.12,2026-05-05 14:19:40
64,2차전지,2.29,089890,코세스 *,테마 편입 사유,50500.0,"상승  3,100",6.54,50500.0,50600.0,359537.0,18142.0,381629.0,,,0.624611,-0.90800832,"6,936.99",338.12,5.12,2026-05-05 14:19:40
64,2차전지,2.29,005070,코스모신소재,테마 편입 사유,62700.0,"상승  3,800",6.45,62700.0,62800.0,397603.0,24767.0,311595.0,,,0.624611,-0.90800832,"6,936.99",338.12,5.12,2026-05-05 14:19:40
64,2차전지,2.29,217820,원익피앤이 *,테마 편입 사유,4225.0,상승  250,6.29,4220.0,4225.0,1226272.0,5168.0,529218.0,,,0.624611,-0.90800832,"6,936.99",338.12,5.12,2026-05-05 14:19:40
64,2차전지,2.29,222420,쎄노텍 *,테마 편입 사유,1680.0,상승  98,6.19,1680.0,1682.0,1062260.0,1734.0,1320583.0,,,0.624611,-0.90800832,"6,936.99",338.12,5.12,2026-05-05 14:19:40
64,2차전지,2.29,003670,포스코퓨처엠,테마 편입 사유,267000.0,"상승  15,000",5.95,266500.0,267000.0,589996.0,157788.0,425977.0,,,0.624611,-0.90800832,"6,936.99",338.12,5.12,2026-05-05 14:19:40
64,2차전지,2.29,114190,강원에너지 *,테마 편입 사유,16200.0,상승  870,5.68,16200.0,16210.0,472612.0,7603.0,237646.0,,,0.624611,-0.90800832,"6,936.99",338.12,5.12,2026-05-05 14:19:40
64,2차전지,2.29,450080,에코프로머티,테마 편입 사유,84800.0,"상승  4,500",5.6,84800.0,84900.0,1708086.0,145140.0,1150338.0,,,0.624611,-0.90800832,"6,936.99",338.12,5.12,2026-05-05 14:19:40
64,2차전지,2.29,055490,테이팩스,테마 편입 사유,21100.0,"상승  1,100",5.5,20950.0,21100.0,75626.0,1589.0,54189.0,,,0.624611,-0.90800832,"6,936.99",338.12,5.12,2026-05-05 14:19:40
64,2차전지,2.29,432470,케이엔에스 *,테마 편입 사유,14870.0,상승  720,5.09,14860.0,14870.0,1232873.0,19342.0,82402.0,,,0.624611,-0.90800832,"6,936.99",338.12,5.12,2026-05-05 14:19:40
64,2차전지,2.29,011790,SKC,테마 편입 사유,124000.0,"상승  6,000",5.08,124000.0,124100.0,702550.0,86741.0,338644.0,,,0.624611,-0.90800832,"6,936.99",338.12,5.12,2026-05-05 14:19:40
64,2차전지,2.29,126730,코칩 *,테마 편입 사유,22000.0,"상승  1,050",5.01,22000.0,22050.0,803914.0,18626.0,897853.0,,,0.624611,-0.90800832,"6,936.99",338.12,5.12,2026-05-05 14:19:40
64,2차전지,2.29,065130,탑엔지니어링 *,테마 편입 사유,3465.0,상승  165,5.0,3460.0,3465.0,96717.0,329.0,46661.0,,,0.624611,-0.90800832,"6,936.99",338.12,5.12,2026-05-05 14:19:40
64,2차전지,2.29,278280,천보 *,테마 편입 사유,65600.0,"상승  3,000",4.79,65500.0,65600.0,145377.0,9655.0,98497.0,,,0.624611,-0.90800832,"6,936.99",338.12,5.12,2026-05-05 14:19:40
64,2차전지,2.29,053080,케이엔솔 *,테마 편입 사유,14580.0,상승  650,4.67,14580.0,14590.0,577127.0,8617.0,344946.0,,,0.624611,-0.90800832,"6,936.99",338.12,5.12,2026-05-05 14:19:40
64,2차전지,2.29,247540,에코프로비엠 *,테마 편입 사유,215500.0,"상승  9,500",4.61,215000.0,215500.0,597043.0,128191.0,496622.0,,,0.624611,-0.90800832,"6,936.99",338.12,5.12,2026-05-05 14:19:40
64,2차전지,2.29,317330,덕산테코피아 *,테마 편입 사유,25100.0,"상승  1,100",4.58,25100.0,25150.0,294878.0,7513.0,281296.0,,,0.624611,-0.90800832,"6,936.99",338.12,5.12,2026-05-05 14:19:40
64,2차전지,2.29,282880,코윈테크 *,테마 편입 사유,17730.0,상승  750,4.42,17730.0,17740.0,434066.0,7851.0,427618.0,,,0.624611,-0.90800832,"6,936.99",338.12,5.12,2026-05-05 14:19:40
64,2차전지,2.29,336370,솔루스첨단소재,테마 편입 사유,13660.0,상승  570,4.35,13650.0,13660.0,1149372.0,15741.0,3202972.0,,,0.624611,-0.90800832,"6,936.99",338.12,5.12,2026-05-05 14:19:40
64,2차전지,2.29,302430,이노메트리 *,테마 편입 사유,8740.0,상승  350,4.17,8730.0,8740.0,152810.0,1341.0,52509.0,,,0.624611,-0.90800832,"6,936.99",338.12,5.12,2026-05-05 14:19:40
64,2차전지,2.29,088390,이녹스 *,테마 편입 사유,13890.0,상승  520,3.89,13850.0,13890.0,41628.0,576.0,67039.0,,,0.624611,-0.90800832,"6,936.99",338.12,5.12,2026-05-05 14:19:40
64,2차전지,2.29,480370,씨케이솔루션,테마 편입 사유,2570.0,상승  95,3.84,2570.0,2575.0,488183.0,1267.0,325527.0,,,0.624611,-0.90800832,"6,936.99",338.12,5.12,2026-05-05 14:19:40
64,2차전지,2.29,452200,민테크 *,테마 편입 사유,2870.0,상승  105,3.8,2865.0,2870.0,234851.0,667.0,119935.0,,,0.624611,-0.90800832,"6,936.99",338.12,5.12,2026-05-05 14:19:40
64,2차전지,2.29,005420,코스모화학,테마 편입 사유,18410.0,상승  660,3.72,18410.0,18420.0,456304.0,8416.0,358974.0,,,0.624611,-0.90800832,"6,936.99",338.12,5.12,2026-05-05 14:19:40
64,2차전지,2.29,056190,에스에프에이 *,테마 편입 사유,32550.0,"상승  1,150",3.66,32550.0,32600.0,136196.0,4436.0,193856.0,,,0.624611,-0.90800832,"6,936.99",338.12,5.12,2026-05-05 14:19:40
64,2차전지,2.29,054210,이랜텍 *,테마 편입 사유,13210.0,상승  460,3.61,13210.0,13220.0,465793.0,6174.0,274401.0,,,0.624611,-0.90800832,"6,936.99",338.12,5.12,2026-05-05 14:19:40
64,2차전지,2.29,137400,피엔티 *,테마 편입 사유,58000.0,"상승  2,000",3.57,57900.0,58000.0,206076.0,12011.0,192375.0,,,0.624611,-0.90800832,"6,936.99",338.12,5.12,2026-05-05 14:19:40
64,2차전지,2.29,446540,메가터치 *,테마 편입 사유,7390.0,상승  250,3.5,7390.0,7400.0,420572.0,3072.0,635562.0,,,0.624611,-0.90800832,"6,936.99",338.12,5.12,2026-05-05 14:19:40
64,2차전지,2.29,010130,고려아연,테마 편입 사유,1629000.0,"상승  50,000",3.17,1628000.0,1629000.0,34582.0,56229.0,140026.0,,,0.624611,-0.90800832,"6,936.99",338.12,5.12,2026-05-05 14:19:40
64,2차전지,2.29,001780,알루코,테마 편입 사유,3100.0,상승  95,3.16,3100.0,3105.0,12375373.0,38694.0,7057801.0,,,0.624611,-0.90800832,"6,936.99",338.12,5.12,2026-05-05 14:19:40
64,2차전지,2.29,416180,신성에스티 *,테마 편입 사유,38250.0,"상승  1,150",3.1,38200.0,38250.0,57350.0,2206.0,81009.0,,,0.624611,-0.90800832,"6,936.99",338.12,5.12,2026-05-05 14:19:40
64,2차전지,2.29,259630,엠플러스 *,테마 편입 사유,18060.0,상승  510,2.91,18060.0,18070.0,480290.0,8796.0,346911.0,,,0.624611,-0.90800832,"6,936.99",338.12,5.12,2026-05-05 14:19:40
64,2차전지,2.29,452190,한빛레이저 *,테마 편입 사유,8170.0,상승  210,2.64,8160.0,8170.0,4609780.0,38489.0,7725816.0,,,0.624611,-0.90800832,"6,936.99",338.12,5.12,2026-05-05 14:19:40
64,2차전지,2.29,107600,새빗켐 *,테마 편입 사유,31500.0,상승  800,2.61,31500.0,31550.0,55009.0,1751.0,49322.0,,,0.624611,-0.90800832,"6,936.99",338.12,5.12,2026-05-05 14:19:40
64,2차전지,2.29,241790,티이엠씨씨엔에스 *,테마 편입 사유,8530.0,상승  210,2.52,8520.0,8530.0,92876.0,791.0,56178.0,,,0.624611,-0.90800832,"6,936.99",338.12,5.12,2026-05-05 14:19:40
64,2차전지,2.29,373220,LG에너지솔루션,테마 편입 사유,472000.0,"상승  11,500",2.5,471500.0,472000.0,425260.0,199992.0,485223.0,,,0.624611,-0.90800832,"6,936.99",338.12,5.12,2026-05-05 14:19:40
64,2차전지,2.29,110990,디아이티 *,테마 편입 사유,25550.0,상승  600,2.4,25550.0,25600.0,286137.0,7413.0,167640.0,,,0.624611,-0.90800832,"6,936.99",338.12,5.12,2026-05-05 14:19:40
64,2차전지,2.29,047310,파워로직스 *,테마 편입 사유,5300.0,상승  120,2.32,5300.0,5310.0,365507.0,1951.0,211247.0,,,0.624611,-0.90800832,"6,936.99",338.12,5.12,2026-05-05 14:19:40
64,2차전지,2.29,458650,성우 *,테마 편입 사유,14120.0,상승  320,2.32,14120.0,14140.0,200675.0,2865.0,431833.0,,,0.624611,-0.90800832,"6,936.99",338.12,5.12,2026-05-05 14:19:40
64,2차전지,2.29,277880,티에스아이 *,테마 편입 사유,5750.0,상승  130,2.31,5750.0,5760.0,203844.0,1185.0,90002.0,,,0.624611,-0.90800832,"6,936.99",338.12,5.12,2026-05-05 14:19:40
64,2차전지,2.29,025900,동화기업 *,테마 편입 사유,11860.0,상승  260,2.24,11860.0,11880.0,205931.0,2478.0,225867.0,,,0.624611,-0.90800832,"6,936.99",338.12,5.12,2026-05-05 14:19:40
64,2차전지,2.29,089980,상아프론테크 *,테마 편입 사유,28050.0,상승  600,2.19,28000.0,28050.0,149870.0,4172.0,113157.0,,,0.624611,-0.90800832,"6,936.99",338.12,5.12,2026-05-05 14:19:40
64,2차전지,2.29,101360,에코앤드림 *,테마 편입 사유,19700.0,상승  420,2.18,19700.0,19710.0,94307.0,1875.0,133930.0,,,0.624611,-0.90800832,"6,936.99",338.12,5.12,2026-05-05 14:19:40
64,2차전지,2.29,121600,나노신소재 *,테마 편입 사유,84500.0,"상승  1,700",2.05,84400.0,84500.0,127206.0,10723.0,152921.0,,,0.624611,-0.90800832,"6,936.99",338.12,5.12,2026-05-05 14:19:40
64,2차전지,2.29,418550,제이오 *,테마 편입 사유,11690.0,상승  230,2.01,11690.0,11700.0,302436.0,3578.0,415989.0,,,0.624611,-0.90800832,"6,936.99",338.12,5.12,2026-05-05 14:19:40
64,2차전지,2.29,348370,엔켐 *,테마 편입 사유,45150.0,상승  850,1.92,45100.0,45150.0,222725.0,10136.0,320058.0,,,0.624611,-0.90800832,"6,936.99",338.12,5.12,2026-05-05 14:19:40
64,2차전지,2.29,086520,에코프로 *,테마 편입 사유,155800.0,"상승  2,900",1.9,155800.0,155900.0,959614.0,150302.0,1215563.0,,,0.624611,-0.90800832,"6,936.99",338.12,5.12,2026-05-05 14:19:40
64,2차전지,2.29,091580,상신이디피 *,테마 편입 사유,27100.0,상승  500,1.88,27000.0,27100.0,346053.0,9364.0,485973.0,,,0.624611,-0.90800832,"6,936.99",338.12,5.12,2026-05-05 14:19:40
64,2차전지,2.29,015750,성우하이텍 *,테마 편입 사유,9050.0,상승  160,1.8,9050.0,9060.0,643459.0,5846.0,875725.0,,,0.624611,-0.90800832,"6,936.99",338.12,5.12,2026-05-05 14:19:40
64,2차전지,2.29,064290,인텍플러스 *,테마 편입 사유,31350.0,상승  550,1.79,31350.0,31400.0,434793.0,13733.0,554190.0,,,0.624611,-0.90800832,"6,936.99",338.12,5.12,2026-05-05 14:19:40
64,2차전지,2.29,161580,필옵틱스 *,테마 편입 사유,48650.0,상승  850,1.78,48650.0,48700.0,214033.0,10390.0,233503.0,,,0.624611,-0.90800832,"6,936.99",338.12,5.12,2026-05-05 14:19:40
64,2차전지,2.29,457190,이수스페셜티케미컬,테마 편입 사유,123600.0,"상승  2,100",1.73,123600.0,123700.0,326787.0,41052.0,325714.0,,,0.624611,-0.90800832,"6,936.99",338.12,5.12,2026-05-05 14:19:40
64,2차전지,2.29,121850,코이즈 *,테마 편입 사유,2680.0,상승  45,1.71,2680.0,2685.0,50470.0,136.0,66701.0,,,0.624611,-0.90800832,"6,936.99",338.12,5.12,2026-05-05 14:19:40
64,2차전지,2.29,004490,세방전지,테마 편입 사유,67100.0,"상승  1,100",1.67,66800.0,67100.0,52133.0,3492.0,64789.0,,,0.624611,-0.90800832,"6,936.99",338.12,5.12,2026-05-05 14:19:40
64,2차전지,2.29,378340,필에너지 *,테마 편입 사유,20300.0,상승  330,1.65,20300.0,20350.0,262980.0,5389.0,273524.0,,,0.624611,-0.90800832,"6,936.99",338.12,5.12,2026-05-05 14:19:40
64,2차전지,2.29,361610,SK아이이테크놀로지,테마 편입 사유,26800.0,상승  400,1.52,26800.0,26850.0,272639.0,7438.0,200023.0,,,0.624611,-0.90800832,"6,936.99",338.12,5.12,2026-05-05 14:19:40
64,2차전지,2.29,220260,켐트로스 *,테마 편입 사유,6070.0,상승  90,1.51,6070.0,6080.0,424954.0,2617.0,262994.0,,,0.624611,-0.90800832,"6,936.99",338.12,5.12,2026-05-05 14:19:40
64,2차전지,2.29,001530,DI동일,테마 편입 사유,30500.0,상승  450,1.5,30500.0,30550.0,117698.0,3621.0,97118.0,,,0.624611,-0.90800832,"6,936.99",338.12,5.12,2026-05-05 14:19:40
64,2차전지,2.29,006400,삼성SDI,테마 편입 사유,705000.0,"상승  10,000",1.44,705000.0,706000.0,663957.0,466135.0,853824.0,,,0.624611,-0.90800832,"6,936.99",338.12,5.12,2026-05-05 14:19:40
64,2차전지,2.29,029480,광무 *,테마 편입 사유,2170.0,상승  30,1.4,2165.0,2170.0,239873.0,517.0,233671.0,,,0.624611,-0.90800832,"6,936.99",338.12,5.12,2026-05-05 14:19:40
64,2차전지,2.29,0011A0,액스비스 *,테마 편입 사유,26800.0,상승  350,1.32,26800.0,26850.0,141758.0,3729.0,286929.0,,,0.624611,-0.90800832,"6,936.99",338.12,5.12,2026-05-05 14:19:40
64,2차전지,2.29,002710,TCC스틸,테마 편입 사유,19980.0,상승  250,1.27,19980.0,19990.0,290899.0,5857.0,566528.0,,,0.624611,-0.90800832,"6,936.99",338.12,5.12,2026-05-05 14:19:40
64,2차전지,2.29,018470,조일알미늄,테마 편입 사유,1770.0,상승  21,1.2,1769.0,1770.0,10644014.0,19210.0,5545130.0,,,0.624611,-0.90800832,"6,936.99",338.12,5.12,2026-05-05 14:19:40
64,2차전지,2.29,455180,케이지에이 *,테마 편입 사유,3060.0,상승  35,1.16,3055.0,3060.0,57666.0,177.0,55715.0,,,0.624611,-0.90800832,"6,936.99",338.12,5.12,2026-05-05 14:19:40
64,2차전지,2.29,148930,에이치와이티씨 *,테마 편입 사유,3230.0,상승  35,1.1,3225.0,3230.0,41908.0,135.0,40676.0,,,0.624611,-0.90800832,"6,936.99",338.12,5.12,2026-05-05 14:19:40
64,2차전지,2.29,017370,우신시스템,테마 편입 사유,6180.0,상승  60,0.98,6160.0,6180.0,52865.0,328.0,24472.0,,,0.624611,-0.90800832,"6,936.99",338.12,5.12,2026-05-05 14:19:40
64,2차전지,2.29,008730,율촌화학,테마 편입 사유,26000.0,상승  250,0.97,25950.0,26000.0,75775.0,1992.0,93014.0,,,0.624611,-0.90800832,"6,936.99",338.12,5.12,2026-05-05 14:19:40
64,2차전지,2.29,084850,아이티엠반도체 *,테마 편입 사유,17140.0,상승  160,0.94,17140.0,17150.0,58979.0,1017.0,79735.0,,,0.624611,-0.90800832,"6,936.99",338.12,5.12,2026-05-05 14:19:40
64,2차전지,2.29,393890,더블유씨피 *,테마 편입 사유,19700.0,상승  180,0.92,19690.0,19700.0,920594.0,18459.0,1070996.0,,,0.624611,-0.90800832,"6,936.99",338.12,5.12,2026-05-05 14:19:40
64,2차전지,2.29,417010,나노팀 *,테마 편입 사유,11300.0,상승  100,0.89,11280.0,11300.0,266422.0,3033.0,280866.0,,,0.624611,-0.90800832,"6,936.99",338.12,5.12,2026-05-05 14:19:40
64,2차전지,2.29,452400,이닉스 *,테마 편입 사유,9360.0,상승  70,0.75,9350.0,9360.0,22555.0,211.0,23668.0,,,0.624611,-0.90800832,"6,936.99",338.12,5.12,2026-05-05 14:19:40
64,2차전지,2.29,049950,미래컴퍼니 *,테마 편입 사유,16320.0,상승  120,0.74,16320.0,16390.0,70021.0,1161.0,55455.0,,,0.624611,-0.90800832,"6,936.99",338.12,5.12,2026-05-05 14:19:40
64,2차전지,2.29,382840,원준 *,테마 편입 사유,9980.0,상승  70,0.71,9980.0,10000.0,116008.0,1173.0,112893.0,,,0.624611,-0.90800832,"6,936.99",338.12,5.12,2026-05-05 14:19:40
64,2차전지,2.29,413390,엠오티 *,테마 편입 사유,9240.0,상승  60,0.65,9230.0,9240.0,175124.0,1631.0,165248.0,,,0.624611,-0.90800832,"6,936.99",338.12,5.12,2026-05-05 14:19:40
64,2차전지,2.29,168360,펨트론 *,테마 편입 사유,25950.0,상승  150,0.58,25950.0,26000.0,171145.0,4418.0,327208.0,,,0.624611,-0.90800832,"6,936.99",338.12,5.12,2026-05-05 14:19:40
64,2차전지,2.29,267320,나인테크 *,테마 편입 사유,3500.0,상승  20,0.57,3495.0,3500.0,1568804.0,5541.0,1960975.0,,,0.624611,-0.90800832,"6,936.99",338.12,5.12,2026-05-05 14:19:40
64,2차전지,2.29,014680,한솔케미칼,테마 편입 사유,286500.0,"상승  1,500",0.53,286000.0,286500.0,49698.0,14279.0,47539.0,,,0.624611,-0.90800832,"6,936.99",338.12,5.12,2026-05-05 14:19:40
64,2차전지,2.29,360070,탑머티리얼 *,테마 편입 사유,20400.0,상승  100,0.49,20400.0,20500.0,28750.0,598.0,25443.0,,,0.624611,-0.90800832,"6,936.99",338.12,5.12,2026-05-05 14:19:40
64,2차전지,2.29,011500,한농화성,테마 편입 사유,23700.0,상승  100,0.42,23700.0,23750.0,318324.0,7688.0,307090.0,,,0.624611,-0.90800832,"6,936.99",338.12,5.12,2026-05-05 14:19:40
64,2차전지,2.29,382480,지아이텍 *,테마 편입 사유,2775.0,상승  10,0.36,2770.0,2775.0,494053.0,1393.0,419461.0,,,0.624611,-0.90800832,"6,936.99",338.12,5.12,2026-05-05 14:19:40
64,2차전지,2.29,251630,브이원텍 *,테마 편입 사유,6240.0,상승  20,0.32,6220.0,6240.0,55736.0,350.0,100640.0,,,0.624611,-0.90800832,"6,936.99",338.12,5.12,2026-05-05 14:19:40
64,2차전지,2.29,333620,엔시스 *,테마 편입 사유,7150.0,상승  20,0.28,7150.0,7160.0,101618.0,728.0,103044.0,,,0.624611,-0.90800832,"6,936.99",338.12,5.12,2026-05-05 14:19:40
64,2차전지,2.29,263770,유에스티 *,테마 편입 사유,2120.0,상승  5,0.24,2120.0,2125.0,26851.0,57.0,61244.0,,,0.624611,-0.90800832,"6,936.99",338.12,5.12,2026-05-05 14:19:40
64,2차전지,2.29,093920,서원인텍 *,테마 편입 사유,5220.0,상승  10,0.19,5210.0,5220.0,57439.0,299.0,26807.0,,,0.624611,-0.90800832,"6,936.99",338.12,5.12,2026-05-05 14:19:40
64,2차전지,2.29,475660,에스켐 *,테마 편입 사유,5210.0,상승  10,0.19,5170.0,5210.0,31831.0,164.0,15340.0,,,0.624611,-0.90800832,"6,936.99",338.12,5.12,2026-05-05 14:19:40
64,2차전지,2.29,452450,피아이이 *,테마 편입 사유,6920.0,상승  10,0.14,6920.0,6940.0,455775.0,3204.0,503808.0,,,0.624611,-0.90800832,"6,936.99",338.12,5.12,2026-05-05 14:19:40
64,2차전지,2.29,222080,씨아이에스 *,테마 편입 사유,17190.0,상승  20,0.12,17180.0,17190.0,4863206.0,84337.0,6840318.0,,,0.624611,-0.90800832,"6,936.99",338.12,5.12,2026-05-05 14:19:40
64,2차전지,2.29,357780,솔브레인 *,테마 편입 사유,458500.0,상승  500,0.11,458500.0,459000.0,44302.0,20262.0,32300.0,,,0.624611,-0.90800832,"6,936.99",338.12,5.12,2026-05-05 14:19:40
64,2차전지,2.29,243840,신흥에스이씨 *,테마 편입 사유,10560.0,상승  10,0.09,10550.0,10560.0,726.0,8.0,597872.0,,,0.624611,-0.90800832,"6,936.99",338.12,5.12,2026-05-05 14:19:40
64,2차전지,2.29,083930,아바코 *,테마 편입 사유,15930.0,상승  10,0.06,15930.0,15950.0,270909.0,4325.0,160458.0,,,0.624611,-0.90800832,"6,936.99",338.12,5.12,2026-05-05 14:19:40
64,2차전지,2.29,032680,소프트센 *,테마 편입 사유,268.0,보합0,0.0,0.0,0.0,0.0,0.0,2895067.0,,,0.624611,-0.90800832,"6,936.99",338.12,5.12,2026-05-05 14:19:40
64,2차전지,2.29,065350,신성델타테크 *,테마 편입 사유,58000.0,보합0,0.0,57900.0,58000.0,95639.0,5584.0,108690.0,,,0.624611,-0.90800832,"6,936.99",338.12,5.12,2026-05-05 14:19:40
64,2차전지,2.29,096630,에스코넥 *,테마 편입 사유,813.0,보합0,0.0,0.0,0.0,0.0,0.0,0.0,,,0.624611,-0.90800832,"6,936.99",338.12,5.12,2026-05-05 14:19:40
64,2차전지,2.29,131760,파인텍 *,테마 편입 사유,1036.0,보합0,0.0,0.0,0.0,0.0,0.0,0.0,,,0.624611,-0.90800832,"6,936.99",338.12,5.12,2026-05-05 14:19:40
64,2차전지,2.29,320000,한울반도체 *,테마 편입 사유,1533.0,보합0,0.0,0.0,0.0,0.0,0.0,0.0,,,0.624611,-0.90800832,"6,936.99",338.12,5.12,2026-05-05 14:19:40
64,2차전지,2.29,469750,아이비젼웍스 *,테마 편입 사유,1161.0,보합0,0.0,1157.0,1161.0,157728.0,185.0,150069.0,,,0.624611,-0.90800832,"6,936.99",338.12,5.12,2026-05-05 14:19:40
64,2차전지,2.29,900070,글로벌에스엠 *,테마 편입 사유,610.0,보합0,0.0,0.0,0.0,0.0,0.0,0.0,,,0.624611,-0.90800832,"6,936.99",338.12,5.12,2026-05-05 14:19:40
64,2차전지,2.29,419050,삼기에너지솔루션즈 *,테마 편입 사유,1889.0,하락  1,-0.05,1889.0,1892.0,502802.0,959.0,833102.0,,,0.624611,-0.90800832,"6,936.99",338.12,5.12,2026-05-05 14:19:40
64,2차전지,2.29,096770,SK이노베이션,테마 편입 사유,145700.0,하락  500,-0.34,145600.0,145700.0,1202954.0,177828.0,1134227.0,,,0.624611,-0.90800832,"6,936.99",338.12,5.12,2026-05-05 14:19:40
64,2차전지,2.29,129920,대성하이텍 *,테마 편입 사유,10600.0,하락  40,-0.38,10600.0,10610.0,332842.0,3498.0,504777.0,,,0.624611,-0.90800832,"6,936.99",338.12,5.12,2026-05-05 14:19:40
64,2차전지,2.29,493330,지에프아이 *,테마 편입 사유,18750.0,하락  100,-0.53,18610.0,18750.0,94914.0,1824.0,55847.0,,,0.624611,-0.90800832,"6,936.99",338.12,5.12,2026-05-05 14:19:40
64,2차전지,2.29,051490,나라엠앤디 *,테마 편입 사유,3945.0,하락  25,-0.63,3945.0,3955.0,84931.0,337.0,182484.0,,,0.624611,-0.90800832,"6,936.99",338.12,5.12,2026-05-05 14:19:40
64,2차전지,2.29,078600,대주전자재료 *,테마 편입 사유,157500.0,"하락  1,000",-0.63,157500.0,157600.0,250288.0,39552.0,251487.0,,,0.624611,-0.90800832,"6,936.99",338.12,5.12,2026-05-05 14:19:40
64,2차전지,2.29,006650,대한유화,테마 편입 사유,179900.0,"하락  1,200",-0.66,179800.0,179900.0,77658.0,14032.0,101114.0,,,0.624611,-0.90800832,"6,936.99",338.12,5.12,2026-05-05 14:19:40
64,2차전지,2.29,364950,에이아이코리아 *,테마 편입 사유,7230.0,하락  50,-0.69,7230.0,7250.0,66028.0,483.0,157986.0,,,0.624611,-0.90800832,"6,936.99",338.12,5.12,2026-05-05 14:19:40
64,2차전지,2.29,081180,쎄크 *,테마 편입 사유,13510.0,하락  100,-0.73,13510.0,13520.0,156048.0,2152.0,211221.0,,,0.624611,-0.90800832,"6,936.99",338.12,5.12,2026-05-05 14:19:40
64,2차전지,2.29,257370,피엔티엠에스 *,테마 편입 사유,3170.0,하락  25,-0.78,3170.0,3180.0,42318.0,133.0,48816.0,,,0.624611,-0.90800832,"6,936.99",338.12,5.12,2026-05-05 14:19:40
64,2차전지,2.29,294140,레몬 *,테마 편입 사유,3375.0,하락  30,-0.88,3375.0,3405.0,177058.0,620.0,93166.0,,,0.624611,-0.90800832,"6,936.99",338.12,5.12,2026-05-05 14:19:40
64,2차전지,2.29,004910,조광페인트,테마 편입 사유,4825.0,하락  45,-0.92,4760.0,4825.0,99599.0,479.0,60368.0,,,0.624611,-0.90800832,"6,936.99",338.12,5.12,2026-05-05 14:19:40
64,2차전지,2.29,032560,황금에스티,테마 편입 사유,6310.0,하락  60,-0.94,6310.0,6340.0,32672.0,207.0,56819.0,,,0.624611,-0.90800832,"6,936.99",338.12,5.12,2026-05-05 14:19:40
64,2차전지,2.29,290670,대보마그네틱 *,테마 편입 사유,12210.0,하락  140,-1.13,12210.0,12250.0,35066.0,440.0,24941.0,,,0.624611,-0.90800832,"6,936.99",338.12,5.12,2026-05-05 14:19:40
64,2차전지,2.29,075970,동국알앤에스 *,테마 편입 사유,2380.0,하락  30,-1.24,2380.0,2385.0,140574.0,337.0,134632.0,,,0.624611,-0.90800832,"6,936.99",338.12,5.12,2026-05-05 14:19:40
64,2차전지,2.29,265560,영화테크 *,테마 편입 사유,10660.0,하락  150,-1.39,10650.0,10660.0,75523.0,820.0,79094.0,,,0.624611,-0.90800832,"6,936.99",338.12,5.12,2026-05-05 14:19:40
64,2차전지,2.29,033160,엠케이전자 *,테마 편입 사유,27500.0,하락  400,-1.43,27500.0,27550.0,497000.0,13943.0,452409.0,,,0.624611,-0.90800832,"6,936.99",338.12,5.12,2026-05-05 14:19:40
64,2차전지,2.29,036830,솔브레인홀딩스 *,테마 편입 사유,71900.0,"하락  1,100",-1.51,71900.0,72000.0,215303.0,16070.0,129803.0,,,0.624611,-0.90800832,"6,936.99",338.12,5.12,2026-05-05 14:19:40
64,2차전지,2.29,054090,삼진엘앤디 *,테마 편입 사유,1118.0,하락  20,-1.76,1117.0,1118.0,322225.0,362.0,436587.0,,,0.624611,-0.90800832,"6,936.99",338.12,5.12,2026-05-05 14:19:40
64,2차전지,2.29,014820,동원시스템즈,테마 편입 사유,27600.0,하락  500,-1.78,27600.0,27750.0,72578.0,2043.0,63882.0,,,0.624611,-0.90800832,"6,936.99",338.12,5.12,2026-05-05 14:19:40
64,2차전지,2.29,372170,윤성에프앤씨 *,테마 편입 사유,35600.0,하락  700,-1.93,35600.0,35650.0,37607.0,1366.0,36771.0,,,0.624611,-0.90800832,"6,936.99",338.12,5.12,2026-05-05 14:19:40
64,2차전지,2.29,109740,디에스케이 *,테마 편입 사유,5840.0,하락  120,-2.01,5800.0,5840.0,143451.0,839.0,284138.0,,,0.624611,-0.90800832,"6,936.99",338.12,5.12,2026-05-05 14:19:40
64,2차전지,2.29,079810,APS이노베이션 *,테마 편입 사유,6530.0,하락  140,-2.1,6530.0,6540.0,477731.0,3166.0,561759.0,,,0.624611,-0.90800832,"6,936.99",338.12,5.12,2026-05-05 14:19:40
64,2차전지,2.29,299030,하나기술 *,테마 편입 사유,31150.0,하락  700,-2.2,31150.0,31250.0,102590.0,3222.0,62777.0,,,0.624611,-0.90800832,"6,936.99",338.12,5.12,2026-05-05 14:19:40
64,2차전지,2.29,076080,웰크론한텍 *,테마 편입 사유,1234.0,하락  31,-2.45,1233.0,1234.0,112605.0,140.0,69307.0,,,0.624611,-0.90800832,"6,936.99",338.12,5.12,2026-05-05 14:19:40
64,2차전지,2.29,354320,알멕 *,테마 편입 사유,97800.0,"하락  2,600",-2.59,97700.0,97800.0,110508.0,10971.0,102188.0,,,0.624611,-0.90800832,"6,936.99",338.12,5.12,2026-05-05 14:19:40
64,2차전지,2.29,161000,애경케미칼,테마 편입 사유,15110.0,하락  420,-2.7,15110.0,15120.0,466499.0,7115.0,735365.0,,,0.624611,-0.90800832,"6,936.99",338.12,5.12,2026-05-05 14:19:40
64,2차전지,2.29,006110,삼아알미늄,테마 편입 사유,66800.0,"하락  2,000",-2.91,66800.0,66900.0,269458.0,18252.0,472962.0,,,0.624611,-0.90800832,"6,936.99",338.12,5.12,2026-05-05 14:19:40
64,2차전지,2.29,365340,성일하이텍 *,테마 편입 사유,79800.0,"하락  2,400",-2.92,79800.0,79900.0,88278.0,7194.0,119762.0,,,0.624611,-0.90800832,"6,936.99",338.12,5.12,2026-05-05 14:19:40
64,2차전지,2.29,312610,에이에프더블류 *,테마 편입 사유,1308.0,하락  42,-3.11,1308.0,1313.0,102819.0,136.0,83504.0,,,0.624611,-0.90800832,"6,936.99",338.12,5.12,2026-05-05 14:19:40
64,2차전지,2.29,108230,톱텍 *,테마 편입 사유,4445.0,하락  145,-3.16,4445.0,4455.0,175532.0,794.0,75236.0,,,0.624611,-0.90800832,"6,936.99",338.12,5.12,2026-05-05 14:19:40
64,2차전지,2.29,090470,제이스로보틱스 *,테마 편입 사유,8920.0,하락  440,-4.7,8920.0,8930.0,95469.0,875.0,66442.0,,,0.624611,-0.90800832,"6,936.99",338.12,5.12,2026-05-05 14:19:40
64,2차전지,2.29,254120,자비스 *,테마 편입 사유,1410.0,하락  73,-4.92,1410.0,1411.0,666162.0,947.0,466407.0,,,0.624611,-0.90800832,"6,936.99",338.12,5.12,2026-05-05 14:19:40
64,2차전지,2.29,001390,KG케미칼,테마 편입 사유,6550.0,하락  520,-7.36,6550.0,6560.0,2445490.0,16429.0,6762066.0,,,0.624611,-0.90800832,"6,936.99",338.12,5.12,2026-05-05 14:19:40
64,2차전지,2.29,240600,유진테크놀로지 *,테마 편입 사유,3660.0,하락  340,-8.5,3655.0,3660.0,222955.0,837.0,230584.0,,,0.624611,-0.90800832,"6,936.99",338.12,5.12,2026-05-05 14:19:40
152,온실가스(탄소배출권)/탄소 포집·활용·저장(CCUS),1.59,059090,미코 *,테마 편입 사유,26100.0,"상승  3,450",15.23,26050.0,26100.0,2538964.0,64887.0,1918005.0,,,0.487755,-0.9073056000000002,"6,936.99",338.12,5.12,2026-05-05 14:19:40
152,온실가스(탄소배출권)/탄소 포집·활용·저장(CCUS),1.59,036170,에이치엠넥스 *,테마 편입 사유,7580.0,상승  590,8.44,7570.0,7580.0,1867074.0,13740.0,1076799.0,,,0.487755,-0.9073056000000002,"6,936.99",338.12,5.12,2026-05-05 14:19:40
152,온실가스(탄소배출권)/탄소 포집·활용·저장(CCUS),1.59,093370,후성,테마 편입 사유,14130.0,상승  890,6.72,14130.0,14140.0,6595998.0,94281.0,1860442.0,,,0.487755,-0.9073056000000002,"6,936.99",338.12,5.12,2026-05-05 14:19:40
152,온실가스(탄소배출권)/탄소 포집·활용·저장(CCUS),1.59,383310,에코프로에이치엔 *,테마 편입 사유,32850.0,상승  950,2.98,32850.0,32900.0,255746.0,8459.0,264686.0,,,0.487755,-0.9073056000000002,"6,936.99",338.12,5.12,2026-05-05 14:19:40
152,온실가스(탄소배출권)/탄소 포집·활용·저장(CCUS),1.59,086520,에코프로 *,테마 편입 사유,155800.0,"상승  2,900",1.9,155800.0,155900.0,959614.0,150302.0,1215563.0,,,0.487755,-0.9073056000000002,"6,936.99",338.12,5.12,2026-05-05 14:19:40
152,온실가스(탄소배출권)/탄소 포집·활용·저장(CCUS),1.59,004140,동방,테마 편입 사유,2970.0,상승  55,1.89,2965.0,2970.0,3263142.0,9892.0,769176.0,,,0.487755,-0.9073056000000002,"6,936.99",338.12,5.12,2026-05-05 14:19:40
152,온실가스(탄소배출권)/탄소 포집·활용·저장(CCUS),1.59,220260,켐트로스 *,테마 편입 사유,6070.0,상승  90,1.51,6070.0,6080.0,424954.0,2617.0,262994.0,,,0.487755,-0.9073056000000002,"6,936.99",338.12,5.12,2026-05-05 14:19:40
152,온실가스(탄소배출권)/탄소 포집·활용·저장(CCUS),1.59,005090,SGC에너지,테마 편입 사유,60500.0,상승  800,1.34,60500.0,60600.0,130253.0,7850.0,141354.0,,,0.487755,-0.9073056000000002,"6,936.99",338.12,5.12,2026-05-05 14:19:40
152,온실가스(탄소배출권)/탄소 포집·활용·저장(CCUS),1.59,163280,에어레인 *,테마 편입 사유,6200.0,상승  80,1.31,6190.0,6200.0,107496.0,669.0,224382.0,,,0.487755,-0.9073056000000002,"6,936.99",338.12,5.12,2026-05-05 14:19:40
152,온실가스(탄소배출권)/탄소 포집·활용·저장(CCUS),1.59,083420,그린케미칼,테마 편입 사유,6250.0,하락  10,-0.16,6250.0,6270.0,89749.0,565.0,109742.0,,,0.487755,-0.9073056000000002,"6,936.99",338.12,5.12,2026-05-05 14:19:40
152,온실가스(탄소배출권)/탄소 포집·활용·저장(CCUS),1.59,033530,SJG세종,테마 편입 사유,7890.0,하락  60,-0.75,7880.0,7890.0,169792.0,1356.0,162896.0,,,0.487755,-0.9073056000000002,"6,936.99",338.12,5.12,2026-05-05 14:19:40
152,온실가스(탄소배출권)/탄소 포집·활용·저장(CCUS),1.59,038870,에코심플렉스 *,테마 편입 사유,3085.0,하락  35,-1.12,3080.0,3085.0,77144.0,238.0,45055.0,,,0.487755,-0.9073056000000002,"6,936.99",338.12,5.12,2026-05-05 14:19:40
152,온실가스(탄소배출권)/탄소 포집·활용·저장(CCUS),1.59,448280,에코아이 *,테마 편입 사유,12390.0,하락  150,-1.2,12390.0,12420.0,113032.0,1417.0,226814.0,,,0.487755,-0.9073056000000002,"6,936.99",338.12,5.12,2026-05-05 14:19:40
152,온실가스(탄소배출권)/탄소 포집·활용·저장(CCUS),1.59,008250,이건산업,테마 편입 사유,3995.0,하락  70,-1.72,3995.0,4000.0,31170.0,125.0,15710.0,,,0.487755,-0.9073056000000002,"6,936.99",338.12,5.12,2026-05-05 14:19:40
152,온실가스(탄소배출권)/탄소 포집·활용·저장(CCUS),1.59,025750,한솔홈데코,테마 편입 사유,2680.0,하락  65,-2.37,2675.0,2680.0,176396.0,471.0,310858.0,,,0.487755,-0.9073056000000002,"6,936.99",338.12,5.12,2026-05-05 14:19:40
152,온실가스(탄소배출권)/탄소 포집·활용·저장(CCUS),1.59,069260,TKG휴켐스,테마 편입 사유,18440.0,하락  450,-2.38,18430.0,18440.0,121988.0,2270.0,133840.0,,,0.487755,-0.9073056000000002,"6,936.99",338.12,5.12,2026-05-05 14:19:40
152,온실가스(탄소배출권)/탄소 포집·활용·저장(CCUS),1.59,014830,유니드,테마 편입 사유,90500.0,"하락  4,300",-4.54,90500.0,90600.0,69039.0,6351.0,49918.0,,,0.487755,-0.9073056000000002,"6,936.99",338.12,5.12,2026-05-05 14:19:40
110,화장품,-0.17,005690,파미셀,테마 편입 사유,20250.0,"상승  2,140",11.82,20200.0,20250.0,3583774.0,72919.0,2252057.0,,,0.142937,-0.9018374400000001,"6,936.99",338.12,5.12,2026-05-05 14:19:40
110,화장품,-0.17,051900,LG생활건강,테마 편입 사유,279500.0,"상승  25,500",10.04,279500.0,280000.0,333640.0,94123.0,81025.0,,,0.142937,-0.9018374400000001,"6,936.99",338.12,5.12,2026-05-05 14:19:40
110,화장품,-0.17,214450,파마리서치 *,테마 편입 사유,339000.0,"상승  25,500",8.13,339000.0,339500.0,254668.0,87880.0,86878.0,,,0.142937,-0.9018374400000001,"6,936.99",338.12,5.12,2026-05-05 14:19:40
110,화장품,-0.17,048410,현대바이오 *,테마 편입 사유,14400.0,"상승  1,000",7.46,14400.0,14410.0,3097633.0,43451.0,2160353.0,,,0.142937,-0.9018374400000001,"6,936.99",338.12,5.12,2026-05-05 14:19:40
110,화장품,-0.17,007390,네이처셀 *,테마 편입 사유,20400.0,"상승  1,250",6.53,20350.0,20400.0,526535.0,10612.0,337532.0,,,0.142937,-0.9018374400000001,"6,936.99",338.12,5.12,2026-05-05 14:19:40
110,화장품,-0.17,318160,셀바이오휴먼텍 *,테마 편입 사유,8080.0,상승  430,5.62,8070.0,8080.0,126383.0,1024.0,22905.0,,,0.142937,-0.9018374400000001,"6,936.99",338.12,5.12,2026-05-05 14:19:40
110,화장품,-0.17,406820,뷰티스킨 *,테마 편입 사유,3145.0,상승  140,4.66,3140.0,3145.0,1374.0,4.0,1307634.0,,,0.142937,-0.9018374400000001,"6,936.99",338.12,5.12,2026-05-05 14:19:40
110,화장품,-0.17,265740,엔에프씨 *,테마 편입 사유,7430.0,상승  290,4.06,7430.0,7440.0,323929.0,2386.0,177146.0,,,0.142937,-0.9018374400000001,"6,936.99",338.12,5.12,2026-05-05 14:19:40
110,화장품,-0.17,314130,지놈앤컴퍼니 *,테마 편입 사유,7340.0,상승  280,3.97,7330.0,7340.0,463578.0,3385.0,657104.0,,,0.142937,-0.9018374400000001,"6,936.99",338.12,5.12,2026-05-05 14:19:40
110,화장품,-0.17,251970,펌텍코리아 *,테마 편입 사유,42600.0,"상승  1,200",2.9,42600.0,42650.0,63225.0,2746.0,60714.0,,,0.142937,-0.9018374400000001,"6,936.99",338.12,5.12,2026-05-05 14:19:40
110,화장품,-0.17,092730,네오팜 *,테마 편입 사유,20950.0,상승  550,2.7,20650.0,20950.0,43267.0,893.0,74458.0,,,0.142937,-0.9018374400000001,"6,936.99",338.12,5.12,2026-05-05 14:19:40
110,화장품,-0.17,002790,아모레퍼시픽홀딩스,테마 편입 사유,28550.0,상승  700,2.51,28500.0,28550.0,116490.0,3312.0,153267.0,,,0.142937,-0.9018374400000001,"6,936.99",338.12,5.12,2026-05-05 14:19:40
110,화장품,-0.17,214150,클래시스 *,테마 편입 사유,56300.0,상승  700,1.26,56300.0,56400.0,160956.0,9188.0,182217.0,,,0.142937,-0.9018374400000001,"6,936.99",338.12,5.12,2026-05-05 14:19:40
110,화장품,-0.17,462310,뉴키즈온 *,테마 편입 사유,4505.0,상승  55,1.24,4420.0,4500.0,19838.0,89.0,40432.0,,,0.142937,-0.9018374400000001,"6,936.99",338.12,5.12,2026-05-05 14:19:40
110,화장품,-0.17,226320,잇츠한불,테마 편입 사유,12500.0,상승  130,1.05,12500.0,12520.0,89403.0,1117.0,110213.0,,,0.142937,-0.9018374400000001,"6,936.99",338.12,5.12,2026-05-05 14:19:40
110,화장품,-0.17,388610,지에프씨생명과학 *,테마 편입 사유,9940.0,상승  100,1.02,9940.0,9980.0,18708.0,186.0,33018.0,,,0.142937,-0.9018374400000001,"6,936.99",338.12,5.12,2026-05-05 14:19:40
110,화장품,-0.17,278470,에이피알,테마 편입 사유,428500.0,"상승  4,000",0.94,428000.0,428500.0,341305.0,145435.0,365671.0,,,0.142937,-0.9018374400000001,"6,936.99",338.12,5.12,2026-05-05 14:19:40
110,화장품,-0.17,021240,코웨이,테마 편입 사유,86700.0,상승  600,0.7,86700.0,86800.0,149229.0,12967.0,384403.0,,,0.142937,-0.9018374400000001,"6,936.99",338.12,5.12,2026-05-05 14:19:40
110,화장품,-0.17,192440,슈피겐코리아 *,테마 편입 사유,26900.0,상승  150,0.56,26800.0,26900.0,8902.0,238.0,2582.0,,,0.142937,-0.9018374400000001,"6,936.99",338.12,5.12,2026-05-05 14:19:40
110,화장품,-0.17,0015N0,아로마티카 *,테마 편입 사유,9600.0,상승  50,0.52,9590.0,9600.0,149245.0,1441.0,156317.0,,,0.142937,-0.9018374400000001,"6,936.99",338.12,5.12,2026-05-05 14:19:40
110,화장품,-0.17,420570,제이투케이바이오 *,테마 편입 사유,8300.0,상승  40,0.48,8280.0,8300.0,33079.0,272.0,17739.0,,,0.142937,-0.9018374400000001,"6,936.99",338.12,5.12,2026-05-05 14:19:40
110,화장품,-0.17,052260,현대바이오랜드 *,테마 편입 사유,4610.0,상승  20,0.44,4610.0,4615.0,174429.0,809.0,173069.0,,,0.142937,-0.9018374400000001,"6,936.99",338.12,5.12,2026-05-05 14:19:40
110,화장품,-0.17,950140,잉글우드랩 *,테마 편입 사유,12030.0,상승  30,0.25,12030.0,12040.0,107312.0,1304.0,73708.0,,,0.142937,-0.9018374400000001,"6,936.99",338.12,5.12,2026-05-05 14:19:40
110,화장품,-0.17,003580,HLB글로벌,테마 편입 사유,2210.0,상승  5,0.23,2205.0,2210.0,130385.0,289.0,75785.0,,,0.142937,-0.9018374400000001,"6,936.99",338.12,5.12,2026-05-05 14:19:40
110,화장품,-0.17,024720,콜마홀딩스,테마 편입 사유,9820.0,상승  10,0.1,9820.0,9840.0,62084.0,611.0,52999.0,,,0.142937,-0.9018374400000001,"6,936.99",338.12,5.12,2026-05-05 14:19:40
110,화장품,-0.17,002840,미원상사,테마 편입 사유,151900.0,상승  100,0.07,151900.0,152000.0,5871.0,878.0,7172.0,,,0.142937,-0.9018374400000001,"6,936.99",338.12,5.12,2026-05-05 14:19:40
110,화장품,-0.17,137940,넥스트아이 *,테마 편입 사유,263.0,보합0,0.0,0.0,0.0,0.0,0.0,2376277.0,,,0.142937,-0.9018374400000001,"6,936.99",338.12,5.12,2026-05-05 14:19:40
110,화장품,-0.17,002720,국제약품,테마 편입 사유,4710.0,보합0,0.0,4710.0,4720.0,187137.0,884.0,114939.0,,,0.142937,-0.9018374400000001,"6,936.99",338.12,5.12,2026-05-05 14:19:40
110,화장품,-0.17,159910,에코글로우 *,테마 편입 사유,800.0,보합0,0.0,0.0,0.0,0.0,0.0,0.0,,,0.142937,-0.9018374400000001,"6,936.99",338.12,5.12,2026-05-05 14:19:40
110,화장품,-0.17,161890,한국콜마,테마 편입 사유,88700.0,보합0,0.0,88600.0,88700.0,164345.0,14635.0,325146.0,,,0.142937,-0.9018374400000001,"6,936.99",338.12,5.12,2026-05-05 14:19:40
110,화장품,-0.17,225430,케이엠제약 *,테마 편입 사유,517.0,보합0,0.0,0.0,0.0,0.0,0.0,0.0,,,0.142937,-0.9018374400000001,"6,936.99",338.12,5.12,2026-05-05 14:19:40
110,화장품,-0.17,226340,본느 *,테마 편입 사유,647.0,보합0,0.0,0.0,0.0,0.0,0.0,2180971.0,,,0.142937,-0.9018374400000001,"6,936.99",338.12,5.12,2026-05-05 14:19:40
110,화장품,-0.17,227610,아우딘퓨쳐스 *,테마 편입 사유,794.0,보합0,0.0,0.0,0.0,0.0,0.0,322493.0,,,0.142937,-0.9018374400000001,"6,936.99",338.12,5.12,2026-05-05 14:19:40
110,화장품,-0.17,298060,풍전약품 *,테마 편입 사유,927.0,보합0,0.0,0.0,0.0,0.0,0.0,0.0,,,0.142937,-0.9018374400000001,"6,936.99",338.12,5.12,2026-05-05 14:19:40
110,화장품,-0.17,377220,프롬바이오 *,테마 편입 사유,1269.0,보합0,0.0,1267.0,1269.0,62309.0,79.0,118572.0,,,0.142937,-0.9018374400000001,"6,936.99",338.12,5.12,2026-05-05 14:19:40
110,화장품,-0.17,080530,코디 *,테마 편입 사유,815.0,보합0,0.0,0.0,0.0,0.0,0.0,0.0,,,0.142937,-0.9018374400000001,"6,936.99",338.12,5.12,2026-05-05 14:19:40
110,화장품,-0.17,018700,바른손 *,테마 편입 사유,561.0,보합0,0.0,0.0,0.0,0.0,0.0,0.0,,,0.142937,-0.9018374400000001,"6,936.99",338.12,5.12,2026-05-05 14:19:40
110,화장품,-0.17,031430,신세계인터내셔날,테마 편입 사유,14860.0,하락  10,-0.07,14840.0,14860.0,78484.0,1178.0,162443.0,,,0.142937,-0.9018374400000001,"6,936.99",338.12,5.12,2026-05-05 14:19:40
110,화장품,-0.17,214370,케어젠 *,테마 편입 사유,105400.0,하락  100,-0.09,105100.0,105400.0,71449.0,7476.0,149756.0,,,0.142937,-0.9018374400000001,"6,936.99",338.12,5.12,2026-05-05 14:19:40
110,화장품,-0.17,003350,한국화장품제조,테마 편입 사유,10090.0,하락  10,-0.1,10080.0,10090.0,125240.0,1267.0,232524.0,,,0.142937,-0.9018374400000001,"6,936.99",338.12,5.12,2026-05-05 14:19:40
110,화장품,-0.17,900310,컬러레이 *,테마 편입 사유,538.0,하락  1,-0.19,537.0,538.0,164705.0,89.0,107903.0,,,0.142937,-0.9018374400000001,"6,936.99",338.12,5.12,2026-05-05 14:19:40
110,화장품,-0.17,471820,셀로맥스사이언스 *,테마 편입 사유,5210.0,하락  10,-0.19,5200.0,5210.0,28662.0,150.0,11897.0,,,0.142937,-0.9018374400000001,"6,936.99",338.12,5.12,2026-05-05 14:19:40
110,화장품,-0.17,016100,리더스코스메틱 *,테마 편입 사유,1845.0,하락  5,-0.27,1842.0,1845.0,113816.0,206.0,66337.0,,,0.142937,-0.9018374400000001,"6,936.99",338.12,5.12,2026-05-05 14:19:40
110,화장품,-0.17,090370,메타랩스,테마 편입 사유,1457.0,하락  4,-0.27,1457.0,1460.0,56761.0,82.0,41921.0,,,0.142937,-0.9018374400000001,"6,936.99",338.12,5.12,2026-05-05 14:19:40
110,화장품,-0.17,263920,휴엠앤씨 *,테마 편입 사유,3880.0,하락  15,-0.39,3850.0,3880.0,8755.0,34.0,16685.0,,,0.142937,-0.9018374400000001,"6,936.99",338.12,5.12,2026-05-05 14:19:40
110,화장품,-0.17,049830,승일 *,테마 편입 사유,7460.0,하락  30,-0.4,7460.0,7470.0,4008.0,30.0,5750.0,,,0.142937,-0.9018374400000001,"6,936.99",338.12,5.12,2026-05-05 14:19:40
110,화장품,-0.17,019660,글로본 *,테마 편입 사유,2260.0,하락  10,-0.44,2260.0,2265.0,49944.0,112.0,30718.0,,,0.142937,-0.9018374400000001,"6,936.99",338.12,5.12,2026-05-05 14:19:40
110,화장품,-0.17,237880,클리오 *,테마 편입 사유,13220.0,하락  70,-0.53,13220.0,13230.0,38015.0,507.0,41764.0,,,0.142937,-0.9018374400000001,"6,936.99",338.12,5.12,2026-05-05 14:19:40
110,화장품,-0.17,018250,애경산업,테마 편입 사유,14820.0,하락  80,-0.54,14810.0,14820.0,30632.0,457.0,72569.0,,,0.142937,-0.9018374400000001,"6,936.99",338.12,5.12,2026-05-05 14:19:40
110,화장품,-0.17,027050,코리아나 *,테마 편입 사유,1994.0,하락  11,-0.55,1994.0,1996.0,337053.0,678.0,606458.0,,,0.142937,-0.9018374400000001,"6,936.99",338.12,5.12,2026-05-05 14:19:40
110,화장품,-0.17,123690,한국화장품,테마 편입 사유,8840.0,하락  50,-0.56,8840.0,8850.0,126778.0,1129.0,152935.0,,,0.142937,-0.9018374400000001,"6,936.99",338.12,5.12,2026-05-05 14:19:40
110,화장품,-0.17,290650,엘앤씨바이오 *,테마 편입 사유,62800.0,하락  400,-0.63,62700.0,62800.0,228575.0,14535.0,536105.0,,,0.142937,-0.9018374400000001,"6,936.99",338.12,5.12,2026-05-05 14:19:40
110,화장품,-0.17,217730,강스템바이오텍 *,테마 편입 사유,3970.0,하락  25,-0.63,3965.0,3970.0,1185822.0,4707.0,918491.0,,,0.142937,-0.9018374400000001,"6,936.99",338.12,5.12,2026-05-05 14:19:40
110,화장품,-0.17,451250,삐아 *,테마 편입 사유,8820.0,하락  60,-0.68,8810.0,8820.0,54511.0,483.0,55483.0,,,0.142937,-0.9018374400000001,"6,936.99",338.12,5.12,2026-05-05 14:19:40
110,화장품,-0.17,123330,제닉 *,테마 편입 사유,27950.0,하락  200,-0.71,27950.0,28000.0,146292.0,4116.0,90980.0,,,0.142937,-0.9018374400000001,"6,936.99",338.12,5.12,2026-05-05 14:19:40
110,화장품,-0.17,192820,코스맥스,테마 편입 사유,209000.0,"하락  1,500",-0.71,209000.0,209500.0,75378.0,16032.0,86004.0,,,0.142937,-0.9018374400000001,"6,936.99",338.12,5.12,2026-05-05 14:19:40
110,화장품,-0.17,252500,세화피앤씨 *,테마 편입 사유,829.0,하락  6,-0.72,828.0,829.0,83995.0,69.0,75559.0,,,0.142937,-0.9018374400000001,"6,936.99",338.12,5.12,2026-05-05 14:19:40
110,화장품,-0.17,090430,아모레퍼시픽,테마 편입 사유,134300.0,"하락  1,000",-0.74,134200.0,134300.0,273854.0,37116.0,435705.0,,,0.142937,-0.9018374400000001,"6,936.99",338.12,5.12,2026-05-05 14:19:40
110,화장품,-0.17,214420,토니모리,테마 편입 사유,7550.0,하락  60,-0.79,7540.0,7550.0,203190.0,1542.0,225779.0,,,0.142937,-0.9018374400000001,"6,936.99",338.12,5.12,2026-05-05 14:19:40
110,화장품,-0.17,114840,아이패밀리에스씨 *,테마 편입 사유,10710.0,하락  90,-0.83,10710.0,10740.0,74993.0,809.0,105528.0,,,0.142937,-0.9018374400000001,"6,936.99",338.12,5.12,2026-05-05 14:19:40
110,화장품,-0.17,196300,HLB펩 *,테마 편입 사유,7190.0,하락  60,-0.83,7190.0,7240.0,19934.0,144.0,20967.0,,,0.142937,-0.9018374400000001,"6,936.99",338.12,5.12,2026-05-05 14:19:40
110,화장품,-0.17,489460,바이오비쥬 *,테마 편입 사유,8300.0,하락  70,-0.84,8300.0,8310.0,38798.0,327.0,38178.0,,,0.142937,-0.9018374400000001,"6,936.99",338.12,5.12,2026-05-05 14:19:40
110,화장품,-0.17,439090,마녀공장 *,테마 편입 사유,15780.0,하락  160,-1.0,15780.0,15810.0,173433.0,2748.0,263685.0,,,0.142937,-0.9018374400000001,"6,936.99",338.12,5.12,2026-05-05 14:19:40
110,화장품,-0.17,900270,헝셩그룹 *,테마 편입 사유,1081.0,하락  11,-1.01,1080.0,1081.0,135676.0,147.0,150081.0,,,0.142937,-0.9018374400000001,"6,936.99",338.12,5.12,2026-05-05 14:19:40
110,화장품,-0.17,453860,에이에스텍 *,테마 편입 사유,15100.0,하락  170,-1.11,15100.0,15120.0,15548.0,238.0,12361.0,,,0.142937,-0.9018374400000001,"6,936.99",338.12,5.12,2026-05-05 14:19:40
110,화장품,-0.17,483650,달바글로벌,테마 편입 사유,223500.0,"하락  2,500",-1.11,223500.0,224000.0,103858.0,23261.0,171189.0,,,0.142937,-0.9018374400000001,"6,936.99",338.12,5.12,2026-05-05 14:19:40
110,화장품,-0.17,101240,씨큐브 *,테마 편입 사유,4115.0,하락  50,-1.2,4115.0,4130.0,43231.0,180.0,31063.0,,,0.142937,-0.9018374400000001,"6,936.99",338.12,5.12,2026-05-05 14:19:40
110,화장품,-0.17,053980,오상자이엘 *,테마 편입 사유,3235.0,하락  40,-1.22,3235.0,3240.0,108304.0,351.0,71296.0,,,0.142937,-0.9018374400000001,"6,936.99",338.12,5.12,2026-05-05 14:19:40
110,화장품,-0.17,200130,콜마비앤에이치 *,테마 편입 사유,11420.0,하락  150,-1.3,11420.0,11460.0,71289.0,818.0,60529.0,,,0.142937,-0.9018374400000001,"6,936.99",338.12,5.12,2026-05-05 14:19:40
110,화장품,-0.17,018290,브이티 *,테마 편입 사유,16730.0,하락  230,-1.36,16730.0,16760.0,253280.0,4295.0,282489.0,,,0.142937,-0.9018374400000001,"6,936.99",338.12,5.12,2026-05-05 14:19:40
110,화장품,-0.17,257720,실리콘투 *,테마 편입 사유,43400.0,하락  600,-1.36,43400.0,43450.0,857413.0,37842.0,499934.0,,,0.142937,-0.9018374400000001,"6,936.99",338.12,5.12,2026-05-05 14:19:40
110,화장품,-0.17,086710,선진뷰티사이언스 *,테마 편입 사유,10860.0,하락  170,-1.54,10860.0,10870.0,163744.0,1795.0,103023.0,,,0.142937,-0.9018374400000001,"6,936.99",338.12,5.12,2026-05-05 14:19:40
110,화장품,-0.17,006620,동구바이오제약 *,테마 편입 사유,5070.0,하락  80,-1.55,5070.0,5080.0,200903.0,1029.0,87931.0,,,0.142937,-0.9018374400000001,"6,936.99",338.12,5.12,2026-05-05 14:19:40
110,화장품,-0.17,159580,제로투세븐 *,테마 편입 사유,3920.0,하락  75,-1.88,3920.0,3945.0,46341.0,183.0,36619.0,,,0.142937,-0.9018374400000001,"6,936.99",338.12,5.12,2026-05-05 14:19:40
110,화장품,-0.17,241710,코스메카코리아 *,테마 편입 사유,79400.0,"하락  1,600",-1.98,79400.0,79500.0,59017.0,4790.0,94921.0,,,0.142937,-0.9018374400000001,"6,936.99",338.12,5.12,2026-05-05 14:19:40
110,화장품,-0.17,260930,씨티케이 *,테마 편입 사유,3880.0,하락  80,-2.02,3875.0,3880.0,107631.0,422.0,86808.0,,,0.142937,-0.9018374400000001,"6,936.99",338.12,5.12,2026-05-05 14:19:40
110,화장품,-0.17,025620,차AI헬스케어,테마 편입 사유,8470.0,하락  180,-2.08,8470.0,8490.0,24094.0,205.0,29669.0,,,0.142937,-0.9018374400000001,"6,936.99",338.12,5.12,2026-05-05 14:19:40
110,화장품,-0.17,460870,에스엠씨지 *,테마 편입 사유,3510.0,하락  80,-2.23,3510.0,3520.0,231082.0,815.0,153034.0,,,0.142937,-0.9018374400000001,"6,936.99",338.12,5.12,2026-05-05 14:19:40
110,화장품,-0.17,078140,대봉엘에스 *,테마 편입 사유,10630.0,하락  250,-2.3,10610.0,10630.0,35971.0,386.0,16899.0,,,0.142937,-0.9018374400000001,"6,936.99",338.12,5.12,2026-05-05 14:19:40
110,화장품,-0.17,362320,청담글로벌 *,테마 편입 사유,5060.0,하락  120,-2.32,5060.0,5070.0,88634.0,456.0,75914.0,,,0.142937,-0.9018374400000001,"6,936.99",338.12,5.12,2026-05-05 14:19:40
110,화장품,-0.17,214260,라파스 *,테마 편입 사유,9250.0,하락  250,-2.63,9250.0,9280.0,60651.0,565.0,36858.0,,,0.142937,-0.9018374400000001,"6,936.99",338.12,5.12,2026-05-05 14:19:40
110,화장품,-0.17,347740,피엔케이피부임상연구센타 *,테마 편입 사유,2420.0,하락  75,-3.01,2410.0,2420.0,118975.0,290.0,143716.0,,,0.142937,-0.9018374400000001,"6,936.99",338.12,5.12,2026-05-05 14:19:40
110,화장품,-0.17,168330,내츄럴엔도텍 *,테마 편입 사유,2480.0,하락  80,-3.12,2450.0,2480.0,38983.0,96.0,46008.0,,,0.142937,-0.9018374400000001,"6,936.99",338.12,5.12,2026-05-05 14:19:40
110,화장품,-0.17,032860,더라미 *,테마 편입 사유,1314.0,하락  49,-3.6,1297.0,1314.0,165487.0,217.0,191803.0,,,0.142937,-0.9018374400000001,"6,936.99",338.12,5.12,2026-05-05 14:19:40
110,화장품,-0.17,006490,인스코비,테마 편입 사유,446.0,하락  19,-4.09,445.0,446.0,856082.0,395.0,1326741.0,,,0.142937,-0.9018374400000001,"6,936.99",338.12,5.12,2026-05-05 14:19:40
110,화장품,-0.17,078520,에이블씨엔씨,테마 편입 사유,14250.0,하락  670,-4.49,14250.0,14270.0,126705.0,1838.0,137376.0,,,0.142937,-0.9018374400000001,"6,936.99",338.12,5.12,2026-05-05 14:19:40
110,화장품,-0.17,352480,씨앤씨인터내셔널 *,테마 편입 사유,28350.0,"하락  1,350",-4.55,28300.0,28350.0,34792.0,1008.0,24980.0,,,0.142937,-0.9018374400000001,"6,936.99",338.12,5.12,2026-05-05 14:19:40
110,화장품,-0.17,219550,디와이디 *,테마 편입 사유,1797.0,하락  86,-4.57,1797.0,1807.0,283053.0,521.0,89572.0,,,0.142937,-0.9018374400000001,"6,936.99",338.12,5.12,2026-05-05 14:19:40
110,화장품,-0.17,900300,오가닉티코스메틱 *,테마 편입 사유,205.0,하락  13,-5.96,205.0,206.0,30721714.0,6482.0,77317176.0,,,0.142937,-0.9018374400000001,"6,936.99",338.12,5.12,2026-05-05 14:19:40
110,화장품,-0.17,142760,모아라이프플러스 *,테마 편입 사유,793.0,하락  66,-7.68,793.0,795.0,309085.0,251.0,200985.0,,,0.142937,-0.9018374400000001,"6,936.99",338.12,5.12,2026-05-05 14:19:40
110,화장품,-0.17,083660,CSA 코스믹 *,테마 편입 사유,393.0,하락  42,-9.66,393.0,394.0,2906374.0,1154.0,4231703.0,,,0.142937,-0.9018374400000001,"6,936.99",338.12,5.12,2026-05-05 14:19:40
205,원자력발전,2.86,189860,서전기전 *,테마 편입 사유,8900.0,"상한가  2,050",29.93,8900.0,0.0,2099248.0,17616.0,582378.0,,,0.73439,-0.9000768000000003,"6,936.99",338.12,5.12,2026-05-05 14:19:40
205,원자력발전,2.86,006910,보성파워텍 *,테마 편입 사유,14350.0,"상승  2,270",18.79,14340.0,14350.0,45071893.0,640346.0,5449224.0,,,0.73439,-0.9000768000000003,"6,936.99",338.12,5.12,2026-05-05 14:19:40
205,원자력발전,2.86,012210,삼미금속 *,테마 편입 사유,15450.0,"상승  2,110",15.82,15440.0,15450.0,2844478.0,42866.0,158889.0,,,0.73439,-0.9000768000000003,"6,936.99",338.12,5.12,2026-05-05 14:19:40
205,원자력발전,2.86,388050,지투파워 *,테마 편입 사유,16250.0,"상승  1,640",11.23,16250.0,16260.0,4732628.0,77070.0,1881638.0,,,0.73439,-0.9000768000000003,"6,936.99",338.12,5.12,2026-05-05 14:19:40
205,원자력발전,2.86,044490,태웅 *,테마 편입 사유,58800.0,"상승  5,800",10.94,58800.0,58900.0,783901.0,45931.0,195784.0,,,0.73439,-0.9000768000000003,"6,936.99",338.12,5.12,2026-05-05 14:19:40
205,원자력발전,2.86,298040,효성중공업,테마 편입 사유,4228000.0,"상승  316,000",8.08,4227000.0,4228000.0,68111.0,281594.0,54104.0,,,0.73439,-0.9000768000000003,"6,936.99",338.12,5.12,2026-05-05 14:19:40
205,원자력발전,2.86,001440,대한전선,테마 편입 사유,60700.0,"상승  4,400",7.82,60700.0,60800.0,20027539.0,1218761.0,33872753.0,,,0.73439,-0.9000768000000003,"6,936.99",338.12,5.12,2026-05-05 14:19:40
205,원자력발전,2.86,011700,한신기계,테마 편입 사유,4965.0,상승  350,7.58,4960.0,4965.0,4141241.0,20889.0,783061.0,,,0.73439,-0.9000768000000003,"6,936.99",338.12,5.12,2026-05-05 14:19:40
205,원자력발전,2.86,094820,일진파워 *,테마 편입 사유,23200.0,"상승  1,550",7.16,23150.0,23200.0,1539930.0,35813.0,510826.0,,,0.73439,-0.9000768000000003,"6,936.99",338.12,5.12,2026-05-05 14:19:40
205,원자력발전,2.86,019990,에너토크 *,테마 편입 사유,10970.0,상승  660,6.4,10970.0,10980.0,935248.0,10418.0,267078.0,,,0.73439,-0.9000768000000003,"6,936.99",338.12,5.12,2026-05-05 14:19:40
205,원자력발전,2.86,046120,오르비텍 *,테마 편입 사유,12320.0,상승  690,5.93,12310.0,12320.0,7886.0,97.0,1073064.0,,,0.73439,-0.9000768000000003,"6,936.99",338.12,5.12,2026-05-05 14:19:40
205,원자력발전,2.86,010120,LS ELECTRIC,테마 편입 사유,294000.0,"상승  16,000",5.76,293500.0,294000.0,1490046.0,432240.0,1165228.0,,,0.73439,-0.9000768000000003,"6,936.99",338.12,5.12,2026-05-05 14:19:40
205,원자력발전,2.86,114190,강원에너지 *,테마 편입 사유,16200.0,상승  870,5.68,16200.0,16210.0,472612.0,7603.0,237646.0,,,0.73439,-0.9000768000000003,"6,936.99",338.12,5.12,2026-05-05 14:19:40
205,원자력발전,2.86,126720,수산인더스트리,테마 편입 사유,35700.0,"상승  1,650",4.85,35700.0,35750.0,131629.0,4675.0,87257.0,,,0.73439,-0.9000768000000003,"6,936.99",338.12,5.12,2026-05-05 14:19:40
205,원자력발전,2.86,013030,하이록코리아 *,테마 편입 사유,46150.0,"상승  2,000",4.53,46100.0,46150.0,115824.0,5301.0,91765.0,,,0.73439,-0.9000768000000003,"6,936.99",338.12,5.12,2026-05-05 14:19:40
205,원자력발전,2.86,100840,SNT에너지,테마 편입 사유,58600.0,"상승  2,400",4.27,58500.0,58600.0,290298.0,16807.0,340385.0,,,0.73439,-0.9000768000000003,"6,936.99",338.12,5.12,2026-05-05 14:19:40
205,원자력발전,2.86,457550,우진엔텍 *,테마 편입 사유,28200.0,상승  950,3.49,28150.0,28200.0,184292.0,5149.0,125453.0,,,0.73439,-0.9000768000000003,"6,936.99",338.12,5.12,2026-05-05 14:19:40
205,원자력발전,2.86,130660,한전산업,테마 편입 사유,20600.0,상승  500,2.49,20550.0,20600.0,519242.0,10689.0,374999.0,,,0.73439,-0.9000768000000003,"6,936.99",338.12,5.12,2026-05-05 14:19:40
205,원자력발전,2.86,105840,우진,테마 편입 사유,28700.0,상승  650,2.32,28650.0,28700.0,1126436.0,32377.0,437820.0,,,0.73439,-0.9000768000000003,"6,936.99",338.12,5.12,2026-05-05 14:19:40
205,원자력발전,2.86,187220,디티앤씨 *,테마 편입 사유,3230.0,상승  70,2.22,3230.0,3235.0,46047.0,148.0,36861.0,,,0.73439,-0.9000768000000003,"6,936.99",338.12,5.12,2026-05-05 14:19:40
205,원자력발전,2.86,015760,한국전력,테마 편입 사유,44500.0,상승  950,2.18,44450.0,44500.0,2352086.0,105271.0,2525970.0,,,0.73439,-0.9000768000000003,"6,936.99",338.12,5.12,2026-05-05 14:19:40
205,원자력발전,2.86,282720,금양그린파워 *,테마 편입 사유,16420.0,상승  320,1.99,16410.0,16420.0,379.0,6.0,563438.0,,,0.73439,-0.9000768000000003,"6,936.99",338.12,5.12,2026-05-05 14:19:40
205,원자력발전,2.86,096350,대창솔루션 *,테마 편입 사유,3100.0,상승  55,1.81,3100.0,3105.0,1277774.0,3995.0,779206.0,,,0.73439,-0.9000768000000003,"6,936.99",338.12,5.12,2026-05-05 14:19:40
205,원자력발전,2.86,083650,비에이치아이 *,테마 편입 사유,99200.0,"상승  1,700",1.74,99200.0,99300.0,322879.0,32116.0,310867.0,,,0.73439,-0.9000768000000003,"6,936.99",338.12,5.12,2026-05-05 14:19:40
205,원자력발전,2.86,045100,한양이엔지 *,테마 편입 사유,32500.0,상승  350,1.09,32500.0,32550.0,129667.0,4253.0,128118.0,,,0.73439,-0.9000768000000003,"6,936.99",338.12,5.12,2026-05-05 14:19:40
205,원자력발전,2.86,036190,금화피에스시 *,테마 편입 사유,40700.0,상승  400,0.99,40500.0,40700.0,15029.0,608.0,11986.0,,,0.73439,-0.9000768000000003,"6,936.99",338.12,5.12,2026-05-05 14:19:40
205,원자력발전,2.86,014620,성광벤드 *,테마 편입 사유,46500.0,상승  100,0.22,46450.0,46500.0,201352.0,9369.0,289970.0,,,0.73439,-0.9000768000000003,"6,936.99",338.12,5.12,2026-05-05 14:19:40
205,원자력발전,2.86,036640,HRS *,테마 편입 사유,5360.0,상승  10,0.19,5360.0,5370.0,133416.0,712.0,43206.0,,,0.73439,-0.9000768000000003,"6,936.99",338.12,5.12,2026-05-05 14:19:40
205,원자력발전,2.86,038010,제일테크노스 *,테마 편입 사유,6840.0,상승  10,0.15,6830.0,6840.0,46580.0,314.0,18500.0,,,0.73439,-0.9000768000000003,"6,936.99",338.12,5.12,2026-05-05 14:19:40
205,원자력발전,2.86,081150,티플랙스 *,테마 편입 사유,3660.0,상승  5,0.14,3655.0,3660.0,334330.0,1232.0,293546.0,,,0.73439,-0.9000768000000003,"6,936.99",338.12,5.12,2026-05-05 14:19:40
205,원자력발전,2.86,034020,두산에너빌리티,테마 편입 사유,127200.0,상승  100,0.08,127200.0,127300.0,3214565.0,408045.0,3380571.0,,,0.73439,-0.9000768000000003,"6,936.99",338.12,5.12,2026-05-05 14:19:40
205,원자력발전,2.86,086670,비엠티 *,테마 편입 사유,17800.0,상승  10,0.06,17800.0,17830.0,83845.0,1480.0,104316.0,,,0.73439,-0.9000768000000003,"6,936.99",338.12,5.12,2026-05-05 14:19:40
205,원자력발전,2.86,095190,신화프리텍 *,테마 편입 사유,2555.0,보합0,0.0,2545.0,2555.0,271471.0,692.0,135976.0,,,0.73439,-0.9000768000000003,"6,936.99",338.12,5.12,2026-05-05 14:19:40
205,원자력발전,2.86,007460,에이프로젠,테마 편입 사유,293.0,보합0,0.0,0.0,0.0,0.0,0.0,0.0,,,0.73439,-0.9000768000000003,"6,936.99",338.12,5.12,2026-05-05 14:19:40
205,원자력발전,2.86,040610,SG&G *,테마 편입 사유,2175.0,보합0,0.0,0.0,0.0,0.0,0.0,0.0,,,0.73439,-0.9000768000000003,"6,936.99",338.12,5.12,2026-05-05 14:19:40
205,원자력발전,2.86,023160,태광 *,테마 편입 사유,46000.0,하락  50,-0.11,45850.0,46000.0,224901.0,10243.0,246559.0,,,0.73439,-0.9000768000000003,"6,936.99",338.12,5.12,2026-05-05 14:19:40
205,원자력발전,2.86,136150,원일티엔아이 *,테마 편입 사유,18320.0,하락  30,-0.16,18320.0,18360.0,48562.0,891.0,63754.0,,,0.73439,-0.9000768000000003,"6,936.99",338.12,5.12,2026-05-05 14:19:40
205,원자력발전,2.86,032820,우리기술 *,테마 편입 사유,21550.0,하락  50,-0.23,21550.0,21600.0,7724609.0,167733.0,5021210.0,,,0.73439,-0.9000768000000003,"6,936.99",338.12,5.12,2026-05-05 14:19:40
205,원자력발전,2.86,105740,디케이락 *,테마 편입 사유,10750.0,하락  50,-0.46,10740.0,10750.0,143967.0,1553.0,167531.0,,,0.73439,-0.9000768000000003,"6,936.99",338.12,5.12,2026-05-05 14:19:40
205,원자력발전,2.86,103230,에스앤더블류 *,테마 편입 사유,4180.0,하락  20,-0.48,4125.0,4180.0,83531.0,346.0,112356.0,,,0.73439,-0.9000768000000003,"6,936.99",338.12,5.12,2026-05-05 14:19:40
205,원자력발전,2.86,054540,삼영엠텍 *,테마 편입 사유,13320.0,하락  110,-0.82,13320.0,13350.0,276884.0,3730.0,268132.0,,,0.73439,-0.9000768000000003,"6,936.99",338.12,5.12,2026-05-05 14:19:40
205,원자력발전,2.86,053690,한미글로벌,테마 편입 사유,27700.0,하락  300,-1.07,27700.0,27750.0,310870.0,8665.0,224355.0,,,0.73439,-0.9000768000000003,"6,936.99",338.12,5.12,2026-05-05 14:19:40
205,원자력발전,2.86,052690,한전기술,테마 편입 사유,186300.0,"하락  2,300",-1.22,186100.0,186300.0,169260.0,31491.0,160454.0,,,0.73439,-0.9000768000000003,"6,936.99",338.12,5.12,2026-05-05 14:19:40
205,원자력발전,2.86,051600,한전KPS,테마 편입 사유,61400.0,하락  800,-1.29,61400.0,61500.0,232401.0,14336.0,220621.0,,,0.73439,-0.9000768000000003,"6,936.99",338.12,5.12,2026-05-05 14:19:40
205,원자력발전,2.86,000720,현대건설,테마 편입 사유,159400.0,"하락  2,400",-1.48,159400.0,159500.0,1088761.0,172806.0,1239416.0,,,0.73439,-0.9000768000000003,"6,936.99",338.12,5.12,2026-05-05 14:19:40
205,원자력발전,2.86,140520,대창스틸 *,테마 편입 사유,2300.0,하락  40,-1.71,2285.0,2300.0,110971.0,255.0,67464.0,,,0.73439,-0.9000768000000003,"6,936.99",338.12,5.12,2026-05-05 14:19:40
205,원자력발전,2.86,098070,한텍 *,테마 편입 사유,46150.0,"하락  1,150",-2.43,46150.0,46200.0,120333.0,5565.0,116296.0,,,0.73439,-0.9000768000000003,"6,936.99",338.12,5.12,2026-05-05 14:19:40
205,원자력발전,2.86,006360,GS건설,테마 편입 사유,35950.0,"하락  2,100",-5.52,35950.0,36000.0,2961294.0,105682.0,4058929.0,,,0.73439,-0.9000768000000003,"6,936.99",338.12,5.12,2026-05-05 14:19:40
205,원자력발전,2.86,375500,DL이앤씨,테마 편입 사유,91300.0,"하락  7,700",-7.78,91300.0,91400.0,1916956.0,174461.0,1136537.0,,,0.73439,-0.9000768000000003,"6,936.99",338.12,5.12,2026-05-05 14:19:40
205,원자력발전,2.86,047040,대우건설,테마 편입 사유,32150.0,"하락  2,850",-8.14,32100.0,32150.0,26927939.0,863571.0,11755161.0,,,0.73439,-0.9000768000000003,"6,936.99",338.12,5.12,2026-05-05 14:19:40
332,스마트카(SMART CAR),1.44,038880,아이에이 *,테마 편입 사유,1018.0,상승  41,4.2,1018.0,1024.0,620253.0,617.0,953390.0,,,0.453456,-0.88169472,"6,936.99",338.12,5.12,2026-05-05 14:19:40
332,스마트카(SMART CAR),1.44,011070,LG이노텍,테마 편입 사유,595000.0,"상승  22,000",3.84,594000.0,595000.0,251351.0,148283.0,286326.0,,,0.453456,-0.88169472,"6,936.99",338.12,5.12,2026-05-05 14:19:40
332,스마트카(SMART CAR),1.44,087260,모바일어플라이언스 *,테마 편입 사유,2340.0,상승  85,3.77,2340.0,2345.0,833928.0,1952.0,724093.0,,,0.453456,-0.88169472,"6,936.99",338.12,5.12,2026-05-05 14:19:40
332,스마트카(SMART CAR),1.44,097520,엠씨넥스,테마 편입 사유,23550.0,상승  550,2.39,23500.0,23550.0,44866.0,1055.0,56828.0,,,0.453456,-0.88169472,"6,936.99",338.12,5.12,2026-05-05 14:19:40
332,스마트카(SMART CAR),1.44,000990,DB하이텍,테마 편입 사유,161700.0,"상승  3,200",2.02,161700.0,161800.0,566598.0,90771.0,580177.0,,,0.453456,-0.88169472,"6,936.99",338.12,5.12,2026-05-05 14:19:40
332,스마트카(SMART CAR),1.44,118990,모트렉스 *,테마 편입 사유,9200.0,상승  170,1.88,9150.0,9200.0,356390.0,3292.0,154416.0,,,0.453456,-0.88169472,"6,936.99",338.12,5.12,2026-05-05 14:19:40
332,스마트카(SMART CAR),1.44,204320,HL만도,테마 편입 사유,58000.0,상승  900,1.58,57900.0,58000.0,366564.0,21163.0,563165.0,,,0.453456,-0.88169472,"6,936.99",338.12,5.12,2026-05-05 14:19:40
332,스마트카(SMART CAR),1.44,012330,현대모비스,테마 편입 사유,431500.0,"상승  6,500",1.53,431000.0,431500.0,211193.0,91062.0,317288.0,,,0.453456,-0.88169472,"6,936.99",338.12,5.12,2026-05-05 14:19:40
332,스마트카(SMART CAR),1.44,053450,세코닉스 *,테마 편입 사유,5620.0,보합0,0.0,5620.0,5660.0,247664.0,1400.0,1044516.0,,,0.453456,-0.88169472,"6,936.99",338.12,5.12,2026-05-05 14:19:40
332,스마트카(SMART CAR),1.44,086960,MDS테크 *,테마 편입 사유,1115.0,보합0,0.0,0.0,0.0,0.0,0.0,0.0,,,0.453456,-0.88169472,"6,936.99",338.12,5.12,2026-05-05 14:19:40
332,스마트카(SMART CAR),1.44,352910,오비고 *,테마 편입 사유,5500.0,하락  20,-0.36,5500.0,5510.0,22692.0,125.0,31301.0,,,0.453456,-0.88169472,"6,936.99",338.12,5.12,2026-05-05 14:19:40
332,스마트카(SMART CAR),1.44,089850,유비벨록스 *,테마 편입 사유,5530.0,하락  30,-0.54,5510.0,5530.0,29770.0,164.0,32170.0,,,0.453456,-0.88169472,"6,936.99",338.12,5.12,2026-05-05 14:19:40
332,스마트카(SMART CAR),1.44,039290,인포뱅크 *,테마 편입 사유,4775.0,하락  75,-1.55,4765.0,4775.0,19169.0,92.0,17870.0,,,0.453456,-0.88169472,"6,936.99",338.12,5.12,2026-05-05 14:19:40
144,방위산업/전쟁 및 테러,1.88,321370,센서뷰 *,테마 편입 사유,3565.0,상승  535,17.66,3560.0,3565.0,14031434.0,51230.0,0.0,,,0.536835,-0.8685952000000001,"6,936.99",338.12,5.12,2026-05-05 14:19:40
144,방위산업/전쟁 및 테러,1.88,010170,대한광통신 *,테마 편입 사유,17700.0,"상승  2,550",16.83,17690.0,17700.0,82980381.0,1438024.0,32623360.0,,,0.536835,-0.8685952000000001,"6,936.99",338.12,5.12,2026-05-05 14:19:40
144,방위산업/전쟁 및 테러,1.88,327260,RF머트리얼즈 *,테마 편입 사유,108600.0,"상승  15,300",16.4,108500.0,108600.0,707452.0,75254.0,509136.0,,,0.536835,-0.8685952000000001,"6,936.99",338.12,5.12,2026-05-05 14:19:40
144,방위산업/전쟁 및 테러,1.88,012210,삼미금속 *,테마 편입 사유,15450.0,"상승  2,110",15.82,15440.0,15450.0,2844478.0,42866.0,158889.0,,,0.536835,-0.8685952000000001,"6,936.99",338.12,5.12,2026-05-05 14:19:40
144,방위산업/전쟁 및 테러,1.88,042370,비츠로테크 *,테마 편입 사유,18280.0,"상승  1,330",7.85,18270.0,18280.0,2668480.0,50407.0,704473.0,,,0.536835,-0.8685952000000001,"6,936.99",338.12,5.12,2026-05-05 14:19:40
144,방위산업/전쟁 및 테러,1.88,0015G0,그린광학 *,테마 편입 사유,35050.0,"상승  2,350",7.19,35000.0,35050.0,600232.0,21074.0,163238.0,,,0.536835,-0.8685952000000001,"6,936.99",338.12,5.12,2026-05-05 14:19:40
144,방위산업/전쟁 및 테러,1.88,088800,에이스테크 *,테마 편입 사유,4995.0,상승  315,6.73,4990.0,4995.0,1193510.0,5913.0,931709.0,,,0.536835,-0.8685952000000001,"6,936.99",338.12,5.12,2026-05-05 14:19:40
144,방위산업/전쟁 및 테러,1.88,077360,덕산하이메탈 *,테마 편입 사유,19590.0,"상승  1,230",6.7,19590.0,19600.0,3275510.0,65578.0,2494479.0,,,0.536835,-0.8685952000000001,"6,936.99",338.12,5.12,2026-05-05 14:19:40
144,방위산업/전쟁 및 테러,1.88,047810,한국항공우주,테마 편입 사유,180000.0,"상승  11,000",6.51,179900.0,180000.0,1885749.0,337238.0,947951.0,,,0.536835,-0.8685952000000001,"6,936.99",338.12,5.12,2026-05-05 14:19:40
144,방위산업/전쟁 및 테러,1.88,010820,퍼스텍,테마 편입 사유,14270.0,상승  770,5.7,14270.0,14280.0,1797341.0,24659.0,1367138.0,,,0.536835,-0.8685952000000001,"6,936.99",338.12,5.12,2026-05-05 14:19:40
144,방위산업/전쟁 및 테러,1.88,474610,RF시스템즈 *,테마 편입 사유,14710.0,상승  760,5.45,14700.0,14710.0,802402.0,11653.0,680949.0,,,0.536835,-0.8685952000000001,"6,936.99",338.12,5.12,2026-05-05 14:19:40
144,방위산업/전쟁 및 테러,1.88,000880,한화,테마 편입 사유,139900.0,"상승  6,500",4.87,139800.0,139900.0,303841.0,42024.0,409462.0,,,0.536835,-0.8685952000000001,"6,936.99",338.12,5.12,2026-05-05 14:19:40
144,방위산업/전쟁 및 테러,1.88,079550,LIG디펜스앤에어로스페이스,테마 편입 사유,983000.0,"상승  42,000",4.46,983000.0,984000.0,295511.0,284024.0,244235.0,,,0.536835,-0.8685952000000001,"6,936.99",338.12,5.12,2026-05-05 14:19:40
144,방위산업/전쟁 및 테러,1.88,218410,RFHIC *,테마 편입 사유,98000.0,"상승  3,700",3.92,98000.0,98100.0,596904.0,59385.0,423540.0,,,0.536835,-0.8685952000000001,"6,936.99",338.12,5.12,2026-05-05 14:19:40
144,방위산업/전쟁 및 테러,1.88,012450,한화에어로스페이스,테마 편입 사유,1465000.0,"상승  48,000",3.39,1464000.0,1465000.0,195389.0,286177.0,236243.0,,,0.536835,-0.8685952000000001,"6,936.99",338.12,5.12,2026-05-05 14:19:40
144,방위산업/전쟁 및 테러,1.88,448710,코츠테크놀로지 *,테마 편입 사유,22300.0,상승  700,3.24,22250.0,22300.0,204061.0,4605.0,107765.0,,,0.536835,-0.8685952000000001,"6,936.99",338.12,5.12,2026-05-05 14:19:40
144,방위산업/전쟁 및 테러,1.88,361390,제노코 *,테마 편입 사유,30200.0,상승  750,2.55,30150.0,30200.0,183748.0,5560.0,159411.0,,,0.536835,-0.8685952000000001,"6,936.99",338.12,5.12,2026-05-05 14:19:40
144,방위산업/전쟁 및 테러,1.88,005810,풍산홀딩스,테마 편입 사유,46200.0,상승  950,2.1,46100.0,46200.0,113610.0,5258.0,153690.0,,,0.536835,-0.8685952000000001,"6,936.99",338.12,5.12,2026-05-05 14:19:40
144,방위산업/전쟁 및 테러,1.88,272210,한화시스템,테마 편입 사유,119700.0,"상승  2,400",2.05,119600.0,119700.0,656885.0,78448.0,765071.0,,,0.536835,-0.8685952000000001,"6,936.99",338.12,5.12,2026-05-05 14:19:40
144,방위산업/전쟁 및 테러,1.88,003010,혜인,테마 편입 사유,7260.0,상승  130,1.82,7260.0,7270.0,413571.0,3003.0,398081.0,,,0.536835,-0.8685952000000001,"6,936.99",338.12,5.12,2026-05-05 14:19:40
144,방위산업/전쟁 및 테러,1.88,009540,HD한국조선해양,테마 편입 사유,469500.0,"상승  8,000",1.73,469000.0,469500.0,123717.0,57875.0,161560.0,,,0.536835,-0.8685952000000001,"6,936.99",338.12,5.12,2026-05-05 14:19:40
144,방위산업/전쟁 및 테러,1.88,214430,아이쓰리시스템 *,테마 편입 사유,105800.0,"상승  1,800",1.73,105700.0,105800.0,53844.0,5613.0,50928.0,,,0.536835,-0.8685952000000001,"6,936.99",338.12,5.12,2026-05-05 14:19:40
144,방위산업/전쟁 및 테러,1.88,090080,평화산업,테마 편입 사유,1031.0,상승  17,1.68,1031.0,1033.0,352250.0,360.0,209751.0,,,0.536835,-0.8685952000000001,"6,936.99",338.12,5.12,2026-05-05 14:19:40
144,방위산업/전쟁 및 테러,1.88,000270,기아,테마 편입 사유,154000.0,"상승  2,200",1.45,153900.0,154000.0,779973.0,121046.0,1187225.0,,,0.536835,-0.8685952000000001,"6,936.99",338.12,5.12,2026-05-05 14:19:40
144,방위산업/전쟁 및 테러,1.88,035460,기산텔레콤 *,테마 편입 사유,3890.0,상승  55,1.43,3885.0,3890.0,1307475.0,5131.0,1887127.0,,,0.536835,-0.8685952000000001,"6,936.99",338.12,5.12,2026-05-05 14:19:40
144,방위산업/전쟁 및 테러,1.88,274090,켄코아에어로스페이스 *,테마 편입 사유,21950.0,상승  300,1.39,21950.0,22000.0,328946.0,7287.0,345940.0,,,0.536835,-0.8685952000000001,"6,936.99",338.12,5.12,2026-05-05 14:19:40
144,방위산업/전쟁 및 테러,1.88,368770,파이버프로 *,테마 편입 사유,23850.0,상승  300,1.27,23850.0,23900.0,1017.0,24.0,675600.0,,,0.536835,-0.8685952000000001,"6,936.99",338.12,5.12,2026-05-05 14:19:40
144,방위산업/전쟁 및 테러,1.88,099320,쎄트렉아이 *,테마 편입 사유,168000.0,"상승  2,000",1.2,167900.0,168000.0,99033.0,16731.0,223579.0,,,0.536835,-0.8685952000000001,"6,936.99",338.12,5.12,2026-05-05 14:19:40
144,방위산업/전쟁 및 테러,1.88,103140,풍산,테마 편입 사유,100300.0,"상승  1,100",1.11,100200.0,100300.0,357179.0,36225.0,281800.0,,,0.536835,-0.8685952000000001,"6,936.99",338.12,5.12,2026-05-05 14:19:40
144,방위산업/전쟁 및 테러,1.88,108380,대양전기공업 *,테마 편입 사유,31500.0,상승  300,0.96,31500.0,31550.0,60094.0,1906.0,25624.0,,,0.536835,-0.8685952000000001,"6,936.99",338.12,5.12,2026-05-05 14:19:40
144,방위산업/전쟁 및 테러,1.88,084850,아이티엠반도체 *,테마 편입 사유,17140.0,상승  160,0.94,17140.0,17150.0,58979.0,1017.0,79735.0,,,0.536835,-0.8685952000000001,"6,936.99",338.12,5.12,2026-05-05 14:19:40
144,방위산업/전쟁 및 테러,1.88,289930,웨이비스 *,테마 편입 사유,21900.0,상승  200,0.92,21900.0,21950.0,273817.0,6004.0,421794.0,,,0.536835,-0.8685952000000001,"6,936.99",338.12,5.12,2026-05-05 14:19:40
144,방위산업/전쟁 및 테러,1.88,042660,한화오션,테마 편입 사유,133000.0,"상승  1,200",0.91,132900.0,133000.0,1518622.0,201174.0,1169530.0,,,0.536835,-0.8685952000000001,"6,936.99",338.12,5.12,2026-05-05 14:19:40
144,방위산업/전쟁 및 테러,1.88,082920,비츠로셀 *,테마 편입 사유,57500.0,상승  500,0.88,57400.0,57500.0,606402.0,34359.0,592482.0,,,0.536835,-0.8685952000000001,"6,936.99",338.12,5.12,2026-05-05 14:19:40
144,방위산업/전쟁 및 테러,1.88,377330,이지트로닉스 *,테마 편입 사유,3970.0,상승  25,0.63,3945.0,3970.0,21031.0,84.0,105206.0,,,0.536835,-0.8685952000000001,"6,936.99",338.12,5.12,2026-05-05 14:19:40
144,방위산업/전쟁 및 테러,1.88,040300,YTN *,테마 편입 사유,3485.0,상승  15,0.43,3485.0,3490.0,190252.0,666.0,169814.0,,,0.536835,-0.8685952000000001,"6,936.99",338.12,5.12,2026-05-05 14:19:40
144,방위산업/전쟁 및 테러,1.88,011210,현대위아,테마 편입 사유,82900.0,상승  200,0.24,82900.0,83000.0,168718.0,13969.0,212268.0,,,0.536835,-0.8685952000000001,"6,936.99",338.12,5.12,2026-05-05 14:19:40
144,방위산업/전쟁 및 테러,1.88,064350,현대로템,테마 편입 사유,269000.0,상승  500,0.19,268500.0,269000.0,1037071.0,273656.0,1479575.0,,,0.536835,-0.8685952000000001,"6,936.99",338.12,5.12,2026-05-05 14:19:40
144,방위산업/전쟁 및 테러,1.88,095190,신화프리텍 *,테마 편입 사유,2555.0,보합0,0.0,2545.0,2555.0,271471.0,692.0,135976.0,,,0.536835,-0.8685952000000001,"6,936.99",338.12,5.12,2026-05-05 14:19:40
144,방위산업/전쟁 및 테러,1.88,437730,삼현 *,테마 편입 사유,53500.0,보합0,0.0,53400.0,53500.0,180664.0,9684.0,273694.0,,,0.536835,-0.8685952000000001,"6,936.99",338.12,5.12,2026-05-05 14:19:40
144,방위산업/전쟁 및 테러,1.88,096630,에스코넥 *,테마 편입 사유,813.0,보합0,0.0,0.0,0.0,0.0,0.0,0.0,,,0.536835,-0.8685952000000001,"6,936.99",338.12,5.12,2026-05-05 14:19:40
144,방위산업/전쟁 및 테러,1.88,140430,카티스 *,테마 편입 사유,752.0,보합0,0.0,0.0,0.0,0.0,0.0,3408437.0,,,0.536835,-0.8685952000000001,"6,936.99",338.12,5.12,2026-05-05 14:19:40
144,방위산업/전쟁 및 테러,1.88,119500,포메탈 *,테마 편입 사유,4320.0,보합0,0.0,4315.0,4320.0,147245.0,632.0,60170.0,,,0.536835,-0.8685952000000001,"6,936.99",338.12,5.12,2026-05-05 14:19:40
144,방위산업/전쟁 및 테러,1.88,003490,대한항공,테마 편입 사유,24500.0,하락  50,-0.2,24500.0,24550.0,1317983.0,32387.0,1719119.0,,,0.536835,-0.8685952000000001,"6,936.99",338.12,5.12,2026-05-05 14:19:40
144,방위산업/전쟁 및 테러,1.88,032820,우리기술 *,테마 편입 사유,21550.0,하락  50,-0.23,21550.0,21600.0,7724609.0,167733.0,5021210.0,,,0.536835,-0.8685952000000001,"6,936.99",338.12,5.12,2026-05-05 14:19:40
144,방위산업/전쟁 및 테러,1.88,129920,대성하이텍 *,테마 편입 사유,10600.0,하락  40,-0.38,10600.0,10610.0,332842.0,3498.0,504777.0,,,0.536835,-0.8685952000000001,"6,936.99",338.12,5.12,2026-05-05 14:19:40
144,방위산업/전쟁 및 테러,1.88,065450,빅텍 *,테마 편입 사유,5770.0,하락  30,-0.52,5760.0,5770.0,1670642.0,9421.0,765715.0,,,0.536835,-0.8685952000000001,"6,936.99",338.12,5.12,2026-05-05 14:19:40
144,방위산업/전쟁 및 테러,1.88,015710,코콤 *,테마 편입 사유,3985.0,하락  25,-0.62,3985.0,4005.0,75467.0,304.0,61798.0,,,0.536835,-0.8685952000000001,"6,936.99",338.12,5.12,2026-05-05 14:19:40
144,방위산업/전쟁 및 테러,1.88,097230,HJ중공업,테마 편입 사유,28800.0,하락  200,-0.69,28750.0,28800.0,1232413.0,35520.0,1981815.0,,,0.536835,-0.8685952000000001,"6,936.99",338.12,5.12,2026-05-05 14:19:40
144,방위산업/전쟁 및 테러,1.88,081180,쎄크 *,테마 편입 사유,13510.0,하락  100,-0.73,13510.0,13520.0,156048.0,2152.0,211221.0,,,0.536835,-0.8685952000000001,"6,936.99",338.12,5.12,2026-05-05 14:19:40
144,방위산업/전쟁 및 테러,1.88,484870,엠앤씨솔루션,테마 편입 사유,114500.0,하락  900,-0.78,114500.0,114800.0,11894.0,1364.0,32137.0,,,0.536835,-0.8685952000000001,"6,936.99",338.12,5.12,2026-05-05 14:19:40
144,방위산업/전쟁 및 테러,1.88,003570,SNT다이내믹스,테마 편입 사유,59300.0,하락  500,-0.84,58800.0,59300.0,73741.0,4329.0,224852.0,,,0.536835,-0.8685952000000001,"6,936.99",338.12,5.12,2026-05-05 14:19:40
144,방위산업/전쟁 및 테러,1.88,484590,삼양컴텍 *,테마 편입 사유,12930.0,하락  110,-0.84,12930.0,12940.0,221295.0,2869.0,257536.0,,,0.536835,-0.8685952000000001,"6,936.99",338.12,5.12,2026-05-05 14:19:40
144,방위산업/전쟁 및 테러,1.88,013810,스페코 *,테마 편입 사유,2910.0,하락  25,-0.85,2910.0,2915.0,177878.0,515.0,116799.0,,,0.536835,-0.8685952000000001,"6,936.99",338.12,5.12,2026-05-05 14:19:40
144,방위산업/전쟁 및 테러,1.88,010280,아이티센엔텍 *,테마 편입 사유,5870.0,하락  70,-1.18,5870.0,5900.0,272054.0,1598.0,756896.0,,,0.536835,-0.8685952000000001,"6,936.99",338.12,5.12,2026-05-05 14:19:40
144,방위산업/전쟁 및 테러,1.88,095270,웨이브일렉트로 *,테마 편입 사유,9290.0,하락  130,-1.38,9280.0,9290.0,509710.0,4651.0,358752.0,,,0.536835,-0.8685952000000001,"6,936.99",338.12,5.12,2026-05-05 14:19:40
144,방위산업/전쟁 및 테러,1.88,024740,한일단조 *,테마 편입 사유,3475.0,하락  50,-1.42,3475.0,3480.0,756744.0,2623.0,627853.0,,,0.536835,-0.8685952000000001,"6,936.99",338.12,5.12,2026-05-05 14:19:40
144,방위산업/전쟁 및 테러,1.88,064960,SNT모티브,테마 편입 사유,34500.0,하락  500,-1.43,34500.0,34550.0,109705.0,3812.0,118835.0,,,0.536835,-0.8685952000000001,"6,936.99",338.12,5.12,2026-05-05 14:19:40
144,방위산업/전쟁 및 테러,1.88,215090,솔디펜스 *,테마 편입 사유,2955.0,하락  45,-1.5,2950.0,2955.0,431.0,1.0,602992.0,,,0.536835,-0.8685952000000001,"6,936.99",338.12,5.12,2026-05-05 14:19:40
144,방위산업/전쟁 및 테러,1.88,274400,이노시뮬레이션 *,테마 편입 사유,3985.0,하락  75,-1.85,3985.0,4000.0,31545.0,126.0,7334.0,,,0.536835,-0.8685952000000001,"6,936.99",338.12,5.12,2026-05-05 14:19:40
144,방위산업/전쟁 및 테러,1.88,372910,한컴라이프케어,테마 편입 사유,2525.0,하락  65,-2.51,2525.0,2530.0,135670.0,348.0,115585.0,,,0.536835,-0.8685952000000001,"6,936.99",338.12,5.12,2026-05-05 14:19:40
144,방위산업/전쟁 및 테러,1.88,077970,STX엔진,테마 편입 사유,60000.0,"하락  1,600",-2.6,59900.0,60000.0,730773.0,43854.0,808874.0,,,0.536835,-0.8685952000000001,"6,936.99",338.12,5.12,2026-05-05 14:19:40
144,방위산업/전쟁 및 테러,1.88,310870,디와이씨 *,테마 편입 사유,1575.0,하락  43,-2.66,1574.0,1575.0,246841.0,392.0,196153.0,,,0.536835,-0.8685952000000001,"6,936.99",338.12,5.12,2026-05-05 14:19:40
144,방위산업/전쟁 및 테러,1.88,065950,웰크론 *,테마 편입 사유,1524.0,하락  67,-4.21,1523.0,1524.0,192343.0,298.0,59004.0,,,0.536835,-0.8685952000000001,"6,936.99",338.12,5.12,2026-05-05 14:19:40
144,방위산업/전쟁 및 테러,1.88,005870,휴니드,테마 편입 사유,9030.0,하락  430,-4.55,9030.0,9050.0,640958.0,5791.0,167380.0,,,0.536835,-0.8685952000000001,"6,936.99",338.12,5.12,2026-05-05 14:19:40
144,방위산업/전쟁 및 테러,1.88,006050,국영지앤엠 *,테마 편입 사유,1312.0,하락  63,-4.58,1311.0,1312.0,1028390.0,1359.0,428120.0,,,0.536835,-0.8685952000000001,"6,936.99",338.12,5.12,2026-05-05 14:19:40
446,2차전지(소재/부품),2.23,033790,피노 *,테마 편입 사유,16130.0,"상승  2,550",18.78,16120.0,16130.0,6325.0,95.0,4276609.0,,,0.598749,-0.8355948799999999,"6,936.99",338.12,5.12,2026-05-05 14:19:40
446,2차전지(소재/부품),2.23,178920,PI첨단소재,테마 편입 사유,30500.0,"상승  4,750",18.45,30450.0,30500.0,1324425.0,40205.0,326562.0,,,0.598749,-0.8355948799999999,"6,936.99",338.12,5.12,2026-05-05 14:19:40
446,2차전지(소재/부품),2.23,020150,롯데에너지머티리얼즈,테마 편입 사유,78500.0,"상승  11,800",17.69,78400.0,78500.0,1230570.0,96588.0,462540.0,,,0.598749,-0.8355948799999999,"6,936.99",338.12,5.12,2026-05-05 14:19:40
446,2차전지(소재/부품),2.23,066970,엘앤에프,테마 편입 사유,213000.0,"상승  17,900",9.17,213000.0,213500.0,979132.0,213844.0,730075.0,,,0.598749,-0.8355948799999999,"6,936.99",338.12,5.12,2026-05-05 14:19:40
446,2차전지(소재/부품),2.23,005490,POSCO홀딩스,테마 편입 사유,502000.0,"상승  40,000",8.66,502000.0,503000.0,1080353.0,542790.0,568870.0,,,0.598749,-0.8355948799999999,"6,936.99",338.12,5.12,2026-05-05 14:19:40
446,2차전지(소재/부품),2.23,051910,LG화학,테마 편입 사유,429000.0,"상승  32,000",8.06,429000.0,429500.0,609933.0,259149.0,283039.0,,,0.598749,-0.8355948799999999,"6,936.99",338.12,5.12,2026-05-05 14:19:40
446,2차전지(소재/부품),2.23,093370,후성,테마 편입 사유,14130.0,상승  890,6.72,14130.0,14140.0,6595998.0,94281.0,1860442.0,,,0.598749,-0.8355948799999999,"6,936.99",338.12,5.12,2026-05-05 14:19:40
446,2차전지(소재/부품),2.23,005070,코스모신소재,테마 편입 사유,62700.0,"상승  3,800",6.45,62700.0,62800.0,397603.0,24767.0,311595.0,,,0.598749,-0.8355948799999999,"6,936.99",338.12,5.12,2026-05-05 14:19:40
446,2차전지(소재/부품),2.23,222420,쎄노텍 *,테마 편입 사유,1680.0,상승  98,6.19,1680.0,1682.0,1062260.0,1734.0,1320583.0,,,0.598749,-0.8355948799999999,"6,936.99",338.12,5.12,2026-05-05 14:19:40
446,2차전지(소재/부품),2.23,003670,포스코퓨처엠,테마 편입 사유,267000.0,"상승  15,000",5.95,266500.0,267000.0,589996.0,157788.0,425977.0,,,0.598749,-0.8355948799999999,"6,936.99",338.12,5.12,2026-05-05 14:19:40
446,2차전지(소재/부품),2.23,114190,강원에너지 *,테마 편입 사유,16200.0,상승  870,5.68,16200.0,16210.0,472612.0,7603.0,237646.0,,,0.598749,-0.8355948799999999,"6,936.99",338.12,5.12,2026-05-05 14:19:40
446,2차전지(소재/부품),2.23,450080,에코프로머티,테마 편입 사유,84800.0,"상승  4,500",5.6,84800.0,84900.0,1708086.0,145140.0,1150338.0,,,0.598749,-0.8355948799999999,"6,936.99",338.12,5.12,2026-05-05 14:19:40
446,2차전지(소재/부품),2.23,055490,테이팩스,테마 편입 사유,21100.0,"상승  1,100",5.5,20950.0,21100.0,75626.0,1589.0,54189.0,,,0.598749,-0.8355948799999999,"6,936.99",338.12,5.12,2026-05-05 14:19:40
446,2차전지(소재/부품),2.23,011790,SKC,테마 편입 사유,124000.0,"상승  6,000",5.08,124000.0,124100.0,702550.0,86741.0,338644.0,,,0.598749,-0.8355948799999999,"6,936.99",338.12,5.12,2026-05-05 14:19:40
446,2차전지(소재/부품),2.23,278280,천보 *,테마 편입 사유,65600.0,"상승  3,000",4.79,65500.0,65600.0,145377.0,9655.0,98497.0,,,0.598749,-0.8355948799999999,"6,936.99",338.12,5.12,2026-05-05 14:19:40
446,2차전지(소재/부품),2.23,247540,에코프로비엠 *,테마 편입 사유,215500.0,"상승  9,500",4.61,215000.0,215500.0,597043.0,128191.0,496622.0,,,0.598749,-0.8355948799999999,"6,936.99",338.12,5.12,2026-05-05 14:19:40
446,2차전지(소재/부품),2.23,317330,덕산테코피아 *,테마 편입 사유,25100.0,"상승  1,100",4.58,25100.0,25150.0,294878.0,7513.0,281296.0,,,0.598749,-0.8355948799999999,"6,936.99",338.12,5.12,2026-05-05 14:19:40
446,2차전지(소재/부품),2.23,336370,솔루스첨단소재,테마 편입 사유,13660.0,상승  570,4.35,13650.0,13660.0,1149372.0,15741.0,3202972.0,,,0.598749,-0.8355948799999999,"6,936.99",338.12,5.12,2026-05-05 14:19:40
446,2차전지(소재/부품),2.23,088390,이녹스 *,테마 편입 사유,13890.0,상승  520,3.89,13850.0,13890.0,41628.0,576.0,67039.0,,,0.598749,-0.8355948799999999,"6,936.99",338.12,5.12,2026-05-05 14:19:40
446,2차전지(소재/부품),2.23,005420,코스모화학,테마 편입 사유,18410.0,상승  660,3.72,18410.0,18420.0,456304.0,8416.0,358974.0,,,0.598749,-0.8355948799999999,"6,936.99",338.12,5.12,2026-05-05 14:19:40
446,2차전지(소재/부품),2.23,054210,이랜텍 *,테마 편입 사유,13210.0,상승  460,3.61,13210.0,13220.0,465793.0,6174.0,274401.0,,,0.598749,-0.8355948799999999,"6,936.99",338.12,5.12,2026-05-05 14:19:40
446,2차전지(소재/부품),2.23,446540,메가터치 *,테마 편입 사유,7390.0,상승  250,3.5,7390.0,7400.0,420572.0,3072.0,635562.0,,,0.598749,-0.8355948799999999,"6,936.99",338.12,5.12,2026-05-05 14:19:40
446,2차전지(소재/부품),2.23,010130,고려아연,테마 편입 사유,1629000.0,"상승  50,000",3.17,1628000.0,1629000.0,34582.0,56229.0,140026.0,,,0.598749,-0.8355948799999999,"6,936.99",338.12,5.12,2026-05-05 14:19:40
446,2차전지(소재/부품),2.23,001780,알루코,테마 편입 사유,3100.0,상승  95,3.16,3100.0,3105.0,12375373.0,38694.0,7057801.0,,,0.598749,-0.8355948799999999,"6,936.99",338.12,5.12,2026-05-05 14:19:40
446,2차전지(소재/부품),2.23,416180,신성에스티 *,테마 편입 사유,38250.0,"상승  1,150",3.1,38200.0,38250.0,57350.0,2206.0,81009.0,,,0.598749,-0.8355948799999999,"6,936.99",338.12,5.12,2026-05-05 14:19:40
446,2차전지(소재/부품),2.23,458650,성우 *,테마 편입 사유,14120.0,상승  320,2.32,14120.0,14140.0,200675.0,2865.0,431833.0,,,0.598749,-0.8355948799999999,"6,936.99",338.12,5.12,2026-05-05 14:19:40
446,2차전지(소재/부품),2.23,047310,파워로직스 *,테마 편입 사유,5300.0,상승  120,2.32,5300.0,5310.0,365507.0,1951.0,211247.0,,,0.598749,-0.8355948799999999,"6,936.99",338.12,5.12,2026-05-05 14:19:40
446,2차전지(소재/부품),2.23,025900,동화기업 *,테마 편입 사유,11860.0,상승  260,2.24,11860.0,11880.0,205931.0,2478.0,225867.0,,,0.598749,-0.8355948799999999,"6,936.99",338.12,5.12,2026-05-05 14:19:40
446,2차전지(소재/부품),2.23,089980,상아프론테크 *,테마 편입 사유,28050.0,상승  600,2.19,28000.0,28050.0,149870.0,4172.0,113157.0,,,0.598749,-0.8355948799999999,"6,936.99",338.12,5.12,2026-05-05 14:19:40
446,2차전지(소재/부품),2.23,101360,에코앤드림 *,테마 편입 사유,19700.0,상승  420,2.18,19700.0,19710.0,94307.0,1875.0,133930.0,,,0.598749,-0.8355948799999999,"6,936.99",338.12,5.12,2026-05-05 14:19:40
446,2차전지(소재/부품),2.23,121600,나노신소재 *,테마 편입 사유,84500.0,"상승  1,700",2.05,84400.0,84500.0,127206.0,10723.0,152921.0,,,0.598749,-0.8355948799999999,"6,936.99",338.12,5.12,2026-05-05 14:19:40
446,2차전지(소재/부품),2.23,348370,엔켐 *,테마 편입 사유,45150.0,상승  850,1.92,45100.0,45150.0,222725.0,10136.0,320058.0,,,0.598749,-0.8355948799999999,"6,936.99",338.12,5.12,2026-05-05 14:19:40
446,2차전지(소재/부품),2.23,086520,에코프로 *,테마 편입 사유,155800.0,"상승  2,900",1.9,155800.0,155900.0,959614.0,150302.0,1215563.0,,,0.598749,-0.8355948799999999,"6,936.99",338.12,5.12,2026-05-05 14:19:40
446,2차전지(소재/부품),2.23,091580,상신이디피 *,테마 편입 사유,27100.0,상승  500,1.88,27000.0,27100.0,346053.0,9364.0,485973.0,,,0.598749,-0.8355948799999999,"6,936.99",338.12,5.12,2026-05-05 14:19:40
446,2차전지(소재/부품),2.23,015750,성우하이텍 *,테마 편입 사유,9050.0,상승  160,1.8,9050.0,9060.0,643459.0,5846.0,875725.0,,,0.598749,-0.8355948799999999,"6,936.99",338.12,5.12,2026-05-05 14:19:40
446,2차전지(소재/부품),2.23,121850,코이즈 *,테마 편입 사유,2680.0,상승  45,1.71,2680.0,2685.0,50470.0,136.0,66701.0,,,0.598749,-0.8355948799999999,"6,936.99",338.12,5.12,2026-05-05 14:19:40
446,2차전지(소재/부품),2.23,361610,SK아이이테크놀로지,테마 편입 사유,26800.0,상승  400,1.52,26800.0,26850.0,272639.0,7438.0,200023.0,,,0.598749,-0.8355948799999999,"6,936.99",338.12,5.12,2026-05-05 14:19:40
446,2차전지(소재/부품),2.23,220260,켐트로스 *,테마 편입 사유,6070.0,상승  90,1.51,6070.0,6080.0,424954.0,2617.0,262994.0,,,0.598749,-0.8355948799999999,"6,936.99",338.12,5.12,2026-05-05 14:19:40
446,2차전지(소재/부품),2.23,001530,DI동일,테마 편입 사유,30500.0,상승  450,1.5,30500.0,30550.0,117698.0,3621.0,97118.0,,,0.598749,-0.8355948799999999,"6,936.99",338.12,5.12,2026-05-05 14:19:40
446,2차전지(소재/부품),2.23,029480,광무 *,테마 편입 사유,2170.0,상승  30,1.4,2165.0,2170.0,239873.0,517.0,233671.0,,,0.598749,-0.8355948799999999,"6,936.99",338.12,5.12,2026-05-05 14:19:40
446,2차전지(소재/부품),2.23,002710,TCC스틸,테마 편입 사유,19980.0,상승  250,1.27,19980.0,19990.0,290899.0,5857.0,566528.0,,,0.598749,-0.8355948799999999,"6,936.99",338.12,5.12,2026-05-05 14:19:40
446,2차전지(소재/부품),2.23,018470,조일알미늄,테마 편입 사유,1770.0,상승  21,1.2,1769.0,1770.0,10644014.0,19210.0,5545130.0,,,0.598749,-0.8355948799999999,"6,936.99",338.12,5.12,2026-05-05 14:19:40
446,2차전지(소재/부품),2.23,008730,율촌화학,테마 편입 사유,26000.0,상승  250,0.97,25950.0,26000.0,75775.0,1992.0,93014.0,,,0.598749,-0.8355948799999999,"6,936.99",338.12,5.12,2026-05-05 14:19:40
446,2차전지(소재/부품),2.23,084850,아이티엠반도체 *,테마 편입 사유,17140.0,상승  160,0.94,17140.0,17150.0,58979.0,1017.0,79735.0,,,0.598749,-0.8355948799999999,"6,936.99",338.12,5.12,2026-05-05 14:19:40
446,2차전지(소재/부품),2.23,393890,더블유씨피 *,테마 편입 사유,19700.0,상승  180,0.92,19690.0,19700.0,920594.0,18459.0,1070996.0,,,0.598749,-0.8355948799999999,"6,936.99",338.12,5.12,2026-05-05 14:19:40
446,2차전지(소재/부품),2.23,417010,나노팀 *,테마 편입 사유,11300.0,상승  100,0.89,11280.0,11300.0,266422.0,3033.0,280866.0,,,0.598749,-0.8355948799999999,"6,936.99",338.12,5.12,2026-05-05 14:19:40
446,2차전지(소재/부품),2.23,452400,이닉스 *,테마 편입 사유,9360.0,상승  70,0.75,9350.0,9360.0,22555.0,211.0,23668.0,,,0.598749,-0.8355948799999999,"6,936.99",338.12,5.12,2026-05-05 14:19:40
446,2차전지(소재/부품),2.23,014680,한솔케미칼,테마 편입 사유,286500.0,"상승  1,500",0.53,286000.0,286500.0,49698.0,14279.0,47539.0,,,0.598749,-0.8355948799999999,"6,936.99",338.12,5.12,2026-05-05 14:19:40
446,2차전지(소재/부품),2.23,011500,한농화성,테마 편입 사유,23700.0,상승  100,0.42,23700.0,23750.0,318324.0,7688.0,307090.0,,,0.598749,-0.8355948799999999,"6,936.99",338.12,5.12,2026-05-05 14:19:40
446,2차전지(소재/부품),2.23,263770,유에스티 *,테마 편입 사유,2120.0,상승  5,0.24,2120.0,2125.0,26851.0,57.0,61244.0,,,0.598749,-0.8355948799999999,"6,936.99",338.12,5.12,2026-05-05 14:19:40
446,2차전지(소재/부품),2.23,475660,에스켐 *,테마 편입 사유,5210.0,상승  10,0.19,5170.0,5210.0,31831.0,164.0,15340.0,,,0.598749,-0.8355948799999999,"6,936.99",338.12,5.12,2026-05-05 14:19:40
446,2차전지(소재/부품),2.23,093920,서원인텍 *,테마 편입 사유,5220.0,상승  10,0.19,5210.0,5220.0,57439.0,299.0,26807.0,,,0.598749,-0.8355948799999999,"6,936.99",338.12,5.12,2026-05-05 14:19:40
446,2차전지(소재/부품),2.23,357780,솔브레인 *,테마 편입 사유,458500.0,상승  500,0.11,458500.0,459000.0,44302.0,20262.0,32300.0,,,0.598749,-0.8355948799999999,"6,936.99",338.12,5.12,2026-05-05 14:19:40
446,2차전지(소재/부품),2.23,243840,신흥에스이씨 *,테마 편입 사유,10560.0,상승  10,0.09,10550.0,10560.0,726.0,8.0,597872.0,,,0.598749,-0.8355948799999999,"6,936.99",338.12,5.12,2026-05-05 14:19:40
446,2차전지(소재/부품),2.23,065350,신성델타테크 *,테마 편입 사유,58000.0,보합0,0.0,57900.0,58000.0,95639.0,5584.0,108690.0,,,0.598749,-0.8355948799999999,"6,936.99",338.12,5.12,2026-05-05 14:19:40
446,2차전지(소재/부품),2.23,096630,에스코넥 *,테마 편입 사유,813.0,보합0,0.0,0.0,0.0,0.0,0.0,0.0,,,0.598749,-0.8355948799999999,"6,936.99",338.12,5.12,2026-05-05 14:19:40
446,2차전지(소재/부품),2.23,900070,글로벌에스엠 *,테마 편입 사유,610.0,보합0,0.0,0.0,0.0,0.0,0.0,0.0,,,0.598749,-0.8355948799999999,"6,936.99",338.12,5.12,2026-05-05 14:19:40
446,2차전지(소재/부품),2.23,419050,삼기에너지솔루션즈 *,테마 편입 사유,1889.0,하락  1,-0.05,1889.0,1892.0,502802.0,959.0,833102.0,,,0.598749,-0.8355948799999999,"6,936.99",338.12,5.12,2026-05-05 14:19:40
446,2차전지(소재/부품),2.23,078600,대주전자재료 *,테마 편입 사유,157500.0,"하락  1,000",-0.63,157500.0,157600.0,250288.0,39552.0,251487.0,,,0.598749,-0.8355948799999999,"6,936.99",338.12,5.12,2026-05-05 14:19:40
446,2차전지(소재/부품),2.23,051490,나라엠앤디 *,테마 편입 사유,3945.0,하락  25,-0.63,3945.0,3955.0,84931.0,337.0,182484.0,,,0.598749,-0.8355948799999999,"6,936.99",338.12,5.12,2026-05-05 14:19:40
446,2차전지(소재/부품),2.23,006650,대한유화,테마 편입 사유,179900.0,"하락  1,200",-0.66,179800.0,179900.0,77658.0,14032.0,101114.0,,,0.598749,-0.8355948799999999,"6,936.99",338.12,5.12,2026-05-05 14:19:40
446,2차전지(소재/부품),2.23,004910,조광페인트,테마 편입 사유,4825.0,하락  45,-0.92,4760.0,4825.0,99599.0,479.0,60368.0,,,0.598749,-0.8355948799999999,"6,936.99",338.12,5.12,2026-05-05 14:19:40
446,2차전지(소재/부품),2.23,032560,황금에스티,테마 편입 사유,6310.0,하락  60,-0.94,6310.0,6340.0,32672.0,207.0,56819.0,,,0.598749,-0.8355948799999999,"6,936.99",338.12,5.12,2026-05-05 14:19:40
446,2차전지(소재/부품),2.23,075970,동국알앤에스 *,테마 편입 사유,2380.0,하락  30,-1.24,2380.0,2385.0,140574.0,337.0,134632.0,,,0.598749,-0.8355948799999999,"6,936.99",338.12,5.12,2026-05-05 14:19:40
446,2차전지(소재/부품),2.23,265560,영화테크 *,테마 편입 사유,10660.0,하락  150,-1.39,10650.0,10660.0,75523.0,820.0,79094.0,,,0.598749,-0.8355948799999999,"6,936.99",338.12,5.12,2026-05-05 14:19:40
446,2차전지(소재/부품),2.23,033160,엠케이전자 *,테마 편입 사유,27500.0,하락  400,-1.43,27500.0,27550.0,497000.0,13943.0,452409.0,,,0.598749,-0.8355948799999999,"6,936.99",338.12,5.12,2026-05-05 14:19:40
446,2차전지(소재/부품),2.23,036830,솔브레인홀딩스 *,테마 편입 사유,71900.0,"하락  1,100",-1.51,71900.0,72000.0,215303.0,16070.0,129803.0,,,0.598749,-0.8355948799999999,"6,936.99",338.12,5.12,2026-05-05 14:19:40
446,2차전지(소재/부품),2.23,054090,삼진엘앤디 *,테마 편입 사유,1118.0,하락  20,-1.76,1117.0,1118.0,322225.0,362.0,436587.0,,,0.598749,-0.8355948799999999,"6,936.99",338.12,5.12,2026-05-05 14:19:40
446,2차전지(소재/부품),2.23,014820,동원시스템즈,테마 편입 사유,27600.0,하락  500,-1.78,27600.0,27750.0,72578.0,2043.0,63882.0,,,0.598749,-0.8355948799999999,"6,936.99",338.12,5.12,2026-05-05 14:19:40
446,2차전지(소재/부품),2.23,354320,알멕 *,테마 편입 사유,97800.0,"하락  2,600",-2.59,97700.0,97800.0,110508.0,10971.0,102188.0,,,0.598749,-0.8355948799999999,"6,936.99",338.12,5.12,2026-05-05 14:19:40
446,2차전지(소재/부품),2.23,161000,애경케미칼,테마 편입 사유,15110.0,하락  420,-2.7,15110.0,15120.0,466499.0,7115.0,735365.0,,,0.598749,-0.8355948799999999,"6,936.99",338.12,5.12,2026-05-05 14:19:40
446,2차전지(소재/부품),2.23,006110,삼아알미늄,테마 편입 사유,66800.0,"하락  2,000",-2.91,66800.0,66900.0,269458.0,18252.0,472962.0,,,0.598749,-0.8355948799999999,"6,936.99",338.12,5.12,2026-05-05 14:19:40
446,2차전지(소재/부품),2.23,312610,에이에프더블류 *,테마 편입 사유,1308.0,하락  42,-3.11,1308.0,1313.0,102819.0,136.0,83504.0,,,0.598749,-0.8355948799999999,"6,936.99",338.12,5.12,2026-05-05 14:19:40
446,2차전지(소재/부품),2.23,001390,KG케미칼,테마 편입 사유,6550.0,하락  520,-7.36,6550.0,6560.0,2445490.0,16429.0,6762066.0,,,0.598749,-0.8355948799999999,"6,936.99",338.12,5.12,2026-05-05 14:19:40
446,2차전지(소재/부품),2.23,240600,유진테크놀로지 *,테마 편입 사유,3660.0,하락  340,-8.5,3655.0,3660.0,222955.0,837.0,230584.0,,,0.598749,-0.8355948799999999,"6,936.99",338.12,5.12,2026-05-05 14:19:40
568,코리아 밸류업 지수(Korea Value-up Index),1.94,033100,제룡전기 *,테마 편입 사유,91500.0,"상한가  21,100",29.97,91500.0,0.0,2662605.0,235835.0,1462649.0,,,0.542066,-0.8353779200000004,"6,936.99",338.12,5.12,2026-05-05 14:19:40
568,코리아 밸류업 지수(Korea Value-up Index),1.94,016360,삼성증권,테마 편입 사유,137900.0,"상승  30,400",28.28,137800.0,137900.0,4185136.0,558121.0,345731.0,,,0.542066,-0.8353779200000004,"6,936.99",338.12,5.12,2026-05-05 14:19:40
568,코리아 밸류업 지수(Korea Value-up Index),1.94,383220,F&F,테마 편입 사유,76600.0,"상승  9,700",14.5,76500.0,76600.0,424940.0,32646.0,59447.0,,,0.542066,-0.8353779200000004,"6,936.99",338.12,5.12,2026-05-05 14:19:40
568,코리아 밸류업 지수(Korea Value-up Index),1.94,319660,피에스케이 *,테마 편입 사유,100100.0,"상승  11,400",12.85,100100.0,100200.0,476581.0,46420.0,278678.0,,,0.542066,-0.8353779200000004,"6,936.99",338.12,5.12,2026-05-05 14:19:40
568,코리아 밸류업 지수(Korea Value-up Index),1.94,000660,SK하이닉스,테마 편입 사유,1447000.0,"상승  161,000",12.52,1447000.0,1448000.0,5652112.0,7920679.0,3342342.0,,,0.542066,-0.8353779200000004,"6,936.99",338.12,5.12,2026-05-05 14:19:40
568,코리아 밸류업 지수(Korea Value-up Index),1.94,071050,한국금융지주,테마 편입 사유,262000.0,"상승  22,000",9.17,261500.0,262000.0,446872.0,115507.0,310069.0,,,0.542066,-0.8353779200000004,"6,936.99",338.12,5.12,2026-05-05 14:19:40
568,코리아 밸류업 지수(Korea Value-up Index),1.94,259960,크래프톤,테마 편입 사유,288500.0,"상승  23,500",8.87,288000.0,288500.0,412504.0,120737.0,365379.0,,,0.542066,-0.8353779200000004,"6,936.99",338.12,5.12,2026-05-05 14:19:40
568,코리아 밸류업 지수(Korea Value-up Index),1.94,006800,미래에셋증권,테마 편입 사유,70300.0,"상승  5,500",8.49,70300.0,70400.0,6411137.0,445692.0,2436151.0,,,0.542066,-0.8353779200000004,"6,936.99",338.12,5.12,2026-05-05 14:19:40
568,코리아 밸류업 지수(Korea Value-up Index),1.94,140860,파크시스템스 *,테마 편입 사유,313000.0,"상승  24,000",8.3,312500.0,313000.0,78828.0,24390.0,30590.0,,,0.542066,-0.8353779200000004,"6,936.99",338.12,5.12,2026-05-05 14:19:40
568,코리아 밸류업 지수(Korea Value-up Index),1.94,214450,파마리서치 *,테마 편입 사유,339000.0,"상승  25,500",8.13,339000.0,339500.0,254668.0,87880.0,86878.0,,,0.542066,-0.8353779200000004,"6,936.99",338.12,5.12,2026-05-05 14:19:40
568,코리아 밸류업 지수(Korea Value-up Index),1.94,298040,효성중공업,테마 편입 사유,4228000.0,"상승  316,000",8.08,4227000.0,4228000.0,68111.0,281594.0,54104.0,,,0.542066,-0.8353779200000004,"6,936.99",338.12,5.12,2026-05-05 14:19:40
568,코리아 밸류업 지수(Korea Value-up Index),1.94,047810,한국항공우주,테마 편입 사유,180000.0,"상승  11,000",6.51,179900.0,180000.0,1885749.0,337238.0,947951.0,,,0.542066,-0.8353779200000004,"6,936.99",338.12,5.12,2026-05-05 14:19:40
568,코리아 밸류업 지수(Korea Value-up Index),1.94,031980,피에스케이홀딩스 *,테마 편입 사유,132000.0,"상승  7,700",6.19,132000.0,132300.0,212679.0,27738.0,137941.0,,,0.542066,-0.8353779200000004,"6,936.99",338.12,5.12,2026-05-05 14:19:40
568,코리아 밸류업 지수(Korea Value-up Index),1.94,039490,키움증권,테마 편입 사유,422500.0,"상승  24,500",6.16,422000.0,422500.0,299421.0,125192.0,339619.0,,,0.542066,-0.8353779200000004,"6,936.99",338.12,5.12,2026-05-05 14:19:40
568,코리아 밸류업 지수(Korea Value-up Index),1.94,272290,이녹스첨단소재 *,테마 편입 사유,36300.0,"상승  2,000",5.83,36300.0,36350.0,458518.0,16463.0,187764.0,,,0.542066,-0.8353779200000004,"6,936.99",338.12,5.12,2026-05-05 14:19:40
568,코리아 밸류업 지수(Korea Value-up Index),1.94,010120,LS ELECTRIC,테마 편입 사유,294000.0,"상승  16,000",5.76,293500.0,294000.0,1490046.0,432240.0,1165228.0,,,0.542066,-0.8353779200000004,"6,936.99",338.12,5.12,2026-05-05 14:19:40
568,코리아 밸류업 지수(Korea Value-up Index),1.94,005930,삼성전자,테마 편입 사유,232500.0,"상승  12,000",5.44,232000.0,232500.0,31909907.0,7302350.0,22161975.0,,,0.542066,-0.8353779200000004,"6,936.99",338.12,5.12,2026-05-05 14:19:40
568,코리아 밸류업 지수(Korea Value-up Index),1.94,348210,넥스틴 *,테마 편입 사유,72900.0,"상승  3,200",4.59,72900.0,73000.0,59608.0,4321.0,126514.0,,,0.542066,-0.8353779200000004,"6,936.99",338.12,5.12,2026-05-05 14:19:40
568,코리아 밸류업 지수(Korea Value-up Index),1.94,079550,LIG디펜스앤에어로스페이스,테마 편입 사유,983000.0,"상승  42,000",4.46,983000.0,984000.0,295511.0,284024.0,244235.0,,,0.542066,-0.8353779200000004,"6,936.99",338.12,5.12,2026-05-05 14:19:40
568,코리아 밸류업 지수(Korea Value-up Index),1.94,336370,솔루스첨단소재,테마 편입 사유,13660.0,상승  570,4.35,13650.0,13660.0,1149372.0,15741.0,3202972.0,,,0.542066,-0.8353779200000004,"6,936.99",338.12,5.12,2026-05-05 14:19:40
568,코리아 밸류업 지수(Korea Value-up Index),1.94,005290,동진쎄미켐 *,테마 편입 사유,58900.0,"상승  2,300",4.06,58800.0,58900.0,516855.0,30306.0,493880.0,,,0.542066,-0.8353779200000004,"6,936.99",338.12,5.12,2026-05-05 14:19:40
568,코리아 밸류업 지수(Korea Value-up Index),1.94,011070,LG이노텍,테마 편입 사유,595000.0,"상승  22,000",3.84,594000.0,595000.0,251351.0,148283.0,286326.0,,,0.542066,-0.8353779200000004,"6,936.99",338.12,5.12,2026-05-05 14:19:40
568,코리아 밸류업 지수(Korea Value-up Index),1.94,267260,HD현대일렉트릭,테마 편입 사유,1299000.0,"상승  47,000",3.75,1298000.0,1299000.0,191307.0,247808.0,153511.0,,,0.542066,-0.8353779200000004,"6,936.99",338.12,5.12,2026-05-05 14:19:40
568,코리아 밸류업 지수(Korea Value-up Index),1.94,403870,HPSP *,테마 편입 사유,54400.0,"상승  1,800",3.42,54400.0,54500.0,1946874.0,105989.0,1674843.0,,,0.542066,-0.8353779200000004,"6,936.99",338.12,5.12,2026-05-05 14:19:40
568,코리아 밸류업 지수(Korea Value-up Index),1.94,012450,한화에어로스페이스,테마 편입 사유,1465000.0,"상승  48,000",3.39,1464000.0,1465000.0,195389.0,286177.0,236243.0,,,0.542066,-0.8353779200000004,"6,936.99",338.12,5.12,2026-05-05 14:19:40
568,코리아 밸류업 지수(Korea Value-up Index),1.94,005300,롯데칠성,테마 편입 사유,126400.0,"상승  4,000",3.27,126300.0,126400.0,49907.0,6301.0,12962.0,,,0.542066,-0.8353779200000004,"6,936.99",338.12,5.12,2026-05-05 14:19:40
568,코리아 밸류업 지수(Korea Value-up Index),1.94,011200,HMM,테마 편입 사유,21150.0,상승  650,3.17,21100.0,21150.0,2366415.0,50541.0,1013500.0,,,0.542066,-0.8353779200000004,"6,936.99",338.12,5.12,2026-05-05 14:19:40
568,코리아 밸류업 지수(Korea Value-up Index),1.94,383310,에코프로에이치엔 *,테마 편입 사유,32850.0,상승  950,2.98,32850.0,32900.0,255746.0,8459.0,264686.0,,,0.542066,-0.8353779200000004,"6,936.99",338.12,5.12,2026-05-05 14:19:40
568,코리아 밸류업 지수(Korea Value-up Index),1.94,241560,두산밥캣,테마 편입 사유,74000.0,"상승  2,000",2.78,73800.0,74000.0,247388.0,18311.0,441090.0,,,0.542066,-0.8353779200000004,"6,936.99",338.12,5.12,2026-05-05 14:19:40
568,코리아 밸류업 지수(Korea Value-up Index),1.94,042700,한미반도체,테마 편입 사유,378000.0,"상승  10,000",2.72,377500.0,378000.0,1064176.0,400885.0,2575384.0,,,0.542066,-0.8353779200000004,"6,936.99",338.12,5.12,2026-05-05 14:19:40
568,코리아 밸류업 지수(Korea Value-up Index),1.94,000810,삼성화재,테마 편입 사유,473500.0,"상승  12,500",2.71,473500.0,474000.0,116921.0,54911.0,166163.0,,,0.542066,-0.8353779200000004,"6,936.99",338.12,5.12,2026-05-05 14:19:40
568,코리아 밸류업 지수(Korea Value-up Index),1.94,017670,SK텔레콤,테마 편입 사유,97400.0,"상승  2,300",2.42,97300.0,97400.0,522944.0,50587.0,1154339.0,,,0.542066,-0.8353779200000004,"6,936.99",338.12,5.12,2026-05-05 14:19:40
568,코리아 밸류업 지수(Korea Value-up Index),1.94,272210,한화시스템,테마 편입 사유,119700.0,"상승  2,400",2.05,119600.0,119700.0,656885.0,78448.0,765071.0,,,0.542066,-0.8353779200000004,"6,936.99",338.12,5.12,2026-05-05 14:19:40
568,코리아 밸류업 지수(Korea Value-up Index),1.94,000990,DB하이텍,테마 편입 사유,161700.0,"상승  3,200",2.02,161700.0,161800.0,566598.0,90771.0,580177.0,,,0.542066,-0.8353779200000004,"6,936.99",338.12,5.12,2026-05-05 14:19:40
568,코리아 밸류업 지수(Korea Value-up Index),1.94,183300,코미코 *,테마 편입 사유,144200.0,"상승  2,600",1.84,143500.0,144200.0,107673.0,15539.0,88848.0,,,0.542066,-0.8353779200000004,"6,936.99",338.12,5.12,2026-05-05 14:19:40
568,코리아 밸류업 지수(Korea Value-up Index),1.94,064760,티씨케이 *,테마 편입 사유,298500.0,"상승  4,500",1.53,298000.0,298500.0,56366.0,16831.0,63537.0,,,0.542066,-0.8353779200000004,"6,936.99",338.12,5.12,2026-05-05 14:19:40
568,코리아 밸류업 지수(Korea Value-up Index),1.94,012330,현대모비스,테마 편입 사유,431500.0,"상승  6,500",1.53,431000.0,431500.0,211193.0,91062.0,317288.0,,,0.542066,-0.8353779200000004,"6,936.99",338.12,5.12,2026-05-05 14:19:40
568,코리아 밸류업 지수(Korea Value-up Index),1.94,138040,메리츠금융지주,테마 편입 사유,113400.0,"상승  1,700",1.52,113300.0,113400.0,201906.0,22844.0,245175.0,,,0.542066,-0.8353779200000004,"6,936.99",338.12,5.12,2026-05-05 14:19:40
568,코리아 밸류업 지수(Korea Value-up Index),1.94,005380,현대차,테마 편입 사유,539000.0,"상승  8,000",1.51,539000.0,540000.0,854165.0,461102.0,1150241.0,,,0.542066,-0.8353779200000004,"6,936.99",338.12,5.12,2026-05-05 14:19:40
568,코리아 밸류업 지수(Korea Value-up Index),1.94,000270,기아,테마 편입 사유,154000.0,"상승  2,200",1.45,153900.0,154000.0,779973.0,121046.0,1187225.0,,,0.542066,-0.8353779200000004,"6,936.99",338.12,5.12,2026-05-05 14:19:40
568,코리아 밸류업 지수(Korea Value-up Index),1.94,017800,현대엘리베이터,테마 편입 사유,100100.0,"상승  1,400",1.42,100000.0,100100.0,231653.0,23222.0,145581.0,,,0.542066,-0.8353779200000004,"6,936.99",338.12,5.12,2026-05-05 14:19:40
568,코리아 밸류업 지수(Korea Value-up Index),1.94,022100,포스코DX,테마 편입 사유,35350.0,상승  450,1.29,35350.0,35400.0,402349.0,14336.0,582825.0,,,0.542066,-0.8353779200000004,"6,936.99",338.12,5.12,2026-05-05 14:19:40
568,코리아 밸류업 지수(Korea Value-up Index),1.94,214150,클래시스 *,테마 편입 사유,56300.0,상승  700,1.26,56300.0,56400.0,160956.0,9188.0,182217.0,,,0.542066,-0.8353779200000004,"6,936.99",338.12,5.12,2026-05-05 14:19:40
568,코리아 밸류업 지수(Korea Value-up Index),1.94,058470,리노공업 *,테마 편입 사유,120800.0,"상승  1,500",1.26,120600.0,120800.0,1476444.0,175494.0,2627349.0,,,0.542066,-0.8353779200000004,"6,936.99",338.12,5.12,2026-05-05 14:19:40
568,코리아 밸류업 지수(Korea Value-up Index),1.94,192650,드림텍,테마 편입 사유,6790.0,상승  80,1.19,6780.0,6790.0,292109.0,1980.0,243865.0,,,0.542066,-0.8353779200000004,"6,936.99",338.12,5.12,2026-05-05 14:19:40
568,코리아 밸류업 지수(Korea Value-up Index),1.94,103140,풍산,테마 편입 사유,100300.0,"상승  1,100",1.11,100200.0,100300.0,357179.0,36225.0,281800.0,,,0.542066,-0.8353779200000004,"6,936.99",338.12,5.12,2026-05-05 14:19:40
568,코리아 밸류업 지수(Korea Value-up Index),1.94,008930,한미사이언스,테마 편입 사유,38050.0,상승  350,0.93,37900.0,38050.0,68375.0,2605.0,146029.0,,,0.542066,-0.8353779200000004,"6,936.99",338.12,5.12,2026-05-05 14:19:40
568,코리아 밸류업 지수(Korea Value-up Index),1.94,033780,KT&G,테마 편입 사유,179600.0,"상승  1,300",0.73,179600.0,179700.0,270753.0,48668.0,201945.0,,,0.542066,-0.8353779200000004,"6,936.99",338.12,5.12,2026-05-05 14:19:40
568,코리아 밸류업 지수(Korea Value-up Index),1.94,021240,코웨이,테마 편입 사유,86700.0,상승  600,0.7,86700.0,86800.0,149229.0,12967.0,384403.0,,,0.542066,-0.8353779200000004,"6,936.99",338.12,5.12,2026-05-05 14:19:40
568,코리아 밸류업 지수(Korea Value-up Index),1.94,014680,한솔케미칼,테마 편입 사유,286500.0,"상승  1,500",0.53,286000.0,286500.0,49698.0,14279.0,47539.0,,,0.542066,-0.8353779200000004,"6,936.99",338.12,5.12,2026-05-05 14:19:40
568,코리아 밸류업 지수(Korea Value-up Index),1.94,036930,주성엔지니어링 *,테마 편입 사유,126600.0,상승  600,0.48,126500.0,126600.0,1059.0,134.0,794993.0,,,0.542066,-0.8353779200000004,"6,936.99",338.12,5.12,2026-05-05 14:19:40
568,코리아 밸류업 지수(Korea Value-up Index),1.94,185750,종근당,테마 편입 사유,86100.0,상승  400,0.47,86000.0,86100.0,28869.0,2479.0,35169.0,,,0.542066,-0.8353779200000004,"6,936.99",338.12,5.12,2026-05-05 14:19:40
568,코리아 밸류업 지수(Korea Value-up Index),1.94,192080,더블유게임즈,테마 편입 사유,61300.0,상승  200,0.33,61200.0,61300.0,136464.0,8388.0,180994.0,,,0.542066,-0.8353779200000004,"6,936.99",338.12,5.12,2026-05-05 14:19:40
568,코리아 밸류업 지수(Korea Value-up Index),1.94,282330,BGF리테일,테마 편입 사유,132400.0,상승  400,0.3,132000.0,132400.0,44211.0,5872.0,53295.0,,,0.542066,-0.8353779200000004,"6,936.99",338.12,5.12,2026-05-05 14:19:40
568,코리아 밸류업 지수(Korea Value-up Index),1.94,064350,현대로템,테마 편입 사유,269000.0,상승  500,0.19,268500.0,269000.0,1037071.0,273656.0,1479575.0,,,0.542066,-0.8353779200000004,"6,936.99",338.12,5.12,2026-05-05 14:19:40
568,코리아 밸류업 지수(Korea Value-up Index),1.94,175330,JB금융지주,테마 편입 사유,27350.0,상승  50,0.18,27350.0,27400.0,321511.0,8756.0,425625.0,,,0.542066,-0.8353779200000004,"6,936.99",338.12,5.12,2026-05-05 14:19:40
568,코리아 밸류업 지수(Korea Value-up Index),1.94,357780,솔브레인 *,테마 편입 사유,458500.0,상승  500,0.11,458500.0,459000.0,44302.0,20262.0,32300.0,,,0.542066,-0.8353779200000004,"6,936.99",338.12,5.12,2026-05-05 14:19:40
568,코리아 밸류업 지수(Korea Value-up Index),1.94,002840,미원상사,테마 편입 사유,151900.0,상승  100,0.07,151900.0,152000.0,5871.0,878.0,7172.0,,,0.542066,-0.8353779200000004,"6,936.99",338.12,5.12,2026-05-05 14:19:40
568,코리아 밸류업 지수(Korea Value-up Index),1.94,047050,포스코인터내셔널,테마 편입 사유,87300.0,보합0,0.0,87200.0,87300.0,1175425.0,102695.0,1420585.0,,,0.542066,-0.8353779200000004,"6,936.99",338.12,5.12,2026-05-05 14:19:40
568,코리아 밸류업 지수(Korea Value-up Index),1.94,039130,하나투어,테마 편입 사유,41800.0,하락  50,-0.12,41800.0,41850.0,55339.0,2317.0,70681.0,,,0.542066,-0.8353779200000004,"6,936.99",338.12,5.12,2026-05-05 14:19:40
568,코리아 밸류업 지수(Korea Value-up Index),1.94,009900,명신산업,테마 편입 사유,13280.0,하락  20,-0.15,13270.0,13280.0,633824.0,8422.0,875611.0,,,0.542066,-0.8353779200000004,"6,936.99",338.12,5.12,2026-05-05 14:19:40
568,코리아 밸류업 지수(Korea Value-up Index),1.94,316140,우리금융지주,테마 편입 사유,33300.0,하락  50,-0.15,33300.0,33350.0,1907359.0,63676.0,2335356.0,,,0.542066,-0.8353779200000004,"6,936.99",338.12,5.12,2026-05-05 14:19:40
568,코리아 밸류업 지수(Korea Value-up Index),1.94,003490,대한항공,테마 편입 사유,24500.0,하락  50,-0.2,24500.0,24550.0,1317983.0,32387.0,1719119.0,,,0.542066,-0.8353779200000004,"6,936.99",338.12,5.12,2026-05-05 14:19:40
568,코리아 밸류업 지수(Korea Value-up Index),1.94,336570,원텍 *,테마 편입 사유,7300.0,하락  20,-0.27,7300.0,7320.0,299901.0,2220.0,352508.0,,,0.542066,-0.8353779200000004,"6,936.99",338.12,5.12,2026-05-05 14:19:40
568,코리아 밸류업 지수(Korea Value-up Index),1.94,180640,한진칼,테마 편입 사유,112300.0,하락  400,-0.35,112300.0,112500.0,85827.0,9723.0,102470.0,,,0.542066,-0.8353779200000004,"6,936.99",338.12,5.12,2026-05-05 14:19:40
568,코리아 밸류업 지수(Korea Value-up Index),1.94,005830,DB손해보험,테마 편입 사유,166800.0,하락  800,-0.48,166700.0,166800.0,159445.0,26450.0,144958.0,,,0.542066,-0.8353779200000004,"6,936.99",338.12,5.12,2026-05-05 14:19:40
568,코리아 밸류업 지수(Korea Value-up Index),1.94,030200,KT,테마 편입 사유,60600.0,하락  300,-0.49,60500.0,60600.0,264542.0,16006.0,386946.0,,,0.542066,-0.8353779200000004,"6,936.99",338.12,5.12,2026-05-05 14:19:40
568,코리아 밸류업 지수(Korea Value-up Index),1.94,271560,오리온,테마 편입 사유,142800.0,하락  800,-0.56,142700.0,142800.0,94198.0,13470.0,79671.0,,,0.542066,-0.8353779200000004,"6,936.99",338.12,5.12,2026-05-05 14:19:40
568,코리아 밸류업 지수(Korea Value-up Index),1.94,290650,엘앤씨바이오 *,테마 편입 사유,62800.0,하락  400,-0.63,62700.0,62800.0,228575.0,14535.0,536105.0,,,0.542066,-0.8353779200000004,"6,936.99",338.12,5.12,2026-05-05 14:19:40
568,코리아 밸류업 지수(Korea Value-up Index),1.94,035900,JYP Ent. *,테마 편입 사유,62500.0,하락  400,-0.64,62500.0,62600.0,136817.0,8584.0,208472.0,,,0.542066,-0.8353779200000004,"6,936.99",338.12,5.12,2026-05-05 14:19:40
568,코리아 밸류업 지수(Korea Value-up Index),1.94,086280,현대글로비스,테마 편입 사유,225500.0,"하락  1,500",-0.66,225500.0,226000.0,210058.0,47615.0,238287.0,,,0.542066,-0.8353779200000004,"6,936.99",338.12,5.12,2026-05-05 14:19:40
568,코리아 밸류업 지수(Korea Value-up Index),1.94,192820,코스맥스,테마 편입 사유,209000.0,"하락  1,500",-0.71,209000.0,209500.0,75378.0,16032.0,86004.0,,,0.542066,-0.8353779200000004,"6,936.99",338.12,5.12,2026-05-05 14:19:40
568,코리아 밸류업 지수(Korea Value-up Index),1.94,090430,아모레퍼시픽,테마 편입 사유,134300.0,"하락  1,000",-0.74,134200.0,134300.0,273854.0,37116.0,435705.0,,,0.542066,-0.8353779200000004,"6,936.99",338.12,5.12,2026-05-05 14:19:40
568,코리아 밸류업 지수(Korea Value-up Index),1.94,005180,빙그레,테마 편입 사유,74400.0,하락  600,-0.8,74400.0,74500.0,48092.0,3594.0,37160.0,,,0.542066,-0.8353779200000004,"6,936.99",338.12,5.12,2026-05-05 14:19:40
568,코리아 밸류업 지수(Korea Value-up Index),1.94,145720,덴티움,테마 편입 사유,52800.0,하락  500,-0.94,52700.0,52800.0,32724.0,1729.0,33307.0,,,0.542066,-0.8353779200000004,"6,936.99",338.12,5.12,2026-05-05 14:19:40
568,코리아 밸류업 지수(Korea Value-up Index),1.94,086790,하나금융지주,테마 편입 사유,126600.0,"하락  1,300",-1.02,126500.0,126600.0,720564.0,91783.0,952860.0,,,0.542066,-0.8353779200000004,"6,936.99",338.12,5.12,2026-05-05 14:19:40
568,코리아 밸류업 지수(Korea Value-up Index),1.94,009450,경동나비엔,테마 편입 사유,76900.0,하락  800,-1.03,76700.0,76900.0,75285.0,5817.0,161900.0,,,0.542066,-0.8353779200000004,"6,936.99",338.12,5.12,2026-05-05 14:19:40
568,코리아 밸류업 지수(Korea Value-up Index),1.94,298020,효성티앤씨,테마 편입 사유,512000.0,"하락  6,000",-1.16,510000.0,512000.0,31876.0,16408.0,31956.0,,,0.542066,-0.8353779200000004,"6,936.99",338.12,5.12,2026-05-05 14:19:40
568,코리아 밸류업 지수(Korea Value-up Index),1.94,052690,한전기술,테마 편입 사유,186300.0,"하락  2,300",-1.22,186100.0,186300.0,169260.0,31491.0,160454.0,,,0.542066,-0.8353779200000004,"6,936.99",338.12,5.12,2026-05-05 14:19:40
568,코리아 밸류업 지수(Korea Value-up Index),1.94,215200,메가스터디교육 *,테마 편입 사유,46800.0,하락  600,-1.27,46700.0,46800.0,22352.0,1050.0,27943.0,,,0.542066,-0.8353779200000004,"6,936.99",338.12,5.12,2026-05-05 14:19:40
568,코리아 밸류업 지수(Korea Value-up Index),1.94,051600,한전KPS,테마 편입 사유,61400.0,하락  800,-1.29,61400.0,61500.0,232401.0,14336.0,220621.0,,,0.542066,-0.8353779200000004,"6,936.99",338.12,5.12,2026-05-05 14:19:40
568,코리아 밸류업 지수(Korea Value-up Index),1.94,035250,강원랜드,테마 편입 사유,16950.0,하락  250,-1.45,16940.0,16950.0,780167.0,13264.0,508560.0,,,0.542066,-0.8353779200000004,"6,936.99",338.12,5.12,2026-05-05 14:19:40
568,코리아 밸류업 지수(Korea Value-up Index),1.94,011780,금호석유화학,테마 편입 사유,144400.0,"하락  2,200",-1.5,144000.0,144400.0,99316.0,14403.0,164317.0,,,0.542066,-0.8353779200000004,"6,936.99",338.12,5.12,2026-05-05 14:19:40
568,코리아 밸류업 지수(Korea Value-up Index),1.94,030000,제일기획,테마 편입 사유,19750.0,하락  300,-1.5,19740.0,19750.0,488231.0,9659.0,607183.0,,,0.542066,-0.8353779200000004,"6,936.99",338.12,5.12,2026-05-05 14:19:40
568,코리아 밸류업 지수(Korea Value-up Index),1.94,001060,JW중외제약,테마 편입 사유,30700.0,하락  500,-1.6,30650.0,30700.0,67936.0,2097.0,49129.0,,,0.542066,-0.8353779200000004,"6,936.99",338.12,5.12,2026-05-05 14:19:40
568,코리아 밸류업 지수(Korea Value-up Index),1.94,105560,KB금융,테마 편입 사유,157800.0,"하락  2,700",-1.68,157800.0,157900.0,1219686.0,193562.0,1640619.0,,,0.542066,-0.8353779200000004,"6,936.99",338.12,5.12,2026-05-05 14:19:40
568,코리아 밸류업 지수(Korea Value-up Index),1.94,030190,NICE평가정보,테마 편입 사유,15030.0,하락  270,-1.76,15030.0,15070.0,105479.0,1608.0,84282.0,,,0.542066,-0.8353779200000004,"6,936.99",338.12,5.12,2026-05-05 14:19:40
568,코리아 밸류업 지수(Korea Value-up Index),1.94,014820,동원시스템즈,테마 편입 사유,27600.0,하락  500,-1.78,27600.0,27750.0,72578.0,2043.0,63882.0,,,0.542066,-0.8353779200000004,"6,936.99",338.12,5.12,2026-05-05 14:19:40
568,코리아 밸류업 지수(Korea Value-up Index),1.94,381970,케이카,테마 편입 사유,10800.0,하락  200,-1.82,10800.0,10820.0,232159.0,2525.0,221593.0,,,0.542066,-0.8353779200000004,"6,936.99",338.12,5.12,2026-05-05 14:19:40
568,코리아 밸류업 지수(Korea Value-up Index),1.94,003230,삼양식품,테마 편입 사유,1316000.0,"하락  25,000",-1.86,1315000.0,1316000.0,70046.0,93968.0,64873.0,,,0.542066,-0.8353779200000004,"6,936.99",338.12,5.12,2026-05-05 14:19:40
568,코리아 밸류업 지수(Korea Value-up Index),1.94,026960,동서,테마 편입 사유,26200.0,하락  500,-1.87,26200.0,26250.0,86553.0,2283.0,58484.0,,,0.542066,-0.8353779200000004,"6,936.99",338.12,5.12,2026-05-05 14:19:40
568,코리아 밸류업 지수(Korea Value-up Index),1.94,055550,신한지주,테마 편입 사유,98000.0,"하락  1,900",-1.9,98000.0,98100.0,1020203.0,100491.0,1660803.0,,,0.542066,-0.8353779200000004,"6,936.99",338.12,5.12,2026-05-05 14:19:40
568,코리아 밸류업 지수(Korea Value-up Index),1.94,089860,롯데렌탈,테마 편입 사유,33000.0,하락  650,-1.93,33000.0,33050.0,37846.0,1255.0,55200.0,,,0.542066,-0.8353779200000004,"6,936.99",338.12,5.12,2026-05-05 14:19:40
568,코리아 밸류업 지수(Korea Value-up Index),1.94,267250,HD현대,테마 편입 사유,302500.0,"하락  8,000",-2.58,302000.0,302500.0,254623.0,77621.0,302406.0,,,0.542066,-0.8353779200000004,"6,936.99",338.12,5.12,2026-05-05 14:19:40
568,코리아 밸류업 지수(Korea Value-up Index),1.94,128940,한미약품,테마 편입 사유,445000.0,"하락  15,000",-3.26,445000.0,445500.0,111138.0,49784.0,142664.0,,,0.542066,-0.8353779200000004,"6,936.99",338.12,5.12,2026-05-05 14:19:40
568,코리아 밸류업 지수(Korea Value-up Index),1.94,067160,SOOP *,테마 편입 사유,55500.0,"하락  2,900",-4.97,55500.0,55600.0,157799.0,8891.0,49939.0,,,0.542066,-0.8353779200000004,"6,936.99",338.12,5.12,2026-05-05 14:19:40
568,코리아 밸류업 지수(Korea Value-up Index),1.94,009240,한샘,테마 편입 사유,41850.0,"하락  3,350",-7.41,41850.0,41900.0,108623.0,4595.0,161695.0,,,0.542066,-0.8353779200000004,"6,936.99",338.12,5.12,2026-05-05 14:19:40
568,코리아 밸류업 지수(Korea Value-up Index),1.94,018670,SK가스,테마 편입 사유,266500.0,"하락  22,500",-7.79,266500.0,267000.0,51469.0,13909.0,42374.0,,,0.542066,-0.8353779200000004,"6,936.99",338.12,5.12,2026-05-05 14:19:40
568,코리아 밸류업 지수(Korea Value-up Index),1.94,012750,에스원,테마 편입 사유,78300.0,"하락  7,800",-9.06,78300.0,78400.0,192810.0,15290.0,39500.0,,,0.542066,-0.8353779200000004,"6,936.99",338.12,5.12,2026-05-05 14:19:40
12,반도체 장비,3.47,322310,오로스테크놀로지 *,테마 편입 사유,44850.0,"상한가  10,350",30.0,44850.0,0.0,1783977.0,78111.0,339763.0,,,0.836701,-0.8139091200000004,"6,936.99",338.12,5.12,2026-05-05 14:19:40
12,반도체 장비,3.47,321260,프로이천 *,테마 편입 사유,3230.0,상한가  745,29.98,3230.0,0.0,10016784.0,31499.0,508346.0,,,0.836701,-0.8139091200000004,"6,936.99",338.12,5.12,2026-05-05 14:19:40
12,반도체 장비,3.47,217190,제너셈 *,테마 편입 사유,9180.0,"상승  1,290",16.35,9180.0,9190.0,1187699.0,10740.0,494227.0,,,0.836701,-0.8139091200000004,"6,936.99",338.12,5.12,2026-05-05 14:19:40
12,반도체 장비,3.47,451220,아이엠티 *,테마 편입 사유,17440.0,"상승  2,360",15.65,17430.0,17440.0,2623339.0,46263.0,136646.0,,,0.836701,-0.8139091200000004,"6,936.99",338.12,5.12,2026-05-05 14:19:40
12,반도체 장비,3.47,323350,다원넥스뷰 *,테마 편입 사유,13700.0,"상승  1,780",14.93,13700.0,13710.0,501735.0,6827.0,136905.0,,,0.836701,-0.8139091200000004,"6,936.99",338.12,5.12,2026-05-05 14:19:40
12,반도체 장비,3.47,319660,피에스케이 *,테마 편입 사유,100100.0,"상승  11,400",12.85,100100.0,100200.0,476581.0,46420.0,278678.0,,,0.836701,-0.8139091200000004,"6,936.99",338.12,5.12,2026-05-05 14:19:40
12,반도체 장비,3.47,425420,티에프이 *,테마 편입 사유,73200.0,"상승  6,200",9.25,73200.0,73300.0,263206.0,19081.0,329673.0,,,0.836701,-0.8139091200000004,"6,936.99",338.12,5.12,2026-05-05 14:19:40
12,반도체 장비,3.47,039440,에스티아이 *,테마 편입 사유,40850.0,"상승  3,450",9.22,40800.0,40850.0,806896.0,32868.0,330780.0,,,0.836701,-0.8139091200000004,"6,936.99",338.12,5.12,2026-05-05 14:19:40
12,반도체 장비,3.47,281820,케이씨텍,테마 편입 사유,66500.0,"상승  5,200",8.48,66400.0,66500.0,186235.0,12185.0,131475.0,,,0.836701,-0.8139091200000004,"6,936.99",338.12,5.12,2026-05-05 14:19:40
12,반도체 장비,3.47,036170,에이치엠넥스 *,테마 편입 사유,7580.0,상승  590,8.44,7570.0,7580.0,1867074.0,13740.0,1076799.0,,,0.836701,-0.8139091200000004,"6,936.99",338.12,5.12,2026-05-05 14:19:40
12,반도체 장비,3.47,140860,파크시스템스 *,테마 편입 사유,313000.0,"상승  24,000",8.3,312500.0,313000.0,78828.0,24390.0,30590.0,,,0.836701,-0.8139091200000004,"6,936.99",338.12,5.12,2026-05-05 14:19:40
12,반도체 장비,3.47,0015G0,그린광학 *,테마 편입 사유,35050.0,"상승  2,350",7.19,35000.0,35050.0,600232.0,21074.0,163238.0,,,0.836701,-0.8139091200000004,"6,936.99",338.12,5.12,2026-05-05 14:19:40
12,반도체 장비,3.47,089030,테크윙 *,테마 편입 사유,61300.0,"상승  4,000",6.98,61200.0,61300.0,2603665.0,162014.0,1005718.0,,,0.836701,-0.8139091200000004,"6,936.99",338.12,5.12,2026-05-05 14:19:40
12,반도체 장비,3.47,089890,코세스 *,테마 편입 사유,50500.0,"상승  3,100",6.54,50500.0,50600.0,359537.0,18142.0,381629.0,,,0.836701,-0.8139091200000004,"6,936.99",338.12,5.12,2026-05-05 14:19:40
12,반도체 장비,3.47,417840,저스템 *,테마 편입 사유,12850.0,상승  780,6.46,12840.0,12850.0,764392.0,9646.0,1666097.0,,,0.836701,-0.8139091200000004,"6,936.99",338.12,5.12,2026-05-05 14:19:40
12,반도체 장비,3.47,031980,피에스케이홀딩스 *,테마 편입 사유,132000.0,"상승  7,700",6.19,132000.0,132300.0,212679.0,27738.0,137941.0,,,0.836701,-0.8139091200000004,"6,936.99",338.12,5.12,2026-05-05 14:19:40
12,반도체 장비,3.47,067310,하나마이크론 *,테마 편입 사유,42050.0,"상승  2,350",5.92,42050.0,42100.0,3545894.0,151394.0,1271190.0,,,0.836701,-0.8139091200000004,"6,936.99",338.12,5.12,2026-05-05 14:19:40
12,반도체 장비,3.47,036200,유니셈 *,테마 편입 사유,12170.0,상승  670,5.83,12160.0,12170.0,733183.0,8904.0,297771.0,,,0.836701,-0.8139091200000004,"6,936.99",338.12,5.12,2026-05-05 14:19:40
12,반도체 장비,3.47,348350,위드텍 *,테마 편입 사유,11690.0,상승  640,5.79,11680.0,11690.0,107477.0,1253.0,58168.0,,,0.836701,-0.8139091200000004,"6,936.99",338.12,5.12,2026-05-05 14:19:40
12,반도체 장비,3.47,086390,유니테스트 *,테마 편입 사유,19400.0,"상승  1,040",5.66,19400.0,19410.0,383807.0,7383.0,531146.0,,,0.836701,-0.8139091200000004,"6,936.99",338.12,5.12,2026-05-05 14:19:40
12,반도체 장비,3.47,030530,원익홀딩스 *,테마 편입 사유,34600.0,"상승  1,800",5.49,34550.0,34600.0,2168.0,75.0,1728503.0,,,0.836701,-0.8139091200000004,"6,936.99",338.12,5.12,2026-05-05 14:19:40
12,반도체 장비,3.47,420770,기가비스 *,테마 편입 사유,109500.0,"상승  5,600",5.39,107600.0,109500.0,136797.0,14694.0,97472.0,,,0.836701,-0.8139091200000004,"6,936.99",338.12,5.12,2026-05-05 14:19:40
12,반도체 장비,3.47,212710,아이에스티이 *,테마 편입 사유,9620.0,상승  490,5.37,9620.0,9630.0,821.0,8.0,165970.0,,,0.836701,-0.8139091200000004,"6,936.99",338.12,5.12,2026-05-05 14:19:40
12,반도체 장비,3.47,306620,지아이에스 *,테마 편입 사유,3410.0,상승  165,5.08,3410.0,3415.0,1326912.0,4493.0,1000174.0,,,0.836701,-0.8139091200000004,"6,936.99",338.12,5.12,2026-05-05 14:19:40
12,반도체 장비,3.47,065130,탑엔지니어링 *,테마 편입 사유,3465.0,상승  165,5.0,3460.0,3465.0,96717.0,329.0,46661.0,,,0.836701,-0.8139091200000004,"6,936.99",338.12,5.12,2026-05-05 14:19:40
12,반도체 장비,3.47,079370,제우스 *,테마 편입 사유,16900.0,상승  790,4.9,16900.0,16910.0,711753.0,12024.0,464071.0,,,0.836701,-0.8139091200000004,"6,936.99",338.12,5.12,2026-05-05 14:19:40
12,반도체 장비,3.47,092870,엑시콘 *,테마 편입 사유,38450.0,"상승  1,750",4.77,38450.0,38500.0,345785.0,13445.0,293110.0,,,0.836701,-0.8139091200000004,"6,936.99",338.12,5.12,2026-05-05 14:19:40
12,반도체 장비,3.47,089970,브이엠 *,테마 편입 사유,55900.0,"상승  2,500",4.68,55800.0,55900.0,333524.0,18500.0,363540.0,,,0.836701,-0.8139091200000004,"6,936.99",338.12,5.12,2026-05-05 14:19:40
12,반도체 장비,3.47,053080,케이엔솔 *,테마 편입 사유,14580.0,상승  650,4.67,14580.0,14590.0,577127.0,8617.0,344946.0,,,0.836701,-0.8139091200000004,"6,936.99",338.12,5.12,2026-05-05 14:19:40
12,반도체 장비,3.47,240810,원익IPS *,테마 편입 사유,122500.0,"상승  5,400",4.61,122400.0,122500.0,1698.0,208.0,495817.0,,,0.836701,-0.8139091200000004,"6,936.99",338.12,5.12,2026-05-05 14:19:40
12,반도체 장비,3.47,041520,이엘씨 *,테마 편입 사유,13200.0,상승  580,4.6,13130.0,13200.0,65232.0,862.0,59398.0,,,0.836701,-0.8139091200000004,"6,936.99",338.12,5.12,2026-05-05 14:19:40
12,반도체 장비,3.47,348210,넥스틴 *,테마 편입 사유,72900.0,"상승  3,200",4.59,72900.0,73000.0,59608.0,4321.0,126514.0,,,0.836701,-0.8139091200000004,"6,936.99",338.12,5.12,2026-05-05 14:19:40
12,반도체 장비,3.47,036540,SFA반도체 *,테마 편입 사유,8620.0,상승  320,3.86,8610.0,8620.0,5220838.0,44978.0,5156200.0,,,0.836701,-0.8139091200000004,"6,936.99",338.12,5.12,2026-05-05 14:19:40
12,반도체 장비,3.47,056190,에스에프에이 *,테마 편입 사유,32550.0,"상승  1,150",3.66,32550.0,32600.0,136196.0,4436.0,193856.0,,,0.836701,-0.8139091200000004,"6,936.99",338.12,5.12,2026-05-05 14:19:40
12,반도체 장비,3.47,025560,미래산업,테마 편입 사유,16000.0,상승  550,3.56,16000.0,16050.0,56595.0,904.0,77155.0,,,0.836701,-0.8139091200000004,"6,936.99",338.12,5.12,2026-05-05 14:19:40
12,반도체 장비,3.47,396470,워트 *,테마 편입 사유,8150.0,상승  280,3.56,8150.0,8160.0,263661.0,2141.0,179717.0,,,0.836701,-0.8139091200000004,"6,936.99",338.12,5.12,2026-05-05 14:19:40
12,반도체 장비,3.47,232680,라온로보틱스 *,테마 편입 사유,17210.0,상승  570,3.43,17170.0,17210.0,308390.0,5307.0,408025.0,,,0.836701,-0.8139091200000004,"6,936.99",338.12,5.12,2026-05-05 14:19:40
12,반도체 장비,3.47,403870,HPSP *,테마 편입 사유,54400.0,"상승  1,800",3.42,54400.0,54500.0,1946874.0,105989.0,1674843.0,,,0.836701,-0.8139091200000004,"6,936.99",338.12,5.12,2026-05-05 14:19:40
12,반도체 장비,3.47,083450,GST *,테마 편입 사유,50100.0,"상승  1,600",3.3,50100.0,50200.0,296158.0,14814.0,381508.0,,,0.836701,-0.8139091200000004,"6,936.99",338.12,5.12,2026-05-05 14:19:40
12,반도체 장비,3.47,271830,팸텍 *,테마 편입 사유,1621.0,상승  51,3.25,1618.0,1621.0,217573.0,354.0,100836.0,,,0.836701,-0.8139091200000004,"6,936.99",338.12,5.12,2026-05-05 14:19:40
12,반도체 장비,3.47,095610,테스 *,테마 편입 사유,86700.0,"상승  2,700",3.21,86700.0,86800.0,223464.0,19613.0,260213.0,,,0.836701,-0.8139091200000004,"6,936.99",338.12,5.12,2026-05-05 14:19:40
12,반도체 장비,3.47,089790,제이티 *,테마 편입 사유,6270.0,상승  190,3.13,6260.0,6270.0,124309.0,781.0,110644.0,,,0.836701,-0.8139091200000004,"6,936.99",338.12,5.12,2026-05-05 14:19:40
12,반도체 장비,3.47,159010,아스플로 *,테마 편입 사유,10920.0,상승  330,3.12,10920.0,10930.0,620513.0,7186.0,230929.0,,,0.836701,-0.8139091200000004,"6,936.99",338.12,5.12,2026-05-05 14:19:40
12,반도체 장비,3.47,178320,서진시스템 *,테마 편입 사유,61300.0,"상승  1,800",3.03,61300.0,61400.0,2071722.0,128075.0,3643481.0,,,0.836701,-0.8139091200000004,"6,936.99",338.12,5.12,2026-05-05 14:19:40
12,반도체 장비,3.47,224060,더코디 *,테마 편입 사유,6020.0,상승  170,2.91,6000.0,6020.0,38540.0,225.0,31682.0,,,0.836701,-0.8139091200000004,"6,936.99",338.12,5.12,2026-05-05 14:19:40
12,반도체 장비,3.47,489790,한화비전,테마 편입 사유,88700.0,"상승  2,500",2.9,88700.0,88800.0,1132198.0,101107.0,2145909.0,,,0.836701,-0.8139091200000004,"6,936.99",338.12,5.12,2026-05-05 14:19:40
12,반도체 장비,3.47,036810,에프에스티 *,테마 편입 사유,43700.0,"상승  1,200",2.82,43700.0,43750.0,127513.0,5565.0,155682.0,,,0.836701,-0.8139091200000004,"6,936.99",338.12,5.12,2026-05-05 14:19:40
12,반도체 장비,3.47,042700,한미반도체,테마 편입 사유,378000.0,"상승  10,000",2.72,377500.0,378000.0,1064176.0,400885.0,2575384.0,,,0.836701,-0.8139091200000004,"6,936.99",338.12,5.12,2026-05-05 14:19:40
12,반도체 장비,3.47,200470,에이팩트 *,테마 편입 사유,8880.0,상승  230,2.66,8880.0,8890.0,842716.0,7519.0,585850.0,,,0.836701,-0.8139091200000004,"6,936.99",338.12,5.12,2026-05-05 14:19:40
12,반도체 장비,3.47,241790,티이엠씨씨엔에스 *,테마 편입 사유,8530.0,상승  210,2.52,8520.0,8530.0,92876.0,791.0,56178.0,,,0.836701,-0.8139091200000004,"6,936.99",338.12,5.12,2026-05-05 14:19:40
12,반도체 장비,3.47,110990,디아이티 *,테마 편입 사유,25550.0,상승  600,2.4,25550.0,25600.0,286137.0,7413.0,167640.0,,,0.836701,-0.8139091200000004,"6,936.99",338.12,5.12,2026-05-05 14:19:40
12,반도체 장비,3.47,232140,와이씨 *,테마 편입 사유,22350.0,상승  500,2.29,22350.0,22400.0,861439.0,19389.0,786184.0,,,0.836701,-0.8139091200000004,"6,936.99",338.12,5.12,2026-05-05 14:19:40
12,반도체 장비,3.47,045300,성우테크론 *,테마 편입 사유,3265.0,상승  70,2.19,3260.0,3265.0,49115.0,161.0,25213.0,,,0.836701,-0.8139091200000004,"6,936.99",338.12,5.12,2026-05-05 14:19:40
12,반도체 장비,3.47,122640,예스티 *,테마 편입 사유,27750.0,상승  550,2.02,27700.0,27750.0,152010.0,4228.0,235666.0,,,0.836701,-0.8139091200000004,"6,936.99",338.12,5.12,2026-05-05 14:19:40
12,반도체 장비,3.47,330860,네패스아크 *,테마 편입 사유,38550.0,상승  700,1.85,38550.0,38650.0,459576.0,17698.0,655656.0,,,0.836701,-0.8139091200000004,"6,936.99",338.12,5.12,2026-05-05 14:19:40
12,반도체 장비,3.47,183300,코미코 *,테마 편입 사유,144200.0,"상승  2,600",1.84,143500.0,144200.0,107673.0,15539.0,88848.0,,,0.836701,-0.8139091200000004,"6,936.99",338.12,5.12,2026-05-05 14:19:40
12,반도체 장비,3.47,064290,인텍플러스 *,테마 편입 사유,31350.0,상승  550,1.79,31350.0,31400.0,434793.0,13733.0,554190.0,,,0.836701,-0.8139091200000004,"6,936.99",338.12,5.12,2026-05-05 14:19:40
12,반도체 장비,3.47,083310,엘오티베큠 *,테마 편입 사유,16100.0,상승  270,1.71,16100.0,16110.0,223541.0,3651.0,256989.0,,,0.836701,-0.8139091200000004,"6,936.99",338.12,5.12,2026-05-05 14:19:40
12,반도체 장비,3.47,003160,디아이,테마 편입 사유,33800.0,상승  550,1.65,33800.0,33850.0,286496.0,9683.0,321406.0,,,0.836701,-0.8139091200000004,"6,936.99",338.12,5.12,2026-05-05 14:19:40
12,반도체 장비,3.47,253590,네오셈 *,테마 편입 사유,18970.0,상승  300,1.61,18960.0,18970.0,2427060.0,47476.0,1252271.0,,,0.836701,-0.8139091200000004,"6,936.99",338.12,5.12,2026-05-05 14:19:40
12,반도체 장비,3.47,084370,유진테크 *,테마 편입 사유,132000.0,"상승  2,000",1.54,132000.0,132100.0,159771.0,21216.0,415743.0,,,0.836701,-0.8139091200000004,"6,936.99",338.12,5.12,2026-05-05 14:19:40
12,반도체 장비,3.47,064760,티씨케이 *,테마 편입 사유,298500.0,"상승  4,500",1.53,298000.0,298500.0,56366.0,16831.0,63537.0,,,0.836701,-0.8139091200000004,"6,936.99",338.12,5.12,2026-05-05 14:19:40
12,반도체 장비,3.47,039030,이오테크닉스 *,테마 편입 사유,475000.0,"상승  7,000",1.5,475000.0,475500.0,223.0,106.0,107155.0,,,0.836701,-0.8139091200000004,"6,936.99",338.12,5.12,2026-05-05 14:19:40
12,반도체 장비,3.47,058470,리노공업 *,테마 편입 사유,120800.0,"상승  1,500",1.26,120600.0,120800.0,1476444.0,175494.0,2627349.0,,,0.836701,-0.8139091200000004,"6,936.99",338.12,5.12,2026-05-05 14:19:40
12,반도체 장비,3.47,160980,싸이맥스 *,테마 편입 사유,37650.0,상승  450,1.21,37650.0,37700.0,13.0,0.0,272051.0,,,0.836701,-0.8139091200000004,"6,936.99",338.12,5.12,2026-05-05 14:19:40
12,반도체 장비,3.47,045100,한양이엔지 *,테마 편입 사유,32500.0,상승  350,1.09,32500.0,32550.0,129667.0,4253.0,128118.0,,,0.836701,-0.8139091200000004,"6,936.99",338.12,5.12,2026-05-05 14:19:40
12,반도체 장비,3.47,217500,러셀 *,테마 편입 사유,2865.0,상승  30,1.06,2860.0,2865.0,315396.0,908.0,748022.0,,,0.836701,-0.8139091200000004,"6,936.99",338.12,5.12,2026-05-05 14:19:40
12,반도체 장비,3.47,029460,케이씨,테마 편입 사유,39500.0,상승  350,0.89,39450.0,39500.0,27214.0,1078.0,26841.0,,,0.836701,-0.8139091200000004,"6,936.99",338.12,5.12,2026-05-05 14:19:40
12,반도체 장비,3.47,140670,알에스오토메이션 *,테마 편입 사유,16880.0,상승  100,0.6,16870.0,16880.0,267154.0,4567.0,389983.0,,,0.836701,-0.8139091200000004,"6,936.99",338.12,5.12,2026-05-05 14:19:40
12,반도체 장비,3.47,168360,펨트론 *,테마 편입 사유,25950.0,상승  150,0.58,25950.0,26000.0,171145.0,4418.0,327208.0,,,0.836701,-0.8139091200000004,"6,936.99",338.12,5.12,2026-05-05 14:19:40
12,반도체 장비,3.47,036930,주성엔지니어링 *,테마 편입 사유,126600.0,상승  600,0.48,126500.0,126600.0,1059.0,134.0,794993.0,,,0.836701,-0.8139091200000004,"6,936.99",338.12,5.12,2026-05-05 14:19:40
12,반도체 장비,3.47,264660,씨앤지하이테크 *,테마 편입 사유,22600.0,상승  100,0.44,22600.0,22650.0,229211.0,5208.0,191837.0,,,0.836701,-0.8139091200000004,"6,936.99",338.12,5.12,2026-05-05 14:19:40
12,반도체 장비,3.47,053610,프로텍 *,테마 편입 사유,82300.0,상승  100,0.12,82300.0,82500.0,83671.0,6847.0,85324.0,,,0.836701,-0.8139091200000004,"6,936.99",338.12,5.12,2026-05-05 14:19:40
12,반도체 장비,3.47,256630,포인트엔지니어링 *,테마 편입 사유,1175.0,보합0,0.0,0.0,0.0,0.0,0.0,0.0,,,0.836701,-0.8139091200000004,"6,936.99",338.12,5.12,2026-05-05 14:19:40
12,반도체 장비,3.47,227950,엔투텍 *,테마 편입 사유,503.0,보합0,0.0,0.0,0.0,0.0,0.0,6739157.0,,,0.836701,-0.8139091200000004,"6,936.99",338.12,5.12,2026-05-05 14:19:40
12,반도체 장비,3.47,011930,신성이엔지,테마 편입 사유,3995.0,보합0,0.0,0.0,0.0,0.0,0.0,0.0,,,0.836701,-0.8139091200000004,"6,936.99",338.12,5.12,2026-05-05 14:19:40
12,반도체 장비,3.47,071280,로체시스템즈 *,테마 편입 사유,9450.0,하락  10,-0.11,9450.0,9460.0,171307.0,1630.0,92057.0,,,0.836701,-0.8139091200000004,"6,936.99",338.12,5.12,2026-05-05 14:19:40
12,반도체 장비,3.47,037350,성도이엔지 *,테마 편입 사유,13260.0,하락  30,-0.23,13260.0,13270.0,412672.0,5575.0,213380.0,,,0.836701,-0.8139091200000004,"6,936.99",338.12,5.12,2026-05-05 14:19:40
12,반도체 장비,3.47,140070,서플러스글로벌 *,테마 편입 사유,2600.0,하락  10,-0.38,2595.0,2600.0,207217.0,540.0,508000.0,,,0.836701,-0.8139091200000004,"6,936.99",338.12,5.12,2026-05-05 14:19:40
12,반도체 장비,3.47,402490,그린리소스 *,테마 편입 사유,20700.0,하락  100,-0.48,20650.0,20700.0,522900.0,10872.0,562215.0,,,0.836701,-0.8139091200000004,"6,936.99",338.12,5.12,2026-05-05 14:19:40
12,반도체 장비,3.47,265520,AP시스템 *,테마 편입 사유,26050.0,하락  150,-0.57,26000.0,26050.0,164990.0,4326.0,194386.0,,,0.836701,-0.8139091200000004,"6,936.99",338.12,5.12,2026-05-05 14:19:40
12,반도체 장비,3.47,131290,티에스이 *,테마 편입 사유,167800.0,"하락  1,000",-0.59,167800.0,167900.0,115191.0,19120.0,80011.0,,,0.836701,-0.8139091200000004,"6,936.99",338.12,5.12,2026-05-05 14:19:40
12,반도체 장비,3.47,049080,기가레인 *,테마 편입 사유,2055.0,하락  15,-0.72,2050.0,2055.0,7399162.0,15410.0,6223417.0,,,0.836701,-0.8139091200000004,"6,936.99",338.12,5.12,2026-05-05 14:19:40
12,반도체 장비,3.47,081180,쎄크 *,테마 편입 사유,13510.0,하락  100,-0.73,13510.0,13520.0,156048.0,2152.0,211221.0,,,0.836701,-0.8139091200000004,"6,936.99",338.12,5.12,2026-05-05 14:19:40
12,반도체 장비,3.47,413630,씨피시스템 *,테마 편입 사유,3985.0,하락  70,-1.73,3985.0,3990.0,277112.0,1111.0,293600.0,,,0.836701,-0.8139091200000004,"6,936.99",338.12,5.12,2026-05-05 14:19:40
12,반도체 장비,3.47,090360,로보스타 *,테마 편입 사유,71600.0,"하락  1,300",-1.78,71600.0,71700.0,80705.0,5854.0,158548.0,,,0.836701,-0.8139091200000004,"6,936.99",338.12,5.12,2026-05-05 14:19:40
12,반도체 장비,3.47,452160,제이엔비 *,테마 편입 사유,6150.0,하락  180,-2.84,6150.0,6160.0,44197.0,275.0,42454.0,,,0.836701,-0.8139091200000004,"6,936.99",338.12,5.12,2026-05-05 14:19:40
12,반도체 장비,3.47,382800,지앤비에스 에코 *,테마 편입 사유,8800.0,하락  290,-3.19,8800.0,8810.0,2693743.0,24398.0,4086296.0,,,0.836701,-0.8139091200000004,"6,936.99",338.12,5.12,2026-05-05 14:19:40
12,반도체 장비,3.47,098460,고영 *,테마 편입 사유,38950.0,"하락  1,300",-3.23,38950.0,39000.0,3564001.0,140106.0,3331834.0,,,0.836701,-0.8139091200000004,"6,936.99",338.12,5.12,2026-05-05 14:19:40
12,반도체 장비,3.47,412350,레이저쎌 *,테마 편입 사유,7660.0,하락  260,-3.28,7660.0,7670.0,528961.0,4060.0,663278.0,,,0.836701,-0.8139091200000004,"6,936.99",338.12,5.12,2026-05-05 14:19:40
12,반도체 장비,3.47,187870,디바이스 *,테마 편입 사유,19320.0,하락  880,-4.36,19310.0,19320.0,109695.0,2175.0,128618.0,,,0.836701,-0.8139091200000004,"6,936.99",338.12,5.12,2026-05-05 14:19:40
12,반도체 장비,3.47,090470,제이스로보틱스 *,테마 편입 사유,8920.0,하락  440,-4.7,8920.0,8930.0,95469.0,875.0,66442.0,,,0.836701,-0.8139091200000004,"6,936.99",338.12,5.12,2026-05-05 14:19:40
12,반도체 장비,3.47,254120,자비스 *,테마 편입 사유,1410.0,하락  73,-4.92,1410.0,1411.0,666162.0,947.0,466407.0,,,0.836701,-0.8139091200000004,"6,936.99",338.12,5.12,2026-05-05 14:19:40
12,반도체 장비,3.47,469610,이노테크 *,테마 편입 사유,24400.0,"하락  2,200",-8.27,24400.0,24450.0,427686.0,10726.0,357821.0,,,0.836701,-0.8139091200000004,"6,936.99",338.12,5.12,2026-05-05 14:19:40
506,탈모 치료,-0.68,344860,이노진 *,테마 편입 사유,1601.0,상승  58,3.76,1601.0,1606.0,62381.0,100.0,33269.0,,,0.022729,-0.79637248,"6,936.99",338.12,5.12,2026-05-05 14:19:40
506,탈모 치료,-0.68,389470,인벤티지랩 *,테마 편입 사유,63300.0,"상승  1,800",2.93,63200.0,63300.0,67317.0,4255.0,62036.0,,,0.022729,-0.79637248,"6,936.99",338.12,5.12,2026-05-05 14:19:40
506,탈모 치료,-0.68,304840,피플바이오 *,테마 편입 사유,1344.0,상승  15,1.13,1344.0,1345.0,127379.0,169.0,154395.0,,,0.022729,-0.79637248,"6,936.99",338.12,5.12,2026-05-05 14:19:40
506,탈모 치료,-0.68,226950,올릭스 *,테마 편입 사유,174200.0,"상승  1,700",0.99,174100.0,174200.0,162123.0,28161.0,288160.0,,,0.022729,-0.79637248,"6,936.99",338.12,5.12,2026-05-05 14:19:40
506,탈모 치료,-0.68,003850,보령,테마 편입 사유,10010.0,상승  70,0.7,10010.0,10020.0,262395.0,2654.0,111423.0,,,0.022729,-0.79637248,"6,936.99",338.12,5.12,2026-05-05 14:19:40
506,탈모 치료,-0.68,420570,제이투케이바이오 *,테마 편입 사유,8300.0,상승  40,0.48,8280.0,8300.0,33079.0,272.0,17739.0,,,0.022729,-0.79637248,"6,936.99",338.12,5.12,2026-05-05 14:19:40
506,탈모 치료,-0.68,052260,현대바이오랜드 *,테마 편입 사유,4610.0,상승  20,0.44,4610.0,4615.0,174429.0,809.0,173069.0,,,0.022729,-0.79637248,"6,936.99",338.12,5.12,2026-05-05 14:19:40
506,탈모 치료,-0.68,378800,샤페론 *,테마 편입 사유,1877.0,상승  1,0.05,1876.0,1877.0,884.0,2.0,767944.0,,,0.022729,-0.79637248,"6,936.99",338.12,5.12,2026-05-05 14:19:40
506,탈모 치료,-0.68,377220,프롬바이오 *,테마 편입 사유,1269.0,보합0,0.0,1267.0,1269.0,62309.0,79.0,118572.0,,,0.022729,-0.79637248,"6,936.99",338.12,5.12,2026-05-05 14:19:40
506,탈모 치료,-0.68,118000,메타케어,테마 편입 사유,208.0,보합0,0.0,0.0,0.0,0.0,0.0,0.0,,,0.022729,-0.79637248,"6,936.99",338.12,5.12,2026-05-05 14:19:40
506,탈모 치료,-0.68,317240,TS트릴리온 *,테마 편입 사유,309.0,보합0,0.0,0.0,0.0,0.0,0.0,0.0,,,0.022729,-0.79637248,"6,936.99",338.12,5.12,2026-05-05 14:19:40
506,탈모 치료,-0.68,330350,위더스제약 *,테마 편입 사유,8930.0,하락  10,-0.11,8930.0,8940.0,103377.0,929.0,106402.0,,,0.022729,-0.79637248,"6,936.99",338.12,5.12,2026-05-05 14:19:40
506,탈모 치료,-0.68,090370,메타랩스,테마 편입 사유,1457.0,하락  4,-0.27,1457.0,1460.0,56761.0,82.0,41921.0,,,0.022729,-0.79637248,"6,936.99",338.12,5.12,2026-05-05 14:19:40
506,탈모 치료,-0.68,004310,현대약품,테마 편입 사유,8590.0,하락  30,-0.35,8590.0,8600.0,808441.0,7128.0,388366.0,,,0.022729,-0.79637248,"6,936.99",338.12,5.12,2026-05-05 14:19:40
506,탈모 치료,-0.68,069620,대웅제약,테마 편입 사유,147700.0,하락  600,-0.4,147700.0,148000.0,27425.0,4074.0,29447.0,,,0.022729,-0.79637248,"6,936.99",338.12,5.12,2026-05-05 14:19:40
506,탈모 치료,-0.68,002800,신신제약 *,테마 편입 사유,5830.0,하락  30,-0.51,5810.0,5830.0,51822.0,301.0,43085.0,,,0.022729,-0.79637248,"6,936.99",338.12,5.12,2026-05-05 14:19:40
506,탈모 치료,-0.68,217730,강스템바이오텍 *,테마 편입 사유,3970.0,하락  25,-0.63,3965.0,3970.0,1185822.0,4707.0,918491.0,,,0.022729,-0.79637248,"6,936.99",338.12,5.12,2026-05-05 14:19:40
506,탈모 치료,-0.68,017180,명문제약,테마 편입 사유,1776.0,하락  12,-0.67,1771.0,1776.0,111014.0,197.0,86756.0,,,0.022729,-0.79637248,"6,936.99",338.12,5.12,2026-05-05 14:19:40
506,탈모 치료,-0.68,067290,JW신약 *,테마 편입 사유,1973.0,하락  27,-1.35,1973.0,1974.0,501343.0,998.0,404140.0,,,0.022729,-0.79637248,"6,936.99",338.12,5.12,2026-05-05 14:19:40
506,탈모 치료,-0.68,001060,JW중외제약,테마 편입 사유,30700.0,하락  500,-1.6,30650.0,30700.0,67936.0,2097.0,49129.0,,,0.022729,-0.79637248,"6,936.99",338.12,5.12,2026-05-05 14:19:40
506,탈모 치료,-0.68,277410,인산가 *,테마 편입 사유,1105.0,하락  29,-2.56,1102.0,1105.0,175649.0,195.0,63691.0,,,0.022729,-0.79637248,"6,936.99",338.12,5.12,2026-05-05 14:19:40
506,탈모 치료,-0.68,064550,바이오니아 *,테마 편입 사유,10230.0,하락  310,-2.94,10230.0,10240.0,118571.0,1225.0,82841.0,,,0.022729,-0.79637248,"6,936.99",338.12,5.12,2026-05-05 14:19:40
506,탈모 치료,-0.68,260660,알리코제약 *,테마 편입 사유,3510.0,하락  110,-3.04,3510.0,3515.0,54163.0,193.0,43764.0,,,0.022729,-0.79637248,"6,936.99",338.12,5.12,2026-05-05 14:19:40
506,탈모 치료,-0.68,065660,안트로젠 *,테마 편입 사유,34850.0,"하락  1,150",-3.19,34850.0,35000.0,33884.0,1190.0,22635.0,,,0.022729,-0.79637248,"6,936.99",338.12,5.12,2026-05-05 14:19:40
506,탈모 치료,-0.68,006490,인스코비,테마 편입 사유,446.0,하락  19,-4.09,445.0,446.0,856082.0,395.0,1326741.0,,,0.022729,-0.79637248,"6,936.99",338.12,5.12,2026-05-05 14:19:40
506,탈모 치료,-0.68,376900,로킷헬스케어 *,테마 편입 사유,71500.0,"하락  5,000",-6.54,71400.0,71500.0,343025.0,25081.0,256370.0,,,0.022729,-0.79637248,"6,936.99",338.12,5.12,2026-05-05 14:19:40
505,로봇(산업용/협동로봇 등),1.94,059120,아진엑스텍 *,테마 편입 사유,11580.0,"상한가  2,670",29.97,11580.0,0.0,14189663.0,151177.0,16968905.0,,,0.532839,-0.7881356799999999,"6,936.99",338.12,5.12,2026-05-05 14:19:40
505,로봇(산업용/협동로봇 등),1.94,307180,아이엘 *,테마 편입 사유,7730.0,"상승  1,390",21.92,7730.0,7740.0,4289470.0,31942.0,1592561.0,,,0.532839,-0.7881356799999999,"6,936.99",338.12,5.12,2026-05-05 14:19:40
505,로봇(산업용/협동로봇 등),1.94,448900,한국피아이엠 *,테마 편입 사유,127900.0,"상승  20,200",18.76,127900.0,128000.0,413715.0,51326.0,338101.0,,,0.532839,-0.7881356799999999,"6,936.99",338.12,5.12,2026-05-05 14:19:40
505,로봇(산업용/협동로봇 등),1.94,011690,와이투솔루션,테마 편입 사유,8900.0,상승  770,9.47,8890.0,8900.0,6086600.0,57311.0,633628.0,,,0.532839,-0.7881356799999999,"6,936.99",338.12,5.12,2026-05-05 14:19:40
505,로봇(산업용/협동로봇 등),1.94,000150,두산,테마 편입 사유,1705000.0,"상승  109,000",6.83,1705000.0,1706000.0,84369.0,142372.0,108850.0,,,0.532839,-0.7881356799999999,"6,936.99",338.12,5.12,2026-05-05 14:19:40
505,로봇(산업용/협동로봇 등),1.94,010820,퍼스텍,테마 편입 사유,14270.0,상승  770,5.7,14270.0,14280.0,1797341.0,24659.0,1367138.0,,,0.532839,-0.7881356799999999,"6,936.99",338.12,5.12,2026-05-05 14:19:40
505,로봇(산업용/협동로봇 등),1.94,030530,원익홀딩스 *,테마 편입 사유,34600.0,"상승  1,800",5.49,34550.0,34600.0,2168.0,75.0,1728503.0,,,0.532839,-0.7881356799999999,"6,936.99",338.12,5.12,2026-05-05 14:19:40
505,로봇(산업용/협동로봇 등),1.94,079370,제우스 *,테마 편입 사유,16900.0,상승  790,4.9,16900.0,16910.0,711753.0,12024.0,464071.0,,,0.532839,-0.7881356799999999,"6,936.99",338.12,5.12,2026-05-05 14:19:40
505,로봇(산업용/협동로봇 등),1.94,000490,대동,테마 편입 사유,10610.0,상승  480,4.74,10610.0,10620.0,697720.0,7405.0,339355.0,,,0.532839,-0.7881356799999999,"6,936.99",338.12,5.12,2026-05-05 14:19:40
505,로봇(산업용/협동로봇 등),1.94,079550,LIG디펜스앤에어로스페이스,테마 편입 사유,983000.0,"상승  42,000",4.46,983000.0,984000.0,295511.0,284024.0,244235.0,,,0.532839,-0.7881356799999999,"6,936.99",338.12,5.12,2026-05-05 14:19:40
505,로봇(산업용/협동로봇 등),1.94,348340,뉴로메카 *,테마 편입 사유,67600.0,"상승  2,800",4.32,67500.0,67600.0,484196.0,32716.0,434740.0,,,0.532839,-0.7881356799999999,"6,936.99",338.12,5.12,2026-05-05 14:19:40
505,로봇(산업용/협동로봇 등),1.94,391710,코닉오토메이션 *,테마 편입 사유,2190.0,상승  90,4.29,2190.0,2195.0,599110.0,1332.0,229553.0,,,0.532839,-0.7881356799999999,"6,936.99",338.12,5.12,2026-05-05 14:19:40
505,로봇(산업용/협동로봇 등),1.94,160190,하이젠알앤엠 *,테마 편입 사유,45400.0,"상승  1,800",4.13,45350.0,45400.0,152862.0,6912.0,130070.0,,,0.532839,-0.7881356799999999,"6,936.99",338.12,5.12,2026-05-05 14:19:40
505,로봇(산업용/협동로봇 등),1.94,322180,LS티라유텍 *,테마 편입 사유,9260.0,상승  330,3.7,9250.0,9260.0,289126.0,2671.0,341664.0,,,0.532839,-0.7881356799999999,"6,936.99",338.12,5.12,2026-05-05 14:19:40
505,로봇(산업용/협동로봇 등),1.94,319400,현대무벡스 *,테마 편입 사유,32450.0,"상승  1,100",3.51,32450.0,32500.0,2171086.0,69849.0,2006101.0,,,0.532839,-0.7881356799999999,"6,936.99",338.12,5.12,2026-05-05 14:19:40
505,로봇(산업용/협동로봇 등),1.94,232680,라온로보틱스 *,테마 편입 사유,17210.0,상승  570,3.43,17170.0,17210.0,308390.0,5307.0,408025.0,,,0.532839,-0.7881356799999999,"6,936.99",338.12,5.12,2026-05-05 14:19:40
505,로봇(산업용/협동로봇 등),1.94,277810,레인보우로보틱스 *,테마 편입 사유,685000.0,"상승  21,000",3.16,685000.0,686000.0,125879.0,86326.0,202032.0,,,0.532839,-0.7881356799999999,"6,936.99",338.12,5.12,2026-05-05 14:19:40
505,로봇(산업용/협동로봇 등),1.94,101170,우림피티에스 *,테마 편입 사유,14630.0,상승  420,2.96,14620.0,14630.0,62.0,1.0,268933.0,,,0.532839,-0.7881356799999999,"6,936.99",338.12,5.12,2026-05-05 14:19:40
505,로봇(산업용/협동로봇 등),1.94,389500,에스비비테크 *,테마 편입 사유,66300.0,"상승  1,600",2.47,66300.0,66400.0,179709.0,12053.0,191024.0,,,0.532839,-0.7881356799999999,"6,936.99",338.12,5.12,2026-05-05 14:19:40
505,로봇(산업용/협동로봇 등),1.94,093640,케이알엠 *,테마 편입 사유,5000.0,상승  115,2.35,4995.0,5000.0,97680.0,492.0,49057.0,,,0.532839,-0.7881356799999999,"6,936.99",338.12,5.12,2026-05-05 14:19:40
505,로봇(산업용/협동로봇 등),1.94,059270,해성에어로보틱스 *,테마 편입 사유,9770.0,상승  210,2.2,9770.0,9780.0,370774.0,3661.0,375418.0,,,0.532839,-0.7881356799999999,"6,936.99",338.12,5.12,2026-05-05 14:19:40
505,로봇(산업용/협동로봇 등),1.94,008830,대동기어 *,테마 편입 사유,20600.0,상승  400,1.98,20600.0,20650.0,169.0,3.0,189703.0,,,0.532839,-0.7881356799999999,"6,936.99",338.12,5.12,2026-05-05 14:19:40
505,로봇(산업용/협동로봇 등),1.94,484810,티엑스알로보틱스 *,테마 편입 사유,19830.0,상승  380,1.95,19820.0,19830.0,258593.0,5056.0,642699.0,,,0.532839,-0.7881356799999999,"6,936.99",338.12,5.12,2026-05-05 14:19:40
505,로봇(산업용/협동로봇 등),1.94,264850,이랜시스 *,테마 편입 사유,6440.0,상승  120,1.9,6440.0,6450.0,700167.0,4584.0,547034.0,,,0.532839,-0.7881356799999999,"6,936.99",338.12,5.12,2026-05-05 14:19:40
505,로봇(산업용/협동로봇 등),1.94,012200,계양전기,테마 편입 사유,7130.0,상승  130,1.86,7120.0,7130.0,767687.0,5478.0,628312.0,,,0.532839,-0.7881356799999999,"6,936.99",338.12,5.12,2026-05-05 14:19:40
505,로봇(산업용/협동로봇 등),1.94,466100,클로봇 *,테마 편입 사유,50800.0,상승  850,1.7,50800.0,50900.0,232541.0,11712.0,438587.0,,,0.532839,-0.7881356799999999,"6,936.99",338.12,5.12,2026-05-05 14:19:40
505,로봇(산업용/협동로봇 등),1.94,204320,HL만도,테마 편입 사유,58000.0,상승  900,1.58,57900.0,58000.0,366564.0,21163.0,563165.0,,,0.532839,-0.7881356799999999,"6,936.99",338.12,5.12,2026-05-05 14:19:40
505,로봇(산업용/협동로봇 등),1.94,317830,에스피시스템스 *,테마 편입 사유,10660.0,상승  140,1.33,10650.0,10660.0,117005.0,1250.0,147336.0,,,0.532839,-0.7881356799999999,"6,936.99",338.12,5.12,2026-05-05 14:19:40
505,로봇(산업용/협동로봇 등),1.94,005850,에스엘,테마 편입 사유,63700.0,상승  800,1.27,63600.0,63700.0,112940.0,7167.0,162756.0,,,0.532839,-0.7881356799999999,"6,936.99",338.12,5.12,2026-05-05 14:19:40
505,로봇(산업용/협동로봇 등),1.94,058610,에스피지 *,테마 편입 사유,129200.0,"상승  1,600",1.25,129200.0,129300.0,258175.0,33634.0,473782.0,,,0.532839,-0.7881356799999999,"6,936.99",338.12,5.12,2026-05-05 14:19:40
505,로봇(산업용/협동로봇 등),1.94,160980,싸이맥스 *,테마 편입 사유,37650.0,상승  450,1.21,37650.0,37700.0,13.0,0.0,272051.0,,,0.532839,-0.7881356799999999,"6,936.99",338.12,5.12,2026-05-05 14:19:40
505,로봇(산업용/협동로봇 등),1.94,217500,러셀 *,테마 편입 사유,2865.0,상승  30,1.06,2860.0,2865.0,315396.0,908.0,748022.0,,,0.532839,-0.7881356799999999,"6,936.99",338.12,5.12,2026-05-05 14:19:40
505,로봇(산업용/협동로봇 등),1.94,006140,피제이전자 *,테마 편입 사유,7190.0,상승  70,0.98,7170.0,7190.0,39215.0,281.0,71609.0,,,0.532839,-0.7881356799999999,"6,936.99",338.12,5.12,2026-05-05 14:19:40
505,로봇(산업용/협동로봇 등),1.94,084850,아이티엠반도체 *,테마 편입 사유,17140.0,상승  160,0.94,17140.0,17150.0,58979.0,1017.0,79735.0,,,0.532839,-0.7881356799999999,"6,936.99",338.12,5.12,2026-05-05 14:19:40
505,로봇(산업용/협동로봇 등),1.94,056080,유진로봇 *,테마 편입 사유,26900.0,상승  250,0.94,26850.0,26900.0,613938.0,16774.0,879925.0,,,0.532839,-0.7881356799999999,"6,936.99",338.12,5.12,2026-05-05 14:19:40
505,로봇(산업용/협동로봇 등),1.94,206400,베노티앤알 *,테마 편입 사유,1298.0,상승  10,0.78,1296.0,1298.0,101178.0,130.0,419577.0,,,0.532839,-0.7881356799999999,"6,936.99",338.12,5.12,2026-05-05 14:19:40
505,로봇(산업용/협동로봇 등),1.94,049070,인탑스 *,테마 편입 사유,18750.0,상승  130,0.7,18720.0,18750.0,48438.0,917.0,84058.0,,,0.532839,-0.7881356799999999,"6,936.99",338.12,5.12,2026-05-05 14:19:40
505,로봇(산업용/협동로봇 등),1.94,140670,알에스오토메이션 *,테마 편입 사유,16880.0,상승  100,0.6,16870.0,16880.0,267154.0,4567.0,389983.0,,,0.532839,-0.7881356799999999,"6,936.99",338.12,5.12,2026-05-05 14:19:40
505,로봇(산업용/협동로봇 등),1.94,094940,푸른기술 *,테마 편입 사유,10500.0,상승  40,0.38,10500.0,10510.0,302076.0,3209.0,1463982.0,,,0.532839,-0.7881356799999999,"6,936.99",338.12,5.12,2026-05-05 14:19:40
505,로봇(산업용/협동로봇 등),1.94,060720,KH바텍 *,테마 편입 사유,14080.0,상승  50,0.36,14080.0,14100.0,305498.0,4349.0,338476.0,,,0.532839,-0.7881356799999999,"6,936.99",338.12,5.12,2026-05-05 14:19:40
505,로봇(산업용/협동로봇 등),1.94,251630,브이원텍 *,테마 편입 사유,6240.0,상승  20,0.32,6220.0,6240.0,55736.0,350.0,100640.0,,,0.532839,-0.7881356799999999,"6,936.99",338.12,5.12,2026-05-05 14:19:40
505,로봇(산업용/협동로봇 등),1.94,004380,삼익THK,테마 편입 사유,11870.0,상승  20,0.17,11870.0,11890.0,228681.0,2734.0,151818.0,,,0.532839,-0.7881356799999999,"6,936.99",338.12,5.12,2026-05-05 14:19:40
505,로봇(산업용/협동로봇 등),1.94,474650,링크솔루션 *,테마 편입 사유,59400.0,보합0,0.0,59400.0,59600.0,62780.0,3784.0,92334.0,,,0.532839,-0.7881356799999999,"6,936.99",338.12,5.12,2026-05-05 14:19:40
505,로봇(산업용/협동로봇 등),1.94,437730,삼현 *,테마 편입 사유,53500.0,보합0,0.0,53400.0,53500.0,180664.0,9684.0,273694.0,,,0.532839,-0.7881356799999999,"6,936.99",338.12,5.12,2026-05-05 14:19:40
505,로봇(산업용/협동로봇 등),1.94,065350,신성델타테크 *,테마 편입 사유,58000.0,보합0,0.0,57900.0,58000.0,95639.0,5584.0,108690.0,,,0.532839,-0.7881356799999999,"6,936.99",338.12,5.12,2026-05-05 14:19:40
505,로봇(산업용/협동로봇 등),1.94,119500,포메탈 *,테마 편입 사유,4320.0,보합0,0.0,4315.0,4320.0,147245.0,632.0,60170.0,,,0.532839,-0.7881356799999999,"6,936.99",338.12,5.12,2026-05-05 14:19:40
505,로봇(산업용/협동로봇 등),1.94,270660,에브리봇 *,테마 편입 사유,19140.0,하락  20,-0.1,19130.0,19140.0,50328.0,968.0,117642.0,,,0.532839,-0.7881356799999999,"6,936.99",338.12,5.12,2026-05-05 14:19:40
505,로봇(산업용/협동로봇 등),1.94,117730,티로보틱스 *,테마 편입 사유,22650.0,하락  50,-0.22,22650.0,22700.0,322994.0,7402.0,601321.0,,,0.532839,-0.7881356799999999,"6,936.99",338.12,5.12,2026-05-05 14:19:40
505,로봇(산업용/협동로봇 등),1.94,125490,한라캐스트 *,테마 편입 사유,17090.0,하락  40,-0.23,17090.0,17100.0,1114318.0,19352.0,1556303.0,,,0.532839,-0.7881356799999999,"6,936.99",338.12,5.12,2026-05-05 14:19:40
505,로봇(산업용/협동로봇 등),1.94,024880,케이피에프 *,테마 편입 사유,5860.0,하락  20,-0.34,5850.0,5860.0,186454.0,1102.0,159854.0,,,0.532839,-0.7881356799999999,"6,936.99",338.12,5.12,2026-05-05 14:19:40
505,로봇(산업용/협동로봇 등),1.94,455900,엔젤로보틱스 *,테마 편입 사유,30200.0,하락  150,-0.49,30150.0,30200.0,68064.0,2068.0,169971.0,,,0.532839,-0.7881356799999999,"6,936.99",338.12,5.12,2026-05-05 14:19:40
505,로봇(산업용/협동로봇 등),1.94,100660,서암기계공업 *,테마 편입 사유,4520.0,하락  25,-0.55,4515.0,4520.0,49226.0,224.0,56321.0,,,0.532839,-0.7881356799999999,"6,936.99",338.12,5.12,2026-05-05 14:19:40
505,로봇(산업용/협동로봇 등),1.94,033530,SJG세종,테마 편입 사유,7890.0,하락  60,-0.75,7880.0,7890.0,169792.0,1356.0,162896.0,,,0.532839,-0.7881356799999999,"6,936.99",338.12,5.12,2026-05-05 14:19:40
505,로봇(산업용/협동로봇 등),1.94,459510,나우로보틱스 *,테마 편입 사유,30300.0,하락  250,-0.82,30250.0,30300.0,898518.0,27153.0,1877331.0,,,0.532839,-0.7881356799999999,"6,936.99",338.12,5.12,2026-05-05 14:19:40
505,로봇(산업용/협동로봇 등),1.94,090710,휴림로봇 *,테마 편입 사유,12510.0,하락  110,-0.87,12510.0,12520.0,5473955.0,68119.0,10043004.0,,,0.532839,-0.7881356799999999,"6,936.99",338.12,5.12,2026-05-05 14:19:40
505,로봇(산업용/협동로봇 등),1.94,108490,로보티즈 *,테마 편입 사유,313500.0,"하락  3,000",-0.95,313500.0,314000.0,203707.0,64518.0,311471.0,,,0.532839,-0.7881356799999999,"6,936.99",338.12,5.12,2026-05-05 14:19:40
505,로봇(산업용/협동로봇 등),1.94,048770,TPC로보틱스 *,테마 편입 사유,3905.0,하락  40,-1.01,3900.0,3905.0,423256.0,1668.0,1721531.0,,,0.532839,-0.7881356799999999,"6,936.99",338.12,5.12,2026-05-05 14:19:40
505,로봇(산업용/협동로봇 등),1.94,388720,유일로보틱스 *,테마 편입 사유,104000.0,"하락  1,100",-1.05,104000.0,104100.0,59019.0,6200.0,130332.0,,,0.532839,-0.7881356799999999,"6,936.99",338.12,5.12,2026-05-05 14:19:40
505,로봇(산업용/협동로봇 등),1.94,092200,디아이씨,테마 편입 사유,7460.0,하락  130,-1.71,7460.0,7470.0,427096.0,3257.0,376343.0,,,0.532839,-0.7881356799999999,"6,936.99",338.12,5.12,2026-05-05 14:19:40
505,로봇(산업용/협동로봇 등),1.94,413630,씨피시스템 *,테마 편입 사유,3985.0,하락  70,-1.73,3985.0,3990.0,277112.0,1111.0,293600.0,,,0.532839,-0.7881356799999999,"6,936.99",338.12,5.12,2026-05-05 14:19:40
505,로봇(산업용/협동로봇 등),1.94,090360,로보스타 *,테마 편입 사유,71600.0,"하락  1,300",-1.78,71600.0,71700.0,80705.0,5854.0,158548.0,,,0.532839,-0.7881356799999999,"6,936.99",338.12,5.12,2026-05-05 14:19:40
505,로봇(산업용/협동로봇 등),1.94,199430,케이엔알시스템 *,테마 편입 사유,25400.0,하락  500,-1.93,25350.0,25400.0,72298.0,1863.0,109778.0,,,0.532839,-0.7881356799999999,"6,936.99",338.12,5.12,2026-05-05 14:19:40
505,로봇(산업용/협동로봇 등),1.94,454910,두산로보틱스,테마 편입 사유,107800.0,"하락  2,400",-2.18,107800.0,107900.0,644925.0,69761.0,1839947.0,,,0.532839,-0.7881356799999999,"6,936.99",338.12,5.12,2026-05-05 14:19:40
505,로봇(산업용/협동로봇 등),1.94,099440,스맥 *,테마 편입 사유,4305.0,하락  125,-2.82,4300.0,4305.0,1216189.0,5245.0,1068771.0,,,0.532839,-0.7881356799999999,"6,936.99",338.12,5.12,2026-05-05 14:19:40
505,로봇(산업용/협동로봇 등),1.94,130740,티피씨글로벌 *,테마 편입 사유,2070.0,하락  65,-3.04,2070.0,2080.0,111547.0,233.0,59152.0,,,0.532839,-0.7881356799999999,"6,936.99",338.12,5.12,2026-05-05 14:19:40
505,로봇(산업용/협동로봇 등),1.94,138360,앤로보틱스 *,테마 편입 사유,3505.0,하락  265,-7.03,3505.0,3510.0,3027005.0,10769.0,7124089.0,,,0.532839,-0.7881356799999999,"6,936.99",338.12,5.12,2026-05-05 14:19:40
505,로봇(산업용/협동로봇 등),1.94,192410,오늘이엔엠 *,테마 편입 사유,5160.0,하락  740,-12.54,5130.0,5160.0,637711.0,3401.0,534209.0,,,0.532839,-0.7881356799999999,"6,936.99",338.12,5.12,2026-05-05 14:19:40
560,냉각시스템(액침냉각 등),3.4,034730,SK,테마 편입 사유,475500.0,"상승  50,500",11.88,475000.0,475500.0,325374.0,149558.0,231138.0,,,0.816544,-0.7807052800000007,"6,936.99",338.12,5.12,2026-05-05 14:19:40
560,냉각시스템(액침냉각 등),3.4,036200,유니셈 *,테마 편입 사유,12170.0,상승  670,5.83,12160.0,12170.0,733183.0,8904.0,297771.0,,,0.816544,-0.7807052800000007,"6,936.99",338.12,5.12,2026-05-05 14:19:40
560,냉각시스템(액침냉각 등),3.4,060310,3S *,테마 편입 사유,1525.0,상승  71,4.88,1525.0,1526.0,1081226.0,1646.0,730403.0,,,0.816544,-0.7807052800000007,"6,936.99",338.12,5.12,2026-05-05 14:19:40
560,냉각시스템(액침냉각 등),3.4,053080,케이엔솔 *,테마 편입 사유,14580.0,상승  650,4.67,14580.0,14590.0,577127.0,8617.0,344946.0,,,0.816544,-0.7807052800000007,"6,936.99",338.12,5.12,2026-05-05 14:19:40
560,냉각시스템(액침냉각 등),3.4,107640,한중엔시에스 *,테마 편입 사유,69900.0,"상승  2,800",4.17,69900.0,70000.0,343558.0,24250.0,220481.0,,,0.816544,-0.7807052800000007,"6,936.99",338.12,5.12,2026-05-05 14:19:40
560,냉각시스템(액침냉각 등),3.4,396470,워트 *,테마 편입 사유,8150.0,상승  280,3.56,8150.0,8160.0,263661.0,2141.0,179717.0,,,0.816544,-0.7807052800000007,"6,936.99",338.12,5.12,2026-05-05 14:19:40
560,냉각시스템(액침냉각 등),3.4,012450,한화에어로스페이스,테마 편입 사유,1465000.0,"상승  48,000",3.39,1464000.0,1465000.0,195389.0,286177.0,236243.0,,,0.816544,-0.7807052800000007,"6,936.99",338.12,5.12,2026-05-05 14:19:40
560,냉각시스템(액침냉각 등),3.4,083450,GST *,테마 편입 사유,50100.0,"상승  1,600",3.3,50100.0,50200.0,296158.0,14814.0,381508.0,,,0.816544,-0.7807052800000007,"6,936.99",338.12,5.12,2026-05-05 14:19:40
560,냉각시스템(액침냉각 등),3.4,066570,LG전자,테마 편입 사유,143200.0,"상승  2,300",1.63,143100.0,143200.0,1517270.0,216486.0,4601367.0,,,0.816544,-0.7807052800000007,"6,936.99",338.12,5.12,2026-05-05 14:19:40
560,냉각시스템(액침냉각 등),3.4,096770,SK이노베이션,테마 편입 사유,145700.0,하락  500,-0.34,145600.0,145700.0,1202954.0,177828.0,1134227.0,,,0.816544,-0.7807052800000007,"6,936.99",338.12,5.12,2026-05-05 14:19:40
560,냉각시스템(액침냉각 등),3.4,067170,오텍 *,테마 편입 사유,2630.0,하락  25,-0.94,2630.0,2635.0,451881.0,1212.0,355204.0,,,0.816544,-0.7807052800000007,"6,936.99",338.12,5.12,2026-05-05 14:19:40
560,냉각시스템(액침냉각 등),3.4,078930,GS,테마 편입 사유,80900.0,"하락  1,000",-1.22,80800.0,80900.0,293831.0,23766.0,369316.0,,,0.816544,-0.7807052800000007,"6,936.99",338.12,5.12,2026-05-05 14:19:40
72,철강 중소형,0.27,475430,키스트론 *,테마 편입 사유,6980.0,"상승  1,120",19.11,6970.0,6980.0,11680298.0,79725.0,6443547.0,,,0.203882,-0.7738758400000001,"6,936.99",338.12,5.12,2026-05-05 14:19:40
72,철강 중소형,0.27,002220,한일철강,테마 편입 사유,5740.0,상승  510,9.75,5740.0,5750.0,401644.0,2306.0,128010.0,,,0.203882,-0.7738758400000001,"6,936.99",338.12,5.12,2026-05-05 14:19:40
72,철강 중소형,0.27,053260,금강철강 *,테마 편입 사유,6810.0,상승  410,6.41,6800.0,6810.0,1029369.0,6819.0,2436560.0,,,0.203882,-0.7738758400000001,"6,936.99",338.12,5.12,2026-05-05 14:19:40
72,철강 중소형,0.27,008260,NI스틸,테마 편입 사유,4100.0,상승  160,4.06,4065.0,4100.0,402575.0,1625.0,391101.0,,,0.203882,-0.7738758400000001,"6,936.99",338.12,5.12,2026-05-05 14:19:40
72,철강 중소형,0.27,005160,동국산업 *,테마 편입 사유,3755.0,상승  130,3.59,3755.0,3760.0,224070.0,832.0,386394.0,,,0.203882,-0.7738758400000001,"6,936.99",338.12,5.12,2026-05-05 14:19:40
72,철강 중소형,0.27,008420,문배철강,테마 편입 사유,2985.0,상승  85,2.93,2970.0,2985.0,1224684.0,3640.0,2740339.0,,,0.203882,-0.7738758400000001,"6,936.99",338.12,5.12,2026-05-05 14:19:40
72,철강 중소형,0.27,146060,율촌 *,테마 편입 사유,1580.0,상승  44,2.86,1580.0,1581.0,173349.0,274.0,78974.0,,,0.203882,-0.7738758400000001,"6,936.99",338.12,5.12,2026-05-05 14:19:40
72,철강 중소형,0.27,004560,현대비앤지스틸,테마 편입 사유,17500.0,상승  300,1.74,17470.0,17500.0,143423.0,2531.0,255852.0,,,0.203882,-0.7738758400000001,"6,936.99",338.12,5.12,2026-05-05 14:19:40
72,철강 중소형,0.27,069730,DSR제강,테마 편입 사유,5730.0,상승  90,1.6,5730.0,5740.0,60398.0,347.0,41361.0,,,0.203882,-0.7738758400000001,"6,936.99",338.12,5.12,2026-05-05 14:19:40
72,철강 중소형,0.27,002710,TCC스틸,테마 편입 사유,19980.0,상승  250,1.27,19980.0,19990.0,290899.0,5857.0,566528.0,,,0.203882,-0.7738758400000001,"6,936.99",338.12,5.12,2026-05-05 14:19:40
72,철강 중소형,0.27,017480,삼현철강 *,테마 편입 사유,5020.0,상승  40,0.8,4995.0,5020.0,111338.0,558.0,149252.0,,,0.203882,-0.7738758400000001,"6,936.99",338.12,5.12,2026-05-05 14:19:40
72,철강 중소형,0.27,014280,금강공업,테마 편입 사유,5380.0,상승  20,0.37,5370.0,5380.0,131619.0,708.0,104111.0,,,0.203882,-0.7738758400000001,"6,936.99",338.12,5.12,2026-05-05 14:19:40
72,철강 중소형,0.27,026940,부국철강,테마 편입 사유,2910.0,상승  10,0.34,2910.0,2915.0,1195358.0,3518.0,4788219.0,,,0.203882,-0.7738758400000001,"6,936.99",338.12,5.12,2026-05-05 14:19:40
72,철강 중소형,0.27,263770,유에스티 *,테마 편입 사유,2120.0,상승  5,0.24,2120.0,2125.0,26851.0,57.0,61244.0,,,0.203882,-0.7738758400000001,"6,936.99",338.12,5.12,2026-05-05 14:19:40
72,철강 중소형,0.27,023790,동일스틸럭스 *,테마 편입 사유,1249.0,보합0,0.0,0.0,0.0,0.0,0.0,0.0,,,0.203882,-0.7738758400000001,"6,936.99",338.12,5.12,2026-05-05 14:19:40
72,철강 중소형,0.27,007280,한국특강,테마 편입 사유,1524.0,보합0,0.0,0.0,0.0,0.0,0.0,0.0,,,0.203882,-0.7738758400000001,"6,936.99",338.12,5.12,2026-05-05 14:19:40
72,철강 중소형,0.27,071090,하이스틸,테마 편입 사유,4610.0,하락  10,-0.22,4610.0,4635.0,496314.0,2300.0,1303657.0,,,0.203882,-0.7738758400000001,"6,936.99",338.12,5.12,2026-05-05 14:19:40
72,철강 중소형,0.27,048470,대동스틸 *,테마 편입 사유,3610.0,하락  15,-0.41,3610.0,3630.0,261619.0,949.0,461878.0,,,0.203882,-0.7738758400000001,"6,936.99",338.12,5.12,2026-05-05 14:19:40
72,철강 중소형,0.27,000970,한국주철관,테마 편입 사유,7300.0,하락  50,-0.68,7300.0,7310.0,70415.0,514.0,53991.0,,,0.203882,-0.7738758400000001,"6,936.99",338.12,5.12,2026-05-05 14:19:40
72,철강 중소형,0.27,002690,동일제강,테마 편입 사유,1715.0,하락  14,-0.81,1715.0,1716.0,72932.0,125.0,177998.0,,,0.203882,-0.7738758400000001,"6,936.99",338.12,5.12,2026-05-05 14:19:40
72,철강 중소형,0.27,039240,경남스틸 *,테마 편입 사유,2930.0,하락  25,-0.85,2930.0,2935.0,461481.0,1361.0,565897.0,,,0.203882,-0.7738758400000001,"6,936.99",338.12,5.12,2026-05-05 14:19:40
72,철강 중소형,0.27,004890,동일산업,테마 편입 사유,39350.0,하락  400,-1.01,39200.0,39350.0,1084.0,42.0,790.0,,,0.203882,-0.7738758400000001,"6,936.99",338.12,5.12,2026-05-05 14:19:40
72,철강 중소형,0.27,008970,KBI동양철관,테마 편입 사유,1860.0,하락  25,-1.33,1860.0,1862.0,2190121.0,4145.0,3021449.0,,,0.203882,-0.7738758400000001,"6,936.99",338.12,5.12,2026-05-05 14:19:40
72,철강 중소형,0.27,060380,동양에스텍 *,테마 편입 사유,1607.0,하락  24,-1.47,1606.0,1607.0,191218.0,307.0,294479.0,,,0.203882,-0.7738758400000001,"6,936.99",338.12,5.12,2026-05-05 14:19:40
72,철강 중소형,0.27,012620,원일특강 *,테마 편입 사유,9500.0,하락  150,-1.55,9490.0,9510.0,17348.0,165.0,23373.0,,,0.203882,-0.7738758400000001,"6,936.99",338.12,5.12,2026-05-05 14:19:40
72,철강 중소형,0.27,140520,대창스틸 *,테마 편입 사유,2300.0,하락  40,-1.71,2285.0,2300.0,110971.0,255.0,67464.0,,,0.203882,-0.7738758400000001,"6,936.99",338.12,5.12,2026-05-05 14:19:40
72,철강 중소형,0.27,049430,코메론 *,테마 편입 사유,19830.0,하락  420,-2.07,19830.0,19940.0,52045.0,1043.0,17829.0,,,0.203882,-0.7738758400000001,"6,936.99",338.12,5.12,2026-05-05 14:19:40
72,철강 중소형,0.27,139990,아주스틸,테마 편입 사유,3720.0,하락  80,-2.11,3720.0,3725.0,272967.0,1008.0,593512.0,,,0.203882,-0.7738758400000001,"6,936.99",338.12,5.12,2026-05-05 14:19:40
72,철강 중소형,0.27,012160,영흥,테마 편입 사유,524.0,하락  12,-2.24,524.0,525.0,231977.0,121.0,187905.0,,,0.203882,-0.7738758400000001,"6,936.99",338.12,5.12,2026-05-05 14:19:40
72,철강 중소형,0.27,021040,대호특수강 *,테마 편입 사유,1337.0,하락  33,-2.41,1335.0,1337.0,349340.0,468.0,806347.0,,,0.203882,-0.7738758400000001,"6,936.99",338.12,5.12,2026-05-05 14:19:40
72,철강 중소형,0.27,001080,만호제강,테마 편입 사유,5160.0,하락  140,-2.64,5160.0,5170.0,57694.0,297.0,30937.0,,,0.203882,-0.7738758400000001,"6,936.99",338.12,5.12,2026-05-05 14:19:40
72,철강 중소형,0.27,005010,휴스틸,테마 편입 사유,6640.0,하락  180,-2.64,6640.0,6650.0,2878143.0,19302.0,4747432.0,,,0.203882,-0.7738758400000001,"6,936.99",338.12,5.12,2026-05-05 14:19:40
72,철강 중소형,0.27,162300,신스틸 *,테마 편입 사유,1975.0,하락  75,-3.66,1973.0,1975.0,521006.0,1028.0,313545.0,,,0.203882,-0.7738758400000001,"6,936.99",338.12,5.12,2026-05-05 14:19:40
72,철강 중소형,0.27,100090,SK오션플랜트,테마 편입 사유,23500.0,"하락  1,050",-4.28,23500.0,23550.0,761687.0,17985.0,1078599.0,,,0.203882,-0.7738758400000001,"6,936.99",338.12,5.12,2026-05-05 14:19:40
72,철강 중소형,0.27,133820,화인베스틸,테마 편입 사유,1599.0,하락  101,-5.94,1585.0,1599.0,456995.0,739.0,232453.0,,,0.203882,-0.7738758400000001,"6,936.99",338.12,5.12,2026-05-05 14:19:40
72,철강 중소형,0.27,092790,넥스틸,테마 편입 사유,18800.0,"하락  1,500",-7.39,18790.0,18800.0,1060383.0,20265.0,1053740.0,,,0.203882,-0.7738758400000001,"6,936.99",338.12,5.12,2026-05-05 14:19:40
9,OLED(유기 발광 다이오드),1.92,321260,프로이천 *,테마 편입 사유,3230.0,상한가  745,29.98,3230.0,0.0,10016784.0,31499.0,508346.0,,,0.525413,-0.7701145600000001,"6,936.99",338.12,5.12,2026-05-05 14:19:40
9,OLED(유기 발광 다이오드),1.92,178920,PI첨단소재,테마 편입 사유,30500.0,"상승  4,750",18.45,30450.0,30500.0,1324425.0,40205.0,326562.0,,,0.525413,-0.7701145600000001,"6,936.99",338.12,5.12,2026-05-05 14:19:40
9,OLED(유기 발광 다이오드),1.92,011690,와이투솔루션,테마 편입 사유,8900.0,상승  770,9.47,8890.0,8900.0,6086600.0,57311.0,633628.0,,,0.525413,-0.7701145600000001,"6,936.99",338.12,5.12,2026-05-05 14:19:40
9,OLED(유기 발광 다이오드),1.92,078150,HB테크놀러지 *,테마 편입 사유,3095.0,상승  245,8.6,3095.0,3100.0,8414086.0,26020.0,2097886.0,,,0.525413,-0.7701145600000001,"6,936.99",338.12,5.12,2026-05-05 14:19:40
9,OLED(유기 발광 다이오드),1.92,051910,LG화학,테마 편입 사유,429000.0,"상승  32,000",8.06,429000.0,429500.0,609933.0,259149.0,283039.0,,,0.525413,-0.7701145600000001,"6,936.99",338.12,5.12,2026-05-05 14:19:40
9,OLED(유기 발광 다이오드),1.92,255440,야스 *,테마 편입 사유,11680.0,상승  830,7.65,11670.0,11680.0,173096.0,2000.0,41134.0,,,0.525413,-0.7701145600000001,"6,936.99",338.12,5.12,2026-05-05 14:19:40
9,OLED(유기 발광 다이오드),1.92,0015G0,그린광학 *,테마 편입 사유,35050.0,"상승  2,350",7.19,35000.0,35050.0,600232.0,21074.0,163238.0,,,0.525413,-0.7701145600000001,"6,936.99",338.12,5.12,2026-05-05 14:19:40
9,OLED(유기 발광 다이오드),1.92,094970,제이엠티 *,테마 편입 사유,3855.0,상승  245,6.79,3850.0,3855.0,357451.0,1345.0,109098.0,,,0.525413,-0.7701145600000001,"6,936.99",338.12,5.12,2026-05-05 14:19:40
9,OLED(유기 발광 다이오드),1.92,115440,우리넷 *,테마 편입 사유,15060.0,상승  860,6.06,15050.0,15060.0,1428679.0,21520.0,1227622.0,,,0.525413,-0.7701145600000001,"6,936.99",338.12,5.12,2026-05-05 14:19:40
9,OLED(유기 발광 다이오드),1.92,043590,웰킵스하이텍 *,테마 편입 사유,736.0,상승  41,5.9,736.0,739.0,513315.0,362.0,93888.0,,,0.525413,-0.7701145600000001,"6,936.99",338.12,5.12,2026-05-05 14:19:40
9,OLED(유기 발광 다이오드),1.92,272290,이녹스첨단소재 *,테마 편입 사유,36300.0,"상승  2,000",5.83,36300.0,36350.0,458518.0,16463.0,187764.0,,,0.525413,-0.7701145600000001,"6,936.99",338.12,5.12,2026-05-05 14:19:40
9,OLED(유기 발광 다이오드),1.92,005930,삼성전자,테마 편입 사유,232500.0,"상승  12,000",5.44,232000.0,232500.0,31909907.0,7302350.0,22161975.0,,,0.525413,-0.7701145600000001,"6,936.99",338.12,5.12,2026-05-05 14:19:40
9,OLED(유기 발광 다이오드),1.92,065130,탑엔지니어링 *,테마 편입 사유,3465.0,상승  165,5.0,3460.0,3465.0,96717.0,329.0,46661.0,,,0.525413,-0.7701145600000001,"6,936.99",338.12,5.12,2026-05-05 14:19:40
9,OLED(유기 발광 다이오드),1.92,213420,덕산네오룩스 *,테마 편입 사유,53000.0,"상승  2,500",4.95,52900.0,53000.0,129966.0,6852.0,189251.0,,,0.525413,-0.7701145600000001,"6,936.99",338.12,5.12,2026-05-05 14:19:40
9,OLED(유기 발광 다이오드),1.92,278280,천보 *,테마 편입 사유,65600.0,"상승  3,000",4.79,65500.0,65600.0,145377.0,9655.0,98497.0,,,0.525413,-0.7701145600000001,"6,936.99",338.12,5.12,2026-05-05 14:19:40
9,OLED(유기 발광 다이오드),1.92,240810,원익IPS *,테마 편입 사유,122500.0,"상승  5,400",4.61,122400.0,122500.0,1698.0,208.0,495817.0,,,0.525413,-0.7701145600000001,"6,936.99",338.12,5.12,2026-05-05 14:19:40
9,OLED(유기 발광 다이오드),1.92,144960,뉴파워프라즈마 *,테마 편입 사유,7070.0,상승  310,4.59,7070.0,7080.0,884270.0,6239.0,400002.0,,,0.525413,-0.7701145600000001,"6,936.99",338.12,5.12,2026-05-05 14:19:40
9,OLED(유기 발광 다이오드),1.92,317330,덕산테코피아 *,테마 편입 사유,25100.0,"상승  1,100",4.58,25100.0,25150.0,294878.0,7513.0,281296.0,,,0.525413,-0.7701145600000001,"6,936.99",338.12,5.12,2026-05-05 14:19:40
9,OLED(유기 발광 다이오드),1.92,336370,솔루스첨단소재,테마 편입 사유,13660.0,상승  570,4.35,13650.0,13660.0,1149372.0,15741.0,3202972.0,,,0.525413,-0.7701145600000001,"6,936.99",338.12,5.12,2026-05-05 14:19:40
9,OLED(유기 발광 다이오드),1.92,143540,영우디에스피 *,테마 편입 사유,1400.0,상승  50,3.7,1397.0,1400.0,372465.0,520.0,339541.0,,,0.525413,-0.7701145600000001,"6,936.99",338.12,5.12,2026-05-05 14:19:40
9,OLED(유기 발광 다이오드),1.92,056190,에스에프에이 *,테마 편입 사유,32550.0,"상승  1,150",3.66,32550.0,32600.0,136196.0,4436.0,193856.0,,,0.525413,-0.7701145600000001,"6,936.99",338.12,5.12,2026-05-05 14:19:40
9,OLED(유기 발광 다이오드),1.92,104830,원익머트리얼즈 *,테마 편입 사유,53900.0,"상승  1,600",3.06,53700.0,53900.0,79942.0,4282.0,70397.0,,,0.525413,-0.7701145600000001,"6,936.99",338.12,5.12,2026-05-05 14:19:40
9,OLED(유기 발광 다이오드),1.92,250930,예선테크 *,테마 편입 사유,480.0,상승  13,2.78,480.0,482.0,865605.0,436.0,183751.0,,,0.525413,-0.7701145600000001,"6,936.99",338.12,5.12,2026-05-05 14:19:40
9,OLED(유기 발광 다이오드),1.92,141000,비아트론 *,테마 편입 사유,11910.0,상승  320,2.76,11900.0,11910.0,117651.0,1385.0,77993.0,,,0.525413,-0.7701145600000001,"6,936.99",338.12,5.12,2026-05-05 14:19:40
9,OLED(유기 발광 다이오드),1.92,297890,HB솔루션 *,테마 편입 사유,2360.0,상승  60,2.61,2355.0,2360.0,606814.0,1428.0,364171.0,,,0.525413,-0.7701145600000001,"6,936.99",338.12,5.12,2026-05-05 14:19:40
9,OLED(유기 발광 다이오드),1.92,110990,디아이티 *,테마 편입 사유,25550.0,상승  600,2.4,25550.0,25600.0,286137.0,7413.0,167640.0,,,0.525413,-0.7701145600000001,"6,936.99",338.12,5.12,2026-05-05 14:19:40
9,OLED(유기 발광 다이오드),1.92,114810,한솔아이원스 *,테마 편입 사유,17320.0,상승  380,2.24,17320.0,17330.0,391711.0,6842.0,459628.0,,,0.525413,-0.7701145600000001,"6,936.99",338.12,5.12,2026-05-05 14:19:40
9,OLED(유기 발광 다이오드),1.92,089980,상아프론테크 *,테마 편입 사유,28050.0,상승  600,2.19,28000.0,28050.0,149870.0,4172.0,113157.0,,,0.525413,-0.7701145600000001,"6,936.99",338.12,5.12,2026-05-05 14:19:40
9,OLED(유기 발광 다이오드),1.92,121600,나노신소재 *,테마 편입 사유,84500.0,"상승  1,700",2.05,84400.0,84500.0,127206.0,10723.0,152921.0,,,0.525413,-0.7701145600000001,"6,936.99",338.12,5.12,2026-05-05 14:19:40
9,OLED(유기 발광 다이오드),1.92,122640,예스티 *,테마 편입 사유,27750.0,상승  550,2.02,27700.0,27750.0,152010.0,4228.0,235666.0,,,0.525413,-0.7701145600000001,"6,936.99",338.12,5.12,2026-05-05 14:19:40
9,OLED(유기 발광 다이오드),1.92,059100,아이컴포넌트 *,테마 편입 사유,5560.0,상승  110,2.02,5550.0,5560.0,33588.0,185.0,23239.0,,,0.525413,-0.7701145600000001,"6,936.99",338.12,5.12,2026-05-05 14:19:40
9,OLED(유기 발광 다이오드),1.92,083500,에프엔에스테크 *,테마 편입 사유,19720.0,상승  370,1.91,19710.0,19720.0,91573.0,1816.0,150893.0,,,0.525413,-0.7701145600000001,"6,936.99",338.12,5.12,2026-05-05 14:19:40
9,OLED(유기 발광 다이오드),1.92,161580,필옵틱스 *,테마 편입 사유,48650.0,상승  850,1.78,48650.0,48700.0,214033.0,10390.0,233503.0,,,0.525413,-0.7701145600000001,"6,936.99",338.12,5.12,2026-05-05 14:19:40
9,OLED(유기 발광 다이오드),1.92,083310,엘오티베큠 *,테마 편입 사유,16100.0,상승  270,1.71,16100.0,16110.0,223541.0,3651.0,256989.0,,,0.525413,-0.7701145600000001,"6,936.99",338.12,5.12,2026-05-05 14:19:40
9,OLED(유기 발광 다이오드),1.92,066570,LG전자,테마 편입 사유,143200.0,"상승  2,300",1.63,143100.0,143200.0,1517270.0,216486.0,4601367.0,,,0.525413,-0.7701145600000001,"6,936.99",338.12,5.12,2026-05-05 14:19:40
9,OLED(유기 발광 다이오드),1.92,063760,이엘피 *,테마 편입 사유,3525.0,상승  50,1.44,3510.0,3525.0,49639.0,175.0,80428.0,,,0.525413,-0.7701145600000001,"6,936.99",338.12,5.12,2026-05-05 14:19:40
9,OLED(유기 발광 다이오드),1.92,088130,동아엘텍 *,테마 편입 사유,11240.0,상승  140,1.26,11230.0,11240.0,1070150.0,11944.0,1431960.0,,,0.525413,-0.7701145600000001,"6,936.99",338.12,5.12,2026-05-05 14:19:40
9,OLED(유기 발광 다이오드),1.92,054620,APS *,테마 편입 사유,6890.0,상승  60,0.88,6850.0,6890.0,146539.0,1002.0,206088.0,,,0.525413,-0.7701145600000001,"6,936.99",338.12,5.12,2026-05-05 14:19:40
9,OLED(유기 발광 다이오드),1.92,108320,LX세미콘,테마 편입 사유,63100.0,상승  500,0.8,63100.0,63200.0,190546.0,11761.0,143221.0,,,0.525413,-0.7701145600000001,"6,936.99",338.12,5.12,2026-05-05 14:19:40
9,OLED(유기 발광 다이오드),1.92,049950,미래컴퍼니 *,테마 편입 사유,16320.0,상승  120,0.74,16320.0,16390.0,70021.0,1161.0,55455.0,,,0.525413,-0.7701145600000001,"6,936.99",338.12,5.12,2026-05-05 14:19:40
9,OLED(유기 발광 다이오드),1.92,295310,에이치브이엠 *,테마 편입 사유,89600.0,상승  600,0.67,89600.0,89700.0,129160.0,11551.0,168623.0,,,0.525413,-0.7701145600000001,"6,936.99",338.12,5.12,2026-05-05 14:19:40
9,OLED(유기 발광 다이오드),1.92,096870,엘디티 *,테마 편입 사유,2420.0,상승  15,0.62,2400.0,2420.0,18575.0,45.0,12711.0,,,0.525413,-0.7701145600000001,"6,936.99",338.12,5.12,2026-05-05 14:19:40
9,OLED(유기 발광 다이오드),1.92,068790,DMS *,테마 편입 사유,8330.0,상승  50,0.6,8320.0,8330.0,145686.0,1231.0,200890.0,,,0.525413,-0.7701145600000001,"6,936.99",338.12,5.12,2026-05-05 14:19:40
9,OLED(유기 발광 다이오드),1.92,267320,나인테크 *,테마 편입 사유,3500.0,상승  20,0.57,3495.0,3500.0,1568804.0,5541.0,1960975.0,,,0.525413,-0.7701145600000001,"6,936.99",338.12,5.12,2026-05-05 14:19:40
9,OLED(유기 발광 다이오드),1.92,014680,한솔케미칼,테마 편입 사유,286500.0,"상승  1,500",0.53,286000.0,286500.0,49698.0,14279.0,47539.0,,,0.525413,-0.7701145600000001,"6,936.99",338.12,5.12,2026-05-05 14:19:40
9,OLED(유기 발광 다이오드),1.92,036930,주성엔지니어링 *,테마 편입 사유,126600.0,상승  600,0.48,126500.0,126600.0,1059.0,134.0,794993.0,,,0.525413,-0.7701145600000001,"6,936.99",338.12,5.12,2026-05-05 14:19:40
9,OLED(유기 발광 다이오드),1.92,034220,LG디스플레이,테마 편입 사유,12310.0,상승  50,0.41,12300.0,12310.0,4285497.0,52886.0,4896004.0,,,0.525413,-0.7701145600000001,"6,936.99",338.12,5.12,2026-05-05 14:19:40
9,OLED(유기 발광 다이오드),1.92,251630,브이원텍 *,테마 편입 사유,6240.0,상승  20,0.32,6220.0,6240.0,55736.0,350.0,100640.0,,,0.525413,-0.7701145600000001,"6,936.99",338.12,5.12,2026-05-05 14:19:40
9,OLED(유기 발광 다이오드),1.92,475660,에스켐 *,테마 편입 사유,5210.0,상승  10,0.19,5170.0,5210.0,31831.0,164.0,15340.0,,,0.525413,-0.7701145600000001,"6,936.99",338.12,5.12,2026-05-05 14:19:40
9,OLED(유기 발광 다이오드),1.92,171010,램테크놀러지 *,테마 편입 사유,3735.0,상승  5,0.13,3735.0,3760.0,88422.0,334.0,77562.0,,,0.525413,-0.7701145600000001,"6,936.99",338.12,5.12,2026-05-05 14:19:40
9,OLED(유기 발광 다이오드),1.92,083930,아바코 *,테마 편입 사유,15930.0,상승  10,0.06,15930.0,15950.0,270909.0,4325.0,160458.0,,,0.525413,-0.7701145600000001,"6,936.99",338.12,5.12,2026-05-05 14:19:40
9,OLED(유기 발광 다이오드),1.92,457370,한켐 *,테마 편입 사유,9280.0,보합0,0.0,9280.0,9290.0,71630.0,670.0,82396.0,,,0.525413,-0.7701145600000001,"6,936.99",338.12,5.12,2026-05-05 14:19:40
9,OLED(유기 발광 다이오드),1.92,320000,한울반도체 *,테마 편입 사유,1533.0,보합0,0.0,0.0,0.0,0.0,0.0,0.0,,,0.525413,-0.7701145600000001,"6,936.99",338.12,5.12,2026-05-05 14:19:40
9,OLED(유기 발광 다이오드),1.92,131760,파인텍 *,테마 편입 사유,1036.0,보합0,0.0,0.0,0.0,0.0,0.0,0.0,,,0.525413,-0.7701145600000001,"6,936.99",338.12,5.12,2026-05-05 14:19:40
9,OLED(유기 발광 다이오드),1.92,256630,포인트엔지니어링 *,테마 편입 사유,1175.0,보합0,0.0,0.0,0.0,0.0,0.0,0.0,,,0.525413,-0.7701145600000001,"6,936.99",338.12,5.12,2026-05-05 14:19:40
9,OLED(유기 발광 다이오드),1.92,177350,베셀 *,테마 편입 사유,1038.0,하락  1,-0.1,1038.0,1039.0,192540.0,201.0,190662.0,,,0.525413,-0.7701145600000001,"6,936.99",338.12,5.12,2026-05-05 14:19:40
9,OLED(유기 발광 다이오드),1.92,040910,아이씨디 *,테마 편입 사유,5870.0,하락  10,-0.17,5860.0,5870.0,92184.0,538.0,78439.0,,,0.525413,-0.7701145600000001,"6,936.99",338.12,5.12,2026-05-05 14:19:40
9,OLED(유기 발광 다이오드),1.92,117730,티로보틱스 *,테마 편입 사유,22650.0,하락  50,-0.22,22650.0,22700.0,322994.0,7402.0,601321.0,,,0.525413,-0.7701145600000001,"6,936.99",338.12,5.12,2026-05-05 14:19:40
9,OLED(유기 발광 다이오드),1.92,265520,AP시스템 *,테마 편입 사유,26050.0,하락  150,-0.57,26000.0,26050.0,164990.0,4326.0,194386.0,,,0.525413,-0.7701145600000001,"6,936.99",338.12,5.12,2026-05-05 14:19:40
9,OLED(유기 발광 다이오드),1.92,131290,티에스이 *,테마 편입 사유,167800.0,"하락  1,000",-0.59,167800.0,167900.0,115191.0,19120.0,80011.0,,,0.525413,-0.7701145600000001,"6,936.99",338.12,5.12,2026-05-05 14:19:40
9,OLED(유기 발광 다이오드),1.92,336680,탑런토탈솔루션 *,테마 편입 사유,3850.0,하락  25,-0.65,3850.0,3855.0,33780.0,131.0,37005.0,,,0.525413,-0.7701145600000001,"6,936.99",338.12,5.12,2026-05-05 14:19:40
9,OLED(유기 발광 다이오드),1.92,239890,피엔에이치테크 *,테마 편입 사유,6150.0,하락  40,-0.65,6090.0,6150.0,88279.0,547.0,88006.0,,,0.525413,-0.7701145600000001,"6,936.99",338.12,5.12,2026-05-05 14:19:40
9,OLED(유기 발광 다이오드),1.92,155650,와이엠씨 *,테마 편입 사유,4065.0,하락  30,-0.73,4065.0,4070.0,94100.0,380.0,14365.0,,,0.525413,-0.7701145600000001,"6,936.99",338.12,5.12,2026-05-05 14:19:40
9,OLED(유기 발광 다이오드),1.92,257370,피엔티엠에스 *,테마 편입 사유,3170.0,하락  25,-0.78,3170.0,3180.0,42318.0,133.0,48816.0,,,0.525413,-0.7701145600000001,"6,936.99",338.12,5.12,2026-05-05 14:19:40
9,OLED(유기 발광 다이오드),1.92,054040,한국컴퓨터 *,테마 편입 사유,5680.0,하락  70,-1.22,5670.0,5680.0,81690.0,462.0,34495.0,,,0.525413,-0.7701145600000001,"6,936.99",338.12,5.12,2026-05-05 14:19:40
9,OLED(유기 발광 다이오드),1.92,090360,로보스타 *,테마 편입 사유,71600.0,"하락  1,300",-1.78,71600.0,71700.0,80705.0,5854.0,158548.0,,,0.525413,-0.7701145600000001,"6,936.99",338.12,5.12,2026-05-05 14:19:40
9,OLED(유기 발광 다이오드),1.92,347770,핌스 *,테마 편입 사유,2065.0,하락  45,-2.13,2060.0,2065.0,409731.0,824.0,1889474.0,,,0.525413,-0.7701145600000001,"6,936.99",338.12,5.12,2026-05-05 14:19:40
9,OLED(유기 발광 다이오드),1.92,083470,이엠앤아이 *,테마 편입 사유,1056.0,하락  24,-2.22,1056.0,1066.0,284861.0,299.0,89803.0,,,0.525413,-0.7701145600000001,"6,936.99",338.12,5.12,2026-05-05 14:19:40
9,OLED(유기 발광 다이오드),1.92,238490,힘스 *,테마 편입 사유,3495.0,하락  85,-2.37,3480.0,3495.0,64200.0,223.0,32431.0,,,0.525413,-0.7701145600000001,"6,936.99",338.12,5.12,2026-05-05 14:19:40
9,OLED(유기 발광 다이오드),1.92,351320,넥사다이내믹스 *,테마 편입 사유,1312.0,하락  33,-2.45,1303.0,1312.0,93704.0,123.0,47557.0,,,0.525413,-0.7701145600000001,"6,936.99",338.12,5.12,2026-05-05 14:19:40
9,OLED(유기 발광 다이오드),1.92,137080,나래나노텍 *,테마 편입 사유,5820.0,하락  160,-2.68,5820.0,5850.0,31527.0,184.0,36217.0,,,0.525413,-0.7701145600000001,"6,936.99",338.12,5.12,2026-05-05 14:19:40
9,OLED(유기 발광 다이오드),1.92,256940,킵스파마 *,테마 편입 사유,7990.0,하락  250,-3.03,7990.0,8000.0,155531.0,1250.0,125881.0,,,0.525413,-0.7701145600000001,"6,936.99",338.12,5.12,2026-05-05 14:19:40
9,OLED(유기 발광 다이오드),1.92,108230,톱텍 *,테마 편입 사유,4445.0,하락  145,-3.16,4445.0,4455.0,175532.0,794.0,75236.0,,,0.525413,-0.7701145600000001,"6,936.99",338.12,5.12,2026-05-05 14:19:40
9,OLED(유기 발광 다이오드),1.92,371950,풍원정밀 *,테마 편입 사유,10290.0,하락  350,-3.29,10280.0,10290.0,94569.0,984.0,54071.0,,,0.525413,-0.7701145600000001,"6,936.99",338.12,5.12,2026-05-05 14:19:40
9,OLED(유기 발광 다이오드),1.92,079950,인베니아 *,테마 편입 사유,1072.0,하락  38,-3.42,1071.0,1072.0,280934.0,305.0,325642.0,,,0.525413,-0.7701145600000001,"6,936.99",338.12,5.12,2026-05-05 14:19:40
9,OLED(유기 발광 다이오드),1.92,290520,신도기연 *,테마 편입 사유,2630.0,하락  95,-3.49,2615.0,2630.0,178324.0,467.0,214386.0,,,0.525413,-0.7701145600000001,"6,936.99",338.12,5.12,2026-05-05 14:19:40
9,OLED(유기 발광 다이오드),1.92,171090,선익시스템 *,테마 편입 사유,98500.0,"하락  4,000",-3.9,98500.0,98600.0,174818.0,17396.0,111330.0,,,0.525413,-0.7701145600000001,"6,936.99",338.12,5.12,2026-05-05 14:19:40
9,OLED(유기 발광 다이오드),1.92,187870,디바이스 *,테마 편입 사유,19320.0,하락  880,-4.36,19310.0,19320.0,109695.0,2175.0,128618.0,,,0.525413,-0.7701145600000001,"6,936.99",338.12,5.12,2026-05-05 14:19:40
9,OLED(유기 발광 다이오드),1.92,090470,제이스로보틱스 *,테마 편입 사유,8920.0,하락  440,-4.7,8920.0,8930.0,95469.0,875.0,66442.0,,,0.525413,-0.7701145600000001,"6,936.99",338.12,5.12,2026-05-05 14:19:40
472,2차전지(전고체),3.48,307180,아이엘 *,테마 편입 사유,7730.0,"상승  1,390",21.92,7730.0,7740.0,4289470.0,31942.0,1592561.0,,,0.825888,-0.7485465599999999,"6,936.99",338.12,5.12,2026-05-05 14:19:40
472,2차전지(전고체),3.48,020150,롯데에너지머티리얼즈,테마 편입 사유,78500.0,"상승  11,800",17.69,78400.0,78500.0,1230570.0,96588.0,462540.0,,,0.825888,-0.7485465599999999,"6,936.99",338.12,5.12,2026-05-05 14:19:40
472,2차전지(전고체),3.48,059090,미코 *,테마 편입 사유,26100.0,"상승  3,450",15.23,26050.0,26100.0,2538964.0,64887.0,1918005.0,,,0.825888,-0.7485465599999999,"6,936.99",338.12,5.12,2026-05-05 14:19:40
472,2차전지(전고체),3.48,009150,삼성전기,테마 편입 사유,918000.0,"상승  86,000",10.34,917000.0,918000.0,866674.0,776482.0,906217.0,,,0.825888,-0.7485465599999999,"6,936.99",338.12,5.12,2026-05-05 14:19:40
472,2차전지(전고체),3.48,055490,테이팩스,테마 편입 사유,21100.0,"상승  1,100",5.5,20950.0,21100.0,75626.0,1589.0,54189.0,,,0.825888,-0.7485465599999999,"6,936.99",338.12,5.12,2026-05-05 14:19:40
472,2차전지(전고체),3.48,278280,천보 *,테마 편입 사유,65600.0,"상승  3,000",4.79,65500.0,65600.0,145377.0,9655.0,98497.0,,,0.825888,-0.7485465599999999,"6,936.99",338.12,5.12,2026-05-05 14:19:40
472,2차전지(전고체),3.48,317330,덕산테코피아 *,테마 편입 사유,25100.0,"상승  1,100",4.58,25100.0,25150.0,294878.0,7513.0,281296.0,,,0.825888,-0.7485465599999999,"6,936.99",338.12,5.12,2026-05-05 14:19:40
472,2차전지(전고체),3.48,282880,코윈테크 *,테마 편입 사유,17730.0,상승  750,4.42,17730.0,17740.0,434066.0,7851.0,427618.0,,,0.825888,-0.7485465599999999,"6,936.99",338.12,5.12,2026-05-05 14:19:40
472,2차전지(전고체),3.48,452200,민테크 *,테마 편입 사유,2870.0,상승  105,3.8,2865.0,2870.0,234851.0,667.0,119935.0,,,0.825888,-0.7485465599999999,"6,936.99",338.12,5.12,2026-05-05 14:19:40
472,2차전지(전고체),3.48,259630,엠플러스 *,테마 편입 사유,18060.0,상승  510,2.91,18060.0,18070.0,480290.0,8796.0,346911.0,,,0.825888,-0.7485465599999999,"6,936.99",338.12,5.12,2026-05-05 14:19:40
472,2차전지(전고체),3.48,373220,LG에너지솔루션,테마 편입 사유,472000.0,"상승  11,500",2.5,471500.0,472000.0,425260.0,199992.0,485223.0,,,0.825888,-0.7485465599999999,"6,936.99",338.12,5.12,2026-05-05 14:19:40
472,2차전지(전고체),3.48,277880,티에스아이 *,테마 편입 사유,5750.0,상승  130,2.31,5750.0,5760.0,203844.0,1185.0,90002.0,,,0.825888,-0.7485465599999999,"6,936.99",338.12,5.12,2026-05-05 14:19:40
472,2차전지(전고체),3.48,025900,동화기업 *,테마 편입 사유,11860.0,상승  260,2.24,11860.0,11880.0,205931.0,2478.0,225867.0,,,0.825888,-0.7485465599999999,"6,936.99",338.12,5.12,2026-05-05 14:19:40
472,2차전지(전고체),3.48,457190,이수스페셜티케미컬,테마 편입 사유,123600.0,"상승  2,100",1.73,123600.0,123700.0,326787.0,41052.0,325714.0,,,0.825888,-0.7485465599999999,"6,936.99",338.12,5.12,2026-05-05 14:19:40
472,2차전지(전고체),3.48,131400,이브이첨단소재 *,테마 편입 사유,1890.0,상승  30,1.61,1890.0,1891.0,1296660.0,2472.0,1570425.0,,,0.825888,-0.7485465599999999,"6,936.99",338.12,5.12,2026-05-05 14:19:40
472,2차전지(전고체),3.48,361610,SK아이이테크놀로지,테마 편입 사유,26800.0,상승  400,1.52,26800.0,26850.0,272639.0,7438.0,200023.0,,,0.825888,-0.7485465599999999,"6,936.99",338.12,5.12,2026-05-05 14:19:40
472,2차전지(전고체),3.48,006400,삼성SDI,테마 편입 사유,705000.0,"상승  10,000",1.44,705000.0,706000.0,663957.0,466135.0,853824.0,,,0.825888,-0.7485465599999999,"6,936.99",338.12,5.12,2026-05-05 14:19:40
472,2차전지(전고체),3.48,357550,석경에이티 *,테마 편입 사유,58000.0,상승  800,1.4,57700.0,58000.0,6993.0,405.0,8510.0,,,0.825888,-0.7485465599999999,"6,936.99",338.12,5.12,2026-05-05 14:19:40
472,2차전지(전고체),3.48,049950,미래컴퍼니 *,테마 편입 사유,16320.0,상승  120,0.74,16320.0,16390.0,70021.0,1161.0,55455.0,,,0.825888,-0.7485465599999999,"6,936.99",338.12,5.12,2026-05-05 14:19:40
472,2차전지(전고체),3.48,382840,원준 *,테마 편입 사유,9980.0,상승  70,0.71,9980.0,10000.0,116008.0,1173.0,112893.0,,,0.825888,-0.7485465599999999,"6,936.99",338.12,5.12,2026-05-05 14:19:40
472,2차전지(전고체),3.48,413390,엠오티 *,테마 편입 사유,9240.0,상승  60,0.65,9230.0,9240.0,175124.0,1631.0,165248.0,,,0.825888,-0.7485465599999999,"6,936.99",338.12,5.12,2026-05-05 14:19:40
472,2차전지(전고체),3.48,267320,나인테크 *,테마 편입 사유,3500.0,상승  20,0.57,3495.0,3500.0,1568804.0,5541.0,1960975.0,,,0.825888,-0.7485465599999999,"6,936.99",338.12,5.12,2026-05-05 14:19:40
472,2차전지(전고체),3.48,011500,한농화성,테마 편입 사유,23700.0,상승  100,0.42,23700.0,23750.0,318324.0,7688.0,307090.0,,,0.825888,-0.7485465599999999,"6,936.99",338.12,5.12,2026-05-05 14:19:40
472,2차전지(전고체),3.48,222080,씨아이에스 *,테마 편입 사유,17190.0,상승  20,0.12,17180.0,17190.0,4863206.0,84337.0,6840318.0,,,0.825888,-0.7485465599999999,"6,936.99",338.12,5.12,2026-05-05 14:19:40
472,2차전지(전고체),3.48,083930,아바코 *,테마 편입 사유,15930.0,상승  10,0.06,15930.0,15950.0,270909.0,4325.0,160458.0,,,0.825888,-0.7485465599999999,"6,936.99",338.12,5.12,2026-05-05 14:19:40
472,2차전지(전고체),3.48,096770,SK이노베이션,테마 편입 사유,145700.0,하락  500,-0.34,145600.0,145700.0,1202954.0,177828.0,1134227.0,,,0.825888,-0.7485465599999999,"6,936.99",338.12,5.12,2026-05-05 14:19:40
472,2차전지(전고체),3.48,078600,대주전자재료 *,테마 편입 사유,157500.0,"하락  1,000",-0.63,157500.0,157600.0,250288.0,39552.0,251487.0,,,0.825888,-0.7485465599999999,"6,936.99",338.12,5.12,2026-05-05 14:19:40
472,2차전지(전고체),3.48,281740,레이크머티리얼즈 *,테마 편입 사유,22850.0,하락  150,-0.65,22850.0,22900.0,2359.0,54.0,1239705.0,,,0.825888,-0.7485465599999999,"6,936.99",338.12,5.12,2026-05-05 14:19:40
472,2차전지(전고체),3.48,294140,레몬 *,테마 편입 사유,3375.0,하락  30,-0.88,3375.0,3405.0,177058.0,620.0,93166.0,,,0.825888,-0.7485465599999999,"6,936.99",338.12,5.12,2026-05-05 14:19:40
472,2차전지(전고체),3.48,299030,하나기술 *,테마 편입 사유,31150.0,하락  700,-2.2,31150.0,31250.0,102590.0,3222.0,62777.0,,,0.825888,-0.7485465599999999,"6,936.99",338.12,5.12,2026-05-05 14:19:40
556,뉴로모픽 반도체,4.81,389020,자람테크놀로지 *,테마 편입 사유,57700.0,"상승  5,700",10.96,57600.0,57700.0,493607.0,28723.0,142514.0,,,1.083941,-0.7397779200000008,"6,936.99",338.12,5.12,2026-05-05 14:19:40
556,뉴로모픽 반도체,4.81,394280,오픈엣지테크놀로지 *,테마 편입 사유,21800.0,"상승  1,350",6.6,21750.0,21800.0,577982.0,12492.0,456775.0,,,1.083941,-0.7397779200000008,"6,936.99",338.12,5.12,2026-05-05 14:19:40
556,뉴로모픽 반도체,4.81,445090,에이직랜드 *,테마 편입 사유,31700.0,"상승  1,750",5.84,31650.0,31700.0,179148.0,5614.0,68837.0,,,1.083941,-0.7397779200000008,"6,936.99",338.12,5.12,2026-05-05 14:19:40
556,뉴로모픽 반도체,4.81,005930,삼성전자,테마 편입 사유,232500.0,"상승  12,000",5.44,232000.0,232500.0,31909907.0,7302350.0,22161975.0,,,1.083941,-0.7397779200000008,"6,936.99",338.12,5.12,2026-05-05 14:19:40
556,뉴로모픽 반도체,4.81,033640,네패스 *,테마 편입 사유,32950.0,상승  950,2.97,32900.0,32950.0,379942.0,12412.0,288212.0,,,1.083941,-0.7397779200000008,"6,936.99",338.12,5.12,2026-05-05 14:19:40
556,뉴로모픽 반도체,4.81,330860,네패스아크 *,테마 편입 사유,38550.0,상승  700,1.85,38550.0,38650.0,459576.0,17698.0,655656.0,,,1.083941,-0.7397779200000008,"6,936.99",338.12,5.12,2026-05-05 14:19:40
556,뉴로모픽 반도체,4.81,092600,앤씨앤 *,테마 편입 사유,987.0,보합0,0.0,0.0,0.0,0.0,0.0,0.0,,,1.083941,-0.7397779200000008,"6,936.99",338.12,5.12,2026-05-05 14:19:40
397,보톡스(보툴리눔톡신),0.47,214450,파마리서치 *,테마 편입 사유,339000.0,"상승  25,500",8.13,339000.0,339500.0,254668.0,87880.0,86878.0,,,0.231463,-0.7150905600000002,"6,936.99",338.12,5.12,2026-05-05 14:19:40
397,보톡스(보툴리눔톡신),0.47,145020,휴젤 *,테마 편입 사유,261500.0,"상승  9,000",3.56,261500.0,263000.0,44547.0,11762.0,53478.0,,,0.231463,-0.7150905600000002,"6,936.99",338.12,5.12,2026-05-05 14:19:40
397,보톡스(보툴리눔톡신),0.47,256840,한국비엔씨 *,테마 편입 사유,4025.0,상승  45,1.13,4020.0,4025.0,304427.0,1231.0,376617.0,,,0.231463,-0.7150905600000002,"6,936.99",338.12,5.12,2026-05-05 14:19:40
397,보톡스(보툴리눔톡신),0.47,200670,휴메딕스 *,테마 편입 사유,35650.0,상승  300,0.85,35650.0,35750.0,33458.0,1208.0,55740.0,,,0.231463,-0.7150905600000002,"6,936.99",338.12,5.12,2026-05-05 14:19:40
397,보톡스(보툴리눔톡신),0.47,243070,휴온스 *,테마 편입 사유,26450.0,상승  50,0.19,26400.0,26450.0,72635.0,1927.0,20942.0,,,0.231463,-0.7150905600000002,"6,936.99",338.12,5.12,2026-05-05 14:19:40
397,보톡스(보툴리눔톡신),0.47,061040,알에프텍 *,테마 편입 사유,1937.0,보합0,0.0,0.0,0.0,0.0,0.0,890084.0,,,0.231463,-0.7150905600000002,"6,936.99",338.12,5.12,2026-05-05 14:19:40
397,보톡스(보툴리눔톡신),0.47,086900,메디톡스 *,테마 편입 사유,105500.0,보합0,0.0,105500.0,105700.0,32629.0,3440.0,30718.0,,,0.231463,-0.7150905600000002,"6,936.99",338.12,5.12,2026-05-05 14:19:40
397,보톡스(보툴리눔톡신),0.47,069620,대웅제약,테마 편입 사유,147700.0,하락  600,-0.4,147700.0,148000.0,27425.0,4074.0,29447.0,,,0.231463,-0.7150905600000002,"6,936.99",338.12,5.12,2026-05-05 14:19:40
397,보톡스(보툴리눔톡신),0.47,216080,제테마 *,테마 편입 사유,6990.0,하락  40,-0.57,6960.0,6990.0,196384.0,1375.0,351564.0,,,0.231463,-0.7150905600000002,"6,936.99",338.12,5.12,2026-05-05 14:19:40
397,보톡스(보툴리눔톡신),0.47,206650,유바이오로직스 *,테마 편입 사유,12710.0,하락  90,-0.7,12710.0,12720.0,285025.0,3643.0,302539.0,,,0.231463,-0.7150905600000002,"6,936.99",338.12,5.12,2026-05-05 14:19:40
397,보톡스(보툴리눔톡신),0.47,084110,휴온스글로벌 *,테마 편입 사유,62000.0,"하락  1,100",-1.74,62000.0,62400.0,51163.0,3204.0,46636.0,,,0.231463,-0.7150905600000002,"6,936.99",338.12,5.12,2026-05-05 14:19:40
397,보톡스(보툴리눔톡신),0.47,109740,디에스케이 *,테마 편입 사유,5840.0,하락  120,-2.01,5800.0,5840.0,143451.0,839.0,284138.0,,,0.231463,-0.7150905600000002,"6,936.99",338.12,5.12,2026-05-05 14:19:40
397,보톡스(보툴리눔톡신),0.47,362320,청담글로벌 *,테마 편입 사유,5060.0,하락  120,-2.32,5060.0,5070.0,88634.0,456.0,75914.0,,,0.231463,-0.7150905600000002,"6,936.99",338.12,5.12,2026-05-05 14:19:40
136,소매유통,0.09,006370,대구백화점,테마 편입 사유,5980.0,상승  280,4.91,5980.0,6010.0,86499.0,513.0,26109.0,,,0.147498,-0.66518976,"6,936.99",338.12,5.12,2026-05-05 14:19:40
136,소매유통,0.09,069960,현대백화점,테마 편입 사유,111700.0,"상승  2,800",2.57,111700.0,111800.0,114471.0,12808.0,106096.0,,,0.147498,-0.66518976,"6,936.99",338.12,5.12,2026-05-05 14:19:40
136,소매유통,0.09,415380,스튜디오삼익 *,테마 편입 사유,2225.0,상승  55,2.53,2225.0,2230.0,85489.0,191.0,25962.0,,,0.147498,-0.66518976,"6,936.99",338.12,5.12,2026-05-05 14:19:40
136,소매유통,0.09,023530,롯데쇼핑,테마 편입 사유,138500.0,"상승  3,200",2.37,138100.0,138500.0,143107.0,19647.0,133222.0,,,0.147498,-0.66518976,"6,936.99",338.12,5.12,2026-05-05 14:19:40
136,소매유통,0.09,067830,세이브존I&C,테마 편입 사유,3215.0,상승  40,1.26,3210.0,3215.0,83738.0,267.0,44102.0,,,0.147498,-0.66518976,"6,936.99",338.12,5.12,2026-05-05 14:19:40
136,소매유통,0.09,004170,신세계,테마 편입 사유,410500.0,"상승  3,500",0.86,410000.0,410500.0,75458.0,30836.0,66865.0,,,0.147498,-0.66518976,"6,936.99",338.12,5.12,2026-05-05 14:19:40
136,소매유통,0.09,057050,현대홈쇼핑,테마 편입 사유,85500.0,상승  600,0.71,85500.0,85700.0,18962.0,1616.0,30605.0,,,0.147498,-0.66518976,"6,936.99",338.12,5.12,2026-05-05 14:19:40
136,소매유통,0.09,051160,지어소프트 *,테마 편입 사유,7570.0,상승  50,0.66,7540.0,7570.0,58077.0,435.0,15512.0,,,0.147498,-0.66518976,"6,936.99",338.12,5.12,2026-05-05 14:19:40
136,소매유통,0.09,282330,BGF리테일,테마 편입 사유,132400.0,상승  400,0.3,132000.0,132400.0,44211.0,5872.0,53295.0,,,0.147498,-0.66518976,"6,936.99",338.12,5.12,2026-05-05 14:19:40
136,소매유통,0.09,035760,CJ ENM *,테마 편입 사유,54200.0,상승  100,0.18,54200.0,54300.0,34394.0,1874.0,71361.0,,,0.147498,-0.66518976,"6,936.99",338.12,5.12,2026-05-05 14:19:40
136,소매유통,0.09,342870,오아 *,테마 편입 사유,6820.0,상승  10,0.15,6790.0,6820.0,12408.0,85.0,11607.0,,,0.147498,-0.66518976,"6,936.99",338.12,5.12,2026-05-05 14:19:40
136,소매유통,0.09,069920,엑시온그룹 *,테마 편입 사유,346.0,보합0,0.0,0.0,0.0,0.0,0.0,0.0,,,0.147498,-0.66518976,"6,936.99",338.12,5.12,2026-05-05 14:19:40
136,소매유통,0.09,139480,이마트,테마 편입 사유,105900.0,하락  800,-0.75,105800.0,105900.0,204604.0,21644.0,230790.0,,,0.147498,-0.66518976,"6,936.99",338.12,5.12,2026-05-05 14:19:40
136,소매유통,0.09,037710,광주신세계,테마 편입 사유,38100.0,하락  400,-1.04,38100.0,38200.0,15978.0,612.0,6397.0,,,0.147498,-0.66518976,"6,936.99",338.12,5.12,2026-05-05 14:19:40
136,소매유통,0.09,008770,호텔신라,테마 편입 사유,64800.0,하락  700,-1.07,64800.0,64900.0,477151.0,31069.0,836934.0,,,0.147498,-0.66518976,"6,936.99",338.12,5.12,2026-05-05 14:19:40
136,소매유통,0.09,452260,한화갤러리아,테마 편입 사유,3025.0,하락  45,-1.47,3020.0,3025.0,3458185.0,10535.0,4390382.0,,,0.147498,-0.66518976,"6,936.99",338.12,5.12,2026-05-05 14:19:40
136,소매유통,0.09,071840,롯데하이마트,테마 편입 사유,7890.0,하락  120,-1.5,7890.0,7900.0,43747.0,346.0,21373.0,,,0.147498,-0.66518976,"6,936.99",338.12,5.12,2026-05-05 14:19:40
136,소매유통,0.09,007070,GS리테일,테마 편입 사유,23050.0,하락  450,-1.91,23000.0,23050.0,133287.0,3071.0,116427.0,,,0.147498,-0.66518976,"6,936.99",338.12,5.12,2026-05-05 14:19:40
136,소매유통,0.09,362320,청담글로벌 *,테마 편입 사유,5060.0,하락  120,-2.32,5060.0,5070.0,88634.0,456.0,75914.0,,,0.147498,-0.66518976,"6,936.99",338.12,5.12,2026-05-05 14:19:40
136,소매유통,0.09,035080,그래디언트 *,테마 편입 사유,11550.0,하락  560,-4.62,11540.0,11550.0,57.0,1.0,49102.0,,,0.147498,-0.66518976,"6,936.99",338.12,5.12,2026-05-05 14:19:40
567,밸류업(24년 기업가치 제고계획 발표),1.58,402340,SK스퀘어,테마 편입 사유,991000.0,"상승  150,000",17.84,991000.0,992000.0,1195847.0,1147403.0,623120.0,,,0.438052,-0.6628262399999998,"6,936.99",338.12,5.12,2026-05-05 14:19:40
567,밸류업(24년 기업가치 제고계획 발표),1.58,003470,유안타증권,테마 편입 사유,6030.0,상승  780,14.86,6020.0,6030.0,22309182.0,136980.0,577971.0,,,0.438052,-0.6628262399999998,"6,936.99",338.12,5.12,2026-05-05 14:19:40
567,밸류업(24년 기업가치 제고계획 발표),1.58,000660,SK하이닉스,테마 편입 사유,1447000.0,"상승  161,000",12.52,1447000.0,1448000.0,5652112.0,7920679.0,3342342.0,,,0.438052,-0.6628262399999998,"6,936.99",338.12,5.12,2026-05-05 14:19:40
567,밸류업(24년 기업가치 제고계획 발표),1.58,001740,SK네트웍스,테마 편입 사유,6590.0,상승  720,12.27,6590.0,6600.0,11611864.0,75989.0,2044244.0,,,0.438052,-0.6628262399999998,"6,936.99",338.12,5.12,2026-05-05 14:19:40
567,밸류업(24년 기업가치 제고계획 발표),1.58,034730,SK,테마 편입 사유,475500.0,"상승  50,500",11.88,475000.0,475500.0,325374.0,149558.0,231138.0,,,0.438052,-0.6628262399999998,"6,936.99",338.12,5.12,2026-05-05 14:19:40
567,밸류업(24년 기업가치 제고계획 발표),1.58,051900,LG생활건강,테마 편입 사유,279500.0,"상승  25,500",10.04,279500.0,280000.0,333640.0,94123.0,81025.0,,,0.438052,-0.6628262399999998,"6,936.99",338.12,5.12,2026-05-05 14:19:40
567,밸류업(24년 기업가치 제고계획 발표),1.58,005490,POSCO홀딩스,테마 편입 사유,502000.0,"상승  40,000",8.66,502000.0,503000.0,1080353.0,542790.0,568870.0,,,0.438052,-0.6628262399999998,"6,936.99",338.12,5.12,2026-05-05 14:19:40
567,밸류업(24년 기업가치 제고계획 발표),1.58,006800,미래에셋증권,테마 편입 사유,70300.0,"상승  5,500",8.49,70300.0,70400.0,6411137.0,445692.0,2436151.0,,,0.438052,-0.6628262399999998,"6,936.99",338.12,5.12,2026-05-05 14:19:40
567,밸류업(24년 기업가치 제고계획 발표),1.58,051910,LG화학,테마 편입 사유,429000.0,"상승  32,000",8.06,429000.0,429500.0,609933.0,259149.0,283039.0,,,0.438052,-0.6628262399999998,"6,936.99",338.12,5.12,2026-05-05 14:19:40
567,밸류업(24년 기업가치 제고계획 발표),1.58,064850,에프앤가이드 *,테마 편입 사유,29050.0,"상승  1,850",6.8,29050.0,29100.0,154534.0,4444.0,68823.0,,,0.438052,-0.6628262399999998,"6,936.99",338.12,5.12,2026-05-05 14:19:40
567,밸류업(24년 기업가치 제고계획 발표),1.58,016610,DB증권,테마 편입 사유,14510.0,상승  850,6.22,14510.0,14530.0,324686.0,4693.0,96881.0,,,0.438052,-0.6628262399999998,"6,936.99",338.12,5.12,2026-05-05 14:19:40
567,밸류업(24년 기업가치 제고계획 발표),1.58,039490,키움증권,테마 편입 사유,422500.0,"상승  24,500",6.16,422000.0,422500.0,299421.0,125192.0,339619.0,,,0.438052,-0.6628262399999998,"6,936.99",338.12,5.12,2026-05-05 14:19:40
567,밸류업(24년 기업가치 제고계획 발표),1.58,003670,포스코퓨처엠,테마 편입 사유,267000.0,"상승  15,000",5.95,266500.0,267000.0,589996.0,157788.0,425977.0,,,0.438052,-0.6628262399999998,"6,936.99",338.12,5.12,2026-05-05 14:19:40
567,밸류업(24년 기업가치 제고계획 발표),1.58,272290,이녹스첨단소재 *,테마 편입 사유,36300.0,"상승  2,000",5.83,36300.0,36350.0,458518.0,16463.0,187764.0,,,0.438052,-0.6628262399999998,"6,936.99",338.12,5.12,2026-05-05 14:19:40
567,밸류업(24년 기업가치 제고계획 발표),1.58,267270,HD건설기계,테마 편입 사유,191100.0,"상승  7,200",3.92,191000.0,191100.0,331453.0,63641.0,550316.0,,,0.438052,-0.6628262399999998,"6,936.99",338.12,5.12,2026-05-05 14:19:40
567,밸류업(24년 기업가치 제고계획 발표),1.58,011070,LG이노텍,테마 편입 사유,595000.0,"상승  22,000",3.84,594000.0,595000.0,251351.0,148283.0,286326.0,,,0.438052,-0.6628262399999998,"6,936.99",338.12,5.12,2026-05-05 14:19:40
567,밸류업(24년 기업가치 제고계획 발표),1.58,267260,HD현대일렉트릭,테마 편입 사유,1299000.0,"상승  47,000",3.75,1298000.0,1299000.0,191307.0,247808.0,153511.0,,,0.438052,-0.6628262399999998,"6,936.99",338.12,5.12,2026-05-05 14:19:40
567,밸류업(24년 기업가치 제고계획 발표),1.58,032190,다우데이타 *,테마 편입 사유,23850.0,상승  800,3.47,23850.0,23900.0,125819.0,2973.0,124825.0,,,0.438052,-0.6628262399999998,"6,936.99",338.12,5.12,2026-05-05 14:19:40
567,밸류업(24년 기업가치 제고계획 발표),1.58,005300,롯데칠성,테마 편입 사유,126400.0,"상승  4,000",3.27,126300.0,126400.0,49907.0,6301.0,12962.0,,,0.438052,-0.6628262399999998,"6,936.99",338.12,5.12,2026-05-05 14:19:40
567,밸류업(24년 기업가치 제고계획 발표),1.58,003550,LG,테마 편입 사유,102300.0,"상승  3,200",3.23,102200.0,102300.0,316922.0,32295.0,363782.0,,,0.438052,-0.6628262399999998,"6,936.99",338.12,5.12,2026-05-05 14:19:40
567,밸류업(24년 기업가치 제고계획 발표),1.58,010130,고려아연,테마 편입 사유,1629000.0,"상승  50,000",3.17,1628000.0,1629000.0,34582.0,56229.0,140026.0,,,0.438052,-0.6628262399999998,"6,936.99",338.12,5.12,2026-05-05 14:19:40
567,밸류업(24년 기업가치 제고계획 발표),1.58,241560,두산밥캣,테마 편입 사유,74000.0,"상승  2,000",2.78,73800.0,74000.0,247388.0,18311.0,441090.0,,,0.438052,-0.6628262399999998,"6,936.99",338.12,5.12,2026-05-05 14:19:40
567,밸류업(24년 기업가치 제고계획 발표),1.58,005440,현대지에프홀딩스,테마 편입 사유,14720.0,상승  370,2.58,14710.0,14720.0,202965.0,2970.0,306887.0,,,0.438052,-0.6628262399999998,"6,936.99",338.12,5.12,2026-05-05 14:19:40
567,밸류업(24년 기업가치 제고계획 발표),1.58,069960,현대백화점,테마 편입 사유,111700.0,"상승  2,800",2.57,111700.0,111800.0,114471.0,12808.0,106096.0,,,0.438052,-0.6628262399999998,"6,936.99",338.12,5.12,2026-05-05 14:19:40
567,밸류업(24년 기업가치 제고계획 발표),1.58,002790,아모레퍼시픽홀딩스,테마 편입 사유,28550.0,상승  700,2.51,28500.0,28550.0,116490.0,3312.0,153267.0,,,0.438052,-0.6628262399999998,"6,936.99",338.12,5.12,2026-05-05 14:19:40
567,밸류업(24년 기업가치 제고계획 발표),1.58,373220,LG에너지솔루션,테마 편입 사유,472000.0,"상승  11,500",2.5,471500.0,472000.0,425260.0,199992.0,485223.0,,,0.438052,-0.6628262399999998,"6,936.99",338.12,5.12,2026-05-05 14:19:40
567,밸류업(24년 기업가치 제고계획 발표),1.58,017670,SK텔레콤,테마 편입 사유,97400.0,"상승  2,300",2.42,97300.0,97400.0,522944.0,50587.0,1154339.0,,,0.438052,-0.6628262399999998,"6,936.99",338.12,5.12,2026-05-05 14:19:40
567,밸류업(24년 기업가치 제고계획 발표),1.58,023530,롯데쇼핑,테마 편입 사유,138500.0,"상승  3,200",2.37,138100.0,138500.0,143107.0,19647.0,133222.0,,,0.438052,-0.6628262399999998,"6,936.99",338.12,5.12,2026-05-05 14:19:40
567,밸류업(24년 기업가치 제고계획 발표),1.58,095340,ISC *,테마 편입 사유,247500.0,"상승  5,000",2.06,247500.0,248000.0,220059.0,53821.0,197894.0,,,0.438052,-0.6628262399999998,"6,936.99",338.12,5.12,2026-05-05 14:19:40
567,밸류업(24년 기업가치 제고계획 발표),1.58,000990,DB하이텍,테마 편입 사유,161700.0,"상승  3,200",2.02,161700.0,161800.0,566598.0,90771.0,580177.0,,,0.438052,-0.6628262399999998,"6,936.99",338.12,5.12,2026-05-05 14:19:40
567,밸류업(24년 기업가치 제고계획 발표),1.58,009540,HD한국조선해양,테마 편입 사유,469500.0,"상승  8,000",1.73,469000.0,469500.0,123717.0,57875.0,161560.0,,,0.438052,-0.6628262399999998,"6,936.99",338.12,5.12,2026-05-05 14:19:40
567,밸류업(24년 기업가치 제고계획 발표),1.58,066570,LG전자,테마 편입 사유,143200.0,"상승  2,300",1.63,143100.0,143200.0,1517270.0,216486.0,4601367.0,,,0.438052,-0.6628262399999998,"6,936.99",338.12,5.12,2026-05-05 14:19:40
567,밸류업(24년 기업가치 제고계획 발표),1.58,012330,현대모비스,테마 편입 사유,431500.0,"상승  6,500",1.53,431000.0,431500.0,211193.0,91062.0,317288.0,,,0.438052,-0.6628262399999998,"6,936.99",338.12,5.12,2026-05-05 14:19:40
567,밸류업(24년 기업가치 제고계획 발표),1.58,138040,메리츠금융지주,테마 편입 사유,113400.0,"상승  1,700",1.52,113300.0,113400.0,201906.0,22844.0,245175.0,,,0.438052,-0.6628262399999998,"6,936.99",338.12,5.12,2026-05-05 14:19:40
567,밸류업(24년 기업가치 제고계획 발표),1.58,005380,현대차,테마 편입 사유,539000.0,"상승  8,000",1.51,539000.0,540000.0,854165.0,461102.0,1150241.0,,,0.438052,-0.6628262399999998,"6,936.99",338.12,5.12,2026-05-05 14:19:40
567,밸류업(24년 기업가치 제고계획 발표),1.58,443060,HD현대마린솔루션,테마 편입 사유,269500.0,"상승  4,000",1.51,269500.0,270000.0,218394.0,59497.0,241143.0,,,0.438052,-0.6628262399999998,"6,936.99",338.12,5.12,2026-05-05 14:19:40
567,밸류업(24년 기업가치 제고계획 발표),1.58,000270,기아,테마 편입 사유,154000.0,"상승  2,200",1.45,153900.0,154000.0,779973.0,121046.0,1187225.0,,,0.438052,-0.6628262399999998,"6,936.99",338.12,5.12,2026-05-05 14:19:40
567,밸류업(24년 기업가치 제고계획 발표),1.58,017800,현대엘리베이터,테마 편입 사유,100100.0,"상승  1,400",1.42,100000.0,100100.0,231653.0,23222.0,145581.0,,,0.438052,-0.6628262399999998,"6,936.99",338.12,5.12,2026-05-05 14:19:40
567,밸류업(24년 기업가치 제고계획 발표),1.58,192650,드림텍,테마 편입 사유,6790.0,상승  80,1.19,6780.0,6790.0,292109.0,1980.0,243865.0,,,0.438052,-0.6628262399999998,"6,936.99",338.12,5.12,2026-05-05 14:19:40
567,밸류업(24년 기업가치 제고계획 발표),1.58,139130,iM금융지주,테마 편입 사유,19300.0,상승  200,1.05,19260.0,19300.0,883120.0,16866.0,971810.0,,,0.438052,-0.6628262399999998,"6,936.99",338.12,5.12,2026-05-05 14:19:40
567,밸류업(24년 기업가치 제고계획 발표),1.58,032640,LG유플러스,테마 편입 사유,15990.0,상승  150,0.95,15990.0,16000.0,610429.0,9744.0,1050062.0,,,0.438052,-0.6628262399999998,"6,936.99",338.12,5.12,2026-05-05 14:19:40
567,밸류업(24년 기업가치 제고계획 발표),1.58,008930,한미사이언스,테마 편입 사유,38050.0,상승  350,0.93,37900.0,38050.0,68375.0,2605.0,146029.0,,,0.438052,-0.6628262399999998,"6,936.99",338.12,5.12,2026-05-05 14:19:40
567,밸류업(24년 기업가치 제고계획 발표),1.58,004170,신세계,테마 편입 사유,410500.0,"상승  3,500",0.86,410000.0,410500.0,75458.0,30836.0,66865.0,,,0.438052,-0.6628262399999998,"6,936.99",338.12,5.12,2026-05-05 14:19:40
567,밸류업(24년 기업가치 제고계획 발표),1.58,033780,KT&G,테마 편입 사유,179600.0,"상승  1,300",0.73,179600.0,179700.0,270753.0,48668.0,201945.0,,,0.438052,-0.6628262399999998,"6,936.99",338.12,5.12,2026-05-05 14:19:40
567,밸류업(24년 기업가치 제고계획 발표),1.58,034220,LG디스플레이,테마 편입 사유,12310.0,상승  50,0.41,12300.0,12310.0,4285497.0,52886.0,4896004.0,,,0.438052,-0.6628262399999998,"6,936.99",338.12,5.12,2026-05-05 14:19:40
567,밸류업(24년 기업가치 제고계획 발표),1.58,035600,KG이니시스 *,테마 편입 사유,11480.0,상승  30,0.26,11480.0,11490.0,85165.0,979.0,82487.0,,,0.438052,-0.6628262399999998,"6,936.99",338.12,5.12,2026-05-05 14:19:40
567,밸류업(24년 기업가치 제고계획 발표),1.58,323410,카카오뱅크,테마 편입 사유,24400.0,상승  50,0.21,24400.0,24450.0,973696.0,23893.0,767789.0,,,0.438052,-0.6628262399999998,"6,936.99",338.12,5.12,2026-05-05 14:19:40
567,밸류업(24년 기업가치 제고계획 발표),1.58,089590,제주항공,테마 편입 사유,5320.0,상승  10,0.19,5320.0,5340.0,291343.0,1562.0,160484.0,,,0.438052,-0.6628262399999998,"6,936.99",338.12,5.12,2026-05-05 14:19:40
567,밸류업(24년 기업가치 제고계획 발표),1.58,175330,JB금융지주,테마 편입 사유,27350.0,상승  50,0.18,27350.0,27400.0,321511.0,8756.0,425625.0,,,0.438052,-0.6628262399999998,"6,936.99",338.12,5.12,2026-05-05 14:19:40
567,밸류업(24년 기업가치 제고계획 발표),1.58,024720,콜마홀딩스,테마 편입 사유,9820.0,상승  10,0.1,9820.0,9840.0,62084.0,611.0,52999.0,,,0.438052,-0.6628262399999998,"6,936.99",338.12,5.12,2026-05-05 14:19:40
567,밸류업(24년 기업가치 제고계획 발표),1.58,280360,롯데웰푸드,테마 편입 사유,121200.0,상승  100,0.08,121200.0,121300.0,29096.0,3491.0,22246.0,,,0.438052,-0.6628262399999998,"6,936.99",338.12,5.12,2026-05-05 14:19:40
567,밸류업(24년 기업가치 제고계획 발표),1.58,047050,포스코인터내셔널,테마 편입 사유,87300.0,보합0,0.0,87200.0,87300.0,1175425.0,102695.0,1420585.0,,,0.438052,-0.6628262399999998,"6,936.99",338.12,5.12,2026-05-05 14:19:40
567,밸류업(24년 기업가치 제고계획 발표),1.58,006040,동원산업,테마 편입 사유,38550.0,보합0,0.0,38550.0,38600.0,89164.0,3456.0,61807.0,,,0.438052,-0.6628262399999998,"6,936.99",338.12,5.12,2026-05-05 14:19:40
567,밸류업(24년 기업가치 제고계획 발표),1.58,031430,신세계인터내셔날,테마 편입 사유,14860.0,하락  10,-0.07,14840.0,14860.0,78484.0,1178.0,162443.0,,,0.438052,-0.6628262399999998,"6,936.99",338.12,5.12,2026-05-05 14:19:40
567,밸류업(24년 기업가치 제고계획 발표),1.58,023160,태광 *,테마 편입 사유,46000.0,하락  50,-0.11,45850.0,46000.0,224901.0,10243.0,246559.0,,,0.438052,-0.6628262399999998,"6,936.99",338.12,5.12,2026-05-05 14:19:40
567,밸류업(24년 기업가치 제고계획 발표),1.58,316140,우리금융지주,테마 편입 사유,33300.0,하락  50,-0.15,33300.0,33350.0,1907359.0,63676.0,2335356.0,,,0.438052,-0.6628262399999998,"6,936.99",338.12,5.12,2026-05-05 14:19:40
567,밸류업(24년 기업가치 제고계획 발표),1.58,003490,대한항공,테마 편입 사유,24500.0,하락  50,-0.2,24500.0,24550.0,1317983.0,32387.0,1719119.0,,,0.438052,-0.6628262399999998,"6,936.99",338.12,5.12,2026-05-05 14:19:40
567,밸류업(24년 기업가치 제고계획 발표),1.58,071320,지역난방공사,테마 편입 사유,76300.0,하락  200,-0.26,76300.0,76400.0,16934.0,1292.0,36761.0,,,0.438052,-0.6628262399999998,"6,936.99",338.12,5.12,2026-05-05 14:19:40
567,밸류업(24년 기업가치 제고계획 발표),1.58,096770,SK이노베이션,테마 편입 사유,145700.0,하락  500,-0.34,145600.0,145700.0,1202954.0,177828.0,1134227.0,,,0.438052,-0.6628262399999998,"6,936.99",338.12,5.12,2026-05-05 14:19:40
567,밸류업(24년 기업가치 제고계획 발표),1.58,060980,HL홀딩스,테마 편입 사유,43250.0,하락  200,-0.46,43250.0,43500.0,11407.0,497.0,38201.0,,,0.438052,-0.6628262399999998,"6,936.99",338.12,5.12,2026-05-05 14:19:40
567,밸류업(24년 기업가치 제고계획 발표),1.58,030200,KT,테마 편입 사유,60600.0,하락  300,-0.49,60500.0,60600.0,264542.0,16006.0,386946.0,,,0.438052,-0.6628262399999998,"6,936.99",338.12,5.12,2026-05-05 14:19:40
567,밸류업(24년 기업가치 제고계획 발표),1.58,018250,애경산업,테마 편입 사유,14820.0,하락  80,-0.54,14810.0,14820.0,30632.0,457.0,72569.0,,,0.438052,-0.6628262399999998,"6,936.99",338.12,5.12,2026-05-05 14:19:40
567,밸류업(24년 기업가치 제고계획 발표),1.58,020000,한섬,테마 편입 사유,26400.0,하락  150,-0.56,26350.0,26400.0,159307.0,4232.0,136214.0,,,0.438052,-0.6628262399999998,"6,936.99",338.12,5.12,2026-05-05 14:19:40
567,밸류업(24년 기업가치 제고계획 발표),1.58,086280,현대글로비스,테마 편입 사유,225500.0,"하락  1,500",-0.66,225500.0,226000.0,210058.0,47615.0,238287.0,,,0.438052,-0.6628262399999998,"6,936.99",338.12,5.12,2026-05-05 14:19:40
567,밸류업(24년 기업가치 제고계획 발표),1.58,329180,HD현대중공업,테마 편입 사유,680000.0,"하락  5,000",-0.73,680000.0,681000.0,426534.0,293422.0,408185.0,,,0.438052,-0.6628262399999998,"6,936.99",338.12,5.12,2026-05-05 14:19:40
567,밸류업(24년 기업가치 제고계획 발표),1.58,090430,아모레퍼시픽,테마 편입 사유,134300.0,"하락  1,000",-0.74,134200.0,134300.0,273854.0,37116.0,435705.0,,,0.438052,-0.6628262399999998,"6,936.99",338.12,5.12,2026-05-05 14:19:40
567,밸류업(24년 기업가치 제고계획 발표),1.58,195940,HK이노엔 *,테마 편입 사유,52000.0,하락  400,-0.76,52000.0,52100.0,134629.0,7060.0,130750.0,,,0.438052,-0.6628262399999998,"6,936.99",338.12,5.12,2026-05-05 14:19:40
567,밸류업(24년 기업가치 제고계획 발표),1.58,036620,감성코퍼레이션 *,테마 편입 사유,6480.0,하락  50,-0.77,6480.0,6490.0,370592.0,2411.0,378991.0,,,0.438052,-0.6628262399999998,"6,936.99",338.12,5.12,2026-05-05 14:19:40
567,밸류업(24년 기업가치 제고계획 발표),1.58,058650,세아홀딩스,테마 편입 사유,160900.0,"하락  1,400",-0.86,160500.0,160900.0,4949.0,796.0,4947.0,,,0.438052,-0.6628262399999998,"6,936.99",338.12,5.12,2026-05-05 14:19:40
567,밸류업(24년 기업가치 제고계획 발표),1.58,286940,롯데이노베이트,테마 편입 사유,22900.0,하락  200,-0.87,22900.0,22950.0,102089.0,2347.0,33220.0,,,0.438052,-0.6628262399999998,"6,936.99",338.12,5.12,2026-05-05 14:19:40
567,밸류업(24년 기업가치 제고계획 발표),1.58,086790,하나금융지주,테마 편입 사유,126600.0,"하락  1,300",-1.02,126500.0,126600.0,720564.0,91783.0,952860.0,,,0.438052,-0.6628262399999998,"6,936.99",338.12,5.12,2026-05-05 14:19:40
567,밸류업(24년 기업가치 제고계획 발표),1.58,037710,광주신세계,테마 편입 사유,38100.0,하락  400,-1.04,38100.0,38200.0,15978.0,612.0,6397.0,,,0.438052,-0.6628262399999998,"6,936.99",338.12,5.12,2026-05-05 14:19:40
567,밸류업(24년 기업가치 제고계획 발표),1.58,453340,현대그린푸드,테마 편입 사유,16350.0,하락  190,-1.15,16350.0,16390.0,23639.0,387.0,42456.0,,,0.438052,-0.6628262399999998,"6,936.99",338.12,5.12,2026-05-05 14:19:40
567,밸류업(24년 기업가치 제고계획 발표),1.58,000100,유한양행,테마 편입 사유,90500.0,"하락  1,100",-1.2,90400.0,90500.0,352126.0,32066.0,237957.0,,,0.438052,-0.6628262399999998,"6,936.99",338.12,5.12,2026-05-05 14:19:40
567,밸류업(24년 기업가치 제고계획 발표),1.58,052690,한전기술,테마 편입 사유,186300.0,"하락  2,300",-1.22,186100.0,186300.0,169260.0,31491.0,160454.0,,,0.438052,-0.6628262399999998,"6,936.99",338.12,5.12,2026-05-05 14:19:40
567,밸류업(24년 기업가치 제고계획 발표),1.58,035250,강원랜드,테마 편입 사유,16950.0,하락  250,-1.45,16940.0,16950.0,780167.0,13264.0,508560.0,,,0.438052,-0.6628262399999998,"6,936.99",338.12,5.12,2026-05-05 14:19:40
567,밸류업(24년 기업가치 제고계획 발표),1.58,071840,롯데하이마트,테마 편입 사유,7890.0,하락  120,-1.5,7890.0,7900.0,43747.0,346.0,21373.0,,,0.438052,-0.6628262399999998,"6,936.99",338.12,5.12,2026-05-05 14:19:40
567,밸류업(24년 기업가치 제고계획 발표),1.58,004990,롯데지주,테마 편입 사유,30050.0,하락  500,-1.64,30050.0,30100.0,452394.0,13793.0,241080.0,,,0.438052,-0.6628262399999998,"6,936.99",338.12,5.12,2026-05-05 14:19:40
567,밸류업(24년 기업가치 제고계획 발표),1.58,105560,KB금융,테마 편입 사유,157800.0,"하락  2,700",-1.68,157800.0,157900.0,1219686.0,193562.0,1640619.0,,,0.438052,-0.6628262399999998,"6,936.99",338.12,5.12,2026-05-05 14:19:40
567,밸류업(24년 기업가치 제고계획 발표),1.58,055550,신한지주,테마 편입 사유,98000.0,"하락  1,900",-1.9,98000.0,98100.0,1020203.0,100491.0,1660803.0,,,0.438052,-0.6628262399999998,"6,936.99",338.12,5.12,2026-05-05 14:19:40
567,밸류업(24년 기업가치 제고계획 발표),1.58,089860,롯데렌탈,테마 편입 사유,33000.0,하락  650,-1.93,33000.0,33050.0,37846.0,1255.0,55200.0,,,0.438052,-0.6628262399999998,"6,936.99",338.12,5.12,2026-05-05 14:19:40
567,밸류업(24년 기업가치 제고계획 발표),1.58,006840,AK홀딩스,테마 편입 사유,8390.0,하락  170,-1.99,8390.0,8460.0,29173.0,245.0,6234.0,,,0.438052,-0.6628262399999998,"6,936.99",338.12,5.12,2026-05-05 14:19:40
567,밸류업(24년 기업가치 제고계획 발표),1.58,024110,기업은행,테마 편입 사유,22100.0,하락  500,-2.21,22050.0,22100.0,1322113.0,29422.0,1296670.0,,,0.438052,-0.6628262399999998,"6,936.99",338.12,5.12,2026-05-05 14:19:40
567,밸류업(24년 기업가치 제고계획 발표),1.58,267250,HD현대,테마 편입 사유,302500.0,"하락  8,000",-2.58,302000.0,302500.0,254623.0,77621.0,302406.0,,,0.438052,-0.6628262399999998,"6,936.99",338.12,5.12,2026-05-05 14:19:40
567,밸류업(24년 기업가치 제고계획 발표),1.58,234300,에스트래픽 *,테마 편입 사유,3745.0,하락  100,-2.6,3745.0,3750.0,207922.0,791.0,128152.0,,,0.438052,-0.6628262399999998,"6,936.99",338.12,5.12,2026-05-05 14:19:40
567,밸류업(24년 기업가치 제고계획 발표),1.58,161000,애경케미칼,테마 편입 사유,15110.0,하락  420,-2.7,15110.0,15120.0,466499.0,7115.0,735365.0,,,0.438052,-0.6628262399999998,"6,936.99",338.12,5.12,2026-05-05 14:19:40
567,밸류업(24년 기업가치 제고계획 발표),1.58,138930,BNK금융지주,테마 편입 사유,18200.0,하락  530,-2.83,18180.0,18200.0,1373777.0,24996.0,960892.0,,,0.438052,-0.6628262399999998,"6,936.99",338.12,5.12,2026-05-05 14:19:40
567,밸류업(24년 기업가치 제고계획 발표),1.58,263020,디케이앤디 *,테마 편입 사유,3635.0,하락  135,-3.58,3635.0,3640.0,1019440.0,3761.0,1814189.0,,,0.438052,-0.6628262399999998,"6,936.99",338.12,5.12,2026-05-05 14:19:40
567,밸류업(24년 기업가치 제고계획 발표),1.58,330590,롯데리츠,테마 편입 사유,4270.0,하락  170,-3.83,4240.0,4270.0,615197.0,2631.0,438397.0,,,0.438052,-0.6628262399999998,"6,936.99",338.12,5.12,2026-05-05 14:19:40
567,밸류업(24년 기업가치 제고계획 발표),1.58,001430,세아베스틸지주,테마 편입 사유,71800.0,"하락  3,700",-4.9,71800.0,71900.0,310596.0,22637.0,522879.0,,,0.438052,-0.6628262399999998,"6,936.99",338.12,5.12,2026-05-05 14:19:40
567,밸류업(24년 기업가치 제고계획 발표),1.58,091700,파트론 *,테마 편입 사유,7750.0,하락  530,-6.4,7750.0,7760.0,1102841.0,8771.0,261047.0,,,0.438052,-0.6628262399999998,"6,936.99",338.12,5.12,2026-05-05 14:19:40
86,"주류업(주정, 에탄올 등)",-0.12,005300,롯데칠성,테마 편입 사유,126400.0,"상승  4,000",3.27,126300.0,126400.0,49907.0,6301.0,12962.0,,,0.103404,-0.64942848,"6,936.99",338.12,5.12,2026-05-05 14:19:40
86,"주류업(주정, 에탄올 등)",-0.12,018120,진로발효 *,테마 편입 사유,18040.0,상승  50,0.28,18040.0,18050.0,6169.0,111.0,1882.0,,,0.103404,-0.64942848,"6,936.99",338.12,5.12,2026-05-05 14:19:40
86,"주류업(주정, 에탄올 등)",-0.12,000890,보해양조,테마 편입 사유,422.0,보합0,0.0,0.0,0.0,0.0,0.0,0.0,,,0.103404,-0.64942848,"6,936.99",338.12,5.12,2026-05-05 14:19:40
86,"주류업(주정, 에탄올 등)",-0.12,004650,창해에탄올 *,테마 편입 사유,10520.0,보합0,0.0,10520.0,10540.0,96571.0,1016.0,534960.0,,,0.103404,-0.64942848,"6,936.99",338.12,5.12,2026-05-05 14:19:40
86,"주류업(주정, 에탄올 등)",-0.12,276730,한울앤제주 *,테마 편입 사유,767.0,보합0,0.0,0.0,0.0,0.0,0.0,0.0,,,0.103404,-0.64942848,"6,936.99",338.12,5.12,2026-05-05 14:19:40
86,"주류업(주정, 에탄올 등)",-0.12,000140,하이트진로홀딩스,테마 편입 사유,9200.0,하락  10,-0.11,9200.0,9220.0,32495.0,298.0,18153.0,,,0.103404,-0.64942848,"6,936.99",338.12,5.12,2026-05-05 14:19:40
86,"주류업(주정, 에탄올 등)",-0.12,017890,한국알콜 *,테마 편입 사유,14050.0,하락  20,-0.14,14010.0,14050.0,110901.0,1545.0,143582.0,,,0.103404,-0.64942848,"6,936.99",338.12,5.12,2026-05-05 14:19:40
86,"주류업(주정, 에탄올 등)",-0.12,000080,하이트진로,테마 편입 사유,17070.0,하락  40,-0.23,17060.0,17070.0,122584.0,2094.0,95249.0,,,0.103404,-0.64942848,"6,936.99",338.12,5.12,2026-05-05 14:19:40
86,"주류업(주정, 에탄올 등)",-0.12,043650,국순당 *,테마 편입 사유,4270.0,하락  10,-0.23,4270.0,4275.0,67392.0,286.0,47558.0,,,0.103404,-0.64942848,"6,936.99",338.12,5.12,2026-05-05 14:19:40
86,"주류업(주정, 에탄올 등)",-0.12,023150,MH에탄올,테마 편입 사유,4485.0,하락  15,-0.33,4480.0,4485.0,34970.0,156.0,108656.0,,,0.103404,-0.64942848,"6,936.99",338.12,5.12,2026-05-05 14:19:40
86,"주류업(주정, 에탄올 등)",-0.12,033920,무학,테마 편입 사유,8830.0,하락  70,-0.79,8830.0,8840.0,67216.0,595.0,49874.0,,,0.103404,-0.64942848,"6,936.99",338.12,5.12,2026-05-05 14:19:40
86,"주류업(주정, 에탄올 등)",-0.12,023900,풍국주정 *,테마 편입 사유,10610.0,하락  100,-0.93,10610.0,10630.0,127214.0,1353.0,566424.0,,,0.103404,-0.64942848,"6,936.99",338.12,5.12,2026-05-05 14:19:40
86,"주류업(주정, 에탄올 등)",-0.12,405920,나라셀라 *,테마 편입 사유,2570.0,하락  60,-2.28,2570.0,2580.0,9307.0,24.0,3093.0,,,0.103404,-0.64942848,"6,936.99",338.12,5.12,2026-05-05 14:19:40
417,아프리카 돼지열병(ASF),0.48,036580,팜스코,테마 편입 사유,3560.0,상승  180,5.33,3560.0,3565.0,249047.0,887.0,132027.0,,,0.219328,-0.6429593600000001,"6,936.99",338.12,5.12,2026-05-05 14:19:40
417,아프리카 돼지열병(ASF),0.48,900340,윙입푸드 *,테마 편입 사유,742.0,상승  35,4.95,741.0,742.0,623845.0,451.0,215063.0,,,0.219328,-0.6429593600000001,"6,936.99",338.12,5.12,2026-05-05 14:19:40
417,아프리카 돼지열병(ASF),0.48,035810,이지홀딩스 *,테마 편입 사유,5720.0,상승  260,4.76,5710.0,5720.0,877613.0,4959.0,727448.0,,,0.219328,-0.6429593600000001,"6,936.99",338.12,5.12,2026-05-05 14:19:40
417,아프리카 돼지열병(ASF),0.48,136490,선진,테마 편입 사유,11220.0,상승  500,4.66,11210.0,11220.0,234773.0,2632.0,56533.0,,,0.219328,-0.6429593600000001,"6,936.99",338.12,5.12,2026-05-05 14:19:40
417,아프리카 돼지열병(ASF),0.48,027710,팜스토리 *,테마 편입 사유,1438.0,상승  59,4.28,1437.0,1438.0,2708270.0,3829.0,8513887.0,,,0.219328,-0.6429593600000001,"6,936.99",338.12,5.12,2026-05-05 14:19:40
417,아프리카 돼지열병(ASF),0.48,088910,동우팜투테이블 *,테마 편입 사유,2625.0,상승  85,3.35,2625.0,2635.0,158921.0,413.0,102511.0,,,0.219328,-0.6429593600000001,"6,936.99",338.12,5.12,2026-05-05 14:19:40
417,아프리카 돼지열병(ASF),0.48,006980,우성,테마 편입 사유,23900.0,상승  500,2.14,23900.0,23950.0,12624.0,304.0,6449.0,,,0.219328,-0.6429593600000001,"6,936.99",338.12,5.12,2026-05-05 14:19:40
417,아프리카 돼지열병(ASF),0.48,188260,세니젠 *,테마 편입 사유,2110.0,상승  40,1.93,2085.0,2110.0,89336.0,191.0,60527.0,,,0.219328,-0.6429593600000001,"6,936.99",338.12,5.12,2026-05-05 14:19:40
417,아프리카 돼지열병(ASF),0.48,073560,우리손에프앤지 *,테마 편입 사유,1800.0,상승  23,1.29,1797.0,1800.0,139465.0,251.0,183137.0,,,0.219328,-0.6429593600000001,"6,936.99",338.12,5.12,2026-05-05 14:19:40
417,아프리카 돼지열병(ASF),0.48,014580,태경비케이,테마 편입 사유,4835.0,상승  55,1.15,4835.0,4840.0,312257.0,1514.0,141560.0,,,0.219328,-0.6429593600000001,"6,936.99",338.12,5.12,2026-05-05 14:19:40
417,아프리카 돼지열병(ASF),0.48,086060,진바이오텍 *,테마 편입 사유,4715.0,상승  50,1.07,4710.0,4715.0,43652.0,203.0,50734.0,,,0.219328,-0.6429593600000001,"6,936.99",338.12,5.12,2026-05-05 14:19:40
417,아프리카 돼지열병(ASF),0.48,136480,하림 *,테마 편입 사유,3325.0,상승  30,0.91,3325.0,3330.0,759561.0,2529.0,446940.0,,,0.219328,-0.6429593600000001,"6,936.99",338.12,5.12,2026-05-05 14:19:40
417,아프리카 돼지열병(ASF),0.48,353810,이지바이오 *,테마 편입 사유,7800.0,상승  60,0.78,7780.0,7800.0,196800.0,1536.0,147705.0,,,0.219328,-0.6429593600000001,"6,936.99",338.12,5.12,2026-05-05 14:19:40
417,아프리카 돼지열병(ASF),0.48,025870,신라에스지 *,테마 편입 사유,4450.0,상승  10,0.23,4450.0,4465.0,3811.0,17.0,2772.0,,,0.219328,-0.6429593600000001,"6,936.99",338.12,5.12,2026-05-05 14:19:40
417,아프리카 돼지열병(ASF),0.48,005860,한일사료 *,테마 편입 사유,3950.0,상승  5,0.13,3950.0,3955.0,1375433.0,5465.0,7021118.0,,,0.219328,-0.6429593600000001,"6,936.99",338.12,5.12,2026-05-05 14:19:40
417,아프리카 돼지열병(ASF),0.48,018620,우진비앤지 *,테마 편입 사유,746.0,보합0,0.0,0.0,0.0,0.0,0.0,0.0,,,0.219328,-0.6429593600000001,"6,936.99",338.12,5.12,2026-05-05 14:19:40
417,아프리카 돼지열병(ASF),0.48,208140,정다운 *,테마 편입 사유,2540.0,보합0,0.0,2535.0,2540.0,135037.0,342.0,51059.0,,,0.219328,-0.6429593600000001,"6,936.99",338.12,5.12,2026-05-05 14:19:40
417,아프리카 돼지열병(ASF),0.48,033250,체시스,테마 편입 사유,999.0,보합0,0.0,0.0,0.0,0.0,0.0,0.0,,,0.219328,-0.6429593600000001,"6,936.99",338.12,5.12,2026-05-05 14:19:40
417,아프리카 돼지열병(ASF),0.48,041960,코미팜 *,테마 편입 사유,9720.0,보합0,0.0,9720.0,9740.0,211845.0,2071.0,206671.0,,,0.219328,-0.6429593600000001,"6,936.99",338.12,5.12,2026-05-05 14:19:40
417,아프리카 돼지열병(ASF),0.48,027740,마니커,테마 편입 사유,821.0,보합0,0.0,0.0,0.0,0.0,0.0,0.0,,,0.219328,-0.6429593600000001,"6,936.99",338.12,5.12,2026-05-05 14:19:40
417,아프리카 돼지열병(ASF),0.48,218150,미래생명자원 *,테마 편입 사유,3255.0,하락  30,-0.91,3255.0,3260.0,238499.0,778.0,766725.0,,,0.219328,-0.6429593600000001,"6,936.99",338.12,5.12,2026-05-05 14:19:40
417,아프리카 돼지열병(ASF),0.48,072020,중앙백신 *,테마 편입 사유,9980.0,하락  100,-0.99,9970.0,9980.0,43329.0,431.0,39003.0,,,0.219328,-0.6429593600000001,"6,936.99",338.12,5.12,2026-05-05 14:19:40
417,아프리카 돼지열병(ASF),0.48,153710,옵티팜 *,테마 편입 사유,5130.0,하락  60,-1.16,5130.0,5160.0,24749.0,127.0,8935.0,,,0.219328,-0.6429593600000001,"6,936.99",338.12,5.12,2026-05-05 14:19:40
417,아프리카 돼지열병(ASF),0.48,044960,이글벳 *,테마 편입 사유,3955.0,하락  55,-1.37,3955.0,3965.0,69166.0,275.0,27490.0,,,0.219328,-0.6429593600000001,"6,936.99",338.12,5.12,2026-05-05 14:19:40
417,아프리카 돼지열병(ASF),0.48,060590,씨티씨바이오 *,테마 편입 사유,3855.0,하락  60,-1.53,3850.0,3855.0,68908.0,267.0,37752.0,,,0.219328,-0.6429593600000001,"6,936.99",338.12,5.12,2026-05-05 14:19:40
417,아프리카 돼지열병(ASF),0.48,110020,전진바이오팜 *,테마 편입 사유,2340.0,하락  40,-1.68,2320.0,2340.0,29013.0,68.0,30919.0,,,0.219328,-0.6429593600000001,"6,936.99",338.12,5.12,2026-05-05 14:19:40
417,아프리카 돼지열병(ASF),0.48,043200,파루 *,테마 편입 사유,1045.0,하락  18,-1.69,1035.0,1045.0,771211.0,790.0,4214086.0,,,0.219328,-0.6429593600000001,"6,936.99",338.12,5.12,2026-05-05 14:19:40
417,아프리카 돼지열병(ASF),0.48,036480,대성미생물 *,테마 편입 사유,7360.0,하락  130,-1.74,7270.0,7360.0,47424.0,349.0,18718.0,,,0.219328,-0.6429593600000001,"6,936.99",338.12,5.12,2026-05-05 14:19:40
417,아프리카 돼지열병(ASF),0.48,054670,대한뉴팜 *,테마 편입 사유,6970.0,하락  140,-1.97,6970.0,6980.0,102288.0,719.0,32869.0,,,0.219328,-0.6429593600000001,"6,936.99",338.12,5.12,2026-05-05 14:19:40
417,아프리카 돼지열병(ASF),0.48,198440,강동씨앤엘 *,테마 편입 사유,1145.0,하락  50,-4.18,1145.0,1149.0,123181.0,143.0,52868.0,,,0.219328,-0.6429593600000001,"6,936.99",338.12,5.12,2026-05-05 14:19:40
417,아프리카 돼지열병(ASF),0.48,331920,셀레믹스 *,테마 편입 사유,14250.0,하락  740,-4.94,14250.0,14280.0,191025.0,2746.0,164617.0,,,0.219328,-0.6429593600000001,"6,936.99",338.12,5.12,2026-05-05 14:19:40
228,국내 상장 중국기업,1.01,900290,GRT *,테마 편입 사유,4100.0,상승  220,5.67,4095.0,4100.0,730995.0,2930.0,1307573.0,,,0.317304,-0.6145964799999999,"6,936.99",338.12,5.12,2026-05-05 14:19:40
228,국내 상장 중국기업,1.01,900340,윙입푸드 *,테마 편입 사유,742.0,상승  35,4.95,741.0,742.0,623845.0,451.0,215063.0,,,0.317304,-0.6145964799999999,"6,936.99",338.12,5.12,2026-05-05 14:19:40
228,국내 상장 중국기업,1.01,032580,피델릭스 *,테마 편입 사유,1433.0,상승  61,4.45,1432.0,1433.0,1180268.0,1682.0,800634.0,,,0.317304,-0.6145964799999999,"6,936.99",338.12,5.12,2026-05-05 14:19:40
228,국내 상장 중국기업,1.01,900110,이스트아시아홀딩스 *,테마 편입 사유,800.0,상승  23,2.96,800.0,802.0,145929.0,115.0,132551.0,,,0.317304,-0.6145964799999999,"6,936.99",338.12,5.12,2026-05-05 14:19:40
228,국내 상장 중국기업,1.01,900260,로스웰 *,테마 편입 사유,1644.0,상승  24,1.48,1636.0,1643.0,14358.0,23.0,54787.0,,,0.317304,-0.6145964799999999,"6,936.99",338.12,5.12,2026-05-05 14:19:40
228,국내 상장 중국기업,1.01,900120,씨엑스아이 *,테마 편입 사유,417.0,상승  6,1.46,415.0,417.0,242412.0,100.0,186529.0,,,0.317304,-0.6145964799999999,"6,936.99",338.12,5.12,2026-05-05 14:19:40
228,국내 상장 중국기업,1.01,900070,글로벌에스엠 *,테마 편입 사유,610.0,보합0,0.0,0.0,0.0,0.0,0.0,0.0,,,0.317304,-0.6145964799999999,"6,936.99",338.12,5.12,2026-05-05 14:19:40
228,국내 상장 중국기업,1.01,900310,컬러레이 *,테마 편입 사유,538.0,하락  1,-0.19,537.0,538.0,164705.0,89.0,107903.0,,,0.317304,-0.6145964799999999,"6,936.99",338.12,5.12,2026-05-05 14:19:40
228,국내 상장 중국기업,1.01,900270,헝셩그룹 *,테마 편입 사유,1081.0,하락  11,-1.01,1080.0,1081.0,135676.0,147.0,150081.0,,,0.317304,-0.6145964799999999,"6,936.99",338.12,5.12,2026-05-05 14:19:40
228,국내 상장 중국기업,1.01,900250,크리스탈신소재 *,테마 편입 사유,600.0,하락  17,-2.76,599.0,600.0,1374837.0,832.0,735766.0,,,0.317304,-0.6145964799999999,"6,936.99",338.12,5.12,2026-05-05 14:19:40
228,국내 상장 중국기업,1.01,900300,오가닉티코스메틱 *,테마 편입 사유,205.0,하락  13,-5.96,205.0,206.0,30721714.0,6482.0,77317176.0,,,0.317304,-0.6145964799999999,"6,936.99",338.12,5.12,2026-05-05 14:19:40
113,음식료업종,-0.14,051900,LG생활건강,테마 편입 사유,279500.0,"상승  25,500",10.04,279500.0,280000.0,333640.0,94123.0,81025.0,,,0.09173,-0.6096576,"6,936.99",338.12,5.12,2026-05-05 14:19:40
113,음식료업종,-0.14,007390,네이처셀 *,테마 편입 사유,20400.0,"상승  1,250",6.53,20350.0,20400.0,526535.0,10612.0,337532.0,,,0.09173,-0.6096576,"6,936.99",338.12,5.12,2026-05-05 14:19:40
113,음식료업종,-0.14,260970,에스앤디 *,테마 편입 사유,57600.0,"상승  2,400",4.35,57600.0,57700.0,39319.0,2272.0,25028.0,,,0.09173,-0.6096576,"6,936.99",338.12,5.12,2026-05-05 14:19:40
113,음식료업종,-0.14,357230,에이치피오 *,테마 편입 사유,2900.0,상승  110,3.94,2900.0,2905.0,2231534.0,6502.0,11677976.0,,,0.09173,-0.6096576,"6,936.99",338.12,5.12,2026-05-05 14:19:40
113,음식료업종,-0.14,005300,롯데칠성,테마 편입 사유,126400.0,"상승  4,000",3.27,126300.0,126400.0,49907.0,6301.0,12962.0,,,0.09173,-0.6096576,"6,936.99",338.12,5.12,2026-05-05 14:19:40
113,음식료업종,-0.14,353190,휴럼 *,테마 편입 사유,3280.0,상승  80,2.5,3225.0,3280.0,115460.0,378.0,0.0,,,0.09173,-0.6096576,"6,936.99",338.12,5.12,2026-05-05 14:19:40
113,음식료업종,-0.14,194700,노바렉스 *,테마 편입 사유,15260.0,상승  360,2.42,15260.0,15280.0,118803.0,1829.0,45429.0,,,0.09173,-0.6096576,"6,936.99",338.12,5.12,2026-05-05 14:19:40
113,음식료업종,-0.14,005670,푸드웰 *,테마 편입 사유,6670.0,상승  150,2.3,6670.0,6680.0,26926.0,179.0,46312.0,,,0.09173,-0.6096576,"6,936.99",338.12,5.12,2026-05-05 14:19:40
113,음식료업종,-0.14,318010,팜스빌 *,테마 편입 사유,3770.0,상승  70,1.89,3735.0,3770.0,18022.0,67.0,6562.0,,,0.09173,-0.6096576,"6,936.99",338.12,5.12,2026-05-05 14:19:40
113,음식료업종,-0.14,009780,엠에스씨 *,테마 편입 사유,7370.0,상승  130,1.8,7370.0,7390.0,33014.0,244.0,35507.0,,,0.09173,-0.6096576,"6,936.99",338.12,5.12,2026-05-05 14:19:40
113,음식료업종,-0.14,002600,조흥,테마 편입 사유,148900.0,"상승  1,900",1.29,148900.0,149000.0,49.0,7.0,40.0,,,0.09173,-0.6096576,"6,936.99",338.12,5.12,2026-05-05 14:19:40
113,음식료업종,-0.14,264900,크라운제과,테마 편입 사유,8650.0,상승  90,1.05,8580.0,8650.0,11352.0,98.0,17004.0,,,0.09173,-0.6096576,"6,936.99",338.12,5.12,2026-05-05 14:19:40
113,음식료업종,-0.14,004370,농심,테마 편입 사유,381000.0,"상승  3,500",0.93,381000.0,381500.0,22846.0,8694.0,20012.0,,,0.09173,-0.6096576,"6,936.99",338.12,5.12,2026-05-05 14:19:40
113,음식료업종,-0.14,267980,매일유업 *,테마 편입 사유,36400.0,상승  100,0.28,36400.0,36500.0,6950.0,253.0,11963.0,,,0.09173,-0.6096576,"6,936.99",338.12,5.12,2026-05-05 14:19:40
113,음식료업종,-0.14,342870,오아 *,테마 편입 사유,6820.0,상승  10,0.15,6790.0,6820.0,12408.0,85.0,11607.0,,,0.09173,-0.6096576,"6,936.99",338.12,5.12,2026-05-05 14:19:40
113,음식료업종,-0.14,0013V0,삼진식품 *,테마 편입 사유,7360.0,상승  10,0.14,7350.0,7360.0,55067.0,408.0,66717.0,,,0.09173,-0.6096576,"6,936.99",338.12,5.12,2026-05-05 14:19:40
113,음식료업종,-0.14,008040,사조동아원,테마 편입 사유,1043.0,상승  1,0.1,1041.0,1043.0,597489.0,623.0,372410.0,,,0.09173,-0.6096576,"6,936.99",338.12,5.12,2026-05-05 14:19:40
113,음식료업종,-0.14,131100,티엔엔터테인먼트 *,테마 편입 사유,1294.0,상승  1,0.08,1291.0,1294.0,20012.0,26.0,23183.0,,,0.09173,-0.6096576,"6,936.99",338.12,5.12,2026-05-05 14:19:40
113,음식료업종,-0.14,280360,롯데웰푸드,테마 편입 사유,121200.0,상승  100,0.08,121200.0,121300.0,29096.0,3491.0,22246.0,,,0.09173,-0.6096576,"6,936.99",338.12,5.12,2026-05-05 14:19:40
113,음식료업종,-0.14,208140,정다운 *,테마 편입 사유,2540.0,보합0,0.0,2535.0,2540.0,135037.0,342.0,51059.0,,,0.09173,-0.6096576,"6,936.99",338.12,5.12,2026-05-05 14:19:40
113,음식료업종,-0.14,276730,한울앤제주 *,테마 편입 사유,767.0,보합0,0.0,0.0,0.0,0.0,0.0,0.0,,,0.09173,-0.6096576,"6,936.99",338.12,5.12,2026-05-05 14:19:40
113,음식료업종,-0.14,004410,서울식품,테마 편입 사유,158.0,보합0,0.0,0.0,0.0,0.0,0.0,0.0,,,0.09173,-0.6096576,"6,936.99",338.12,5.12,2026-05-05 14:19:40
113,음식료업종,-0.14,311390,네오크레마 *,테마 편입 사유,4720.0,보합0,0.0,4705.0,4720.0,35443.0,165.0,46161.0,,,0.09173,-0.6096576,"6,936.99",338.12,5.12,2026-05-05 14:19:40
113,음식료업종,-0.14,001130,대한제분,테마 편입 사유,156500.0,보합0,0.0,0.0,0.0,0.0,0.0,0.0,,,0.09173,-0.6096576,"6,936.99",338.12,5.12,2026-05-05 14:19:40
113,음식료업종,-0.14,000140,하이트진로홀딩스,테마 편입 사유,9200.0,하락  10,-0.11,9200.0,9220.0,32495.0,298.0,18153.0,,,0.09173,-0.6096576,"6,936.99",338.12,5.12,2026-05-05 14:19:40
113,음식료업종,-0.14,101530,해태제과식품,테마 편입 사유,6490.0,하락  10,-0.15,6490.0,6520.0,43006.0,279.0,19146.0,,,0.09173,-0.6096576,"6,936.99",338.12,5.12,2026-05-05 14:19:40
113,음식료업종,-0.14,248170,샘표식품,테마 편입 사유,27200.0,하락  50,-0.18,27200.0,27250.0,9177.0,249.0,5100.0,,,0.09173,-0.6096576,"6,936.99",338.12,5.12,2026-05-05 14:19:40
113,음식료업종,-0.14,238200,비피도 *,테마 편입 사유,2835.0,하락  5,-0.18,2830.0,2835.0,28417.0,80.0,8750.0,,,0.09173,-0.6096576,"6,936.99",338.12,5.12,2026-05-05 14:19:40
113,음식료업종,-0.14,043650,국순당 *,테마 편입 사유,4270.0,하락  10,-0.23,4270.0,4275.0,67392.0,286.0,47558.0,,,0.09173,-0.6096576,"6,936.99",338.12,5.12,2026-05-05 14:19:40
113,음식료업종,-0.14,000080,하이트진로,테마 편입 사유,17070.0,하락  40,-0.23,17060.0,17070.0,122584.0,2094.0,95249.0,,,0.09173,-0.6096576,"6,936.99",338.12,5.12,2026-05-05 14:19:40
113,음식료업종,-0.14,475560,더본코리아,테마 편입 사유,20850.0,하락  50,-0.24,20800.0,20850.0,17768.0,370.0,10966.0,,,0.09173,-0.6096576,"6,936.99",338.12,5.12,2026-05-05 14:19:40
113,음식료업종,-0.14,250000,보라티알 *,테마 편입 사유,7730.0,하락  20,-0.26,7700.0,7730.0,11462.0,89.0,2827.0,,,0.09173,-0.6096576,"6,936.99",338.12,5.12,2026-05-05 14:19:40
113,음식료업종,-0.14,005610,삼립,테마 편입 사유,49500.0,하락  200,-0.4,49450.0,49500.0,8081.0,401.0,4484.0,,,0.09173,-0.6096576,"6,936.99",338.12,5.12,2026-05-05 14:19:40
113,음식료업종,-0.14,007310,오뚜기,테마 편입 사유,364000.0,"하락  1,500",-0.41,363500.0,364000.0,4853.0,1770.0,5089.0,,,0.09173,-0.6096576,"6,936.99",338.12,5.12,2026-05-05 14:19:40
113,음식료업종,-0.14,001420,태원물산,테마 편입 사유,3035.0,하락  15,-0.49,3030.0,3035.0,20181.0,61.0,2543.0,,,0.09173,-0.6096576,"6,936.99",338.12,5.12,2026-05-05 14:19:40
113,음식료업종,-0.14,271560,오리온,테마 편입 사유,142800.0,하락  800,-0.56,142700.0,142800.0,94198.0,13470.0,79671.0,,,0.09173,-0.6096576,"6,936.99",338.12,5.12,2026-05-05 14:19:40
113,음식료업종,-0.14,001790,대한제당,테마 편입 사유,2890.0,하락  20,-0.69,2890.0,2895.0,301000.0,870.0,210275.0,,,0.09173,-0.6096576,"6,936.99",338.12,5.12,2026-05-05 14:19:40
113,음식료업종,-0.14,195940,HK이노엔 *,테마 편입 사유,52000.0,하락  400,-0.76,52000.0,52100.0,134629.0,7060.0,130750.0,,,0.09173,-0.6096576,"6,936.99",338.12,5.12,2026-05-05 14:19:40
113,음식료업종,-0.14,222980,한국맥널티 *,테마 편입 사유,2600.0,하락  20,-0.76,2585.0,2600.0,15924.0,41.0,9418.0,,,0.09173,-0.6096576,"6,936.99",338.12,5.12,2026-05-05 14:19:40
113,음식료업종,-0.14,005180,빙그레,테마 편입 사유,74400.0,하락  600,-0.8,74400.0,74500.0,48092.0,3594.0,37160.0,,,0.09173,-0.6096576,"6,936.99",338.12,5.12,2026-05-05 14:19:40
113,음식료업종,-0.14,475460,미트박스 *,테마 편입 사유,8270.0,하락  70,-0.84,8270.0,8280.0,22393.0,186.0,31183.0,,,0.09173,-0.6096576,"6,936.99",338.12,5.12,2026-05-05 14:19:40
113,음식료업종,-0.14,339770,교촌에프앤비,테마 편입 사유,4445.0,하락  40,-0.89,4440.0,4445.0,116006.0,517.0,77654.0,,,0.09173,-0.6096576,"6,936.99",338.12,5.12,2026-05-05 14:19:40
113,음식료업종,-0.14,239610,에이치엘사이언스 *,테마 편입 사유,8850.0,하락  80,-0.9,8810.0,8850.0,4225.0,38.0,2631.0,,,0.09173,-0.6096576,"6,936.99",338.12,5.12,2026-05-05 14:19:40
113,음식료업종,-0.14,218150,미래생명자원 *,테마 편입 사유,3255.0,하락  30,-0.91,3255.0,3260.0,238499.0,778.0,766725.0,,,0.09173,-0.6096576,"6,936.99",338.12,5.12,2026-05-05 14:19:40
113,음식료업종,-0.14,145990,삼양사,테마 편입 사유,47700.0,하락  500,-1.04,47500.0,47700.0,8215.0,392.0,10561.0,,,0.09173,-0.6096576,"6,936.99",338.12,5.12,2026-05-05 14:19:40
113,음식료업종,-0.14,103840,우양 *,테마 편입 사유,3210.0,하락  35,-1.08,3210.0,3215.0,107694.0,349.0,119846.0,,,0.09173,-0.6096576,"6,936.99",338.12,5.12,2026-05-05 14:19:40
113,음식료업종,-0.14,453340,현대그린푸드,테마 편입 사유,16350.0,하락  190,-1.15,16350.0,16390.0,23639.0,387.0,42456.0,,,0.09173,-0.6096576,"6,936.99",338.12,5.12,2026-05-05 14:19:40
113,음식료업종,-0.14,001680,대상,테마 편입 사유,20450.0,하락  250,-1.21,20400.0,20450.0,105455.0,2160.0,70900.0,,,0.09173,-0.6096576,"6,936.99",338.12,5.12,2026-05-05 14:19:40
113,음식료업종,-0.14,189980,흥국에프엔비 *,테마 편입 사유,1618.0,하락  20,-1.22,1613.0,1618.0,219661.0,356.0,79734.0,,,0.09173,-0.6096576,"6,936.99",338.12,5.12,2026-05-05 14:19:40
113,음식료업종,-0.14,003920,남양유업,테마 편입 사유,51900.0,하락  700,-1.33,51800.0,51900.0,7922.0,411.0,7691.0,,,0.09173,-0.6096576,"6,936.99",338.12,5.12,2026-05-05 14:19:40
113,음식료업종,-0.14,031440,신세계푸드,테마 편입 사유,51600.0,하락  700,-1.34,51300.0,51600.0,13017.0,671.0,3457.0,,,0.09173,-0.6096576,"6,936.99",338.12,5.12,2026-05-05 14:19:40
113,음식료업종,-0.14,222040,코스맥스엔비티 *,테마 편입 사유,5100.0,하락  70,-1.35,5090.0,5100.0,273188.0,1434.0,281479.0,,,0.09173,-0.6096576,"6,936.99",338.12,5.12,2026-05-05 14:19:40
113,음식료업종,-0.14,195500,마니커에프앤지 *,테마 편입 사유,2835.0,하락  40,-1.39,2825.0,2835.0,42871.0,122.0,58818.0,,,0.09173,-0.6096576,"6,936.99",338.12,5.12,2026-05-05 14:19:40
113,음식료업종,-0.14,270870,뉴트리 *,테마 편입 사유,4300.0,하락  70,-1.6,4300.0,4305.0,22113.0,96.0,27952.0,,,0.09173,-0.6096576,"6,936.99",338.12,5.12,2026-05-05 14:19:40
113,음식료업종,-0.14,006880,신송홀딩스,테마 편입 사유,7190.0,하락  120,-1.64,7180.0,7190.0,179798.0,1304.0,215353.0,,,0.09173,-0.6096576,"6,936.99",338.12,5.12,2026-05-05 14:19:40
113,음식료업종,-0.14,003230,삼양식품,테마 편입 사유,1316000.0,"하락  25,000",-1.86,1315000.0,1316000.0,70046.0,93968.0,64873.0,,,0.09173,-0.6096576,"6,936.99",338.12,5.12,2026-05-05 14:19:40
113,음식료업종,-0.14,026960,동서,테마 편입 사유,26200.0,하락  500,-1.87,26200.0,26250.0,86553.0,2283.0,58484.0,,,0.09173,-0.6096576,"6,936.99",338.12,5.12,2026-05-05 14:19:40
113,음식료업종,-0.14,017810,풀무원,테마 편입 사유,12060.0,하락  240,-1.95,12060.0,12080.0,78006.0,950.0,116905.0,,,0.09173,-0.6096576,"6,936.99",338.12,5.12,2026-05-05 14:19:40
113,음식료업종,-0.14,097950,CJ제일제당,테마 편입 사유,241000.0,"하락  5,500",-2.23,240500.0,241000.0,66616.0,16084.0,98535.0,,,0.09173,-0.6096576,"6,936.99",338.12,5.12,2026-05-05 14:19:40
113,음식료업종,-0.14,403490,우듬지팜 *,테마 편입 사유,1218.0,하락  29,-2.33,1216.0,1218.0,286578.0,350.0,89860.0,,,0.09173,-0.6096576,"6,936.99",338.12,5.12,2026-05-05 14:19:40
113,음식료업종,-0.14,435570,에르코스 *,테마 편입 사유,11220.0,하락  280,-2.43,11220.0,11250.0,39743.0,453.0,54730.0,,,0.09173,-0.6096576,"6,936.99",338.12,5.12,2026-05-05 14:19:40
113,음식료업종,-0.14,277410,인산가 *,테마 편입 사유,1105.0,하락  29,-2.56,1102.0,1105.0,175649.0,195.0,63691.0,,,0.09173,-0.6096576,"6,936.99",338.12,5.12,2026-05-05 14:19:40
113,음식료업종,-0.14,051500,CJ프레시웨이 *,테마 편입 사유,28050.0,하락  750,-2.6,28050.0,28100.0,44129.0,1246.0,35171.0,,,0.09173,-0.6096576,"6,936.99",338.12,5.12,2026-05-05 14:19:40
113,음식료업종,-0.14,002680,한탑 *,테마 편입 사유,694.0,하락  21,-2.94,694.0,695.0,396915.0,277.0,267485.0,,,0.09173,-0.6096576,"6,936.99",338.12,5.12,2026-05-05 14:19:40
113,음식료업종,-0.14,188040,바이오포트 *,테마 편입 사유,6280.0,하락  220,-3.38,6280.0,6290.0,24868.0,157.0,21495.0,,,0.09173,-0.6096576,"6,936.99",338.12,5.12,2026-05-05 14:19:40
113,음식료업종,-0.14,290720,푸드나무 *,테마 편입 사유,3315.0,하락  125,-3.63,3315.0,3340.0,36959.0,125.0,27559.0,,,0.09173,-0.6096576,"6,936.99",338.12,5.12,2026-05-05 14:19:40
328,제습기,0.81,005930,삼성전자,테마 편입 사유,232500.0,"상승  12,000",5.44,232000.0,232500.0,31909907.0,7302350.0,22161975.0,,,0.274735,-0.5966431999999999,"6,936.99",338.12,5.12,2026-05-05 14:19:40
328,제습기,0.81,066570,LG전자,테마 편입 사유,143200.0,"상승  2,300",1.63,143100.0,143200.0,1517270.0,216486.0,4601367.0,,,0.274735,-0.5966431999999999,"6,936.99",338.12,5.12,2026-05-05 14:19:40
328,제습기,0.81,058610,에스피지 *,테마 편입 사유,129200.0,"상승  1,600",1.25,129200.0,129300.0,258175.0,33634.0,473782.0,,,0.274735,-0.5966431999999999,"6,936.99",338.12,5.12,2026-05-05 14:19:40
328,제습기,0.81,021240,코웨이,테마 편입 사유,86700.0,상승  600,0.7,86700.0,86800.0,149229.0,12967.0,384403.0,,,0.274735,-0.5966431999999999,"6,936.99",338.12,5.12,2026-05-05 14:19:40
328,제습기,0.81,284740,쿠쿠홈시스,테마 편입 사유,24500.0,상승  100,0.41,24500.0,24550.0,19240.0,471.0,12464.0,,,0.274735,-0.5966431999999999,"6,936.99",338.12,5.12,2026-05-05 14:19:40
328,제습기,0.81,002700,신일전자,테마 편입 사유,1465.0,하락  9,-0.61,1465.0,1468.0,730802.0,1081.0,562801.0,,,0.274735,-0.5966431999999999,"6,936.99",338.12,5.12,2026-05-05 14:19:40
328,제습기,0.81,044340,위닉스 *,테마 편입 사유,5320.0,하락  60,-1.12,5320.0,5330.0,38904.0,209.0,25145.0,,,0.274735,-0.5966431999999999,"6,936.99",338.12,5.12,2026-05-05 14:19:40
328,제습기,0.81,037070,파세코 *,테마 편입 사유,9660.0,하락  120,-1.23,9660.0,9670.0,107713.0,1053.0,61961.0,,,0.274735,-0.5966431999999999,"6,936.99",338.12,5.12,2026-05-05 14:19:40
242,탄소나노튜브(CNT),2.11,051910,LG화학,테마 편입 사유,429000.0,"상승  32,000",8.06,429000.0,429500.0,609933.0,259149.0,283039.0,,,0.525903,-0.5826233600000004,"6,936.99",338.12,5.12,2026-05-05 14:19:40
242,탄소나노튜브(CNT),2.11,418550,제이오 *,테마 편입 사유,11690.0,상승  230,2.01,11690.0,11700.0,302436.0,3578.0,415989.0,,,0.525903,-0.5826233600000004,"6,936.99",338.12,5.12,2026-05-05 14:19:40
242,탄소나노튜브(CNT),2.11,049480,오픈베이스 *,테마 편입 사유,3310.0,상승  65,2.0,3310.0,3315.0,1434732.0,4731.0,1638167.0,,,0.525903,-0.5826233600000004,"6,936.99",338.12,5.12,2026-05-05 14:19:40
242,탄소나노튜브(CNT),2.11,027580,상보 *,테마 편입 사유,598.0,보합0,0.0,0.0,0.0,0.0,0.0,0.0,,,0.525903,-0.5826233600000004,"6,936.99",338.12,5.12,2026-05-05 14:19:40
242,탄소나노튜브(CNT),2.11,011780,금호석유화학,테마 편입 사유,144400.0,"하락  2,200",-1.5,144000.0,144400.0,99316.0,14403.0,164317.0,,,0.525903,-0.5826233600000004,"6,936.99",338.12,5.12,2026-05-05 14:19:40
28,CCTV＆DVR,0.57,489790,한화비전,테마 편입 사유,88700.0,"상승  2,500",2.9,88700.0,88800.0,1132198.0,101107.0,2145909.0,,,0.206311,-0.48631232,"6,936.99",338.12,5.12,2026-05-05 14:19:40
28,CCTV＆DVR,0.57,331380,포커스에이아이 *,테마 편입 사유,2375.0,상승  65,2.81,2350.0,2375.0,272739.0,643.0,277517.0,,,0.206311,-0.48631232,"6,936.99",338.12,5.12,2026-05-05 14:19:40
28,CCTV＆DVR,0.57,054220,비츠로시스 *,테마 편입 사유,548.0,보합0,0.0,0.0,0.0,0.0,0.0,0.0,,,0.206311,-0.48631232,"6,936.99",338.12,5.12,2026-05-05 14:19:40
28,CCTV＆DVR,0.57,083640,인콘 *,테마 편입 사유,385.0,보합0,0.0,0.0,0.0,0.0,0.0,0.0,,,0.206311,-0.48631232,"6,936.99",338.12,5.12,2026-05-05 14:19:40
28,CCTV＆DVR,0.57,092600,앤씨앤 *,테마 편입 사유,987.0,보합0,0.0,0.0,0.0,0.0,0.0,0.0,,,0.206311,-0.48631232,"6,936.99",338.12,5.12,2026-05-05 14:19:40
28,CCTV＆DVR,0.57,015710,코콤 *,테마 편입 사유,3985.0,하락  25,-0.62,3985.0,4005.0,75467.0,304.0,61798.0,,,0.206311,-0.48631232,"6,936.99",338.12,5.12,2026-05-05 14:19:40
28,CCTV＆DVR,0.57,143160,아이디스 *,테마 편입 사유,17630.0,하락  200,-1.12,17560.0,17630.0,9817.0,174.0,13232.0,,,0.206311,-0.48631232,"6,936.99",338.12,5.12,2026-05-05 14:19:40
342,핀테크(FinTech),1.94,232830,아이티센피엔에스 *,테마 편입 사유,4615.0,상승  590,14.66,4610.0,4615.0,659731.0,2913.0,281642.0,,,0.473814,-0.4859276800000001,"6,936.99",338.12,5.12,2026-05-05 14:19:40
342,핀테크(FinTech),1.94,034730,SK,테마 편입 사유,475500.0,"상승  50,500",11.88,475000.0,475500.0,325374.0,149558.0,231138.0,,,0.473814,-0.4859276800000001,"6,936.99",338.12,5.12,2026-05-05 14:19:40
342,핀테크(FinTech),1.94,052710,아모텍 *,테마 편입 사유,24400.0,"상승  2,100",9.42,24400.0,24450.0,697742.0,16814.0,444687.0,,,0.473814,-0.4859276800000001,"6,936.99",338.12,5.12,2026-05-05 14:19:40
342,핀테크(FinTech),1.94,163730,핑거 *,테마 편입 사유,20250.0,"상승  1,300",6.86,20100.0,20250.0,249325.0,4942.0,289081.0,,,0.473814,-0.4859276800000001,"6,936.99",338.12,5.12,2026-05-05 14:19:40
342,핀테크(FinTech),1.94,234340,헥토파이낸셜 *,테마 편입 사유,33800.0,"상승  1,650",5.13,33800.0,33850.0,768491.0,25705.0,404243.0,,,0.473814,-0.4859276800000001,"6,936.99",338.12,5.12,2026-05-05 14:19:40
342,핀테크(FinTech),1.94,042510,라온시큐어 *,테마 편입 사유,13120.0,상승  560,4.46,13120.0,13130.0,946193.0,12546.0,433439.0,,,0.473814,-0.4859276800000001,"6,936.99",338.12,5.12,2026-05-05 14:19:40
342,핀테크(FinTech),1.94,079940,가비아 *,테마 편입 사유,31100.0,"상승  1,050",3.49,30800.0,31100.0,32054.0,986.0,11877.0,,,0.473814,-0.4859276800000001,"6,936.99",338.12,5.12,2026-05-05 14:19:40
342,핀테크(FinTech),1.94,094480,갤럭시아머니트리 *,테마 편입 사유,8780.0,상승  260,3.05,8770.0,8780.0,353305.0,3073.0,237335.0,,,0.473814,-0.4859276800000001,"6,936.99",338.12,5.12,2026-05-05 14:19:40
342,핀테크(FinTech),1.94,052400,코나아이 *,테마 편입 사유,55700.0,"상승  1,300",2.39,55700.0,55800.0,69263.0,3911.0,101818.0,,,0.473814,-0.4859276800000001,"6,936.99",338.12,5.12,2026-05-05 14:19:40
342,핀테크(FinTech),1.94,158430,아톤 *,테마 편입 사유,8180.0,상승  170,2.12,8180.0,8190.0,872906.0,7215.0,1698425.0,,,0.473814,-0.4859276800000001,"6,936.99",338.12,5.12,2026-05-05 14:19:40
342,핀테크(FinTech),1.94,060250,NHN KCP *,테마 편입 사유,20050.0,상승  400,2.04,20050.0,20100.0,415777.0,8374.0,328009.0,,,0.473814,-0.4859276800000001,"6,936.99",338.12,5.12,2026-05-05 14:19:40
342,핀테크(FinTech),1.94,131090,시큐브 *,테마 편입 사유,4285.0,상승  85,2.02,4270.0,4285.0,85392.0,363.0,29293.0,,,0.473814,-0.4859276800000001,"6,936.99",338.12,5.12,2026-05-05 14:19:40
342,핀테크(FinTech),1.94,054920,한컴위드 *,테마 편입 사유,6980.0,상승  120,1.75,6970.0,6980.0,1266378.0,8973.0,1573135.0,,,0.473814,-0.4859276800000001,"6,936.99",338.12,5.12,2026-05-05 14:19:40
342,핀테크(FinTech),1.94,064260,다날 *,테마 편입 사유,7430.0,상승  100,1.36,7430.0,7440.0,1292591.0,9661.0,1643648.0,,,0.473814,-0.4859276800000001,"6,936.99",338.12,5.12,2026-05-05 14:19:40
342,핀테크(FinTech),1.94,053300,한국정보인증 *,테마 편입 사유,6500.0,상승  70,1.09,6500.0,6510.0,281943.0,1850.0,212539.0,,,0.473814,-0.4859276800000001,"6,936.99",338.12,5.12,2026-05-05 14:19:40
342,핀테크(FinTech),1.94,214180,헥토이노베이션 *,테마 편입 사유,20800.0,상승  200,0.97,20800.0,20900.0,98555.0,2052.0,121817.0,,,0.473814,-0.4859276800000001,"6,936.99",338.12,5.12,2026-05-05 14:19:40
342,핀테크(FinTech),1.94,377300,카카오페이,테마 편입 사유,56000.0,상승  300,0.54,56000.0,56100.0,247354.0,13948.0,196818.0,,,0.473814,-0.4859276800000001,"6,936.99",338.12,5.12,2026-05-05 14:19:40
342,핀테크(FinTech),1.94,041460,한국전자인증 *,테마 편입 사유,4195.0,상승  20,0.48,4195.0,4200.0,82857.0,348.0,113465.0,,,0.473814,-0.4859276800000001,"6,936.99",338.12,5.12,2026-05-05 14:19:40
342,핀테크(FinTech),1.94,035600,KG이니시스 *,테마 편입 사유,11480.0,상승  30,0.26,11480.0,11490.0,85165.0,979.0,82487.0,,,0.473814,-0.4859276800000001,"6,936.99",338.12,5.12,2026-05-05 14:19:40
342,핀테크(FinTech),1.94,046440,KG파이낸셜 *,테마 편입 사유,5230.0,보합0,0.0,5220.0,5230.0,117460.0,619.0,88197.0,,,0.473814,-0.4859276800000001,"6,936.99",338.12,5.12,2026-05-05 14:19:40
342,핀테크(FinTech),1.94,184230,SGA솔루션즈 *,테마 편입 사유,754.0,보합0,0.0,0.0,0.0,0.0,0.0,5566857.0,,,0.473814,-0.4859276800000001,"6,936.99",338.12,5.12,2026-05-05 14:19:40
342,핀테크(FinTech),1.94,025770,한국정보통신 *,테마 편입 사유,11420.0,보합0,0.0,11400.0,11420.0,228962.0,2629.0,267491.0,,,0.473814,-0.4859276800000001,"6,936.99",338.12,5.12,2026-05-05 14:19:40
342,핀테크(FinTech),1.94,047560,이스트소프트 *,테마 편입 사유,14580.0,하락  20,-0.14,14570.0,14580.0,54965.0,806.0,54776.0,,,0.473814,-0.4859276800000001,"6,936.99",338.12,5.12,2026-05-05 14:19:40
342,핀테크(FinTech),1.94,408470,한패스 *,테마 편입 사유,15270.0,하락  40,-0.26,15270.0,15290.0,84128.0,1288.0,112723.0,,,0.473814,-0.4859276800000001,"6,936.99",338.12,5.12,2026-05-05 14:19:40
342,핀테크(FinTech),1.94,035720,카카오,테마 편입 사유,47100.0,하락  200,-0.42,47050.0,47100.0,1520475.0,71746.0,1484406.0,,,0.473814,-0.4859276800000001,"6,936.99",338.12,5.12,2026-05-05 14:19:40
342,핀테크(FinTech),1.94,030200,KT,테마 편입 사유,60600.0,하락  300,-0.49,60500.0,60600.0,264542.0,16006.0,386946.0,,,0.473814,-0.4859276800000001,"6,936.99",338.12,5.12,2026-05-05 14:19:40
342,핀테크(FinTech),1.94,053580,웹케시 *,테마 편입 사유,9110.0,하락  50,-0.55,9070.0,9110.0,42628.0,391.0,50530.0,,,0.473814,-0.4859276800000001,"6,936.99",338.12,5.12,2026-05-05 14:19:40
342,핀테크(FinTech),1.94,053350,이니텍 *,테마 편입 사유,2990.0,하락  25,-0.83,2980.0,2990.0,104488.0,313.0,70324.0,,,0.473814,-0.4859276800000001,"6,936.99",338.12,5.12,2026-05-05 14:19:40
342,핀테크(FinTech),1.94,035420,NAVER,테마 편입 사유,209000.0,"하락  2,000",-0.95,208500.0,209000.0,875803.0,183333.0,1387029.0,,,0.473814,-0.4859276800000001,"6,936.99",338.12,5.12,2026-05-05 14:19:40
342,핀테크(FinTech),1.94,064480,브리지텍 *,테마 편입 사유,4290.0,하락  50,-1.15,4290.0,4310.0,106405.0,459.0,37574.0,,,0.473814,-0.4859276800000001,"6,936.99",338.12,5.12,2026-05-05 14:19:40
342,핀테크(FinTech),1.94,039290,인포뱅크 *,테마 편입 사유,4775.0,하락  75,-1.55,4765.0,4775.0,19169.0,92.0,17870.0,,,0.473814,-0.4859276800000001,"6,936.99",338.12,5.12,2026-05-05 14:19:40
342,핀테크(FinTech),1.94,081580,성우전자 *,테마 편입 사유,3210.0,하락  60,-1.83,3205.0,3210.0,125577.0,406.0,112215.0,,,0.473814,-0.4859276800000001,"6,936.99",338.12,5.12,2026-05-05 14:19:40
342,핀테크(FinTech),1.94,067920,이글루 *,테마 편입 사유,7050.0,하락  140,-1.95,7040.0,7050.0,81222.0,576.0,54235.0,,,0.473814,-0.4859276800000001,"6,936.99",338.12,5.12,2026-05-05 14:19:40
200,우주항공산업(누리호/인공위성 등),3.24,321370,센서뷰 *,테마 편입 사유,3565.0,상승  535,17.66,3560.0,3565.0,14031434.0,51230.0,0.0,,,0.724925,-0.47161600000000004,"6,936.99",338.12,5.12,2026-05-05 14:19:40
200,우주항공산업(누리호/인공위성 등),3.24,044490,태웅 *,테마 편입 사유,58800.0,"상승  5,800",10.94,58800.0,58900.0,783901.0,45931.0,195784.0,,,0.724925,-0.47161600000000004,"6,936.99",338.12,5.12,2026-05-05 14:19:40
200,우주항공산업(누리호/인공위성 등),3.24,042370,비츠로테크 *,테마 편입 사유,18280.0,"상승  1,330",7.85,18270.0,18280.0,2668480.0,50407.0,704473.0,,,0.724925,-0.47161600000000004,"6,936.99",338.12,5.12,2026-05-05 14:19:40
200,우주항공산업(누리호/인공위성 등),3.24,0015G0,그린광학 *,테마 편입 사유,35050.0,"상승  2,350",7.19,35000.0,35050.0,600232.0,21074.0,163238.0,,,0.724925,-0.47161600000000004,"6,936.99",338.12,5.12,2026-05-05 14:19:40
200,우주항공산업(누리호/인공위성 등),3.24,189300,인텔리안테크 *,테마 편입 사유,142000.0,"상승  9,300",7.01,141900.0,142000.0,168616.0,23965.0,146429.0,,,0.724925,-0.47161600000000004,"6,936.99",338.12,5.12,2026-05-05 14:19:40
200,우주항공산업(누리호/인공위성 등),3.24,077360,덕산하이메탈 *,테마 편입 사유,19590.0,"상승  1,230",6.7,19590.0,19600.0,3275510.0,65578.0,2494479.0,,,0.724925,-0.47161600000000004,"6,936.99",338.12,5.12,2026-05-05 14:19:40
200,우주항공산업(누리호/인공위성 등),3.24,047810,한국항공우주,테마 편입 사유,180000.0,"상승  11,000",6.51,179900.0,180000.0,1885749.0,337238.0,947951.0,,,0.724925,-0.47161600000000004,"6,936.99",338.12,5.12,2026-05-05 14:19:40
200,우주항공산업(누리호/인공위성 등),3.24,272290,이녹스첨단소재 *,테마 편입 사유,36300.0,"상승  2,000",5.83,36300.0,36350.0,458518.0,16463.0,187764.0,,,0.724925,-0.47161600000000004,"6,936.99",338.12,5.12,2026-05-05 14:19:40
200,우주항공산업(누리호/인공위성 등),3.24,010820,퍼스텍,테마 편입 사유,14270.0,상승  770,5.7,14270.0,14280.0,1797341.0,24659.0,1367138.0,,,0.724925,-0.47161600000000004,"6,936.99",338.12,5.12,2026-05-05 14:19:40
200,우주항공산업(누리호/인공위성 등),3.24,462350,이노스페이스 *,테마 편입 사유,17230.0,상승  880,5.38,17230.0,17250.0,739893.0,12809.0,695856.0,,,0.724925,-0.47161600000000004,"6,936.99",338.12,5.12,2026-05-05 14:19:40
200,우주항공산업(누리호/인공위성 등),3.24,211270,AP위성 *,테마 편입 사유,17490.0,상승  880,5.3,17480.0,17490.0,425746.0,7426.0,208243.0,,,0.724925,-0.47161600000000004,"6,936.99",338.12,5.12,2026-05-05 14:19:40
200,우주항공산업(누리호/인공위성 등),3.24,000880,한화,테마 편입 사유,139900.0,"상승  6,500",4.87,139800.0,139900.0,303841.0,42024.0,409462.0,,,0.724925,-0.47161600000000004,"6,936.99",338.12,5.12,2026-05-05 14:19:40
200,우주항공산업(누리호/인공위성 등),3.24,079550,LIG디펜스앤에어로스페이스,테마 편입 사유,983000.0,"상승  42,000",4.46,983000.0,984000.0,295511.0,284024.0,244235.0,,,0.724925,-0.47161600000000004,"6,936.99",338.12,5.12,2026-05-05 14:19:40
200,우주항공산업(누리호/인공위성 등),3.24,488900,비츠로넥스텍 *,테마 편입 사유,19410.0,상승  740,3.96,19380.0,19410.0,98019.0,1889.0,139011.0,,,0.724925,-0.47161600000000004,"6,936.99",338.12,5.12,2026-05-05 14:19:40
200,우주항공산업(누리호/인공위성 등),3.24,056190,에스에프에이 *,테마 편입 사유,32550.0,"상승  1,150",3.66,32550.0,32600.0,136196.0,4436.0,193856.0,,,0.724925,-0.47161600000000004,"6,936.99",338.12,5.12,2026-05-05 14:19:40
200,우주항공산업(누리호/인공위성 등),3.24,012450,한화에어로스페이스,테마 편입 사유,1465000.0,"상승  48,000",3.39,1464000.0,1465000.0,195389.0,286177.0,236243.0,,,0.724925,-0.47161600000000004,"6,936.99",338.12,5.12,2026-05-05 14:19:40
200,우주항공산업(누리호/인공위성 등),3.24,451760,컨텍 *,테마 편입 사유,23150.0,상승  650,2.89,23150.0,23200.0,620885.0,14409.0,866527.0,,,0.724925,-0.47161600000000004,"6,936.99",338.12,5.12,2026-05-05 14:19:40
200,우주항공산업(누리호/인공위성 등),3.24,294630,서남 *,테마 편입 사유,4670.0,상승  120,2.64,4665.0,4670.0,1012686.0,4783.0,575887.0,,,0.724925,-0.47161600000000004,"6,936.99",338.12,5.12,2026-05-05 14:19:40
200,우주항공산업(누리호/인공위성 등),3.24,361390,제노코 *,테마 편입 사유,30200.0,상승  750,2.55,30150.0,30200.0,183748.0,5560.0,159411.0,,,0.724925,-0.47161600000000004,"6,936.99",338.12,5.12,2026-05-05 14:19:40
200,우주항공산업(누리호/인공위성 등),3.24,089980,상아프론테크 *,테마 편입 사유,28050.0,상승  600,2.19,28000.0,28050.0,149870.0,4172.0,113157.0,,,0.724925,-0.47161600000000004,"6,936.99",338.12,5.12,2026-05-05 14:19:40
200,우주항공산업(누리호/인공위성 등),3.24,272210,한화시스템,테마 편입 사유,119700.0,"상승  2,400",2.05,119600.0,119700.0,656885.0,78448.0,765071.0,,,0.724925,-0.47161600000000004,"6,936.99",338.12,5.12,2026-05-05 14:19:40
200,우주항공산업(누리호/인공위성 등),3.24,225190,LK삼양 *,테마 편입 사유,2190.0,상승  40,1.86,2185.0,2190.0,2274.0,5.0,1136099.0,,,0.724925,-0.47161600000000004,"6,936.99",338.12,5.12,2026-05-05 14:19:40
200,우주항공산업(누리호/인공위성 등),3.24,274090,켄코아에어로스페이스 *,테마 편입 사유,21950.0,상승  300,1.39,21950.0,22000.0,328946.0,7287.0,345940.0,,,0.724925,-0.47161600000000004,"6,936.99",338.12,5.12,2026-05-05 14:19:40
200,우주항공산업(누리호/인공위성 등),3.24,368770,파이버프로 *,테마 편입 사유,23850.0,상승  300,1.27,23850.0,23900.0,1017.0,24.0,675600.0,,,0.724925,-0.47161600000000004,"6,936.99",338.12,5.12,2026-05-05 14:19:40
200,우주항공산업(누리호/인공위성 등),3.24,099320,쎄트렉아이 *,테마 편입 사유,168000.0,"상승  2,000",1.2,167900.0,168000.0,99033.0,16731.0,223579.0,,,0.724925,-0.47161600000000004,"6,936.99",338.12,5.12,2026-05-05 14:19:40
200,우주항공산업(누리호/인공위성 등),3.24,045100,한양이엔지 *,테마 편입 사유,32500.0,상승  350,1.09,32500.0,32550.0,129667.0,4253.0,128118.0,,,0.724925,-0.47161600000000004,"6,936.99",338.12,5.12,2026-05-05 14:19:40
200,우주항공산업(누리호/인공위성 등),3.24,295310,에이치브이엠 *,테마 편입 사유,89600.0,상승  600,0.67,89600.0,89700.0,129160.0,11551.0,168623.0,,,0.724925,-0.47161600000000004,"6,936.99",338.12,5.12,2026-05-05 14:19:40
200,우주항공산업(누리호/인공위성 등),3.24,474170,루미르 *,테마 편입 사유,16270.0,상승  60,0.37,16270.0,16310.0,530955.0,8816.0,588524.0,,,0.724925,-0.47161600000000004,"6,936.99",338.12,5.12,2026-05-05 14:19:40
200,우주항공산업(누리호/인공위성 등),3.24,064350,현대로템,테마 편입 사유,269000.0,상승  500,0.19,268500.0,269000.0,1037071.0,273656.0,1479575.0,,,0.724925,-0.47161600000000004,"6,936.99",338.12,5.12,2026-05-05 14:19:40
200,우주항공산업(누리호/인공위성 등),3.24,478340,나라스페이스테크놀로지 *,테마 편입 사유,34150.0,상승  50,0.15,34150.0,34200.0,176244.0,6179.0,251114.0,,,0.724925,-0.47161600000000004,"6,936.99",338.12,5.12,2026-05-05 14:19:40
200,우주항공산업(누리호/인공위성 등),3.24,030520,한글과컴퓨터 *,테마 편입 사유,20350.0,보합0,0.0,20300.0,20350.0,85668.0,1760.0,88027.0,,,0.724925,-0.47161600000000004,"6,936.99",338.12,5.12,2026-05-05 14:19:40
200,우주항공산업(누리호/인공위성 등),3.24,003490,대한항공,테마 편입 사유,24500.0,하락  50,-0.2,24500.0,24550.0,1317983.0,32387.0,1719119.0,,,0.724925,-0.47161600000000004,"6,936.99",338.12,5.12,2026-05-05 14:19:40
200,우주항공산업(누리호/인공위성 등),3.24,007660,이수페타시스,테마 편입 사유,149000.0,"하락  1,300",-0.86,148900.0,149000.0,1163791.0,174005.0,1464079.0,,,0.724925,-0.47161600000000004,"6,936.99",338.12,5.12,2026-05-05 14:19:40
200,우주항공산업(누리호/인공위성 등),3.24,347700,스피어 *,테마 편입 사유,41450.0,하락  750,-1.78,41450.0,41500.0,954777.0,39505.0,1447648.0,,,0.724925,-0.47161600000000004,"6,936.99",338.12,5.12,2026-05-05 14:19:40
200,우주항공산업(누리호/인공위성 등),3.24,354320,알멕 *,테마 편입 사유,97800.0,"하락  2,600",-2.59,97700.0,97800.0,110508.0,10971.0,102188.0,,,0.724925,-0.47161600000000004,"6,936.99",338.12,5.12,2026-05-05 14:19:40
200,우주항공산업(누리호/인공위성 등),3.24,001430,세아베스틸지주,테마 편입 사유,71800.0,"하락  3,700",-4.9,71800.0,71900.0,310596.0,22637.0,522879.0,,,0.724925,-0.47161600000000004,"6,936.99",338.12,5.12,2026-05-05 14:19:40
284,기업인수목적회사(SPAC),-0.18,451700,엔에이치스팩29호 *,테마 편입 사유,3480.0,상승  80,2.35,3480.0,3490.0,285736.0,986.0,413231.0,,,0.053159,-0.45217408,"6,936.99",338.12,5.12,2026-05-05 14:19:40
284,기업인수목적회사(SPAC),-0.18,482690,대신밸런스제19호스팩 *,테마 편입 사유,2160.0,상승  25,1.17,2150.0,2160.0,8058.0,17.0,7311.0,,,0.053159,-0.45217408,"6,936.99",338.12,5.12,2026-05-05 14:19:40
284,기업인수목적회사(SPAC),-0.18,467930,IBKS제23호스팩 *,테마 편입 사유,2160.0,상승  20,0.93,2155.0,2160.0,1255.0,3.0,2805.0,,,0.053159,-0.45217408,"6,936.99",338.12,5.12,2026-05-05 14:19:40
284,기업인수목적회사(SPAC),-0.18,0088D0,메리츠제1호스팩 *,테마 편입 사유,2180.0,상승  15,0.69,2180.0,2195.0,18210.0,40.0,20215.0,,,0.053159,-0.45217408,"6,936.99",338.12,5.12,2026-05-05 14:19:40
284,기업인수목적회사(SPAC),-0.18,492220,KB제31호스팩 *,테마 편입 사유,2035.0,상승  10,0.49,2025.0,2040.0,11947.0,24.0,6003.0,,,0.053159,-0.45217408,"6,936.99",338.12,5.12,2026-05-05 14:19:40
284,기업인수목적회사(SPAC),-0.18,475240,하나32호스팩 *,테마 편입 사유,2090.0,상승  10,0.48,2085.0,2090.0,541.0,1.0,2338.0,,,0.053159,-0.45217408,"6,936.99",338.12,5.12,2026-05-05 14:19:40
284,기업인수목적회사(SPAC),-0.18,0099X0,IBKS제25호스팩 *,테마 편입 사유,2145.0,상승  10,0.47,2140.0,2145.0,48837.0,104.0,8577.0,,,0.053159,-0.45217408,"6,936.99",338.12,5.12,2026-05-05 14:19:40
284,기업인수목적회사(SPAC),-0.18,0130D0,신한제17호스팩 *,테마 편입 사유,1998.0,상승  6,0.3,1998.0,2000.0,47178.0,94.0,186270.0,,,0.053159,-0.45217408,"6,936.99",338.12,5.12,2026-05-05 14:19:40
284,기업인수목적회사(SPAC),-0.18,496070,신한제16호스팩 *,테마 편입 사유,2015.0,상승  5,0.25,2010.0,2015.0,543.0,1.0,2258.0,,,0.053159,-0.45217408,"6,936.99",338.12,5.12,2026-05-05 14:19:40
284,기업인수목적회사(SPAC),-0.18,466690,키움히어로제1호스팩 *,테마 편입 사유,2020.0,상승  5,0.25,2015.0,2020.0,3346.0,7.0,3747.0,,,0.053159,-0.45217408,"6,936.99",338.12,5.12,2026-05-05 14:19:40
284,기업인수목적회사(SPAC),-0.18,478440,미래에셋비전스팩6호 *,테마 편입 사유,2040.0,상승  5,0.25,2040.0,2045.0,2709.0,6.0,2436.0,,,0.053159,-0.45217408,"6,936.99",338.12,5.12,2026-05-05 14:19:40
284,기업인수목적회사(SPAC),-0.18,487720,키움제10호스팩 *,테마 편입 사유,2045.0,상승  5,0.25,2040.0,2045.0,5085.0,10.0,14857.0,,,0.053159,-0.45217408,"6,936.99",338.12,5.12,2026-05-05 14:19:40
284,기업인수목적회사(SPAC),-0.18,487360,신한제14호스팩 *,테마 편입 사유,2025.0,상승  5,0.25,2020.0,2025.0,7466.0,15.0,19098.0,,,0.053159,-0.45217408,"6,936.99",338.12,5.12,2026-05-05 14:19:40
284,기업인수목적회사(SPAC),-0.18,462020,에이치엠씨제6호스팩 *,테마 편입 사유,2110.0,상승  5,0.24,2105.0,2110.0,22879.0,48.0,37262.0,,,0.053159,-0.45217408,"6,936.99",338.12,5.12,2026-05-05 14:19:40
284,기업인수목적회사(SPAC),-0.18,475250,하나33호스팩 *,테마 편입 사유,2095.0,상승  5,0.24,2080.0,2095.0,578.0,1.0,5962.0,,,0.053159,-0.45217408,"6,936.99",338.12,5.12,2026-05-05 14:19:40
284,기업인수목적회사(SPAC),-0.18,469900,하나31호스팩 *,테마 편입 사유,2065.0,상승  5,0.24,2060.0,2065.0,9498.0,20.0,4153.0,,,0.053159,-0.45217408,"6,936.99",338.12,5.12,2026-05-05 14:19:40
284,기업인수목적회사(SPAC),-0.18,474490,유안타제16호스팩 *,테마 편입 사유,2050.0,상승  5,0.24,2050.0,2055.0,6992.0,14.0,6711.0,,,0.053159,-0.45217408,"6,936.99",338.12,5.12,2026-05-05 14:19:40
284,기업인수목적회사(SPAC),-0.18,468760,유진스팩10호 *,테마 편입 사유,2095.0,상승  5,0.24,2085.0,2095.0,1129.0,2.0,44.0,,,0.053159,-0.45217408,"6,936.99",338.12,5.12,2026-05-05 14:19:40
284,기업인수목적회사(SPAC),-0.18,489730,디비금융제13호스팩 *,테마 편입 사유,2060.0,상승  5,0.24,2055.0,2060.0,758.0,2.0,3289.0,,,0.053159,-0.45217408,"6,936.99",338.12,5.12,2026-05-05 14:19:40
284,기업인수목적회사(SPAC),-0.18,0091W0,신영스팩11호 *,테마 편입 사유,2085.0,상승  5,0.24,2075.0,2085.0,14982.0,31.0,8322.0,,,0.053159,-0.45217408,"6,936.99",338.12,5.12,2026-05-05 14:19:40
284,기업인수목적회사(SPAC),-0.18,0101C0,하나36호스팩 *,테마 편입 사유,2000.0,상승  1,0.05,2000.0,2005.0,2824.0,6.0,2202.0,,,0.053159,-0.45217408,"6,936.99",338.12,5.12,2026-05-05 14:19:40
284,기업인수목적회사(SPAC),-0.18,0072Z0,KB제33호스팩 *,테마 편입 사유,2000.0,상승  1,0.05,1999.0,2000.0,2660.0,5.0,2609.0,,,0.053159,-0.45217408,"6,936.99",338.12,5.12,2026-05-05 14:19:40
284,기업인수목적회사(SPAC),-0.18,0130H0,엔에이치스팩33호 *,테마 편입 사유,1999.0,상승  1,0.05,1999.0,2000.0,36678.0,73.0,44030.0,,,0.053159,-0.45217408,"6,936.99",338.12,5.12,2026-05-05 14:19:40
284,기업인수목적회사(SPAC),-0.18,474660,신한제12호스팩 *,테마 편입 사유,2055.0,보합0,0.0,2055.0,2060.0,351.0,1.0,7755.0,,,0.053159,-0.45217408,"6,936.99",338.12,5.12,2026-05-05 14:19:40
284,기업인수목적회사(SPAC),-0.18,469880,하나30호스팩 *,테마 편입 사유,2085.0,보합0,0.0,2085.0,2090.0,7494.0,16.0,14713.0,,,0.053159,-0.45217408,"6,936.99",338.12,5.12,2026-05-05 14:19:40
284,기업인수목적회사(SPAC),-0.18,472220,신영스팩10호 *,테마 편입 사유,2140.0,보합0,0.0,2135.0,2140.0,2868.0,6.0,393.0,,,0.053159,-0.45217408,"6,936.99",338.12,5.12,2026-05-05 14:19:40
284,기업인수목적회사(SPAC),-0.18,472230,에스케이증권제11호스팩 *,테마 편입 사유,2060.0,보합0,0.0,2065.0,2070.0,943.0,2.0,1552.0,,,0.053159,-0.45217408,"6,936.99",338.12,5.12,2026-05-05 14:19:40
284,기업인수목적회사(SPAC),-0.18,498390,한화플러스제5호스팩 *,테마 편입 사유,2040.0,보합0,0.0,2035.0,2040.0,14717.0,30.0,37378.0,,,0.053159,-0.45217408,"6,936.99",338.12,5.12,2026-05-05 14:19:40
284,기업인수목적회사(SPAC),-0.18,493790,유안타제17호스팩 *,테마 편입 사유,2010.0,보합0,0.0,2010.0,2015.0,1400.0,3.0,115.0,,,0.053159,-0.45217408,"6,936.99",338.12,5.12,2026-05-05 14:19:40
284,기업인수목적회사(SPAC),-0.18,473050,유안타제15호스팩 *,테마 편입 사유,2065.0,보합0,0.0,2065.0,2070.0,969.0,2.0,18452.0,,,0.053159,-0.45217408,"6,936.99",338.12,5.12,2026-05-05 14:19:40
284,기업인수목적회사(SPAC),-0.18,479880,한국제15호스팩 *,테마 편입 사유,2050.0,보합0,0.0,2045.0,2050.0,693.0,1.0,105.0,,,0.053159,-0.45217408,"6,936.99",338.12,5.12,2026-05-05 14:19:40
284,기업인수목적회사(SPAC),-0.18,489210,교보17호스팩 *,테마 편입 사유,2100.0,보합0,0.0,2090.0,2095.0,12.0,0.0,10640.0,,,0.053159,-0.45217408,"6,936.99",338.12,5.12,2026-05-05 14:19:40
284,기업인수목적회사(SPAC),-0.18,482680,미래에셋비전스팩7호 *,테마 편입 사유,2030.0,보합0,0.0,2035.0,2040.0,23926.0,49.0,18371.0,,,0.053159,-0.45217408,"6,936.99",338.12,5.12,2026-05-05 14:19:40
284,기업인수목적회사(SPAC),-0.18,487830,신한제15호스팩 *,테마 편입 사유,2045.0,보합0,0.0,2045.0,2055.0,544.0,1.0,18274.0,,,0.053159,-0.45217408,"6,936.99",338.12,5.12,2026-05-05 14:19:40
284,기업인수목적회사(SPAC),-0.18,481890,엔에이치스팩31호 *,테마 편입 사유,2100.0,보합0,0.0,2095.0,2100.0,7529.0,16.0,40.0,,,0.053159,-0.45217408,"6,936.99",338.12,5.12,2026-05-05 14:19:40
284,기업인수목적회사(SPAC),-0.18,478110,이베스트스팩6호 *,테마 편입 사유,2030.0,보합0,0.0,2030.0,2035.0,522.0,1.0,3872.0,,,0.053159,-0.45217408,"6,936.99",338.12,5.12,2026-05-05 14:19:40
284,기업인수목적회사(SPAC),-0.18,486630,KB제30호스팩 *,테마 편입 사유,2055.0,보합0,0.0,2050.0,2055.0,38.0,0.0,18211.0,,,0.053159,-0.45217408,"6,936.99",338.12,5.12,2026-05-05 14:19:40
284,기업인수목적회사(SPAC),-0.18,477340,에이치엠씨제7호스팩 *,테마 편입 사유,2030.0,보합0,0.0,2030.0,2035.0,14371.0,29.0,4485.0,,,0.053159,-0.45217408,"6,936.99",338.12,5.12,2026-05-05 14:19:40
284,기업인수목적회사(SPAC),-0.18,477380,미래에셋비전스팩4호 *,테마 편입 사유,2060.0,보합0,0.0,2055.0,2060.0,4026.0,8.0,8961.0,,,0.053159,-0.45217408,"6,936.99",338.12,5.12,2026-05-05 14:19:40
284,기업인수목적회사(SPAC),-0.18,477760,DB금융스팩12호 *,테마 편입 사유,2230.0,보합0,0.0,0.0,0.0,0.0,0.0,0.0,,,0.053159,-0.45217408,"6,936.99",338.12,5.12,2026-05-05 14:19:40
284,기업인수목적회사(SPAC),-0.18,0096B0,삼성스팩12호 *,테마 편입 사유,2005.0,보합0,0.0,2000.0,2005.0,28331.0,57.0,29801.0,,,0.053159,-0.45217408,"6,936.99",338.12,5.12,2026-05-05 14:19:40
284,기업인수목적회사(SPAC),-0.18,0041J0,엘에스스팩1호 *,테마 편입 사유,2000.0,보합0,0.0,2000.0,2010.0,805.0,2.0,29941.0,,,0.053159,-0.45217408,"6,936.99",338.12,5.12,2026-05-05 14:19:40
284,기업인수목적회사(SPAC),-0.18,0041L0,하나35호스팩 *,테마 편입 사유,2010.0,보합0,0.0,2005.0,2010.0,2662.0,5.0,2500.0,,,0.053159,-0.45217408,"6,936.99",338.12,5.12,2026-05-05 14:19:40
284,기업인수목적회사(SPAC),-0.18,466910,엔에이치스팩30호 *,테마 편입 사유,5640.0,보합0,0.0,0.0,0.0,0.0,0.0,0.0,,,0.053159,-0.45217408,"6,936.99",338.12,5.12,2026-05-05 14:19:40
284,기업인수목적회사(SPAC),-0.18,465320,교보15호스팩 *,테마 편입 사유,2335.0,보합0,0.0,0.0,0.0,0.0,0.0,0.0,,,0.053159,-0.45217408,"6,936.99",338.12,5.12,2026-05-05 14:19:40
284,기업인수목적회사(SPAC),-0.18,464680,KB제27호스팩 *,테마 편입 사유,2090.0,보합0,0.0,2090.0,2095.0,86070.0,180.0,94489.0,,,0.053159,-0.45217408,"6,936.99",338.12,5.12,2026-05-05 14:19:40
284,기업인수목적회사(SPAC),-0.18,464440,한국제13호스팩 *,테마 편입 사유,2085.0,보합0,0.0,2085.0,2090.0,92888.0,194.0,64951.0,,,0.053159,-0.45217408,"6,936.99",338.12,5.12,2026-05-05 14:19:40
284,기업인수목적회사(SPAC),-0.18,452980,신한제11호스팩 *,테마 편입 사유,2110.0,보합0,0.0,2110.0,2115.0,147740.0,312.0,146496.0,,,0.053159,-0.45217408,"6,936.99",338.12,5.12,2026-05-05 14:19:40
284,기업인수목적회사(SPAC),-0.18,0097F0,미래에셋비전스팩10호 *,테마 편입 사유,1998.0,보합0,0.0,1998.0,2000.0,1330.0,3.0,7072.0,,,0.053159,-0.45217408,"6,936.99",338.12,5.12,2026-05-05 14:19:40
284,기업인수목적회사(SPAC),-0.18,0105P0,유진스팩12호 *,테마 편입 사유,2005.0,보합0,0.0,2000.0,2005.0,3503.0,7.0,3202.0,,,0.053159,-0.45217408,"6,936.99",338.12,5.12,2026-05-05 14:19:40
284,기업인수목적회사(SPAC),-0.18,0115H0,삼성스팩13호 *,테마 편입 사유,2015.0,보합0,0.0,2010.0,2015.0,46678.0,94.0,43737.0,,,0.053159,-0.45217408,"6,936.99",338.12,5.12,2026-05-05 14:19:40
284,기업인수목적회사(SPAC),-0.18,0068Y0,비엔케이제3호스팩 *,테마 편입 사유,2000.0,보합0,0.0,2000.0,2010.0,4588.0,9.0,11947.0,,,0.053159,-0.45217408,"6,936.99",338.12,5.12,2026-05-05 14:19:40
284,기업인수목적회사(SPAC),-0.18,0131D0,키움히어로제2호스팩 *,테마 편입 사유,1999.0,하락  1,-0.05,1998.0,1999.0,457356.0,914.0,581532.0,,,0.053159,-0.45217408,"6,936.99",338.12,5.12,2026-05-05 14:19:40
284,기업인수목적회사(SPAC),-0.18,0093G0,미래에셋비전스팩8호 *,테마 편입 사유,1997.0,하락  1,-0.05,1997.0,1999.0,10969.0,22.0,3873.0,,,0.053159,-0.45217408,"6,936.99",338.12,5.12,2026-05-05 14:19:40
284,기업인수목적회사(SPAC),-0.18,0096D0,미래에셋비전스팩9호 *,테마 편입 사유,1999.0,하락  1,-0.05,1999.0,2000.0,14052.0,28.0,881.0,,,0.053159,-0.45217408,"6,936.99",338.12,5.12,2026-05-05 14:19:40
284,기업인수목적회사(SPAC),-0.18,0132G0,교보20호스팩 *,테마 편입 사유,1996.0,하락  4,-0.2,1996.0,1999.0,55522.0,111.0,152650.0,,,0.053159,-0.45217408,"6,936.99",338.12,5.12,2026-05-05 14:19:40
284,기업인수목적회사(SPAC),-0.18,477470,미래에셋비전스팩5호 *,테마 편입 사유,2110.0,하락  5,-0.24,2105.0,2110.0,6608.0,14.0,21556.0,,,0.053159,-0.45217408,"6,936.99",338.12,5.12,2026-05-05 14:19:40
284,기업인수목적회사(SPAC),-0.18,478390,KB제29호스팩 *,테마 편입 사유,2065.0,하락  5,-0.24,2060.0,2065.0,2427.0,5.0,9520.0,,,0.053159,-0.45217408,"6,936.99",338.12,5.12,2026-05-05 14:19:40
284,기업인수목적회사(SPAC),-0.18,471050,대신밸런스제17호스팩 *,테마 편입 사유,2115.0,하락  5,-0.24,2110.0,2115.0,10088.0,21.0,8406.0,,,0.053159,-0.45217408,"6,936.99",338.12,5.12,2026-05-05 14:19:40
284,기업인수목적회사(SPAC),-0.18,482520,교보16호스팩 *,테마 편입 사유,2045.0,하락  5,-0.24,2040.0,2045.0,8969.0,18.0,2074.0,,,0.053159,-0.45217408,"6,936.99",338.12,5.12,2026-05-05 14:19:40
284,기업인수목적회사(SPAC),-0.18,0054V0,엔에이치스팩32호 *,테마 편입 사유,2040.0,하락  5,-0.24,2040.0,2045.0,4733.0,10.0,2391.0,,,0.053159,-0.45217408,"6,936.99",338.12,5.12,2026-05-05 14:19:40
284,기업인수목적회사(SPAC),-0.18,0099W0,미래에셋비전스팩11호 *,테마 편입 사유,2000.0,하락  5,-0.25,2000.0,2005.0,13950.0,28.0,5856.0,,,0.053159,-0.45217408,"6,936.99",338.12,5.12,2026-05-05 14:19:40
284,기업인수목적회사(SPAC),-0.18,0071M0,삼성스팩11호 *,테마 편입 사유,2010.0,하락  5,-0.25,2005.0,2010.0,4087.0,8.0,8668.0,,,0.053159,-0.45217408,"6,936.99",338.12,5.12,2026-05-05 14:19:40
284,기업인수목적회사(SPAC),-0.18,0044K0,삼성스팩10호 *,테마 편입 사유,2035.0,하락  5,-0.25,2020.0,2035.0,4066.0,8.0,14562.0,,,0.053159,-0.45217408,"6,936.99",338.12,5.12,2026-05-05 14:19:40
284,기업인수목적회사(SPAC),-0.18,0037T0,KB제32호스팩 *,테마 편입 사유,2005.0,하락  5,-0.25,2000.0,2005.0,2489.0,5.0,585.0,,,0.053159,-0.45217408,"6,936.99",338.12,5.12,2026-05-05 14:19:40
284,기업인수목적회사(SPAC),-0.18,0004Y0,디비금융제14호스팩 *,테마 편입 사유,2025.0,하락  5,-0.25,2025.0,2030.0,24761.0,50.0,2029.0,,,0.053159,-0.45217408,"6,936.99",338.12,5.12,2026-05-05 14:19:40
284,기업인수목적회사(SPAC),-0.18,474930,신한제13호스팩 *,테마 편입 사유,2115.0,하락  10,-0.47,2115.0,2120.0,1327.0,3.0,5905.0,,,0.053159,-0.45217408,"6,936.99",338.12,5.12,2026-05-05 14:19:40
284,기업인수목적회사(SPAC),-0.18,488060,유진스팩11호 *,테마 편입 사유,2070.0,하락  10,-0.48,2055.0,2070.0,1000.0,2.0,7862.0,,,0.053159,-0.45217408,"6,936.99",338.12,5.12,2026-05-05 14:19:40
284,기업인수목적회사(SPAC),-0.18,484130,하나34호스팩 *,테마 편입 사유,2035.0,하락  10,-0.49,2035.0,2045.0,979.0,2.0,427.0,,,0.053159,-0.45217408,"6,936.99",338.12,5.12,2026-05-05 14:19:40
284,기업인수목적회사(SPAC),-0.18,0098T0,교보19호스팩 *,테마 편입 사유,2035.0,하락  10,-0.49,2030.0,2035.0,4417.0,9.0,6906.0,,,0.053159,-0.45217408,"6,936.99",338.12,5.12,2026-05-05 14:19:40
284,기업인수목적회사(SPAC),-0.18,489480,키움제11호스팩 *,테마 편입 사유,2025.0,하락  10,-0.49,2025.0,2035.0,542.0,1.0,11598.0,,,0.053159,-0.45217408,"6,936.99",338.12,5.12,2026-05-05 14:19:40
284,기업인수목적회사(SPAC),-0.18,473950,에스케이증권제13호스팩 *,테마 편입 사유,2030.0,하락  10,-0.49,2030.0,2035.0,5720.0,12.0,6414.0,,,0.053159,-0.45217408,"6,936.99",338.12,5.12,2026-05-05 14:19:40
284,기업인수목적회사(SPAC),-0.18,469480,IBKS제24호스팩 *,테마 편입 사유,2140.0,하락  15,-0.7,2135.0,2140.0,6119.0,13.0,6882.0,,,0.053159,-0.45217408,"6,936.99",338.12,5.12,2026-05-05 14:19:40
284,기업인수목적회사(SPAC),-0.18,473000,에스케이증권제12호스팩 *,테마 편입 사유,2065.0,하락  20,-0.96,2060.0,2065.0,2176.0,4.0,25004.0,,,0.053159,-0.45217408,"6,936.99",338.12,5.12,2026-05-05 14:19:40
284,기업인수목적회사(SPAC),-0.18,0041B0,교보18호스팩 *,테마 편입 사유,2025.0,하락  20,-0.98,2020.0,2025.0,19334.0,39.0,8627.0,,,0.053159,-0.45217408,"6,936.99",338.12,5.12,2026-05-05 14:19:40
284,기업인수목적회사(SPAC),-0.18,0129K0,신한제18호스팩 *,테마 편입 사유,1995.0,하락  360,-15.29,1995.0,1998.0,10110.0,21.0,130479859.0,,,0.053159,-0.45217408,"6,936.99",338.12,5.12,2026-05-05 14:19:40
90,수산,0.45,030720,동원수산,테마 편입 사유,7620.0,상승  620,8.86,7620.0,7640.0,167843.0,1269.0,40452.0,,,0.173335,-0.4374751999999999,"6,936.99",338.12,5.12,2026-05-05 14:19:40
90,수산,0.45,025870,신라에스지 *,테마 편입 사유,4450.0,상승  10,0.23,4450.0,4465.0,3811.0,17.0,2772.0,,,0.173335,-0.4374751999999999,"6,936.99",338.12,5.12,2026-05-05 14:19:40
90,수산,0.45,006040,동원산업,테마 편입 사유,38550.0,보합0,0.0,38550.0,38600.0,89164.0,3456.0,61807.0,,,0.173335,-0.4374751999999999,"6,936.99",338.12,5.12,2026-05-05 14:19:40
90,수산,0.45,006090,사조오양,테마 편입 사유,8420.0,하락  10,-0.12,8420.0,8450.0,8102.0,68.0,1960.0,,,0.173335,-0.4374751999999999,"6,936.99",338.12,5.12,2026-05-05 14:19:40
90,수산,0.45,007160,사조산업,테마 편입 사유,52900.0,하락  200,-0.38,52900.0,53000.0,5231.0,278.0,3165.0,,,0.173335,-0.4374751999999999,"6,936.99",338.12,5.12,2026-05-05 14:19:40
90,수산,0.45,011150,CJ씨푸드,테마 편입 사유,2700.0,하락  15,-0.55,2700.0,2705.0,186598.0,507.0,138898.0,,,0.173335,-0.4374751999999999,"6,936.99",338.12,5.12,2026-05-05 14:19:40
90,수산,0.45,003680,한성기업,테마 편입 사유,5130.0,하락  30,-0.58,5120.0,5130.0,31238.0,159.0,18807.0,,,0.173335,-0.4374751999999999,"6,936.99",338.12,5.12,2026-05-05 14:19:40
90,수산,0.45,014710,사조씨푸드,테마 편입 사유,8070.0,하락  50,-0.62,8050.0,8070.0,40044.0,321.0,19755.0,,,0.173335,-0.4374751999999999,"6,936.99",338.12,5.12,2026-05-05 14:19:40
90,수산,0.45,004970,신라교역,테마 편입 사유,9600.0,하락  80,-0.83,9600.0,9610.0,26748.0,257.0,37058.0,,,0.173335,-0.4374751999999999,"6,936.99",338.12,5.12,2026-05-05 14:19:40
90,수산,0.45,003960,사조대림,테마 편입 사유,32250.0,하락  500,-1.53,32250.0,32300.0,26335.0,852.0,7738.0,,,0.173335,-0.4374751999999999,"6,936.99",338.12,5.12,2026-05-05 14:19:40
388,아이폰,2.77,251370,와이엠티 *,테마 편입 사유,20650.0,"상승  2,740",15.3,20650.0,20700.0,1367493.0,27400.0,1382705.0,,,0.624797,-0.4289606400000001,"6,936.99",338.12,5.12,2026-05-05 14:19:40
388,아이폰,2.77,000660,SK하이닉스,테마 편입 사유,1447000.0,"상승  161,000",12.52,1447000.0,1448000.0,5652112.0,7920679.0,3342342.0,,,0.624797,-0.4289606400000001,"6,936.99",338.12,5.12,2026-05-05 14:19:40
388,아이폰,2.77,009150,삼성전기,테마 편입 사유,918000.0,"상승  86,000",10.34,917000.0,918000.0,866674.0,776482.0,906217.0,,,0.624797,-0.4289606400000001,"6,936.99",338.12,5.12,2026-05-05 14:19:40
388,아이폰,2.77,051910,LG화학,테마 편입 사유,429000.0,"상승  32,000",8.06,429000.0,429500.0,609933.0,259149.0,283039.0,,,0.624797,-0.4289606400000001,"6,936.99",338.12,5.12,2026-05-05 14:19:40
388,아이폰,2.77,272290,이녹스첨단소재 *,테마 편입 사유,36300.0,"상승  2,000",5.83,36300.0,36350.0,458518.0,16463.0,187764.0,,,0.624797,-0.4289606400000001,"6,936.99",338.12,5.12,2026-05-05 14:19:40
388,아이폰,2.77,005930,삼성전자,테마 편입 사유,232500.0,"상승  12,000",5.44,232000.0,232500.0,31909907.0,7302350.0,22161975.0,,,0.624797,-0.4289606400000001,"6,936.99",338.12,5.12,2026-05-05 14:19:40
388,아이폰,2.77,213420,덕산네오룩스 *,테마 편입 사유,53000.0,"상승  2,500",4.95,52900.0,53000.0,129966.0,6852.0,189251.0,,,0.624797,-0.4289606400000001,"6,936.99",338.12,5.12,2026-05-05 14:19:40
388,아이폰,2.77,011070,LG이노텍,테마 편입 사유,595000.0,"상승  22,000",3.84,594000.0,595000.0,251351.0,148283.0,286326.0,,,0.624797,-0.4289606400000001,"6,936.99",338.12,5.12,2026-05-05 14:19:40
388,아이폰,2.77,000670,영풍,테마 편입 사유,67500.0,"상승  1,600",2.43,67300.0,67500.0,39381.0,2665.0,30461.0,,,0.624797,-0.4289606400000001,"6,936.99",338.12,5.12,2026-05-05 14:19:40
388,아이폰,2.77,006400,삼성SDI,테마 편입 사유,705000.0,"상승  10,000",1.44,705000.0,706000.0,663957.0,466135.0,853824.0,,,0.624797,-0.4289606400000001,"6,936.99",338.12,5.12,2026-05-05 14:19:40
388,아이폰,2.77,084850,아이티엠반도체 *,테마 편입 사유,17140.0,상승  160,0.94,17140.0,17150.0,58979.0,1017.0,79735.0,,,0.624797,-0.4289606400000001,"6,936.99",338.12,5.12,2026-05-05 14:19:40
388,아이폰,2.77,108320,LX세미콘,테마 편입 사유,63100.0,상승  500,0.8,63100.0,63200.0,190546.0,11761.0,143221.0,,,0.624797,-0.4289606400000001,"6,936.99",338.12,5.12,2026-05-05 14:19:40
388,아이폰,2.77,192440,슈피겐코리아 *,테마 편입 사유,26900.0,상승  150,0.56,26800.0,26900.0,8902.0,238.0,2582.0,,,0.624797,-0.4289606400000001,"6,936.99",338.12,5.12,2026-05-05 14:19:40
388,아이폰,2.77,034220,LG디스플레이,테마 편입 사유,12310.0,상승  50,0.41,12300.0,12310.0,4285497.0,52886.0,4896004.0,,,0.624797,-0.4289606400000001,"6,936.99",338.12,5.12,2026-05-05 14:19:40
388,아이폰,2.77,053610,프로텍 *,테마 편입 사유,82300.0,상승  100,0.12,82300.0,82500.0,83671.0,6847.0,85324.0,,,0.624797,-0.4289606400000001,"6,936.99",338.12,5.12,2026-05-05 14:19:40
388,아이폰,2.77,126700,하이비젼시스템 *,테마 편입 사유,18360.0,하락  30,-0.16,18350.0,18360.0,180228.0,3367.0,124087.0,,,0.624797,-0.4289606400000001,"6,936.99",338.12,5.12,2026-05-05 14:19:40
388,아이폰,2.77,051370,인터플렉스 *,테마 편입 사유,13260.0,하락  180,-1.34,13260.0,13270.0,271027.0,3595.0,211755.0,,,0.624797,-0.4289606400000001,"6,936.99",338.12,5.12,2026-05-05 14:19:40
388,아이폰,2.77,263600,덕우전자 *,테마 편입 사유,6250.0,하락  210,-3.25,6250.0,6260.0,257058.0,1655.0,73769.0,,,0.624797,-0.4289606400000001,"6,936.99",338.12,5.12,2026-05-05 14:19:40
388,아이폰,2.77,238090,앤디포스 *,테마 편입 사유,3130.0,하락  180,-5.44,3125.0,3130.0,138543.0,440.0,95779.0,,,0.624797,-0.4289606400000001,"6,936.99",338.12,5.12,2026-05-05 14:19:40
388,아이폰,2.77,090460,비에이치,테마 편입 사유,31950.0,"하락  2,550",-7.39,31900.0,31950.0,1582556.0,51318.0,608613.0,,,0.624797,-0.4289606400000001,"6,936.99",338.12,5.12,2026-05-05 14:19:40
362,자율주행차,2.35,432720,퀄리타스반도체 *,테마 편입 사유,29500.0,"상승  4,450",17.76,29500.0,29550.0,7001910.0,206825.0,9314458.0,,,0.542481,-0.4275027200000001,"6,936.99",338.12,5.12,2026-05-05 14:19:40
362,자율주행차,2.35,077500,유니퀘스트,테마 편입 사유,8500.0,"상승  1,170",15.96,8500.0,8510.0,7512344.0,66290.0,190738.0,,,0.542481,-0.4275027200000001,"6,936.99",338.12,5.12,2026-05-05 14:19:40
362,자율주행차,2.35,025440,DH오토웨어 *,테마 편입 사유,919.0,상승  105,12.9,912.0,919.0,1088985.0,969.0,281901.0,,,0.542481,-0.4275027200000001,"6,936.99",338.12,5.12,2026-05-05 14:19:40
362,자율주행차,2.35,000660,SK하이닉스,테마 편입 사유,1447000.0,"상승  161,000",12.52,1447000.0,1448000.0,5652112.0,7920679.0,3342342.0,,,0.542481,-0.4275027200000001,"6,936.99",338.12,5.12,2026-05-05 14:19:40
362,자율주행차,2.35,009150,삼성전기,테마 편입 사유,918000.0,"상승  86,000",10.34,917000.0,918000.0,866674.0,776482.0,906217.0,,,0.542481,-0.4275027200000001,"6,936.99",338.12,5.12,2026-05-05 14:19:40
362,자율주행차,2.35,088800,에이스테크 *,테마 편입 사유,4995.0,상승  315,6.73,4990.0,4995.0,1193510.0,5913.0,931709.0,,,0.542481,-0.4275027200000001,"6,936.99",338.12,5.12,2026-05-05 14:19:40
362,자율주행차,2.35,005930,삼성전자,테마 편입 사유,232500.0,"상승  12,000",5.44,232000.0,232500.0,31909907.0,7302350.0,22161975.0,,,0.542481,-0.4275027200000001,"6,936.99",338.12,5.12,2026-05-05 14:19:40
362,자율주행차,2.35,388790,라이콤 *,테마 편입 사유,5470.0,상승  260,4.99,5470.0,5480.0,920424.0,5119.0,864214.0,,,0.542481,-0.4275027200000001,"6,936.99",338.12,5.12,2026-05-05 14:19:40
362,자율주행차,2.35,094360,칩스앤미디어 *,테마 편입 사유,19040.0,상승  780,4.27,19030.0,19040.0,299813.0,5662.0,178841.0,,,0.542481,-0.4275027200000001,"6,936.99",338.12,5.12,2026-05-05 14:19:40
362,자율주행차,2.35,038880,아이에이 *,테마 편입 사유,1018.0,상승  41,4.2,1018.0,1024.0,620253.0,617.0,953390.0,,,0.542481,-0.4275027200000001,"6,936.99",338.12,5.12,2026-05-05 14:19:40
362,자율주행차,2.35,464080,에스오에스랩 *,테마 편입 사유,16850.0,상승  640,3.95,16850.0,16860.0,309226.0,5194.0,385290.0,,,0.542481,-0.4275027200000001,"6,936.99",338.12,5.12,2026-05-05 14:19:40
362,자율주행차,2.35,298830,슈어소프트테크 *,테마 편입 사유,7790.0,상승  290,3.87,7780.0,7790.0,1170718.0,9172.0,624441.0,,,0.542481,-0.4275027200000001,"6,936.99",338.12,5.12,2026-05-05 14:19:40
362,자율주행차,2.35,011070,LG이노텍,테마 편입 사유,595000.0,"상승  22,000",3.84,594000.0,595000.0,251351.0,148283.0,286326.0,,,0.542481,-0.4275027200000001,"6,936.99",338.12,5.12,2026-05-05 14:19:40
362,자율주행차,2.35,087260,모바일어플라이언스 *,테마 편입 사유,2340.0,상승  85,3.77,2340.0,2345.0,833928.0,1952.0,724093.0,,,0.542481,-0.4275027200000001,"6,936.99",338.12,5.12,2026-05-05 14:19:40
362,자율주행차,2.35,424960,스마트레이더시스템 *,테마 편입 사유,7040.0,상승  230,3.38,7010.0,7040.0,95963.0,671.0,75350.0,,,0.542481,-0.4275027200000001,"6,936.99",338.12,5.12,2026-05-05 14:19:40
362,자율주행차,2.35,271830,팸텍 *,테마 편입 사유,1621.0,상승  51,3.25,1618.0,1621.0,217573.0,354.0,100836.0,,,0.542481,-0.4275027200000001,"6,936.99",338.12,5.12,2026-05-05 14:19:40
362,자율주행차,2.35,142210,유니트론텍 *,테마 편입 사유,5840.0,상승  150,2.64,5840.0,5850.0,282796.0,1653.0,198963.0,,,0.542481,-0.4275027200000001,"6,936.99",338.12,5.12,2026-05-05 14:19:40
362,자율주행차,2.35,370090,퓨런티어 *,테마 편입 사유,14320.0,상승  350,2.51,14320.0,14340.0,108277.0,1556.0,54109.0,,,0.542481,-0.4275027200000001,"6,936.99",338.12,5.12,2026-05-05 14:19:40
362,자율주행차,2.35,071670,에이테크솔루션 *,테마 편입 사유,9070.0,상승  220,2.49,9050.0,9070.0,106140.0,980.0,50011.0,,,0.542481,-0.4275027200000001,"6,936.99",338.12,5.12,2026-05-05 14:19:40
362,자율주행차,2.35,123410,코리아에프티 *,테마 편입 사유,7150.0,상승  170,2.44,7150.0,7170.0,162573.0,1161.0,181610.0,,,0.542481,-0.4275027200000001,"6,936.99",338.12,5.12,2026-05-05 14:19:40
362,자율주행차,2.35,003620,KG모빌리티,테마 편입 사유,4440.0,상승  105,2.42,4440.0,4445.0,2364312.0,10634.0,1055074.0,,,0.542481,-0.4275027200000001,"6,936.99",338.12,5.12,2026-05-05 14:19:40
362,자율주행차,2.35,017670,SK텔레콤,테마 편입 사유,97400.0,"상승  2,300",2.42,97300.0,97400.0,522944.0,50587.0,1154339.0,,,0.542481,-0.4275027200000001,"6,936.99",338.12,5.12,2026-05-05 14:19:40
362,자율주행차,2.35,097520,엠씨넥스,테마 편입 사유,23550.0,상승  550,2.39,23500.0,23550.0,44866.0,1055.0,56828.0,,,0.542481,-0.4275027200000001,"6,936.99",338.12,5.12,2026-05-05 14:19:40
362,자율주행차,2.35,118990,모트렉스 *,테마 편입 사유,9200.0,상승  170,1.88,9150.0,9200.0,356390.0,3292.0,154416.0,,,0.542481,-0.4275027200000001,"6,936.99",338.12,5.12,2026-05-05 14:19:40
362,자율주행차,2.35,317120,라닉스 *,테마 편입 사유,2520.0,상승  45,1.82,2520.0,2525.0,388200.0,984.0,370133.0,,,0.542481,-0.4275027200000001,"6,936.99",338.12,5.12,2026-05-05 14:19:40
362,자율주행차,2.35,089010,켐트로닉스 *,테마 편입 사유,38050.0,상승  650,1.74,38050.0,38100.0,724836.0,27282.0,522402.0,,,0.542481,-0.4275027200000001,"6,936.99",338.12,5.12,2026-05-05 14:19:40
362,자율주행차,2.35,214430,아이쓰리시스템 *,테마 편입 사유,105800.0,"상승  1,800",1.73,105700.0,105800.0,53844.0,5613.0,50928.0,,,0.542481,-0.4275027200000001,"6,936.99",338.12,5.12,2026-05-05 14:19:40
362,자율주행차,2.35,066570,LG전자,테마 편입 사유,143200.0,"상승  2,300",1.63,143100.0,143200.0,1517270.0,216486.0,4601367.0,,,0.542481,-0.4275027200000001,"6,936.99",338.12,5.12,2026-05-05 14:19:40
362,자율주행차,2.35,204320,HL만도,테마 편입 사유,58000.0,상승  900,1.58,57900.0,58000.0,366564.0,21163.0,563165.0,,,0.542481,-0.4275027200000001,"6,936.99",338.12,5.12,2026-05-05 14:19:40
362,자율주행차,2.35,012330,현대모비스,테마 편입 사유,431500.0,"상승  6,500",1.53,431000.0,431500.0,211193.0,91062.0,317288.0,,,0.542481,-0.4275027200000001,"6,936.99",338.12,5.12,2026-05-05 14:19:40
362,자율주행차,2.35,005380,현대차,테마 편입 사유,539000.0,"상승  8,000",1.51,539000.0,540000.0,854165.0,461102.0,1150241.0,,,0.542481,-0.4275027200000001,"6,936.99",338.12,5.12,2026-05-05 14:19:40
362,자율주행차,2.35,000270,기아,테마 편입 사유,154000.0,"상승  2,200",1.45,153900.0,154000.0,779973.0,121046.0,1187225.0,,,0.542481,-0.4275027200000001,"6,936.99",338.12,5.12,2026-05-05 14:19:40
362,자율주행차,2.35,105550,엣지파운드리 *,테마 편입 사유,1312.0,상승  18,1.39,1310.0,1312.0,544398.0,714.0,559290.0,,,0.542481,-0.4275027200000001,"6,936.99",338.12,5.12,2026-05-05 14:19:40
362,자율주행차,2.35,050110,캠시스 *,테마 편입 사유,1919.0,상승  25,1.32,1918.0,1919.0,562778.0,1077.0,839665.0,,,0.542481,-0.4275027200000001,"6,936.99",338.12,5.12,2026-05-05 14:19:40
362,자율주행차,2.35,192650,드림텍,테마 편입 사유,6790.0,상승  80,1.19,6780.0,6790.0,292109.0,1980.0,243865.0,,,0.542481,-0.4275027200000001,"6,936.99",338.12,5.12,2026-05-05 14:19:40
362,자율주행차,2.35,056080,유진로봇 *,테마 편입 사유,26900.0,상승  250,0.94,26850.0,26900.0,613938.0,16774.0,879925.0,,,0.542481,-0.4275027200000001,"6,936.99",338.12,5.12,2026-05-05 14:19:40
362,자율주행차,2.35,054450,텔레칩스 *,테마 편입 사유,14440.0,상승  130,0.91,14440.0,14450.0,170665.0,2486.0,229914.0,,,0.542481,-0.4275027200000001,"6,936.99",338.12,5.12,2026-05-05 14:19:40
362,자율주행차,2.35,038950,파인디지털 *,테마 편입 사유,3485.0,상승  30,0.87,3480.0,3485.0,7476.0,26.0,6364.0,,,0.542481,-0.4275027200000001,"6,936.99",338.12,5.12,2026-05-05 14:19:40
362,자율주행차,2.35,013570,디와이,테마 편입 사유,5280.0,상승  10,0.19,5260.0,5280.0,163177.0,860.0,176457.0,,,0.542481,-0.4275027200000001,"6,936.99",338.12,5.12,2026-05-05 14:19:40
362,자율주행차,2.35,084730,팅크웨어 *,테마 편입 사유,8730.0,상승  10,0.11,8710.0,8730.0,40397.0,348.0,34586.0,,,0.542481,-0.4275027200000001,"6,936.99",338.12,5.12,2026-05-05 14:19:40
362,자율주행차,2.35,086960,MDS테크 *,테마 편입 사유,1115.0,보합0,0.0,0.0,0.0,0.0,0.0,0.0,,,0.542481,-0.4275027200000001,"6,936.99",338.12,5.12,2026-05-05 14:19:40
362,자율주행차,2.35,437730,삼현 *,테마 편입 사유,53500.0,보합0,0.0,53400.0,53500.0,180664.0,9684.0,273694.0,,,0.542481,-0.4275027200000001,"6,936.99",338.12,5.12,2026-05-05 14:19:40
362,자율주행차,2.35,053450,세코닉스 *,테마 편입 사유,5620.0,보합0,0.0,5620.0,5660.0,247664.0,1400.0,1044516.0,,,0.542481,-0.4275027200000001,"6,936.99",338.12,5.12,2026-05-05 14:19:40
362,자율주행차,2.35,092600,앤씨앤 *,테마 편입 사유,987.0,보합0,0.0,0.0,0.0,0.0,0.0,0.0,,,0.542481,-0.4275027200000001,"6,936.99",338.12,5.12,2026-05-05 14:19:40
362,자율주행차,2.35,064800,포니링크 *,테마 편입 사유,799.0,보합0,0.0,0.0,0.0,0.0,0.0,0.0,,,0.542481,-0.4275027200000001,"6,936.99",338.12,5.12,2026-05-05 14:19:40
362,자율주행차,2.35,126700,하이비젼시스템 *,테마 편입 사유,18360.0,하락  30,-0.16,18350.0,18360.0,180228.0,3367.0,124087.0,,,0.542481,-0.4275027200000001,"6,936.99",338.12,5.12,2026-05-05 14:19:40
362,자율주행차,2.35,125490,한라캐스트 *,테마 편입 사유,17090.0,하락  40,-0.23,17090.0,17100.0,1114318.0,19352.0,1556303.0,,,0.542481,-0.4275027200000001,"6,936.99",338.12,5.12,2026-05-05 14:19:40
362,자율주행차,2.35,352910,오비고 *,테마 편입 사유,5500.0,하락  20,-0.36,5500.0,5510.0,22692.0,125.0,31301.0,,,0.542481,-0.4275027200000001,"6,936.99",338.12,5.12,2026-05-05 14:19:40
362,자율주행차,2.35,030200,KT,테마 편입 사유,60600.0,하락  300,-0.49,60500.0,60600.0,264542.0,16006.0,386946.0,,,0.542481,-0.4275027200000001,"6,936.99",338.12,5.12,2026-05-05 14:19:40
362,자율주행차,2.35,035420,NAVER,테마 편입 사유,209000.0,"하락  2,000",-0.95,208500.0,209000.0,875803.0,183333.0,1387029.0,,,0.542481,-0.4275027200000001,"6,936.99",338.12,5.12,2026-05-05 14:19:40
362,자율주행차,2.35,307950,현대오토에버,테마 편입 사유,446000.0,"하락  4,500",-1.0,445500.0,446000.0,95770.0,42909.0,119826.0,,,0.542481,-0.4275027200000001,"6,936.99",338.12,5.12,2026-05-05 14:19:40
362,자율주행차,2.35,039290,인포뱅크 *,테마 편입 사유,4775.0,하락  75,-1.55,4765.0,4775.0,19169.0,92.0,17870.0,,,0.542481,-0.4275027200000001,"6,936.99",338.12,5.12,2026-05-05 14:19:40
362,자율주행차,2.35,396270,넥스트칩 *,테마 편입 사유,5080.0,하락  80,-1.55,5070.0,5080.0,586111.0,3015.0,546965.0,,,0.542481,-0.4275027200000001,"6,936.99",338.12,5.12,2026-05-05 14:19:40
362,자율주행차,2.35,208860,다산디엠씨 *,테마 편입 사유,1301.0,하락  31,-2.33,1301.0,1303.0,63422.0,83.0,47295.0,,,0.542481,-0.4275027200000001,"6,936.99",338.12,5.12,2026-05-05 14:19:40
362,자율주행차,2.35,082210,옵트론텍 *,테마 편입 사유,1810.0,하락  50,-2.69,1810.0,1811.0,255560.0,472.0,108824.0,,,0.542481,-0.4275027200000001,"6,936.99",338.12,5.12,2026-05-05 14:19:40
362,자율주행차,2.35,053700,삼보모터스 *,테마 편입 사유,5850.0,하락  170,-2.82,5850.0,5860.0,412887.0,2447.0,313491.0,,,0.542481,-0.4275027200000001,"6,936.99",338.12,5.12,2026-05-05 14:19:40
362,자율주행차,2.35,331740,아우토크립트 *,테마 편입 사유,14810.0,하락  430,-2.82,14810.0,14830.0,132749.0,1982.0,133835.0,,,0.542481,-0.4275027200000001,"6,936.99",338.12,5.12,2026-05-05 14:19:40
362,자율주행차,2.35,025540,한국단자,테마 편입 사유,88600.0,"하락  2,800",-3.06,88500.0,88600.0,37196.0,3311.0,52008.0,,,0.542481,-0.4275027200000001,"6,936.99",338.12,5.12,2026-05-05 14:19:40
387,블록체인,1.73,124500,아이티센글로벌 *,테마 편입 사유,61900.0,"상승  7,800",14.42,61900.0,62000.0,458790.0,27835.0,217757.0,,,0.417908,-0.40968896,"6,936.99",338.12,5.12,2026-05-05 14:19:40
387,블록체인,1.73,034730,SK,테마 편입 사유,475500.0,"상승  50,500",11.88,475000.0,475500.0,325374.0,149558.0,231138.0,,,0.417908,-0.40968896,"6,936.99",338.12,5.12,2026-05-05 14:19:40
387,블록체인,1.73,203650,드림시큐리티 *,테마 편입 사유,2890.0,상승  150,5.47,2885.0,2890.0,12979442.0,37925.0,9438875.0,,,0.417908,-0.40968896,"6,936.99",338.12,5.12,2026-05-05 14:19:40
387,블록체인,1.73,042510,라온시큐어 *,테마 편입 사유,13120.0,상승  560,4.46,13120.0,13130.0,946193.0,12546.0,433439.0,,,0.417908,-0.40968896,"6,936.99",338.12,5.12,2026-05-05 14:19:40
387,블록체인,1.73,003550,LG,테마 편입 사유,102300.0,"상승  3,200",3.23,102200.0,102300.0,316922.0,32295.0,363782.0,,,0.417908,-0.40968896,"6,936.99",338.12,5.12,2026-05-05 14:19:40
387,블록체인,1.73,017670,SK텔레콤,테마 편입 사유,97400.0,"상승  2,300",2.42,97300.0,97400.0,522944.0,50587.0,1154339.0,,,0.417908,-0.40968896,"6,936.99",338.12,5.12,2026-05-05 14:19:40
387,블록체인,1.73,192250,케이사인 *,테마 편입 사유,13130.0,상승  280,2.18,13050.0,13130.0,110184.0,1451.0,115842.0,,,0.417908,-0.40968896,"6,936.99",338.12,5.12,2026-05-05 14:19:40
387,블록체인,1.73,131090,시큐브 *,테마 편입 사유,4285.0,상승  85,2.02,4270.0,4285.0,85392.0,363.0,29293.0,,,0.417908,-0.40968896,"6,936.99",338.12,5.12,2026-05-05 14:19:40
387,블록체인,1.73,054920,한컴위드 *,테마 편입 사유,6980.0,상승  120,1.75,6970.0,6980.0,1266378.0,8973.0,1573135.0,,,0.417908,-0.40968896,"6,936.99",338.12,5.12,2026-05-05 14:19:40
387,블록체인,1.73,039420,케이엘넷 *,테마 편입 사유,3070.0,상승  30,0.99,3070.0,3090.0,49411.0,153.0,59829.0,,,0.417908,-0.40968896,"6,936.99",338.12,5.12,2026-05-05 14:19:40
387,블록체인,1.73,041460,한국전자인증 *,테마 편입 사유,4195.0,상승  20,0.48,4195.0,4200.0,82857.0,348.0,113465.0,,,0.417908,-0.40968896,"6,936.99",338.12,5.12,2026-05-05 14:19:40
387,블록체인,1.73,018260,삼성에스디에스,테마 편입 사유,166900.0,상승  700,0.42,166900.0,167000.0,179036.0,29974.0,259977.0,,,0.417908,-0.40968896,"6,936.99",338.12,5.12,2026-05-05 14:19:40
387,블록체인,1.73,027830,대성창투 *,테마 편입 사유,1580.0,상승  6,0.38,1577.0,1580.0,140503.0,223.0,291770.0,,,0.417908,-0.40968896,"6,936.99",338.12,5.12,2026-05-05 14:19:40
387,블록체인,1.73,184230,SGA솔루션즈 *,테마 편입 사유,754.0,보합0,0.0,0.0,0.0,0.0,0.0,5566857.0,,,0.417908,-0.40968896,"6,936.99",338.12,5.12,2026-05-05 14:19:40
387,블록체인,1.73,035720,카카오,테마 편입 사유,47100.0,하락  200,-0.42,47050.0,47100.0,1520475.0,71746.0,1484406.0,,,0.417908,-0.40968896,"6,936.99",338.12,5.12,2026-05-05 14:19:40
387,블록체인,1.73,030200,KT,테마 편입 사유,60600.0,하락  300,-0.49,60500.0,60600.0,264542.0,16006.0,386946.0,,,0.417908,-0.40968896,"6,936.99",338.12,5.12,2026-05-05 14:19:40
387,블록체인,1.73,053350,이니텍 *,테마 편입 사유,2990.0,하락  25,-0.83,2980.0,2990.0,104488.0,313.0,70324.0,,,0.417908,-0.40968896,"6,936.99",338.12,5.12,2026-05-05 14:19:40
387,블록체인,1.73,286940,롯데이노베이트,테마 편입 사유,22900.0,하락  200,-0.87,22900.0,22950.0,102089.0,2347.0,33220.0,,,0.417908,-0.40968896,"6,936.99",338.12,5.12,2026-05-05 14:19:40
387,블록체인,1.73,035420,NAVER,테마 편입 사유,209000.0,"하락  2,000",-0.95,208500.0,209000.0,875803.0,183333.0,1387029.0,,,0.417908,-0.40968896,"6,936.99",338.12,5.12,2026-05-05 14:19:40
387,블록체인,1.73,150900,파수에이아이 *,테마 편입 사유,5600.0,하락  60,-1.06,5590.0,5600.0,423520.0,2410.0,702500.0,,,0.417908,-0.40968896,"6,936.99",338.12,5.12,2026-05-05 14:19:40
387,블록체인,1.73,042420,네오위즈홀딩스 *,테마 편입 사유,21500.0,하락  300,-1.38,21400.0,21500.0,17092.0,369.0,16726.0,,,0.417908,-0.40968896,"6,936.99",338.12,5.12,2026-05-05 14:19:40
387,블록체인,1.73,000700,유수홀딩스,테마 편입 사유,6120.0,하락  130,-2.08,6120.0,6130.0,55732.0,344.0,44598.0,,,0.417908,-0.40968896,"6,936.99",338.12,5.12,2026-05-05 14:19:40
387,블록체인,1.73,112040,위메이드 *,테마 편입 사유,24400.0,하락  550,-2.2,24400.0,24450.0,140313.0,3426.0,418233.0,,,0.417908,-0.40968896,"6,936.99",338.12,5.12,2026-05-05 14:19:40
404,폴더블폰,2.45,178920,PI첨단소재,테마 편입 사유,30500.0,"상승  4,750",18.45,30450.0,30500.0,1324425.0,40205.0,326562.0,,,0.551849,-0.37546687999999984,"6,936.99",338.12,5.12,2026-05-05 14:19:40
404,폴더블폰,2.45,009150,삼성전기,테마 편입 사유,918000.0,"상승  86,000",10.34,917000.0,918000.0,866674.0,776482.0,906217.0,,,0.551849,-0.37546687999999984,"6,936.99",338.12,5.12,2026-05-05 14:19:40
404,폴더블폰,2.45,051910,LG화학,테마 편입 사유,429000.0,"상승  32,000",8.06,429000.0,429500.0,609933.0,259149.0,283039.0,,,0.551849,-0.37546687999999984,"6,936.99",338.12,5.12,2026-05-05 14:19:40
404,폴더블폰,2.45,272290,이녹스첨단소재 *,테마 편입 사유,36300.0,"상승  2,000",5.83,36300.0,36350.0,458518.0,16463.0,187764.0,,,0.551849,-0.37546687999999984,"6,936.99",338.12,5.12,2026-05-05 14:19:40
404,폴더블폰,2.45,055490,테이팩스,테마 편입 사유,21100.0,"상승  1,100",5.5,20950.0,21100.0,75626.0,1589.0,54189.0,,,0.551849,-0.37546687999999984,"6,936.99",338.12,5.12,2026-05-05 14:19:40
404,폴더블폰,2.45,005930,삼성전자,테마 편입 사유,232500.0,"상승  12,000",5.44,232000.0,232500.0,31909907.0,7302350.0,22161975.0,,,0.551849,-0.37546687999999984,"6,936.99",338.12,5.12,2026-05-05 14:19:40
404,폴더블폰,2.45,441270,파인엠텍 *,테마 편입 사유,10940.0,상승  560,5.39,10910.0,10940.0,485859.0,5347.0,345236.0,,,0.551849,-0.37546687999999984,"6,936.99",338.12,5.12,2026-05-05 14:19:40
404,폴더블폰,2.45,011790,SKC,테마 편입 사유,124000.0,"상승  6,000",5.08,124000.0,124100.0,702550.0,86741.0,338644.0,,,0.551849,-0.37546687999999984,"6,936.99",338.12,5.12,2026-05-05 14:19:40
404,폴더블폰,2.45,290550,디케이티 *,테마 편입 사유,26550.0,"상승  1,100",4.32,26550.0,26600.0,677298.0,18158.0,391912.0,,,0.551849,-0.37546687999999984,"6,936.99",338.12,5.12,2026-05-05 14:19:40
404,폴더블폰,2.45,285490,노바텍 *,테마 편입 사유,24000.0,상승  600,2.56,24000.0,24100.0,135846.0,3308.0,140916.0,,,0.551849,-0.37546687999999984,"6,936.99",338.12,5.12,2026-05-05 14:19:40
404,폴더블폰,2.45,089010,켐트로닉스 *,테마 편입 사유,38050.0,상승  650,1.74,38050.0,38100.0,724836.0,27282.0,522402.0,,,0.551849,-0.37546687999999984,"6,936.99",338.12,5.12,2026-05-05 14:19:40
404,폴더블폰,2.45,148150,세경하이테크 *,테마 편입 사유,4820.0,상승  30,0.63,4815.0,4820.0,124110.0,604.0,117698.0,,,0.551849,-0.37546687999999984,"6,936.99",338.12,5.12,2026-05-05 14:19:40
404,폴더블폰,2.45,034220,LG디스플레이,테마 편입 사유,12310.0,상승  50,0.41,12300.0,12310.0,4285497.0,52886.0,4896004.0,,,0.551849,-0.37546687999999984,"6,936.99",338.12,5.12,2026-05-05 14:19:40
404,폴더블폰,2.45,060720,KH바텍 *,테마 편입 사유,14080.0,상승  50,0.36,14080.0,14100.0,305498.0,4349.0,338476.0,,,0.551849,-0.37546687999999984,"6,936.99",338.12,5.12,2026-05-05 14:19:40
404,폴더블폰,2.45,096630,에스코넥 *,테마 편입 사유,813.0,보합0,0.0,0.0,0.0,0.0,0.0,0.0,,,0.551849,-0.37546687999999984,"6,936.99",338.12,5.12,2026-05-05 14:19:40
404,폴더블폰,2.45,131760,파인텍 *,테마 편입 사유,1036.0,보합0,0.0,0.0,0.0,0.0,0.0,0.0,,,0.551849,-0.37546687999999984,"6,936.99",338.12,5.12,2026-05-05 14:19:40
404,폴더블폰,2.45,027580,상보 *,테마 편입 사유,598.0,보합0,0.0,0.0,0.0,0.0,0.0,0.0,,,0.551849,-0.37546687999999984,"6,936.99",338.12,5.12,2026-05-05 14:19:40
404,폴더블폰,2.45,179900,유티아이 *,테마 편입 사유,20400.0,하락  50,-0.24,20400.0,20500.0,66220.0,1363.0,103186.0,,,0.551849,-0.37546687999999984,"6,936.99",338.12,5.12,2026-05-05 14:19:40
404,폴더블폰,2.45,014190,원익큐브 *,테마 편입 사유,1764.0,하락  5,-0.28,1763.0,1764.0,244217.0,436.0,204007.0,,,0.551849,-0.37546687999999984,"6,936.99",338.12,5.12,2026-05-05 14:19:40
404,폴더블폰,2.45,120110,코오롱인더,테마 편입 사유,93800.0,하락  300,-0.32,93800.0,93900.0,423002.0,39275.0,501759.0,,,0.551849,-0.37546687999999984,"6,936.99",338.12,5.12,2026-05-05 14:19:40
404,폴더블폰,2.45,484120,도우인시스 *,테마 편입 사유,23100.0,하락  100,-0.43,23050.0,23100.0,22386.0,519.0,68862.0,,,0.551849,-0.37546687999999984,"6,936.99",338.12,5.12,2026-05-05 14:19:40
404,폴더블폰,2.45,051370,인터플렉스 *,테마 편입 사유,13260.0,하락  180,-1.34,13260.0,13270.0,271027.0,3595.0,211755.0,,,0.551849,-0.37546687999999984,"6,936.99",338.12,5.12,2026-05-05 14:19:40
404,폴더블폰,2.45,094170,동운아나텍 *,테마 편입 사유,48650.0,"하락  2,750",-5.35,48650.0,48800.0,297128.0,15213.0,412866.0,,,0.551849,-0.37546687999999984,"6,936.99",338.12,5.12,2026-05-05 14:19:40
404,폴더블폰,2.45,090460,비에이치,테마 편입 사유,31950.0,"하락  2,550",-7.39,31900.0,31950.0,1582556.0,51318.0,608613.0,,,0.551849,-0.37546687999999984,"6,936.99",338.12,5.12,2026-05-05 14:19:40
232,미디어(방송/신문),0.33,127710,아시아경제 *,테마 편입 사유,1484.0,상승  86,6.15,1475.0,1484.0,356557.0,525.0,176361.0,,,0.135226,-0.36235712000000003,"6,936.99",338.12,5.12,2026-05-05 14:19:40
232,미디어(방송/신문),0.33,058400,KNN *,테마 편입 사유,719.0,상승  6,0.84,719.0,722.0,390819.0,283.0,225093.0,,,0.135226,-0.36235712000000003,"6,936.99",338.12,5.12,2026-05-05 14:19:40
232,미디어(방송/신문),0.33,034120,SBS,테마 편입 사유,16020.0,상승  120,0.75,15990.0,16020.0,19572.0,312.0,19552.0,,,0.135226,-0.36235712000000003,"6,936.99",338.12,5.12,2026-05-05 14:19:40
232,미디어(방송/신문),0.33,040300,YTN *,테마 편입 사유,3485.0,상승  15,0.43,3485.0,3490.0,190252.0,666.0,169814.0,,,0.135226,-0.36235712000000003,"6,936.99",338.12,5.12,2026-05-05 14:19:40
232,미디어(방송/신문),0.33,039340,한국경제TV *,테마 편입 사유,4955.0,상승  10,0.2,4950.0,4955.0,3967.0,20.0,7996.0,,,0.135226,-0.36235712000000003,"6,936.99",338.12,5.12,2026-05-05 14:19:40
232,미디어(방송/신문),0.33,035760,CJ ENM *,테마 편입 사유,54200.0,상승  100,0.18,54200.0,54300.0,34394.0,1874.0,71361.0,,,0.135226,-0.36235712000000003,"6,936.99",338.12,5.12,2026-05-05 14:19:40
232,미디어(방송/신문),0.33,033830,티비씨 *,테마 편입 사유,598.0,하락  1,-0.17,597.0,598.0,93433.0,56.0,70677.0,,,0.135226,-0.36235712000000003,"6,936.99",338.12,5.12,2026-05-05 14:19:40
232,미디어(방송/신문),0.33,310200,애니플러스 *,테마 편입 사유,2825.0,하락  15,-0.53,2800.0,2825.0,176527.0,497.0,171550.0,,,0.135226,-0.36235712000000003,"6,936.99",338.12,5.12,2026-05-05 14:19:40
232,미디어(방송/신문),0.33,053210,스카이라이프,테마 편입 사유,4890.0,하락  35,-0.71,4885.0,4890.0,62493.0,306.0,21442.0,,,0.135226,-0.36235712000000003,"6,936.99",338.12,5.12,2026-05-05 14:19:40
232,미디어(방송/신문),0.33,052220,iMBC *,테마 편입 사유,3110.0,하락  25,-0.8,3105.0,3110.0,109190.0,343.0,85814.0,,,0.135226,-0.36235712000000003,"6,936.99",338.12,5.12,2026-05-05 14:19:40
232,미디어(방송/신문),0.33,036420,콘텐트리중앙,테마 편입 사유,5990.0,하락  60,-0.99,5990.0,6000.0,87453.0,526.0,45947.0,,,0.135226,-0.36235712000000003,"6,936.99",338.12,5.12,2026-05-05 14:19:40
232,미디어(방송/신문),0.33,033130,디지틀조선 *,테마 편입 사유,2720.0,하락  40,-1.45,2720.0,2725.0,112192.0,306.0,392258.0,,,0.135226,-0.36235712000000003,"6,936.99",338.12,5.12,2026-05-05 14:19:40
164,손해보험,1.34,000400,롯데손해보험,테마 편입 사유,2195.0,상승  80,3.78,2185.0,2195.0,2934693.0,6610.0,454886.0,,,0.330746,-0.3534195199999999,"6,936.99",338.12,5.12,2026-05-05 14:19:40
164,손해보험,1.34,000370,한화손해보험,테마 편입 사유,6850.0,상승  230,3.47,6850.0,6860.0,622416.0,4239.0,351269.0,,,0.330746,-0.3534195199999999,"6,936.99",338.12,5.12,2026-05-05 14:19:40
164,손해보험,1.34,001450,현대해상,테마 편입 사유,31250.0,상승  850,2.8,31250.0,31300.0,489410.0,15168.0,549817.0,,,0.330746,-0.3534195199999999,"6,936.99",338.12,5.12,2026-05-05 14:19:40
164,손해보험,1.34,000810,삼성화재,테마 편입 사유,473500.0,"상승  12,500",2.71,473500.0,474000.0,116921.0,54911.0,166163.0,,,0.330746,-0.3534195199999999,"6,936.99",338.12,5.12,2026-05-05 14:19:40
164,손해보험,1.34,000540,흥국화재,테마 편입 사유,4470.0,상승  55,1.25,4470.0,4475.0,174229.0,784.0,103506.0,,,0.330746,-0.3534195199999999,"6,936.99",338.12,5.12,2026-05-05 14:19:40
164,손해보험,1.34,005830,DB손해보험,테마 편입 사유,166800.0,하락  800,-0.48,166700.0,166800.0,159445.0,26450.0,144958.0,,,0.330746,-0.3534195199999999,"6,936.99",338.12,5.12,2026-05-05 14:19:40
164,손해보험,1.34,031210,서울보증보험,테마 편입 사유,47150.0,하락  650,-1.36,47150.0,47200.0,64051.0,3040.0,70122.0,,,0.330746,-0.3534195199999999,"6,936.99",338.12,5.12,2026-05-05 14:19:40
164,손해보험,1.34,003690,코리안리,테마 편입 사유,12170.0,하락  180,-1.46,12170.0,12210.0,423895.0,5153.0,305941.0,,,0.330746,-0.3534195199999999,"6,936.99",338.12,5.12,2026-05-05 14:19:40
537,초전도체,2.56,052710,아모텍 *,테마 편입 사유,24400.0,"상승  2,100",9.42,24400.0,24450.0,697742.0,16814.0,444687.0,,,0.567394,-0.3450572799999998,"6,936.99",338.12,5.12,2026-05-05 14:19:40
537,초전도체,2.56,042370,비츠로테크 *,테마 편입 사유,18280.0,"상승  1,330",7.85,18270.0,18280.0,2668480.0,50407.0,704473.0,,,0.567394,-0.3450572799999998,"6,936.99",338.12,5.12,2026-05-05 14:19:40
537,초전도체,2.56,217820,원익피앤이 *,테마 편입 사유,4225.0,상승  250,6.29,4220.0,4225.0,1226272.0,5168.0,529218.0,,,0.567394,-0.3450572799999998,"6,936.99",338.12,5.12,2026-05-05 14:19:40
537,초전도체,2.56,010120,LS ELECTRIC,테마 편입 사유,294000.0,"상승  16,000",5.76,293500.0,294000.0,1490046.0,432240.0,1165228.0,,,0.567394,-0.3450572799999998,"6,936.99",338.12,5.12,2026-05-05 14:19:40
537,초전도체,2.56,065130,탑엔지니어링 *,테마 편입 사유,3465.0,상승  165,5.0,3460.0,3465.0,96717.0,329.0,46661.0,,,0.567394,-0.3450572799999998,"6,936.99",338.12,5.12,2026-05-05 14:19:40
537,초전도체,2.56,250060,모비스 *,테마 편입 사유,4820.0,상승  205,4.44,4815.0,4820.0,796996.0,3843.0,533158.0,,,0.567394,-0.3450572799999998,"6,936.99",338.12,5.12,2026-05-05 14:19:40
537,초전도체,2.56,294630,서남 *,테마 편입 사유,4670.0,상승  120,2.64,4665.0,4670.0,1012686.0,4783.0,575887.0,,,0.567394,-0.3450572799999998,"6,936.99",338.12,5.12,2026-05-05 14:19:40
537,초전도체,2.56,047310,파워로직스 *,테마 편입 사유,5300.0,상승  120,2.32,5300.0,5310.0,365507.0,1951.0,211247.0,,,0.567394,-0.3450572799999998,"6,936.99",338.12,5.12,2026-05-05 14:19:40
537,초전도체,2.56,023800,인지컨트롤스,테마 편입 사유,8390.0,상승  140,1.7,8380.0,8390.0,132955.0,1106.0,121289.0,,,0.567394,-0.3450572799999998,"6,936.99",338.12,5.12,2026-05-05 14:19:40
537,초전도체,2.56,045100,한양이엔지 *,테마 편입 사유,32500.0,상승  350,1.09,32500.0,32550.0,129667.0,4253.0,128118.0,,,0.567394,-0.3450572799999998,"6,936.99",338.12,5.12,2026-05-05 14:19:40
537,초전도체,2.56,065350,신성델타테크 *,테마 편입 사유,58000.0,보합0,0.0,57900.0,58000.0,95639.0,5584.0,108690.0,,,0.567394,-0.3450572799999998,"6,936.99",338.12,5.12,2026-05-05 14:19:40
537,초전도체,2.56,002240,고려제강,테마 편입 사유,25400.0,하락  300,-1.17,25350.0,25400.0,39724.0,1013.0,34544.0,,,0.567394,-0.3450572799999998,"6,936.99",338.12,5.12,2026-05-05 14:19:40
537,초전도체,2.56,037330,인지디스플레 *,테마 편입 사유,1496.0,하락  29,-1.9,1496.0,1504.0,129027.0,194.0,65926.0,,,0.567394,-0.3450572799999998,"6,936.99",338.12,5.12,2026-05-05 14:19:40
537,초전도체,2.56,012170,아센디오,테마 편입 사유,1314.0,하락  27,-2.01,1314.0,1316.0,26254.0,34.0,21348.0,,,0.567394,-0.3450572799999998,"6,936.99",338.12,5.12,2026-05-05 14:19:40
537,초전도체,2.56,004830,덕성,테마 편입 사유,4805.0,하락  150,-3.03,4805.0,4845.0,181824.0,890.0,104827.0,,,0.567394,-0.3450572799999998,"6,936.99",338.12,5.12,2026-05-05 14:19:40
60,육계,0.59,035810,이지홀딩스 *,테마 편입 사유,5720.0,상승  260,4.76,5710.0,5720.0,877613.0,4959.0,727448.0,,,0.179797,-0.33056064000000007,"6,936.99",338.12,5.12,2026-05-05 14:19:40
60,육계,0.59,027710,팜스토리 *,테마 편입 사유,1438.0,상승  59,4.28,1437.0,1438.0,2708270.0,3829.0,8513887.0,,,0.179797,-0.33056064000000007,"6,936.99",338.12,5.12,2026-05-05 14:19:40
60,육계,0.59,088910,동우팜투테이블 *,테마 편입 사유,2625.0,상승  85,3.35,2625.0,2635.0,158921.0,413.0,102511.0,,,0.179797,-0.33056064000000007,"6,936.99",338.12,5.12,2026-05-05 14:19:40
60,육계,0.59,136480,하림 *,테마 편입 사유,3325.0,상승  30,0.91,3325.0,3330.0,759561.0,2529.0,446940.0,,,0.179797,-0.33056064000000007,"6,936.99",338.12,5.12,2026-05-05 14:19:40
60,육계,0.59,027740,마니커,테마 편입 사유,821.0,보합0,0.0,0.0,0.0,0.0,0.0,0.0,,,0.179797,-0.33056064000000007,"6,936.99",338.12,5.12,2026-05-05 14:19:40
60,육계,0.59,339770,교촌에프앤비,테마 편입 사유,4445.0,하락  40,-0.89,4440.0,4445.0,116006.0,517.0,77654.0,,,0.179797,-0.33056064000000007,"6,936.99",338.12,5.12,2026-05-05 14:19:40
60,육계,0.59,195500,마니커에프앤지 *,테마 편입 사유,2835.0,하락  40,-1.39,2825.0,2835.0,42871.0,122.0,58818.0,,,0.179797,-0.33056064000000007,"6,936.99",338.12,5.12,2026-05-05 14:19:40
60,육계,0.59,066360,체리부로 *,테마 편입 사유,1248.0,하락  26,-2.04,1248.0,1251.0,240689.0,303.0,252668.0,,,0.179797,-0.33056064000000007,"6,936.99",338.12,5.12,2026-05-05 14:19:40
60,육계,0.59,290720,푸드나무 *,테마 편입 사유,3315.0,하락  125,-3.63,3315.0,3340.0,36959.0,125.0,27559.0,,,0.179797,-0.33056064000000007,"6,936.99",338.12,5.12,2026-05-05 14:19:40
287,PCB(FPCB 등),2.91,178920,PI첨단소재,테마 편입 사유,30500.0,"상승  4,750",18.45,30450.0,30500.0,1324425.0,40205.0,326562.0,,,0.632153,-0.3266233599999997,"6,936.99",338.12,5.12,2026-05-05 14:19:40
287,PCB(FPCB 등),2.91,020150,롯데에너지머티리얼즈,테마 편입 사유,78500.0,"상승  11,800",17.69,78400.0,78500.0,1230570.0,96588.0,462540.0,,,0.632153,-0.3266233599999997,"6,936.99",338.12,5.12,2026-05-05 14:19:40
287,PCB(FPCB 등),2.91,251370,와이엠티 *,테마 편입 사유,20650.0,"상승  2,740",15.3,20650.0,20700.0,1367493.0,27400.0,1382705.0,,,0.632153,-0.3266233599999997,"6,936.99",338.12,5.12,2026-05-05 14:19:40
287,PCB(FPCB 등),2.91,219130,타이거일렉 *,테마 편입 사유,52600.0,"상승  6,850",14.97,52600.0,52700.0,156770.0,8069.0,57683.0,,,0.632153,-0.3266233599999997,"6,936.99",338.12,5.12,2026-05-05 14:19:40
287,PCB(FPCB 등),2.91,009150,삼성전기,테마 편입 사유,918000.0,"상승  86,000",10.34,917000.0,918000.0,866674.0,776482.0,906217.0,,,0.632153,-0.3266233599999997,"6,936.99",338.12,5.12,2026-05-05 14:19:40
287,PCB(FPCB 등),2.91,209640,와이제이링크 *,테마 편입 사유,8670.0,상승  530,6.51,8670.0,8680.0,3284.0,28.0,2521104.0,,,0.632153,-0.3266233599999997,"6,936.99",338.12,5.12,2026-05-05 14:19:40
287,PCB(FPCB 등),2.91,272290,이녹스첨단소재 *,테마 편입 사유,36300.0,"상승  2,000",5.83,36300.0,36350.0,458518.0,16463.0,187764.0,,,0.632153,-0.3266233599999997,"6,936.99",338.12,5.12,2026-05-05 14:19:40
287,PCB(FPCB 등),2.91,092300,현우산업 *,테마 편입 사유,3905.0,상승  190,5.11,3905.0,3910.0,288644.0,1108.0,155378.0,,,0.632153,-0.3266233599999997,"6,936.99",338.12,5.12,2026-05-05 14:19:40
287,PCB(FPCB 등),2.91,085910,네오티스 *,테마 편입 사유,27100.0,"상승  1,300",5.04,27100.0,27150.0,188212.0,5065.0,118768.0,,,0.632153,-0.3266233599999997,"6,936.99",338.12,5.12,2026-05-05 14:19:40
287,PCB(FPCB 등),2.91,356860,티엘비 *,테마 편입 사유,91900.0,"상승  4,400",5.03,91900.0,92000.0,294225.0,27245.0,272688.0,,,0.632153,-0.3266233599999997,"6,936.99",338.12,5.12,2026-05-05 14:19:40
287,PCB(FPCB 등),2.91,036010,아비코전자 *,테마 편입 사유,12180.0,상승  550,4.73,12180.0,12210.0,467553.0,5779.0,385939.0,,,0.632153,-0.3266233599999997,"6,936.99",338.12,5.12,2026-05-05 14:19:40
287,PCB(FPCB 등),2.91,066900,디에이피 *,테마 편입 사유,1713.0,상승  69,4.2,1712.0,1713.0,37136.0,63.0,13946.0,,,0.632153,-0.3266233599999997,"6,936.99",338.12,5.12,2026-05-05 14:19:40
287,PCB(FPCB 등),2.91,089980,상아프론테크 *,테마 편입 사유,28050.0,상승  600,2.19,28000.0,28050.0,149870.0,4172.0,113157.0,,,0.632153,-0.3266233599999997,"6,936.99",338.12,5.12,2026-05-05 14:19:40
287,PCB(FPCB 등),2.91,045300,성우테크론 *,테마 편입 사유,3265.0,상승  70,2.19,3260.0,3265.0,49115.0,161.0,25213.0,,,0.632153,-0.3266233599999997,"6,936.99",338.12,5.12,2026-05-05 14:19:40
287,PCB(FPCB 등),2.91,161580,필옵틱스 *,테마 편입 사유,48650.0,상승  850,1.78,48650.0,48700.0,214033.0,10390.0,233503.0,,,0.632153,-0.3266233599999997,"6,936.99",338.12,5.12,2026-05-05 14:19:40
287,PCB(FPCB 등),2.91,131400,이브이첨단소재 *,테마 편입 사유,1890.0,상승  30,1.61,1890.0,1891.0,1296660.0,2472.0,1570425.0,,,0.632153,-0.3266233599999997,"6,936.99",338.12,5.12,2026-05-05 14:19:40
287,PCB(FPCB 등),2.91,025320,시노펙스 *,테마 편입 사유,6030.0,상승  90,1.52,6030.0,6040.0,555549.0,3361.0,617983.0,,,0.632153,-0.3266233599999997,"6,936.99",338.12,5.12,2026-05-05 14:19:40
287,PCB(FPCB 등),2.91,353200,대덕전자,테마 편입 사유,114400.0,"상승  1,600",1.42,114400.0,114500.0,660831.0,75883.0,906478.0,,,0.632153,-0.3266233599999997,"6,936.99",338.12,5.12,2026-05-05 14:19:40
287,PCB(FPCB 등),2.91,222800,심텍 *,테마 편입 사유,88200.0,"상승  1,200",1.38,87900.0,88200.0,531426.0,47052.0,552297.0,,,0.632153,-0.3266233599999997,"6,936.99",338.12,5.12,2026-05-05 14:19:40
287,PCB(FPCB 등),2.91,168360,펨트론 *,테마 편입 사유,25950.0,상승  150,0.58,25950.0,26000.0,171145.0,4418.0,327208.0,,,0.632153,-0.3266233599999997,"6,936.99",338.12,5.12,2026-05-05 14:19:40
287,PCB(FPCB 등),2.91,007660,이수페타시스,테마 편입 사유,149000.0,"하락  1,300",-0.86,148900.0,149000.0,1163791.0,174005.0,1464079.0,,,0.632153,-0.3266233599999997,"6,936.99",338.12,5.12,2026-05-05 14:19:40
287,PCB(FPCB 등),2.91,051370,인터플렉스 *,테마 편입 사유,13260.0,하락  180,-1.34,13260.0,13270.0,271027.0,3595.0,211755.0,,,0.632153,-0.3266233599999997,"6,936.99",338.12,5.12,2026-05-05 14:19:40
287,PCB(FPCB 등),2.91,007810,코리아써키트,테마 편입 사유,91400.0,"하락  1,300",-1.4,91400.0,91500.0,298259.0,27529.0,193793.0,,,0.632153,-0.3266233599999997,"6,936.99",338.12,5.12,2026-05-05 14:19:40
287,PCB(FPCB 등),2.91,015260,에이엔피,테마 편입 사유,744.0,하락  11,-1.46,740.0,744.0,637002.0,478.0,1097496.0,,,0.632153,-0.3266233599999997,"6,936.99",338.12,5.12,2026-05-05 14:19:40
287,PCB(FPCB 등),2.91,085670,뉴프렉스 *,테마 편입 사유,6500.0,하락  100,-1.52,6490.0,6500.0,337512.0,2208.0,302068.0,,,0.632153,-0.3266233599999997,"6,936.99",338.12,5.12,2026-05-05 14:19:40
287,PCB(FPCB 등),2.91,082850,우리바이오 *,테마 편입 사유,2185.0,하락  55,-2.46,2185.0,2200.0,587643.0,1296.0,556033.0,,,0.632153,-0.3266233599999997,"6,936.99",338.12,5.12,2026-05-05 14:19:40
287,PCB(FPCB 등),2.91,127980,화인써키트 *,테마 편입 사유,6760.0,하락  250,-3.57,6760.0,6770.0,337273.0,2312.0,3504100.0,,,0.632153,-0.3266233599999997,"6,936.99",338.12,5.12,2026-05-05 14:19:40
287,PCB(FPCB 등),2.91,323280,태성 *,테마 편입 사유,75600.0,"하락  3,900",-4.91,75600.0,75700.0,476266.0,36265.0,363025.0,,,0.632153,-0.3266233599999997,"6,936.99",338.12,5.12,2026-05-05 14:19:40
287,PCB(FPCB 등),2.91,254120,자비스 *,테마 편입 사유,1410.0,하락  73,-4.92,1410.0,1411.0,666162.0,947.0,466407.0,,,0.632153,-0.3266233599999997,"6,936.99",338.12,5.12,2026-05-05 14:19:40
287,PCB(FPCB 등),2.91,125210,아모그린텍 *,테마 편입 사유,14930.0,하락  930,-5.86,14930.0,14940.0,655616.0,10239.0,510893.0,,,0.632153,-0.3266233599999997,"6,936.99",338.12,5.12,2026-05-05 14:19:40
287,PCB(FPCB 등),2.91,090460,비에이치,테마 편입 사유,31950.0,"하락  2,550",-7.39,31900.0,31950.0,1582556.0,51318.0,608613.0,,,0.632153,-0.3266233599999997,"6,936.99",338.12,5.12,2026-05-05 14:19:40
155,반도체 대표주(생산),6.66,000660,SK하이닉스,테마 편입 사유,1447000.0,"상승  161,000",12.52,1447000.0,1448000.0,5652112.0,7920679.0,3342342.0,,,1.35572,-0.28128639999999994,"6,936.99",338.12,5.12,2026-05-05 14:19:40
155,반도체 대표주(생산),6.66,005930,삼성전자,테마 편입 사유,232500.0,"상승  12,000",5.44,232000.0,232500.0,31909907.0,7302350.0,22161975.0,,,1.35572,-0.28128639999999994,"6,936.99",338.12,5.12,2026-05-05 14:19:40
155,반도체 대표주(생산),6.66,000990,DB하이텍,테마 편입 사유,161700.0,"상승  3,200",2.02,161700.0,161800.0,566598.0,90771.0,580177.0,,,1.35572,-0.28128639999999994,"6,936.99",338.12,5.12,2026-05-05 14:19:40
197,폐기물처리,0.61,067900,와이엔텍 *,테마 편입 사유,7700.0,상승  210,2.8,7700.0,7710.0,207928.0,1600.0,55604.0,,,0.172243,-0.27188416000000004,"6,936.99",338.12,5.12,2026-05-05 14:19:40
197,폐기물처리,0.61,004150,한솔홀딩스,테마 편입 사유,3375.0,상승  25,0.75,3370.0,3375.0,324266.0,1103.0,72521.0,,,0.172243,-0.27188416000000004,"6,936.99",338.12,5.12,2026-05-05 14:19:40
197,폐기물처리,0.61,009410,태영건설,테마 편입 사유,1972.0,상승  12,0.61,1971.0,1972.0,599361.0,1184.0,787962.0,,,0.172243,-0.27188416000000004,"6,936.99",338.12,5.12,2026-05-05 14:19:40
197,폐기물처리,0.61,060150,인선이엔티 *,테마 편입 사유,4645.0,상승  5,0.11,4640.0,4645.0,201024.0,941.0,117283.0,,,0.172243,-0.27188416000000004,"6,936.99",338.12,5.12,2026-05-05 14:19:40
197,폐기물처리,0.61,011370,서한 *,테마 편입 사유,1073.0,하락  13,-1.2,1073.0,1077.0,388941.0,421.0,176501.0,,,0.172243,-0.27188416000000004,"6,936.99",338.12,5.12,2026-05-05 14:19:40
297,공작기계,0.34,009160,SIMPAC,테마 편입 사유,6440.0,상승  570,9.71,6420.0,6440.0,1168262.0,7377.0,287226.0,,,0.116663,-0.25731456,"6,936.99",338.12,5.12,2026-05-05 14:19:40
297,공작기계,0.34,025890,한국주강,테마 편입 사유,2205.0,상승  145,7.04,2205.0,2210.0,106088.0,229.0,58498.0,,,0.116663,-0.25731456,"6,936.99",338.12,5.12,2026-05-05 14:19:40
297,공작기계,0.34,019210,와이지-원 *,테마 편입 사유,15990.0,상승  190,1.2,15980.0,15990.0,6.0,0.0,625170.0,,,0.116663,-0.25731456,"6,936.99",338.12,5.12,2026-05-05 14:19:40
297,공작기계,0.34,089140,넥스턴앤롤코리아 *,테마 편입 사유,2225.0,상승  10,0.45,2220.0,2225.0,52681.0,116.0,37086.0,,,0.116663,-0.25731456,"6,936.99",338.12,5.12,2026-05-05 14:19:40
297,공작기계,0.34,000850,화천기공,테마 편입 사유,38850.0,상승  100,0.26,38850.0,38900.0,8587.0,331.0,5547.0,,,0.116663,-0.25731456,"6,936.99",338.12,5.12,2026-05-05 14:19:40
297,공작기계,0.34,004380,삼익THK,테마 편입 사유,11870.0,상승  20,0.17,11870.0,11890.0,228681.0,2734.0,151818.0,,,0.116663,-0.25731456,"6,936.99",338.12,5.12,2026-05-05 14:19:40
297,공작기계,0.34,101680,한국정밀기계 *,테마 편입 사유,2970.0,상승  5,0.17,2965.0,2970.0,68524.0,204.0,76194.0,,,0.116663,-0.25731456,"6,936.99",338.12,5.12,2026-05-05 14:19:40
297,공작기계,0.34,129920,대성하이텍 *,테마 편입 사유,10600.0,하락  40,-0.38,10600.0,10610.0,332842.0,3498.0,504777.0,,,0.116663,-0.25731456,"6,936.99",338.12,5.12,2026-05-05 14:19:40
297,공작기계,0.34,100660,서암기계공업 *,테마 편입 사유,4520.0,하락  25,-0.55,4515.0,4520.0,49226.0,224.0,56321.0,,,0.116663,-0.25731456,"6,936.99",338.12,5.12,2026-05-05 14:19:40
297,공작기계,0.34,003570,SNT다이내믹스,테마 편입 사유,59300.0,하락  500,-0.84,58800.0,59300.0,73741.0,4329.0,224852.0,,,0.116663,-0.25731456,"6,936.99",338.12,5.12,2026-05-05 14:19:40
297,공작기계,0.34,047400,유니온머티리얼,테마 편입 사유,1756.0,하락  22,-1.24,1756.0,1760.0,549457.0,976.0,643811.0,,,0.116663,-0.25731456,"6,936.99",338.12,5.12,2026-05-05 14:19:40
297,공작기계,0.34,195990,에이비프로바이오 *,테마 편입 사유,1234.0,하락  18,-1.44,1234.0,1235.0,208237.0,257.0,138879.0,,,0.116663,-0.25731456,"6,936.99",338.12,5.12,2026-05-05 14:19:40
297,공작기계,0.34,099440,스맥 *,테마 편입 사유,4305.0,하락  125,-2.82,4300.0,4305.0,1216189.0,5245.0,1068771.0,,,0.116663,-0.25731456,"6,936.99",338.12,5.12,2026-05-05 14:19:40
297,공작기계,0.34,010660,화천기계,테마 편입 사유,4725.0,하락  355,-6.99,4725.0,4730.0,1406020.0,6668.0,326291.0,,,0.116663,-0.25731456,"6,936.99",338.12,5.12,2026-05-05 14:19:40
19,황사/미세먼지,0.69,079190,케스피온 *,테마 편입 사유,858.0,상한가  198,30.0,858.0,0.0,1257817.0,1061.0,0.0,,,0.184669,-0.25550528000000006,"6,936.99",338.12,5.12,2026-05-05 14:19:40
19,황사/미세먼지,0.69,187790,나노 *,테마 편입 사유,6360.0,상승  260,4.26,6360.0,6370.0,894991.0,5764.0,645874.0,,,0.184669,-0.25550528000000006,"6,936.99",338.12,5.12,2026-05-05 14:19:40
19,황사/미세먼지,0.69,000520,삼일제약,테마 편입 사유,9180.0,상승  290,3.26,9160.0,9180.0,468560.0,4211.0,268033.0,,,0.184669,-0.25550528000000006,"6,936.99",338.12,5.12,2026-05-05 14:19:40
19,황사/미세먼지,0.69,383310,에코프로에이치엔 *,테마 편입 사유,32850.0,상승  950,2.98,32850.0,32900.0,255746.0,8459.0,264686.0,,,0.184669,-0.25550528000000006,"6,936.99",338.12,5.12,2026-05-05 14:19:40
19,황사/미세먼지,0.69,089980,상아프론테크 *,테마 편입 사유,28050.0,상승  600,2.19,28000.0,28050.0,149870.0,4172.0,113157.0,,,0.184669,-0.25550528000000006,"6,936.99",338.12,5.12,2026-05-05 14:19:40
19,황사/미세먼지,0.69,022100,포스코DX,테마 편입 사유,35350.0,상승  450,1.29,35350.0,35400.0,402349.0,14336.0,582825.0,,,0.184669,-0.25550528000000006,"6,936.99",338.12,5.12,2026-05-05 14:19:40
19,황사/미세먼지,0.69,012690,모나리자,테마 편입 사유,2395.0,상승  30,1.27,2395.0,2400.0,575980.0,1373.0,343461.0,,,0.184669,-0.25550528000000006,"6,936.99",338.12,5.12,2026-05-05 14:19:40
19,황사/미세먼지,0.69,003850,보령,테마 편입 사유,10010.0,상승  70,0.7,10010.0,10020.0,262395.0,2654.0,111423.0,,,0.184669,-0.25550528000000006,"6,936.99",338.12,5.12,2026-05-05 14:19:40
19,황사/미세먼지,0.69,021240,코웨이,테마 편입 사유,86700.0,상승  600,0.7,86700.0,86800.0,149229.0,12967.0,384403.0,,,0.184669,-0.25550528000000006,"6,936.99",338.12,5.12,2026-05-05 14:19:40
19,황사/미세먼지,0.69,002720,국제약품,테마 편입 사유,4710.0,보합0,0.0,4710.0,4720.0,187137.0,884.0,114939.0,,,0.184669,-0.25550528000000006,"6,936.99",338.12,5.12,2026-05-05 14:19:40
19,황사/미세먼지,0.69,080470,성창오토텍 *,테마 편입 사유,4290.0,하락  5,-0.12,4280.0,4290.0,29272.0,125.0,28295.0,,,0.184669,-0.25550528000000006,"6,936.99",338.12,5.12,2026-05-05 14:19:40
19,황사/미세먼지,0.69,069140,누리플랜 *,테마 편입 사유,2150.0,하락  15,-0.69,2140.0,2150.0,103932.0,224.0,51367.0,,,0.184669,-0.25550528000000006,"6,936.99",338.12,5.12,2026-05-05 14:19:40
19,황사/미세먼지,0.69,001540,안국약품 *,테마 편입 사유,8050.0,하락  70,-0.86,8050.0,8150.0,34927.0,284.0,31111.0,,,0.184669,-0.25550528000000006,"6,936.99",338.12,5.12,2026-05-05 14:19:40
19,황사/미세먼지,0.69,044340,위닉스 *,테마 편입 사유,5320.0,하락  60,-1.12,5320.0,5330.0,38904.0,209.0,25145.0,,,0.184669,-0.25550528000000006,"6,936.99",338.12,5.12,2026-05-05 14:19:40
19,황사/미세먼지,0.69,037070,파세코 *,테마 편입 사유,9660.0,하락  120,-1.23,9660.0,9670.0,107713.0,1053.0,61961.0,,,0.184669,-0.25550528000000006,"6,936.99",338.12,5.12,2026-05-05 14:19:40
19,황사/미세먼지,0.69,131030,옵투스제약 *,테마 편입 사유,8960.0,하락  130,-1.43,8960.0,8990.0,128908.0,1163.0,116365.0,,,0.184669,-0.25550528000000006,"6,936.99",338.12,5.12,2026-05-05 14:19:40
19,황사/미세먼지,0.69,071840,롯데하이마트,테마 편입 사유,7890.0,하락  120,-1.5,7890.0,7900.0,43747.0,346.0,21373.0,,,0.184669,-0.25550528000000006,"6,936.99",338.12,5.12,2026-05-05 14:19:40
19,황사/미세먼지,0.69,001060,JW중외제약,테마 편입 사유,30700.0,하락  500,-1.6,30650.0,30700.0,67936.0,2097.0,49129.0,,,0.184669,-0.25550528000000006,"6,936.99",338.12,5.12,2026-05-05 14:19:40
19,황사/미세먼지,0.69,045520,크린앤사이언스 *,테마 편입 사유,3300.0,하락  55,-1.64,3300.0,3335.0,27887.0,92.0,38846.0,,,0.184669,-0.25550528000000006,"6,936.99",338.12,5.12,2026-05-05 14:19:40
19,황사/미세먼지,0.69,065510,휴비츠 *,테마 편입 사유,7720.0,하락  150,-1.91,7720.0,7730.0,96988.0,752.0,83834.0,,,0.184669,-0.25550528000000006,"6,936.99",338.12,5.12,2026-05-05 14:19:40
19,황사/미세먼지,0.69,066130,하츠 *,테마 편입 사유,4370.0,하락  110,-2.46,4365.0,4370.0,65655.0,289.0,23803.0,,,0.184669,-0.25550528000000006,"6,936.99",338.12,5.12,2026-05-05 14:19:40
19,황사/미세먼지,0.69,083550,케이엠 *,테마 편입 사유,3420.0,하락  110,-3.12,3420.0,3450.0,48768.0,169.0,37061.0,,,0.184669,-0.25550528000000006,"6,936.99",338.12,5.12,2026-05-05 14:19:40
19,황사/미세먼지,0.69,352700,씨앤투스 *,테마 편입 사유,2065.0,하락  80,-3.73,2060.0,2065.0,31803.0,66.0,25900.0,,,0.184669,-0.25550528000000006,"6,936.99",338.12,5.12,2026-05-05 14:19:40
19,황사/미세먼지,0.69,068100,케이웨더 *,테마 편입 사유,2500.0,하락  100,-3.85,2495.0,2500.0,144242.0,363.0,93759.0,,,0.184669,-0.25550528000000006,"6,936.99",338.12,5.12,2026-05-05 14:19:40
19,황사/미세먼지,0.69,065950,웰크론 *,테마 편입 사유,1524.0,하락  67,-4.21,1523.0,1524.0,192343.0,298.0,59004.0,,,0.184669,-0.25550528000000006,"6,936.99",338.12,5.12,2026-05-05 14:19:40
187,핵융합에너지,3.47,042370,비츠로테크 *,테마 편입 사유,18280.0,"상승  1,330",7.85,18270.0,18280.0,2668480.0,50407.0,704473.0,,,0.717944,-0.20587328000000005,"6,936.99",338.12,5.12,2026-05-05 14:19:40
187,핵융합에너지,3.47,094820,일진파워 *,테마 편입 사유,23200.0,"상승  1,550",7.16,23150.0,23200.0,1539930.0,35813.0,510826.0,,,0.717944,-0.20587328000000005,"6,936.99",338.12,5.12,2026-05-05 14:19:40
187,핵융합에너지,3.47,250060,모비스 *,테마 편입 사유,4820.0,상승  205,4.44,4815.0,4820.0,796996.0,3843.0,533158.0,,,0.717944,-0.20587328000000005,"6,936.99",338.12,5.12,2026-05-05 14:19:40
187,핵융합에너지,3.47,488900,비츠로넥스텍 *,테마 편입 사유,19410.0,상승  740,3.96,19380.0,19410.0,98019.0,1889.0,139011.0,,,0.717944,-0.20587328000000005,"6,936.99",338.12,5.12,2026-05-05 14:19:40
187,핵융합에너지,3.47,056190,에스에프에이 *,테마 편입 사유,32550.0,"상승  1,150",3.66,32550.0,32600.0,136196.0,4436.0,193856.0,,,0.717944,-0.20587328000000005,"6,936.99",338.12,5.12,2026-05-05 14:19:40
187,핵융합에너지,3.47,001820,삼화콘덴서,테마 편입 사유,68400.0,"상승  1,200",1.79,68300.0,68400.0,189875.0,13069.0,268945.0,,,0.717944,-0.20587328000000005,"6,936.99",338.12,5.12,2026-05-05 14:19:40
187,핵융합에너지,3.47,034020,두산에너빌리티,테마 편입 사유,127200.0,상승  100,0.08,127200.0,127300.0,3214565.0,408045.0,3380571.0,,,0.717944,-0.20587328000000005,"6,936.99",338.12,5.12,2026-05-05 14:19:40
187,핵융합에너지,3.47,002240,고려제강,테마 편입 사유,25400.0,하락  300,-1.17,25350.0,25400.0,39724.0,1013.0,34544.0,,,0.717944,-0.20587328000000005,"6,936.99",338.12,5.12,2026-05-05 14:19:40
141,종합 물류,0.86,003100,선광 *,테마 편입 사유,27550.0,"상승  3,700",15.51,27550.0,27600.0,255439.0,6784.0,170869.0,,,0.204126,-0.18512512000000003,"6,936.99",338.12,5.12,2026-05-05 14:19:40
141,종합 물류,0.86,009180,한솔로지스틱스,테마 편입 사유,3350.0,상승  175,5.51,3350.0,3375.0,455010.0,1529.0,90919.0,,,0.204126,-0.18512512000000003,"6,936.99",338.12,5.12,2026-05-05 14:19:40
141,종합 물류,0.86,004360,세방,테마 편입 사유,16350.0,상승  420,2.64,16350.0,16380.0,61340.0,997.0,64632.0,,,0.204126,-0.18512512000000003,"6,936.99",338.12,5.12,2026-05-05 14:19:40
141,종합 물류,0.86,004140,동방,테마 편입 사유,2970.0,상승  55,1.89,2965.0,2970.0,3263142.0,9892.0,769176.0,,,0.204126,-0.18512512000000003,"6,936.99",338.12,5.12,2026-05-05 14:19:40
141,종합 물류,0.86,009070,KCTC,테마 편입 사유,6010.0,상승  80,1.35,6010.0,6020.0,415952.0,2520.0,246445.0,,,0.204126,-0.18512512000000003,"6,936.99",338.12,5.12,2026-05-05 14:19:40
141,종합 물류,0.86,024800,유성티엔에스 *,테마 편입 사유,4445.0,상승  10,0.23,4410.0,4445.0,357796.0,1577.0,99496.0,,,0.204126,-0.18512512000000003,"6,936.99",338.12,5.12,2026-05-05 14:19:40
141,종합 물류,0.86,000120,CJ대한통운,테마 편입 사유,101300.0,상승  200,0.2,101300.0,101400.0,52193.0,5303.0,50132.0,,,0.204126,-0.18512512000000003,"6,936.99",338.12,5.12,2026-05-05 14:19:40
141,종합 물류,0.86,032280,삼일 *,테마 편입 사유,1399.0,상승  1,0.07,1398.0,1399.0,34378.0,48.0,89408.0,,,0.204126,-0.18512512000000003,"6,936.99",338.12,5.12,2026-05-05 14:19:40
141,종합 물류,0.86,040610,SG&G *,테마 편입 사유,2175.0,보합0,0.0,0.0,0.0,0.0,0.0,0.0,,,0.204126,-0.18512512000000003,"6,936.99",338.12,5.12,2026-05-05 14:19:40
141,종합 물류,0.86,086280,현대글로비스,테마 편입 사유,225500.0,"하락  1,500",-0.66,225500.0,226000.0,210058.0,47615.0,238287.0,,,0.204126,-0.18512512000000003,"6,936.99",338.12,5.12,2026-05-05 14:19:40
141,종합 물류,0.86,014130,한익스프레스,테마 편입 사유,2760.0,하락  25,-0.9,2755.0,2760.0,19481.0,53.0,5894.0,,,0.204126,-0.18512512000000003,"6,936.99",338.12,5.12,2026-05-05 14:19:40
141,종합 물류,0.86,002320,한진,테마 편입 사유,19230.0,하락  190,-0.98,19230.0,19240.0,31173.0,600.0,25733.0,,,0.204126,-0.18512512000000003,"6,936.99",338.12,5.12,2026-05-05 14:19:40
141,종합 물류,0.86,033290,로젠 *,테마 편입 사유,1998.0,하락  22,-1.09,1998.0,2005.0,112797.0,227.0,44724.0,,,0.204126,-0.18512512000000003,"6,936.99",338.12,5.12,2026-05-05 14:19:40
141,종합 물류,0.86,124560,태웅로직스 *,테마 편입 사유,2580.0,하락  35,-1.34,2580.0,2590.0,243749.0,633.0,156194.0,,,0.204126,-0.18512512000000003,"6,936.99",338.12,5.12,2026-05-05 14:19:40
141,종합 물류,0.86,129260,인터지스,테마 편입 사유,2480.0,하락  45,-1.78,2480.0,2495.0,82566.0,207.0,64285.0,,,0.204126,-0.18512512000000003,"6,936.99",338.12,5.12,2026-05-05 14:19:40
141,종합 물류,0.86,465770,STX그린로지스,테마 편입 사유,4020.0,하락  300,-6.94,4015.0,4020.0,426868.0,1723.0,433182.0,,,0.204126,-0.18512512000000003,"6,936.99",338.12,5.12,2026-05-05 14:19:40
496,골프,1.15,025980,아난티 *,테마 편입 사유,7640.0,상승  580,8.22,7640.0,7650.0,2979786.0,22609.0,817161.0,,,0.257391,-0.1678419200000001,"6,936.99",338.12,5.12,2026-05-05 14:19:40
496,골프,1.15,300120,라온피플 *,테마 편입 사유,1100.0,상승  83,8.16,1092.0,1100.0,3793966.0,4292.0,613753.0,,,0.257391,-0.1678419200000001,"6,936.99",338.12,5.12,2026-05-05 14:19:40
496,골프,1.15,067900,와이엔텍 *,테마 편입 사유,7700.0,상승  210,2.8,7700.0,7710.0,207928.0,1600.0,55604.0,,,0.257391,-0.1678419200000001,"6,936.99",338.12,5.12,2026-05-05 14:19:40
496,골프,1.15,122450,KX *,테마 편입 사유,3235.0,상승  45,1.41,3235.0,3240.0,104531.0,336.0,49703.0,,,0.257391,-0.1678419200000001,"6,936.99",338.12,5.12,2026-05-05 14:19:40
496,골프,1.15,100120,뷰웍스 *,테마 편입 사유,27400.0,상승  250,0.92,27350.0,27400.0,80030.0,2212.0,62102.0,,,0.257391,-0.1678419200000001,"6,936.99",338.12,5.12,2026-05-05 14:19:40
496,골프,1.15,019010,베뉴지 *,테마 편입 사유,4915.0,상승  20,0.41,4905.0,4915.0,75068.0,369.0,60479.0,,,0.257391,-0.1678419200000001,"6,936.99",338.12,5.12,2026-05-05 14:19:40
496,골프,1.15,110790,크리스에프앤씨 *,테마 편입 사유,3985.0,상승  15,0.38,3985.0,3990.0,41824.0,168.0,12383.0,,,0.257391,-0.1678419200000001,"6,936.99",338.12,5.12,2026-05-05 14:19:40
496,골프,1.15,069640,한세엠케이,테마 편입 사유,666.0,보합0,0.0,0.0,0.0,0.0,0.0,0.0,,,0.257391,-0.1678419200000001,"6,936.99",338.12,5.12,2026-05-05 14:19:40
496,골프,1.15,070960,모나용평,테마 편입 사유,3120.0,보합0,0.0,3120.0,3125.0,156430.0,490.0,68228.0,,,0.257391,-0.1678419200000001,"6,936.99",338.12,5.12,2026-05-05 14:19:40
496,골프,1.15,308100,형지글로벌 *,테마 편입 사유,960.0,보합0,0.0,960.0,961.0,130571.0,126.0,174487.0,,,0.257391,-0.1678419200000001,"6,936.99",338.12,5.12,2026-05-05 14:19:40
496,골프,1.15,365900,브이씨 *,테마 편입 사유,3120.0,하락  5,-0.16,3120.0,3135.0,7296.0,23.0,6278.0,,,0.257391,-0.1678419200000001,"6,936.99",338.12,5.12,2026-05-05 14:19:40
496,골프,1.15,111710,남화산업 *,테마 편입 사유,4180.0,하락  20,-0.48,4175.0,4180.0,5998.0,25.0,31515.0,,,0.257391,-0.1678419200000001,"6,936.99",338.12,5.12,2026-05-05 14:19:40
496,골프,1.15,081660,미스토홀딩스,테마 편입 사유,40350.0,하락  250,-0.62,40300.0,40350.0,176897.0,7137.0,128550.0,,,0.257391,-0.1678419200000001,"6,936.99",338.12,5.12,2026-05-05 14:19:40
496,골프,1.15,215000,골프존 *,테마 편입 사유,50400.0,하락  900,-1.75,50400.0,50500.0,24485.0,1241.0,23892.0,,,0.257391,-0.1678419200000001,"6,936.99",338.12,5.12,2026-05-05 14:19:40
496,골프,1.15,121440,골프존홀딩스 *,테마 편입 사유,5140.0,하락  110,-2.1,5120.0,5140.0,55438.0,286.0,50892.0,,,0.257391,-0.1678419200000001,"6,936.99",338.12,5.12,2026-05-05 14:19:40
119,창투사,1.76,307930,컴퍼니케이 *,테마 편입 사유,10660.0,"상승  1,540",16.89,10660.0,10680.0,1454198.0,15357.0,132968.0,,,0.368216,-0.12526591999999992,"6,936.99",338.12,5.12,2026-05-05 14:19:40
119,창투사,1.76,289080,SV인베스트먼트 *,테마 편입 사유,4280.0,상승  235,5.81,4280.0,4285.0,1685.0,7.0,1015113.0,,,0.368216,-0.12526591999999992,"6,936.99",338.12,5.12,2026-05-05 14:19:40
119,창투사,1.76,246690,TS인베스트먼트 *,테마 편입 사유,1865.0,상승  80,4.48,1865.0,1866.0,935138.0,1723.0,843811.0,,,0.368216,-0.12526591999999992,"6,936.99",338.12,5.12,2026-05-05 14:19:40
119,창투사,1.76,330730,스톤브릿지벤처스 *,테마 편입 사유,6680.0,상승  250,3.89,6650.0,6680.0,287118.0,1937.0,67675.0,,,0.368216,-0.12526591999999992,"6,936.99",338.12,5.12,2026-05-05 14:19:40
119,창투사,1.76,041190,우리기술투자 *,테마 편입 사유,6740.0,상승  250,3.85,6740.0,6750.0,409.0,3.0,1022906.0,,,0.368216,-0.12526591999999992,"6,936.99",338.12,5.12,2026-05-05 14:19:40
119,창투사,1.76,027360,아주IB투자 *,테마 편입 사유,15460.0,상승  460,3.07,15450.0,15460.0,16600.0,253.0,12111311.0,,,0.368216,-0.12526591999999992,"6,936.99",338.12,5.12,2026-05-05 14:19:40
119,창투사,1.76,293580,나우IB *,테마 편입 사유,2685.0,상승  50,1.9,2685.0,2690.0,3152250.0,8626.0,4390758.0,,,0.368216,-0.12526591999999992,"6,936.99",338.12,5.12,2026-05-05 14:19:40
119,창투사,1.76,309960,LB인베스트먼트 *,테마 편입 사유,5990.0,상승  90,1.53,5990.0,6000.0,77280.0,466.0,63618.0,,,0.368216,-0.12526591999999992,"6,936.99",338.12,5.12,2026-05-05 14:19:40
119,창투사,1.76,241520,DSC인베스트먼트 *,테마 편입 사유,17260.0,상승  200,1.17,17260.0,17270.0,2119873.0,36988.0,1894896.0,,,0.368216,-0.12526591999999992,"6,936.99",338.12,5.12,2026-05-05 14:19:40
119,창투사,1.76,027830,대성창투 *,테마 편입 사유,1580.0,상승  6,0.38,1577.0,1580.0,140503.0,223.0,291770.0,,,0.368216,-0.12526591999999992,"6,936.99",338.12,5.12,2026-05-05 14:19:40
119,창투사,1.76,100790,미래에셋벤처투자 *,테마 편입 사유,52600.0,상승  200,0.38,52500.0,52600.0,1840513.0,96269.0,1687984.0,,,0.368216,-0.12526591999999992,"6,936.99",338.12,5.12,2026-05-05 14:19:40
119,창투사,1.76,452300,캡스톤파트너스 *,테마 편입 사유,4460.0,상승  5,0.11,4460.0,4465.0,1273.0,6.0,458009.0,,,0.368216,-0.12526591999999992,"6,936.99",338.12,5.12,2026-05-05 14:19:40
119,창투사,1.76,075130,플랜티넷 *,테마 편입 사유,2500.0,보합0,0.0,2485.0,2500.0,64013.0,159.0,72705.0,,,0.368216,-0.12526591999999992,"6,936.99",338.12,5.12,2026-05-05 14:19:40
119,창투사,1.76,019550,SBI인베스트먼트 *,테마 편입 사유,638.0,보합0,0.0,0.0,0.0,0.0,0.0,0.0,,,0.368216,-0.12526591999999992,"6,936.99",338.12,5.12,2026-05-05 14:19:40
119,창투사,1.76,016600,큐캐피탈 *,테마 편입 사유,293.0,보합0,0.0,0.0,0.0,0.0,0.0,0.0,,,0.368216,-0.12526591999999992,"6,936.99",338.12,5.12,2026-05-05 14:19:40
119,창투사,1.76,277070,린드먼아시아 *,테마 편입 사유,4255.0,하락  25,-0.58,4240.0,4255.0,33827.0,143.0,5994.0,,,0.368216,-0.12526591999999992,"6,936.99",338.12,5.12,2026-05-05 14:19:40
119,창투사,1.76,021080,에이티넘인베스트 *,테마 편입 사유,3335.0,하락  35,-1.04,3330.0,3335.0,374958.0,1263.0,288212.0,,,0.368216,-0.12526591999999992,"6,936.99",338.12,5.12,2026-05-05 14:19:40
119,창투사,1.76,026890,스틱인베스트먼트,테마 편입 사유,9970.0,하락  150,-1.48,9970.0,9980.0,95300.0,957.0,102528.0,,,0.368216,-0.12526591999999992,"6,936.99",338.12,5.12,2026-05-05 14:19:40
119,창투사,1.76,440290,HB인베스트먼트 *,테마 편입 사유,2185.0,하락  55,-2.46,2185.0,2190.0,104138.0,230.0,79148.0,,,0.368216,-0.12526591999999992,"6,936.99",338.12,5.12,2026-05-05 14:19:40
119,창투사,1.76,019570,플루토스 *,테마 편입 사유,456.0,하락  13,-2.77,455.0,456.0,1264284.0,587.0,2423423.0,,,0.368216,-0.12526591999999992,"6,936.99",338.12,5.12,2026-05-05 14:19:40
38,홈쇼핑,0.27,023530,롯데쇼핑,테마 편입 사유,138500.0,"상승  3,200",2.37,138100.0,138500.0,143107.0,19647.0,133222.0,,,0.069492,-0.08579904,"6,936.99",338.12,5.12,2026-05-05 14:19:40
38,홈쇼핑,0.27,057050,현대홈쇼핑,테마 편입 사유,85500.0,상승  600,0.71,85500.0,85700.0,18962.0,1616.0,30605.0,,,0.069492,-0.08579904,"6,936.99",338.12,5.12,2026-05-05 14:19:40
38,홈쇼핑,0.27,035760,CJ ENM *,테마 편입 사유,54200.0,상승  100,0.18,54200.0,54300.0,34394.0,1874.0,71361.0,,,0.069492,-0.08579904,"6,936.99",338.12,5.12,2026-05-05 14:19:40
38,홈쇼핑,0.27,003240,태광산업,테마 편입 사유,1190000.0,보합0,0.0,1190000.0,1192000.0,1327.0,1585.0,2082.0,,,0.069492,-0.08579904,"6,936.99",338.12,5.12,2026-05-05 14:19:40
38,홈쇼핑,0.27,007070,GS리테일,테마 편입 사유,23050.0,하락  450,-1.91,23000.0,23050.0,133287.0,3071.0,116427.0,,,0.069492,-0.08579904,"6,936.99",338.12,5.12,2026-05-05 14:19:40
481,마켓컬리(kurly),1.39,001740,SK네트웍스,테마 편입 사유,6590.0,상승  720,12.27,6590.0,6600.0,11611864.0,75989.0,2044244.0,,,0.28742,-0.08159040000000006,"6,936.99",338.12,5.12,2026-05-05 14:19:40
481,마켓컬리(kurly),1.39,036580,팜스코,테마 편입 사유,3560.0,상승  180,5.33,3560.0,3565.0,249047.0,887.0,132027.0,,,0.28742,-0.08159040000000006,"6,936.99",338.12,5.12,2026-05-05 14:19:40
481,마켓컬리(kurly),1.39,241520,DSC인베스트먼트 *,테마 편입 사유,17260.0,상승  200,1.17,17260.0,17270.0,2119873.0,36988.0,1894896.0,,,0.28742,-0.08159040000000006,"6,936.99",338.12,5.12,2026-05-05 14:19:40
481,마켓컬리(kurly),1.39,051160,지어소프트 *,테마 편입 사유,7570.0,상승  50,0.66,7540.0,7570.0,58077.0,435.0,15512.0,,,0.28742,-0.08159040000000006,"6,936.99",338.12,5.12,2026-05-05 14:19:40
481,마켓컬리(kurly),1.39,100790,미래에셋벤처투자 *,테마 편입 사유,52600.0,상승  200,0.38,52500.0,52600.0,1840513.0,96269.0,1687984.0,,,0.28742,-0.08159040000000006,"6,936.99",338.12,5.12,2026-05-05 14:19:40
481,마켓컬리(kurly),1.39,025880,케이씨피드 *,테마 편입 사유,3050.0,보합0,0.0,3050.0,3055.0,159653.0,485.0,161940.0,,,0.28742,-0.08159040000000006,"6,936.99",338.12,5.12,2026-05-05 14:19:40
481,마켓컬리(kurly),1.39,103840,우양 *,테마 편입 사유,3210.0,하락  35,-1.08,3210.0,3215.0,107694.0,349.0,119846.0,,,0.28742,-0.08159040000000006,"6,936.99",338.12,5.12,2026-05-05 14:19:40
481,마켓컬리(kurly),1.39,189980,흥국에프엔비 *,테마 편입 사유,1618.0,하락  20,-1.22,1613.0,1618.0,219661.0,356.0,79734.0,,,0.28742,-0.08159040000000006,"6,936.99",338.12,5.12,2026-05-05 14:19:40
481,마켓컬리(kurly),1.39,067010,이씨에스 *,테마 편입 사유,2390.0,하락  40,-1.65,2390.0,2400.0,20834.0,50.0,52945.0,,,0.28742,-0.08159040000000006,"6,936.99",338.12,5.12,2026-05-05 14:19:40
481,마켓컬리(kurly),1.39,006890,태경케미컬,테마 편입 사유,8810.0,하락  180,-2.0,8810.0,8820.0,116047.0,1029.0,165062.0,,,0.28742,-0.08159040000000006,"6,936.99",338.12,5.12,2026-05-05 14:19:40
534,페라이트,1.27,079190,케스피온 *,테마 편입 사유,858.0,상한가  198,30.0,858.0,0.0,1257817.0,1061.0,0.0,,,0.261044,-0.06654527999999993,"6,936.99",338.12,5.12,2026-05-05 14:19:40
534,페라이트,1.27,095500,미래나노텍 *,테마 편입 사유,10670.0,상승  250,2.4,10670.0,10680.0,174334.0,1879.0,161405.0,,,0.261044,-0.06654527999999993,"6,936.99",338.12,5.12,2026-05-05 14:19:40
534,페라이트,1.27,357580,아모센스 *,테마 편입 사유,23450.0,상승  400,1.74,23450.0,23500.0,449589.0,10715.0,880516.0,,,0.261044,-0.06654527999999993,"6,936.99",338.12,5.12,2026-05-05 14:19:40
534,페라이트,1.27,004710,한솔테크닉스,테마 편입 사유,8260.0,상승  130,1.6,8260.0,8270.0,1089485.0,9051.0,916182.0,,,0.261044,-0.06654527999999993,"6,936.99",338.12,5.12,2026-05-05 14:19:40
534,페라이트,1.27,009470,삼화전기,테마 편입 사유,48600.0,상승  100,0.21,48600.0,48650.0,510655.0,25440.0,695251.0,,,0.261044,-0.06654527999999993,"6,936.99",338.12,5.12,2026-05-05 14:19:40
534,페라이트,1.27,148250,알엔투테크놀로지 *,테마 편입 사유,3700.0,하락  5,-0.13,3700.0,3705.0,141783.0,531.0,166087.0,,,0.261044,-0.06654527999999993,"6,936.99",338.12,5.12,2026-05-05 14:19:40
534,페라이트,1.27,007770,한일화학 *,테마 편입 사유,7800.0,하락  40,-0.51,7800.0,7830.0,4601.0,36.0,2567.0,,,0.261044,-0.06654527999999993,"6,936.99",338.12,5.12,2026-05-05 14:19:40
534,페라이트,1.27,015890,태경산업,테마 편입 사유,5080.0,하락  40,-0.78,5070.0,5080.0,105938.0,539.0,61614.0,,,0.261044,-0.06654527999999993,"6,936.99",338.12,5.12,2026-05-05 14:19:40
534,페라이트,1.27,101240,씨큐브 *,테마 편입 사유,4115.0,하락  50,-1.2,4115.0,4130.0,43231.0,180.0,31063.0,,,0.261044,-0.06654527999999993,"6,936.99",338.12,5.12,2026-05-05 14:19:40
534,페라이트,1.27,047400,유니온머티리얼,테마 편입 사유,1756.0,하락  22,-1.24,1756.0,1760.0,549457.0,976.0,643811.0,,,0.261044,-0.06654527999999993,"6,936.99",338.12,5.12,2026-05-05 14:19:40
534,페라이트,1.27,263810,상신전자 *,테마 편입 사유,3115.0,하락  80,-2.5,3110.0,3115.0,90692.0,286.0,65691.0,,,0.261044,-0.06654527999999993,"6,936.99",338.12,5.12,2026-05-05 14:19:40
534,페라이트,1.27,011230,삼화전자,테마 편입 사유,2450.0,하락  65,-2.58,2450.0,2455.0,126471.0,312.0,67137.0,,,0.261044,-0.06654527999999993,"6,936.99",338.12,5.12,2026-05-05 14:19:40
534,페라이트,1.27,037370,EG *,테마 편입 사유,5450.0,하락  190,-3.37,5450.0,5480.0,47874.0,264.0,85100.0,,,0.261044,-0.06654527999999993,"6,936.99",338.12,5.12,2026-05-05 14:19:40
534,페라이트,1.27,125210,아모그린텍 *,테마 편입 사유,14930.0,하락  930,-5.86,14930.0,14940.0,655616.0,10239.0,510893.0,,,0.261044,-0.06654527999999993,"6,936.99",338.12,5.12,2026-05-05 14:19:40
32,패션/의류,0.68,047770,코데즈컴바인 *,테마 편입 사유,5280.0,상승  685,14.91,5280.0,5290.0,4149854.0,21819.0,595503.0,,,0.140377,-0.03873024000000003,"6,936.99",338.12,5.12,2026-05-05 14:19:40
32,패션/의류,0.68,383220,F&F,테마 편입 사유,76600.0,"상승  9,700",14.5,76500.0,76600.0,424940.0,32646.0,59447.0,,,0.140377,-0.03873024000000003,"6,936.99",338.12,5.12,2026-05-05 14:19:40
32,패션/의류,0.68,028260,삼성물산,테마 편입 사유,320000.0,"상승  21,500",7.2,320000.0,320500.0,638338.0,200101.0,455000.0,,,0.140377,-0.03873024000000003,"6,936.99",338.12,5.12,2026-05-05 14:19:40
32,패션/의류,0.68,033340,좋은사람들 *,테마 편입 사유,1740.0,상승  113,6.95,1739.0,1740.0,2747208.0,4786.0,753984.0,,,0.140377,-0.03873024000000003,"6,936.99",338.12,5.12,2026-05-05 14:19:40
32,패션/의류,0.68,026040,제이에스티나 *,테마 편입 사유,3095.0,상승  195,6.72,3080.0,3095.0,232960.0,721.0,102793.0,,,0.140377,-0.03873024000000003,"6,936.99",338.12,5.12,2026-05-05 14:19:40
32,패션/의류,0.68,014990,인디에프,테마 편입 사유,793.0,상승  34,4.48,790.0,793.0,264260.0,210.0,96938.0,,,0.140377,-0.03873024000000003,"6,936.99",338.12,5.12,2026-05-05 14:19:40
32,패션/의류,0.68,016090,대현,테마 편입 사유,1838.0,상승  73,4.14,1838.0,1839.0,959476.0,1748.0,100202.0,,,0.140377,-0.03873024000000003,"6,936.99",338.12,5.12,2026-05-05 14:19:40
32,패션/의류,0.68,111770,영원무역,테마 편입 사유,85500.0,"상승  2,600",3.14,85200.0,85500.0,73745.0,6289.0,95827.0,,,0.140377,-0.03873024000000003,"6,936.99",338.12,5.12,2026-05-05 14:19:40
32,패션/의류,0.68,900110,이스트아시아홀딩스 *,테마 편입 사유,800.0,상승  23,2.96,800.0,802.0,145929.0,115.0,132551.0,,,0.140377,-0.03873024000000003,"6,936.99",338.12,5.12,2026-05-05 14:19:40
32,패션/의류,0.68,009270,신원,테마 편입 사유,1418.0,상승  34,2.46,1418.0,1419.0,1852719.0,2674.0,553864.0,,,0.140377,-0.03873024000000003,"6,936.99",338.12,5.12,2026-05-05 14:19:40
32,패션/의류,0.68,298540,더네이쳐홀딩스 *,테마 편입 사유,8090.0,상승  100,1.25,8080.0,8090.0,36741.0,299.0,15041.0,,,0.140377,-0.03873024000000003,"6,936.99",338.12,5.12,2026-05-05 14:19:40
32,패션/의류,0.68,462310,뉴키즈온 *,테마 편입 사유,4505.0,상승  55,1.24,4420.0,4500.0,19838.0,89.0,40432.0,,,0.140377,-0.03873024000000003,"6,936.99",338.12,5.12,2026-05-05 14:19:40
32,패션/의류,0.68,366030,공구우먼 *,테마 편입 사유,6830.0,상승  80,1.19,6820.0,6830.0,572112.0,3879.0,462668.0,,,0.140377,-0.03873024000000003,"6,936.99",338.12,5.12,2026-05-05 14:19:40
32,패션/의류,0.68,093050,LF,테마 편입 사유,25050.0,상승  250,1.01,25050.0,25150.0,20964.0,526.0,48032.0,,,0.140377,-0.03873024000000003,"6,936.99",338.12,5.12,2026-05-05 14:19:40
32,패션/의류,0.68,278470,에이피알,테마 편입 사유,428500.0,"상승  4,000",0.94,428000.0,428500.0,341305.0,145435.0,365671.0,,,0.140377,-0.03873024000000003,"6,936.99",338.12,5.12,2026-05-05 14:19:40
32,패션/의류,0.68,241590,화승엔터프라이즈,테마 편입 사유,4875.0,상승  45,0.93,4855.0,4875.0,93573.0,458.0,89157.0,,,0.140377,-0.03873024000000003,"6,936.99",338.12,5.12,2026-05-05 14:19:40
32,패션/의류,0.68,001460,BYC,테마 편입 사유,50800.0,상승  400,0.79,50400.0,50800.0,2605.0,131.0,1949.0,,,0.140377,-0.03873024000000003,"6,936.99",338.12,5.12,2026-05-05 14:19:40
32,패션/의류,0.68,006060,화승인더,테마 편입 사유,3515.0,상승  25,0.72,3505.0,3515.0,111051.0,391.0,78601.0,,,0.140377,-0.03873024000000003,"6,936.99",338.12,5.12,2026-05-05 14:19:40
32,패션/의류,0.68,105630,한세실업,테마 편입 사유,11610.0,상승  70,0.61,11610.0,11630.0,30306.0,352.0,56210.0,,,0.140377,-0.03873024000000003,"6,936.99",338.12,5.12,2026-05-05 14:19:40
32,패션/의류,0.68,093240,형지엘리트,테마 편입 사유,955.0,상승  5,0.53,952.0,955.0,784932.0,754.0,785096.0,,,0.140377,-0.03873024000000003,"6,936.99",338.12,5.12,2026-05-05 14:19:40
32,패션/의류,0.68,110790,크리스에프앤씨 *,테마 편입 사유,3985.0,상승  15,0.38,3985.0,3990.0,41824.0,168.0,12383.0,,,0.140377,-0.03873024000000003,"6,936.99",338.12,5.12,2026-05-05 14:19:40
32,패션/의류,0.68,005800,신영와코루,테마 편입 사유,15100.0,상승  20,0.13,15100.0,15140.0,11718.0,177.0,2683.0,,,0.140377,-0.03873024000000003,"6,936.99",338.12,5.12,2026-05-05 14:19:40
32,패션/의류,0.68,145170,노브랜드 *,테마 편입 사유,4675.0,상승  5,0.11,4675.0,4695.0,96863.0,457.0,184050.0,,,0.140377,-0.03873024000000003,"6,936.99",338.12,5.12,2026-05-05 14:19:40
32,패션/의류,0.68,308100,형지글로벌 *,테마 편입 사유,960.0,보합0,0.0,960.0,961.0,130571.0,126.0,174487.0,,,0.140377,-0.03873024000000003,"6,936.99",338.12,5.12,2026-05-05 14:19:40
32,패션/의류,0.68,064800,포니링크 *,테마 편입 사유,799.0,보합0,0.0,0.0,0.0,0.0,0.0,0.0,,,0.140377,-0.03873024000000003,"6,936.99",338.12,5.12,2026-05-05 14:19:40
32,패션/의류,0.68,065060,지엔코 *,테마 편입 사유,574.0,보합0,0.0,0.0,0.0,0.0,0.0,0.0,,,0.140377,-0.03873024000000003,"6,936.99",338.12,5.12,2026-05-05 14:19:40
32,패션/의류,0.68,069640,한세엠케이,테마 편입 사유,666.0,보합0,0.0,0.0,0.0,0.0,0.0,0.0,,,0.140377,-0.03873024000000003,"6,936.99",338.12,5.12,2026-05-05 14:19:40
32,패션/의류,0.68,004060,SG세계물산,테마 편입 사유,489.0,보합0,0.0,0.0,0.0,0.0,0.0,0.0,,,0.140377,-0.03873024000000003,"6,936.99",338.12,5.12,2026-05-05 14:19:40
32,패션/의류,0.68,005320,온타이드,테마 편입 사유,588.0,보합0,0.0,0.0,0.0,0.0,0.0,0.0,,,0.140377,-0.03873024000000003,"6,936.99",338.12,5.12,2026-05-05 14:19:40
32,패션/의류,0.68,008290,원풍물산 *,테마 편입 사유,418.0,보합0,0.0,0.0,0.0,0.0,0.0,0.0,,,0.140377,-0.03873024000000003,"6,936.99",338.12,5.12,2026-05-05 14:19:40
32,패션/의류,0.68,011080,형지I&C *,테마 편입 사유,435.0,보합0,0.0,0.0,0.0,0.0,0.0,0.0,,,0.140377,-0.03873024000000003,"6,936.99",338.12,5.12,2026-05-05 14:19:40
32,패션/의류,0.68,225590,패션플랫폼 *,테마 편입 사유,950.0,보합0,0.0,0.0,0.0,0.0,0.0,0.0,,,0.140377,-0.03873024000000003,"6,936.99",338.12,5.12,2026-05-05 14:19:40
32,패션/의류,0.68,002070,비비안,테마 편입 사유,355.0,보합0,0.0,0.0,0.0,0.0,0.0,0.0,,,0.140377,-0.03873024000000003,"6,936.99",338.12,5.12,2026-05-05 14:19:40
32,패션/의류,0.68,031430,신세계인터내셔날,테마 편입 사유,14860.0,하락  10,-0.07,14840.0,14860.0,78484.0,1178.0,162443.0,,,0.140377,-0.03873024000000003,"6,936.99",338.12,5.12,2026-05-05 14:19:40
32,패션/의류,0.68,194370,제이에스코퍼레이션,테마 편입 사유,14760.0,하락  30,-0.2,14750.0,14760.0,122423.0,1793.0,188763.0,,,0.140377,-0.03873024000000003,"6,936.99",338.12,5.12,2026-05-05 14:19:40
32,패션/의류,0.68,215480,토박스코리아 *,테마 편입 사유,2235.0,하락  5,-0.22,2235.0,2240.0,24678.0,55.0,14098.0,,,0.140377,-0.03873024000000003,"6,936.99",338.12,5.12,2026-05-05 14:19:40
32,패션/의류,0.68,098660,에스티오 *,테마 편입 사유,1753.0,하락  4,-0.23,1752.0,1753.0,8571.0,15.0,27745.0,,,0.140377,-0.03873024000000003,"6,936.99",338.12,5.12,2026-05-05 14:19:40
32,패션/의류,0.68,090370,메타랩스,테마 편입 사유,1457.0,하락  4,-0.27,1457.0,1460.0,56761.0,82.0,41921.0,,,0.140377,-0.03873024000000003,"6,936.99",338.12,5.12,2026-05-05 14:19:40
32,패션/의류,0.68,120110,코오롱인더,테마 편입 사유,93800.0,하락  300,-0.32,93800.0,93900.0,423002.0,39275.0,501759.0,,,0.140377,-0.03873024000000003,"6,936.99",338.12,5.12,2026-05-05 14:19:40
32,패션/의류,0.68,111110,호전실업,테마 편입 사유,7840.0,하락  30,-0.38,7810.0,7840.0,30736.0,241.0,21755.0,,,0.140377,-0.03873024000000003,"6,936.99",338.12,5.12,2026-05-05 14:19:40
32,패션/의류,0.68,109670,씨싸이트 *,테마 편입 사유,5030.0,하락  20,-0.4,5030.0,5080.0,9020.0,46.0,18455.0,,,0.140377,-0.03873024000000003,"6,936.99",338.12,5.12,2026-05-05 14:19:40
32,패션/의류,0.68,020000,한섬,테마 편입 사유,26400.0,하락  150,-0.56,26350.0,26400.0,159307.0,4232.0,136214.0,,,0.140377,-0.03873024000000003,"6,936.99",338.12,5.12,2026-05-05 14:19:40
32,패션/의류,0.68,081660,미스토홀딩스,테마 편입 사유,40350.0,하락  250,-0.62,40300.0,40350.0,176897.0,7137.0,128550.0,,,0.140377,-0.03873024000000003,"6,936.99",338.12,5.12,2026-05-05 14:19:40
32,패션/의류,0.68,204020,그리티 *,테마 편입 사유,2340.0,하락  15,-0.64,2335.0,2340.0,106903.0,251.0,55095.0,,,0.140377,-0.03873024000000003,"6,936.99",338.12,5.12,2026-05-05 14:19:40
32,패션/의류,0.68,267790,배럴 *,테마 편입 사유,3495.0,하락  25,-0.71,3480.0,3500.0,12780.0,45.0,18624.0,,,0.140377,-0.03873024000000003,"6,936.99",338.12,5.12,2026-05-05 14:19:40
32,패션/의류,0.68,036620,감성코퍼레이션 *,테마 편입 사유,6480.0,하락  50,-0.77,6480.0,6490.0,370592.0,2411.0,378991.0,,,0.140377,-0.03873024000000003,"6,936.99",338.12,5.12,2026-05-05 14:19:40
32,패션/의류,0.68,335870,윙스풋 *,테마 편입 사유,1858.0,하락  18,-0.96,1854.0,1858.0,24877.0,47.0,31906.0,,,0.140377,-0.03873024000000003,"6,936.99",338.12,5.12,2026-05-05 14:19:40
32,패션/의류,0.68,337930,젝시믹스 *,테마 편입 사유,4350.0,하락  45,-1.02,4350.0,4355.0,128292.0,566.0,104664.0,,,0.140377,-0.03873024000000003,"6,936.99",338.12,5.12,2026-05-05 14:19:40
32,패션/의류,0.68,039980,폴라리스AI *,테마 편입 사유,9200.0,하락  100,-1.08,9190.0,9200.0,1544590.0,14580.0,9743835.0,,,0.140377,-0.03873024000000003,"6,936.99",338.12,5.12,2026-05-05 14:19:40
32,패션/의류,0.68,088790,진도,테마 편입 사유,2665.0,하락  50,-1.84,2665.0,2670.0,38969.0,104.0,44043.0,,,0.140377,-0.03873024000000003,"6,936.99",338.12,5.12,2026-05-05 14:19:40
32,패션/의류,0.68,111380,동인기연,테마 편입 사유,14180.0,하락  320,-2.21,14180.0,14190.0,24414.0,347.0,7418.0,,,0.140377,-0.03873024000000003,"6,936.99",338.12,5.12,2026-05-05 14:19:40
32,패션/의류,0.68,007980,TP,테마 편입 사유,2140.0,하락  50,-2.28,2140.0,2155.0,532128.0,1143.0,353910.0,,,0.140377,-0.03873024000000003,"6,936.99",338.12,5.12,2026-05-05 14:19:40
32,패션/의류,0.68,084870,TBH글로벌,테마 편입 사유,2125.0,하락  60,-2.75,2120.0,2125.0,70833.0,151.0,90399.0,,,0.140377,-0.03873024000000003,"6,936.99",338.12,5.12,2026-05-05 14:19:40
32,패션/의류,0.68,481070,에이유브랜즈 *,테마 편입 사유,17940.0,하락  520,-2.82,17900.0,17940.0,46046.0,840.0,24744.0,,,0.140377,-0.03873024000000003,"6,936.99",338.12,5.12,2026-05-05 14:19:40
32,패션/의류,0.68,478560,블랙야크아이앤씨 *,테마 편입 사유,3490.0,하락  110,-3.06,3490.0,3495.0,167373.0,591.0,363206.0,,,0.140377,-0.03873024000000003,"6,936.99",338.12,5.12,2026-05-05 14:19:40
32,패션/의류,0.68,472850,폰드그룹 *,테마 편입 사유,5630.0,하락  220,-3.76,5620.0,5630.0,109797.0,619.0,96273.0,,,0.140377,-0.03873024000000003,"6,936.99",338.12,5.12,2026-05-05 14:19:40
32,패션/의류,0.68,306040,에스제이그룹 *,테마 편입 사유,6830.0,하락  340,-4.74,6830.0,6890.0,173428.0,1217.0,68473.0,,,0.140377,-0.03873024000000003,"6,936.99",338.12,5.12,2026-05-05 14:19:40
32,패션/의류,0.68,000680,LS네트웍스,테마 편입 사유,4210.0,하락  265,-5.92,4210.0,4215.0,1314760.0,5685.0,1367143.0,,,0.140377,-0.03873024000000003,"6,936.99",338.12,5.12,2026-05-05 14:19:40
321,무선충전기술,3.3,006260,LS,테마 편입 사유,509000.0,"상승  56,000",12.36,508000.0,509000.0,369776.0,184919.0,354410.0,,,0.651058,-0.03341696000000027,"6,936.99",338.12,5.12,2026-05-05 14:19:40
321,무선충전기술,3.3,459100,위츠 *,테마 편입 사유,6900.0,상승  580,9.18,6890.0,6900.0,2466286.0,17446.0,38966.0,,,0.651058,-0.03341696000000027,"6,936.99",338.12,5.12,2026-05-05 14:19:40
321,무선충전기술,3.3,043590,웰킵스하이텍 *,테마 편입 사유,736.0,상승  41,5.9,736.0,739.0,513315.0,362.0,93888.0,,,0.651058,-0.03341696000000027,"6,936.99",338.12,5.12,2026-05-05 14:19:40
321,무선충전기술,3.3,005930,삼성전자,테마 편입 사유,232500.0,"상승  12,000",5.44,232000.0,232500.0,31909907.0,7302350.0,22161975.0,,,0.651058,-0.03341696000000027,"6,936.99",338.12,5.12,2026-05-05 14:19:40
321,무선충전기술,3.3,011070,LG이노텍,테마 편입 사유,595000.0,"상승  22,000",3.84,594000.0,595000.0,251351.0,148283.0,286326.0,,,0.651058,-0.03341696000000027,"6,936.99",338.12,5.12,2026-05-05 14:19:40
321,무선충전기술,3.3,054210,이랜텍 *,테마 편입 사유,13210.0,상승  460,3.61,13210.0,13220.0,465793.0,6174.0,274401.0,,,0.651058,-0.03341696000000027,"6,936.99",338.12,5.12,2026-05-05 14:19:40
321,무선충전기술,3.3,089010,켐트로닉스 *,테마 편입 사유,38050.0,상승  650,1.74,38050.0,38100.0,724836.0,27282.0,522402.0,,,0.651058,-0.03341696000000027,"6,936.99",338.12,5.12,2026-05-05 14:19:40
321,무선충전기술,3.3,357580,아모센스 *,테마 편입 사유,23450.0,상승  400,1.74,23450.0,23500.0,449589.0,10715.0,880516.0,,,0.651058,-0.03341696000000027,"6,936.99",338.12,5.12,2026-05-05 14:19:40
321,무선충전기술,3.3,066570,LG전자,테마 편입 사유,143200.0,"상승  2,300",1.63,143100.0,143200.0,1517270.0,216486.0,4601367.0,,,0.651058,-0.03341696000000027,"6,936.99",338.12,5.12,2026-05-05 14:19:40
321,무선충전기술,3.3,004710,한솔테크닉스,테마 편입 사유,8260.0,상승  130,1.6,8260.0,8270.0,1089485.0,9051.0,916182.0,,,0.651058,-0.03341696000000027,"6,936.99",338.12,5.12,2026-05-05 14:19:40
321,무선충전기술,3.3,061040,알에프텍 *,테마 편입 사유,1937.0,보합0,0.0,0.0,0.0,0.0,0.0,890084.0,,,0.651058,-0.03341696000000027,"6,936.99",338.12,5.12,2026-05-05 14:19:40
321,무선충전기술,3.3,090460,비에이치,테마 편입 사유,31950.0,"하락  2,550",-7.39,31900.0,31950.0,1582556.0,51318.0,608613.0,,,0.651058,-0.03341696000000027,"6,936.99",338.12,5.12,2026-05-05 14:19:40
283,생명보험,2.08,032830,삼성생명,테마 편입 사유,265000.0,"상승  15,500",6.21,264500.0,265000.0,339366.0,89080.0,1573209.0,,,0.411472,-0.0267366400000002,"6,936.99",338.12,5.12,2026-05-05 14:19:40
283,생명보험,2.08,085620,미래에셋생명,테마 편입 사유,16440.0,상승  510,3.2,16440.0,16450.0,112637.0,1854.0,145952.0,,,0.411472,-0.0267366400000002,"6,936.99",338.12,5.12,2026-05-05 14:19:40
283,생명보험,2.08,088350,한화생명,테마 편입 사유,5040.0,상승  155,3.17,5030.0,5040.0,5222802.0,26204.0,4520329.0,,,0.411472,-0.0267366400000002,"6,936.99",338.12,5.12,2026-05-05 14:19:40
283,생명보험,2.08,082640,동양생명,테마 편입 사유,8250.0,하락  60,-0.72,8250.0,8260.0,258462.0,2132.0,419122.0,,,0.411472,-0.0267366400000002,"6,936.99",338.12,5.12,2026-05-05 14:19:40
283,생명보험,2.08,003690,코리안리,테마 편입 사유,12170.0,하락  180,-1.46,12170.0,12210.0,423895.0,5153.0,305941.0,,,0.411472,-0.0267366400000002,"6,936.99",338.12,5.12,2026-05-05 14:19:40
