theme_no,테마명,테마등락률,종목코드,종목명,종목명.1,현재가,전일비,등락률,매수호가,매도호가,거래량,거래대금,전일거래량,토론,Unnamed: 11,Beta,베타조정수익률,코스피지수,코스피등락,코스피등락률,코스피조회시간
36,해운,-3.16,044450,KSS해운,테마 편입 사유,12160.0,상승  160,1.33,12130.0,12140.0,389503.0,4682.0,1051349.0,,,0.287513,-4.02541413,"5,983.62",175.00,3.01,2026-04-14 14:56:48
36,해운,-3.16,011200,HMM,테마 편입 사유,20950.0,하락  200,-0.95,20950.0,21000.0,827149.0,17367.0,1409154.0,,,0.287513,-4.02541413,"5,983.62",175.00,3.01,2026-04-14 14:56:48
36,해운,-3.16,028670,팬오션,테마 편입 사유,5280.0,하락  150,-2.76,5260.0,5270.0,4683012.0,24695.0,4335195.0,,,0.287513,-4.02541413,"5,983.62",175.00,3.01,2026-04-14 14:56:48
36,해운,-3.16,465770,STX그린로지스,테마 편입 사유,6080.0,하락  190,-3.03,6070.0,6080.0,199942.0,1220.0,628142.0,,,0.287513,-4.02541413,"5,983.62",175.00,3.01,2026-04-14 14:56:48
36,해운,-3.16,003280,흥아해운,테마 편입 사유,3205.0,하락  225,-6.56,3195.0,3200.0,13397748.0,42892.0,32265843.0,,,0.287513,-4.02541413,"5,983.62",175.00,3.01,2026-04-14 14:56:48
36,해운,-3.16,005880,대한해운,테마 편입 사유,2660.0,하락  200,-6.99,2660.0,2665.0,34189124.0,93166.0,99981686.0,,,0.287513,-4.02541413,"5,983.62",175.00,3.01,2026-04-14 14:56:48
449,2차전지(생산),-0.6,096770,SK이노베이션,테마 편입 사유,121300.0,하락  200,-0.16,121100.0,121200.0,333414.0,40465.0,345810.0,,,0.950035,-3.45960535,"5,983.62",175.00,3.01,2026-04-14 14:56:48
449,2차전지(생산),-0.6,373220,LG에너지솔루션,테마 편입 사유,400000.0,"하락  1,500",-0.37,400000.0,400500.0,230396.0,92679.0,218403.0,,,0.950035,-3.45960535,"5,983.62",175.00,3.01,2026-04-14 14:56:48
449,2차전지(생산),-0.6,006400,삼성SDI,테마 편입 사유,471500.0,"하락  6,000",-1.26,469500.0,470000.0,763166.0,361871.0,482539.0,,,0.950035,-3.45960535,"5,983.62",175.00,3.01,2026-04-14 14:56:48
520,피팅(관이음쇠)/밸브,-0.81,452280,한선엔지니어링 *,테마 편입 사유,15180.0,상승  700,4.83,15240.0,15250.0,1243061.0,19078.0,799145.0,,,0.824895,-3.29293395,"5,983.62",175.00,3.01,2026-04-14 14:56:48
520,피팅(관이음쇠)/밸브,-0.81,073010,케이에스피 *,테마 편입 사유,3655.0,상승  70,1.95,3655.0,3660.0,149773.0,544.0,86813.0,,,0.824895,-3.29293395,"5,983.62",175.00,3.01,2026-04-14 14:56:48
520,피팅(관이음쇠)/밸브,-0.81,025550,한국선재 *,테마 편입 사유,3455.0,상승  30,0.88,3455.0,3465.0,149504.0,519.0,192115.0,,,0.824895,-3.29293395,"5,983.62",175.00,3.01,2026-04-14 14:56:48
520,피팅(관이음쇠)/밸브,-0.81,039610,화성밸브 *,테마 편입 사유,10030.0,상승  10,0.1,10010.0,10020.0,942974.0,9526.0,4671478.0,,,0.824895,-3.29293395,"5,983.62",175.00,3.01,2026-04-14 14:56:48
520,피팅(관이음쇠)/밸브,-0.81,105740,디케이락 *,테마 편입 사유,10340.0,상승  10,0.1,10320.0,10330.0,124947.0,1288.0,189537.0,,,0.824895,-3.29293395,"5,983.62",175.00,3.01,2026-04-14 14:56:48
520,피팅(관이음쇠)/밸브,-0.81,086670,비엠티 *,테마 편입 사유,15580.0,하락  60,-0.38,15580.0,15630.0,140490.0,2189.0,269030.0,,,0.824895,-3.29293395,"5,983.62",175.00,3.01,2026-04-14 14:56:48
520,피팅(관이음쇠)/밸브,-0.81,013030,하이록코리아 *,테마 편입 사유,41550.0,"하락  1,050",-2.46,41650.0,41700.0,82222.0,3438.0,144647.0,,,0.824895,-3.29293395,"5,983.62",175.00,3.01,2026-04-14 14:56:48
520,피팅(관이음쇠)/밸브,-0.81,014620,성광벤드 *,테마 편입 사유,38950.0,"하락  2,050",-5.0,39150.0,39200.0,386372.0,15125.0,294128.0,,,0.824895,-3.29293395,"5,983.62",175.00,3.01,2026-04-14 14:56:48
520,피팅(관이음쇠)/밸브,-0.81,023160,태광 *,테마 편입 사유,44950.0,"하락  3,550",-7.32,45150.0,45200.0,641595.0,28834.0,559311.0,,,0.824895,-3.29293395,"5,983.62",175.00,3.01,2026-04-14 14:56:48
177,LPG(액화석유가스),-1.53,078930,GS,테마 편입 사유,72900.0,상승  200,0.28,72900.0,73000.0,181945.0,13291.0,368210.0,,,0.490787,-3.00726887,"5,983.62",175.00,3.01,2026-04-14 14:56:48
177,LPG(액화석유가스),-1.53,017940,E1,테마 편입 사유,95400.0,보합0,0.0,95300.0,95400.0,11024.0,1042.0,11859.0,,,0.490787,-3.00726887,"5,983.62",175.00,3.01,2026-04-14 14:56:48
177,LPG(액화석유가스),-1.53,096770,SK이노베이션,테마 편입 사유,121300.0,하락  200,-0.16,121100.0,121200.0,333414.0,40465.0,345810.0,,,0.490787,-3.00726887,"5,983.62",175.00,3.01,2026-04-14 14:56:48
177,LPG(액화석유가스),-1.53,128820,대성산업,테마 편입 사유,7260.0,하락  40,-0.55,7280.0,7290.0,345146.0,2513.0,783071.0,,,0.490787,-3.00726887,"5,983.62",175.00,3.01,2026-04-14 14:56:48
177,LPG(액화석유가스),-1.53,014530,극동유화,테마 편입 사유,3900.0,하락  45,-1.14,3910.0,3920.0,331748.0,1288.0,506318.0,,,0.490787,-3.00726887,"5,983.62",175.00,3.01,2026-04-14 14:56:48
177,LPG(액화석유가스),-1.53,018670,SK가스,테마 편입 사유,240500.0,"하락  3,000",-1.23,240500.0,241000.0,29346.0,7069.0,27530.0,,,0.490787,-3.00726887,"5,983.62",175.00,3.01,2026-04-14 14:56:48
177,LPG(액화석유가스),-1.53,010950,S-Oil,테마 편입 사유,118700.0,"하락  3,300",-2.7,118600.0,118700.0,389354.0,46268.0,623589.0,,,0.490787,-3.00726887,"5,983.62",175.00,3.01,2026-04-14 14:56:48
177,LPG(액화석유가스),-1.53,000440,중앙에너비스 *,테마 편입 사유,21550.0,하락  900,-4.01,21550.0,21600.0,115094.0,2490.0,223352.0,,,0.490787,-3.00726887,"5,983.62",175.00,3.01,2026-04-14 14:56:48
177,LPG(액화석유가스),-1.53,024060,흥구석유 *,테마 편입 사유,19390.0,하락  860,-4.25,19370.0,19380.0,2083159.0,40420.0,4593609.0,,,0.490787,-3.00726887,"5,983.62",175.00,3.01,2026-04-14 14:56:48
185,정유,-0.86,078930,GS,테마 편입 사유,72900.0,상승  200,0.28,72900.0,73000.0,181945.0,13291.0,368210.0,,,0.656208,-2.8351860799999997,"5,983.62",175.00,3.01,2026-04-14 14:56:48
185,정유,-0.86,096770,SK이노베이션,테마 편입 사유,121300.0,하락  200,-0.16,121100.0,121200.0,333414.0,40465.0,345810.0,,,0.656208,-2.8351860799999997,"5,983.62",175.00,3.01,2026-04-14 14:56:48
185,정유,-0.86,010950,S-Oil,테마 편입 사유,118700.0,"하락  3,300",-2.7,118600.0,118700.0,389354.0,46268.0,623589.0,,,0.656208,-2.8351860799999997,"5,983.62",175.00,3.01,2026-04-14 14:56:48
323,셰일가스(Shale Gas),-0.68,015760,한국전력,테마 편입 사유,44400.0,"상승  2,200",5.21,44250.0,44300.0,2783496.0,123722.0,1713524.0,,,0.603403,-2.49624303,"5,983.62",175.00,3.01,2026-04-14 14:56:48
323,셰일가스(Shale Gas),-0.68,101170,우림피티에스 *,테마 편입 사유,13220.0,상승  460,3.61,13220.0,13230.0,131779.0,1737.0,63692.0,,,0.603403,-2.49624303,"5,983.62",175.00,3.01,2026-04-14 14:56:48
323,셰일가스(Shale Gas),-0.68,036460,한국가스공사,테마 편입 사유,36100.0,상승  300,0.84,36050.0,36100.0,161887.0,5849.0,220256.0,,,0.603403,-2.49624303,"5,983.62",175.00,3.01,2026-04-14 14:56:48
323,셰일가스(Shale Gas),-0.68,034020,두산에너빌리티,테마 편입 사유,99800.0,상승  500,0.5,99800.0,99900.0,1758578.0,176189.0,1746075.0,,,0.603403,-2.49624303,"5,983.62",175.00,3.01,2026-04-14 14:56:48
323,셰일가스(Shale Gas),-0.68,017940,E1,테마 편입 사유,95400.0,보합0,0.0,95300.0,95400.0,11024.0,1042.0,11859.0,,,0.603403,-2.49624303,"5,983.62",175.00,3.01,2026-04-14 14:56:48
323,셰일가스(Shale Gas),-0.68,083650,비에이치아이 *,테마 편입 사유,91000.0,보합0,0.0,91000.0,91100.0,323092.0,29454.0,159828.0,,,0.603403,-2.49624303,"5,983.62",175.00,3.01,2026-04-14 14:56:48
323,셰일가스(Shale Gas),-0.68,017960,한국카본,테마 편입 사유,50400.0,하락  300,-0.59,49850.0,49900.0,1075346.0,52224.0,1553824.0,,,0.603403,-2.49624303,"5,983.62",175.00,3.01,2026-04-14 14:56:48
323,셰일가스(Shale Gas),-0.68,018670,SK가스,테마 편입 사유,240500.0,"하락  3,000",-1.23,240500.0,241000.0,29346.0,7069.0,27530.0,,,0.603403,-2.49624303,"5,983.62",175.00,3.01,2026-04-14 14:56:48
323,셰일가스(Shale Gas),-0.68,047050,포스코인터내셔널,테마 편입 사유,72400.0,"하락  2,400",-3.21,72100.0,72200.0,953115.0,68842.0,644015.0,,,0.603403,-2.49624303,"5,983.62",175.00,3.01,2026-04-14 14:56:48
323,셰일가스(Shale Gas),-0.68,002360,SH에너지화학,테마 편입 사유,436.0,하락  17,-3.75,434.0,435.0,2482220.0,1093.0,5576936.0,,,0.603403,-2.49624303,"5,983.62",175.00,3.01,2026-04-14 14:56:48
323,셰일가스(Shale Gas),-0.68,100840,SNT에너지,테마 편입 사유,58400.0,"하락  5,700",-8.89,58800.0,58900.0,736112.0,43949.0,545033.0,,,0.603403,-2.49624303,"5,983.62",175.00,3.01,2026-04-14 14:56:48
223,강관업체(Steel pipe),-0.83,146060,율촌 *,테마 편입 사유,1571.0,상승  43,2.81,1570.0,1583.0,160888.0,249.0,265549.0,,,0.433156,-2.13379956,"5,983.62",175.00,3.01,2026-04-14 14:56:48
223,강관업체(Steel pipe),-0.83,263770,유에스티 *,테마 편입 사유,2050.0,상승  30,1.49,2035.0,2050.0,60418.0,122.0,71495.0,,,0.433156,-2.13379956,"5,983.62",175.00,3.01,2026-04-14 14:56:48
223,강관업체(Steel pipe),-0.83,071090,하이스틸,테마 편입 사유,4430.0,상승  45,1.03,4410.0,4415.0,6601809.0,30240.0,5005304.0,,,0.433156,-2.13379956,"5,983.62",175.00,3.01,2026-04-14 14:56:48
223,강관업체(Steel pipe),-0.83,014280,금강공업,테마 편입 사유,5320.0,상승  50,0.95,5310.0,5320.0,100420.0,531.0,99272.0,,,0.433156,-2.13379956,"5,983.62",175.00,3.01,2026-04-14 14:56:48
223,강관업체(Steel pipe),-0.83,000970,한국주철관,테마 편입 사유,7090.0,상승  20,0.28,7090.0,7100.0,36208.0,256.0,49190.0,,,0.433156,-2.13379956,"5,983.62",175.00,3.01,2026-04-14 14:56:48
223,강관업체(Steel pipe),-0.83,009730,이렘 *,테마 편입 사유,518.0,하락  2,-0.38,518.0,519.0,429966.0,222.0,377879.0,,,0.433156,-2.13379956,"5,983.62",175.00,3.01,2026-04-14 14:56:48
223,강관업체(Steel pipe),-0.83,008970,KBI동양철관,테마 편입 사유,1978.0,하락  20,-1.0,1981.0,1982.0,4714757.0,9399.0,8623099.0,,,0.433156,-2.13379956,"5,983.62",175.00,3.01,2026-04-14 14:56:48
223,강관업체(Steel pipe),-0.83,092790,넥스틸,테마 편입 사유,17240.0,하락  370,-2.1,17170.0,17180.0,2172685.0,37642.0,3653096.0,,,0.433156,-2.13379956,"5,983.62",175.00,3.01,2026-04-14 14:56:48
223,강관업체(Steel pipe),-0.83,306200,세아제강,테마 편입 사유,148100.0,"하락  4,900",-3.2,147800.0,147900.0,22530.0,3326.0,17461.0,,,0.433156,-2.13379956,"5,983.62",175.00,3.01,2026-04-14 14:56:48
223,강관업체(Steel pipe),-0.83,100090,SK오션플랜트,테마 편입 사유,23150.0,"하락  1,000",-4.14,23100.0,23150.0,2384352.0,54811.0,1815443.0,,,0.433156,-2.13379956,"5,983.62",175.00,3.01,2026-04-14 14:56:48
223,강관업체(Steel pipe),-0.83,005010,휴스틸,테마 편입 사유,5300.0,하락  270,-4.85,5280.0,5290.0,2675617.0,14306.0,2235571.0,,,0.433156,-2.13379956,"5,983.62",175.00,3.01,2026-04-14 14:56:48
527,윤활유,-0.84,003650,미창석유,테마 편입 사유,120400.0,"상승  3,800",3.26,119700.0,120200.0,3231.0,387.0,1568.0,,,0.390276,-2.01473076,"5,983.62",175.00,3.01,2026-04-14 14:56:48
527,윤활유,-0.84,078930,GS,테마 편입 사유,72900.0,상승  200,0.28,72900.0,73000.0,181945.0,13291.0,368210.0,,,0.390276,-2.01473076,"5,983.62",175.00,3.01,2026-04-14 14:56:48
527,윤활유,-0.84,096770,SK이노베이션,테마 편입 사유,121300.0,하락  200,-0.16,121100.0,121200.0,333414.0,40465.0,345810.0,,,0.390276,-2.01473076,"5,983.62",175.00,3.01,2026-04-14 14:56:48
527,윤활유,-0.84,014530,극동유화,테마 편입 사유,3900.0,하락  45,-1.14,3910.0,3920.0,331748.0,1288.0,506318.0,,,0.390276,-2.01473076,"5,983.62",175.00,3.01,2026-04-14 14:56:48
527,윤활유,-0.84,002960,한국쉘석유,테마 편입 사유,500000.0,"하락  6,000",-1.19,500000.0,501000.0,1620.0,814.0,2318.0,,,0.390276,-2.01473076,"5,983.62",175.00,3.01,2026-04-14 14:56:48
527,윤활유,-0.84,010950,S-Oil,테마 편입 사유,118700.0,"하락  3,300",-2.7,118600.0,118700.0,389354.0,46268.0,623589.0,,,0.390276,-2.01473076,"5,983.62",175.00,3.01,2026-04-14 14:56:48
527,윤활유,-0.84,024060,흥구석유 *,테마 편입 사유,19390.0,하락  860,-4.25,19370.0,19380.0,2085507.0,40466.0,4593609.0,,,0.390276,-2.01473076,"5,983.62",175.00,3.01,2026-04-14 14:56:48
210,자전거,-1.3,123750,알톤 *,테마 편입 사유,2200.0,하락  10,-0.45,2195.0,2200.0,118849.0,262.0,120234.0,,,0.192109,-1.87824809,"5,983.62",175.00,3.01,2026-04-14 14:56:48
210,자전거,-1.3,065450,빅텍 *,테마 편입 사유,5490.0,하락  120,-2.14,5490.0,5500.0,1572323.0,8577.0,5927318.0,,,0.192109,-1.87824809,"5,983.62",175.00,3.01,2026-04-14 14:56:48
79,자원개발,-0.48,028260,삼성물산,테마 편입 사유,297000.0,"상승  7,500",2.59,297000.0,297500.0,346492.0,103340.0,395949.0,,,0.461804,-1.8700300399999998,"5,983.62",175.00,3.01,2026-04-14 14:56:48
79,자원개발,-0.48,036460,한국가스공사,테마 편입 사유,36100.0,상승  300,0.84,36050.0,36100.0,161887.0,5849.0,220256.0,,,0.461804,-1.8700300399999998,"5,983.62",175.00,3.01,2026-04-14 14:56:48
79,자원개발,-0.48,017390,서울가스,테마 편입 사유,62900.0,상승  400,0.64,62800.0,62900.0,4997.0,312.0,4522.0,,,0.461804,-1.8700300399999998,"5,983.62",175.00,3.01,2026-04-14 14:56:48
79,자원개발,-0.48,037950,엘컴텍 *,테마 편입 사유,724.0,상승  3,0.42,723.0,725.0,203480.0,147.0,193420.0,,,0.461804,-1.8700300399999998,"5,983.62",175.00,3.01,2026-04-14 14:56:48
79,자원개발,-0.48,078930,GS,테마 편입 사유,72900.0,상승  200,0.28,72800.0,72900.0,181945.0,13291.0,368210.0,,,0.461804,-1.8700300399999998,"5,983.62",175.00,3.01,2026-04-14 14:56:48
79,자원개발,-0.48,011760,현대코퍼레이션,테마 편입 사유,26750.0,상승  50,0.19,26800.0,26850.0,34228.0,919.0,36062.0,,,0.461804,-1.8700300399999998,"5,983.62",175.00,3.01,2026-04-14 14:56:48
79,자원개발,-0.48,051780,큐로홀딩스 *,테마 편입 사유,727.0,보합0,0.0,0.0,0.0,0.0,0.0,0.0,,,0.461804,-1.8700300399999998,"5,983.62",175.00,3.01,2026-04-14 14:56:48
79,자원개발,-0.48,096770,SK이노베이션,테마 편입 사유,121300.0,하락  200,-0.16,121100.0,121200.0,333414.0,40465.0,345810.0,,,0.461804,-1.8700300399999998,"5,983.62",175.00,3.01,2026-04-14 14:56:48
79,자원개발,-0.48,065170,비엘팜텍 *,테마 편입 사유,2580.0,하락  5,-0.19,2575.0,2580.0,919298.0,2401.0,1422953.0,,,0.461804,-1.8700300399999998,"5,983.62",175.00,3.01,2026-04-14 14:56:48
79,자원개발,-0.48,001120,LX인터내셔널,테마 편입 사유,48950.0,하락  250,-0.51,48850.0,48900.0,175974.0,8579.0,254035.0,,,0.461804,-1.8700300399999998,"5,983.62",175.00,3.01,2026-04-14 14:56:48
79,자원개발,-0.48,128820,대성산업,테마 편입 사유,7260.0,하락  40,-0.55,7280.0,7290.0,345146.0,2513.0,783071.0,,,0.461804,-1.8700300399999998,"5,983.62",175.00,3.01,2026-04-14 14:56:48
79,자원개발,-0.48,047050,포스코인터내셔널,테마 편입 사유,72400.0,"하락  2,400",-3.21,72100.0,72200.0,953115.0,68842.0,644015.0,,,0.461804,-1.8700300399999998,"5,983.62",175.00,3.01,2026-04-14 14:56:48
79,자원개발,-0.48,001250,GS글로벌,테마 편입 사유,3355.0,하락  120,-3.45,3365.0,3370.0,4470975.0,15262.0,3559325.0,,,0.461804,-1.8700300399999998,"5,983.62",175.00,3.01,2026-04-14 14:56:48
79,자원개발,-0.48,065420,에스아이리소스 *,테마 편입 사유,248.0,하락  9,-3.5,248.0,249.0,2529304.0,634.0,8911915.0,,,0.461804,-1.8700300399999998,"5,983.62",175.00,3.01,2026-04-14 14:56:48
188,풍력에너지,0.12,417200,LS머트리얼즈 *,테마 편입 사유,22000.0,"상승  1,600",7.84,21900.0,21950.0,5089178.0,113299.0,1324125.0,,,0.623109,-1.75555809,"5,983.62",175.00,3.01,2026-04-14 14:56:48
188,풍력에너지,0.12,015760,한국전력,테마 편입 사유,44400.0,"상승  2,200",5.21,44250.0,44300.0,2783496.0,123722.0,1713524.0,,,0.623109,-1.75555809,"5,983.62",175.00,3.01,2026-04-14 14:56:48
188,풍력에너지,0.12,054540,삼영엠텍 *,테마 편입 사유,11330.0,상승  510,4.71,11280.0,11290.0,183990.0,2070.0,78259.0,,,0.623109,-1.75555809,"5,983.62",175.00,3.01,2026-04-14 14:56:48
188,풍력에너지,0.12,044490,태웅 *,테마 편입 사유,46950.0,"상승  1,650",3.64,46000.0,46050.0,319950.0,14606.0,141739.0,,,0.623109,-1.75555809,"5,983.62",175.00,3.01,2026-04-14 14:56:48
188,풍력에너지,0.12,101170,우림피티에스 *,테마 편입 사유,13220.0,상승  460,3.61,13220.0,13230.0,131779.0,1737.0,63692.0,,,0.623109,-1.75555809,"5,983.62",175.00,3.01,2026-04-14 14:56:48
188,풍력에너지,0.12,052690,한전기술,테마 편입 사유,172950.0,"상승  5,750",3.44,173300.0,173400.0,283896.0,48768.0,161542.0,,,0.623109,-1.75555809,"5,983.62",175.00,3.01,2026-04-14 14:56:48
188,풍력에너지,0.12,006260,LS,테마 편입 사유,303500.0,"상승  10,000",3.41,303500.0,304500.0,166463.0,50159.0,209675.0,,,0.623109,-1.75555809,"5,983.62",175.00,3.01,2026-04-14 14:56:48
188,풍력에너지,0.12,004800,효성,테마 편입 사유,152600.0,"상승  3,900",2.62,152600.0,153000.0,53701.0,8301.0,29967.0,,,0.623109,-1.75555809,"5,983.62",175.00,3.01,2026-04-14 14:56:48
188,풍력에너지,0.12,003070,코오롱글로벌,테마 편입 사유,11780.0,상승  280,2.43,11740.0,11760.0,66848.0,779.0,59983.0,,,0.623109,-1.75555809,"5,983.62",175.00,3.01,2026-04-14 14:56:48
188,풍력에너지,0.12,005160,동국산업 *,테마 편입 사유,3335.0,상승  65,1.99,3310.0,3330.0,134502.0,447.0,168677.0,,,0.623109,-1.75555809,"5,983.62",175.00,3.01,2026-04-14 14:56:48
188,풍력에너지,0.12,100660,서암기계공업 *,테마 편입 사유,4420.0,상승  85,1.96,4420.0,4430.0,50257.0,221.0,32588.0,,,0.623109,-1.75555809,"5,983.62",175.00,3.01,2026-04-14 14:56:48
188,풍력에너지,0.12,229640,LS에코에너지,테마 편입 사유,44450.0,상승  850,1.95,44500.0,44550.0,256678.0,11387.0,272598.0,,,0.623109,-1.75555809,"5,983.62",175.00,3.01,2026-04-14 14:56:48
188,풍력에너지,0.12,024880,케이피에프 *,테마 편입 사유,5630.0,상승  100,1.81,5610.0,5640.0,386979.0,2159.0,764027.0,,,0.623109,-1.75555809,"5,983.62",175.00,3.01,2026-04-14 14:56:48
188,풍력에너지,0.12,075580,세진중공업,테마 편입 사유,17640.0,상승  290,1.67,17600.0,17610.0,144607.0,2545.0,154943.0,,,0.623109,-1.75555809,"5,983.62",175.00,3.01,2026-04-14 14:56:48
188,풍력에너지,0.12,060370,LS마린솔루션 *,테마 편입 사유,29200.0,상승  400,1.39,29200.0,29250.0,127155.0,3731.0,134340.0,,,0.623109,-1.75555809,"5,983.62",175.00,3.01,2026-04-14 14:56:48
188,풍력에너지,0.12,119500,포메탈 *,테마 편입 사유,4070.0,상승  35,0.87,4080.0,4085.0,59041.0,242.0,68004.0,,,0.623109,-1.75555809,"5,983.62",175.00,3.01,2026-04-14 14:56:48
188,풍력에너지,0.12,000720,현대건설,테마 편입 사유,177100.0,"상승  1,100",0.63,176800.0,177000.0,1044330.0,184880.0,1047344.0,,,0.623109,-1.75555809,"5,983.62",175.00,3.01,2026-04-14 14:56:48
188,풍력에너지,0.12,034020,두산에너빌리티,테마 편입 사유,99800.0,상승  500,0.5,99800.0,99900.0,1758578.0,176189.0,1746075.0,,,0.623109,-1.75555809,"5,983.62",175.00,3.01,2026-04-14 14:56:48
188,풍력에너지,0.12,005490,POSCO홀딩스,테마 편입 사유,361500.0,"상승  1,500",0.42,361500.0,362000.0,186184.0,67648.0,284457.0,,,0.623109,-1.75555809,"5,983.62",175.00,3.01,2026-04-14 14:56:48
188,풍력에너지,0.12,032820,우리기술 *,테마 편입 사유,21000.0,하락  100,-0.47,20900.0,20950.0,7042355.0,148252.0,9993759.0,,,0.623109,-1.75555809,"5,983.62",175.00,3.01,2026-04-14 14:56:48
188,풍력에너지,0.12,298040,효성중공업,테마 편입 사유,3041000.0,"하락  17,000",-0.56,3048000.0,3049000.0,62012.0,191079.0,56040.0,,,0.623109,-1.75555809,"5,983.62",175.00,3.01,2026-04-14 14:56:48
188,풍력에너지,0.12,100130,동국S&C *,테마 편입 사유,2460.0,하락  20,-0.81,2455.0,2460.0,218245.0,532.0,271464.0,,,0.623109,-1.75555809,"5,983.62",175.00,3.01,2026-04-14 14:56:48
188,풍력에너지,0.12,013810,스페코 *,테마 편입 사유,3015.0,하락  25,-0.82,3010.0,3015.0,172138.0,516.0,462501.0,,,0.623109,-1.75555809,"5,983.62",175.00,3.01,2026-04-14 14:56:48
188,풍력에너지,0.12,003030,세아제강지주,테마 편입 사유,234000.0,"하락  3,500",-1.47,231500.0,232000.0,42437.0,9806.0,41398.0,,,0.623109,-1.75555809,"5,983.62",175.00,3.01,2026-04-14 14:56:48
188,풍력에너지,0.12,068790,DMS *,테마 편입 사유,7800.0,하락  140,-1.76,7800.0,7810.0,117210.0,923.0,94754.0,,,0.623109,-1.75555809,"5,983.62",175.00,3.01,2026-04-14 14:56:48
188,풍력에너지,0.12,282720,금양그린파워 *,테마 편입 사유,14540.0,하락  410,-2.74,14600.0,14620.0,285891.0,4156.0,286354.0,,,0.623109,-1.75555809,"5,983.62",175.00,3.01,2026-04-14 14:56:48
188,풍력에너지,0.12,096350,대창솔루션 *,테마 편입 사유,2975.0,하락  85,-2.78,2970.0,2980.0,1138579.0,3416.0,1337058.0,,,0.623109,-1.75555809,"5,983.62",175.00,3.01,2026-04-14 14:56:48
188,풍력에너지,0.12,115530,씨엔플러스 *,테마 편입 사유,374.0,하락  12,-3.11,374.0,375.0,1350534.0,509.0,2114980.0,,,0.623109,-1.75555809,"5,983.62",175.00,3.01,2026-04-14 14:56:48
188,풍력에너지,0.12,018000,유니슨 *,테마 편입 사유,1391.0,하락  45,-3.13,1390.0,1391.0,4875879.0,6758.0,3378678.0,,,0.623109,-1.75555809,"5,983.62",175.00,3.01,2026-04-14 14:56:48
188,풍력에너지,0.12,389260,대명에너지 *,테마 편입 사유,22950.0,하락  750,-3.16,22900.0,22950.0,199010.0,4560.0,309134.0,,,0.623109,-1.75555809,"5,983.62",175.00,3.01,2026-04-14 14:56:48
188,풍력에너지,0.12,306200,세아제강,테마 편입 사유,148100.0,"하락  4,900",-3.2,147800.0,147900.0,22530.0,3326.0,17461.0,,,0.623109,-1.75555809,"5,983.62",175.00,3.01,2026-04-14 14:56:48
188,풍력에너지,0.12,475150,SK이터닉스,테마 편입 사유,56600.0,"하락  2,300",-3.9,56500.0,56600.0,1380697.0,78581.0,1100621.0,,,0.623109,-1.75555809,"5,983.62",175.00,3.01,2026-04-14 14:56:48
188,풍력에너지,0.12,004440,삼일씨엔에스,테마 편입 사유,7580.0,하락  320,-4.05,7560.0,7590.0,127258.0,969.0,108337.0,,,0.623109,-1.75555809,"5,983.62",175.00,3.01,2026-04-14 14:56:48
188,풍력에너지,0.12,100090,SK오션플랜트,테마 편입 사유,23150.0,"하락  1,000",-4.14,23100.0,23150.0,2384352.0,54811.0,1815443.0,,,0.623109,-1.75555809,"5,983.62",175.00,3.01,2026-04-14 14:56:48
188,풍력에너지,0.12,112610,씨에스윈드,테마 편입 사유,62800.0,"하락  3,100",-4.7,62100.0,62200.0,1162164.0,71267.0,490059.0,,,0.623109,-1.75555809,"5,983.62",175.00,3.01,2026-04-14 14:56:48
188,풍력에너지,0.12,297090,씨에스베어링 *,테마 편입 사유,7710.0,하락  380,-4.7,7700.0,7710.0,653772.0,4949.0,362341.0,,,0.623109,-1.75555809,"5,983.62",175.00,3.01,2026-04-14 14:56:48
472,2차전지(전고체),0.92,059090,미코 *,테마 편입 사유,15330.0,상승  800,5.51,15350.0,15360.0,562989.0,8586.0,193615.0,,,0.825888,-1.5659228799999996,"5,983.62",175.00,3.01,2026-04-14 14:56:48
472,2차전지(전고체),0.92,267320,나인테크 *,테마 편입 사유,3125.0,상승  130,4.34,3100.0,3110.0,793500.0,2451.0,490830.0,,,0.825888,-1.5659228799999996,"5,983.62",175.00,3.01,2026-04-14 14:56:48
472,2차전지(전고체),0.92,009150,삼성전기,테마 편입 사유,590000.0,"상승  22,000",3.87,587000.0,588000.0,467257.0,274198.0,515832.0,,,0.825888,-1.5659228799999996,"5,983.62",175.00,3.01,2026-04-14 14:56:48
472,2차전지(전고체),0.92,357550,석경에이티 *,테마 편입 사유,54400.0,"상승  1,800",3.42,54400.0,54600.0,15728.0,860.0,8586.0,,,0.825888,-1.5659228799999996,"5,983.62",175.00,3.01,2026-04-14 14:56:48
472,2차전지(전고체),0.92,049950,미래컴퍼니 *,테마 편입 사유,15060.0,상승  470,3.22,15080.0,15130.0,57903.0,870.0,42327.0,,,0.825888,-1.5659228799999996,"5,983.62",175.00,3.01,2026-04-14 14:56:48
472,2차전지(전고체),0.92,282880,코윈테크 *,테마 편입 사유,14600.0,상승  400,2.82,14620.0,14630.0,44119.0,644.0,49087.0,,,0.825888,-1.5659228799999996,"5,983.62",175.00,3.01,2026-04-14 14:56:48
472,2차전지(전고체),0.92,307180,아이엘 *,테마 편입 사유,4960.0,상승  135,2.8,4970.0,4980.0,842862.0,4196.0,622339.0,,,0.825888,-1.5659228799999996,"5,983.62",175.00,3.01,2026-04-14 14:56:48
472,2차전지(전고체),0.92,131400,이브이첨단소재 *,테마 편입 사유,1545.0,상승  39,2.59,1547.0,1548.0,553716.0,849.0,439310.0,,,0.825888,-1.5659228799999996,"5,983.62",175.00,3.01,2026-04-14 14:56:48
472,2차전지(전고체),0.92,222080,씨아이에스 *,테마 편입 사유,12090.0,상승  260,2.2,12100.0,12110.0,893984.0,10850.0,1046958.0,,,0.825888,-1.5659228799999996,"5,983.62",175.00,3.01,2026-04-14 14:56:48
472,2차전지(전고체),0.92,413390,엠오티 *,테마 편입 사유,8350.0,상승  170,2.08,8330.0,8360.0,76100.0,637.0,50582.0,,,0.825888,-1.5659228799999996,"5,983.62",175.00,3.01,2026-04-14 14:56:48
472,2차전지(전고체),0.92,025900,동화기업 *,테마 편입 사유,11370.0,상승  220,1.97,11330.0,11340.0,230825.0,2609.0,560918.0,,,0.825888,-1.5659228799999996,"5,983.62",175.00,3.01,2026-04-14 14:56:48
472,2차전지(전고체),0.92,011500,한농화성,테마 편입 사유,20900.0,상승  350,1.7,20950.0,21000.0,128893.0,2709.0,167265.0,,,0.825888,-1.5659228799999996,"5,983.62",175.00,3.01,2026-04-14 14:56:48
472,2차전지(전고체),0.92,452200,민테크 *,테마 편입 사유,2475.0,상승  40,1.64,2465.0,2480.0,80330.0,198.0,78233.0,,,0.825888,-1.5659228799999996,"5,983.62",175.00,3.01,2026-04-14 14:56:48
472,2차전지(전고체),0.92,083930,아바코 *,테마 편입 사유,13830.0,상승  170,1.24,13780.0,13790.0,96891.0,1337.0,83025.0,,,0.825888,-1.5659228799999996,"5,983.62",175.00,3.01,2026-04-14 14:56:48
472,2차전지(전고체),0.92,277880,티에스아이 *,테마 편입 사유,5180.0,상승  60,1.17,5170.0,5200.0,92963.0,483.0,165474.0,,,0.825888,-1.5659228799999996,"5,983.62",175.00,3.01,2026-04-14 14:56:48
472,2차전지(전고체),0.92,457190,이수스페셜티케미컬,테마 편입 사유,97100.0,"상승  1,100",1.15,96900.0,97000.0,142546.0,13769.0,174518.0,,,0.825888,-1.5659228799999996,"5,983.62",175.00,3.01,2026-04-14 14:56:48
472,2차전지(전고체),0.92,299030,하나기술 *,테마 편입 사유,26700.0,상승  300,1.14,26700.0,26800.0,11289.0,302.0,17111.0,,,0.825888,-1.5659228799999996,"5,983.62",175.00,3.01,2026-04-14 14:56:48
472,2차전지(전고체),0.92,317330,덕산테코피아 *,테마 편입 사유,19290.0,상승  60,0.31,19280.0,19290.0,209338.0,4032.0,576011.0,,,0.825888,-1.5659228799999996,"5,983.62",175.00,3.01,2026-04-14 14:56:48
472,2차전지(전고체),0.92,294140,레몬 *,테마 편입 사유,3470.0,상승  5,0.14,3475.0,3480.0,27574.0,96.0,43130.0,,,0.825888,-1.5659228799999996,"5,983.62",175.00,3.01,2026-04-14 14:56:48
472,2차전지(전고체),0.92,382840,원준 *,테마 편입 사유,8720.0,보합0,0.0,8730.0,8770.0,82662.0,727.0,33085.0,,,0.825888,-1.5659228799999996,"5,983.62",175.00,3.01,2026-04-14 14:56:48
472,2차전지(전고체),0.92,096770,SK이노베이션,테마 편입 사유,121300.0,하락  200,-0.16,121100.0,121200.0,333414.0,40465.0,345810.0,,,0.825888,-1.5659228799999996,"5,983.62",175.00,3.01,2026-04-14 14:56:48
472,2차전지(전고체),0.92,373220,LG에너지솔루션,테마 편입 사유,400000.0,"하락  1,500",-0.37,400000.0,400500.0,230396.0,92679.0,218403.0,,,0.825888,-1.5659228799999996,"5,983.62",175.00,3.01,2026-04-14 14:56:48
472,2차전지(전고체),0.92,055490,테이팩스,테마 편입 사유,16890.0,하락  80,-0.47,16830.0,16850.0,17481.0,295.0,23253.0,,,0.825888,-1.5659228799999996,"5,983.62",175.00,3.01,2026-04-14 14:56:48
472,2차전지(전고체),0.92,361610,SK아이이테크놀로지,테마 편입 사유,22650.0,하락  200,-0.88,22650.0,22700.0,128789.0,2927.0,115471.0,,,0.825888,-1.5659228799999996,"5,983.62",175.00,3.01,2026-04-14 14:56:48
472,2차전지(전고체),0.92,281740,레이크머티리얼즈 *,테마 편입 사유,20200.0,하락  200,-0.98,20150.0,20200.0,456852.0,9300.0,681220.0,,,0.825888,-1.5659228799999996,"5,983.62",175.00,3.01,2026-04-14 14:56:48
472,2차전지(전고체),0.92,006400,삼성SDI,테마 편입 사유,471500.0,"하락  6,000",-1.26,469500.0,470000.0,763473.0,362016.0,482539.0,,,0.825888,-1.5659228799999996,"5,983.62",175.00,3.01,2026-04-14 14:56:48
472,2차전지(전고체),0.92,259630,엠플러스 *,테마 편입 사유,15430.0,하락  380,-2.4,15380.0,15410.0,375840.0,5872.0,421794.0,,,0.825888,-1.5659228799999996,"5,983.62",175.00,3.01,2026-04-14 14:56:48
472,2차전지(전고체),0.92,078600,대주전자재료 *,테마 편입 사유,116300.0,"하락  3,000",-2.51,115900.0,116000.0,438600.0,50318.0,125297.0,,,0.825888,-1.5659228799999996,"5,983.62",175.00,3.01,2026-04-14 14:56:48
472,2차전지(전고체),0.92,020150,롯데에너지머티리얼즈,테마 편입 사유,45950.0,"하락  1,400",-2.96,46050.0,46100.0,307319.0,14148.0,411882.0,,,0.825888,-1.5659228799999996,"5,983.62",175.00,3.01,2026-04-14 14:56:48
472,2차전지(전고체),0.92,278280,천보 *,테마 편입 사유,62200.0,"하락  2,400",-3.72,61400.0,61500.0,269154.0,16760.0,1008974.0,,,0.825888,-1.5659228799999996,"5,983.62",175.00,3.01,2026-04-14 14:56:48
381,LNG(액화천연가스),0.17,097230,HJ중공업,테마 편입 사유,27800.0,"상승  1,800",6.92,27550.0,27600.0,2759657.0,75377.0,1175687.0,,,0.574881,-1.5603918099999998,"5,983.62",175.00,3.01,2026-04-14 14:56:48
381,LNG(액화천연가스),0.17,015760,한국전력,테마 편입 사유,44400.0,"상승  2,200",5.21,44250.0,44300.0,2791773.0,124090.0,1713524.0,,,0.574881,-1.5603918099999998,"5,983.62",175.00,3.01,2026-04-14 14:56:48
381,LNG(액화천연가스),0.17,082740,한화엔진,테마 편입 사유,48250.0,"상승  2,150",4.66,47700.0,47800.0,438656.0,20864.0,266419.0,,,0.574881,-1.5603918099999998,"5,983.62",175.00,3.01,2026-04-14 14:56:48
381,LNG(액화천연가스),0.17,034730,SK,테마 편입 사유,361000.0,"상승  11,500",3.29,360500.0,361000.0,143757.0,51964.0,130839.0,,,0.574881,-1.5603918099999998,"5,983.62",175.00,3.01,2026-04-14 14:56:48
381,LNG(액화천연가스),0.17,329180,HD현대중공업,테마 편입 사유,475500.0,"상승  12,500",2.7,475500.0,476000.0,193930.0,91525.0,238785.0,,,0.574881,-1.5603918099999998,"5,983.62",175.00,3.01,2026-04-14 14:56:48
381,LNG(액화천연가스),0.17,009540,HD한국조선해양,테마 편입 사유,396500.0,"상승  8,000",2.06,396500.0,397000.0,112684.0,44471.0,175397.0,,,0.574881,-1.5603918099999998,"5,983.62",175.00,3.01,2026-04-14 14:56:48
381,LNG(액화천연가스),0.17,010140,삼성중공업,테마 편입 사유,28100.0,상승  500,1.81,28000.0,28050.0,2961288.0,82462.0,3225328.0,,,0.574881,-1.5603918099999998,"5,983.62",175.00,3.01,2026-04-14 14:56:48
381,LNG(액화천연가스),0.17,333430,일승 *,테마 편입 사유,5500.0,상승  70,1.29,5480.0,5490.0,139298.0,767.0,104043.0,,,0.574881,-1.5603918099999998,"5,983.62",175.00,3.01,2026-04-14 14:56:48
381,LNG(액화천연가스),0.17,033500,동성화인텍 *,테마 편입 사유,26550.0,상승  300,1.14,26500.0,26550.0,205064.0,5366.0,252204.0,,,0.574881,-1.5603918099999998,"5,983.62",175.00,3.01,2026-04-14 14:56:48
381,LNG(액화천연가스),0.17,071320,지역난방공사,테마 편입 사유,74900.0,상승  800,1.08,74900.0,75000.0,16810.0,1255.0,27595.0,,,0.574881,-1.5603918099999998,"5,983.62",175.00,3.01,2026-04-14 14:56:48
381,LNG(액화천연가스),0.17,136150,원일티엔아이 *,테마 편입 사유,16730.0,상승  160,0.97,16790.0,16850.0,17983.0,302.0,23882.0,,,0.574881,-1.5603918099999998,"5,983.62",175.00,3.01,2026-04-14 14:56:48
381,LNG(액화천연가스),0.17,258610,케일럼 *,테마 편입 사유,1408.0,상승  11,0.79,1402.0,1415.0,69658.0,97.0,67168.0,,,0.574881,-1.5603918099999998,"5,983.62",175.00,3.01,2026-04-14 14:56:48
381,LNG(액화천연가스),0.17,036460,한국가스공사,테마 편입 사유,36050.0,상승  250,0.7,36050.0,36100.0,162295.0,5863.0,220256.0,,,0.574881,-1.5603918099999998,"5,983.62",175.00,3.01,2026-04-14 14:56:48
381,LNG(액화천연가스),0.17,004690,삼천리,테마 편입 사유,131700.0,상승  900,0.69,131700.0,131800.0,12167.0,1602.0,11911.0,,,0.574881,-1.5603918099999998,"5,983.62",175.00,3.01,2026-04-14 14:56:48
381,LNG(액화천연가스),0.17,085310,엔케이,테마 편입 사유,1168.0,상승  6,0.52,1169.0,1170.0,555143.0,649.0,1038970.0,,,0.574881,-1.5603918099999998,"5,983.62",175.00,3.01,2026-04-14 14:56:48
381,LNG(액화천연가스),0.17,005490,POSCO홀딩스,테마 편입 사유,361500.0,"상승  1,500",0.42,361500.0,362000.0,186184.0,67648.0,284457.0,,,0.574881,-1.5603918099999998,"5,983.62",175.00,3.01,2026-04-14 14:56:48
381,LNG(액화천연가스),0.17,078930,GS,테마 편입 사유,72900.0,상승  200,0.28,72800.0,72900.0,181945.0,13291.0,368210.0,,,0.574881,-1.5603918099999998,"5,983.62",175.00,3.01,2026-04-14 14:56:48
381,LNG(액화천연가스),0.17,083650,비에이치아이 *,테마 편입 사유,90900.0,하락  100,-0.11,91000.0,91100.0,323904.0,29528.0,159828.0,,,0.574881,-1.5603918099999998,"5,983.62",175.00,3.01,2026-04-14 14:56:48
381,LNG(액화천연가스),0.17,017960,한국카본,테마 편입 사유,50400.0,하락  300,-0.59,49850.0,49900.0,1081061.0,52512.0,1553824.0,,,0.574881,-1.5603918099999998,"5,983.62",175.00,3.01,2026-04-14 14:56:48
381,LNG(액화천연가스),0.17,018670,SK가스,테마 편입 사유,240000.0,"하락  3,500",-1.44,240500.0,241000.0,29447.0,7093.0,27530.0,,,0.574881,-1.5603918099999998,"5,983.62",175.00,3.01,2026-04-14 14:56:48
381,LNG(액화천연가스),0.17,028670,팬오션,테마 편입 사유,5280.0,하락  150,-2.76,5260.0,5270.0,4688143.0,24722.0,4335195.0,,,0.574881,-1.5603918099999998,"5,983.62",175.00,3.01,2026-04-14 14:56:48
381,LNG(액화천연가스),0.17,098070,한텍 *,테마 편입 사유,43150.0,"하락  1,250",-2.82,43200.0,43250.0,133794.0,5804.0,108670.0,,,0.574881,-1.5603918099999998,"5,983.62",175.00,3.01,2026-04-14 14:56:48
381,LNG(액화천연가스),0.17,096350,대창솔루션 *,테마 편입 사유,2970.0,하락  90,-2.94,2970.0,2980.0,1175455.0,3525.0,1337058.0,,,0.574881,-1.5603918099999998,"5,983.62",175.00,3.01,2026-04-14 14:56:48
381,LNG(액화천연가스),0.17,100090,SK오션플랜트,테마 편입 사유,23150.0,"하락  1,000",-4.14,23100.0,23150.0,2389709.0,54935.0,1815443.0,,,0.574881,-1.5603918099999998,"5,983.62",175.00,3.01,2026-04-14 14:56:48
381,LNG(액화천연가스),0.17,005880,대한해운,테마 편입 사유,2660.0,하락  200,-6.99,2660.0,2665.0,34201347.0,93198.0,99981686.0,,,0.574881,-1.5603918099999998,"5,983.62",175.00,3.01,2026-04-14 14:56:48
381,LNG(액화천연가스),0.17,100840,SNT에너지,테마 편입 사유,58400.0,"하락  5,700",-8.89,58800.0,58900.0,736112.0,43949.0,545033.0,,,0.574881,-1.5603918099999998,"5,983.62",175.00,3.01,2026-04-14 14:56:48
401,원자력발전소 해체,0.93,199430,케이엔알시스템 *,테마 편입 사유,22850.0,상승  950,4.34,22800.0,22900.0,44811.0,1025.0,43811.0,,,0.808677,-1.5041177699999997,"5,983.62",175.00,3.01,2026-04-14 14:56:48
401,원자력발전소 해체,0.93,052690,한전기술,테마 편입 사유,172900.0,"상승  5,700",3.41,173300.0,173400.0,284720.0,48911.0,161542.0,,,0.808677,-1.5041177699999997,"5,983.62",175.00,3.01,2026-04-14 14:56:48
401,원자력발전소 해체,0.93,348350,위드텍 *,테마 편입 사유,10370.0,상승  320,3.18,10380.0,10390.0,49561.0,511.0,27882.0,,,0.808677,-1.5041177699999997,"5,983.62",175.00,3.01,2026-04-14 14:56:48
401,원자력발전소 해체,0.93,105840,우진,테마 편입 사유,23700.0,상승  550,2.38,23500.0,23550.0,275602.0,6475.0,201681.0,,,0.808677,-1.5041177699999997,"5,983.62",175.00,3.01,2026-04-14 14:56:48
401,원자력발전소 해체,0.93,046120,오르비텍 *,테마 편입 사유,10300.0,상승  190,1.88,10330.0,10340.0,1411997.0,14437.0,1302213.0,,,0.808677,-1.5041177699999997,"5,983.62",175.00,3.01,2026-04-14 14:56:48
401,원자력발전소 해체,0.93,051600,한전KPS,테마 편입 사유,58200.0,"상승  1,000",1.75,58100.0,58300.0,130103.0,7553.0,137129.0,,,0.808677,-1.5041177699999997,"5,983.62",175.00,3.01,2026-04-14 14:56:48
401,원자력발전소 해체,0.93,136150,원일티엔아이 *,테마 편입 사유,16730.0,상승  160,0.97,16790.0,16850.0,17983.0,302.0,23882.0,,,0.808677,-1.5041177699999997,"5,983.62",175.00,3.01,2026-04-14 14:56:48
401,원자력발전소 해체,0.93,042370,비츠로테크 *,테마 편입 사유,12510.0,상승  90,0.72,12490.0,12500.0,609241.0,7648.0,814127.0,,,0.808677,-1.5041177699999997,"5,983.62",175.00,3.01,2026-04-14 14:56:48
401,원자력발전소 해체,0.93,000720,현대건설,테마 편입 사유,177100.0,"상승  1,100",0.63,176800.0,176900.0,1044330.0,184880.0,1047344.0,,,0.808677,-1.5041177699999997,"5,983.62",175.00,3.01,2026-04-14 14:56:48
401,원자력발전소 해체,0.93,034020,두산에너빌리티,테마 편입 사유,99800.0,상승  500,0.5,99800.0,99900.0,1760170.0,176348.0,1746075.0,,,0.808677,-1.5041177699999997,"5,983.62",175.00,3.01,2026-04-14 14:56:48
401,원자력발전소 해체,0.93,103230,에스앤더블류 *,테마 편입 사유,3780.0,상승  10,0.27,3780.0,3785.0,18360.0,69.0,21059.0,,,0.808677,-1.5041177699999997,"5,983.62",175.00,3.01,2026-04-14 14:56:48
401,원자력발전소 해체,0.93,083650,비에이치아이 *,테마 편입 사유,90900.0,하락  100,-0.11,91000.0,91100.0,323904.0,29528.0,159828.0,,,0.808677,-1.5041177699999997,"5,983.62",175.00,3.01,2026-04-14 14:56:48
401,원자력발전소 해체,0.93,032820,우리기술 *,테마 편입 사유,21000.0,하락  100,-0.47,20900.0,20950.0,7042355.0,148252.0,9993759.0,,,0.808677,-1.5041177699999997,"5,983.62",175.00,3.01,2026-04-14 14:56:48
401,원자력발전소 해체,0.93,098070,한텍 *,테마 편입 사유,43150.0,"하락  1,250",-2.82,43200.0,43250.0,133794.0,5804.0,108670.0,,,0.808677,-1.5041177699999997,"5,983.62",175.00,3.01,2026-04-14 14:56:48
401,원자력발전소 해체,0.93,096350,대창솔루션 *,테마 편입 사유,2970.0,하락  90,-2.94,2970.0,2980.0,1175455.0,3525.0,1337058.0,,,0.808677,-1.5041177699999997,"5,983.62",175.00,3.01,2026-04-14 14:56:48
523,리튬,0.85,051980,중앙첨단소재 *,테마 편입 사유,1519.0,상승  98,6.9,1510.0,1512.0,4445130.0,6683.0,1520060.0,,,0.779965,-1.4976946499999997,"5,983.62",175.00,3.01,2026-04-14 14:56:48
523,리튬,0.85,348370,엔켐 *,테마 편입 사유,38400.0,"상승  1,450",3.92,38400.0,38450.0,360973.0,14018.0,165492.0,,,0.779965,-1.4976946499999997,"5,983.62",175.00,3.01,2026-04-14 14:56:48
523,리튬,0.85,025560,미래산업,테마 편입 사유,13830.0,상승  480,3.6,13760.0,13790.0,25035.0,345.0,15715.0,,,0.779965,-1.4976946499999997,"5,983.62",175.00,3.01,2026-04-14 14:56:48
523,리튬,0.85,093370,후성,테마 편입 사유,10950.0,상승  290,2.72,10930.0,10940.0,7434376.0,83397.0,3650764.0,,,0.779965,-1.4976946499999997,"5,983.62",175.00,3.01,2026-04-14 14:56:48
523,리튬,0.85,095500,미래나노텍 *,테마 편입 사유,9910.0,상승  250,2.59,9910.0,9920.0,199711.0,1985.0,118157.0,,,0.779965,-1.4976946499999997,"5,983.62",175.00,3.01,2026-04-14 14:56:48
523,리튬,0.85,073570,리튬포어스 *,테마 편입 사유,581.0,상승  11,1.93,581.0,582.0,301696.0,176.0,519527.0,,,0.779965,-1.4976946499999997,"5,983.62",175.00,3.01,2026-04-14 14:56:48
523,리튬,0.85,290670,대보마그네틱 *,테마 편입 사유,11380.0,상승  200,1.79,11380.0,11410.0,14343.0,163.0,12251.0,,,0.779965,-1.4976946499999997,"5,983.62",175.00,3.01,2026-04-14 14:56:48
523,리튬,0.85,004490,세방전지,테마 편입 사유,60600.0,"상승  1,000",1.68,60400.0,60600.0,26290.0,1588.0,34900.0,,,0.779965,-1.4976946499999997,"5,983.62",175.00,3.01,2026-04-14 14:56:48
523,리튬,0.85,009520,포스코엠텍 *,테마 편입 사유,18060.0,상승  260,1.46,18070.0,18080.0,129085.0,2344.0,104943.0,,,0.779965,-1.4976946499999997,"5,983.62",175.00,3.01,2026-04-14 14:56:48
523,리튬,0.85,365340,성일하이텍 *,테마 편입 사유,64800.0,상승  800,1.25,64300.0,64400.0,52005.0,3325.0,58057.0,,,0.779965,-1.4976946499999997,"5,983.62",175.00,3.01,2026-04-14 14:56:48
523,리튬,0.85,107600,새빗켐 *,테마 편입 사유,28000.0,상승  250,0.9,27900.0,28050.0,24808.0,696.0,19913.0,,,0.779965,-1.4976946499999997,"5,983.62",175.00,3.01,2026-04-14 14:56:48
523,리튬,0.85,086520,에코프로 *,테마 편입 사유,144700.0,"상승  1,000",0.7,145000.0,145100.0,520300.0,75908.0,822112.0,,,0.779965,-1.4976946499999997,"5,983.62",175.00,3.01,2026-04-14 14:56:48
523,리튬,0.85,051910,LG화학,테마 편입 사유,342000.0,"상승  2,000",0.59,341000.0,341500.0,137799.0,47450.0,264626.0,,,0.779965,-1.4976946499999997,"5,983.62",175.00,3.01,2026-04-14 14:56:48
523,리튬,0.85,005490,POSCO홀딩스,테마 편입 사유,361500.0,"상승  1,500",0.42,361500.0,362000.0,186184.0,67648.0,284457.0,,,0.779965,-1.4976946499999997,"5,983.62",175.00,3.01,2026-04-14 14:56:48
523,리튬,0.85,101670,하이드로리튬 *,테마 편입 사유,1987.0,상승  6,0.3,1982.0,1983.0,1023264.0,2034.0,1355724.0,,,0.779965,-1.4976946499999997,"5,983.62",175.00,3.01,2026-04-14 14:56:48
523,리튬,0.85,270520,앱튼 *,테마 편입 사유,228.0,보합0,0.0,0.0,0.0,0.0,0.0,39956681.0,,,0.779965,-1.4976946499999997,"5,983.62",175.00,3.01,2026-04-14 14:56:48
523,리튬,0.85,373220,LG에너지솔루션,테마 편입 사유,400000.0,"하락  1,500",-0.37,400000.0,400500.0,230396.0,92679.0,218403.0,,,0.779965,-1.4976946499999997,"5,983.62",175.00,3.01,2026-04-14 14:56:48
523,리튬,0.85,005420,코스모화학,테마 편입 사유,15650.0,하락  100,-0.63,15660.0,15670.0,159331.0,2508.0,153057.0,,,0.779965,-1.4976946499999997,"5,983.62",175.00,3.01,2026-04-14 14:56:48
523,리튬,0.85,003670,포스코퓨처엠,테마 편입 사유,213000.0,"하락  1,500",-0.7,212500.0,213000.0,120258.0,25833.0,181353.0,,,0.779965,-1.4976946499999997,"5,983.62",175.00,3.01,2026-04-14 14:56:48
523,리튬,0.85,114190,강원에너지 *,테마 편입 사유,14050.0,하락  100,-0.71,14020.0,14030.0,272388.0,3863.0,345455.0,,,0.779965,-1.4976946499999997,"5,983.62",175.00,3.01,2026-04-14 14:56:48
523,리튬,0.85,278280,천보 *,테마 편입 사유,62200.0,"하락  2,400",-3.72,61400.0,61500.0,269154.0,16760.0,1008974.0,,,0.779965,-1.4976946499999997,"5,983.62",175.00,3.01,2026-04-14 14:56:48
523,리튬,0.85,029480,광무 *,테마 편입 사유,2275.0,하락  125,-5.21,2280.0,2285.0,859562.0,2019.0,2828453.0,,,0.779965,-1.4976946499999997,"5,983.62",175.00,3.01,2026-04-14 14:56:48
600,주유소,0.07,002420,세기상사,테마 편입 사유,5780.0,상승  340,6.25,5640.0,5670.0,37475.0,208.0,84121.0,,,0.5,-1.4349999999999998,"5,983.62",175.00,3.01,2026-04-14 14:56:48
600,주유소,0.07,267250,HD현대,테마 편입 사유,250000.0,"상승  6,000",2.46,251000.0,251500.0,115830.0,28912.0,115938.0,,,0.5,-1.4349999999999998,"5,983.62",175.00,3.01,2026-04-14 14:56:48
600,주유소,0.07,395400,SK리츠,테마 편입 사유,6690.0,상승  120,1.83,6680.0,6690.0,575464.0,3815.0,442769.0,,,0.5,-1.4349999999999998,"5,983.62",175.00,3.01,2026-04-14 14:56:48
600,주유소,0.07,025860,남해화학,테마 편입 사유,9550.0,상승  160,1.7,9520.0,9530.0,17920937.0,173875.0,32329202.0,,,0.5,-1.4349999999999998,"5,983.62",175.00,3.01,2026-04-14 14:56:48
600,주유소,0.07,015890,태경산업,테마 편입 사유,5070.0,상승  50,1.0,5050.0,5060.0,22052.0,111.0,71041.0,,,0.5,-1.4349999999999998,"5,983.62",175.00,3.01,2026-04-14 14:56:48
600,주유소,0.07,012700,리드코프 *,테마 편입 사유,3815.0,상승  35,0.93,3805.0,3820.0,66154.0,252.0,67692.0,,,0.5,-1.4349999999999998,"5,983.62",175.00,3.01,2026-04-14 14:56:48
600,주유소,0.07,078930,GS,테마 편입 사유,73000.0,상승  300,0.41,72800.0,72900.0,182476.0,13330.0,368210.0,,,0.5,-1.4349999999999998,"5,983.62",175.00,3.01,2026-04-14 14:56:48
600,주유소,0.07,357120,코람코라이프인프라리츠,테마 편입 사유,4665.0,상승  5,0.11,4655.0,4660.0,107067.0,498.0,155954.0,,,0.5,-1.4349999999999998,"5,983.62",175.00,3.01,2026-04-14 14:56:48
600,주유소,0.07,038620,위즈코프 *,테마 편입 사유,503.0,보합0,0.0,0.0,0.0,0.0,0.0,0.0,,,0.5,-1.4349999999999998,"5,983.62",175.00,3.01,2026-04-14 14:56:48
600,주유소,0.07,096770,SK이노베이션,테마 편입 사유,121300.0,하락  200,-0.16,121100.0,121200.0,333671.0,40496.0,345810.0,,,0.5,-1.4349999999999998,"5,983.62",175.00,3.01,2026-04-14 14:56:48
600,주유소,0.07,128820,대성산업,테마 편입 사유,7240.0,하락  60,-0.82,7280.0,7290.0,345684.0,2517.0,783071.0,,,0.5,-1.4349999999999998,"5,983.62",175.00,3.01,2026-04-14 14:56:48
600,주유소,0.07,014530,극동유화,테마 편입 사유,3900.0,하락  45,-1.14,3910.0,3920.0,333797.0,1296.0,506318.0,,,0.5,-1.4349999999999998,"5,983.62",175.00,3.01,2026-04-14 14:56:48
600,주유소,0.07,010950,S-Oil,테마 편입 사유,118700.0,"하락  3,300",-2.7,118600.0,118700.0,390232.0,46372.0,623589.0,,,0.5,-1.4349999999999998,"5,983.62",175.00,3.01,2026-04-14 14:56:48
600,주유소,0.07,000440,중앙에너비스 *,테마 편입 사유,21650.0,하락  800,-3.56,21550.0,21600.0,115117.0,2491.0,223352.0,,,0.5,-1.4349999999999998,"5,983.62",175.00,3.01,2026-04-14 14:56:48
600,주유소,0.07,024060,흥구석유 *,테마 편입 사유,19390.0,하락  860,-4.25,19370.0,19380.0,2085507.0,40466.0,4593609.0,,,0.5,-1.4349999999999998,"5,983.62",175.00,3.01,2026-04-14 14:56:48
205,원자력발전,0.96,045100,한양이엔지 *,테마 편입 사유,33100.0,"상승  2,050",6.6,32950.0,33100.0,188819.0,6141.0,69560.0,,,0.73439,-1.2505138999999996,"5,983.62",175.00,3.01,2026-04-14 14:56:48
205,원자력발전,0.96,015760,한국전력,테마 편입 사유,44400.0,"상승  2,200",5.21,44250.0,44300.0,2791773.0,124090.0,1713524.0,,,0.73439,-1.2505138999999996,"5,983.62",175.00,3.01,2026-04-14 14:56:48
205,원자력발전,0.96,375500,DL이앤씨,테마 편입 사유,99400.0,"상승  4,900",5.19,98900.0,99000.0,2891180.0,290595.0,1299403.0,,,0.73439,-1.2505138999999996,"5,983.62",175.00,3.01,2026-04-14 14:56:48
205,원자력발전,0.96,054540,삼영엠텍 *,테마 편입 사유,11330.0,상승  510,4.71,11290.0,11300.0,183990.0,2070.0,78259.0,,,0.73439,-1.2505138999999996,"5,983.62",175.00,3.01,2026-04-14 14:56:48
205,원자력발전,0.96,006910,보성파워텍 *,테마 편입 사유,10060.0,상승  420,4.36,9920.0,9930.0,2371122.0,23573.0,1039621.0,,,0.73439,-1.2505138999999996,"5,983.62",175.00,3.01,2026-04-14 14:56:48
205,원자력발전,0.96,010120,LS ELECTRIC,테마 편입 사유,186200.0,"상승  7,000",3.91,186000.0,186300.0,2060361.0,388852.0,2572650.0,,,0.73439,-1.2505138999999996,"5,983.62",175.00,3.01,2026-04-14 14:56:48
205,원자력발전,0.96,094820,일진파워 *,테마 편입 사유,17300.0,상승  650,3.9,17230.0,17240.0,207552.0,3545.0,166536.0,,,0.73439,-1.2505138999999996,"5,983.62",175.00,3.01,2026-04-14 14:56:48
205,원자력발전,0.96,130660,한전산업,테마 편입 사유,18790.0,상승  680,3.75,18780.0,18790.0,301686.0,5637.0,197215.0,,,0.73439,-1.2505138999999996,"5,983.62",175.00,3.01,2026-04-14 14:56:48
205,원자력발전,0.96,044490,태웅 *,테마 편입 사유,46950.0,"상승  1,650",3.64,46000.0,46050.0,319950.0,14606.0,141739.0,,,0.73439,-1.2505138999999996,"5,983.62",175.00,3.01,2026-04-14 14:56:48
205,원자력발전,0.96,052690,한전기술,테마 편입 사유,172900.0,"상승  5,700",3.41,173300.0,173400.0,284720.0,48911.0,161542.0,,,0.73439,-1.2505138999999996,"5,983.62",175.00,3.01,2026-04-14 14:56:48
205,원자력발전,0.96,006360,GS건설,테마 편입 사유,37500.0,"상승  1,200",3.31,37100.0,37150.0,3393004.0,125532.0,2880124.0,,,0.73439,-1.2505138999999996,"5,983.62",175.00,3.01,2026-04-14 14:56:48
205,원자력발전,0.96,011700,한신기계,테마 편입 사유,4395.0,상승  140,3.29,4360.0,4370.0,248837.0,1088.0,289929.0,,,0.73439,-1.2505138999999996,"5,983.62",175.00,3.01,2026-04-14 14:56:48
205,원자력발전,0.96,095190,이엠코리아 *,테마 편입 사유,2485.0,상승  75,3.11,2475.0,2480.0,276256.0,678.0,157119.0,,,0.73439,-1.2505138999999996,"5,983.62",175.00,3.01,2026-04-14 14:56:48
205,원자력발전,0.96,012210,삼미금속 *,테마 편입 사유,13500.0,상승  390,2.97,13440.0,13530.0,203358.0,2780.0,122075.0,,,0.73439,-1.2505138999999996,"5,983.62",175.00,3.01,2026-04-14 14:56:48
205,원자력발전,0.96,189860,서전기전 *,테마 편입 사유,5540.0,상승  140,2.59,5520.0,5540.0,184626.0,1022.0,199899.0,,,0.73439,-1.2505138999999996,"5,983.62",175.00,3.01,2026-04-14 14:56:48
205,원자력발전,0.96,388050,지투파워 *,테마 편입 사유,12840.0,상승  310,2.47,12910.0,12920.0,1737949.0,22517.0,649607.0,,,0.73439,-1.2505138999999996,"5,983.62",175.00,3.01,2026-04-14 14:56:48
205,원자력발전,0.96,105840,우진,테마 편입 사유,23700.0,상승  550,2.38,23500.0,23550.0,275951.0,6483.0,201681.0,,,0.73439,-1.2505138999999996,"5,983.62",175.00,3.01,2026-04-14 14:56:48
205,원자력발전,0.96,126720,수산인더스트리,테마 편입 사유,28950.0,상승  650,2.3,28800.0,28850.0,48121.0,1375.0,77739.0,,,0.73439,-1.2505138999999996,"5,983.62",175.00,3.01,2026-04-14 14:56:48
205,원자력발전,0.96,019990,에너토크 *,테마 편입 사유,8750.0,상승  170,1.98,8710.0,8720.0,78238.0,683.0,69210.0,,,0.73439,-1.2505138999999996,"5,983.62",175.00,3.01,2026-04-14 14:56:48
205,원자력발전,0.96,046120,오르비텍 *,테마 편입 사유,10300.0,상승  190,1.88,10330.0,10340.0,1411997.0,14437.0,1302213.0,,,0.73439,-1.2505138999999996,"5,983.62",175.00,3.01,2026-04-14 14:56:48
205,원자력발전,0.96,051600,한전KPS,테마 편입 사유,58200.0,"상승  1,000",1.75,58100.0,58300.0,130103.0,7553.0,137129.0,,,0.73439,-1.2505138999999996,"5,983.62",175.00,3.01,2026-04-14 14:56:48
205,원자력발전,0.96,038010,제일테크노스 *,테마 편입 사유,6630.0,상승  110,1.69,6620.0,6650.0,25555.0,169.0,34157.0,,,0.73439,-1.2505138999999996,"5,983.62",175.00,3.01,2026-04-14 14:56:48
205,원자력발전,0.96,457550,우진엔텍 *,테마 편입 사유,25950.0,상승  400,1.57,25800.0,25850.0,98999.0,2566.0,97671.0,,,0.73439,-1.2505138999999996,"5,983.62",175.00,3.01,2026-04-14 14:56:48
205,원자력발전,0.96,040610,SG&G *,테마 편입 사유,2110.0,상승  30,1.44,2100.0,2105.0,70293.0,148.0,25744.0,,,0.73439,-1.2505138999999996,"5,983.62",175.00,3.01,2026-04-14 14:56:48
205,원자력발전,0.96,187220,디티앤씨 *,테마 편입 사유,3120.0,상승  35,1.13,3100.0,3105.0,56795.0,176.0,75878.0,,,0.73439,-1.2505138999999996,"5,983.62",175.00,3.01,2026-04-14 14:56:48
205,원자력발전,0.96,136150,원일티엔아이 *,테마 편입 사유,16730.0,상승  160,0.97,16790.0,16850.0,17983.0,302.0,23882.0,,,0.73439,-1.2505138999999996,"5,983.62",175.00,3.01,2026-04-14 14:56:48
205,원자력발전,0.96,053690,한미글로벌,테마 편입 사유,32250.0,상승  300,0.94,32200.0,32250.0,491880.0,15853.0,597575.0,,,0.73439,-1.2505138999999996,"5,983.62",175.00,3.01,2026-04-14 14:56:48
205,원자력발전,0.96,001440,대한전선,테마 편입 사유,32300.0,상승  300,0.94,32250.0,32300.0,3227629.0,104384.0,4128886.0,,,0.73439,-1.2505138999999996,"5,983.62",175.00,3.01,2026-04-14 14:56:48
205,원자력발전,0.96,036190,금화피에스시 *,테마 편입 사유,36600.0,상승  300,0.83,36500.0,36650.0,9079.0,331.0,5671.0,,,0.73439,-1.2505138999999996,"5,983.62",175.00,3.01,2026-04-14 14:56:48
205,원자력발전,0.96,000720,현대건설,테마 편입 사유,177100.0,"상승  1,100",0.63,176800.0,176900.0,1044330.0,184880.0,1047344.0,,,0.73439,-1.2505138999999996,"5,983.62",175.00,3.01,2026-04-14 14:56:48
205,원자력발전,0.96,034020,두산에너빌리티,테마 편입 사유,99800.0,상승  500,0.5,99700.0,99800.0,1760170.0,176348.0,1746075.0,,,0.73439,-1.2505138999999996,"5,983.62",175.00,3.01,2026-04-14 14:56:48
205,원자력발전,0.96,103230,에스앤더블류 *,테마 편입 사유,3780.0,상승  10,0.27,3780.0,3785.0,18360.0,69.0,21059.0,,,0.73439,-1.2505138999999996,"5,983.62",175.00,3.01,2026-04-14 14:56:48
205,원자력발전,0.96,140520,대창스틸 *,테마 편입 사유,2270.0,상승  5,0.22,2270.0,2280.0,41751.0,94.0,41391.0,,,0.73439,-1.2505138999999996,"5,983.62",175.00,3.01,2026-04-14 14:56:48
205,원자력발전,0.96,105740,디케이락 *,테마 편입 사유,10350.0,상승  20,0.19,10320.0,10330.0,125760.0,1296.0,189537.0,,,0.73439,-1.2505138999999996,"5,983.62",175.00,3.01,2026-04-14 14:56:48
205,원자력발전,0.96,007460,에이프로젠,테마 편입 사유,293.0,보합0,0.0,0.0,0.0,0.0,0.0,6033953.0,,,0.73439,-1.2505138999999996,"5,983.62",175.00,3.01,2026-04-14 14:56:48
205,원자력발전,0.96,036640,HRS *,테마 편입 사유,5260.0,보합0,0.0,5260.0,5280.0,58010.0,305.0,91667.0,,,0.73439,-1.2505138999999996,"5,983.62",175.00,3.01,2026-04-14 14:56:48
205,원자력발전,0.96,083650,비에이치아이 *,테마 편입 사유,90900.0,하락  100,-0.11,91000.0,91100.0,323904.0,29528.0,159828.0,,,0.73439,-1.2505138999999996,"5,983.62",175.00,3.01,2026-04-14 14:56:48
205,원자력발전,0.96,086670,비엠티 *,테마 편입 사유,15610.0,하락  30,-0.19,15580.0,15630.0,140491.0,2189.0,269030.0,,,0.73439,-1.2505138999999996,"5,983.62",175.00,3.01,2026-04-14 14:56:48
205,원자력발전,0.96,081150,티플랙스 *,테마 편입 사유,3640.0,하락  15,-0.41,3655.0,3660.0,440908.0,1610.0,1161378.0,,,0.73439,-1.2505138999999996,"5,983.62",175.00,3.01,2026-04-14 14:56:48
205,원자력발전,0.96,032820,우리기술 *,테마 편입 사유,21000.0,하락  100,-0.47,20900.0,20950.0,7042355.0,148252.0,9993759.0,,,0.73439,-1.2505138999999996,"5,983.62",175.00,3.01,2026-04-14 14:56:48
205,원자력발전,0.96,298040,효성중공업,테마 편입 사유,3041000.0,"하락  17,000",-0.56,3048000.0,3049000.0,62012.0,191079.0,56040.0,,,0.73439,-1.2505138999999996,"5,983.62",175.00,3.01,2026-04-14 14:56:48
205,원자력발전,0.96,047040,대우건설,테마 편입 사유,23600.0,하락  150,-0.63,23600.0,23650.0,28691245.0,678624.0,31603945.0,,,0.73439,-1.2505138999999996,"5,983.62",175.00,3.01,2026-04-14 14:56:48
205,원자력발전,0.96,114190,강원에너지 *,테마 편입 사유,14050.0,하락  100,-0.71,14020.0,14030.0,272388.0,3863.0,345455.0,,,0.73439,-1.2505138999999996,"5,983.62",175.00,3.01,2026-04-14 14:56:48
205,원자력발전,0.96,013030,하이록코리아 *,테마 편입 사유,41600.0,"하락  1,000",-2.35,41650.0,41700.0,82357.0,3444.0,144647.0,,,0.73439,-1.2505138999999996,"5,983.62",175.00,3.01,2026-04-14 14:56:48
205,원자력발전,0.96,282720,금양그린파워 *,테마 편입 사유,14530.0,하락  420,-2.81,14600.0,14620.0,286485.0,4165.0,286354.0,,,0.73439,-1.2505138999999996,"5,983.62",175.00,3.01,2026-04-14 14:56:48
205,원자력발전,0.96,098070,한텍 *,테마 편입 사유,43150.0,"하락  1,250",-2.82,43200.0,43250.0,133794.0,5804.0,108670.0,,,0.73439,-1.2505138999999996,"5,983.62",175.00,3.01,2026-04-14 14:56:48
205,원자력발전,0.96,096350,대창솔루션 *,테마 편입 사유,2970.0,하락  90,-2.94,2970.0,2980.0,1175455.0,3525.0,1337058.0,,,0.73439,-1.2505138999999996,"5,983.62",175.00,3.01,2026-04-14 14:56:48
205,원자력발전,0.96,014620,성광벤드 *,테마 편입 사유,38950.0,"하락  2,050",-5.0,39150.0,39200.0,387618.0,15173.0,294128.0,,,0.73439,-1.2505138999999996,"5,983.62",175.00,3.01,2026-04-14 14:56:48
205,원자력발전,0.96,023160,태광 *,테마 편입 사유,44950.0,"하락  3,550",-7.32,45150.0,45200.0,642755.0,28886.0,559311.0,,,0.73439,-1.2505138999999996,"5,983.62",175.00,3.01,2026-04-14 14:56:48
205,원자력발전,0.96,100840,SNT에너지,테마 편입 사유,58300.0,"하락  5,800",-9.05,58800.0,58900.0,738313.0,44077.0,545033.0,,,0.73439,-1.2505138999999996,"5,983.62",175.00,3.01,2026-04-14 14:56:48
591,서울고속버스터미널 재개발 수혜,0.35,084670,동양고속,테마 편입 사유,40850.0,상승  450,1.11,40800.0,40950.0,11197.0,457.0,9695.0,,,0.5,-1.1549999999999998,"5,983.62",175.00,3.01,2026-04-14 14:56:48
591,서울고속버스터미널 재개발 수혜,0.35,004170,신세계,테마 편입 사유,346000.0,"상승  3,000",0.87,346000.0,346500.0,31004.0,10717.0,50890.0,,,0.5,-1.1549999999999998,"5,983.62",175.00,3.01,2026-04-14 14:56:48
591,서울고속버스터미널 재개발 수혜,0.35,006040,동원산업,테마 편입 사유,38550.0,상승  100,0.26,38550.0,38600.0,47281.0,1825.0,43247.0,,,0.5,-1.1549999999999998,"5,983.62",175.00,3.01,2026-04-14 14:56:48
591,서울고속버스터미널 재개발 수혜,0.35,000650,천일고속,테마 편입 사유,219500.0,하락  500,-0.23,218500.0,220500.0,1613.0,356.0,1305.0,,,0.5,-1.1549999999999998,"5,983.62",175.00,3.01,2026-04-14 14:56:48
591,서울고속버스터미널 재개발 수혜,0.35,128820,대성산업,테마 편입 사유,7240.0,하락  60,-0.82,7280.0,7290.0,345684.0,2517.0,783071.0,,,0.5,-1.1549999999999998,"5,983.62",175.00,3.01,2026-04-14 14:56:48
242,탄소나노튜브(CNT),0.43,049480,오픈베이스 *,테마 편입 사유,2285.0,상승  55,2.47,2285.0,2300.0,340914.0,779.0,120977.0,,,0.525903,-1.15296803,"5,983.62",175.00,3.01,2026-04-14 14:56:48
242,탄소나노튜브(CNT),0.43,051910,LG화학,테마 편입 사유,342000.0,"상승  2,000",0.59,341000.0,341500.0,137799.0,47450.0,264626.0,,,0.525903,-1.15296803,"5,983.62",175.00,3.01,2026-04-14 14:56:48
242,탄소나노튜브(CNT),0.43,418550,제이오 *,테마 편입 사유,8520.0,하락  10,-0.12,8500.0,8510.0,158233.0,1354.0,188073.0,,,0.525903,-1.15296803,"5,983.62",175.00,3.01,2026-04-14 14:56:48
242,탄소나노튜브(CNT),0.43,011780,금호석유화학,테마 편입 사유,133700.0,하락  400,-0.3,133600.0,133700.0,81697.0,11045.0,114669.0,,,0.525903,-1.15296803,"5,983.62",175.00,3.01,2026-04-14 14:56:48
242,탄소나노튜브(CNT),0.43,027580,상보 *,테마 편입 사유,627.0,하락  4,-0.63,626.0,628.0,316884.0,198.0,862750.0,,,0.525903,-1.15296803,"5,983.62",175.00,3.01,2026-04-14 14:56:48
415,그래핀,-0.1,024900,디와이덕양,테마 편입 사유,2130.0,상승  75,3.65,2135.0,2140.0,194184.0,412.0,177317.0,,,0.333319,-1.1032901899999998,"5,983.62",175.00,3.01,2026-04-14 14:56:48
415,그래핀,-0.1,119830,아이텍 *,테마 편입 사유,6720.0,상승  180,2.75,6650.0,6680.0,176709.0,1171.0,224681.0,,,0.333319,-1.1032901899999998,"5,983.62",175.00,3.01,2026-04-14 14:56:48
415,그래핀,-0.1,065500,오리엔트정공 *,테마 편입 사유,2145.0,상승  55,2.63,2150.0,2155.0,212706.0,455.0,165059.0,,,0.333319,-1.1032901899999998,"5,983.62",175.00,3.01,2026-04-14 14:56:48
415,그래핀,-0.1,078130,국일제지 *,테마 편입 사유,338.0,상승  7,2.11,337.0,338.0,1560276.0,524.0,2975116.0,,,0.333319,-1.1032901899999998,"5,983.62",175.00,3.01,2026-04-14 14:56:48
415,그래핀,-0.1,077360,덕산하이메탈 *,테마 편입 사유,12910.0,상승  210,1.65,12970.0,13000.0,923043.0,12077.0,1024200.0,,,0.333319,-1.1032901899999998,"5,983.62",175.00,3.01,2026-04-14 14:56:48
415,그래핀,-0.1,012610,경인양행,테마 편입 사유,4215.0,상승  15,0.36,4220.0,4225.0,265032.0,1116.0,336349.0,,,0.333319,-1.1032901899999998,"5,983.62",175.00,3.01,2026-04-14 14:56:48
415,그래핀,-0.1,054940,엑사이엔씨 *,테마 편입 사유,745.0,하락  2,-0.27,749.0,750.0,98750.0,74.0,177001.0,,,0.333319,-1.1032901899999998,"5,983.62",175.00,3.01,2026-04-14 14:56:48
415,그래핀,-0.1,027580,상보 *,테마 편입 사유,627.0,하락  4,-0.63,626.0,628.0,316884.0,198.0,862750.0,,,0.333319,-1.1032901899999998,"5,983.62",175.00,3.01,2026-04-14 14:56:48
415,그래핀,-0.1,154040,다산솔루에타 *,테마 편입 사유,1158.0,하락  9,-0.77,1150.0,1151.0,58944.0,68.0,100305.0,,,0.333319,-1.1032901899999998,"5,983.62",175.00,3.01,2026-04-14 14:56:48
415,그래핀,-0.1,012800,대창,테마 편입 사유,1504.0,하락  31,-2.02,1501.0,1504.0,1959343.0,3015.0,1952788.0,,,0.333319,-1.1032901899999998,"5,983.62",175.00,3.01,2026-04-14 14:56:48
415,그래핀,-0.1,079980,휴비스,테마 편입 사유,3260.0,하락  85,-2.54,3260.0,3265.0,635669.0,2094.0,3272324.0,,,0.333319,-1.1032901899999998,"5,983.62",175.00,3.01,2026-04-14 14:56:48
415,그래핀,-0.1,073110,엘엠에스 *,테마 편입 사유,5530.0,하락  160,-2.81,5500.0,5530.0,19441.0,107.0,37023.0,,,0.333319,-1.1032901899999998,"5,983.62",175.00,3.01,2026-04-14 14:56:48
415,그래핀,-0.1,900250,크리스탈신소재 *,테마 편입 사유,577.0,하락  33,-5.41,579.0,581.0,1631425.0,953.0,4501273.0,,,0.333319,-1.1032901899999998,"5,983.62",175.00,3.01,2026-04-14 14:56:48
178,전선,2.04,000500,가온전선,테마 편입 사유,106200.0,"상승  3,900",3.81,106900.0,107000.0,39106.0,4101.0,45478.0,,,1.020705,-1.0323220499999999,"5,983.62",175.00,3.01,2026-04-14 14:56:48
178,전선,2.04,006260,LS,테마 편입 사유,303500.0,"상승  10,000",3.41,303500.0,304500.0,166463.0,50159.0,209675.0,,,1.020705,-1.0323220499999999,"5,983.62",175.00,3.01,2026-04-14 14:56:48
178,전선,2.04,103590,일진전기,테마 편입 사유,84800.0,"상승  1,800",2.17,84800.0,84900.0,473990.0,40033.0,496714.0,,,1.020705,-1.0323220499999999,"5,983.62",175.00,3.01,2026-04-14 14:56:48
178,전선,2.04,006340,대원전선,테마 편입 사유,5520.0,상승  110,2.03,5500.0,5510.0,2156847.0,11892.0,3445820.0,,,1.020705,-1.0323220499999999,"5,983.62",175.00,3.01,2026-04-14 14:56:48
178,전선,2.04,229640,LS에코에너지,테마 편입 사유,44450.0,상승  850,1.95,44500.0,44550.0,256721.0,11389.0,272598.0,,,1.020705,-1.0323220499999999,"5,983.62",175.00,3.01,2026-04-14 14:56:48
178,전선,2.04,060370,LS마린솔루션 *,테마 편입 사유,29200.0,상승  400,1.39,29200.0,29250.0,127155.0,3731.0,134340.0,,,1.020705,-1.0323220499999999,"5,983.62",175.00,3.01,2026-04-14 14:56:48
178,전선,2.04,001440,대한전선,테마 편입 사유,32300.0,상승  300,0.94,32250.0,32300.0,3227629.0,104384.0,4128886.0,,,1.020705,-1.0323220499999999,"5,983.62",175.00,3.01,2026-04-14 14:56:48
178,전선,2.04,024840,KBI메탈 *,테마 편입 사유,2510.0,상승  20,0.8,2505.0,2515.0,991796.0,2502.0,2258601.0,,,1.020705,-1.0323220499999999,"5,983.62",175.00,3.01,2026-04-14 14:56:48
325,종합상사,0.12,001740,SK네트웍스,테마 편입 사유,5490.0,상승  240,4.57,5490.0,5500.0,1169062.0,6335.0,837472.0,,,0.346361,-0.9225466099999998,"5,983.62",175.00,3.01,2026-04-14 14:56:48
325,종합상사,0.12,028260,삼성물산,테마 편입 사유,297500.0,"상승  8,000",2.76,297000.0,297500.0,351265.0,104759.0,395949.0,,,0.346361,-0.9225466099999998,"5,983.62",175.00,3.01,2026-04-14 14:56:48
325,종합상사,0.12,003070,코오롱글로벌,테마 편입 사유,11780.0,상승  280,2.43,11740.0,11760.0,66848.0,779.0,59983.0,,,0.346361,-0.9225466099999998,"5,983.62",175.00,3.01,2026-04-14 14:56:48
325,종합상사,0.12,011760,현대코퍼레이션,테마 편입 사유,26750.0,상승  50,0.19,26800.0,26850.0,34975.0,939.0,36062.0,,,0.346361,-0.9225466099999998,"5,983.62",175.00,3.01,2026-04-14 14:56:48
325,종합상사,0.12,001120,LX인터내셔널,테마 편입 사유,48950.0,하락  250,-0.51,48850.0,48900.0,175974.0,8579.0,254035.0,,,0.346361,-0.9225466099999998,"5,983.62",175.00,3.01,2026-04-14 14:56:48
325,종합상사,0.12,298020,효성티앤씨,테마 편입 사유,495000.0,"하락  7,000",-1.39,496500.0,497000.0,41124.0,20532.0,71768.0,,,0.346361,-0.9225466099999998,"5,983.62",175.00,3.01,2026-04-14 14:56:48
325,종합상사,0.12,047050,포스코인터내셔널,테마 편입 사유,72300.0,"하락  2,500",-3.34,72100.0,72200.0,954806.0,68964.0,644015.0,,,0.346361,-0.9225466099999998,"5,983.62",175.00,3.01,2026-04-14 14:56:48
325,종합상사,0.12,001250,GS글로벌,테마 편입 사유,3355.0,하락  120,-3.45,3360.0,3365.0,4470975.0,15262.0,3559325.0,,,0.346361,-0.9225466099999998,"5,983.62",175.00,3.01,2026-04-14 14:56:48
191,태양광에너지,0.98,004710,한솔테크닉스,테마 편입 사유,7470.0,상승  960,14.75,7360.0,7380.0,13985087.0,103286.0,5812984.0,,,0.622351,-0.8932765099999997,"5,983.62",175.00,3.01,2026-04-14 14:56:48
191,태양광에너지,0.98,002380,KCC,테마 편입 사유,540000.0,"상승  36,000",7.14,540000.0,541000.0,31263.0,16721.0,31951.0,,,0.622351,-0.8932765099999997,"5,983.62",175.00,3.01,2026-04-14 14:56:48
191,태양광에너지,0.98,009830,한화솔루션,테마 편입 사유,42150.0,"상승  2,700",6.84,42150.0,42200.0,5380568.0,224813.0,1318358.0,,,0.622351,-0.8932765099999997,"5,983.62",175.00,3.01,2026-04-14 14:56:48
191,태양광에너지,0.98,140670,알에스오토메이션 *,테마 편입 사유,16190.0,상승  910,5.96,16260.0,16270.0,186180.0,2991.0,116799.0,,,0.622351,-0.8932765099999997,"5,983.62",175.00,3.01,2026-04-14 14:56:48
191,태양광에너지,0.98,093520,매커스 *,테마 편입 사유,24450.0,"상승  1,300",5.62,24550.0,24600.0,61291.0,1486.0,25609.0,,,0.622351,-0.8932765099999997,"5,983.62",175.00,3.01,2026-04-14 14:56:48
191,태양광에너지,0.98,015760,한국전력,테마 편입 사유,44400.0,"상승  2,200",5.21,44250.0,44300.0,2791773.0,124090.0,1713524.0,,,0.622351,-0.8932765099999997,"5,983.62",175.00,3.01,2026-04-14 14:56:48
191,태양광에너지,0.98,010120,LS ELECTRIC,테마 편입 사유,186200.0,"상승  7,000",3.91,186000.0,186100.0,2060361.0,388852.0,2572650.0,,,0.622351,-0.8932765099999997,"5,983.62",175.00,3.01,2026-04-14 14:56:48
191,태양광에너지,0.98,083310,엘오티베큠 *,테마 편입 사유,13790.0,상승  490,3.68,13740.0,13750.0,212749.0,2942.0,81804.0,,,0.622351,-0.8932765099999997,"5,983.62",175.00,3.01,2026-04-14 14:56:48
191,태양광에너지,0.98,086390,유니테스트 *,테마 편입 사유,16480.0,상승  560,3.52,16510.0,16520.0,191609.0,3174.0,122078.0,,,0.622351,-0.8932765099999997,"5,983.62",175.00,3.01,2026-04-14 14:56:48
191,태양광에너지,0.98,109610,에스와이 *,테마 편입 사유,2940.0,상승  80,2.8,2950.0,2955.0,196072.0,574.0,318114.0,,,0.622351,-0.8932765099999997,"5,983.62",175.00,3.01,2026-04-14 14:56:48
191,태양광에너지,0.98,028260,삼성물산,테마 편입 사유,297500.0,"상승  8,000",2.76,297000.0,297500.0,351265.0,104759.0,395949.0,,,0.622351,-0.8932765099999997,"5,983.62",175.00,3.01,2026-04-14 14:56:48
191,태양광에너지,0.98,388050,지투파워 *,테마 편입 사유,12860.0,상승  330,2.63,12890.0,12900.0,1738422.0,22524.0,649607.0,,,0.622351,-0.8932765099999997,"5,983.62",175.00,3.01,2026-04-14 14:56:48
191,태양광에너지,0.98,003070,코오롱글로벌,테마 편입 사유,11780.0,상승  280,2.43,11740.0,11760.0,66848.0,779.0,59983.0,,,0.622351,-0.8932765099999997,"5,983.62",175.00,3.01,2026-04-14 14:56:48
191,태양광에너지,0.98,126720,수산인더스트리,테마 편입 사유,28950.0,상승  650,2.3,28800.0,28900.0,48121.0,1375.0,77739.0,,,0.622351,-0.8932765099999997,"5,983.62",175.00,3.01,2026-04-14 14:56:48
191,태양광에너지,0.98,003010,혜인,테마 편입 사유,6050.0,상승  120,2.02,6080.0,6090.0,238908.0,1449.0,194277.0,,,0.622351,-0.8932765099999997,"5,983.62",175.00,3.01,2026-04-14 14:56:48
191,태양광에너지,0.98,039020,이건홀딩스 *,테마 편입 사유,3380.0,상승  55,1.65,3375.0,3385.0,43678.0,146.0,41683.0,,,0.622351,-0.8932765099999997,"5,983.62",175.00,3.01,2026-04-14 14:56:48
191,태양광에너지,0.98,002150,도화엔지니어링,테마 편입 사유,7250.0,상승  110,1.54,7240.0,7250.0,259270.0,1864.0,287349.0,,,0.622351,-0.8932765099999997,"5,983.62",175.00,3.01,2026-04-14 14:56:48
191,태양광에너지,0.98,058730,다스코,테마 편입 사유,3875.0,상승  55,1.44,3860.0,3875.0,238835.0,927.0,229382.0,,,0.622351,-0.8932765099999997,"5,983.62",175.00,3.01,2026-04-14 14:56:48
191,태양광에너지,0.98,000880,한화,테마 편입 사유,124100.0,"상승  1,600",1.31,125200.0,125300.0,244247.0,30701.0,244203.0,,,0.622351,-0.8932765099999997,"5,983.62",175.00,3.01,2026-04-14 14:56:48
191,태양광에너지,0.98,083930,아바코 *,테마 편입 사유,13830.0,상승  170,1.24,13780.0,13790.0,96891.0,1337.0,83025.0,,,0.622351,-0.8932765099999997,"5,983.62",175.00,3.01,2026-04-14 14:56:48
191,태양광에너지,0.98,099220,SDN *,테마 편입 사유,1344.0,상승  15,1.13,1344.0,1346.0,1102688.0,1498.0,907399.0,,,0.622351,-0.8932765099999997,"5,983.62",175.00,3.01,2026-04-14 14:56:48
191,태양광에너지,0.98,382800,지앤비에스 에코 *,테마 편입 사유,7650.0,상승  70,0.92,7620.0,7650.0,994662.0,7597.0,1525627.0,,,0.622351,-0.8932765099999997,"5,983.62",175.00,3.01,2026-04-14 14:56:48
191,태양광에너지,0.98,453450,그리드위즈 *,테마 편입 사유,19160.0,상승  160,0.84,19280.0,19290.0,97907.0,1889.0,81587.0,,,0.622351,-0.8932765099999997,"5,983.62",175.00,3.01,2026-04-14 14:56:48
191,태양광에너지,0.98,104040,대성파인텍 *,테마 편입 사유,684.0,상승  5,0.74,683.0,685.0,126856.0,87.0,97389.0,,,0.622351,-0.8932765099999997,"5,983.62",175.00,3.01,2026-04-14 14:56:48
191,태양광에너지,0.98,036930,주성엔지니어링 *,테마 편입 사유,63700.0,상승  400,0.63,63600.0,63700.0,697184.0,44615.0,661847.0,,,0.622351,-0.8932765099999997,"5,983.62",175.00,3.01,2026-04-14 14:56:48
191,태양광에너지,0.98,012340,뉴인텍 *,테마 편입 사유,287.0,보합0,0.0,0.0,0.0,0.0,0.0,0.0,,,0.622351,-0.8932765099999997,"5,983.62",175.00,3.01,2026-04-14 14:56:48
191,태양광에너지,0.98,240810,원익IPS *,테마 편입 사유,120700.0,보합0,0.0,120600.0,120700.0,376922.0,45692.0,290341.0,,,0.622351,-0.8932765099999997,"5,983.62",175.00,3.01,2026-04-14 14:56:48
191,태양광에너지,0.98,060900,에이전트AI *,테마 편입 사유,345.0,보합0,0.0,0.0,0.0,0.0,0.0,0.0,,,0.622351,-0.8932765099999997,"5,983.62",175.00,3.01,2026-04-14 14:56:48
191,태양광에너지,0.98,183300,코미코 *,테마 편입 사유,133300.0,하락  100,-0.07,133300.0,133400.0,135307.0,18279.0,87503.0,,,0.622351,-0.8932765099999997,"5,983.62",175.00,3.01,2026-04-14 14:56:48
191,태양광에너지,0.98,121600,나노신소재 *,테마 편입 사유,68400.0,하락  500,-0.73,68500.0,68600.0,72517.0,4998.0,126845.0,,,0.622351,-0.8932765099999997,"5,983.62",175.00,3.01,2026-04-14 14:56:48
191,태양광에너지,0.98,281740,레이크머티리얼즈 *,테마 편입 사유,20100.0,하락  300,-1.47,20150.0,20200.0,459635.0,9356.0,681220.0,,,0.622351,-0.8932765099999997,"5,983.62",175.00,3.01,2026-04-14 14:56:48
191,태양광에너지,0.98,095910,에스에너지 *,테마 편입 사유,1906.0,하락  31,-1.6,1909.0,1910.0,2903872.0,5646.0,2920053.0,,,0.622351,-0.8932765099999997,"5,983.62",175.00,3.01,2026-04-14 14:56:48
191,태양광에너지,0.98,322000,HD현대에너지솔루션,테마 편입 사유,158100.0,"하락  2,800",-1.74,158200.0,158300.0,606094.0,95958.0,640616.0,,,0.622351,-0.8932765099999997,"5,983.62",175.00,3.01,2026-04-14 14:56:48
191,태양광에너지,0.98,043200,파루 *,테마 편입 사유,999.0,하락  18,-1.77,995.0,998.0,457995.0,456.0,736570.0,,,0.622351,-0.8932765099999997,"5,983.62",175.00,3.01,2026-04-14 14:56:48
191,태양광에너지,0.98,050760,에스폴리텍 *,테마 편입 사유,1428.0,하락  32,-2.19,1422.0,1427.0,256262.0,371.0,570674.0,,,0.622351,-0.8932765099999997,"5,983.62",175.00,3.01,2026-04-14 14:56:48
191,태양광에너지,0.98,078600,대주전자재료 *,테마 편입 사유,116300.0,"하락  3,000",-2.51,115800.0,115900.0,438600.0,50318.0,125297.0,,,0.622351,-0.8932765099999997,"5,983.62",175.00,3.01,2026-04-14 14:56:48
191,태양광에너지,0.98,010060,OCI홀딩스,테마 편입 사유,188450.0,"하락  5,150",-2.66,187600.0,187700.0,308592.0,57447.0,195201.0,,,0.622351,-0.8932765099999997,"5,983.62",175.00,3.01,2026-04-14 14:56:48
191,태양광에너지,0.98,282720,금양그린파워 *,테마 편입 사유,14530.0,하락  420,-2.81,14590.0,14610.0,286485.0,4165.0,286354.0,,,0.622351,-0.8932765099999997,"5,983.62",175.00,3.01,2026-04-14 14:56:48
191,태양광에너지,0.98,115530,씨엔플러스 *,테마 편입 사유,375.0,하락  11,-2.85,374.0,375.0,1350584.0,509.0,2114980.0,,,0.622351,-0.8932765099999997,"5,983.62",175.00,3.01,2026-04-14 14:56:48
191,태양광에너지,0.98,389260,대명에너지 *,테마 편입 사유,22950.0,하락  750,-3.16,22900.0,22950.0,199063.0,4561.0,309134.0,,,0.622351,-0.8932765099999997,"5,983.62",175.00,3.01,2026-04-14 14:56:48
191,태양광에너지,0.98,456040,OCI,테마 편입 사유,90100.0,"하락  3,000",-3.22,90600.0,90700.0,34938.0,3199.0,25713.0,,,0.622351,-0.8932765099999997,"5,983.62",175.00,3.01,2026-04-14 14:56:48
191,태양광에너지,0.98,475150,SK이터닉스,테마 편입 사유,56600.0,"하락  2,300",-3.9,56500.0,56600.0,1380903.0,78593.0,1100621.0,,,0.622351,-0.8932765099999997,"5,983.62",175.00,3.01,2026-04-14 14:56:48
191,태양광에너지,0.98,042600,새로닉스 *,테마 편입 사유,19250.0,하락  900,-4.47,19170.0,19180.0,116843.0,2264.0,77248.0,,,0.622351,-0.8932765099999997,"5,983.62",175.00,3.01,2026-04-14 14:56:48
191,태양광에너지,0.98,011930,신성이엔지,테마 편입 사유,3740.0,하락  185,-4.71,3740.0,3745.0,35640395.0,137667.0,73720590.0,,,0.622351,-0.8932765099999997,"5,983.62",175.00,3.01,2026-04-14 14:56:48
176,도시가스,-0.24,016710,대성홀딩스,테마 편입 사유,8455.0,상승  65,0.77,8460.0,8480.0,12563.0,106.0,17733.0,,,0.202386,-0.84918186,"5,983.62",175.00,3.01,2026-04-14 14:56:48
176,도시가스,-0.24,036460,한국가스공사,테마 편입 사유,36050.0,상승  250,0.7,36050.0,36100.0,162295.0,5863.0,220256.0,,,0.202386,-0.84918186,"5,983.62",175.00,3.01,2026-04-14 14:56:48
176,도시가스,-0.24,004690,삼천리,테마 편입 사유,131700.0,상승  900,0.69,131700.0,131800.0,12167.0,1602.0,11911.0,,,0.202386,-0.84918186,"5,983.62",175.00,3.01,2026-04-14 14:56:48
176,도시가스,-0.24,267290,경동도시가스,테마 편입 사유,22500.0,상승  150,0.67,22450.0,22500.0,7313.0,165.0,3351.0,,,0.202386,-0.84918186,"5,983.62",175.00,3.01,2026-04-14 14:56:48
176,도시가스,-0.24,017390,서울가스,테마 편입 사유,62800.0,상승  300,0.48,62700.0,62900.0,4999.0,312.0,4522.0,,,0.202386,-0.84918186,"5,983.62",175.00,3.01,2026-04-14 14:56:48
176,도시가스,-0.24,034590,인천도시가스,테마 편입 사유,26775.0,상승  75,0.28,26700.0,26800.0,699.0,18.0,857.0,,,0.202386,-0.84918186,"5,983.62",175.00,3.01,2026-04-14 14:56:48
176,도시가스,-0.24,015360,INVENI,테마 편입 사유,15630.0,하락  120,-0.76,15600.0,15610.0,30618.0,479.0,75932.0,,,0.202386,-0.84918186,"5,983.62",175.00,3.01,2026-04-14 14:56:48
176,도시가스,-0.24,053050,지에스이 *,테마 편입 사유,2745.0,하락  65,-2.31,2740.0,2745.0,481599.0,1322.0,901892.0,,,0.202386,-0.84918186,"5,983.62",175.00,3.01,2026-04-14 14:56:48
176,도시가스,-0.24,117580,대성에너지,테마 편입 사유,9260.0,하락  250,-2.63,9240.0,9250.0,399682.0,3698.0,694798.0,,,0.202386,-0.84918186,"5,983.62",175.00,3.01,2026-04-14 14:56:48
165,은행,0.54,316140,우리금융지주,테마 편입 사유,35000.0,상승  850,2.49,35050.0,35100.0,1256349.0,44025.0,1344526.0,,,0.44694,-0.8052893999999999,"5,983.62",175.00,3.01,2026-04-14 14:56:48
165,은행,0.54,006220,제주은행,테마 편입 사유,12970.0,상승  250,1.97,12970.0,12980.0,132302.0,1724.0,173149.0,,,0.44694,-0.8052893999999999,"5,983.62",175.00,3.01,2026-04-14 14:56:48
165,은행,0.54,086790,하나금융지주,테마 편입 사유,121200.0,"상승  1,200",1.0,121400.0,121500.0,605356.0,73861.0,767670.0,,,0.44694,-0.8052893999999999,"5,983.62",175.00,3.01,2026-04-14 14:56:48
165,은행,0.54,323410,카카오뱅크,테마 편입 사유,25200.0,상승  250,1.0,25200.0,25250.0,591016.0,14957.0,491152.0,,,0.44694,-0.8052893999999999,"5,983.62",175.00,3.01,2026-04-14 14:56:48
165,은행,0.54,138930,BNK금융지주,테마 편입 사유,18640.0,상승  170,0.92,18580.0,18590.0,860323.0,16005.0,887636.0,,,0.44694,-0.8052893999999999,"5,983.62",175.00,3.01,2026-04-14 14:56:48
165,은행,0.54,139130,iM금융지주,테마 편입 사유,18270.0,상승  120,0.66,18300.0,18310.0,496270.0,9101.0,434775.0,,,0.44694,-0.8052893999999999,"5,983.62",175.00,3.01,2026-04-14 14:56:48
165,은행,0.54,055550,신한지주,테마 편입 사유,98800.0,상승  500,0.51,99000.0,99100.0,730959.0,72690.0,634338.0,,,0.44694,-0.8052893999999999,"5,983.62",175.00,3.01,2026-04-14 14:56:48
165,은행,0.54,024110,기업은행,테마 편입 사유,22250.0,보합0,0.0,22300.0,22350.0,905469.0,20340.0,699041.0,,,0.44694,-0.8052893999999999,"5,983.62",175.00,3.01,2026-04-14 14:56:48
165,은행,0.54,105560,KB금융,테마 편입 사유,155900.0,하락  700,-0.45,155900.0,156000.0,841569.0,132227.0,889890.0,,,0.44694,-0.8052893999999999,"5,983.62",175.00,3.01,2026-04-14 14:56:48
165,은행,0.54,279570,케이뱅크,테마 편입 사유,6360.0,하락  60,-0.93,6390.0,6400.0,2882693.0,18321.0,4570117.0,,,0.44694,-0.8052893999999999,"5,983.62",175.00,3.01,2026-04-14 14:56:48
165,은행,0.54,175330,JB금융지주,테마 편입 사유,30650.0,하락  500,-1.61,30650.0,30700.0,388612.0,11959.0,297603.0,,,0.44694,-0.8052893999999999,"5,983.62",175.00,3.01,2026-04-14 14:56:48
598,콩/대두,0.76,017810,풀무원,테마 편입 사유,12500.0,상승  380,3.14,12500.0,12510.0,61653.0,767.0,23282.0,,,0.5,-0.7449999999999999,"5,983.62",175.00,3.01,2026-04-14 14:56:48
598,콩/대두,0.76,007540,샘표,테마 편입 사유,54400.0,"상승  1,000",1.87,54100.0,54400.0,2600.0,140.0,3730.0,,,0.5,-0.7449999999999999,"5,983.62",175.00,3.01,2026-04-14 14:56:48
598,콩/대두,0.76,248170,샘표식품,테마 편입 사유,27400.0,상승  50,0.18,27400.0,27450.0,4854.0,133.0,10243.0,,,0.5,-0.7449999999999999,"5,983.62",175.00,3.01,2026-04-14 14:56:48
598,콩/대두,0.76,006880,신송홀딩스,테마 편입 사유,7320.0,하락  50,-0.68,7280.0,7290.0,143165.0,1046.0,205142.0,,,0.5,-0.7449999999999999,"5,983.62",175.00,3.01,2026-04-14 14:56:48
598,콩/대두,0.76,218150,미래생명자원 *,테마 편입 사유,3235.0,하락  25,-0.77,3230.0,3235.0,324011.0,1045.0,601953.0,,,0.5,-0.7449999999999999,"5,983.62",175.00,3.01,2026-04-14 14:56:48
94,조선기자재,1.2,217590,티엠씨,테마 편입 사유,34550.0,"상승  3,100",9.86,34600.0,34650.0,3986660.0,142333.0,3190001.0,,,0.644782,-0.7407938199999997,"5,983.62",175.00,3.01,2026-04-14 14:56:48
94,조선기자재,1.2,092460,한라IMS *,테마 편입 사유,16340.0,상승  940,6.1,16360.0,16420.0,119807.0,1934.0,30528.0,,,0.644782,-0.7407938199999997,"5,983.62",175.00,3.01,2026-04-14 14:56:48
94,조선기자재,1.2,082740,한화엔진,테마 편입 사유,48550.0,"상승  2,450",5.31,47750.0,47800.0,447087.0,21273.0,266419.0,,,0.644782,-0.7407938199999997,"5,983.62",175.00,3.01,2026-04-14 14:56:48
94,조선기자재,1.2,382900,범한퓨얼셀 *,테마 편입 사유,29600.0,"상승  1,450",5.15,29400.0,29500.0,78850.0,2323.0,14977.0,,,0.644782,-0.7407938199999997,"5,983.62",175.00,3.01,2026-04-14 14:56:48
94,조선기자재,1.2,054540,삼영엠텍 *,테마 편입 사유,11330.0,상승  510,4.71,11290.0,11300.0,183990.0,2070.0,78259.0,,,0.644782,-0.7407938199999997,"5,983.62",175.00,3.01,2026-04-14 14:56:48
94,조선기자재,1.2,355690,에이텀 *,테마 편입 사유,5360.0,상승  240,4.69,5250.0,5270.0,107929.0,575.0,82018.0,,,0.644782,-0.7407938199999997,"5,983.62",175.00,3.01,2026-04-14 14:56:48
94,조선기자재,1.2,044490,태웅 *,테마 편입 사유,46950.0,"상승  1,650",3.64,46050.0,46100.0,319950.0,14606.0,141739.0,,,0.644782,-0.7407938199999997,"5,983.62",175.00,3.01,2026-04-14 14:56:48
94,조선기자재,1.2,413630,씨피시스템 *,테마 편입 사유,3740.0,상승  120,3.31,3730.0,3750.0,159540.0,596.0,81853.0,,,0.644782,-0.7407938199999997,"5,983.62",175.00,3.01,2026-04-14 14:56:48
94,조선기자재,1.2,0008Z0,에스엔시스 *,테마 편입 사유,32450.0,"상승  1,000",3.18,32200.0,32250.0,17446.0,558.0,14677.0,,,0.644782,-0.7407938199999997,"5,983.62",175.00,3.01,2026-04-14 14:56:48
94,조선기자재,1.2,012210,삼미금속 *,테마 편입 사유,13500.0,상승  390,2.97,13450.0,13520.0,203358.0,2780.0,122075.0,,,0.644782,-0.7407938199999997,"5,983.62",175.00,3.01,2026-04-14 14:56:48
94,조선기자재,1.2,014940,오리엔탈정공 *,테마 편입 사유,6910.0,상승  190,2.83,6900.0,6910.0,84863.0,582.0,88810.0,,,0.644782,-0.7407938199999997,"5,983.62",175.00,3.01,2026-04-14 14:56:48
94,조선기자재,1.2,064820,케이프 *,테마 편입 사유,10970.0,상승  290,2.72,10970.0,10980.0,52025.0,569.0,44055.0,,,0.644782,-0.7407938199999997,"5,983.62",175.00,3.01,2026-04-14 14:56:48
94,조선기자재,1.2,073010,케이에스피 *,테마 편입 사유,3650.0,상승  65,1.81,3655.0,3660.0,149885.0,544.0,86813.0,,,0.644782,-0.7407938199999997,"5,983.62",175.00,3.01,2026-04-14 14:56:48
94,조선기자재,1.2,077970,STX엔진,테마 편입 사유,34100.0,상승  600,1.79,33900.0,33950.0,203874.0,6920.0,145349.0,,,0.644782,-0.7407938199999997,"5,983.62",175.00,3.01,2026-04-14 14:56:48
94,조선기자재,1.2,075580,세진중공업,테마 편입 사유,17640.0,상승  290,1.67,17600.0,17610.0,144880.0,2550.0,154943.0,,,0.644782,-0.7407938199999997,"5,983.62",175.00,3.01,2026-04-14 14:56:48
94,조선기자재,1.2,120030,조선선재,테마 편입 사유,100900.0,"상승  1,400",1.41,100100.0,100900.0,1133.0,113.0,409.0,,,0.644782,-0.7407938199999997,"5,983.62",175.00,3.01,2026-04-14 14:56:48
94,조선기자재,1.2,333430,일승 *,테마 편입 사유,5500.0,상승  70,1.29,5450.0,5490.0,141508.0,779.0,104043.0,,,0.644782,-0.7407938199999997,"5,983.62",175.00,3.01,2026-04-14 14:56:48
94,조선기자재,1.2,033500,동성화인텍 *,테마 편입 사유,26550.0,상승  300,1.14,26500.0,26550.0,205064.0,5366.0,252204.0,,,0.644782,-0.7407938199999997,"5,983.62",175.00,3.01,2026-04-14 14:56:48
94,조선기자재,1.2,071970,HD현대마린엔진,테마 편입 사유,85400.0,상승  800,0.95,85100.0,85200.0,152624.0,13102.0,383361.0,,,0.644782,-0.7407938199999997,"5,983.62",175.00,3.01,2026-04-14 14:56:48
94,조선기자재,1.2,460930,현대힘스 *,테마 편입 사유,18180.0,상승  170,0.94,18150.0,18160.0,119546.0,2174.0,105019.0,,,0.644782,-0.7407938199999997,"5,983.62",175.00,3.01,2026-04-14 14:56:48
94,조선기자재,1.2,101000,KS인더스트리 *,테마 편입 사유,907.0,상승  5,0.55,906.0,910.0,441546.0,402.0,488154.0,,,0.644782,-0.7407938199999997,"5,983.62",175.00,3.01,2026-04-14 14:56:48
94,조선기자재,1.2,085310,엔케이,테마 편입 사유,1168.0,상승  6,0.52,1168.0,1169.0,555143.0,649.0,1038970.0,,,0.644782,-0.7407938199999997,"5,983.62",175.00,3.01,2026-04-14 14:56:48
94,조선기자재,1.2,443060,HD현대마린솔루션,테마 편입 사유,185500.0,상승  900,0.49,185600.0,185700.0,114902.0,21405.0,87385.0,,,0.644782,-0.7407938199999997,"5,983.62",175.00,3.01,2026-04-14 14:56:48
94,조선기자재,1.2,099410,동방선기 *,테마 편입 사유,4715.0,상승  15,0.32,4720.0,4725.0,126895.0,599.0,68667.0,,,0.644782,-0.7407938199999997,"5,983.62",175.00,3.01,2026-04-14 14:56:48
94,조선기자재,1.2,103230,에스앤더블류 *,테마 편입 사유,3780.0,상승  10,0.27,3780.0,3785.0,18360.0,69.0,21059.0,,,0.644782,-0.7407938199999997,"5,983.62",175.00,3.01,2026-04-14 14:56:48
94,조선기자재,1.2,101930,인화정공 *,테마 편입 사유,52000.0,보합0,0.0,0.0,0.0,0.0,0.0,0.0,,,0.644782,-0.7407938199999997,"5,983.62",175.00,3.01,2026-04-14 14:56:48
94,조선기자재,1.2,108380,대양전기공업 *,테마 편입 사유,26950.0,보합0,0.0,26900.0,26950.0,33398.0,899.0,61879.0,,,0.644782,-0.7407938199999997,"5,983.62",175.00,3.01,2026-04-14 14:56:48
94,조선기자재,1.2,086670,비엠티 *,테마 편입 사유,15610.0,하락  30,-0.19,15580.0,15630.0,140491.0,2189.0,269030.0,,,0.644782,-0.7407938199999997,"5,983.62",175.00,3.01,2026-04-14 14:56:48
94,조선기자재,1.2,017960,한국카본,테마 편입 사유,50400.0,하락  300,-0.59,49850.0,49900.0,1081061.0,52512.0,1553824.0,,,0.644782,-0.7407938199999997,"5,983.62",175.00,3.01,2026-04-14 14:56:48
94,조선기자재,1.2,013030,하이록코리아 *,테마 편입 사유,41600.0,"하락  1,000",-2.35,41600.0,41650.0,82357.0,3444.0,144647.0,,,0.644782,-0.7407938199999997,"5,983.62",175.00,3.01,2026-04-14 14:56:48
94,조선기자재,1.2,133820,화인베스틸,테마 편입 사유,1490.0,하락  40,-2.61,1480.0,1486.0,161131.0,241.0,235855.0,,,0.644782,-0.7407938199999997,"5,983.62",175.00,3.01,2026-04-14 14:56:48
94,조선기자재,1.2,096350,대창솔루션 *,테마 편입 사유,2970.0,하락  90,-2.94,2975.0,2980.0,1175455.0,3525.0,1337058.0,,,0.644782,-0.7407938199999997,"5,983.62",175.00,3.01,2026-04-14 14:56:48
94,조선기자재,1.2,100090,SK오션플랜트,테마 편입 사유,23150.0,"하락  1,000",-4.14,23100.0,23150.0,2389709.0,54935.0,1815443.0,,,0.644782,-0.7407938199999997,"5,983.62",175.00,3.01,2026-04-14 14:56:48
94,조선기자재,1.2,014620,성광벤드 *,테마 편입 사유,38950.0,"하락  2,050",-5.0,39100.0,39150.0,387618.0,15173.0,294128.0,,,0.644782,-0.7407938199999997,"5,983.62",175.00,3.01,2026-04-14 14:56:48
94,조선기자재,1.2,023160,태광 *,테마 편입 사유,44950.0,"하락  3,550",-7.32,45100.0,45150.0,642755.0,28886.0,559311.0,,,0.644782,-0.7407938199999997,"5,983.62",175.00,3.01,2026-04-14 14:56:48
313,남-북-러 가스관사업,0.56,026940,부국철강,테마 편입 사유,2920.0,상승  310,11.88,2905.0,2910.0,25776966.0,78996.0,2171274.0,,,0.425606,-0.7210740599999999,"5,983.62",175.00,3.01,2026-04-14 14:56:48
313,남-북-러 가스관사업,0.56,095190,이엠코리아 *,테마 편입 사유,2485.0,상승  75,3.11,2475.0,2480.0,276256.0,678.0,157119.0,,,0.425606,-0.7210740599999999,"5,983.62",175.00,3.01,2026-04-14 14:56:48
313,남-북-러 가스관사업,0.56,008420,문배철강,테마 편입 사유,2440.0,상승  30,1.24,2435.0,2440.0,6282700.0,16374.0,307149.0,,,0.425606,-0.7210740599999999,"5,983.62",175.00,3.01,2026-04-14 14:56:48
313,남-북-러 가스관사업,0.56,017480,삼현철강 *,테마 편입 사유,4810.0,상승  55,1.16,4810.0,4815.0,48994.0,235.0,20231.0,,,0.425606,-0.7210740599999999,"5,983.62",175.00,3.01,2026-04-14 14:56:48
313,남-북-러 가스관사업,0.56,048470,대동스틸 *,테마 편입 사유,3520.0,상승  35,1.0,3530.0,3545.0,266528.0,940.0,266372.0,,,0.425606,-0.7210740599999999,"5,983.62",175.00,3.01,2026-04-14 14:56:48
313,남-북-러 가스관사업,0.56,071090,하이스틸,테마 편입 사유,4425.0,상승  40,0.91,4410.0,4415.0,6601856.0,30240.0,5005304.0,,,0.425606,-0.7210740599999999,"5,983.62",175.00,3.01,2026-04-14 14:56:48
313,남-북-러 가스관사업,0.56,060380,동양에스텍 *,테마 편입 사유,1457.0,상승  8,0.55,1467.0,1469.0,59119.0,87.0,29295.0,,,0.425606,-0.7210740599999999,"5,983.62",175.00,3.01,2026-04-14 14:56:48
313,남-북-러 가스관사업,0.56,085310,엔케이,테마 편입 사유,1168.0,상승  6,0.52,1168.0,1169.0,555143.0,649.0,1038970.0,,,0.425606,-0.7210740599999999,"5,983.62",175.00,3.01,2026-04-14 14:56:48
313,남-북-러 가스관사업,0.56,105740,디케이락 *,테마 편입 사유,10350.0,상승  20,0.19,10320.0,10330.0,125760.0,1296.0,189537.0,,,0.425606,-0.7210740599999999,"5,983.62",175.00,3.01,2026-04-14 14:56:48
313,남-북-러 가스관사업,0.56,039610,화성밸브 *,테마 편입 사유,10020.0,보합0,0.0,10010.0,10020.0,943331.0,9530.0,4671478.0,,,0.425606,-0.7210740599999999,"5,983.62",175.00,3.01,2026-04-14 14:56:48
313,남-북-러 가스관사업,0.56,008970,KBI동양철관,테마 편입 사유,1975.0,하락  23,-1.15,1979.0,1981.0,4715102.0,9400.0,8623099.0,,,0.425606,-0.7210740599999999,"5,983.62",175.00,3.01,2026-04-14 14:56:48
313,남-북-러 가스관사업,0.56,306200,세아제강,테마 편입 사유,148000.0,"하락  5,000",-3.27,147700.0,147900.0,22910.0,3383.0,17461.0,,,0.425606,-0.7210740599999999,"5,983.62",175.00,3.01,2026-04-14 14:56:48
313,남-북-러 가스관사업,0.56,100090,SK오션플랜트,테마 편입 사유,23150.0,"하락  1,000",-4.14,23100.0,23150.0,2389709.0,54935.0,1815443.0,,,0.425606,-0.7210740599999999,"5,983.62",175.00,3.01,2026-04-14 14:56:48
313,남-북-러 가스관사업,0.56,005010,휴스틸,테마 편입 사유,5290.0,하락  280,-5.03,5280.0,5290.0,2682791.0,14344.0,2235571.0,,,0.425606,-0.7210740599999999,"5,983.62",175.00,3.01,2026-04-14 14:56:48
329,전력저장장치(ESS),1.7,126340,비나텍 *,테마 편입 사유,134200.0,"상승  18,000",15.49,133700.0,133800.0,425584.0,57217.0,171116.0,,,0.803023,-0.7170992299999999,"5,983.62",175.00,3.01,2026-04-14 14:56:48
329,전력저장장치(ESS),1.7,140670,알에스오토메이션 *,테마 편입 사유,16190.0,상승  910,5.96,16260.0,16270.0,186180.0,2991.0,116799.0,,,0.803023,-0.7170992299999999,"5,983.62",175.00,3.01,2026-04-14 14:56:48
329,전력저장장치(ESS),1.7,267260,HD현대일렉트릭,테마 편입 사유,1062000.0,"상승  55,000",5.46,1066000.0,1067000.0,159835.0,168453.0,112646.0,,,0.803023,-0.7170992299999999,"5,983.62",175.00,3.01,2026-04-14 14:56:48
329,전력저장장치(ESS),1.7,178320,서진시스템 *,테마 편입 사유,50200.0,"상승  2,500",5.24,50200.0,50300.0,3274860.0,162264.0,2503374.0,,,0.803023,-0.7170992299999999,"5,983.62",175.00,3.01,2026-04-14 14:56:48
329,전력저장장치(ESS),1.7,066570,LG전자,테마 편입 사유,120300.0,"상승  5,000",4.34,120200.0,120300.0,606609.0,72727.0,469084.0,,,0.803023,-0.7170992299999999,"5,983.62",175.00,3.01,2026-04-14 14:56:48
329,전력저장장치(ESS),1.7,348370,엔켐 *,테마 편입 사유,38500.0,"상승  1,550",4.19,38400.0,38450.0,361678.0,14045.0,165492.0,,,0.803023,-0.7170992299999999,"5,983.62",175.00,3.01,2026-04-14 14:56:48
329,전력저장장치(ESS),1.7,010120,LS ELECTRIC,테마 편입 사유,186200.0,"상승  7,000",3.91,186000.0,186100.0,2060361.0,388852.0,2572650.0,,,0.803023,-0.7170992299999999,"5,983.62",175.00,3.01,2026-04-14 14:56:48
329,전력저장장치(ESS),1.7,130660,한전산업,테마 편입 사유,18790.0,상승  680,3.75,18780.0,18790.0,301686.0,5637.0,197215.0,,,0.803023,-0.7170992299999999,"5,983.62",175.00,3.01,2026-04-14 14:56:48
329,전력저장장치(ESS),1.7,024900,디와이덕양,테마 편입 사유,2130.0,상승  75,3.65,2135.0,2140.0,194184.0,412.0,177317.0,,,0.803023,-0.7170992299999999,"5,983.62",175.00,3.01,2026-04-14 14:56:48
329,전력저장장치(ESS),1.7,001820,삼화콘덴서,테마 편입 사유,64200.0,"상승  2,000",3.22,63900.0,64000.0,477249.0,31471.0,231636.0,,,0.803023,-0.7170992299999999,"5,983.62",175.00,3.01,2026-04-14 14:56:48
329,전력저장장치(ESS),1.7,089980,상아프론테크 *,테마 편입 사유,24400.0,상승  750,3.17,24250.0,24300.0,181017.0,4469.0,104357.0,,,0.803023,-0.7170992299999999,"5,983.62",175.00,3.01,2026-04-14 14:56:48
329,전력저장장치(ESS),1.7,047310,파워로직스 *,테마 편입 사유,5180.0,상승  140,2.78,5190.0,5220.0,368271.0,1903.0,472512.0,,,0.803023,-0.7170992299999999,"5,983.62",175.00,3.01,2026-04-14 14:56:48
329,전력저장장치(ESS),1.7,009470,삼화전기,테마 편입 사유,39450.0,"상승  1,050",2.73,39450.0,39550.0,106777.0,4234.0,113574.0,,,0.803023,-0.7170992299999999,"5,983.62",175.00,3.01,2026-04-14 14:56:48
329,전력저장장치(ESS),1.7,388050,지투파워 *,테마 편입 사유,12860.0,상승  330,2.63,12890.0,12900.0,1738422.0,22524.0,649607.0,,,0.803023,-0.7170992299999999,"5,983.62",175.00,3.01,2026-04-14 14:56:48
329,전력저장장치(ESS),1.7,290550,디케이티 *,테마 편입 사유,19800.0,상승  500,2.59,19810.0,19840.0,455025.0,9109.0,419138.0,,,0.803023,-0.7170992299999999,"5,983.62",175.00,3.01,2026-04-14 14:56:48
329,전력저장장치(ESS),1.7,222080,씨아이에스 *,테마 편입 사유,12080.0,상승  250,2.11,12100.0,12110.0,895040.0,10863.0,1046958.0,,,0.803023,-0.7170992299999999,"5,983.62",175.00,3.01,2026-04-14 14:56:48
329,전력저장장치(ESS),1.7,241690,유니테크노 *,테마 편입 사유,3905.0,상승  75,1.96,3890.0,3900.0,77852.0,303.0,88401.0,,,0.803023,-0.7170992299999999,"5,983.62",175.00,3.01,2026-04-14 14:56:48
329,전력저장장치(ESS),1.7,493330,지에프아이 *,테마 편입 사유,16290.0,상승  270,1.69,16320.0,16440.0,36650.0,606.0,92439.0,,,0.803023,-0.7170992299999999,"5,983.62",175.00,3.01,2026-04-14 14:56:48
329,전력저장장치(ESS),1.7,004490,세방전지,테마 편입 사유,60600.0,"상승  1,000",1.68,60500.0,60600.0,26290.0,1588.0,34900.0,,,0.803023,-0.7170992299999999,"5,983.62",175.00,3.01,2026-04-14 14:56:48
329,전력저장장치(ESS),1.7,273640,와이엠텍 *,테마 편입 사유,7780.0,상승  120,1.57,7770.0,7800.0,37528.0,293.0,29292.0,,,0.803023,-0.7170992299999999,"5,983.62",175.00,3.01,2026-04-14 14:56:48
329,전력저장장치(ESS),1.7,022100,포스코DX,테마 편입 사유,31850.0,상승  400,1.27,31900.0,31950.0,243929.0,7786.0,192268.0,,,0.803023,-0.7170992299999999,"5,983.62",175.00,3.01,2026-04-14 14:56:48
329,전력저장장치(ESS),1.7,054210,이랜텍 *,테마 편입 사유,10430.0,상승  130,1.26,10420.0,10430.0,217007.0,2254.0,166111.0,,,0.803023,-0.7170992299999999,"5,983.62",175.00,3.01,2026-04-14 14:56:48
329,전력저장장치(ESS),1.7,082920,비츠로셀 *,테마 편입 사유,44100.0,상승  450,1.03,43950.0,44000.0,744848.0,33014.0,900601.0,,,0.803023,-0.7170992299999999,"5,983.62",175.00,3.01,2026-04-14 14:56:48
329,전력저장장치(ESS),1.7,453450,그리드위즈 *,테마 편입 사유,19160.0,상승  160,0.84,19280.0,19290.0,97907.0,1889.0,81587.0,,,0.803023,-0.7170992299999999,"5,983.62",175.00,3.01,2026-04-14 14:56:48
329,전력저장장치(ESS),1.7,217820,원익피앤이 *,테마 편입 사유,3260.0,상승  25,0.77,3250.0,3255.0,169561.0,555.0,144594.0,,,0.803023,-0.7170992299999999,"5,983.62",175.00,3.01,2026-04-14 14:56:48
329,전력저장장치(ESS),1.7,125210,아모그린텍 *,테마 편입 사유,9620.0,상승  60,0.63,9630.0,9650.0,434143.0,4335.0,535620.0,,,0.803023,-0.7170992299999999,"5,983.62",175.00,3.01,2026-04-14 14:56:48
329,전력저장장치(ESS),1.7,416180,신성에스티 *,테마 편입 사유,35150.0,상승  150,0.43,35100.0,35200.0,22174.0,780.0,34491.0,,,0.803023,-0.7170992299999999,"5,983.62",175.00,3.01,2026-04-14 14:56:48
329,전력저장장치(ESS),1.7,137400,피엔티 *,테마 편입 사유,49950.0,상승  100,0.2,49950.0,50000.0,121229.0,6086.0,145105.0,,,0.803023,-0.7170992299999999,"5,983.62",175.00,3.01,2026-04-14 14:56:48
329,전력저장장치(ESS),1.7,107640,한중엔시에스 *,테마 편입 사유,53800.0,보합0,0.0,53600.0,53700.0,171656.0,9213.0,222199.0,,,0.803023,-0.7170992299999999,"5,983.62",175.00,3.01,2026-04-14 14:56:48
329,전력저장장치(ESS),1.7,096770,SK이노베이션,테마 편입 사유,121300.0,하락  200,-0.16,121200.0,121300.0,333671.0,40496.0,345810.0,,,0.803023,-0.7170992299999999,"5,983.62",175.00,3.01,2026-04-14 14:56:48
329,전력저장장치(ESS),1.7,373220,LG에너지솔루션,테마 편입 사유,400000.0,"하락  1,500",-0.37,400000.0,400500.0,230914.0,92886.0,218403.0,,,0.803023,-0.7170992299999999,"5,983.62",175.00,3.01,2026-04-14 14:56:48
329,전력저장장치(ESS),1.7,054090,삼진엘앤디 *,테마 편입 사유,1048.0,하락  6,-0.57,1049.0,1054.0,515276.0,539.0,482477.0,,,0.803023,-0.7170992299999999,"5,983.62",175.00,3.01,2026-04-14 14:56:48
329,전력저장장치(ESS),1.7,298040,효성중공업,테마 편입 사유,3040000.0,"하락  18,000",-0.59,3048000.0,3049000.0,62262.0,191839.0,56040.0,,,0.803023,-0.7170992299999999,"5,983.62",175.00,3.01,2026-04-14 14:56:48
329,전력저장장치(ESS),1.7,006400,삼성SDI,테마 편입 사유,471500.0,"하락  6,000",-1.26,470000.0,470500.0,763473.0,362016.0,482539.0,,,0.803023,-0.7170992299999999,"5,983.62",175.00,3.01,2026-04-14 14:56:48
329,전력저장장치(ESS),1.7,322000,HD현대에너지솔루션,테마 편입 사유,158100.0,"하락  2,800",-1.74,158200.0,158300.0,606094.0,95958.0,640616.0,,,0.803023,-0.7170992299999999,"5,983.62",175.00,3.01,2026-04-14 14:56:48
329,전력저장장치(ESS),1.7,259630,엠플러스 *,테마 편입 사유,15430.0,하락  380,-2.4,15400.0,15410.0,376171.0,5878.0,421794.0,,,0.803023,-0.7170992299999999,"5,983.62",175.00,3.01,2026-04-14 14:56:48
329,전력저장장치(ESS),1.7,282720,금양그린파워 *,테마 편입 사유,14530.0,하락  420,-2.81,14590.0,14610.0,286485.0,4165.0,286354.0,,,0.803023,-0.7170992299999999,"5,983.62",175.00,3.01,2026-04-14 14:56:48
329,전력저장장치(ESS),1.7,475150,SK이터닉스,테마 편입 사유,56600.0,"하락  2,300",-3.9,56500.0,56600.0,1380903.0,78593.0,1100621.0,,,0.803023,-0.7170992299999999,"5,983.62",175.00,3.01,2026-04-14 14:56:48
329,전력저장장치(ESS),1.7,011930,신성이엔지,테마 편입 사유,3740.0,하락  185,-4.71,3740.0,3745.0,35640395.0,137667.0,73720590.0,,,0.803023,-0.7170992299999999,"5,983.62",175.00,3.01,2026-04-14 14:56:48
402,아스콘(아스팔트 콘크리트),-0.29,225530,HC보광산업 *,테마 편입 사유,3960.0,상승  75,1.93,4005.0,4025.0,54859.0,217.0,99447.0,,,0.134931,-0.6961423099999999,"5,983.62",175.00,3.01,2026-04-14 14:56:48
402,아스콘(아스팔트 콘크리트),-0.29,023410,유진기업 *,테마 편입 사유,4100.0,상승  70,1.74,4110.0,4115.0,230532.0,938.0,233838.0,,,0.134931,-0.6961423099999999,"5,983.62",175.00,3.01,2026-04-14 14:56:48
402,아스콘(아스팔트 콘크리트),-0.29,255220,SG *,테마 편입 사유,2755.0,상승  5,0.18,2750.0,2755.0,1971208.0,5464.0,4621999.0,,,0.134931,-0.6961423099999999,"5,983.62",175.00,3.01,2026-04-14 14:56:48
402,아스콘(아스팔트 콘크리트),-0.29,031820,아이티센씨티에스,테마 편입 사유,753.0,보합0,0.0,0.0,0.0,0.0,0.0,0.0,,,0.134931,-0.6961423099999999,"5,983.62",175.00,3.01,2026-04-14 14:56:48
402,아스콘(아스팔트 콘크리트),-0.29,060560,HC홈센타 *,테마 편입 사유,822.0,보합0,0.0,0.0,0.0,0.0,0.0,442609.0,,,0.134931,-0.6961423099999999,"5,983.62",175.00,3.01,2026-04-14 14:56:48
402,아스콘(아스팔트 콘크리트),-0.29,013810,스페코 *,테마 편입 사유,3015.0,하락  25,-0.82,3010.0,3015.0,172138.0,516.0,462501.0,,,0.134931,-0.6961423099999999,"5,983.62",175.00,3.01,2026-04-14 14:56:48
402,아스콘(아스팔트 콘크리트),-0.29,014530,극동유화,테마 편입 사유,3900.0,하락  45,-1.14,3910.0,3920.0,333797.0,1296.0,506318.0,,,0.134931,-0.6961423099999999,"5,983.62",175.00,3.01,2026-04-14 14:56:48
402,아스콘(아스팔트 콘크리트),-0.29,048830,엔피케이 *,테마 편입 사유,1149.0,하락  26,-2.21,1148.0,1155.0,310485.0,363.0,725856.0,,,0.134931,-0.6961423099999999,"5,983.62",175.00,3.01,2026-04-14 14:56:48
402,아스콘(아스팔트 콘크리트),-0.29,004090,한국석유,테마 편입 사유,16300.0,하락  540,-3.21,16290.0,16300.0,393212.0,6396.0,865827.0,,,0.134931,-0.6961423099999999,"5,983.62",175.00,3.01,2026-04-14 14:56:48
181,테마파크,0.67,023350,한국종합기술,테마 편입 사유,5150.0,상승  130,2.59,5140.0,5150.0,273362.0,1402.0,97554.0,,,0.44185,-0.6599684999999998,"5,983.62",175.00,3.01,2026-04-14 14:56:48
181,테마파크,0.67,020710,시공테크 *,테마 편입 사유,4660.0,상승  75,1.64,4645.0,4650.0,1014225.0,4767.0,635264.0,,,0.44185,-0.6599684999999998,"5,983.62",175.00,3.01,2026-04-14 14:56:48
181,테마파크,0.67,066620,국보디자인 *,테마 편입 사유,22300.0,상승  350,1.59,22350.0,22400.0,3025.0,67.0,7348.0,,,0.44185,-0.6599684999999998,"5,983.62",175.00,3.01,2026-04-14 14:56:48
181,테마파크,0.67,000720,현대건설,테마 편입 사유,177100.0,"상승  1,100",0.63,176900.0,177000.0,1044330.0,184880.0,1047344.0,,,0.44185,-0.6599684999999998,"5,983.62",175.00,3.01,2026-04-14 14:56:48
181,테마파크,0.67,464580,닷밀 *,테마 편입 사유,2110.0,보합0,0.0,2100.0,2110.0,53782.0,113.0,240026.0,,,0.44185,-0.6599684999999998,"5,983.62",175.00,3.01,2026-04-14 14:56:48
181,테마파크,0.67,084680,이월드,테마 편입 사유,1855.0,하락  49,-2.57,1858.0,1860.0,1309866.0,2461.0,3429354.0,,,0.44185,-0.6599684999999998,"5,983.62",175.00,3.01,2026-04-14 14:56:48
206,농업,-0.05,101170,우림피티에스 *,테마 편입 사유,13220.0,상승  460,3.61,13220.0,13230.0,131888.0,1738.0,63692.0,,,0.201703,-0.65712603,"5,983.62",175.00,3.01,2026-04-14 14:56:48
206,농업,-0.05,154030,아시아종묘 *,테마 편입 사유,2050.0,상승  54,2.71,2035.0,2040.0,62544.0,128.0,63409.0,,,0.201703,-0.65712603,"5,983.62",175.00,3.01,2026-04-14 14:56:48
206,농업,-0.05,001390,KG케미칼,테마 편입 사유,5770.0,상승  110,1.94,5710.0,5720.0,721061.0,4100.0,929458.0,,,0.201703,-0.65712603,"5,983.62",175.00,3.01,2026-04-14 14:56:48
206,농업,-0.05,000490,대동,테마 편입 사유,10210.0,상승  180,1.79,10210.0,10230.0,182303.0,1855.0,204805.0,,,0.201703,-0.65712603,"5,983.62",175.00,3.01,2026-04-14 14:56:48
206,농업,-0.05,004000,롯데정밀화학,테마 편입 사유,51600.0,상승  900,1.78,51300.0,51400.0,43440.0,2221.0,41048.0,,,0.201703,-0.65712603,"5,983.62",175.00,3.01,2026-04-14 14:56:48
206,농업,-0.05,025860,남해화학,테마 편입 사유,9550.0,상승  160,1.7,9510.0,9520.0,17920937.0,173875.0,32329202.0,,,0.201703,-0.65712603,"5,983.62",175.00,3.01,2026-04-14 14:56:48
206,농업,-0.05,050860,아세아텍 *,테마 편입 사유,2020.0,상승  23,1.15,2005.0,2010.0,122785.0,247.0,36255.0,,,0.201703,-0.65712603,"5,983.62",175.00,3.01,2026-04-14 14:56:48
206,농업,-0.05,008830,대동기어 *,테마 편입 사유,21300.0,상승  200,0.95,21300.0,21350.0,160485.0,3422.0,149285.0,,,0.201703,-0.65712603,"5,983.62",175.00,3.01,2026-04-14 14:56:48
206,농업,-0.05,119500,포메탈 *,테마 편입 사유,4070.0,상승  35,0.87,4080.0,4085.0,59041.0,242.0,68004.0,,,0.201703,-0.65712603,"5,983.62",175.00,3.01,2026-04-14 14:56:48
206,농업,-0.05,014830,유니드,테마 편입 사유,84500.0,상승  500,0.6,84800.0,85000.0,32712.0,2727.0,29060.0,,,0.201703,-0.65712603,"5,983.62",175.00,3.01,2026-04-14 14:56:48
206,농업,-0.05,097870,효성오앤비 *,테마 편입 사유,6770.0,상승  40,0.59,6760.0,6780.0,2439496.0,17395.0,1493063.0,,,0.201703,-0.65712603,"5,983.62",175.00,3.01,2026-04-14 14:56:48
206,농업,-0.05,002100,경농,테마 편입 사유,10000.0,상승  50,0.5,10000.0,10010.0,133573.0,1334.0,454068.0,,,0.201703,-0.65712603,"5,983.62",175.00,3.01,2026-04-14 14:56:48
206,농업,-0.05,114450,그린생명과학 *,테마 편입 사유,2880.0,상승  5,0.17,2865.0,2870.0,160883.0,460.0,431003.0,,,0.201703,-0.65712603,"5,983.62",175.00,3.01,2026-04-14 14:56:48
206,농업,-0.05,403490,우듬지팜 *,테마 편입 사유,1276.0,보합0,0.0,1268.0,1275.0,104678.0,133.0,86798.0,,,0.201703,-0.65712603,"5,983.62",175.00,3.01,2026-04-14 14:56:48
206,농업,-0.05,003080,SB성보,테마 편입 사유,2645.0,보합0,0.0,2640.0,2645.0,7829.0,20.0,5032.0,,,0.201703,-0.65712603,"5,983.62",175.00,3.01,2026-04-14 14:56:48
206,농업,-0.05,054050,농우바이오 *,테마 편입 사유,8060.0,하락  40,-0.49,8040.0,8050.0,68007.0,549.0,64687.0,,,0.201703,-0.65712603,"5,983.62",175.00,3.01,2026-04-14 14:56:48
206,농업,-0.05,002900,TYM,테마 편입 사유,7120.0,하락  40,-0.56,7160.0,7170.0,153692.0,1103.0,178978.0,,,0.201703,-0.65712603,"5,983.62",175.00,3.01,2026-04-14 14:56:48
206,농업,-0.05,007590,동방아그로,테마 편입 사유,6040.0,하락  40,-0.66,6030.0,6040.0,6199.0,37.0,13522.0,,,0.201703,-0.65712603,"5,983.62",175.00,3.01,2026-04-14 14:56:48
206,농업,-0.05,352940,인바이오 *,테마 편입 사유,2235.0,하락  20,-0.89,2230.0,2245.0,15634.0,35.0,28509.0,,,0.201703,-0.65712603,"5,983.62",175.00,3.01,2026-04-14 14:56:48
206,농업,-0.05,186230,그린플러스 *,테마 편입 사유,4670.0,하락  85,-1.79,4680.0,4685.0,38468.0,181.0,33882.0,,,0.201703,-0.65712603,"5,983.62",175.00,3.01,2026-04-14 14:56:48
206,농업,-0.05,332290,누보 *,테마 편입 사유,1399.0,하락  40,-2.78,1403.0,1404.0,1336633.0,1894.0,7461762.0,,,0.201703,-0.65712603,"5,983.62",175.00,3.01,2026-04-14 14:56:48
206,농업,-0.05,001550,조비,테마 편입 사유,16190.0,하락  490,-2.94,16220.0,16230.0,666609.0,10930.0,2210732.0,,,0.201703,-0.65712603,"5,983.62",175.00,3.01,2026-04-14 14:56:48
206,농업,-0.05,020400,대동금속 *,테마 편입 사유,7440.0,하락  660,-8.15,7440.0,7450.0,546783.0,4213.0,1797747.0,,,0.201703,-0.65712603,"5,983.62",175.00,3.01,2026-04-14 14:56:48
204,비료,0.03,001390,KG케미칼,테마 편입 사유,5770.0,상승  110,1.94,5710.0,5720.0,721061.0,4100.0,929458.0,,,0.222217,-0.6388731699999999,"5,983.62",175.00,3.01,2026-04-14 14:56:48
204,비료,0.03,004000,롯데정밀화학,테마 편입 사유,51600.0,상승  900,1.78,51300.0,51400.0,43440.0,2221.0,41048.0,,,0.222217,-0.6388731699999999,"5,983.62",175.00,3.01,2026-04-14 14:56:48
204,비료,0.03,025860,남해화학,테마 편입 사유,9550.0,상승  160,1.7,9510.0,9520.0,17920937.0,173875.0,32329202.0,,,0.222217,-0.6388731699999999,"5,983.62",175.00,3.01,2026-04-14 14:56:48
204,비료,0.03,014580,태경비케이,테마 편입 사유,4605.0,상승  30,0.66,4595.0,4605.0,177899.0,815.0,99175.0,,,0.222217,-0.6388731699999999,"5,983.62",175.00,3.01,2026-04-14 14:56:48
204,비료,0.03,014830,유니드,테마 편입 사유,84500.0,상승  500,0.6,84800.0,85000.0,32712.0,2727.0,29060.0,,,0.222217,-0.6388731699999999,"5,983.62",175.00,3.01,2026-04-14 14:56:48
204,비료,0.03,097870,효성오앤비 *,테마 편입 사유,6770.0,상승  40,0.59,6760.0,6780.0,2439496.0,17395.0,1493063.0,,,0.222217,-0.6388731699999999,"5,983.62",175.00,3.01,2026-04-14 14:56:48
204,비료,0.03,033250,체시스,테마 편입 사유,999.0,보합0,0.0,0.0,0.0,0.0,0.0,336944.0,,,0.222217,-0.6388731699999999,"5,983.62",175.00,3.01,2026-04-14 14:56:48
204,비료,0.03,054050,농우바이오 *,테마 편입 사유,8060.0,하락  40,-0.49,8040.0,8050.0,68007.0,549.0,64687.0,,,0.222217,-0.6388731699999999,"5,983.62",175.00,3.01,2026-04-14 14:56:48
204,비료,0.03,332290,누보 *,테마 편입 사유,1399.0,하락  40,-2.78,1403.0,1404.0,1336633.0,1894.0,7461762.0,,,0.222217,-0.6388731699999999,"5,983.62",175.00,3.01,2026-04-14 14:56:48
204,비료,0.03,001550,조비,테마 편입 사유,16190.0,하락  490,-2.94,16220.0,16230.0,666609.0,10930.0,2210732.0,,,0.222217,-0.6388731699999999,"5,983.62",175.00,3.01,2026-04-14 14:56:48
446,2차전지(소재/부품),1.17,033160,엠케이전자 *,테마 편입 사유,24800.0,"상승  5,410",27.9,24800.0,24850.0,4034664.0,94601.0,792057.0,,,0.598749,-0.6322344899999999,"5,983.62",175.00,3.01,2026-04-14 14:56:48
446,2차전지(소재/부품),1.17,900070,글로벌에스엠 *,테마 편입 사유,569.0,상승  69,13.8,567.0,570.0,3154640.0,1833.0,248558.0,,,0.598749,-0.6322344899999999,"5,983.62",175.00,3.01,2026-04-14 14:56:48
446,2차전지(소재/부품),1.17,446540,메가터치 *,테마 편입 사유,4790.0,상승  580,13.78,4495.0,4500.0,1211761.0,5605.0,53998.0,,,0.598749,-0.6322344899999999,"5,983.62",175.00,3.01,2026-04-14 14:56:48
446,2차전지(소재/부품),1.17,354320,알멕 *,테마 편입 사유,88100.0,"상승  6,800",8.36,88600.0,88700.0,428415.0,35817.0,604683.0,,,0.598749,-0.6322344899999999,"5,983.62",175.00,3.01,2026-04-14 14:56:48
446,2차전지(소재/부품),1.17,121850,코이즈 *,테마 편입 사유,3130.0,상승  190,6.46,3125.0,3145.0,1825347.0,5934.0,1298037.0,,,0.598749,-0.6322344899999999,"5,983.62",175.00,3.01,2026-04-14 14:56:48
446,2차전지(소재/부품),1.17,084850,아이티엠반도체 *,테마 편입 사유,18140.0,상승  830,4.79,17910.0,17930.0,648606.0,11845.0,259628.0,,,0.598749,-0.6322344899999999,"5,983.62",175.00,3.01,2026-04-14 14:56:48
446,2차전지(소재/부품),1.17,475660,에스켐 *,테마 편입 사유,5640.0,상승  250,4.64,5620.0,5660.0,25103.0,140.0,3665.0,,,0.598749,-0.6322344899999999,"5,983.62",175.00,3.01,2026-04-14 14:56:48
446,2차전지(소재/부품),1.17,348370,엔켐 *,테마 편입 사유,38500.0,"상승  1,550",4.19,38400.0,38450.0,361678.0,14045.0,165492.0,,,0.598749,-0.6322344899999999,"5,983.62",175.00,3.01,2026-04-14 14:56:48
446,2차전지(소재/부품),1.17,417010,나노팀 *,테마 편입 사유,10500.0,상승  410,4.06,10450.0,10460.0,753366.0,8150.0,166076.0,,,0.598749,-0.6322344899999999,"5,983.62",175.00,3.01,2026-04-14 14:56:48
446,2차전지(소재/부품),1.17,088390,이녹스 *,테마 편입 사유,11920.0,상승  460,4.01,11920.0,11940.0,25037.0,298.0,17646.0,,,0.598749,-0.6322344899999999,"5,983.62",175.00,3.01,2026-04-14 14:56:48
446,2차전지(소재/부품),1.17,265560,영화테크 *,테마 편입 사유,9300.0,상승  340,3.79,9260.0,9280.0,82530.0,761.0,57124.0,,,0.598749,-0.6322344899999999,"5,983.62",175.00,3.01,2026-04-14 14:56:48
446,2차전지(소재/부품),1.17,458650,성우 *,테마 편입 사유,13180.0,상승  430,3.37,13210.0,13220.0,172355.0,2259.0,59805.0,,,0.598749,-0.6322344899999999,"5,983.62",175.00,3.01,2026-04-14 14:56:48
446,2차전지(소재/부품),1.17,089980,상아프론테크 *,테마 편입 사유,24400.0,상승  750,3.17,24250.0,24300.0,181017.0,4469.0,104357.0,,,0.598749,-0.6322344899999999,"5,983.62",175.00,3.01,2026-04-14 14:56:48
446,2차전지(소재/부품),1.17,015750,성우하이텍 *,테마 편입 사유,8740.0,상승  240,2.82,8750.0,8760.0,478997.0,4195.0,279241.0,,,0.598749,-0.6322344899999999,"5,983.62",175.00,3.01,2026-04-14 14:56:48
446,2차전지(소재/부품),1.17,047310,파워로직스 *,테마 편입 사유,5180.0,상승  140,2.78,5190.0,5220.0,368271.0,1903.0,472512.0,,,0.598749,-0.6322344899999999,"5,983.62",175.00,3.01,2026-04-14 14:56:48
446,2차전지(소재/부품),1.17,093370,후성,테마 편입 사유,10950.0,상승  290,2.72,10950.0,10960.0,7434376.0,83397.0,3650764.0,,,0.598749,-0.6322344899999999,"5,983.62",175.00,3.01,2026-04-14 14:56:48
446,2차전지(소재/부품),1.17,161000,애경케미칼,테마 편입 사유,13680.0,상승  330,2.47,13630.0,13640.0,1103936.0,14915.0,1832937.0,,,0.598749,-0.6322344899999999,"5,983.62",175.00,3.01,2026-04-14 14:56:48
446,2차전지(소재/부품),1.17,312610,에이에프더블류 *,테마 편입 사유,1125.0,상승  25,2.27,1113.0,1125.0,18554.0,21.0,7967.0,,,0.598749,-0.6322344899999999,"5,983.62",175.00,3.01,2026-04-14 14:56:48
446,2차전지(소재/부품),1.17,025900,동화기업 *,테마 편입 사유,11370.0,상승  220,1.97,11330.0,11340.0,230825.0,2609.0,560918.0,,,0.598749,-0.6322344899999999,"5,983.62",175.00,3.01,2026-04-14 14:56:48
446,2차전지(소재/부품),1.17,419050,삼기에너지솔루션즈 *,테마 편입 사유,1615.0,상승  31,1.96,1612.0,1613.0,234222.0,377.0,117786.0,,,0.598749,-0.6322344899999999,"5,983.62",175.00,3.01,2026-04-14 14:56:48
446,2차전지(소재/부품),1.17,001390,KG케미칼,테마 편입 사유,5770.0,상승  110,1.94,5710.0,5720.0,721061.0,4100.0,929458.0,,,0.598749,-0.6322344899999999,"5,983.62",175.00,3.01,2026-04-14 14:56:48
446,2차전지(소재/부품),1.17,452400,이닉스 *,테마 편입 사유,8950.0,상승  160,1.82,8900.0,8950.0,14285.0,127.0,9558.0,,,0.598749,-0.6322344899999999,"5,983.62",175.00,3.01,2026-04-14 14:56:48
446,2차전지(소재/부품),1.17,011500,한농화성,테마 편입 사유,20900.0,상승  350,1.7,20950.0,21000.0,128893.0,2709.0,167265.0,,,0.598749,-0.6322344899999999,"5,983.62",175.00,3.01,2026-04-14 14:56:48
446,2차전지(소재/부품),1.17,220260,켐트로스 *,테마 편입 사유,5600.0,상승  90,1.63,5610.0,5620.0,210111.0,1176.0,163363.0,,,0.598749,-0.6322344899999999,"5,983.62",175.00,3.01,2026-04-14 14:56:48
446,2차전지(소재/부품),1.17,093920,서원인텍 *,테마 편입 사유,5180.0,상승  80,1.57,5150.0,5160.0,45127.0,232.0,27638.0,,,0.598749,-0.6322344899999999,"5,983.62",175.00,3.01,2026-04-14 14:56:48
446,2차전지(소재/부품),1.17,014680,한솔케미칼,테마 편입 사유,264000.0,"상승  4,000",1.54,265000.0,265500.0,78450.0,20866.0,140603.0,,,0.598749,-0.6322344899999999,"5,983.62",175.00,3.01,2026-04-14 14:56:48
446,2차전지(소재/부품),1.17,263770,유에스티 *,테마 편입 사유,2050.0,상승  30,1.49,2040.0,2050.0,60418.0,122.0,71495.0,,,0.598749,-0.6322344899999999,"5,983.62",175.00,3.01,2026-04-14 14:56:48
446,2차전지(소재/부품),1.17,240600,유진테크놀로지 *,테마 편입 사유,3430.0,상승  45,1.33,3405.0,3415.0,16607.0,56.0,13348.0,,,0.598749,-0.6322344899999999,"5,983.62",175.00,3.01,2026-04-14 14:56:48
446,2차전지(소재/부품),1.17,054210,이랜텍 *,테마 편입 사유,10430.0,상승  130,1.26,10420.0,10430.0,217007.0,2254.0,166111.0,,,0.598749,-0.6322344899999999,"5,983.62",175.00,3.01,2026-04-14 14:56:48
446,2차전지(소재/부품),1.17,065350,신성델타테크 *,테마 편입 사유,56500.0,상승  700,1.25,56600.0,56700.0,57098.0,3247.0,94257.0,,,0.598749,-0.6322344899999999,"5,983.62",175.00,3.01,2026-04-14 14:56:48
446,2차전지(소재/부품),1.17,004910,조광페인트,테마 편입 사유,4990.0,상승  50,1.01,4990.0,5000.0,37040.0,184.0,19391.0,,,0.598749,-0.6322344899999999,"5,983.62",175.00,3.01,2026-04-14 14:56:48
446,2차전지(소재/부품),1.17,018470,조일알미늄,테마 편입 사유,1936.0,상승  19,0.99,1937.0,1939.0,79204235.0,162934.0,146563011.0,,,0.598749,-0.6322344899999999,"5,983.62",175.00,3.01,2026-04-14 14:56:48
446,2차전지(소재/부품),1.17,051490,나라엠앤디 *,테마 편입 사유,3655.0,상승  35,0.97,3655.0,3660.0,38812.0,141.0,32015.0,,,0.598749,-0.6322344899999999,"5,983.62",175.00,3.01,2026-04-14 14:56:48
446,2차전지(소재/부품),1.17,011790,SKC,테마 편입 사유,96900.0,상승  900,0.94,96900.0,97100.0,116754.0,11323.0,126374.0,,,0.598749,-0.6322344899999999,"5,983.62",175.00,3.01,2026-04-14 14:56:48
446,2차전지(소재/부품),1.17,075970,동국알앤에스 *,테마 편입 사유,2265.0,상승  20,0.89,2255.0,2260.0,105420.0,236.0,133390.0,,,0.598749,-0.6322344899999999,"5,983.62",175.00,3.01,2026-04-14 14:56:48
446,2차전지(소재/부품),1.17,086520,에코프로 *,테마 편입 사유,144700.0,"상승  1,000",0.7,145000.0,145100.0,520300.0,75908.0,822112.0,,,0.598749,-0.6322344899999999,"5,983.62",175.00,3.01,2026-04-14 14:56:48
446,2차전지(소재/부품),1.17,178920,PI첨단소재,테마 편입 사유,24250.0,상승  150,0.62,24150.0,24250.0,212118.0,5120.0,284926.0,,,0.598749,-0.6322344899999999,"5,983.62",175.00,3.01,2026-04-14 14:56:48
446,2차전지(소재/부품),1.17,051910,LG화학,테마 편입 사유,342000.0,"상승  2,000",0.59,341000.0,341500.0,137799.0,47450.0,264626.0,,,0.598749,-0.6322344899999999,"5,983.62",175.00,3.01,2026-04-14 14:56:48
446,2차전지(소재/부품),1.17,101360,에코앤드림 *,테마 편입 사유,17850.0,상승  90,0.51,17840.0,17850.0,72374.0,1296.0,52642.0,,,0.598749,-0.6322344899999999,"5,983.62",175.00,3.01,2026-04-14 14:56:48
446,2차전지(소재/부품),1.17,416180,신성에스티 *,테마 편입 사유,35150.0,상승  150,0.43,35100.0,35200.0,22174.0,780.0,34491.0,,,0.598749,-0.6322344899999999,"5,983.62",175.00,3.01,2026-04-14 14:56:48
446,2차전지(소재/부품),1.17,005490,POSCO홀딩스,테마 편입 사유,361500.0,"상승  1,500",0.42,361000.0,361500.0,186184.0,67648.0,284457.0,,,0.598749,-0.6322344899999999,"5,983.62",175.00,3.01,2026-04-14 14:56:48
446,2차전지(소재/부품),1.17,222420,쎄노텍 *,테마 편입 사유,1402.0,상승  5,0.36,1400.0,1403.0,365822.0,509.0,428748.0,,,0.598749,-0.6322344899999999,"5,983.62",175.00,3.01,2026-04-14 14:56:48
446,2차전지(소재/부품),1.17,317330,덕산테코피아 *,테마 편입 사유,19280.0,상승  50,0.26,19280.0,19290.0,209502.0,4035.0,576011.0,,,0.598749,-0.6322344899999999,"5,983.62",175.00,3.01,2026-04-14 14:56:48
446,2차전지(소재/부품),1.17,006650,대한유화,테마 편입 사유,151700.0,상승  300,0.2,152300.0,152500.0,44167.0,6763.0,39884.0,,,0.598749,-0.6322344899999999,"5,983.62",175.00,3.01,2026-04-14 14:56:48
446,2차전지(소재/부품),1.17,096630,에스코넥 *,테마 편입 사유,813.0,보합0,0.0,0.0,0.0,0.0,0.0,0.0,,,0.598749,-0.6322344899999999,"5,983.62",175.00,3.01,2026-04-14 14:56:48
446,2차전지(소재/부품),1.17,014820,동원시스템즈,테마 편입 사유,25300.0,보합0,0.0,25350.0,25400.0,26251.0,667.0,22317.0,,,0.598749,-0.6322344899999999,"5,983.62",175.00,3.01,2026-04-14 14:56:48
446,2차전지(소재/부품),1.17,032560,황금에스티,테마 편입 사유,6110.0,보합0,0.0,6070.0,6090.0,32705.0,199.0,29794.0,,,0.598749,-0.6322344899999999,"5,983.62",175.00,3.01,2026-04-14 14:56:48
446,2차전지(소재/부품),1.17,247540,에코프로비엠 *,테마 편입 사유,198900.0,하락  100,-0.05,199100.0,199200.0,248762.0,49832.0,286581.0,,,0.598749,-0.6322344899999999,"5,983.62",175.00,3.01,2026-04-14 14:56:48
446,2차전지(소재/부품),1.17,336370,솔루스첨단소재,테마 편입 사유,9640.0,하락  40,-0.41,9630.0,9640.0,230088.0,2217.0,272403.0,,,0.598749,-0.6322344899999999,"5,983.62",175.00,3.01,2026-04-14 14:56:48
446,2차전지(소재/부품),1.17,450080,에코프로머티,테마 편입 사유,70700.0,하락  300,-0.42,70500.0,70600.0,756766.0,53737.0,781588.0,,,0.598749,-0.6322344899999999,"5,983.62",175.00,3.01,2026-04-14 14:56:48
446,2차전지(소재/부품),1.17,010130,고려아연,테마 편입 사유,1656000.0,"하락  7,000",-0.42,1658000.0,1660000.0,18039.0,30201.0,42837.0,,,0.598749,-0.6322344899999999,"5,983.62",175.00,3.01,2026-04-14 14:56:48
446,2차전지(소재/부품),1.17,055490,테이팩스,테마 편입 사유,16890.0,하락  80,-0.47,16830.0,16850.0,17500.0,295.0,23253.0,,,0.598749,-0.6322344899999999,"5,983.62",175.00,3.01,2026-04-14 14:56:48
446,2차전지(소재/부품),1.17,054090,삼진엘앤디 *,테마 편입 사유,1048.0,하락  6,-0.57,1049.0,1054.0,515276.0,539.0,482477.0,,,0.598749,-0.6322344899999999,"5,983.62",175.00,3.01,2026-04-14 14:56:48
446,2차전지(소재/부품),1.17,005420,코스모화학,테마 편입 사유,15650.0,하락  100,-0.63,15660.0,15670.0,159331.0,2508.0,153057.0,,,0.598749,-0.6322344899999999,"5,983.62",175.00,3.01,2026-04-14 14:56:48
446,2차전지(소재/부품),1.17,003670,포스코퓨처엠,테마 편입 사유,213000.0,"하락  1,500",-0.7,212500.0,213000.0,120258.0,25833.0,181353.0,,,0.598749,-0.6322344899999999,"5,983.62",175.00,3.01,2026-04-14 14:56:48
446,2차전지(소재/부품),1.17,114190,강원에너지 *,테마 편입 사유,14050.0,하락  100,-0.71,14030.0,14060.0,272388.0,3863.0,345455.0,,,0.598749,-0.6322344899999999,"5,983.62",175.00,3.01,2026-04-14 14:56:48
446,2차전지(소재/부품),1.17,121600,나노신소재 *,테마 편입 사유,68400.0,하락  500,-0.73,68500.0,68600.0,72517.0,4998.0,126845.0,,,0.598749,-0.6322344899999999,"5,983.62",175.00,3.01,2026-04-14 14:56:48
446,2차전지(소재/부품),1.17,008730,율촌화학,테마 편입 사유,26650.0,하락  200,-0.74,26650.0,26700.0,80181.0,2178.0,111500.0,,,0.598749,-0.6322344899999999,"5,983.62",175.00,3.01,2026-04-14 14:56:48
446,2차전지(소재/부품),1.17,243840,신흥에스이씨 *,테마 편입 사유,7900.0,하락  60,-0.75,7850.0,7860.0,522905.0,4140.0,415736.0,,,0.598749,-0.6322344899999999,"5,983.62",175.00,3.01,2026-04-14 14:56:48
446,2차전지(소재/부품),1.17,361610,SK아이이테크놀로지,테마 편입 사유,22650.0,하락  200,-0.88,22650.0,22700.0,128828.0,2928.0,115471.0,,,0.598749,-0.6322344899999999,"5,983.62",175.00,3.01,2026-04-14 14:56:48
446,2차전지(소재/부품),1.17,357780,솔브레인 *,테마 편입 사유,412000.0,"하락  5,000",-1.2,412500.0,413000.0,51981.0,21483.0,22671.0,,,0.598749,-0.6322344899999999,"5,983.62",175.00,3.01,2026-04-14 14:56:48
446,2차전지(소재/부품),1.17,091580,상신이디피 *,테마 편입 사유,21000.0,하락  300,-1.41,20900.0,20950.0,265011.0,5562.0,264995.0,,,0.598749,-0.6322344899999999,"5,983.62",175.00,3.01,2026-04-14 14:56:48
446,2차전지(소재/부품),1.17,005070,코스모신소재,테마 편입 사유,53100.0,하락  800,-1.48,52900.0,53000.0,181283.0,9704.0,123971.0,,,0.598749,-0.6322344899999999,"5,983.62",175.00,3.01,2026-04-14 14:56:48
446,2차전지(소재/부품),1.17,001780,알루코,테마 편입 사유,2840.0,하락  45,-1.56,2845.0,2850.0,12933752.0,37515.0,45487864.0,,,0.598749,-0.6322344899999999,"5,983.62",175.00,3.01,2026-04-14 14:56:48
446,2차전지(소재/부품),1.17,002710,TCC스틸,테마 편입 사유,16600.0,하락  380,-2.24,16600.0,16610.0,310438.0,5153.0,486825.0,,,0.598749,-0.6322344899999999,"5,983.62",175.00,3.01,2026-04-14 14:56:48
446,2차전지(소재/부품),1.17,001530,DI동일,테마 편입 사유,23600.0,하락  600,-2.48,23600.0,23650.0,51705.0,1242.0,124926.0,,,0.598749,-0.6322344899999999,"5,983.62",175.00,3.01,2026-04-14 14:56:48
446,2차전지(소재/부품),1.17,078600,대주전자재료 *,테마 편입 사유,116300.0,"하락  3,000",-2.51,115800.0,115900.0,438600.0,50318.0,125297.0,,,0.598749,-0.6322344899999999,"5,983.62",175.00,3.01,2026-04-14 14:56:48
446,2차전지(소재/부품),1.17,036830,솔브레인홀딩스 *,테마 편입 사유,53400.0,"하락  1,500",-2.73,53400.0,53500.0,62550.0,3366.0,85236.0,,,0.598749,-0.6322344899999999,"5,983.62",175.00,3.01,2026-04-14 14:56:48
446,2차전지(소재/부품),1.17,020150,롯데에너지머티리얼즈,테마 편입 사유,45950.0,"하락  1,400",-2.96,46050.0,46100.0,307319.0,14148.0,411882.0,,,0.598749,-0.6322344899999999,"5,983.62",175.00,3.01,2026-04-14 14:56:48
446,2차전지(소재/부품),1.17,278280,천보 *,테마 편입 사유,62200.0,"하락  2,400",-3.72,61400.0,61500.0,269721.0,16795.0,1008974.0,,,0.598749,-0.6322344899999999,"5,983.62",175.00,3.01,2026-04-14 14:56:48
446,2차전지(소재/부품),1.17,066970,엘앤에프,테마 편입 사유,173900.0,"하락  7,800",-4.29,173000.0,173100.0,991608.0,172383.0,737997.0,,,0.598749,-0.6322344899999999,"5,983.62",175.00,3.01,2026-04-14 14:56:48
446,2차전지(소재/부품),1.17,393890,더블유씨피 *,테마 편입 사유,15060.0,하락  680,-4.32,14910.0,14920.0,1589943.0,24060.0,1210714.0,,,0.598749,-0.6322344899999999,"5,983.62",175.00,3.01,2026-04-14 14:56:48
446,2차전지(소재/부품),1.17,006110,삼아알미늄,테마 편입 사유,56900.0,"하락  2,800",-4.69,57000.0,57100.0,518692.0,29706.0,1105444.0,,,0.598749,-0.6322344899999999,"5,983.62",175.00,3.01,2026-04-14 14:56:48
446,2차전지(소재/부품),1.17,029480,광무 *,테마 편입 사유,2275.0,하락  125,-5.21,2285.0,2290.0,859562.0,2019.0,2828453.0,,,0.598749,-0.6322344899999999,"5,983.62",175.00,3.01,2026-04-14 14:56:48
446,2차전지(소재/부품),1.17,033790,피노 *,테마 편입 사유,9030.0,하락  930,-9.34,9010.0,9020.0,3153651.0,29372.0,2763704.0,,,0.598749,-0.6322344899999999,"5,983.62",175.00,3.01,2026-04-14 14:56:48
155,반도체 대표주(생산),3.49,000660,SK하이닉스,테마 편입 사유,1111000.0,"상승  71,000",6.83,1110000.0,1111000.0,4085443.0,4530501.0,2769753.0,,,1.35572,-0.5907171999999994,"5,983.62",175.00,3.01,2026-04-14 14:56:48
155,반도체 대표주(생산),3.49,005930,삼성전자,테마 편입 사유,207500.0,"상승  6,500",3.23,207000.0,207500.0,20344755.0,4234234.0,19603415.0,,,1.35572,-0.5907171999999994,"5,983.62",175.00,3.01,2026-04-14 14:56:48
155,반도체 대표주(생산),3.49,000990,DB하이텍,테마 편입 사유,96900.0,상승  400,0.41,96300.0,96400.0,296490.0,28651.0,273350.0,,,1.35572,-0.5907171999999994,"5,983.62",175.00,3.01,2026-04-14 14:56:48
62,철강 주요종목,0.06,001430,세아베스틸지주,테마 편입 사유,67600.0,"상승  4,100",6.46,67300.0,67500.0,430701.0,29489.0,198695.0,,,0.210304,-0.57301504,"5,983.62",175.00,3.01,2026-04-14 14:56:48
62,철강 주요종목,0.06,004020,현대제철,테마 편입 사유,39550.0,"상승  1,050",2.73,39600.0,39650.0,886346.0,35112.0,752861.0,,,0.210304,-0.57301504,"5,983.62",175.00,3.01,2026-04-14 14:56:48
62,철강 주요종목,0.06,016380,KG스틸,테마 편입 사유,5670.0,상승  30,0.53,5670.0,5680.0,263353.0,1491.0,236912.0,,,0.210304,-0.57301504,"5,983.62",175.00,3.01,2026-04-14 14:56:48
62,철강 주요종목,0.06,005490,POSCO홀딩스,테마 편입 사유,361500.0,"상승  1,500",0.42,361000.0,361500.0,186184.0,67648.0,284457.0,,,0.210304,-0.57301504,"5,983.62",175.00,3.01,2026-04-14 14:56:48
62,철강 주요종목,0.06,460850,동국씨엠,테마 편입 사유,5640.0,상승  20,0.36,5630.0,5640.0,57891.0,326.0,48511.0,,,0.210304,-0.57301504,"5,983.62",175.00,3.01,2026-04-14 14:56:48
62,철강 주요종목,0.06,058430,포스코스틸리온,테마 편입 사유,48000.0,보합0,0.0,0.0,0.0,0.0,0.0,0.0,,,0.210304,-0.57301504,"5,983.62",175.00,3.01,2026-04-14 14:56:48
62,철강 주요종목,0.06,002240,고려제강,테마 편입 사유,22550.0,하락  50,-0.22,22550.0,22600.0,30755.0,694.0,59791.0,,,0.210304,-0.57301504,"5,983.62",175.00,3.01,2026-04-14 14:56:48
62,철강 주요종목,0.06,460860,동국제강,테마 편입 사유,10570.0,하락  170,-1.58,10560.0,10580.0,378788.0,3970.0,426890.0,,,0.210304,-0.57301504,"5,983.62",175.00,3.01,2026-04-14 14:56:48
62,철강 주요종목,0.06,104700,한국철강,테마 편입 사유,10310.0,하락  200,-1.9,10310.0,10320.0,107216.0,1109.0,218109.0,,,0.210304,-0.57301504,"5,983.62",175.00,3.01,2026-04-14 14:56:48
62,철강 주요종목,0.06,306200,세아제강,테마 편입 사유,148000.0,"하락  5,000",-3.27,147800.0,147900.0,22910.0,3383.0,17461.0,,,0.210304,-0.57301504,"5,983.62",175.00,3.01,2026-04-14 14:56:48
62,철강 주요종목,0.06,084010,대한제강,테마 편입 사유,12080.0,하락  420,-3.36,12040.0,12050.0,114947.0,1393.0,161419.0,,,0.210304,-0.57301504,"5,983.62",175.00,3.01,2026-04-14 14:56:48
517,우크라이나 재건,0.73,053160,프리엠스 *,테마 편입 사유,9350.0,상승  570,6.49,9320.0,9340.0,60920.0,564.0,45204.0,,,0.423375,-0.54435875,"5,983.62",175.00,3.01,2026-04-14 14:56:48
517,우크라이나 재건,0.73,054930,유신 *,테마 편입 사유,28450.0,"상승  1,400",5.18,28500.0,28650.0,82489.0,2307.0,80619.0,,,0.423375,-0.54435875,"5,983.62",175.00,3.01,2026-04-14 14:56:48
517,우크라이나 재건,0.73,017550,수산세보틱스,테마 편입 사유,3145.0,상승  140,4.66,3150.0,3155.0,2247527.0,6987.0,1847312.0,,,0.423375,-0.54435875,"5,983.62",175.00,3.01,2026-04-14 14:56:48
517,우크라이나 재건,0.73,037440,희림 *,테마 편입 사유,6320.0,상승  270,4.46,6290.0,6310.0,7275791.0,46039.0,2146628.0,,,0.423375,-0.54435875,"5,983.62",175.00,3.01,2026-04-14 14:56:48
517,우크라이나 재건,0.73,019770,서연탑메탈 *,테마 편입 사유,4190.0,상승  145,3.58,4185.0,4190.0,232746.0,967.0,78163.0,,,0.423375,-0.54435875,"5,983.62",175.00,3.01,2026-04-14 14:56:48
517,우크라이나 재건,0.73,210540,디와이파워,테마 편입 사유,15240.0,상승  420,2.83,15190.0,15200.0,105065.0,1592.0,70766.0,,,0.423375,-0.54435875,"5,983.62",175.00,3.01,2026-04-14 14:56:48
517,우크라이나 재건,0.73,109610,에스와이 *,테마 편입 사유,2940.0,상승  80,2.8,2950.0,2955.0,196072.0,574.0,318114.0,,,0.423375,-0.54435875,"5,983.62",175.00,3.01,2026-04-14 14:56:48
517,우크라이나 재건,0.73,317850,대모 *,테마 편입 사유,9420.0,상승  240,2.61,9380.0,9390.0,259199.0,2450.0,207833.0,,,0.423375,-0.54435875,"5,983.62",175.00,3.01,2026-04-14 14:56:48
517,우크라이나 재건,0.73,365330,에스와이스틸텍 *,테마 편입 사유,3855.0,상승  85,2.25,3850.0,3855.0,446749.0,1715.0,619895.0,,,0.423375,-0.54435875,"5,983.62",175.00,3.01,2026-04-14 14:56:48
517,우크라이나 재건,0.73,003010,혜인,테마 편입 사유,6050.0,상승  120,2.02,6080.0,6090.0,238908.0,1449.0,194277.0,,,0.423375,-0.54435875,"5,983.62",175.00,3.01,2026-04-14 14:56:48
517,우크라이나 재건,0.73,100660,서암기계공업 *,테마 편입 사유,4420.0,상승  85,1.96,4420.0,4430.0,50257.0,221.0,32588.0,,,0.423375,-0.54435875,"5,983.62",175.00,3.01,2026-04-14 14:56:48
517,우크라이나 재건,0.73,000490,대동,테마 편입 사유,10210.0,상승  180,1.79,10210.0,10230.0,182303.0,1855.0,204805.0,,,0.423375,-0.54435875,"5,983.62",175.00,3.01,2026-04-14 14:56:48
517,우크라이나 재건,0.73,002150,도화엔지니어링,테마 편입 사유,7250.0,상승  110,1.54,7240.0,7250.0,259270.0,1864.0,287349.0,,,0.423375,-0.54435875,"5,983.62",175.00,3.01,2026-04-14 14:56:48
517,우크라이나 재건,0.73,163560,동일고무벨트,테마 편입 사유,7530.0,상승  110,1.48,7510.0,7520.0,64291.0,482.0,55550.0,,,0.423375,-0.54435875,"5,983.62",175.00,3.01,2026-04-14 14:56:48
517,우크라이나 재건,0.73,041440,현대에버다임 *,테마 편입 사유,9120.0,상승  130,1.45,9150.0,9160.0,244573.0,2229.0,323468.0,,,0.423375,-0.54435875,"5,983.62",175.00,3.01,2026-04-14 14:56:48
517,우크라이나 재건,0.73,058730,다스코,테마 편입 사유,3875.0,상승  55,1.44,3860.0,3875.0,238835.0,927.0,229382.0,,,0.423375,-0.54435875,"5,983.62",175.00,3.01,2026-04-14 14:56:48
517,우크라이나 재건,0.73,008830,대동기어 *,테마 편입 사유,21300.0,상승  200,0.95,21300.0,21350.0,160485.0,3422.0,149285.0,,,0.423375,-0.54435875,"5,983.62",175.00,3.01,2026-04-14 14:56:48
517,우크라이나 재건,0.73,000720,현대건설,테마 편입 사유,177100.0,"상승  1,100",0.63,176900.0,177000.0,1044330.0,184880.0,1047344.0,,,0.423375,-0.54435875,"5,983.62",175.00,3.01,2026-04-14 14:56:48
517,우크라이나 재건,0.73,011760,현대코퍼레이션,테마 편입 사유,26750.0,상승  50,0.19,26800.0,26850.0,34975.0,939.0,36062.0,,,0.423375,-0.54435875,"5,983.62",175.00,3.01,2026-04-14 14:56:48
517,우크라이나 재건,0.73,255220,SG *,테마 편입 사유,2755.0,상승  5,0.18,2750.0,2755.0,1971208.0,5464.0,4621999.0,,,0.423375,-0.54435875,"5,983.62",175.00,3.01,2026-04-14 14:56:48
517,우크라이나 재건,0.73,023960,에쓰씨엔지니어링,테마 편입 사유,1386.0,상승  2,0.14,1386.0,1393.0,134561.0,187.0,64937.0,,,0.423375,-0.54435875,"5,983.62",175.00,3.01,2026-04-14 14:56:48
517,우크라이나 재건,0.73,108380,대양전기공업 *,테마 편입 사유,26950.0,보합0,0.0,26900.0,26950.0,33398.0,899.0,61879.0,,,0.423375,-0.54435875,"5,983.62",175.00,3.01,2026-04-14 14:56:48
517,우크라이나 재건,0.73,215790,이노인스트루먼트 *,테마 편입 사유,3340.0,보합0,0.0,0.0,0.0,0.0,0.0,43620938.0,,,0.423375,-0.54435875,"5,983.62",175.00,3.01,2026-04-14 14:56:48
517,우크라이나 재건,0.73,039980,폴라리스AI *,테마 편입 사유,1481.0,보합0,0.0,0.0,0.0,0.0,0.0,0.0,,,0.423375,-0.54435875,"5,983.62",175.00,3.01,2026-04-14 14:56:48
517,우크라이나 재건,0.73,267270,HD건설기계,테마 편입 사유,163000.0,하락  100,-0.06,163100.0,163300.0,304022.0,49642.0,368029.0,,,0.423375,-0.54435875,"5,983.62",175.00,3.01,2026-04-14 14:56:48
517,우크라이나 재건,0.73,002900,TYM,테마 편입 사유,7120.0,하락  40,-0.56,7160.0,7170.0,153692.0,1103.0,178978.0,,,0.423375,-0.54435875,"5,983.62",175.00,3.01,2026-04-14 14:56:48
517,우크라이나 재건,0.73,013810,스페코 *,테마 편입 사유,3015.0,하락  25,-0.82,3010.0,3015.0,172138.0,516.0,462501.0,,,0.423375,-0.54435875,"5,983.62",175.00,3.01,2026-04-14 14:56:48
517,우크라이나 재건,0.73,010820,퍼스텍,테마 편입 사유,11900.0,하락  100,-0.83,11840.0,11850.0,6263718.0,73600.0,21119301.0,,,0.423375,-0.54435875,"5,983.62",175.00,3.01,2026-04-14 14:56:48
517,우크라이나 재건,0.73,033540,파라텍 *,테마 편입 사유,1115.0,하락  18,-1.59,1113.0,1114.0,384073.0,430.0,236059.0,,,0.423375,-0.54435875,"5,983.62",175.00,3.01,2026-04-14 14:56:48
517,우크라이나 재건,0.73,039560,다산네트웍스 *,테마 편입 사유,5540.0,하락  110,-1.95,5530.0,5540.0,1831724.0,10318.0,2963508.0,,,0.423375,-0.54435875,"5,983.62",175.00,3.01,2026-04-14 14:56:48
517,우크라이나 재건,0.73,332290,누보 *,테마 편입 사유,1399.0,하락  40,-2.78,1403.0,1404.0,1336633.0,1894.0,7461762.0,,,0.423375,-0.54435875,"5,983.62",175.00,3.01,2026-04-14 14:56:48
517,우크라이나 재건,0.73,192410,오늘이엔엠 *,테마 편입 사유,7430.0,하락  240,-3.13,7410.0,7430.0,292737.0,2144.0,283486.0,,,0.423375,-0.54435875,"5,983.62",175.00,3.01,2026-04-14 14:56:48
517,우크라이나 재건,0.73,047050,포스코인터내셔널,테마 편입 사유,72300.0,"하락  2,500",-3.34,72200.0,72300.0,954806.0,68964.0,644015.0,,,0.423375,-0.54435875,"5,983.62",175.00,3.01,2026-04-14 14:56:48
517,우크라이나 재건,0.73,020400,대동금속 *,테마 편입 사유,7440.0,하락  660,-8.15,7440.0,7450.0,546783.0,4213.0,1797747.0,,,0.423375,-0.54435875,"5,983.62",175.00,3.01,2026-04-14 14:56:48
171,비철금속,0.58,008350,남선알미늄,테마 편입 사유,3105.0,상승  240,8.38,3100.0,3105.0,144017921.0,459976.0,196832071.0,,,0.359222,-0.5012582199999999,"5,983.62",175.00,3.01,2026-04-14 14:56:48
171,비철금속,0.58,354320,알멕 *,테마 편입 사유,88100.0,"상승  6,800",8.36,88600.0,88700.0,428415.0,35817.0,604683.0,,,0.359222,-0.5012582199999999,"5,983.62",175.00,3.01,2026-04-14 14:56:48
171,비철금속,0.58,000670,영풍,테마 편입 사유,62600.0,"상승  3,300",5.56,62400.0,62500.0,42780.0,2687.0,16583.0,,,0.359222,-0.5012582199999999,"5,983.62",175.00,3.01,2026-04-14 14:56:48
171,비철금속,0.58,025820,이구산업,테마 편입 사유,5530.0,상승  150,2.79,5520.0,5530.0,878997.0,4861.0,751561.0,,,0.359222,-0.5012582199999999,"5,983.62",175.00,3.01,2026-04-14 14:56:48
171,비철금속,0.58,004560,현대비앤지스틸,테마 편입 사유,15610.0,상승  410,2.7,15610.0,15620.0,105147.0,1644.0,49666.0,,,0.359222,-0.5012582199999999,"5,983.62",175.00,3.01,2026-04-14 14:56:48
171,비철금속,0.58,009520,포스코엠텍 *,테마 편입 사유,18060.0,상승  260,1.46,18070.0,18080.0,129085.0,2344.0,104943.0,,,0.359222,-0.5012582199999999,"5,983.62",175.00,3.01,2026-04-14 14:56:48
171,비철금속,0.58,009190,대양금속,테마 편입 사유,1409.0,상승  20,1.44,1407.0,1409.0,161605.0,228.0,130955.0,,,0.359222,-0.5012582199999999,"5,983.62",175.00,3.01,2026-04-14 14:56:48
171,비철금속,0.58,015890,태경산업,테마 편입 사유,5070.0,상승  50,1.0,5050.0,5060.0,22052.0,111.0,71041.0,,,0.359222,-0.5012582199999999,"5,983.62",175.00,3.01,2026-04-14 14:56:48
171,비철금속,0.58,018470,조일알미늄,테마 편입 사유,1936.0,상승  19,0.99,1937.0,1939.0,79204235.0,162934.0,146563011.0,,,0.359222,-0.5012582199999999,"5,983.62",175.00,3.01,2026-04-14 14:56:48
171,비철금속,0.58,198940,한주라이트메탈 *,테마 편입 사유,731.0,상승  7,0.97,728.0,729.0,743203.0,553.0,648978.0,,,0.359222,-0.5012582199999999,"5,983.62",175.00,3.01,2026-04-14 14:56:48
171,비철금속,0.58,103140,풍산,테마 편입 사유,100300.0,상승  800,0.8,100100.0,100200.0,185728.0,18616.0,194808.0,,,0.359222,-0.5012582199999999,"5,983.62",175.00,3.01,2026-04-14 14:56:48
171,비철금속,0.58,032560,황금에스티,테마 편입 사유,6110.0,보합0,0.0,6070.0,6090.0,32705.0,199.0,29794.0,,,0.359222,-0.5012582199999999,"5,983.62",175.00,3.01,2026-04-14 14:56:48
171,비철금속,0.58,009730,이렘 *,테마 편입 사유,518.0,하락  2,-0.38,518.0,519.0,429966.0,222.0,377879.0,,,0.359222,-0.5012582199999999,"5,983.62",175.00,3.01,2026-04-14 14:56:48
171,비철금속,0.58,081150,티플랙스 *,테마 편입 사유,3640.0,하락  15,-0.41,3655.0,3660.0,440908.0,1610.0,1161378.0,,,0.359222,-0.5012582199999999,"5,983.62",175.00,3.01,2026-04-14 14:56:48
171,비철금속,0.58,010130,고려아연,테마 편입 사유,1656000.0,"하락  7,000",-0.42,1658000.0,1660000.0,18039.0,30201.0,42837.0,,,0.359222,-0.5012582199999999,"5,983.62",175.00,3.01,2026-04-14 14:56:48
171,비철금속,0.58,005810,풍산홀딩스,테마 편입 사유,44900.0,하락  200,-0.44,44900.0,45000.0,217607.0,9750.0,347503.0,,,0.359222,-0.5012582199999999,"5,983.62",175.00,3.01,2026-04-14 14:56:48
171,비철금속,0.58,060480,국일신동 *,테마 편입 사유,1778.0,하락  8,-0.45,1766.0,1783.0,75866.0,133.0,104836.0,,,0.359222,-0.5012582199999999,"5,983.62",175.00,3.01,2026-04-14 14:56:48
171,비철금속,0.58,037760,쎄니트 *,테마 편입 사유,2365.0,하락  15,-0.63,2335.0,2365.0,50692.0,118.0,117387.0,,,0.359222,-0.5012582199999999,"5,983.62",175.00,3.01,2026-04-14 14:56:48
171,비철금속,0.58,021050,서원,테마 편입 사유,1345.0,하락  10,-0.74,1349.0,1350.0,1073716.0,1461.0,1095283.0,,,0.359222,-0.5012582199999999,"5,983.62",175.00,3.01,2026-04-14 14:56:48
171,비철금속,0.58,001780,알루코,테마 편입 사유,2840.0,하락  45,-1.56,2845.0,2850.0,12933752.0,37515.0,45487864.0,,,0.359222,-0.5012582199999999,"5,983.62",175.00,3.01,2026-04-14 14:56:48
171,비철금속,0.58,186230,그린플러스 *,테마 편입 사유,4670.0,하락  85,-1.79,4680.0,4685.0,38468.0,181.0,33882.0,,,0.359222,-0.5012582199999999,"5,983.62",175.00,3.01,2026-04-14 14:56:48
171,비철금속,0.58,012800,대창,테마 편입 사유,1504.0,하락  31,-2.02,1501.0,1504.0,1959343.0,3015.0,1952788.0,,,0.359222,-0.5012582199999999,"5,983.62",175.00,3.01,2026-04-14 14:56:48
171,비철금속,0.58,001530,DI동일,테마 편입 사유,23600.0,하락  600,-2.48,23600.0,23650.0,51705.0,1242.0,124926.0,,,0.359222,-0.5012582199999999,"5,983.62",175.00,3.01,2026-04-14 14:56:48
171,비철금속,0.58,128660,피제이메탈 *,테마 편입 사유,3810.0,하락  165,-4.15,3810.0,3820.0,1111785.0,4332.0,6186143.0,,,0.359222,-0.5012582199999999,"5,983.62",175.00,3.01,2026-04-14 14:56:48
171,비철금속,0.58,006110,삼아알미늄,테마 편입 사유,56900.0,"하락  2,800",-4.69,57000.0,57100.0,518692.0,29706.0,1105444.0,,,0.359222,-0.5012582199999999,"5,983.62",175.00,3.01,2026-04-14 14:56:48
144,방위산업/전쟁 및 테러,1.12,274090,켄코아에어로스페이스 *,테마 편입 사유,23900.0,"상승  2,400",11.16,23900.0,23950.0,1676129.0,39777.0,591226.0,,,0.536835,-0.49587334999999966,"5,983.62",175.00,3.01,2026-04-14 14:56:48
144,방위산업/전쟁 및 테러,1.12,377330,이지트로닉스 *,테마 편입 사유,3760.0,상승  270,7.74,3735.0,3745.0,116255.0,437.0,13698.0,,,0.536835,-0.49587334999999966,"5,983.62",175.00,3.01,2026-04-14 14:56:48
144,방위산업/전쟁 및 테러,1.12,081180,쎄크 *,테마 편입 사유,12930.0,상승  870,7.21,12890.0,12940.0,161078.0,2074.0,68193.0,,,0.536835,-0.49587334999999966,"5,983.62",175.00,3.01,2026-04-14 14:56:48
144,방위산업/전쟁 및 테러,1.12,097230,HJ중공업,테마 편입 사유,27800.0,"상승  1,800",6.92,27550.0,27600.0,2759657.0,75377.0,1175687.0,,,0.536835,-0.49587334999999966,"5,983.62",175.00,3.01,2026-04-14 14:56:48
144,방위산업/전쟁 및 테러,1.12,327260,RF머트리얼즈 *,테마 편입 사유,93900.0,"상승  4,700",5.27,90800.0,90900.0,292243.0,26120.0,481500.0,,,0.536835,-0.49587334999999966,"5,983.62",175.00,3.01,2026-04-14 14:56:48
144,방위산업/전쟁 및 테러,1.12,084850,아이티엠반도체 *,테마 편입 사유,18140.0,상승  830,4.79,17910.0,17930.0,648606.0,11845.0,259628.0,,,0.536835,-0.49587334999999966,"5,983.62",175.00,3.01,2026-04-14 14:56:48
144,방위산업/전쟁 및 테러,1.12,368770,파이버프로 *,테마 편입 사유,24100.0,"상승  1,000",4.33,24000.0,24050.0,7284219.0,190982.0,1579607.0,,,0.536835,-0.49587334999999966,"5,983.62",175.00,3.01,2026-04-14 14:56:48
144,방위산업/전쟁 및 테러,1.12,035460,기산텔레콤 *,테마 편입 사유,6280.0,상승  250,4.15,6260.0,6270.0,10827841.0,70222.0,9234026.0,,,0.536835,-0.49587334999999966,"5,983.62",175.00,3.01,2026-04-14 14:56:48
144,방위산업/전쟁 및 테러,1.12,0015G0,그린광학 *,테마 편입 사유,31800.0,"상승  1,150",3.75,31850.0,31900.0,346045.0,11216.0,317744.0,,,0.536835,-0.49587334999999966,"5,983.62",175.00,3.01,2026-04-14 14:56:48
144,방위산업/전쟁 및 테러,1.12,064350,현대로템,테마 편입 사유,214500.0,"상승  7,500",3.62,214000.0,214500.0,855098.0,184195.0,554242.0,,,0.536835,-0.49587334999999966,"5,983.62",175.00,3.01,2026-04-14 14:56:48
144,방위산업/전쟁 및 테러,1.12,140430,카티스 *,테마 편입 사유,1113.0,상승  37,3.44,1134.0,1142.0,27117960.0,33828.0,6863273.0,,,0.536835,-0.49587334999999966,"5,983.62",175.00,3.01,2026-04-14 14:56:48
144,방위산업/전쟁 및 테러,1.12,437730,삼현 *,테마 편입 사유,47750.0,"상승  1,500",3.24,47850.0,47950.0,152438.0,7332.0,115510.0,,,0.536835,-0.49587334999999966,"5,983.62",175.00,3.01,2026-04-14 14:56:48
144,방위산업/전쟁 및 테러,1.12,042660,한화오션,테마 편입 사유,123900.0,"상승  3,800",3.16,123800.0,123900.0,589880.0,72631.0,592187.0,,,0.536835,-0.49587334999999966,"5,983.62",175.00,3.01,2026-04-14 14:56:48
144,방위산업/전쟁 및 테러,1.12,095190,이엠코리아 *,테마 편입 사유,2485.0,상승  75,3.11,2475.0,2480.0,276256.0,678.0,157119.0,,,0.536835,-0.49587334999999966,"5,983.62",175.00,3.01,2026-04-14 14:56:48
144,방위산업/전쟁 및 테러,1.12,012210,삼미금속 *,테마 편입 사유,13500.0,상승  390,2.97,13450.0,13520.0,203358.0,2780.0,122075.0,,,0.536835,-0.49587334999999966,"5,983.62",175.00,3.01,2026-04-14 14:56:48
144,방위산업/전쟁 및 테러,1.12,011210,현대위아,테마 편입 사유,79000.0,"상승  2,200",2.86,78900.0,79000.0,92706.0,7290.0,162240.0,,,0.536835,-0.49587334999999966,"5,983.62",175.00,3.01,2026-04-14 14:56:48
144,방위산업/전쟁 및 테러,1.12,361390,제노코 *,테마 편입 사유,29750.0,상승  750,2.59,29700.0,29750.0,340680.0,10357.0,206556.0,,,0.536835,-0.49587334999999966,"5,983.62",175.00,3.01,2026-04-14 14:56:48
144,방위산업/전쟁 및 테러,1.12,003490,대한항공,테마 편입 사유,24550.0,상승  600,2.51,24450.0,24500.0,1600810.0,39097.0,1528777.0,,,0.536835,-0.49587334999999966,"5,983.62",175.00,3.01,2026-04-14 14:56:48
144,방위산업/전쟁 및 테러,1.12,372910,한컴라이프케어,테마 편입 사유,2480.0,상승  60,2.48,2465.0,2480.0,154585.0,380.0,82351.0,,,0.536835,-0.49587334999999966,"5,983.62",175.00,3.01,2026-04-14 14:56:48
144,방위산업/전쟁 및 테러,1.12,289930,웨이비스 *,테마 편입 사유,18760.0,상승  450,2.46,18650.0,18680.0,186547.0,3514.0,114653.0,,,0.536835,-0.49587334999999966,"5,983.62",175.00,3.01,2026-04-14 14:56:48
144,방위산업/전쟁 및 테러,1.12,009540,HD한국조선해양,테마 편입 사유,396500.0,"상승  8,000",2.06,396500.0,397000.0,112684.0,44471.0,175397.0,,,0.536835,-0.49587334999999966,"5,983.62",175.00,3.01,2026-04-14 14:56:48
144,방위산업/전쟁 및 테러,1.12,003010,혜인,테마 편입 사유,6050.0,상승  120,2.02,6080.0,6090.0,238908.0,1449.0,194277.0,,,0.536835,-0.49587334999999966,"5,983.62",175.00,3.01,2026-04-14 14:56:48
144,방위산업/전쟁 및 테러,1.12,077970,STX엔진,테마 편입 사유,34100.0,상승  600,1.79,33900.0,33950.0,203874.0,6920.0,145349.0,,,0.536835,-0.49587334999999966,"5,983.62",175.00,3.01,2026-04-14 14:56:48
144,방위산업/전쟁 및 테러,1.12,006050,국영지앤엠 *,테마 편입 사유,1435.0,상승  25,1.77,1431.0,1433.0,218971.0,312.0,303629.0,,,0.536835,-0.49587334999999966,"5,983.62",175.00,3.01,2026-04-14 14:56:48
144,방위산업/전쟁 및 테러,1.12,065950,웰크론 *,테마 편입 사유,1547.0,상승  26,1.71,1544.0,1547.0,49953.0,77.0,80469.0,,,0.536835,-0.49587334999999966,"5,983.62",175.00,3.01,2026-04-14 14:56:48
144,방위산업/전쟁 및 테러,1.12,000270,기아,테마 편입 사유,149900.0,"상승  2,500",1.7,149700.0,149800.0,826723.0,124259.0,976438.0,,,0.536835,-0.49587334999999966,"5,983.62",175.00,3.01,2026-04-14 14:56:48
144,방위산업/전쟁 및 테러,1.12,077360,덕산하이메탈 *,테마 편입 사유,12910.0,상승  210,1.65,12980.0,12990.0,923043.0,12077.0,1024200.0,,,0.536835,-0.49587334999999966,"5,983.62",175.00,3.01,2026-04-14 14:56:48
144,방위산업/전쟁 및 테러,1.12,218410,RFHIC *,테마 편입 사유,95200.0,"상승  1,400",1.49,94800.0,94900.0,496855.0,46536.0,638965.0,,,0.536835,-0.49587334999999966,"5,983.62",175.00,3.01,2026-04-14 14:56:48
144,방위산업/전쟁 및 테러,1.12,040300,YTN *,테마 편입 사유,3415.0,상승  50,1.49,3420.0,3425.0,453947.0,1561.0,351633.0,,,0.536835,-0.49587334999999966,"5,983.62",175.00,3.01,2026-04-14 14:56:48
144,방위산업/전쟁 및 테러,1.12,064960,SNT모티브,테마 편입 사유,34600.0,상승  450,1.32,34500.0,34550.0,31183.0,1078.0,45869.0,,,0.536835,-0.49587334999999966,"5,983.62",175.00,3.01,2026-04-14 14:56:48
144,방위산업/전쟁 및 테러,1.12,000880,한화,테마 편입 사유,124100.0,"상승  1,600",1.31,125200.0,125300.0,244247.0,30701.0,244203.0,,,0.536835,-0.49587334999999966,"5,983.62",175.00,3.01,2026-04-14 14:56:48
144,방위산업/전쟁 및 테러,1.12,082920,비츠로셀 *,테마 편입 사유,44100.0,상승  450,1.03,43950.0,44000.0,744848.0,33014.0,900601.0,,,0.536835,-0.49587334999999966,"5,983.62",175.00,3.01,2026-04-14 14:56:48
144,방위산업/전쟁 및 테러,1.12,272210,한화시스템,테마 편입 사유,133200.0,"상승  1,300",0.99,132900.0,133000.0,565725.0,75144.0,1072186.0,,,0.536835,-0.49587334999999966,"5,983.62",175.00,3.01,2026-04-14 14:56:48
144,방위산업/전쟁 및 테러,1.12,010170,대한광통신 *,테마 편입 사유,20050.0,상승  180,0.91,19980.0,19990.0,47916885.0,958443.0,57850038.0,,,0.536835,-0.49587334999999966,"5,983.62",175.00,3.01,2026-04-14 14:56:48
144,방위산업/전쟁 및 테러,1.12,119500,포메탈 *,테마 편입 사유,4070.0,상승  35,0.87,4080.0,4085.0,59041.0,242.0,68004.0,,,0.536835,-0.49587334999999966,"5,983.62",175.00,3.01,2026-04-14 14:56:48
144,방위산업/전쟁 및 테러,1.12,103140,풍산,테마 편입 사유,100300.0,상승  800,0.8,100100.0,100200.0,185728.0,18616.0,194808.0,,,0.536835,-0.49587334999999966,"5,983.62",175.00,3.01,2026-04-14 14:56:48
144,방위산업/전쟁 및 테러,1.12,129920,대성하이텍 *,테마 편입 사유,11640.0,상승  90,0.78,11720.0,11730.0,321799.0,3757.0,617445.0,,,0.536835,-0.49587334999999966,"5,983.62",175.00,3.01,2026-04-14 14:56:48
144,방위산업/전쟁 및 테러,1.12,042370,비츠로테크 *,테마 편입 사유,12510.0,상승  90,0.72,12500.0,12510.0,609241.0,7648.0,814127.0,,,0.536835,-0.49587334999999966,"5,983.62",175.00,3.01,2026-04-14 14:56:48
144,방위산업/전쟁 및 테러,1.12,047810,한국항공우주,테마 편입 사유,193700.0,"상승  1,200",0.62,194200.0,194300.0,314014.0,61093.0,471666.0,,,0.536835,-0.49587334999999966,"5,983.62",175.00,3.01,2026-04-14 14:56:48
144,방위산업/전쟁 및 테러,1.12,015710,코콤 *,테마 편입 사유,4030.0,상승  20,0.5,4010.0,4020.0,98859.0,397.0,194189.0,,,0.536835,-0.49587334999999966,"5,983.62",175.00,3.01,2026-04-14 14:56:48
144,방위산업/전쟁 및 테러,1.12,090080,평화산업,테마 편입 사유,1023.0,상승  2,0.2,1025.0,1030.0,337584.0,344.0,1129307.0,,,0.536835,-0.49587334999999966,"5,983.62",175.00,3.01,2026-04-14 14:56:48
144,방위산업/전쟁 및 테러,1.12,484590,삼양컴텍 *,테마 편입 사유,12000.0,상승  10,0.08,11990.0,12010.0,177227.0,2125.0,234951.0,,,0.536835,-0.49587334999999966,"5,983.62",175.00,3.01,2026-04-14 14:56:48
144,방위산업/전쟁 및 테러,1.12,099320,쎄트렉아이 *,테마 편입 사유,169800.0,상승  100,0.06,170000.0,170400.0,186491.0,32424.0,241457.0,,,0.536835,-0.49587334999999966,"5,983.62",175.00,3.01,2026-04-14 14:56:48
144,방위산업/전쟁 및 테러,1.12,215090,솔디펜스 *,테마 편입 사유,2665.0,보합0,0.0,2665.0,2670.0,126186.0,339.0,147474.0,,,0.536835,-0.49587334999999966,"5,983.62",175.00,3.01,2026-04-14 14:56:48
144,방위산업/전쟁 및 테러,1.12,010280,아이티센엔텍 *,테마 편입 사유,1145.0,보합0,0.0,0.0,0.0,0.0,0.0,0.0,,,0.536835,-0.49587334999999966,"5,983.62",175.00,3.01,2026-04-14 14:56:48
144,방위산업/전쟁 및 테러,1.12,321370,센서뷰 *,테마 편입 사유,2940.0,보합0,0.0,0.0,0.0,0.0,0.0,0.0,,,0.536835,-0.49587334999999966,"5,983.62",175.00,3.01,2026-04-14 14:56:48
144,방위산업/전쟁 및 테러,1.12,108380,대양전기공업 *,테마 편입 사유,26950.0,보합0,0.0,26900.0,26950.0,33398.0,899.0,61879.0,,,0.536835,-0.49587334999999966,"5,983.62",175.00,3.01,2026-04-14 14:56:48
144,방위산업/전쟁 및 테러,1.12,096630,에스코넥 *,테마 편입 사유,813.0,보합0,0.0,0.0,0.0,0.0,0.0,0.0,,,0.536835,-0.49587334999999966,"5,983.62",175.00,3.01,2026-04-14 14:56:48
144,방위산업/전쟁 및 테러,1.12,079550,LIG디펜스앤에어로스페이스,테마 편입 사유,937000.0,"하락  2,000",-0.21,933000.0,934000.0,345590.0,326020.0,379317.0,,,0.536835,-0.49587334999999966,"5,983.62",175.00,3.01,2026-04-14 14:56:48
144,방위산업/전쟁 및 테러,1.12,005810,풍산홀딩스,테마 편입 사유,44900.0,하락  200,-0.44,44900.0,45000.0,217607.0,9750.0,347503.0,,,0.536835,-0.49587334999999966,"5,983.62",175.00,3.01,2026-04-14 14:56:48
144,방위산업/전쟁 및 테러,1.12,012450,한화에어로스페이스,테마 편입 사유,1523000.0,"하락  7,000",-0.46,1521000.0,1522000.0,114754.0,173554.0,259390.0,,,0.536835,-0.49587334999999966,"5,983.62",175.00,3.01,2026-04-14 14:56:48
144,방위산업/전쟁 및 테러,1.12,032820,우리기술 *,테마 편입 사유,21000.0,하락  100,-0.47,20900.0,20950.0,7042355.0,148252.0,9993759.0,,,0.536835,-0.49587334999999966,"5,983.62",175.00,3.01,2026-04-14 14:56:48
144,방위산업/전쟁 및 테러,1.12,274400,이노시뮬레이션 *,테마 편입 사유,3975.0,하락  25,-0.62,3990.0,4000.0,19791.0,78.0,52681.0,,,0.536835,-0.49587334999999966,"5,983.62",175.00,3.01,2026-04-14 14:56:48
144,방위산업/전쟁 및 테러,1.12,088800,에이스테크 *,테마 편입 사유,6670.0,하락  50,-0.74,6590.0,6600.0,10722975.0,75663.0,23738706.0,,,0.536835,-0.49587334999999966,"5,983.62",175.00,3.01,2026-04-14 14:56:48
144,방위산업/전쟁 및 테러,1.12,013810,스페코 *,테마 편입 사유,3015.0,하락  25,-0.82,3010.0,3015.0,172138.0,516.0,462501.0,,,0.536835,-0.49587334999999966,"5,983.62",175.00,3.01,2026-04-14 14:56:48
144,방위산업/전쟁 및 테러,1.12,010820,퍼스텍,테마 편입 사유,11900.0,하락  100,-0.83,11840.0,11850.0,6263718.0,73600.0,21119301.0,,,0.536835,-0.49587334999999966,"5,983.62",175.00,3.01,2026-04-14 14:56:48
144,방위산업/전쟁 및 테러,1.12,474610,RF시스템즈 *,테마 편입 사유,14250.0,하락  150,-1.04,14140.0,14150.0,1110921.0,15439.0,4375886.0,,,0.536835,-0.49587334999999966,"5,983.62",175.00,3.01,2026-04-14 14:56:48
144,방위산업/전쟁 및 테러,1.12,310870,디와이씨 *,테마 편입 사유,1727.0,하락  27,-1.54,1726.0,1732.0,263399.0,454.0,550779.0,,,0.536835,-0.49587334999999966,"5,983.62",175.00,3.01,2026-04-14 14:56:48
144,방위산업/전쟁 및 테러,1.12,484870,엠앤씨솔루션,테마 편입 사유,112800.0,"하락  2,000",-1.74,112400.0,112600.0,20277.0,2291.0,29642.0,,,0.536835,-0.49587334999999966,"5,983.62",175.00,3.01,2026-04-14 14:56:48
144,방위산업/전쟁 및 테러,1.12,005870,휴니드,테마 편입 사유,8900.0,하락  170,-1.87,8880.0,8890.0,331872.0,2964.0,869916.0,,,0.536835,-0.49587334999999966,"5,983.62",175.00,3.01,2026-04-14 14:56:48
144,방위산업/전쟁 및 테러,1.12,065450,빅텍 *,테마 편입 사유,5490.0,하락  120,-2.14,5490.0,5500.0,1574772.0,8591.0,5927318.0,,,0.536835,-0.49587334999999966,"5,983.62",175.00,3.01,2026-04-14 14:56:48
144,방위산업/전쟁 및 테러,1.12,003570,SNT다이내믹스,테마 편입 사유,54700.0,"하락  1,500",-2.67,54800.0,54900.0,116062.0,6471.0,86071.0,,,0.536835,-0.49587334999999966,"5,983.62",175.00,3.01,2026-04-14 14:56:48
144,방위산업/전쟁 및 테러,1.12,024740,한일단조 *,테마 편입 사유,3625.0,하락  155,-4.1,3600.0,3605.0,3017000.0,11069.0,19693673.0,,,0.536835,-0.49587334999999966,"5,983.62",175.00,3.01,2026-04-14 14:56:48
144,방위산업/전쟁 및 테러,1.12,095270,웨이브일렉트로 *,테마 편입 사유,9540.0,하락  610,-6.01,9380.0,9390.0,3429794.0,32837.0,7495809.0,,,0.536835,-0.49587334999999966,"5,983.62",175.00,3.01,2026-04-14 14:56:48
144,방위산업/전쟁 및 테러,1.12,448710,코츠테크놀로지 *,테마 편입 사유,21200.0,"하락  1,500",-6.61,21100.0,21150.0,335491.0,7207.0,632247.0,,,0.536835,-0.49587334999999966,"5,983.62",175.00,3.01,2026-04-14 14:56:48
144,방위산업/전쟁 및 테러,1.12,214430,아이쓰리시스템 *,테마 편입 사유,100000.0,"하락  8,200",-7.58,100000.0,100100.0,67452.0,6988.0,98937.0,,,0.536835,-0.49587334999999966,"5,983.62",175.00,3.01,2026-04-14 14:56:48
575,지역화폐,1.49,088340,유라클 *,테마 편입 사유,12210.0,상승  560,4.81,12140.0,12180.0,162599.0,2007.0,7806.0,,,0.656144,-0.4849934399999998,"5,983.62",175.00,3.01,2026-04-14 14:56:48
575,지역화폐,1.49,094480,갤럭시아머니트리 *,테마 편입 사유,8610.0,상승  260,3.11,8620.0,8640.0,392502.0,3395.0,333992.0,,,0.656144,-0.4849934399999998,"5,983.62",175.00,3.01,2026-04-14 14:56:48
575,지역화폐,1.49,294570,쿠콘 *,테마 편입 사유,28050.0,상승  750,2.75,28050.0,28100.0,30005.0,845.0,12160.0,,,0.656144,-0.4849934399999998,"5,983.62",175.00,3.01,2026-04-14 14:56:48
575,지역화폐,1.49,052400,코나아이 *,테마 편입 사유,60000.0,"하락  1,000",-1.64,59900.0,60000.0,62915.0,3794.0,130447.0,,,0.656144,-0.4849934399999998,"5,983.62",175.00,3.01,2026-04-14 14:56:48
575,지역화폐,1.49,053580,웹케시 *,테마 편입 사유,8580.0,하락  170,-1.94,8580.0,8610.0,41307.0,357.0,20050.0,,,0.656144,-0.4849934399999998,"5,983.62",175.00,3.01,2026-04-14 14:56:48
166,항공/저가 항공사(LCC),0.6,003490,대한항공,테마 편입 사유,24550.0,상승  600,2.51,24450.0,24500.0,1600810.0,39097.0,1528777.0,,,0.357297,-0.47546396999999996,"5,983.62",175.00,3.01,2026-04-14 14:56:48
166,항공/저가 항공사(LCC),0.6,089590,제주항공,테마 편입 사유,5170.0,상승  120,2.38,5150.0,5160.0,151311.0,777.0,232388.0,,,0.357297,-0.47546396999999996,"5,983.62",175.00,3.01,2026-04-14 14:56:48
166,항공/저가 항공사(LCC),0.6,180640,한진칼,테마 편입 사유,111700.0,"상승  1,600",1.45,111800.0,111900.0,86477.0,9676.0,136425.0,,,0.357297,-0.47546396999999996,"5,983.62",175.00,3.01,2026-04-14 14:56:48
166,항공/저가 항공사(LCC),0.6,091810,티웨이항공,테마 편입 사유,921.0,상승  11,1.21,920.0,921.0,961591.0,884.0,1536658.0,,,0.357297,-0.47546396999999996,"5,983.62",175.00,3.01,2026-04-14 14:56:48
166,항공/저가 항공사(LCC),0.6,272450,진에어,테마 편입 사유,6470.0,상승  60,0.94,6450.0,6470.0,46790.0,302.0,78684.0,,,0.357297,-0.47546396999999996,"5,983.62",175.00,3.01,2026-04-14 14:56:48
166,항공/저가 항공사(LCC),0.6,004870,티웨이홀딩스,테마 편입 사유,322.0,상승  2,0.63,319.0,320.0,265008.0,84.0,388801.0,,,0.357297,-0.47546396999999996,"5,983.62",175.00,3.01,2026-04-14 14:56:48
166,항공/저가 항공사(LCC),0.6,020560,아시아나항공,테마 편입 사유,7100.0,보합0,0.0,7090.0,7110.0,42324.0,300.0,75451.0,,,0.357297,-0.47546396999999996,"5,983.62",175.00,3.01,2026-04-14 14:56:48
166,항공/저가 항공사(LCC),0.6,006840,AK홀딩스,테마 편입 사유,8380.0,하락  140,-1.64,8320.0,8370.0,10790.0,90.0,4654.0,,,0.357297,-0.47546396999999996,"5,983.62",175.00,3.01,2026-04-14 14:56:48
166,항공/저가 항공사(LCC),0.6,298690,에어부산,테마 편입 사유,2025.0,하락  35,-1.7,2000.0,2005.0,199912.0,404.0,407249.0,,,0.357297,-0.47546396999999996,"5,983.62",175.00,3.01,2026-04-14 14:56:48
511,니켈,0.61,377330,이지트로닉스 *,테마 편입 사유,3760.0,상승  270,7.74,3735.0,3745.0,116255.0,437.0,13698.0,,,0.35488,-0.45818879999999995,"5,983.62",175.00,3.01,2026-04-14 14:56:48
511,니켈,0.61,004560,현대비앤지스틸,테마 편입 사유,15610.0,상승  410,2.7,15610.0,15620.0,105147.0,1644.0,49666.0,,,0.35488,-0.45818879999999995,"5,983.62",175.00,3.01,2026-04-14 14:56:48
511,니켈,0.61,263770,유에스티 *,테마 편입 사유,2050.0,상승  30,1.49,2040.0,2050.0,60418.0,122.0,71495.0,,,0.35488,-0.45818879999999995,"5,983.62",175.00,3.01,2026-04-14 14:56:48
511,니켈,0.61,009190,대양금속,테마 편입 사유,1409.0,상승  20,1.44,1407.0,1409.0,161605.0,228.0,130955.0,,,0.35488,-0.45818879999999995,"5,983.62",175.00,3.01,2026-04-14 14:56:48
511,니켈,0.61,080010,이상네트웍스 *,테마 편입 사유,6560.0,상승  50,0.77,6530.0,6540.0,6786.0,44.0,6814.0,,,0.35488,-0.45818879999999995,"5,983.62",175.00,3.01,2026-04-14 14:56:48
511,니켈,0.61,051910,LG화학,테마 편입 사유,342000.0,"상승  2,000",0.59,341000.0,341500.0,137799.0,47450.0,264626.0,,,0.35488,-0.45818879999999995,"5,983.62",175.00,3.01,2026-04-14 14:56:48
511,니켈,0.61,005490,POSCO홀딩스,테마 편입 사유,361500.0,"상승  1,500",0.42,361000.0,361500.0,186184.0,67648.0,284457.0,,,0.35488,-0.45818879999999995,"5,983.62",175.00,3.01,2026-04-14 14:56:48
511,니켈,0.61,032560,황금에스티,테마 편입 사유,6110.0,보합0,0.0,6070.0,6090.0,32705.0,199.0,29794.0,,,0.35488,-0.45818879999999995,"5,983.62",175.00,3.01,2026-04-14 14:56:48
511,니켈,0.61,373220,LG에너지솔루션,테마 편입 사유,400000.0,"하락  1,500",-0.37,400000.0,400500.0,230914.0,92886.0,218403.0,,,0.35488,-0.45818879999999995,"5,983.62",175.00,3.01,2026-04-14 14:56:48
511,니켈,0.61,081150,티플랙스 *,테마 편입 사유,3640.0,하락  15,-0.41,3655.0,3660.0,440908.0,1610.0,1161378.0,,,0.35488,-0.45818879999999995,"5,983.62",175.00,3.01,2026-04-14 14:56:48
511,니켈,0.61,450080,에코프로머티,테마 편입 사유,70700.0,하락  300,-0.42,70500.0,70600.0,756766.0,53737.0,781588.0,,,0.35488,-0.45818879999999995,"5,983.62",175.00,3.01,2026-04-14 14:56:48
511,니켈,0.61,001120,LX인터내셔널,테마 편입 사유,48950.0,하락  250,-0.51,48750.0,48850.0,175974.0,8579.0,254035.0,,,0.35488,-0.45818879999999995,"5,983.62",175.00,3.01,2026-04-14 14:56:48
511,니켈,0.61,011230,삼화전자,테마 편입 사유,2575.0,하락  25,-0.96,2570.0,2580.0,101708.0,262.0,90337.0,,,0.35488,-0.45818879999999995,"5,983.62",175.00,3.01,2026-04-14 14:56:48
511,니켈,0.61,047050,포스코인터내셔널,테마 편입 사유,72300.0,"하락  2,500",-3.34,72200.0,72300.0,954806.0,68964.0,644015.0,,,0.35488,-0.45818879999999995,"5,983.62",175.00,3.01,2026-04-14 14:56:48
445,2차전지(장비),1.48,081180,쎄크 *,테마 편입 사유,12930.0,상승  870,7.21,12890.0,12940.0,161078.0,2074.0,68193.0,,,0.623215,-0.3958771499999998,"5,983.62",175.00,3.01,2026-04-14 14:56:48
445,2차전지(장비),1.48,110990,디아이티 *,테마 편입 사유,22000.0,"상승  1,450",7.06,22050.0,22200.0,231378.0,5053.0,125902.0,,,0.623215,-0.3958771499999998,"5,983.62",175.00,3.01,2026-04-14 14:56:48
445,2차전지(장비),1.48,302430,이노메트리 *,테마 편입 사유,7370.0,상승  440,6.35,7060.0,7080.0,72486.0,518.0,46501.0,,,0.623215,-0.3958771499999998,"5,983.62",175.00,3.01,2026-04-14 14:56:48
445,2차전지(장비),1.48,469750,아이비젼웍스 *,테마 편입 사유,1259.0,상승  75,6.33,1253.0,1259.0,345337.0,424.0,153233.0,,,0.623215,-0.3958771499999998,"5,983.62",175.00,3.01,2026-04-14 14:56:48
445,2차전지(장비),1.48,267320,나인테크 *,테마 편입 사유,3110.0,상승  115,3.84,3100.0,3110.0,793844.0,2452.0,490830.0,,,0.623215,-0.3958771499999998,"5,983.62",175.00,3.01,2026-04-14 14:56:48
445,2차전지(장비),1.48,089890,코세스 *,테마 편입 사유,27800.0,"상승  1,000",3.73,28100.0,28150.0,317534.0,8947.0,778675.0,,,0.623215,-0.3958771499999998,"5,983.62",175.00,3.01,2026-04-14 14:56:48
445,2차전지(장비),1.48,455180,케이지에이 *,테마 편입 사유,2945.0,상승  95,3.33,2945.0,2950.0,50217.0,146.0,25392.0,,,0.623215,-0.3958771499999998,"5,983.62",175.00,3.01,2026-04-14 14:56:48
445,2차전지(장비),1.48,168360,펨트론 *,테마 편입 사유,23400.0,상승  750,3.31,23400.0,23450.0,159577.0,3730.0,219218.0,,,0.623215,-0.3958771499999998,"5,983.62",175.00,3.01,2026-04-14 14:56:48
445,2차전지(장비),1.48,480370,씨케이솔루션,테마 편입 사유,2075.0,상승  65,3.23,2070.0,2085.0,188175.0,394.0,199605.0,,,0.623215,-0.3958771499999998,"5,983.62",175.00,3.01,2026-04-14 14:56:48
445,2차전지(장비),1.48,241790,티이엠씨씨엔에스 *,테마 편입 사유,7670.0,상승  240,3.23,7660.0,7680.0,67803.0,520.0,44788.0,,,0.623215,-0.3958771499999998,"5,983.62",175.00,3.01,2026-04-14 14:56:48
445,2차전지(장비),1.48,282880,코윈테크 *,테마 편입 사유,14600.0,상승  400,2.82,14620.0,14630.0,44119.0,644.0,49087.0,,,0.623215,-0.3958771499999998,"5,983.62",175.00,3.01,2026-04-14 14:56:48
445,2차전지(장비),1.48,432470,케이엔에스 *,테마 편입 사유,13560.0,상승  370,2.81,13520.0,13540.0,36602.0,495.0,19215.0,,,0.623215,-0.3958771499999998,"5,983.62",175.00,3.01,2026-04-14 14:56:48
445,2차전지(장비),1.48,251630,브이원텍 *,테마 편입 사유,5570.0,상승  120,2.2,5580.0,5590.0,52470.0,293.0,49195.0,,,0.623215,-0.3958771499999998,"5,983.62",175.00,3.01,2026-04-14 14:56:48
445,2차전지(장비),1.48,222080,씨아이에스 *,테마 편입 사유,12080.0,상승  250,2.11,12100.0,12110.0,895040.0,10863.0,1046958.0,,,0.623215,-0.3958771499999998,"5,983.62",175.00,3.01,2026-04-14 14:56:48
445,2차전지(장비),1.48,413390,엠오티 *,테마 편입 사유,8340.0,상승  160,1.96,8330.0,8360.0,76208.0,638.0,50582.0,,,0.623215,-0.3958771499999998,"5,983.62",175.00,3.01,2026-04-14 14:56:48
445,2차전지(장비),1.48,290670,대보마그네틱 *,테마 편입 사유,11390.0,상승  210,1.88,11380.0,11410.0,14370.0,164.0,12251.0,,,0.623215,-0.3958771499999998,"5,983.62",175.00,3.01,2026-04-14 14:56:48
445,2차전지(장비),1.48,452190,한빛레이저 *,테마 편입 사유,4700.0,상승  85,1.84,4715.0,4720.0,313303.0,1466.0,560436.0,,,0.623215,-0.3958771499999998,"5,983.62",175.00,3.01,2026-04-14 14:56:48
445,2차전지(장비),1.48,452200,민테크 *,테마 편입 사유,2475.0,상승  40,1.64,2465.0,2480.0,80330.0,198.0,78233.0,,,0.623215,-0.3958771499999998,"5,983.62",175.00,3.01,2026-04-14 14:56:48
445,2차전지(장비),1.48,083930,아바코 *,테마 편입 사유,13830.0,상승  170,1.24,13780.0,13790.0,96891.0,1337.0,83025.0,,,0.623215,-0.3958771499999998,"5,983.62",175.00,3.01,2026-04-14 14:56:48
445,2차전지(장비),1.48,277880,티에스아이 *,테마 편입 사유,5180.0,상승  60,1.17,5170.0,5200.0,92963.0,483.0,165474.0,,,0.623215,-0.3958771499999998,"5,983.62",175.00,3.01,2026-04-14 14:56:48
445,2차전지(장비),1.48,161580,필옵틱스 *,테마 편입 사유,39700.0,상승  450,1.15,39700.0,39750.0,105732.0,4213.0,112738.0,,,0.623215,-0.3958771499999998,"5,983.62",175.00,3.01,2026-04-14 14:56:48
445,2차전지(장비),1.48,299030,하나기술 *,테마 편입 사유,26700.0,상승  300,1.14,26700.0,26800.0,11295.0,302.0,17111.0,,,0.623215,-0.3958771499999998,"5,983.62",175.00,3.01,2026-04-14 14:56:48
445,2차전지(장비),1.48,076080,웰크론한텍 *,테마 편입 사유,1269.0,상승  14,1.12,1266.0,1270.0,83014.0,105.0,191486.0,,,0.623215,-0.3958771499999998,"5,983.62",175.00,3.01,2026-04-14 14:56:48
445,2차전지(장비),1.48,056190,에스에프에이 *,테마 편입 사유,28950.0,상승  300,1.05,28950.0,29000.0,75498.0,2196.0,80128.0,,,0.623215,-0.3958771499999998,"5,983.62",175.00,3.01,2026-04-14 14:56:48
445,2차전지(장비),1.48,131760,파인텍 *,테마 편입 사유,635.0,상승  6,0.95,635.0,637.0,176093.0,111.0,105506.0,,,0.623215,-0.3958771499999998,"5,983.62",175.00,3.01,2026-04-14 14:56:48
445,2차전지(장비),1.48,129920,대성하이텍 *,테마 편입 사유,11640.0,상승  90,0.78,11720.0,11730.0,321799.0,3757.0,617445.0,,,0.623215,-0.3958771499999998,"5,983.62",175.00,3.01,2026-04-14 14:56:48
445,2차전지(장비),1.48,217820,원익피앤이 *,테마 편입 사유,3260.0,상승  25,0.77,3250.0,3255.0,169561.0,555.0,144594.0,,,0.623215,-0.3958771499999998,"5,983.62",175.00,3.01,2026-04-14 14:56:48
445,2차전지(장비),1.48,254120,자비스 *,테마 편입 사유,1333.0,상승  9,0.68,1321.0,1324.0,101367.0,134.0,143672.0,,,0.623215,-0.3958771499999998,"5,983.62",175.00,3.01,2026-04-14 14:56:48
445,2차전지(장비),1.48,262260,에이프로 *,테마 편입 사유,5280.0,상승  30,0.57,5280.0,5290.0,53124.0,279.0,39478.0,,,0.623215,-0.3958771499999998,"5,983.62",175.00,3.01,2026-04-14 14:56:48
445,2차전지(장비),1.48,017370,우신시스템,테마 편입 사유,5860.0,상승  30,0.51,5860.0,5870.0,17492.0,102.0,28114.0,,,0.623215,-0.3958771499999998,"5,983.62",175.00,3.01,2026-04-14 14:56:48
445,2차전지(장비),1.48,079810,디이엔티 *,테마 편입 사유,6810.0,상승  30,0.44,6780.0,6790.0,769078.0,5178.0,1577144.0,,,0.623215,-0.3958771499999998,"5,983.62",175.00,3.01,2026-04-14 14:56:48
445,2차전지(장비),1.48,032680,소프트센 *,테마 편입 사유,241.0,상승  1,0.42,240.0,241.0,542820.0,130.0,334195.0,,,0.623215,-0.3958771499999998,"5,983.62",175.00,3.01,2026-04-14 14:56:48
445,2차전지(장비),1.48,382480,지아이텍 *,테마 편입 사유,2520.0,상승  10,0.4,2515.0,2520.0,393089.0,983.0,516171.0,,,0.623215,-0.3958771499999998,"5,983.62",175.00,3.01,2026-04-14 14:56:48
445,2차전지(장비),1.48,109740,디에스케이 *,테마 편입 사유,5050.0,상승  20,0.4,5020.0,5050.0,66212.0,333.0,43331.0,,,0.623215,-0.3958771499999998,"5,983.62",175.00,3.01,2026-04-14 14:56:48
445,2차전지(장비),1.48,078150,HB테크놀러지 *,테마 편입 사유,2450.0,상승  5,0.2,2455.0,2460.0,3107397.0,7736.0,4588472.0,,,0.623215,-0.3958771499999998,"5,983.62",175.00,3.01,2026-04-14 14:56:48
445,2차전지(장비),1.48,137400,피엔티 *,테마 편입 사유,49950.0,상승  100,0.2,49950.0,50000.0,121229.0,6086.0,145105.0,,,0.623215,-0.3958771499999998,"5,983.62",175.00,3.01,2026-04-14 14:56:48
445,2차전지(장비),1.48,372170,윤성에프앤씨 *,테마 편입 사유,30600.0,상승  50,0.16,30550.0,30600.0,9438.0,289.0,22484.0,,,0.623215,-0.3958771499999998,"5,983.62",175.00,3.01,2026-04-14 14:56:48
445,2차전지(장비),1.48,148930,에이치와이티씨 *,테마 편입 사유,3100.0,상승  5,0.16,3105.0,3110.0,19524.0,60.0,82265.0,,,0.623215,-0.3958771499999998,"5,983.62",175.00,3.01,2026-04-14 14:56:48
445,2차전지(장비),1.48,382840,원준 *,테마 편입 사유,8720.0,보합0,0.0,8730.0,8770.0,82731.0,727.0,33085.0,,,0.623215,-0.3958771499999998,"5,983.62",175.00,3.01,2026-04-14 14:56:48
445,2차전지(장비),1.48,378340,필에너지 *,테마 편입 사유,15150.0,하락  10,-0.07,15120.0,15130.0,48646.0,738.0,50105.0,,,0.623215,-0.3958771499999998,"5,983.62",175.00,3.01,2026-04-14 14:56:48
445,2차전지(장비),1.48,333620,엔시스 *,테마 편입 사유,6190.0,하락  10,-0.16,6180.0,6190.0,38441.0,237.0,43795.0,,,0.623215,-0.3958771499999998,"5,983.62",175.00,3.01,2026-04-14 14:56:48
445,2차전지(장비),1.48,065130,탑엔지니어링 *,테마 편입 사유,3205.0,하락  5,-0.16,3205.0,3215.0,31933.0,102.0,25685.0,,,0.623215,-0.3958771499999998,"5,983.62",175.00,3.01,2026-04-14 14:56:48
445,2차전지(장비),1.48,320000,한울반도체 *,테마 편입 사유,1523.0,하락  10,-0.65,1542.0,1543.0,460977.0,703.0,778911.0,,,0.623215,-0.3958771499999998,"5,983.62",175.00,3.01,2026-04-14 14:56:48
445,2차전지(장비),1.48,114190,강원에너지 *,테마 편입 사유,14050.0,하락  100,-0.71,14030.0,14060.0,272388.0,3863.0,345455.0,,,0.623215,-0.3958771499999998,"5,983.62",175.00,3.01,2026-04-14 14:56:48
445,2차전지(장비),1.48,257370,피엔티엠에스 *,테마 편입 사유,3255.0,하락  65,-1.96,3270.0,3280.0,26882.0,88.0,23241.0,,,0.623215,-0.3958771499999998,"5,983.62",175.00,3.01,2026-04-14 14:56:48
445,2차전지(장비),1.48,108230,톱텍 *,테마 편입 사유,4690.0,하락  115,-2.39,4700.0,4705.0,84936.0,404.0,148964.0,,,0.623215,-0.3958771499999998,"5,983.62",175.00,3.01,2026-04-14 14:56:48
445,2차전지(장비),1.48,259630,엠플러스 *,테마 편입 사유,15430.0,하락  380,-2.4,15400.0,15410.0,376171.0,5878.0,421794.0,,,0.623215,-0.3958771499999998,"5,983.62",175.00,3.01,2026-04-14 14:56:48
310,리츠(REITs),0.06,395400,SK리츠,테마 편입 사유,6670.0,상승  100,1.52,6660.0,6680.0,576757.0,3824.0,442769.0,,,0.148746,-0.3877254599999999,"5,983.62",175.00,3.01,2026-04-14 14:56:48
310,리츠(REITs),0.06,481850,신한글로벌액티브리츠,테마 편입 사유,1136.0,상승  16,1.43,1135.0,1136.0,67400.0,76.0,65641.0,,,0.148746,-0.3877254599999999,"5,983.62",175.00,3.01,2026-04-14 14:56:48
310,리츠(REITs),0.06,0030R0,대신밸류리츠,테마 편입 사유,4405.0,상승  55,1.26,4405.0,4410.0,44146.0,194.0,56670.0,,,0.148746,-0.3877254599999999,"5,983.62",175.00,3.01,2026-04-14 14:56:48
310,리츠(REITs),0.06,330590,롯데리츠,테마 편입 사유,4870.0,상승  45,0.93,4860.0,4865.0,447535.0,2177.0,406737.0,,,0.148746,-0.3877254599999999,"5,983.62",175.00,3.01,2026-04-14 14:56:48
310,리츠(REITs),0.06,448730,삼성FN리츠,테마 편입 사유,6050.0,상승  50,0.83,6060.0,6070.0,172992.0,1045.0,158277.0,,,0.148746,-0.3877254599999999,"5,983.62",175.00,3.01,2026-04-14 14:56:48
310,리츠(REITs),0.06,432320,KB스타리츠,테마 편입 사유,2265.0,상승  15,0.67,2260.0,2265.0,230049.0,519.0,404999.0,,,0.148746,-0.3877254599999999,"5,983.62",175.00,3.01,2026-04-14 14:56:48
310,리츠(REITs),0.06,334890,이지스밸류플러스리츠,테마 편입 사유,4300.0,상승  20,0.47,4295.0,4300.0,163639.0,703.0,117835.0,,,0.148746,-0.3877254599999999,"5,983.62",175.00,3.01,2026-04-14 14:56:48
310,리츠(REITs),0.06,404990,신한서부티엔디리츠,테마 편입 사유,4285.0,상승  10,0.23,4275.0,4280.0,173374.0,740.0,246741.0,,,0.148746,-0.3877254599999999,"5,983.62",175.00,3.01,2026-04-14 14:56:48
310,리츠(REITs),0.06,377190,디앤디플랫폼리츠,테마 편입 사유,3150.0,상승  5,0.16,3150.0,3155.0,127549.0,400.0,158568.0,,,0.148746,-0.3877254599999999,"5,983.62",175.00,3.01,2026-04-14 14:56:48
310,리츠(REITs),0.06,417310,코람코더원리츠,테마 편입 사유,10160.0,상승  10,0.1,10150.0,10160.0,223650.0,2263.0,501591.0,,,0.148746,-0.3877254599999999,"5,983.62",175.00,3.01,2026-04-14 14:56:48
310,리츠(REITs),0.06,357430,마스턴프리미어리츠,테마 편입 사유,1432.0,보합0,0.0,1432.0,1434.0,17728.0,25.0,14993.0,,,0.148746,-0.3877254599999999,"5,983.62",175.00,3.01,2026-04-14 14:56:48
310,리츠(REITs),0.06,451800,한화리츠,테마 편입 사유,5600.0,보합0,0.0,5590.0,5600.0,244042.0,1364.0,242792.0,,,0.148746,-0.3877254599999999,"5,983.62",175.00,3.01,2026-04-14 14:56:48
310,리츠(REITs),0.06,357120,코람코라이프인프라리츠,테마 편입 사유,4660.0,보합0,0.0,4655.0,4660.0,107218.0,499.0,155954.0,,,0.148746,-0.3877254599999999,"5,983.62",175.00,3.01,2026-04-14 14:56:48
310,리츠(REITs),0.06,293940,신한알파리츠,테마 편입 사유,6050.0,보합0,0.0,6040.0,6050.0,305237.0,1845.0,427093.0,,,0.148746,-0.3877254599999999,"5,983.62",175.00,3.01,2026-04-14 14:56:48
310,리츠(REITs),0.06,088260,이리츠코크렙,테마 편입 사유,4900.0,보합0,0.0,4900.0,4905.0,67810.0,332.0,45365.0,,,0.148746,-0.3877254599999999,"5,983.62",175.00,3.01,2026-04-14 14:56:48
310,리츠(REITs),0.06,357250,미래에셋맵스리츠,테마 편입 사유,2455.0,하락  5,-0.2,2450.0,2455.0,31492.0,77.0,25279.0,,,0.148746,-0.3877254599999999,"5,983.62",175.00,3.01,2026-04-14 14:56:48
310,리츠(REITs),0.06,350520,이지스레지던스리츠,테마 편입 사유,3985.0,하락  15,-0.37,3985.0,3990.0,79923.0,318.0,66042.0,,,0.148746,-0.3877254599999999,"5,983.62",175.00,3.01,2026-04-14 14:56:48
310,리츠(REITs),0.06,338100,NH프라임리츠,테마 편입 사유,4755.0,하락  20,-0.42,4760.0,4765.0,94941.0,452.0,100662.0,,,0.148746,-0.3877254599999999,"5,983.62",175.00,3.01,2026-04-14 14:56:48
310,리츠(REITs),0.06,145270,케이탑리츠,테마 편입 사유,905.0,하락  7,-0.77,901.0,903.0,169361.0,151.0,23183.0,,,0.148746,-0.3877254599999999,"5,983.62",175.00,3.01,2026-04-14 14:56:48
310,리츠(REITs),0.06,400760,NH올원리츠,테마 편입 사유,3345.0,하락  30,-0.89,3345.0,3360.0,169443.0,568.0,168348.0,,,0.148746,-0.3877254599999999,"5,983.62",175.00,3.01,2026-04-14 14:56:48
310,리츠(REITs),0.06,348950,제이알글로벌리츠,테마 편입 사유,1828.0,하락  17,-0.92,1821.0,1822.0,695170.0,1271.0,1223204.0,,,0.148746,-0.3877254599999999,"5,983.62",175.00,3.01,2026-04-14 14:56:48
310,리츠(REITs),0.06,396690,미래에셋글로벌리츠,테마 편입 사유,2335.0,하락  30,-1.27,2335.0,2340.0,147049.0,345.0,116938.0,,,0.148746,-0.3877254599999999,"5,983.62",175.00,3.01,2026-04-14 14:56:48
310,리츠(REITs),0.06,365550,ESR켄달스퀘어리츠,테마 편입 사유,4585.0,하락  105,-2.24,4575.0,4590.0,453495.0,2095.0,356415.0,,,0.148746,-0.3877254599999999,"5,983.62",175.00,3.01,2026-04-14 14:56:48
82,태풍 및 장마,0.43,060150,인선이엔티 *,테마 편입 사유,4380.0,상승  135,3.18,4345.0,4350.0,290656.0,1267.0,62626.0,,,0.262217,-0.35927316999999986,"5,983.62",175.00,3.01,2026-04-14 14:56:48
82,태풍 및 장마,0.43,000490,대동,테마 편입 사유,10210.0,상승  180,1.79,10210.0,10230.0,182303.0,1855.0,204805.0,,,0.262217,-0.35927316999999986,"5,983.62",175.00,3.01,2026-04-14 14:56:48
82,태풍 및 장마,0.43,004000,롯데정밀화학,테마 편입 사유,51600.0,상승  900,1.78,51300.0,51400.0,43440.0,2221.0,41048.0,,,0.262217,-0.35927316999999986,"5,983.62",175.00,3.01,2026-04-14 14:56:48
82,태풍 및 장마,0.43,025860,남해화학,테마 편입 사유,9550.0,상승  160,1.7,9510.0,9520.0,17920937.0,173875.0,32329202.0,,,0.262217,-0.35927316999999986,"5,983.62",175.00,3.01,2026-04-14 14:56:48
82,태풍 및 장마,0.43,060260,뉴보텍 *,테마 편입 사유,1505.0,상승  9,0.6,1504.0,1506.0,113723.0,171.0,226027.0,,,0.262217,-0.35927316999999986,"5,983.62",175.00,3.01,2026-04-14 14:56:48
82,태풍 및 장마,0.43,002100,경농,테마 편입 사유,10000.0,상승  50,0.5,10000.0,10010.0,133573.0,1334.0,454068.0,,,0.262217,-0.35927316999999986,"5,983.62",175.00,3.01,2026-04-14 14:56:48
82,태풍 및 장마,0.43,101670,하이드로리튬 *,테마 편입 사유,1987.0,상승  6,0.3,1982.0,1983.0,1023264.0,2034.0,1355724.0,,,0.262217,-0.35927316999999986,"5,983.62",175.00,3.01,2026-04-14 14:56:48
82,태풍 및 장마,0.43,007590,동방아그로,테마 편입 사유,6040.0,하락  40,-0.66,6030.0,6040.0,6199.0,37.0,13522.0,,,0.262217,-0.35927316999999986,"5,983.62",175.00,3.01,2026-04-14 14:56:48
82,태풍 및 장마,0.43,043200,파루 *,테마 편입 사유,999.0,하락  18,-1.77,995.0,998.0,457995.0,456.0,736570.0,,,0.262217,-0.35927316999999986,"5,983.62",175.00,3.01,2026-04-14 14:56:48
82,태풍 및 장마,0.43,001550,조비,테마 편입 사유,16190.0,하락  490,-2.94,16220.0,16230.0,666609.0,10930.0,2210732.0,,,0.262217,-0.35927316999999986,"5,983.62",175.00,3.01,2026-04-14 14:56:48
405,MLCC(적층세라믹콘덴서),1.57,052710,아모텍 *,테마 편입 사유,23200.0,"상승  1,600",7.41,23250.0,23300.0,1245205.0,28952.0,1212031.0,,,0.637938,-0.3501933799999999,"5,983.62",175.00,3.01,2026-04-14 14:56:48
405,MLCC(적층세라믹콘덴서),1.57,009150,삼성전기,테마 편입 사유,590000.0,"상승  22,000",3.87,587000.0,588000.0,467257.0,274198.0,515832.0,,,0.637938,-0.3501933799999999,"5,983.62",175.00,3.01,2026-04-14 14:56:48
405,MLCC(적층세라믹콘덴서),1.57,001820,삼화콘덴서,테마 편입 사유,64200.0,"상승  2,000",3.22,63900.0,64000.0,477249.0,31471.0,231636.0,,,0.637938,-0.3501933799999999,"5,983.62",175.00,3.01,2026-04-14 14:56:48
405,MLCC(적층세라믹콘덴서),1.57,306620,지아이에스 *,테마 편입 사유,3405.0,상승  105,3.18,3410.0,3415.0,1172885.0,3981.0,1726570.0,,,0.637938,-0.3501933799999999,"5,983.62",175.00,3.01,2026-04-14 14:56:48
405,MLCC(적층세라믹콘덴서),1.57,149950,아바텍 *,테마 편입 사유,11180.0,상승  230,2.1,11150.0,11170.0,52220.0,583.0,99086.0,,,0.637938,-0.3501933799999999,"5,983.62",175.00,3.01,2026-04-14 14:56:48
405,MLCC(적층세라믹콘덴서),1.57,126730,코칩 *,테마 편입 사유,18390.0,상승  50,0.27,18390.0,18420.0,73798.0,1374.0,36492.0,,,0.637938,-0.3501933799999999,"5,983.62",175.00,3.01,2026-04-14 14:56:48
405,MLCC(적층세라믹콘덴서),1.57,382840,원준 *,테마 편입 사유,8720.0,보합0,0.0,8730.0,8770.0,82731.0,727.0,33085.0,,,0.637938,-0.3501933799999999,"5,983.62",175.00,3.01,2026-04-14 14:56:48
405,MLCC(적층세라믹콘덴서),1.57,320000,한울반도체 *,테마 편입 사유,1523.0,하락  10,-0.65,1542.0,1543.0,460977.0,703.0,778911.0,,,0.637938,-0.3501933799999999,"5,983.62",175.00,3.01,2026-04-14 14:56:48
405,MLCC(적층세라믹콘덴서),1.57,005070,코스모신소재,테마 편입 사유,53100.0,하락  800,-1.48,52900.0,53000.0,181283.0,9704.0,123971.0,,,0.637938,-0.3501933799999999,"5,983.62",175.00,3.01,2026-04-14 14:56:48
405,MLCC(적층세라믹콘덴서),1.57,078600,대주전자재료 *,테마 편입 사유,116300.0,"하락  3,000",-2.51,115800.0,115900.0,438600.0,50318.0,125297.0,,,0.637938,-0.3501933799999999,"5,983.62",175.00,3.01,2026-04-14 14:56:48
568,코리아 밸류업 지수(Korea Value-up Index),1.32,006800,미래에셋증권,테마 편입 사유,72200.0,"상승  6,900",10.57,71700.0,71800.0,9521124.0,682612.0,1563776.0,,,0.542066,-0.31161865999999994,"5,983.62",175.00,3.01,2026-04-14 14:56:48
568,코리아 밸류업 지수(Korea Value-up Index),1.32,064760,티씨케이 *,테마 편입 사유,262000.0,"상승  18,500",7.6,262500.0,263000.0,122542.0,31885.0,43472.0,,,0.542066,-0.31161865999999994,"5,983.62",175.00,3.01,2026-04-14 14:56:48
568,코리아 밸류업 지수(Korea Value-up Index),1.32,000660,SK하이닉스,테마 편입 사유,1111000.0,"상승  71,000",6.83,1110000.0,1111000.0,4085443.0,4530501.0,2769753.0,,,0.542066,-0.31161865999999994,"5,983.62",175.00,3.01,2026-04-14 14:56:48
568,코리아 밸류업 지수(Korea Value-up Index),1.32,009900,명신산업,테마 편입 사유,10220.0,상승  560,5.8,10170.0,10180.0,353477.0,3570.0,129484.0,,,0.542066,-0.31161865999999994,"5,983.62",175.00,3.01,2026-04-14 14:56:48
568,코리아 밸류업 지수(Korea Value-up Index),1.32,267260,HD현대일렉트릭,테마 편입 사유,1062000.0,"상승  55,000",5.46,1066000.0,1067000.0,159835.0,168453.0,112646.0,,,0.542066,-0.31161865999999994,"5,983.62",175.00,3.01,2026-04-14 14:56:48
568,코리아 밸류업 지수(Korea Value-up Index),1.32,016360,삼성증권,테마 편입 사유,111600.0,"상승  5,700",5.38,111700.0,111800.0,408365.0,45496.0,352060.0,,,0.542066,-0.31161865999999994,"5,983.62",175.00,3.01,2026-04-14 14:56:48
568,코리아 밸류업 지수(Korea Value-up Index),1.32,071050,한국금융지주,테마 편입 사유,258500.0,"상승  12,500",5.08,258000.0,258500.0,335292.0,86600.0,350971.0,,,0.542066,-0.31161865999999994,"5,983.62",175.00,3.01,2026-04-14 14:56:48
568,코리아 밸류업 지수(Korea Value-up Index),1.32,010120,LS ELECTRIC,테마 편입 사유,186200.0,"상승  7,000",3.91,186000.0,186100.0,2060361.0,388852.0,2572650.0,,,0.542066,-0.31161865999999994,"5,983.62",175.00,3.01,2026-04-14 14:56:48
568,코리아 밸류업 지수(Korea Value-up Index),1.32,012750,에스원,테마 편입 사유,91400.0,"상승  3,200",3.63,91400.0,91800.0,39254.0,3591.0,28644.0,,,0.542066,-0.31161865999999994,"5,983.62",175.00,3.01,2026-04-14 14:56:48
568,코리아 밸류업 지수(Korea Value-up Index),1.32,064350,현대로템,테마 편입 사유,214500.0,"상승  7,500",3.62,214000.0,214500.0,855098.0,184195.0,554242.0,,,0.542066,-0.31161865999999994,"5,983.62",175.00,3.01,2026-04-14 14:56:48
568,코리아 밸류업 지수(Korea Value-up Index),1.32,017670,SK텔레콤,테마 편입 사유,95800.0,"상승  3,300",3.57,95700.0,95800.0,776865.0,74533.0,1272423.0,,,0.542066,-0.31161865999999994,"5,983.62",175.00,3.01,2026-04-14 14:56:48
568,코리아 밸류업 지수(Korea Value-up Index),1.32,012330,현대모비스,테마 편입 사유,405000.0,"상승  13,500",3.45,404000.0,405000.0,149900.0,60820.0,222824.0,,,0.542066,-0.31161865999999994,"5,983.62",175.00,3.01,2026-04-14 14:56:48
568,코리아 밸류업 지수(Korea Value-up Index),1.32,052690,한전기술,테마 편입 사유,172900.0,"상승  5,700",3.41,173300.0,173400.0,284720.0,48911.0,161542.0,,,0.542066,-0.31161865999999994,"5,983.62",175.00,3.01,2026-04-14 14:56:48
568,코리아 밸류업 지수(Korea Value-up Index),1.32,000810,삼성화재,테마 편입 사유,487500.0,"상승  16,000",3.39,484000.0,484500.0,167116.0,80938.0,91284.0,,,0.542066,-0.31161865999999994,"5,983.62",175.00,3.01,2026-04-14 14:56:48
568,코리아 밸류업 지수(Korea Value-up Index),1.32,039490,키움증권,테마 편입 사유,478000.0,"상승  15,500",3.35,475500.0,476500.0,241898.0,114211.0,122169.0,,,0.542066,-0.31161865999999994,"5,983.62",175.00,3.01,2026-04-14 14:56:48
568,코리아 밸류업 지수(Korea Value-up Index),1.32,138040,메리츠금융지주,테마 편입 사유,117700.0,"상승  3,800",3.34,117600.0,117700.0,190439.0,22459.0,194547.0,,,0.542066,-0.31161865999999994,"5,983.62",175.00,3.01,2026-04-14 14:56:48
568,코리아 밸류업 지수(Korea Value-up Index),1.32,086280,현대글로비스,테마 편입 사유,219000.0,"상승  7,000",3.3,218500.0,219000.0,104800.0,22978.0,129728.0,,,0.542066,-0.31161865999999994,"5,983.62",175.00,3.01,2026-04-14 14:56:48
568,코리아 밸류업 지수(Korea Value-up Index),1.32,381970,케이카,테마 편입 사유,10400.0,상승  330,3.28,10370.0,10390.0,208207.0,2145.0,108410.0,,,0.542066,-0.31161865999999994,"5,983.62",175.00,3.01,2026-04-14 14:56:48
568,코리아 밸류업 지수(Korea Value-up Index),1.32,005930,삼성전자,테마 편입 사유,207500.0,"상승  6,500",3.23,207000.0,207500.0,20344755.0,4234234.0,19603415.0,,,0.542066,-0.31161865999999994,"5,983.62",175.00,3.01,2026-04-14 14:56:48
568,코리아 밸류업 지수(Korea Value-up Index),1.32,005380,현대차,테마 편입 사유,493000.0,"상승  14,500",3.03,493000.0,493500.0,705274.0,349639.0,637565.0,,,0.542066,-0.31161865999999994,"5,983.62",175.00,3.01,2026-04-14 14:56:48
568,코리아 밸류업 지수(Korea Value-up Index),1.32,039130,하나투어,테마 편입 사유,41400.0,"상승  1,100",2.73,41400.0,41450.0,46848.0,1929.0,61958.0,,,0.542066,-0.31161865999999994,"5,983.62",175.00,3.01,2026-04-14 14:56:48
568,코리아 밸류업 지수(Korea Value-up Index),1.32,011070,LG이노텍,테마 편입 사유,371000.0,"상승  9,500",2.63,370000.0,370500.0,133859.0,49235.0,207578.0,,,0.542066,-0.31161865999999994,"5,983.62",175.00,3.01,2026-04-14 14:56:48
568,코리아 밸류업 지수(Korea Value-up Index),1.32,003490,대한항공,테마 편입 사유,24550.0,상승  600,2.51,24450.0,24500.0,1600810.0,39097.0,1528777.0,,,0.542066,-0.31161865999999994,"5,983.62",175.00,3.01,2026-04-14 14:56:48
568,코리아 밸류업 지수(Korea Value-up Index),1.32,316140,우리금융지주,테마 편입 사유,35000.0,상승  850,2.49,35050.0,35100.0,1256349.0,44025.0,1344526.0,,,0.542066,-0.31161865999999994,"5,983.62",175.00,3.01,2026-04-14 14:56:48
568,코리아 밸류업 지수(Korea Value-up Index),1.32,267250,HD현대,테마 편입 사유,250000.0,"상승  6,000",2.46,251000.0,251500.0,116415.0,29059.0,115938.0,,,0.542066,-0.31161865999999994,"5,983.62",175.00,3.01,2026-04-14 14:56:48
568,코리아 밸류업 지수(Korea Value-up Index),1.32,403870,HPSP *,테마 편입 사유,42400.0,"상승  1,000",2.42,42600.0,42650.0,2210798.0,93334.0,4188767.0,,,0.542066,-0.31161865999999994,"5,983.62",175.00,3.01,2026-04-14 14:56:48
568,코리아 밸류업 지수(Korea Value-up Index),1.32,017800,현대엘리베이터,테마 편입 사유,94200.0,"상승  2,200",2.39,93900.0,94000.0,160339.0,15016.0,249177.0,,,0.542066,-0.31161865999999994,"5,983.62",175.00,3.01,2026-04-14 14:56:48
568,코리아 밸류업 지수(Korea Value-up Index),1.32,383220,F&F,테마 편입 사유,64900.0,"상승  1,500",2.37,65000.0,65100.0,77037.0,4997.0,72740.0,,,0.542066,-0.31161865999999994,"5,983.62",175.00,3.01,2026-04-14 14:56:48
568,코리아 밸류업 지수(Korea Value-up Index),1.32,002840,미원상사,테마 편입 사유,136600.0,"상승  3,100",2.32,136300.0,136400.0,3649.0,493.0,7911.0,,,0.542066,-0.31161865999999994,"5,983.62",175.00,3.01,2026-04-14 14:56:48
568,코리아 밸류업 지수(Korea Value-up Index),1.32,282330,BGF리테일,테마 편입 사유,130200.0,"상승  2,900",2.28,129900.0,130100.0,46319.0,5999.0,67526.0,,,0.542066,-0.31161865999999994,"5,983.62",175.00,3.01,2026-04-14 14:56:48
568,코리아 밸류업 지수(Korea Value-up Index),1.32,192650,드림텍,테마 편입 사유,6720.0,상승  150,2.28,6750.0,6770.0,283594.0,1897.0,222049.0,,,0.542066,-0.31161865999999994,"5,983.62",175.00,3.01,2026-04-14 14:56:48
568,코리아 밸류업 지수(Korea Value-up Index),1.32,042700,한미반도체,테마 편입 사유,282500.0,"상승  6,000",2.17,282500.0,283000.0,485183.0,137393.0,387276.0,,,0.542066,-0.31161865999999994,"5,983.62",175.00,3.01,2026-04-14 14:56:48
568,코리아 밸류업 지수(Korea Value-up Index),1.32,272290,이녹스첨단소재 *,테마 편입 사유,32100.0,상승  650,2.07,32150.0,32200.0,171706.0,5539.0,131486.0,,,0.542066,-0.31161865999999994,"5,983.62",175.00,3.01,2026-04-14 14:56:48
568,코리아 밸류업 지수(Korea Value-up Index),1.32,021240,코웨이,테마 편입 사유,81500.0,"상승  1,600",2.0,81500.0,81600.0,207288.0,16857.0,400651.0,,,0.542066,-0.31161865999999994,"5,983.62",175.00,3.01,2026-04-14 14:56:48
568,코리아 밸류업 지수(Korea Value-up Index),1.32,067160,SOOP *,테마 편입 사유,59900.0,"상승  1,100",1.87,59900.0,60000.0,28320.0,1705.0,26954.0,,,0.542066,-0.31161865999999994,"5,983.62",175.00,3.01,2026-04-14 14:56:48
568,코리아 밸류업 지수(Korea Value-up Index),1.32,033780,KT&G,테마 편입 사유,168700.0,"상승  3,100",1.87,168200.0,168500.0,251049.0,42168.0,237808.0,,,0.542066,-0.31161865999999994,"5,983.62",175.00,3.01,2026-04-14 14:56:48
568,코리아 밸류업 지수(Korea Value-up Index),1.32,192080,더블유게임즈,테마 편입 사유,50200.0,상승  900,1.83,50200.0,50300.0,38727.0,1947.0,51062.0,,,0.542066,-0.31161865999999994,"5,983.62",175.00,3.01,2026-04-14 14:56:48
568,코리아 밸류업 지수(Korea Value-up Index),1.32,051600,한전KPS,테마 편입 사유,58200.0,"상승  1,000",1.75,58100.0,58300.0,130103.0,7553.0,137129.0,,,0.542066,-0.31161865999999994,"5,983.62",175.00,3.01,2026-04-14 14:56:48
568,코리아 밸류업 지수(Korea Value-up Index),1.32,215200,메가스터디교육 *,테마 편입 사유,44500.0,상승  750,1.71,44400.0,44450.0,18551.0,825.0,28986.0,,,0.542066,-0.31161865999999994,"5,983.62",175.00,3.01,2026-04-14 14:56:48
568,코리아 밸류업 지수(Korea Value-up Index),1.32,000270,기아,테마 편입 사유,149900.0,"상승  2,500",1.7,149700.0,149800.0,826723.0,124259.0,976438.0,,,0.542066,-0.31161865999999994,"5,983.62",175.00,3.01,2026-04-14 14:56:48
568,코리아 밸류업 지수(Korea Value-up Index),1.32,030200,KT,테마 편입 사유,64000.0,"상승  1,000",1.59,64000.0,64100.0,330264.0,21308.0,253812.0,,,0.542066,-0.31161865999999994,"5,983.62",175.00,3.01,2026-04-14 14:56:48
568,코리아 밸류업 지수(Korea Value-up Index),1.32,014680,한솔케미칼,테마 편입 사유,264000.0,"상승  4,000",1.54,265000.0,265500.0,78450.0,20866.0,140603.0,,,0.542066,-0.31161865999999994,"5,983.62",175.00,3.01,2026-04-14 14:56:48
568,코리아 밸류업 지수(Korea Value-up Index),1.32,214150,클래시스 *,테마 편입 사유,54600.0,상승  800,1.49,54500.0,54700.0,125328.0,6873.0,123165.0,,,0.542066,-0.31161865999999994,"5,983.62",175.00,3.01,2026-04-14 14:56:48
568,코리아 밸류업 지수(Korea Value-up Index),1.32,180640,한진칼,테마 편입 사유,111700.0,"상승  1,600",1.45,111800.0,111900.0,86477.0,9676.0,136425.0,,,0.542066,-0.31161865999999994,"5,983.62",175.00,3.01,2026-04-14 14:56:48
568,코리아 밸류업 지수(Korea Value-up Index),1.32,005830,DB손해보험,테마 편입 사유,169400.0,"상승  2,200",1.32,168700.0,168800.0,118648.0,20095.0,131144.0,,,0.542066,-0.31161865999999994,"5,983.62",175.00,3.01,2026-04-14 14:56:48
568,코리아 밸류업 지수(Korea Value-up Index),1.32,022100,포스코DX,테마 편입 사유,31850.0,상승  400,1.27,31900.0,31950.0,243929.0,7786.0,192268.0,,,0.542066,-0.31161865999999994,"5,983.62",175.00,3.01,2026-04-14 14:56:48
568,코리아 밸류업 지수(Korea Value-up Index),1.32,030000,제일기획,테마 편입 사유,19560.0,상승  230,1.19,19560.0,19570.0,235153.0,4594.0,193859.0,,,0.542066,-0.31161865999999994,"5,983.62",175.00,3.01,2026-04-14 14:56:48
568,코리아 밸류업 지수(Korea Value-up Index),1.32,383310,에코프로에이치엔 *,테마 편입 사유,29925.0,상승  325,1.1,30000.0,30050.0,127619.0,3845.0,108429.0,,,0.542066,-0.31161865999999994,"5,983.62",175.00,3.01,2026-04-14 14:56:48
568,코리아 밸류업 지수(Korea Value-up Index),1.32,214450,파마리서치 *,테마 편입 사유,299000.0,"상승  3,000",1.01,298500.0,299000.0,34789.0,10432.0,44445.0,,,0.542066,-0.31161865999999994,"5,983.62",175.00,3.01,2026-04-14 14:56:48
568,코리아 밸류업 지수(Korea Value-up Index),1.32,086790,하나금융지주,테마 편입 사유,121200.0,"상승  1,200",1.0,121500.0,121600.0,605356.0,73861.0,767670.0,,,0.542066,-0.31161865999999994,"5,983.62",175.00,3.01,2026-04-14 14:56:48
568,코리아 밸류업 지수(Korea Value-up Index),1.32,272210,한화시스템,테마 편입 사유,133200.0,"상승  1,300",0.99,132900.0,133000.0,565725.0,75144.0,1072186.0,,,0.542066,-0.31161865999999994,"5,983.62",175.00,3.01,2026-04-14 14:56:48
568,코리아 밸류업 지수(Korea Value-up Index),1.32,005300,롯데칠성,테마 편입 사유,118200.0,"상승  1,100",0.94,118300.0,118400.0,14037.0,1648.0,14494.0,,,0.542066,-0.31161865999999994,"5,983.62",175.00,3.01,2026-04-14 14:56:48
568,코리아 밸류업 지수(Korea Value-up Index),1.32,241560,두산밥캣,테마 편입 사유,68800.0,상승  600,0.88,68700.0,68800.0,199172.0,13744.0,258088.0,,,0.542066,-0.31161865999999994,"5,983.62",175.00,3.01,2026-04-14 14:56:48
568,코리아 밸류업 지수(Korea Value-up Index),1.32,005180,빙그레,테마 편입 사유,73100.0,상승  600,0.83,73100.0,73200.0,30403.0,2234.0,38497.0,,,0.542066,-0.31161865999999994,"5,983.62",175.00,3.01,2026-04-14 14:56:48
568,코리아 밸류업 지수(Korea Value-up Index),1.32,103140,풍산,테마 편입 사유,100300.0,상승  800,0.8,100100.0,100200.0,185728.0,18616.0,194808.0,,,0.542066,-0.31161865999999994,"5,983.62",175.00,3.01,2026-04-14 14:56:48
568,코리아 밸류업 지수(Korea Value-up Index),1.32,035250,강원랜드,테마 편입 사유,16940.0,상승  120,0.71,16920.0,16930.0,415769.0,7052.0,471862.0,,,0.542066,-0.31161865999999994,"5,983.62",175.00,3.01,2026-04-14 14:56:48
568,코리아 밸류업 지수(Korea Value-up Index),1.32,035900,JYP Ent. *,테마 편입 사유,60000.0,상승  400,0.67,59900.0,60000.0,98521.0,5933.0,144516.0,,,0.542066,-0.31161865999999994,"5,983.62",175.00,3.01,2026-04-14 14:56:48
568,코리아 밸류업 지수(Korea Value-up Index),1.32,036930,주성엔지니어링 *,테마 편입 사유,63700.0,상승  400,0.63,63600.0,63700.0,697184.0,44615.0,661847.0,,,0.542066,-0.31161865999999994,"5,983.62",175.00,3.01,2026-04-14 14:56:48
568,코리아 밸류업 지수(Korea Value-up Index),1.32,047810,한국항공우주,테마 편입 사유,193700.0,"상승  1,200",0.62,194200.0,194300.0,314014.0,61093.0,471666.0,,,0.542066,-0.31161865999999994,"5,983.62",175.00,3.01,2026-04-14 14:56:48
568,코리아 밸류업 지수(Korea Value-up Index),1.32,336570,원텍 *,테마 편입 사유,7460.0,상승  40,0.54,7460.0,7470.0,398982.0,2987.0,667350.0,,,0.542066,-0.31161865999999994,"5,983.62",175.00,3.01,2026-04-14 14:56:48
568,코리아 밸류업 지수(Korea Value-up Index),1.32,055550,신한지주,테마 편입 사유,98800.0,상승  500,0.51,99000.0,99100.0,730959.0,72690.0,634338.0,,,0.542066,-0.31161865999999994,"5,983.62",175.00,3.01,2026-04-14 14:56:48
568,코리아 밸류업 지수(Korea Value-up Index),1.32,145720,덴티움,테마 편입 사유,53350.0,상승  250,0.47,53200.0,53300.0,20985.0,1118.0,53968.0,,,0.542066,-0.31161865999999994,"5,983.62",175.00,3.01,2026-04-14 14:56:48
568,코리아 밸류업 지수(Korea Value-up Index),1.32,000990,DB하이텍,테마 편입 사유,96900.0,상승  400,0.41,96300.0,96400.0,296490.0,28651.0,273350.0,,,0.542066,-0.31161865999999994,"5,983.62",175.00,3.01,2026-04-14 14:56:48
568,코리아 밸류업 지수(Korea Value-up Index),1.32,030190,NICE평가정보,테마 편입 사유,14970.0,상승  50,0.34,14940.0,14980.0,57850.0,862.0,56090.0,,,0.542066,-0.31161865999999994,"5,983.62",175.00,3.01,2026-04-14 14:56:48
568,코리아 밸류업 지수(Korea Value-up Index),1.32,008930,한미사이언스,테마 편입 사유,38450.0,상승  100,0.26,38450.0,38500.0,58813.0,2269.0,74917.0,,,0.542066,-0.31161865999999994,"5,983.62",175.00,3.01,2026-04-14 14:56:48
568,코리아 밸류업 지수(Korea Value-up Index),1.32,185750,종근당,테마 편입 사유,87700.0,상승  200,0.23,87800.0,87900.0,29345.0,2589.0,33208.0,,,0.542066,-0.31161865999999994,"5,983.62",175.00,3.01,2026-04-14 14:56:48
568,코리아 밸류업 지수(Korea Value-up Index),1.32,014820,동원시스템즈,테마 편입 사유,25300.0,보합0,0.0,25350.0,25400.0,26251.0,667.0,22317.0,,,0.542066,-0.31161865999999994,"5,983.62",175.00,3.01,2026-04-14 14:56:48
568,코리아 밸류업 지수(Korea Value-up Index),1.32,026960,동서,테마 편입 사유,27250.0,보합0,0.0,27250.0,27300.0,50209.0,1368.0,69364.0,,,0.542066,-0.31161865999999994,"5,983.62",175.00,3.01,2026-04-14 14:56:48
568,코리아 밸류업 지수(Korea Value-up Index),1.32,009450,경동나비엔,테마 편입 사유,69500.0,보합0,0.0,69500.0,69600.0,57820.0,3978.0,138883.0,,,0.542066,-0.31161865999999994,"5,983.62",175.00,3.01,2026-04-14 14:56:48
568,코리아 밸류업 지수(Korea Value-up Index),1.32,089860,롯데렌탈,테마 편입 사유,31650.0,보합0,0.0,31650.0,31700.0,47419.0,1494.0,29907.0,,,0.542066,-0.31161865999999994,"5,983.62",175.00,3.01,2026-04-14 14:56:48
568,코리아 밸류업 지수(Korea Value-up Index),1.32,140860,파크시스템스 *,테마 편입 사유,255500.0,보합0,0.0,257500.0,258000.0,20031.0,5183.0,40727.0,,,0.542066,-0.31161865999999994,"5,983.62",175.00,3.01,2026-04-14 14:56:48
568,코리아 밸류업 지수(Korea Value-up Index),1.32,183300,코미코 *,테마 편입 사유,133300.0,하락  100,-0.07,133300.0,133400.0,135307.0,18279.0,87503.0,,,0.542066,-0.31161865999999994,"5,983.62",175.00,3.01,2026-04-14 14:56:48
568,코리아 밸류업 지수(Korea Value-up Index),1.32,005290,동진쎄미켐 *,테마 편입 사유,52100.0,하락  100,-0.19,52100.0,52200.0,1080724.0,56168.0,2168331.0,,,0.542066,-0.31161865999999994,"5,983.62",175.00,3.01,2026-04-14 14:56:48
568,코리아 밸류업 지수(Korea Value-up Index),1.32,079550,LIG디펜스앤에어로스페이스,테마 편입 사유,937000.0,"하락  2,000",-0.21,933000.0,934000.0,345590.0,326020.0,379317.0,,,0.542066,-0.31161865999999994,"5,983.62",175.00,3.01,2026-04-14 14:56:48
568,코리아 밸류업 지수(Korea Value-up Index),1.32,259960,크래프톤,테마 편입 사유,241000.0,하락  500,-0.21,241500.0,242000.0,57641.0,14008.0,99795.0,,,0.542066,-0.31161865999999994,"5,983.62",175.00,3.01,2026-04-14 14:56:48
568,코리아 밸류업 지수(Korea Value-up Index),1.32,009240,한샘,테마 편입 사유,38700.0,하락  100,-0.26,38650.0,38700.0,43316.0,1678.0,53140.0,,,0.542066,-0.31161865999999994,"5,983.62",175.00,3.01,2026-04-14 14:56:48
568,코리아 밸류업 지수(Korea Value-up Index),1.32,031980,피에스케이홀딩스 *,테마 편입 사유,108300.0,하락  300,-0.28,108600.0,108800.0,139007.0,15184.0,193258.0,,,0.542066,-0.31161865999999994,"5,983.62",175.00,3.01,2026-04-14 14:56:48
568,코리아 밸류업 지수(Korea Value-up Index),1.32,033100,제룡전기 *,테마 편입 사유,49100.0,하락  150,-0.3,49150.0,49200.0,230341.0,11490.0,189341.0,,,0.542066,-0.31161865999999994,"5,983.62",175.00,3.01,2026-04-14 14:56:48
568,코리아 밸류업 지수(Korea Value-up Index),1.32,011780,금호석유화학,테마 편입 사유,133700.0,하락  400,-0.3,133600.0,133700.0,81697.0,11045.0,114669.0,,,0.542066,-0.31161865999999994,"5,983.62",175.00,3.01,2026-04-14 14:56:48
568,코리아 밸류업 지수(Korea Value-up Index),1.32,271560,오리온,테마 편입 사유,130900.0,하락  500,-0.38,131000.0,131100.0,88761.0,11612.0,61347.0,,,0.542066,-0.31161865999999994,"5,983.62",175.00,3.01,2026-04-14 14:56:48
568,코리아 밸류업 지수(Korea Value-up Index),1.32,336370,솔루스첨단소재,테마 편입 사유,9640.0,하락  40,-0.41,9630.0,9640.0,230088.0,2217.0,272403.0,,,0.542066,-0.31161865999999994,"5,983.62",175.00,3.01,2026-04-14 14:56:48
568,코리아 밸류업 지수(Korea Value-up Index),1.32,105560,KB금융,테마 편입 사유,155900.0,하락  700,-0.45,155900.0,156000.0,841569.0,132227.0,889890.0,,,0.542066,-0.31161865999999994,"5,983.62",175.00,3.01,2026-04-14 14:56:48
568,코리아 밸류업 지수(Korea Value-up Index),1.32,012450,한화에어로스페이스,테마 편입 사유,1523000.0,"하락  7,000",-0.46,1521000.0,1522000.0,114754.0,173554.0,259390.0,,,0.542066,-0.31161865999999994,"5,983.62",175.00,3.01,2026-04-14 14:56:48
568,코리아 밸류업 지수(Korea Value-up Index),1.32,298040,효성중공업,테마 편입 사유,3040000.0,"하락  18,000",-0.59,3048000.0,3049000.0,62262.0,191839.0,56040.0,,,0.542066,-0.31161865999999994,"5,983.62",175.00,3.01,2026-04-14 14:56:48
568,코리아 밸류업 지수(Korea Value-up Index),1.32,290650,엘앤씨바이오 *,테마 편입 사유,72500.0,하락  500,-0.68,72800.0,73100.0,236938.0,17175.0,305212.0,,,0.542066,-0.31161865999999994,"5,983.62",175.00,3.01,2026-04-14 14:56:48
568,코리아 밸류업 지수(Korea Value-up Index),1.32,011200,HMM,테마 편입 사유,21000.0,하락  150,-0.71,20950.0,21000.0,827658.0,17378.0,1409154.0,,,0.542066,-0.31161865999999994,"5,983.62",175.00,3.01,2026-04-14 14:56:48
568,코리아 밸류업 지수(Korea Value-up Index),1.32,001060,JW중외제약,테마 편입 사유,31100.0,하락  250,-0.8,31050.0,31100.0,58639.0,1828.0,48566.0,,,0.542066,-0.31161865999999994,"5,983.62",175.00,3.01,2026-04-14 14:56:48
568,코리아 밸류업 지수(Korea Value-up Index),1.32,090430,아모레퍼시픽,테마 편입 사유,129100.0,"하락  1,500",-1.15,129200.0,129300.0,218673.0,28356.0,120703.0,,,0.542066,-0.31161865999999994,"5,983.62",175.00,3.01,2026-04-14 14:56:48
568,코리아 밸류업 지수(Korea Value-up Index),1.32,192820,코스맥스,테마 편입 사유,196800.0,"하락  2,300",-1.16,196800.0,197000.0,66298.0,12985.0,146590.0,,,0.542066,-0.31161865999999994,"5,983.62",175.00,3.01,2026-04-14 14:56:48
568,코리아 밸류업 지수(Korea Value-up Index),1.32,357780,솔브레인 *,테마 편입 사유,412000.0,"하락  5,000",-1.2,412500.0,413000.0,51981.0,21483.0,22671.0,,,0.542066,-0.31161865999999994,"5,983.62",175.00,3.01,2026-04-14 14:56:48
568,코리아 밸류업 지수(Korea Value-up Index),1.32,298020,효성티앤씨,테마 편입 사유,495000.0,"하락  7,000",-1.39,496500.0,497000.0,41124.0,20532.0,71768.0,,,0.542066,-0.31161865999999994,"5,983.62",175.00,3.01,2026-04-14 14:56:48
568,코리아 밸류업 지수(Korea Value-up Index),1.32,018670,SK가스,테마 편입 사유,240000.0,"하락  3,500",-1.44,240500.0,241000.0,29447.0,7093.0,27530.0,,,0.542066,-0.31161865999999994,"5,983.62",175.00,3.01,2026-04-14 14:56:48
568,코리아 밸류업 지수(Korea Value-up Index),1.32,175330,JB금융지주,테마 편입 사유,30650.0,하락  500,-1.61,30650.0,30700.0,388612.0,11959.0,297603.0,,,0.542066,-0.31161865999999994,"5,983.62",175.00,3.01,2026-04-14 14:56:48
568,코리아 밸류업 지수(Korea Value-up Index),1.32,128940,한미약품,테마 편입 사유,501000.0,"하락  9,000",-1.76,503000.0,504000.0,61725.0,31426.0,79804.0,,,0.542066,-0.31161865999999994,"5,983.62",175.00,3.01,2026-04-14 14:56:48
568,코리아 밸류업 지수(Korea Value-up Index),1.32,319660,피에스케이 *,테마 편입 사유,81900.0,"하락  1,500",-1.8,81700.0,81800.0,338848.0,27935.0,256467.0,,,0.542066,-0.31161865999999994,"5,983.62",175.00,3.01,2026-04-14 14:56:48
568,코리아 밸류업 지수(Korea Value-up Index),1.32,058470,리노공업 *,테마 편입 사유,111100.0,"하락  2,300",-2.03,111000.0,111100.0,504237.0,56297.0,578766.0,,,0.542066,-0.31161865999999994,"5,983.62",175.00,3.01,2026-04-14 14:56:48
568,코리아 밸류업 지수(Korea Value-up Index),1.32,003230,삼양식품,테마 편입 사유,1255000.0,"하락  35,000",-2.71,1252000.0,1253000.0,43879.0,55190.0,76027.0,,,0.542066,-0.31161865999999994,"5,983.62",175.00,3.01,2026-04-14 14:56:48
568,코리아 밸류업 지수(Korea Value-up Index),1.32,348210,넥스틴 *,테마 편입 사유,74300.0,"하락  2,300",-3.0,73900.0,74000.0,106267.0,7955.0,144006.0,,,0.542066,-0.31161865999999994,"5,983.62",175.00,3.01,2026-04-14 14:56:48
568,코리아 밸류업 지수(Korea Value-up Index),1.32,047050,포스코인터내셔널,테마 편입 사유,72300.0,"하락  2,500",-3.34,72200.0,72300.0,954806.0,68964.0,644015.0,,,0.542066,-0.31161865999999994,"5,983.62",175.00,3.01,2026-04-14 14:56:48
64,2차전지,1.57,033160,엠케이전자 *,테마 편입 사유,24800.0,"상승  5,410",27.9,24800.0,24850.0,4034664.0,94601.0,792057.0,,,0.624611,-0.31007911,"5,983.62",175.00,3.01,2026-04-14 14:56:48
64,2차전지,1.57,037030,파워넷 *,테마 편입 사유,8420.0,"상승  1,420",20.29,8820.0,8830.0,27764459.0,235523.0,10142150.0,,,0.624611,-0.31007911,"5,983.62",175.00,3.01,2026-04-14 14:56:48
64,2차전지,1.57,900070,글로벌에스엠 *,테마 편입 사유,569.0,상승  69,13.8,567.0,570.0,3154640.0,1833.0,248558.0,,,0.624611,-0.31007911,"5,983.62",175.00,3.01,2026-04-14 14:56:48
64,2차전지,1.57,446540,메가터치 *,테마 편입 사유,4790.0,상승  580,13.78,4495.0,4500.0,1211761.0,5605.0,53998.0,,,0.624611,-0.31007911,"5,983.62",175.00,3.01,2026-04-14 14:56:48
64,2차전지,1.57,053080,케이엔솔 *,테마 편입 사유,13040.0,"상승  1,070",8.94,12930.0,12970.0,546746.0,6998.0,302102.0,,,0.624611,-0.31007911,"5,983.62",175.00,3.01,2026-04-14 14:56:48
64,2차전지,1.57,0011A0,액스비스 *,테마 편입 사유,22300.0,"상승  1,800",8.78,22350.0,22450.0,449488.0,9807.0,153073.0,,,0.624611,-0.31007911,"5,983.62",175.00,3.01,2026-04-14 14:56:48
64,2차전지,1.57,090470,제이스텍 *,테마 편입 사유,8590.0,상승  680,8.6,8520.0,8570.0,111989.0,947.0,32519.0,,,0.624611,-0.31007911,"5,983.62",175.00,3.01,2026-04-14 14:56:48
64,2차전지,1.57,354320,알멕 *,테마 편입 사유,88100.0,"상승  6,800",8.36,88600.0,88700.0,428415.0,35817.0,604683.0,,,0.624611,-0.31007911,"5,983.62",175.00,3.01,2026-04-14 14:56:48
64,2차전지,1.57,081180,쎄크 *,테마 편입 사유,12930.0,상승  870,7.21,12890.0,12940.0,161078.0,2074.0,68193.0,,,0.624611,-0.31007911,"5,983.62",175.00,3.01,2026-04-14 14:56:48
64,2차전지,1.57,110990,디아이티 *,테마 편입 사유,22000.0,"상승  1,450",7.06,22050.0,22200.0,231378.0,5053.0,125902.0,,,0.624611,-0.31007911,"5,983.62",175.00,3.01,2026-04-14 14:56:48
64,2차전지,1.57,121850,코이즈 *,테마 편입 사유,3130.0,상승  190,6.46,3125.0,3145.0,1825347.0,5934.0,1298037.0,,,0.624611,-0.31007911,"5,983.62",175.00,3.01,2026-04-14 14:56:48
64,2차전지,1.57,302430,이노메트리 *,테마 편입 사유,7370.0,상승  440,6.35,7060.0,7080.0,72486.0,518.0,46501.0,,,0.624611,-0.31007911,"5,983.62",175.00,3.01,2026-04-14 14:56:48
64,2차전지,1.57,469750,아이비젼웍스 *,테마 편입 사유,1259.0,상승  75,6.33,1253.0,1259.0,345337.0,424.0,153233.0,,,0.624611,-0.31007911,"5,983.62",175.00,3.01,2026-04-14 14:56:48
64,2차전지,1.57,059090,미코 *,테마 편입 사유,15330.0,상승  800,5.51,15340.0,15360.0,562989.0,8586.0,193615.0,,,0.624611,-0.31007911,"5,983.62",175.00,3.01,2026-04-14 14:56:48
64,2차전지,1.57,084850,아이티엠반도체 *,테마 편입 사유,18140.0,상승  830,4.79,17910.0,17930.0,648606.0,11845.0,259628.0,,,0.624611,-0.31007911,"5,983.62",175.00,3.01,2026-04-14 14:56:48
64,2차전지,1.57,475660,에스켐 *,테마 편입 사유,5640.0,상승  250,4.64,5620.0,5660.0,25103.0,140.0,3665.0,,,0.624611,-0.31007911,"5,983.62",175.00,3.01,2026-04-14 14:56:48
64,2차전지,1.57,452450,피아이이 *,테마 편입 사유,5700.0,상승  240,4.4,5710.0,5720.0,262934.0,1492.0,307515.0,,,0.624611,-0.31007911,"5,983.62",175.00,3.01,2026-04-14 14:56:48
64,2차전지,1.57,348370,엔켐 *,테마 편입 사유,38500.0,"상승  1,550",4.19,38400.0,38450.0,361678.0,14045.0,165492.0,,,0.624611,-0.31007911,"5,983.62",175.00,3.01,2026-04-14 14:56:48
64,2차전지,1.57,417010,나노팀 *,테마 편입 사유,10500.0,상승  410,4.06,10450.0,10460.0,753366.0,8150.0,166076.0,,,0.624611,-0.31007911,"5,983.62",175.00,3.01,2026-04-14 14:56:48
64,2차전지,1.57,088390,이녹스 *,테마 편입 사유,11920.0,상승  460,4.01,11920.0,11940.0,25037.0,298.0,17646.0,,,0.624611,-0.31007911,"5,983.62",175.00,3.01,2026-04-14 14:56:48
64,2차전지,1.57,267320,나인테크 *,테마 편입 사유,3110.0,상승  115,3.84,3100.0,3110.0,793844.0,2452.0,490830.0,,,0.624611,-0.31007911,"5,983.62",175.00,3.01,2026-04-14 14:56:48
64,2차전지,1.57,265560,영화테크 *,테마 편입 사유,9300.0,상승  340,3.79,9260.0,9280.0,82530.0,761.0,57124.0,,,0.624611,-0.31007911,"5,983.62",175.00,3.01,2026-04-14 14:56:48
64,2차전지,1.57,089890,코세스 *,테마 편입 사유,27800.0,"상승  1,000",3.73,28100.0,28150.0,317534.0,8947.0,778675.0,,,0.624611,-0.31007911,"5,983.62",175.00,3.01,2026-04-14 14:56:48
64,2차전지,1.57,458650,성우 *,테마 편입 사유,13180.0,상승  430,3.37,13210.0,13220.0,172355.0,2259.0,59805.0,,,0.624611,-0.31007911,"5,983.62",175.00,3.01,2026-04-14 14:56:48
64,2차전지,1.57,455180,케이지에이 *,테마 편입 사유,2945.0,상승  95,3.33,2945.0,2950.0,50217.0,146.0,25392.0,,,0.624611,-0.31007911,"5,983.62",175.00,3.01,2026-04-14 14:56:48
64,2차전지,1.57,168360,펨트론 *,테마 편입 사유,23400.0,상승  750,3.31,23400.0,23450.0,159577.0,3730.0,219218.0,,,0.624611,-0.31007911,"5,983.62",175.00,3.01,2026-04-14 14:56:48
64,2차전지,1.57,241790,티이엠씨씨엔에스 *,테마 편입 사유,7670.0,상승  240,3.23,7660.0,7680.0,67803.0,520.0,44788.0,,,0.624611,-0.31007911,"5,983.62",175.00,3.01,2026-04-14 14:56:48
64,2차전지,1.57,480370,씨케이솔루션,테마 편입 사유,2075.0,상승  65,3.23,2070.0,2085.0,188175.0,394.0,199605.0,,,0.624611,-0.31007911,"5,983.62",175.00,3.01,2026-04-14 14:56:48
64,2차전지,1.57,049950,미래컴퍼니 *,테마 편입 사유,15060.0,상승  470,3.22,15080.0,15110.0,57903.0,870.0,42327.0,,,0.624611,-0.31007911,"5,983.62",175.00,3.01,2026-04-14 14:56:48
64,2차전지,1.57,089980,상아프론테크 *,테마 편입 사유,24400.0,상승  750,3.17,24250.0,24300.0,181017.0,4469.0,104357.0,,,0.624611,-0.31007911,"5,983.62",175.00,3.01,2026-04-14 14:56:48
64,2차전지,1.57,015750,성우하이텍 *,테마 편입 사유,8740.0,상승  240,2.82,8750.0,8760.0,478997.0,4195.0,279241.0,,,0.624611,-0.31007911,"5,983.62",175.00,3.01,2026-04-14 14:56:48
64,2차전지,1.57,282880,코윈테크 *,테마 편입 사유,14600.0,상승  400,2.82,14620.0,14630.0,44119.0,644.0,49087.0,,,0.624611,-0.31007911,"5,983.62",175.00,3.01,2026-04-14 14:56:48
64,2차전지,1.57,432470,케이엔에스 *,테마 편입 사유,13560.0,상승  370,2.81,13520.0,13540.0,36602.0,495.0,19215.0,,,0.624611,-0.31007911,"5,983.62",175.00,3.01,2026-04-14 14:56:48
64,2차전지,1.57,047310,파워로직스 *,테마 편입 사유,5180.0,상승  140,2.78,5190.0,5220.0,368271.0,1903.0,472512.0,,,0.624611,-0.31007911,"5,983.62",175.00,3.01,2026-04-14 14:56:48
64,2차전지,1.57,093370,후성,테마 편입 사유,10950.0,상승  290,2.72,10950.0,10960.0,7434376.0,83397.0,3650764.0,,,0.624611,-0.31007911,"5,983.62",175.00,3.01,2026-04-14 14:56:48
64,2차전지,1.57,161000,애경케미칼,테마 편입 사유,13680.0,상승  330,2.47,13630.0,13640.0,1103936.0,14915.0,1832937.0,,,0.624611,-0.31007911,"5,983.62",175.00,3.01,2026-04-14 14:56:48
64,2차전지,1.57,312610,에이에프더블류 *,테마 편입 사유,1125.0,상승  25,2.27,1113.0,1125.0,18554.0,21.0,7967.0,,,0.624611,-0.31007911,"5,983.62",175.00,3.01,2026-04-14 14:56:48
64,2차전지,1.57,251630,브이원텍 *,테마 편입 사유,5570.0,상승  120,2.2,5580.0,5590.0,52470.0,293.0,49195.0,,,0.624611,-0.31007911,"5,983.62",175.00,3.01,2026-04-14 14:56:48
64,2차전지,1.57,364950,에이아이코리아 *,테마 편입 사유,6690.0,상승  140,2.14,6650.0,6680.0,65338.0,438.0,50001.0,,,0.624611,-0.31007911,"5,983.62",175.00,3.01,2026-04-14 14:56:48
64,2차전지,1.57,222080,씨아이에스 *,테마 편입 사유,12080.0,상승  250,2.11,12100.0,12110.0,895040.0,10863.0,1046958.0,,,0.624611,-0.31007911,"5,983.62",175.00,3.01,2026-04-14 14:56:48
64,2차전지,1.57,025900,동화기업 *,테마 편입 사유,11370.0,상승  220,1.97,11330.0,11340.0,230825.0,2609.0,560918.0,,,0.624611,-0.31007911,"5,983.62",175.00,3.01,2026-04-14 14:56:48
64,2차전지,1.57,413390,엠오티 *,테마 편입 사유,8340.0,상승  160,1.96,8330.0,8360.0,76208.0,638.0,50582.0,,,0.624611,-0.31007911,"5,983.62",175.00,3.01,2026-04-14 14:56:48
64,2차전지,1.57,419050,삼기에너지솔루션즈 *,테마 편입 사유,1615.0,상승  31,1.96,1612.0,1613.0,234222.0,377.0,117786.0,,,0.624611,-0.31007911,"5,983.62",175.00,3.01,2026-04-14 14:56:48
64,2차전지,1.57,001390,KG케미칼,테마 편입 사유,5770.0,상승  110,1.94,5710.0,5720.0,721061.0,4100.0,929458.0,,,0.624611,-0.31007911,"5,983.62",175.00,3.01,2026-04-14 14:56:48
64,2차전지,1.57,290670,대보마그네틱 *,테마 편입 사유,11390.0,상승  210,1.88,11380.0,11410.0,14370.0,164.0,12251.0,,,0.624611,-0.31007911,"5,983.62",175.00,3.01,2026-04-14 14:56:48
64,2차전지,1.57,452190,한빛레이저 *,테마 편입 사유,4700.0,상승  85,1.84,4715.0,4720.0,313303.0,1466.0,560436.0,,,0.624611,-0.31007911,"5,983.62",175.00,3.01,2026-04-14 14:56:48
64,2차전지,1.57,452400,이닉스 *,테마 편입 사유,8950.0,상승  160,1.82,8900.0,8950.0,14285.0,127.0,9558.0,,,0.624611,-0.31007911,"5,983.62",175.00,3.01,2026-04-14 14:56:48
64,2차전지,1.57,011500,한농화성,테마 편입 사유,20900.0,상승  350,1.7,20950.0,21000.0,128893.0,2709.0,167265.0,,,0.624611,-0.31007911,"5,983.62",175.00,3.01,2026-04-14 14:56:48
64,2차전지,1.57,493330,지에프아이 *,테마 편입 사유,16290.0,상승  270,1.69,16320.0,16440.0,36650.0,606.0,92439.0,,,0.624611,-0.31007911,"5,983.62",175.00,3.01,2026-04-14 14:56:48
64,2차전지,1.57,004490,세방전지,테마 편입 사유,60600.0,"상승  1,000",1.68,60500.0,60600.0,26290.0,1588.0,34900.0,,,0.624611,-0.31007911,"5,983.62",175.00,3.01,2026-04-14 14:56:48
64,2차전지,1.57,064290,인텍플러스 *,테마 편입 사유,24400.0,상승  400,1.67,24100.0,24150.0,385740.0,9407.0,303713.0,,,0.624611,-0.31007911,"5,983.62",175.00,3.01,2026-04-14 14:56:48
64,2차전지,1.57,452200,민테크 *,테마 편입 사유,2475.0,상승  40,1.64,2465.0,2480.0,80330.0,198.0,78233.0,,,0.624611,-0.31007911,"5,983.62",175.00,3.01,2026-04-14 14:56:48
64,2차전지,1.57,220260,켐트로스 *,테마 편입 사유,5600.0,상승  90,1.63,5610.0,5620.0,210111.0,1176.0,163363.0,,,0.624611,-0.31007911,"5,983.62",175.00,3.01,2026-04-14 14:56:48
64,2차전지,1.57,093920,서원인텍 *,테마 편입 사유,5180.0,상승  80,1.57,5150.0,5160.0,45127.0,232.0,27638.0,,,0.624611,-0.31007911,"5,983.62",175.00,3.01,2026-04-14 14:56:48
64,2차전지,1.57,014680,한솔케미칼,테마 편입 사유,264000.0,"상승  4,000",1.54,265000.0,265500.0,78450.0,20866.0,140603.0,,,0.624611,-0.31007911,"5,983.62",175.00,3.01,2026-04-14 14:56:48
64,2차전지,1.57,360070,탑머티리얼 *,테마 편입 사유,18200.0,상승  270,1.51,18170.0,18200.0,29029.0,530.0,29170.0,,,0.624611,-0.31007911,"5,983.62",175.00,3.01,2026-04-14 14:56:48
64,2차전지,1.57,263770,유에스티 *,테마 편입 사유,2050.0,상승  30,1.49,2040.0,2050.0,60418.0,122.0,71495.0,,,0.624611,-0.31007911,"5,983.62",175.00,3.01,2026-04-14 14:56:48
64,2차전지,1.57,240600,유진테크놀로지 *,테마 편입 사유,3430.0,상승  45,1.33,3405.0,3415.0,16607.0,56.0,13348.0,,,0.624611,-0.31007911,"5,983.62",175.00,3.01,2026-04-14 14:56:48
64,2차전지,1.57,054210,이랜텍 *,테마 편입 사유,10430.0,상승  130,1.26,10420.0,10430.0,217007.0,2254.0,166111.0,,,0.624611,-0.31007911,"5,983.62",175.00,3.01,2026-04-14 14:56:48
64,2차전지,1.57,065350,신성델타테크 *,테마 편입 사유,56500.0,상승  700,1.25,56600.0,56700.0,57098.0,3247.0,94257.0,,,0.624611,-0.31007911,"5,983.62",175.00,3.01,2026-04-14 14:56:48
64,2차전지,1.57,083930,아바코 *,테마 편입 사유,13830.0,상승  170,1.24,13780.0,13790.0,96891.0,1337.0,83025.0,,,0.624611,-0.31007911,"5,983.62",175.00,3.01,2026-04-14 14:56:48
64,2차전지,1.57,277880,티에스아이 *,테마 편입 사유,5180.0,상승  60,1.17,5170.0,5200.0,92963.0,483.0,165474.0,,,0.624611,-0.31007911,"5,983.62",175.00,3.01,2026-04-14 14:56:48
64,2차전지,1.57,161580,필옵틱스 *,테마 편입 사유,39700.0,상승  450,1.15,39700.0,39750.0,105732.0,4213.0,112738.0,,,0.624611,-0.31007911,"5,983.62",175.00,3.01,2026-04-14 14:56:48
64,2차전지,1.57,457190,이수스페셜티케미컬,테마 편입 사유,97100.0,"상승  1,100",1.15,96900.0,97000.0,143213.0,13833.0,174518.0,,,0.624611,-0.31007911,"5,983.62",175.00,3.01,2026-04-14 14:56:48
64,2차전지,1.57,299030,하나기술 *,테마 편입 사유,26700.0,상승  300,1.14,26700.0,26800.0,11295.0,302.0,17111.0,,,0.624611,-0.31007911,"5,983.62",175.00,3.01,2026-04-14 14:56:48
64,2차전지,1.57,076080,웰크론한텍 *,테마 편입 사유,1269.0,상승  14,1.12,1266.0,1270.0,83014.0,105.0,191486.0,,,0.624611,-0.31007911,"5,983.62",175.00,3.01,2026-04-14 14:56:48
64,2차전지,1.57,365340,성일하이텍 *,테마 편입 사유,64700.0,상승  700,1.09,64400.0,64500.0,52119.0,3332.0,58057.0,,,0.624611,-0.31007911,"5,983.62",175.00,3.01,2026-04-14 14:56:48
64,2차전지,1.57,056190,에스에프에이 *,테마 편입 사유,28950.0,상승  300,1.05,28950.0,29000.0,75498.0,2196.0,80128.0,,,0.624611,-0.31007911,"5,983.62",175.00,3.01,2026-04-14 14:56:48
64,2차전지,1.57,004910,조광페인트,테마 편입 사유,4990.0,상승  50,1.01,4990.0,5000.0,37040.0,184.0,19391.0,,,0.624611,-0.31007911,"5,983.62",175.00,3.01,2026-04-14 14:56:48
64,2차전지,1.57,018470,조일알미늄,테마 편입 사유,1936.0,상승  19,0.99,1937.0,1939.0,79204235.0,162934.0,146563011.0,,,0.624611,-0.31007911,"5,983.62",175.00,3.01,2026-04-14 14:56:48
64,2차전지,1.57,051490,나라엠앤디 *,테마 편입 사유,3655.0,상승  35,0.97,3655.0,3660.0,38812.0,141.0,32015.0,,,0.624611,-0.31007911,"5,983.62",175.00,3.01,2026-04-14 14:56:48
64,2차전지,1.57,131760,파인텍 *,테마 편입 사유,635.0,상승  6,0.95,635.0,637.0,176093.0,111.0,105506.0,,,0.624611,-0.31007911,"5,983.62",175.00,3.01,2026-04-14 14:56:48
64,2차전지,1.57,011790,SKC,테마 편입 사유,96900.0,상승  900,0.94,96900.0,97100.0,116754.0,11323.0,126374.0,,,0.624611,-0.31007911,"5,983.62",175.00,3.01,2026-04-14 14:56:48
64,2차전지,1.57,107600,새빗켐 *,테마 편입 사유,28000.0,상승  250,0.9,27900.0,28050.0,24808.0,696.0,19913.0,,,0.624611,-0.31007911,"5,983.62",175.00,3.01,2026-04-14 14:56:48
64,2차전지,1.57,075970,동국알앤에스 *,테마 편입 사유,2265.0,상승  20,0.89,2255.0,2260.0,105420.0,236.0,133390.0,,,0.624611,-0.31007911,"5,983.62",175.00,3.01,2026-04-14 14:56:48
64,2차전지,1.57,129920,대성하이텍 *,테마 편입 사유,11640.0,상승  90,0.78,11720.0,11730.0,321799.0,3757.0,617445.0,,,0.624611,-0.31007911,"5,983.62",175.00,3.01,2026-04-14 14:56:48
64,2차전지,1.57,217820,원익피앤이 *,테마 편입 사유,3260.0,상승  25,0.77,3250.0,3255.0,169561.0,555.0,144594.0,,,0.624611,-0.31007911,"5,983.62",175.00,3.01,2026-04-14 14:56:48
64,2차전지,1.57,396300,세아메카닉스 *,테마 편입 사유,3975.0,상승  30,0.76,3970.0,3980.0,301472.0,1192.0,259557.0,,,0.624611,-0.31007911,"5,983.62",175.00,3.01,2026-04-14 14:56:48
64,2차전지,1.57,086520,에코프로 *,테마 편입 사유,144700.0,"상승  1,000",0.7,145000.0,145100.0,520300.0,75908.0,822112.0,,,0.624611,-0.31007911,"5,983.62",175.00,3.01,2026-04-14 14:56:48
64,2차전지,1.57,254120,자비스 *,테마 편입 사유,1333.0,상승  9,0.68,1321.0,1324.0,101367.0,134.0,143672.0,,,0.624611,-0.31007911,"5,983.62",175.00,3.01,2026-04-14 14:56:48
64,2차전지,1.57,178920,PI첨단소재,테마 편입 사유,24250.0,상승  150,0.62,24150.0,24250.0,212118.0,5120.0,284926.0,,,0.624611,-0.31007911,"5,983.62",175.00,3.01,2026-04-14 14:56:48
64,2차전지,1.57,051910,LG화학,테마 편입 사유,342000.0,"상승  2,000",0.59,341000.0,341500.0,137799.0,47450.0,264626.0,,,0.624611,-0.31007911,"5,983.62",175.00,3.01,2026-04-14 14:56:48
64,2차전지,1.57,262260,에이프로 *,테마 편입 사유,5280.0,상승  30,0.57,5280.0,5290.0,53124.0,279.0,39478.0,,,0.624611,-0.31007911,"5,983.62",175.00,3.01,2026-04-14 14:56:48
64,2차전지,1.57,017370,우신시스템,테마 편입 사유,5860.0,상승  30,0.51,5860.0,5870.0,17492.0,102.0,28114.0,,,0.624611,-0.31007911,"5,983.62",175.00,3.01,2026-04-14 14:56:48
64,2차전지,1.57,101360,에코앤드림 *,테마 편입 사유,17850.0,상승  90,0.51,17840.0,17850.0,72374.0,1296.0,52642.0,,,0.624611,-0.31007911,"5,983.62",175.00,3.01,2026-04-14 14:56:48
64,2차전지,1.57,079810,디이엔티 *,테마 편입 사유,6810.0,상승  30,0.44,6780.0,6790.0,769078.0,5178.0,1577144.0,,,0.624611,-0.31007911,"5,983.62",175.00,3.01,2026-04-14 14:56:48
64,2차전지,1.57,416180,신성에스티 *,테마 편입 사유,35150.0,상승  150,0.43,35100.0,35200.0,22174.0,780.0,34491.0,,,0.624611,-0.31007911,"5,983.62",175.00,3.01,2026-04-14 14:56:48
64,2차전지,1.57,005490,POSCO홀딩스,테마 편입 사유,361500.0,"상승  1,500",0.42,361000.0,361500.0,186184.0,67648.0,284457.0,,,0.624611,-0.31007911,"5,983.62",175.00,3.01,2026-04-14 14:56:48
64,2차전지,1.57,032680,소프트센 *,테마 편입 사유,241.0,상승  1,0.42,240.0,241.0,542820.0,130.0,334195.0,,,0.624611,-0.31007911,"5,983.62",175.00,3.01,2026-04-14 14:56:48
64,2차전지,1.57,109740,디에스케이 *,테마 편입 사유,5050.0,상승  20,0.4,5020.0,5050.0,66212.0,333.0,43331.0,,,0.624611,-0.31007911,"5,983.62",175.00,3.01,2026-04-14 14:56:48
64,2차전지,1.57,382480,지아이텍 *,테마 편입 사유,2520.0,상승  10,0.4,2515.0,2520.0,393089.0,983.0,516171.0,,,0.624611,-0.31007911,"5,983.62",175.00,3.01,2026-04-14 14:56:48
64,2차전지,1.57,222420,쎄노텍 *,테마 편입 사유,1402.0,상승  5,0.36,1400.0,1403.0,365822.0,509.0,428748.0,,,0.624611,-0.31007911,"5,983.62",175.00,3.01,2026-04-14 14:56:48
64,2차전지,1.57,126730,코칩 *,테마 편입 사유,18390.0,상승  50,0.27,18390.0,18420.0,73798.0,1374.0,36492.0,,,0.624611,-0.31007911,"5,983.62",175.00,3.01,2026-04-14 14:56:48
64,2차전지,1.57,317330,덕산테코피아 *,테마 편입 사유,19280.0,상승  50,0.26,19280.0,19290.0,209502.0,4035.0,576011.0,,,0.624611,-0.31007911,"5,983.62",175.00,3.01,2026-04-14 14:56:48
64,2차전지,1.57,006650,대한유화,테마 편입 사유,151700.0,상승  300,0.2,152300.0,152500.0,44167.0,6763.0,39884.0,,,0.624611,-0.31007911,"5,983.62",175.00,3.01,2026-04-14 14:56:48
64,2차전지,1.57,078150,HB테크놀러지 *,테마 편입 사유,2450.0,상승  5,0.2,2455.0,2460.0,3107397.0,7736.0,4588472.0,,,0.624611,-0.31007911,"5,983.62",175.00,3.01,2026-04-14 14:56:48
64,2차전지,1.57,137400,피엔티 *,테마 편입 사유,49950.0,상승  100,0.2,49950.0,50000.0,121229.0,6086.0,145105.0,,,0.624611,-0.31007911,"5,983.62",175.00,3.01,2026-04-14 14:56:48
64,2차전지,1.57,148930,에이치와이티씨 *,테마 편입 사유,3100.0,상승  5,0.16,3105.0,3110.0,19524.0,60.0,82265.0,,,0.624611,-0.31007911,"5,983.62",175.00,3.01,2026-04-14 14:56:48
64,2차전지,1.57,372170,윤성에프앤씨 *,테마 편입 사유,30600.0,상승  50,0.16,30550.0,30600.0,9438.0,289.0,22484.0,,,0.624611,-0.31007911,"5,983.62",175.00,3.01,2026-04-14 14:56:48
64,2차전지,1.57,294140,레몬 *,테마 편입 사유,3470.0,상승  5,0.14,3475.0,3480.0,27574.0,96.0,43130.0,,,0.624611,-0.31007911,"5,983.62",175.00,3.01,2026-04-14 14:56:48
64,2차전지,1.57,014820,동원시스템즈,테마 편입 사유,25300.0,보합0,0.0,25350.0,25400.0,26251.0,667.0,22317.0,,,0.624611,-0.31007911,"5,983.62",175.00,3.01,2026-04-14 14:56:48
64,2차전지,1.57,032560,황금에스티,테마 편입 사유,6110.0,보합0,0.0,6070.0,6090.0,32705.0,199.0,29794.0,,,0.624611,-0.31007911,"5,983.62",175.00,3.01,2026-04-14 14:56:48
64,2차전지,1.57,096630,에스코넥 *,테마 편입 사유,813.0,보합0,0.0,0.0,0.0,0.0,0.0,0.0,,,0.624611,-0.31007911,"5,983.62",175.00,3.01,2026-04-14 14:56:48
64,2차전지,1.57,382840,원준 *,테마 편입 사유,8720.0,보합0,0.0,8730.0,8770.0,82731.0,727.0,33085.0,,,0.624611,-0.31007911,"5,983.62",175.00,3.01,2026-04-14 14:56:48
64,2차전지,1.57,247540,에코프로비엠 *,테마 편입 사유,198900.0,하락  100,-0.05,199100.0,199200.0,248762.0,49832.0,286581.0,,,0.624611,-0.31007911,"5,983.62",175.00,3.01,2026-04-14 14:56:48
64,2차전지,1.57,378340,필에너지 *,테마 편입 사유,15150.0,하락  10,-0.07,15120.0,15130.0,48646.0,738.0,50105.0,,,0.624611,-0.31007911,"5,983.62",175.00,3.01,2026-04-14 14:56:48
64,2차전지,1.57,418550,제이오 *,테마 편입 사유,8520.0,하락  10,-0.12,8500.0,8510.0,158233.0,1354.0,188073.0,,,0.624611,-0.31007911,"5,983.62",175.00,3.01,2026-04-14 14:56:48
64,2차전지,1.57,065130,탑엔지니어링 *,테마 편입 사유,3205.0,하락  5,-0.16,3205.0,3215.0,31933.0,102.0,25685.0,,,0.624611,-0.31007911,"5,983.62",175.00,3.01,2026-04-14 14:56:48
64,2차전지,1.57,096770,SK이노베이션,테마 편입 사유,121300.0,하락  200,-0.16,121200.0,121300.0,333671.0,40496.0,345810.0,,,0.624611,-0.31007911,"5,983.62",175.00,3.01,2026-04-14 14:56:48
64,2차전지,1.57,333620,엔시스 *,테마 편입 사유,6190.0,하락  10,-0.16,6180.0,6190.0,38441.0,237.0,43795.0,,,0.624611,-0.31007911,"5,983.62",175.00,3.01,2026-04-14 14:56:48
64,2차전지,1.57,373220,LG에너지솔루션,테마 편입 사유,400000.0,"하락  1,500",-0.37,400000.0,400500.0,230914.0,92886.0,218403.0,,,0.624611,-0.31007911,"5,983.62",175.00,3.01,2026-04-14 14:56:48
64,2차전지,1.57,336370,솔루스첨단소재,테마 편입 사유,9640.0,하락  40,-0.41,9630.0,9640.0,230088.0,2217.0,272403.0,,,0.624611,-0.31007911,"5,983.62",175.00,3.01,2026-04-14 14:56:48
64,2차전지,1.57,010130,고려아연,테마 편입 사유,1656000.0,"하락  7,000",-0.42,1658000.0,1660000.0,18039.0,30201.0,42837.0,,,0.624611,-0.31007911,"5,983.62",175.00,3.01,2026-04-14 14:56:48
64,2차전지,1.57,450080,에코프로머티,테마 편입 사유,70700.0,하락  300,-0.42,70500.0,70600.0,756766.0,53737.0,781588.0,,,0.624611,-0.31007911,"5,983.62",175.00,3.01,2026-04-14 14:56:48
64,2차전지,1.57,055490,테이팩스,테마 편입 사유,16890.0,하락  80,-0.47,16830.0,16850.0,17500.0,295.0,23253.0,,,0.624611,-0.31007911,"5,983.62",175.00,3.01,2026-04-14 14:56:48
64,2차전지,1.57,054090,삼진엘앤디 *,테마 편입 사유,1048.0,하락  6,-0.57,1049.0,1054.0,515276.0,539.0,482477.0,,,0.624611,-0.31007911,"5,983.62",175.00,3.01,2026-04-14 14:56:48
64,2차전지,1.57,005420,코스모화학,테마 편입 사유,15650.0,하락  100,-0.63,15660.0,15670.0,159331.0,2508.0,153057.0,,,0.624611,-0.31007911,"5,983.62",175.00,3.01,2026-04-14 14:56:48
64,2차전지,1.57,320000,한울반도체 *,테마 편입 사유,1523.0,하락  10,-0.65,1542.0,1543.0,460977.0,703.0,778911.0,,,0.624611,-0.31007911,"5,983.62",175.00,3.01,2026-04-14 14:56:48
64,2차전지,1.57,003670,포스코퓨처엠,테마 편입 사유,213000.0,"하락  1,500",-0.7,212500.0,213000.0,120258.0,25833.0,181353.0,,,0.624611,-0.31007911,"5,983.62",175.00,3.01,2026-04-14 14:56:48
64,2차전지,1.57,114190,강원에너지 *,테마 편입 사유,14050.0,하락  100,-0.71,14030.0,14060.0,272388.0,3863.0,345455.0,,,0.624611,-0.31007911,"5,983.62",175.00,3.01,2026-04-14 14:56:48
64,2차전지,1.57,121600,나노신소재 *,테마 편입 사유,68400.0,하락  500,-0.73,68500.0,68600.0,72517.0,4998.0,126845.0,,,0.624611,-0.31007911,"5,983.62",175.00,3.01,2026-04-14 14:56:48
64,2차전지,1.57,008730,율촌화학,테마 편입 사유,26650.0,하락  200,-0.74,26650.0,26700.0,80181.0,2178.0,111500.0,,,0.624611,-0.31007911,"5,983.62",175.00,3.01,2026-04-14 14:56:48
64,2차전지,1.57,243840,신흥에스이씨 *,테마 편입 사유,7900.0,하락  60,-0.75,7850.0,7860.0,522905.0,4140.0,415736.0,,,0.624611,-0.31007911,"5,983.62",175.00,3.01,2026-04-14 14:56:48
64,2차전지,1.57,361610,SK아이이테크놀로지,테마 편입 사유,22650.0,하락  200,-0.88,22650.0,22700.0,128828.0,2928.0,115471.0,,,0.624611,-0.31007911,"5,983.62",175.00,3.01,2026-04-14 14:56:48
64,2차전지,1.57,357780,솔브레인 *,테마 편입 사유,412000.0,"하락  5,000",-1.2,412500.0,413000.0,51981.0,21483.0,22671.0,,,0.624611,-0.31007911,"5,983.62",175.00,3.01,2026-04-14 14:56:48
64,2차전지,1.57,006400,삼성SDI,테마 편입 사유,471500.0,"하락  6,000",-1.26,470000.0,470500.0,763473.0,362016.0,482539.0,,,0.624611,-0.31007911,"5,983.62",175.00,3.01,2026-04-14 14:56:48
64,2차전지,1.57,091580,상신이디피 *,테마 편입 사유,21000.0,하락  300,-1.41,20900.0,20950.0,265011.0,5562.0,264995.0,,,0.624611,-0.31007911,"5,983.62",175.00,3.01,2026-04-14 14:56:48
64,2차전지,1.57,005070,코스모신소재,테마 편입 사유,53100.0,하락  800,-1.48,52900.0,53000.0,181283.0,9704.0,123971.0,,,0.624611,-0.31007911,"5,983.62",175.00,3.01,2026-04-14 14:56:48
64,2차전지,1.57,001780,알루코,테마 편입 사유,2840.0,하락  45,-1.56,2845.0,2850.0,12933752.0,37515.0,45487864.0,,,0.624611,-0.31007911,"5,983.62",175.00,3.01,2026-04-14 14:56:48
64,2차전지,1.57,257370,피엔티엠에스 *,테마 편입 사유,3255.0,하락  65,-1.96,3270.0,3280.0,26882.0,88.0,23241.0,,,0.624611,-0.31007911,"5,983.62",175.00,3.01,2026-04-14 14:56:48
64,2차전지,1.57,002710,TCC스틸,테마 편입 사유,16600.0,하락  380,-2.24,16600.0,16610.0,310438.0,5153.0,486825.0,,,0.624611,-0.31007911,"5,983.62",175.00,3.01,2026-04-14 14:56:48
64,2차전지,1.57,108230,톱텍 *,테마 편입 사유,4690.0,하락  115,-2.39,4700.0,4705.0,84936.0,404.0,148964.0,,,0.624611,-0.31007911,"5,983.62",175.00,3.01,2026-04-14 14:56:48
64,2차전지,1.57,259630,엠플러스 *,테마 편입 사유,15430.0,하락  380,-2.4,15400.0,15410.0,376171.0,5878.0,421794.0,,,0.624611,-0.31007911,"5,983.62",175.00,3.01,2026-04-14 14:56:48
64,2차전지,1.57,001530,DI동일,테마 편입 사유,23600.0,하락  600,-2.48,23600.0,23650.0,51705.0,1242.0,124926.0,,,0.624611,-0.31007911,"5,983.62",175.00,3.01,2026-04-14 14:56:48
64,2차전지,1.57,078600,대주전자재료 *,테마 편입 사유,116300.0,"하락  3,000",-2.51,115800.0,115900.0,438600.0,50318.0,125297.0,,,0.624611,-0.31007911,"5,983.62",175.00,3.01,2026-04-14 14:56:48
64,2차전지,1.57,036830,솔브레인홀딩스 *,테마 편입 사유,53400.0,"하락  1,500",-2.73,53400.0,53500.0,62550.0,3366.0,85236.0,,,0.624611,-0.31007911,"5,983.62",175.00,3.01,2026-04-14 14:56:48
64,2차전지,1.57,020150,롯데에너지머티리얼즈,테마 편입 사유,45950.0,"하락  1,400",-2.96,46050.0,46100.0,307319.0,14148.0,411882.0,,,0.624611,-0.31007911,"5,983.62",175.00,3.01,2026-04-14 14:56:48
64,2차전지,1.57,278280,천보 *,테마 편입 사유,62200.0,"하락  2,400",-3.72,61400.0,61500.0,269721.0,16795.0,1008974.0,,,0.624611,-0.31007911,"5,983.62",175.00,3.01,2026-04-14 14:56:48
64,2차전지,1.57,066970,엘앤에프,테마 편입 사유,173900.0,"하락  7,800",-4.29,173000.0,173100.0,991608.0,172383.0,737997.0,,,0.624611,-0.31007911,"5,983.62",175.00,3.01,2026-04-14 14:56:48
64,2차전지,1.57,393890,더블유씨피 *,테마 편입 사유,15060.0,하락  680,-4.32,14910.0,14920.0,1589943.0,24060.0,1210714.0,,,0.624611,-0.31007911,"5,983.62",175.00,3.01,2026-04-14 14:56:48
64,2차전지,1.57,042600,새로닉스 *,테마 편입 사유,19250.0,하락  900,-4.47,19170.0,19180.0,116843.0,2264.0,77248.0,,,0.624611,-0.31007911,"5,983.62",175.00,3.01,2026-04-14 14:56:48
64,2차전지,1.57,006110,삼아알미늄,테마 편입 사유,56900.0,"하락  2,800",-4.69,57000.0,57100.0,518692.0,29706.0,1105444.0,,,0.624611,-0.31007911,"5,983.62",175.00,3.01,2026-04-14 14:56:48
64,2차전지,1.57,029480,광무 *,테마 편입 사유,2275.0,하락  125,-5.21,2285.0,2290.0,859562.0,2019.0,2828453.0,,,0.624611,-0.31007911,"5,983.62",175.00,3.01,2026-04-14 14:56:48
64,2차전지,1.57,033790,피노 *,테마 편입 사유,9030.0,하락  930,-9.34,9010.0,9020.0,3153651.0,29372.0,2763704.0,,,0.624611,-0.31007911,"5,983.62",175.00,3.01,2026-04-14 14:56:48
284,기업인수목적회사(SPAC),-0.15,482690,대신밸런스제19호스팩 *,테마 편입 사유,2160.0,상승  20,0.93,2150.0,2160.0,1361.0,3.0,8913.0,,,0.053159,-0.31000859,"5,983.62",175.00,3.01,2026-04-14 14:56:48
284,기업인수목적회사(SPAC),-0.15,467930,IBKS제23호스팩 *,테마 편입 사유,2235.0,상승  20,0.9,2235.0,2240.0,4409.0,10.0,3014.0,,,0.053159,-0.31000859,"5,983.62",175.00,3.01,2026-04-14 14:56:48
284,기업인수목적회사(SPAC),-0.15,0093G0,미래에셋비전스팩8호 *,테마 편입 사유,2010.0,상승  10,0.5,2000.0,2005.0,5076.0,10.0,1475.0,,,0.053159,-0.31000859,"5,983.62",175.00,3.01,2026-04-14 14:56:48
284,기업인수목적회사(SPAC),-0.15,489480,키움제11호스팩 *,테마 편입 사유,2060.0,상승  10,0.49,2055.0,2060.0,71.0,0.0,848.0,,,0.053159,-0.31000859,"5,983.62",175.00,3.01,2026-04-14 14:56:48
284,기업인수목적회사(SPAC),-0.15,487360,신한제14호스팩 *,테마 편입 사유,2050.0,상승  10,0.49,2040.0,2045.0,26954.0,55.0,24113.0,,,0.053159,-0.31000859,"5,983.62",175.00,3.01,2026-04-14 14:56:48
284,기업인수목적회사(SPAC),-0.15,474930,신한제13호스팩 *,테마 편입 사유,2135.0,상승  10,0.47,2110.0,2125.0,2.0,0.0,2019.0,,,0.053159,-0.31000859,"5,983.62",175.00,3.01,2026-04-14 14:56:48
284,기업인수목적회사(SPAC),-0.15,498390,한화플러스제5호스팩 *,테마 편입 사유,2030.0,상승  5,0.25,2025.0,2030.0,2425.0,5.0,1262.0,,,0.053159,-0.31000859,"5,983.62",175.00,3.01,2026-04-14 14:56:48
284,기업인수목적회사(SPAC),-0.15,466690,키움히어로제1호스팩 *,테마 편입 사유,2040.0,상승  5,0.25,2035.0,2040.0,4019.0,8.0,2054.0,,,0.053159,-0.31000859,"5,983.62",175.00,3.01,2026-04-14 14:56:48
284,기업인수목적회사(SPAC),-0.15,452670,상상인제4호스팩 *,테마 편입 사유,2100.0,상승  5,0.24,2100.0,2105.0,307171.0,645.0,52828.0,,,0.053159,-0.31000859,"5,983.62",175.00,3.01,2026-04-14 14:56:48
284,기업인수목적회사(SPAC),-0.15,473950,에스케이증권제13호스팩 *,테마 편입 사유,2030.0,보합0,0.0,2030.0,2035.0,972.0,2.0,413.0,,,0.053159,-0.31000859,"5,983.62",175.00,3.01,2026-04-14 14:56:48
284,기업인수목적회사(SPAC),-0.15,465320,교보15호스팩 *,테마 편입 사유,2335.0,보합0,0.0,0.0,0.0,0.0,0.0,0.0,,,0.053159,-0.31000859,"5,983.62",175.00,3.01,2026-04-14 14:56:48
284,기업인수목적회사(SPAC),-0.15,464680,KB제27호스팩 *,테마 편입 사유,2085.0,보합0,0.0,2080.0,2085.0,31952.0,67.0,1345.0,,,0.053159,-0.31000859,"5,983.62",175.00,3.01,2026-04-14 14:56:48
284,기업인수목적회사(SPAC),-0.15,468760,유진스팩10호 *,테마 편입 사유,2090.0,보합0,0.0,2075.0,2090.0,12791.0,26.0,404.0,,,0.053159,-0.31000859,"5,983.62",175.00,3.01,2026-04-14 14:56:48
284,기업인수목적회사(SPAC),-0.15,473050,유안타제15호스팩 *,테마 편입 사유,2060.0,보합0,0.0,2055.0,2060.0,13263.0,27.0,35.0,,,0.053159,-0.31000859,"5,983.62",175.00,3.01,2026-04-14 14:56:48
284,기업인수목적회사(SPAC),-0.15,464440,한국제13호스팩 *,테마 편입 사유,2085.0,보합0,0.0,2080.0,2085.0,19870.0,41.0,42.0,,,0.053159,-0.31000859,"5,983.62",175.00,3.01,2026-04-14 14:56:48
284,기업인수목적회사(SPAC),-0.15,457630,대신밸런스제16호스팩 *,테마 편입 사유,2095.0,보합0,0.0,2090.0,2095.0,198591.0,416.0,43349.0,,,0.053159,-0.31000859,"5,983.62",175.00,3.01,2026-04-14 14:56:48
284,기업인수목적회사(SPAC),-0.15,455310,한화플러스제4호스팩 *,테마 편입 사유,2100.0,보합0,0.0,2100.0,2105.0,57048.0,120.0,85047.0,,,0.053159,-0.31000859,"5,983.62",175.00,3.01,2026-04-14 14:56:48
284,기업인수목적회사(SPAC),-0.15,452980,신한제11호스팩 *,테마 편입 사유,2095.0,보합0,0.0,2095.0,2100.0,171814.0,360.0,114628.0,,,0.053159,-0.31000859,"5,983.62",175.00,3.01,2026-04-14 14:56:48
284,기업인수목적회사(SPAC),-0.15,474660,신한제12호스팩 *,테마 편입 사유,2055.0,보합0,0.0,2050.0,2055.0,592.0,1.0,8214.0,,,0.053159,-0.31000859,"5,983.62",175.00,3.01,2026-04-14 14:56:48
284,기업인수목적회사(SPAC),-0.15,472230,에스케이증권제11호스팩 *,테마 편입 사유,2055.0,보합0,0.0,2050.0,2060.0,6631.0,14.0,220.0,,,0.053159,-0.31000859,"5,983.62",175.00,3.01,2026-04-14 14:56:48
284,기업인수목적회사(SPAC),-0.15,475240,하나32호스팩 *,테마 편입 사유,2100.0,보합0,0.0,2090.0,2100.0,1794.0,4.0,926.0,,,0.053159,-0.31000859,"5,983.62",175.00,3.01,2026-04-14 14:56:48
284,기업인수목적회사(SPAC),-0.15,477380,미래에셋비전스팩4호 *,테마 편입 사유,2060.0,보합0,0.0,2050.0,2060.0,14714.0,30.0,1550.0,,,0.053159,-0.31000859,"5,983.62",175.00,3.01,2026-04-14 14:56:48
284,기업인수목적회사(SPAC),-0.15,477760,DB금융스팩12호 *,테마 편입 사유,2230.0,보합0,0.0,0.0,0.0,0.0,0.0,0.0,,,0.053159,-0.31000859,"5,983.62",175.00,3.01,2026-04-14 14:56:48
284,기업인수목적회사(SPAC),-0.15,489730,디비금융제13호스팩 *,테마 편입 사유,2075.0,보합0,0.0,2065.0,2070.0,4759.0,10.0,16111.0,,,0.053159,-0.31000859,"5,983.62",175.00,3.01,2026-04-14 14:56:48
284,기업인수목적회사(SPAC),-0.15,0041J0,엘에스스팩1호 *,테마 편입 사유,2005.0,보합0,0.0,2005.0,2010.0,37764.0,76.0,597.0,,,0.053159,-0.31000859,"5,983.62",175.00,3.01,2026-04-14 14:56:48
284,기업인수목적회사(SPAC),-0.15,0041L0,하나35호스팩 *,테마 편입 사유,2005.0,보합0,0.0,2005.0,2010.0,9692.0,19.0,12204.0,,,0.053159,-0.31000859,"5,983.62",175.00,3.01,2026-04-14 14:56:48
284,기업인수목적회사(SPAC),-0.15,0054V0,엔에이치스팩32호 *,테마 편입 사유,2060.0,보합0,0.0,2055.0,2060.0,2117.0,4.0,699.0,,,0.053159,-0.31000859,"5,983.62",175.00,3.01,2026-04-14 14:56:48
284,기업인수목적회사(SPAC),-0.15,488060,유진스팩11호 *,테마 편입 사유,2040.0,보합0,0.0,2035.0,2040.0,1513.0,3.0,31.0,,,0.053159,-0.31000859,"5,983.62",175.00,3.01,2026-04-14 14:56:48
284,기업인수목적회사(SPAC),-0.15,0072Z0,KB제33호스팩 *,테마 편입 사유,2000.0,보합0,0.0,2000.0,2005.0,11073.0,22.0,51334.0,,,0.053159,-0.31000859,"5,983.62",175.00,3.01,2026-04-14 14:56:48
284,기업인수목적회사(SPAC),-0.15,484130,하나34호스팩 *,테마 편입 사유,2055.0,보합0,0.0,2050.0,2055.0,2603.0,5.0,3387.0,,,0.053159,-0.31000859,"5,983.62",175.00,3.01,2026-04-14 14:56:48
284,기업인수목적회사(SPAC),-0.15,0096B0,삼성스팩12호 *,테마 편입 사유,2005.0,보합0,0.0,2005.0,2010.0,14146.0,28.0,25531.0,,,0.053159,-0.31000859,"5,983.62",175.00,3.01,2026-04-14 14:56:48
284,기업인수목적회사(SPAC),-0.15,482680,미래에셋비전스팩7호 *,테마 편입 사유,2035.0,보합0,0.0,2030.0,2035.0,5684.0,12.0,8033.0,,,0.053159,-0.31000859,"5,983.62",175.00,3.01,2026-04-14 14:56:48
284,기업인수목적회사(SPAC),-0.15,482520,교보16호스팩 *,테마 편입 사유,2095.0,보합0,0.0,0.0,0.0,0.0,0.0,0.0,,,0.053159,-0.31000859,"5,983.62",175.00,3.01,2026-04-14 14:56:48
284,기업인수목적회사(SPAC),-0.15,0098T0,교보19호스팩 *,테마 편입 사유,2045.0,보합0,0.0,2040.0,2050.0,10719.0,22.0,3044.0,,,0.053159,-0.31000859,"5,983.62",175.00,3.01,2026-04-14 14:56:48
284,기업인수목적회사(SPAC),-0.15,479880,한국제15호스팩 *,테마 편입 사유,2045.0,보합0,0.0,2045.0,2050.0,8698.0,18.0,18950.0,,,0.053159,-0.31000859,"5,983.62",175.00,3.01,2026-04-14 14:56:48
284,기업인수목적회사(SPAC),-0.15,478110,이베스트스팩6호 *,테마 편입 사유,2030.0,보합0,0.0,2025.0,2030.0,2530.0,5.0,1755.0,,,0.053159,-0.31000859,"5,983.62",175.00,3.01,2026-04-14 14:56:48
284,기업인수목적회사(SPAC),-0.15,0101C0,하나36호스팩 *,테마 편입 사유,2000.0,보합0,0.0,2000.0,2010.0,4716.0,9.0,46633.0,,,0.053159,-0.31000859,"5,983.62",175.00,3.01,2026-04-14 14:56:48
284,기업인수목적회사(SPAC),-0.15,462020,에이치엠씨제6호스팩 *,테마 편입 사유,2092.0,하락  3,-0.14,2090.0,2095.0,21346.0,45.0,1836.0,,,0.053159,-0.31000859,"5,983.62",175.00,3.01,2026-04-14 14:56:48
284,기업인수목적회사(SPAC),-0.15,0105P0,유진스팩12호 *,테마 편입 사유,2007.0,하락  3,-0.15,2005.0,2010.0,2240.0,4.0,4052.0,,,0.053159,-0.31000859,"5,983.62",175.00,3.01,2026-04-14 14:56:48
284,기업인수목적회사(SPAC),-0.15,469480,IBKS제24호스팩 *,테마 편입 사유,2175.0,하락  5,-0.23,2175.0,2180.0,25.0,0.0,3029.0,,,0.053159,-0.31000859,"5,983.62",175.00,3.01,2026-04-14 14:56:48
284,기업인수목적회사(SPAC),-0.15,0099X0,IBKS제25호스팩 *,테마 편입 사유,2175.0,하락  5,-0.23,2175.0,2180.0,1886.0,4.0,16714.0,,,0.053159,-0.31000859,"5,983.62",175.00,3.01,2026-04-14 14:56:48
284,기업인수목적회사(SPAC),-0.15,469900,하나31호스팩 *,테마 편입 사유,2055.0,하락  5,-0.24,2055.0,2060.0,137.0,0.0,4627.0,,,0.053159,-0.31000859,"5,983.62",175.00,3.01,2026-04-14 14:56:48
284,기업인수목적회사(SPAC),-0.15,492220,KB제31호스팩 *,테마 편입 사유,2055.0,하락  5,-0.24,2050.0,2055.0,3704.0,8.0,198.0,,,0.053159,-0.31000859,"5,983.62",175.00,3.01,2026-04-14 14:56:48
284,기업인수목적회사(SPAC),-0.15,469880,하나30호스팩 *,테마 편입 사유,2075.0,하락  5,-0.24,2075.0,2080.0,14217.0,29.0,3052.0,,,0.053159,-0.31000859,"5,983.62",175.00,3.01,2026-04-14 14:56:48
284,기업인수목적회사(SPAC),-0.15,473000,에스케이증권제12호스팩 *,테마 편입 사유,2055.0,하락  5,-0.24,2045.0,2055.0,45.0,0.0,20.0,,,0.053159,-0.31000859,"5,983.62",175.00,3.01,2026-04-14 14:56:48
284,기업인수목적회사(SPAC),-0.15,0004Y0,디비금융제14호스팩 *,테마 편입 사유,2050.0,하락  5,-0.24,2045.0,2050.0,4682.0,10.0,3359.0,,,0.053159,-0.31000859,"5,983.62",175.00,3.01,2026-04-14 14:56:48
284,기업인수목적회사(SPAC),-0.15,0041B0,교보18호스팩 *,테마 편입 사유,2065.0,하락  5,-0.24,2065.0,2070.0,7250.0,15.0,960.0,,,0.053159,-0.31000859,"5,983.62",175.00,3.01,2026-04-14 14:56:48
284,기업인수목적회사(SPAC),-0.15,474490,유안타제16호스팩 *,테마 편입 사유,2040.0,하락  5,-0.24,2040.0,2050.0,1361.0,3.0,22.0,,,0.053159,-0.31000859,"5,983.62",175.00,3.01,2026-04-14 14:56:48
284,기업인수목적회사(SPAC),-0.15,478440,미래에셋비전스팩6호 *,테마 편입 사유,2050.0,하락  5,-0.24,2050.0,2055.0,36463.0,75.0,3483.0,,,0.053159,-0.31000859,"5,983.62",175.00,3.01,2026-04-14 14:56:48
284,기업인수목적회사(SPAC),-0.15,487830,신한제15호스팩 *,테마 편입 사유,2055.0,하락  5,-0.24,2055.0,2065.0,39.0,0.0,34.0,,,0.053159,-0.31000859,"5,983.62",175.00,3.01,2026-04-14 14:56:48
284,기업인수목적회사(SPAC),-0.15,478390,KB제29호스팩 *,테마 편입 사유,2065.0,하락  5,-0.24,2060.0,2065.0,612.0,1.0,1004.0,,,0.053159,-0.31000859,"5,983.62",175.00,3.01,2026-04-14 14:56:48
284,기업인수목적회사(SPAC),-0.15,486630,KB제30호스팩 *,테마 편입 사유,2060.0,하락  5,-0.24,2055.0,2065.0,5629.0,12.0,5129.0,,,0.053159,-0.31000859,"5,983.62",175.00,3.01,2026-04-14 14:56:48
284,기업인수목적회사(SPAC),-0.15,0091W0,신영스팩11호 *,테마 편입 사유,2070.0,하락  5,-0.24,2070.0,2075.0,1385.0,3.0,43740.0,,,0.053159,-0.31000859,"5,983.62",175.00,3.01,2026-04-14 14:56:48
284,기업인수목적회사(SPAC),-0.15,0097F0,미래에셋비전스팩10호 *,테마 편입 사유,2000.0,하락  5,-0.25,2000.0,2005.0,6751.0,14.0,3826.0,,,0.053159,-0.31000859,"5,983.62",175.00,3.01,2026-04-14 14:56:48
284,기업인수목적회사(SPAC),-0.15,0099W0,미래에셋비전스팩11호 *,테마 편입 사유,2000.0,하락  5,-0.25,2000.0,2010.0,7249.0,15.0,49358.0,,,0.053159,-0.31000859,"5,983.62",175.00,3.01,2026-04-14 14:56:48
284,기업인수목적회사(SPAC),-0.15,0096D0,미래에셋비전스팩9호 *,테마 편입 사유,2005.0,하락  5,-0.25,2005.0,2010.0,5196.0,10.0,5969.0,,,0.053159,-0.31000859,"5,983.62",175.00,3.01,2026-04-14 14:56:48
284,기업인수목적회사(SPAC),-0.15,0130D0,신한제17호스팩 *,테마 편입 사유,2015.0,하락  5,-0.25,2010.0,2015.0,20258.0,41.0,107146.0,,,0.053159,-0.31000859,"5,983.62",175.00,3.01,2026-04-14 14:56:48
284,기업인수목적회사(SPAC),-0.15,0071M0,삼성스팩11호 *,테마 편입 사유,2025.0,하락  5,-0.25,2025.0,2030.0,7546.0,15.0,656.0,,,0.053159,-0.31000859,"5,983.62",175.00,3.01,2026-04-14 14:56:48
284,기업인수목적회사(SPAC),-0.15,0068Y0,비엔케이제3호스팩 *,테마 편입 사유,2010.0,하락  5,-0.25,2010.0,2020.0,17250.0,35.0,4970.0,,,0.053159,-0.31000859,"5,983.62",175.00,3.01,2026-04-14 14:56:48
284,기업인수목적회사(SPAC),-0.15,489210,교보17호스팩 *,테마 편입 사유,2100.0,하락  10,-0.47,2095.0,2100.0,13674.0,29.0,895.0,,,0.053159,-0.31000859,"5,983.62",175.00,3.01,2026-04-14 14:56:48
284,기업인수목적회사(SPAC),-0.15,481890,엔에이치스팩31호 *,테마 편입 사유,2100.0,하락  10,-0.47,2100.0,2110.0,132.0,0.0,15135.0,,,0.053159,-0.31000859,"5,983.62",175.00,3.01,2026-04-14 14:56:48
284,기업인수목적회사(SPAC),-0.15,471050,대신밸런스제17호스팩 *,테마 편입 사유,2090.0,하락  10,-0.48,2085.0,2095.0,4498.0,9.0,14372.0,,,0.053159,-0.31000859,"5,983.62",175.00,3.01,2026-04-14 14:56:48
284,기업인수목적회사(SPAC),-0.15,0115H0,삼성스팩13호 *,테마 편입 사유,2020.0,하락  10,-0.49,2025.0,2030.0,30686.0,62.0,72894.0,,,0.053159,-0.31000859,"5,983.62",175.00,3.01,2026-04-14 14:56:48
284,기업인수목적회사(SPAC),-0.15,477340,에이치엠씨제7호스팩 *,테마 편입 사유,2025.0,하락  10,-0.49,2025.0,2035.0,6992.0,14.0,399.0,,,0.053159,-0.31000859,"5,983.62",175.00,3.01,2026-04-14 14:56:48
284,기업인수목적회사(SPAC),-0.15,0132G0,교보20호스팩 *,테마 편입 사유,2015.0,하락  10,-0.49,2015.0,2020.0,71966.0,145.0,195508.0,,,0.053159,-0.31000859,"5,983.62",175.00,3.01,2026-04-14 14:56:48
284,기업인수목적회사(SPAC),-0.15,0044K0,삼성스팩10호 *,테마 편입 사유,2040.0,하락  10,-0.49,2040.0,2045.0,2630.0,5.0,20565.0,,,0.053159,-0.31000859,"5,983.62",175.00,3.01,2026-04-14 14:56:48
284,기업인수목적회사(SPAC),-0.15,496070,신한제16호스팩 *,테마 편입 사유,2020.0,하락  10,-0.49,2020.0,2025.0,16248.0,33.0,2686.0,,,0.053159,-0.31000859,"5,983.62",175.00,3.01,2026-04-14 14:56:48
284,기업인수목적회사(SPAC),-0.15,493790,유안타제17호스팩 *,테마 편입 사유,2005.0,하락  10,-0.5,2005.0,2010.0,1677.0,3.0,135.0,,,0.053159,-0.31000859,"5,983.62",175.00,3.01,2026-04-14 14:56:48
284,기업인수목적회사(SPAC),-0.15,0037T0,KB제32호스팩 *,테마 편입 사유,2010.0,하락  10,-0.5,2010.0,2015.0,2835.0,6.0,3236.0,,,0.053159,-0.31000859,"5,983.62",175.00,3.01,2026-04-14 14:56:48
284,기업인수목적회사(SPAC),-0.15,0130H0,엔에이치스팩33호 *,테마 편입 사유,2012.0,하락  13,-0.64,2010.0,2015.0,77948.0,157.0,81129.0,,,0.053159,-0.31000859,"5,983.62",175.00,3.01,2026-04-14 14:56:48
284,기업인수목적회사(SPAC),-0.15,0088D0,메리츠제1호스팩 *,테마 편입 사유,2200.0,하락  15,-0.68,2200.0,2210.0,93283.0,206.0,75807.0,,,0.053159,-0.31000859,"5,983.62",175.00,3.01,2026-04-14 14:56:48
284,기업인수목적회사(SPAC),-0.15,472220,신영스팩10호 *,테마 편입 사유,2150.0,하락  15,-0.69,2145.0,2160.0,17161.0,37.0,1208.0,,,0.053159,-0.31000859,"5,983.62",175.00,3.01,2026-04-14 14:56:48
284,기업인수목적회사(SPAC),-0.15,475250,하나33호스팩 *,테마 편입 사유,2085.0,하락  15,-0.71,2085.0,2095.0,6.0,0.0,35.0,,,0.053159,-0.31000859,"5,983.62",175.00,3.01,2026-04-14 14:56:48
284,기업인수목적회사(SPAC),-0.15,487720,키움제10호스팩 *,테마 편입 사유,2070.0,하락  15,-0.72,2060.0,2070.0,10034.0,21.0,3049.0,,,0.053159,-0.31000859,"5,983.62",175.00,3.01,2026-04-14 14:56:48
284,기업인수목적회사(SPAC),-0.15,466910,엔에이치스팩30호 *,테마 편입 사유,4570.0,하락  35,-0.76,4570.0,4575.0,104160.0,477.0,100209.0,,,0.053159,-0.31000859,"5,983.62",175.00,3.01,2026-04-14 14:56:48
284,기업인수목적회사(SPAC),-0.15,477470,미래에셋비전스팩5호 *,테마 편입 사유,2097.0,하락  18,-0.85,2085.0,2105.0,1753.0,4.0,65.0,,,0.053159,-0.31000859,"5,983.62",175.00,3.01,2026-04-14 14:56:48
284,기업인수목적회사(SPAC),-0.15,451700,엔에이치스팩29호 *,테마 편입 사유,2550.0,하락  25,-0.97,2550.0,2555.0,258854.0,665.0,540907.0,,,0.053159,-0.31000859,"5,983.62",175.00,3.01,2026-04-14 14:56:48
213,해저터널(지하화/지하도로 등),1.37,006260,LS,테마 편입 사유,303500.0,"상승  10,000",3.41,303000.0,304000.0,166463.0,50159.0,209675.0,,,0.550928,-0.28829327999999976,"5,983.62",175.00,3.01,2026-04-14 14:56:48
213,해저터널(지하화/지하도로 등),1.37,026150,특수건설 *,테마 편입 사유,6740.0,상승  200,3.06,6730.0,6740.0,62974.0,422.0,100555.0,,,0.550928,-0.28829327999999976,"5,983.62",175.00,3.01,2026-04-14 14:56:48
213,해저터널(지하화/지하도로 등),1.37,046940,우원개발 *,테마 편입 사유,4715.0,상승  70,1.51,4720.0,4725.0,154486.0,730.0,135109.0,,,0.550928,-0.28829327999999976,"5,983.62",175.00,3.01,2026-04-14 14:56:48
213,해저터널(지하화/지하도로 등),1.37,060370,LS마린솔루션 *,테마 편입 사유,29200.0,상승  400,1.39,29200.0,29250.0,127155.0,3731.0,134340.0,,,0.550928,-0.28829327999999976,"5,983.62",175.00,3.01,2026-04-14 14:56:48
213,해저터널(지하화/지하도로 등),1.37,017510,세명전기 *,테마 편입 사유,9560.0,상승  130,1.38,9560.0,9600.0,238869.0,2286.0,146477.0,,,0.550928,-0.28829327999999976,"5,983.62",175.00,3.01,2026-04-14 14:56:48
213,해저터널(지하화/지하도로 등),1.37,028100,동아지질,테마 편입 사유,18010.0,상승  240,1.35,18010.0,18030.0,13866.0,248.0,21627.0,,,0.550928,-0.28829327999999976,"5,983.62",175.00,3.01,2026-04-14 14:56:48
213,해저터널(지하화/지하도로 등),1.37,011390,부산산업,테마 편입 사유,75400.0,상승  700,0.94,75000.0,75300.0,6659.0,501.0,5567.0,,,0.550928,-0.28829327999999976,"5,983.62",175.00,3.01,2026-04-14 14:56:48
213,해저터널(지하화/지하도로 등),1.37,025550,한국선재 *,테마 편입 사유,3455.0,상승  30,0.88,3450.0,3465.0,149504.0,519.0,192115.0,,,0.550928,-0.28829327999999976,"5,983.62",175.00,3.01,2026-04-14 14:56:48
213,해저터널(지하화/지하도로 등),1.37,125020,티씨머티리얼즈 *,테마 편입 사유,5300.0,하락  50,-0.93,5310.0,5330.0,943160.0,5126.0,974808.0,,,0.550928,-0.28829327999999976,"5,983.62",175.00,3.01,2026-04-14 14:56:48
579,2차전지(나트륨이온),1.9,446540,메가터치 *,테마 편입 사유,4790.0,상승  580,13.78,4495.0,4500.0,1211761.0,5605.0,53998.0,,,0.716009,-0.25518709000000017,"5,983.62",175.00,3.01,2026-04-14 14:56:48
579,2차전지(나트륨이온),1.9,267320,나인테크 *,테마 편입 사유,3110.0,상승  115,3.84,3100.0,3110.0,793844.0,2452.0,490830.0,,,0.716009,-0.25518709000000017,"5,983.62",175.00,3.01,2026-04-14 14:56:48
579,2차전지(나트륨이온),1.9,161000,애경케미칼,테마 편입 사유,13680.0,상승  330,2.47,13630.0,13640.0,1103936.0,14915.0,1832937.0,,,0.716009,-0.25518709000000017,"5,983.62",175.00,3.01,2026-04-14 14:56:48
579,2차전지(나트륨이온),1.9,092200,디아이씨,테마 편입 사유,7800.0,상승  80,1.04,7800.0,7820.0,299367.0,2341.0,232263.0,,,0.716009,-0.25518709000000017,"5,983.62",175.00,3.01,2026-04-14 14:56:48
579,2차전지(나트륨이온),1.9,086520,에코프로 *,테마 편입 사유,144700.0,"상승  1,000",0.7,145000.0,145100.0,520300.0,75908.0,822112.0,,,0.716009,-0.25518709000000017,"5,983.62",175.00,3.01,2026-04-14 14:56:48
579,2차전지(나트륨이온),1.9,247540,에코프로비엠 *,테마 편입 사유,198900.0,하락  100,-0.05,199100.0,199200.0,248762.0,49832.0,286581.0,,,0.716009,-0.25518709000000017,"5,983.62",175.00,3.01,2026-04-14 14:56:48
579,2차전지(나트륨이온),1.9,373220,LG에너지솔루션,테마 편입 사유,400000.0,"하락  1,500",-0.37,400000.0,400500.0,230914.0,92886.0,218403.0,,,0.716009,-0.25518709000000017,"5,983.62",175.00,3.01,2026-04-14 14:56:48
579,2차전지(나트륨이온),1.9,006400,삼성SDI,테마 편입 사유,471500.0,"하락  6,000",-1.26,470000.0,470500.0,763473.0,362016.0,482539.0,,,0.716009,-0.25518709000000017,"5,983.62",175.00,3.01,2026-04-14 14:56:48
579,2차전지(나트륨이온),1.9,393890,더블유씨피 *,테마 편입 사유,15060.0,하락  680,-4.32,14910.0,14920.0,1589943.0,24060.0,1210714.0,,,0.716009,-0.25518709000000017,"5,983.62",175.00,3.01,2026-04-14 14:56:48
31,환율하락 수혜,0.58,015760,한국전력,테마 편입 사유,44400.0,"상승  2,200",5.21,44250.0,44300.0,2791773.0,124090.0,1713524.0,,,0.275169,-0.24825869,"5,983.62",175.00,3.01,2026-04-14 14:56:48
31,환율하락 수혜,0.58,039130,하나투어,테마 편입 사유,41400.0,"상승  1,100",2.73,41400.0,41450.0,46848.0,1929.0,61958.0,,,0.275169,-0.24825869,"5,983.62",175.00,3.01,2026-04-14 14:56:48
31,환율하락 수혜,0.58,004020,현대제철,테마 편입 사유,39550.0,"상승  1,050",2.73,39600.0,39650.0,886346.0,35112.0,752861.0,,,0.275169,-0.24825869,"5,983.62",175.00,3.01,2026-04-14 14:56:48
31,환율하락 수혜,0.58,003490,대한항공,테마 편입 사유,24550.0,상승  600,2.51,24450.0,24500.0,1600810.0,39097.0,1528777.0,,,0.275169,-0.24825869,"5,983.62",175.00,3.01,2026-04-14 14:56:48
31,환율하락 수혜,0.58,003010,혜인,테마 편입 사유,6050.0,상승  120,2.02,6080.0,6090.0,238908.0,1449.0,194277.0,,,0.275169,-0.24825869,"5,983.62",175.00,3.01,2026-04-14 14:56:48
31,환율하락 수혜,0.58,080160,모두투어 *,테마 편입 사유,11330.0,상승  200,1.8,11330.0,11340.0,46665.0,528.0,81412.0,,,0.275169,-0.24825869,"5,983.62",175.00,3.01,2026-04-14 14:56:48
31,환율하락 수혜,0.58,001790,대한제당,테마 편입 사유,3055.0,상승  50,1.66,3025.0,3030.0,298945.0,903.0,178039.0,,,0.275169,-0.24825869,"5,983.62",175.00,3.01,2026-04-14 14:56:48
31,환율하락 수혜,0.58,000070,삼양홀딩스,테마 편입 사유,67500.0,상승  900,1.35,67600.0,67700.0,5660.0,382.0,5822.0,,,0.275169,-0.24825869,"5,983.62",175.00,3.01,2026-04-14 14:56:48
31,환율하락 수혜,0.58,001130,대한제분,테마 편입 사유,149600.0,"상승  1,800",1.22,149600.0,149800.0,4017.0,598.0,2016.0,,,0.275169,-0.24825869,"5,983.62",175.00,3.01,2026-04-14 14:56:48
31,환율하락 수혜,0.58,007310,오뚜기,테마 편입 사유,366000.0,"상승  3,500",0.97,365000.0,365500.0,3270.0,1192.0,4283.0,,,0.275169,-0.24825869,"5,983.62",175.00,3.01,2026-04-14 14:56:48
31,환율하락 수혜,0.58,001680,대상,테마 편입 사유,21050.0,상승  200,0.96,21000.0,21050.0,138675.0,2898.0,185662.0,,,0.275169,-0.24825869,"5,983.62",175.00,3.01,2026-04-14 14:56:48
31,환율하락 수혜,0.58,103140,풍산,테마 편입 사유,100300.0,상승  800,0.8,100100.0,100200.0,185728.0,18616.0,194808.0,,,0.275169,-0.24825869,"5,983.62",175.00,3.01,2026-04-14 14:56:48
31,환율하락 수혜,0.58,036460,한국가스공사,테마 편입 사유,36050.0,상승  250,0.7,36050.0,36100.0,162295.0,5863.0,220256.0,,,0.275169,-0.24825869,"5,983.62",175.00,3.01,2026-04-14 14:56:48
31,환율하락 수혜,0.58,005490,POSCO홀딩스,테마 편입 사유,361500.0,"상승  1,500",0.42,361000.0,361500.0,186184.0,67648.0,284457.0,,,0.275169,-0.24825869,"5,983.62",175.00,3.01,2026-04-14 14:56:48
31,환율하락 수혜,0.58,002680,한탑 *,테마 편입 사유,766.0,상승  3,0.39,764.0,767.0,187645.0,142.0,476019.0,,,0.275169,-0.24825869,"5,983.62",175.00,3.01,2026-04-14 14:56:48
31,환율하락 수혜,0.58,000080,하이트진로,테마 편입 사유,17190.0,보합0,0.0,17190.0,17200.0,89459.0,1541.0,88318.0,,,0.275169,-0.24825869,"5,983.62",175.00,3.01,2026-04-14 14:56:48
31,환율하락 수혜,0.58,020560,아시아나항공,테마 편입 사유,7100.0,보합0,0.0,7090.0,7110.0,42324.0,300.0,75451.0,,,0.275169,-0.24825869,"5,983.62",175.00,3.01,2026-04-14 14:56:48
31,환율하락 수혜,0.58,004370,농심,테마 편입 사유,373000.0,하락  500,-0.13,373500.0,374000.0,10191.0,3814.0,9477.0,,,0.275169,-0.24825869,"5,983.62",175.00,3.01,2026-04-14 14:56:48
31,환율하락 수혜,0.58,271560,오리온,테마 편입 사유,130900.0,하락  500,-0.38,131000.0,131100.0,88761.0,11612.0,61347.0,,,0.275169,-0.24825869,"5,983.62",175.00,3.01,2026-04-14 14:56:48
31,환율하락 수혜,0.58,010130,고려아연,테마 편입 사유,1656000.0,"하락  7,000",-0.42,1658000.0,1660000.0,18039.0,30201.0,42837.0,,,0.275169,-0.24825869,"5,983.62",175.00,3.01,2026-04-14 14:56:48
31,환율하락 수혜,0.58,097950,CJ제일제당,테마 편입 사유,234500.0,"하락  6,000",-2.49,234000.0,234500.0,85857.0,20154.0,88662.0,,,0.275169,-0.24825869,"5,983.62",175.00,3.01,2026-04-14 14:56:48
31,환율하락 수혜,0.58,010950,S-Oil,테마 편입 사유,118700.0,"하락  3,300",-2.7,118600.0,118700.0,390232.0,46372.0,623589.0,,,0.275169,-0.24825869,"5,983.62",175.00,3.01,2026-04-14 14:56:48
31,환율하락 수혜,0.58,005880,대한해운,테마 편입 사유,2660.0,하락  200,-6.99,2650.0,2655.0,34201347.0,93198.0,99981686.0,,,0.275169,-0.24825869,"5,983.62",175.00,3.01,2026-04-14 14:56:48
152,온실가스(탄소배출권)/탄소 포집·활용·저장(CCUS),1.23,036170,에이치엠넥스 *,테마 편입 사유,6690.0,상승  580,9.49,6720.0,6730.0,4730969.0,30310.0,7154961.0,,,0.487755,-0.23814254999999984,"5,983.62",175.00,3.01,2026-04-14 14:56:48
152,온실가스(탄소배출권)/탄소 포집·활용·저장(CCUS),1.23,059090,미코 *,테마 편입 사유,15330.0,상승  800,5.51,15340.0,15360.0,562989.0,8586.0,193615.0,,,0.487755,-0.23814254999999984,"5,983.62",175.00,3.01,2026-04-14 14:56:48
152,온실가스(탄소배출권)/탄소 포집·활용·저장(CCUS),1.23,033530,SJG세종,테마 편입 사유,7600.0,상승  230,3.12,7590.0,7600.0,114907.0,872.0,112093.0,,,0.487755,-0.23814254999999984,"5,983.62",175.00,3.01,2026-04-14 14:56:48
152,온실가스(탄소배출권)/탄소 포집·활용·저장(CCUS),1.23,093370,후성,테마 편입 사유,10950.0,상승  290,2.72,10950.0,10960.0,7434376.0,83397.0,3650764.0,,,0.487755,-0.23814254999999984,"5,983.62",175.00,3.01,2026-04-14 14:56:48
152,온실가스(탄소배출권)/탄소 포집·활용·저장(CCUS),1.23,163280,에어레인 *,테마 편입 사유,5850.0,상승  100,1.74,5830.0,5850.0,86726.0,504.0,56427.0,,,0.487755,-0.23814254999999984,"5,983.62",175.00,3.01,2026-04-14 14:56:48
152,온실가스(탄소배출권)/탄소 포집·활용·저장(CCUS),1.23,220260,켐트로스 *,테마 편입 사유,5600.0,상승  90,1.63,5610.0,5620.0,210111.0,1176.0,163363.0,,,0.487755,-0.23814254999999984,"5,983.62",175.00,3.01,2026-04-14 14:56:48
152,온실가스(탄소배출권)/탄소 포집·활용·저장(CCUS),1.23,083420,그린케미칼,테마 편입 사유,6040.0,상승  80,1.34,6020.0,6030.0,96973.0,579.0,67410.0,,,0.487755,-0.23814254999999984,"5,983.62",175.00,3.01,2026-04-14 14:56:48
152,온실가스(탄소배출권)/탄소 포집·활용·저장(CCUS),1.23,383310,에코프로에이치엔 *,테마 편입 사유,29925.0,상승  325,1.1,30000.0,30050.0,127619.0,3845.0,108429.0,,,0.487755,-0.23814254999999984,"5,983.62",175.00,3.01,2026-04-14 14:56:48
152,온실가스(탄소배출권)/탄소 포집·활용·저장(CCUS),1.23,069260,TKG휴켐스,테마 편입 사유,17740.0,상승  160,0.91,17740.0,17750.0,79109.0,1401.0,92031.0,,,0.487755,-0.23814254999999984,"5,983.62",175.00,3.01,2026-04-14 14:56:48
152,온실가스(탄소배출권)/탄소 포집·활용·저장(CCUS),1.23,086520,에코프로 *,테마 편입 사유,144700.0,"상승  1,000",0.7,145000.0,145100.0,520300.0,75908.0,822112.0,,,0.487755,-0.23814254999999984,"5,983.62",175.00,3.01,2026-04-14 14:56:48
152,온실가스(탄소배출권)/탄소 포집·활용·저장(CCUS),1.23,014830,유니드,테마 편입 사유,84500.0,상승  500,0.6,84800.0,85000.0,32712.0,2727.0,29060.0,,,0.487755,-0.23814254999999984,"5,983.62",175.00,3.01,2026-04-14 14:56:48
152,온실가스(탄소배출권)/탄소 포집·활용·저장(CCUS),1.23,008250,이건산업,테마 편입 사유,4035.0,상승  20,0.5,4040.0,4050.0,20020.0,80.0,29325.0,,,0.487755,-0.23814254999999984,"5,983.62",175.00,3.01,2026-04-14 14:56:48
152,온실가스(탄소배출권)/탄소 포집·활용·저장(CCUS),1.23,038870,에코바이오 *,테마 편입 사유,3140.0,상승  5,0.16,3130.0,3140.0,88715.0,276.0,359235.0,,,0.487755,-0.23814254999999984,"5,983.62",175.00,3.01,2026-04-14 14:56:48
152,온실가스(탄소배출권)/탄소 포집·활용·저장(CCUS),1.23,025750,한솔홈데코,테마 편입 사유,539.0,보합0,0.0,0.0,0.0,0.0,0.0,0.0,,,0.487755,-0.23814254999999984,"5,983.62",175.00,3.01,2026-04-14 14:56:48
152,온실가스(탄소배출권)/탄소 포집·활용·저장(CCUS),1.23,448280,에코아이 *,테마 편입 사유,10890.0,하락  70,-0.64,10890.0,10940.0,44406.0,486.0,20339.0,,,0.487755,-0.23814254999999984,"5,983.62",175.00,3.01,2026-04-14 14:56:48
152,온실가스(탄소배출권)/탄소 포집·활용·저장(CCUS),1.23,004140,동방,테마 편입 사유,2980.0,하락  25,-0.83,2975.0,2985.0,1552438.0,4641.0,3213582.0,,,0.487755,-0.23814254999999984,"5,983.62",175.00,3.01,2026-04-14 14:56:48
152,온실가스(탄소배출권)/탄소 포집·활용·저장(CCUS),1.23,005090,SGC에너지,테마 편입 사유,52200.0,"하락  4,200",-7.45,52200.0,52300.0,187422.0,9918.0,90639.0,,,0.487755,-0.23814254999999984,"5,983.62",175.00,3.01,2026-04-14 14:56:48
16,구제역/광우병 수혜,0.28,088910,동우팜투테이블 *,테마 편입 사유,2500.0,상승  50,2.04,2485.0,2495.0,40022.0,100.0,35513.0,,,0.168139,-0.22609838999999998,"5,983.62",175.00,3.01,2026-04-14 14:56:48
16,구제역/광우병 수혜,0.28,007160,사조산업,테마 편입 사유,53200.0,상승  900,1.72,53000.0,53200.0,3219.0,170.0,3112.0,,,0.168139,-0.22609838999999998,"5,983.62",175.00,3.01,2026-04-14 14:56:48
16,구제역/광우병 수혜,0.28,136480,하림 *,테마 편입 사유,3230.0,상승  50,1.57,3230.0,3235.0,672423.0,2175.0,360158.0,,,0.168139,-0.22609838999999998,"5,983.62",175.00,3.01,2026-04-14 14:56:48
16,구제역/광우병 수혜,0.28,006980,우성,테마 편입 사유,23500.0,상승  350,1.51,23400.0,23450.0,6304.0,148.0,6317.0,,,0.168139,-0.22609838999999998,"5,983.62",175.00,3.01,2026-04-14 14:56:48
16,구제역/광우병 수혜,0.28,011150,CJ씨푸드,테마 편입 사유,2720.0,상승  35,1.3,2720.0,2725.0,110997.0,301.0,150286.0,,,0.168139,-0.22609838999999998,"5,983.62",175.00,3.01,2026-04-14 14:56:48
16,구제역/광우병 수혜,0.28,025870,신라에스지 *,테마 편입 사유,4505.0,상승  40,0.9,4515.0,4520.0,6026.0,27.0,18946.0,,,0.168139,-0.22609838999999998,"5,983.62",175.00,3.01,2026-04-14 14:56:48
16,구제역/광우병 수혜,0.28,035810,이지홀딩스 *,테마 편입 사유,5860.0,상승  50,0.86,5860.0,5870.0,183129.0,1068.0,221707.0,,,0.168139,-0.22609838999999998,"5,983.62",175.00,3.01,2026-04-14 14:56:48
16,구제역/광우병 수혜,0.28,036480,대성미생물 *,테마 편입 사유,7390.0,상승  60,0.82,7390.0,7410.0,15034.0,111.0,17005.0,,,0.168139,-0.22609838999999998,"5,983.62",175.00,3.01,2026-04-14 14:56:48
16,구제역/광우병 수혜,0.28,208140,정다운 *,테마 편입 사유,2530.0,상승  20,0.8,2525.0,2530.0,56077.0,142.0,33051.0,,,0.168139,-0.22609838999999998,"5,983.62",175.00,3.01,2026-04-14 14:56:48
16,구제역/광우병 수혜,0.28,014580,태경비케이,테마 편입 사유,4605.0,상승  30,0.66,4595.0,4605.0,177899.0,815.0,99175.0,,,0.168139,-0.22609838999999998,"5,983.62",175.00,3.01,2026-04-14 14:56:48
16,구제역/광우병 수혜,0.28,030720,동원수산,테마 편입 사유,6250.0,상승  20,0.32,6240.0,6250.0,19194.0,119.0,20190.0,,,0.168139,-0.22609838999999998,"5,983.62",175.00,3.01,2026-04-14 14:56:48
16,구제역/광우병 수혜,0.28,006040,동원산업,테마 편입 사유,38550.0,상승  100,0.26,38550.0,38600.0,47281.0,1825.0,43247.0,,,0.168139,-0.22609838999999998,"5,983.62",175.00,3.01,2026-04-14 14:56:48
16,구제역/광우병 수혜,0.28,003960,사조대림,테마 편입 사유,32700.0,상승  50,0.15,32650.0,32700.0,2429.0,79.0,3889.0,,,0.168139,-0.22609838999999998,"5,983.62",175.00,3.01,2026-04-14 14:56:48
16,구제역/광우병 수혜,0.28,027740,마니커,테마 편입 사유,815.0,하락  1,-0.12,815.0,816.0,145686.0,118.0,202972.0,,,0.168139,-0.22609838999999998,"5,983.62",175.00,3.01,2026-04-14 14:56:48
16,구제역/광우병 수혜,0.28,004970,신라교역,테마 편입 사유,9650.0,하락  20,-0.21,9640.0,9650.0,7842.0,75.0,5471.0,,,0.168139,-0.22609838999999998,"5,983.62",175.00,3.01,2026-04-14 14:56:48
16,구제역/광우병 수혜,0.28,003680,한성기업,테마 편입 사유,5100.0,하락  20,-0.39,5090.0,5100.0,18953.0,96.0,8017.0,,,0.168139,-0.22609838999999998,"5,983.62",175.00,3.01,2026-04-14 14:56:48
16,구제역/광우병 수혜,0.28,018620,우진비앤지 *,테마 편입 사유,745.0,하락  5,-0.67,741.0,742.0,43889.0,33.0,110062.0,,,0.168139,-0.22609838999999998,"5,983.62",175.00,3.01,2026-04-14 14:56:48
16,구제역/광우병 수혜,0.28,006090,사조오양,테마 편입 사유,8250.0,하락  70,-0.84,8250.0,8260.0,6307.0,52.0,1855.0,,,0.168139,-0.22609838999999998,"5,983.62",175.00,3.01,2026-04-14 14:56:48
16,구제역/광우병 수혜,0.28,027710,팜스토리 *,테마 편입 사유,1423.0,하락  29,-2.0,1423.0,1424.0,1317915.0,1872.0,3002698.0,,,0.168139,-0.22609838999999998,"5,983.62",175.00,3.01,2026-04-14 14:56:48
16,구제역/광우병 수혜,0.28,005860,한일사료 *,테마 편입 사유,4085.0,하락  165,-3.88,4065.0,4070.0,2228905.0,9103.0,8204043.0,,,0.168139,-0.22609838999999998,"5,983.62",175.00,3.01,2026-04-14 14:56:48
285,마스크,0.34,013990,아가방컴퍼니 *,테마 편입 사유,4920.0,상승  120,2.5,4900.0,4915.0,158635.0,775.0,155652.0,,,0.185793,-0.21923692999999994,"5,983.62",175.00,3.01,2026-04-14 14:56:48
285,마스크,0.34,372910,한컴라이프케어,테마 편입 사유,2480.0,상승  60,2.48,2465.0,2480.0,154585.0,380.0,82351.0,,,0.185793,-0.21923692999999994,"5,983.62",175.00,3.01,2026-04-14 14:56:48
285,마스크,0.34,086450,동국제약 *,테마 편입 사유,25650.0,상승  500,1.99,25750.0,25800.0,1017025.0,25520.0,526903.0,,,0.185793,-0.21923692999999994,"5,983.62",175.00,3.01,2026-04-14 14:56:48
285,마스크,0.34,065950,웰크론 *,테마 편입 사유,1547.0,상승  26,1.71,1544.0,1547.0,49953.0,77.0,80469.0,,,0.185793,-0.21923692999999994,"5,983.62",175.00,3.01,2026-04-14 14:56:48
285,마스크,0.34,014100,메디앙스 *,테마 편입 사유,1730.0,상승  27,1.59,1730.0,1739.0,23613.0,41.0,39962.0,,,0.185793,-0.21923692999999994,"5,983.62",175.00,3.01,2026-04-14 14:56:48
285,마스크,0.34,034940,조아제약 *,테마 편입 사유,901.0,상승  12,1.35,895.0,897.0,37249.0,34.0,45673.0,,,0.185793,-0.21923692999999994,"5,983.62",175.00,3.01,2026-04-14 14:56:48
285,마스크,0.34,002720,국제약품,테마 편입 사유,4825.0,상승  55,1.15,4825.0,4830.0,90943.0,437.0,146447.0,,,0.185793,-0.21923692999999994,"5,983.62",175.00,3.01,2026-04-14 14:56:48
285,마스크,0.34,263020,디케이앤디 *,테마 편입 사유,3230.0,상승  20,0.62,3240.0,3245.0,40126.0,130.0,85017.0,,,0.185793,-0.21923692999999994,"5,983.62",175.00,3.01,2026-04-14 14:56:48
285,마스크,0.34,018250,애경산업,테마 편입 사유,14750.0,상승  80,0.55,14790.0,14800.0,25244.0,372.0,33983.0,,,0.185793,-0.21923692999999994,"5,983.62",175.00,3.01,2026-04-14 14:56:48
285,마스크,0.34,001520,동양,테마 편입 사유,806.0,상승  2,0.25,805.0,806.0,556217.0,445.0,663712.0,,,0.185793,-0.21923692999999994,"5,983.62",175.00,3.01,2026-04-14 14:56:48
285,마스크,0.34,012690,모나리자,테마 편입 사유,2280.0,상승  5,0.22,2280.0,2285.0,334914.0,765.0,319986.0,,,0.185793,-0.21923692999999994,"5,983.62",175.00,3.01,2026-04-14 14:56:48
285,마스크,0.34,045520,크린앤사이언스 *,테마 편입 사유,3340.0,상승  5,0.15,3325.0,3340.0,9746.0,33.0,6839.0,,,0.185793,-0.21923692999999994,"5,983.62",175.00,3.01,2026-04-14 14:56:48
285,마스크,0.34,294140,레몬 *,테마 편입 사유,3470.0,상승  5,0.14,3475.0,3480.0,27574.0,96.0,43130.0,,,0.185793,-0.21923692999999994,"5,983.62",175.00,3.01,2026-04-14 14:56:48
285,마스크,0.34,042040,케이피엠테크 *,테마 편입 사유,147.0,보합0,0.0,0.0,0.0,0.0,0.0,1773570.0,,,0.185793,-0.21923692999999994,"5,983.62",175.00,3.01,2026-04-14 14:56:48
285,마스크,0.34,083550,케이엠 *,테마 편입 사유,3590.0,보합0,0.0,3545.0,3560.0,91050.0,328.0,7633.0,,,0.185793,-0.21923692999999994,"5,983.62",175.00,3.01,2026-04-14 14:56:48
285,마스크,0.34,002070,비비안,테마 편입 사유,355.0,보합0,0.0,0.0,0.0,0.0,0.0,1087897.0,,,0.185793,-0.21923692999999994,"5,983.62",175.00,3.01,2026-04-14 14:56:48
285,마스크,0.34,352700,씨앤투스 *,테마 편입 사유,2015.0,보합0,0.0,2005.0,2020.0,21196.0,42.0,21912.0,,,0.185793,-0.21923692999999994,"5,983.62",175.00,3.01,2026-04-14 14:56:48
285,마스크,0.34,047770,코데즈컴바인 *,테마 편입 사유,4735.0,하락  5,-0.11,4755.0,4775.0,712036.0,3452.0,550818.0,,,0.185793,-0.21923692999999994,"5,983.62",175.00,3.01,2026-04-14 14:56:48
285,마스크,0.34,142280,녹십자엠에스 *,테마 편입 사유,3720.0,하락  5,-0.13,3715.0,3720.0,34102.0,127.0,17772.0,,,0.185793,-0.21923692999999994,"5,983.62",175.00,3.01,2026-04-14 14:56:48
285,마스크,0.34,004540,깨끗한나라,테마 편입 사유,2080.0,하락  15,-0.72,2075.0,2080.0,108441.0,225.0,206088.0,,,0.185793,-0.21923692999999994,"5,983.62",175.00,3.01,2026-04-14 14:56:48
285,마스크,0.34,001060,JW중외제약,테마 편입 사유,31100.0,하락  250,-0.8,31050.0,31100.0,58639.0,1828.0,48566.0,,,0.185793,-0.21923692999999994,"5,983.62",175.00,3.01,2026-04-14 14:56:48
285,마스크,0.34,108230,톱텍 *,테마 편입 사유,4690.0,하락  115,-2.39,4700.0,4705.0,84936.0,404.0,148964.0,,,0.185793,-0.21923692999999994,"5,983.62",175.00,3.01,2026-04-14 14:56:48
285,마스크,0.34,079980,휴비스,테마 편입 사유,3260.0,하락  85,-2.54,3260.0,3265.0,635669.0,2094.0,3272324.0,,,0.185793,-0.21923692999999994,"5,983.62",175.00,3.01,2026-04-14 14:56:48
335,재난/안전(지진/화재 등),0.81,054540,삼영엠텍 *,테마 편입 사유,11330.0,상승  510,4.71,11290.0,11300.0,183990.0,2070.0,78259.0,,,0.334496,-0.19683295999999983,"5,983.62",175.00,3.01,2026-04-14 14:56:48
335,재난/안전(지진/화재 등),0.81,037440,희림 *,테마 편입 사유,6320.0,상승  270,4.46,6290.0,6310.0,7275791.0,46039.0,2146628.0,,,0.334496,-0.19683295999999983,"5,983.62",175.00,3.01,2026-04-14 14:56:48
335,재난/안전(지진/화재 등),0.81,023350,한국종합기술,테마 편입 사유,5150.0,상승  130,2.59,5140.0,5150.0,273362.0,1402.0,97554.0,,,0.334496,-0.19683295999999983,"5,983.62",175.00,3.01,2026-04-14 14:56:48
335,재난/안전(지진/화재 등),0.81,189860,서전기전 *,테마 편입 사유,5540.0,상승  140,2.59,5520.0,5540.0,184626.0,1022.0,199899.0,,,0.334496,-0.19683295999999983,"5,983.62",175.00,3.01,2026-04-14 14:56:48
335,재난/안전(지진/화재 등),0.81,372910,한컴라이프케어,테마 편입 사유,2480.0,상승  60,2.48,2465.0,2480.0,154585.0,380.0,82351.0,,,0.334496,-0.19683295999999983,"5,983.62",175.00,3.01,2026-04-14 14:56:48
335,재난/안전(지진/화재 등),0.81,493330,지에프아이 *,테마 편입 사유,16290.0,상승  270,1.69,16320.0,16440.0,36650.0,606.0,92439.0,,,0.334496,-0.19683295999999983,"5,983.62",175.00,3.01,2026-04-14 14:56:48
335,재난/안전(지진/화재 등),0.81,041440,현대에버다임 *,테마 편입 사유,9120.0,상승  130,1.45,9150.0,9160.0,244573.0,2229.0,323468.0,,,0.334496,-0.19683295999999983,"5,983.62",175.00,3.01,2026-04-14 14:56:48
335,재난/안전(지진/화재 등),0.81,060370,LS마린솔루션 *,테마 편입 사유,29200.0,상승  400,1.39,29200.0,29250.0,127155.0,3731.0,134340.0,,,0.334496,-0.19683295999999983,"5,983.62",175.00,3.01,2026-04-14 14:56:48
335,재난/안전(지진/화재 등),0.81,028100,동아지질,테마 편입 사유,18010.0,상승  240,1.35,18010.0,18030.0,13866.0,248.0,21627.0,,,0.334496,-0.19683295999999983,"5,983.62",175.00,3.01,2026-04-14 14:56:48
335,재난/안전(지진/화재 등),0.81,089470,HDC현대EP,테마 편입 사유,5140.0,상승  50,0.98,5150.0,5160.0,33511.0,172.0,23802.0,,,0.334496,-0.19683295999999983,"5,983.62",175.00,3.01,2026-04-14 14:56:48
335,재난/안전(지진/화재 등),0.81,228340,동양파일 *,테마 편입 사유,2020.0,상승  15,0.75,1999.0,2020.0,14008.0,28.0,10714.0,,,0.334496,-0.19683295999999983,"5,983.62",175.00,3.01,2026-04-14 14:56:48
335,재난/안전(지진/화재 등),0.81,101670,하이드로리튬 *,테마 편입 사유,1987.0,상승  6,0.3,1982.0,1983.0,1023264.0,2034.0,1355724.0,,,0.334496,-0.19683295999999983,"5,983.62",175.00,3.01,2026-04-14 14:56:48
335,재난/안전(지진/화재 등),0.81,140520,대창스틸 *,테마 편입 사유,2270.0,상승  5,0.22,2270.0,2280.0,41751.0,94.0,41391.0,,,0.334496,-0.19683295999999983,"5,983.62",175.00,3.01,2026-04-14 14:56:48
335,재난/안전(지진/화재 등),0.81,039980,폴라리스AI *,테마 편입 사유,1481.0,보합0,0.0,0.0,0.0,0.0,0.0,0.0,,,0.334496,-0.19683295999999983,"5,983.62",175.00,3.01,2026-04-14 14:56:48
335,재난/안전(지진/화재 등),0.81,036640,HRS *,테마 편입 사유,5260.0,보합0,0.0,5260.0,5280.0,58010.0,305.0,91667.0,,,0.334496,-0.19683295999999983,"5,983.62",175.00,3.01,2026-04-14 14:56:48
335,재난/안전(지진/화재 등),0.81,083640,인콘 *,테마 편입 사유,385.0,보합0,0.0,0.0,0.0,0.0,0.0,767133.0,,,0.334496,-0.19683295999999983,"5,983.62",175.00,3.01,2026-04-14 14:56:48
335,재난/안전(지진/화재 등),0.81,022220,티케이지애강 *,테마 편입 사유,894.0,보합0,0.0,894.0,895.0,137686.0,123.0,143496.0,,,0.334496,-0.19683295999999983,"5,983.62",175.00,3.01,2026-04-14 14:56:48
335,재난/안전(지진/화재 등),0.81,067170,오텍 *,테마 편입 사유,2255.0,하락  20,-0.88,2220.0,2225.0,396881.0,893.0,751536.0,,,0.334496,-0.19683295999999983,"5,983.62",175.00,3.01,2026-04-14 14:56:48
335,재난/안전(지진/화재 등),0.81,033540,파라텍 *,테마 편입 사유,1115.0,하락  18,-1.59,1113.0,1114.0,384073.0,430.0,236059.0,,,0.334496,-0.19683295999999983,"5,983.62",175.00,3.01,2026-04-14 14:56:48
335,재난/안전(지진/화재 등),0.81,072130,유엔젤,테마 편입 사유,6090.0,하락  130,-2.09,6090.0,6110.0,1067467.0,6742.0,1846698.0,,,0.334496,-0.19683295999999983,"5,983.62",175.00,3.01,2026-04-14 14:56:48
335,재난/안전(지진/화재 등),0.81,004440,삼일씨엔에스,테마 편입 사유,7580.0,하락  320,-4.05,7560.0,7610.0,127258.0,969.0,108337.0,,,0.334496,-0.19683295999999983,"5,983.62",175.00,3.01,2026-04-14 14:56:48
513,미용기기,0.45,199550,레이저옵텍 *,테마 편입 사유,5240.0,상승  160,3.15,5230.0,5240.0,29900.0,156.0,30743.0,,,0.212743,-0.19035642999999985,"5,983.62",175.00,3.01,2026-04-14 14:56:48
513,미용기기,0.45,084110,휴온스글로벌 *,테마 편입 사유,54800.0,"상승  1,500",2.81,54100.0,54300.0,24643.0,1334.0,42007.0,,,0.212743,-0.19035642999999985,"5,983.62",175.00,3.01,2026-04-14 14:56:48
513,미용기기,0.45,256840,한국비엔씨 *,테마 편입 사유,3840.0,상승  90,2.4,3835.0,3840.0,342945.0,1316.0,287591.0,,,0.212743,-0.19035642999999985,"5,983.62",175.00,3.01,2026-04-14 14:56:48
513,미용기기,0.45,240550,동방메디컬 *,테마 편입 사유,6550.0,상승  140,2.18,6540.0,6560.0,69121.0,454.0,59968.0,,,0.212743,-0.19035642999999985,"5,983.62",175.00,3.01,2026-04-14 14:56:48
513,미용기기,0.45,462510,라메디텍 *,테마 편입 사유,4915.0,상승  90,1.87,4910.0,4915.0,21495.0,107.0,37642.0,,,0.212743,-0.19035642999999985,"5,983.62",175.00,3.01,2026-04-14 14:56:48
513,미용기기,0.45,214150,클래시스 *,테마 편입 사유,54600.0,상승  800,1.49,54500.0,54700.0,125328.0,6873.0,123165.0,,,0.212743,-0.19035642999999985,"5,983.62",175.00,3.01,2026-04-14 14:56:48
513,미용기기,0.45,000100,유한양행,테마 편입 사유,93300.0,"상승  1,200",1.3,93200.0,93400.0,157745.0,14765.0,136295.0,,,0.212743,-0.19035642999999985,"5,983.62",175.00,3.01,2026-04-14 14:56:48
513,미용기기,0.45,086900,메디톡스 *,테마 편입 사유,101300.0,"상승  1,100",1.1,101100.0,101200.0,20444.0,2074.0,31674.0,,,0.212743,-0.19035642999999985,"5,983.62",175.00,3.01,2026-04-14 14:56:48
513,미용기기,0.45,214450,파마리서치 *,테마 편입 사유,299000.0,"상승  3,000",1.01,298500.0,299000.0,34789.0,10432.0,44445.0,,,0.212743,-0.19035642999999985,"5,983.62",175.00,3.01,2026-04-14 14:56:48
513,미용기기,0.45,216080,제테마 *,테마 편입 사유,7370.0,상승  70,0.96,7420.0,7460.0,112623.0,841.0,84280.0,,,0.212743,-0.19035642999999985,"5,983.62",175.00,3.01,2026-04-14 14:56:48
513,미용기기,0.45,336570,원텍 *,테마 편입 사유,7460.0,상승  40,0.54,7460.0,7470.0,398982.0,2987.0,667350.0,,,0.212743,-0.19035642999999985,"5,983.62",175.00,3.01,2026-04-14 14:56:48
513,미용기기,0.45,200670,휴메딕스 *,테마 편입 사유,33400.0,상승  100,0.3,33450.0,33500.0,36047.0,1213.0,33243.0,,,0.212743,-0.19035642999999985,"5,983.62",175.00,3.01,2026-04-14 14:56:48
513,미용기기,0.45,219750,한국비티비 *,테마 편입 사유,900.0,보합0,0.0,898.0,900.0,15383.0,14.0,55056.0,,,0.212743,-0.19035642999999985,"5,983.62",175.00,3.01,2026-04-14 14:56:48
513,미용기기,0.45,069620,대웅제약,테마 편입 사유,150300.0,하락  800,-0.53,150300.0,150400.0,27806.0,4201.0,36920.0,,,0.212743,-0.19035642999999985,"5,983.62",175.00,3.01,2026-04-14 14:56:48
513,미용기기,0.45,145020,휴젤 *,테마 편입 사유,253000.0,"하락  3,000",-1.17,253000.0,253500.0,37908.0,9715.0,22159.0,,,0.212743,-0.19035642999999985,"5,983.62",175.00,3.01,2026-04-14 14:56:48
513,미용기기,0.45,483650,달바글로벌,테마 편입 사유,184700.0,"하락  3,900",-2.07,185400.0,185500.0,231922.0,43478.0,303398.0,,,0.212743,-0.19035642999999985,"5,983.62",175.00,3.01,2026-04-14 14:56:48
513,미용기기,0.45,450950,아스테라시스 *,테마 편입 사유,11530.0,하락  270,-2.29,11520.0,11580.0,83388.0,969.0,146283.0,,,0.212743,-0.19035642999999985,"5,983.62",175.00,3.01,2026-04-14 14:56:48
513,미용기기,0.45,278470,에이피알,테마 편입 사유,382000.0,"하락  17,500",-4.38,384500.0,385000.0,453615.0,176552.0,286905.0,,,0.212743,-0.19035642999999985,"5,983.62",175.00,3.01,2026-04-14 14:56:48
397,보톡스(보툴리눔톡신),0.51,084110,휴온스글로벌 *,테마 편입 사유,54800.0,"상승  1,500",2.81,54100.0,54300.0,24643.0,1334.0,42007.0,,,0.231463,-0.1867036299999999,"5,983.62",175.00,3.01,2026-04-14 14:56:48
397,보톡스(보툴리눔톡신),0.51,256840,한국비엔씨 *,테마 편입 사유,3840.0,상승  90,2.4,3835.0,3840.0,342945.0,1316.0,287591.0,,,0.231463,-0.1867036299999999,"5,983.62",175.00,3.01,2026-04-14 14:56:48
397,보톡스(보툴리눔톡신),0.51,362320,청담글로벌 *,테마 편입 사유,5120.0,상승  110,2.2,5100.0,5120.0,31449.0,160.0,22775.0,,,0.231463,-0.1867036299999999,"5,983.62",175.00,3.01,2026-04-14 14:56:48
397,보톡스(보툴리눔톡신),0.51,086900,메디톡스 *,테마 편입 사유,101300.0,"상승  1,100",1.1,101100.0,101200.0,20444.0,2074.0,31674.0,,,0.231463,-0.1867036299999999,"5,983.62",175.00,3.01,2026-04-14 14:56:48
397,보톡스(보툴리눔톡신),0.51,214450,파마리서치 *,테마 편입 사유,299000.0,"상승  3,000",1.01,298500.0,299000.0,34789.0,10432.0,44445.0,,,0.231463,-0.1867036299999999,"5,983.62",175.00,3.01,2026-04-14 14:56:48
397,보톡스(보툴리눔톡신),0.51,216080,제테마 *,테마 편입 사유,7370.0,상승  70,0.96,7420.0,7460.0,112623.0,841.0,84280.0,,,0.231463,-0.1867036299999999,"5,983.62",175.00,3.01,2026-04-14 14:56:48
397,보톡스(보툴리눔톡신),0.51,243070,휴온스 *,테마 편입 사유,26250.0,상승  200,0.77,26200.0,26250.0,12061.0,316.0,18916.0,,,0.231463,-0.1867036299999999,"5,983.62",175.00,3.01,2026-04-14 14:56:48
397,보톡스(보툴리눔톡신),0.51,109740,디에스케이 *,테마 편입 사유,5050.0,상승  20,0.4,5020.0,5050.0,66212.0,333.0,43331.0,,,0.231463,-0.1867036299999999,"5,983.62",175.00,3.01,2026-04-14 14:56:48
397,보톡스(보툴리눔톡신),0.51,200670,휴메딕스 *,테마 편입 사유,33400.0,상승  100,0.3,33450.0,33500.0,36047.0,1213.0,33243.0,,,0.231463,-0.1867036299999999,"5,983.62",175.00,3.01,2026-04-14 14:56:48
397,보톡스(보툴리눔톡신),0.51,069620,대웅제약,테마 편입 사유,150300.0,하락  800,-0.53,150300.0,150400.0,27806.0,4201.0,36920.0,,,0.231463,-0.1867036299999999,"5,983.62",175.00,3.01,2026-04-14 14:56:48
397,보톡스(보툴리눔톡신),0.51,145020,휴젤 *,테마 편입 사유,253000.0,"하락  3,000",-1.17,253000.0,253500.0,37908.0,9715.0,22159.0,,,0.231463,-0.1867036299999999,"5,983.62",175.00,3.01,2026-04-14 14:56:48
397,보톡스(보툴리눔톡신),0.51,206650,유바이오로직스 *,테마 편입 사유,12900.0,하락  200,-1.53,12890.0,12900.0,326937.0,4244.0,197152.0,,,0.231463,-0.1867036299999999,"5,983.62",175.00,3.01,2026-04-14 14:56:48
397,보톡스(보툴리눔톡신),0.51,061040,알에프텍 *,테마 편입 사유,2560.0,하락  50,-1.92,2565.0,2570.0,10956344.0,29526.0,11724900.0,,,0.231463,-0.1867036299999999,"5,983.62",175.00,3.01,2026-04-14 14:56:48
332,스마트카(SMART CAR),1.18,012330,현대모비스,테마 편입 사유,405000.0,"상승  13,500",3.45,404000.0,405000.0,149900.0,60820.0,222824.0,,,0.453456,-0.18490256000000005,"5,983.62",175.00,3.01,2026-04-14 14:56:48
332,스마트카(SMART CAR),1.18,204320,HL만도,테마 편입 사유,51100.0,"상승  1,400",2.82,51000.0,51100.0,141170.0,7200.0,186894.0,,,0.453456,-0.18490256000000005,"5,983.62",175.00,3.01,2026-04-14 14:56:48
332,스마트카(SMART CAR),1.18,011070,LG이노텍,테마 편입 사유,371000.0,"상승  9,500",2.63,370000.0,370500.0,133859.0,49235.0,207578.0,,,0.453456,-0.18490256000000005,"5,983.62",175.00,3.01,2026-04-14 14:56:48
332,스마트카(SMART CAR),1.18,053450,세코닉스 *,테마 편입 사유,5320.0,상승  110,2.11,5330.0,5340.0,109493.0,583.0,50291.0,,,0.453456,-0.18490256000000005,"5,983.62",175.00,3.01,2026-04-14 14:56:48
332,스마트카(SMART CAR),1.18,097520,엠씨넥스,테마 편입 사유,22550.0,상승  400,1.81,22400.0,22450.0,28016.0,630.0,47011.0,,,0.453456,-0.18490256000000005,"5,983.62",175.00,3.01,2026-04-14 14:56:48
332,스마트카(SMART CAR),1.18,118990,모트렉스 *,테마 편입 사유,8490.0,상승  120,1.43,8470.0,8480.0,70001.0,594.0,49049.0,,,0.453456,-0.18490256000000005,"5,983.62",175.00,3.01,2026-04-14 14:56:48
332,스마트카(SMART CAR),1.18,089850,유비벨록스 *,테마 편입 사유,5450.0,상승  70,1.3,5440.0,5450.0,16238.0,88.0,25833.0,,,0.453456,-0.18490256000000005,"5,983.62",175.00,3.01,2026-04-14 14:56:48
332,스마트카(SMART CAR),1.18,087260,모바일어플라이언스 *,테마 편입 사유,2030.0,상승  15,0.74,2035.0,2040.0,127253.0,258.0,118971.0,,,0.453456,-0.18490256000000005,"5,983.62",175.00,3.01,2026-04-14 14:56:48
332,스마트카(SMART CAR),1.18,000990,DB하이텍,테마 편입 사유,96900.0,상승  400,0.41,96300.0,96400.0,296490.0,28651.0,273350.0,,,0.453456,-0.18490256000000005,"5,983.62",175.00,3.01,2026-04-14 14:56:48
332,스마트카(SMART CAR),1.18,039290,인포뱅크 *,테마 편입 사유,4865.0,상승  5,0.1,4860.0,4870.0,20531.0,100.0,13420.0,,,0.453456,-0.18490256000000005,"5,983.62",175.00,3.01,2026-04-14 14:56:48
332,스마트카(SMART CAR),1.18,038880,아이에이 *,테마 편입 사유,135.0,보합0,0.0,0.0,0.0,0.0,0.0,0.0,,,0.453456,-0.18490256000000005,"5,983.62",175.00,3.01,2026-04-14 14:56:48
332,스마트카(SMART CAR),1.18,086960,MDS테크 *,테마 편입 사유,1115.0,보합0,0.0,0.0,0.0,0.0,0.0,0.0,,,0.453456,-0.18490256000000005,"5,983.62",175.00,3.01,2026-04-14 14:56:48
332,스마트카(SMART CAR),1.18,352910,오비고 *,테마 편입 사유,4895.0,하락  95,-1.9,4890.0,4895.0,106299.0,528.0,87811.0,,,0.453456,-0.18490256000000005,"5,983.62",175.00,3.01,2026-04-14 14:56:48
379,항공기부품,1.55,274090,켄코아에어로스페이스 *,테마 편입 사유,23900.0,"상승  2,400",11.16,23900.0,23950.0,1676129.0,39777.0,591226.0,,,0.563288,-0.14549687999999983,"5,983.62",175.00,3.01,2026-04-14 14:56:48
379,항공기부품,1.55,067390,아스트 *,테마 편입 사유,809.0,상승  28,3.59,804.0,809.0,3066824.0,2510.0,1778023.0,,,0.563288,-0.14549687999999983,"5,983.62",175.00,3.01,2026-04-14 14:56:48
379,항공기부품,1.55,095190,이엠코리아 *,테마 편입 사유,2485.0,상승  75,3.11,2475.0,2480.0,276256.0,678.0,157119.0,,,0.563288,-0.14549687999999983,"5,983.62",175.00,3.01,2026-04-14 14:56:48
379,항공기부품,1.55,011210,현대위아,테마 편입 사유,79000.0,"상승  2,200",2.86,78900.0,79000.0,92706.0,7290.0,162240.0,,,0.563288,-0.14549687999999983,"5,983.62",175.00,3.01,2026-04-14 14:56:48
379,항공기부품,1.55,003490,대한항공,테마 편입 사유,24550.0,상승  600,2.51,24450.0,24500.0,1600810.0,39097.0,1528777.0,,,0.563288,-0.14549687999999983,"5,983.62",175.00,3.01,2026-04-14 14:56:48
379,항공기부품,1.55,046120,오르비텍 *,테마 편입 사유,10300.0,상승  190,1.88,10330.0,10340.0,1411997.0,14437.0,1302213.0,,,0.563288,-0.14549687999999983,"5,983.62",175.00,3.01,2026-04-14 14:56:48
379,항공기부품,1.55,047810,한국항공우주,테마 편입 사유,193700.0,"상승  1,200",0.62,194200.0,194300.0,314014.0,61093.0,471666.0,,,0.563288,-0.14549687999999983,"5,983.62",175.00,3.01,2026-04-14 14:56:48
379,항공기부품,1.55,034020,두산에너빌리티,테마 편입 사유,99800.0,상승  500,0.5,99700.0,99800.0,1760170.0,176348.0,1746075.0,,,0.563288,-0.14549687999999983,"5,983.62",175.00,3.01,2026-04-14 14:56:48
379,항공기부품,1.55,215090,솔디펜스 *,테마 편입 사유,2665.0,보합0,0.0,2665.0,2670.0,126186.0,339.0,147474.0,,,0.563288,-0.14549687999999983,"5,983.62",175.00,3.01,2026-04-14 14:56:48
379,항공기부품,1.55,079550,LIG디펜스앤에어로스페이스,테마 편입 사유,937000.0,"하락  2,000",-0.21,933000.0,934000.0,345590.0,326020.0,379317.0,,,0.563288,-0.14549687999999983,"5,983.62",175.00,3.01,2026-04-14 14:56:48
379,항공기부품,1.55,012450,한화에어로스페이스,테마 편입 사유,1523000.0,"하락  7,000",-0.46,1521000.0,1522000.0,114754.0,173554.0,259390.0,,,0.563288,-0.14549687999999983,"5,983.62",175.00,3.01,2026-04-14 14:56:48
379,항공기부품,1.55,017960,한국카본,테마 편입 사유,50400.0,하락  300,-0.59,49850.0,49900.0,1081061.0,52512.0,1553824.0,,,0.563288,-0.14549687999999983,"5,983.62",175.00,3.01,2026-04-14 14:56:48
379,항공기부품,1.55,221840,하이즈항공 *,테마 편입 사유,2670.0,하락  45,-1.66,2670.0,2695.0,42040.0,112.0,33558.0,,,0.563288,-0.14549687999999983,"5,983.62",175.00,3.01,2026-04-14 14:56:48
379,항공기부품,1.55,005870,휴니드,테마 편입 사유,8900.0,하락  170,-1.87,8880.0,8890.0,331872.0,2964.0,869916.0,,,0.563288,-0.14549687999999983,"5,983.62",175.00,3.01,2026-04-14 14:56:48
154,건설 대표주,2.23,375500,DL이앤씨,테마 편입 사유,99400.0,"상승  4,900",5.19,98800.0,98900.0,2898613.0,291335.0,1299403.0,,,0.784495,-0.13132995000000003,"5,983.62",175.00,3.01,2026-04-14 14:56:48
154,건설 대표주,2.23,294870,IPARK현대산업개발,테마 편입 사유,22550.0,상승  750,3.44,22400.0,22450.0,242042.0,5430.0,166556.0,,,0.784495,-0.13132995000000003,"5,983.62",175.00,3.01,2026-04-14 14:56:48
154,건설 대표주,2.23,006360,GS건설,테마 편입 사유,37500.0,"상승  1,200",3.31,37100.0,37150.0,3393004.0,125532.0,2880124.0,,,0.784495,-0.13132995000000003,"5,983.62",175.00,3.01,2026-04-14 14:56:48
154,건설 대표주,2.23,028260,삼성물산,테마 편입 사유,297500.0,"상승  8,000",2.76,297000.0,297500.0,351265.0,104759.0,395949.0,,,0.784495,-0.13132995000000003,"5,983.62",175.00,3.01,2026-04-14 14:56:48
154,건설 대표주,2.23,000720,현대건설,테마 편입 사유,177100.0,"상승  1,100",0.63,176900.0,177000.0,1044330.0,184880.0,1047344.0,,,0.784495,-0.13132995000000003,"5,983.62",175.00,3.01,2026-04-14 14:56:48
154,건설 대표주,2.23,047040,대우건설,테마 편입 사유,23600.0,하락  150,-0.63,23600.0,23650.0,28691245.0,678624.0,31603945.0,,,0.784495,-0.13132995000000003,"5,983.62",175.00,3.01,2026-04-14 14:56:48
49,인터넷 대표주,1.85,035720,카카오,테마 편입 사유,48150.0,"상승  1,150",2.45,48200.0,48250.0,948013.0,45959.0,829991.0,,,0.654288,-0.11940687999999966,"5,983.62",175.00,3.01,2026-04-14 14:56:48
49,인터넷 대표주,1.85,035420,NAVER,테마 편입 사유,201500.0,"상승  2,500",1.26,201000.0,201500.0,561860.0,114357.0,514728.0,,,0.654288,-0.11940687999999966,"5,983.62",175.00,3.01,2026-04-14 14:56:48
452,코로나19(음압병실/음압구급차),1.32,053080,케이엔솔 *,테마 편입 사유,13040.0,"상승  1,070",8.94,12930.0,12970.0,546746.0,6998.0,302102.0,,,0.477986,-0.11873785999999997,"5,983.62",175.00,3.01,2026-04-14 14:56:48
452,코로나19(음압병실/음압구급차),1.32,109610,에스와이 *,테마 편입 사유,2940.0,상승  80,2.8,2950.0,2955.0,196072.0,574.0,318114.0,,,0.477986,-0.11873785999999997,"5,983.62",175.00,3.01,2026-04-14 14:56:48
452,코로나19(음압병실/음압구급차),1.32,215380,우정바이오 *,테마 편입 사유,3135.0,상승  50,1.62,3150.0,3160.0,675494.0,2169.0,594591.0,,,0.477986,-0.11873785999999997,"5,983.62",175.00,3.01,2026-04-14 14:56:48
452,코로나19(음압병실/음압구급차),1.32,067570,엔브이에이치코리아 *,테마 편입 사유,2190.0,상승  30,1.39,2190.0,2195.0,47409.0,104.0,72051.0,,,0.477986,-0.11873785999999997,"5,983.62",175.00,3.01,2026-04-14 14:56:48
452,코로나19(음압병실/음압구급차),1.32,130500,GH신소재 *,테마 편입 사유,2580.0,하락  10,-0.39,2575.0,2590.0,26837.0,69.0,58336.0,,,0.477986,-0.11873785999999997,"5,983.62",175.00,3.01,2026-04-14 14:56:48
452,코로나19(음압병실/음압구급차),1.32,067170,오텍 *,테마 편입 사유,2255.0,하락  20,-0.88,2220.0,2225.0,396881.0,893.0,751536.0,,,0.477986,-0.11873785999999997,"5,983.62",175.00,3.01,2026-04-14 14:56:48
452,코로나19(음압병실/음압구급차),1.32,011930,신성이엔지,테마 편입 사유,3740.0,하락  185,-4.71,3740.0,3745.0,35640395.0,137667.0,73720590.0,,,0.477986,-0.11873785999999997,"5,983.62",175.00,3.01,2026-04-14 14:56:48
537,초전도체,1.59,052710,아모텍 *,테마 편입 사유,23200.0,"상승  1,600",7.41,23250.0,23300.0,1245205.0,28952.0,1212031.0,,,0.567394,-0.11785593999999966,"5,983.62",175.00,3.01,2026-04-14 14:56:48
537,초전도체,1.59,045100,한양이엔지 *,테마 편입 사유,33100.0,"상승  2,050",6.6,32950.0,33100.0,188819.0,6141.0,69560.0,,,0.567394,-0.11785593999999966,"5,983.62",175.00,3.01,2026-04-14 14:56:48
537,초전도체,1.59,012170,아센디오,테마 편입 사유,1420.0,상승  73,5.42,1417.0,1420.0,225609.0,316.0,594425.0,,,0.567394,-0.11785593999999966,"5,983.62",175.00,3.01,2026-04-14 14:56:48
537,초전도체,1.59,010120,LS ELECTRIC,테마 편입 사유,186200.0,"상승  7,000",3.91,186000.0,186100.0,2060361.0,388852.0,2572650.0,,,0.567394,-0.11785593999999966,"5,983.62",175.00,3.01,2026-04-14 14:56:48
537,초전도체,1.59,047310,파워로직스 *,테마 편입 사유,5180.0,상승  140,2.78,5190.0,5220.0,368271.0,1903.0,472512.0,,,0.567394,-0.11785593999999966,"5,983.62",175.00,3.01,2026-04-14 14:56:48
537,초전도체,1.59,250060,모비스 *,테마 편입 사유,4860.0,상승  75,1.57,4875.0,4880.0,1056444.0,5257.0,1008338.0,,,0.567394,-0.11785593999999966,"5,983.62",175.00,3.01,2026-04-14 14:56:48
537,초전도체,1.59,065350,신성델타테크 *,테마 편입 사유,56500.0,상승  700,1.25,56600.0,56700.0,57098.0,3247.0,94257.0,,,0.567394,-0.11785593999999966,"5,983.62",175.00,3.01,2026-04-14 14:56:48
537,초전도체,1.59,217820,원익피앤이 *,테마 편입 사유,3260.0,상승  25,0.77,3250.0,3255.0,169561.0,555.0,144594.0,,,0.567394,-0.11785593999999966,"5,983.62",175.00,3.01,2026-04-14 14:56:48
537,초전도체,1.59,042370,비츠로테크 *,테마 편입 사유,12510.0,상승  90,0.72,12500.0,12510.0,609241.0,7648.0,814127.0,,,0.567394,-0.11785593999999966,"5,983.62",175.00,3.01,2026-04-14 14:56:48
537,초전도체,1.59,004830,덕성,테마 편입 사유,4690.0,상승  25,0.54,4665.0,4685.0,92225.0,433.0,118375.0,,,0.567394,-0.11785593999999966,"5,983.62",175.00,3.01,2026-04-14 14:56:48
537,초전도체,1.59,065130,탑엔지니어링 *,테마 편입 사유,3205.0,하락  5,-0.16,3205.0,3215.0,31933.0,102.0,25685.0,,,0.567394,-0.11785593999999966,"5,983.62",175.00,3.01,2026-04-14 14:56:48
537,초전도체,1.59,037330,인지디스플레 *,테마 편입 사유,1517.0,하락  3,-0.2,1511.0,1519.0,97502.0,147.0,371257.0,,,0.567394,-0.11785593999999966,"5,983.62",175.00,3.01,2026-04-14 14:56:48
537,초전도체,1.59,002240,고려제강,테마 편입 사유,22550.0,하락  50,-0.22,22550.0,22600.0,30755.0,694.0,59791.0,,,0.567394,-0.11785593999999966,"5,983.62",175.00,3.01,2026-04-14 14:56:48
537,초전도체,1.59,023800,인지컨트롤스,테마 편입 사유,7630.0,하락  50,-0.65,7600.0,7620.0,107151.0,827.0,180679.0,,,0.567394,-0.11785593999999966,"5,983.62",175.00,3.01,2026-04-14 14:56:48
537,초전도체,1.59,294630,서남 *,테마 편입 사유,4270.0,하락  300,-6.56,4290.0,4295.0,1373693.0,5989.0,3707324.0,,,0.567394,-0.11785593999999966,"5,983.62",175.00,3.01,2026-04-14 14:56:48
592,부동산 보유 자산주,1.39,139480,이마트,테마 편입 사유,97600.0,"상승  5,000",5.4,96800.0,96900.0,221080.0,21227.0,207420.0,,,0.5,-0.11499999999999999,"5,983.62",175.00,3.01,2026-04-14 14:56:48
592,부동산 보유 자산주,1.39,006730,서부T&D *,테마 편입 사유,13540.0,상승  500,3.83,13460.0,13470.0,506913.0,6785.0,438880.0,,,0.5,-0.11499999999999999,"5,983.62",175.00,3.01,2026-04-14 14:56:48
592,부동산 보유 자산주,1.39,010780,아이에스동서,테마 편입 사유,28450.0,"상승  1,050",3.83,28450.0,28500.0,40262.0,1141.0,44541.0,,,0.5,-0.11499999999999999,"5,983.62",175.00,3.01,2026-04-14 14:56:48
592,부동산 보유 자산주,1.39,000050,경방,테마 편입 사유,9690.0,상승  350,3.75,9610.0,9640.0,88852.0,848.0,31922.0,,,0.5,-0.11499999999999999,"5,983.62",175.00,3.01,2026-04-14 14:56:48
592,부동산 보유 자산주,1.39,294870,IPARK현대산업개발,테마 편입 사유,22550.0,상승  750,3.44,22400.0,22450.0,242042.0,5430.0,166556.0,,,0.5,-0.11499999999999999,"5,983.62",175.00,3.01,2026-04-14 14:56:48
592,부동산 보유 자산주,1.39,003200,일신방직,테마 편입 사유,12280.0,상승  290,2.42,12210.0,12230.0,13786.0,168.0,18710.0,,,0.5,-0.11499999999999999,"5,983.62",175.00,3.01,2026-04-14 14:56:48
592,부동산 보유 자산주,1.39,029530,신도리코,테마 편입 사유,50900.0,"상승  1,050",2.11,50900.0,51000.0,3108.0,156.0,6789.0,,,0.5,-0.11499999999999999,"5,983.62",175.00,3.01,2026-04-14 14:56:48
592,부동산 보유 자산주,1.39,003380,하림지주 *,테마 편입 사유,13640.0,상승  270,2.02,13610.0,13630.0,676937.0,9266.0,1103758.0,,,0.5,-0.11499999999999999,"5,983.62",175.00,3.01,2026-04-14 14:56:48
592,부동산 보유 자산주,1.39,003610,방림,테마 편입 사유,5220.0,상승  80,1.56,5160.0,5170.0,58235.0,300.0,18033.0,,,0.5,-0.11499999999999999,"5,983.62",175.00,3.01,2026-04-14 14:56:48
592,부동산 보유 자산주,1.39,067830,세이브존I&C,테마 편입 사유,3035.0,상승  40,1.34,3020.0,3030.0,111536.0,336.0,71200.0,,,0.5,-0.11499999999999999,"5,983.62",175.00,3.01,2026-04-14 14:56:48
592,부동산 보유 자산주,1.39,009070,KCTC,테마 편입 사유,6320.0,상승  80,1.28,6320.0,6330.0,188028.0,1190.0,399865.0,,,0.5,-0.11499999999999999,"5,983.62",175.00,3.01,2026-04-14 14:56:48
592,부동산 보유 자산주,1.39,084670,동양고속,테마 편입 사유,40850.0,상승  450,1.11,40800.0,40950.0,11197.0,457.0,9695.0,,,0.5,-0.11499999999999999,"5,983.62",175.00,3.01,2026-04-14 14:56:48
592,부동산 보유 자산주,1.39,005300,롯데칠성,테마 편입 사유,118200.0,"상승  1,100",0.94,118300.0,118400.0,14037.0,1648.0,14494.0,,,0.5,-0.11499999999999999,"5,983.62",175.00,3.01,2026-04-14 14:56:48
592,부동산 보유 자산주,1.39,004170,신세계,테마 편입 사유,346000.0,"상승  3,000",0.87,346500.0,347000.0,31004.0,10717.0,50890.0,,,0.5,-0.11499999999999999,"5,983.62",175.00,3.01,2026-04-14 14:56:48
592,부동산 보유 자산주,1.39,001460,BYC,테마 편입 사유,48650.0,상승  200,0.41,48550.0,48650.0,1316.0,63.0,1356.0,,,0.5,-0.11499999999999999,"5,983.62",175.00,3.01,2026-04-14 14:56:48
592,부동산 보유 자산주,1.39,006040,동원산업,테마 편입 사유,38550.0,상승  100,0.26,38550.0,38600.0,47281.0,1825.0,43247.0,,,0.5,-0.11499999999999999,"5,983.62",175.00,3.01,2026-04-14 14:56:48
592,부동산 보유 자산주,1.39,005800,신영와코루,테마 편입 사유,15120.0,상승  20,0.13,15060.0,15120.0,7746.0,116.0,3175.0,,,0.5,-0.11499999999999999,"5,983.62",175.00,3.01,2026-04-14 14:56:48
592,부동산 보유 자산주,1.39,038500,삼표시멘트 *,테마 편입 사유,16810.0,상승  10,0.06,16920.0,16930.0,3608055.0,60782.0,3098398.0,,,0.5,-0.11499999999999999,"5,983.62",175.00,3.01,2026-04-14 14:56:48
592,부동산 보유 자산주,1.39,004060,SG세계물산,테마 편입 사유,489.0,보합0,0.0,0.0,0.0,0.0,0.0,0.0,,,0.5,-0.11499999999999999,"5,983.62",175.00,3.01,2026-04-14 14:56:48
592,부동산 보유 자산주,1.39,000650,천일고속,테마 편입 사유,219500.0,하락  500,-0.23,218500.0,220500.0,1613.0,356.0,1305.0,,,0.5,-0.11499999999999999,"5,983.62",175.00,3.01,2026-04-14 14:56:48
592,부동산 보유 자산주,1.39,128820,대성산업,테마 편입 사유,7240.0,하락  60,-0.82,7280.0,7290.0,345684.0,2517.0,783071.0,,,0.5,-0.11499999999999999,"5,983.62",175.00,3.01,2026-04-14 14:56:48
592,부동산 보유 자산주,1.39,001530,DI동일,테마 편입 사유,23600.0,하락  600,-2.48,23600.0,23650.0,51705.0,1242.0,124926.0,,,0.5,-0.11499999999999999,"5,983.62",175.00,3.01,2026-04-14 14:56:48
141,종합 물류,0.52,086280,현대글로비스,테마 편입 사유,219000.0,"상승  7,000",3.3,218500.0,219000.0,104800.0,22978.0,129728.0,,,0.204126,-0.0944192599999999,"5,983.62",175.00,3.01,2026-04-14 14:56:48
141,종합 물류,0.52,040610,SG&G *,테마 편입 사유,2110.0,상승  30,1.44,2100.0,2105.0,70293.0,148.0,25744.0,,,0.204126,-0.0944192599999999,"5,983.62",175.00,3.01,2026-04-14 14:56:48
141,종합 물류,0.52,009070,KCTC,테마 편입 사유,6320.0,상승  80,1.28,6320.0,6330.0,188028.0,1190.0,399865.0,,,0.204126,-0.0944192599999999,"5,983.62",175.00,3.01,2026-04-14 14:56:48
141,종합 물류,0.52,003100,선광 *,테마 편입 사유,20900.0,상승  250,1.21,20850.0,20900.0,21525.0,450.0,47171.0,,,0.204126,-0.0944192599999999,"5,983.62",175.00,3.01,2026-04-14 14:56:48
141,종합 물류,0.52,004360,세방,테마 편입 사유,15060.0,상승  170,1.14,15010.0,15030.0,62786.0,943.0,34539.0,,,0.204126,-0.0944192599999999,"5,983.62",175.00,3.01,2026-04-14 14:56:48
141,종합 물류,0.52,014130,한익스프레스,테마 편입 사유,2735.0,상승  30,1.11,2730.0,2735.0,13682.0,37.0,18260.0,,,0.204126,-0.0944192599999999,"5,983.62",175.00,3.01,2026-04-14 14:56:48
141,종합 물류,0.52,124560,태웅로직스 *,테마 편입 사유,2800.0,상승  25,0.9,2800.0,2805.0,114767.0,320.0,144491.0,,,0.204126,-0.0944192599999999,"5,983.62",175.00,3.01,2026-04-14 14:56:48
141,종합 물류,0.52,002320,한진,테마 편입 사유,19320.0,상승  130,0.68,19340.0,19380.0,11752.0,226.0,10365.0,,,0.204126,-0.0944192599999999,"5,983.62",175.00,3.01,2026-04-14 14:56:48
141,종합 물류,0.52,024800,유성티엔에스 *,테마 편입 사유,4060.0,상승  25,0.62,4050.0,4055.0,60935.0,248.0,35485.0,,,0.204126,-0.0944192599999999,"5,983.62",175.00,3.01,2026-04-14 14:56:48
141,종합 물류,0.52,000120,CJ대한통운,테마 편입 사유,103700.0,상승  600,0.58,103400.0,103600.0,76264.0,7878.0,74288.0,,,0.204126,-0.0944192599999999,"5,983.62",175.00,3.01,2026-04-14 14:56:48
141,종합 물류,0.52,033290,로젠 *,테마 편입 사유,2075.0,상승  10,0.48,2070.0,2075.0,34563.0,72.0,27852.0,,,0.204126,-0.0944192599999999,"5,983.62",175.00,3.01,2026-04-14 14:56:48
141,종합 물류,0.52,129260,인터지스,테마 편입 사유,2460.0,상승  5,0.2,2455.0,2465.0,48003.0,117.0,72169.0,,,0.204126,-0.0944192599999999,"5,983.62",175.00,3.01,2026-04-14 14:56:48
141,종합 물류,0.52,009180,한솔로지스틱스,테마 편입 사유,3185.0,보합0,0.0,3180.0,3185.0,152465.0,487.0,134389.0,,,0.204126,-0.0944192599999999,"5,983.62",175.00,3.01,2026-04-14 14:56:48
141,종합 물류,0.52,032280,삼일 *,테마 편입 사유,1420.0,하락  2,-0.14,1419.0,1420.0,27915.0,39.0,25050.0,,,0.204126,-0.0944192599999999,"5,983.62",175.00,3.01,2026-04-14 14:56:48
141,종합 물류,0.52,004140,동방,테마 편입 사유,2980.0,하락  25,-0.83,2975.0,2985.0,1552438.0,4641.0,3213582.0,,,0.204126,-0.0944192599999999,"5,983.62",175.00,3.01,2026-04-14 14:56:48
141,종합 물류,0.52,465770,STX그린로지스,테마 편입 사유,6080.0,하락  190,-3.03,6060.0,6080.0,200799.0,1225.0,628142.0,,,0.204126,-0.0944192599999999,"5,983.62",175.00,3.01,2026-04-14 14:56:48
501,리비안(RIVIAN),1.04,354320,알멕 *,테마 편입 사유,88100.0,"상승  6,800",8.36,88600.0,88700.0,428415.0,35817.0,604683.0,,,0.374867,-0.08834966999999994,"5,983.62",175.00,3.01,2026-04-14 14:56:48
501,리비안(RIVIAN),1.04,204320,HL만도,테마 편입 사유,51100.0,"상승  1,400",2.82,51000.0,51100.0,141170.0,7200.0,186894.0,,,0.374867,-0.08834966999999994,"5,983.62",175.00,3.01,2026-04-14 14:56:48
501,리비안(RIVIAN),1.04,128540,에코캡 *,테마 편입 사유,1838.0,상승  48,2.68,1833.0,1838.0,52049.0,95.0,68460.0,,,0.374867,-0.08834966999999994,"5,983.62",175.00,3.01,2026-04-14 14:56:48
501,리비안(RIVIAN),1.04,215360,우리산업 *,테마 편입 사유,8840.0,상승  230,2.67,8790.0,8810.0,27739.0,243.0,10327.0,,,0.374867,-0.08834966999999994,"5,983.62",175.00,3.01,2026-04-14 14:56:48
501,리비안(RIVIAN),1.04,222080,씨아이에스 *,테마 편입 사유,12080.0,상승  250,2.11,12100.0,12110.0,895040.0,10863.0,1046958.0,,,0.374867,-0.08834966999999994,"5,983.62",175.00,3.01,2026-04-14 14:56:48
501,리비안(RIVIAN),1.04,234100,폴라리스세원 *,테마 편입 사유,1049.0,상승  18,1.75,1047.0,1050.0,517800.0,542.0,269348.0,,,0.374867,-0.08834966999999994,"5,983.62",175.00,3.01,2026-04-14 14:56:48
501,리비안(RIVIAN),1.04,043370,피에이치에이 *,테마 편입 사유,12820.0,상승  170,1.34,12790.0,12830.0,17503.0,224.0,16529.0,,,0.374867,-0.08834966999999994,"5,983.62",175.00,3.01,2026-04-14 14:56:48
501,리비안(RIVIAN),1.04,240600,유진테크놀로지 *,테마 편입 사유,3430.0,상승  45,1.33,3405.0,3415.0,16607.0,56.0,13348.0,,,0.374867,-0.08834966999999994,"5,983.62",175.00,3.01,2026-04-14 14:56:48
501,리비안(RIVIAN),1.04,013570,디와이,테마 편입 사유,4965.0,상승  60,1.22,4965.0,4975.0,141042.0,697.0,44928.0,,,0.374867,-0.08834966999999994,"5,983.62",175.00,3.01,2026-04-14 14:56:48
501,리비안(RIVIAN),1.04,024890,대원화성,테마 편입 사유,781.0,상승  9,1.17,779.0,781.0,87491.0,67.0,49800.0,,,0.374867,-0.08834966999999994,"5,983.62",175.00,3.01,2026-04-14 14:56:48
501,리비안(RIVIAN),1.04,002880,대유에이텍,테마 편입 사유,898.0,상승  10,1.13,896.0,897.0,96601.0,86.0,110667.0,,,0.374867,-0.08834966999999994,"5,983.62",175.00,3.01,2026-04-14 14:56:48
501,리비안(RIVIAN),1.04,012860,모베이스전자 *,테마 편입 사유,3530.0,상승  35,1.0,3535.0,3545.0,1002377.0,3555.0,1180824.0,,,0.374867,-0.08834966999999994,"5,983.62",175.00,3.01,2026-04-14 14:56:48
501,리비안(RIVIAN),1.04,075970,동국알앤에스 *,테마 편입 사유,2265.0,상승  20,0.89,2255.0,2260.0,105420.0,236.0,133390.0,,,0.374867,-0.08834966999999994,"5,983.62",175.00,3.01,2026-04-14 14:56:48
501,리비안(RIVIAN),1.04,125210,아모그린텍 *,테마 편입 사유,9620.0,상승  60,0.63,9630.0,9650.0,434143.0,4335.0,535620.0,,,0.374867,-0.08834966999999994,"5,983.62",175.00,3.01,2026-04-14 14:56:48
501,리비안(RIVIAN),1.04,017370,우신시스템,테마 편입 사유,5860.0,상승  30,0.51,5860.0,5870.0,17492.0,102.0,28114.0,,,0.374867,-0.08834966999999994,"5,983.62",175.00,3.01,2026-04-14 14:56:48
501,리비안(RIVIAN),1.04,137400,피엔티 *,테마 편입 사유,49950.0,상승  100,0.2,49950.0,50000.0,121229.0,6086.0,145105.0,,,0.374867,-0.08834966999999994,"5,983.62",175.00,3.01,2026-04-14 14:56:48
501,리비안(RIVIAN),1.04,004270,남성,테마 편입 사유,753.0,보합0,0.0,0.0,0.0,0.0,0.0,0.0,,,0.374867,-0.08834966999999994,"5,983.62",175.00,3.01,2026-04-14 14:56:48
501,리비안(RIVIAN),1.04,006400,삼성SDI,테마 편입 사유,471500.0,"하락  6,000",-1.26,470000.0,470500.0,763473.0,362016.0,482539.0,,,0.374867,-0.08834966999999994,"5,983.62",175.00,3.01,2026-04-14 14:56:48
501,리비안(RIVIAN),1.04,091580,상신이디피 *,테마 편입 사유,21000.0,하락  300,-1.41,20900.0,20950.0,265011.0,5562.0,264995.0,,,0.374867,-0.08834966999999994,"5,983.62",175.00,3.01,2026-04-14 14:56:48
501,리비안(RIVIAN),1.04,002710,TCC스틸,테마 편입 사유,16600.0,하락  380,-2.24,16600.0,16610.0,310438.0,5153.0,486825.0,,,0.374867,-0.08834966999999994,"5,983.62",175.00,3.01,2026-04-14 14:56:48
501,리비안(RIVIAN),1.04,047050,포스코인터내셔널,테마 편입 사유,72300.0,"하락  2,500",-3.34,72200.0,72300.0,954806.0,68964.0,644015.0,,,0.374867,-0.08834966999999994,"5,983.62",175.00,3.01,2026-04-14 14:56:48
504,요소수,0.17,001390,KG케미칼,테마 편입 사유,5770.0,상승  110,1.94,5710.0,5720.0,721061.0,4100.0,929458.0,,,0.079321,-0.06875620999999998,"5,983.62",175.00,3.01,2026-04-14 14:56:48
504,요소수,0.17,004000,롯데정밀화학,테마 편입 사유,51600.0,상승  900,1.78,51300.0,51400.0,43440.0,2221.0,41048.0,,,0.079321,-0.06875620999999998,"5,983.62",175.00,3.01,2026-04-14 14:56:48
504,요소수,0.17,069260,TKG휴켐스,테마 편입 사유,17740.0,상승  160,0.91,17740.0,17750.0,79109.0,1401.0,92031.0,,,0.079321,-0.06875620999999998,"5,983.62",175.00,3.01,2026-04-14 14:56:48
504,요소수,0.17,000910,유니온,테마 편입 사유,4460.0,하락  10,-0.22,4445.0,4450.0,108090.0,480.0,232443.0,,,0.079321,-0.06875620999999998,"5,983.62",175.00,3.01,2026-04-14 14:56:48
504,요소수,0.17,047400,유니온머티리얼,테마 편입 사유,1743.0,하락  50,-2.79,1733.0,1738.0,1623375.0,2843.0,3093721.0,,,0.079321,-0.06875620999999998,"5,983.62",175.00,3.01,2026-04-14 14:56:48
500,폐배터리,1.83,377330,이지트로닉스 *,테마 편입 사유,3760.0,상승  270,7.74,3735.0,3745.0,116255.0,437.0,13698.0,,,0.624483,-0.04969382999999983,"5,983.62",175.00,3.01,2026-04-14 14:56:48
500,폐배터리,1.83,267320,나인테크 *,테마 편입 사유,3110.0,상승  115,3.84,3100.0,3110.0,793844.0,2452.0,490830.0,,,0.624483,-0.04969382999999983,"5,983.62",175.00,3.01,2026-04-14 14:56:48
500,폐배터리,1.83,010780,아이에스동서,테마 편입 사유,28450.0,"상승  1,050",3.83,28450.0,28500.0,40262.0,1141.0,44541.0,,,0.624483,-0.04969382999999983,"5,983.62",175.00,3.01,2026-04-14 14:56:48
500,폐배터리,1.83,265560,영화테크 *,테마 편입 사유,9300.0,상승  340,3.79,9260.0,9280.0,82530.0,761.0,57124.0,,,0.624483,-0.04969382999999983,"5,983.62",175.00,3.01,2026-04-14 14:56:48
500,폐배터리,1.83,060150,인선이엔티 *,테마 편입 사유,4380.0,상승  135,3.18,4345.0,4350.0,290656.0,1267.0,62626.0,,,0.624483,-0.04969382999999983,"5,983.62",175.00,3.01,2026-04-14 14:56:48
500,폐배터리,1.83,005380,현대차,테마 편입 사유,493000.0,"상승  14,500",3.03,493000.0,493500.0,705274.0,349639.0,637565.0,,,0.624483,-0.04969382999999983,"5,983.62",175.00,3.01,2026-04-14 14:56:48
500,폐배터리,1.83,047310,파워로직스 *,테마 편입 사유,5180.0,상승  140,2.78,5190.0,5220.0,368271.0,1903.0,472512.0,,,0.624483,-0.04969382999999983,"5,983.62",175.00,3.01,2026-04-14 14:56:48
500,폐배터리,1.83,256940,킵스파마 *,테마 편입 사유,8550.0,상승  230,2.76,8560.0,8570.0,64424.0,553.0,73608.0,,,0.624483,-0.04969382999999983,"5,983.62",175.00,3.01,2026-04-14 14:56:48
500,폐배터리,1.83,299030,하나기술 *,테마 편입 사유,26700.0,상승  300,1.14,26700.0,26800.0,11295.0,302.0,17111.0,,,0.624483,-0.04969382999999983,"5,983.62",175.00,3.01,2026-04-14 14:56:48
500,폐배터리,1.83,076080,웰크론한텍 *,테마 편입 사유,1269.0,상승  14,1.12,1266.0,1270.0,83014.0,105.0,191486.0,,,0.624483,-0.04969382999999983,"5,983.62",175.00,3.01,2026-04-14 14:56:48
500,폐배터리,1.83,004250,NPC,테마 편입 사유,4050.0,상승  45,1.12,4015.0,4030.0,77409.0,311.0,84519.0,,,0.624483,-0.04969382999999983,"5,983.62",175.00,3.01,2026-04-14 14:56:48
500,폐배터리,1.83,365340,성일하이텍 *,테마 편입 사유,64700.0,상승  700,1.09,64400.0,64500.0,52119.0,3332.0,58057.0,,,0.624483,-0.04969382999999983,"5,983.62",175.00,3.01,2026-04-14 14:56:48
500,폐배터리,1.83,107600,새빗켐 *,테마 편입 사유,28000.0,상승  250,0.9,27900.0,28050.0,24808.0,696.0,19913.0,,,0.624483,-0.04969382999999983,"5,983.62",175.00,3.01,2026-04-14 14:56:48
500,폐배터리,1.83,217820,원익피앤이 *,테마 편입 사유,3260.0,상승  25,0.77,3250.0,3255.0,169561.0,555.0,144594.0,,,0.624483,-0.04969382999999983,"5,983.62",175.00,3.01,2026-04-14 14:56:48
500,폐배터리,1.83,086520,에코프로 *,테마 편입 사유,144700.0,"상승  1,000",0.7,145000.0,145100.0,520300.0,75908.0,822112.0,,,0.624483,-0.04969382999999983,"5,983.62",175.00,3.01,2026-04-14 14:56:48
500,폐배터리,1.83,005490,POSCO홀딩스,테마 편입 사유,361500.0,"상승  1,500",0.42,361000.0,361500.0,186184.0,67648.0,284457.0,,,0.624483,-0.04969382999999983,"5,983.62",175.00,3.01,2026-04-14 14:56:48
500,폐배터리,1.83,096770,SK이노베이션,테마 편입 사유,121300.0,하락  200,-0.16,121200.0,121300.0,333671.0,40496.0,345810.0,,,0.624483,-0.04969382999999983,"5,983.62",175.00,3.01,2026-04-14 14:56:48
500,폐배터리,1.83,373220,LG에너지솔루션,테마 편입 사유,400000.0,"하락  1,500",-0.37,400000.0,400500.0,230914.0,92886.0,218403.0,,,0.624483,-0.04969382999999983,"5,983.62",175.00,3.01,2026-04-14 14:56:48
500,폐배터리,1.83,005420,코스모화학,테마 편입 사유,15650.0,하락  100,-0.63,15660.0,15670.0,159331.0,2508.0,153057.0,,,0.624483,-0.04969382999999983,"5,983.62",175.00,3.01,2026-04-14 14:56:48
500,폐배터리,1.83,017860,DS단석,테마 편입 사유,19040.0,하락  180,-0.94,19010.0,19030.0,106626.0,2022.0,130708.0,,,0.624483,-0.04969382999999983,"5,983.62",175.00,3.01,2026-04-14 14:56:48
400,조림사업,0.52,034730,SK,테마 편입 사유,361000.0,"상승  11,500",3.29,361000.0,361500.0,143894.0,52013.0,130839.0,,,0.186854,-0.042430539999999906,"5,983.62",175.00,3.01,2026-04-14 14:56:48
400,조림사업,0.52,025950,동신건설 *,테마 편입 사유,16940.0,상승  530,3.23,16910.0,16980.0,149247.0,2564.0,57328.0,,,0.186854,-0.042430539999999906,"5,983.62",175.00,3.01,2026-04-14 14:56:48
400,조림사업,0.52,009580,무림P&P,테마 편입 사유,2860.0,상승  60,2.14,2840.0,2850.0,414293.0,1174.0,444138.0,,,0.186854,-0.042430539999999906,"5,983.62",175.00,3.01,2026-04-14 14:56:48
400,조림사업,0.52,039020,이건홀딩스 *,테마 편입 사유,3380.0,상승  55,1.65,3375.0,3385.0,43678.0,146.0,41683.0,,,0.186854,-0.042430539999999906,"5,983.62",175.00,3.01,2026-04-14 14:56:48
400,조림사업,0.52,043910,자연과환경 *,테마 편입 사유,482.0,상승  6,1.26,480.0,482.0,324601.0,156.0,253576.0,,,0.186854,-0.042430539999999906,"5,983.62",175.00,3.01,2026-04-14 14:56:48
400,조림사업,0.52,097870,효성오앤비 *,테마 편입 사유,6770.0,상승  40,0.59,6760.0,6780.0,2439496.0,17395.0,1493063.0,,,0.186854,-0.042430539999999906,"5,983.62",175.00,3.01,2026-04-14 14:56:48
400,조림사업,0.52,008250,이건산업,테마 편입 사유,4035.0,상승  20,0.5,4040.0,4050.0,20020.0,80.0,29325.0,,,0.186854,-0.042430539999999906,"5,983.62",175.00,3.01,2026-04-14 14:56:48
400,조림사업,0.52,000180,성창기업지주,테마 편입 사유,1440.0,보합0,0.0,0.0,0.0,0.0,0.0,0.0,,,0.186854,-0.042430539999999906,"5,983.62",175.00,3.01,2026-04-14 14:56:48
400,조림사업,0.52,025750,한솔홈데코,테마 편입 사유,539.0,보합0,0.0,0.0,0.0,0.0,0.0,0.0,,,0.186854,-0.042430539999999906,"5,983.62",175.00,3.01,2026-04-14 14:56:48
400,조림사업,0.52,002820,SUN&L,테마 편입 사유,2320.0,하락  40,-1.69,2320.0,2325.0,9718.0,22.0,14860.0,,,0.186854,-0.042430539999999906,"5,983.62",175.00,3.01,2026-04-14 14:56:48
400,조림사업,0.52,137950,제이씨케미칼 *,테마 편입 사유,4460.0,하락  225,-4.8,4460.0,4465.0,851924.0,3801.0,3621555.0,,,0.186854,-0.042430539999999906,"5,983.62",175.00,3.01,2026-04-14 14:56:48
123,전력설비,2.28,054220,비츠로시스 *,테마 편입 사유,561.0,상승  43,8.3,560.0,562.0,1641885.0,910.0,455898.0,,,0.770416,-0.03895216000000001,"5,983.62",175.00,3.01,2026-04-14 14:56:48
123,전력설비,2.28,062040,산일전기,테마 편입 사유,186500.0,"상승  13,600",7.87,185800.0,186000.0,1234800.0,222634.0,1250177.0,,,0.770416,-0.03895216000000001,"5,983.62",175.00,3.01,2026-04-14 14:56:48
123,전력설비,2.28,267260,HD현대일렉트릭,테마 편입 사유,1062000.0,"상승  55,000",5.46,1066000.0,1067000.0,159835.0,168453.0,112646.0,,,0.770416,-0.03895216000000001,"5,983.62",175.00,3.01,2026-04-14 14:56:48
123,전력설비,2.28,015760,한국전력,테마 편입 사유,44400.0,"상승  2,200",5.21,44250.0,44300.0,2791773.0,124090.0,1713524.0,,,0.770416,-0.03895216000000001,"5,983.62",175.00,3.01,2026-04-14 14:56:48
123,전력설비,2.28,006910,보성파워텍 *,테마 편입 사유,10070.0,상승  430,4.46,9920.0,9930.0,2377075.0,23633.0,1039621.0,,,0.770416,-0.03895216000000001,"5,983.62",175.00,3.01,2026-04-14 14:56:48
123,전력설비,2.28,000500,가온전선,테마 편입 사유,106300.0,"상승  4,000",3.91,106800.0,107000.0,39125.0,4103.0,45478.0,,,0.770416,-0.03895216000000001,"5,983.62",175.00,3.01,2026-04-14 14:56:48
123,전력설비,2.28,010120,LS ELECTRIC,테마 편입 사유,186200.0,"상승  7,000",3.91,186000.0,186100.0,2060361.0,388852.0,2572650.0,,,0.770416,-0.03895216000000001,"5,983.62",175.00,3.01,2026-04-14 14:56:48
123,전력설비,2.28,119850,지엔씨에너지 *,테마 편입 사유,34850.0,"상승  1,300",3.87,34750.0,34800.0,182696.0,6343.0,69575.0,,,0.770416,-0.03895216000000001,"5,983.62",175.00,3.01,2026-04-14 14:56:48
123,전력설비,2.28,130660,한전산업,테마 편입 사유,18790.0,상승  680,3.75,18780.0,18790.0,301686.0,5637.0,197215.0,,,0.770416,-0.03895216000000001,"5,983.62",175.00,3.01,2026-04-14 14:56:48
123,전력설비,2.28,199820,제일일렉트릭 *,테마 편입 사유,10650.0,상승  360,3.5,10620.0,10650.0,234130.0,2477.0,171343.0,,,0.770416,-0.03895216000000001,"5,983.62",175.00,3.01,2026-04-14 14:56:48
123,전력설비,2.28,006260,LS,테마 편입 사유,303500.0,"상승  10,000",3.41,303000.0,304000.0,166463.0,50159.0,209675.0,,,0.770416,-0.03895216000000001,"5,983.62",175.00,3.01,2026-04-14 14:56:48
123,전력설비,2.28,038460,바이오스마트 *,테마 편입 사유,4325.0,상승  120,2.85,4325.0,4340.0,368670.0,1593.0,275480.0,,,0.770416,-0.03895216000000001,"5,983.62",175.00,3.01,2026-04-14 14:56:48
123,전력설비,2.28,388050,지투파워 *,테마 편입 사유,12860.0,상승  330,2.63,12890.0,12900.0,1738422.0,22524.0,649607.0,,,0.770416,-0.03895216000000001,"5,983.62",175.00,3.01,2026-04-14 14:56:48
123,전력설비,2.28,189860,서전기전 *,테마 편입 사유,5540.0,상승  140,2.59,5520.0,5540.0,184626.0,1022.0,199899.0,,,0.770416,-0.03895216000000001,"5,983.62",175.00,3.01,2026-04-14 14:56:48
123,전력설비,2.28,237750,피앤씨테크 *,테마 편입 사유,4645.0,상승  110,2.43,4655.0,4675.0,29707.0,136.0,9285.0,,,0.770416,-0.03895216000000001,"5,983.62",175.00,3.01,2026-04-14 14:56:48
123,전력설비,2.28,147830,제룡산업 *,테마 편입 사유,7830.0,상승  170,2.22,7840.0,7850.0,192485.0,1503.0,147399.0,,,0.770416,-0.03895216000000001,"5,983.62",175.00,3.01,2026-04-14 14:56:48
123,전력설비,2.28,103590,일진전기,테마 편입 사유,84800.0,"상승  1,800",2.17,84800.0,84900.0,473990.0,40033.0,496714.0,,,0.770416,-0.03895216000000001,"5,983.62",175.00,3.01,2026-04-14 14:56:48
123,전력설비,2.28,006340,대원전선,테마 편입 사유,5520.0,상승  110,2.03,5500.0,5510.0,2156847.0,11892.0,3445820.0,,,0.770416,-0.03895216000000001,"5,983.62",175.00,3.01,2026-04-14 14:56:48
123,전력설비,2.28,229640,LS에코에너지,테마 편입 사유,44450.0,상승  850,1.95,44450.0,44500.0,256721.0,11389.0,272598.0,,,0.770416,-0.03895216000000001,"5,983.62",175.00,3.01,2026-04-14 14:56:48
123,전력설비,2.28,051600,한전KPS,테마 편입 사유,58200.0,"상승  1,000",1.75,58100.0,58300.0,130103.0,7553.0,137129.0,,,0.770416,-0.03895216000000001,"5,983.62",175.00,3.01,2026-04-14 14:56:48
123,전력설비,2.28,017510,세명전기 *,테마 편입 사유,9570.0,상승  140,1.48,9560.0,9600.0,240105.0,2298.0,146477.0,,,0.770416,-0.03895216000000001,"5,983.62",175.00,3.01,2026-04-14 14:56:48
123,전력설비,2.28,060370,LS마린솔루션 *,테마 편입 사유,29200.0,상승  400,1.39,29200.0,29250.0,127155.0,3731.0,134340.0,,,0.770416,-0.03895216000000001,"5,983.62",175.00,3.01,2026-04-14 14:56:48
123,전력설비,2.28,479960,위너스 *,테마 편입 사유,10130.0,상승  100,1.0,10100.0,10130.0,8109.0,82.0,4844.0,,,0.770416,-0.03895216000000001,"5,983.62",175.00,3.01,2026-04-14 14:56:48
123,전력설비,2.28,001440,대한전선,테마 편입 사유,32300.0,상승  300,0.94,32250.0,32300.0,3227629.0,104384.0,4128886.0,,,0.770416,-0.03895216000000001,"5,983.62",175.00,3.01,2026-04-14 14:56:48
123,전력설비,2.28,036190,금화피에스시 *,테마 편입 사유,36600.0,상승  300,0.83,36500.0,36650.0,9079.0,331.0,5671.0,,,0.770416,-0.03895216000000001,"5,983.62",175.00,3.01,2026-04-14 14:56:48
123,전력설비,2.28,042370,비츠로테크 *,테마 편입 사유,12510.0,상승  90,0.72,12500.0,12510.0,609241.0,7648.0,814127.0,,,0.770416,-0.03895216000000001,"5,983.62",175.00,3.01,2026-04-14 14:56:48
123,전력설비,2.28,096690,에이루트 *,테마 편입 사유,1209.0,상승  6,0.5,1212.0,1215.0,37307.0,45.0,97243.0,,,0.770416,-0.03895216000000001,"5,983.62",175.00,3.01,2026-04-14 14:56:48
123,전력설비,2.28,034020,두산에너빌리티,테마 편입 사유,99800.0,상승  500,0.5,99700.0,99800.0,1760170.0,176348.0,1746075.0,,,0.770416,-0.03895216000000001,"5,983.62",175.00,3.01,2026-04-14 14:56:48
123,전력설비,2.28,033100,제룡전기 *,테마 편입 사유,49100.0,하락  150,-0.3,49150.0,49200.0,230341.0,11490.0,189341.0,,,0.770416,-0.03895216000000001,"5,983.62",175.00,3.01,2026-04-14 14:56:48
123,전력설비,2.28,298040,효성중공업,테마 편입 사유,3040000.0,"하락  18,000",-0.59,3048000.0,3049000.0,62262.0,191839.0,56040.0,,,0.770416,-0.03895216000000001,"5,983.62",175.00,3.01,2026-04-14 14:56:48
123,전력설비,2.28,125020,티씨머티리얼즈 *,테마 편입 사유,5300.0,하락  50,-0.93,5310.0,5330.0,943160.0,5126.0,974808.0,,,0.770416,-0.03895216000000001,"5,983.62",175.00,3.01,2026-04-14 14:56:48
123,전력설비,2.28,294630,서남 *,테마 편입 사유,4270.0,하락  300,-6.56,4290.0,4295.0,1373693.0,5989.0,3707324.0,,,0.770416,-0.03895216000000001,"5,983.62",175.00,3.01,2026-04-14 14:56:48
571,밸류업(25년 기업가치 제고계획 발표),1.35,402340,SK스퀘어,테마 편입 사유,640000.0,"상승  60,000",10.34,638000.0,639000.0,561592.0,352606.0,404119.0,,,0.456112,-0.022897119999999882,"5,983.62",175.00,3.01,2026-04-14 14:56:48
571,밸류업(25년 기업가치 제고계획 발표),1.35,396270,넥스트칩 *,테마 편입 사유,5170.0,상승  440,9.3,5180.0,5190.0,2692706.0,13959.0,1717357.0,,,0.456112,-0.022897119999999882,"5,983.62",175.00,3.01,2026-04-14 14:56:48
571,밸류업(25년 기업가치 제고계획 발표),1.35,064760,티씨케이 *,테마 편입 사유,262000.0,"상승  18,500",7.6,262500.0,263000.0,122542.0,31885.0,43472.0,,,0.456112,-0.022897119999999882,"5,983.62",175.00,3.01,2026-04-14 14:56:48
571,밸류업(25년 기업가치 제고계획 발표),1.35,002380,KCC,테마 편입 사유,539000.0,"상승  35,000",6.94,540000.0,541000.0,31367.0,16777.0,31951.0,,,0.456112,-0.022897119999999882,"5,983.62",175.00,3.01,2026-04-14 14:56:48
571,밸류업(25년 기업가치 제고계획 발표),1.35,139480,이마트,테마 편입 사유,97600.0,"상승  5,000",5.4,96800.0,96900.0,221080.0,21227.0,207420.0,,,0.456112,-0.022897119999999882,"5,983.62",175.00,3.01,2026-04-14 14:56:48
571,밸류업(25년 기업가치 제고계획 발표),1.35,007660,이수페타시스,테마 편입 사유,125800.0,"상승  6,100",5.1,126500.0,126600.0,1287477.0,161799.0,943329.0,,,0.456112,-0.022897119999999882,"5,983.62",175.00,3.01,2026-04-14 14:56:48
571,밸류업(25년 기업가치 제고계획 발표),1.35,071050,한국금융지주,테마 편입 사유,258500.0,"상승  12,500",5.08,258000.0,258500.0,335292.0,86600.0,350971.0,,,0.456112,-0.022897119999999882,"5,983.62",175.00,3.01,2026-04-14 14:56:48
571,밸류업(25년 기업가치 제고계획 발표),1.35,067310,하나마이크론 *,테마 편입 사유,33050.0,"상승  1,450",4.59,33100.0,33150.0,1892857.0,62801.0,1189711.0,,,0.456112,-0.022897119999999882,"5,983.62",175.00,3.01,2026-04-14 14:56:48
571,밸류업(25년 기업가치 제고계획 발표),1.35,111770,영원무역,테마 편입 사유,83900.0,"상승  3,500",4.35,83500.0,83600.0,60991.0,5031.0,60771.0,,,0.456112,-0.022897119999999882,"5,983.62",175.00,3.01,2026-04-14 14:56:48
571,밸류업(25년 기업가치 제고계획 발표),1.35,150900,파수 *,테마 편입 사유,3625.0,상승  150,4.32,3615.0,3620.0,199178.0,721.0,94158.0,,,0.456112,-0.022897119999999882,"5,983.62",175.00,3.01,2026-04-14 14:56:48
571,밸류업(25년 기업가치 제고계획 발표),1.35,001500,현대차증권,테마 편입 사유,10870.0,상승  440,4.22,10880.0,10890.0,198065.0,2156.0,103837.0,,,0.456112,-0.022897119999999882,"5,983.62",175.00,3.01,2026-04-14 14:56:48
571,밸류업(25년 기업가치 제고계획 발표),1.35,328380,솔트웨어 *,테마 편입 사유,847.0,상승  29,3.55,832.0,838.0,98796.0,83.0,92619.0,,,0.456112,-0.022897119999999882,"5,983.62",175.00,3.01,2026-04-14 14:56:48
571,밸류업(25년 기업가치 제고계획 발표),1.35,000810,삼성화재,테마 편입 사유,487500.0,"상승  16,000",3.39,484000.0,484500.0,167349.0,81051.0,91284.0,,,0.456112,-0.022897119999999882,"5,983.62",175.00,3.01,2026-04-14 14:56:48
571,밸류업(25년 기업가치 제고계획 발표),1.35,138040,메리츠금융지주,테마 편입 사유,117700.0,"상승  3,800",3.34,117600.0,117700.0,190439.0,22459.0,194547.0,,,0.456112,-0.022897119999999882,"5,983.62",175.00,3.01,2026-04-14 14:56:48
571,밸류업(25년 기업가치 제고계획 발표),1.35,017890,한국알콜 *,테마 편입 사유,12130.0,상승  390,3.32,12040.0,12050.0,156430.0,1878.0,176613.0,,,0.456112,-0.022897119999999882,"5,983.62",175.00,3.01,2026-04-14 14:56:48
571,밸류업(25년 기업가치 제고계획 발표),1.35,031210,서울보증보험,테마 편입 사유,48750.0,"상승  1,550",3.28,48750.0,48800.0,112585.0,5446.0,147639.0,,,0.456112,-0.022897119999999882,"5,983.62",175.00,3.01,2026-04-14 14:56:48
571,밸류업(25년 기업가치 제고계획 발표),1.35,017810,풀무원,테마 편입 사유,12500.0,상승  380,3.14,12500.0,12510.0,61653.0,767.0,23282.0,,,0.456112,-0.022897119999999882,"5,983.62",175.00,3.01,2026-04-14 14:56:48
571,밸류업(25년 기업가치 제고계획 발표),1.35,003490,대한항공,테마 편입 사유,24550.0,상승  600,2.51,24450.0,24500.0,1600810.0,39097.0,1528777.0,,,0.456112,-0.022897119999999882,"5,983.62",175.00,3.01,2026-04-14 14:56:48
571,밸류업(25년 기업가치 제고계획 발표),1.35,316140,우리금융지주,테마 편입 사유,35000.0,상승  850,2.49,35050.0,35100.0,1256349.0,44025.0,1344526.0,,,0.456112,-0.022897119999999882,"5,983.62",175.00,3.01,2026-04-14 14:56:48
571,밸류업(25년 기업가치 제고계획 발표),1.35,009970,영원무역홀딩스,테마 편입 사유,215000.0,"상승  5,000",2.38,214000.0,214500.0,19478.0,4178.0,15182.0,,,0.456112,-0.022897119999999882,"5,983.62",175.00,3.01,2026-04-14 14:56:48
571,밸류업(25년 기업가치 제고계획 발표),1.35,383220,F&F,테마 편입 사유,64900.0,"상승  1,500",2.37,65000.0,65100.0,77037.0,4997.0,72740.0,,,0.456112,-0.022897119999999882,"5,983.62",175.00,3.01,2026-04-14 14:56:48
571,밸류업(25년 기업가치 제고계획 발표),1.35,003540,대신증권,테마 편입 사유,38100.0,상승  850,2.28,38100.0,38200.0,88229.0,3372.0,66423.0,,,0.456112,-0.022897119999999882,"5,983.62",175.00,3.01,2026-04-14 14:56:48
571,밸류업(25년 기업가치 제고계획 발표),1.35,282330,BGF리테일,테마 편입 사유,130200.0,"상승  2,900",2.28,129900.0,130100.0,46319.0,5999.0,67526.0,,,0.456112,-0.022897119999999882,"5,983.62",175.00,3.01,2026-04-14 14:56:48
571,밸류업(25년 기업가치 제고계획 발표),1.35,042700,한미반도체,테마 편입 사유,282500.0,"상승  6,000",2.17,282500.0,283000.0,485183.0,137393.0,387276.0,,,0.456112,-0.022897119999999882,"5,983.62",175.00,3.01,2026-04-14 14:56:48
571,밸류업(25년 기업가치 제고계획 발표),1.35,236200,슈프리마 *,테마 편입 사유,46800.0,상승  950,2.07,46750.0,46800.0,14090.0,660.0,10833.0,,,0.456112,-0.022897119999999882,"5,983.62",175.00,3.01,2026-04-14 14:56:48
571,밸류업(25년 기업가치 제고계획 발표),1.35,068930,디지털대성 *,테마 편입 사유,8070.0,상승  160,2.02,8050.0,8060.0,27708.0,222.0,93319.0,,,0.456112,-0.022897119999999882,"5,983.62",175.00,3.01,2026-04-14 14:56:48
571,밸류업(25년 기업가치 제고계획 발표),1.35,021240,코웨이,테마 편입 사유,81500.0,"상승  1,600",2.0,81500.0,81600.0,207288.0,16857.0,400651.0,,,0.456112,-0.022897119999999882,"5,983.62",175.00,3.01,2026-04-14 14:56:48
571,밸류업(25년 기업가치 제고계획 발표),1.35,241690,유니테크노 *,테마 편입 사유,3905.0,상승  75,1.96,3890.0,3900.0,77852.0,303.0,88401.0,,,0.456112,-0.022897119999999882,"5,983.62",175.00,3.01,2026-04-14 14:56:48
571,밸류업(25년 기업가치 제고계획 발표),1.35,054950,제이브이엠 *,테마 편입 사유,24750.0,상승  450,1.85,24700.0,24800.0,12752.0,314.0,20647.0,,,0.456112,-0.022897119999999882,"5,983.62",175.00,3.01,2026-04-14 14:56:48
571,밸류업(25년 기업가치 제고계획 발표),1.35,051600,한전KPS,테마 편입 사유,58200.0,"상승  1,000",1.75,58100.0,58300.0,130103.0,7553.0,137129.0,,,0.456112,-0.022897119999999882,"5,983.62",175.00,3.01,2026-04-14 14:56:48
571,밸류업(25년 기업가치 제고계획 발표),1.35,215200,메가스터디교육 *,테마 편입 사유,44500.0,상승  750,1.71,44400.0,44450.0,18551.0,825.0,28986.0,,,0.456112,-0.022897119999999882,"5,983.62",175.00,3.01,2026-04-14 14:56:48
571,밸류업(25년 기업가치 제고계획 발표),1.35,004490,세방전지,테마 편입 사유,60600.0,"상승  1,000",1.68,60500.0,60600.0,26290.0,1588.0,34900.0,,,0.456112,-0.022897119999999882,"5,983.62",175.00,3.01,2026-04-14 14:56:48
571,밸류업(25년 기업가치 제고계획 발표),1.35,078340,컴투스 *,테마 편입 사유,33850.0,상승  550,1.65,33850.0,33950.0,30581.0,1040.0,28247.0,,,0.456112,-0.022897119999999882,"5,983.62",175.00,3.01,2026-04-14 14:56:48
571,밸류업(25년 기업가치 제고계획 발표),1.35,030200,KT,테마 편입 사유,64000.0,"상승  1,000",1.59,64000.0,64100.0,330264.0,21308.0,253812.0,,,0.456112,-0.022897119999999882,"5,983.62",175.00,3.01,2026-04-14 14:56:48
571,밸류업(25년 기업가치 제고계획 발표),1.35,001390,KG케미칼,테마 편입 사유,5750.0,상승  90,1.59,5710.0,5720.0,722887.0,4110.0,929458.0,,,0.456112,-0.022897119999999882,"5,983.62",175.00,3.01,2026-04-14 14:56:48
571,밸류업(25년 기업가치 제고계획 발표),1.35,014680,한솔케미칼,테마 편입 사유,264000.0,"상승  4,000",1.54,265000.0,265500.0,78450.0,20866.0,140603.0,,,0.456112,-0.022897119999999882,"5,983.62",175.00,3.01,2026-04-14 14:56:48
571,밸류업(25년 기업가치 제고계획 발표),1.35,068270,셀트리온,테마 편입 사유,198100.0,"상승  2,900",1.49,198000.0,198100.0,364883.0,73039.0,431311.0,,,0.456112,-0.022897119999999882,"5,983.62",175.00,3.01,2026-04-14 14:56:48
571,밸류업(25년 기업가치 제고계획 발표),1.35,180640,한진칼,테마 편입 사유,111700.0,"상승  1,600",1.45,111800.0,111900.0,86477.0,9676.0,136425.0,,,0.456112,-0.022897119999999882,"5,983.62",175.00,3.01,2026-04-14 14:56:48
571,밸류업(25년 기업가치 제고계획 발표),1.35,376930,노을 *,테마 편입 사유,1681.0,상승  24,1.45,1670.0,1673.0,298669.0,503.0,505491.0,,,0.456112,-0.022897119999999882,"5,983.62",175.00,3.01,2026-04-14 14:56:48
571,밸류업(25년 기업가치 제고계획 발표),1.35,005830,DB손해보험,테마 편입 사유,169400.0,"상승  2,200",1.32,168700.0,168800.0,118648.0,20095.0,131144.0,,,0.456112,-0.022897119999999882,"5,983.62",175.00,3.01,2026-04-14 14:56:48
571,밸류업(25년 기업가치 제고계획 발표),1.35,034230,파라다이스,테마 편입 사유,15340.0,상승  180,1.19,15330.0,15340.0,695593.0,10643.0,313317.0,,,0.456112,-0.022897119999999882,"5,983.62",175.00,3.01,2026-04-14 14:56:48
571,밸류업(25년 기업가치 제고계획 발표),1.35,056190,에스에프에이 *,테마 편입 사유,28950.0,상승  300,1.05,28950.0,29000.0,75498.0,2196.0,80128.0,,,0.456112,-0.022897119999999882,"5,983.62",175.00,3.01,2026-04-14 14:56:48
571,밸류업(25년 기업가치 제고계획 발표),1.35,234300,에스트래픽 *,테마 편입 사유,3445.0,상승  35,1.03,3435.0,3445.0,59075.0,203.0,30199.0,,,0.456112,-0.022897119999999882,"5,983.62",175.00,3.01,2026-04-14 14:56:48
571,밸류업(25년 기업가치 제고계획 발표),1.35,272210,한화시스템,테마 편입 사유,133200.0,"상승  1,300",0.99,132900.0,133000.0,565725.0,75144.0,1072186.0,,,0.456112,-0.022897119999999882,"5,983.62",175.00,3.01,2026-04-14 14:56:48
571,밸류업(25년 기업가치 제고계획 발표),1.35,122450,KX *,테마 편입 사유,3190.0,상승  30,0.95,3180.0,3185.0,67962.0,216.0,37177.0,,,0.456112,-0.022897119999999882,"5,983.62",175.00,3.01,2026-04-14 14:56:48
571,밸류업(25년 기업가치 제고계획 발표),1.35,124560,태웅로직스 *,테마 편입 사유,2800.0,상승  25,0.9,2800.0,2805.0,114767.0,320.0,144491.0,,,0.456112,-0.022897119999999882,"5,983.62",175.00,3.01,2026-04-14 14:56:48
571,밸류업(25년 기업가치 제고계획 발표),1.35,047810,한국항공우주,테마 편입 사유,193700.0,"상승  1,200",0.62,194200.0,194300.0,314014.0,61093.0,471666.0,,,0.456112,-0.022897119999999882,"5,983.62",175.00,3.01,2026-04-14 14:56:48
571,밸류업(25년 기업가치 제고계획 발표),1.35,033920,무학,테마 편입 사유,9045.0,상승  55,0.61,9010.0,9030.0,27443.0,247.0,35845.0,,,0.456112,-0.022897119999999882,"5,983.62",175.00,3.01,2026-04-14 14:56:48
571,밸류업(25년 기업가치 제고계획 발표),1.35,024720,콜마홀딩스,테마 편입 사유,9070.0,상승  50,0.55,9060.0,9070.0,41012.0,371.0,22701.0,,,0.456112,-0.022897119999999882,"5,983.62",175.00,3.01,2026-04-14 14:56:48
571,밸류업(25년 기업가치 제고계획 발표),1.35,016380,KG스틸,테마 편입 사유,5670.0,상승  30,0.53,5670.0,5680.0,263353.0,1491.0,236912.0,,,0.456112,-0.022897119999999882,"5,983.62",175.00,3.01,2026-04-14 14:56:48
571,밸류업(25년 기업가치 제고계획 발표),1.35,000720,현대건설,테마 편입 사유,176900.0,상승  900,0.51,176900.0,177000.0,1045997.0,185175.0,1047344.0,,,0.456112,-0.022897119999999882,"5,983.62",175.00,3.01,2026-04-14 14:56:48
571,밸류업(25년 기업가치 제고계획 발표),1.35,055550,신한지주,테마 편입 사유,98800.0,상승  500,0.51,99000.0,99100.0,730959.0,72690.0,634338.0,,,0.456112,-0.022897119999999882,"5,983.62",175.00,3.01,2026-04-14 14:56:48
571,밸류업(25년 기업가치 제고계획 발표),1.35,200130,콜마비앤에이치 *,테마 편입 사유,11300.0,상승  50,0.44,11310.0,11320.0,31841.0,361.0,58640.0,,,0.456112,-0.022897119999999882,"5,983.62",175.00,3.01,2026-04-14 14:56:48
571,밸류업(25년 기업가치 제고계획 발표),1.35,078930,GS,테마 편입 사유,73000.0,상승  300,0.41,72800.0,72900.0,182476.0,13330.0,368210.0,,,0.456112,-0.022897119999999882,"5,983.62",175.00,3.01,2026-04-14 14:56:48
571,밸류업(25년 기업가치 제고계획 발표),1.35,008500,일정실업,테마 편입 사유,2715.0,상승  10,0.37,2730.0,2735.0,14055.0,38.0,43912.0,,,0.456112,-0.022897119999999882,"5,983.62",175.00,3.01,2026-04-14 14:56:48
571,밸류업(25년 기업가치 제고계획 발표),1.35,030190,NICE평가정보,테마 편입 사유,14970.0,상승  50,0.34,14940.0,14980.0,57850.0,862.0,56090.0,,,0.456112,-0.022897119999999882,"5,983.62",175.00,3.01,2026-04-14 14:56:48
571,밸류업(25년 기업가치 제고계획 발표),1.35,000990,DB하이텍,테마 편입 사유,96800.0,상승  300,0.31,96300.0,96400.0,298347.0,28831.0,273350.0,,,0.456112,-0.022897119999999882,"5,983.62",175.00,3.01,2026-04-14 14:56:48
571,밸류업(25년 기업가치 제고계획 발표),1.35,008930,한미사이언스,테마 편입 사유,38450.0,상승  100,0.26,38450.0,38500.0,58813.0,2269.0,74917.0,,,0.456112,-0.022897119999999882,"5,983.62",175.00,3.01,2026-04-14 14:56:48
571,밸류업(25년 기업가치 제고계획 발표),1.35,014820,동원시스템즈,테마 편입 사유,25300.0,보합0,0.0,25350.0,25400.0,26251.0,667.0,22317.0,,,0.456112,-0.022897119999999882,"5,983.62",175.00,3.01,2026-04-14 14:56:48
571,밸류업(25년 기업가치 제고계획 발표),1.35,090850,현대이지웰 *,테마 편입 사유,6130.0,보합0,0.0,6130.0,6150.0,15707.0,97.0,25320.0,,,0.456112,-0.022897119999999882,"5,983.62",175.00,3.01,2026-04-14 14:56:48
571,밸류업(25년 기업가치 제고계획 발표),1.35,237690,에스티팜 *,테마 편입 사유,143700.0,보합0,0.0,143400.0,143500.0,155611.0,22483.0,73275.0,,,0.456112,-0.022897119999999882,"5,983.62",175.00,3.01,2026-04-14 14:56:48
571,밸류업(25년 기업가치 제고계획 발표),1.35,035000,HS애드,테마 편입 사유,8380.0,보합0,0.0,8370.0,8380.0,13850.0,115.0,2021.0,,,0.456112,-0.022897119999999882,"5,983.62",175.00,3.01,2026-04-14 14:56:48
571,밸류업(25년 기업가치 제고계획 발표),1.35,183300,코미코 *,테마 편입 사유,133300.0,하락  100,-0.07,133300.0,133400.0,135307.0,18279.0,87503.0,,,0.456112,-0.022897119999999882,"5,983.62",175.00,3.01,2026-04-14 14:56:48
571,밸류업(25년 기업가치 제고계획 발표),1.35,004370,농심,테마 편입 사유,373000.0,하락  500,-0.13,373500.0,374000.0,10191.0,3814.0,9477.0,,,0.456112,-0.022897119999999882,"5,983.62",175.00,3.01,2026-04-14 14:56:48
571,밸류업(25년 기업가치 제고계획 발표),1.35,161390,한국타이어앤테크놀로지,테마 편입 사유,61300.0,하락  100,-0.16,61200.0,61300.0,259466.0,16023.0,342776.0,,,0.456112,-0.022897119999999882,"5,983.62",175.00,3.01,2026-04-14 14:56:48
571,밸류업(25년 기업가치 제고계획 발표),1.35,031980,피에스케이홀딩스 *,테마 편입 사유,108400.0,하락  200,-0.18,108600.0,108800.0,139190.0,15204.0,193258.0,,,0.456112,-0.022897119999999882,"5,983.62",175.00,3.01,2026-04-14 14:56:48
571,밸류업(25년 기업가치 제고계획 발표),1.35,011780,금호석유화학,테마 편입 사유,133700.0,하락  400,-0.3,133600.0,133700.0,81697.0,11045.0,114669.0,,,0.456112,-0.022897119999999882,"5,983.62",175.00,3.01,2026-04-14 14:56:48
571,밸류업(25년 기업가치 제고계획 발표),1.35,271560,오리온,테마 편입 사유,130900.0,하락  500,-0.38,131000.0,131100.0,88761.0,11612.0,61347.0,,,0.456112,-0.022897119999999882,"5,983.62",175.00,3.01,2026-04-14 14:56:48
571,밸류업(25년 기업가치 제고계획 발표),1.35,012450,한화에어로스페이스,테마 편입 사유,1523000.0,"하락  7,000",-0.46,1521000.0,1522000.0,114754.0,173554.0,259390.0,,,0.456112,-0.022897119999999882,"5,983.62",175.00,3.01,2026-04-14 14:56:48
571,밸류업(25년 기업가치 제고계획 발표),1.35,290650,엘앤씨바이오 *,테마 편입 사유,72500.0,하락  500,-0.68,72800.0,73100.0,236938.0,17175.0,305212.0,,,0.456112,-0.022897119999999882,"5,983.62",175.00,3.01,2026-04-14 14:56:48
571,밸류업(25년 기업가치 제고계획 발표),1.35,011200,HMM,테마 편입 사유,21000.0,하락  150,-0.71,20950.0,21000.0,827658.0,17378.0,1409154.0,,,0.456112,-0.022897119999999882,"5,983.62",175.00,3.01,2026-04-14 14:56:48
571,밸류업(25년 기업가치 제고계획 발표),1.35,126560,현대퓨처넷,테마 편입 사유,3415.0,하락  25,-0.73,3420.0,3425.0,128797.0,442.0,191572.0,,,0.456112,-0.022897119999999882,"5,983.62",175.00,3.01,2026-04-14 14:56:48
571,밸류업(25년 기업가치 제고계획 발표),1.35,001060,JW중외제약,테마 편입 사유,31100.0,하락  250,-0.8,31050.0,31100.0,58643.0,1829.0,48566.0,,,0.456112,-0.022897119999999882,"5,983.62",175.00,3.01,2026-04-14 14:56:48
571,밸류업(25년 기업가치 제고계획 발표),1.35,192820,코스맥스,테마 편입 사유,196800.0,"하락  2,300",-1.16,196800.0,197000.0,66298.0,12985.0,146590.0,,,0.456112,-0.022897119999999882,"5,983.62",175.00,3.01,2026-04-14 14:56:48
571,밸류업(25년 기업가치 제고계획 발표),1.35,357780,솔브레인 *,테마 편입 사유,412000.0,"하락  5,000",-1.2,412500.0,413000.0,51981.0,21483.0,22671.0,,,0.456112,-0.022897119999999882,"5,983.62",175.00,3.01,2026-04-14 14:56:48
571,밸류업(25년 기업가치 제고계획 발표),1.35,298020,효성티앤씨,테마 편입 사유,495000.0,"하락  7,000",-1.39,496500.0,497000.0,41124.0,20532.0,71768.0,,,0.456112,-0.022897119999999882,"5,983.62",175.00,3.01,2026-04-14 14:56:48
571,밸류업(25년 기업가치 제고계획 발표),1.35,175330,JB금융지주,테마 편입 사유,30650.0,하락  500,-1.61,30650.0,30700.0,388612.0,11959.0,297603.0,,,0.456112,-0.022897119999999882,"5,983.62",175.00,3.01,2026-04-14 14:56:48
571,밸류업(25년 기업가치 제고계획 발표),1.35,221840,하이즈항공 *,테마 편입 사유,2670.0,하락  45,-1.66,2670.0,2695.0,42040.0,112.0,33558.0,,,0.456112,-0.022897119999999882,"5,983.62",175.00,3.01,2026-04-14 14:56:48
571,밸류업(25년 기업가치 제고계획 발표),1.35,128940,한미약품,테마 편입 사유,501000.0,"하락  9,000",-1.76,503000.0,504000.0,61725.0,31426.0,79804.0,,,0.456112,-0.022897119999999882,"5,983.62",175.00,3.01,2026-04-14 14:56:48
571,밸류업(25년 기업가치 제고계획 발표),1.35,319660,피에스케이 *,테마 편입 사유,81900.0,"하락  1,500",-1.8,81700.0,81800.0,338848.0,27935.0,256467.0,,,0.456112,-0.022897119999999882,"5,983.62",175.00,3.01,2026-04-14 14:56:48
571,밸류업(25년 기업가치 제고계획 발표),1.35,039200,오스코텍 *,테마 편입 사유,54100.0,"하락  1,100",-1.99,54000.0,54100.0,168152.0,9191.0,271136.0,,,0.456112,-0.022897119999999882,"5,983.62",175.00,3.01,2026-04-14 14:56:48
571,밸류업(25년 기업가치 제고계획 발표),1.35,259630,엠플러스 *,테마 편입 사유,15430.0,하락  380,-2.4,15400.0,15410.0,376171.0,5878.0,421794.0,,,0.456112,-0.022897119999999882,"5,983.62",175.00,3.01,2026-04-14 14:56:48
571,밸류업(25년 기업가치 제고계획 발표),1.35,010950,S-Oil,테마 편입 사유,118700.0,"하락  3,300",-2.7,118600.0,118700.0,390232.0,46372.0,623589.0,,,0.456112,-0.022897119999999882,"5,983.62",175.00,3.01,2026-04-14 14:56:48
571,밸류업(25년 기업가치 제고계획 발표),1.35,003230,삼양식품,테마 편입 사유,1255000.0,"하락  35,000",-2.71,1252000.0,1253000.0,43879.0,55190.0,76027.0,,,0.456112,-0.022897119999999882,"5,983.62",175.00,3.01,2026-04-14 14:56:48
571,밸류업(25년 기업가치 제고계획 발표),1.35,001530,DI동일,테마 편입 사유,23500.0,하락  700,-2.89,23600.0,23650.0,53390.0,1282.0,124926.0,,,0.456112,-0.022897119999999882,"5,983.62",175.00,3.01,2026-04-14 14:56:48
288,모바일솔루션(스마트폰),1.0,088340,유라클 *,테마 편입 사유,12210.0,상승  560,4.81,12140.0,12180.0,162599.0,2007.0,7806.0,,,0.338846,-0.01992645999999998,"5,983.62",175.00,3.01,2026-04-14 14:56:48
288,모바일솔루션(스마트폰),1.0,041020,폴라리스오피스 *,테마 편입 사유,4395.0,상승  200,4.77,4395.0,4415.0,731662.0,3198.0,541642.0,,,0.338846,-0.01992645999999998,"5,983.62",175.00,3.01,2026-04-14 14:56:48
288,모바일솔루션(스마트폰),1.0,051160,지어소프트 *,테마 편입 사유,7990.0,상승  280,3.63,7950.0,7960.0,139997.0,1118.0,22432.0,,,0.338846,-0.01992645999999998,"5,983.62",175.00,3.01,2026-04-14 14:56:48
288,모바일솔루션(스마트폰),1.0,094480,갤럭시아머니트리 *,테마 편입 사유,8610.0,상승  260,3.11,8620.0,8640.0,392502.0,3395.0,333992.0,,,0.338846,-0.01992645999999998,"5,983.62",175.00,3.01,2026-04-14 14:56:48
288,모바일솔루션(스마트폰),1.0,058970,엠로 *,테마 편입 사유,27250.0,상승  650,2.44,27250.0,27300.0,60945.0,1685.0,53250.0,,,0.338846,-0.01992645999999998,"5,983.62",175.00,3.01,2026-04-14 14:56:48
288,모바일솔루션(스마트폰),1.0,163730,핑거 *,테마 편입 사유,11490.0,상승  270,2.41,11430.0,11440.0,120876.0,1384.0,114409.0,,,0.338846,-0.01992645999999998,"5,983.62",175.00,3.01,2026-04-14 14:56:48
288,모바일솔루션(스마트폰),1.0,064800,포니링크 *,테마 편입 사유,691.0,상승  16,2.37,691.0,698.0,704987.0,480.0,1650302.0,,,0.338846,-0.01992645999999998,"5,983.62",175.00,3.01,2026-04-14 14:56:48
288,모바일솔루션(스마트폰),1.0,108860,셀바스AI *,테마 편입 사유,13450.0,상승  310,2.36,13470.0,13480.0,567582.0,7611.0,1161347.0,,,0.338846,-0.01992645999999998,"5,983.62",175.00,3.01,2026-04-14 14:56:48
288,모바일솔루션(스마트폰),1.0,042000,카페24 *,테마 편입 사유,26500.0,상승  400,1.53,26550.0,26600.0,48860.0,1303.0,47958.0,,,0.338846,-0.01992645999999998,"5,983.62",175.00,3.01,2026-04-14 14:56:48
288,모바일솔루션(스마트폰),1.0,100030,인지소프트 *,테마 편입 사유,17960.0,상승  270,1.53,17780.0,17960.0,2386.0,43.0,2057.0,,,0.338846,-0.01992645999999998,"5,983.62",175.00,3.01,2026-04-14 14:56:48
288,모바일솔루션(스마트폰),1.0,099390,브레인즈컴퍼니 *,테마 편입 사유,4510.0,상승  65,1.46,4495.0,4505.0,34743.0,155.0,514784.0,,,0.338846,-0.01992645999999998,"5,983.62",175.00,3.01,2026-04-14 14:56:48
288,모바일솔루션(스마트폰),1.0,089850,유비벨록스 *,테마 편입 사유,5450.0,상승  70,1.3,5440.0,5450.0,16238.0,88.0,25833.0,,,0.338846,-0.01992645999999998,"5,983.62",175.00,3.01,2026-04-14 14:56:48
288,모바일솔루션(스마트폰),1.0,078000,텔코웨어,테마 편입 사유,17570.0,상승  180,1.04,17540.0,17550.0,15179.0,264.0,16572.0,,,0.338846,-0.01992645999999998,"5,983.62",175.00,3.01,2026-04-14 14:56:48
288,모바일솔루션(스마트폰),1.0,139670,키네마스터 *,테마 편입 사유,1956.0,상승  10,0.51,1952.0,1955.0,20756.0,41.0,42971.0,,,0.338846,-0.01992645999999998,"5,983.62",175.00,3.01,2026-04-14 14:56:48
288,모바일솔루션(스마트폰),1.0,039290,인포뱅크 *,테마 편입 사유,4865.0,상승  5,0.1,4860.0,4870.0,20531.0,100.0,13420.0,,,0.338846,-0.01992645999999998,"5,983.62",175.00,3.01,2026-04-14 14:56:48
288,모바일솔루션(스마트폰),1.0,086960,MDS테크 *,테마 편입 사유,1115.0,보합0,0.0,0.0,0.0,0.0,0.0,0.0,,,0.338846,-0.01992645999999998,"5,983.62",175.00,3.01,2026-04-14 14:56:48
288,모바일솔루션(스마트폰),1.0,115610,이미지스 *,테마 편입 사유,1339.0,보합0,0.0,0.0,0.0,0.0,0.0,0.0,,,0.338846,-0.01992645999999998,"5,983.62",175.00,3.01,2026-04-14 14:56:48
288,모바일솔루션(스마트폰),1.0,064260,다날 *,테마 편입 사유,7930.0,하락  40,-0.5,7950.0,7960.0,8260889.0,66543.0,12522043.0,,,0.338846,-0.01992645999999998,"5,983.62",175.00,3.01,2026-04-14 14:56:48
288,모바일솔루션(스마트폰),1.0,153460,네이블 *,테마 편입 사유,15120.0,하락  250,-1.63,14800.0,14810.0,1563075.0,23881.0,1307888.0,,,0.338846,-0.01992645999999998,"5,983.62",175.00,3.01,2026-04-14 14:56:48
288,모바일솔루션(스마트폰),1.0,065370,위세아이텍 *,테마 편입 사유,5290.0,하락  110,-2.04,5280.0,5310.0,25956.0,138.0,81884.0,,,0.338846,-0.01992645999999998,"5,983.62",175.00,3.01,2026-04-14 14:56:48
288,모바일솔루션(스마트폰),1.0,072130,유엔젤,테마 편입 사유,6090.0,하락  130,-2.09,6090.0,6110.0,1067467.0,6742.0,1846698.0,,,0.338846,-0.01992645999999998,"5,983.62",175.00,3.01,2026-04-14 14:56:48
288,모바일솔루션(스마트폰),1.0,039560,다산네트웍스 *,테마 편입 사유,5530.0,하락  120,-2.12,5530.0,5540.0,1840996.0,10369.0,2963508.0,,,0.338846,-0.01992645999999998,"5,983.62",175.00,3.01,2026-04-14 14:56:48
288,모바일솔루션(스마트폰),1.0,065440,이루온 *,테마 편입 사유,4290.0,하락  130,-2.94,4275.0,4280.0,3925550.0,16602.0,7072492.0,,,0.338846,-0.01992645999999998,"5,983.62",175.00,3.01,2026-04-14 14:56:48
