theme_no,테마명,테마등락률,종목코드,종목명,종목명.1,현재가,전일비,등락률,매수호가,매도호가,거래량,거래대금,전일거래량,토론,Unnamed: 11,Beta,베타조정수익률,코스피지수,코스피등락,코스피등락률,코스피조회시간
178,전선,15.25,001440,대한전선,테마 편입 사유,41250.0,"상승  9,100",28.3,41600.0,41650.0,40745010.0,1597087.0,3425175.0,,,1.020705,13.13714065,"6,091.39",123.64,2.07,2026-04-15 15:34:32
178,전선,15.25,000500,가온전선,테마 편입 사유,128000.0,"상승  22,000",20.75,129400.0,129600.0,434285.0,54260.0,41004.0,,,1.020705,13.13714065,"6,091.39",123.64,2.07,2026-04-15 15:34:32
178,전선,15.25,006340,대원전선,테마 편입 사유,6540.0,"상승  1,030",18.69,6650.0,6660.0,65017132.0,426837.0,2409670.0,,,1.020705,13.13714065,"6,091.39",123.64,2.07,2026-04-15 15:34:32
178,전선,15.25,024840,KBI메탈 *,테마 편입 사유,2885.0,상승  385,15.4,2910.0,2915.0,18175921.0,52516.0,1104332.0,,,1.020705,13.13714065,"6,091.39",123.64,2.07,2026-04-15 15:34:32
178,전선,15.25,006260,LS,테마 편입 사유,343500.0,"상승  42,000",13.93,343500.0,344000.0,368770.0,122583.0,177138.0,,,1.020705,13.13714065,"6,091.39",123.64,2.07,2026-04-15 15:34:32
178,전선,15.25,229640,LS에코에너지,테마 편입 사유,50600.0,"상승  6,100",13.71,50300.0,50400.0,933763.0,45949.0,272905.0,,,1.020705,13.13714065,"6,091.39",123.64,2.07,2026-04-15 15:34:32
178,전선,15.25,060370,LS마린솔루션 *,테마 편입 사유,31650.0,"상승  2,400",8.21,31600.0,31650.0,586152.0,18448.0,135234.0,,,1.020705,13.13714065,"6,091.39",123.64,2.07,2026-04-15 15:34:32
178,전선,15.25,103590,일진전기,테마 편입 사유,86800.0,"상승  2,500",2.97,86600.0,86700.0,1071873.0,94714.0,501896.0,,,1.020705,13.13714065,"6,091.39",123.64,2.07,2026-04-15 15:34:32
123,전력설비,7.83,042370,비츠로테크 *,테마 편입 사유,16250.0,"상한가  3,750",30.0,16250.0,0.0,5702050.0,84917.0,658915.0,,,0.770416,6.235238880000001,"6,091.39",123.64,2.07,2026-04-15 15:34:32
123,전력설비,7.83,294630,서남 *,테마 편입 사유,5530.0,"상한가  1,275",29.96,5530.0,0.0,8494994.0,44074.0,1489492.0,,,0.770416,6.235238880000001,"6,091.39",123.64,2.07,2026-04-15 15:34:32
123,전력설비,7.83,001440,대한전선,테마 편입 사유,41250.0,"상승  9,100",28.3,41600.0,41650.0,40745010.0,1597087.0,3425175.0,,,0.770416,6.235238880000001,"6,091.39",123.64,2.07,2026-04-15 15:34:32
123,전력설비,7.83,000500,가온전선,테마 편입 사유,128000.0,"상승  22,000",20.75,129400.0,129600.0,434285.0,54260.0,41004.0,,,0.770416,6.235238880000001,"6,091.39",123.64,2.07,2026-04-15 15:34:32
123,전력설비,7.83,006340,대원전선,테마 편입 사유,6540.0,"상승  1,030",18.69,6650.0,6660.0,65017132.0,426837.0,2409670.0,,,0.770416,6.235238880000001,"6,091.39",123.64,2.07,2026-04-15 15:34:32
123,전력설비,7.83,125020,티씨머티리얼즈 *,테마 편입 사유,6250.0,상승  960,18.15,6310.0,6320.0,14052788.0,86987.0,1079680.0,,,0.770416,6.235238880000001,"6,091.39",123.64,2.07,2026-04-15 15:34:32
123,전력설비,7.83,006260,LS,테마 편입 사유,343500.0,"상승  42,000",13.93,343500.0,344000.0,368770.0,122583.0,177138.0,,,0.770416,6.235238880000001,"6,091.39",123.64,2.07,2026-04-15 15:34:32
123,전력설비,7.83,229640,LS에코에너지,테마 편입 사유,50600.0,"상승  6,100",13.71,50300.0,50400.0,933763.0,45949.0,272905.0,,,0.770416,6.235238880000001,"6,091.39",123.64,2.07,2026-04-15 15:34:32
123,전력설비,7.83,096690,에이루트 *,테마 편입 사유,1344.0,상승  134,11.07,1346.0,1349.0,383725.0,502.0,38382.0,,,0.770416,6.235238880000001,"6,091.39",123.64,2.07,2026-04-15 15:34:32
123,전력설비,7.83,060370,LS마린솔루션 *,테마 편입 사유,31650.0,"상승  2,400",8.21,31600.0,31650.0,586152.0,18448.0,135234.0,,,0.770416,6.235238880000001,"6,091.39",123.64,2.07,2026-04-15 15:34:32
123,전력설비,7.83,388050,지투파워 *,테마 편입 사유,13980.0,"상승  1,050",8.12,13750.0,13760.0,7631348.0,106574.0,1817501.0,,,0.770416,6.235238880000001,"6,091.39",123.64,2.07,2026-04-15 15:34:32
123,전력설비,7.83,017510,세명전기 *,테마 편입 사유,10200.0,상승  660,6.92,10280.0,10290.0,5394134.0,57874.0,268510.0,,,0.770416,6.235238880000001,"6,091.39",123.64,2.07,2026-04-15 15:34:32
123,전력설비,7.83,199820,제일일렉트릭 *,테마 편입 사유,11280.0,상승  650,6.11,11260.0,11280.0,2448582.0,28220.0,255732.0,,,0.770416,6.235238880000001,"6,091.39",123.64,2.07,2026-04-15 15:34:32
123,전력설비,7.83,062040,산일전기,테마 편입 사유,194300.0,"상승  10,700",5.83,193800.0,193900.0,837368.0,162301.0,1320711.0,,,0.770416,6.235238880000001,"6,091.39",123.64,2.07,2026-04-15 15:34:32
123,전력설비,7.83,034020,두산에너빌리티,테마 편입 사유,104200.0,"상승  4,500",4.51,104100.0,104200.0,5469233.0,571128.0,1937143.0,,,0.770416,6.235238880000001,"6,091.39",123.64,2.07,2026-04-15 15:34:32
123,전력설비,7.83,033100,제룡전기 *,테마 편입 사유,51400.0,"상승  2,200",4.47,51200.0,51300.0,395465.0,20276.0,241328.0,,,0.770416,6.235238880000001,"6,091.39",123.64,2.07,2026-04-15 15:34:32
123,전력설비,7.83,054220,비츠로시스 *,테마 편입 사유,588.0,상승  22,3.89,588.0,589.0,1951882.0,1110.0,1769487.0,,,0.770416,6.235238880000001,"6,091.39",123.64,2.07,2026-04-15 15:34:32
123,전력설비,7.83,479960,위너스 *,테마 편입 사유,10500.0,상승  380,3.75,10510.0,10530.0,33604.0,350.0,8885.0,,,0.770416,6.235238880000001,"6,091.39",123.64,2.07,2026-04-15 15:34:32
123,전력설비,7.83,006910,보성파워텍 *,테마 편입 사유,10400.0,상승  370,3.69,10410.0,10420.0,4829012.0,50346.0,2617966.0,,,0.770416,6.235238880000001,"6,091.39",123.64,2.07,2026-04-15 15:34:32
123,전력설비,7.83,130660,한전산업,테마 편입 사유,19390.0,상승  630,3.36,19420.0,19430.0,715682.0,13900.0,316608.0,,,0.770416,6.235238880000001,"6,091.39",123.64,2.07,2026-04-15 15:34:32
123,전력설비,7.83,189860,서전기전 *,테마 편입 사유,5690.0,상승  180,3.27,5640.0,5650.0,396681.0,2231.0,196506.0,,,0.770416,6.235238880000001,"6,091.39",123.64,2.07,2026-04-15 15:34:32
123,전력설비,7.83,103590,일진전기,테마 편입 사유,86800.0,"상승  2,500",2.97,86600.0,86700.0,1071873.0,94714.0,501896.0,,,0.770416,6.235238880000001,"6,091.39",123.64,2.07,2026-04-15 15:34:32
123,전력설비,7.83,147830,제룡산업 *,테마 편입 사유,8020.0,상승  170,2.17,8040.0,8050.0,931190.0,7514.0,232831.0,,,0.770416,6.235238880000001,"6,091.39",123.64,2.07,2026-04-15 15:34:32
123,전력설비,7.83,237750,피앤씨테크 *,테마 편입 사유,4735.0,상승  85,1.83,4725.0,4730.0,46566.0,220.0,30264.0,,,0.770416,6.235238880000001,"6,091.39",123.64,2.07,2026-04-15 15:34:32
123,전력설비,7.83,038460,바이오스마트 *,테마 편입 사유,4390.0,상승  50,1.15,4390.0,4395.0,509120.0,2216.0,417733.0,,,0.770416,6.235238880000001,"6,091.39",123.64,2.07,2026-04-15 15:34:32
123,전력설비,7.83,051600,한전KPS,테마 편입 사유,59000.0,상승  600,1.03,58900.0,59000.0,198573.0,11729.0,146074.0,,,0.770416,6.235238880000001,"6,091.39",123.64,2.07,2026-04-15 15:34:32
123,전력설비,7.83,010120,LS ELECTRIC,테마 편입 사유,186800.0,"상승  1,200",0.65,186300.0,186400.0,1038865.0,195375.0,2148525.0,,,0.770416,6.235238880000001,"6,091.39",123.64,2.07,2026-04-15 15:34:32
123,전력설비,7.83,036190,금화피에스시 *,테마 편입 사유,36850.0,상승  50,0.14,36850.0,37000.0,10011.0,370.0,10785.0,,,0.770416,6.235238880000001,"6,091.39",123.64,2.07,2026-04-15 15:34:32
123,전력설비,7.83,015760,한국전력,테마 편입 사유,44350.0,보합0,0.0,44300.0,44350.0,3190433.0,142373.0,3020419.0,,,0.770416,6.235238880000001,"6,091.39",123.64,2.07,2026-04-15 15:34:32
123,전력설비,7.83,267260,HD현대일렉트릭,테마 편입 사유,1050000.0,"하락  11,000",-1.04,1053000.0,1054000.0,175238.0,185723.0,180694.0,,,0.770416,6.235238880000001,"6,091.39",123.64,2.07,2026-04-15 15:34:32
123,전력설비,7.83,119850,지엔씨에너지 *,테마 편입 사유,33900.0,하락  850,-2.45,33950.0,34000.0,199890.0,6812.0,192871.0,,,0.770416,6.235238880000001,"6,091.39",123.64,2.07,2026-04-15 15:34:32
123,전력설비,7.83,298040,효성중공업,테마 편입 사유,2965000.0,"하락  77,000",-2.53,2965000.0,2966000.0,75062.0,225847.0,69335.0,,,0.770416,6.235238880000001,"6,091.39",123.64,2.07,2026-04-15 15:34:32
537,초전도체,7.09,042370,비츠로테크 *,테마 편입 사유,16250.0,"상한가  3,750",30.0,16250.0,0.0,5702050.0,84917.0,658915.0,,,0.567394,5.91549442,"6,091.39",123.64,2.07,2026-04-15 15:34:32
537,초전도체,7.09,294630,서남 *,테마 편입 사유,5530.0,"상한가  1,275",29.96,5530.0,0.0,8494994.0,44074.0,1489492.0,,,0.567394,5.91549442,"6,091.39",123.64,2.07,2026-04-15 15:34:32
537,초전도체,7.09,250060,모비스 *,테마 편입 사유,5670.0,상승  815,16.79,5580.0,5600.0,5975810.0,32176.0,1115439.0,,,0.567394,5.91549442,"6,091.39",123.64,2.07,2026-04-15 15:34:32
537,초전도체,7.09,004830,덕성,테마 편입 사유,5060.0,상승  365,7.77,5010.0,5020.0,1740894.0,8834.0,98923.0,,,0.567394,5.91549442,"6,091.39",123.64,2.07,2026-04-15 15:34:32
537,초전도체,7.09,065350,신성델타테크 *,테마 편입 사유,60600.0,"상승  4,100",7.26,60300.0,60400.0,275528.0,16527.0,63099.0,,,0.567394,5.91549442,"6,091.39",123.64,2.07,2026-04-15 15:34:32
537,초전도체,7.09,002240,고려제강,테마 편입 사유,23800.0,"상승  1,300",5.78,23850.0,23900.0,77566.0,1811.0,32780.0,,,0.567394,5.91549442,"6,091.39",123.64,2.07,2026-04-15 15:34:32
537,초전도체,7.09,047310,파워로직스 *,테마 편입 사유,5370.0,상승  230,4.47,5360.0,5370.0,671350.0,3594.0,392442.0,,,0.567394,5.91549442,"6,091.39",123.64,2.07,2026-04-15 15:34:32
537,초전도체,7.09,012170,아센디오,테마 편입 사유,1466.0,상승  40,2.81,1451.0,1463.0,179641.0,263.0,234972.0,,,0.567394,5.91549442,"6,091.39",123.64,2.07,2026-04-15 15:34:32
537,초전도체,7.09,065130,탑엔지니어링 *,테마 편입 사유,3320.0,상승  80,2.47,3300.0,3310.0,60416.0,198.0,37113.0,,,0.567394,5.91549442,"6,091.39",123.64,2.07,2026-04-15 15:34:32
537,초전도체,7.09,023800,인지컨트롤스,테마 편입 사유,7780.0,상승  100,1.3,7800.0,7810.0,126732.0,991.0,110195.0,,,0.567394,5.91549442,"6,091.39",123.64,2.07,2026-04-15 15:34:32
537,초전도체,7.09,010120,LS ELECTRIC,테마 편입 사유,186800.0,"상승  1,200",0.65,186300.0,186400.0,1038865.0,195375.0,2148525.0,,,0.567394,5.91549442,"6,091.39",123.64,2.07,2026-04-15 15:34:32
537,초전도체,7.09,217820,원익피앤이 *,테마 편입 사유,3260.0,상승  5,0.15,3270.0,3275.0,302942.0,980.0,180001.0,,,0.567394,5.91549442,"6,091.39",123.64,2.07,2026-04-15 15:34:32
537,초전도체,7.09,045100,한양이엔지 *,테마 편입 사유,32700.0,하락  300,-0.91,32500.0,32600.0,228031.0,7598.0,203820.0,,,0.567394,5.91549442,"6,091.39",123.64,2.07,2026-04-15 15:34:32
537,초전도체,7.09,037330,인지디스플레 *,테마 편입 사유,1494.0,하락  16,-1.06,1499.0,1500.0,122418.0,186.0,99660.0,,,0.567394,5.91549442,"6,091.39",123.64,2.07,2026-04-15 15:34:32
537,초전도체,7.09,052710,아모텍 *,테마 편입 사유,23000.0,하락  250,-1.08,23000.0,23050.0,800862.0,18378.0,1286909.0,,,0.567394,5.91549442,"6,091.39",123.64,2.07,2026-04-15 15:34:32
154,건설 대표주,7.33,047040,대우건설,테마 편입 사유,28500.0,"상승  5,000",21.28,28400.0,28450.0,89988747.0,2504282.0,30363441.0,,,0.784495,5.70609535,"6,091.39",123.64,2.07,2026-04-15 15:34:32
154,건설 대표주,7.33,006360,GS건설,테마 편입 사유,41000.0,"상승  3,550",9.48,40850.0,40900.0,10857993.0,442148.0,3658598.0,,,0.784495,5.70609535,"6,091.39",123.64,2.07,2026-04-15 15:34:32
154,건설 대표주,7.33,294870,IPARK현대산업개발,테마 편입 사유,23500.0,"상승  1,000",4.44,23400.0,23450.0,548923.0,12906.0,255069.0,,,0.784495,5.70609535,"6,091.39",123.64,2.07,2026-04-15 15:34:32
154,건설 대표주,7.33,028260,삼성물산,테마 편입 사유,307500.0,"상승  11,500",3.89,308000.0,308500.0,403704.0,124638.0,409310.0,,,0.784495,5.70609535,"6,091.39",123.64,2.07,2026-04-15 15:34:32
154,건설 대표주,7.33,375500,DL이앤씨,테마 편입 사유,102500.0,"상승  3,500",3.54,102600.0,102700.0,2356885.0,242566.0,2989841.0,,,0.784495,5.70609535,"6,091.39",123.64,2.07,2026-04-15 15:34:32
154,건설 대표주,7.33,000720,현대건설,테마 편입 사유,179100.0,"상승  2,400",1.36,178900.0,179000.0,1824476.0,331973.0,1110504.0,,,0.784495,5.70609535,"6,091.39",123.64,2.07,2026-04-15 15:34:32
213,해저터널(지하화/지하도로 등),6.58,125020,티씨머티리얼즈 *,테마 편입 사유,6250.0,상승  960,18.15,6310.0,6320.0,14052788.0,86987.0,1079680.0,,,0.550928,5.43957904,"6,091.39",123.64,2.07,2026-04-15 15:34:32
213,해저터널(지하화/지하도로 등),6.58,006260,LS,테마 편입 사유,343500.0,"상승  42,000",13.93,343500.0,344000.0,368770.0,122583.0,177138.0,,,0.550928,5.43957904,"6,091.39",123.64,2.07,2026-04-15 15:34:32
213,해저터널(지하화/지하도로 등),6.58,060370,LS마린솔루션 *,테마 편입 사유,31650.0,"상승  2,400",8.21,31600.0,31650.0,586152.0,18448.0,135234.0,,,0.550928,5.43957904,"6,091.39",123.64,2.07,2026-04-15 15:34:32
213,해저터널(지하화/지하도로 등),6.58,046940,우원개발 *,테마 편입 사유,5060.0,상승  350,7.43,5040.0,5060.0,581027.0,2905.0,167384.0,,,0.550928,5.43957904,"6,091.39",123.64,2.07,2026-04-15 15:34:32
213,해저터널(지하화/지하도로 등),6.58,017510,세명전기 *,테마 편입 사유,10200.0,상승  660,6.92,10280.0,10290.0,5394134.0,57874.0,268510.0,,,0.550928,5.43957904,"6,091.39",123.64,2.07,2026-04-15 15:34:32
213,해저터널(지하화/지하도로 등),6.58,026150,특수건설 *,테마 편입 사유,6850.0,상승  150,2.24,6840.0,6860.0,190537.0,1301.0,77470.0,,,0.550928,5.43957904,"6,091.39",123.64,2.07,2026-04-15 15:34:32
213,해저터널(지하화/지하도로 등),6.58,011390,부산산업,테마 편입 사유,76400.0,"상승  1,200",1.6,76600.0,76900.0,6282.0,480.0,7048.0,,,0.550928,5.43957904,"6,091.39",123.64,2.07,2026-04-15 15:34:32
213,해저터널(지하화/지하도로 등),6.58,025550,한국선재 *,테마 편입 사유,3480.0,상승  30,0.87,3500.0,3505.0,221563.0,776.0,153625.0,,,0.550928,5.43957904,"6,091.39",123.64,2.07,2026-04-15 15:34:32
213,해저터널(지하화/지하도로 등),6.58,028100,동아지질,테마 편입 사유,17950.0,하락  20,-0.11,17990.0,18010.0,31548.0,573.0,16541.0,,,0.550928,5.43957904,"6,091.39",123.64,2.07,2026-04-15 15:34:32
401,원자력발전소 해체,4.92,042370,비츠로테크 *,테마 편입 사유,16250.0,"상한가  3,750",30.0,16250.0,0.0,5702050.0,84917.0,658915.0,,,0.808677,3.2460386100000003,"6,091.39",123.64,2.07,2026-04-15 15:34:32
401,원자력발전소 해체,4.92,046120,오르비텍 *,테마 편입 사유,11200.0,상승  880,8.53,11240.0,11250.0,3400963.0,37745.0,1491841.0,,,0.808677,3.2460386100000003,"6,091.39",123.64,2.07,2026-04-15 15:34:32
401,원자력발전소 해체,4.92,348350,위드텍 *,테마 편입 사유,10850.0,상승  530,5.14,10790.0,10850.0,138449.0,1506.0,55517.0,,,0.808677,3.2460386100000003,"6,091.39",123.64,2.07,2026-04-15 15:34:32
401,원자력발전소 해체,4.92,034020,두산에너빌리티,테마 편입 사유,104200.0,"상승  4,500",4.51,104100.0,104200.0,5469233.0,571128.0,1937143.0,,,0.808677,3.2460386100000003,"6,091.39",123.64,2.07,2026-04-15 15:34:32
401,원자력발전소 해체,4.92,098070,한텍 *,테마 편입 사유,45350.0,"상승  1,900",4.37,45450.0,45500.0,391702.0,17814.0,144996.0,,,0.808677,3.2460386100000003,"6,091.39",123.64,2.07,2026-04-15 15:34:32
401,원자력발전소 해체,4.92,032820,우리기술 *,테마 편입 사유,21750.0,상승  750,3.57,21650.0,21700.0,17273210.0,378920.0,7504368.0,,,0.808677,3.2460386100000003,"6,091.39",123.64,2.07,2026-04-15 15:34:32
401,원자력발전소 해체,4.92,096350,대창솔루션 *,테마 편입 사유,3055.0,상승  95,3.21,3055.0,3060.0,1142579.0,3448.0,1311734.0,,,0.808677,3.2460386100000003,"6,091.39",123.64,2.07,2026-04-15 15:34:32
401,원자력발전소 해체,4.92,052690,한전기술,테마 편입 사유,178500.0,"상승  5,500",3.18,178600.0,178700.0,339235.0,61400.0,305644.0,,,0.808677,3.2460386100000003,"6,091.39",123.64,2.07,2026-04-15 15:34:32
401,원자력발전소 해체,4.92,199430,케이엔알시스템 *,테마 편입 사유,23600.0,상승  650,2.83,23500.0,23600.0,71685.0,1705.0,52894.0,,,0.808677,3.2460386100000003,"6,091.39",123.64,2.07,2026-04-15 15:34:32
401,원자력발전소 해체,4.92,083650,비에이치아이 *,테마 편입 사유,93700.0,"상승  2,500",2.74,93500.0,93600.0,459813.0,43814.0,346593.0,,,0.808677,3.2460386100000003,"6,091.39",123.64,2.07,2026-04-15 15:34:32
401,원자력발전소 해체,4.92,105840,우진,테마 편입 사유,24150.0,상승  450,1.9,24150.0,24200.0,535760.0,13110.0,298679.0,,,0.808677,3.2460386100000003,"6,091.39",123.64,2.07,2026-04-15 15:34:32
401,원자력발전소 해체,4.92,000720,현대건설,테마 편입 사유,179100.0,"상승  2,400",1.36,178900.0,179000.0,1824476.0,331973.0,1110504.0,,,0.808677,3.2460386100000003,"6,091.39",123.64,2.07,2026-04-15 15:34:32
401,원자력발전소 해체,4.92,051600,한전KPS,테마 편입 사유,59000.0,상승  600,1.03,58900.0,59000.0,198573.0,11729.0,146074.0,,,0.808677,3.2460386100000003,"6,091.39",123.64,2.07,2026-04-15 15:34:32
401,원자력발전소 해체,4.92,136150,원일티엔아이 *,테마 편입 사유,16800.0,상승  160,0.96,16960.0,16970.0,31322.0,526.0,21804.0,,,0.808677,3.2460386100000003,"6,091.39",123.64,2.07,2026-04-15 15:34:32
401,원자력발전소 해체,4.92,103230,에스앤더블류 *,테마 편입 사유,3790.0,상승  15,0.4,3780.0,3785.0,27835.0,105.0,20151.0,,,0.808677,3.2460386100000003,"6,091.39",123.64,2.07,2026-04-15 15:34:32
49,인터넷 대표주,3.92,035420,NAVER,테마 편입 사유,211000.0,"상승  9,500",4.71,211000.0,211500.0,992265.0,209011.0,623470.0,,,0.654288,2.5656238399999998,"6,091.39",123.64,2.07,2026-04-15 15:34:32
49,인터넷 대표주,3.92,035720,카카오,테마 편입 사유,49600.0,"상승  1,500",3.12,49450.0,49500.0,1413761.0,70225.0,1049751.0,,,0.654288,2.5656238399999998,"6,091.39",123.64,2.07,2026-04-15 15:34:32
405,MLCC(적층세라믹콘덴서),3.87,078600,대주전자재료 *,테마 편입 사유,136000.0,"상승  19,700",16.94,135900.0,136000.0,907284.0,119471.0,461271.0,,,0.637938,2.54946834,"6,091.39",123.64,2.07,2026-04-15 15:34:32
405,MLCC(적층세라믹콘덴서),3.87,149950,아바텍 *,테마 편입 사유,12250.0,"상승  1,110",9.96,12180.0,12220.0,360226.0,4300.0,57677.0,,,0.637938,2.54946834,"6,091.39",123.64,2.07,2026-04-15 15:34:32
405,MLCC(적층세라믹콘덴서),3.87,009150,삼성전기,테마 편입 사유,614000.0,"상승  30,000",5.14,616000.0,617000.0,710068.0,439958.0,525813.0,,,0.637938,2.54946834,"6,091.39",123.64,2.07,2026-04-15 15:34:32
405,MLCC(적층세라믹콘덴서),3.87,005070,코스모신소재,테마 편입 사유,55000.0,"상승  2,000",3.77,54700.0,54900.0,264430.0,14340.0,192766.0,,,0.637938,2.54946834,"6,091.39",123.64,2.07,2026-04-15 15:34:32
405,MLCC(적층세라믹콘덴서),3.87,126730,코칩 *,테마 편입 사유,18890.0,상승  580,3.17,18860.0,18910.0,86267.0,1646.0,82309.0,,,0.637938,2.54946834,"6,091.39",123.64,2.07,2026-04-15 15:34:32
405,MLCC(적층세라믹콘덴서),3.87,382840,원준 *,테마 편입 사유,8980.0,상승  250,2.86,8940.0,8970.0,81422.0,729.0,86967.0,,,0.637938,2.54946834,"6,091.39",123.64,2.07,2026-04-15 15:34:32
405,MLCC(적층세라믹콘덴서),3.87,001820,삼화콘덴서,테마 편입 사유,63700.0,보합0,0.0,63600.0,63700.0,340699.0,22114.0,499334.0,,,0.637938,2.54946834,"6,091.39",123.64,2.07,2026-04-15 15:34:32
405,MLCC(적층세라믹콘덴서),3.87,320000,한울반도체 *,테마 편입 사유,1533.0,보합0,0.0,0.0,0.0,0.0,0.0,498099.0,,,0.637938,2.54946834,"6,091.39",123.64,2.07,2026-04-15 15:34:32
405,MLCC(적층세라믹콘덴서),3.87,052710,아모텍 *,테마 편입 사유,23000.0,하락  250,-1.08,23000.0,23050.0,800862.0,18378.0,1286909.0,,,0.637938,2.54946834,"6,091.39",123.64,2.07,2026-04-15 15:34:32
405,MLCC(적층세라믹콘덴서),3.87,306620,지아이에스 *,테마 편입 사유,3330.0,하락  70,-2.06,3310.0,3320.0,1034888.0,3432.0,1269929.0,,,0.637938,2.54946834,"6,091.39",123.64,2.07,2026-04-15 15:34:32
242,탄소나노튜브(CNT),3.45,049480,오픈베이스 *,테마 편입 사유,2415.0,상승  120,5.23,2410.0,2415.0,5831915.0,14678.0,360308.0,,,0.525903,2.36138079,"6,091.39",123.64,2.07,2026-04-15 15:34:32
242,탄소나노튜브(CNT),3.45,027580,상보 *,테마 편입 사유,650.0,상승  26,4.17,650.0,655.0,960096.0,625.0,337577.0,,,0.525903,2.36138079,"6,091.39",123.64,2.07,2026-04-15 15:34:32
242,탄소나노튜브(CNT),3.45,418550,제이오 *,테마 편입 사유,8810.0,상승  330,3.89,8800.0,8820.0,270020.0,2354.0,170922.0,,,0.525903,2.36138079,"6,091.39",123.64,2.07,2026-04-15 15:34:32
242,탄소나노튜브(CNT),3.45,051910,LG화학,테마 편입 사유,354000.0,"상승  12,500",3.66,353000.0,353500.0,318219.0,113084.0,164618.0,,,0.525903,2.36138079,"6,091.39",123.64,2.07,2026-04-15 15:34:32
242,탄소나노튜브(CNT),3.45,011780,금호석유화학,테마 편입 사유,133700.0,상승  400,0.3,133300.0,133500.0,71695.0,9633.0,92831.0,,,0.525903,2.36138079,"6,091.39",123.64,2.07,2026-04-15 15:34:32
513,미용기기,2.76,278470,에이피알,테마 편입 사유,413000.0,"상승  27,000",6.99,407000.0,408000.0,414010.0,167497.0,519651.0,,,0.212743,2.31962199,"6,091.39",123.64,2.07,2026-04-15 15:34:32
513,미용기기,2.76,199550,레이저옵텍 *,테마 편입 사유,5550.0,상승  290,5.51,5540.0,5550.0,153376.0,842.0,35002.0,,,0.212743,2.31962199,"6,091.39",123.64,2.07,2026-04-15 15:34:32
513,미용기기,2.76,086900,메디톡스 *,테마 편입 사유,106300.0,"상승  5,400",5.35,105900.0,106000.0,60340.0,6313.0,23755.0,,,0.212743,2.31962199,"6,091.39",123.64,2.07,2026-04-15 15:34:32
513,미용기기,2.76,214150,클래시스 *,테마 편입 사유,56700.0,"상승  2,300",4.23,56500.0,56600.0,371572.0,21054.0,137115.0,,,0.212743,2.31962199,"6,091.39",123.64,2.07,2026-04-15 15:34:32
513,미용기기,2.76,145020,휴젤 *,테마 편입 사유,263500.0,"상승  10,500",4.15,263000.0,263500.0,32011.0,8350.0,42741.0,,,0.212743,2.31962199,"6,091.39",123.64,2.07,2026-04-15 15:34:32
513,미용기기,2.76,256840,한국비엔씨 *,테마 편입 사유,3995.0,상승  155,4.04,3970.0,3975.0,496643.0,1969.0,371780.0,,,0.212743,2.31962199,"6,091.39",123.64,2.07,2026-04-15 15:34:32
513,미용기기,2.76,000100,유한양행,테마 편입 사유,97200.0,"상승  3,600",3.85,96900.0,97000.0,314661.0,30493.0,185440.0,,,0.212743,2.31962199,"6,091.39",123.64,2.07,2026-04-15 15:34:32
513,미용기기,2.76,069620,대웅제약,테마 편입 사유,155100.0,"상승  5,100",3.4,154900.0,155000.0,43250.0,6684.0,30575.0,,,0.212743,2.31962199,"6,091.39",123.64,2.07,2026-04-15 15:34:32
513,미용기기,2.76,483650,달바글로벌,테마 편입 사유,190000.0,"상승  5,800",3.15,190200.0,190400.0,197817.0,37533.0,242661.0,,,0.212743,2.31962199,"6,091.39",123.64,2.07,2026-04-15 15:34:32
513,미용기기,2.76,240550,동방메디컬 *,테마 편입 사유,6800.0,상승  160,2.41,6790.0,6800.0,106545.0,719.0,87070.0,,,0.212743,2.31962199,"6,091.39",123.64,2.07,2026-04-15 15:34:32
513,미용기기,2.76,200670,휴메딕스 *,테마 편입 사유,34250.0,상승  800,2.39,34150.0,34200.0,32546.0,1108.0,37789.0,,,0.212743,2.31962199,"6,091.39",123.64,2.07,2026-04-15 15:34:32
513,미용기기,2.76,462510,라메디텍 *,테마 편입 사유,5030.0,상승  100,2.03,5060.0,5070.0,37065.0,184.0,22213.0,,,0.212743,2.31962199,"6,091.39",123.64,2.07,2026-04-15 15:34:32
513,미용기기,2.76,336570,원텍 *,테마 편입 사유,7570.0,상승  110,1.47,7540.0,7550.0,609641.0,4629.0,435675.0,,,0.212743,2.31962199,"6,091.39",123.64,2.07,2026-04-15 15:34:32
513,미용기기,2.76,450950,아스테라시스 *,테마 편입 사유,11700.0,상승  120,1.04,11590.0,11600.0,69038.0,805.0,87780.0,,,0.212743,2.31962199,"6,091.39",123.64,2.07,2026-04-15 15:34:32
513,미용기기,2.76,216080,제테마 *,테마 편입 사유,7380.0,상승  20,0.27,7350.0,7400.0,272718.0,2019.0,125864.0,,,0.212743,2.31962199,"6,091.39",123.64,2.07,2026-04-15 15:34:32
513,미용기기,2.76,219750,한국비티비 *,테마 편입 사유,896.0,상승  1,0.11,893.0,895.0,38450.0,34.0,51199.0,,,0.212743,2.31962199,"6,091.39",123.64,2.07,2026-04-15 15:34:32
513,미용기기,2.76,214450,파마리서치 *,테마 편입 사유,298500.0,보합0,0.0,297500.0,298000.0,52147.0,15618.0,39495.0,,,0.212743,2.31962199,"6,091.39",123.64,2.07,2026-04-15 15:34:32
513,미용기기,2.76,084110,휴온스글로벌 *,테마 편입 사유,53700.0,하락  400,-0.74,53600.0,54000.0,41701.0,2242.0,29106.0,,,0.212743,2.31962199,"6,091.39",123.64,2.07,2026-04-15 15:34:32
191,태양광에너지,3.31,010060,OCI홀딩스,테마 편입 사유,235000.0,"상승  46,900",24.93,233500.0,234000.0,996693.0,231200.0,325082.0,,,0.622351,2.0217334300000003,"6,091.39",123.64,2.07,2026-04-15 15:34:32
191,태양광에너지,3.31,078600,대주전자재료 *,테마 편입 사유,136000.0,"상승  19,700",16.94,135900.0,136000.0,907284.0,119471.0,461271.0,,,0.622351,2.0217334300000003,"6,091.39",123.64,2.07,2026-04-15 15:34:32
191,태양광에너지,3.31,036930,주성엔지니어링 *,테마 편입 사유,70600.0,"상승  7,000",11.01,70400.0,70500.0,2871307.0,202714.0,762014.0,,,0.622351,2.0217334300000003,"6,091.39",123.64,2.07,2026-04-15 15:34:32
191,태양광에너지,3.31,121600,나노신소재 *,테마 편입 사유,75800.0,"상승  7,400",10.82,75200.0,75300.0,435324.0,32322.0,80966.0,,,0.622351,2.0217334300000003,"6,091.39",123.64,2.07,2026-04-15 15:34:32
191,태양광에너지,3.31,011930,신성이엔지,테마 편입 사유,4120.0,상승  380,10.16,4150.0,4155.0,120008819.0,490557.0,37352193.0,,,0.622351,2.0217334300000003,"6,091.39",123.64,2.07,2026-04-15 15:34:32
191,태양광에너지,3.31,281740,레이크머티리얼즈 *,테마 편입 사유,21950.0,"상승  1,850",9.2,21850.0,21900.0,1698348.0,36630.0,531375.0,,,0.622351,2.0217334300000003,"6,091.39",123.64,2.07,2026-04-15 15:34:32
191,태양광에너지,3.31,388050,지투파워 *,테마 편입 사유,13980.0,"상승  1,050",8.12,13750.0,13760.0,7631348.0,106574.0,1817501.0,,,0.622351,2.0217334300000003,"6,091.39",123.64,2.07,2026-04-15 15:34:32
191,태양광에너지,3.31,086390,유니테스트 *,테마 편입 사유,17770.0,"상승  1,180",7.11,17680.0,17690.0,627780.0,11269.0,210629.0,,,0.622351,2.0217334300000003,"6,091.39",123.64,2.07,2026-04-15 15:34:32
191,태양광에너지,3.31,095910,에스에너지 *,테마 편입 사유,2035.0,상승  133,6.99,2005.0,2010.0,21388672.0,44911.0,3043980.0,,,0.622351,2.0217334300000003,"6,091.39",123.64,2.07,2026-04-15 15:34:32
191,태양광에너지,3.31,456040,OCI,테마 편입 사유,96100.0,"상승  6,000",6.66,95600.0,95700.0,454798.0,44897.0,38160.0,,,0.622351,2.0217334300000003,"6,091.39",123.64,2.07,2026-04-15 15:34:32
191,태양광에너지,3.31,043200,파루 *,테마 편입 사유,1057.0,상승  62,6.23,1055.0,1059.0,1359963.0,1415.0,467274.0,,,0.622351,2.0217334300000003,"6,091.39",123.64,2.07,2026-04-15 15:34:32
191,태양광에너지,3.31,003070,코오롱글로벌,테마 편입 사유,12450.0,상승  720,6.14,12430.0,12440.0,687082.0,8802.0,71141.0,,,0.622351,2.0217334300000003,"6,091.39",123.64,2.07,2026-04-15 15:34:32
191,태양광에너지,3.31,453450,그리드위즈 *,테마 편입 사유,20000.0,"상승  1,000",5.26,19960.0,19990.0,210497.0,4140.0,125722.0,,,0.622351,2.0217334300000003,"6,091.39",123.64,2.07,2026-04-15 15:34:32
191,태양광에너지,3.31,028260,삼성물산,테마 편입 사유,307500.0,"상승  11,500",3.89,308000.0,308500.0,403704.0,124638.0,409310.0,,,0.622351,2.0217334300000003,"6,091.39",123.64,2.07,2026-04-15 15:34:32
191,태양광에너지,3.31,104040,대성파인텍 *,테마 편입 사유,702.0,상승  19,2.78,699.0,701.0,257814.0,180.0,162474.0,,,0.622351,2.0217334300000003,"6,091.39",123.64,2.07,2026-04-15 15:34:32
191,태양광에너지,3.31,109610,에스와이 *,테마 편입 사유,2995.0,상승  70,2.39,2975.0,2980.0,331504.0,991.0,206118.0,,,0.622351,2.0217334300000003,"6,091.39",123.64,2.07,2026-04-15 15:34:32
191,태양광에너지,3.31,000880,한화,테마 편입 사유,126700.0,"상승  2,800",2.26,126500.0,126600.0,190916.0,24260.0,272345.0,,,0.622351,2.0217334300000003,"6,091.39",123.64,2.07,2026-04-15 15:34:32
191,태양광에너지,3.31,099220,SDN *,테마 편입 사유,1375.0,상승  29,2.15,1367.0,1370.0,1279256.0,1713.0,1144618.0,,,0.622351,2.0217334300000003,"6,091.39",123.64,2.07,2026-04-15 15:34:32
191,태양광에너지,3.31,083310,엘오티베큠 *,테마 편입 사유,14150.0,상승  290,2.09,14180.0,14190.0,223889.0,3170.0,225779.0,,,0.622351,2.0217334300000003,"6,091.39",123.64,2.07,2026-04-15 15:34:32
191,태양광에너지,3.31,039020,이건홀딩스 *,테마 편입 사유,3450.0,상승  65,1.92,3425.0,3430.0,78122.0,268.0,48586.0,,,0.622351,2.0217334300000003,"6,091.39",123.64,2.07,2026-04-15 15:34:32
191,태양광에너지,3.31,083930,아바코 *,테마 편입 사유,14100.0,상승  250,1.81,14040.0,14080.0,85109.0,1194.0,100304.0,,,0.622351,2.0217334300000003,"6,091.39",123.64,2.07,2026-04-15 15:34:32
191,태양광에너지,3.31,140670,알에스오토메이션 *,테마 편입 사유,16490.0,상승  290,1.79,16340.0,16350.0,197281.0,3237.0,201547.0,,,0.622351,2.0217334300000003,"6,091.39",123.64,2.07,2026-04-15 15:34:32
191,태양광에너지,3.31,002150,도화엔지니어링,테마 편입 사유,7380.0,상승  120,1.65,7380.0,7390.0,457311.0,3409.0,285644.0,,,0.622351,2.0217334300000003,"6,091.39",123.64,2.07,2026-04-15 15:34:32
191,태양광에너지,3.31,322000,HD현대에너지솔루션,테마 편입 사유,160000.0,"상승  2,200",1.39,160100.0,160200.0,665567.0,106472.0,658770.0,,,0.622351,2.0217334300000003,"6,091.39",123.64,2.07,2026-04-15 15:34:32
191,태양광에너지,3.31,126720,수산인더스트리,테마 편입 사유,29200.0,상승  300,1.04,29100.0,29150.0,89278.0,2592.0,52744.0,,,0.622351,2.0217334300000003,"6,091.39",123.64,2.07,2026-04-15 15:34:32
191,태양광에너지,3.31,002380,KCC,테마 편입 사유,547000.0,"상승  5,000",0.92,543000.0,544000.0,30887.0,16899.0,35406.0,,,0.622351,2.0217334300000003,"6,091.39",123.64,2.07,2026-04-15 15:34:32
191,태양광에너지,3.31,093520,매커스 *,테마 편입 사유,24550.0,상승  200,0.82,24400.0,24500.0,54511.0,1349.0,66448.0,,,0.622351,2.0217334300000003,"6,091.39",123.64,2.07,2026-04-15 15:34:32
191,태양광에너지,3.31,004710,한솔테크닉스,테마 편입 사유,7460.0,상승  60,0.81,7490.0,7510.0,2982174.0,21760.0,14381244.0,,,0.622351,2.0217334300000003,"6,091.39",123.64,2.07,2026-04-15 15:34:32
191,태양광에너지,3.31,010120,LS ELECTRIC,테마 편입 사유,186800.0,"상승  1,200",0.65,186300.0,186400.0,1038865.0,195375.0,2148525.0,,,0.622351,2.0217334300000003,"6,091.39",123.64,2.07,2026-04-15 15:34:32
191,태양광에너지,3.31,282720,금양그린파워 *,테마 편입 사유,14710.0,상승  90,0.62,14720.0,14730.0,274233.0,3996.0,313361.0,,,0.622351,2.0217334300000003,"6,091.39",123.64,2.07,2026-04-15 15:34:32
191,태양광에너지,3.31,009830,한화솔루션,테마 편입 사유,42400.0,상승  250,0.59,42450.0,42500.0,2152003.0,91845.0,5548993.0,,,0.622351,2.0217334300000003,"6,091.39",123.64,2.07,2026-04-15 15:34:32
191,태양광에너지,3.31,240810,원익IPS *,테마 편입 사유,122600.0,상승  600,0.49,122300.0,122400.0,684748.0,83810.0,441490.0,,,0.622351,2.0217334300000003,"6,091.39",123.64,2.07,2026-04-15 15:34:32
191,태양광에너지,3.31,042600,새로닉스 *,테마 편입 사유,19250.0,상승  50,0.26,19290.0,19300.0,133249.0,2599.0,123788.0,,,0.622351,2.0217334300000003,"6,091.39",123.64,2.07,2026-04-15 15:34:32
191,태양광에너지,3.31,058730,다스코,테마 편입 사유,3895.0,상승  5,0.13,3870.0,3895.0,274588.0,1072.0,259736.0,,,0.622351,2.0217334300000003,"6,091.39",123.64,2.07,2026-04-15 15:34:32
191,태양광에너지,3.31,015760,한국전력,테마 편입 사유,44350.0,보합0,0.0,44300.0,44350.0,3190433.0,142373.0,3020419.0,,,0.622351,2.0217334300000003,"6,091.39",123.64,2.07,2026-04-15 15:34:32
191,태양광에너지,3.31,003010,혜인,테마 편입 사유,6050.0,보합0,0.0,6050.0,6060.0,171972.0,1042.0,253507.0,,,0.622351,2.0217334300000003,"6,091.39",123.64,2.07,2026-04-15 15:34:32
191,태양광에너지,3.31,012340,뉴인텍 *,테마 편입 사유,287.0,보합0,0.0,0.0,0.0,0.0,0.0,0.0,,,0.622351,2.0217334300000003,"6,091.39",123.64,2.07,2026-04-15 15:34:32
191,태양광에너지,3.31,060900,에이전트AI *,테마 편입 사유,345.0,보합0,0.0,0.0,0.0,0.0,0.0,0.0,,,0.622351,2.0217334300000003,"6,091.39",123.64,2.07,2026-04-15 15:34:32
191,태양광에너지,3.31,183300,코미코 *,테마 편입 사유,131900.0,하락  600,-0.45,131700.0,131800.0,147005.0,19304.0,148564.0,,,0.622351,2.0217334300000003,"6,091.39",123.64,2.07,2026-04-15 15:34:32
191,태양광에너지,3.31,050760,에스폴리텍 *,테마 편입 사유,1421.0,하락  28,-1.93,1420.0,1422.0,140272.0,197.0,287623.0,,,0.622351,2.0217334300000003,"6,091.39",123.64,2.07,2026-04-15 15:34:32
191,태양광에너지,3.31,389260,대명에너지 *,테마 편입 사유,22500.0,하락  450,-1.96,22500.0,22550.0,233883.0,5231.0,211368.0,,,0.622351,2.0217334300000003,"6,091.39",123.64,2.07,2026-04-15 15:34:32
191,태양광에너지,3.31,475150,SK이터닉스,테마 편입 사유,55300.0,"하락  1,500",-2.64,55100.0,55200.0,1137844.0,62804.0,1463409.0,,,0.622351,2.0217334300000003,"6,091.39",123.64,2.07,2026-04-15 15:34:32
191,태양광에너지,3.31,115530,씨엔플러스 *,테마 편입 사유,366.0,하락  14,-3.68,365.0,367.0,1307071.0,480.0,1407844.0,,,0.622351,2.0217334300000003,"6,091.39",123.64,2.07,2026-04-15 15:34:32
191,태양광에너지,3.31,382800,지앤비에스 에코 *,테마 편입 사유,7350.0,하락  300,-3.92,7300.0,7320.0,1042980.0,7693.0,1032328.0,,,0.622351,2.0217334300000003,"6,091.39",123.64,2.07,2026-04-15 15:34:32
205,원자력발전,2.97,001440,대한전선,테마 편입 사유,41250.0,"상승  9,100",28.3,41600.0,41650.0,40745010.0,1597087.0,3425175.0,,,0.73439,1.4498127000000003,"6,091.39",123.64,2.07,2026-04-15 15:34:32
205,원자력발전,2.97,047040,대우건설,테마 편입 사유,28500.0,"상승  5,000",21.28,28400.0,28450.0,89988747.0,2504282.0,30363441.0,,,0.73439,1.4498127000000003,"6,091.39",123.64,2.07,2026-04-15 15:34:32
205,원자력발전,2.97,044490,태웅 *,테마 편입 사유,51300.0,"상승  4,750",10.2,51100.0,51200.0,670925.0,33479.0,353868.0,,,0.73439,1.4498127000000003,"6,091.39",123.64,2.07,2026-04-15 15:34:32
205,원자력발전,2.97,006360,GS건설,테마 편입 사유,41000.0,"상승  3,550",9.48,40850.0,40900.0,10857993.0,442148.0,3658598.0,,,0.73439,1.4498127000000003,"6,091.39",123.64,2.07,2026-04-15 15:34:32
205,원자력발전,2.97,046120,오르비텍 *,테마 편입 사유,11200.0,상승  880,8.53,11240.0,11250.0,3400963.0,37745.0,1491841.0,,,0.73439,1.4498127000000003,"6,091.39",123.64,2.07,2026-04-15 15:34:32
205,원자력발전,2.97,388050,지투파워 *,테마 편입 사유,13980.0,"상승  1,050",8.12,13750.0,13760.0,7631348.0,106574.0,1817501.0,,,0.73439,1.4498127000000003,"6,091.39",123.64,2.07,2026-04-15 15:34:32
205,원자력발전,2.97,012210,삼미금속 *,테마 편입 사유,14460.0,"상승  1,040",7.75,14390.0,14400.0,362054.0,5126.0,214207.0,,,0.73439,1.4498127000000003,"6,091.39",123.64,2.07,2026-04-15 15:34:32
205,원자력발전,2.97,095190,이엠코리아 *,테마 편입 사유,2610.0,상승  120,4.82,2610.0,2615.0,830304.0,2133.0,338591.0,,,0.73439,1.4498127000000003,"6,091.39",123.64,2.07,2026-04-15 15:34:32
205,원자력발전,2.97,019990,에너토크 *,테마 편입 사유,9130.0,상승  400,4.58,9130.0,9160.0,218471.0,1987.0,81668.0,,,0.73439,1.4498127000000003,"6,091.39",123.64,2.07,2026-04-15 15:34:32
205,원자력발전,2.97,034020,두산에너빌리티,테마 편입 사유,104200.0,"상승  4,500",4.51,104100.0,104200.0,5469233.0,571128.0,1937143.0,,,0.73439,1.4498127000000003,"6,091.39",123.64,2.07,2026-04-15 15:34:32
205,원자력발전,2.97,098070,한텍 *,테마 편입 사유,45350.0,"상승  1,900",4.37,45450.0,45500.0,391702.0,17814.0,144996.0,,,0.73439,1.4498127000000003,"6,091.39",123.64,2.07,2026-04-15 15:34:32
205,원자력발전,2.97,006910,보성파워텍 *,테마 편입 사유,10400.0,상승  370,3.69,10410.0,10420.0,4829012.0,50346.0,2617966.0,,,0.73439,1.4498127000000003,"6,091.39",123.64,2.07,2026-04-15 15:34:32
205,원자력발전,2.97,032820,우리기술 *,테마 편입 사유,21750.0,상승  750,3.57,21650.0,21700.0,17273210.0,378920.0,7504368.0,,,0.73439,1.4498127000000003,"6,091.39",123.64,2.07,2026-04-15 15:34:32
205,원자력발전,2.97,375500,DL이앤씨,테마 편입 사유,102500.0,"상승  3,500",3.54,102600.0,102700.0,2356885.0,242566.0,2989841.0,,,0.73439,1.4498127000000003,"6,091.39",123.64,2.07,2026-04-15 15:34:32
205,원자력발전,2.97,130660,한전산업,테마 편입 사유,19390.0,상승  630,3.36,19420.0,19430.0,715682.0,13900.0,316608.0,,,0.73439,1.4498127000000003,"6,091.39",123.64,2.07,2026-04-15 15:34:32
205,원자력발전,2.97,189860,서전기전 *,테마 편입 사유,5690.0,상승  180,3.27,5640.0,5650.0,396681.0,2231.0,196506.0,,,0.73439,1.4498127000000003,"6,091.39",123.64,2.07,2026-04-15 15:34:32
205,원자력발전,2.97,096350,대창솔루션 *,테마 편입 사유,3055.0,상승  95,3.21,3055.0,3060.0,1142579.0,3448.0,1311734.0,,,0.73439,1.4498127000000003,"6,091.39",123.64,2.07,2026-04-15 15:34:32
205,원자력발전,2.97,052690,한전기술,테마 편입 사유,178500.0,"상승  5,500",3.18,178600.0,178700.0,339235.0,61400.0,305644.0,,,0.73439,1.4498127000000003,"6,091.39",123.64,2.07,2026-04-15 15:34:32
205,원자력발전,2.97,094820,일진파워 *,테마 편입 사유,17950.0,상승  550,3.16,17980.0,17990.0,651724.0,11726.0,238505.0,,,0.73439,1.4498127000000003,"6,091.39",123.64,2.07,2026-04-15 15:34:32
205,원자력발전,2.97,054540,삼영엠텍 *,테마 편입 사유,11640.0,상승  340,3.01,11640.0,11650.0,207126.0,2411.0,202933.0,,,0.73439,1.4498127000000003,"6,091.39",123.64,2.07,2026-04-15 15:34:32
205,원자력발전,2.97,053690,한미글로벌,테마 편입 사유,33200.0,상승  900,2.79,33050.0,33150.0,812510.0,27304.0,525631.0,,,0.73439,1.4498127000000003,"6,091.39",123.64,2.07,2026-04-15 15:34:32
205,원자력발전,2.97,083650,비에이치아이 *,테마 편입 사유,93700.0,"상승  2,500",2.74,93500.0,93600.0,459813.0,43814.0,346593.0,,,0.73439,1.4498127000000003,"6,091.39",123.64,2.07,2026-04-15 15:34:32
205,원자력발전,2.97,011700,한신기계,테마 편입 사유,4495.0,상승  105,2.39,4490.0,4500.0,651181.0,2943.0,264490.0,,,0.73439,1.4498127000000003,"6,091.39",123.64,2.07,2026-04-15 15:34:32
205,원자력발전,2.97,105840,우진,테마 편입 사유,24150.0,상승  450,1.9,24150.0,24200.0,535760.0,13110.0,298679.0,,,0.73439,1.4498127000000003,"6,091.39",123.64,2.07,2026-04-15 15:34:32
205,원자력발전,2.97,000720,현대건설,테마 편입 사유,179100.0,"상승  2,400",1.36,178900.0,179000.0,1824476.0,331973.0,1110504.0,,,0.73439,1.4498127000000003,"6,091.39",123.64,2.07,2026-04-15 15:34:32
205,원자력발전,2.97,086670,비엠티 *,테마 편입 사유,15830.0,상승  210,1.34,15800.0,15820.0,71409.0,1127.0,148299.0,,,0.73439,1.4498127000000003,"6,091.39",123.64,2.07,2026-04-15 15:34:32
205,원자력발전,2.97,457550,우진엔텍 *,테마 편입 사유,26200.0,상승  300,1.16,26100.0,26200.0,135703.0,3578.0,109065.0,,,0.73439,1.4498127000000003,"6,091.39",123.64,2.07,2026-04-15 15:34:32
205,원자력발전,2.97,126720,수산인더스트리,테마 편입 사유,29200.0,상승  300,1.04,29100.0,29150.0,89278.0,2592.0,52744.0,,,0.73439,1.4498127000000003,"6,091.39",123.64,2.07,2026-04-15 15:34:32
205,원자력발전,2.97,051600,한전KPS,테마 편입 사유,59000.0,상승  600,1.03,58900.0,59000.0,198573.0,11729.0,146074.0,,,0.73439,1.4498127000000003,"6,091.39",123.64,2.07,2026-04-15 15:34:32
205,원자력발전,2.97,136150,원일티엔아이 *,테마 편입 사유,16800.0,상승  160,0.96,16960.0,16970.0,31322.0,526.0,21804.0,,,0.73439,1.4498127000000003,"6,091.39",123.64,2.07,2026-04-15 15:34:32
205,원자력발전,2.97,187220,디티앤씨 *,테마 편입 사유,3135.0,상승  25,0.8,3130.0,3135.0,41522.0,130.0,59333.0,,,0.73439,1.4498127000000003,"6,091.39",123.64,2.07,2026-04-15 15:34:32
205,원자력발전,2.97,010120,LS ELECTRIC,테마 편입 사유,186800.0,"상승  1,200",0.65,186300.0,186400.0,1038865.0,195375.0,2148525.0,,,0.73439,1.4498127000000003,"6,091.39",123.64,2.07,2026-04-15 15:34:32
205,원자력발전,2.97,282720,금양그린파워 *,테마 편입 사유,14710.0,상승  90,0.62,14720.0,14730.0,274233.0,3996.0,313361.0,,,0.73439,1.4498127000000003,"6,091.39",123.64,2.07,2026-04-15 15:34:32
205,원자력발전,2.97,036640,HRS *,테마 편입 사유,5280.0,상승  30,0.57,5270.0,5280.0,81593.0,429.0,60118.0,,,0.73439,1.4498127000000003,"6,091.39",123.64,2.07,2026-04-15 15:34:32
205,원자력발전,2.97,023160,태광 *,테마 편입 사유,45200.0,상승  250,0.56,45000.0,45050.0,385006.0,17303.0,680050.0,,,0.73439,1.4498127000000003,"6,091.39",123.64,2.07,2026-04-15 15:34:32
205,원자력발전,2.97,103230,에스앤더블류 *,테마 편입 사유,3790.0,상승  15,0.4,3780.0,3785.0,27835.0,105.0,20151.0,,,0.73439,1.4498127000000003,"6,091.39",123.64,2.07,2026-04-15 15:34:32
205,원자력발전,2.97,036190,금화피에스시 *,테마 편입 사유,36850.0,상승  50,0.14,36850.0,37000.0,10011.0,370.0,10785.0,,,0.73439,1.4498127000000003,"6,091.39",123.64,2.07,2026-04-15 15:34:32
205,원자력발전,2.97,015760,한국전력,테마 편입 사유,44350.0,보합0,0.0,44300.0,44350.0,3190433.0,142373.0,3020419.0,,,0.73439,1.4498127000000003,"6,091.39",123.64,2.07,2026-04-15 15:34:32
205,원자력발전,2.97,007460,에이프로젠,테마 편입 사유,293.0,보합0,0.0,0.0,0.0,0.0,0.0,0.0,,,0.73439,1.4498127000000003,"6,091.39",123.64,2.07,2026-04-15 15:34:32
205,원자력발전,2.97,040610,SG&G *,테마 편입 사유,2110.0,보합0,0.0,2095.0,2105.0,68309.0,144.0,72598.0,,,0.73439,1.4498127000000003,"6,091.39",123.64,2.07,2026-04-15 15:34:32
205,원자력발전,2.97,140520,대창스틸 *,테마 편입 사유,2270.0,하락  10,-0.44,2275.0,2280.0,29828.0,68.0,44839.0,,,0.73439,1.4498127000000003,"6,091.39",123.64,2.07,2026-04-15 15:34:32
205,원자력발전,2.97,038010,제일테크노스 *,테마 편입 사유,6610.0,하락  30,-0.45,6610.0,6630.0,45132.0,299.0,26326.0,,,0.73439,1.4498127000000003,"6,091.39",123.64,2.07,2026-04-15 15:34:32
205,원자력발전,2.97,105740,디케이락 *,테마 편입 사유,10290.0,하락  60,-0.58,10290.0,10300.0,132024.0,1359.0,133091.0,,,0.73439,1.4498127000000003,"6,091.39",123.64,2.07,2026-04-15 15:34:32
205,원자력발전,2.97,114190,강원에너지 *,테마 편입 사유,13960.0,하락  90,-0.64,13950.0,13960.0,204614.0,2867.0,284834.0,,,0.73439,1.4498127000000003,"6,091.39",123.64,2.07,2026-04-15 15:34:32
205,원자력발전,2.97,081150,티플랙스 *,테마 편입 사유,3630.0,하락  30,-0.82,3610.0,3620.0,319522.0,1160.0,477336.0,,,0.73439,1.4498127000000003,"6,091.39",123.64,2.07,2026-04-15 15:34:32
205,원자력발전,2.97,045100,한양이엔지 *,테마 편입 사유,32700.0,하락  300,-0.91,32500.0,32600.0,228031.0,7598.0,203820.0,,,0.73439,1.4498127000000003,"6,091.39",123.64,2.07,2026-04-15 15:34:32
205,원자력발전,2.97,014620,성광벤드 *,테마 편입 사유,38600.0,하락  500,-1.28,38500.0,38550.0,230607.0,8934.0,430168.0,,,0.73439,1.4498127000000003,"6,091.39",123.64,2.07,2026-04-15 15:34:32
205,원자력발전,2.97,013030,하이록코리아 *,테마 편입 사유,40750.0,하락  900,-2.16,40550.0,40650.0,75510.0,3091.0,85424.0,,,0.73439,1.4498127000000003,"6,091.39",123.64,2.07,2026-04-15 15:34:32
205,원자력발전,2.97,298040,효성중공업,테마 편입 사유,2965000.0,"하락  77,000",-2.53,2965000.0,2966000.0,75062.0,225847.0,69335.0,,,0.73439,1.4498127000000003,"6,091.39",123.64,2.07,2026-04-15 15:34:32
205,원자력발전,2.97,100840,SNT에너지,테마 편입 사유,55700.0,"하락  2,400",-4.13,55200.0,55300.0,600905.0,33600.0,801328.0,,,0.73439,1.4498127000000003,"6,091.39",123.64,2.07,2026-04-15 15:34:32
397,보톡스(보툴리눔톡신),1.82,086900,메디톡스 *,테마 편입 사유,106300.0,"상승  5,400",5.35,105900.0,106000.0,60340.0,6313.0,23755.0,,,0.231463,1.3408715900000001,"6,091.39",123.64,2.07,2026-04-15 15:34:32
397,보톡스(보툴리눔톡신),1.82,145020,휴젤 *,테마 편입 사유,263500.0,"상승  10,500",4.15,263000.0,263500.0,32011.0,8350.0,42741.0,,,0.231463,1.3408715900000001,"6,091.39",123.64,2.07,2026-04-15 15:34:32
397,보톡스(보툴리눔톡신),1.82,256840,한국비엔씨 *,테마 편입 사유,3995.0,상승  155,4.04,3970.0,3975.0,496643.0,1969.0,371780.0,,,0.231463,1.3408715900000001,"6,091.39",123.64,2.07,2026-04-15 15:34:32
397,보톡스(보툴리눔톡신),1.82,206650,유바이오로직스 *,테마 편입 사유,13420.0,상승  480,3.71,13400.0,13410.0,292703.0,3886.0,356586.0,,,0.231463,1.3408715900000001,"6,091.39",123.64,2.07,2026-04-15 15:34:32
397,보톡스(보툴리눔톡신),1.82,069620,대웅제약,테마 편입 사유,155100.0,"상승  5,100",3.4,154900.0,155000.0,43250.0,6684.0,30575.0,,,0.231463,1.3408715900000001,"6,091.39",123.64,2.07,2026-04-15 15:34:32
397,보톡스(보툴리눔톡신),1.82,362320,청담글로벌 *,테마 편입 사유,5230.0,상승  130,2.55,5220.0,5230.0,61238.0,317.0,32913.0,,,0.231463,1.3408715900000001,"6,091.39",123.64,2.07,2026-04-15 15:34:32
397,보톡스(보툴리눔톡신),1.82,200670,휴메딕스 *,테마 편입 사유,34250.0,상승  800,2.39,34150.0,34200.0,32546.0,1108.0,37789.0,,,0.231463,1.3408715900000001,"6,091.39",123.64,2.07,2026-04-15 15:34:32
397,보톡스(보툴리눔톡신),1.82,243070,휴온스 *,테마 편입 사유,26800.0,상승  500,1.9,26650.0,26800.0,20675.0,549.0,12980.0,,,0.231463,1.3408715900000001,"6,091.39",123.64,2.07,2026-04-15 15:34:32
397,보톡스(보툴리눔톡신),1.82,109740,디에스케이 *,테마 편입 사유,5130.0,상승  60,1.18,5120.0,5130.0,29845.0,151.0,68374.0,,,0.231463,1.3408715900000001,"6,091.39",123.64,2.07,2026-04-15 15:34:32
397,보톡스(보툴리눔톡신),1.82,216080,제테마 *,테마 편입 사유,7380.0,상승  20,0.27,7350.0,7400.0,272718.0,2019.0,125864.0,,,0.231463,1.3408715900000001,"6,091.39",123.64,2.07,2026-04-15 15:34:32
397,보톡스(보툴리눔톡신),1.82,214450,파마리서치 *,테마 편입 사유,298500.0,보합0,0.0,297500.0,298000.0,52147.0,15618.0,39495.0,,,0.231463,1.3408715900000001,"6,091.39",123.64,2.07,2026-04-15 15:34:32
397,보톡스(보툴리눔톡신),1.82,084110,휴온스글로벌 *,테마 편입 사유,53700.0,하락  400,-0.74,53600.0,54000.0,41701.0,2242.0,29106.0,,,0.231463,1.3408715900000001,"6,091.39",123.64,2.07,2026-04-15 15:34:32
397,보톡스(보툴리눔톡신),1.82,061040,알에프텍 *,테마 편입 사유,2430.0,하락  115,-4.52,2425.0,2430.0,2166503.0,5466.0,11178154.0,,,0.231463,1.3408715900000001,"6,091.39",123.64,2.07,2026-04-15 15:34:32
575,지역화폐,2.6,294570,쿠콘 *,테마 편입 사유,29400.0,"상승  1,400",5.0,29250.0,29350.0,72904.0,2131.0,32516.0,,,0.656144,1.2417819200000002,"6,091.39",123.64,2.07,2026-04-15 15:34:32
575,지역화폐,2.6,053580,웹케시 *,테마 편입 사유,8880.0,상승  270,3.14,8870.0,8900.0,42902.0,379.0,46301.0,,,0.656144,1.2417819200000002,"6,091.39",123.64,2.07,2026-04-15 15:34:32
575,지역화폐,2.6,094480,갤럭시아머니트리 *,테마 편입 사유,8820.0,상승  210,2.44,8820.0,8830.0,587583.0,5197.0,406910.0,,,0.656144,1.2417819200000002,"6,091.39",123.64,2.07,2026-04-15 15:34:32
575,지역화폐,2.6,052400,코나아이 *,테마 편입 사유,60700.0,"상승  1,000",1.68,60500.0,60800.0,138650.0,8391.0,72355.0,,,0.656144,1.2417819200000002,"6,091.39",123.64,2.07,2026-04-15 15:34:32
575,지역화폐,2.6,088340,유라클 *,테마 편입 사유,12390.0,상승  90,0.73,12340.0,12370.0,55825.0,692.0,166475.0,,,0.656144,1.2417819200000002,"6,091.39",123.64,2.07,2026-04-15 15:34:32
452,코로나19(음압병실/음압구급차),2.23,011930,신성이엔지,테마 편입 사유,4120.0,상승  380,10.16,4150.0,4155.0,120008819.0,490557.0,37352193.0,,,0.477986,1.24056898,"6,091.39",123.64,2.07,2026-04-15 15:34:32
452,코로나19(음압병실/음압구급차),2.23,109610,에스와이 *,테마 편입 사유,2995.0,상승  70,2.39,2975.0,2980.0,331504.0,991.0,206118.0,,,0.477986,1.24056898,"6,091.39",123.64,2.07,2026-04-15 15:34:32
452,코로나19(음압병실/음압구급차),2.23,067170,오텍 *,테마 편입 사유,2330.0,상승  45,1.97,2305.0,2320.0,531974.0,1201.0,425132.0,,,0.477986,1.24056898,"6,091.39",123.64,2.07,2026-04-15 15:34:32
452,코로나19(음압병실/음압구급차),2.23,130500,GH신소재 *,테마 편입 사유,2580.0,상승  20,0.78,2580.0,2585.0,25732.0,66.0,34357.0,,,0.477986,1.24056898,"6,091.39",123.64,2.07,2026-04-15 15:34:32
452,코로나19(음압병실/음압구급차),2.23,053080,케이엔솔 *,테마 편입 사유,13220.0,상승  70,0.53,13220.0,13230.0,368877.0,4811.0,581279.0,,,0.477986,1.24056898,"6,091.39",123.64,2.07,2026-04-15 15:34:32
452,코로나19(음압병실/음압구급차),2.23,067570,엔브이에이치코리아 *,테마 편입 사유,2205.0,상승  5,0.23,2200.0,2205.0,93479.0,206.0,50828.0,,,0.477986,1.24056898,"6,091.39",123.64,2.07,2026-04-15 15:34:32
452,코로나19(음압병실/음압구급차),2.23,215380,우정바이오 *,테마 편입 사유,3085.0,하락  15,-0.48,3060.0,3070.0,385293.0,1174.0,704238.0,,,0.477986,1.24056898,"6,091.39",123.64,2.07,2026-04-15 15:34:32
472,2차전지(전고체),2.88,078600,대주전자재료 *,테마 편입 사유,136000.0,"상승  19,700",16.94,135900.0,136000.0,907284.0,119471.0,461271.0,,,0.825888,1.17041184,"6,091.39",123.64,2.07,2026-04-15 15:34:32
472,2차전지(전고체),2.88,317330,덕산테코피아 *,테마 편입 사유,21800.0,"상승  2,610",13.6,21450.0,21550.0,1008751.0,21256.0,234041.0,,,0.825888,1.17041184,"6,091.39",123.64,2.07,2026-04-15 15:34:32
472,2차전지(전고체),2.88,059090,미코 *,테마 편입 사유,16800.0,"상승  1,500",9.8,16830.0,16840.0,972396.0,15782.0,593499.0,,,0.825888,1.17041184,"6,091.39",123.64,2.07,2026-04-15 15:34:32
472,2차전지(전고체),2.88,281740,레이크머티리얼즈 *,테마 편입 사유,21950.0,"상승  1,850",9.2,21850.0,21900.0,1698348.0,36630.0,531375.0,,,0.825888,1.17041184,"6,091.39",123.64,2.07,2026-04-15 15:34:32
472,2차전지(전고체),2.88,457190,이수스페셜티케미컬,테마 편입 사유,104900.0,"상승  8,100",8.37,104500.0,104600.0,733375.0,76385.0,157355.0,,,0.825888,1.17041184,"6,091.39",123.64,2.07,2026-04-15 15:34:32
472,2차전지(전고체),2.88,009150,삼성전기,테마 편입 사유,614000.0,"상승  30,000",5.14,616000.0,617000.0,710068.0,439958.0,525813.0,,,0.825888,1.17041184,"6,091.39",123.64,2.07,2026-04-15 15:34:32
472,2차전지(전고체),2.88,413390,엠오티 *,테마 편입 사유,8710.0,상승  370,4.44,8650.0,8690.0,274608.0,2358.0,79774.0,,,0.825888,1.17041184,"6,091.39",123.64,2.07,2026-04-15 15:34:32
472,2차전지(전고체),2.88,011500,한농화성,테마 편입 사유,21850.0,상승  850,4.05,21850.0,21900.0,377775.0,8240.0,144321.0,,,0.825888,1.17041184,"6,091.39",123.64,2.07,2026-04-15 15:34:32
472,2차전지(전고체),2.88,222080,씨아이에스 *,테마 편입 사유,12510.0,상승  460,3.82,12530.0,12540.0,2177588.0,27165.0,958109.0,,,0.825888,1.17041184,"6,091.39",123.64,2.07,2026-04-15 15:34:32
472,2차전지(전고체),2.88,299030,하나기술 *,테마 편입 사유,27700.0,상승  900,3.36,27500.0,27550.0,27932.0,762.0,12576.0,,,0.825888,1.17041184,"6,091.39",123.64,2.07,2026-04-15 15:34:32
472,2차전지(전고체),2.88,382840,원준 *,테마 편입 사유,8980.0,상승  250,2.86,8940.0,8970.0,81422.0,729.0,86967.0,,,0.825888,1.17041184,"6,091.39",123.64,2.07,2026-04-15 15:34:32
472,2차전지(전고체),2.88,373220,LG에너지솔루션,테마 편입 사유,408000.0,"상승  8,000",2.0,407000.0,407500.0,272389.0,110845.0,269254.0,,,0.825888,1.17041184,"6,091.39",123.64,2.07,2026-04-15 15:34:32
472,2차전지(전고체),2.88,282880,코윈테크 *,테마 편입 사유,14880.0,상승  290,1.99,14880.0,14900.0,48232.0,714.0,46002.0,,,0.825888,1.17041184,"6,091.39",123.64,2.07,2026-04-15 15:34:32
472,2차전지(전고체),2.88,267320,나인테크 *,테마 편입 사유,3160.0,상승  60,1.94,3170.0,3180.0,1309543.0,4135.0,948211.0,,,0.825888,1.17041184,"6,091.39",123.64,2.07,2026-04-15 15:34:32
472,2차전지(전고체),2.88,083930,아바코 *,테마 편입 사유,14100.0,상승  250,1.81,14040.0,14080.0,85109.0,1194.0,100304.0,,,0.825888,1.17041184,"6,091.39",123.64,2.07,2026-04-15 15:34:32
472,2차전지(전고체),2.88,452200,민테크 *,테마 편입 사유,2510.0,상승  35,1.41,2505.0,2515.0,107121.0,268.0,83023.0,,,0.825888,1.17041184,"6,091.39",123.64,2.07,2026-04-15 15:34:32
472,2차전지(전고체),2.88,025900,동화기업 *,테마 편입 사유,11500.0,상승  140,1.23,11490.0,11500.0,295462.0,3384.0,254120.0,,,0.825888,1.17041184,"6,091.39",123.64,2.07,2026-04-15 15:34:32
472,2차전지(전고체),2.88,361610,SK아이이테크놀로지,테마 편입 사유,22950.0,상승  250,1.1,22850.0,22900.0,129767.0,2965.0,144240.0,,,0.825888,1.17041184,"6,091.39",123.64,2.07,2026-04-15 15:34:32
472,2차전지(전고체),2.88,055490,테이팩스,테마 편입 사유,17150.0,상승  170,1.0,17180.0,17230.0,30479.0,517.0,19808.0,,,0.825888,1.17041184,"6,091.39",123.64,2.07,2026-04-15 15:34:32
472,2차전지(전고체),2.88,277880,티에스아이 *,테마 편입 사유,5230.0,상승  30,0.58,5220.0,5250.0,82775.0,434.0,95673.0,,,0.825888,1.17041184,"6,091.39",123.64,2.07,2026-04-15 15:34:32
472,2차전지(전고체),2.88,020150,롯데에너지머티리얼즈,테마 편입 사유,46200.0,상승  200,0.43,45900.0,45950.0,244579.0,11255.0,331757.0,,,0.825888,1.17041184,"6,091.39",123.64,2.07,2026-04-15 15:34:32
472,2차전지(전고체),2.88,006400,삼성SDI,테마 편입 사유,471000.0,상승  500,0.11,471000.0,471500.0,632732.0,298601.0,798652.0,,,0.825888,1.17041184,"6,091.39",123.64,2.07,2026-04-15 15:34:32
472,2차전지(전고체),2.88,096770,SK이노베이션,테마 편입 사유,121600.0,보합0,0.0,121300.0,121500.0,501776.0,60408.0,361028.0,,,0.825888,1.17041184,"6,091.39",123.64,2.07,2026-04-15 15:34:32
472,2차전지(전고체),2.88,131400,이브이첨단소재 *,테마 편입 사유,1540.0,하락  5,-0.32,1538.0,1539.0,444308.0,683.0,594653.0,,,0.825888,1.17041184,"6,091.39",123.64,2.07,2026-04-15 15:34:32
472,2차전지(전고체),2.88,259630,엠플러스 *,테마 편입 사유,15460.0,하락  60,-0.39,15460.0,15470.0,367599.0,5765.0,397636.0,,,0.825888,1.17041184,"6,091.39",123.64,2.07,2026-04-15 15:34:32
472,2차전지(전고체),2.88,049950,미래컴퍼니 *,테마 편입 사유,14870.0,하락  80,-0.54,14910.0,14920.0,39225.0,585.0,60548.0,,,0.825888,1.17041184,"6,091.39",123.64,2.07,2026-04-15 15:34:32
472,2차전지(전고체),2.88,357550,석경에이티 *,테마 편입 사유,53800.0,하락  800,-1.47,53500.0,53600.0,11131.0,599.0,16578.0,,,0.825888,1.17041184,"6,091.39",123.64,2.07,2026-04-15 15:34:32
472,2차전지(전고체),2.88,278280,천보 *,테마 편입 사유,61500.0,"하락  1,000",-1.6,61400.0,61500.0,145716.0,8937.0,294239.0,,,0.825888,1.17041184,"6,091.39",123.64,2.07,2026-04-15 15:34:32
472,2차전지(전고체),2.88,294140,레몬 *,테마 편입 사유,3440.0,하락  70,-1.99,3435.0,3450.0,67464.0,231.0,34463.0,,,0.825888,1.17041184,"6,091.39",123.64,2.07,2026-04-15 15:34:32
472,2차전지(전고체),2.88,307180,아이엘 *,테마 편입 사유,4835.0,하락  120,-2.42,4835.0,4840.0,747413.0,3636.0,875198.0,,,0.825888,1.17041184,"6,091.39",123.64,2.07,2026-04-15 15:34:32
579,2차전지(나트륨이온),2.5,446540,메가터치 *,테마 편입 사유,5090.0,상승  410,8.76,5050.0,5060.0,1086727.0,5374.0,1595719.0,,,0.716009,1.01786137,"6,091.39",123.64,2.07,2026-04-15 15:34:32
579,2차전지(나트륨이온),2.5,161000,애경케미칼,테마 편입 사유,14170.0,상승  520,3.81,14070.0,14080.0,1123324.0,15514.0,1176849.0,,,0.716009,1.01786137,"6,091.39",123.64,2.07,2026-04-15 15:34:32
579,2차전지(나트륨이온),2.5,086520,에코프로 *,테마 편입 사유,147900.0,"상승  3,700",2.57,147800.0,147900.0,1177342.0,174875.0,597615.0,,,0.716009,1.01786137,"6,091.39",123.64,2.07,2026-04-15 15:34:32
579,2차전지(나트륨이온),2.5,247540,에코프로비엠 *,테마 편입 사유,202500.0,"상승  4,700",2.38,202000.0,202500.0,370146.0,75104.0,306781.0,,,0.716009,1.01786137,"6,091.39",123.64,2.07,2026-04-15 15:34:32
579,2차전지(나트륨이온),2.5,373220,LG에너지솔루션,테마 편입 사유,408000.0,"상승  8,000",2.0,407000.0,407500.0,272389.0,110845.0,269254.0,,,0.716009,1.01786137,"6,091.39",123.64,2.07,2026-04-15 15:34:32
579,2차전지(나트륨이온),2.5,267320,나인테크 *,테마 편입 사유,3160.0,상승  60,1.94,3170.0,3180.0,1309543.0,4135.0,948211.0,,,0.716009,1.01786137,"6,091.39",123.64,2.07,2026-04-15 15:34:32
579,2차전지(나트륨이온),2.5,092200,디아이씨,테마 편입 사유,7850.0,상승  50,0.64,7830.0,7840.0,387100.0,3020.0,311211.0,,,0.716009,1.01786137,"6,091.39",123.64,2.07,2026-04-15 15:34:32
579,2차전지(나트륨이온),2.5,393890,더블유씨피 *,테마 편입 사유,15090.0,상승  50,0.33,15100.0,15110.0,941758.0,14116.0,1678076.0,,,0.716009,1.01786137,"6,091.39",123.64,2.07,2026-04-15 15:34:32
579,2차전지(나트륨이온),2.5,006400,삼성SDI,테마 편입 사유,471000.0,상승  500,0.11,471000.0,471500.0,632732.0,298601.0,798652.0,,,0.716009,1.01786137,"6,091.39",123.64,2.07,2026-04-15 15:34:32
504,요소수,1.15,004000,롯데정밀화학,테마 편입 사유,53400.0,"상승  1,900",3.69,53000.0,53100.0,125112.0,6630.0,47291.0,,,0.079321,0.9858055299999999,"6,091.39",123.64,2.07,2026-04-15 15:34:32
504,요소수,1.15,000910,유니온,테마 편입 사유,4505.0,상승  60,1.35,4490.0,4500.0,204555.0,920.0,113748.0,,,0.079321,0.9858055299999999,"6,091.39",123.64,2.07,2026-04-15 15:34:32
504,요소수,1.15,069260,TKG휴켐스,테마 편입 사유,18030.0,상승  230,1.29,18000.0,18010.0,115762.0,2073.0,86080.0,,,0.079321,0.9858055299999999,"6,091.39",123.64,2.07,2026-04-15 15:34:32
504,요소수,1.15,001390,KG케미칼,테마 편입 사유,5780.0,상승  10,0.17,5750.0,5770.0,524296.0,3024.0,804354.0,,,0.079321,0.9858055299999999,"6,091.39",123.64,2.07,2026-04-15 15:34:32
504,요소수,1.15,047400,유니온머티리얼,테마 편입 사유,1738.0,하락  13,-0.74,1730.0,1734.0,1149160.0,1971.0,1722539.0,,,0.079321,0.9858055299999999,"6,091.39",123.64,2.07,2026-04-15 15:34:32
332,스마트카(SMART CAR),1.91,089850,유비벨록스 *,테마 편입 사유,5710.0,상승  270,4.96,5680.0,5700.0,108846.0,614.0,16771.0,,,0.453456,0.9713460799999999,"6,091.39",123.64,2.07,2026-04-15 15:34:32
332,스마트카(SMART CAR),1.91,011070,LG이노텍,테마 편입 사유,383000.0,"상승  12,500",3.37,381500.0,382000.0,252717.0,96340.0,148905.0,,,0.453456,0.9713460799999999,"6,091.39",123.64,2.07,2026-04-15 15:34:32
332,스마트카(SMART CAR),1.91,204320,HL만도,테마 편입 사유,52700.0,"상승  1,500",2.93,52600.0,52700.0,245776.0,12907.0,159146.0,,,0.453456,0.9713460799999999,"6,091.39",123.64,2.07,2026-04-15 15:34:32
332,스마트카(SMART CAR),1.91,039290,인포뱅크 *,테마 편입 사유,5030.0,상승  140,2.86,4950.0,4970.0,16960.0,84.0,21924.0,,,0.453456,0.9713460799999999,"6,091.39",123.64,2.07,2026-04-15 15:34:32
332,스마트카(SMART CAR),1.91,012330,현대모비스,테마 편입 사유,415500.0,"상승  10,500",2.59,415000.0,415500.0,265474.0,110302.0,166665.0,,,0.453456,0.9713460799999999,"6,091.39",123.64,2.07,2026-04-15 15:34:32
332,스마트카(SMART CAR),1.91,352910,오비고 *,테마 편입 사유,5010.0,상승  125,2.56,5030.0,5040.0,134213.0,659.0,109259.0,,,0.453456,0.9713460799999999,"6,091.39",123.64,2.07,2026-04-15 15:34:32
332,스마트카(SMART CAR),1.91,118990,모트렉스 *,테마 편입 사유,8700.0,상승  200,2.35,8650.0,8680.0,143142.0,1237.0,81357.0,,,0.453456,0.9713460799999999,"6,091.39",123.64,2.07,2026-04-15 15:34:32
332,스마트카(SMART CAR),1.91,097520,엠씨넥스,테마 편입 사유,22800.0,상승  450,2.01,22700.0,22800.0,43461.0,987.0,31587.0,,,0.453456,0.9713460799999999,"6,091.39",123.64,2.07,2026-04-15 15:34:32
332,스마트카(SMART CAR),1.91,000990,DB하이텍,테마 편입 사유,98600.0,"상승  1,900",1.96,98800.0,98900.0,653584.0,63639.0,349493.0,,,0.453456,0.9713460799999999,"6,091.39",123.64,2.07,2026-04-15 15:34:32
332,스마트카(SMART CAR),1.91,038880,아이에이 *,테마 편입 사유,135.0,보합0,0.0,0.0,0.0,0.0,0.0,0.0,,,0.453456,0.9713460799999999,"6,091.39",123.64,2.07,2026-04-15 15:34:32
332,스마트카(SMART CAR),1.91,053450,세코닉스 *,테마 편입 사유,5330.0,보합0,0.0,5330.0,5340.0,80381.0,431.0,127868.0,,,0.453456,0.9713460799999999,"6,091.39",123.64,2.07,2026-04-15 15:34:32
332,스마트카(SMART CAR),1.91,086960,MDS테크 *,테마 편입 사유,1115.0,보합0,0.0,0.0,0.0,0.0,0.0,0.0,,,0.453456,0.9713460799999999,"6,091.39",123.64,2.07,2026-04-15 15:34:32
332,스마트카(SMART CAR),1.91,087260,모바일어플라이언스 *,테마 편입 사유,2025.0,하락  15,-0.74,2010.0,2020.0,287539.0,580.0,134843.0,,,0.453456,0.9713460799999999,"6,091.39",123.64,2.07,2026-04-15 15:34:32
181,테마파크,1.67,023350,한국종합기술,테마 편입 사유,5460.0,상승  330,6.43,5440.0,5460.0,607281.0,3264.0,299608.0,,,0.44185,0.7553705,"6,091.39",123.64,2.07,2026-04-15 15:34:32
181,테마파크,1.67,084680,이월드,테마 편입 사유,1908.0,상승  37,1.98,1901.0,1906.0,1274655.0,2421.0,1354348.0,,,0.44185,0.7553705,"6,091.39",123.64,2.07,2026-04-15 15:34:32
181,테마파크,1.67,000720,현대건설,테마 편입 사유,179100.0,"상승  2,400",1.36,178900.0,179000.0,1824476.0,331973.0,1110504.0,,,0.44185,0.7553705,"6,091.39",123.64,2.07,2026-04-15 15:34:32
181,테마파크,1.67,066620,국보디자인 *,테마 편입 사유,22550.0,상승  300,1.35,22550.0,22650.0,3917.0,88.0,3076.0,,,0.44185,0.7553705,"6,091.39",123.64,2.07,2026-04-15 15:34:32
181,테마파크,1.67,464580,닷밀 *,테마 편입 사유,2110.0,보합0,0.0,2120.0,2130.0,33352.0,71.0,56374.0,,,0.44185,0.7553705,"6,091.39",123.64,2.07,2026-04-15 15:34:32
181,테마파크,1.67,020710,시공테크 *,테마 편입 사유,4615.0,하락  50,-1.07,4610.0,4625.0,302298.0,1409.0,1046666.0,,,0.44185,0.7553705,"6,091.39",123.64,2.07,2026-04-15 15:34:32
415,그래핀,1.43,900250,크리스탈신소재 *,테마 편입 사유,618.0,상승  43,7.48,618.0,619.0,1988471.0,1213.0,1711162.0,,,0.333319,0.7400296700000001,"6,091.39",123.64,2.07,2026-04-15 15:34:32
415,그래핀,1.43,027580,상보 *,테마 편입 사유,650.0,상승  26,4.17,649.0,650.0,960096.0,625.0,337577.0,,,0.333319,0.7400296700000001,"6,091.39",123.64,2.07,2026-04-15 15:34:32
415,그래핀,1.43,154040,다산솔루에타 *,테마 편입 사유,1193.0,상승  43,3.74,1183.0,1184.0,47810.0,56.0,61500.0,,,0.333319,0.7400296700000001,"6,091.39",123.64,2.07,2026-04-15 15:34:32
415,그래핀,1.43,012800,대창,테마 편입 사유,1550.0,상승  44,2.92,1551.0,1552.0,3174482.0,4909.0,2066837.0,,,0.333319,0.7400296700000001,"6,091.39",123.64,2.07,2026-04-15 15:34:32
415,그래핀,1.43,119830,아이텍 *,테마 편입 사유,6890.0,상승  150,2.23,6890.0,6920.0,278792.0,1935.0,202817.0,,,0.333319,0.7400296700000001,"6,091.39",123.64,2.07,2026-04-15 15:34:32
415,그래핀,1.43,024900,디와이덕양,테마 편입 사유,2185.0,상승  45,2.1,2180.0,2185.0,119523.0,258.0,199430.0,,,0.333319,0.7400296700000001,"6,091.39",123.64,2.07,2026-04-15 15:34:32
415,그래핀,1.43,073110,엘엠에스 *,테마 편입 사유,5580.0,상승  70,1.27,5570.0,5580.0,16191.0,91.0,20115.0,,,0.333319,0.7400296700000001,"6,091.39",123.64,2.07,2026-04-15 15:34:32
415,그래핀,1.43,012610,경인양행,테마 편입 사유,4265.0,상승  40,0.95,4260.0,4265.0,246937.0,1050.0,277687.0,,,0.333319,0.7400296700000001,"6,091.39",123.64,2.07,2026-04-15 15:34:32
415,그래핀,1.43,065500,오리엔트정공 *,테마 편입 사유,2155.0,보합0,0.0,2165.0,2170.0,199570.0,432.0,231912.0,,,0.333319,0.7400296700000001,"6,091.39",123.64,2.07,2026-04-15 15:34:32
415,그래핀,1.43,078130,국일제지 *,테마 편입 사유,337.0,하락  2,-0.59,335.0,338.0,1200976.0,404.0,1670090.0,,,0.333319,0.7400296700000001,"6,091.39",123.64,2.07,2026-04-15 15:34:32
415,그래핀,1.43,054940,엑사이엔씨 *,테마 편입 사유,741.0,하락  6,-0.8,737.0,740.0,265000.0,197.0,119759.0,,,0.333319,0.7400296700000001,"6,091.39",123.64,2.07,2026-04-15 15:34:32
415,그래핀,1.43,077360,덕산하이메탈 *,테마 편입 사유,12630.0,하락  250,-1.94,12620.0,12630.0,1363079.0,17211.0,1003619.0,,,0.333319,0.7400296700000001,"6,091.39",123.64,2.07,2026-04-15 15:34:32
415,그래핀,1.43,079980,휴비스,테마 편입 사유,3175.0,하락  95,-2.91,3170.0,3175.0,406148.0,1293.0,679065.0,,,0.333319,0.7400296700000001,"6,091.39",123.64,2.07,2026-04-15 15:34:32
335,재난/안전(지진/화재 등),1.39,060370,LS마린솔루션 *,테마 편입 사유,31650.0,"상승  2,400",8.21,31600.0,31650.0,586152.0,18448.0,135234.0,,,0.334496,0.6975932799999999,"6,091.39",123.64,2.07,2026-04-15 15:34:32
335,재난/안전(지진/화재 등),1.39,023350,한국종합기술,테마 편입 사유,5460.0,상승  330,6.43,5440.0,5460.0,607281.0,3264.0,299608.0,,,0.334496,0.6975932799999999,"6,091.39",123.64,2.07,2026-04-15 15:34:32
335,재난/안전(지진/화재 등),1.39,189860,서전기전 *,테마 편입 사유,5690.0,상승  180,3.27,5640.0,5650.0,396681.0,2231.0,196506.0,,,0.334496,0.6975932799999999,"6,091.39",123.64,2.07,2026-04-15 15:34:32
335,재난/안전(지진/화재 등),1.39,054540,삼영엠텍 *,테마 편입 사유,11640.0,상승  340,3.01,11640.0,11650.0,207126.0,2411.0,202933.0,,,0.334496,0.6975932799999999,"6,091.39",123.64,2.07,2026-04-15 15:34:32
335,재난/안전(지진/화재 등),1.39,493330,지에프아이 *,테마 편입 사유,16670.0,상승  470,2.9,16640.0,16690.0,58402.0,974.0,39213.0,,,0.334496,0.6975932799999999,"6,091.39",123.64,2.07,2026-04-15 15:34:32
335,재난/안전(지진/화재 등),1.39,041440,현대에버다임 *,테마 편입 사유,9400.0,상승  260,2.84,9380.0,9410.0,721439.0,6753.0,270917.0,,,0.334496,0.6975932799999999,"6,091.39",123.64,2.07,2026-04-15 15:34:32
335,재난/안전(지진/화재 등),1.39,089470,HDC현대EP,테마 편입 사유,5250.0,상승  110,2.14,5230.0,5250.0,70202.0,367.0,37491.0,,,0.334496,0.6975932799999999,"6,091.39",123.64,2.07,2026-04-15 15:34:32
335,재난/안전(지진/화재 등),1.39,067170,오텍 *,테마 편입 사유,2330.0,상승  45,1.97,2305.0,2320.0,531974.0,1201.0,425132.0,,,0.334496,0.6975932799999999,"6,091.39",123.64,2.07,2026-04-15 15:34:32
335,재난/안전(지진/화재 등),1.39,228340,동양파일 *,테마 편입 사유,2055.0,상승  30,1.48,2050.0,2055.0,20694.0,42.0,15128.0,,,0.334496,0.6975932799999999,"6,091.39",123.64,2.07,2026-04-15 15:34:32
335,재난/안전(지진/화재 등),1.39,004440,삼일씨엔에스,테마 편입 사유,7560.0,상승  60,0.8,7500.0,7570.0,219735.0,1668.0,148879.0,,,0.334496,0.6975932799999999,"6,091.39",123.64,2.07,2026-04-15 15:34:32
335,재난/안전(지진/화재 등),1.39,036640,HRS *,테마 편입 사유,5280.0,상승  30,0.57,5270.0,5280.0,81593.0,429.0,60118.0,,,0.334496,0.6975932799999999,"6,091.39",123.64,2.07,2026-04-15 15:34:32
335,재난/안전(지진/화재 등),1.39,039980,폴라리스AI *,테마 편입 사유,1481.0,보합0,0.0,0.0,0.0,0.0,0.0,0.0,,,0.334496,0.6975932799999999,"6,091.39",123.64,2.07,2026-04-15 15:34:32
335,재난/안전(지진/화재 등),1.39,083640,인콘 *,테마 편입 사유,385.0,보합0,0.0,0.0,0.0,0.0,0.0,0.0,,,0.334496,0.6975932799999999,"6,091.39",123.64,2.07,2026-04-15 15:34:32
335,재난/안전(지진/화재 등),1.39,022220,티케이지애강 *,테마 편입 사유,894.0,보합0,0.0,894.0,895.0,182313.0,163.0,150282.0,,,0.334496,0.6975932799999999,"6,091.39",123.64,2.07,2026-04-15 15:34:32
335,재난/안전(지진/화재 등),1.39,372910,한컴라이프케어,테마 편입 사유,2470.0,보합0,0.0,2480.0,2490.0,842410.0,2139.0,161069.0,,,0.334496,0.6975932799999999,"6,091.39",123.64,2.07,2026-04-15 15:34:32
335,재난/안전(지진/화재 등),1.39,028100,동아지질,테마 편입 사유,17950.0,하락  20,-0.11,17990.0,18010.0,31548.0,573.0,16541.0,,,0.334496,0.6975932799999999,"6,091.39",123.64,2.07,2026-04-15 15:34:32
335,재난/안전(지진/화재 등),1.39,072130,유엔젤,테마 편입 사유,6140.0,하락  10,-0.16,6100.0,6120.0,378678.0,2323.0,1105737.0,,,0.334496,0.6975932799999999,"6,091.39",123.64,2.07,2026-04-15 15:34:32
335,재난/안전(지진/화재 등),1.39,140520,대창스틸 *,테마 편입 사유,2270.0,하락  10,-0.44,2275.0,2280.0,29828.0,68.0,44839.0,,,0.334496,0.6975932799999999,"6,091.39",123.64,2.07,2026-04-15 15:34:32
335,재난/안전(지진/화재 등),1.39,033540,파라텍 *,테마 편입 사유,1105.0,하락  7,-0.63,1100.0,1103.0,783656.0,863.0,408296.0,,,0.334496,0.6975932799999999,"6,091.39",123.64,2.07,2026-04-15 15:34:32
335,재난/안전(지진/화재 등),1.39,101670,하이드로리튬 *,테마 편입 사유,1971.0,하락  23,-1.15,1972.0,1973.0,959742.0,1895.0,1080344.0,,,0.334496,0.6975932799999999,"6,091.39",123.64,2.07,2026-04-15 15:34:32
335,재난/안전(지진/화재 등),1.39,037440,희림 *,테마 편입 사유,6140.0,하락  120,-1.92,6120.0,6130.0,2768559.0,17520.0,7490655.0,,,0.334496,0.6975932799999999,"6,091.39",123.64,2.07,2026-04-15 15:34:32
329,전력저장장치(ESS),2.32,082920,비츠로셀 *,테마 편입 사유,50400.0,"상승  6,200",14.03,50500.0,50600.0,1655019.0,80538.0,919292.0,,,0.803023,0.6577423899999999,"6,091.39",123.64,2.07,2026-04-15 15:34:32
329,전력저장장치(ESS),2.32,290550,디케이티 *,테마 편입 사유,22250.0,"상승  2,420",12.2,22300.0,22350.0,784605.0,16805.0,471742.0,,,0.803023,0.6577423899999999,"6,091.39",123.64,2.07,2026-04-15 15:34:32
329,전력저장장치(ESS),2.32,011930,신성이엔지,테마 편입 사유,4120.0,상승  380,10.16,4150.0,4155.0,120008819.0,490557.0,37352193.0,,,0.803023,0.6577423899999999,"6,091.39",123.64,2.07,2026-04-15 15:34:32
329,전력저장장치(ESS),2.32,388050,지투파워 *,테마 편입 사유,13980.0,"상승  1,050",8.12,13750.0,13760.0,7631348.0,106574.0,1817501.0,,,0.803023,0.6577423899999999,"6,091.39",123.64,2.07,2026-04-15 15:34:32
329,전력저장장치(ESS),2.32,453450,그리드위즈 *,테마 편입 사유,20000.0,"상승  1,000",5.26,19950.0,19960.0,210497.0,4140.0,125722.0,,,0.803023,0.6577423899999999,"6,091.39",123.64,2.07,2026-04-15 15:34:32
329,전력저장장치(ESS),2.32,047310,파워로직스 *,테마 편입 사유,5370.0,상승  230,4.47,5360.0,5370.0,671350.0,3594.0,392442.0,,,0.803023,0.6577423899999999,"6,091.39",123.64,2.07,2026-04-15 15:34:32
329,전력저장장치(ESS),2.32,222080,씨아이에스 *,테마 편입 사유,12510.0,상승  460,3.82,12510.0,12520.0,2177588.0,27165.0,958109.0,,,0.803023,0.6577423899999999,"6,091.39",123.64,2.07,2026-04-15 15:34:32
329,전력저장장치(ESS),2.32,137400,피엔티 *,테마 편입 사유,51900.0,"상승  1,900",3.8,51900.0,52000.0,264323.0,13595.0,133486.0,,,0.803023,0.6577423899999999,"6,091.39",123.64,2.07,2026-04-15 15:34:32
329,전력저장장치(ESS),2.32,130660,한전산업,테마 편입 사유,19390.0,상승  630,3.36,19430.0,19440.0,715682.0,13900.0,316608.0,,,0.803023,0.6577423899999999,"6,091.39",123.64,2.07,2026-04-15 15:34:32
329,전력저장장치(ESS),2.32,054210,이랜텍 *,테마 편입 사유,10710.0,상승  320,3.08,10680.0,10690.0,175962.0,1870.0,249428.0,,,0.803023,0.6577423899999999,"6,091.39",123.64,2.07,2026-04-15 15:34:32
329,전력저장장치(ESS),2.32,493330,지에프아이 *,테마 편입 사유,16670.0,상승  470,2.9,16640.0,16690.0,58402.0,974.0,39213.0,,,0.803023,0.6577423899999999,"6,091.39",123.64,2.07,2026-04-15 15:34:32
329,전력저장장치(ESS),2.32,178320,서진시스템 *,테마 편입 사유,51300.0,"상승  1,350",2.7,51500.0,51600.0,2007284.0,101085.0,3482122.0,,,0.803023,0.6577423899999999,"6,091.39",123.64,2.07,2026-04-15 15:34:32
329,전력저장장치(ESS),2.32,022100,포스코DX,테마 편입 사유,32750.0,상승  750,2.34,32600.0,32650.0,389191.0,12714.0,267522.0,,,0.803023,0.6577423899999999,"6,091.39",123.64,2.07,2026-04-15 15:34:32
329,전력저장장치(ESS),2.32,107640,한중엔시에스 *,테마 편입 사유,55200.0,"상승  1,200",2.22,55100.0,55200.0,182427.0,9914.0,182222.0,,,0.803023,0.6577423899999999,"6,091.39",123.64,2.07,2026-04-15 15:34:32
329,전력저장장치(ESS),2.32,416180,신성에스티 *,테마 편입 사유,35850.0,상승  750,2.14,35750.0,35800.0,34465.0,1230.0,23830.0,,,0.803023,0.6577423899999999,"6,091.39",123.64,2.07,2026-04-15 15:34:32
329,전력저장장치(ESS),2.32,024900,디와이덕양,테마 편입 사유,2185.0,상승  45,2.1,2180.0,2185.0,119523.0,258.0,199430.0,,,0.803023,0.6577423899999999,"6,091.39",123.64,2.07,2026-04-15 15:34:32
329,전력저장장치(ESS),2.32,373220,LG에너지솔루션,테마 편입 사유,408000.0,"상승  8,000",2.0,407000.0,407500.0,272389.0,110845.0,269254.0,,,0.803023,0.6577423899999999,"6,091.39",123.64,2.07,2026-04-15 15:34:32
329,전력저장장치(ESS),2.32,066570,LG전자,테마 편입 사유,122200.0,"상승  2,200",1.83,122000.0,122100.0,970276.0,119988.0,679271.0,,,0.803023,0.6577423899999999,"6,091.39",123.64,2.07,2026-04-15 15:34:32
329,전력저장장치(ESS),2.32,140670,알에스오토메이션 *,테마 편입 사유,16490.0,상승  290,1.79,16340.0,16350.0,197281.0,3237.0,201547.0,,,0.803023,0.6577423899999999,"6,091.39",123.64,2.07,2026-04-15 15:34:32
329,전력저장장치(ESS),2.32,348370,엔켐 *,테마 편입 사유,39150.0,상승  650,1.69,39150.0,39200.0,296304.0,11565.0,380699.0,,,0.803023,0.6577423899999999,"6,091.39",123.64,2.07,2026-04-15 15:34:32
329,전력저장장치(ESS),2.32,009470,삼화전기,테마 편입 사유,40300.0,상승  600,1.51,40200.0,40300.0,190956.0,7707.0,115324.0,,,0.803023,0.6577423899999999,"6,091.39",123.64,2.07,2026-04-15 15:34:32
329,전력저장장치(ESS),2.32,322000,HD현대에너지솔루션,테마 편입 사유,160000.0,"상승  2,200",1.39,160100.0,160200.0,665567.0,106472.0,658770.0,,,0.803023,0.6577423899999999,"6,091.39",123.64,2.07,2026-04-15 15:34:32
329,전력저장장치(ESS),2.32,273640,와이엠텍 *,테마 편입 사유,7900.0,상승  80,1.02,7880.0,7900.0,31932.0,252.0,39551.0,,,0.803023,0.6577423899999999,"6,091.39",123.64,2.07,2026-04-15 15:34:32
329,전력저장장치(ESS),2.32,054090,삼진엘앤디 *,테마 편입 사유,1048.0,상승  10,0.96,1038.0,1039.0,298047.0,308.0,547254.0,,,0.803023,0.6577423899999999,"6,091.39",123.64,2.07,2026-04-15 15:34:32
329,전력저장장치(ESS),2.32,010120,LS ELECTRIC,테마 편입 사유,186800.0,"상승  1,200",0.65,186300.0,186400.0,1038865.0,195375.0,2148525.0,,,0.803023,0.6577423899999999,"6,091.39",123.64,2.07,2026-04-15 15:34:32
329,전력저장장치(ESS),2.32,282720,금양그린파워 *,테마 편입 사유,14710.0,상승  90,0.62,14720.0,14730.0,274233.0,3996.0,313361.0,,,0.803023,0.6577423899999999,"6,091.39",123.64,2.07,2026-04-15 15:34:32
329,전력저장장치(ESS),2.32,241690,유니테크노 *,테마 편입 사유,3900.0,상승  15,0.39,3885.0,3890.0,54257.0,211.0,81673.0,,,0.803023,0.6577423899999999,"6,091.39",123.64,2.07,2026-04-15 15:34:32
329,전력저장장치(ESS),2.32,089980,상아프론테크 *,테마 편입 사유,24400.0,상승  50,0.21,24300.0,24400.0,88900.0,2161.0,186741.0,,,0.803023,0.6577423899999999,"6,091.39",123.64,2.07,2026-04-15 15:34:32
329,전력저장장치(ESS),2.32,004490,세방전지,테마 편입 사유,60600.0,상승  100,0.17,60600.0,60700.0,40615.0,2472.0,28261.0,,,0.803023,0.6577423899999999,"6,091.39",123.64,2.07,2026-04-15 15:34:32
329,전력저장장치(ESS),2.32,217820,원익피앤이 *,테마 편입 사유,3260.0,상승  5,0.15,3270.0,3275.0,302942.0,980.0,180001.0,,,0.803023,0.6577423899999999,"6,091.39",123.64,2.07,2026-04-15 15:34:32
329,전력저장장치(ESS),2.32,006400,삼성SDI,테마 편입 사유,471000.0,상승  500,0.11,471000.0,471500.0,632732.0,298601.0,798652.0,,,0.803023,0.6577423899999999,"6,091.39",123.64,2.07,2026-04-15 15:34:32
329,전력저장장치(ESS),2.32,125210,아모그린텍 *,테마 편입 사유,9660.0,상승  10,0.1,9610.0,9620.0,167590.0,1614.0,442959.0,,,0.803023,0.6577423899999999,"6,091.39",123.64,2.07,2026-04-15 15:34:32
329,전력저장장치(ESS),2.32,001820,삼화콘덴서,테마 편입 사유,63700.0,보합0,0.0,63600.0,63700.0,340699.0,22114.0,499334.0,,,0.803023,0.6577423899999999,"6,091.39",123.64,2.07,2026-04-15 15:34:32
329,전력저장장치(ESS),2.32,096770,SK이노베이션,테마 편입 사유,121600.0,보합0,0.0,121300.0,121500.0,501776.0,60408.0,361028.0,,,0.803023,0.6577423899999999,"6,091.39",123.64,2.07,2026-04-15 15:34:32
329,전력저장장치(ESS),2.32,126340,비나텍 *,테마 편입 사유,133000.0,하락  300,-0.23,131000.0,131400.0,179402.0,23958.0,451092.0,,,0.803023,0.6577423899999999,"6,091.39",123.64,2.07,2026-04-15 15:34:32
329,전력저장장치(ESS),2.32,259630,엠플러스 *,테마 편입 사유,15460.0,하락  60,-0.39,15460.0,15470.0,367599.0,5765.0,397636.0,,,0.803023,0.6577423899999999,"6,091.39",123.64,2.07,2026-04-15 15:34:32
329,전력저장장치(ESS),2.32,267260,HD현대일렉트릭,테마 편입 사유,1050000.0,"하락  11,000",-1.04,1053000.0,1054000.0,175238.0,185723.0,180694.0,,,0.803023,0.6577423899999999,"6,091.39",123.64,2.07,2026-04-15 15:34:32
329,전력저장장치(ESS),2.32,298040,효성중공업,테마 편입 사유,2965000.0,"하락  77,000",-2.53,2965000.0,2966000.0,75062.0,225847.0,69335.0,,,0.803023,0.6577423899999999,"6,091.39",123.64,2.07,2026-04-15 15:34:32
329,전력저장장치(ESS),2.32,475150,SK이터닉스,테마 편입 사유,55300.0,"하락  1,500",-2.64,55100.0,55200.0,1137844.0,62804.0,1463409.0,,,0.803023,0.6577423899999999,"6,091.39",123.64,2.07,2026-04-15 15:34:32
36,해운,1.16,044450,KSS해운,테마 편입 사유,12560.0,상승  370,3.04,12550.0,12560.0,681303.0,8472.0,482534.0,,,0.287513,0.5648480899999999,"6,091.39",123.64,2.07,2026-04-15 15:34:32
36,해운,1.16,003280,흥아해운,테마 편입 사유,3270.0,상승  55,1.71,3265.0,3270.0,25262183.0,81474.0,14483240.0,,,0.287513,0.5648480899999999,"6,091.39",123.64,2.07,2026-04-15 15:34:32
36,해운,1.16,028670,팬오션,테마 편입 사유,5370.0,상승  80,1.51,5370.0,5380.0,3472053.0,18555.0,5069571.0,,,0.287513,0.5648480899999999,"6,091.39",123.64,2.07,2026-04-15 15:34:32
36,해운,1.16,005880,대한해운,테마 편입 사유,2665.0,상승  15,0.57,2670.0,2675.0,40014758.0,106857.0,38347229.0,,,0.287513,0.5648480899999999,"6,091.39",123.64,2.07,2026-04-15 15:34:32
36,해운,1.16,011200,HMM,테마 편입 사유,21100.0,상승  100,0.48,20950.0,21000.0,1272554.0,26774.0,983620.0,,,0.287513,0.5648480899999999,"6,091.39",123.64,2.07,2026-04-15 15:34:32
36,해운,1.16,465770,STX그린로지스,테마 편입 사유,6090.0,하락  20,-0.33,6110.0,6120.0,198328.0,1207.0,214946.0,,,0.287513,0.5648480899999999,"6,091.39",123.64,2.07,2026-04-15 15:34:32
400,조림사업,0.93,025950,동신건설 *,테마 편입 사유,17600.0,상승  750,4.45,17450.0,17520.0,370886.0,6649.0,154546.0,,,0.186854,0.54321222,"6,091.39",123.64,2.07,2026-04-15 15:34:32
400,조림사업,0.93,043910,자연과환경 *,테마 편입 사유,498.0,상승  19,3.97,498.0,499.0,686129.0,337.0,353457.0,,,0.186854,0.54321222,"6,091.39",123.64,2.07,2026-04-15 15:34:32
400,조림사업,0.93,008250,이건산업,테마 편입 사유,4140.0,상승  130,3.24,4120.0,4135.0,34842.0,142.0,21731.0,,,0.186854,0.54321222,"6,091.39",123.64,2.07,2026-04-15 15:34:32
400,조림사업,0.93,034730,SK,테마 편입 사유,369500.0,"상승  8,000",2.21,369000.0,369500.0,172612.0,64003.0,164065.0,,,0.186854,0.54321222,"6,091.39",123.64,2.07,2026-04-15 15:34:32
400,조림사업,0.93,039020,이건홀딩스 *,테마 편입 사유,3450.0,상승  65,1.92,3425.0,3430.0,78122.0,268.0,48586.0,,,0.186854,0.54321222,"6,091.39",123.64,2.07,2026-04-15 15:34:32
400,조림사업,0.93,002820,SUN&L,테마 편입 사유,2340.0,상승  30,1.3,2340.0,2355.0,7176.0,16.0,10869.0,,,0.186854,0.54321222,"6,091.39",123.64,2.07,2026-04-15 15:34:32
400,조림사업,0.93,009580,무림P&P,테마 편입 사유,2855.0,상승  15,0.53,2840.0,2845.0,464387.0,1334.0,433484.0,,,0.186854,0.54321222,"6,091.39",123.64,2.07,2026-04-15 15:34:32
400,조림사업,0.93,000180,성창기업지주,테마 편입 사유,1440.0,보합0,0.0,0.0,0.0,0.0,0.0,0.0,,,0.186854,0.54321222,"6,091.39",123.64,2.07,2026-04-15 15:34:32
400,조림사업,0.93,025750,한솔홈데코,테마 편입 사유,539.0,보합0,0.0,0.0,0.0,0.0,0.0,0.0,,,0.186854,0.54321222,"6,091.39",123.64,2.07,2026-04-15 15:34:32
400,조림사업,0.93,097870,효성오앤비 *,테마 편입 사유,6600.0,하락  190,-2.8,6590.0,6600.0,264607.0,1748.0,2495109.0,,,0.186854,0.54321222,"6,091.39",123.64,2.07,2026-04-15 15:34:32
400,조림사업,0.93,137950,제이씨케미칼 *,테마 편입 사유,4290.0,하락  205,-4.56,4265.0,4270.0,1099376.0,4633.0,931665.0,,,0.186854,0.54321222,"6,091.39",123.64,2.07,2026-04-15 15:34:32
188,풍력에너지,1.8,006260,LS,테마 편입 사유,343500.0,"상승  42,000",13.93,343500.0,344000.0,368770.0,122583.0,177138.0,,,0.623109,0.51016437,"6,091.39",123.64,2.07,2026-04-15 15:34:32
188,풍력에너지,1.8,229640,LS에코에너지,테마 편입 사유,50600.0,"상승  6,100",13.71,50300.0,50400.0,933763.0,45949.0,272905.0,,,0.623109,0.51016437,"6,091.39",123.64,2.07,2026-04-15 15:34:32
188,풍력에너지,1.8,044490,태웅 *,테마 편입 사유,51300.0,"상승  4,750",10.2,51100.0,51200.0,670925.0,33479.0,353868.0,,,0.623109,0.51016437,"6,091.39",123.64,2.07,2026-04-15 15:34:32
188,풍력에너지,1.8,060370,LS마린솔루션 *,테마 편입 사유,31650.0,"상승  2,400",8.21,31550.0,31600.0,586152.0,18448.0,135234.0,,,0.623109,0.51016437,"6,091.39",123.64,2.07,2026-04-15 15:34:32
188,풍력에너지,1.8,003070,코오롱글로벌,테마 편입 사유,12450.0,상승  720,6.14,12430.0,12440.0,687082.0,8802.0,71141.0,,,0.623109,0.51016437,"6,091.39",123.64,2.07,2026-04-15 15:34:32
188,풍력에너지,1.8,034020,두산에너빌리티,테마 편입 사유,104200.0,"상승  4,500",4.51,104100.0,104200.0,5469233.0,571128.0,1937143.0,,,0.623109,0.51016437,"6,091.39",123.64,2.07,2026-04-15 15:34:32
188,풍력에너지,1.8,417200,LS머트리얼즈 *,테마 편입 사유,22700.0,상승  800,3.65,22650.0,22700.0,3218478.0,72696.0,5338875.0,,,0.623109,0.51016437,"6,091.39",123.64,2.07,2026-04-15 15:34:32
188,풍력에너지,1.8,032820,우리기술 *,테마 편입 사유,21750.0,상승  750,3.57,21650.0,21700.0,17273210.0,378920.0,7504368.0,,,0.623109,0.51016437,"6,091.39",123.64,2.07,2026-04-15 15:34:32
188,풍력에너지,1.8,096350,대창솔루션 *,테마 편입 사유,3055.0,상승  95,3.21,3055.0,3060.0,1142579.0,3448.0,1311734.0,,,0.623109,0.51016437,"6,091.39",123.64,2.07,2026-04-15 15:34:32
188,풍력에너지,1.8,052690,한전기술,테마 편입 사유,178500.0,"상승  5,500",3.18,178600.0,178700.0,339235.0,61400.0,305644.0,,,0.623109,0.51016437,"6,091.39",123.64,2.07,2026-04-15 15:34:32
188,풍력에너지,1.8,054540,삼영엠텍 *,테마 편입 사유,11640.0,상승  340,3.01,11640.0,11650.0,207126.0,2411.0,202933.0,,,0.623109,0.51016437,"6,091.39",123.64,2.07,2026-04-15 15:34:32
188,풍력에너지,1.8,004800,효성,테마 편입 사유,156000.0,"상승  3,400",2.23,155200.0,155300.0,24783.0,3858.0,58165.0,,,0.623109,0.51016437,"6,091.39",123.64,2.07,2026-04-15 15:34:32
188,풍력에너지,1.8,112610,씨에스윈드,테마 편입 사유,64000.0,"상승  1,300",2.07,63900.0,64000.0,558802.0,35233.0,1237031.0,,,0.623109,0.51016437,"6,091.39",123.64,2.07,2026-04-15 15:34:32
188,풍력에너지,1.8,101170,우림피티에스 *,테마 편입 사유,13420.0,상승  240,1.82,13370.0,13420.0,109567.0,1470.0,140503.0,,,0.623109,0.51016437,"6,091.39",123.64,2.07,2026-04-15 15:34:32
188,풍력에너지,1.8,005490,POSCO홀딩스,테마 편입 사유,368000.0,"상승  6,500",1.8,368500.0,369000.0,269285.0,99132.0,213490.0,,,0.623109,0.51016437,"6,091.39",123.64,2.07,2026-04-15 15:34:32
188,풍력에너지,1.8,005160,동국산업 *,테마 편입 사유,3390.0,상승  50,1.5,3380.0,3385.0,154501.0,519.0,142422.0,,,0.623109,0.51016437,"6,091.39",123.64,2.07,2026-04-15 15:34:32
188,풍력에너지,1.8,000720,현대건설,테마 편입 사유,179100.0,"상승  2,400",1.36,178900.0,179000.0,1824476.0,331973.0,1110504.0,,,0.623109,0.51016437,"6,091.39",123.64,2.07,2026-04-15 15:34:32
188,풍력에너지,1.8,100660,서암기계공업 *,테마 편입 사유,4480.0,상승  55,1.24,4470.0,4475.0,48282.0,215.0,51596.0,,,0.623109,0.51016437,"6,091.39",123.64,2.07,2026-04-15 15:34:32
188,풍력에너지,1.8,100090,SK오션플랜트,테마 편입 사유,23300.0,상승  250,1.08,23200.0,23250.0,1102203.0,25443.0,2529324.0,,,0.623109,0.51016437,"6,091.39",123.64,2.07,2026-04-15 15:34:32
188,풍력에너지,1.8,004440,삼일씨엔에스,테마 편입 사유,7560.0,상승  60,0.8,7500.0,7570.0,219735.0,1668.0,148879.0,,,0.623109,0.51016437,"6,091.39",123.64,2.07,2026-04-15 15:34:32
188,풍력에너지,1.8,297090,씨에스베어링 *,테마 편입 사유,7780.0,상승  60,0.78,7760.0,7770.0,351013.0,2733.0,709744.0,,,0.623109,0.51016437,"6,091.39",123.64,2.07,2026-04-15 15:34:32
188,풍력에너지,1.8,068790,DMS *,테마 편입 사유,7860.0,상승  60,0.77,7850.0,7890.0,97276.0,768.0,124175.0,,,0.623109,0.51016437,"6,091.39",123.64,2.07,2026-04-15 15:34:32
188,풍력에너지,1.8,282720,금양그린파워 *,테마 편입 사유,14710.0,상승  90,0.62,14720.0,14730.0,274233.0,3996.0,313361.0,,,0.623109,0.51016437,"6,091.39",123.64,2.07,2026-04-15 15:34:32
188,풍력에너지,1.8,075580,세진중공업,테마 편입 사유,17660.0,상승  10,0.06,17580.0,17590.0,144348.0,2562.0,155321.0,,,0.623109,0.51016437,"6,091.39",123.64,2.07,2026-04-15 15:34:32
188,풍력에너지,1.8,015760,한국전력,테마 편입 사유,44350.0,보합0,0.0,44300.0,44350.0,3190433.0,142373.0,3020419.0,,,0.623109,0.51016437,"6,091.39",123.64,2.07,2026-04-15 15:34:32
188,풍력에너지,1.8,100130,동국S&C *,테마 편입 사유,2450.0,하락  5,-0.2,2435.0,2440.0,222528.0,542.0,226912.0,,,0.623109,0.51016437,"6,091.39",123.64,2.07,2026-04-15 15:34:32
188,풍력에너지,1.8,119500,포메탈 *,테마 편입 사유,4075.0,하락  15,-0.37,4065.0,4090.0,82783.0,337.0,63992.0,,,0.623109,0.51016437,"6,091.39",123.64,2.07,2026-04-15 15:34:32
188,풍력에너지,1.8,013810,스페코 *,테마 편입 사유,2980.0,하락  25,-0.83,2975.0,2985.0,251303.0,744.0,191429.0,,,0.623109,0.51016437,"6,091.39",123.64,2.07,2026-04-15 15:34:32
188,풍력에너지,1.8,024880,케이피에프 *,테마 편입 사유,5570.0,하락  60,-1.07,5540.0,5560.0,264142.0,1480.0,402594.0,,,0.623109,0.51016437,"6,091.39",123.64,2.07,2026-04-15 15:34:32
188,풍력에너지,1.8,306200,세아제강,테마 편입 사유,145600.0,"하락  2,900",-1.95,145600.0,145800.0,22121.0,3232.0,24192.0,,,0.623109,0.51016437,"6,091.39",123.64,2.07,2026-04-15 15:34:32
188,풍력에너지,1.8,389260,대명에너지 *,테마 편입 사유,22500.0,하락  450,-1.96,22450.0,22500.0,233883.0,5231.0,211368.0,,,0.623109,0.51016437,"6,091.39",123.64,2.07,2026-04-15 15:34:32
188,풍력에너지,1.8,298040,효성중공업,테마 편입 사유,2965000.0,"하락  77,000",-2.53,2965000.0,2966000.0,75062.0,225847.0,69335.0,,,0.623109,0.51016437,"6,091.39",123.64,2.07,2026-04-15 15:34:32
188,풍력에너지,1.8,475150,SK이터닉스,테마 편입 사유,55300.0,"하락  1,500",-2.64,55200.0,55300.0,1137844.0,62804.0,1463409.0,,,0.623109,0.51016437,"6,091.39",123.64,2.07,2026-04-15 15:34:32
188,풍력에너지,1.8,115530,씨엔플러스 *,테마 편입 사유,366.0,하락  14,-3.68,365.0,367.0,1307071.0,480.0,1407844.0,,,0.623109,0.51016437,"6,091.39",123.64,2.07,2026-04-15 15:34:32
188,풍력에너지,1.8,018000,유니슨 *,테마 편입 사유,1314.0,하락  65,-4.71,1309.0,1310.0,7386201.0,9805.0,5371115.0,,,0.623109,0.51016437,"6,091.39",123.64,2.07,2026-04-15 15:34:32
188,풍력에너지,1.8,003030,세아제강지주,테마 편입 사유,221500.0,"하락  11,000",-4.73,221000.0,221500.0,57309.0,12631.0,45784.0,,,0.623109,0.51016437,"6,091.39",123.64,2.07,2026-04-15 15:34:32
500,폐배터리,1.74,365340,성일하이텍 *,테마 편입 사유,68500.0,"상승  3,600",5.55,68100.0,68200.0,145706.0,9890.0,57457.0,,,0.624483,0.4473201900000001,"6,091.39",123.64,2.07,2026-04-15 15:34:32
500,폐배터리,1.74,047310,파워로직스 *,테마 편입 사유,5370.0,상승  230,4.47,5360.0,5370.0,671350.0,3594.0,392442.0,,,0.624483,0.4473201900000001,"6,091.39",123.64,2.07,2026-04-15 15:34:32
500,폐배터리,1.74,076080,웰크론한텍 *,테마 편입 사유,1310.0,상승  45,3.56,1302.0,1307.0,232274.0,301.0,87623.0,,,0.624483,0.4473201900000001,"6,091.39",123.64,2.07,2026-04-15 15:34:32
500,폐배터리,1.74,299030,하나기술 *,테마 편입 사유,27700.0,상승  900,3.36,27500.0,27550.0,27932.0,762.0,12576.0,,,0.624483,0.4473201900000001,"6,091.39",123.64,2.07,2026-04-15 15:34:32
500,폐배터리,1.74,005380,현대차,테마 편입 사유,508000.0,"상승  16,500",3.36,506000.0,507000.0,867797.0,443052.0,778907.0,,,0.624483,0.4473201900000001,"6,091.39",123.64,2.07,2026-04-15 15:34:32
500,폐배터리,1.74,086520,에코프로 *,테마 편입 사유,147900.0,"상승  3,700",2.57,147900.0,148000.0,1177342.0,174875.0,597615.0,,,0.624483,0.4473201900000001,"6,091.39",123.64,2.07,2026-04-15 15:34:32
500,폐배터리,1.74,373220,LG에너지솔루션,테마 편입 사유,408000.0,"상승  8,000",2.0,407000.0,407500.0,272389.0,110845.0,269254.0,,,0.624483,0.4473201900000001,"6,091.39",123.64,2.07,2026-04-15 15:34:32
500,폐배터리,1.74,267320,나인테크 *,테마 편입 사유,3160.0,상승  60,1.94,3170.0,3180.0,1309543.0,4135.0,948211.0,,,0.624483,0.4473201900000001,"6,091.39",123.64,2.07,2026-04-15 15:34:32
500,폐배터리,1.74,256940,킵스파마 *,테마 편입 사유,8690.0,상승  160,1.88,8680.0,8690.0,61697.0,533.0,70967.0,,,0.624483,0.4473201900000001,"6,091.39",123.64,2.07,2026-04-15 15:34:32
500,폐배터리,1.74,265560,영화테크 *,테마 편입 사유,9550.0,상승  170,1.81,9450.0,9470.0,74872.0,708.0,98199.0,,,0.624483,0.4473201900000001,"6,091.39",123.64,2.07,2026-04-15 15:34:32
500,폐배터리,1.74,005490,POSCO홀딩스,테마 편입 사유,368000.0,"상승  6,500",1.8,368500.0,369000.0,269285.0,99132.0,213490.0,,,0.624483,0.4473201900000001,"6,091.39",123.64,2.07,2026-04-15 15:34:32
500,폐배터리,1.74,005420,코스모화학,테마 편입 사유,15930.0,상승  250,1.59,15890.0,15900.0,188208.0,2992.0,171551.0,,,0.624483,0.4473201900000001,"6,091.39",123.64,2.07,2026-04-15 15:34:32
500,폐배터리,1.74,017860,DS단석,테마 편입 사유,19390.0,상승  290,1.52,19380.0,19390.0,173720.0,3331.0,112243.0,,,0.624483,0.4473201900000001,"6,091.39",123.64,2.07,2026-04-15 15:34:32
500,폐배터리,1.74,107600,새빗켐 *,테마 편입 사유,28500.0,상승  400,1.42,28400.0,28450.0,38842.0,1108.0,27656.0,,,0.624483,0.4473201900000001,"6,091.39",123.64,2.07,2026-04-15 15:34:32
500,폐배터리,1.74,010780,아이에스동서,테마 편입 사유,28800.0,상승  350,1.23,28650.0,28700.0,78385.0,2246.0,44023.0,,,0.624483,0.4473201900000001,"6,091.39",123.64,2.07,2026-04-15 15:34:32
500,폐배터리,1.74,217820,원익피앤이 *,테마 편입 사유,3260.0,상승  5,0.15,3265.0,3270.0,302942.0,980.0,180001.0,,,0.624483,0.4473201900000001,"6,091.39",123.64,2.07,2026-04-15 15:34:32
500,폐배터리,1.74,096770,SK이노베이션,테마 편입 사유,121600.0,보합0,0.0,121300.0,121500.0,501776.0,60408.0,361028.0,,,0.624483,0.4473201900000001,"6,091.39",123.64,2.07,2026-04-15 15:34:32
500,폐배터리,1.74,004250,NPC,테마 편입 사유,3970.0,하락  40,-1.0,3975.0,3985.0,75507.0,300.0,81072.0,,,0.624483,0.4473201900000001,"6,091.39",123.64,2.07,2026-04-15 15:34:32
500,폐배터리,1.74,377330,이지트로닉스 *,테마 편입 사유,3625.0,하락  40,-1.09,3625.0,3630.0,16840.0,61.0,117906.0,,,0.624483,0.4473201900000001,"6,091.39",123.64,2.07,2026-04-15 15:34:32
500,폐배터리,1.74,060150,인선이엔티 *,테마 편입 사유,4355.0,하락  55,-1.25,4350.0,4360.0,335438.0,1457.0,314799.0,,,0.624483,0.4473201900000001,"6,091.39",123.64,2.07,2026-04-15 15:34:32
64,2차전지,1.73,131760,파인텍 *,테마 편입 사유,829.0,상한가  191,29.94,829.0,0.0,14390704.0,11643.0,241855.0,,,0.624611,0.43705523000000013,"6,091.39",123.64,2.07,2026-04-15 15:34:32
64,2차전지,1.73,078600,대주전자재료 *,테마 편입 사유,136000.0,"상승  19,700",16.94,135700.0,135800.0,907284.0,119471.0,461271.0,,,0.624611,0.43705523000000013,"6,091.39",123.64,2.07,2026-04-15 15:34:32
64,2차전지,1.73,317330,덕산테코피아 *,테마 편입 사유,21800.0,"상승  2,610",13.6,21450.0,21500.0,1008751.0,21256.0,234041.0,,,0.624611,0.43705523000000013,"6,091.39",123.64,2.07,2026-04-15 15:34:32
64,2차전지,1.73,452190,한빛레이저 *,테마 편입 사유,5280.0,상승  585,12.46,5240.0,5250.0,16606823.0,91292.0,331997.0,,,0.624611,0.43705523000000013,"6,091.39",123.64,2.07,2026-04-15 15:34:32
64,2차전지,1.73,121850,코이즈 *,테마 편입 사유,3450.0,상승  345,11.11,3385.0,3400.0,1906090.0,6749.0,1868474.0,,,0.624611,0.43705523000000013,"6,091.39",123.64,2.07,2026-04-15 15:34:32
64,2차전지,1.73,121600,나노신소재 *,테마 편입 사유,75800.0,"상승  7,400",10.82,75200.0,75300.0,435324.0,32322.0,80966.0,,,0.624611,0.43705523000000013,"6,091.39",123.64,2.07,2026-04-15 15:34:32
64,2차전지,1.73,059090,미코 *,테마 편입 사유,16800.0,"상승  1,500",9.8,16810.0,16830.0,972396.0,15782.0,593499.0,,,0.624611,0.43705523000000013,"6,091.39",123.64,2.07,2026-04-15 15:34:32
64,2차전지,1.73,446540,메가터치 *,테마 편입 사유,5090.0,상승  410,8.76,5050.0,5060.0,1086727.0,5374.0,1595719.0,,,0.624611,0.43705523000000013,"6,091.39",123.64,2.07,2026-04-15 15:34:32
64,2차전지,1.73,457190,이수스페셜티케미컬,테마 편입 사유,104900.0,"상승  8,100",8.37,104600.0,104900.0,733375.0,76385.0,157355.0,,,0.624611,0.43705523000000013,"6,091.39",123.64,2.07,2026-04-15 15:34:32
64,2차전지,1.73,336370,솔루스첨단소재,테마 편입 사유,10400.0,상승  720,7.44,10370.0,10380.0,943174.0,9654.0,251583.0,,,0.624611,0.43705523000000013,"6,091.39",123.64,2.07,2026-04-15 15:34:32
64,2차전지,1.73,065350,신성델타테크 *,테마 편입 사유,60600.0,"상승  4,100",7.26,60300.0,60500.0,275528.0,16527.0,63099.0,,,0.624611,0.43705523000000013,"6,091.39",123.64,2.07,2026-04-15 15:34:32
64,2차전지,1.73,014680,한솔케미칼,테마 편입 사유,281000.0,"상승  15,500",5.84,278000.0,278500.0,156886.0,44277.0,89789.0,,,0.624611,0.43705523000000013,"6,091.39",123.64,2.07,2026-04-15 15:34:32
64,2차전지,1.73,365340,성일하이텍 *,테마 편입 사유,68500.0,"상승  3,600",5.55,68100.0,68200.0,145706.0,9890.0,57457.0,,,0.624611,0.43705523000000013,"6,091.39",123.64,2.07,2026-04-15 15:34:32
64,2차전지,1.73,452450,피아이이 *,테마 편입 사유,6000.0,상승  260,4.53,6060.0,6070.0,3290077.0,20731.0,296569.0,,,0.624611,0.43705523000000013,"6,091.39",123.64,2.07,2026-04-15 15:34:32
64,2차전지,1.73,047310,파워로직스 *,테마 편입 사유,5370.0,상승  230,4.47,5360.0,5370.0,671350.0,3594.0,392442.0,,,0.624611,0.43705523000000013,"6,091.39",123.64,2.07,2026-04-15 15:34:32
64,2차전지,1.73,413390,엠오티 *,테마 편입 사유,8710.0,상승  370,4.44,8650.0,8690.0,274608.0,2358.0,79774.0,,,0.624611,0.43705523000000013,"6,091.39",123.64,2.07,2026-04-15 15:34:32
64,2차전지,1.73,101360,에코앤드림 *,테마 편입 사유,18560.0,상승  780,4.39,18510.0,18600.0,88092.0,1630.0,87582.0,,,0.624611,0.43705523000000013,"6,091.39",123.64,2.07,2026-04-15 15:34:32
64,2차전지,1.73,011500,한농화성,테마 편입 사유,21850.0,상승  850,4.05,21850.0,21900.0,377775.0,8240.0,144321.0,,,0.624611,0.43705523000000013,"6,091.39",123.64,2.07,2026-04-15 15:34:32
64,2차전지,1.73,418550,제이오 *,테마 편입 사유,8810.0,상승  330,3.89,8810.0,8820.0,270020.0,2354.0,170922.0,,,0.624611,0.43705523000000013,"6,091.39",123.64,2.07,2026-04-15 15:34:32
64,2차전지,1.73,222080,씨아이에스 *,테마 편입 사유,12510.0,상승  460,3.82,12510.0,12520.0,2177588.0,27165.0,958109.0,,,0.624611,0.43705523000000013,"6,091.39",123.64,2.07,2026-04-15 15:34:32
64,2차전지,1.73,161000,애경케미칼,테마 편입 사유,14170.0,상승  520,3.81,14080.0,14090.0,1123324.0,15514.0,1176849.0,,,0.624611,0.43705523000000013,"6,091.39",123.64,2.07,2026-04-15 15:34:32
64,2차전지,1.73,137400,피엔티 *,테마 편입 사유,51900.0,"상승  1,900",3.8,51900.0,52000.0,264323.0,13595.0,133486.0,,,0.624611,0.43705523000000013,"6,091.39",123.64,2.07,2026-04-15 15:34:32
64,2차전지,1.73,005070,코스모신소재,테마 편입 사유,55000.0,"상승  2,000",3.77,54700.0,54800.0,264430.0,14340.0,192766.0,,,0.624611,0.43705523000000013,"6,091.39",123.64,2.07,2026-04-15 15:34:32
64,2차전지,1.73,051910,LG화학,테마 편입 사유,354000.0,"상승  12,500",3.66,353000.0,353500.0,318219.0,113084.0,164618.0,,,0.624611,0.43705523000000013,"6,091.39",123.64,2.07,2026-04-15 15:34:32
64,2차전지,1.73,900070,글로벌에스엠 *,테마 편입 사유,596.0,상승  21,3.65,598.0,599.0,887227.0,524.0,3409984.0,,,0.624611,0.43705523000000013,"6,091.39",123.64,2.07,2026-04-15 15:34:32
64,2차전지,1.73,076080,웰크론한텍 *,테마 편입 사유,1310.0,상승  45,3.56,1302.0,1307.0,232274.0,301.0,87623.0,,,0.624611,0.43705523000000013,"6,091.39",123.64,2.07,2026-04-15 15:34:32
64,2차전지,1.73,220260,켐트로스 *,테마 편입 사유,5780.0,상승  190,3.4,5740.0,5760.0,370010.0,2128.0,226666.0,,,0.624611,0.43705523000000013,"6,091.39",123.64,2.07,2026-04-15 15:34:32
64,2차전지,1.73,299030,하나기술 *,테마 편입 사유,27700.0,상승  900,3.36,27500.0,27550.0,27932.0,762.0,12576.0,,,0.624611,0.43705523000000013,"6,091.39",123.64,2.07,2026-04-15 15:34:32
64,2차전지,1.73,452400,이닉스 *,테마 편입 사유,9250.0,상승  300,3.35,9350.0,9360.0,62175.0,567.0,14480.0,,,0.624611,0.43705523000000013,"6,091.39",123.64,2.07,2026-04-15 15:34:32
64,2차전지,1.73,126730,코칩 *,테마 편입 사유,18890.0,상승  580,3.17,18850.0,18900.0,86267.0,1646.0,82309.0,,,0.624611,0.43705523000000013,"6,091.39",123.64,2.07,2026-04-15 15:34:32
64,2차전지,1.73,011790,SKC,테마 편입 사유,99800.0,"상승  3,000",3.1,99100.0,99200.0,198879.0,19782.0,136156.0,,,0.624611,0.43705523000000013,"6,091.39",123.64,2.07,2026-04-15 15:34:32
64,2차전지,1.73,091580,상신이디피 *,테마 편입 사유,21650.0,상승  650,3.1,21550.0,21600.0,398923.0,8607.0,281308.0,,,0.624611,0.43705523000000013,"6,091.39",123.64,2.07,2026-04-15 15:34:32
64,2차전지,1.73,054210,이랜텍 *,테마 편입 사유,10710.0,상승  320,3.08,10680.0,10690.0,175962.0,1870.0,249428.0,,,0.624611,0.43705523000000013,"6,091.39",123.64,2.07,2026-04-15 15:34:32
64,2차전지,1.73,081180,쎄크 *,테마 편입 사유,13390.0,상승  390,3.0,13220.0,13230.0,251359.0,3364.0,172832.0,,,0.624611,0.43705523000000013,"6,091.39",123.64,2.07,2026-04-15 15:34:32
64,2차전지,1.73,378340,필에너지 *,테마 편입 사유,15620.0,상승  440,2.9,15600.0,15620.0,105203.0,1635.0,52876.0,,,0.624611,0.43705523000000013,"6,091.39",123.64,2.07,2026-04-15 15:34:32
64,2차전지,1.73,493330,지에프아이 *,테마 편입 사유,16670.0,상승  470,2.9,16640.0,16690.0,58402.0,974.0,39213.0,,,0.624611,0.43705523000000013,"6,091.39",123.64,2.07,2026-04-15 15:34:32
64,2차전지,1.73,382840,원준 *,테마 편입 사유,8980.0,상승  250,2.86,8940.0,8970.0,81422.0,729.0,86967.0,,,0.624611,0.43705523000000013,"6,091.39",123.64,2.07,2026-04-15 15:34:32
64,2차전지,1.73,086520,에코프로 *,테마 편입 사유,147900.0,"상승  3,700",2.57,147900.0,148000.0,1177342.0,174875.0,597615.0,,,0.624611,0.43705523000000013,"6,091.39",123.64,2.07,2026-04-15 15:34:32
64,2차전지,1.73,364950,에이아이코리아 *,테마 편입 사유,6820.0,상승  170,2.56,6820.0,6830.0,81337.0,553.0,67387.0,,,0.624611,0.43705523000000013,"6,091.39",123.64,2.07,2026-04-15 15:34:32
64,2차전지,1.73,312610,에이에프더블류 *,테마 편입 사유,1140.0,상승  28,2.52,1143.0,1145.0,42049.0,48.0,19964.0,,,0.624611,0.43705523000000013,"6,091.39",123.64,2.07,2026-04-15 15:34:32
64,2차전지,1.73,065130,탑엔지니어링 *,테마 편입 사유,3320.0,상승  80,2.47,3300.0,3310.0,60416.0,198.0,37113.0,,,0.624611,0.43705523000000013,"6,091.39",123.64,2.07,2026-04-15 15:34:32
64,2차전지,1.73,247540,에코프로비엠 *,테마 편입 사유,202500.0,"상승  4,700",2.38,202000.0,202500.0,370146.0,75104.0,306781.0,,,0.624611,0.43705523000000013,"6,091.39",123.64,2.07,2026-04-15 15:34:32
64,2차전지,1.73,241790,티이엠씨씨엔에스 *,테마 편입 사유,7810.0,상승  170,2.23,7780.0,7800.0,66917.0,521.0,71334.0,,,0.624611,0.43705523000000013,"6,091.39",123.64,2.07,2026-04-15 15:34:32
64,2차전지,1.73,015750,성우하이텍 *,테마 편입 사유,8920.0,상승  190,2.18,8900.0,8910.0,777318.0,6997.0,521393.0,,,0.624611,0.43705523000000013,"6,091.39",123.64,2.07,2026-04-15 15:34:32
64,2차전지,1.73,084850,아이티엠반도체 *,테마 편입 사유,18480.0,상승  390,2.16,18450.0,18460.0,367824.0,6868.0,675142.0,,,0.624611,0.43705523000000013,"6,091.39",123.64,2.07,2026-04-15 15:34:32
64,2차전지,1.73,416180,신성에스티 *,테마 편입 사유,35850.0,상승  750,2.14,35750.0,35800.0,34465.0,1230.0,23830.0,,,0.624611,0.43705523000000013,"6,091.39",123.64,2.07,2026-04-15 15:34:32
64,2차전지,1.73,372170,윤성에프앤씨 *,테마 편입 사유,31200.0,상승  650,2.13,31000.0,31050.0,16763.0,519.0,10050.0,,,0.624611,0.43705523000000013,"6,091.39",123.64,2.07,2026-04-15 15:34:32
64,2차전지,1.73,003670,포스코퓨처엠,테마 편입 사유,217500.0,"상승  4,500",2.11,217500.0,218000.0,207171.0,45225.0,134605.0,,,0.624611,0.43705523000000013,"6,091.39",123.64,2.07,2026-04-15 15:34:32
64,2차전지,1.73,0011A0,액스비스 *,테마 편입 사유,22550.0,상승  450,2.04,22750.0,22800.0,403204.0,8864.0,491696.0,,,0.624611,0.43705523000000013,"6,091.39",123.64,2.07,2026-04-15 15:34:32
64,2차전지,1.73,396300,세아메카닉스 *,테마 편입 사유,4020.0,상승  80,2.03,4015.0,4025.0,368869.0,1475.0,319616.0,,,0.624611,0.43705523000000013,"6,091.39",123.64,2.07,2026-04-15 15:34:32
64,2차전지,1.73,373220,LG에너지솔루션,테마 편입 사유,408000.0,"상승  8,000",2.0,407000.0,407500.0,272389.0,110845.0,269254.0,,,0.624611,0.43705523000000013,"6,091.39",123.64,2.07,2026-04-15 15:34:32
64,2차전지,1.73,282880,코윈테크 *,테마 편입 사유,14880.0,상승  290,1.99,14880.0,14900.0,48232.0,714.0,46002.0,,,0.624611,0.43705523000000013,"6,091.39",123.64,2.07,2026-04-15 15:34:32
64,2차전지,1.73,267320,나인테크 *,테마 편입 사유,3160.0,상승  60,1.94,3170.0,3180.0,1309543.0,4135.0,948211.0,,,0.624611,0.43705523000000013,"6,091.39",123.64,2.07,2026-04-15 15:34:32
64,2차전지,1.73,110990,디아이티 *,테마 편입 사유,22400.0,상승  400,1.82,22300.0,22400.0,175213.0,3892.0,242654.0,,,0.624611,0.43705523000000013,"6,091.39",123.64,2.07,2026-04-15 15:34:32
64,2차전지,1.73,083930,아바코 *,테마 편입 사유,14100.0,상승  250,1.81,14040.0,14080.0,85109.0,1194.0,100304.0,,,0.624611,0.43705523000000013,"6,091.39",123.64,2.07,2026-04-15 15:34:32
64,2차전지,1.73,265560,영화테크 *,테마 편입 사유,9550.0,상승  170,1.81,9450.0,9470.0,74872.0,708.0,98199.0,,,0.624611,0.43705523000000013,"6,091.39",123.64,2.07,2026-04-15 15:34:32
64,2차전지,1.73,005490,POSCO홀딩스,테마 편입 사유,368000.0,"상승  6,500",1.8,368500.0,369000.0,269285.0,99132.0,213490.0,,,0.624611,0.43705523000000013,"6,091.39",123.64,2.07,2026-04-15 15:34:32
64,2차전지,1.73,360070,탑머티리얼 *,테마 편입 사유,18650.0,상승  330,1.8,18640.0,18660.0,38058.0,701.0,31097.0,,,0.624611,0.43705523000000013,"6,091.39",123.64,2.07,2026-04-15 15:34:32
64,2차전지,1.73,357780,솔브레인 *,테마 편입 사유,425500.0,"상승  7,500",1.79,423000.0,423500.0,50509.0,21455.0,58771.0,,,0.624611,0.43705523000000013,"6,091.39",123.64,2.07,2026-04-15 15:34:32
64,2차전지,1.73,348370,엔켐 *,테마 편입 사유,39150.0,상승  650,1.69,39100.0,39150.0,296304.0,11565.0,380699.0,,,0.624611,0.43705523000000013,"6,091.39",123.64,2.07,2026-04-15 15:34:32
64,2차전지,1.73,064290,인텍플러스 *,테마 편입 사유,24500.0,상승  400,1.66,24400.0,24500.0,295950.0,7335.0,405366.0,,,0.624611,0.43705523000000013,"6,091.39",123.64,2.07,2026-04-15 15:34:32
64,2차전지,1.73,005420,코스모화학,테마 편입 사유,15930.0,상승  250,1.59,15890.0,15900.0,188208.0,2992.0,171551.0,,,0.624611,0.43705523000000013,"6,091.39",123.64,2.07,2026-04-15 15:34:32
64,2차전지,1.73,243840,신흥에스이씨 *,테마 편입 사유,8020.0,상승  120,1.52,7990.0,8000.0,493303.0,3923.0,548324.0,,,0.624611,0.43705523000000013,"6,091.39",123.64,2.07,2026-04-15 15:34:32
64,2차전지,1.73,107600,새빗켐 *,테마 편입 사유,28500.0,상승  400,1.42,28400.0,28450.0,38842.0,1108.0,27656.0,,,0.624611,0.43705523000000013,"6,091.39",123.64,2.07,2026-04-15 15:34:32
64,2차전지,1.73,452200,민테크 *,테마 편입 사유,2510.0,상승  35,1.41,2505.0,2515.0,107121.0,268.0,83023.0,,,0.624611,0.43705523000000013,"6,091.39",123.64,2.07,2026-04-15 15:34:32
64,2차전지,1.73,006650,대한유화,테마 편입 사유,154000.0,"상승  2,000",1.32,153200.0,153900.0,46153.0,7180.0,51061.0,,,0.624611,0.43705523000000013,"6,091.39",123.64,2.07,2026-04-15 15:34:32
64,2차전지,1.73,240600,유진테크놀로지 *,테마 편입 사유,3470.0,상승  45,1.31,3475.0,3480.0,20408.0,71.0,17944.0,,,0.624611,0.43705523000000013,"6,091.39",123.64,2.07,2026-04-15 15:34:32
64,2차전지,1.73,458650,성우 *,테마 편입 사유,13410.0,상승  170,1.28,13440.0,13460.0,179294.0,2405.0,179839.0,,,0.624611,0.43705523000000013,"6,091.39",123.64,2.07,2026-04-15 15:34:32
64,2차전지,1.73,251630,브이원텍 *,테마 편입 사유,5710.0,상승  70,1.24,5700.0,5720.0,53306.0,303.0,55330.0,,,0.624611,0.43705523000000013,"6,091.39",123.64,2.07,2026-04-15 15:34:32
64,2차전지,1.73,025900,동화기업 *,테마 편입 사유,11500.0,상승  140,1.23,11490.0,11500.0,295462.0,3384.0,254120.0,,,0.624611,0.43705523000000013,"6,091.39",123.64,2.07,2026-04-15 15:34:32
64,2차전지,1.73,263770,유에스티 *,테마 편입 사유,2080.0,상승  25,1.22,2070.0,2075.0,23725.0,49.0,64625.0,,,0.624611,0.43705523000000013,"6,091.39",123.64,2.07,2026-04-15 15:34:32
64,2차전지,1.73,109740,디에스케이 *,테마 편입 사유,5130.0,상승  60,1.18,5120.0,5130.0,29845.0,151.0,68374.0,,,0.624611,0.43705523000000013,"6,091.39",123.64,2.07,2026-04-15 15:34:32
64,2차전지,1.73,417010,나노팀 *,테마 편입 사유,10600.0,상승  120,1.15,10580.0,10590.0,238287.0,2537.0,773559.0,,,0.624611,0.43705523000000013,"6,091.39",123.64,2.07,2026-04-15 15:34:32
64,2차전지,1.73,361610,SK아이이테크놀로지,테마 편입 사유,22950.0,상승  250,1.1,22850.0,22900.0,129767.0,2965.0,144240.0,,,0.624611,0.43705523000000013,"6,091.39",123.64,2.07,2026-04-15 15:34:32
64,2차전지,1.73,055490,테이팩스,테마 편입 사유,17150.0,상승  170,1.0,17180.0,17230.0,30479.0,517.0,19808.0,,,0.624611,0.43705523000000013,"6,091.39",123.64,2.07,2026-04-15 15:34:32
64,2차전지,1.73,014820,동원시스템즈,테마 편입 사유,25650.0,상승  250,0.98,25550.0,25600.0,20117.0,515.0,27613.0,,,0.624611,0.43705523000000013,"6,091.39",123.64,2.07,2026-04-15 15:34:32
64,2차전지,1.73,054090,삼진엘앤디 *,테마 편입 사유,1048.0,상승  10,0.96,1038.0,1039.0,298047.0,308.0,547254.0,,,0.624611,0.43705523000000013,"6,091.39",123.64,2.07,2026-04-15 15:34:32
64,2차전지,1.73,480370,씨케이솔루션,테마 편입 사유,2100.0,상승  20,0.96,2080.0,2090.0,209738.0,436.0,210417.0,,,0.624611,0.43705523000000013,"6,091.39",123.64,2.07,2026-04-15 15:34:32
64,2차전지,1.73,089890,코세스 *,테마 편입 사유,27750.0,상승  250,0.91,27850.0,27950.0,297629.0,8333.0,350397.0,,,0.624611,0.43705523000000013,"6,091.39",123.64,2.07,2026-04-15 15:34:32
64,2차전지,1.73,004910,조광페인트,테마 편입 사유,5040.0,상승  45,0.9,5020.0,5040.0,23705.0,118.0,37848.0,,,0.624611,0.43705523000000013,"6,091.39",123.64,2.07,2026-04-15 15:34:32
64,2차전지,1.73,037030,파워넷 *,테마 편입 사유,8540.0,상승  70,0.83,8470.0,8480.0,10775738.0,92745.0,29451177.0,,,0.624611,0.43705523000000013,"6,091.39",123.64,2.07,2026-04-15 15:34:32
64,2차전지,1.73,432470,케이엔에스 *,테마 편입 사유,13630.0,상승  100,0.74,13580.0,13640.0,71888.0,975.0,39545.0,,,0.624611,0.43705523000000013,"6,091.39",123.64,2.07,2026-04-15 15:34:32
64,2차전지,1.73,450080,에코프로머티,테마 편입 사유,70900.0,상승  500,0.71,70900.0,71000.0,937677.0,66629.0,817841.0,,,0.624611,0.43705523000000013,"6,091.39",123.64,2.07,2026-04-15 15:34:32
64,2차전지,1.73,302430,이노메트리 *,테마 편입 사유,7320.0,상승  50,0.69,7300.0,7320.0,92445.0,673.0,90456.0,,,0.624611,0.43705523000000013,"6,091.39",123.64,2.07,2026-04-15 15:34:32
64,2차전지,1.73,010130,고려아연,테마 편입 사유,1660000.0,"상승  11,000",0.67,1653000.0,1655000.0,27124.0,45599.0,21545.0,,,0.624611,0.43705523000000013,"6,091.39",123.64,2.07,2026-04-15 15:34:32
64,2차전지,1.73,075970,동국알앤에스 *,테마 편입 사유,2270.0,상승  15,0.67,2260.0,2265.0,78672.0,178.0,108993.0,,,0.624611,0.43705523000000013,"6,091.39",123.64,2.07,2026-04-15 15:34:32
64,2차전지,1.73,161580,필옵틱스 *,테마 편입 사유,39900.0,상승  250,0.63,39850.0,39900.0,219606.0,8772.0,125248.0,,,0.624611,0.43705523000000013,"6,091.39",123.64,2.07,2026-04-15 15:34:32
64,2차전지,1.73,002710,TCC스틸,테마 편입 사유,16630.0,상승  100,0.6,16630.0,16650.0,275779.0,4503.0,340235.0,,,0.624611,0.43705523000000013,"6,091.39",123.64,2.07,2026-04-15 15:34:32
64,2차전지,1.73,254120,자비스 *,테마 편입 사유,1334.0,상승  8,0.6,1334.0,1338.0,96330.0,129.0,103326.0,,,0.624611,0.43705523000000013,"6,091.39",123.64,2.07,2026-04-15 15:34:32
64,2차전지,1.73,093920,서원인텍 *,테마 편입 사유,5190.0,상승  30,0.58,5170.0,5180.0,29938.0,155.0,46602.0,,,0.624611,0.43705523000000013,"6,091.39",123.64,2.07,2026-04-15 15:34:32
64,2차전지,1.73,277880,티에스아이 *,테마 편입 사유,5230.0,상승  30,0.58,5220.0,5250.0,82775.0,434.0,95673.0,,,0.624611,0.43705523000000013,"6,091.39",123.64,2.07,2026-04-15 15:34:32
64,2차전지,1.73,053080,케이엔솔 *,테마 편입 사유,13220.0,상승  70,0.53,13220.0,13230.0,368877.0,4811.0,581279.0,,,0.624611,0.43705523000000013,"6,091.39",123.64,2.07,2026-04-15 15:34:32
64,2차전지,1.73,017370,우신시스템,테마 편입 사유,5870.0,상승  30,0.51,5890.0,5900.0,34820.0,204.0,19259.0,,,0.624611,0.43705523000000013,"6,091.39",123.64,2.07,2026-04-15 15:34:32
64,2차전지,1.73,088390,이녹스 *,테마 편입 사유,12030.0,상승  60,0.5,12060.0,12080.0,29100.0,348.0,27480.0,,,0.624611,0.43705523000000013,"6,091.39",123.64,2.07,2026-04-15 15:34:32
64,2차전지,1.73,020150,롯데에너지머티리얼즈,테마 편입 사유,46200.0,상승  200,0.43,45900.0,45950.0,244579.0,11255.0,331757.0,,,0.624611,0.43705523000000013,"6,091.39",123.64,2.07,2026-04-15 15:34:32
64,2차전지,1.73,262260,에이프로 *,테마 편입 사유,5320.0,상승  20,0.38,5360.0,5380.0,42262.0,226.0,57310.0,,,0.624611,0.43705523000000013,"6,091.39",123.64,2.07,2026-04-15 15:34:32
64,2차전지,1.73,393890,더블유씨피 *,테마 편입 사유,15090.0,상승  50,0.33,15080.0,15090.0,941758.0,14116.0,1678076.0,,,0.624611,0.43705523000000013,"6,091.39",123.64,2.07,2026-04-15 15:34:32
64,2차전지,1.73,042600,새로닉스 *,테마 편입 사유,19250.0,상승  50,0.26,19250.0,19280.0,133249.0,2599.0,123788.0,,,0.624611,0.43705523000000013,"6,091.39",123.64,2.07,2026-04-15 15:34:32
64,2차전지,1.73,033790,피노 *,테마 편입 사유,9100.0,상승  20,0.22,9080.0,9090.0,3149215.0,27727.0,3391421.0,,,0.624611,0.43705523000000013,"6,091.39",123.64,2.07,2026-04-15 15:34:32
64,2차전지,1.73,089980,상아프론테크 *,테마 편입 사유,24400.0,상승  50,0.21,24300.0,24400.0,88900.0,2161.0,186741.0,,,0.624611,0.43705523000000013,"6,091.39",123.64,2.07,2026-04-15 15:34:32
64,2차전지,1.73,290670,대보마그네틱 *,테마 편입 사유,11370.0,상승  20,0.18,11320.0,11360.0,18624.0,211.0,15546.0,,,0.624611,0.43705523000000013,"6,091.39",123.64,2.07,2026-04-15 15:34:32
64,2차전지,1.73,001390,KG케미칼,테마 편입 사유,5780.0,상승  10,0.17,5750.0,5770.0,524296.0,3024.0,804354.0,,,0.624611,0.43705523000000013,"6,091.39",123.64,2.07,2026-04-15 15:34:32
64,2차전지,1.73,004490,세방전지,테마 편입 사유,60600.0,상승  100,0.17,60600.0,60700.0,40615.0,2472.0,28261.0,,,0.624611,0.43705523000000013,"6,091.39",123.64,2.07,2026-04-15 15:34:32
64,2차전지,1.73,056190,에스에프에이 *,테마 편입 사유,29100.0,상승  50,0.17,28950.0,29050.0,110117.0,3223.0,83158.0,,,0.624611,0.43705523000000013,"6,091.39",123.64,2.07,2026-04-15 15:34:32
64,2차전지,1.73,333620,엔시스 *,테마 편입 사유,6220.0,상승  10,0.16,6200.0,6210.0,17047.0,106.0,41726.0,,,0.624611,0.43705523000000013,"6,091.39",123.64,2.07,2026-04-15 15:34:32
64,2차전지,1.73,217820,원익피앤이 *,테마 편입 사유,3260.0,상승  5,0.15,3265.0,3270.0,302942.0,980.0,180001.0,,,0.624611,0.43705523000000013,"6,091.39",123.64,2.07,2026-04-15 15:34:32
64,2차전지,1.73,006400,삼성SDI,테마 편입 사유,471000.0,상승  500,0.11,471000.0,471500.0,632732.0,298601.0,798652.0,,,0.624611,0.43705523000000013,"6,091.39",123.64,2.07,2026-04-15 15:34:32
64,2차전지,1.73,108230,톱텍 *,테마 편입 사유,4710.0,상승  5,0.11,4690.0,4705.0,170240.0,807.0,94306.0,,,0.624611,0.43705523000000013,"6,091.39",123.64,2.07,2026-04-15 15:34:32
64,2차전지,1.73,032560,황금에스티,테마 편입 사유,6110.0,보합0,0.0,6140.0,6150.0,38120.0,233.0,38533.0,,,0.624611,0.43705523000000013,"6,091.39",123.64,2.07,2026-04-15 15:34:32
64,2차전지,1.73,036830,솔브레인홀딩스 *,테마 편입 사유,53500.0,보합0,0.0,53400.0,53500.0,75615.0,4042.0,69906.0,,,0.624611,0.43705523000000013,"6,091.39",123.64,2.07,2026-04-15 15:34:32
64,2차전지,1.73,078150,HB테크놀러지 *,테마 편입 사유,2450.0,보합0,0.0,2455.0,2460.0,3293384.0,8149.0,3409822.0,,,0.624611,0.43705523000000013,"6,091.39",123.64,2.07,2026-04-15 15:34:32
64,2차전지,1.73,096630,에스코넥 *,테마 편입 사유,813.0,보합0,0.0,0.0,0.0,0.0,0.0,0.0,,,0.624611,0.43705523000000013,"6,091.39",123.64,2.07,2026-04-15 15:34:32
64,2차전지,1.73,096770,SK이노베이션,테마 편입 사유,121600.0,보합0,0.0,121300.0,121500.0,501776.0,60408.0,361028.0,,,0.624611,0.43705523000000013,"6,091.39",123.64,2.07,2026-04-15 15:34:32
64,2차전지,1.73,320000,한울반도체 *,테마 편입 사유,1533.0,보합0,0.0,0.0,0.0,0.0,0.0,498099.0,,,0.624611,0.43705523000000013,"6,091.39",123.64,2.07,2026-04-15 15:34:32
64,2차전지,1.73,382480,지아이텍 *,테마 편입 사유,2510.0,보합0,0.0,2505.0,2510.0,341489.0,852.0,418487.0,,,0.624611,0.43705523000000013,"6,091.39",123.64,2.07,2026-04-15 15:34:32
64,2차전지,1.73,455180,케이지에이 *,테마 편입 사유,2950.0,보합0,0.0,2915.0,2930.0,56680.0,165.0,51757.0,,,0.624611,0.43705523000000013,"6,091.39",123.64,2.07,2026-04-15 15:34:32
64,2차전지,1.73,051490,나라엠앤디 *,테마 편입 사유,3645.0,하락  5,-0.14,3655.0,3660.0,32868.0,120.0,47005.0,,,0.624611,0.43705523000000013,"6,091.39",123.64,2.07,2026-04-15 15:34:32
64,2차전지,1.73,475660,에스켐 *,테마 편입 사유,5580.0,하락  10,-0.18,5520.0,5540.0,7470.0,41.0,25440.0,,,0.624611,0.43705523000000013,"6,091.39",123.64,2.07,2026-04-15 15:34:32
64,2차전지,1.73,419050,삼기에너지솔루션즈 *,테마 편입 사유,1609.0,하락  3,-0.19,1610.0,1611.0,191974.0,310.0,258669.0,,,0.624611,0.43705523000000013,"6,091.39",123.64,2.07,2026-04-15 15:34:32
64,2차전지,1.73,259630,엠플러스 *,테마 편입 사유,15460.0,하락  60,-0.39,15470.0,15490.0,367599.0,5765.0,397636.0,,,0.624611,0.43705523000000013,"6,091.39",123.64,2.07,2026-04-15 15:34:32
64,2차전지,1.73,032680,소프트센 *,테마 편입 사유,242.0,하락  1,-0.41,239.0,241.0,648747.0,156.0,612063.0,,,0.624611,0.43705523000000013,"6,091.39",123.64,2.07,2026-04-15 15:34:32
64,2차전지,1.73,049950,미래컴퍼니 *,테마 편입 사유,14870.0,하락  80,-0.54,14880.0,14910.0,39225.0,585.0,60548.0,,,0.624611,0.43705523000000013,"6,091.39",123.64,2.07,2026-04-15 15:34:32
64,2차전지,1.73,178920,PI첨단소재,테마 편입 사유,23900.0,하락  150,-0.62,23900.0,23950.0,124885.0,2998.0,229104.0,,,0.624611,0.43705523000000013,"6,091.39",123.64,2.07,2026-04-15 15:34:32
64,2차전지,1.73,114190,강원에너지 *,테마 편입 사유,13960.0,하락  90,-0.64,13950.0,13960.0,204614.0,2867.0,284834.0,,,0.624611,0.43705523000000013,"6,091.39",123.64,2.07,2026-04-15 15:34:32
64,2차전지,1.73,222420,쎄노텍 *,테마 편입 사유,1397.0,하락  10,-0.71,1397.0,1401.0,423960.0,588.0,400304.0,,,0.624611,0.43705523000000013,"6,091.39",123.64,2.07,2026-04-15 15:34:32
64,2차전지,1.73,008730,율촌화학,테마 편입 사유,26400.0,하락  200,-0.75,26450.0,26500.0,71889.0,1900.0,88273.0,,,0.624611,0.43705523000000013,"6,091.39",123.64,2.07,2026-04-15 15:34:32
64,2차전지,1.73,469750,아이비젼웍스 *,테마 편입 사유,1234.0,하락  20,-1.59,1231.0,1233.0,239155.0,294.0,363819.0,,,0.624611,0.43705523000000013,"6,091.39",123.64,2.07,2026-04-15 15:34:32
64,2차전지,1.73,278280,천보 *,테마 편입 사유,61500.0,"하락  1,000",-1.6,61400.0,61500.0,145716.0,8937.0,294239.0,,,0.624611,0.43705523000000013,"6,091.39",123.64,2.07,2026-04-15 15:34:32
64,2차전지,1.73,066970,엘앤에프,테마 편입 사유,170600.0,"하락  2,800",-1.61,170600.0,170700.0,831679.0,141916.0,1037394.0,,,0.624611,0.43705523000000013,"6,091.39",123.64,2.07,2026-04-15 15:34:32
64,2차전지,1.73,129920,대성하이텍 *,테마 편입 사유,11410.0,하락  190,-1.64,11390.0,11450.0,251439.0,2900.0,336112.0,,,0.624611,0.43705523000000013,"6,091.39",123.64,2.07,2026-04-15 15:34:32
64,2차전지,1.73,168360,펨트론 *,테마 편입 사유,23000.0,하락  400,-1.71,22800.0,22900.0,131668.0,3023.0,175268.0,,,0.624611,0.43705523000000013,"6,091.39",123.64,2.07,2026-04-15 15:34:32
64,2차전지,1.73,090470,제이스텍 *,테마 편입 사유,8430.0,하락  170,-1.98,8370.0,8460.0,48266.0,405.0,118826.0,,,0.624611,0.43705523000000013,"6,091.39",123.64,2.07,2026-04-15 15:34:32
64,2차전지,1.73,294140,레몬 *,테마 편입 사유,3440.0,하락  70,-1.99,3435.0,3450.0,67464.0,231.0,34463.0,,,0.624611,0.43705523000000013,"6,091.39",123.64,2.07,2026-04-15 15:34:32
64,2차전지,1.73,029480,광무 *,테마 편입 사유,2205.0,하락  70,-3.08,2195.0,2200.0,793981.0,1765.0,923923.0,,,0.624611,0.43705523000000013,"6,091.39",123.64,2.07,2026-04-15 15:34:32
64,2차전지,1.73,001530,DI동일,테마 편입 사유,22650.0,하락  750,-3.21,22650.0,22700.0,87426.0,1991.0,61934.0,,,0.624611,0.43705523000000013,"6,091.39",123.64,2.07,2026-04-15 15:34:32
64,2차전지,1.73,093370,후성,테마 편입 사유,10600.0,하락  370,-3.37,10530.0,10540.0,2851860.0,30567.0,7648574.0,,,0.624611,0.43705523000000013,"6,091.39",123.64,2.07,2026-04-15 15:34:32
64,2차전지,1.73,257370,피엔티엠에스 *,테마 편입 사유,3175.0,하락  115,-3.5,3175.0,3180.0,70038.0,223.0,29762.0,,,0.624611,0.43705523000000013,"6,091.39",123.64,2.07,2026-04-15 15:34:32
64,2차전지,1.73,148930,에이치와이티씨 *,테마 편입 사유,3015.0,하락  125,-3.98,3030.0,3035.0,232686.0,705.0,20936.0,,,0.624611,0.43705523000000013,"6,091.39",123.64,2.07,2026-04-15 15:34:32
64,2차전지,1.73,354320,알멕 *,테마 편입 사유,84500.0,"하락  4,000",-4.52,84700.0,84800.0,257401.0,21683.0,446308.0,,,0.624611,0.43705523000000013,"6,091.39",123.64,2.07,2026-04-15 15:34:32
64,2차전지,1.73,079810,APS이노베이션 *,테마 편입 사유,6550.0,하락  330,-4.8,6460.0,6470.0,1340171.0,8738.0,886582.0,,,0.624611,0.43705523000000013,"6,091.39",123.64,2.07,2026-04-15 15:34:32
64,2차전지,1.73,001780,알루코,테마 편입 사유,2680.0,하락  170,-5.96,2670.0,2675.0,5350107.0,14545.0,13317296.0,,,0.624611,0.43705523000000013,"6,091.39",123.64,2.07,2026-04-15 15:34:32
64,2차전지,1.73,033160,엠케이전자 *,테마 편입 사유,22550.0,"하락  1,550",-6.43,22550.0,22600.0,1430889.0,32475.0,4373267.0,,,0.624611,0.43705523000000013,"6,091.39",123.64,2.07,2026-04-15 15:34:32
64,2차전지,1.73,018470,조일알미늄,테마 편입 사유,1825.0,하락  126,-6.46,1820.0,1821.0,18772889.0,34352.0,81070537.0,,,0.624611,0.43705523000000013,"6,091.39",123.64,2.07,2026-04-15 15:34:32
64,2차전지,1.73,006110,삼아알미늄,테마 편입 사유,52400.0,"하락  4,200",-7.42,52200.0,52300.0,859196.0,44618.0,541681.0,,,0.624611,0.43705523000000013,"6,091.39",123.64,2.07,2026-04-15 15:34:32
288,모바일솔루션(스마트폰),1.12,058970,엠로 *,테마 편입 사유,29200.0,"상승  2,050",7.55,29000.0,29100.0,138698.0,4034.0,66342.0,,,0.338846,0.4185887800000002,"6,091.39",123.64,2.07,2026-04-15 15:34:32
288,모바일솔루션(스마트폰),1.12,163730,핑거 *,테마 편입 사유,12170.0,상승  700,6.1,12050.0,12070.0,1677560.0,21297.0,128151.0,,,0.338846,0.4185887800000002,"6,091.39",123.64,2.07,2026-04-15 15:34:32
288,모바일솔루션(스마트폰),1.12,089850,유비벨록스 *,테마 편입 사유,5710.0,상승  270,4.96,5680.0,5700.0,108846.0,614.0,16771.0,,,0.338846,0.4185887800000002,"6,091.39",123.64,2.07,2026-04-15 15:34:32
288,모바일솔루션(스마트폰),1.12,139670,키네마스터 *,테마 편입 사유,2035.0,상승  83,4.25,2040.0,2055.0,82943.0,169.0,21946.0,,,0.338846,0.4185887800000002,"6,091.39",123.64,2.07,2026-04-15 15:34:32
288,모바일솔루션(스마트폰),1.12,039290,인포뱅크 *,테마 편입 사유,5030.0,상승  140,2.86,4995.0,5000.0,16960.0,84.0,21924.0,,,0.338846,0.4185887800000002,"6,091.39",123.64,2.07,2026-04-15 15:34:32
288,모바일솔루션(스마트폰),1.12,064260,다날 *,테마 편입 사유,8090.0,상승  220,2.8,8070.0,8080.0,23022472.0,191333.0,8870713.0,,,0.338846,0.4185887800000002,"6,091.39",123.64,2.07,2026-04-15 15:34:32
288,모바일솔루션(스마트폰),1.12,065370,위세아이텍 *,테마 편입 사유,5430.0,상승  140,2.65,5390.0,5420.0,31457.0,170.0,26624.0,,,0.338846,0.4185887800000002,"6,091.39",123.64,2.07,2026-04-15 15:34:32
288,모바일솔루션(스마트폰),1.12,094480,갤럭시아머니트리 *,테마 편입 사유,8820.0,상승  210,2.44,8820.0,8830.0,587583.0,5197.0,406910.0,,,0.338846,0.4185887800000002,"6,091.39",123.64,2.07,2026-04-15 15:34:32
288,모바일솔루션(스마트폰),1.12,099390,브레인즈컴퍼니 *,테마 편입 사유,4610.0,상승  95,2.1,4600.0,4605.0,33887.0,154.0,36895.0,,,0.338846,0.4185887800000002,"6,091.39",123.64,2.07,2026-04-15 15:34:32
288,모바일솔루션(스마트폰),1.12,041020,폴라리스오피스 *,테마 편입 사유,4495.0,상승  75,1.7,4470.0,4475.0,919037.0,4137.0,783770.0,,,0.338846,0.4185887800000002,"6,091.39",123.64,2.07,2026-04-15 15:34:32
288,모바일솔루션(스마트폰),1.12,042000,카페24 *,테마 편입 사유,26800.0,상승  250,0.94,26850.0,26900.0,71049.0,1920.0,56723.0,,,0.338846,0.4185887800000002,"6,091.39",123.64,2.07,2026-04-15 15:34:32
288,모바일솔루션(스마트폰),1.12,078000,텔코웨어,테마 편입 사유,17710.0,상승  160,0.91,17710.0,17750.0,15516.0,273.0,16779.0,,,0.338846,0.4185887800000002,"6,091.39",123.64,2.07,2026-04-15 15:34:32
288,모바일솔루션(스마트폰),1.12,088340,유라클 *,테마 편입 사유,12390.0,상승  90,0.73,12360.0,12370.0,55825.0,692.0,166475.0,,,0.338846,0.4185887800000002,"6,091.39",123.64,2.07,2026-04-15 15:34:32
288,모바일솔루션(스마트폰),1.12,100030,인지소프트 *,테마 편입 사유,18000.0,상승  60,0.33,18020.0,18120.0,7248.0,131.0,2448.0,,,0.338846,0.4185887800000002,"6,091.39",123.64,2.07,2026-04-15 15:34:32
288,모바일솔루션(스마트폰),1.12,086960,MDS테크 *,테마 편입 사유,1115.0,보합0,0.0,0.0,0.0,0.0,0.0,0.0,,,0.338846,0.4185887800000002,"6,091.39",123.64,2.07,2026-04-15 15:34:32
288,모바일솔루션(스마트폰),1.12,115610,이미지스 *,테마 편입 사유,1339.0,보합0,0.0,0.0,0.0,0.0,0.0,0.0,,,0.338846,0.4185887800000002,"6,091.39",123.64,2.07,2026-04-15 15:34:32
288,모바일솔루션(스마트폰),1.12,072130,유엔젤,테마 편입 사유,6140.0,하락  10,-0.16,6100.0,6120.0,378678.0,2323.0,1105737.0,,,0.338846,0.4185887800000002,"6,091.39",123.64,2.07,2026-04-15 15:34:32
288,모바일솔루션(스마트폰),1.12,065440,이루온 *,테마 편입 사유,4325.0,하락  15,-0.35,4280.0,4285.0,3072197.0,13077.0,4241407.0,,,0.338846,0.4185887800000002,"6,091.39",123.64,2.07,2026-04-15 15:34:32
288,모바일솔루션(스마트폰),1.12,108860,셀바스AI *,테마 편입 사유,13380.0,하락  90,-0.67,13330.0,13360.0,515077.0,6870.0,614914.0,,,0.338846,0.4185887800000002,"6,091.39",123.64,2.07,2026-04-15 15:34:32
288,모바일솔루션(스마트폰),1.12,064800,포니링크 *,테마 편입 사유,677.0,하락  12,-1.74,676.0,682.0,308783.0,210.0,749451.0,,,0.338846,0.4185887800000002,"6,091.39",123.64,2.07,2026-04-15 15:34:32
288,모바일솔루션(스마트폰),1.12,039560,다산네트웍스 *,테마 편입 사유,5390.0,하락  120,-2.18,5360.0,5370.0,1852583.0,10006.0,1946941.0,,,0.338846,0.4185887800000002,"6,091.39",123.64,2.07,2026-04-15 15:34:32
288,모바일솔루션(스마트폰),1.12,051160,지어소프트 *,테마 편입 사유,7700.0,하락  250,-3.14,7660.0,7670.0,110295.0,853.0,144886.0,,,0.338846,0.4185887800000002,"6,091.39",123.64,2.07,2026-04-15 15:34:32
288,모바일솔루션(스마트폰),1.12,153460,네이블 *,테마 편입 사유,13510.0,하락  930,-6.44,13430.0,13480.0,310559.0,4220.0,1655071.0,,,0.338846,0.4185887800000002,"6,091.39",123.64,2.07,2026-04-15 15:34:32
446,2차전지(소재/부품),1.63,078600,대주전자재료 *,테마 편입 사유,136000.0,"상승  19,700",16.94,135700.0,135800.0,907284.0,119471.0,461271.0,,,0.598749,0.39058956999999994,"6,091.39",123.64,2.07,2026-04-15 15:34:32
446,2차전지(소재/부품),1.63,317330,덕산테코피아 *,테마 편입 사유,21800.0,"상승  2,610",13.6,21450.0,21500.0,1008751.0,21256.0,234041.0,,,0.598749,0.39058956999999994,"6,091.39",123.64,2.07,2026-04-15 15:34:32
446,2차전지(소재/부품),1.63,121850,코이즈 *,테마 편입 사유,3450.0,상승  345,11.11,3385.0,3400.0,1906090.0,6749.0,1868474.0,,,0.598749,0.39058956999999994,"6,091.39",123.64,2.07,2026-04-15 15:34:32
446,2차전지(소재/부품),1.63,121600,나노신소재 *,테마 편입 사유,75800.0,"상승  7,400",10.82,75200.0,75300.0,435324.0,32322.0,80966.0,,,0.598749,0.39058956999999994,"6,091.39",123.64,2.07,2026-04-15 15:34:32
446,2차전지(소재/부품),1.63,446540,메가터치 *,테마 편입 사유,5090.0,상승  410,8.76,5050.0,5060.0,1086727.0,5374.0,1595719.0,,,0.598749,0.39058956999999994,"6,091.39",123.64,2.07,2026-04-15 15:34:32
446,2차전지(소재/부품),1.63,336370,솔루스첨단소재,테마 편입 사유,10400.0,상승  720,7.44,10370.0,10380.0,943174.0,9654.0,251583.0,,,0.598749,0.39058956999999994,"6,091.39",123.64,2.07,2026-04-15 15:34:32
446,2차전지(소재/부품),1.63,065350,신성델타테크 *,테마 편입 사유,60600.0,"상승  4,100",7.26,60300.0,60500.0,275528.0,16527.0,63099.0,,,0.598749,0.39058956999999994,"6,091.39",123.64,2.07,2026-04-15 15:34:32
446,2차전지(소재/부품),1.63,014680,한솔케미칼,테마 편입 사유,281000.0,"상승  15,500",5.84,278000.0,278500.0,156886.0,44277.0,89789.0,,,0.598749,0.39058956999999994,"6,091.39",123.64,2.07,2026-04-15 15:34:32
446,2차전지(소재/부품),1.63,047310,파워로직스 *,테마 편입 사유,5370.0,상승  230,4.47,5360.0,5370.0,671350.0,3594.0,392442.0,,,0.598749,0.39058956999999994,"6,091.39",123.64,2.07,2026-04-15 15:34:32
446,2차전지(소재/부품),1.63,101360,에코앤드림 *,테마 편입 사유,18560.0,상승  780,4.39,18510.0,18600.0,88092.0,1630.0,87582.0,,,0.598749,0.39058956999999994,"6,091.39",123.64,2.07,2026-04-15 15:34:32
446,2차전지(소재/부품),1.63,011500,한농화성,테마 편입 사유,21850.0,상승  850,4.05,21800.0,21850.0,377775.0,8240.0,144321.0,,,0.598749,0.39058956999999994,"6,091.39",123.64,2.07,2026-04-15 15:34:32
446,2차전지(소재/부품),1.63,161000,애경케미칼,테마 편입 사유,14170.0,상승  520,3.81,14080.0,14090.0,1123324.0,15514.0,1176849.0,,,0.598749,0.39058956999999994,"6,091.39",123.64,2.07,2026-04-15 15:34:32
446,2차전지(소재/부품),1.63,005070,코스모신소재,테마 편입 사유,55000.0,"상승  2,000",3.77,54700.0,54800.0,264430.0,14340.0,192766.0,,,0.598749,0.39058956999999994,"6,091.39",123.64,2.07,2026-04-15 15:34:32
446,2차전지(소재/부품),1.63,051910,LG화학,테마 편입 사유,354000.0,"상승  12,500",3.66,353000.0,353500.0,318219.0,113084.0,164618.0,,,0.598749,0.39058956999999994,"6,091.39",123.64,2.07,2026-04-15 15:34:32
446,2차전지(소재/부품),1.63,900070,글로벌에스엠 *,테마 편입 사유,596.0,상승  21,3.65,598.0,599.0,887227.0,524.0,3409984.0,,,0.598749,0.39058956999999994,"6,091.39",123.64,2.07,2026-04-15 15:34:32
446,2차전지(소재/부품),1.63,220260,켐트로스 *,테마 편입 사유,5780.0,상승  190,3.4,5740.0,5760.0,370010.0,2128.0,226666.0,,,0.598749,0.39058956999999994,"6,091.39",123.64,2.07,2026-04-15 15:34:32
446,2차전지(소재/부품),1.63,452400,이닉스 *,테마 편입 사유,9250.0,상승  300,3.35,9350.0,9360.0,62175.0,567.0,14480.0,,,0.598749,0.39058956999999994,"6,091.39",123.64,2.07,2026-04-15 15:34:32
446,2차전지(소재/부품),1.63,091580,상신이디피 *,테마 편입 사유,21650.0,상승  650,3.1,21550.0,21600.0,398923.0,8607.0,281308.0,,,0.598749,0.39058956999999994,"6,091.39",123.64,2.07,2026-04-15 15:34:32
446,2차전지(소재/부품),1.63,011790,SKC,테마 편입 사유,99800.0,"상승  3,000",3.1,99100.0,99200.0,198879.0,19782.0,136156.0,,,0.598749,0.39058956999999994,"6,091.39",123.64,2.07,2026-04-15 15:34:32
446,2차전지(소재/부품),1.63,054210,이랜텍 *,테마 편입 사유,10710.0,상승  320,3.08,10680.0,10690.0,175962.0,1870.0,249428.0,,,0.598749,0.39058956999999994,"6,091.39",123.64,2.07,2026-04-15 15:34:32
446,2차전지(소재/부품),1.63,086520,에코프로 *,테마 편입 사유,147900.0,"상승  3,700",2.57,147900.0,148000.0,1177342.0,174875.0,597615.0,,,0.598749,0.39058956999999994,"6,091.39",123.64,2.07,2026-04-15 15:34:32
446,2차전지(소재/부품),1.63,312610,에이에프더블류 *,테마 편입 사유,1140.0,상승  28,2.52,1143.0,1145.0,42049.0,48.0,19964.0,,,0.598749,0.39058956999999994,"6,091.39",123.64,2.07,2026-04-15 15:34:32
446,2차전지(소재/부품),1.63,247540,에코프로비엠 *,테마 편입 사유,202500.0,"상승  4,700",2.38,202000.0,202500.0,370146.0,75104.0,306781.0,,,0.598749,0.39058956999999994,"6,091.39",123.64,2.07,2026-04-15 15:34:32
446,2차전지(소재/부품),1.63,015750,성우하이텍 *,테마 편입 사유,8920.0,상승  190,2.18,8900.0,8910.0,777318.0,6997.0,521393.0,,,0.598749,0.39058956999999994,"6,091.39",123.64,2.07,2026-04-15 15:34:32
446,2차전지(소재/부품),1.63,084850,아이티엠반도체 *,테마 편입 사유,18480.0,상승  390,2.16,18450.0,18460.0,367824.0,6868.0,675142.0,,,0.598749,0.39058956999999994,"6,091.39",123.64,2.07,2026-04-15 15:34:32
446,2차전지(소재/부품),1.63,416180,신성에스티 *,테마 편입 사유,35850.0,상승  750,2.14,35750.0,35800.0,34465.0,1230.0,23830.0,,,0.598749,0.39058956999999994,"6,091.39",123.64,2.07,2026-04-15 15:34:32
446,2차전지(소재/부품),1.63,003670,포스코퓨처엠,테마 편입 사유,217500.0,"상승  4,500",2.11,217500.0,218000.0,207171.0,45225.0,134605.0,,,0.598749,0.39058956999999994,"6,091.39",123.64,2.07,2026-04-15 15:34:32
446,2차전지(소재/부품),1.63,265560,영화테크 *,테마 편입 사유,9550.0,상승  170,1.81,9450.0,9480.0,74872.0,708.0,98199.0,,,0.598749,0.39058956999999994,"6,091.39",123.64,2.07,2026-04-15 15:34:32
446,2차전지(소재/부품),1.63,005490,POSCO홀딩스,테마 편입 사유,368000.0,"상승  6,500",1.8,368500.0,369000.0,269285.0,99132.0,213490.0,,,0.598749,0.39058956999999994,"6,091.39",123.64,2.07,2026-04-15 15:34:32
446,2차전지(소재/부품),1.63,357780,솔브레인 *,테마 편입 사유,425500.0,"상승  7,500",1.79,423000.0,423500.0,50509.0,21455.0,58771.0,,,0.598749,0.39058956999999994,"6,091.39",123.64,2.07,2026-04-15 15:34:32
446,2차전지(소재/부품),1.63,348370,엔켐 *,테마 편입 사유,39150.0,상승  650,1.69,39100.0,39150.0,296304.0,11565.0,380699.0,,,0.598749,0.39058956999999994,"6,091.39",123.64,2.07,2026-04-15 15:34:32
446,2차전지(소재/부품),1.63,005420,코스모화학,테마 편입 사유,15930.0,상승  250,1.59,15890.0,15900.0,188208.0,2992.0,171551.0,,,0.598749,0.39058956999999994,"6,091.39",123.64,2.07,2026-04-15 15:34:32
446,2차전지(소재/부품),1.63,243840,신흥에스이씨 *,테마 편입 사유,8020.0,상승  120,1.52,7990.0,8000.0,493303.0,3923.0,548324.0,,,0.598749,0.39058956999999994,"6,091.39",123.64,2.07,2026-04-15 15:34:32
446,2차전지(소재/부품),1.63,006650,대한유화,테마 편입 사유,154000.0,"상승  2,000",1.32,153200.0,153900.0,46153.0,7180.0,51061.0,,,0.598749,0.39058956999999994,"6,091.39",123.64,2.07,2026-04-15 15:34:32
446,2차전지(소재/부품),1.63,240600,유진테크놀로지 *,테마 편입 사유,3470.0,상승  45,1.31,3475.0,3480.0,20408.0,71.0,17944.0,,,0.598749,0.39058956999999994,"6,091.39",123.64,2.07,2026-04-15 15:34:32
446,2차전지(소재/부품),1.63,458650,성우 *,테마 편입 사유,13410.0,상승  170,1.28,13440.0,13460.0,179294.0,2405.0,179839.0,,,0.598749,0.39058956999999994,"6,091.39",123.64,2.07,2026-04-15 15:34:32
446,2차전지(소재/부품),1.63,025900,동화기업 *,테마 편입 사유,11500.0,상승  140,1.23,11490.0,11500.0,295462.0,3384.0,254120.0,,,0.598749,0.39058956999999994,"6,091.39",123.64,2.07,2026-04-15 15:34:32
446,2차전지(소재/부품),1.63,263770,유에스티 *,테마 편입 사유,2080.0,상승  25,1.22,2070.0,2075.0,23725.0,49.0,64625.0,,,0.598749,0.39058956999999994,"6,091.39",123.64,2.07,2026-04-15 15:34:32
446,2차전지(소재/부품),1.63,417010,나노팀 *,테마 편입 사유,10600.0,상승  120,1.15,10580.0,10590.0,238287.0,2537.0,773559.0,,,0.598749,0.39058956999999994,"6,091.39",123.64,2.07,2026-04-15 15:34:32
446,2차전지(소재/부품),1.63,361610,SK아이이테크놀로지,테마 편입 사유,22950.0,상승  250,1.1,22850.0,22900.0,129767.0,2965.0,144240.0,,,0.598749,0.39058956999999994,"6,091.39",123.64,2.07,2026-04-15 15:34:32
446,2차전지(소재/부품),1.63,055490,테이팩스,테마 편입 사유,17150.0,상승  170,1.0,17180.0,17230.0,30479.0,517.0,19808.0,,,0.598749,0.39058956999999994,"6,091.39",123.64,2.07,2026-04-15 15:34:32
446,2차전지(소재/부품),1.63,014820,동원시스템즈,테마 편입 사유,25650.0,상승  250,0.98,25550.0,25600.0,20117.0,515.0,27613.0,,,0.598749,0.39058956999999994,"6,091.39",123.64,2.07,2026-04-15 15:34:32
446,2차전지(소재/부품),1.63,054090,삼진엘앤디 *,테마 편입 사유,1048.0,상승  10,0.96,1038.0,1039.0,298047.0,308.0,547254.0,,,0.598749,0.39058956999999994,"6,091.39",123.64,2.07,2026-04-15 15:34:32
446,2차전지(소재/부품),1.63,004910,조광페인트,테마 편입 사유,5040.0,상승  45,0.9,5020.0,5040.0,23705.0,118.0,37848.0,,,0.598749,0.39058956999999994,"6,091.39",123.64,2.07,2026-04-15 15:34:32
446,2차전지(소재/부품),1.63,450080,에코프로머티,테마 편입 사유,70900.0,상승  500,0.71,70900.0,71000.0,937677.0,66629.0,817841.0,,,0.598749,0.39058956999999994,"6,091.39",123.64,2.07,2026-04-15 15:34:32
446,2차전지(소재/부품),1.63,010130,고려아연,테마 편입 사유,1660000.0,"상승  11,000",0.67,1653000.0,1655000.0,27124.0,45599.0,21545.0,,,0.598749,0.39058956999999994,"6,091.39",123.64,2.07,2026-04-15 15:34:32
446,2차전지(소재/부품),1.63,075970,동국알앤에스 *,테마 편입 사유,2270.0,상승  15,0.67,2260.0,2265.0,78672.0,178.0,108993.0,,,0.598749,0.39058956999999994,"6,091.39",123.64,2.07,2026-04-15 15:34:32
446,2차전지(소재/부품),1.63,002710,TCC스틸,테마 편입 사유,16630.0,상승  100,0.6,16630.0,16650.0,275779.0,4503.0,340235.0,,,0.598749,0.39058956999999994,"6,091.39",123.64,2.07,2026-04-15 15:34:32
446,2차전지(소재/부품),1.63,093920,서원인텍 *,테마 편입 사유,5190.0,상승  30,0.58,5170.0,5180.0,29938.0,155.0,46602.0,,,0.598749,0.39058956999999994,"6,091.39",123.64,2.07,2026-04-15 15:34:32
446,2차전지(소재/부품),1.63,088390,이녹스 *,테마 편입 사유,12030.0,상승  60,0.5,12060.0,12080.0,29100.0,348.0,27480.0,,,0.598749,0.39058956999999994,"6,091.39",123.64,2.07,2026-04-15 15:34:32
446,2차전지(소재/부품),1.63,020150,롯데에너지머티리얼즈,테마 편입 사유,46200.0,상승  200,0.43,45900.0,45950.0,244579.0,11255.0,331757.0,,,0.598749,0.39058956999999994,"6,091.39",123.64,2.07,2026-04-15 15:34:32
446,2차전지(소재/부품),1.63,393890,더블유씨피 *,테마 편입 사유,15090.0,상승  50,0.33,15080.0,15090.0,941758.0,14116.0,1678076.0,,,0.598749,0.39058956999999994,"6,091.39",123.64,2.07,2026-04-15 15:34:32
446,2차전지(소재/부품),1.63,033790,피노 *,테마 편입 사유,9100.0,상승  20,0.22,9080.0,9090.0,3149215.0,27727.0,3391421.0,,,0.598749,0.39058956999999994,"6,091.39",123.64,2.07,2026-04-15 15:34:32
446,2차전지(소재/부품),1.63,089980,상아프론테크 *,테마 편입 사유,24400.0,상승  50,0.21,24250.0,24350.0,88900.0,2161.0,186741.0,,,0.598749,0.39058956999999994,"6,091.39",123.64,2.07,2026-04-15 15:34:32
446,2차전지(소재/부품),1.63,001390,KG케미칼,테마 편입 사유,5780.0,상승  10,0.17,5750.0,5770.0,524296.0,3024.0,804354.0,,,0.598749,0.39058956999999994,"6,091.39",123.64,2.07,2026-04-15 15:34:32
446,2차전지(소재/부품),1.63,032560,황금에스티,테마 편입 사유,6110.0,보합0,0.0,6140.0,6150.0,38120.0,233.0,38533.0,,,0.598749,0.39058956999999994,"6,091.39",123.64,2.07,2026-04-15 15:34:32
446,2차전지(소재/부품),1.63,036830,솔브레인홀딩스 *,테마 편입 사유,53500.0,보합0,0.0,53400.0,53500.0,75615.0,4042.0,69906.0,,,0.598749,0.39058956999999994,"6,091.39",123.64,2.07,2026-04-15 15:34:32
446,2차전지(소재/부품),1.63,096630,에스코넥 *,테마 편입 사유,813.0,보합0,0.0,0.0,0.0,0.0,0.0,0.0,,,0.598749,0.39058956999999994,"6,091.39",123.64,2.07,2026-04-15 15:34:32
446,2차전지(소재/부품),1.63,051490,나라엠앤디 *,테마 편입 사유,3645.0,하락  5,-0.14,3655.0,3660.0,32868.0,120.0,47005.0,,,0.598749,0.39058956999999994,"6,091.39",123.64,2.07,2026-04-15 15:34:32
446,2차전지(소재/부품),1.63,475660,에스켐 *,테마 편입 사유,5580.0,하락  10,-0.18,5520.0,5540.0,7470.0,41.0,25440.0,,,0.598749,0.39058956999999994,"6,091.39",123.64,2.07,2026-04-15 15:34:32
446,2차전지(소재/부품),1.63,419050,삼기에너지솔루션즈 *,테마 편입 사유,1609.0,하락  3,-0.19,1610.0,1611.0,191974.0,310.0,258669.0,,,0.598749,0.39058956999999994,"6,091.39",123.64,2.07,2026-04-15 15:34:32
446,2차전지(소재/부품),1.63,178920,PI첨단소재,테마 편입 사유,23900.0,하락  150,-0.62,23900.0,23950.0,124885.0,2998.0,229104.0,,,0.598749,0.39058956999999994,"6,091.39",123.64,2.07,2026-04-15 15:34:32
446,2차전지(소재/부품),1.63,114190,강원에너지 *,테마 편입 사유,13960.0,하락  90,-0.64,13950.0,13960.0,204614.0,2867.0,284834.0,,,0.598749,0.39058956999999994,"6,091.39",123.64,2.07,2026-04-15 15:34:32
446,2차전지(소재/부품),1.63,222420,쎄노텍 *,테마 편입 사유,1397.0,하락  10,-0.71,1397.0,1401.0,423960.0,588.0,400304.0,,,0.598749,0.39058956999999994,"6,091.39",123.64,2.07,2026-04-15 15:34:32
446,2차전지(소재/부품),1.63,008730,율촌화학,테마 편입 사유,26400.0,하락  200,-0.75,26450.0,26500.0,71889.0,1900.0,88273.0,,,0.598749,0.39058956999999994,"6,091.39",123.64,2.07,2026-04-15 15:34:32
446,2차전지(소재/부품),1.63,278280,천보 *,테마 편입 사유,61500.0,"하락  1,000",-1.6,61200.0,61300.0,145716.0,8937.0,294239.0,,,0.598749,0.39058956999999994,"6,091.39",123.64,2.07,2026-04-15 15:34:32
446,2차전지(소재/부품),1.63,066970,엘앤에프,테마 편입 사유,170600.0,"하락  2,800",-1.61,170600.0,170700.0,831679.0,141916.0,1037394.0,,,0.598749,0.39058956999999994,"6,091.39",123.64,2.07,2026-04-15 15:34:32
446,2차전지(소재/부품),1.63,029480,광무 *,테마 편입 사유,2205.0,하락  70,-3.08,2195.0,2200.0,793981.0,1765.0,923923.0,,,0.598749,0.39058956999999994,"6,091.39",123.64,2.07,2026-04-15 15:34:32
446,2차전지(소재/부품),1.63,001530,DI동일,테마 편입 사유,22650.0,하락  750,-3.21,22650.0,22700.0,87426.0,1991.0,61934.0,,,0.598749,0.39058956999999994,"6,091.39",123.64,2.07,2026-04-15 15:34:32
446,2차전지(소재/부품),1.63,093370,후성,테마 편입 사유,10600.0,하락  370,-3.37,10540.0,10550.0,2851860.0,30567.0,7648574.0,,,0.598749,0.39058956999999994,"6,091.39",123.64,2.07,2026-04-15 15:34:32
446,2차전지(소재/부품),1.63,354320,알멕 *,테마 편입 사유,84500.0,"하락  4,000",-4.52,84700.0,84800.0,257401.0,21683.0,446308.0,,,0.598749,0.39058956999999994,"6,091.39",123.64,2.07,2026-04-15 15:34:32
446,2차전지(소재/부품),1.63,001780,알루코,테마 편입 사유,2680.0,하락  170,-5.96,2670.0,2675.0,5350107.0,14545.0,13317296.0,,,0.598749,0.39058956999999994,"6,091.39",123.64,2.07,2026-04-15 15:34:32
446,2차전지(소재/부품),1.63,033160,엠케이전자 *,테마 편입 사유,22550.0,"하락  1,550",-6.43,22550.0,22600.0,1430889.0,32475.0,4373267.0,,,0.598749,0.39058956999999994,"6,091.39",123.64,2.07,2026-04-15 15:34:32
446,2차전지(소재/부품),1.63,018470,조일알미늄,테마 편입 사유,1825.0,하락  126,-6.46,1820.0,1821.0,18772889.0,34352.0,81070537.0,,,0.598749,0.39058956999999994,"6,091.39",123.64,2.07,2026-04-15 15:34:32
446,2차전지(소재/부품),1.63,006110,삼아알미늄,테마 편입 사유,52400.0,"하락  4,200",-7.42,52200.0,52300.0,859196.0,44618.0,541681.0,,,0.598749,0.39058956999999994,"6,091.39",123.64,2.07,2026-04-15 15:34:32
571,밸류업(25년 기업가치 제고계획 발표),1.32,150900,파수 *,테마 편입 사유,4690.0,"상한가  1,080",29.92,4690.0,0.0,4355820.0,18323.0,207643.0,,,0.456112,0.3758481600000001,"6,091.39",123.64,2.07,2026-04-15 15:34:32
571,밸류업(25년 기업가치 제고계획 발표),1.32,319660,피에스케이 *,테마 편입 사유,88300.0,"상승  6,800",8.34,87800.0,87900.0,690969.0,61952.0,385848.0,,,0.456112,0.3758481600000001,"6,091.39",123.64,2.07,2026-04-15 15:34:32
571,밸류업(25년 기업가치 제고계획 발표),1.32,039200,오스코텍 *,테마 편입 사유,57200.0,"상승  3,400",6.32,56800.0,56900.0,386889.0,22004.0,186574.0,,,0.456112,0.3758481600000001,"6,091.39",123.64,2.07,2026-04-15 15:34:32
571,밸류업(25년 기업가치 제고계획 발표),1.32,014680,한솔케미칼,테마 편입 사유,281000.0,"상승  15,500",5.84,278000.0,278500.0,156886.0,44277.0,89789.0,,,0.456112,0.3758481600000001,"6,091.39",123.64,2.07,2026-04-15 15:34:32
571,밸류업(25년 기업가치 제고계획 발표),1.32,271560,오리온,테마 편입 사유,138000.0,"상승  6,600",5.02,137500.0,138100.0,162531.0,22198.0,100991.0,,,0.456112,0.3758481600000001,"6,091.39",123.64,2.07,2026-04-15 15:34:32
571,밸류업(25년 기업가치 제고계획 발표),1.32,031980,피에스케이홀딩스 *,테마 편입 사유,113300.0,"상승  5,300",4.91,112800.0,112900.0,207225.0,23676.0,149152.0,,,0.456112,0.3758481600000001,"6,091.39",123.64,2.07,2026-04-15 15:34:32
571,밸류업(25년 기업가치 제고계획 발표),1.32,234300,에스트래픽 *,테마 편입 사유,3590.0,상승  140,4.06,3585.0,3590.0,186620.0,661.0,71191.0,,,0.456112,0.3758481600000001,"6,091.39",123.64,2.07,2026-04-15 15:34:32
571,밸류업(25년 기업가치 제고계획 발표),1.32,402340,SK스퀘어,테마 편입 사유,665000.0,"상승  25,000",3.91,666000.0,667000.0,606096.0,407441.0,665668.0,,,0.456112,0.3758481600000001,"6,091.39",123.64,2.07,2026-04-15 15:34:32
571,밸류업(25년 기업가치 제고계획 발표),1.32,042700,한미반도체,테마 편입 사유,295000.0,"상승  11,000",3.87,293500.0,294000.0,888055.0,260934.0,558026.0,,,0.456112,0.3758481600000001,"6,091.39",123.64,2.07,2026-04-15 15:34:32
571,밸류업(25년 기업가치 제고계획 발표),1.32,328380,솔트웨어 *,테마 편입 사유,870.0,상승  31,3.69,863.0,867.0,326169.0,280.0,119885.0,,,0.456112,0.3758481600000001,"6,091.39",123.64,2.07,2026-04-15 15:34:32
571,밸류업(25년 기업가치 제고계획 발표),1.32,064760,티씨케이 *,테마 편입 사유,271500.0,"상승  9,500",3.63,269000.0,270000.0,108152.0,29767.0,136449.0,,,0.456112,0.3758481600000001,"6,091.39",123.64,2.07,2026-04-15 15:34:32
571,밸류업(25년 기업가치 제고계획 발표),1.32,221840,하이즈항공 *,테마 편입 사유,2765.0,상승  85,3.17,2760.0,2765.0,57287.0,156.0,43945.0,,,0.456112,0.3758481600000001,"6,091.39",123.64,2.07,2026-04-15 15:34:32
571,밸류업(25년 기업가치 제고계획 발표),1.32,001500,현대차증권,테마 편입 사유,11140.0,상승  300,2.77,11120.0,11130.0,194840.0,2163.0,222032.0,,,0.456112,0.3758481600000001,"6,091.39",123.64,2.07,2026-04-15 15:34:32
571,밸류업(25년 기업가치 제고계획 발표),1.32,237690,에스티팜 *,테마 편입 사유,147500.0,"상승  3,900",2.72,146300.0,146700.0,143770.0,21115.0,164640.0,,,0.456112,0.3758481600000001,"6,091.39",123.64,2.07,2026-04-15 15:34:32
571,밸류업(25년 기업가치 제고계획 발표),1.32,003540,대신증권,테마 편입 사유,39100.0,"상승  1,000",2.62,39050.0,39100.0,132302.0,5156.0,102599.0,,,0.456112,0.3758481600000001,"6,091.39",123.64,2.07,2026-04-15 15:34:32
571,밸류업(25년 기업가치 제고계획 발표),1.32,376930,노을 *,테마 편입 사유,1711.0,상승  43,2.58,1711.0,1715.0,365574.0,617.0,331403.0,,,0.456112,0.3758481600000001,"6,091.39",123.64,2.07,2026-04-15 15:34:32
571,밸류업(25년 기업가치 제고계획 발표),1.32,236200,슈프리마 *,테마 편입 사유,48250.0,"상승  1,200",2.55,48000.0,48150.0,32506.0,1551.0,16924.0,,,0.456112,0.3758481600000001,"6,091.39",123.64,2.07,2026-04-15 15:34:32
571,밸류업(25년 기업가치 제고계획 발표),1.32,090850,현대이지웰 *,테마 편입 사유,6290.0,상승  150,2.44,6280.0,6290.0,80404.0,503.0,19828.0,,,0.456112,0.3758481600000001,"6,091.39",123.64,2.07,2026-04-15 15:34:32
571,밸류업(25년 기업가치 제고계획 발표),1.32,180640,한진칼,테마 편입 사유,114300.0,"상승  2,600",2.33,114000.0,114100.0,126651.0,14576.0,96748.0,,,0.456112,0.3758481600000001,"6,091.39",123.64,2.07,2026-04-15 15:34:32
571,밸류업(25년 기업가치 제고계획 발표),1.32,128940,한미약품,테마 편입 사유,512000.0,"상승  11,000",2.2,512000.0,513000.0,108279.0,54935.0,66927.0,,,0.456112,0.3758481600000001,"6,091.39",123.64,2.07,2026-04-15 15:34:32
571,밸류업(25년 기업가치 제고계획 발표),1.32,003230,삼양식품,테마 편입 사유,1281000.0,"상승  27,000",2.15,1278000.0,1280000.0,52561.0,66540.0,46807.0,,,0.456112,0.3758481600000001,"6,091.39",123.64,2.07,2026-04-15 15:34:32
571,밸류업(25년 기업가치 제고계획 발표),1.32,008930,한미사이언스,테마 편입 사유,39350.0,상승  800,2.08,39200.0,39250.0,93062.0,3645.0,64823.0,,,0.456112,0.3758481600000001,"6,091.39",123.64,2.07,2026-04-15 15:34:32
571,밸류업(25년 기업가치 제고계획 발표),1.32,000990,DB하이텍,테마 편입 사유,98600.0,"상승  1,900",1.96,98700.0,98800.0,653584.0,63639.0,349493.0,,,0.456112,0.3758481600000001,"6,091.39",123.64,2.07,2026-04-15 15:34:32
571,밸류업(25년 기업가치 제고계획 발표),1.32,030190,NICE평가정보,테마 편입 사유,15290.0,상승  290,1.93,15300.0,15310.0,91253.0,1387.0,94318.0,,,0.456112,0.3758481600000001,"6,091.39",123.64,2.07,2026-04-15 15:34:32
571,밸류업(25년 기업가치 제고계획 발표),1.32,357780,솔브레인 *,테마 편입 사유,425500.0,"상승  7,500",1.79,423000.0,423500.0,50509.0,21455.0,58771.0,,,0.456112,0.3758481600000001,"6,091.39",123.64,2.07,2026-04-15 15:34:32
571,밸류업(25년 기업가치 제고계획 발표),1.32,282330,BGF리테일,테마 편입 사유,132700.0,"상승  2,200",1.69,132700.0,133200.0,39261.0,5193.0,53819.0,,,0.456112,0.3758481600000001,"6,091.39",123.64,2.07,2026-04-15 15:34:32
571,밸류업(25년 기업가치 제고계획 발표),1.32,055550,신한지주,테마 편입 사유,99800.0,"상승  1,500",1.53,99500.0,99600.0,1147228.0,114686.0,920893.0,,,0.456112,0.3758481600000001,"6,091.39",123.64,2.07,2026-04-15 15:34:32
571,밸류업(25년 기업가치 제고계획 발표),1.32,290650,엘앤씨바이오 *,테마 편입 사유,73800.0,"상승  1,100",1.51,73500.0,73600.0,164405.0,12189.0,272190.0,,,0.456112,0.3758481600000001,"6,091.39",123.64,2.07,2026-04-15 15:34:32
571,밸류업(25년 기업가치 제고계획 발표),1.32,068270,셀트리온,테마 편입 사유,202000.0,"상승  2,900",1.46,201500.0,202000.0,464374.0,94071.0,424233.0,,,0.456112,0.3758481600000001,"6,091.39",123.64,2.07,2026-04-15 15:34:32
571,밸류업(25년 기업가치 제고계획 발표),1.32,000720,현대건설,테마 편입 사유,179100.0,"상승  2,400",1.36,178900.0,179000.0,1824476.0,331973.0,1110504.0,,,0.456112,0.3758481600000001,"6,091.39",123.64,2.07,2026-04-15 15:34:32
571,밸류업(25년 기업가치 제고계획 발표),1.32,008500,일정실업,테마 편입 사유,2760.0,상승  35,1.28,2740.0,2745.0,59163.0,165.0,14571.0,,,0.456112,0.3758481600000001,"6,091.39",123.64,2.07,2026-04-15 15:34:32
571,밸류업(25년 기업가치 제고계획 발표),1.32,054950,제이브이엠 *,테마 편입 사유,24950.0,상승  300,1.22,24850.0,24900.0,24565.0,614.0,15168.0,,,0.456112,0.3758481600000001,"6,091.39",123.64,2.07,2026-04-15 15:34:32
571,밸류업(25년 기업가치 제고계획 발표),1.32,024720,콜마홀딩스,테마 편입 사유,9170.0,상승  110,1.21,9200.0,9210.0,39280.0,360.0,42275.0,,,0.456112,0.3758481600000001,"6,091.39",123.64,2.07,2026-04-15 15:34:32
571,밸류업(25년 기업가치 제고계획 발표),1.32,017810,풀무원,테마 편입 사유,12600.0,상승  140,1.12,12680.0,12690.0,94287.0,1193.0,65465.0,,,0.456112,0.3758481600000001,"6,091.39",123.64,2.07,2026-04-15 15:34:32
571,밸류업(25년 기업가치 제고계획 발표),1.32,067310,하나마이크론 *,테마 편입 사유,33350.0,상승  350,1.06,33250.0,33300.0,1618496.0,53911.0,2009572.0,,,0.456112,0.3758481600000001,"6,091.39",123.64,2.07,2026-04-15 15:34:32
571,밸류업(25년 기업가치 제고계획 발표),1.32,051600,한전KPS,테마 편입 사유,59000.0,상승  600,1.03,58900.0,59000.0,198573.0,11729.0,146074.0,,,0.456112,0.3758481600000001,"6,091.39",123.64,2.07,2026-04-15 15:34:32
571,밸류업(25년 기업가치 제고계획 발표),1.32,316140,우리금융지주,테마 편입 사유,35350.0,상승  350,1.0,35350.0,35400.0,1886147.0,67304.0,1417255.0,,,0.456112,0.3758481600000001,"6,091.39",123.64,2.07,2026-04-15 15:34:32
571,밸류업(25년 기업가치 제고계획 발표),1.32,014820,동원시스템즈,테마 편입 사유,25650.0,상승  250,0.98,25550.0,25600.0,20117.0,515.0,27613.0,,,0.456112,0.3758481600000001,"6,091.39",123.64,2.07,2026-04-15 15:34:32
571,밸류업(25년 기업가치 제고계획 발표),1.32,200130,콜마비앤에이치 *,테마 편입 사유,11420.0,상승  110,0.97,11410.0,11420.0,52250.0,595.0,39294.0,,,0.456112,0.3758481600000001,"6,091.39",123.64,2.07,2026-04-15 15:34:32
571,밸류업(25년 기업가치 제고계획 발표),1.32,002380,KCC,테마 편입 사유,547000.0,"상승  5,000",0.92,543000.0,544000.0,30887.0,16899.0,35406.0,,,0.456112,0.3758481600000001,"6,091.39",123.64,2.07,2026-04-15 15:34:32
571,밸류업(25년 기업가치 제고계획 발표),1.32,021240,코웨이,테마 편입 사유,82100.0,상승  700,0.86,82000.0,82200.0,241434.0,19874.0,231692.0,,,0.456112,0.3758481600000001,"6,091.39",123.64,2.07,2026-04-15 15:34:32
571,밸류업(25년 기업가치 제고계획 발표),1.32,298020,효성티앤씨,테마 편입 사유,500000.0,"상승  4,000",0.81,499000.0,499500.0,70931.0,35791.0,43227.0,,,0.456112,0.3758481600000001,"6,091.39",123.64,2.07,2026-04-15 15:34:32
571,밸류업(25년 기업가치 제고계획 발표),1.32,001060,JW중외제약,테마 편입 사유,31300.0,상승  250,0.81,31250.0,31350.0,73329.0,2297.0,61084.0,,,0.456112,0.3758481600000001,"6,091.39",123.64,2.07,2026-04-15 15:34:32
571,밸류업(25년 기업가치 제고계획 발표),1.32,122450,KX *,테마 편입 사유,3220.0,상승  25,0.78,3220.0,3225.0,67465.0,217.0,69416.0,,,0.456112,0.3758481600000001,"6,091.39",123.64,2.07,2026-04-15 15:34:32
571,밸류업(25년 기업가치 제고계획 발표),1.32,396270,넥스트칩 *,테마 편입 사유,5200.0,상승  40,0.78,5180.0,5200.0,1030881.0,5321.0,2792671.0,,,0.456112,0.3758481600000001,"6,091.39",123.64,2.07,2026-04-15 15:34:32
571,밸류업(25년 기업가치 제고계획 발표),1.32,192820,코스맥스,테마 편입 사유,198000.0,"상승  1,100",0.56,197500.0,197600.0,87465.0,17319.0,70068.0,,,0.456112,0.3758481600000001,"6,091.39",123.64,2.07,2026-04-15 15:34:32
571,밸류업(25년 기업가치 제고계획 발표),1.32,004370,농심,테마 편입 사유,377000.0,"상승  2,000",0.53,376500.0,377000.0,15517.0,5833.0,11848.0,,,0.456112,0.3758481600000001,"6,091.39",123.64,2.07,2026-04-15 15:34:32
571,밸류업(25년 기업가치 제고계획 발표),1.32,175330,JB금융지주,테마 편입 사유,30750.0,상승  150,0.49,30650.0,30700.0,485713.0,14927.0,433325.0,,,0.456112,0.3758481600000001,"6,091.39",123.64,2.07,2026-04-15 15:34:32
571,밸류업(25년 기업가치 제고계획 발표),1.32,011200,HMM,테마 편입 사유,21100.0,상승  100,0.48,20950.0,21000.0,1272554.0,26774.0,983620.0,,,0.456112,0.3758481600000001,"6,091.39",123.64,2.07,2026-04-15 15:34:32
571,밸류업(25년 기업가치 제고계획 발표),1.32,031210,서울보증보험,테마 편입 사유,49300.0,상승  200,0.41,49050.0,49100.0,98971.0,4869.0,128332.0,,,0.456112,0.3758481600000001,"6,091.39",123.64,2.07,2026-04-15 15:34:32
571,밸류업(25년 기업가치 제고계획 발표),1.32,003490,대한항공,테마 편입 사유,24800.0,상승  100,0.4,24750.0,24800.0,1703130.0,42508.0,1802424.0,,,0.456112,0.3758481600000001,"6,091.39",123.64,2.07,2026-04-15 15:34:32
571,밸류업(25년 기업가치 제고계획 발표),1.32,241690,유니테크노 *,테마 편입 사유,3900.0,상승  15,0.39,3885.0,3890.0,54257.0,211.0,81673.0,,,0.456112,0.3758481600000001,"6,091.39",123.64,2.07,2026-04-15 15:34:32
571,밸류업(25년 기업가치 제고계획 발표),1.32,030200,KT,테마 편입 사유,64400.0,상승  200,0.31,64500.0,64600.0,323784.0,20939.0,505082.0,,,0.456112,0.3758481600000001,"6,091.39",123.64,2.07,2026-04-15 15:34:32
571,밸류업(25년 기업가치 제고계획 발표),1.32,383220,F&F,테마 편입 사유,65200.0,상승  200,0.31,65200.0,65300.0,73255.0,4747.0,82971.0,,,0.456112,0.3758481600000001,"6,091.39",123.64,2.07,2026-04-15 15:34:32
571,밸류업(25년 기업가치 제고계획 발표),1.32,011780,금호석유화학,테마 편입 사유,133700.0,상승  400,0.3,133400.0,133500.0,71695.0,9633.0,92831.0,,,0.456112,0.3758481600000001,"6,091.39",123.64,2.07,2026-04-15 15:34:32
571,밸류업(25년 기업가치 제고계획 발표),1.32,035000,HS애드,테마 편입 사유,8390.0,상승  20,0.24,8420.0,8430.0,19544.0,164.0,14901.0,,,0.456112,0.3758481600000001,"6,091.39",123.64,2.07,2026-04-15 15:34:32
571,밸류업(25년 기업가치 제고계획 발표),1.32,016380,KG스틸,테마 편입 사유,5690.0,상승  10,0.18,5690.0,5700.0,284960.0,1622.0,278961.0,,,0.456112,0.3758481600000001,"6,091.39",123.64,2.07,2026-04-15 15:34:32
571,밸류업(25년 기업가치 제고계획 발표),1.32,056190,에스에프에이 *,테마 편입 사유,29100.0,상승  50,0.17,28950.0,29050.0,110117.0,3223.0,83158.0,,,0.456112,0.3758481600000001,"6,091.39",123.64,2.07,2026-04-15 15:34:32
571,밸류업(25년 기업가치 제고계획 발표),1.32,001390,KG케미칼,테마 편입 사유,5780.0,상승  10,0.17,5750.0,5770.0,524296.0,3024.0,804354.0,,,0.456112,0.3758481600000001,"6,091.39",123.64,2.07,2026-04-15 15:34:32
571,밸류업(25년 기업가치 제고계획 발표),1.32,004490,세방전지,테마 편입 사유,60600.0,상승  100,0.17,60600.0,60700.0,40615.0,2472.0,28261.0,,,0.456112,0.3758481600000001,"6,091.39",123.64,2.07,2026-04-15 15:34:32
571,밸류업(25년 기업가치 제고계획 발표),1.32,139480,이마트,테마 편입 사유,97700.0,상승  100,0.1,97500.0,97600.0,195598.0,19024.0,240234.0,,,0.456112,0.3758481600000001,"6,091.39",123.64,2.07,2026-04-15 15:34:32
571,밸류업(25년 기업가치 제고계획 발표),1.32,034230,파라다이스,테마 편입 사유,15400.0,보합0,0.0,15390.0,15400.0,723378.0,11158.0,750685.0,,,0.456112,0.3758481600000001,"6,091.39",123.64,2.07,2026-04-15 15:34:32
571,밸류업(25년 기업가치 제고계획 발표),1.32,033920,무학,테마 편입 사유,9020.0,하락  10,-0.11,9030.0,9040.0,24088.0,217.0,29869.0,,,0.456112,0.3758481600000001,"6,091.39",123.64,2.07,2026-04-15 15:34:32
571,밸류업(25년 기업가치 제고계획 발표),1.32,161390,한국타이어앤테크놀로지,테마 편입 사유,60900.0,하락  200,-0.33,60900.0,61000.0,385024.0,23570.0,307485.0,,,0.456112,0.3758481600000001,"6,091.39",123.64,2.07,2026-04-15 15:34:32
571,밸류업(25년 기업가치 제고계획 발표),1.32,259630,엠플러스 *,테마 편입 사유,15460.0,하락  60,-0.39,15470.0,15490.0,367599.0,5765.0,397636.0,,,0.456112,0.3758481600000001,"6,091.39",123.64,2.07,2026-04-15 15:34:32
571,밸류업(25년 기업가치 제고계획 발표),1.32,183300,코미코 *,테마 편입 사유,131900.0,하락  600,-0.45,131900.0,132300.0,147005.0,19304.0,148564.0,,,0.456112,0.3758481600000001,"6,091.39",123.64,2.07,2026-04-15 15:34:32
571,밸류업(25년 기업가치 제고계획 발표),1.32,111770,영원무역,테마 편입 사유,84200.0,하락  400,-0.47,84500.0,84600.0,70530.0,5947.0,67417.0,,,0.456112,0.3758481600000001,"6,091.39",123.64,2.07,2026-04-15 15:34:32
571,밸류업(25년 기업가치 제고계획 발표),1.32,068930,디지털대성 *,테마 편입 사유,8000.0,하락  40,-0.5,8000.0,8010.0,47386.0,383.0,29309.0,,,0.456112,0.3758481600000001,"6,091.39",123.64,2.07,2026-04-15 15:34:32
571,밸류업(25년 기업가치 제고계획 발표),1.32,000810,삼성화재,테마 편입 사유,486000.0,"하락  3,500",-0.72,485500.0,486000.0,232129.0,115425.0,200078.0,,,0.456112,0.3758481600000001,"6,091.39",123.64,2.07,2026-04-15 15:34:32
571,밸류업(25년 기업가치 제고계획 발표),1.32,138040,메리츠금융지주,테마 편입 사유,117300.0,"하락  1,000",-0.85,118000.0,118100.0,235444.0,28113.0,218423.0,,,0.456112,0.3758481600000001,"6,091.39",123.64,2.07,2026-04-15 15:34:32
571,밸류업(25년 기업가치 제고계획 발표),1.32,017890,한국알콜 *,테마 편입 사유,12020.0,하락  110,-0.91,11980.0,12000.0,111832.0,1349.0,163577.0,,,0.456112,0.3758481600000001,"6,091.39",123.64,2.07,2026-04-15 15:34:32
571,밸류업(25년 기업가치 제고계획 발표),1.32,012450,한화에어로스페이스,테마 편입 사유,1509000.0,"하락  14,000",-0.92,1511000.0,1512000.0,152486.0,231522.0,168602.0,,,0.456112,0.3758481600000001,"6,091.39",123.64,2.07,2026-04-15 15:34:32
571,밸류업(25년 기업가치 제고계획 발표),1.32,071050,한국금융지주,테마 편입 사유,255000.0,"하락  2,500",-0.97,255500.0,256000.0,360071.0,93323.0,360375.0,,,0.456112,0.3758481600000001,"6,091.39",123.64,2.07,2026-04-15 15:34:32
571,밸류업(25년 기업가치 제고계획 발표),1.32,215200,메가스터디교육 *,테마 편입 사유,44250.0,하락  450,-1.01,44400.0,44450.0,28516.0,1271.0,22662.0,,,0.456112,0.3758481600000001,"6,091.39",123.64,2.07,2026-04-15 15:34:32
571,밸류업(25년 기업가치 제고계획 발표),1.32,007660,이수페타시스,테마 편입 사유,123200.0,"하락  1,300",-1.04,123300.0,123400.0,933357.0,116703.0,1356168.0,,,0.456112,0.3758481600000001,"6,091.39",123.64,2.07,2026-04-15 15:34:32
571,밸류업(25년 기업가치 제고계획 발표),1.32,124560,태웅로직스 *,테마 편입 사유,2780.0,하락  30,-1.07,2790.0,2795.0,216888.0,605.0,141250.0,,,0.456112,0.3758481600000001,"6,091.39",123.64,2.07,2026-04-15 15:34:32
571,밸류업(25년 기업가치 제고계획 발표),1.32,126560,현대퓨처넷,테마 편입 사유,3405.0,하락  40,-1.16,3385.0,3395.0,150952.0,513.0,132298.0,,,0.456112,0.3758481600000001,"6,091.39",123.64,2.07,2026-04-15 15:34:32
571,밸류업(25년 기업가치 제고계획 발표),1.32,272210,한화시스템,테마 편입 사유,131500.0,"하락  1,600",-1.2,131400.0,131500.0,733762.0,96715.0,622231.0,,,0.456112,0.3758481600000001,"6,091.39",123.64,2.07,2026-04-15 15:34:32
571,밸류업(25년 기업가치 제고계획 발표),1.32,078930,GS,테마 편입 사유,72300.0,하락  900,-1.23,71700.0,71800.0,267979.0,19269.0,208489.0,,,0.456112,0.3758481600000001,"6,091.39",123.64,2.07,2026-04-15 15:34:32
571,밸류업(25년 기업가치 제고계획 발표),1.32,010950,S-Oil,테마 편입 사유,117500.0,"하락  1,600",-1.34,117300.0,117400.0,410437.0,47832.0,418615.0,,,0.456112,0.3758481600000001,"6,091.39",123.64,2.07,2026-04-15 15:34:32
571,밸류업(25년 기업가치 제고계획 발표),1.32,047810,한국항공우주,테마 편입 사유,190000.0,"하락  3,300",-1.71,189700.0,189800.0,581831.0,110658.0,348240.0,,,0.456112,0.3758481600000001,"6,091.39",123.64,2.07,2026-04-15 15:34:32
571,밸류업(25년 기업가치 제고계획 발표),1.32,078340,컴투스 *,테마 편입 사유,33300.0,하락  600,-1.77,33400.0,33450.0,69031.0,2321.0,33969.0,,,0.456112,0.3758481600000001,"6,091.39",123.64,2.07,2026-04-15 15:34:32
571,밸류업(25년 기업가치 제고계획 발표),1.32,009970,영원무역홀딩스,테마 편입 사유,209000.0,"하락  5,500",-2.56,209500.0,210000.0,20486.0,4330.0,20889.0,,,0.456112,0.3758481600000001,"6,091.39",123.64,2.07,2026-04-15 15:34:32
571,밸류업(25년 기업가치 제고계획 발표),1.32,001530,DI동일,테마 편입 사유,22650.0,하락  750,-3.21,22650.0,22700.0,87426.0,1991.0,61934.0,,,0.456112,0.3758481600000001,"6,091.39",123.64,2.07,2026-04-15 15:34:32
571,밸류업(25년 기업가치 제고계획 발표),1.32,005830,DB손해보험,테마 편입 사유,164800.0,"하락  6,700",-3.91,164400.0,164500.0,236171.0,39455.0,179407.0,,,0.456112,0.3758481600000001,"6,091.39",123.64,2.07,2026-04-15 15:34:32
445,2차전지(장비),1.63,131760,파인텍 *,테마 편입 사유,829.0,상한가  191,29.94,829.0,0.0,14390704.0,11643.0,241855.0,,,0.623215,0.33994495,"6,091.39",123.64,2.07,2026-04-15 15:34:32
445,2차전지(장비),1.63,452190,한빛레이저 *,테마 편입 사유,5280.0,상승  585,12.46,5240.0,5250.0,16606823.0,91292.0,331997.0,,,0.623215,0.33994495,"6,091.39",123.64,2.07,2026-04-15 15:34:32
445,2차전지(장비),1.63,413390,엠오티 *,테마 편입 사유,8710.0,상승  370,4.44,8650.0,8690.0,274608.0,2358.0,79774.0,,,0.623215,0.33994495,"6,091.39",123.64,2.07,2026-04-15 15:34:32
445,2차전지(장비),1.63,222080,씨아이에스 *,테마 편입 사유,12510.0,상승  460,3.82,12510.0,12520.0,2177588.0,27165.0,958109.0,,,0.623215,0.33994495,"6,091.39",123.64,2.07,2026-04-15 15:34:32
445,2차전지(장비),1.63,137400,피엔티 *,테마 편입 사유,51900.0,"상승  1,900",3.8,51700.0,51800.0,264323.0,13595.0,133486.0,,,0.623215,0.33994495,"6,091.39",123.64,2.07,2026-04-15 15:34:32
445,2차전지(장비),1.63,076080,웰크론한텍 *,테마 편입 사유,1310.0,상승  45,3.56,1302.0,1307.0,232274.0,301.0,87623.0,,,0.623215,0.33994495,"6,091.39",123.64,2.07,2026-04-15 15:34:32
445,2차전지(장비),1.63,299030,하나기술 *,테마 편입 사유,27700.0,상승  900,3.36,27500.0,27550.0,27932.0,762.0,12576.0,,,0.623215,0.33994495,"6,091.39",123.64,2.07,2026-04-15 15:34:32
445,2차전지(장비),1.63,081180,쎄크 *,테마 편입 사유,13390.0,상승  390,3.0,13220.0,13230.0,251359.0,3364.0,172832.0,,,0.623215,0.33994495,"6,091.39",123.64,2.07,2026-04-15 15:34:32
445,2차전지(장비),1.63,378340,필에너지 *,테마 편입 사유,15620.0,상승  440,2.9,15610.0,15620.0,105203.0,1635.0,52876.0,,,0.623215,0.33994495,"6,091.39",123.64,2.07,2026-04-15 15:34:32
445,2차전지(장비),1.63,382840,원준 *,테마 편입 사유,8980.0,상승  250,2.86,8940.0,8970.0,81422.0,729.0,86967.0,,,0.623215,0.33994495,"6,091.39",123.64,2.07,2026-04-15 15:34:32
445,2차전지(장비),1.63,065130,탑엔지니어링 *,테마 편입 사유,3320.0,상승  80,2.47,3300.0,3310.0,60416.0,198.0,37113.0,,,0.623215,0.33994495,"6,091.39",123.64,2.07,2026-04-15 15:34:32
445,2차전지(장비),1.63,241790,티이엠씨씨엔에스 *,테마 편입 사유,7810.0,상승  170,2.23,7780.0,7800.0,66917.0,521.0,71334.0,,,0.623215,0.33994495,"6,091.39",123.64,2.07,2026-04-15 15:34:32
445,2차전지(장비),1.63,372170,윤성에프앤씨 *,테마 편입 사유,31200.0,상승  650,2.13,31000.0,31050.0,16763.0,519.0,10050.0,,,0.623215,0.33994495,"6,091.39",123.64,2.07,2026-04-15 15:34:32
445,2차전지(장비),1.63,282880,코윈테크 *,테마 편입 사유,14880.0,상승  290,1.99,14880.0,14900.0,48232.0,714.0,46002.0,,,0.623215,0.33994495,"6,091.39",123.64,2.07,2026-04-15 15:34:32
445,2차전지(장비),1.63,267320,나인테크 *,테마 편입 사유,3160.0,상승  60,1.94,3170.0,3180.0,1309543.0,4135.0,948211.0,,,0.623215,0.33994495,"6,091.39",123.64,2.07,2026-04-15 15:34:32
445,2차전지(장비),1.63,110990,디아이티 *,테마 편입 사유,22400.0,상승  400,1.82,22300.0,22450.0,175213.0,3892.0,242654.0,,,0.623215,0.33994495,"6,091.39",123.64,2.07,2026-04-15 15:34:32
445,2차전지(장비),1.63,083930,아바코 *,테마 편입 사유,14100.0,상승  250,1.81,14040.0,14080.0,85109.0,1194.0,100304.0,,,0.623215,0.33994495,"6,091.39",123.64,2.07,2026-04-15 15:34:32
445,2차전지(장비),1.63,452200,민테크 *,테마 편입 사유,2510.0,상승  35,1.41,2505.0,2515.0,107121.0,268.0,83023.0,,,0.623215,0.33994495,"6,091.39",123.64,2.07,2026-04-15 15:34:32
445,2차전지(장비),1.63,251630,브이원텍 *,테마 편입 사유,5710.0,상승  70,1.24,5700.0,5720.0,53306.0,303.0,55330.0,,,0.623215,0.33994495,"6,091.39",123.64,2.07,2026-04-15 15:34:32
445,2차전지(장비),1.63,109740,디에스케이 *,테마 편입 사유,5130.0,상승  60,1.18,5120.0,5130.0,29845.0,151.0,68374.0,,,0.623215,0.33994495,"6,091.39",123.64,2.07,2026-04-15 15:34:32
445,2차전지(장비),1.63,480370,씨케이솔루션,테마 편입 사유,2100.0,상승  20,0.96,2080.0,2090.0,209738.0,436.0,210417.0,,,0.623215,0.33994495,"6,091.39",123.64,2.07,2026-04-15 15:34:32
445,2차전지(장비),1.63,089890,코세스 *,테마 편입 사유,27750.0,상승  250,0.91,27850.0,27950.0,297629.0,8333.0,350397.0,,,0.623215,0.33994495,"6,091.39",123.64,2.07,2026-04-15 15:34:32
445,2차전지(장비),1.63,432470,케이엔에스 *,테마 편입 사유,13630.0,상승  100,0.74,13580.0,13640.0,71888.0,975.0,39545.0,,,0.623215,0.33994495,"6,091.39",123.64,2.07,2026-04-15 15:34:32
445,2차전지(장비),1.63,302430,이노메트리 *,테마 편입 사유,7320.0,상승  50,0.69,7290.0,7320.0,92445.0,673.0,90456.0,,,0.623215,0.33994495,"6,091.39",123.64,2.07,2026-04-15 15:34:32
445,2차전지(장비),1.63,161580,필옵틱스 *,테마 편입 사유,39900.0,상승  250,0.63,39850.0,39900.0,219606.0,8772.0,125248.0,,,0.623215,0.33994495,"6,091.39",123.64,2.07,2026-04-15 15:34:32
445,2차전지(장비),1.63,254120,자비스 *,테마 편입 사유,1334.0,상승  8,0.6,1334.0,1338.0,96330.0,129.0,103326.0,,,0.623215,0.33994495,"6,091.39",123.64,2.07,2026-04-15 15:34:32
445,2차전지(장비),1.63,277880,티에스아이 *,테마 편입 사유,5230.0,상승  30,0.58,5220.0,5250.0,82775.0,434.0,95673.0,,,0.623215,0.33994495,"6,091.39",123.64,2.07,2026-04-15 15:34:32
445,2차전지(장비),1.63,017370,우신시스템,테마 편입 사유,5870.0,상승  30,0.51,5890.0,5900.0,34820.0,204.0,19259.0,,,0.623215,0.33994495,"6,091.39",123.64,2.07,2026-04-15 15:34:32
445,2차전지(장비),1.63,262260,에이프로 *,테마 편입 사유,5320.0,상승  20,0.38,5360.0,5380.0,42262.0,226.0,57310.0,,,0.623215,0.33994495,"6,091.39",123.64,2.07,2026-04-15 15:34:32
445,2차전지(장비),1.63,290670,대보마그네틱 *,테마 편입 사유,11370.0,상승  20,0.18,11340.0,11360.0,18624.0,211.0,15546.0,,,0.623215,0.33994495,"6,091.39",123.64,2.07,2026-04-15 15:34:32
445,2차전지(장비),1.63,056190,에스에프에이 *,테마 편입 사유,29100.0,상승  50,0.17,28950.0,29050.0,110117.0,3223.0,83158.0,,,0.623215,0.33994495,"6,091.39",123.64,2.07,2026-04-15 15:34:32
445,2차전지(장비),1.63,333620,엔시스 *,테마 편입 사유,6220.0,상승  10,0.16,6200.0,6210.0,17047.0,106.0,41726.0,,,0.623215,0.33994495,"6,091.39",123.64,2.07,2026-04-15 15:34:32
445,2차전지(장비),1.63,217820,원익피앤이 *,테마 편입 사유,3260.0,상승  5,0.15,3265.0,3270.0,302942.0,980.0,180001.0,,,0.623215,0.33994495,"6,091.39",123.64,2.07,2026-04-15 15:34:32
445,2차전지(장비),1.63,108230,톱텍 *,테마 편입 사유,4710.0,상승  5,0.11,4690.0,4705.0,170240.0,807.0,94306.0,,,0.623215,0.33994495,"6,091.39",123.64,2.07,2026-04-15 15:34:32
445,2차전지(장비),1.63,320000,한울반도체 *,테마 편입 사유,1533.0,보합0,0.0,0.0,0.0,0.0,0.0,498099.0,,,0.623215,0.33994495,"6,091.39",123.64,2.07,2026-04-15 15:34:32
445,2차전지(장비),1.63,078150,HB테크놀러지 *,테마 편입 사유,2450.0,보합0,0.0,2455.0,2460.0,3293384.0,8149.0,3409822.0,,,0.623215,0.33994495,"6,091.39",123.64,2.07,2026-04-15 15:34:32
445,2차전지(장비),1.63,382480,지아이텍 *,테마 편입 사유,2510.0,보합0,0.0,2505.0,2510.0,341489.0,852.0,418487.0,,,0.623215,0.33994495,"6,091.39",123.64,2.07,2026-04-15 15:34:32
445,2차전지(장비),1.63,455180,케이지에이 *,테마 편입 사유,2950.0,보합0,0.0,2920.0,2930.0,56680.0,165.0,51757.0,,,0.623215,0.33994495,"6,091.39",123.64,2.07,2026-04-15 15:34:32
445,2차전지(장비),1.63,259630,엠플러스 *,테마 편입 사유,15460.0,하락  60,-0.39,15470.0,15490.0,367599.0,5765.0,397636.0,,,0.623215,0.33994495,"6,091.39",123.64,2.07,2026-04-15 15:34:32
445,2차전지(장비),1.63,032680,소프트센 *,테마 편입 사유,242.0,하락  1,-0.41,239.0,241.0,648747.0,156.0,612063.0,,,0.623215,0.33994495,"6,091.39",123.64,2.07,2026-04-15 15:34:32
445,2차전지(장비),1.63,114190,강원에너지 *,테마 편입 사유,13960.0,하락  90,-0.64,13950.0,13960.0,204614.0,2867.0,284834.0,,,0.623215,0.33994495,"6,091.39",123.64,2.07,2026-04-15 15:34:32
445,2차전지(장비),1.63,469750,아이비젼웍스 *,테마 편입 사유,1234.0,하락  20,-1.59,1232.0,1233.0,239155.0,294.0,363819.0,,,0.623215,0.33994495,"6,091.39",123.64,2.07,2026-04-15 15:34:32
445,2차전지(장비),1.63,129920,대성하이텍 *,테마 편입 사유,11410.0,하락  190,-1.64,11390.0,11450.0,251439.0,2900.0,336112.0,,,0.623215,0.33994495,"6,091.39",123.64,2.07,2026-04-15 15:34:32
445,2차전지(장비),1.63,168360,펨트론 *,테마 편입 사유,23000.0,하락  400,-1.71,22800.0,22900.0,131668.0,3023.0,175268.0,,,0.623215,0.33994495,"6,091.39",123.64,2.07,2026-04-15 15:34:32
445,2차전지(장비),1.63,257370,피엔티엠에스 *,테마 편입 사유,3175.0,하락  115,-3.5,3175.0,3180.0,70038.0,223.0,29762.0,,,0.623215,0.33994495,"6,091.39",123.64,2.07,2026-04-15 15:34:32
445,2차전지(장비),1.63,148930,에이치와이티씨 *,테마 편입 사유,3015.0,하락  125,-3.98,3030.0,3035.0,232686.0,705.0,20936.0,,,0.623215,0.33994495,"6,091.39",123.64,2.07,2026-04-15 15:34:32
445,2차전지(장비),1.63,079810,APS이노베이션 *,테마 편입 사유,6550.0,하락  330,-4.8,6460.0,6470.0,1340171.0,8738.0,886582.0,,,0.623215,0.33994495,"6,091.39",123.64,2.07,2026-04-15 15:34:32
517,우크라이나 재건,1.18,215790,이노인스트루먼트 *,테마 편입 사유,4340.0,"상한가  1,000",29.94,4340.0,0.0,26051575.0,103471.0,0.0,,,0.423375,0.30361375,"6,091.39",123.64,2.07,2026-04-15 15:34:32
517,우크라이나 재건,1.18,192410,오늘이엔엠 *,테마 편입 사유,8140.0,상승  540,7.11,8080.0,8110.0,413938.0,3282.0,306541.0,,,0.423375,0.30361375,"6,091.39",123.64,2.07,2026-04-15 15:34:32
517,우크라이나 재건,1.18,017550,수산세보틱스,테마 편입 사유,3295.0,상승  135,4.27,3290.0,3295.0,2668945.0,8825.0,2699410.0,,,0.423375,0.30361375,"6,091.39",123.64,2.07,2026-04-15 15:34:32
517,우크라이나 재건,1.18,041440,현대에버다임 *,테마 편입 사유,9400.0,상승  260,2.84,9380.0,9410.0,721439.0,6753.0,270917.0,,,0.423375,0.30361375,"6,091.39",123.64,2.07,2026-04-15 15:34:32
517,우크라이나 재건,1.18,317850,대모 *,테마 편입 사유,9630.0,상승  260,2.77,9590.0,9600.0,400685.0,3853.0,276160.0,,,0.423375,0.30361375,"6,091.39",123.64,2.07,2026-04-15 15:34:32
517,우크라이나 재건,1.18,163560,동일고무벨트,테마 편입 사유,7700.0,상승  190,2.53,7700.0,7710.0,139543.0,1068.0,71605.0,,,0.423375,0.30361375,"6,091.39",123.64,2.07,2026-04-15 15:34:32
517,우크라이나 재건,1.18,109610,에스와이 *,테마 편입 사유,2995.0,상승  70,2.39,2980.0,2985.0,331504.0,991.0,206118.0,,,0.423375,0.30361375,"6,091.39",123.64,2.07,2026-04-15 15:34:32
517,우크라이나 재건,1.18,010820,퍼스텍,테마 편입 사유,12200.0,상승  250,2.09,12090.0,12100.0,7650912.0,92098.0,6796863.0,,,0.423375,0.30361375,"6,091.39",123.64,2.07,2026-04-15 15:34:32
517,우크라이나 재건,1.18,023960,에쓰씨엔지니어링,테마 편입 사유,1424.0,상승  29,2.08,1417.0,1423.0,124590.0,176.0,145417.0,,,0.423375,0.30361375,"6,091.39",123.64,2.07,2026-04-15 15:34:32
517,우크라이나 재건,1.18,002150,도화엔지니어링,테마 편입 사유,7380.0,상승  120,1.65,7380.0,7390.0,457311.0,3409.0,285644.0,,,0.423375,0.30361375,"6,091.39",123.64,2.07,2026-04-15 15:34:32
517,우크라이나 재건,1.18,000720,현대건설,테마 편입 사유,179100.0,"상승  2,400",1.36,178800.0,178900.0,1824476.0,331973.0,1110504.0,,,0.423375,0.30361375,"6,091.39",123.64,2.07,2026-04-15 15:34:32
517,우크라이나 재건,1.18,100660,서암기계공업 *,테마 편입 사유,4480.0,상승  55,1.24,4470.0,4475.0,48282.0,215.0,51596.0,,,0.423375,0.30361375,"6,091.39",123.64,2.07,2026-04-15 15:34:32
517,우크라이나 재건,1.18,365330,에스와이스틸텍 *,테마 편입 사유,3885.0,상승  40,1.04,3860.0,3875.0,1081145.0,4213.0,484457.0,,,0.423375,0.30361375,"6,091.39",123.64,2.07,2026-04-15 15:34:32
517,우크라이나 재건,1.18,054930,유신 *,테마 편입 사유,28400.0,상승  200,0.71,28250.0,28350.0,53280.0,1509.0,92134.0,,,0.423375,0.30361375,"6,091.39",123.64,2.07,2026-04-15 15:34:32
517,우크라이나 재건,1.18,108380,대양전기공업 *,테마 편입 사유,27100.0,상승  150,0.56,27150.0,27250.0,47139.0,1285.0,36212.0,,,0.423375,0.30361375,"6,091.39",123.64,2.07,2026-04-15 15:34:32
517,우크라이나 재건,1.18,047050,포스코인터내셔널,테마 편입 사유,72700.0,상승  300,0.41,72500.0,72600.0,764600.0,55288.0,1016714.0,,,0.423375,0.30361375,"6,091.39",123.64,2.07,2026-04-15 15:34:32
517,우크라이나 재건,1.18,008830,대동기어 *,테마 편입 사유,21250.0,상승  50,0.24,21200.0,21300.0,194982.0,4185.0,184110.0,,,0.423375,0.30361375,"6,091.39",123.64,2.07,2026-04-15 15:34:32
517,우크라이나 재건,1.18,058730,다스코,테마 편입 사유,3895.0,상승  5,0.13,3870.0,3895.0,274588.0,1072.0,259736.0,,,0.423375,0.30361375,"6,091.39",123.64,2.07,2026-04-15 15:34:32
517,우크라이나 재건,1.18,255220,SG *,테마 편입 사유,2745.0,보합0,0.0,2735.0,2740.0,2773233.0,7650.0,2169631.0,,,0.423375,0.30361375,"6,091.39",123.64,2.07,2026-04-15 15:34:32
517,우크라이나 재건,1.18,039980,폴라리스AI *,테마 편입 사유,1481.0,보합0,0.0,0.0,0.0,0.0,0.0,0.0,,,0.423375,0.30361375,"6,091.39",123.64,2.07,2026-04-15 15:34:32
517,우크라이나 재건,1.18,003010,혜인,테마 편입 사유,6050.0,보합0,0.0,6050.0,6060.0,171972.0,1042.0,253507.0,,,0.423375,0.30361375,"6,091.39",123.64,2.07,2026-04-15 15:34:32
517,우크라이나 재건,1.18,210540,디와이파워,테마 편입 사유,15120.0,하락  40,-0.26,15110.0,15170.0,97168.0,1475.0,112791.0,,,0.423375,0.30361375,"6,091.39",123.64,2.07,2026-04-15 15:34:32
517,우크라이나 재건,1.18,000490,대동,테마 편입 사유,10220.0,하락  40,-0.39,10210.0,10220.0,255021.0,2615.0,224105.0,,,0.423375,0.30361375,"6,091.39",123.64,2.07,2026-04-15 15:34:32
517,우크라이나 재건,1.18,053160,프리엠스 *,테마 편입 사유,9370.0,하락  40,-0.43,9340.0,9360.0,66989.0,629.0,71947.0,,,0.423375,0.30361375,"6,091.39",123.64,2.07,2026-04-15 15:34:32
517,우크라이나 재건,1.18,033540,파라텍 *,테마 편입 사유,1105.0,하락  7,-0.63,1100.0,1103.0,783656.0,863.0,408296.0,,,0.423375,0.30361375,"6,091.39",123.64,2.07,2026-04-15 15:34:32
517,우크라이나 재건,1.18,013810,스페코 *,테마 편입 사유,2980.0,하락  25,-0.83,2975.0,2985.0,251303.0,744.0,191429.0,,,0.423375,0.30361375,"6,091.39",123.64,2.07,2026-04-15 15:34:32
517,우크라이나 재건,1.18,019770,서연탑메탈 *,테마 편입 사유,4165.0,하락  40,-0.95,4140.0,4145.0,127415.0,530.0,275446.0,,,0.423375,0.30361375,"6,091.39",123.64,2.07,2026-04-15 15:34:32
517,우크라이나 재건,1.18,002900,TYM,테마 편입 사유,7020.0,하락  90,-1.27,6990.0,7000.0,293225.0,2067.0,172955.0,,,0.423375,0.30361375,"6,091.39",123.64,2.07,2026-04-15 15:34:32
517,우크라이나 재건,1.18,332290,누보 *,테마 편입 사유,1377.0,하락  22,-1.57,1375.0,1376.0,663262.0,909.0,1470030.0,,,0.423375,0.30361375,"6,091.39",123.64,2.07,2026-04-15 15:34:32
517,우크라이나 재건,1.18,267270,HD건설기계,테마 편입 사유,159800.0,"하락  3,000",-1.84,159500.0,159600.0,427003.0,68764.0,323471.0,,,0.423375,0.30361375,"6,091.39",123.64,2.07,2026-04-15 15:34:32
517,우크라이나 재건,1.18,037440,희림 *,테마 편입 사유,6140.0,하락  120,-1.92,6120.0,6130.0,2768559.0,17520.0,7490655.0,,,0.423375,0.30361375,"6,091.39",123.64,2.07,2026-04-15 15:34:32
517,우크라이나 재건,1.18,039560,다산네트웍스 *,테마 편입 사유,5390.0,하락  120,-2.18,5360.0,5370.0,1852583.0,10006.0,1946941.0,,,0.423375,0.30361375,"6,091.39",123.64,2.07,2026-04-15 15:34:32
517,우크라이나 재건,1.18,011760,현대코퍼레이션,테마 편입 사유,26250.0,하락  650,-2.42,26150.0,26200.0,64461.0,1710.0,38703.0,,,0.423375,0.30361375,"6,091.39",123.64,2.07,2026-04-15 15:34:32
517,우크라이나 재건,1.18,020400,대동금속 *,테마 편입 사유,6730.0,하락  630,-8.56,6750.0,6790.0,319631.0,2194.0,574805.0,,,0.423375,0.30361375,"6,091.39",123.64,2.07,2026-04-15 15:34:32
568,코리아 밸류업 지수(Korea Value-up Index),1.35,036930,주성엔지니어링 *,테마 편입 사유,70600.0,"상승  7,000",11.01,70500.0,70600.0,2871307.0,202714.0,762014.0,,,0.542066,0.22792338,"6,091.39",123.64,2.07,2026-04-15 15:34:32
568,코리아 밸류업 지수(Korea Value-up Index),1.35,319660,피에스케이 *,테마 편입 사유,88300.0,"상승  6,800",8.34,87800.0,87900.0,690969.0,61952.0,385848.0,,,0.542066,0.22792338,"6,091.39",123.64,2.07,2026-04-15 15:34:32
568,코리아 밸류업 지수(Korea Value-up Index),1.35,005290,동진쎄미켐 *,테마 편입 사유,56500.0,"상승  4,200",8.03,56200.0,56300.0,2202858.0,122557.0,1190997.0,,,0.542066,0.22792338,"6,091.39",123.64,2.07,2026-04-15 15:34:32
568,코리아 밸류업 지수(Korea Value-up Index),1.35,336370,솔루스첨단소재,테마 편입 사유,10400.0,상승  720,7.44,10370.0,10380.0,943174.0,9654.0,251583.0,,,0.542066,0.22792338,"6,091.39",123.64,2.07,2026-04-15 15:34:32
568,코리아 밸류업 지수(Korea Value-up Index),1.35,014680,한솔케미칼,테마 편입 사유,281000.0,"상승  15,500",5.84,278000.0,278500.0,156886.0,44277.0,89789.0,,,0.542066,0.22792338,"6,091.39",123.64,2.07,2026-04-15 15:34:32
568,코리아 밸류업 지수(Korea Value-up Index),1.35,017800,현대엘리베이터,테마 편입 사유,99600.0,"상승  5,200",5.51,99500.0,99600.0,400265.0,39532.0,176889.0,,,0.542066,0.22792338,"6,091.39",123.64,2.07,2026-04-15 15:34:32
568,코리아 밸류업 지수(Korea Value-up Index),1.35,271560,오리온,테마 편입 사유,138000.0,"상승  6,600",5.02,137600.0,138100.0,162531.0,22198.0,100991.0,,,0.542066,0.22792338,"6,091.39",123.64,2.07,2026-04-15 15:34:32
568,코리아 밸류업 지수(Korea Value-up Index),1.35,031980,피에스케이홀딩스 *,테마 편입 사유,113300.0,"상승  5,300",4.91,112800.0,112900.0,207225.0,23676.0,149152.0,,,0.542066,0.22792338,"6,091.39",123.64,2.07,2026-04-15 15:34:32
568,코리아 밸류업 지수(Korea Value-up Index),1.35,140860,파크시스템스 *,테마 편입 사유,268000.0,"상승  11,500",4.48,267000.0,267500.0,61942.0,16505.0,24608.0,,,0.542066,0.22792338,"6,091.39",123.64,2.07,2026-04-15 15:34:32
568,코리아 밸류업 지수(Korea Value-up Index),1.35,033100,제룡전기 *,테마 편입 사유,51400.0,"상승  2,200",4.47,51100.0,51200.0,395465.0,20276.0,241328.0,,,0.542066,0.22792338,"6,091.39",123.64,2.07,2026-04-15 15:34:32
568,코리아 밸류업 지수(Korea Value-up Index),1.35,214150,클래시스 *,테마 편입 사유,56700.0,"상승  2,300",4.23,56600.0,56700.0,371572.0,21054.0,137115.0,,,0.542066,0.22792338,"6,091.39",123.64,2.07,2026-04-15 15:34:32
568,코리아 밸류업 지수(Korea Value-up Index),1.35,042700,한미반도체,테마 편입 사유,295000.0,"상승  11,000",3.87,293500.0,294000.0,888055.0,260934.0,558026.0,,,0.542066,0.22792338,"6,091.39",123.64,2.07,2026-04-15 15:34:32
568,코리아 밸류업 지수(Korea Value-up Index),1.35,064760,티씨케이 *,테마 편입 사유,271500.0,"상승  9,500",3.63,269000.0,270000.0,108152.0,29767.0,136449.0,,,0.542066,0.22792338,"6,091.39",123.64,2.07,2026-04-15 15:34:32
568,코리아 밸류업 지수(Korea Value-up Index),1.35,011070,LG이노텍,테마 편입 사유,383000.0,"상승  12,500",3.37,382000.0,382500.0,252717.0,96340.0,148905.0,,,0.542066,0.22792338,"6,091.39",123.64,2.07,2026-04-15 15:34:32
568,코리아 밸류업 지수(Korea Value-up Index),1.35,005380,현대차,테마 편입 사유,508000.0,"상승  16,500",3.36,506000.0,507000.0,867797.0,443052.0,778907.0,,,0.542066,0.22792338,"6,091.39",123.64,2.07,2026-04-15 15:34:32
568,코리아 밸류업 지수(Korea Value-up Index),1.35,052690,한전기술,테마 편입 사유,178500.0,"상승  5,500",3.18,178500.0,178600.0,339235.0,61400.0,305644.0,,,0.542066,0.22792338,"6,091.39",123.64,2.07,2026-04-15 15:34:32
568,코리아 밸류업 지수(Korea Value-up Index),1.35,383310,에코프로에이치엔 *,테마 편입 사유,30700.0,상승  900,3.02,30700.0,30750.0,206228.0,6364.0,148205.0,,,0.542066,0.22792338,"6,091.39",123.64,2.07,2026-04-15 15:34:32
568,코리아 밸류업 지수(Korea Value-up Index),1.35,000660,SK하이닉스,테마 편입 사유,1136000.0,"상승  33,000",2.99,1136000.0,1137000.0,4042804.0,4672772.0,4754545.0,,,0.542066,0.22792338,"6,091.39",123.64,2.07,2026-04-15 15:34:32
568,코리아 밸류업 지수(Korea Value-up Index),1.35,017670,SK텔레콤,테마 편입 사유,98100.0,"상승  2,600",2.72,98700.0,98800.0,1428289.0,141453.0,878473.0,,,0.542066,0.22792338,"6,091.39",123.64,2.07,2026-04-15 15:34:32
568,코리아 밸류업 지수(Korea Value-up Index),1.35,012330,현대모비스,테마 편입 사유,415500.0,"상승  10,500",2.59,415000.0,415500.0,265474.0,110302.0,166665.0,,,0.542066,0.22792338,"6,091.39",123.64,2.07,2026-04-15 15:34:32
568,코리아 밸류업 지수(Korea Value-up Index),1.35,022100,포스코DX,테마 편입 사유,32750.0,상승  750,2.34,32600.0,32650.0,389191.0,12714.0,267522.0,,,0.542066,0.22792338,"6,091.39",123.64,2.07,2026-04-15 15:34:32
568,코리아 밸류업 지수(Korea Value-up Index),1.35,180640,한진칼,테마 편입 사유,114300.0,"상승  2,600",2.33,114000.0,114100.0,126651.0,14576.0,96748.0,,,0.542066,0.22792338,"6,091.39",123.64,2.07,2026-04-15 15:34:32
568,코리아 밸류업 지수(Korea Value-up Index),1.35,128940,한미약품,테마 편입 사유,512000.0,"상승  11,000",2.2,512000.0,514000.0,108279.0,54935.0,66927.0,,,0.542066,0.22792338,"6,091.39",123.64,2.07,2026-04-15 15:34:32
568,코리아 밸류업 지수(Korea Value-up Index),1.35,005930,삼성전자,테마 편입 사유,211000.0,"상승  4,500",2.18,211500.0,212000.0,23964973.0,5117767.0,23672078.0,,,0.542066,0.22792338,"6,091.39",123.64,2.07,2026-04-15 15:34:32
568,코리아 밸류업 지수(Korea Value-up Index),1.35,348210,넥스틴 *,테마 편입 사유,75600.0,"상승  1,600",2.16,75400.0,75500.0,133429.0,10085.0,120671.0,,,0.542066,0.22792338,"6,091.39",123.64,2.07,2026-04-15 15:34:32
568,코리아 밸류업 지수(Korea Value-up Index),1.35,003230,삼양식품,테마 편입 사유,1281000.0,"상승  27,000",2.15,1278000.0,1280000.0,52561.0,66540.0,46807.0,,,0.542066,0.22792338,"6,091.39",123.64,2.07,2026-04-15 15:34:32
568,코리아 밸류업 지수(Korea Value-up Index),1.35,259960,크래프톤,테마 편입 사유,244000.0,"상승  5,000",2.09,244000.0,244500.0,111379.0,27213.0,73617.0,,,0.542066,0.22792338,"6,091.39",123.64,2.07,2026-04-15 15:34:32
568,코리아 밸류업 지수(Korea Value-up Index),1.35,008930,한미사이언스,테마 편입 사유,39350.0,상승  800,2.08,39200.0,39250.0,93062.0,3645.0,64823.0,,,0.542066,0.22792338,"6,091.39",123.64,2.07,2026-04-15 15:34:32
568,코리아 밸류업 지수(Korea Value-up Index),1.35,005180,빙그레,테마 편입 사유,74800.0,"상승  1,500",2.05,74400.0,74500.0,41211.0,3054.0,34014.0,,,0.542066,0.22792338,"6,091.39",123.64,2.07,2026-04-15 15:34:32
568,코리아 밸류업 지수(Korea Value-up Index),1.35,035900,JYP Ent. *,테마 편입 사유,60900.0,"상승  1,200",2.01,60800.0,60900.0,137932.0,8410.0,126923.0,,,0.542066,0.22792338,"6,091.39",123.64,2.07,2026-04-15 15:34:32
568,코리아 밸류업 지수(Korea Value-up Index),1.35,267250,HD현대,테마 편입 사유,255000.0,"상승  5,000",2.0,256000.0,257000.0,141626.0,36115.0,137118.0,,,0.542066,0.22792338,"6,091.39",123.64,2.07,2026-04-15 15:34:32
568,코리아 밸류업 지수(Korea Value-up Index),1.35,000990,DB하이텍,테마 편입 사유,98600.0,"상승  1,900",1.96,98700.0,98800.0,653584.0,63639.0,349493.0,,,0.542066,0.22792338,"6,091.39",123.64,2.07,2026-04-15 15:34:32
568,코리아 밸류업 지수(Korea Value-up Index),1.35,185750,종근당,테마 편입 사유,89900.0,"상승  1,700",1.93,89700.0,89800.0,32069.0,2864.0,31633.0,,,0.542066,0.22792338,"6,091.39",123.64,2.07,2026-04-15 15:34:32
568,코리아 밸류업 지수(Korea Value-up Index),1.35,030190,NICE평가정보,테마 편입 사유,15290.0,상승  290,1.93,15300.0,15310.0,91253.0,1387.0,94318.0,,,0.542066,0.22792338,"6,091.39",123.64,2.07,2026-04-15 15:34:32
568,코리아 밸류업 지수(Korea Value-up Index),1.35,039130,하나투어,테마 편입 사유,42250.0,상승  750,1.81,42150.0,42200.0,52214.0,2203.0,51613.0,,,0.542066,0.22792338,"6,091.39",123.64,2.07,2026-04-15 15:34:32
568,코리아 밸류업 지수(Korea Value-up Index),1.35,357780,솔브레인 *,테마 편입 사유,425500.0,"상승  7,500",1.79,423000.0,423500.0,50509.0,21455.0,58771.0,,,0.542066,0.22792338,"6,091.39",123.64,2.07,2026-04-15 15:34:32
568,코리아 밸류업 지수(Korea Value-up Index),1.35,282330,BGF리테일,테마 편입 사유,132700.0,"상승  2,200",1.69,132700.0,133200.0,39261.0,5193.0,53819.0,,,0.542066,0.22792338,"6,091.39",123.64,2.07,2026-04-15 15:34:32
568,코리아 밸류업 지수(Korea Value-up Index),1.35,009240,한샘,테마 편입 사유,39450.0,상승  650,1.68,39300.0,39350.0,47791.0,1876.0,46283.0,,,0.542066,0.22792338,"6,091.39",123.64,2.07,2026-04-15 15:34:32
568,코리아 밸류업 지수(Korea Value-up Index),1.35,000270,기아,테마 편입 사유,151500.0,"상승  2,300",1.54,151400.0,151500.0,1100709.0,167840.0,924805.0,,,0.542066,0.22792338,"6,091.39",123.64,2.07,2026-04-15 15:34:32
568,코리아 밸류업 지수(Korea Value-up Index),1.35,055550,신한지주,테마 편입 사유,99800.0,"상승  1,500",1.53,99500.0,99600.0,1147228.0,114686.0,920893.0,,,0.542066,0.22792338,"6,091.39",123.64,2.07,2026-04-15 15:34:32
568,코리아 밸류업 지수(Korea Value-up Index),1.35,290650,엘앤씨바이오 *,테마 편입 사유,73800.0,"상승  1,100",1.51,73500.0,73600.0,164405.0,12189.0,272190.0,,,0.542066,0.22792338,"6,091.39",123.64,2.07,2026-04-15 15:34:32
568,코리아 밸류업 지수(Korea Value-up Index),1.35,105560,KB금융,테마 편입 사유,158200.0,"상승  2,300",1.48,158000.0,158100.0,1480321.0,235323.0,1033864.0,,,0.542066,0.22792338,"6,091.39",123.64,2.07,2026-04-15 15:34:32
568,코리아 밸류업 지수(Korea Value-up Index),1.35,336570,원텍 *,테마 편입 사유,7570.0,상승  110,1.47,7540.0,7550.0,609641.0,4629.0,435675.0,,,0.542066,0.22792338,"6,091.39",123.64,2.07,2026-04-15 15:34:32
568,코리아 밸류업 지수(Korea Value-up Index),1.35,272290,이녹스첨단소재 *,테마 편입 사유,32500.0,상승  450,1.4,32350.0,32450.0,246619.0,8025.0,184228.0,,,0.542066,0.22792338,"6,091.39",123.64,2.07,2026-04-15 15:34:32
568,코리아 밸류업 지수(Korea Value-up Index),1.35,033780,KT&G,테마 편입 사유,170400.0,"상승  2,300",1.37,170400.0,170500.0,316860.0,53888.0,286053.0,,,0.542066,0.22792338,"6,091.39",123.64,2.07,2026-04-15 15:34:32
568,코리아 밸류업 지수(Korea Value-up Index),1.35,192080,더블유게임즈,테마 편입 사유,51000.0,상승  600,1.19,51000.0,51100.0,52618.0,2690.0,42722.0,,,0.542066,0.22792338,"6,091.39",123.64,2.07,2026-04-15 15:34:32
568,코리아 밸류업 지수(Korea Value-up Index),1.35,089860,롯데렌탈,테마 편입 사유,32150.0,상승  350,1.1,32150.0,32200.0,45449.0,1454.0,52963.0,,,0.542066,0.22792338,"6,091.39",123.64,2.07,2026-04-15 15:34:32
568,코리아 밸류업 지수(Korea Value-up Index),1.35,005300,롯데칠성,테마 편입 사유,119500.0,"상승  1,300",1.1,119200.0,119400.0,19471.0,2321.0,15351.0,,,0.542066,0.22792338,"6,091.39",123.64,2.07,2026-04-15 15:34:32
568,코리아 밸류업 지수(Korea Value-up Index),1.35,058470,리노공업 *,테마 편입 사유,112800.0,"상승  1,200",1.08,112400.0,112500.0,853226.0,95454.0,591983.0,,,0.542066,0.22792338,"6,091.39",123.64,2.07,2026-04-15 15:34:32
568,코리아 밸류업 지수(Korea Value-up Index),1.35,051600,한전KPS,테마 편입 사유,59000.0,상승  600,1.03,58900.0,59000.0,198573.0,11729.0,146074.0,,,0.542066,0.22792338,"6,091.39",123.64,2.07,2026-04-15 15:34:32
568,코리아 밸류업 지수(Korea Value-up Index),1.35,090430,아모레퍼시픽,테마 편입 사유,130500.0,"상승  1,300",1.01,130500.0,130600.0,254727.0,33167.0,243994.0,,,0.542066,0.22792338,"6,091.39",123.64,2.07,2026-04-15 15:34:32
568,코리아 밸류업 지수(Korea Value-up Index),1.35,316140,우리금융지주,테마 편입 사유,35350.0,상승  350,1.0,35300.0,35350.0,1886147.0,67304.0,1417255.0,,,0.542066,0.22792338,"6,091.39",123.64,2.07,2026-04-15 15:34:32
568,코리아 밸류업 지수(Korea Value-up Index),1.35,014820,동원시스템즈,테마 편입 사유,25650.0,상승  250,0.98,25550.0,25600.0,20117.0,515.0,27613.0,,,0.542066,0.22792338,"6,091.39",123.64,2.07,2026-04-15 15:34:32
568,코리아 밸류업 지수(Korea Value-up Index),1.35,145720,덴티움,테마 편입 사유,53800.0,상승  500,0.94,53500.0,53700.0,34173.0,1834.0,22846.0,,,0.542066,0.22792338,"6,091.39",123.64,2.07,2026-04-15 15:34:32
568,코리아 밸류업 지수(Korea Value-up Index),1.35,021240,코웨이,테마 편입 사유,82100.0,상승  700,0.86,82000.0,82200.0,241434.0,19874.0,231692.0,,,0.542066,0.22792338,"6,091.39",123.64,2.07,2026-04-15 15:34:32
568,코리아 밸류업 지수(Korea Value-up Index),1.35,067160,SOOP *,테마 편입 사유,60100.0,상승  500,0.84,60100.0,60200.0,38984.0,2352.0,34295.0,,,0.542066,0.22792338,"6,091.39",123.64,2.07,2026-04-15 15:34:32
568,코리아 밸류업 지수(Korea Value-up Index),1.35,001060,JW중외제약,테마 편입 사유,31300.0,상승  250,0.81,31250.0,31350.0,73329.0,2297.0,61084.0,,,0.542066,0.22792338,"6,091.39",123.64,2.07,2026-04-15 15:34:32
568,코리아 밸류업 지수(Korea Value-up Index),1.35,298020,효성티앤씨,테마 편입 사유,500000.0,"상승  4,000",0.81,499000.0,499500.0,70931.0,35791.0,43227.0,,,0.542066,0.22792338,"6,091.39",123.64,2.07,2026-04-15 15:34:32
568,코리아 밸류업 지수(Korea Value-up Index),1.35,010120,LS ELECTRIC,테마 편입 사유,186800.0,"상승  1,200",0.65,186300.0,186400.0,1038865.0,195375.0,2148525.0,,,0.542066,0.22792338,"6,091.39",123.64,2.07,2026-04-15 15:34:32
568,코리아 밸류업 지수(Korea Value-up Index),1.35,192820,코스맥스,테마 편입 사유,198000.0,"상승  1,100",0.56,197500.0,197600.0,87465.0,17319.0,70068.0,,,0.542066,0.22792338,"6,091.39",123.64,2.07,2026-04-15 15:34:32
568,코리아 밸류업 지수(Korea Value-up Index),1.35,026960,동서,테마 편입 사유,27450.0,상승  150,0.55,27450.0,27500.0,66461.0,1830.0,56578.0,,,0.542066,0.22792338,"6,091.39",123.64,2.07,2026-04-15 15:34:32
568,코리아 밸류업 지수(Korea Value-up Index),1.35,175330,JB금융지주,테마 편입 사유,30750.0,상승  150,0.49,30650.0,30700.0,485713.0,14927.0,433325.0,,,0.542066,0.22792338,"6,091.39",123.64,2.07,2026-04-15 15:34:32
568,코리아 밸류업 지수(Korea Value-up Index),1.35,011200,HMM,테마 편입 사유,21100.0,상승  100,0.48,20950.0,21000.0,1272554.0,26774.0,983620.0,,,0.542066,0.22792338,"6,091.39",123.64,2.07,2026-04-15 15:34:32
568,코리아 밸류업 지수(Korea Value-up Index),1.35,086280,현대글로비스,테마 편입 사유,220500.0,"상승  1,000",0.46,221000.0,221500.0,148160.0,32838.0,125745.0,,,0.542066,0.22792338,"6,091.39",123.64,2.07,2026-04-15 15:34:32
568,코리아 밸류업 지수(Korea Value-up Index),1.35,012750,에스원,테마 편입 사유,91800.0,상승  400,0.44,91300.0,91400.0,35351.0,3236.0,43767.0,,,0.542066,0.22792338,"6,091.39",123.64,2.07,2026-04-15 15:34:32
568,코리아 밸류업 지수(Korea Value-up Index),1.35,047050,포스코인터내셔널,테마 편입 사유,72700.0,상승  300,0.41,72500.0,72600.0,764600.0,55288.0,1016714.0,,,0.542066,0.22792338,"6,091.39",123.64,2.07,2026-04-15 15:34:32
568,코리아 밸류업 지수(Korea Value-up Index),1.35,030000,제일기획,테마 편입 사유,19680.0,상승  80,0.41,19620.0,19660.0,342683.0,6744.0,266511.0,,,0.542066,0.22792338,"6,091.39",123.64,2.07,2026-04-15 15:34:32
568,코리아 밸류업 지수(Korea Value-up Index),1.35,003490,대한항공,테마 편입 사유,24800.0,상승  100,0.4,24750.0,24800.0,1703130.0,42508.0,1802424.0,,,0.542066,0.22792338,"6,091.39",123.64,2.07,2026-04-15 15:34:32
568,코리아 밸류업 지수(Korea Value-up Index),1.35,383220,F&F,테마 편입 사유,65200.0,상승  200,0.31,65200.0,65300.0,73255.0,4747.0,82971.0,,,0.542066,0.22792338,"6,091.39",123.64,2.07,2026-04-15 15:34:32
568,코리아 밸류업 지수(Korea Value-up Index),1.35,030200,KT,테마 편입 사유,64400.0,상승  200,0.31,64500.0,64600.0,323784.0,20939.0,505082.0,,,0.542066,0.22792338,"6,091.39",123.64,2.07,2026-04-15 15:34:32
568,코리아 밸류업 지수(Korea Value-up Index),1.35,192650,드림텍,테마 편입 사유,6750.0,상승  20,0.3,6740.0,6750.0,337199.0,2289.0,300924.0,,,0.542066,0.22792338,"6,091.39",123.64,2.07,2026-04-15 15:34:32
568,코리아 밸류업 지수(Korea Value-up Index),1.35,011780,금호석유화학,테마 편입 사유,133700.0,상승  400,0.3,133400.0,133500.0,71695.0,9633.0,92831.0,,,0.542066,0.22792338,"6,091.39",123.64,2.07,2026-04-15 15:34:32
568,코리아 밸류업 지수(Korea Value-up Index),1.35,086790,하나금융지주,테마 편입 사유,121100.0,상승  300,0.25,121000.0,121100.0,738407.0,90378.0,680992.0,,,0.542066,0.22792338,"6,091.39",123.64,2.07,2026-04-15 15:34:32
568,코리아 밸류업 지수(Korea Value-up Index),1.35,241560,두산밥캣,테마 편입 사유,68900.0,상승  100,0.15,68900.0,69000.0,278425.0,19343.0,226274.0,,,0.542066,0.22792338,"6,091.39",123.64,2.07,2026-04-15 15:34:32
568,코리아 밸류업 지수(Korea Value-up Index),1.35,002840,미원상사,테마 편입 사유,137300.0,보합0,0.0,135600.0,136000.0,6531.0,894.0,4278.0,,,0.542066,0.22792338,"6,091.39",123.64,2.07,2026-04-15 15:34:32
568,코리아 밸류업 지수(Korea Value-up Index),1.35,214450,파마리서치 *,테마 편입 사유,298500.0,보합0,0.0,298000.0,298500.0,52147.0,15618.0,39495.0,,,0.542066,0.22792338,"6,091.39",123.64,2.07,2026-04-15 15:34:32
568,코리아 밸류업 지수(Korea Value-up Index),1.35,009900,명신산업,테마 편입 사유,10210.0,보합0,0.0,10210.0,10220.0,210909.0,2152.0,377813.0,,,0.542066,0.22792338,"6,091.39",123.64,2.07,2026-04-15 15:34:32
568,코리아 밸류업 지수(Korea Value-up Index),1.35,103140,풍산,테마 편입 사유,100600.0,하락  100,-0.1,100400.0,100500.0,210830.0,21081.0,205388.0,,,0.542066,0.22792338,"6,091.39",123.64,2.07,2026-04-15 15:34:32
568,코리아 밸류업 지수(Korea Value-up Index),1.35,018670,SK가스,테마 편입 사유,240500.0,하락  500,-0.21,241000.0,241500.0,18896.0,4521.0,34208.0,,,0.542066,0.22792338,"6,091.39",123.64,2.07,2026-04-15 15:34:32
568,코리아 밸류업 지수(Korea Value-up Index),1.35,403870,HPSP *,테마 편입 사유,42550.0,하락  100,-0.23,42450.0,42500.0,2656980.0,113031.0,2376013.0,,,0.542066,0.22792338,"6,091.39",123.64,2.07,2026-04-15 15:34:32
568,코리아 밸류업 지수(Korea Value-up Index),1.35,016360,삼성증권,테마 편입 사유,111100.0,하락  300,-0.27,111000.0,111100.0,379570.0,42314.0,450390.0,,,0.542066,0.22792338,"6,091.39",123.64,2.07,2026-04-15 15:34:32
568,코리아 밸류업 지수(Korea Value-up Index),1.35,035250,강원랜드,테마 편입 사유,16920.0,하락  50,-0.29,16900.0,16910.0,558333.0,9457.0,449478.0,,,0.542066,0.22792338,"6,091.39",123.64,2.07,2026-04-15 15:34:32
568,코리아 밸류업 지수(Korea Value-up Index),1.35,183300,코미코 *,테마 편입 사유,131900.0,하락  600,-0.45,131900.0,132200.0,147005.0,19304.0,148564.0,,,0.542066,0.22792338,"6,091.39",123.64,2.07,2026-04-15 15:34:32
568,코리아 밸류업 지수(Korea Value-up Index),1.35,064350,현대로템,테마 편입 사유,210000.0,"하락  1,500",-0.71,211500.0,212000.0,760162.0,161366.0,1002559.0,,,0.542066,0.22792338,"6,091.39",123.64,2.07,2026-04-15 15:34:32
568,코리아 밸류업 지수(Korea Value-up Index),1.35,009450,경동나비엔,테마 편입 사유,69100.0,하락  500,-0.72,69100.0,69200.0,59389.0,4081.0,62591.0,,,0.542066,0.22792338,"6,091.39",123.64,2.07,2026-04-15 15:34:32
568,코리아 밸류업 지수(Korea Value-up Index),1.35,000810,삼성화재,테마 편입 사유,486000.0,"하락  3,500",-0.72,485500.0,486000.0,232129.0,115425.0,200078.0,,,0.542066,0.22792338,"6,091.39",123.64,2.07,2026-04-15 15:34:32
568,코리아 밸류업 지수(Korea Value-up Index),1.35,138040,메리츠금융지주,테마 편입 사유,117300.0,"하락  1,000",-0.85,118000.0,118100.0,235444.0,28113.0,218423.0,,,0.542066,0.22792338,"6,091.39",123.64,2.07,2026-04-15 15:34:32
568,코리아 밸류업 지수(Korea Value-up Index),1.35,012450,한화에어로스페이스,테마 편입 사유,1509000.0,"하락  14,000",-0.92,1511000.0,1512000.0,152486.0,231522.0,168602.0,,,0.542066,0.22792338,"6,091.39",123.64,2.07,2026-04-15 15:34:32
568,코리아 밸류업 지수(Korea Value-up Index),1.35,071050,한국금융지주,테마 편입 사유,255000.0,"하락  2,500",-0.97,255500.0,256000.0,360071.0,93323.0,360375.0,,,0.542066,0.22792338,"6,091.39",123.64,2.07,2026-04-15 15:34:32
568,코리아 밸류업 지수(Korea Value-up Index),1.35,215200,메가스터디교육 *,테마 편입 사유,44250.0,하락  450,-1.01,44400.0,44450.0,28516.0,1271.0,22662.0,,,0.542066,0.22792338,"6,091.39",123.64,2.07,2026-04-15 15:34:32
568,코리아 밸류업 지수(Korea Value-up Index),1.35,267260,HD현대일렉트릭,테마 편입 사유,1050000.0,"하락  11,000",-1.04,1053000.0,1054000.0,175238.0,185723.0,180694.0,,,0.542066,0.22792338,"6,091.39",123.64,2.07,2026-04-15 15:34:32
568,코리아 밸류업 지수(Korea Value-up Index),1.35,381970,케이카,테마 편입 사유,10290.0,하락  110,-1.06,10290.0,10300.0,181148.0,1867.0,224792.0,,,0.542066,0.22792338,"6,091.39",123.64,2.07,2026-04-15 15:34:32
568,코리아 밸류업 지수(Korea Value-up Index),1.35,272210,한화시스템,테마 편입 사유,131500.0,"하락  1,600",-1.2,131400.0,131500.0,733762.0,96715.0,622231.0,,,0.542066,0.22792338,"6,091.39",123.64,2.07,2026-04-15 15:34:32
568,코리아 밸류업 지수(Korea Value-up Index),1.35,047810,한국항공우주,테마 편입 사유,190000.0,"하락  3,300",-1.71,189700.0,189800.0,581831.0,110658.0,348240.0,,,0.542066,0.22792338,"6,091.39",123.64,2.07,2026-04-15 15:34:32
568,코리아 밸류업 지수(Korea Value-up Index),1.35,298040,효성중공업,테마 편입 사유,2965000.0,"하락  77,000",-2.53,2962000.0,2963000.0,75062.0,225847.0,69335.0,,,0.542066,0.22792338,"6,091.39",123.64,2.07,2026-04-15 15:34:32
568,코리아 밸류업 지수(Korea Value-up Index),1.35,039490,키움증권,테마 편입 사유,466000.0,"하락  14,000",-2.92,465500.0,466000.0,199195.0,94028.0,263277.0,,,0.542066,0.22792338,"6,091.39",123.64,2.07,2026-04-15 15:34:32
568,코리아 밸류업 지수(Korea Value-up Index),1.35,006800,미래에셋증권,테마 편입 사유,69700.0,"하락  2,700",-3.73,70200.0,70300.0,4655370.0,331950.0,9966408.0,,,0.542066,0.22792338,"6,091.39",123.64,2.07,2026-04-15 15:34:32
568,코리아 밸류업 지수(Korea Value-up Index),1.35,005830,DB손해보험,테마 편입 사유,164800.0,"하락  6,700",-3.91,164400.0,164500.0,236171.0,39455.0,179407.0,,,0.542066,0.22792338,"6,091.39",123.64,2.07,2026-04-15 15:34:32
568,코리아 밸류업 지수(Korea Value-up Index),1.35,079550,LIG디펜스앤에어로스페이스,테마 편입 사유,893000.0,"하락  41,000",-4.39,892000.0,893000.0,401708.0,359417.0,365143.0,,,0.542066,0.22792338,"6,091.39",123.64,2.07,2026-04-15 15:34:32
501,리비안(RIVIAN),1.0,222080,씨아이에스 *,테마 편입 사유,12510.0,상승  460,3.82,12510.0,12520.0,2177588.0,27165.0,958109.0,,,0.374867,0.22402531000000003,"6,091.39",123.64,2.07,2026-04-15 15:34:32
501,리비안(RIVIAN),1.0,137400,피엔티 *,테마 편입 사유,51900.0,"상승  1,900",3.8,51700.0,51800.0,264323.0,13595.0,133486.0,,,0.374867,0.22402531000000003,"6,091.39",123.64,2.07,2026-04-15 15:34:32
501,리비안(RIVIAN),1.0,091580,상신이디피 *,테마 편입 사유,21650.0,상승  650,3.1,21550.0,21600.0,398923.0,8607.0,281308.0,,,0.374867,0.22402531000000003,"6,091.39",123.64,2.07,2026-04-15 15:34:32
501,리비안(RIVIAN),1.0,204320,HL만도,테마 편입 사유,52700.0,"상승  1,500",2.93,52600.0,52700.0,245776.0,12907.0,159146.0,,,0.374867,0.22402531000000003,"6,091.39",123.64,2.07,2026-04-15 15:34:32
501,리비안(RIVIAN),1.0,024890,대원화성,테마 편입 사유,797.0,상승  17,2.18,795.0,796.0,209635.0,166.0,97869.0,,,0.374867,0.22402531000000003,"6,091.39",123.64,2.07,2026-04-15 15:34:32
501,리비안(RIVIAN),1.0,215360,우리산업 *,테마 편입 사유,8970.0,상승  160,1.82,8940.0,8950.0,35831.0,319.0,30803.0,,,0.374867,0.22402531000000003,"6,091.39",123.64,2.07,2026-04-15 15:34:32
501,리비안(RIVIAN),1.0,043370,피에이치에이 *,테마 편입 사유,12960.0,상승  180,1.41,12920.0,12950.0,23629.0,305.0,19399.0,,,0.374867,0.22402531000000003,"6,091.39",123.64,2.07,2026-04-15 15:34:32
501,리비안(RIVIAN),1.0,240600,유진테크놀로지 *,테마 편입 사유,3470.0,상승  45,1.31,3475.0,3480.0,20408.0,71.0,17944.0,,,0.374867,0.22402531000000003,"6,091.39",123.64,2.07,2026-04-15 15:34:32
501,리비안(RIVIAN),1.0,234100,폴라리스세원 *,테마 편입 사유,1058.0,상승  10,0.95,1052.0,1054.0,313242.0,331.0,531222.0,,,0.374867,0.22402531000000003,"6,091.39",123.64,2.07,2026-04-15 15:34:32
501,리비안(RIVIAN),1.0,013570,디와이,테마 편입 사유,5000.0,상승  40,0.81,4990.0,4995.0,92614.0,462.0,149936.0,,,0.374867,0.22402531000000003,"6,091.39",123.64,2.07,2026-04-15 15:34:32
501,리비안(RIVIAN),1.0,075970,동국알앤에스 *,테마 편입 사유,2270.0,상승  15,0.67,2260.0,2265.0,78672.0,178.0,108993.0,,,0.374867,0.22402531000000003,"6,091.39",123.64,2.07,2026-04-15 15:34:32
501,리비안(RIVIAN),1.0,128540,에코캡 *,테마 편입 사유,1850.0,상승  12,0.65,1850.0,1852.0,71558.0,132.0,53919.0,,,0.374867,0.22402531000000003,"6,091.39",123.64,2.07,2026-04-15 15:34:32
501,리비안(RIVIAN),1.0,002710,TCC스틸,테마 편입 사유,16630.0,상승  100,0.6,16630.0,16650.0,275779.0,4503.0,340235.0,,,0.374867,0.22402531000000003,"6,091.39",123.64,2.07,2026-04-15 15:34:32
501,리비안(RIVIAN),1.0,017370,우신시스템,테마 편입 사유,5870.0,상승  30,0.51,5890.0,5900.0,34820.0,204.0,19259.0,,,0.374867,0.22402531000000003,"6,091.39",123.64,2.07,2026-04-15 15:34:32
501,리비안(RIVIAN),1.0,047050,포스코인터내셔널,테마 편입 사유,72700.0,상승  300,0.41,72500.0,72600.0,764600.0,55288.0,1016714.0,,,0.374867,0.22402531000000003,"6,091.39",123.64,2.07,2026-04-15 15:34:32
501,리비안(RIVIAN),1.0,012860,모베이스전자 *,테마 편입 사유,3535.0,상승  5,0.14,3535.0,3540.0,1155914.0,4126.0,1055642.0,,,0.374867,0.22402531000000003,"6,091.39",123.64,2.07,2026-04-15 15:34:32
501,리비안(RIVIAN),1.0,002880,디와이에이,테마 편입 사유,900.0,상승  1,0.11,899.0,901.0,78640.0,70.0,115145.0,,,0.374867,0.22402531000000003,"6,091.39",123.64,2.07,2026-04-15 15:34:32
501,리비안(RIVIAN),1.0,006400,삼성SDI,테마 편입 사유,471000.0,상승  500,0.11,471000.0,471500.0,632732.0,298601.0,798652.0,,,0.374867,0.22402531000000003,"6,091.39",123.64,2.07,2026-04-15 15:34:32
501,리비안(RIVIAN),1.0,125210,아모그린텍 *,테마 편입 사유,9660.0,상승  10,0.1,9610.0,9620.0,167590.0,1614.0,442959.0,,,0.374867,0.22402531000000003,"6,091.39",123.64,2.07,2026-04-15 15:34:32
501,리비안(RIVIAN),1.0,004270,남성,테마 편입 사유,753.0,보합0,0.0,0.0,0.0,0.0,0.0,0.0,,,0.374867,0.22402531000000003,"6,091.39",123.64,2.07,2026-04-15 15:34:32
501,리비안(RIVIAN),1.0,354320,알멕 *,테마 편입 사유,84500.0,"하락  4,000",-4.52,84700.0,84800.0,257401.0,21683.0,446308.0,,,0.374867,0.22402531000000003,"6,091.39",123.64,2.07,2026-04-15 15:34:32
325,종합상사,0.9,003070,코오롱글로벌,테마 편입 사유,12450.0,상승  720,6.14,12430.0,12440.0,687082.0,8802.0,71141.0,,,0.346361,0.1830327300000001,"6,091.39",123.64,2.07,2026-04-15 15:34:32
325,종합상사,0.9,028260,삼성물산,테마 편입 사유,307500.0,"상승  11,500",3.89,308000.0,308500.0,403704.0,124638.0,409310.0,,,0.346361,0.1830327300000001,"6,091.39",123.64,2.07,2026-04-15 15:34:32
325,종합상사,0.9,298020,효성티앤씨,테마 편입 사유,500000.0,"상승  4,000",0.81,499000.0,499500.0,70931.0,35791.0,43227.0,,,0.346361,0.1830327300000001,"6,091.39",123.64,2.07,2026-04-15 15:34:32
325,종합상사,0.9,001120,LX인터내셔널,테마 편입 사유,49200.0,상승  250,0.51,49150.0,49200.0,176814.0,8613.0,190217.0,,,0.346361,0.1830327300000001,"6,091.39",123.64,2.07,2026-04-15 15:34:32
325,종합상사,0.9,047050,포스코인터내셔널,테마 편입 사유,72700.0,상승  300,0.41,72500.0,72600.0,764600.0,55288.0,1016714.0,,,0.346361,0.1830327300000001,"6,091.39",123.64,2.07,2026-04-15 15:34:32
325,종합상사,0.9,001250,GS글로벌,테마 편입 사유,3295.0,하락  35,-1.05,3285.0,3290.0,3502478.0,11603.0,5275209.0,,,0.346361,0.1830327300000001,"6,091.39",123.64,2.07,2026-04-15 15:34:32
325,종합상사,0.9,001740,SK네트웍스,테마 편입 사유,5420.0,하락  60,-1.09,5430.0,5440.0,1601731.0,8809.0,1246851.0,,,0.346361,0.1830327300000001,"6,091.39",123.64,2.07,2026-04-15 15:34:32
325,종합상사,0.9,011760,현대코퍼레이션,테마 편입 사유,26250.0,하락  650,-2.42,26150.0,26200.0,64461.0,1710.0,38703.0,,,0.346361,0.1830327300000001,"6,091.39",123.64,2.07,2026-04-15 15:34:32
166,항공/저가 항공사(LCC),0.89,091810,티웨이항공,테마 편입 사유,948.0,상승  22,2.38,948.0,949.0,1711319.0,1626.0,1079928.0,,,0.357297,0.1503952100000001,"6,091.39",123.64,2.07,2026-04-15 15:34:32
166,항공/저가 항공사(LCC),0.89,180640,한진칼,테마 편입 사유,114300.0,"상승  2,600",2.33,114000.0,114100.0,126651.0,14576.0,96748.0,,,0.357297,0.1503952100000001,"6,091.39",123.64,2.07,2026-04-15 15:34:32
166,항공/저가 항공사(LCC),0.89,089590,제주항공,테마 편입 사유,5270.0,상승  90,1.74,5260.0,5270.0,249492.0,1317.0,166427.0,,,0.357297,0.1503952100000001,"6,091.39",123.64,2.07,2026-04-15 15:34:32
166,항공/저가 항공사(LCC),0.89,272450,진에어,테마 편입 사유,6580.0,상승  110,1.7,6590.0,6600.0,99767.0,658.0,48251.0,,,0.357297,0.1503952100000001,"6,091.39",123.64,2.07,2026-04-15 15:34:32
166,항공/저가 항공사(LCC),0.89,298690,에어부산,테마 편입 사유,2050.0,상승  30,1.49,2040.0,2045.0,283253.0,576.0,216059.0,,,0.357297,0.1503952100000001,"6,091.39",123.64,2.07,2026-04-15 15:34:32
166,항공/저가 항공사(LCC),0.89,020560,아시아나항공,테마 편입 사유,7120.0,상승  30,0.42,7130.0,7140.0,69999.0,501.0,48564.0,,,0.357297,0.1503952100000001,"6,091.39",123.64,2.07,2026-04-15 15:34:32
166,항공/저가 항공사(LCC),0.89,003490,대한항공,테마 편입 사유,24800.0,상승  100,0.4,24750.0,24800.0,1703130.0,42508.0,1802424.0,,,0.357297,0.1503952100000001,"6,091.39",123.64,2.07,2026-04-15 15:34:32
166,항공/저가 항공사(LCC),0.89,004870,티웨이홀딩스,테마 편입 사유,319.0,하락  1,-0.31,320.0,321.0,360058.0,115.0,273276.0,,,0.357297,0.1503952100000001,"6,091.39",123.64,2.07,2026-04-15 15:34:32
166,항공/저가 항공사(LCC),0.89,006840,AK홀딩스,테마 편입 사유,8230.0,하락  180,-2.14,8240.0,8270.0,9175.0,76.0,11293.0,,,0.357297,0.1503952100000001,"6,091.39",123.64,2.07,2026-04-15 15:34:32
31,환율하락 수혜,0.62,271560,오리온,테마 편입 사유,138000.0,"상승  6,600",5.02,137600.0,138100.0,162531.0,22198.0,100991.0,,,0.275169,0.05040017000000008,"6,091.39",123.64,2.07,2026-04-15 15:34:32
31,환율하락 수혜,0.62,000070,삼양홀딩스,테마 편입 사유,69300.0,"상승  2,000",2.97,69400.0,69600.0,11443.0,793.0,7337.0,,,0.275169,0.05040017000000008,"6,091.39",123.64,2.07,2026-04-15 15:34:32
31,환율하락 수혜,0.62,039130,하나투어,테마 편입 사유,42250.0,상승  750,1.81,42150.0,42200.0,52214.0,2203.0,51613.0,,,0.275169,0.05040017000000008,"6,091.39",123.64,2.07,2026-04-15 15:34:32
31,환율하락 수혜,0.62,005490,POSCO홀딩스,테마 편입 사유,368000.0,"상승  6,500",1.8,368000.0,368500.0,269285.0,99132.0,213490.0,,,0.275169,0.05040017000000008,"6,091.39",123.64,2.07,2026-04-15 15:34:32
31,환율하락 수혜,0.62,080160,모두투어 *,테마 편입 사유,11540.0,상승  170,1.5,11490.0,11510.0,72225.0,829.0,53789.0,,,0.275169,0.05040017000000008,"6,091.39",123.64,2.07,2026-04-15 15:34:32
31,환율하락 수혜,0.62,004020,현대제철,테마 편입 사유,40000.0,상승  450,1.14,39800.0,39850.0,788565.0,31627.0,998266.0,,,0.275169,0.05040017000000008,"6,091.39",123.64,2.07,2026-04-15 15:34:32
31,환율하락 수혜,0.62,001680,대상,테마 편입 사유,21250.0,상승  200,0.95,21150.0,21200.0,109534.0,2311.0,154196.0,,,0.275169,0.05040017000000008,"6,091.39",123.64,2.07,2026-04-15 15:34:32
31,환율하락 수혜,0.62,000080,하이트진로,테마 편입 사유,17390.0,상승  160,0.93,17350.0,17360.0,88509.0,1536.0,102798.0,,,0.275169,0.05040017000000008,"6,091.39",123.64,2.07,2026-04-15 15:34:32
31,환율하락 수혜,0.62,010130,고려아연,테마 편입 사유,1660000.0,"상승  11,000",0.67,1653000.0,1655000.0,27124.0,45599.0,21545.0,,,0.275169,0.05040017000000008,"6,091.39",123.64,2.07,2026-04-15 15:34:32
31,환율하락 수혜,0.62,005880,대한해운,테마 편입 사유,2665.0,상승  15,0.57,2665.0,2670.0,40014758.0,106857.0,38347229.0,,,0.275169,0.05040017000000008,"6,091.39",123.64,2.07,2026-04-15 15:34:32
31,환율하락 수혜,0.62,004370,농심,테마 편입 사유,377000.0,"상승  2,000",0.53,376500.0,377000.0,15517.0,5833.0,11848.0,,,0.275169,0.05040017000000008,"6,091.39",123.64,2.07,2026-04-15 15:34:32
31,환율하락 수혜,0.62,020560,아시아나항공,테마 편입 사유,7120.0,상승  30,0.42,7130.0,7140.0,69999.0,501.0,48564.0,,,0.275169,0.05040017000000008,"6,091.39",123.64,2.07,2026-04-15 15:34:32
31,환율하락 수혜,0.62,003490,대한항공,테마 편입 사유,24800.0,상승  100,0.4,24750.0,24800.0,1703130.0,42508.0,1802424.0,,,0.275169,0.05040017000000008,"6,091.39",123.64,2.07,2026-04-15 15:34:32
31,환율하락 수혜,0.62,036460,한국가스공사,테마 편입 사유,36200.0,상승  50,0.14,36050.0,36100.0,256436.0,9286.0,179085.0,,,0.275169,0.05040017000000008,"6,091.39",123.64,2.07,2026-04-15 15:34:32
31,환율하락 수혜,0.62,003010,혜인,테마 편입 사유,6050.0,보합0,0.0,6050.0,6060.0,171972.0,1042.0,253507.0,,,0.275169,0.05040017000000008,"6,091.39",123.64,2.07,2026-04-15 15:34:32
31,환율하락 수혜,0.62,007310,오뚜기,테마 편입 사유,367500.0,보합0,0.0,365500.0,366500.0,6867.0,2514.0,3815.0,,,0.275169,0.05040017000000008,"6,091.39",123.64,2.07,2026-04-15 15:34:32
31,환율하락 수혜,0.62,015760,한국전력,테마 편입 사유,44350.0,보합0,0.0,44300.0,44350.0,3190433.0,142373.0,3020419.0,,,0.275169,0.05040017000000008,"6,091.39",123.64,2.07,2026-04-15 15:34:32
31,환율하락 수혜,0.62,103140,풍산,테마 편입 사유,100600.0,하락  100,-0.1,100400.0,100500.0,210830.0,21081.0,205388.0,,,0.275169,0.05040017000000008,"6,091.39",123.64,2.07,2026-04-15 15:34:32
31,환율하락 수혜,0.62,001790,대한제당,테마 편입 사유,3030.0,하락  10,-0.33,3025.0,3030.0,382473.0,1148.0,330800.0,,,0.275169,0.05040017000000008,"6,091.39",123.64,2.07,2026-04-15 15:34:32
31,환율하락 수혜,0.62,001130,대한제분,테마 편입 사유,149000.0,하락  500,-0.33,149100.0,149400.0,3640.0,544.0,4101.0,,,0.275169,0.05040017000000008,"6,091.39",123.64,2.07,2026-04-15 15:34:32
31,환율하락 수혜,0.62,097950,CJ제일제당,테마 편입 사유,233500.0,"하락  1,000",-0.43,233500.0,234000.0,73806.0,17165.0,92976.0,,,0.275169,0.05040017000000008,"6,091.39",123.64,2.07,2026-04-15 15:34:32
31,환율하락 수혜,0.62,010950,S-Oil,테마 편입 사유,117500.0,"하락  1,600",-1.34,117300.0,117400.0,410437.0,47832.0,418615.0,,,0.275169,0.05040017000000008,"6,091.39",123.64,2.07,2026-04-15 15:34:32
31,환율하락 수혜,0.62,002680,한탑 *,테마 편입 사유,751.0,하락  16,-2.09,747.0,748.0,178155.0,133.0,199302.0,,,0.275169,0.05040017000000008,"6,091.39",123.64,2.07,2026-04-15 15:34:32
379,항공기부품,1.2,046120,오르비텍 *,테마 편입 사유,11200.0,상승  880,8.53,11220.0,11230.0,3400963.0,37745.0,1491841.0,,,0.563288,0.03399383999999994,"6,091.39",123.64,2.07,2026-04-15 15:34:32
379,항공기부품,1.2,095190,이엠코리아 *,테마 편입 사유,2610.0,상승  120,4.82,2610.0,2615.0,830304.0,2133.0,338591.0,,,0.563288,0.03399383999999994,"6,091.39",123.64,2.07,2026-04-15 15:34:32
379,항공기부품,1.2,034020,두산에너빌리티,테마 편입 사유,104200.0,"상승  4,500",4.51,104100.0,104200.0,5469233.0,571128.0,1937143.0,,,0.563288,0.03399383999999994,"6,091.39",123.64,2.07,2026-04-15 15:34:32
379,항공기부품,1.2,221840,하이즈항공 *,테마 편입 사유,2765.0,상승  85,3.17,2760.0,2765.0,57287.0,156.0,43945.0,,,0.563288,0.03399383999999994,"6,091.39",123.64,2.07,2026-04-15 15:34:32
379,항공기부품,1.2,017960,한국카본,테마 편입 사유,51100.0,"상승  1,100",2.2,50900.0,51000.0,606831.0,30765.0,1159631.0,,,0.563288,0.03399383999999994,"6,091.39",123.64,2.07,2026-04-15 15:34:32
379,항공기부품,1.2,011210,현대위아,테마 편입 사유,80400.0,"상승  1,200",1.52,80000.0,80200.0,149262.0,11990.0,107486.0,,,0.563288,0.03399383999999994,"6,091.39",123.64,2.07,2026-04-15 15:34:32
379,항공기부품,1.2,215090,솔디펜스 *,테마 편입 사유,2690.0,상승  25,0.94,2700.0,2705.0,177974.0,482.0,136174.0,,,0.563288,0.03399383999999994,"6,091.39",123.64,2.07,2026-04-15 15:34:32
379,항공기부품,1.2,005870,휴니드,테마 편입 사유,8940.0,상승  40,0.45,8950.0,8960.0,268744.0,2390.0,353115.0,,,0.563288,0.03399383999999994,"6,091.39",123.64,2.07,2026-04-15 15:34:32
379,항공기부품,1.2,003490,대한항공,테마 편입 사유,24800.0,상승  100,0.4,24750.0,24800.0,1703130.0,42508.0,1802424.0,,,0.563288,0.03399383999999994,"6,091.39",123.64,2.07,2026-04-15 15:34:32
379,항공기부품,1.2,067390,아스트 *,테마 편입 사유,805.0,하락  5,-0.62,804.0,805.0,2391089.0,1941.0,3137283.0,,,0.563288,0.03399383999999994,"6,091.39",123.64,2.07,2026-04-15 15:34:32
379,항공기부품,1.2,012450,한화에어로스페이스,테마 편입 사유,1509000.0,"하락  14,000",-0.92,1511000.0,1512000.0,152486.0,231522.0,168602.0,,,0.563288,0.03399383999999994,"6,091.39",123.64,2.07,2026-04-15 15:34:32
379,항공기부품,1.2,047810,한국항공우주,테마 편입 사유,190000.0,"하락  3,300",-1.71,189700.0,189800.0,581831.0,110658.0,348240.0,,,0.563288,0.03399383999999994,"6,091.39",123.64,2.07,2026-04-15 15:34:32
379,항공기부품,1.2,274090,켄코아에어로스페이스 *,테마 편입 사유,23400.0,하락  500,-2.09,23400.0,23450.0,629526.0,14717.0,1741716.0,,,0.563288,0.03399383999999994,"6,091.39",123.64,2.07,2026-04-15 15:34:32
379,항공기부품,1.2,079550,LIG디펜스앤에어로스페이스,테마 편입 사유,893000.0,"하락  41,000",-4.39,892000.0,893000.0,401708.0,359417.0,365143.0,,,0.563288,0.03399383999999994,"6,091.39",123.64,2.07,2026-04-15 15:34:32
285,마스크,0.41,086450,동국제약 *,테마 편입 사유,27600.0,"상승  1,850",7.18,27600.0,27650.0,1120501.0,30254.0,1101744.0,,,0.185793,0.02540848999999995,"6,091.39",123.64,2.07,2026-04-15 15:34:32
285,마스크,0.41,014100,메디앙스 *,테마 편입 사유,1771.0,상승  32,1.84,1744.0,1769.0,43847.0,76.0,25640.0,,,0.185793,0.02540848999999995,"6,091.39",123.64,2.07,2026-04-15 15:34:32
285,마스크,0.41,018250,애경산업,테마 편입 사유,15040.0,상승  270,1.83,15020.0,15040.0,52004.0,780.0,29210.0,,,0.185793,0.02540848999999995,"6,091.39",123.64,2.07,2026-04-15 15:34:32
285,마스크,0.41,047770,코데즈컴바인 *,테마 편입 사유,4755.0,상승  80,1.71,4740.0,4745.0,989766.0,4670.0,832012.0,,,0.185793,0.02540848999999995,"6,091.39",123.64,2.07,2026-04-15 15:34:32
285,마스크,0.41,263020,디케이앤디 *,테마 편입 사유,3300.0,상승  50,1.54,3295.0,3300.0,126093.0,415.0,43264.0,,,0.185793,0.02540848999999995,"6,091.39",123.64,2.07,2026-04-15 15:34:32
285,마스크,0.41,001060,JW중외제약,테마 편입 사유,31300.0,상승  250,0.81,31250.0,31350.0,73329.0,2297.0,61084.0,,,0.185793,0.02540848999999995,"6,091.39",123.64,2.07,2026-04-15 15:34:32
285,마스크,0.41,001520,동양,테마 편입 사유,812.0,상승  5,0.62,812.0,813.0,946267.0,777.0,608874.0,,,0.185793,0.02540848999999995,"6,091.39",123.64,2.07,2026-04-15 15:34:32
285,마스크,0.41,352700,씨앤투스 *,테마 편입 사유,2025.0,상승  10,0.5,2015.0,2025.0,21751.0,44.0,21565.0,,,0.185793,0.02540848999999995,"6,091.39",123.64,2.07,2026-04-15 15:34:32
285,마스크,0.41,034940,조아제약 *,테마 편입 사유,902.0,상승  3,0.33,901.0,902.0,77259.0,70.0,41341.0,,,0.185793,0.02540848999999995,"6,091.39",123.64,2.07,2026-04-15 15:34:32
285,마스크,0.41,013990,아가방컴퍼니 *,테마 편입 사유,4940.0,상승  10,0.2,4935.0,4950.0,172922.0,848.0,171631.0,,,0.185793,0.02540848999999995,"6,091.39",123.64,2.07,2026-04-15 15:34:32
285,마스크,0.41,142280,녹십자엠에스 *,테마 편입 사유,3730.0,상승  5,0.13,3730.0,3735.0,32053.0,119.0,38293.0,,,0.185793,0.02540848999999995,"6,091.39",123.64,2.07,2026-04-15 15:34:32
285,마스크,0.41,108230,톱텍 *,테마 편입 사유,4710.0,상승  5,0.11,4690.0,4705.0,170240.0,807.0,94306.0,,,0.185793,0.02540848999999995,"6,091.39",123.64,2.07,2026-04-15 15:34:32
285,마스크,0.41,372910,한컴라이프케어,테마 편입 사유,2470.0,보합0,0.0,2480.0,2490.0,842410.0,2139.0,161069.0,,,0.185793,0.02540848999999995,"6,091.39",123.64,2.07,2026-04-15 15:34:32
285,마스크,0.41,045520,크린앤사이언스 *,테마 편입 사유,3340.0,보합0,0.0,3315.0,3325.0,14117.0,47.0,9852.0,,,0.185793,0.02540848999999995,"6,091.39",123.64,2.07,2026-04-15 15:34:32
285,마스크,0.41,042040,케이피엠테크 *,테마 편입 사유,147.0,보합0,0.0,0.0,0.0,0.0,0.0,0.0,,,0.185793,0.02540848999999995,"6,091.39",123.64,2.07,2026-04-15 15:34:32
285,마스크,0.41,012690,모나리자,테마 편입 사유,2285.0,보합0,0.0,2295.0,2300.0,353685.0,806.0,357130.0,,,0.185793,0.02540848999999995,"6,091.39",123.64,2.07,2026-04-15 15:34:32
285,마스크,0.41,002070,비비안,테마 편입 사유,355.0,보합0,0.0,0.0,0.0,0.0,0.0,0.0,,,0.185793,0.02540848999999995,"6,091.39",123.64,2.07,2026-04-15 15:34:32
285,마스크,0.41,065950,웰크론 *,테마 편입 사유,1542.0,하락  2,-0.13,1540.0,1543.0,86577.0,133.0,55595.0,,,0.185793,0.02540848999999995,"6,091.39",123.64,2.07,2026-04-15 15:34:32
285,마스크,0.41,004540,깨끗한나라,테마 편입 사유,2070.0,하락  10,-0.48,2080.0,2090.0,141895.0,292.0,116851.0,,,0.185793,0.02540848999999995,"6,091.39",123.64,2.07,2026-04-15 15:34:32
285,마스크,0.41,002720,국제약품,테마 편입 사유,4820.0,하락  30,-0.62,4810.0,4820.0,160539.0,771.0,98419.0,,,0.185793,0.02540848999999995,"6,091.39",123.64,2.07,2026-04-15 15:34:32
285,마스크,0.41,083550,케이엠 *,테마 편입 사유,3645.0,하락  50,-1.35,3640.0,3645.0,77940.0,287.0,103690.0,,,0.185793,0.02540848999999995,"6,091.39",123.64,2.07,2026-04-15 15:34:32
285,마스크,0.41,294140,레몬 *,테마 편입 사유,3440.0,하락  70,-1.99,3435.0,3450.0,67464.0,231.0,34463.0,,,0.185793,0.02540848999999995,"6,091.39",123.64,2.07,2026-04-15 15:34:32
285,마스크,0.41,079980,휴비스,테마 편입 사유,3175.0,하락  95,-2.91,3165.0,3175.0,406148.0,1293.0,679065.0,,,0.185793,0.02540848999999995,"6,091.39",123.64,2.07,2026-04-15 15:34:32
284,기업인수목적회사(SPAC),0.13,466910,엔에이치스팩30호 *,테마 편입 사유,4630.0,상승  100,2.21,4605.0,4630.0,136102.0,620.0,127527.0,,,0.053159,0.01996087000000002,"6,091.39",123.64,2.07,2026-04-15 15:34:32
284,기업인수목적회사(SPAC),0.13,481890,엔에이치스팩31호 *,테마 편입 사유,2130.0,상승  25,1.19,2130.0,2135.0,38218.0,82.0,159.0,,,0.053159,0.01996087000000002,"6,091.39",123.64,2.07,2026-04-15 15:34:32
284,기업인수목적회사(SPAC),0.13,466690,키움히어로제1호스팩 *,테마 편입 사유,2060.0,상승  20,0.98,2055.0,2060.0,58915.0,121.0,4385.0,,,0.053159,0.01996087000000002,"6,091.39",123.64,2.07,2026-04-15 15:34:32
284,기업인수목적회사(SPAC),0.13,492220,KB제31호스팩 *,테마 편입 사유,2075.0,상승  20,0.97,2070.0,2075.0,35023.0,72.0,3704.0,,,0.053159,0.01996087000000002,"6,091.39",123.64,2.07,2026-04-15 15:34:32
284,기업인수목적회사(SPAC),0.13,486630,KB제30호스팩 *,테마 편입 사유,2085.0,상승  20,0.97,2080.0,2085.0,68299.0,141.0,5630.0,,,0.053159,0.01996087000000002,"6,091.39",123.64,2.07,2026-04-15 15:34:32
284,기업인수목적회사(SPAC),0.13,472230,에스케이증권제11호스팩 *,테마 편입 사유,2070.0,상승  15,0.73,2065.0,2070.0,35920.0,74.0,6631.0,,,0.053159,0.01996087000000002,"6,091.39",123.64,2.07,2026-04-15 15:34:32
284,기업인수목적회사(SPAC),0.13,487720,키움제10호스팩 *,테마 편입 사유,2070.0,상승  15,0.73,2065.0,2070.0,56506.0,116.0,10898.0,,,0.053159,0.01996087000000002,"6,091.39",123.64,2.07,2026-04-15 15:34:32
284,기업인수목적회사(SPAC),0.13,471050,대신밸런스제17호스팩 *,테마 편입 사유,2110.0,상승  15,0.72,2105.0,2110.0,59017.0,124.0,4609.0,,,0.053159,0.01996087000000002,"6,091.39",123.64,2.07,2026-04-15 15:34:32
284,기업인수목적회사(SPAC),0.13,0041L0,하나35호스팩 *,테마 편입 사유,2020.0,상승  10,0.5,2010.0,2020.0,87051.0,175.0,10214.0,,,0.053159,0.01996087000000002,"6,091.39",123.64,2.07,2026-04-15 15:34:32
284,기업인수목적회사(SPAC),0.13,0097F0,미래에셋비전스팩10호 *,테마 편입 사유,2010.0,상승  10,0.5,2005.0,2010.0,30938.0,62.0,6755.0,,,0.053159,0.01996087000000002,"6,091.39",123.64,2.07,2026-04-15 15:34:32
284,기업인수목적회사(SPAC),0.13,0093G0,미래에셋비전스팩8호 *,테마 편입 사유,2010.0,상승  10,0.5,2005.0,2010.0,23127.0,46.0,5088.0,,,0.053159,0.01996087000000002,"6,091.39",123.64,2.07,2026-04-15 15:34:32
284,기업인수목적회사(SPAC),0.13,498390,한화플러스제5호스팩 *,테마 편입 사유,2035.0,상승  10,0.49,2030.0,2035.0,35299.0,72.0,3843.0,,,0.053159,0.01996087000000002,"6,091.39",123.64,2.07,2026-04-15 15:34:32
284,기업인수목적회사(SPAC),0.13,482680,미래에셋비전스팩7호 *,테마 편입 사유,2045.0,상승  10,0.49,2040.0,2045.0,131124.0,266.0,6610.0,,,0.053159,0.01996087000000002,"6,091.39",123.64,2.07,2026-04-15 15:34:32
284,기업인수목적회사(SPAC),0.13,488060,유진스팩11호 *,테마 편입 사유,2050.0,상승  10,0.49,2045.0,2050.0,35939.0,74.0,1513.0,,,0.053159,0.01996087000000002,"6,091.39",123.64,2.07,2026-04-15 15:34:32
284,기업인수목적회사(SPAC),0.13,0044K0,삼성스팩10호 *,테마 편입 사유,2060.0,상승  10,0.49,2060.0,2065.0,37062.0,76.0,3060.0,,,0.053159,0.01996087000000002,"6,091.39",123.64,2.07,2026-04-15 15:34:32
284,기업인수목적회사(SPAC),0.13,478390,KB제29호스팩 *,테마 편입 사유,2075.0,상승  10,0.48,2070.0,2075.0,42697.0,89.0,617.0,,,0.053159,0.01996087000000002,"6,091.39",123.64,2.07,2026-04-15 15:34:32
284,기업인수목적회사(SPAC),0.13,472220,신영스팩10호 *,테마 편입 사유,2160.0,상승  10,0.47,2150.0,2155.0,14803.0,32.0,17161.0,,,0.053159,0.01996087000000002,"6,091.39",123.64,2.07,2026-04-15 15:34:32
284,기업인수목적회사(SPAC),0.13,489210,교보17호스팩 *,테마 편입 사유,2120.0,상승  10,0.47,2115.0,2120.0,47864.0,101.0,13698.0,,,0.053159,0.01996087000000002,"6,091.39",123.64,2.07,2026-04-15 15:34:32
284,기업인수목적회사(SPAC),0.13,0096B0,삼성스팩12호 *,테마 편입 사유,2015.0,상승  5,0.25,2010.0,2015.0,61611.0,124.0,15738.0,,,0.053159,0.01996087000000002,"6,091.39",123.64,2.07,2026-04-15 15:34:32
284,기업인수목적회사(SPAC),0.13,0099W0,미래에셋비전스팩11호 *,테마 편입 사유,2005.0,상승  5,0.25,2000.0,2005.0,21778.0,44.0,7254.0,,,0.053159,0.01996087000000002,"6,091.39",123.64,2.07,2026-04-15 15:34:32
284,기업인수목적회사(SPAC),0.13,0130D0,신한제17호스팩 *,테마 편입 사유,2020.0,상승  5,0.25,2015.0,2020.0,99911.0,201.0,20625.0,,,0.053159,0.01996087000000002,"6,091.39",123.64,2.07,2026-04-15 15:34:32
284,기업인수목적회사(SPAC),0.13,0130H0,엔에이치스팩33호 *,테마 편입 사유,2020.0,상승  5,0.25,2015.0,2020.0,163655.0,330.0,80845.0,,,0.053159,0.01996087000000002,"6,091.39",123.64,2.07,2026-04-15 15:34:32
284,기업인수목적회사(SPAC),0.13,473950,에스케이증권제13호스팩 *,테마 편입 사유,2035.0,상승  5,0.25,2025.0,2035.0,60892.0,123.0,983.0,,,0.053159,0.01996087000000002,"6,091.39",123.64,2.07,2026-04-15 15:34:32
284,기업인수목적회사(SPAC),0.13,487360,신한제14호스팩 *,테마 편입 사유,2055.0,상승  5,0.24,2050.0,2055.0,30380.0,62.0,26954.0,,,0.053159,0.01996087000000002,"6,091.39",123.64,2.07,2026-04-15 15:34:32
284,기업인수목적회사(SPAC),0.13,469900,하나31호스팩 *,테마 편입 사유,2065.0,상승  5,0.24,2055.0,2060.0,14542.0,30.0,187.0,,,0.053159,0.01996087000000002,"6,091.39",123.64,2.07,2026-04-15 15:34:32
284,기업인수목적회사(SPAC),0.13,0004Y0,디비금융제14호스팩 *,테마 편입 사유,2055.0,상승  5,0.24,2045.0,2055.0,32427.0,66.0,4682.0,,,0.053159,0.01996087000000002,"6,091.39",123.64,2.07,2026-04-15 15:34:32
284,기업인수목적회사(SPAC),0.13,473050,유안타제15호스팩 *,테마 편입 사유,2065.0,상승  5,0.24,2060.0,2065.0,38103.0,79.0,13263.0,,,0.053159,0.01996087000000002,"6,091.39",123.64,2.07,2026-04-15 15:34:32
284,기업인수목적회사(SPAC),0.13,468760,유진스팩10호 *,테마 편입 사유,2095.0,상승  5,0.24,2090.0,2095.0,92923.0,194.0,12802.0,,,0.053159,0.01996087000000002,"6,091.39",123.64,2.07,2026-04-15 15:34:32
284,기업인수목적회사(SPAC),0.13,477380,미래에셋비전스팩4호 *,테마 편입 사유,2065.0,상승  5,0.24,2060.0,2065.0,83061.0,171.0,14801.0,,,0.053159,0.01996087000000002,"6,091.39",123.64,2.07,2026-04-15 15:34:32
284,기업인수목적회사(SPAC),0.13,477470,미래에셋비전스팩5호 *,테마 편입 사유,2105.0,상승  5,0.24,2095.0,2105.0,12604.0,26.0,1875.0,,,0.053159,0.01996087000000002,"6,091.39",123.64,2.07,2026-04-15 15:34:32
284,기업인수목적회사(SPAC),0.13,487830,신한제15호스팩 *,테마 편입 사유,2070.0,상승  5,0.24,2060.0,2070.0,6846.0,14.0,40.0,,,0.053159,0.01996087000000002,"6,091.39",123.64,2.07,2026-04-15 15:34:32
284,기업인수목적회사(SPAC),0.13,477340,에이치엠씨제7호스팩 *,테마 편입 사유,2025.0,보합0,0.0,2025.0,2030.0,50888.0,103.0,6992.0,,,0.053159,0.01996087000000002,"6,091.39",123.64,2.07,2026-04-15 15:34:32
284,기업인수목적회사(SPAC),0.13,475250,하나33호스팩 *,테마 편입 사유,2095.0,보합0,0.0,2085.0,2095.0,32828.0,69.0,7.0,,,0.053159,0.01996087000000002,"6,091.39",123.64,2.07,2026-04-15 15:34:32
284,기업인수목적회사(SPAC),0.13,475240,하나32호스팩 *,테마 편입 사유,2100.0,보합0,0.0,2095.0,2100.0,5396.0,11.0,1939.0,,,0.053159,0.01996087000000002,"6,091.39",123.64,2.07,2026-04-15 15:34:32
284,기업인수목적회사(SPAC),0.13,474930,신한제13호스팩 *,테마 편입 사유,2135.0,보합0,0.0,2130.0,2135.0,20545.0,44.0,2.0,,,0.053159,0.01996087000000002,"6,091.39",123.64,2.07,2026-04-15 15:34:32
284,기업인수목적회사(SPAC),0.13,493790,유안타제17호스팩 *,테마 편입 사유,2005.0,보합0,0.0,2005.0,2010.0,627.0,1.0,1677.0,,,0.053159,0.01996087000000002,"6,091.39",123.64,2.07,2026-04-15 15:34:32
284,기업인수목적회사(SPAC),0.13,477760,DB금융스팩12호 *,테마 편입 사유,2230.0,보합0,0.0,0.0,0.0,0.0,0.0,0.0,,,0.053159,0.01996087000000002,"6,091.39",123.64,2.07,2026-04-15 15:34:32
284,기업인수목적회사(SPAC),0.13,479880,한국제15호스팩 *,테마 편입 사유,2050.0,보합0,0.0,2040.0,2050.0,31946.0,65.0,8704.0,,,0.053159,0.01996087000000002,"6,091.39",123.64,2.07,2026-04-15 15:34:32
284,기업인수목적회사(SPAC),0.13,489730,디비금융제13호스팩 *,테마 편입 사유,2075.0,보합0,0.0,2070.0,2075.0,5784.0,12.0,4759.0,,,0.053159,0.01996087000000002,"6,091.39",123.64,2.07,2026-04-15 15:34:32
284,기업인수목적회사(SPAC),0.13,482520,교보16호스팩 *,테마 편입 사유,2095.0,보합0,0.0,0.0,0.0,0.0,0.0,0.0,,,0.053159,0.01996087000000002,"6,091.39",123.64,2.07,2026-04-15 15:34:32
284,기업인수목적회사(SPAC),0.13,496070,신한제16호스팩 *,테마 편입 사유,2030.0,보합0,0.0,2025.0,2030.0,7428.0,15.0,16264.0,,,0.053159,0.01996087000000002,"6,091.39",123.64,2.07,2026-04-15 15:34:32
284,기업인수목적회사(SPAC),0.13,469880,하나30호스팩 *,테마 편입 사유,2080.0,보합0,0.0,2075.0,2080.0,44512.0,93.0,14697.0,,,0.053159,0.01996087000000002,"6,091.39",123.64,2.07,2026-04-15 15:34:32
284,기업인수목적회사(SPAC),0.13,0105P0,유진스팩12호 *,테마 편입 사유,2010.0,보합0,0.0,2005.0,2010.0,59780.0,120.0,2746.0,,,0.053159,0.01996087000000002,"6,091.39",123.64,2.07,2026-04-15 15:34:32
284,기업인수목적회사(SPAC),0.13,0037T0,KB제32호스팩 *,테마 편입 사유,2015.0,보합0,0.0,2010.0,2015.0,11672.0,23.0,2860.0,,,0.053159,0.01996087000000002,"6,091.39",123.64,2.07,2026-04-15 15:34:32
284,기업인수목적회사(SPAC),0.13,0041J0,엘에스스팩1호 *,테마 편입 사유,2010.0,보합0,0.0,2010.0,2015.0,51075.0,103.0,37779.0,,,0.053159,0.01996087000000002,"6,091.39",123.64,2.07,2026-04-15 15:34:32
284,기업인수목적회사(SPAC),0.13,0054V0,엔에이치스팩32호 *,테마 편입 사유,2060.0,보합0,0.0,2070.0,2075.0,39013.0,81.0,2127.0,,,0.053159,0.01996087000000002,"6,091.39",123.64,2.07,2026-04-15 15:34:32
284,기업인수목적회사(SPAC),0.13,0068Y0,비엔케이제3호스팩 *,테마 편입 사유,2010.0,보합0,0.0,2010.0,2015.0,6292.0,13.0,22275.0,,,0.053159,0.01996087000000002,"6,091.39",123.64,2.07,2026-04-15 15:34:32
284,기업인수목적회사(SPAC),0.13,0072Z0,KB제33호스팩 *,테마 편입 사유,2005.0,보합0,0.0,2000.0,2005.0,4005.0,8.0,11578.0,,,0.053159,0.01996087000000002,"6,091.39",123.64,2.07,2026-04-15 15:34:32
284,기업인수목적회사(SPAC),0.13,0091W0,신영스팩11호 *,테마 편입 사유,2075.0,보합0,0.0,2070.0,2075.0,15096.0,31.0,1386.0,,,0.053159,0.01996087000000002,"6,091.39",123.64,2.07,2026-04-15 15:34:32
284,기업인수목적회사(SPAC),0.13,0096D0,미래에셋비전스팩9호 *,테마 편입 사유,2010.0,보합0,0.0,2005.0,2010.0,22501.0,45.0,5197.0,,,0.053159,0.01996087000000002,"6,091.39",123.64,2.07,2026-04-15 15:34:32
284,기업인수목적회사(SPAC),0.13,0101C0,하나36호스팩 *,테마 편입 사유,2000.0,보합0,0.0,2000.0,2010.0,31553.0,63.0,4725.0,,,0.053159,0.01996087000000002,"6,091.39",123.64,2.07,2026-04-15 15:34:32
284,기업인수목적회사(SPAC),0.13,0132G0,교보20호스팩 *,테마 편입 사유,2020.0,보합0,0.0,2015.0,2020.0,159286.0,322.0,75454.0,,,0.053159,0.01996087000000002,"6,091.39",123.64,2.07,2026-04-15 15:34:32
284,기업인수목적회사(SPAC),0.13,451700,엔에이치스팩29호 *,테마 편입 사유,2530.0,보합0,0.0,2510.0,2520.0,218605.0,553.0,309273.0,,,0.053159,0.01996087000000002,"6,091.39",123.64,2.07,2026-04-15 15:34:32
284,기업인수목적회사(SPAC),0.13,464440,한국제13호스팩 *,테마 편입 사유,2085.0,보합0,0.0,2080.0,2085.0,37240.0,78.0,19970.0,,,0.053159,0.01996087000000002,"6,091.39",123.64,2.07,2026-04-15 15:34:32
284,기업인수목적회사(SPAC),0.13,469480,IBKS제24호스팩 *,테마 편입 사유,2180.0,보합0,0.0,2155.0,2185.0,20797.0,45.0,26.0,,,0.053159,0.01996087000000002,"6,091.39",123.64,2.07,2026-04-15 15:34:32
284,기업인수목적회사(SPAC),0.13,465320,교보15호스팩 *,테마 편입 사유,2335.0,보합0,0.0,0.0,0.0,0.0,0.0,0.0,,,0.053159,0.01996087000000002,"6,091.39",123.64,2.07,2026-04-15 15:34:32
284,기업인수목적회사(SPAC),0.13,464680,KB제27호스팩 *,테마 편입 사유,2085.0,보합0,0.0,2080.0,2085.0,55132.0,115.0,32758.0,,,0.053159,0.01996087000000002,"6,091.39",123.64,2.07,2026-04-15 15:34:32
284,기업인수목적회사(SPAC),0.13,452670,상상인제4호스팩 *,테마 편입 사유,2100.0,보합0,0.0,2095.0,2105.0,74426.0,156.0,322299.0,,,0.053159,0.01996087000000002,"6,091.39",123.64,2.07,2026-04-15 15:34:32
284,기업인수목적회사(SPAC),0.13,462020,에이치엠씨제6호스팩 *,테마 편입 사유,2095.0,보합0,0.0,2095.0,2100.0,32965.0,69.0,21346.0,,,0.053159,0.01996087000000002,"6,091.39",123.64,2.07,2026-04-15 15:34:32
284,기업인수목적회사(SPAC),0.13,452980,신한제11호스팩 *,테마 편입 사유,2095.0,보합0,0.0,2095.0,2100.0,226511.0,475.0,427228.0,,,0.053159,0.01996087000000002,"6,091.39",123.64,2.07,2026-04-15 15:34:32
284,기업인수목적회사(SPAC),0.13,473000,에스케이증권제12호스팩 *,테마 편입 사유,2052.0,하락  3,-0.15,2050.0,2055.0,2056.0,4.0,45.0,,,0.053159,0.01996087000000002,"6,091.39",123.64,2.07,2026-04-15 15:34:32
284,기업인수목적회사(SPAC),0.13,484130,하나34호스팩 *,테마 편입 사유,2050.0,하락  5,-0.24,2050.0,2055.0,2232.0,5.0,3603.0,,,0.053159,0.01996087000000002,"6,091.39",123.64,2.07,2026-04-15 15:34:32
284,기업인수목적회사(SPAC),0.13,0098T0,교보19호스팩 *,테마 편입 사유,2040.0,하락  5,-0.24,2040.0,2045.0,10876.0,22.0,10730.0,,,0.053159,0.01996087000000002,"6,091.39",123.64,2.07,2026-04-15 15:34:32
284,기업인수목적회사(SPAC),0.13,474660,신한제12호스팩 *,테마 편입 사유,2050.0,하락  5,-0.24,2045.0,2050.0,13071.0,27.0,592.0,,,0.053159,0.01996087000000002,"6,091.39",123.64,2.07,2026-04-15 15:34:32
284,기업인수목적회사(SPAC),0.13,0041B0,교보18호스팩 *,테마 편입 사유,2060.0,하락  5,-0.24,2060.0,2065.0,13009.0,27.0,7250.0,,,0.053159,0.01996087000000002,"6,091.39",123.64,2.07,2026-04-15 15:34:32
284,기업인수목적회사(SPAC),0.13,0115H0,삼성스팩13호 *,테마 편입 사유,2020.0,하락  5,-0.25,2025.0,2030.0,60589.0,123.0,31250.0,,,0.053159,0.01996087000000002,"6,091.39",123.64,2.07,2026-04-15 15:34:32
284,기업인수목적회사(SPAC),0.13,0071M0,삼성스팩11호 *,테마 편입 사유,2025.0,하락  5,-0.25,2020.0,2025.0,6572.0,13.0,7556.0,,,0.053159,0.01996087000000002,"6,091.39",123.64,2.07,2026-04-15 15:34:32
284,기업인수목적회사(SPAC),0.13,474490,유안타제16호스팩 *,테마 편입 사유,2035.0,하락  5,-0.25,2035.0,2040.0,68882.0,140.0,1361.0,,,0.053159,0.01996087000000002,"6,091.39",123.64,2.07,2026-04-15 15:34:32
284,기업인수목적회사(SPAC),0.13,478110,이베스트스팩6호 *,테마 편입 사유,2025.0,하락  5,-0.25,2025.0,2030.0,414.0,1.0,2530.0,,,0.053159,0.01996087000000002,"6,091.39",123.64,2.07,2026-04-15 15:34:32
284,기업인수목적회사(SPAC),0.13,0099X0,IBKS제25호스팩 *,테마 편입 사유,2170.0,하락  10,-0.46,2160.0,2170.0,6690.0,15.0,1928.0,,,0.053159,0.01996087000000002,"6,091.39",123.64,2.07,2026-04-15 15:34:32
284,기업인수목적회사(SPAC),0.13,478440,미래에셋비전스팩6호 *,테마 편입 사유,2040.0,하락  10,-0.49,2040.0,2050.0,23500.0,48.0,36683.0,,,0.053159,0.01996087000000002,"6,091.39",123.64,2.07,2026-04-15 15:34:32
284,기업인수목적회사(SPAC),0.13,0088D0,메리츠제1호스팩 *,테마 편입 사유,2195.0,하락  15,-0.68,2190.0,2195.0,88308.0,193.0,93382.0,,,0.053159,0.01996087000000002,"6,091.39",123.64,2.07,2026-04-15 15:34:32
284,기업인수목적회사(SPAC),0.13,489480,키움제11호스팩 *,테마 편입 사유,2045.0,하락  15,-0.73,2055.0,2060.0,76553.0,157.0,71.0,,,0.053159,0.01996087000000002,"6,091.39",123.64,2.07,2026-04-15 15:34:32
284,기업인수목적회사(SPAC),0.13,482690,대신밸런스제19호스팩 *,테마 편입 사유,2140.0,하락  20,-0.93,2130.0,2140.0,28376.0,60.0,1361.0,,,0.053159,0.01996087000000002,"6,091.39",123.64,2.07,2026-04-15 15:34:32
284,기업인수목적회사(SPAC),0.13,467930,IBKS제23호스팩 *,테마 편입 사유,2205.0,하락  35,-1.56,2200.0,2205.0,10532.0,23.0,4494.0,,,0.053159,0.01996087000000002,"6,091.39",123.64,2.07,2026-04-15 15:34:32
