theme_no,테마명,테마등락률,종목코드,종목명,종목명.1,현재가,전일비,등락률,매수호가,매도호가,거래량,거래대금,전일거래량,토론,Unnamed: 11,Beta,베타조정수익률,코스피지수,코스피등락,코스피등락률,코스피조회시간
584,스페이스X(SpaceX),8.38,209640,와이제이링크 *,테마 편입 사유,5920.0,"상한가  1,360",29.82,5920.0,0.0,17804534.0,97524.0,1003170.0,,,1.139472,9.0067096,"6,191.92",-34.13,-0.55,2026-04-17 15:33:16
584,스페이스X(SpaceX),8.38,100790,미래에셋벤처투자 *,테마 편입 사유,46300.0,"상승  7,600",19.64,46400.0,46450.0,21769720.0,998771.0,3495573.0,,,1.139472,9.0067096,"6,191.92",-34.13,-0.55,2026-04-17 15:33:16
584,스페이스X(SpaceX),8.38,417010,나노팀 *,테마 편입 사유,12030.0,"상승  1,560",14.9,12030.0,12040.0,4365249.0,52038.0,192438.0,,,1.139472,9.0067096,"6,191.92",-34.13,-0.55,2026-04-17 15:33:16
584,스페이스X(SpaceX),8.38,295310,에이치브이엠 *,테마 편입 사유,99500.0,"상승  9,200",10.19,99200.0,99300.0,532631.0,52236.0,108436.0,,,1.139472,9.0067096,"6,191.92",-34.13,-0.55,2026-04-17 15:33:16
584,스페이스X(SpaceX),8.38,027360,아주IB투자 *,테마 편입 사유,11930.0,상승  960,8.75,12040.0,12050.0,40158024.0,495650.0,8545767.0,,,1.139472,9.0067096,"6,191.92",-34.13,-0.55,2026-04-17 15:33:16
584,스페이스X(SpaceX),8.38,001430,세아베스틸지주,테마 편입 사유,75100.0,"상승  4,600",6.52,74600.0,74700.0,402071.0,29817.0,158059.0,,,1.139472,9.0067096,"6,191.92",-34.13,-0.55,2026-04-17 15:33:16
584,스페이스X(SpaceX),8.38,272290,이녹스첨단소재 *,테마 편입 사유,36850.0,"상승  2,150",6.2,36850.0,36950.0,831166.0,30075.0,399773.0,,,1.139472,9.0067096,"6,191.92",-34.13,-0.55,2026-04-17 15:33:16
584,스페이스X(SpaceX),8.38,274090,켄코아에어로스페이스 *,테마 편입 사유,24000.0,"상승  1,250",5.49,23950.0,24000.0,1028479.0,24671.0,389293.0,,,1.139472,9.0067096,"6,191.92",-34.13,-0.55,2026-04-17 15:33:16
584,스페이스X(SpaceX),8.38,373220,LG에너지솔루션,테마 편입 사유,418000.0,"상승  2,000",0.48,418000.0,418500.0,336503.0,140665.0,317064.0,,,1.139472,9.0067096,"6,191.92",-34.13,-0.55,2026-04-17 15:33:16
584,스페이스X(SpaceX),8.38,321370,센서뷰 *,테마 편입 사유,2940.0,보합0,0.0,0.0,0.0,0.0,0.0,0.0,,,1.139472,9.0067096,"6,191.92",-34.13,-0.55,2026-04-17 15:33:16
584,스페이스X(SpaceX),8.38,347700,스피어 *,테마 편입 사유,46050.0,하락  100,-0.22,45850.0,45900.0,1333963.0,62596.0,982343.0,,,1.139472,9.0067096,"6,191.92",-34.13,-0.55,2026-04-17 15:33:16
584,스페이스X(SpaceX),8.38,006800,미래에셋증권,테마 편입 사유,70400.0,하락  900,-1.26,70600.0,70700.0,2193482.0,156319.0,1992525.0,,,1.139472,9.0067096,"6,191.92",-34.13,-0.55,2026-04-17 15:33:16
210,자전거,5.52,065450,빅텍 *,테마 편입 사유,6150.0,상승  690,12.64,6130.0,6140.0,13573515.0,83939.0,2087367.0,,,0.192109,5.625659949999999,"6,191.92",-34.13,-0.55,2026-04-17 15:33:16
210,자전거,5.52,123750,알톤 *,테마 편입 사유,2155.0,하락  35,-1.6,2145.0,2150.0,511573.0,1148.0,222656.0,,,0.192109,5.625659949999999,"6,191.92",-34.13,-0.55,2026-04-17 15:33:16
94,조선기자재,3.87,077970,STX엔진,테마 편입 사유,44000.0,"상한가  10,150",29.99,44000.0,0.0,3620356.0,151683.0,141517.0,,,0.644782,4.2246301,"6,191.92",-34.13,-0.55,2026-04-17 15:33:16
94,조선기자재,3.87,082740,한화엔진,테마 편입 사유,56100.0,"상승  7,900",16.39,56300.0,56400.0,5142607.0,287251.0,463178.0,,,0.644782,4.2246301,"6,191.92",-34.13,-0.55,2026-04-17 15:33:16
94,조선기자재,3.87,073010,케이에스피 *,테마 편입 사유,4105.0,상승  380,10.2,4105.0,4110.0,2390081.0,9834.0,162765.0,,,0.644782,4.2246301,"6,191.92",-34.13,-0.55,2026-04-17 15:33:16
94,조선기자재,3.87,054540,삼영엠텍 *,테마 편입 사유,12850.0,"상승  1,160",9.92,12880.0,12890.0,3745976.0,49595.0,153237.0,,,0.644782,4.2246301,"6,191.92",-34.13,-0.55,2026-04-17 15:33:16
94,조선기자재,3.87,064820,케이프 *,테마 편입 사유,12100.0,상승  970,8.72,12050.0,12070.0,428528.0,5079.0,102393.0,,,0.644782,4.2246301,"6,191.92",-34.13,-0.55,2026-04-17 15:33:16
94,조선기자재,3.87,071970,HD현대마린엔진,테마 편입 사유,91200.0,"상승  5,700",6.67,91200.0,91300.0,1340197.0,124447.0,124837.0,,,0.644782,4.2246301,"6,191.92",-34.13,-0.55,2026-04-17 15:33:16
94,조선기자재,3.87,075580,세진중공업,테마 편입 사유,18860.0,"상승  1,170",6.61,18870.0,18880.0,686989.0,12824.0,145184.0,,,0.644782,4.2246301,"6,191.92",-34.13,-0.55,2026-04-17 15:33:16
94,조선기자재,3.87,108380,대양전기공업 *,테마 편입 사유,28900.0,"상승  1,650",6.06,28700.0,28800.0,52402.0,1485.0,20640.0,,,0.644782,4.2246301,"6,191.92",-34.13,-0.55,2026-04-17 15:33:16
94,조선기자재,3.87,333430,일승 *,테마 편입 사유,5770.0,상승  310,5.68,5780.0,5790.0,473024.0,2697.0,113897.0,,,0.644782,4.2246301,"6,191.92",-34.13,-0.55,2026-04-17 15:33:16
94,조선기자재,3.87,101000,KS인더스트리 *,테마 편입 사유,909.0,상승  48,5.57,910.0,915.0,520602.0,460.0,397440.0,,,0.644782,4.2246301,"6,191.92",-34.13,-0.55,2026-04-17 15:33:16
94,조선기자재,3.87,0008Z0,에스엔시스 *,테마 편입 사유,33900.0,"상승  1,650",5.12,33850.0,33900.0,98079.0,3283.0,27787.0,,,0.644782,4.2246301,"6,191.92",-34.13,-0.55,2026-04-17 15:33:16
94,조선기자재,3.87,014940,오리엔탈정공 *,테마 편입 사유,7240.0,상승  350,5.08,7190.0,7200.0,338559.0,2415.0,134884.0,,,0.644782,4.2246301,"6,191.92",-34.13,-0.55,2026-04-17 15:33:16
94,조선기자재,3.87,099410,동방선기 *,테마 편입 사유,5020.0,상승  235,4.91,5000.0,5030.0,238172.0,1177.0,104071.0,,,0.644782,4.2246301,"6,191.92",-34.13,-0.55,2026-04-17 15:33:16
94,조선기자재,3.87,460930,현대힘스 *,테마 편입 사유,19500.0,상승  800,4.28,19530.0,19550.0,1280690.0,24952.0,377532.0,,,0.644782,4.2246301,"6,191.92",-34.13,-0.55,2026-04-17 15:33:16
94,조선기자재,3.87,443060,HD현대마린솔루션,테마 편입 사유,189000.0,"상승  7,200",3.96,188300.0,188400.0,234963.0,43640.0,217952.0,,,0.644782,4.2246301,"6,191.92",-34.13,-0.55,2026-04-17 15:33:16
94,조선기자재,3.87,092460,한라IMS *,테마 편입 사유,17100.0,상승  510,3.07,17120.0,17130.0,135934.0,2299.0,52825.0,,,0.644782,4.2246301,"6,191.92",-34.13,-0.55,2026-04-17 15:33:16
94,조선기자재,3.87,103230,에스앤더블류 *,테마 편입 사유,3930.0,상승  100,2.61,3890.0,3900.0,50765.0,195.0,23210.0,,,0.644782,4.2246301,"6,191.92",-34.13,-0.55,2026-04-17 15:33:16
94,조선기자재,3.87,033500,동성화인텍 *,테마 편입 사유,27050.0,상승  600,2.27,27000.0,27050.0,275344.0,7335.0,187623.0,,,0.644782,4.2246301,"6,191.92",-34.13,-0.55,2026-04-17 15:33:16
94,조선기자재,3.87,413630,씨피시스템 *,테마 편입 사유,4150.0,상승  80,1.97,4145.0,4150.0,1379962.0,5700.0,6387547.0,,,0.644782,4.2246301,"6,191.92",-34.13,-0.55,2026-04-17 15:33:16
94,조선기자재,3.87,086670,비엠티 *,테마 편입 사유,15900.0,상승  300,1.92,15900.0,15910.0,50133.0,788.0,92981.0,,,0.644782,4.2246301,"6,191.92",-34.13,-0.55,2026-04-17 15:33:16
94,조선기자재,3.87,382900,범한퓨얼셀 *,테마 편입 사유,30750.0,상승  550,1.82,30500.0,30550.0,51777.0,1565.0,42617.0,,,0.644782,4.2246301,"6,191.92",-34.13,-0.55,2026-04-17 15:33:16
94,조선기자재,3.87,017960,한국카본,테마 편입 사유,52100.0,상승  900,1.76,51800.0,52100.0,801068.0,40973.0,545748.0,,,0.644782,4.2246301,"6,191.92",-34.13,-0.55,2026-04-17 15:33:16
94,조선기자재,3.87,133820,화인베스틸,테마 편입 사유,1537.0,상승  25,1.65,1531.0,1538.0,157740.0,238.0,160140.0,,,0.644782,4.2246301,"6,191.92",-34.13,-0.55,2026-04-17 15:33:16
94,조선기자재,3.87,013030,하이록코리아 *,테마 편입 사유,41050.0,상승  550,1.36,41050.0,41100.0,80328.0,3244.0,62018.0,,,0.644782,4.2246301,"6,191.92",-34.13,-0.55,2026-04-17 15:33:16
94,조선기자재,3.87,217590,티엠씨,테마 편입 사유,30350.0,상승  250,0.83,30350.0,30400.0,668361.0,20495.0,1004763.0,,,0.644782,4.2246301,"6,191.92",-34.13,-0.55,2026-04-17 15:33:16
94,조선기자재,3.87,023160,태광 *,테마 편입 사유,44450.0,상승  300,0.68,44050.0,44100.0,264998.0,11696.0,429705.0,,,0.644782,4.2246301,"6,191.92",-34.13,-0.55,2026-04-17 15:33:16
94,조선기자재,3.87,014620,성광벤드 *,테마 편입 사유,38600.0,상승  250,0.65,38350.0,38400.0,194068.0,7488.0,231489.0,,,0.644782,4.2246301,"6,191.92",-34.13,-0.55,2026-04-17 15:33:16
94,조선기자재,3.87,085310,엔케이,테마 편입 사유,1200.0,상승  1,0.08,1205.0,1207.0,1061838.0,1279.0,1099103.0,,,0.644782,4.2246301,"6,191.92",-34.13,-0.55,2026-04-17 15:33:16
94,조선기자재,3.87,101930,인화정공 *,테마 편입 사유,52000.0,보합0,0.0,0.0,0.0,0.0,0.0,0.0,,,0.644782,4.2246301,"6,191.92",-34.13,-0.55,2026-04-17 15:33:16
94,조선기자재,3.87,120030,조선선재,테마 편입 사유,100300.0,하락  300,-0.3,99900.0,100300.0,350.0,35.0,506.0,,,0.644782,4.2246301,"6,191.92",-34.13,-0.55,2026-04-17 15:33:16
94,조선기자재,3.87,012210,삼미금속 *,테마 편입 사유,14390.0,하락  260,-1.77,14380.0,14390.0,188789.0,2707.0,617961.0,,,0.644782,4.2246301,"6,191.92",-34.13,-0.55,2026-04-17 15:33:16
94,조선기자재,3.87,096350,대창솔루션 *,테마 편입 사유,3060.0,하락  65,-2.08,3070.0,3075.0,802831.0,2464.0,2199536.0,,,0.644782,4.2246301,"6,191.92",-34.13,-0.55,2026-04-17 15:33:16
94,조선기자재,3.87,355690,에이텀 *,테마 편입 사유,4820.0,하락  155,-3.12,4795.0,4800.0,77354.0,375.0,126866.0,,,0.644782,4.2246301,"6,191.92",-34.13,-0.55,2026-04-17 15:33:16
94,조선기자재,3.87,044490,태웅 *,테마 편입 사유,49300.0,"하락  1,800",-3.52,49000.0,49100.0,189847.0,9435.0,365218.0,,,0.644782,4.2246301,"6,191.92",-34.13,-0.55,2026-04-17 15:33:16
94,조선기자재,3.87,100090,SK오션플랜트,테마 편입 사유,23100.0,하락  850,-3.55,23000.0,23050.0,1360077.0,31249.0,1253908.0,,,0.644782,4.2246301,"6,191.92",-34.13,-0.55,2026-04-17 15:33:16
269,LED장비,3.52,049080,기가레인 *,테마 편입 사유,2600.0,상한가  600,30.0,2545.0,2550.0,79102338.0,177927.0,29361683.0,,,0.732768,3.9230224,"6,191.92",-34.13,-0.55,2026-04-17 15:33:16
269,LED장비,3.52,131290,티에스이 *,테마 편입 사유,163500.0,"상승  14,000",9.36,163100.0,163300.0,279369.0,46797.0,158014.0,,,0.732768,3.9230224,"6,191.92",-34.13,-0.55,2026-04-17 15:33:16
269,LED장비,3.52,053610,프로텍 *,테마 편입 사유,66900.0,"상승  4,500",7.21,66600.0,66700.0,145385.0,9920.0,44394.0,,,0.732768,3.9230224,"6,191.92",-34.13,-0.55,2026-04-17 15:33:16
269,LED장비,3.52,049950,미래컴퍼니 *,테마 편입 사유,15220.0,상승  250,1.67,15130.0,15160.0,33555.0,506.0,26822.0,,,0.732768,3.9230224,"6,191.92",-34.13,-0.55,2026-04-17 15:33:16
269,LED장비,3.52,306620,지아이에스 *,테마 편입 사유,3315.0,상승  35,1.07,3295.0,3305.0,771063.0,2534.0,773038.0,,,0.732768,3.9230224,"6,191.92",-34.13,-0.55,2026-04-17 15:33:16
269,LED장비,3.52,064760,티씨케이 *,테마 편입 사유,305500.0,"상승  1,500",0.49,302000.0,302500.0,59319.0,17952.0,199295.0,,,0.732768,3.9230224,"6,191.92",-34.13,-0.55,2026-04-17 15:33:16
269,LED장비,3.52,065130,탑엔지니어링 *,테마 편입 사유,3380.0,보합0,0.0,3370.0,3380.0,27688.0,93.0,87771.0,,,0.732768,3.9230224,"6,191.92",-34.13,-0.55,2026-04-17 15:33:16
269,LED장비,3.52,039030,이오테크닉스 *,테마 편입 사유,470500.0,"하락  2,000",-0.42,470000.0,470500.0,49002.0,23015.0,58924.0,,,0.732768,3.9230224,"6,191.92",-34.13,-0.55,2026-04-17 15:33:16
269,LED장비,3.52,036930,주성엔지니어링 *,테마 편입 사유,70400.0,"하락  1,900",-2.63,70300.0,70400.0,969671.0,67820.0,1679788.0,,,0.732768,3.9230224,"6,191.92",-34.13,-0.55,2026-04-17 15:33:16
269,LED장비,3.52,122640,예스티 *,테마 편입 사유,27950.0,"하락  1,150",-3.95,27850.0,27900.0,267819.0,7648.0,194015.0,,,0.732768,3.9230224,"6,191.92",-34.13,-0.55,2026-04-17 15:33:16
269,LED장비,3.52,412350,레이저쎌 *,테마 편입 사유,7960.0,하락  340,-4.1,7930.0,7940.0,811401.0,6416.0,1517695.0,,,0.732768,3.9230224,"6,191.92",-34.13,-0.55,2026-04-17 15:33:16
452,코로나19(음압병실/음압구급차),3.04,067170,오텍 *,테마 편입 사유,2695.0,상승  380,16.41,2670.0,2675.0,2201697.0,5809.0,756174.0,,,0.477986,3.3028923,"6,191.92",-34.13,-0.55,2026-04-17 15:33:16
452,코로나19(음압병실/음압구급차),3.04,215380,우정바이오 *,테마 편입 사유,3320.0,상승  265,8.67,3305.0,3310.0,2177474.0,7533.0,259788.0,,,0.477986,3.3028923,"6,191.92",-34.13,-0.55,2026-04-17 15:33:16
452,코로나19(음압병실/음압구급차),3.04,109610,에스와이 *,테마 편입 사유,2990.0,상승  20,0.67,2985.0,2995.0,202249.0,601.0,180679.0,,,0.477986,3.3028923,"6,191.92",-34.13,-0.55,2026-04-17 15:33:16
452,코로나19(음압병실/음압구급차),3.04,130500,GH신소재 *,테마 편입 사유,2640.0,상승  15,0.57,2640.0,2645.0,220659.0,594.0,66303.0,,,0.477986,3.3028923,"6,191.92",-34.13,-0.55,2026-04-17 15:33:16
452,코로나19(음압병실/음압구급차),3.04,067570,엔브이에이치코리아 *,테마 편입 사유,2205.0,하락  15,-0.68,2200.0,2220.0,48719.0,108.0,136998.0,,,0.477986,3.3028923,"6,191.92",-34.13,-0.55,2026-04-17 15:33:16
452,코로나19(음압병실/음압구급차),3.04,053080,케이엔솔 *,테마 편입 사유,13320.0,하락  200,-1.48,13270.0,13300.0,250382.0,3316.0,446039.0,,,0.477986,3.3028923,"6,191.92",-34.13,-0.55,2026-04-17 15:33:16
452,코로나19(음압병실/음압구급차),3.04,011930,신성이엔지,테마 편입 사유,4170.0,하락  125,-2.91,4150.0,4155.0,24252313.0,101620.0,123779539.0,,,0.477986,3.3028923,"6,191.92",-34.13,-0.55,2026-04-17 15:33:16
520,피팅(관이음쇠)/밸브,2.59,073010,케이에스피 *,테마 편입 사유,4105.0,상승  380,10.2,4105.0,4110.0,2390081.0,9834.0,162765.0,,,0.824895,3.04369225,"6,191.92",-34.13,-0.55,2026-04-17 15:33:16
520,피팅(관이음쇠)/밸브,2.59,452280,한선엔지니어링 *,테마 편입 사유,17190.0,상승  660,3.99,17140.0,17210.0,504123.0,8468.0,779029.0,,,0.824895,3.04369225,"6,191.92",-34.13,-0.55,2026-04-17 15:33:16
520,피팅(관이음쇠)/밸브,2.59,039610,화성밸브 *,테마 편입 사유,9710.0,상승  280,2.97,9690.0,9710.0,393282.0,3810.0,378254.0,,,0.824895,3.04369225,"6,191.92",-34.13,-0.55,2026-04-17 15:33:16
520,피팅(관이음쇠)/밸브,2.59,086670,비엠티 *,테마 편입 사유,15900.0,상승  300,1.92,15900.0,15910.0,50133.0,788.0,92981.0,,,0.824895,3.04369225,"6,191.92",-34.13,-0.55,2026-04-17 15:33:16
520,피팅(관이음쇠)/밸브,2.59,013030,하이록코리아 *,테마 편입 사유,41050.0,상승  550,1.36,41050.0,41100.0,80328.0,3244.0,62018.0,,,0.824895,3.04369225,"6,191.92",-34.13,-0.55,2026-04-17 15:33:16
520,피팅(관이음쇠)/밸브,2.59,025550,한국선재 *,테마 편입 사유,3775.0,상승  45,1.21,3695.0,3715.0,1908430.0,7330.0,1543118.0,,,0.824895,3.04369225,"6,191.92",-34.13,-0.55,2026-04-17 15:33:16
520,피팅(관이음쇠)/밸브,2.59,023160,태광 *,테마 편입 사유,44450.0,상승  300,0.68,44050.0,44100.0,264998.0,11696.0,429705.0,,,0.824895,3.04369225,"6,191.92",-34.13,-0.55,2026-04-17 15:33:16
520,피팅(관이음쇠)/밸브,2.59,014620,성광벤드 *,테마 편입 사유,38600.0,상승  250,0.65,38350.0,38400.0,194068.0,7488.0,231489.0,,,0.824895,3.04369225,"6,191.92",-34.13,-0.55,2026-04-17 15:33:16
520,피팅(관이음쇠)/밸브,2.59,105740,디케이락 *,테마 편입 사유,10220.0,상승  30,0.29,10200.0,10220.0,85965.0,872.0,122928.0,,,0.824895,3.04369225,"6,191.92",-34.13,-0.55,2026-04-17 15:33:16
586,광통신(광케이블/광섬유 등),2.58,069540,빛과전자 *,테마 편입 사유,5860.0,"상한가  1,350",29.93,5860.0,0.0,71041443.0,366968.0,83224654.0,,,0.5,2.855,"6,191.92",-34.13,-0.55,2026-04-17 15:33:16
586,광통신(광케이블/광섬유 등),2.58,368770,파이버프로 *,테마 편입 사유,26500.0,"상승  2,600",10.88,26300.0,26400.0,5384211.0,139937.0,2266096.0,,,0.5,2.855,"6,191.92",-34.13,-0.55,2026-04-17 15:33:16
586,광통신(광케이블/광섬유 등),2.58,043260,성호전자 *,테마 편입 사유,52500.0,"상승  2,650",5.32,52500.0,52600.0,2306990.0,123239.0,1042018.0,,,0.5,2.855,"6,191.92",-34.13,-0.55,2026-04-17 15:33:16
586,광통신(광케이블/광섬유 등),2.58,327260,RF머트리얼즈 *,테마 편입 사유,100900.0,"상승  4,700",4.89,99800.0,100000.0,493116.0,51053.0,358312.0,,,0.5,2.855,"6,191.92",-34.13,-0.55,2026-04-17 15:33:16
586,광통신(광케이블/광섬유 등),2.58,010170,대한광통신 *,테마 편입 사유,15580.0,상승  560,3.73,15830.0,15840.0,48600184.0,772430.0,71057358.0,,,0.5,2.855,"6,191.92",-34.13,-0.55,2026-04-17 15:33:16
586,광통신(광케이블/광섬유 등),2.58,115440,우리넷 *,테마 편입 사유,14910.0,상승  170,1.15,14990.0,15000.0,1871409.0,27507.0,3390309.0,,,0.5,2.855,"6,191.92",-34.13,-0.55,2026-04-17 15:33:16
586,광통신(광케이블/광섬유 등),2.58,217590,티엠씨,테마 편입 사유,30350.0,상승  250,0.83,30350.0,30400.0,668361.0,20495.0,1004763.0,,,0.5,2.855,"6,191.92",-34.13,-0.55,2026-04-17 15:33:16
586,광통신(광케이블/광섬유 등),2.58,218410,RFHIC *,테마 편입 사유,93300.0,하락  100,-0.11,92900.0,93000.0,313275.0,29562.0,489695.0,,,0.5,2.855,"6,191.92",-34.13,-0.55,2026-04-17 15:33:16
586,광통신(광케이블/광섬유 등),2.58,389020,자람테크놀로지 *,테마 편입 사유,56900.0,하락  200,-0.35,57100.0,57200.0,113279.0,6483.0,220690.0,,,0.5,2.855,"6,191.92",-34.13,-0.55,2026-04-17 15:33:16
586,광통신(광케이블/광섬유 등),2.58,006260,LS,테마 편입 사유,329500.0,"하락  4,500",-1.35,330000.0,330500.0,97878.0,32545.0,164094.0,,,0.5,2.855,"6,191.92",-34.13,-0.55,2026-04-17 15:33:16
586,광통신(광케이블/광섬유 등),2.58,062970,한국첨단소재 *,테마 편입 사유,3490.0,하락  75,-2.1,3500.0,3505.0,8348854.0,29190.0,17014572.0,,,0.5,2.855,"6,191.92",-34.13,-0.55,2026-04-17 15:33:16
586,광통신(광케이블/광섬유 등),2.58,100590,머큐리 *,테마 편입 사유,7680.0,하락  370,-4.6,7630.0,7640.0,2448251.0,18947.0,3145434.0,,,0.5,2.855,"6,191.92",-34.13,-0.55,2026-04-17 15:33:16
586,광통신(광케이블/광섬유 등),2.58,388790,라이콤 *,테마 편입 사유,7170.0,"하락  1,230",-14.64,7180.0,7200.0,2772150.0,19717.0,0.0,,,0.5,2.855,"6,191.92",-34.13,-0.55,2026-04-17 15:33:16
200,우주항공산업(누리호/인공위성 등),2.3,010820,퍼스텍,테마 편입 사유,13480.0,"상승  1,750",14.92,13460.0,13470.0,26575964.0,355811.0,4303464.0,,,0.724925,2.6987087499999998,"6,191.92",-34.13,-0.55,2026-04-17 15:33:16
200,우주항공산업(누리호/인공위성 등),2.3,368770,파이버프로 *,테마 편입 사유,26500.0,"상승  2,600",10.88,26300.0,26400.0,5384211.0,139937.0,2266096.0,,,0.724925,2.6987087499999998,"6,191.92",-34.13,-0.55,2026-04-17 15:33:16
200,우주항공산업(누리호/인공위성 등),2.3,295310,에이치브이엠 *,테마 편입 사유,99500.0,"상승  9,200",10.19,99200.0,99300.0,532631.0,52236.0,108436.0,,,0.724925,2.6987087499999998,"6,191.92",-34.13,-0.55,2026-04-17 15:33:16
200,우주항공산업(누리호/인공위성 등),2.3,225190,LK삼양 *,테마 편입 사유,2230.0,상승  205,10.12,2225.0,2230.0,12317734.0,27921.0,1739635.0,,,0.724925,2.6987087499999998,"6,191.92",-34.13,-0.55,2026-04-17 15:33:16
200,우주항공산업(누리호/인공위성 등),2.3,099320,쎄트렉아이 *,테마 편입 사유,187500.0,"상승  13,400",7.7,187200.0,187300.0,279471.0,52318.0,116293.0,,,0.724925,2.6987087499999998,"6,191.92",-34.13,-0.55,2026-04-17 15:33:16
200,우주항공산업(누리호/인공위성 등),2.3,474170,루미르 *,테마 편입 사유,15600.0,"상승  1,110",7.66,15710.0,15720.0,2749453.0,44340.0,266641.0,,,0.724925,2.6987087499999998,"6,191.92",-34.13,-0.55,2026-04-17 15:33:16
200,우주항공산업(누리호/인공위성 등),2.3,488900,비츠로넥스텍 *,테마 편입 사유,20600.0,"상승  1,280",6.63,20500.0,20550.0,777998.0,16194.0,205373.0,,,0.724925,2.6987087499999998,"6,191.92",-34.13,-0.55,2026-04-17 15:33:16
200,우주항공산업(누리호/인공위성 등),2.3,001430,세아베스틸지주,테마 편입 사유,75100.0,"상승  4,600",6.52,74600.0,74700.0,402071.0,29817.0,158059.0,,,0.724925,2.6987087499999998,"6,191.92",-34.13,-0.55,2026-04-17 15:33:16
200,우주항공산업(누리호/인공위성 등),2.3,272290,이녹스첨단소재 *,테마 편입 사유,36850.0,"상승  2,150",6.2,36850.0,36950.0,831166.0,30075.0,399773.0,,,0.724925,2.6987087499999998,"6,191.92",-34.13,-0.55,2026-04-17 15:33:16
200,우주항공산업(누리호/인공위성 등),2.3,274090,켄코아에어로스페이스 *,테마 편입 사유,24000.0,"상승  1,250",5.49,23950.0,24000.0,1028479.0,24671.0,389293.0,,,0.724925,2.6987087499999998,"6,191.92",-34.13,-0.55,2026-04-17 15:33:16
200,우주항공산업(누리호/인공위성 등),2.3,211270,AP위성 *,테마 편입 사유,17970.0,상승  810,4.72,18010.0,18020.0,994842.0,18098.0,230789.0,,,0.724925,2.6987087499999998,"6,191.92",-34.13,-0.55,2026-04-17 15:33:16
200,우주항공산업(누리호/인공위성 등),2.3,354320,알멕 *,테마 편입 사유,89600.0,"상승  3,700",4.31,88500.0,89900.0,121872.0,10812.0,190531.0,,,0.724925,2.6987087499999998,"6,191.92",-34.13,-0.55,2026-04-17 15:33:16
200,우주항공산업(누리호/인공위성 등),2.3,189300,인텔리안테크 *,테마 편입 사유,140800.0,"상승  5,800",4.3,139600.0,139700.0,282475.0,40618.0,132945.0,,,0.724925,2.6987087499999998,"6,191.92",-34.13,-0.55,2026-04-17 15:33:16
200,우주항공산업(누리호/인공위성 등),2.3,462350,이노스페이스 *,테마 편입 사유,16980.0,상승  430,2.6,16940.0,16980.0,453658.0,7665.0,256050.0,,,0.724925,2.6987087499999998,"6,191.92",-34.13,-0.55,2026-04-17 15:33:16
200,우주항공산업(누리호/인공위성 등),2.3,478340,나라스페이스테크놀로지 *,테마 편입 사유,38350.0,상승  750,1.99,38450.0,38500.0,360167.0,14054.0,217153.0,,,0.724925,2.6987087499999998,"6,191.92",-34.13,-0.55,2026-04-17 15:33:16
200,우주항공산업(누리호/인공위성 등),2.3,361390,제노코 *,테마 편입 사유,31250.0,상승  600,1.96,31200.0,31250.0,322337.0,10181.0,232593.0,,,0.724925,2.6987087499999998,"6,191.92",-34.13,-0.55,2026-04-17 15:33:16
200,우주항공산업(누리호/인공위성 등),2.3,0015G0,그린광학 *,테마 편입 사유,31550.0,상승  600,1.94,31400.0,31500.0,272069.0,8607.0,235859.0,,,0.724925,2.6987087499999998,"6,191.92",-34.13,-0.55,2026-04-17 15:33:16
200,우주항공산업(누리호/인공위성 등),2.3,042370,비츠로테크 *,테마 편입 사유,17790.0,상승  300,1.72,17760.0,17770.0,2085021.0,36602.0,5791789.0,,,0.724925,2.6987087499999998,"6,191.92",-34.13,-0.55,2026-04-17 15:33:16
200,우주항공산업(누리호/인공위성 등),2.3,089980,상아프론테크 *,테마 편입 사유,25000.0,상승  400,1.63,24850.0,24900.0,119782.0,2973.0,75198.0,,,0.724925,2.6987087499999998,"6,191.92",-34.13,-0.55,2026-04-17 15:33:16
200,우주항공산업(누리호/인공위성 등),2.3,077360,덕산하이메탈 *,테마 편입 사유,16530.0,상승  120,0.73,16460.0,16480.0,5970719.0,99805.0,8086997.0,,,0.724925,2.6987087499999998,"6,191.92",-34.13,-0.55,2026-04-17 15:33:16
200,우주항공산업(누리호/인공위성 등),2.3,064350,현대로템,테마 편입 사유,216000.0,"상승  1,000",0.47,218000.0,218500.0,587159.0,127574.0,636478.0,,,0.724925,2.6987087499999998,"6,191.92",-34.13,-0.55,2026-04-17 15:33:16
200,우주항공산업(누리호/인공위성 등),2.3,451760,컨텍 *,테마 편입 사유,22050.0,보합0,0.0,22100.0,22200.0,687422.0,15753.0,506719.0,,,0.724925,2.6987087499999998,"6,191.92",-34.13,-0.55,2026-04-17 15:33:16
200,우주항공산업(누리호/인공위성 등),2.3,321370,센서뷰 *,테마 편입 사유,2940.0,보합0,0.0,0.0,0.0,0.0,0.0,0.0,,,0.724925,2.6987087499999998,"6,191.92",-34.13,-0.55,2026-04-17 15:33:16
200,우주항공산업(누리호/인공위성 등),2.3,347700,스피어 *,테마 편입 사유,46050.0,하락  100,-0.22,45850.0,45900.0,1333963.0,62596.0,982343.0,,,0.724925,2.6987087499999998,"6,191.92",-34.13,-0.55,2026-04-17 15:33:16
200,우주항공산업(누리호/인공위성 등),2.3,056190,에스에프에이 *,테마 편입 사유,29500.0,하락  150,-0.51,29400.0,29450.0,40481.0,1189.0,57309.0,,,0.724925,2.6987087499999998,"6,191.92",-34.13,-0.55,2026-04-17 15:33:16
200,우주항공산업(누리호/인공위성 등),2.3,003490,대한항공,테마 편입 사유,25050.0,하락  150,-0.6,24950.0,25000.0,807209.0,20131.0,1519970.0,,,0.724925,2.6987087499999998,"6,191.92",-34.13,-0.55,2026-04-17 15:33:16
200,우주항공산업(누리호/인공위성 등),2.3,079550,LIG디펜스앤에어로스페이스,테마 편입 사유,876000.0,"하락  7,000",-0.79,875000.0,876000.0,152723.0,134063.0,294554.0,,,0.724925,2.6987087499999998,"6,191.92",-34.13,-0.55,2026-04-17 15:33:16
200,우주항공산업(누리호/인공위성 등),2.3,047810,한국항공우주,테마 편입 사유,188400.0,"하락  1,500",-0.79,188300.0,188400.0,252015.0,47591.0,398959.0,,,0.724925,2.6987087499999998,"6,191.92",-34.13,-0.55,2026-04-17 15:33:16
200,우주항공산업(누리호/인공위성 등),2.3,045100,한양이엔지 *,테마 편입 사유,33800.0,하락  400,-1.17,33750.0,33800.0,110996.0,3764.0,212098.0,,,0.724925,2.6987087499999998,"6,191.92",-34.13,-0.55,2026-04-17 15:33:16
200,우주항공산업(누리호/인공위성 등),2.3,030520,한글과컴퓨터 *,테마 편입 사유,20750.0,하락  300,-1.43,20700.0,20750.0,68283.0,1419.0,216089.0,,,0.724925,2.6987087499999998,"6,191.92",-34.13,-0.55,2026-04-17 15:33:16
200,우주항공산업(누리호/인공위성 등),2.3,000880,한화,테마 편입 사유,131600.0,"하락  2,000",-1.5,131300.0,131400.0,213304.0,28221.0,323526.0,,,0.724925,2.6987087499999998,"6,191.92",-34.13,-0.55,2026-04-17 15:33:16
200,우주항공산업(누리호/인공위성 등),2.3,272210,한화시스템,테마 편입 사유,129500.0,"하락  2,300",-1.75,129500.0,129600.0,522610.0,67726.0,570905.0,,,0.724925,2.6987087499999998,"6,191.92",-34.13,-0.55,2026-04-17 15:33:16
200,우주항공산업(누리호/인공위성 등),2.3,007660,이수페타시스,테마 편입 사유,120300.0,"하락  2,400",-1.96,120200.0,120300.0,500886.0,60394.0,737641.0,,,0.724925,2.6987087499999998,"6,191.92",-34.13,-0.55,2026-04-17 15:33:16
200,우주항공산업(누리호/인공위성 등),2.3,044490,태웅 *,테마 편입 사유,49300.0,"하락  1,800",-3.52,49000.0,49100.0,189847.0,9435.0,365218.0,,,0.724925,2.6987087499999998,"6,191.92",-34.13,-0.55,2026-04-17 15:33:16
200,우주항공산업(누리호/인공위성 등),2.3,012450,한화에어로스페이스,테마 편입 사유,1423000.0,"하락  96,000",-6.32,1421000.0,1422000.0,272884.0,393142.0,121112.0,,,0.724925,2.6987087499999998,"6,191.92",-34.13,-0.55,2026-04-17 15:33:16
200,우주항공산업(누리호/인공위성 등),2.3,294630,서남 *,테마 편입 사유,5140.0,하락  530,-9.35,5150.0,5160.0,2429508.0,12802.0,17085683.0,,,0.724925,2.6987087499999998,"6,191.92",-34.13,-0.55,2026-04-17 15:33:16
326,3D 프린터,2.31,048770,TPC로보틱스 *,테마 편입 사유,3830.0,상승  470,13.99,3780.0,3785.0,1421868.0,5281.0,172443.0,,,0.358761,2.50731855,"6,191.92",-34.13,-0.55,2026-04-17 15:33:16
326,3D 프린터,2.31,033200,모아텍 *,테마 편입 사유,4105.0,상승  135,3.4,4085.0,4115.0,57654.0,233.0,57800.0,,,0.358761,2.50731855,"6,191.92",-34.13,-0.55,2026-04-17 15:33:16
326,3D 프린터,2.31,126700,하이비젼시스템 *,테마 편입 사유,18020.0,상승  450,2.56,17960.0,17970.0,145097.0,2578.0,142417.0,,,0.358761,2.50731855,"6,191.92",-34.13,-0.55,2026-04-17 15:33:16
326,3D 프린터,2.31,474650,링크솔루션 *,테마 편입 사유,62400.0,"상승  1,300",2.13,62200.0,62400.0,46841.0,2899.0,95959.0,,,0.358761,2.50731855,"6,191.92",-34.13,-0.55,2026-04-17 15:33:16
326,3D 프린터,2.31,104540,코렌텍 *,테마 편입 사유,5840.0,상승  90,1.57,5790.0,5800.0,28304.0,163.0,27083.0,,,0.358761,2.50731855,"6,191.92",-34.13,-0.55,2026-04-17 15:33:16
326,3D 프린터,2.31,090360,로보스타 *,테마 편입 사유,64600.0,상승  600,0.94,64400.0,64600.0,43427.0,2786.0,74843.0,,,0.358761,2.50731855,"6,191.92",-34.13,-0.55,2026-04-17 15:33:16
326,3D 프린터,2.31,099440,스맥 *,테마 편입 사유,4510.0,상승  30,0.67,4490.0,4495.0,611232.0,2717.0,796215.0,,,0.358761,2.50731855,"6,191.92",-34.13,-0.55,2026-04-17 15:33:16
326,3D 프린터,2.31,246710,티앤알바이오팹 *,테마 편입 사유,3330.0,상승  20,0.6,3315.0,3330.0,252590.0,833.0,452492.0,,,0.358761,2.50731855,"6,191.92",-34.13,-0.55,2026-04-17 15:33:16
326,3D 프린터,2.31,090710,휴림로봇 *,테마 편입 사유,11600.0,상승  60,0.52,11560.0,11570.0,3719175.0,42823.0,5939062.0,,,0.358761,2.50731855,"6,191.92",-34.13,-0.55,2026-04-17 15:33:16
326,3D 프린터,2.31,039440,에스티아이 *,테마 편입 사유,33500.0,상승  100,0.3,33250.0,33300.0,148942.0,4955.0,264415.0,,,0.358761,2.50731855,"6,191.92",-34.13,-0.55,2026-04-17 15:33:16
326,3D 프린터,2.31,376900,로킷헬스케어 *,테마 편입 사유,101900.0,"하락  1,300",-1.26,101000.0,101200.0,267264.0,26642.0,611634.0,,,0.358761,2.50731855,"6,191.92",-34.13,-0.55,2026-04-17 15:33:16
144,방위산업/전쟁 및 테러,2.06,077970,STX엔진,테마 편입 사유,44000.0,"상한가  10,150",29.99,44000.0,0.0,3620356.0,151683.0,141517.0,,,0.536835,2.35525925,"6,191.92",-34.13,-0.55,2026-04-17 15:33:16
144,방위산업/전쟁 및 테러,2.06,010820,퍼스텍,테마 편입 사유,13480.0,"상승  1,750",14.92,13460.0,13470.0,26575964.0,355811.0,4303464.0,,,0.536835,2.35525925,"6,191.92",-34.13,-0.55,2026-04-17 15:33:16
144,방위산업/전쟁 및 테러,2.06,474610,RF시스템즈 *,테마 편입 사유,14950.0,"상승  1,740",13.17,14940.0,14970.0,2080992.0,30668.0,694694.0,,,0.536835,2.35525925,"6,191.92",-34.13,-0.55,2026-04-17 15:33:16
144,방위산업/전쟁 및 테러,2.06,065450,빅텍 *,테마 편입 사유,6150.0,상승  690,12.64,6130.0,6140.0,13573515.0,83939.0,2087367.0,,,0.536835,2.35525925,"6,191.92",-34.13,-0.55,2026-04-17 15:33:16
144,방위산업/전쟁 및 테러,2.06,368770,파이버프로 *,테마 편입 사유,26500.0,"상승  2,600",10.88,26300.0,26400.0,5384211.0,139937.0,2266096.0,,,0.536835,2.35525925,"6,191.92",-34.13,-0.55,2026-04-17 15:33:16
144,방위산업/전쟁 및 테러,2.06,065950,웰크론 *,테마 편입 사유,1723.0,상승  130,8.16,1716.0,1719.0,749687.0,1273.0,49963.0,,,0.536835,2.35525925,"6,191.92",-34.13,-0.55,2026-04-17 15:33:16
144,방위산업/전쟁 및 테러,2.06,095270,웨이브일렉트로 *,테마 편입 사유,9070.0,상승  680,8.1,9020.0,9040.0,951578.0,8592.0,1521037.0,,,0.536835,2.35525925,"6,191.92",-34.13,-0.55,2026-04-17 15:33:16
144,방위산업/전쟁 및 테러,2.06,099320,쎄트렉아이 *,테마 편입 사유,187500.0,"상승  13,400",7.7,187200.0,187300.0,279471.0,52318.0,116293.0,,,0.536835,2.35525925,"6,191.92",-34.13,-0.55,2026-04-17 15:33:16
144,방위산업/전쟁 및 테러,2.06,081180,쎄크 *,테마 편입 사유,14520.0,"상승  1,020",7.56,14440.0,14480.0,416423.0,5893.0,157360.0,,,0.536835,2.35525925,"6,191.92",-34.13,-0.55,2026-04-17 15:33:16
144,방위산업/전쟁 및 테러,2.06,448710,코츠테크놀로지 *,테마 편입 사유,22350.0,"상승  1,500",7.19,22250.0,22350.0,304851.0,6720.0,147433.0,,,0.536835,2.35525925,"6,191.92",-34.13,-0.55,2026-04-17 15:33:16
144,방위산업/전쟁 및 테러,2.06,108380,대양전기공업 *,테마 편입 사유,28900.0,"상승  1,650",6.06,28700.0,28800.0,52402.0,1485.0,20640.0,,,0.536835,2.35525925,"6,191.92",-34.13,-0.55,2026-04-17 15:33:16
144,방위산업/전쟁 및 테러,2.06,274090,켄코아에어로스페이스 *,테마 편입 사유,24000.0,"상승  1,250",5.49,23950.0,24000.0,1028479.0,24671.0,389293.0,,,0.536835,2.35525925,"6,191.92",-34.13,-0.55,2026-04-17 15:33:16
144,방위산업/전쟁 및 테러,2.06,327260,RF머트리얼즈 *,테마 편입 사유,100900.0,"상승  4,700",4.89,99800.0,100000.0,493116.0,51053.0,358312.0,,,0.536835,2.35525925,"6,191.92",-34.13,-0.55,2026-04-17 15:33:16
144,방위산업/전쟁 및 테러,2.06,005870,휴니드,테마 편입 사유,9400.0,상승  430,4.79,9320.0,9360.0,1204530.0,11375.0,300130.0,,,0.536835,2.35525925,"6,191.92",-34.13,-0.55,2026-04-17 15:33:16
144,방위산업/전쟁 및 테러,2.06,289930,웨이비스 *,테마 편입 사유,19880.0,상승  780,4.08,19820.0,19830.0,389936.0,7646.0,200246.0,,,0.536835,2.35525925,"6,191.92",-34.13,-0.55,2026-04-17 15:33:16
144,방위산업/전쟁 및 테러,2.06,377330,이지트로닉스 *,테마 편입 사유,3880.0,상승  145,3.88,3840.0,3865.0,43592.0,167.0,26122.0,,,0.536835,2.35525925,"6,191.92",-34.13,-0.55,2026-04-17 15:33:16
144,방위산업/전쟁 및 테러,2.06,097230,HJ중공업,테마 편입 사유,28550.0,"상승  1,050",3.82,28500.0,28550.0,3312410.0,93031.0,1498970.0,,,0.536835,2.35525925,"6,191.92",-34.13,-0.55,2026-04-17 15:33:16
144,방위산업/전쟁 및 테러,2.06,010170,대한광통신 *,테마 편입 사유,15580.0,상승  560,3.73,15830.0,15840.0,48600184.0,772430.0,71057358.0,,,0.536835,2.35525925,"6,191.92",-34.13,-0.55,2026-04-17 15:33:16
144,방위산업/전쟁 및 테러,2.06,024740,한일단조 *,테마 편입 사유,3510.0,상승  120,3.54,3485.0,3490.0,3452251.0,12292.0,1773925.0,,,0.536835,2.35525925,"6,191.92",-34.13,-0.55,2026-04-17 15:33:16
144,방위산업/전쟁 및 테러,2.06,310870,디와이씨 *,테마 편입 사유,1830.0,상승  57,3.21,1835.0,1837.0,621542.0,1136.0,281591.0,,,0.536835,2.35525925,"6,191.92",-34.13,-0.55,2026-04-17 15:33:16
144,방위산업/전쟁 및 테러,2.06,003010,혜인,테마 편입 사유,6180.0,상승  190,3.17,6180.0,6200.0,193141.0,1180.0,148988.0,,,0.536835,2.35525925,"6,191.92",-34.13,-0.55,2026-04-17 15:33:16
144,방위산업/전쟁 및 테러,2.06,009540,HD한국조선해양,테마 편입 사유,419500.0,"상승  11,500",2.82,419000.0,419500.0,195951.0,81033.0,168782.0,,,0.536835,2.35525925,"6,191.92",-34.13,-0.55,2026-04-17 15:33:16
144,방위산업/전쟁 및 테러,2.06,040300,YTN *,테마 편입 사유,3525.0,상승  80,2.32,3515.0,3520.0,5488991.0,20374.0,392459.0,,,0.536835,2.35525925,"6,191.92",-34.13,-0.55,2026-04-17 15:33:16
144,방위산업/전쟁 및 테러,2.06,361390,제노코 *,테마 편입 사유,31250.0,상승  600,1.96,31200.0,31250.0,322337.0,10181.0,232593.0,,,0.536835,2.35525925,"6,191.92",-34.13,-0.55,2026-04-17 15:33:16
144,방위산업/전쟁 및 테러,2.06,0015G0,그린광학 *,테마 편입 사유,31550.0,상승  600,1.94,31400.0,31500.0,272069.0,8607.0,235859.0,,,0.536835,2.35525925,"6,191.92",-34.13,-0.55,2026-04-17 15:33:16
144,방위산업/전쟁 및 테러,2.06,214430,아이쓰리시스템 *,테마 편입 사유,98100.0,"상승  1,700",1.76,97600.0,97700.0,48387.0,4735.0,108145.0,,,0.536835,2.35525925,"6,191.92",-34.13,-0.55,2026-04-17 15:33:16
144,방위산업/전쟁 및 테러,2.06,042370,비츠로테크 *,테마 편입 사유,17790.0,상승  300,1.72,17760.0,17770.0,2085021.0,36602.0,5791789.0,,,0.536835,2.35525925,"6,191.92",-34.13,-0.55,2026-04-17 15:33:16
144,방위산업/전쟁 및 테러,2.06,119500,포메탈 *,테마 편입 사유,4225.0,상승  65,1.56,4205.0,4225.0,123665.0,514.0,102700.0,,,0.536835,2.35525925,"6,191.92",-34.13,-0.55,2026-04-17 15:33:16
144,방위산업/전쟁 및 테러,2.06,484590,삼양컴텍 *,테마 편입 사유,12380.0,상승  180,1.48,12380.0,12390.0,277841.0,3400.0,209623.0,,,0.536835,2.35525925,"6,191.92",-34.13,-0.55,2026-04-17 15:33:16
144,방위산업/전쟁 및 테러,2.06,000270,기아,테마 편입 사유,159200.0,"상승  1,300",0.82,159000.0,159100.0,815645.0,129201.0,1405390.0,,,0.536835,2.35525925,"6,191.92",-34.13,-0.55,2026-04-17 15:33:16
144,방위산업/전쟁 및 테러,2.06,077360,덕산하이메탈 *,테마 편입 사유,16530.0,상승  120,0.73,16460.0,16480.0,5970719.0,99805.0,8086997.0,,,0.536835,2.35525925,"6,191.92",-34.13,-0.55,2026-04-17 15:33:16
144,방위산업/전쟁 및 테러,2.06,215090,솔디펜스 *,테마 편입 사유,2770.0,상승  20,0.73,2765.0,2775.0,216185.0,596.0,215094.0,,,0.536835,2.35525925,"6,191.92",-34.13,-0.55,2026-04-17 15:33:16
144,방위산업/전쟁 및 테러,2.06,013810,스페코 *,테마 편입 사유,3025.0,상승  20,0.67,3010.0,3015.0,649742.0,1991.0,170639.0,,,0.536835,2.35525925,"6,191.92",-34.13,-0.55,2026-04-17 15:33:16
144,방위산업/전쟁 및 테러,2.06,064350,현대로템,테마 편입 사유,216000.0,"상승  1,000",0.47,218000.0,218500.0,587159.0,127574.0,636478.0,,,0.536835,2.35525925,"6,191.92",-34.13,-0.55,2026-04-17 15:33:16
144,방위산업/전쟁 및 테러,2.06,064960,SNT모티브,테마 편입 사유,34000.0,상승  150,0.44,33900.0,34000.0,31554.0,1067.0,103323.0,,,0.536835,2.35525925,"6,191.92",-34.13,-0.55,2026-04-17 15:33:16
144,방위산업/전쟁 및 테러,2.06,006050,국영지앤엠 *,테마 편입 사유,1455.0,상승  3,0.21,1450.0,1454.0,243103.0,350.0,363130.0,,,0.536835,2.35525925,"6,191.92",-34.13,-0.55,2026-04-17 15:33:16
144,방위산업/전쟁 및 테러,2.06,437730,삼현 *,테마 편입 사유,51500.0,상승  100,0.19,51400.0,51500.0,155365.0,8005.0,300278.0,,,0.536835,2.35525925,"6,191.92",-34.13,-0.55,2026-04-17 15:33:16
144,방위산업/전쟁 및 테러,2.06,321370,센서뷰 *,테마 편입 사유,2940.0,보합0,0.0,0.0,0.0,0.0,0.0,0.0,,,0.536835,2.35525925,"6,191.92",-34.13,-0.55,2026-04-17 15:33:16
144,방위산업/전쟁 및 테러,2.06,096630,에스코넥 *,테마 편입 사유,813.0,보합0,0.0,0.0,0.0,0.0,0.0,0.0,,,0.536835,2.35525925,"6,191.92",-34.13,-0.55,2026-04-17 15:33:16
144,방위산업/전쟁 및 테러,2.06,372910,한컴라이프케어,테마 편입 사유,2495.0,보합0,0.0,2500.0,2505.0,85586.0,214.0,215098.0,,,0.536835,2.35525925,"6,191.92",-34.13,-0.55,2026-04-17 15:33:16
144,방위산업/전쟁 및 테러,2.06,010280,아이티센엔텍 *,테마 편입 사유,1145.0,보합0,0.0,0.0,0.0,0.0,0.0,0.0,,,0.536835,2.35525925,"6,191.92",-34.13,-0.55,2026-04-17 15:33:16
144,방위산업/전쟁 및 테러,2.06,090080,평화산업,테마 편입 사유,1023.0,하락  1,-0.1,1027.0,1028.0,277120.0,285.0,441339.0,,,0.536835,2.35525925,"6,191.92",-34.13,-0.55,2026-04-17 15:33:16
144,방위산업/전쟁 및 테러,2.06,218410,RFHIC *,테마 편입 사유,93300.0,하락  100,-0.11,92900.0,93000.0,313275.0,29562.0,489695.0,,,0.536835,2.35525925,"6,191.92",-34.13,-0.55,2026-04-17 15:33:16
144,방위산업/전쟁 및 테러,2.06,103140,풍산,테마 편입 사유,101900.0,하락  200,-0.2,101800.0,102000.0,149952.0,15216.0,191882.0,,,0.536835,2.35525925,"6,191.92",-34.13,-0.55,2026-04-17 15:33:16
144,방위산업/전쟁 및 테러,2.06,082920,비츠로셀 *,테마 편입 사유,56300.0,하락  200,-0.35,56300.0,56500.0,832468.0,46688.0,2077090.0,,,0.536835,2.35525925,"6,191.92",-34.13,-0.55,2026-04-17 15:33:16
144,방위산업/전쟁 및 테러,2.06,088800,에이스테크 *,테마 편입 사유,5550.0,하락  30,-0.54,5550.0,5560.0,1473250.0,8233.0,3374744.0,,,0.536835,2.35525925,"6,191.92",-34.13,-0.55,2026-04-17 15:33:16
144,방위산업/전쟁 및 테러,2.06,003490,대한항공,테마 편입 사유,25050.0,하락  150,-0.6,24950.0,25000.0,807209.0,20131.0,1519970.0,,,0.536835,2.35525925,"6,191.92",-34.13,-0.55,2026-04-17 15:33:16
144,방위산업/전쟁 및 테러,2.06,079550,LIG디펜스앤에어로스페이스,테마 편입 사유,876000.0,"하락  7,000",-0.79,875000.0,876000.0,152723.0,134063.0,294554.0,,,0.536835,2.35525925,"6,191.92",-34.13,-0.55,2026-04-17 15:33:16
144,방위산업/전쟁 및 테러,2.06,047810,한국항공우주,테마 편입 사유,188400.0,"하락  1,500",-0.79,188300.0,188400.0,252015.0,47591.0,398959.0,,,0.536835,2.35525925,"6,191.92",-34.13,-0.55,2026-04-17 15:33:16
144,방위산업/전쟁 및 테러,2.06,484870,엠앤씨솔루션,테마 편입 사유,116800.0,"하락  1,200",-1.02,116400.0,116500.0,30352.0,3524.0,20368.0,,,0.536835,2.35525925,"6,191.92",-34.13,-0.55,2026-04-17 15:33:16
144,방위산업/전쟁 및 테러,2.06,015710,코콤 *,테마 편입 사유,4085.0,하락  45,-1.09,4080.0,4090.0,96919.0,396.0,977648.0,,,0.536835,2.35525925,"6,191.92",-34.13,-0.55,2026-04-17 15:33:16
144,방위산업/전쟁 및 테러,2.06,095190,신화프리텍 *,테마 편입 사유,2580.0,하락  30,-1.15,2555.0,2570.0,206831.0,530.0,417571.0,,,0.536835,2.35525925,"6,191.92",-34.13,-0.55,2026-04-17 15:33:16
144,방위산업/전쟁 및 테러,2.06,005810,풍산홀딩스,테마 편입 사유,45500.0,하락  650,-1.41,45650.0,45700.0,122153.0,5564.0,313451.0,,,0.536835,2.35525925,"6,191.92",-34.13,-0.55,2026-04-17 15:33:16
144,방위산업/전쟁 및 테러,2.06,042660,한화오션,테마 편입 사유,130000.0,"하락  1,900",-1.44,129800.0,129900.0,1593961.0,206602.0,2222323.0,,,0.536835,2.35525925,"6,191.92",-34.13,-0.55,2026-04-17 15:33:16
144,방위산업/전쟁 및 테러,2.06,000880,한화,테마 편입 사유,131600.0,"하락  2,000",-1.5,131300.0,131400.0,213304.0,28221.0,323526.0,,,0.536835,2.35525925,"6,191.92",-34.13,-0.55,2026-04-17 15:33:16
144,방위산업/전쟁 및 테러,2.06,272210,한화시스템,테마 편입 사유,129500.0,"하락  2,300",-1.75,129500.0,129600.0,522610.0,67726.0,570905.0,,,0.536835,2.35525925,"6,191.92",-34.13,-0.55,2026-04-17 15:33:16
144,방위산업/전쟁 및 테러,2.06,012210,삼미금속 *,테마 편입 사유,14390.0,하락  260,-1.77,14380.0,14390.0,188789.0,2707.0,617961.0,,,0.536835,2.35525925,"6,191.92",-34.13,-0.55,2026-04-17 15:33:16
144,방위산업/전쟁 및 테러,2.06,032820,우리기술 *,테마 편입 사유,22550.0,하락  550,-2.38,22450.0,22500.0,7964916.0,177720.0,39309191.0,,,0.536835,2.35525925,"6,191.92",-34.13,-0.55,2026-04-17 15:33:16
144,방위산업/전쟁 및 테러,2.06,011210,현대위아,테마 편입 사유,83200.0,"하락  2,100",-2.46,83100.0,83200.0,251552.0,21022.0,601612.0,,,0.536835,2.35525925,"6,191.92",-34.13,-0.55,2026-04-17 15:33:16
144,방위산업/전쟁 및 테러,2.06,003570,SNT다이내믹스,테마 편입 사유,54900.0,"하락  1,400",-2.49,55000.0,55100.0,70013.0,3882.0,160204.0,,,0.536835,2.35525925,"6,191.92",-34.13,-0.55,2026-04-17 15:33:16
144,방위산업/전쟁 및 테러,2.06,084850,아이티엠반도체 *,테마 편입 사유,17760.0,하락  610,-3.32,17800.0,17810.0,119076.0,2115.0,185634.0,,,0.536835,2.35525925,"6,191.92",-34.13,-0.55,2026-04-17 15:33:16
144,방위산업/전쟁 및 테러,2.06,129920,대성하이텍 *,테마 편입 사유,12560.0,하락  440,-3.38,12440.0,12450.0,539512.0,7109.0,684594.0,,,0.536835,2.35525925,"6,191.92",-34.13,-0.55,2026-04-17 15:33:16
144,방위산업/전쟁 및 테러,2.06,035460,기산텔레콤 *,테마 편입 사유,4560.0,하락  160,-3.39,4570.0,4575.0,1356066.0,6102.0,3561738.0,,,0.536835,2.35525925,"6,191.92",-34.13,-0.55,2026-04-17 15:33:16
144,방위산업/전쟁 및 테러,2.06,274400,이노시뮬레이션 *,테마 편입 사유,4095.0,하락  160,-3.76,4100.0,4110.0,22508.0,93.0,28247.0,,,0.536835,2.35525925,"6,191.92",-34.13,-0.55,2026-04-17 15:33:16
144,방위산업/전쟁 및 테러,2.06,012450,한화에어로스페이스,테마 편입 사유,1423000.0,"하락  96,000",-6.32,1421000.0,1422000.0,272884.0,393142.0,121112.0,,,0.536835,2.35525925,"6,191.92",-34.13,-0.55,2026-04-17 15:33:16
144,방위산업/전쟁 및 테러,2.06,140430,카티스 *,테마 편입 사유,990.0,하락  91,-8.42,988.0,992.0,2660202.0,2671.0,7591248.0,,,0.536835,2.35525925,"6,191.92",-34.13,-0.55,2026-04-17 15:33:16
397,보톡스(보툴리눔톡신),2.1,084110,휴온스글로벌 *,테마 편입 사유,63200.0,"상승  9,600",17.91,62500.0,62600.0,338849.0,21785.0,56554.0,,,0.231463,2.22730465,"6,191.92",-34.13,-0.55,2026-04-17 15:33:16
397,보톡스(보툴리눔톡신),2.1,145020,휴젤 *,테마 편입 사유,269500.0,"상승  7,500",2.86,269500.0,270000.0,54975.0,14898.0,26548.0,,,0.231463,2.22730465,"6,191.92",-34.13,-0.55,2026-04-17 15:33:16
397,보톡스(보툴리눔톡신),2.1,206650,유바이오로직스 *,테마 편입 사유,13930.0,상승  370,2.73,13910.0,13920.0,643310.0,9058.0,167195.0,,,0.231463,2.22730465,"6,191.92",-34.13,-0.55,2026-04-17 15:33:16
397,보톡스(보툴리눔톡신),2.1,216080,제테마 *,테마 편입 사유,7520.0,상승  160,2.17,7510.0,7520.0,178639.0,1343.0,153917.0,,,0.231463,2.22730465,"6,191.92",-34.13,-0.55,2026-04-17 15:33:16
397,보톡스(보툴리눔톡신),2.1,061040,알에프텍 *,테마 편입 사유,2185.0,상승  30,1.39,2195.0,2205.0,858177.0,1865.0,2229770.0,,,0.231463,2.22730465,"6,191.92",-34.13,-0.55,2026-04-17 15:33:16
397,보톡스(보툴리눔톡신),2.1,200670,휴메딕스 *,테마 편입 사유,35550.0,상승  450,1.28,35550.0,35600.0,34874.0,1238.0,47117.0,,,0.231463,2.22730465,"6,191.92",-34.13,-0.55,2026-04-17 15:33:16
397,보톡스(보툴리눔톡신),2.1,256840,한국비엔씨 *,테마 편입 사유,4150.0,상승  40,0.97,4135.0,4150.0,680402.0,2820.0,772679.0,,,0.231463,2.22730465,"6,191.92",-34.13,-0.55,2026-04-17 15:33:16
397,보톡스(보툴리눔톡신),2.1,214450,파마리서치 *,테마 편입 사유,312500.0,"상승  2,500",0.81,312000.0,312500.0,75048.0,23341.0,73654.0,,,0.231463,2.22730465,"6,191.92",-34.13,-0.55,2026-04-17 15:33:16
397,보톡스(보툴리눔톡신),2.1,086900,메디톡스 *,테마 편입 사유,107200.0,상승  300,0.28,107300.0,107400.0,41202.0,4444.0,41051.0,,,0.231463,2.22730465,"6,191.92",-34.13,-0.55,2026-04-17 15:33:16
397,보톡스(보툴리눔톡신),2.1,243070,휴온스 *,테마 편입 사유,27350.0,상승  50,0.18,27400.0,27550.0,48362.0,1334.0,18928.0,,,0.231463,2.22730465,"6,191.92",-34.13,-0.55,2026-04-17 15:33:16
397,보톡스(보툴리눔톡신),2.1,362320,청담글로벌 *,테마 편입 사유,5330.0,하락  20,-0.37,5290.0,5320.0,38162.0,202.0,82861.0,,,0.231463,2.22730465,"6,191.92",-34.13,-0.55,2026-04-17 15:33:16
397,보톡스(보툴리눔톡신),2.1,109740,디에스케이 *,테마 편입 사유,4980.0,하락  70,-1.39,4925.0,4930.0,62232.0,304.0,33255.0,,,0.231463,2.22730465,"6,191.92",-34.13,-0.55,2026-04-17 15:33:16
397,보톡스(보툴리눔톡신),2.1,069620,대웅제약,테마 편입 사유,154100.0,"하락  2,400",-1.53,154300.0,154400.0,20673.0,3219.0,35374.0,,,0.231463,2.22730465,"6,191.92",-34.13,-0.55,2026-04-17 15:33:16
12,반도체 장비,1.76,049080,기가레인 *,테마 편입 사유,2600.0,상한가  600,30.0,2545.0,2550.0,79102338.0,177927.0,29361683.0,,,0.836701,2.22018555,"6,191.92",-34.13,-0.55,2026-04-17 15:33:16
12,반도체 장비,1.76,036170,에이치엠넥스 *,테마 편입 사유,7700.0,"상승  1,300",20.31,7680.0,7700.0,12369392.0,93419.0,4858942.0,,,0.836701,2.22018555,"6,191.92",-34.13,-0.55,2026-04-17 15:33:16
12,반도체 장비,1.76,187870,디바이스 *,테마 편입 사유,37200.0,"상승  5,350",16.8,36700.0,36750.0,581744.0,21142.0,144771.0,,,0.836701,2.22018555,"6,191.92",-34.13,-0.55,2026-04-17 15:33:16
12,반도체 장비,1.76,083310,엘오티베큠 *,테마 편입 사유,15920.0,"상승  1,770",12.51,15850.0,15890.0,1071106.0,16724.0,125228.0,,,0.836701,2.22018555,"6,191.92",-34.13,-0.55,2026-04-17 15:33:16
12,반도체 장비,1.76,098460,고영 *,테마 편입 사유,33000.0,"상승  3,400",11.49,32700.0,32750.0,13304664.0,437699.0,1179822.0,,,0.836701,2.22018555,"6,191.92",-34.13,-0.55,2026-04-17 15:33:16
12,반도체 장비,1.76,089890,코세스 *,테마 편입 사유,32000.0,"상승  2,900",9.97,31950.0,32000.0,573383.0,17953.0,228409.0,,,0.836701,2.22018555,"6,191.92",-34.13,-0.55,2026-04-17 15:33:16
12,반도체 장비,1.76,089970,브이엠 *,테마 편입 사유,55100.0,"상승  4,900",9.76,54800.0,55000.0,1017854.0,54734.0,705518.0,,,0.836701,2.22018555,"6,191.92",-34.13,-0.55,2026-04-17 15:33:16
12,반도체 장비,1.76,131290,티에스이 *,테마 편입 사유,163500.0,"상승  14,000",9.36,163100.0,163300.0,279369.0,46797.0,158014.0,,,0.836701,2.22018555,"6,191.92",-34.13,-0.55,2026-04-17 15:33:16
12,반도체 장비,1.76,081180,쎄크 *,테마 편입 사유,14520.0,"상승  1,020",7.56,14440.0,14480.0,416423.0,5893.0,157360.0,,,0.836701,2.22018555,"6,191.92",-34.13,-0.55,2026-04-17 15:33:16
12,반도체 장비,1.76,159010,아스플로 *,테마 편입 사유,8300.0,상승  570,7.37,8370.0,8380.0,458275.0,3894.0,287041.0,,,0.836701,2.22018555,"6,191.92",-34.13,-0.55,2026-04-17 15:33:16
12,반도체 장비,1.76,321260,프로이천 *,테마 편입 사유,3030.0,상승  205,7.26,3040.0,3045.0,31489506.0,104911.0,885872.0,,,0.836701,2.22018555,"6,191.92",-34.13,-0.55,2026-04-17 15:33:16
12,반도체 장비,1.76,053610,프로텍 *,테마 편입 사유,66900.0,"상승  4,500",7.21,66600.0,66700.0,145385.0,9920.0,44394.0,,,0.836701,2.22018555,"6,191.92",-34.13,-0.55,2026-04-17 15:33:16
12,반도체 장비,1.76,029460,케이씨,테마 편입 사유,37650.0,"상승  2,350",6.66,37650.0,37700.0,96540.0,3622.0,58719.0,,,0.836701,2.22018555,"6,191.92",-34.13,-0.55,2026-04-17 15:33:16
12,반도체 장비,1.76,037350,성도이엔지 *,테마 편입 사유,12550.0,상승  670,5.64,12510.0,12520.0,425270.0,5271.0,237341.0,,,0.836701,2.22018555,"6,191.92",-34.13,-0.55,2026-04-17 15:33:16
12,반도체 장비,1.76,451220,아이엠티 *,테마 편입 사유,14340.0,상승  760,5.6,14250.0,14260.0,379466.0,5335.0,157055.0,,,0.836701,2.22018555,"6,191.92",-34.13,-0.55,2026-04-17 15:33:16
12,반도체 장비,1.76,425420,티에프이 *,테마 편입 사유,62700.0,"상승  2,900",4.85,62200.0,62500.0,157938.0,9818.0,157011.0,,,0.836701,2.22018555,"6,191.92",-34.13,-0.55,2026-04-17 15:33:16
12,반도체 장비,1.76,064290,인텍플러스 *,테마 편입 사유,27750.0,"상승  1,150",4.32,27700.0,27850.0,810166.0,22651.0,633553.0,,,0.836701,2.22018555,"6,191.92",-34.13,-0.55,2026-04-17 15:33:16
12,반도체 장비,1.76,067310,하나마이크론 *,테마 편입 사유,36050.0,"상승  1,400",4.04,36100.0,36150.0,2793290.0,100108.0,1892669.0,,,0.836701,2.22018555,"6,191.92",-34.13,-0.55,2026-04-17 15:33:16
12,반도체 장비,1.76,030530,원익홀딩스 *,테마 편입 사유,31700.0,상승  950,3.09,31450.0,31500.0,1063486.0,33187.0,926335.0,,,0.836701,2.22018555,"6,191.92",-34.13,-0.55,2026-04-17 15:33:16
12,반도체 장비,1.76,241790,티이엠씨씨엔에스 *,테마 편입 사유,8010.0,상승  240,3.09,7940.0,7990.0,63033.0,498.0,56367.0,,,0.836701,2.22018555,"6,191.92",-34.13,-0.55,2026-04-17 15:33:16
12,반도체 장비,1.76,160980,싸이맥스 *,테마 편입 사유,29950.0,상승  800,2.74,29850.0,30000.0,234224.0,7049.0,248742.0,,,0.836701,2.22018555,"6,191.92",-34.13,-0.55,2026-04-17 15:33:16
12,반도체 장비,1.76,183300,코미코 *,테마 편입 사유,154900.0,"상승  3,900",2.58,154300.0,154500.0,165773.0,25697.0,329292.0,,,0.836701,2.22018555,"6,191.92",-34.13,-0.55,2026-04-17 15:33:16
12,반도체 장비,1.76,140860,파크시스템스 *,테마 편입 사유,262500.0,"상승  6,000",2.34,261500.0,262000.0,31817.0,8264.0,36774.0,,,0.836701,2.22018555,"6,191.92",-34.13,-0.55,2026-04-17 15:33:16
12,반도체 장비,1.76,322310,오로스테크놀로지 *,테마 편입 사유,35650.0,상승  800,2.3,35650.0,35700.0,177506.0,6247.0,182250.0,,,0.836701,2.22018555,"6,191.92",-34.13,-0.55,2026-04-17 15:33:16
12,반도체 장비,1.76,200470,에이팩트 *,테마 편입 사유,7170.0,상승  140,1.99,7150.0,7160.0,554247.0,3899.0,567126.0,,,0.836701,2.22018555,"6,191.92",-34.13,-0.55,2026-04-17 15:33:16
12,반도체 장비,1.76,0015G0,그린광학 *,테마 편입 사유,31550.0,상승  600,1.94,31400.0,31500.0,272069.0,8607.0,235859.0,,,0.836701,2.22018555,"6,191.92",-34.13,-0.55,2026-04-17 15:33:16
12,반도체 장비,1.76,036810,에프에스티 *,테마 편입 사유,43650.0,상승  800,1.87,43350.0,43400.0,210520.0,9126.0,190416.0,,,0.836701,2.22018555,"6,191.92",-34.13,-0.55,2026-04-17 15:33:16
12,반도체 장비,1.76,083450,GST *,테마 편입 사유,42500.0,상승  750,1.8,42250.0,42300.0,454599.0,19238.0,767484.0,,,0.836701,2.22018555,"6,191.92",-34.13,-0.55,2026-04-17 15:33:16
12,반도체 장비,1.76,212710,아이에스티이 *,테마 편입 사유,8320.0,상승  140,1.71,8350.0,8360.0,95506.0,793.0,108411.0,,,0.836701,2.22018555,"6,191.92",-34.13,-0.55,2026-04-17 15:33:16
12,반도체 장비,1.76,089790,제이티 *,테마 편입 사유,6210.0,상승  100,1.64,6180.0,6190.0,86332.0,533.0,294983.0,,,0.836701,2.22018555,"6,191.92",-34.13,-0.55,2026-04-17 15:33:16
12,반도체 장비,1.76,217190,제너셈 *,테마 편입 사유,6810.0,상승  110,1.64,6800.0,6820.0,372685.0,2533.0,924041.0,,,0.836701,2.22018555,"6,191.92",-34.13,-0.55,2026-04-17 15:33:16
12,반도체 장비,1.76,264660,씨앤지하이테크 *,테마 편입 사유,20550.0,상승  300,1.48,20450.0,20550.0,158404.0,3222.0,312236.0,,,0.836701,2.22018555,"6,191.92",-34.13,-0.55,2026-04-17 15:33:16
12,반도체 장비,1.76,092870,엑시콘 *,테마 편입 사유,32200.0,상승  400,1.26,32150.0,32300.0,179940.0,5789.0,257581.0,,,0.836701,2.22018555,"6,191.92",-34.13,-0.55,2026-04-17 15:33:16
12,반도체 장비,1.76,254120,자비스 *,테마 편입 사유,1390.0,상승  16,1.16,1382.0,1390.0,114167.0,157.0,222955.0,,,0.836701,2.22018555,"6,191.92",-34.13,-0.55,2026-04-17 15:33:16
12,반도체 장비,1.76,306620,지아이에스 *,테마 편입 사유,3315.0,상승  35,1.07,3295.0,3305.0,771063.0,2534.0,773038.0,,,0.836701,2.22018555,"6,191.92",-34.13,-0.55,2026-04-17 15:33:16
12,반도체 장비,1.76,090360,로보스타 *,테마 편입 사유,64600.0,상승  600,0.94,64400.0,64600.0,43427.0,2786.0,74843.0,,,0.836701,2.22018555,"6,191.92",-34.13,-0.55,2026-04-17 15:33:16
12,반도체 장비,1.76,041520,이엘씨 *,테마 편입 사유,10860.0,상승  100,0.93,10790.0,10810.0,23485.0,254.0,25319.0,,,0.836701,2.22018555,"6,191.92",-34.13,-0.55,2026-04-17 15:33:16
12,반도체 장비,1.76,140070,서플러스글로벌 *,테마 편입 사유,2250.0,상승  20,0.9,2235.0,2245.0,131120.0,292.0,241415.0,,,0.836701,2.22018555,"6,191.92",-34.13,-0.55,2026-04-17 15:33:16
12,반도체 장비,1.76,110990,디아이티 *,테마 편입 사유,23200.0,상승  200,0.87,23100.0,23200.0,134420.0,3118.0,233375.0,,,0.836701,2.22018555,"6,191.92",-34.13,-0.55,2026-04-17 15:33:16
12,반도체 장비,1.76,256630,포인트엔지니어링 *,테마 편입 사유,1026.0,상승  8,0.79,1021.0,1026.0,28324.0,29.0,51050.0,,,0.836701,2.22018555,"6,191.92",-34.13,-0.55,2026-04-17 15:33:16
12,반도체 장비,1.76,403870,HPSP *,테마 편입 사유,44500.0,상승  350,0.79,44550.0,44600.0,2113086.0,94503.0,2558219.0,,,0.836701,2.22018555,"6,191.92",-34.13,-0.55,2026-04-17 15:33:16
12,반도체 장비,1.76,420770,기가비스 *,테마 편입 사유,87000.0,상승  600,0.69,86700.0,86900.0,106414.0,9166.0,167285.0,,,0.836701,2.22018555,"6,191.92",-34.13,-0.55,2026-04-17 15:33:16
12,반도체 장비,1.76,271830,팸텍 *,테마 편입 사유,1595.0,상승  9,0.57,1569.0,1573.0,104119.0,163.0,151030.0,,,0.836701,2.22018555,"6,191.92",-34.13,-0.55,2026-04-17 15:33:16
12,반도체 장비,1.76,079370,제우스 *,테마 편입 사유,16260.0,상승  90,0.56,16250.0,16260.0,401703.0,6487.0,519177.0,,,0.836701,2.22018555,"6,191.92",-34.13,-0.55,2026-04-17 15:33:16
12,반도체 장비,1.76,232140,와이씨 *,테마 편입 사유,20100.0,상승  110,0.55,20050.0,20100.0,735518.0,14699.0,606892.0,,,0.836701,2.22018555,"6,191.92",-34.13,-0.55,2026-04-17 15:33:16
12,반도체 장비,1.76,036540,SFA반도체 *,테마 편입 사유,7340.0,상승  40,0.55,7330.0,7340.0,2093502.0,15234.0,4107404.0,,,0.836701,2.22018555,"6,191.92",-34.13,-0.55,2026-04-17 15:33:16
12,반도체 장비,1.76,064760,티씨케이 *,테마 편입 사유,305500.0,"상승  1,500",0.49,302000.0,302500.0,59319.0,17952.0,199295.0,,,0.836701,2.22018555,"6,191.92",-34.13,-0.55,2026-04-17 15:33:16
12,반도체 장비,1.76,168360,펨트론 *,테마 편입 사유,22600.0,상승  100,0.44,22750.0,22800.0,66239.0,1495.0,137961.0,,,0.836701,2.22018555,"6,191.92",-34.13,-0.55,2026-04-17 15:33:16
12,반도체 장비,1.76,396470,워트 *,테마 편입 사유,7740.0,상승  30,0.39,7730.0,7750.0,303660.0,2363.0,236245.0,,,0.836701,2.22018555,"6,191.92",-34.13,-0.55,2026-04-17 15:33:16
12,반도체 장비,1.76,071280,로체시스템즈 *,테마 편입 사유,9310.0,상승  30,0.32,9280.0,9300.0,91344.0,850.0,175201.0,,,0.836701,2.22018555,"6,191.92",-34.13,-0.55,2026-04-17 15:33:16
12,반도체 장비,1.76,039440,에스티아이 *,테마 편입 사유,33500.0,상승  100,0.3,33250.0,33300.0,148942.0,4955.0,264415.0,,,0.836701,2.22018555,"6,191.92",-34.13,-0.55,2026-04-17 15:33:16
12,반도체 장비,1.76,036200,유니셈 *,테마 편입 사유,11220.0,상승  30,0.27,11160.0,11170.0,438993.0,4891.0,690683.0,,,0.836701,2.22018555,"6,191.92",-34.13,-0.55,2026-04-17 15:33:16
12,반도체 장비,1.76,058470,리노공업 *,테마 편입 사유,115300.0,상승  300,0.26,114800.0,114900.0,436438.0,49980.0,606432.0,,,0.836701,2.22018555,"6,191.92",-34.13,-0.55,2026-04-17 15:33:16
12,반도체 장비,1.76,240810,원익IPS *,테마 편입 사유,121200.0,상승  300,0.25,120700.0,120800.0,284431.0,34302.0,493690.0,,,0.836701,2.22018555,"6,191.92",-34.13,-0.55,2026-04-17 15:33:16
12,반도체 장비,1.76,140670,알에스오토메이션 *,테마 편입 사유,16900.0,상승  40,0.24,16930.0,16940.0,282802.0,4755.0,269360.0,,,0.836701,2.22018555,"6,191.92",-34.13,-0.55,2026-04-17 15:33:16
12,반도체 장비,1.76,025560,미래산업,테마 편입 사유,14120.0,상승  20,0.14,14100.0,14110.0,26419.0,370.0,41042.0,,,0.836701,2.22018555,"6,191.92",-34.13,-0.55,2026-04-17 15:33:16
12,반도체 장비,1.76,348210,넥스틴 *,테마 편입 사유,76700.0,상승  100,0.13,76400.0,76600.0,51099.0,3914.0,87833.0,,,0.836701,2.22018555,"6,191.92",-34.13,-0.55,2026-04-17 15:33:16
12,반도체 장비,1.76,065130,탑엔지니어링 *,테마 편입 사유,3380.0,보합0,0.0,3370.0,3380.0,27688.0,93.0,87771.0,,,0.836701,2.22018555,"6,191.92",-34.13,-0.55,2026-04-17 15:33:16
12,반도체 장비,1.76,232680,라온로보틱스 *,테마 편입 사유,16290.0,보합0,0.0,16360.0,16370.0,200429.0,3269.0,307143.0,,,0.836701,2.22018555,"6,191.92",-34.13,-0.55,2026-04-17 15:33:16
12,반도체 장비,1.76,265520,AP시스템 *,테마 편입 사유,22350.0,보합0,0.0,22300.0,22350.0,104068.0,2322.0,107100.0,,,0.836701,2.22018555,"6,191.92",-34.13,-0.55,2026-04-17 15:33:16
12,반도체 장비,1.76,178320,서진시스템 *,테마 편입 사유,50200.0,보합0,0.0,50200.0,50300.0,1978418.0,99262.0,3799461.0,,,0.836701,2.22018555,"6,191.92",-34.13,-0.55,2026-04-17 15:33:16
12,반도체 장비,1.76,281820,케이씨텍,테마 편입 사유,54500.0,보합0,0.0,54200.0,54300.0,109851.0,5988.0,130722.0,,,0.836701,2.22018555,"6,191.92",-34.13,-0.55,2026-04-17 15:33:16
12,반도체 장비,1.76,086390,유니테스트 *,테마 편입 사유,18270.0,하락  30,-0.16,18230.0,18240.0,314153.0,5723.0,245456.0,,,0.836701,2.22018555,"6,191.92",-34.13,-0.55,2026-04-17 15:33:16
12,반도체 장비,1.76,330860,네패스아크 *,테마 편입 사유,33200.0,하락  100,-0.3,33400.0,33450.0,623141.0,21773.0,345439.0,,,0.836701,2.22018555,"6,191.92",-34.13,-0.55,2026-04-17 15:33:16
12,반도체 장비,1.76,039030,이오테크닉스 *,테마 편입 사유,470500.0,"하락  2,000",-0.42,470000.0,470500.0,49002.0,23015.0,58924.0,,,0.836701,2.22018555,"6,191.92",-34.13,-0.55,2026-04-17 15:33:16
12,반도체 장비,1.76,253590,네오셈 *,테마 편입 사유,17260.0,하락  80,-0.46,17260.0,17270.0,728500.0,12547.0,822373.0,,,0.836701,2.22018555,"6,191.92",-34.13,-0.55,2026-04-17 15:33:16
12,반도체 장비,1.76,056190,에스에프에이 *,테마 편입 사유,29500.0,하락  150,-0.51,29400.0,29450.0,40481.0,1189.0,57309.0,,,0.836701,2.22018555,"6,191.92",-34.13,-0.55,2026-04-17 15:33:16
12,반도체 장비,1.76,489790,한화비전,테마 편입 사유,79300.0,하락  500,-0.63,78800.0,79000.0,244036.0,19201.0,422632.0,,,0.836701,2.22018555,"6,191.92",-34.13,-0.55,2026-04-17 15:33:16
12,반도체 장비,1.76,045300,성우테크론 *,테마 편입 사유,3100.0,하락  20,-0.64,3085.0,3090.0,52066.0,160.0,106637.0,,,0.836701,2.22018555,"6,191.92",-34.13,-0.55,2026-04-17 15:33:16
12,반도체 장비,1.76,003160,디아이,테마 편입 사유,31700.0,하락  250,-0.78,31650.0,31750.0,205330.0,6476.0,231774.0,,,0.836701,2.22018555,"6,191.92",-34.13,-0.55,2026-04-17 15:33:16
12,반도체 장비,1.76,090470,제이스텍 *,테마 편입 사유,8520.0,하락  70,-0.81,8470.0,8520.0,39601.0,335.0,97195.0,,,0.836701,2.22018555,"6,191.92",-34.13,-0.55,2026-04-17 15:33:16
12,반도체 장비,1.76,217500,러셀 *,테마 편입 사유,2770.0,하락  30,-1.07,2770.0,2775.0,320173.0,879.0,838256.0,,,0.836701,2.22018555,"6,191.92",-34.13,-0.55,2026-04-17 15:33:16
12,반도체 장비,1.76,045100,한양이엔지 *,테마 편입 사유,33800.0,하락  400,-1.17,33750.0,33800.0,110996.0,3764.0,212098.0,,,0.836701,2.22018555,"6,191.92",-34.13,-0.55,2026-04-17 15:33:16
12,반도체 장비,1.76,323350,다원넥스뷰 *,테마 편입 사유,12110.0,하락  160,-1.3,12210.0,12270.0,82733.0,1000.0,205063.0,,,0.836701,2.22018555,"6,191.92",-34.13,-0.55,2026-04-17 15:33:16
12,반도체 장비,1.76,053080,케이엔솔 *,테마 편입 사유,13320.0,하락  200,-1.48,13270.0,13300.0,250382.0,3316.0,446039.0,,,0.836701,2.22018555,"6,191.92",-34.13,-0.55,2026-04-17 15:33:16
12,반도체 장비,1.76,402490,그린리소스 *,테마 편입 사유,20500.0,하락  350,-1.68,20500.0,20550.0,1213612.0,24946.0,2183212.0,,,0.836701,2.22018555,"6,191.92",-34.13,-0.55,2026-04-17 15:33:16
12,반도체 장비,1.76,084370,유진테크 *,테마 편입 사유,132600.0,"하락  2,300",-1.7,131800.0,131900.0,99873.0,13266.0,178120.0,,,0.836701,2.22018555,"6,191.92",-34.13,-0.55,2026-04-17 15:33:16
12,반도체 장비,1.76,348350,위드텍 *,테마 편입 사유,10490.0,하락  200,-1.87,10510.0,10520.0,21447.0,225.0,44124.0,,,0.836701,2.22018555,"6,191.92",-34.13,-0.55,2026-04-17 15:33:16
12,반도체 장비,1.76,042700,한미반도체,테마 편입 사유,286500.0,"하락  5,500",-1.88,286000.0,286500.0,359134.0,103039.0,458794.0,,,0.836701,2.22018555,"6,191.92",-34.13,-0.55,2026-04-17 15:33:16
12,반도체 장비,1.76,089030,테크윙 *,테마 편입 사유,56300.0,"하락  1,100",-1.92,56500.0,56600.0,665245.0,37589.0,1232472.0,,,0.836701,2.22018555,"6,191.92",-34.13,-0.55,2026-04-17 15:33:16
12,반도체 장비,1.76,095610,테스 *,테마 편입 사유,88000.0,"하락  1,800",-2.0,88100.0,88200.0,280330.0,24916.0,325041.0,,,0.836701,2.22018555,"6,191.92",-34.13,-0.55,2026-04-17 15:33:16
12,반도체 장비,1.76,382800,지앤비에스 에코 *,테마 편입 사유,7260.0,하락  150,-2.02,7260.0,7280.0,1000571.0,7479.0,1597495.0,,,0.836701,2.22018555,"6,191.92",-34.13,-0.55,2026-04-17 15:33:16
12,반도체 장비,1.76,469610,이노테크 *,테마 편입 사유,21850.0,하락  450,-2.02,21850.0,21950.0,92929.0,2040.0,234846.0,,,0.836701,2.22018555,"6,191.92",-34.13,-0.55,2026-04-17 15:33:16
12,반도체 장비,1.76,452160,제이엔비 *,테마 편입 사유,6080.0,하락  150,-2.41,6040.0,6050.0,25424.0,154.0,112927.0,,,0.836701,2.22018555,"6,191.92",-34.13,-0.55,2026-04-17 15:33:16
12,반도체 장비,1.76,036930,주성엔지니어링 *,테마 편입 사유,70400.0,"하락  1,900",-2.63,70300.0,70400.0,969671.0,67820.0,1679788.0,,,0.836701,2.22018555,"6,191.92",-34.13,-0.55,2026-04-17 15:33:16
12,반도체 장비,1.76,011930,신성이엔지,테마 편입 사유,4170.0,하락  125,-2.91,4150.0,4155.0,24252313.0,101620.0,123779539.0,,,0.836701,2.22018555,"6,191.92",-34.13,-0.55,2026-04-17 15:33:16
12,반도체 장비,1.76,224060,더코디 *,테마 편입 사유,5230.0,하락  170,-3.15,5230.0,5240.0,47805.0,252.0,35688.0,,,0.836701,2.22018555,"6,191.92",-34.13,-0.55,2026-04-17 15:33:16
12,반도체 장비,1.76,417840,저스템 *,테마 편입 사유,10620.0,하락  400,-3.63,10590.0,10600.0,2775424.0,29296.0,10511264.0,,,0.836701,2.22018555,"6,191.92",-34.13,-0.55,2026-04-17 15:33:16
12,반도체 장비,1.76,031980,피에스케이홀딩스 *,테마 편입 사유,118900.0,"하락  4,500",-3.65,118700.0,118800.0,111201.0,13398.0,395688.0,,,0.836701,2.22018555,"6,191.92",-34.13,-0.55,2026-04-17 15:33:16
12,반도체 장비,1.76,122640,예스티 *,테마 편입 사유,27950.0,"하락  1,150",-3.95,27850.0,27900.0,267819.0,7648.0,194015.0,,,0.836701,2.22018555,"6,191.92",-34.13,-0.55,2026-04-17 15:33:16
12,반도체 장비,1.76,412350,레이저쎌 *,테마 편입 사유,7960.0,하락  340,-4.1,7930.0,7940.0,811401.0,6416.0,1517695.0,,,0.836701,2.22018555,"6,191.92",-34.13,-0.55,2026-04-17 15:33:16
12,반도체 장비,1.76,319660,피에스케이 *,테마 편입 사유,84700.0,"하락  4,500",-5.04,84100.0,84200.0,321468.0,27376.0,412499.0,,,0.836701,2.22018555,"6,191.92",-34.13,-0.55,2026-04-17 15:33:16
12,반도체 장비,1.76,227950,엔투텍 *,테마 편입 사유,556.0,하락  32,-5.44,557.0,558.0,2583500.0,1444.0,5997087.0,,,0.836701,2.22018555,"6,191.92",-34.13,-0.55,2026-04-17 15:33:16
563,낙태/피임,1.98,260660,알리코제약 *,테마 편입 사유,3700.0,상승  170,4.82,3630.0,3640.0,130584.0,476.0,46994.0,,,0.373161,2.1852385500000002,"6,191.92",-34.13,-0.55,2026-04-17 15:33:16
563,낙태/피임,1.98,204840,지엘팜텍 *,테마 편입 사유,1114.0,상승  34,3.15,1111.0,1114.0,294810.0,323.0,208824.0,,,0.373161,2.1852385500000002,"6,191.92",-34.13,-0.55,2026-04-17 15:33:16
563,낙태/피임,1.98,017180,명문제약,테마 편입 사유,1851.0,상승  18,0.98,1850.0,1851.0,203921.0,372.0,67268.0,,,0.373161,2.1852385500000002,"6,191.92",-34.13,-0.55,2026-04-17 15:33:16
563,낙태/피임,1.98,004310,현대약품,테마 편입 사유,8540.0,하락  90,-1.04,8500.0,8510.0,351896.0,3003.0,284788.0,,,0.373161,2.1852385500000002,"6,191.92",-34.13,-0.55,2026-04-17 15:33:16
92,통신장비,1.73,049080,기가레인 *,테마 편입 사유,2600.0,상한가  600,30.0,2545.0,2550.0,79102338.0,177927.0,29361683.0,,,0.60181,2.0609954999999998,"6,191.92",-34.13,-0.55,2026-04-17 15:33:16
92,통신장비,1.73,069540,빛과전자 *,테마 편입 사유,5860.0,"상한가  1,350",29.93,5860.0,0.0,71041443.0,366968.0,83224654.0,,,0.60181,2.0609954999999998,"6,191.92",-34.13,-0.55,2026-04-17 15:33:16
92,통신장비,1.73,095270,웨이브일렉트로 *,테마 편입 사유,9070.0,상승  680,8.1,9020.0,9040.0,951578.0,8592.0,1521037.0,,,0.60181,2.0609954999999998,"6,191.92",-34.13,-0.55,2026-04-17 15:33:16
92,통신장비,1.73,073540,에프알텍 *,테마 편입 사유,4985.0,상승  330,7.09,4960.0,4965.0,631649.0,3001.0,1656011.0,,,0.60181,2.0609954999999998,"6,191.92",-34.13,-0.55,2026-04-17 15:33:16
92,통신장비,1.73,078890,가온그룹 *,테마 편입 사유,7380.0,상승  380,5.43,7290.0,7300.0,1473037.0,10817.0,1367308.0,,,0.60181,2.0609954999999998,"6,191.92",-34.13,-0.55,2026-04-17 15:33:16
92,통신장비,1.73,138080,오이솔루션 *,테마 편입 사유,44600.0,"상승  2,250",5.31,44350.0,44400.0,635019.0,27421.0,740940.0,,,0.60181,2.0609954999999998,"6,191.92",-34.13,-0.55,2026-04-17 15:33:16
92,통신장비,1.73,073490,LIG아큐버 *,테마 편입 사유,47850.0,"상승  2,300",5.05,47700.0,47750.0,357876.0,17109.0,247522.0,,,0.60181,2.0609954999999998,"6,191.92",-34.13,-0.55,2026-04-17 15:33:16
92,통신장비,1.73,037460,삼지전자 *,테마 편입 사유,31450.0,"상승  1,500",5.01,31250.0,31450.0,238657.0,7416.0,259460.0,,,0.60181,2.0609954999999998,"6,191.92",-34.13,-0.55,2026-04-17 15:33:16
92,통신장비,1.73,327260,RF머트리얼즈 *,테마 편입 사유,100900.0,"상승  4,700",4.89,99800.0,100000.0,493116.0,51053.0,358312.0,,,0.60181,2.0609954999999998,"6,191.92",-34.13,-0.55,2026-04-17 15:33:16
92,통신장비,1.73,211270,AP위성 *,테마 편입 사유,17970.0,상승  810,4.72,18010.0,18020.0,994842.0,18098.0,230789.0,,,0.60181,2.0609954999999998,"6,191.92",-34.13,-0.55,2026-04-17 15:33:16
92,통신장비,1.73,189300,인텔리안테크 *,테마 편입 사유,140800.0,"상승  5,800",4.3,139600.0,139700.0,282475.0,40618.0,132945.0,,,0.60181,2.0609954999999998,"6,191.92",-34.13,-0.55,2026-04-17 15:33:16
92,통신장비,1.73,289930,웨이비스 *,테마 편입 사유,19880.0,상승  780,4.08,19820.0,19830.0,389936.0,7646.0,200246.0,,,0.60181,2.0609954999999998,"6,191.92",-34.13,-0.55,2026-04-17 15:33:16
92,통신장비,1.73,109070,주성코퍼레이션,테마 편입 사유,1930.0,상승  63,3.37,1910.0,1914.0,1863426.0,3469.0,5642917.0,,,0.60181,2.0609954999999998,"6,191.92",-34.13,-0.55,2026-04-17 15:33:16
92,통신장비,1.73,033790,피노 *,테마 편입 사유,9980.0,상승  320,3.31,9890.0,9900.0,2858529.0,28413.0,2452054.0,,,0.60181,2.0609954999999998,"6,191.92",-34.13,-0.55,2026-04-17 15:33:16
92,통신장비,1.73,148250,알엔투테크놀로지 *,테마 편입 사유,4315.0,상승  125,2.98,4290.0,4295.0,440942.0,1872.0,791153.0,,,0.60181,2.0609954999999998,"6,191.92",-34.13,-0.55,2026-04-17 15:33:16
92,통신장비,1.73,264450,유비쿼스 *,테마 편입 사유,15870.0,상승  420,2.72,15880.0,15890.0,223646.0,3513.0,597285.0,,,0.60181,2.0609954999999998,"6,191.92",-34.13,-0.55,2026-04-17 15:33:16
92,통신장비,1.73,032500,케이엠더블유 *,테마 편입 사유,30800.0,상승  700,2.33,30600.0,30650.0,425467.0,13046.0,1349982.0,,,0.60181,2.0609954999999998,"6,191.92",-34.13,-0.55,2026-04-17 15:33:16
92,통신장비,1.73,088280,쏘닉스 *,테마 편입 사유,5310.0,상승  110,2.12,5290.0,5340.0,919083.0,4924.0,2107823.0,,,0.60181,2.0609954999999998,"6,191.92",-34.13,-0.55,2026-04-17 15:33:16
92,통신장비,1.73,039560,다산네트웍스 *,테마 편입 사유,5280.0,상승  90,1.73,5290.0,5300.0,736256.0,3866.0,1393506.0,,,0.60181,2.0609954999999998,"6,191.92",-34.13,-0.55,2026-04-17 15:33:16
92,통신장비,1.73,091440,한울소재과학 *,테마 편입 사유,3255.0,상승  55,1.72,3200.0,3215.0,442452.0,1425.0,1138932.0,,,0.60181,2.0609954999999998,"6,191.92",-34.13,-0.55,2026-04-17 15:33:16
92,통신장비,1.73,050890,쏠리드 *,테마 편입 사유,16870.0,상승  200,1.2,16880.0,16900.0,7639995.0,130774.0,11597037.0,,,0.60181,2.0609954999999998,"6,191.92",-34.13,-0.55,2026-04-17 15:33:16
92,통신장비,1.73,230240,에치에프알 *,테마 편입 사유,30800.0,상승  350,1.15,30700.0,30750.0,641523.0,20205.0,602745.0,,,0.60181,2.0609954999999998,"6,191.92",-34.13,-0.55,2026-04-17 15:33:16
92,통신장비,1.73,115440,우리넷 *,테마 편입 사유,14910.0,상승  170,1.15,14990.0,15000.0,1871409.0,27507.0,3390309.0,,,0.60181,2.0609954999999998,"6,191.92",-34.13,-0.55,2026-04-17 15:33:16
92,통신장비,1.73,192410,오늘이엔엠 *,테마 편입 사유,7700.0,상승  80,1.05,7650.0,7660.0,133880.0,1033.0,287190.0,,,0.60181,2.0609954999999998,"6,191.92",-34.13,-0.55,2026-04-17 15:33:16
92,통신장비,1.73,217590,티엠씨,테마 편입 사유,30350.0,상승  250,0.83,30350.0,30400.0,668361.0,20495.0,1004763.0,,,0.60181,2.0609954999999998,"6,191.92",-34.13,-0.55,2026-04-17 15:33:16
92,통신장비,1.73,060370,LS마린솔루션 *,테마 편입 사유,32350.0,상승  50,0.15,32300.0,32350.0,205106.0,6574.0,293835.0,,,0.60181,2.0609954999999998,"6,191.92",-34.13,-0.55,2026-04-17 15:33:16
92,통신장비,1.73,109080,옵티시스 *,테마 편입 사유,16550.0,상승  10,0.06,16620.0,16630.0,209839.0,3483.0,691254.0,,,0.60181,2.0609954999999998,"6,191.92",-34.13,-0.55,2026-04-17 15:33:16
92,통신장비,1.73,321370,센서뷰 *,테마 편입 사유,2940.0,보합0,0.0,0.0,0.0,0.0,0.0,0.0,,,0.60181,2.0609954999999998,"6,191.92",-34.13,-0.55,2026-04-17 15:33:16
92,통신장비,1.73,178320,서진시스템 *,테마 편입 사유,50200.0,보합0,0.0,50200.0,50300.0,1978418.0,99262.0,3799461.0,,,0.60181,2.0609954999999998,"6,191.92",-34.13,-0.55,2026-04-17 15:33:16
92,통신장비,1.73,218410,RFHIC *,테마 편입 사유,93300.0,하락  100,-0.11,92900.0,93000.0,313275.0,29562.0,489695.0,,,0.60181,2.0609954999999998,"6,191.92",-34.13,-0.55,2026-04-17 15:33:16
92,통신장비,1.73,200230,텔콘RF제약 *,테마 편입 사유,712.0,하락  1,-0.14,711.0,714.0,1179742.0,841.0,1705247.0,,,0.60181,2.0609954999999998,"6,191.92",-34.13,-0.55,2026-04-17 15:33:16
92,통신장비,1.73,065770,CS *,테마 편입 사유,1860.0,하락  5,-0.27,1870.0,1872.0,3817269.0,6871.0,6104998.0,,,0.60181,2.0609954999999998,"6,191.92",-34.13,-0.55,2026-04-17 15:33:16
92,통신장비,1.73,389020,자람테크놀로지 *,테마 편입 사유,56900.0,하락  200,-0.35,57100.0,57200.0,113279.0,6483.0,220690.0,,,0.60181,2.0609954999999998,"6,191.92",-34.13,-0.55,2026-04-17 15:33:16
92,통신장비,1.73,088800,에이스테크 *,테마 편입 사유,5550.0,하락  30,-0.54,5550.0,5560.0,1473250.0,8233.0,3374744.0,,,0.60181,2.0609954999999998,"6,191.92",-34.13,-0.55,2026-04-17 15:33:16
92,통신장비,1.73,065530,와이어블 *,테마 편입 사유,2445.0,하락  15,-0.61,2430.0,2440.0,1323694.0,3117.0,4202608.0,,,0.60181,2.0609954999999998,"6,191.92",-34.13,-0.55,2026-04-17 15:33:16
92,통신장비,1.73,056360,코위버 *,테마 편입 사유,10700.0,하락  150,-1.38,10630.0,10650.0,899380.0,9384.0,2872657.0,,,0.60181,2.0609954999999998,"6,191.92",-34.13,-0.55,2026-04-17 15:33:16
92,통신장비,1.73,175140,휴먼테크놀로지 *,테마 편입 사유,4090.0,하락  75,-1.8,4090.0,4105.0,47561.0,196.0,128158.0,,,0.60181,2.0609954999999998,"6,191.92",-34.13,-0.55,2026-04-17 15:33:16
92,통신장비,1.73,062970,한국첨단소재 *,테마 편입 사유,3490.0,하락  75,-2.1,3500.0,3505.0,8348854.0,29190.0,17014572.0,,,0.60181,2.0609954999999998,"6,191.92",-34.13,-0.55,2026-04-17 15:33:16
92,통신장비,1.73,340360,다보링크 *,테마 편입 사유,1615.0,하락  51,-3.06,1619.0,1620.0,772389.0,1258.0,1506321.0,,,0.60181,2.0609954999999998,"6,191.92",-34.13,-0.55,2026-04-17 15:33:16
92,통신장비,1.73,035460,기산텔레콤 *,테마 편입 사유,4560.0,하락  160,-3.39,4570.0,4575.0,1356066.0,6102.0,3561738.0,,,0.60181,2.0609954999999998,"6,191.92",-34.13,-0.55,2026-04-17 15:33:16
92,통신장비,1.73,170790,파이오링크 *,테마 편입 사유,11600.0,하락  500,-4.13,11520.0,11530.0,151954.0,1757.0,918703.0,,,0.60181,2.0609954999999998,"6,191.92",-34.13,-0.55,2026-04-17 15:33:16
92,통신장비,1.73,100590,머큐리 *,테마 편입 사유,7680.0,하락  370,-4.6,7630.0,7640.0,2448251.0,18947.0,3145434.0,,,0.60181,2.0609954999999998,"6,191.92",-34.13,-0.55,2026-04-17 15:33:16
92,통신장비,1.73,072950,빛샘전자 *,테마 편입 사유,15610.0,하락  990,-5.96,15540.0,15550.0,6306840.0,98182.0,9117427.0,,,0.60181,2.0609954999999998,"6,191.92",-34.13,-0.55,2026-04-17 15:33:16
92,통신장비,1.73,215790,이노인스트루먼트 *,테마 편입 사유,2780.0,하락  260,-8.55,2830.0,2835.0,46822261.0,126640.0,31110811.0,,,0.60181,2.0609954999999998,"6,191.92",-34.13,-0.55,2026-04-17 15:33:16
92,통신장비,1.73,046970,우리로 *,테마 편입 사유,12970.0,"하락  1,230",-8.66,13100.0,13110.0,52238350.0,676339.0,0.0,,,0.60181,2.0609954999999998,"6,191.92",-34.13,-0.55,2026-04-17 15:33:16
92,통신장비,1.73,388790,라이콤 *,테마 편입 사유,7170.0,"하락  1,230",-14.64,7180.0,7200.0,2772150.0,19717.0,0.0,,,0.60181,2.0609954999999998,"6,191.92",-34.13,-0.55,2026-04-17 15:33:16
307,시스템반도체,1.58,456010,아이씨티케이 *,테마 편입 사유,25800.0,"상승  4,450",20.84,25800.0,25850.0,18092203.0,474597.0,14497992.0,,,0.824204,2.0333122,"6,191.92",-34.13,-0.55,2026-04-17 15:33:16
307,시스템반도체,1.58,052860,아이앤씨 *,테마 편입 사유,5970.0,상승  880,17.29,5830.0,5850.0,559175.0,3142.0,563860.0,,,0.824204,2.0333122,"6,191.92",-34.13,-0.55,2026-04-17 15:33:16
307,시스템반도체,1.58,098460,고영 *,테마 편입 사유,33000.0,"상승  3,400",11.49,32700.0,32750.0,13304664.0,437699.0,1179822.0,,,0.824204,2.0333122,"6,191.92",-34.13,-0.55,2026-04-17 15:33:16
307,시스템반도체,1.58,131970,두산테스나 *,테마 편입 사유,111800.0,"상승  11,300",11.24,111900.0,112000.0,684256.0,74050.0,457118.0,,,0.824204,2.0333122,"6,191.92",-34.13,-0.55,2026-04-17 15:33:16
307,시스템반도체,1.58,094170,동운아나텍 *,테마 편입 사유,41900.0,"상승  4,100",10.85,41900.0,41950.0,453504.0,18065.0,425900.0,,,0.824204,2.0333122,"6,191.92",-34.13,-0.55,2026-04-17 15:33:16
307,시스템반도체,1.58,033170,시그네틱스 *,테마 편입 사유,900.0,상승  57,6.76,904.0,905.0,2693559.0,2410.0,1064343.0,,,0.824204,2.0333122,"6,191.92",-34.13,-0.55,2026-04-17 15:33:16
307,시스템반도체,1.58,101490,에스앤에스텍 *,테마 편입 사유,105100.0,"상승  6,100",6.16,105200.0,105300.0,423574.0,44542.0,329828.0,,,0.824204,2.0333122,"6,191.92",-34.13,-0.55,2026-04-17 15:33:16
307,시스템반도체,1.58,490470,세미파이브 *,테마 편입 사유,38100.0,"상승  1,550",4.24,38000.0,38050.0,2316151.0,86232.0,3233257.0,,,0.824204,2.0333122,"6,191.92",-34.13,-0.55,2026-04-17 15:33:16
307,시스템반도체,1.58,067310,하나마이크론 *,테마 편입 사유,36050.0,"상승  1,400",4.04,36100.0,36150.0,2793290.0,100108.0,1892669.0,,,0.824204,2.0333122,"6,191.92",-34.13,-0.55,2026-04-17 15:33:16
307,시스템반도체,1.58,429270,시지트로닉스 *,테마 편입 사유,7000.0,상승  250,3.7,6980.0,6990.0,553109.0,3882.0,1024690.0,,,0.824204,2.0333122,"6,191.92",-34.13,-0.55,2026-04-17 15:33:16
307,시스템반도체,1.58,000990,DB하이텍,테마 편입 사유,106900.0,"상승  3,400",3.29,106300.0,106400.0,401203.0,42029.0,671339.0,,,0.824204,2.0333122,"6,191.92",-34.13,-0.55,2026-04-17 15:33:16
307,시스템반도체,1.58,200710,에이디테크놀로지 *,테마 편입 사유,54500.0,"상승  1,600",3.02,54800.0,54900.0,315216.0,16982.0,275285.0,,,0.824204,2.0333122,"6,191.92",-34.13,-0.55,2026-04-17 15:33:16
307,시스템반도체,1.58,440110,파두 *,테마 편입 사유,59000.0,"상승  1,400",2.43,58700.0,58800.0,978534.0,58742.0,821687.0,,,0.824204,2.0333122,"6,191.92",-34.13,-0.55,2026-04-17 15:33:16
307,시스템반도체,1.58,394280,오픈엣지테크놀로지 *,테마 편입 사유,17350.0,상승  410,2.42,17320.0,17330.0,179996.0,3076.0,208391.0,,,0.824204,2.0333122,"6,191.92",-34.13,-0.55,2026-04-17 15:33:16
307,시스템반도체,1.58,061970,LB세미콘 *,테마 편입 사유,5040.0,상승  115,2.34,5010.0,5020.0,464646.0,2311.0,597936.0,,,0.824204,2.0333122,"6,191.92",-34.13,-0.55,2026-04-17 15:33:16
307,시스템반도체,1.58,220260,켐트로스 *,테마 편입 사유,6020.0,상승  120,2.03,6000.0,6010.0,477503.0,2860.0,335918.0,,,0.824204,2.0333122,"6,191.92",-34.13,-0.55,2026-04-17 15:33:16
307,시스템반도체,1.58,033640,네패스 *,테마 편입 사유,26650.0,상승  500,1.91,26650.0,26750.0,311491.0,8347.0,625970.0,,,0.824204,2.0333122,"6,191.92",-34.13,-0.55,2026-04-17 15:33:16
307,시스템반도체,1.58,093640,케이알엠 *,테마 편입 사유,4280.0,상승  80,1.9,4265.0,4275.0,65819.0,279.0,73830.0,,,0.824204,2.0333122,"6,191.92",-34.13,-0.55,2026-04-17 15:33:16
307,시스템반도체,1.58,108320,LX세미콘,테마 편입 사유,54600.0,"상승  1,000",1.87,54300.0,54400.0,80606.0,4350.0,171588.0,,,0.824204,2.0333122,"6,191.92",-34.13,-0.55,2026-04-17 15:33:16
307,시스템반도체,1.58,045970,코아시아 *,테마 편입 사유,5470.0,상승  100,1.86,5450.0,5480.0,172681.0,942.0,259969.0,,,0.824204,2.0333122,"6,191.92",-34.13,-0.55,2026-04-17 15:33:16
307,시스템반도체,1.58,405100,큐알티 *,테마 편입 사유,21350.0,상승  350,1.67,21300.0,21400.0,155789.0,3281.0,276454.0,,,0.824204,2.0333122,"6,191.92",-34.13,-0.55,2026-04-17 15:33:16
307,시스템반도체,1.58,117670,알파칩스 *,테마 편입 사유,18330.0,상승  300,1.66,18340.0,18400.0,54368.0,991.0,106146.0,,,0.824204,2.0333122,"6,191.92",-34.13,-0.55,2026-04-17 15:33:16
307,시스템반도체,1.58,399720,가온칩스 *,테마 편입 사유,63400.0,"상승  1,000",1.6,63400.0,63500.0,106591.0,6706.0,101491.0,,,0.824204,2.0333122,"6,191.92",-34.13,-0.55,2026-04-17 15:33:16
307,시스템반도체,1.58,097800,윈팩 *,테마 편입 사유,480.0,상승  6,1.27,477.0,481.0,1984842.0,949.0,2163557.0,,,0.824204,2.0333122,"6,191.92",-34.13,-0.55,2026-04-17 15:33:16
307,시스템반도체,1.58,464500,아이언디바이스 *,테마 편입 사유,3700.0,상승  45,1.23,3660.0,3690.0,114376.0,421.0,168624.0,,,0.824204,2.0333122,"6,191.92",-34.13,-0.55,2026-04-17 15:33:16
307,시스템반도체,1.58,094360,칩스앤미디어 *,테마 편입 사유,17700.0,상승  210,1.2,17450.0,17480.0,102187.0,1773.0,108112.0,,,0.824204,2.0333122,"6,191.92",-34.13,-0.55,2026-04-17 15:33:16
307,시스템반도체,1.58,054450,텔레칩스 *,테마 편입 사유,13550.0,상승  120,0.89,13480.0,13490.0,77577.0,1041.0,88393.0,,,0.824204,2.0333122,"6,191.92",-34.13,-0.55,2026-04-17 15:33:16
307,시스템반도체,1.58,036540,SFA반도체 *,테마 편입 사유,7340.0,상승  40,0.55,7330.0,7340.0,2093502.0,15234.0,4107404.0,,,0.824204,2.0333122,"6,191.92",-34.13,-0.55,2026-04-17 15:33:16
307,시스템반도체,1.58,058470,리노공업 *,테마 편입 사유,115300.0,상승  300,0.26,114800.0,114900.0,436438.0,49980.0,606432.0,,,0.824204,2.0333122,"6,191.92",-34.13,-0.55,2026-04-17 15:33:16
307,시스템반도체,1.58,115610,이미지스 *,테마 편입 사유,1339.0,보합0,0.0,0.0,0.0,0.0,0.0,0.0,,,0.824204,2.0333122,"6,191.92",-34.13,-0.55,2026-04-17 15:33:16
307,시스템반도체,1.58,038880,아이에이 *,테마 편입 사유,135.0,보합0,0.0,0.0,0.0,0.0,0.0,0.0,,,0.824204,2.0333122,"6,191.92",-34.13,-0.55,2026-04-17 15:33:16
307,시스템반도체,1.58,303030,지니틱스 *,테마 편입 사유,748.0,보합0,0.0,0.0,0.0,0.0,0.0,0.0,,,0.824204,2.0333122,"6,191.92",-34.13,-0.55,2026-04-17 15:33:16
307,시스템반도체,1.58,234030,싸이닉솔루션 *,테마 편입 사유,7370.0,하락  20,-0.27,7410.0,7420.0,110096.0,810.0,211250.0,,,0.824204,2.0333122,"6,191.92",-34.13,-0.55,2026-04-17 15:33:16
307,시스템반도체,1.58,330860,네패스아크 *,테마 편입 사유,33200.0,하락  100,-0.3,33400.0,33450.0,623141.0,21773.0,345439.0,,,0.824204,2.0333122,"6,191.92",-34.13,-0.55,2026-04-17 15:33:16
307,시스템반도체,1.58,102120,어보브반도체 *,테마 편입 사유,12280.0,하락  40,-0.32,12270.0,12280.0,238257.0,2917.0,376731.0,,,0.824204,2.0333122,"6,191.92",-34.13,-0.55,2026-04-17 15:33:16
307,시스템반도체,1.58,123860,아나패스 *,테마 편입 사유,17910.0,하락  60,-0.33,17920.0,17950.0,43308.0,771.0,21396.0,,,0.824204,2.0333122,"6,191.92",-34.13,-0.55,2026-04-17 15:33:16
307,시스템반도체,1.58,389020,자람테크놀로지 *,테마 편입 사유,56900.0,하락  200,-0.35,57100.0,57200.0,113279.0,6483.0,220690.0,,,0.824204,2.0333122,"6,191.92",-34.13,-0.55,2026-04-17 15:33:16
307,시스템반도체,1.58,119830,아이텍 *,테마 편입 사유,7100.0,하락  30,-0.42,7090.0,7100.0,137708.0,981.0,259880.0,,,0.824204,2.0333122,"6,191.92",-34.13,-0.55,2026-04-17 15:33:16
307,시스템반도체,1.58,005930,삼성전자,테마 편입 사유,216000.0,"하락  1,500",-0.69,216500.0,217000.0,15537202.0,3364162.0,21499788.0,,,0.824204,2.0333122,"6,191.92",-34.13,-0.55,2026-04-17 15:33:16
307,시스템반도체,1.58,172670,에이엘티 *,테마 편입 사유,12680.0,하락  90,-0.7,12600.0,12610.0,82842.0,1039.0,372141.0,,,0.824204,2.0333122,"6,191.92",-34.13,-0.55,2026-04-17 15:33:16
307,시스템반도체,1.58,452430,사피엔반도체 *,테마 편입 사유,34150.0,하락  250,-0.73,33700.0,33850.0,47137.0,1596.0,95270.0,,,0.824204,2.0333122,"6,191.92",-34.13,-0.55,2026-04-17 15:33:16
307,시스템반도체,1.58,003160,디아이,테마 편입 사유,31700.0,하락  250,-0.78,31650.0,31750.0,205330.0,6476.0,231774.0,,,0.824204,2.0333122,"6,191.92",-34.13,-0.55,2026-04-17 15:33:16
307,시스템반도체,1.58,396270,넥스트칩 *,테마 편입 사유,5000.0,하락  40,-0.79,5000.0,5010.0,633677.0,3154.0,782438.0,,,0.824204,2.0333122,"6,191.92",-34.13,-0.55,2026-04-17 15:33:16
307,시스템반도체,1.58,254490,미래반도체 *,테마 편입 사유,18270.0,하락  160,-0.87,18240.0,18250.0,63294.0,1152.0,112990.0,,,0.824204,2.0333122,"6,191.92",-34.13,-0.55,2026-04-17 15:33:16
307,시스템반도체,1.58,226590,엠디바이스 *,테마 편입 사유,28550.0,하락  250,-0.87,28550.0,28600.0,192322.0,5538.0,338085.0,,,0.824204,2.0333122,"6,191.92",-34.13,-0.55,2026-04-17 15:33:16
307,시스템반도체,1.58,080520,오디텍 *,테마 편입 사유,4340.0,하락  40,-0.91,4335.0,4355.0,276665.0,1190.0,487550.0,,,0.824204,2.0333122,"6,191.92",-34.13,-0.55,2026-04-17 15:33:16
307,시스템반도체,1.58,432720,퀄리타스반도체 *,테마 편입 사유,19100.0,하락  210,-1.09,19120.0,19130.0,1077322.0,20500.0,2301335.0,,,0.824204,2.0333122,"6,191.92",-34.13,-0.55,2026-04-17 15:33:16
307,시스템반도체,1.58,445090,에이직랜드 *,테마 편입 사유,29350.0,하락  350,-1.18,29250.0,29300.0,48882.0,1425.0,158019.0,,,0.824204,2.0333122,"6,191.92",-34.13,-0.55,2026-04-17 15:33:16
307,시스템반도체,1.58,093520,매커스 *,테마 편입 사유,24150.0,하락  300,-1.23,24150.0,24200.0,38121.0,926.0,31083.0,,,0.824204,2.0333122,"6,191.92",-34.13,-0.55,2026-04-17 15:33:16
307,시스템반도체,1.58,042700,한미반도체,테마 편입 사유,286500.0,"하락  5,500",-1.88,286000.0,286500.0,359134.0,103039.0,458794.0,,,0.824204,2.0333122,"6,191.92",-34.13,-0.55,2026-04-17 15:33:16
307,시스템반도체,1.58,089030,테크윙 *,테마 편입 사유,56300.0,"하락  1,100",-1.92,56500.0,56600.0,665245.0,37589.0,1232472.0,,,0.824204,2.0333122,"6,191.92",-34.13,-0.55,2026-04-17 15:33:16
307,시스템반도체,1.58,000660,SK하이닉스,테마 편입 사유,1128000.0,"하락  27,000",-2.34,1132000.0,1133000.0,2713265.0,3085234.0,2901319.0,,,0.824204,2.0333122,"6,191.92",-34.13,-0.55,2026-04-17 15:33:16
307,시스템반도체,1.58,059120,아진엑스텍 *,테마 편입 사유,7510.0,하락  190,-2.47,7510.0,7530.0,272224.0,2044.0,513625.0,,,0.824204,2.0333122,"6,191.92",-34.13,-0.55,2026-04-17 15:33:16
307,시스템반도체,1.58,092600,앤씨앤 *,테마 편입 사유,1142.0,하락  50,-4.19,1145.0,1150.0,753308.0,851.0,1222550.0,,,0.824204,2.0333122,"6,191.92",-34.13,-0.55,2026-04-17 15:33:16
307,시스템반도체,1.58,319660,피에스케이 *,테마 편입 사유,84700.0,"하락  4,500",-5.04,84100.0,84200.0,321468.0,27376.0,412499.0,,,0.824204,2.0333122,"6,191.92",-34.13,-0.55,2026-04-17 15:33:16
307,시스템반도체,1.58,317120,라닉스 *,테마 편입 사유,2655.0,하락  355,-11.79,2635.0,2640.0,4959873.0,13006.0,13189648.0,,,0.824204,2.0333122,"6,191.92",-34.13,-0.55,2026-04-17 15:33:16
373,5G(5세대 이동통신),1.68,049080,기가레인 *,테마 편입 사유,2600.0,상한가  600,30.0,2545.0,2550.0,79102338.0,177927.0,29361683.0,,,0.568068,1.9924374,"6,191.92",-34.13,-0.55,2026-04-17 15:33:16
373,5G(5세대 이동통신),1.68,069540,빛과전자 *,테마 편입 사유,5860.0,"상한가  1,350",29.93,5860.0,0.0,71041443.0,366968.0,83224654.0,,,0.568068,1.9924374,"6,191.92",-34.13,-0.55,2026-04-17 15:33:16
373,5G(5세대 이동통신),1.68,095270,웨이브일렉트로 *,테마 편입 사유,9070.0,상승  680,8.1,9020.0,9040.0,951578.0,8592.0,1521037.0,,,0.568068,1.9924374,"6,191.92",-34.13,-0.55,2026-04-17 15:33:16
373,5G(5세대 이동통신),1.68,332570,PS일렉트로닉스 *,테마 편입 사유,7290.0,상승  500,7.36,7280.0,7290.0,10231389.0,73095.0,2968040.0,,,0.568068,1.9924374,"6,191.92",-34.13,-0.55,2026-04-17 15:33:16
373,5G(5세대 이동통신),1.68,073540,에프알텍 *,테마 편입 사유,4985.0,상승  330,7.09,4960.0,4965.0,631649.0,3001.0,1656011.0,,,0.568068,1.9924374,"6,191.92",-34.13,-0.55,2026-04-17 15:33:16
373,5G(5세대 이동통신),1.68,065440,이루온 *,테마 편입 사유,3440.0,상승  190,5.85,3460.0,3470.0,5903436.0,19261.0,7015938.0,,,0.568068,1.9924374,"6,191.92",-34.13,-0.55,2026-04-17 15:33:16
373,5G(5세대 이동통신),1.68,138080,오이솔루션 *,테마 편입 사유,44600.0,"상승  2,250",5.31,44350.0,44400.0,635019.0,27421.0,740940.0,,,0.568068,1.9924374,"6,191.92",-34.13,-0.55,2026-04-17 15:33:16
373,5G(5세대 이동통신),1.68,073490,LIG아큐버 *,테마 편입 사유,47850.0,"상승  2,300",5.05,47700.0,47750.0,357876.0,17109.0,247522.0,,,0.568068,1.9924374,"6,191.92",-34.13,-0.55,2026-04-17 15:33:16
373,5G(5세대 이동통신),1.68,037460,삼지전자 *,테마 편입 사유,31450.0,"상승  1,500",5.01,31250.0,31450.0,238657.0,7416.0,259460.0,,,0.568068,1.9924374,"6,191.92",-34.13,-0.55,2026-04-17 15:33:16
373,5G(5세대 이동통신),1.68,178920,PI첨단소재,테마 편입 사유,25750.0,"상승  1,150",4.67,25700.0,25750.0,383654.0,9849.0,185284.0,,,0.568068,1.9924374,"6,191.92",-34.13,-0.55,2026-04-17 15:33:16
373,5G(5세대 이동통신),1.68,153460,네이블 *,테마 편입 사유,11210.0,상승  460,4.28,11080.0,11150.0,291679.0,3133.0,383147.0,,,0.568068,1.9924374,"6,191.92",-34.13,-0.55,2026-04-17 15:33:16
373,5G(5세대 이동통신),1.68,289930,웨이비스 *,테마 편입 사유,19880.0,상승  780,4.08,19820.0,19830.0,389936.0,7646.0,200246.0,,,0.568068,1.9924374,"6,191.92",-34.13,-0.55,2026-04-17 15:33:16
373,5G(5세대 이동통신),1.68,377330,이지트로닉스 *,테마 편입 사유,3880.0,상승  145,3.88,3840.0,3865.0,43592.0,167.0,26122.0,,,0.568068,1.9924374,"6,191.92",-34.13,-0.55,2026-04-17 15:33:16
373,5G(5세대 이동통신),1.68,010170,대한광통신 *,테마 편입 사유,15580.0,상승  560,3.73,15830.0,15840.0,48600184.0,772430.0,71057358.0,,,0.568068,1.9924374,"6,191.92",-34.13,-0.55,2026-04-17 15:33:16
373,5G(5세대 이동통신),1.68,032640,LG유플러스,테마 편입 사유,17600.0,상승  470,2.74,17610.0,17640.0,811972.0,14252.0,1106533.0,,,0.568068,1.9924374,"6,191.92",-34.13,-0.55,2026-04-17 15:33:16
373,5G(5세대 이동통신),1.68,264450,유비쿼스 *,테마 편입 사유,15870.0,상승  420,2.72,15880.0,15890.0,223646.0,3513.0,597285.0,,,0.568068,1.9924374,"6,191.92",-34.13,-0.55,2026-04-17 15:33:16
373,5G(5세대 이동통신),1.68,017670,SK텔레콤,테마 편입 사유,98300.0,"상승  2,400",2.5,97800.0,97900.0,843371.0,82759.0,933706.0,,,0.568068,1.9924374,"6,191.92",-34.13,-0.55,2026-04-17 15:33:16
373,5G(5세대 이동통신),1.68,032500,케이엠더블유 *,테마 편입 사유,30800.0,상승  700,2.33,30600.0,30650.0,425467.0,13046.0,1349982.0,,,0.568068,1.9924374,"6,191.92",-34.13,-0.55,2026-04-17 15:33:16
373,5G(5세대 이동통신),1.68,355150,코스텍시스 *,테마 편입 사유,19420.0,상승  420,2.21,19370.0,19400.0,239075.0,4687.0,356394.0,,,0.568068,1.9924374,"6,191.92",-34.13,-0.55,2026-04-17 15:33:16
373,5G(5세대 이동통신),1.68,088280,쏘닉스 *,테마 편입 사유,5310.0,상승  110,2.12,5290.0,5340.0,919083.0,4924.0,2107823.0,,,0.568068,1.9924374,"6,191.92",-34.13,-0.55,2026-04-17 15:33:16
373,5G(5세대 이동통신),1.68,229640,LS에코에너지,테마 편입 사유,57700.0,"상승  1,200",2.12,57100.0,57200.0,350103.0,20015.0,841244.0,,,0.568068,1.9924374,"6,191.92",-34.13,-0.55,2026-04-17 15:33:16
373,5G(5세대 이동통신),1.68,091440,한울소재과학 *,테마 편입 사유,3255.0,상승  55,1.72,3200.0,3215.0,442452.0,1425.0,1138932.0,,,0.568068,1.9924374,"6,191.92",-34.13,-0.55,2026-04-17 15:33:16
373,5G(5세대 이동통신),1.68,061040,알에프텍 *,테마 편입 사유,2185.0,상승  30,1.39,2195.0,2205.0,858177.0,1865.0,2229770.0,,,0.568068,1.9924374,"6,191.92",-34.13,-0.55,2026-04-17 15:33:16
373,5G(5세대 이동통신),1.68,050890,쏠리드 *,테마 편입 사유,16870.0,상승  200,1.2,16880.0,16900.0,7639995.0,130774.0,11597037.0,,,0.568068,1.9924374,"6,191.92",-34.13,-0.55,2026-04-17 15:33:16
373,5G(5세대 이동통신),1.68,122990,와이솔 *,테마 편입 사유,7650.0,상승  90,1.19,7610.0,7620.0,87063.0,661.0,152865.0,,,0.568068,1.9924374,"6,191.92",-34.13,-0.55,2026-04-17 15:33:16
373,5G(5세대 이동통신),1.68,230240,에치에프알 *,테마 편입 사유,30800.0,상승  350,1.15,30700.0,30750.0,641523.0,20205.0,602745.0,,,0.568068,1.9924374,"6,191.92",-34.13,-0.55,2026-04-17 15:33:16
373,5G(5세대 이동통신),1.68,115440,우리넷 *,테마 편입 사유,14910.0,상승  170,1.15,14990.0,15000.0,1871409.0,27507.0,3390309.0,,,0.568068,1.9924374,"6,191.92",-34.13,-0.55,2026-04-17 15:33:16
373,5G(5세대 이동통신),1.68,353200,대덕전자,테마 편입 사유,94300.0,"상승  1,000",1.07,94000.0,94100.0,1199064.0,112504.0,2213242.0,,,0.568068,1.9924374,"6,191.92",-34.13,-0.55,2026-04-17 15:33:16
373,5G(5세대 이동통신),1.68,192410,오늘이엔엠 *,테마 편입 사유,7700.0,상승  80,1.05,7650.0,7660.0,133880.0,1033.0,287190.0,,,0.568068,1.9924374,"6,191.92",-34.13,-0.55,2026-04-17 15:33:16
373,5G(5세대 이동통신),1.68,030200,KT,테마 편입 사유,63900.0,상승  300,0.47,64200.0,64300.0,222571.0,14275.0,331974.0,,,0.568068,1.9924374,"6,191.92",-34.13,-0.55,2026-04-17 15:33:16
373,5G(5세대 이동통신),1.68,173130,오파스넷 *,테마 편입 사유,8080.0,상승  30,0.37,8050.0,8070.0,122228.0,981.0,237094.0,,,0.568068,1.9924374,"6,191.92",-34.13,-0.55,2026-04-17 15:33:16
373,5G(5세대 이동통신),1.68,060370,LS마린솔루션 *,테마 편입 사유,32350.0,상승  50,0.15,32300.0,32350.0,205106.0,6574.0,293835.0,,,0.568068,1.9924374,"6,191.92",-34.13,-0.55,2026-04-17 15:33:16
373,5G(5세대 이동통신),1.68,178320,서진시스템 *,테마 편입 사유,50200.0,보합0,0.0,50200.0,50300.0,1978418.0,99262.0,3799461.0,,,0.568068,1.9924374,"6,191.92",-34.13,-0.55,2026-04-17 15:33:16
373,5G(5세대 이동통신),1.68,321370,센서뷰 *,테마 편입 사유,2940.0,보합0,0.0,0.0,0.0,0.0,0.0,0.0,,,0.568068,1.9924374,"6,191.92",-34.13,-0.55,2026-04-17 15:33:16
373,5G(5세대 이동통신),1.68,218410,RFHIC *,테마 편입 사유,93300.0,하락  100,-0.11,92900.0,93000.0,313275.0,29562.0,489695.0,,,0.568068,1.9924374,"6,191.92",-34.13,-0.55,2026-04-17 15:33:16
373,5G(5세대 이동통신),1.68,065770,CS *,테마 편입 사유,1860.0,하락  5,-0.27,1870.0,1872.0,3817269.0,6871.0,6104998.0,,,0.568068,1.9924374,"6,191.92",-34.13,-0.55,2026-04-17 15:33:16
373,5G(5세대 이동통신),1.68,389020,자람테크놀로지 *,테마 편입 사유,56900.0,하락  200,-0.35,57100.0,57200.0,113279.0,6483.0,220690.0,,,0.568068,1.9924374,"6,191.92",-34.13,-0.55,2026-04-17 15:33:16
373,5G(5세대 이동통신),1.68,088800,에이스테크 *,테마 편입 사유,5550.0,하락  30,-0.54,5550.0,5560.0,1473250.0,8233.0,3374744.0,,,0.568068,1.9924374,"6,191.92",-34.13,-0.55,2026-04-17 15:33:16
373,5G(5세대 이동통신),1.68,065530,와이어블 *,테마 편입 사유,2445.0,하락  15,-0.61,2430.0,2440.0,1323694.0,3117.0,4202608.0,,,0.568068,1.9924374,"6,191.92",-34.13,-0.55,2026-04-17 15:33:16
373,5G(5세대 이동통신),1.68,005930,삼성전자,테마 편입 사유,216000.0,"하락  1,500",-0.69,216500.0,217000.0,15537202.0,3364162.0,21499788.0,,,0.568068,1.9924374,"6,191.92",-34.13,-0.55,2026-04-17 15:33:16
373,5G(5세대 이동통신),1.68,078000,텔코웨어,테마 편입 사유,17770.0,하락  150,-0.84,17620.0,17690.0,16452.0,291.0,19402.0,,,0.568068,1.9924374,"6,191.92",-34.13,-0.55,2026-04-17 15:33:16
373,5G(5세대 이동통신),1.68,056360,코위버 *,테마 편입 사유,10700.0,하락  150,-1.38,10630.0,10650.0,899380.0,9384.0,2872657.0,,,0.568068,1.9924374,"6,191.92",-34.13,-0.55,2026-04-17 15:33:16
373,5G(5세대 이동통신),1.68,066570,LG전자,테마 편입 사유,124200.0,"하락  1,800",-1.43,123800.0,123900.0,519447.0,64397.0,862043.0,,,0.568068,1.9924374,"6,191.92",-34.13,-0.55,2026-04-17 15:33:16
373,5G(5세대 이동통신),1.68,175140,휴먼테크놀로지 *,테마 편입 사유,4090.0,하락  75,-1.8,4090.0,4105.0,47561.0,196.0,128158.0,,,0.568068,1.9924374,"6,191.92",-34.13,-0.55,2026-04-17 15:33:16
373,5G(5세대 이동통신),1.68,069410,엔텔스 *,테마 편입 사유,5190.0,하락  100,-1.89,5140.0,5150.0,75097.0,388.0,127979.0,,,0.568068,1.9924374,"6,191.92",-34.13,-0.55,2026-04-17 15:33:16
373,5G(5세대 이동통신),1.68,007660,이수페타시스,테마 편입 사유,120300.0,"하락  2,400",-1.96,120200.0,120300.0,500886.0,60394.0,737641.0,,,0.568068,1.9924374,"6,191.92",-34.13,-0.55,2026-04-17 15:33:16
373,5G(5세대 이동통신),1.68,062970,한국첨단소재 *,테마 편입 사유,3490.0,하락  75,-2.1,3500.0,3505.0,8348854.0,29190.0,17014572.0,,,0.568068,1.9924374,"6,191.92",-34.13,-0.55,2026-04-17 15:33:16
373,5G(5세대 이동통신),1.68,340360,다보링크 *,테마 편입 사유,1615.0,하락  51,-3.06,1619.0,1620.0,772389.0,1258.0,1506321.0,,,0.568068,1.9924374,"6,191.92",-34.13,-0.55,2026-04-17 15:33:16
373,5G(5세대 이동통신),1.68,052460,아이크래프트 *,테마 편입 사유,3910.0,하락  130,-3.22,3910.0,3915.0,250141.0,983.0,463665.0,,,0.568068,1.9924374,"6,191.92",-34.13,-0.55,2026-04-17 15:33:16
373,5G(5세대 이동통신),1.68,035460,기산텔레콤 *,테마 편입 사유,4560.0,하락  160,-3.39,4570.0,4575.0,1356066.0,6102.0,3561738.0,,,0.568068,1.9924374,"6,191.92",-34.13,-0.55,2026-04-17 15:33:16
373,5G(5세대 이동통신),1.68,242040,나무기술 *,테마 편입 사유,5600.0,하락  340,-5.72,5600.0,5610.0,1818978.0,10213.0,5904654.0,,,0.568068,1.9924374,"6,191.92",-34.13,-0.55,2026-04-17 15:33:16
373,5G(5세대 이동통신),1.68,215790,이노인스트루먼트 *,테마 편입 사유,2780.0,하락  260,-8.55,2830.0,2835.0,46822261.0,126640.0,31110811.0,,,0.568068,1.9924374,"6,191.92",-34.13,-0.55,2026-04-17 15:33:16
373,5G(5세대 이동통신),1.68,046970,우리로 *,테마 편입 사유,12970.0,"하락  1,230",-8.66,13100.0,13110.0,52238350.0,676339.0,0.0,,,0.568068,1.9924374,"6,191.92",-34.13,-0.55,2026-04-17 15:33:16
373,5G(5세대 이동통신),1.68,388790,라이콤 *,테마 편입 사유,7170.0,"하락  1,230",-14.64,7180.0,7200.0,2772150.0,19717.0,0.0,,,0.568068,1.9924374,"6,191.92",-34.13,-0.55,2026-04-17 15:33:16
483,야놀자(Yanolja),1.75,027360,아주IB투자 *,테마 편입 사유,11930.0,상승  960,8.75,12040.0,12050.0,40158024.0,495650.0,8545767.0,,,0.408392,1.9746156,"6,191.92",-34.13,-0.55,2026-04-17 15:33:16
483,야놀자(Yanolja),1.75,035080,그래디언트 *,테마 편입 사유,12220.0,상승  230,1.92,12210.0,12240.0,39702.0,481.0,31641.0,,,0.408392,1.9746156,"6,191.92",-34.13,-0.55,2026-04-17 15:33:16
483,야놀자(Yanolja),1.75,003530,한화투자증권,테마 편입 사유,7550.0,보합0,0.0,7530.0,7540.0,1377207.0,10315.0,2578637.0,,,0.408392,1.9746156,"6,191.92",-34.13,-0.55,2026-04-17 15:33:16
483,야놀자(Yanolja),1.75,019550,SBI인베스트먼트 *,테마 편입 사유,628.0,하락  2,-0.32,626.0,628.0,1068482.0,666.0,1182245.0,,,0.408392,1.9746156,"6,191.92",-34.13,-0.55,2026-04-17 15:33:16
483,야놀자(Yanolja),1.75,088350,한화생명,테마 편입 사유,4900.0,하락  80,-1.61,4890.0,4895.0,2600779.0,12729.0,6033521.0,,,0.408392,1.9746156,"6,191.92",-34.13,-0.55,2026-04-17 15:33:16
126,통신,1.91,032640,LG유플러스,테마 편입 사유,17600.0,상승  470,2.74,17610.0,17640.0,811972.0,14252.0,1106533.0,,,0.117303,1.97451665,"6,191.92",-34.13,-0.55,2026-04-17 15:33:16
126,통신,1.91,017670,SK텔레콤,테마 편입 사유,98300.0,"상승  2,400",2.5,97800.0,97900.0,843371.0,82759.0,933706.0,,,0.117303,1.97451665,"6,191.92",-34.13,-0.55,2026-04-17 15:33:16
126,통신,1.91,030200,KT,테마 편입 사유,63900.0,상승  300,0.47,64200.0,64300.0,222571.0,14275.0,331974.0,,,0.117303,1.97451665,"6,191.92",-34.13,-0.55,2026-04-17 15:33:16
378,건설기계,1.59,017550,수산세보틱스,테마 편입 사유,3280.0,상승  255,8.43,3285.0,3290.0,18394191.0,60647.0,5317510.0,,,0.410589,1.81582395,"6,191.92",-34.13,-0.55,2026-04-17 15:33:16
378,건설기계,1.59,003010,혜인,테마 편입 사유,6180.0,상승  190,3.17,6180.0,6200.0,193141.0,1180.0,148988.0,,,0.410589,1.81582395,"6,191.92",-34.13,-0.55,2026-04-17 15:33:16
378,건설기계,1.59,317850,대모 *,테마 편입 사유,9730.0,상승  210,2.21,9690.0,9700.0,281953.0,2709.0,195323.0,,,0.410589,1.81582395,"6,191.92",-34.13,-0.55,2026-04-17 15:33:16
378,건설기계,1.59,079900,전진건설로봇,테마 편입 사유,68700.0,"상승  1,400",2.08,68700.0,68800.0,218407.0,14857.0,168437.0,,,0.410589,1.81582395,"6,191.92",-34.13,-0.55,2026-04-17 15:33:16
378,건설기계,1.59,020400,대동금속 *,테마 편입 사유,6540.0,상승  130,2.03,6390.0,6420.0,124302.0,771.0,214014.0,,,0.410589,1.81582395,"6,191.92",-34.13,-0.55,2026-04-17 15:33:16
378,건설기계,1.59,267270,HD건설기계,테마 편입 사유,162900.0,"상승  3,200",2.0,162300.0,162400.0,391837.0,63347.0,277973.0,,,0.410589,1.81582395,"6,191.92",-34.13,-0.55,2026-04-17 15:33:16
378,건설기계,1.59,053160,프리엠스 *,테마 편입 사유,9520.0,상승  140,1.49,9510.0,9520.0,45145.0,428.0,45792.0,,,0.410589,1.81582395,"6,191.92",-34.13,-0.55,2026-04-17 15:33:16
378,건설기계,1.59,210540,디와이파워,테마 편입 사유,15470.0,상승  220,1.44,15420.0,15430.0,110792.0,1698.0,48321.0,,,0.410589,1.81582395,"6,191.92",-34.13,-0.55,2026-04-17 15:33:16
378,건설기계,1.59,241560,두산밥캣,테마 편입 사유,71400.0,상승  800,1.13,71500.0,71600.0,262259.0,18711.0,275411.0,,,0.410589,1.81582395,"6,191.92",-34.13,-0.55,2026-04-17 15:33:16
378,건설기계,1.59,019770,서연탑메탈 *,테마 편입 사유,4185.0,상승  45,1.09,4175.0,4190.0,141851.0,594.0,87199.0,,,0.410589,1.81582395,"6,191.92",-34.13,-0.55,2026-04-17 15:33:16
378,건설기계,1.59,041440,현대에버다임 *,테마 편입 사유,9460.0,상승  100,1.07,9440.0,9460.0,391493.0,3673.0,441396.0,,,0.410589,1.81582395,"6,191.92",-34.13,-0.55,2026-04-17 15:33:16
378,건설기계,1.59,015230,대창단조,테마 편입 사유,7030.0,상승  50,0.72,7000.0,7020.0,70264.0,489.0,73908.0,,,0.410589,1.81582395,"6,191.92",-34.13,-0.55,2026-04-17 15:33:16
378,건설기계,1.59,109860,동일금속 *,테마 편입 사유,7400.0,상승  50,0.68,7380.0,7400.0,4908.0,36.0,12597.0,,,0.410589,1.81582395,"6,191.92",-34.13,-0.55,2026-04-17 15:33:16
378,건설기계,1.59,036890,진성티이씨 *,테마 편입 사유,17630.0,보합0,0.0,17630.0,17660.0,209565.0,3644.0,143591.0,,,0.410589,1.81582395,"6,191.92",-34.13,-0.55,2026-04-17 15:33:16
378,건설기계,1.59,010240,흥국 *,테마 편입 사유,5900.0,하락  20,-0.34,5910.0,5920.0,31694.0,186.0,49357.0,,,0.410589,1.81582395,"6,191.92",-34.13,-0.55,2026-04-17 15:33:16
378,건설기계,1.59,012210,삼미금속 *,테마 편입 사유,14390.0,하락  260,-1.77,14380.0,14390.0,188789.0,2707.0,617961.0,,,0.410589,1.81582395,"6,191.92",-34.13,-0.55,2026-04-17 15:33:16
417,아프리카 돼지열병(ASF),1.68,331920,셀레믹스 *,테마 편입 사유,15980.0,"상승  2,980",22.92,16140.0,16160.0,869226.0,13887.0,550875.0,,,0.219328,1.8006304,"6,191.92",-34.13,-0.55,2026-04-17 15:33:16
417,아프리카 돼지열병(ASF),1.68,041960,코미팜 *,테마 편입 사유,10310.0,"상승  1,200",13.17,10260.0,10270.0,2443669.0,25188.0,308842.0,,,0.219328,1.8006304,"6,191.92",-34.13,-0.55,2026-04-17 15:33:16
417,아프리카 돼지열병(ASF),1.68,153710,옵티팜 *,테마 편입 사유,5850.0,상승  440,8.13,5750.0,5770.0,63740.0,356.0,37856.0,,,0.219328,1.8006304,"6,191.92",-34.13,-0.55,2026-04-17 15:33:16
417,아프리카 돼지열병(ASF),1.68,036580,팜스코,테마 편입 사유,3575.0,상승  125,3.62,3575.0,3580.0,167179.0,591.0,89943.0,,,0.219328,1.8006304,"6,191.92",-34.13,-0.55,2026-04-17 15:33:16
417,아프리카 돼지열병(ASF),1.68,060590,씨티씨바이오 *,테마 편입 사유,4160.0,상승  115,2.84,4130.0,4150.0,118880.0,493.0,116359.0,,,0.219328,1.8006304,"6,191.92",-34.13,-0.55,2026-04-17 15:33:16
417,아프리카 돼지열병(ASF),1.68,072020,중앙백신 *,테마 편입 사유,9800.0,상승  230,2.4,9810.0,9830.0,203353.0,1981.0,34504.0,,,0.219328,1.8006304,"6,191.92",-34.13,-0.55,2026-04-17 15:33:16
417,아프리카 돼지열병(ASF),1.68,036480,대성미생물 *,테마 편입 사유,7700.0,상승  170,2.26,7710.0,7730.0,32138.0,247.0,20183.0,,,0.219328,1.8006304,"6,191.92",-34.13,-0.55,2026-04-17 15:33:16
417,아프리카 돼지열병(ASF),1.68,073560,우리손에프앤지 *,테마 편입 사유,1783.0,상승  37,2.12,1773.0,1775.0,231605.0,408.0,154172.0,,,0.219328,1.8006304,"6,191.92",-34.13,-0.55,2026-04-17 15:33:16
417,아프리카 돼지열병(ASF),1.68,018620,우진비앤지 *,테마 편입 사유,759.0,상승  15,2.02,755.0,758.0,49877.0,37.0,52419.0,,,0.219328,1.8006304,"6,191.92",-34.13,-0.55,2026-04-17 15:33:16
417,아프리카 돼지열병(ASF),1.68,006980,우성,테마 편입 사유,23550.0,상승  300,1.29,23650.0,23750.0,7514.0,178.0,8616.0,,,0.219328,1.8006304,"6,191.92",-34.13,-0.55,2026-04-17 15:33:16
417,아프리카 돼지열병(ASF),1.68,035810,이지홀딩스 *,테마 편입 사유,5960.0,상승  50,0.85,5950.0,5960.0,397233.0,2360.0,266799.0,,,0.219328,1.8006304,"6,191.92",-34.13,-0.55,2026-04-17 15:33:16
417,아프리카 돼지열병(ASF),1.68,136490,선진,테마 편입 사유,10880.0,상승  80,0.74,10890.0,10920.0,92698.0,1012.0,90171.0,,,0.219328,1.8006304,"6,191.92",-34.13,-0.55,2026-04-17 15:33:16
417,아프리카 돼지열병(ASF),1.68,054670,대한뉴팜 *,테마 편입 사유,7500.0,상승  40,0.54,7510.0,7520.0,75265.0,564.0,110783.0,,,0.219328,1.8006304,"6,191.92",-34.13,-0.55,2026-04-17 15:33:16
417,아프리카 돼지열병(ASF),1.68,353810,이지바이오 *,테마 편입 사유,8000.0,상승  40,0.5,7980.0,7990.0,191554.0,1524.0,161315.0,,,0.219328,1.8006304,"6,191.92",-34.13,-0.55,2026-04-17 15:33:16
417,아프리카 돼지열병(ASF),1.68,110020,전진바이오팜 *,테마 편입 사유,2360.0,상승  10,0.43,2350.0,2360.0,43372.0,101.0,28188.0,,,0.219328,1.8006304,"6,191.92",-34.13,-0.55,2026-04-17 15:33:16
417,아프리카 돼지열병(ASF),1.68,044960,이글벳 *,테마 편입 사유,3975.0,상승  15,0.38,3965.0,3970.0,116668.0,464.0,43361.0,,,0.219328,1.8006304,"6,191.92",-34.13,-0.55,2026-04-17 15:33:16
417,아프리카 돼지열병(ASF),1.68,025870,신라에스지 *,테마 편입 사유,4600.0,상승  15,0.33,4600.0,4615.0,11833.0,55.0,18638.0,,,0.219328,1.8006304,"6,191.92",-34.13,-0.55,2026-04-17 15:33:16
417,아프리카 돼지열병(ASF),1.68,014580,태경비케이,테마 편입 사유,4670.0,상승  10,0.21,4650.0,4660.0,121101.0,563.0,92552.0,,,0.219328,1.8006304,"6,191.92",-34.13,-0.55,2026-04-17 15:33:16
417,아프리카 돼지열병(ASF),1.68,027740,마니커,테마 편입 사유,838.0,상승  1,0.12,839.0,840.0,152843.0,127.0,285244.0,,,0.219328,1.8006304,"6,191.92",-34.13,-0.55,2026-04-17 15:33:16
417,아프리카 돼지열병(ASF),1.68,033250,체시스,테마 편입 사유,999.0,보합0,0.0,0.0,0.0,0.0,0.0,0.0,,,0.219328,1.8006304,"6,191.92",-34.13,-0.55,2026-04-17 15:33:16
417,아프리카 돼지열병(ASF),1.68,208140,정다운 *,테마 편입 사유,2560.0,보합0,0.0,2555.0,2560.0,42828.0,109.0,276753.0,,,0.219328,1.8006304,"6,191.92",-34.13,-0.55,2026-04-17 15:33:16
417,아프리카 돼지열병(ASF),1.68,088910,동우팜투테이블 *,테마 편입 사유,2540.0,보합0,0.0,2525.0,2540.0,57748.0,147.0,55779.0,,,0.219328,1.8006304,"6,191.92",-34.13,-0.55,2026-04-17 15:33:16
417,아프리카 돼지열병(ASF),1.68,218150,미래생명자원 *,테마 편입 사유,3180.0,하락  10,-0.31,3190.0,3195.0,160878.0,512.0,160883.0,,,0.219328,1.8006304,"6,191.92",-34.13,-0.55,2026-04-17 15:33:16
417,아프리카 돼지열병(ASF),1.68,136480,하림 *,테마 편입 사유,3290.0,하락  15,-0.45,3290.0,3295.0,983680.0,3250.0,707499.0,,,0.219328,1.8006304,"6,191.92",-34.13,-0.55,2026-04-17 15:33:16
417,아프리카 돼지열병(ASF),1.68,086060,진바이오텍 *,테마 편입 사유,4885.0,하락  30,-0.61,4895.0,4905.0,17688.0,87.0,48285.0,,,0.219328,1.8006304,"6,191.92",-34.13,-0.55,2026-04-17 15:33:16
417,아프리카 돼지열병(ASF),1.68,900340,윙입푸드 *,테마 편입 사유,651.0,하락  7,-1.06,648.0,650.0,168380.0,109.0,377899.0,,,0.219328,1.8006304,"6,191.92",-34.13,-0.55,2026-04-17 15:33:16
417,아프리카 돼지열병(ASF),1.68,043200,파루 *,테마 편입 사유,1076.0,하락  12,-1.1,1074.0,1076.0,627159.0,676.0,1051713.0,,,0.219328,1.8006304,"6,191.92",-34.13,-0.55,2026-04-17 15:33:16
417,아프리카 돼지열병(ASF),1.68,027710,팜스토리 *,테마 편입 사유,1408.0,하락  17,-1.19,1401.0,1403.0,662621.0,932.0,989383.0,,,0.219328,1.8006304,"6,191.92",-34.13,-0.55,2026-04-17 15:33:16
417,아프리카 돼지열병(ASF),1.68,198440,강동씨앤엘 *,테마 편입 사유,1209.0,하락  21,-1.71,1201.0,1206.0,84950.0,102.0,58438.0,,,0.219328,1.8006304,"6,191.92",-34.13,-0.55,2026-04-17 15:33:16
417,아프리카 돼지열병(ASF),1.68,005860,한일사료 *,테마 편입 사유,3955.0,하락  80,-1.98,3950.0,3960.0,1326765.0,5222.0,1348841.0,,,0.219328,1.8006304,"6,191.92",-34.13,-0.55,2026-04-17 15:33:16
417,아프리카 돼지열병(ASF),1.68,188260,세니젠 *,테마 편입 사유,2110.0,하락  95,-4.31,2125.0,2135.0,130777.0,276.0,212825.0,,,0.219328,1.8006304,"6,191.92",-34.13,-0.55,2026-04-17 15:33:16
517,우크라이나 재건,1.5,010820,퍼스텍,테마 편입 사유,13480.0,"상승  1,750",14.92,13460.0,13470.0,26575964.0,355811.0,4303464.0,,,0.423375,1.73285625,"6,191.92",-34.13,-0.55,2026-04-17 15:33:16
517,우크라이나 재건,1.5,017550,수산세보틱스,테마 편입 사유,3280.0,상승  255,8.43,3285.0,3290.0,18394191.0,60647.0,5317510.0,,,0.423375,1.73285625,"6,191.92",-34.13,-0.55,2026-04-17 15:33:16
517,우크라이나 재건,1.5,108380,대양전기공업 *,테마 편입 사유,28900.0,"상승  1,650",6.06,28700.0,28800.0,52402.0,1485.0,20640.0,,,0.423375,1.73285625,"6,191.92",-34.13,-0.55,2026-04-17 15:33:16
517,우크라이나 재건,1.5,011760,현대코퍼레이션,테마 편입 사유,27250.0,"상승  1,050",4.01,27250.0,27300.0,59984.0,1604.0,42229.0,,,0.423375,1.73285625,"6,191.92",-34.13,-0.55,2026-04-17 15:33:16
517,우크라이나 재건,1.5,003010,혜인,테마 편입 사유,6180.0,상승  190,3.17,6180.0,6200.0,193141.0,1180.0,148988.0,,,0.423375,1.73285625,"6,191.92",-34.13,-0.55,2026-04-17 15:33:16
517,우크라이나 재건,1.5,047050,포스코인터내셔널,테마 편입 사유,74800.0,"상승  2,000",2.75,74600.0,74700.0,774904.0,57595.0,522900.0,,,0.423375,1.73285625,"6,191.92",-34.13,-0.55,2026-04-17 15:33:16
517,우크라이나 재건,1.5,317850,대모 *,테마 편입 사유,9730.0,상승  210,2.21,9690.0,9700.0,281953.0,2709.0,195323.0,,,0.423375,1.73285625,"6,191.92",-34.13,-0.55,2026-04-17 15:33:16
517,우크라이나 재건,1.5,020400,대동금속 *,테마 편입 사유,6540.0,상승  130,2.03,6390.0,6420.0,124302.0,771.0,214014.0,,,0.423375,1.73285625,"6,191.92",-34.13,-0.55,2026-04-17 15:33:16
517,우크라이나 재건,1.5,267270,HD건설기계,테마 편입 사유,162900.0,"상승  3,200",2.0,162300.0,162400.0,391837.0,63347.0,277973.0,,,0.423375,1.73285625,"6,191.92",-34.13,-0.55,2026-04-17 15:33:16
517,우크라이나 재건,1.5,039560,다산네트웍스 *,테마 편입 사유,5280.0,상승  90,1.73,5290.0,5300.0,736256.0,3866.0,1393506.0,,,0.423375,1.73285625,"6,191.92",-34.13,-0.55,2026-04-17 15:33:16
517,우크라이나 재건,1.5,053160,프리엠스 *,테마 편입 사유,9520.0,상승  140,1.49,9510.0,9520.0,45145.0,428.0,45792.0,,,0.423375,1.73285625,"6,191.92",-34.13,-0.55,2026-04-17 15:33:16
517,우크라이나 재건,1.5,210540,디와이파워,테마 편입 사유,15470.0,상승  220,1.44,15420.0,15430.0,110792.0,1698.0,48321.0,,,0.423375,1.73285625,"6,191.92",-34.13,-0.55,2026-04-17 15:33:16
517,우크라이나 재건,1.5,023960,에쓰씨엔지니어링,테마 편입 사유,1418.0,상승  18,1.29,1417.0,1419.0,39756.0,55.0,98454.0,,,0.423375,1.73285625,"6,191.92",-34.13,-0.55,2026-04-17 15:33:16
517,우크라이나 재건,1.5,037440,희림 *,테마 편입 사유,5950.0,상승  70,1.19,5920.0,5930.0,1103265.0,6556.0,958770.0,,,0.423375,1.73285625,"6,191.92",-34.13,-0.55,2026-04-17 15:33:16
517,우크라이나 재건,1.5,019770,서연탑메탈 *,테마 편입 사유,4185.0,상승  45,1.09,4175.0,4190.0,141851.0,594.0,87199.0,,,0.423375,1.73285625,"6,191.92",-34.13,-0.55,2026-04-17 15:33:16
517,우크라이나 재건,1.5,041440,현대에버다임 *,테마 편입 사유,9460.0,상승  100,1.07,9440.0,9460.0,391493.0,3673.0,441396.0,,,0.423375,1.73285625,"6,191.92",-34.13,-0.55,2026-04-17 15:33:16
517,우크라이나 재건,1.5,192410,오늘이엔엠 *,테마 편입 사유,7700.0,상승  80,1.05,7650.0,7660.0,133880.0,1033.0,287190.0,,,0.423375,1.73285625,"6,191.92",-34.13,-0.55,2026-04-17 15:33:16
517,우크라이나 재건,1.5,002900,TYM,테마 편입 사유,7340.0,상승  60,0.82,7320.0,7330.0,376349.0,2729.0,329472.0,,,0.423375,1.73285625,"6,191.92",-34.13,-0.55,2026-04-17 15:33:16
517,우크라이나 재건,1.5,013810,스페코 *,테마 편입 사유,3025.0,상승  20,0.67,3010.0,3015.0,649742.0,1991.0,170639.0,,,0.423375,1.73285625,"6,191.92",-34.13,-0.55,2026-04-17 15:33:16
517,우크라이나 재건,1.5,109610,에스와이 *,테마 편입 사유,2990.0,상승  20,0.67,2985.0,2995.0,202249.0,601.0,180679.0,,,0.423375,1.73285625,"6,191.92",-34.13,-0.55,2026-04-17 15:33:16
517,우크라이나 재건,1.5,033540,파라텍 *,테마 편입 사유,1117.0,상승  7,0.63,1115.0,1116.0,396733.0,441.0,514757.0,,,0.423375,1.73285625,"6,191.92",-34.13,-0.55,2026-04-17 15:33:16
517,우크라이나 재건,1.5,332290,누보 *,테마 편입 사유,1388.0,상승  8,0.58,1392.0,1394.0,513856.0,714.0,658567.0,,,0.423375,1.73285625,"6,191.92",-34.13,-0.55,2026-04-17 15:33:16
517,우크라이나 재건,1.5,365330,에스와이스틸텍 *,테마 편입 사유,3905.0,상승  20,0.51,3900.0,3905.0,681139.0,2634.0,850580.0,,,0.423375,1.73285625,"6,191.92",-34.13,-0.55,2026-04-17 15:33:16
517,우크라이나 재건,1.5,255220,SG *,테마 편입 사유,2770.0,상승  10,0.36,2775.0,2780.0,1927820.0,5301.0,2381028.0,,,0.423375,1.73285625,"6,191.92",-34.13,-0.55,2026-04-17 15:33:16
517,우크라이나 재건,1.5,008830,대동기어 *,테마 편입 사유,21350.0,상승  50,0.23,21250.0,21300.0,127100.0,2693.0,151834.0,,,0.423375,1.73285625,"6,191.92",-34.13,-0.55,2026-04-17 15:33:16
517,우크라이나 재건,1.5,100660,서암기계공업 *,테마 편입 사유,4555.0,상승  10,0.22,4530.0,4545.0,40900.0,183.0,126558.0,,,0.423375,1.73285625,"6,191.92",-34.13,-0.55,2026-04-17 15:33:16
517,우크라이나 재건,1.5,054930,유신 *,테마 편입 사유,28150.0,상승  50,0.18,28150.0,28300.0,25565.0,714.0,30120.0,,,0.423375,1.73285625,"6,191.92",-34.13,-0.55,2026-04-17 15:33:16
517,우크라이나 재건,1.5,002150,도화엔지니어링,테마 편입 사유,7240.0,상승  10,0.14,7230.0,7240.0,150076.0,1077.0,221573.0,,,0.423375,1.73285625,"6,191.92",-34.13,-0.55,2026-04-17 15:33:16
517,우크라이나 재건,1.5,163560,동일고무벨트,테마 편입 사유,7610.0,상승  10,0.13,7600.0,7620.0,35675.0,268.0,66389.0,,,0.423375,1.73285625,"6,191.92",-34.13,-0.55,2026-04-17 15:33:16
517,우크라이나 재건,1.5,058730,다스코,테마 편입 사유,3885.0,보합0,0.0,3880.0,3885.0,196944.0,763.0,254607.0,,,0.423375,1.73285625,"6,191.92",-34.13,-0.55,2026-04-17 15:33:16
517,우크라이나 재건,1.5,039980,폴라리스AI *,테마 편입 사유,1481.0,보합0,0.0,0.0,0.0,0.0,0.0,0.0,,,0.423375,1.73285625,"6,191.92",-34.13,-0.55,2026-04-17 15:33:16
517,우크라이나 재건,1.5,000490,대동,테마 편입 사유,10190.0,하락  20,-0.2,10190.0,10200.0,131153.0,1331.0,148584.0,,,0.423375,1.73285625,"6,191.92",-34.13,-0.55,2026-04-17 15:33:16
517,우크라이나 재건,1.5,000720,현대건설,테마 편입 사유,177000.0,"하락  2,500",-1.39,177100.0,177200.0,667172.0,118325.0,880334.0,,,0.423375,1.73285625,"6,191.92",-34.13,-0.55,2026-04-17 15:33:16
517,우크라이나 재건,1.5,215790,이노인스트루먼트 *,테마 편입 사유,2780.0,하락  260,-8.55,2830.0,2835.0,46822261.0,126640.0,31110811.0,,,0.423375,1.73285625,"6,191.92",-34.13,-0.55,2026-04-17 15:33:16
462,UAM(도심항공모빌리티),1.37,010820,퍼스텍,테마 편입 사유,13480.0,"상승  1,750",14.92,13460.0,13470.0,26575964.0,355811.0,4303464.0,,,0.511028,1.6510654000000002,"6,191.92",-34.13,-0.55,2026-04-17 15:33:16
462,UAM(도심항공모빌리티),1.37,368770,파이버프로 *,테마 편입 사유,26500.0,"상승  2,600",10.88,26300.0,26400.0,5384211.0,139937.0,2266096.0,,,0.511028,1.6510654000000002,"6,191.92",-34.13,-0.55,2026-04-17 15:33:16
462,UAM(도심항공모빌리티),1.37,221840,하이즈항공 *,테마 편입 사유,3155.0,상승  270,9.36,3140.0,3155.0,274610.0,846.0,214784.0,,,0.511028,1.6510654000000002,"6,191.92",-34.13,-0.55,2026-04-17 15:33:16
462,UAM(도심항공모빌리티),1.37,274090,켄코아에어로스페이스 *,테마 편입 사유,24000.0,"상승  1,250",5.49,23950.0,24000.0,1028479.0,24671.0,389293.0,,,0.511028,1.6510654000000002,"6,191.92",-34.13,-0.55,2026-04-17 15:33:16
462,UAM(도심항공모빌리티),1.37,032640,LG유플러스,테마 편입 사유,17600.0,상승  470,2.74,17610.0,17640.0,811972.0,14252.0,1106533.0,,,0.511028,1.6510654000000002,"6,191.92",-34.13,-0.55,2026-04-17 15:33:16
462,UAM(도심항공모빌리티),1.37,017670,SK텔레콤,테마 편입 사유,98300.0,"상승  2,400",2.5,97800.0,97900.0,843371.0,82759.0,933706.0,,,0.511028,1.6510654000000002,"6,191.92",-34.13,-0.55,2026-04-17 15:33:16
462,UAM(도심항공모빌리티),1.37,017960,한국카본,테마 편입 사유,52100.0,상승  900,1.76,51800.0,52100.0,801068.0,40973.0,545748.0,,,0.511028,1.6510654000000002,"6,191.92",-34.13,-0.55,2026-04-17 15:33:16
462,UAM(도심항공모빌리티),1.37,066590,스모트로닉 *,테마 편입 사유,2655.0,상승  40,1.53,2650.0,2655.0,109659.0,287.0,207276.0,,,0.511028,1.6510654000000002,"6,191.92",-34.13,-0.55,2026-04-17 15:33:16
462,UAM(도심항공모빌리티),1.37,200880,서연이화,테마 편입 사유,14020.0,상승  190,1.37,14000.0,14030.0,80420.0,1117.0,110438.0,,,0.511028,1.6510654000000002,"6,191.92",-34.13,-0.55,2026-04-17 15:33:16
462,UAM(도심항공모빌리티),1.37,089590,제주항공,테마 편입 사유,5460.0,상승  70,1.3,5450.0,5460.0,279880.0,1507.0,352934.0,,,0.511028,1.6510654000000002,"6,191.92",-34.13,-0.55,2026-04-17 15:33:16
462,UAM(도심항공모빌리티),1.37,306620,지아이에스 *,테마 편입 사유,3315.0,상승  35,1.07,3295.0,3305.0,771063.0,2534.0,773038.0,,,0.511028,1.6510654000000002,"6,191.92",-34.13,-0.55,2026-04-17 15:33:16
462,UAM(도심항공모빌리티),1.37,005380,현대차,테마 편입 사유,538000.0,"상승  4,000",0.75,538000.0,539000.0,693118.0,372446.0,1524311.0,,,0.511028,1.6510654000000002,"6,191.92",-34.13,-0.55,2026-04-17 15:33:16
462,UAM(도심항공모빌리티),1.37,030200,KT,테마 편입 사유,63900.0,상승  300,0.47,64200.0,64300.0,222571.0,14275.0,331974.0,,,0.511028,1.6510654000000002,"6,191.92",-34.13,-0.55,2026-04-17 15:33:16
462,UAM(도심항공모빌리티),1.37,004270,남성,테마 편입 사유,753.0,보합0,0.0,0.0,0.0,0.0,0.0,0.0,,,0.511028,1.6510654000000002,"6,191.92",-34.13,-0.55,2026-04-17 15:33:16
462,UAM(도심항공모빌리티),1.37,003490,대한항공,테마 편입 사유,25050.0,하락  150,-0.6,24950.0,25000.0,807209.0,20131.0,1519970.0,,,0.511028,1.6510654000000002,"6,191.92",-34.13,-0.55,2026-04-17 15:33:16
462,UAM(도심항공모빌리티),1.37,047810,한국항공우주,테마 편입 사유,188400.0,"하락  1,500",-0.79,188300.0,188400.0,252015.0,47591.0,398959.0,,,0.511028,1.6510654000000002,"6,191.92",-34.13,-0.55,2026-04-17 15:33:16
462,UAM(도심항공모빌리티),1.37,079550,LIG디펜스앤에어로스페이스,테마 편입 사유,876000.0,"하락  7,000",-0.79,875000.0,876000.0,152723.0,134063.0,294554.0,,,0.511028,1.6510654000000002,"6,191.92",-34.13,-0.55,2026-04-17 15:33:16
462,UAM(도심항공모빌리티),1.37,177350,베셀 *,테마 편입 사유,1131.0,하락  12,-1.05,1127.0,1131.0,272729.0,309.0,298885.0,,,0.511028,1.6510654000000002,"6,191.92",-34.13,-0.55,2026-04-17 15:33:16
462,UAM(도심항공모빌리티),1.37,002350,넥센타이어,테마 편입 사유,7450.0,하락  80,-1.06,7420.0,7430.0,213203.0,1576.0,113973.0,,,0.511028,1.6510654000000002,"6,191.92",-34.13,-0.55,2026-04-17 15:33:16
462,UAM(도심항공모빌리티),1.37,035720,카카오,테마 편입 사유,50000.0,하락  600,-1.19,49950.0,50000.0,890397.0,44521.0,1290032.0,,,0.511028,1.6510654000000002,"6,191.92",-34.13,-0.55,2026-04-17 15:33:16
462,UAM(도심항공모빌리티),1.37,000720,현대건설,테마 편입 사유,177000.0,"하락  2,500",-1.39,177100.0,177200.0,667172.0,118325.0,880334.0,,,0.511028,1.6510654000000002,"6,191.92",-34.13,-0.55,2026-04-17 15:33:16
462,UAM(도심항공모빌리티),1.37,078930,GS,테마 편입 사유,71900.0,"하락  1,100",-1.51,71800.0,72000.0,220260.0,15866.0,161168.0,,,0.511028,1.6510654000000002,"6,191.92",-34.13,-0.55,2026-04-17 15:33:16
462,UAM(도심항공모빌리티),1.37,272210,한화시스템,테마 편입 사유,129500.0,"하락  2,300",-1.75,129500.0,129600.0,522610.0,67726.0,570905.0,,,0.511028,1.6510654000000002,"6,191.92",-34.13,-0.55,2026-04-17 15:33:16
462,UAM(도심항공모빌리티),1.37,035460,기산텔레콤 *,테마 편입 사유,4560.0,하락  160,-3.39,4570.0,4575.0,1356066.0,6102.0,3561738.0,,,0.511028,1.6510654000000002,"6,191.92",-34.13,-0.55,2026-04-17 15:33:16
462,UAM(도심항공모빌리티),1.37,012450,한화에어로스페이스,테마 편입 사유,1423000.0,"하락  96,000",-6.32,1421000.0,1422000.0,272884.0,393142.0,121112.0,,,0.511028,1.6510654000000002,"6,191.92",-34.13,-0.55,2026-04-17 15:33:16
335,재난/안전(지진/화재 등),1.45,067170,오텍 *,테마 편입 사유,2695.0,상승  380,16.41,2670.0,2675.0,2201697.0,5809.0,756174.0,,,0.334496,1.6339728,"6,191.92",-34.13,-0.55,2026-04-17 15:33:16
335,재난/안전(지진/화재 등),1.45,054540,삼영엠텍 *,테마 편입 사유,12850.0,"상승  1,160",9.92,12880.0,12890.0,3745976.0,49595.0,153237.0,,,0.334496,1.6339728,"6,191.92",-34.13,-0.55,2026-04-17 15:33:16
335,재난/안전(지진/화재 등),1.45,089470,HDC현대EP,테마 편입 사유,5410.0,상승  150,2.85,5350.0,5360.0,55590.0,295.0,45693.0,,,0.334496,1.6339728,"6,191.92",-34.13,-0.55,2026-04-17 15:33:16
335,재난/안전(지진/화재 등),1.45,023350,한국종합기술,테마 편입 사유,5410.0,상승  110,2.08,5410.0,5420.0,106805.0,570.0,142142.0,,,0.334496,1.6339728,"6,191.92",-34.13,-0.55,2026-04-17 15:33:16
335,재난/안전(지진/화재 등),1.45,493330,지에프아이 *,테마 편입 사유,16670.0,상승  260,1.58,16550.0,16650.0,49104.0,809.0,25546.0,,,0.334496,1.6339728,"6,191.92",-34.13,-0.55,2026-04-17 15:33:16
335,재난/안전(지진/화재 등),1.45,037440,희림 *,테마 편입 사유,5950.0,상승  70,1.19,5920.0,5930.0,1103265.0,6556.0,958770.0,,,0.334496,1.6339728,"6,191.92",-34.13,-0.55,2026-04-17 15:33:16
335,재난/안전(지진/화재 등),1.45,041440,현대에버다임 *,테마 편입 사유,9460.0,상승  100,1.07,9440.0,9460.0,391493.0,3673.0,441396.0,,,0.334496,1.6339728,"6,191.92",-34.13,-0.55,2026-04-17 15:33:16
335,재난/안전(지진/화재 등),1.45,033540,파라텍 *,테마 편입 사유,1117.0,상승  7,0.63,1115.0,1116.0,396733.0,441.0,514757.0,,,0.334496,1.6339728,"6,191.92",-34.13,-0.55,2026-04-17 15:33:16
335,재난/안전(지진/화재 등),1.45,101670,하이드로리튬 *,테마 편입 사유,1920.0,상승  10,0.52,1916.0,1917.0,5337251.0,10902.0,3482836.0,,,0.334496,1.6339728,"6,191.92",-34.13,-0.55,2026-04-17 15:33:16
335,재난/안전(지진/화재 등),1.45,036640,HRS *,테마 편입 사유,5300.0,상승  10,0.19,5290.0,5310.0,49808.0,263.0,79682.0,,,0.334496,1.6339728,"6,191.92",-34.13,-0.55,2026-04-17 15:33:16
335,재난/안전(지진/화재 등),1.45,072130,유엔젤,테마 편입 사유,5880.0,상승  10,0.17,5860.0,5870.0,159335.0,934.0,373836.0,,,0.334496,1.6339728,"6,191.92",-34.13,-0.55,2026-04-17 15:33:16
335,재난/안전(지진/화재 등),1.45,060370,LS마린솔루션 *,테마 편입 사유,32350.0,상승  50,0.15,32300.0,32350.0,205106.0,6574.0,293835.0,,,0.334496,1.6339728,"6,191.92",-34.13,-0.55,2026-04-17 15:33:16
335,재난/안전(지진/화재 등),1.45,022220,티케이지애강 *,테마 편입 사유,895.0,상승  1,0.11,894.0,895.0,284094.0,254.0,336096.0,,,0.334496,1.6339728,"6,191.92",-34.13,-0.55,2026-04-17 15:33:16
335,재난/안전(지진/화재 등),1.45,083640,인콘 *,테마 편입 사유,385.0,보합0,0.0,0.0,0.0,0.0,0.0,0.0,,,0.334496,1.6339728,"6,191.92",-34.13,-0.55,2026-04-17 15:33:16
335,재난/안전(지진/화재 등),1.45,039980,폴라리스AI *,테마 편입 사유,1481.0,보합0,0.0,0.0,0.0,0.0,0.0,0.0,,,0.334496,1.6339728,"6,191.92",-34.13,-0.55,2026-04-17 15:33:16
335,재난/안전(지진/화재 등),1.45,140520,대창스틸 *,테마 편입 사유,2285.0,보합0,0.0,2280.0,2285.0,23315.0,53.0,14059.0,,,0.334496,1.6339728,"6,191.92",-34.13,-0.55,2026-04-17 15:33:16
335,재난/안전(지진/화재 등),1.45,372910,한컴라이프케어,테마 편입 사유,2495.0,보합0,0.0,2500.0,2505.0,85586.0,214.0,215098.0,,,0.334496,1.6339728,"6,191.92",-34.13,-0.55,2026-04-17 15:33:16
335,재난/안전(지진/화재 등),1.45,004440,삼일씨엔에스,테마 편입 사유,7470.0,하락  20,-0.27,7430.0,7490.0,68766.0,507.0,146833.0,,,0.334496,1.6339728,"6,191.92",-34.13,-0.55,2026-04-17 15:33:16
335,재난/안전(지진/화재 등),1.45,028100,동아지질,테마 편입 사유,17750.0,하락  140,-0.78,17750.0,17790.0,17935.0,318.0,22669.0,,,0.334496,1.6339728,"6,191.92",-34.13,-0.55,2026-04-17 15:33:16
335,재난/안전(지진/화재 등),1.45,228340,동양파일 *,테마 편입 사유,2040.0,하락  50,-2.39,2045.0,2055.0,19835.0,41.0,20133.0,,,0.334496,1.6339728,"6,191.92",-34.13,-0.55,2026-04-17 15:33:16
335,재난/안전(지진/화재 등),1.45,189860,서전기전 *,테마 편입 사유,5650.0,하락  170,-2.92,5650.0,5660.0,190362.0,1074.0,725440.0,,,0.334496,1.6339728,"6,191.92",-34.13,-0.55,2026-04-17 15:33:16
124,제대혈,1.29,144510,지씨셀 *,테마 편입 사유,26300.0,상승  950,3.75,26200.0,26250.0,88361.0,2351.0,58337.0,,,0.430958,1.5270269,"6,191.92",-34.13,-0.55,2026-04-17 15:33:16
124,제대혈,1.29,217730,강스템바이오텍 *,테마 편입 사유,4275.0,상승  90,2.15,4285.0,4295.0,1500443.0,6353.0,3602775.0,,,0.430958,1.5270269,"6,191.92",-34.13,-0.55,2026-04-17 15:33:16
124,제대혈,1.29,006280,녹십자,테마 편입 사유,151200.0,"상승  1,600",1.07,151100.0,151200.0,36419.0,5515.0,28897.0,,,0.430958,1.5270269,"6,191.92",-34.13,-0.55,2026-04-17 15:33:16
124,제대혈,1.29,085660,차바이오텍 *,테마 편입 사유,18200.0,상승  120,0.66,18160.0,18200.0,234510.0,4254.0,245684.0,,,0.430958,1.5270269,"6,191.92",-34.13,-0.55,2026-04-17 15:33:16
124,제대혈,1.29,078160,메디포스트 *,테마 편입 사유,24800.0,하락  300,-1.2,24150.0,24350.0,156902.0,3842.0,268751.0,,,0.430958,1.5270269,"6,191.92",-34.13,-0.55,2026-04-17 15:33:16
503,2차전지(LFP/리튬인산철),1.2,066970,엘앤에프,테마 편입 사유,185600.0,"상승  16,100",9.5,185300.0,185400.0,1701832.0,308671.0,581875.0,,,0.571104,1.5141072,"6,191.92",-34.13,-0.55,2026-04-17 15:33:16
503,2차전지(LFP/리튬인산철),1.2,360070,탑머티리얼 *,테마 편입 사유,20150.0,"상승  1,090",5.72,19980.0,19990.0,73269.0,1439.0,33625.0,,,0.571104,1.5141072,"6,191.92",-34.13,-0.55,2026-04-17 15:33:16
503,2차전지(LFP/리튬인산철),1.2,096770,SK이노베이션,테마 편입 사유,129400.0,"상승  2,900",2.29,129400.0,129500.0,432076.0,55184.0,667455.0,,,0.571104,1.5141072,"6,191.92",-34.13,-0.55,2026-04-17 15:33:16
503,2차전지(LFP/리튬인산철),1.2,282880,코윈테크 *,테마 편입 사유,15350.0,상승  280,1.86,15350.0,15360.0,113637.0,1727.0,53474.0,,,0.571104,1.5141072,"6,191.92",-34.13,-0.55,2026-04-17 15:33:16
503,2차전지(LFP/리튬인산철),1.2,222080,씨아이에스 *,테마 편입 사유,12740.0,상승  220,1.76,12760.0,12770.0,3439857.0,44322.0,1299822.0,,,0.571104,1.5141072,"6,191.92",-34.13,-0.55,2026-04-17 15:33:16
503,2차전지(LFP/리튬인산철),1.2,037370,EG *,테마 편입 사유,5370.0,상승  40,0.75,5330.0,5360.0,26557.0,141.0,23671.0,,,0.571104,1.5141072,"6,191.92",-34.13,-0.55,2026-04-17 15:33:16
503,2차전지(LFP/리튬인산철),1.2,018290,브이티 *,테마 편입 사유,16130.0,상승  90,0.56,16120.0,16170.0,163626.0,2646.0,132418.0,,,0.571104,1.5141072,"6,191.92",-34.13,-0.55,2026-04-17 15:33:16
503,2차전지(LFP/리튬인산철),1.2,373220,LG에너지솔루션,테마 편입 사유,418000.0,"상승  2,000",0.48,418000.0,418500.0,336503.0,140665.0,317064.0,,,0.571104,1.5141072,"6,191.92",-34.13,-0.55,2026-04-17 15:33:16
503,2차전지(LFP/리튬인산철),1.2,054300,팬스타엔터프라이즈 *,테마 편입 사유,574.0,보합0,0.0,0.0,0.0,0.0,0.0,0.0,,,0.571104,1.5141072,"6,191.92",-34.13,-0.55,2026-04-17 15:33:16
503,2차전지(LFP/리튬인산철),1.2,032680,소프트센 *,테마 편입 사유,245.0,하락  1,-0.41,243.0,244.0,522321.0,127.0,669603.0,,,0.571104,1.5141072,"6,191.92",-34.13,-0.55,2026-04-17 15:33:16
503,2차전지(LFP/리튬인산철),1.2,125210,아모그린텍 *,테마 편입 사유,10060.0,하락  320,-3.08,10000.0,10020.0,173312.0,1738.0,481132.0,,,0.571104,1.5141072,"6,191.92",-34.13,-0.55,2026-04-17 15:33:16
503,2차전지(LFP/리튬인산철),1.2,037030,파워넷 *,테마 편입 사유,7010.0,하락  370,-5.01,7020.0,7040.0,2457369.0,17556.0,6304007.0,,,0.571104,1.5141072,"6,191.92",-34.13,-0.55,2026-04-17 15:33:16
33,LED,1.24,036170,에이치엠넥스 *,테마 편입 사유,7700.0,"상승  1,300",20.31,7680.0,7700.0,12369392.0,93419.0,4858942.0,,,0.455069,1.49028795,"6,191.92",-34.13,-0.55,2026-04-17 15:33:16
33,LED,1.24,073540,에프알텍 *,테마 편입 사유,4985.0,상승  330,7.09,4960.0,4965.0,631649.0,3001.0,1656011.0,,,0.455069,1.49028795,"6,191.92",-34.13,-0.55,2026-04-17 15:33:16
33,LED,1.24,017900,광전자,테마 편입 사유,13810.0,상승  910,7.05,14340.0,14350.0,59458502.0,795138.0,49322245.0,,,0.455069,1.49028795,"6,191.92",-34.13,-0.55,2026-04-17 15:33:16
33,LED,1.24,004710,한솔테크닉스,테마 편입 사유,7900.0,상승  490,6.61,7790.0,7830.0,1444918.0,11054.0,1239860.0,,,0.455069,1.49028795,"6,191.92",-34.13,-0.55,2026-04-17 15:33:16
33,LED,1.24,043260,성호전자 *,테마 편입 사유,52500.0,"상승  2,650",5.32,52500.0,52600.0,2306990.0,123239.0,1042018.0,,,0.455069,1.49028795,"6,191.92",-34.13,-0.55,2026-04-17 15:33:16
33,LED,1.24,307180,아이엘 *,테마 편입 사유,4945.0,상승  235,4.99,4930.0,4935.0,1307740.0,6465.0,1243014.0,,,0.455069,1.49028795,"6,191.92",-34.13,-0.55,2026-04-17 15:33:16
33,LED,1.24,054090,삼진엘앤디 *,테마 편입 사유,1118.0,상승  46,4.29,1113.0,1115.0,916284.0,1011.0,465391.0,,,0.455069,1.49028795,"6,191.92",-34.13,-0.55,2026-04-17 15:33:16
33,LED,1.24,025540,한국단자,테마 편입 사유,86400.0,"상승  3,000",3.6,86300.0,86500.0,49540.0,4197.0,131848.0,,,0.455069,1.49028795,"6,191.92",-34.13,-0.55,2026-04-17 15:33:16
33,LED,1.24,281740,레이크머티리얼즈 *,테마 편입 사유,22500.0,상승  700,3.21,22600.0,22650.0,1975184.0,44684.0,683735.0,,,0.455069,1.49028795,"6,191.92",-34.13,-0.55,2026-04-17 15:33:16
33,LED,1.24,092460,한라IMS *,테마 편입 사유,17100.0,상승  510,3.07,17120.0,17130.0,135934.0,2299.0,52825.0,,,0.455069,1.49028795,"6,191.92",-34.13,-0.55,2026-04-17 15:33:16
33,LED,1.24,096870,엘디티 *,테마 편입 사유,2545.0,상승  75,3.04,2555.0,2570.0,71627.0,182.0,99668.0,,,0.455069,1.49028795,"6,191.92",-34.13,-0.55,2026-04-17 15:33:16
33,LED,1.24,106240,파인테크닉스 *,테마 편입 사유,2415.0,상승  60,2.55,2390.0,2395.0,347643.0,829.0,818941.0,,,0.455069,1.49028795,"6,191.92",-34.13,-0.55,2026-04-17 15:33:16
33,LED,1.24,032500,케이엠더블유 *,테마 편입 사유,30800.0,상승  700,2.33,30600.0,30650.0,425467.0,13046.0,1349982.0,,,0.455069,1.49028795,"6,191.92",-34.13,-0.55,2026-04-17 15:33:16
33,LED,1.24,045970,코아시아 *,테마 편입 사유,5470.0,상승  100,1.86,5450.0,5480.0,172681.0,942.0,259969.0,,,0.455069,1.49028795,"6,191.92",-34.13,-0.55,2026-04-17 15:33:16
33,LED,1.24,061040,알에프텍 *,테마 편입 사유,2185.0,상승  30,1.39,2195.0,2205.0,858177.0,1865.0,2229770.0,,,0.455069,1.49028795,"6,191.92",-34.13,-0.55,2026-04-17 15:33:16
33,LED,1.24,153490,우리이앤엘 *,테마 편입 사유,830.0,상승  11,1.34,830.0,831.0,605945.0,509.0,390457.0,,,0.455069,1.49028795,"6,191.92",-34.13,-0.55,2026-04-17 15:33:16
33,LED,1.24,082850,우리바이오 *,테마 편입 사유,2085.0,상승  25,1.21,2085.0,2090.0,405512.0,845.0,381887.0,,,0.455069,1.49028795,"6,191.92",-34.13,-0.55,2026-04-17 15:33:16
33,LED,1.24,037400,우리엔터프라이즈 *,테마 편입 사유,1033.0,상승  12,1.18,1032.0,1034.0,79293.0,82.0,79699.0,,,0.455069,1.49028795,"6,191.92",-34.13,-0.55,2026-04-17 15:33:16
33,LED,1.24,050760,에스폴리텍 *,테마 편입 사유,1405.0,상승  13,0.93,1406.0,1407.0,90899.0,126.0,125614.0,,,0.455069,1.49028795,"6,191.92",-34.13,-0.55,2026-04-17 15:33:16
33,LED,1.24,256630,포인트엔지니어링 *,테마 편입 사유,1026.0,상승  8,0.79,1021.0,1026.0,28324.0,29.0,51050.0,,,0.455069,1.49028795,"6,191.92",-34.13,-0.55,2026-04-17 15:33:16
33,LED,1.24,121600,나노신소재 *,테마 편입 사유,77000.0,상승  500,0.65,77200.0,77300.0,210828.0,16383.0,171451.0,,,0.455069,1.49028795,"6,191.92",-34.13,-0.55,2026-04-17 15:33:16
33,LED,1.24,178780,일월지엠엘 *,테마 편입 사유,2670.0,상승  15,0.56,2705.0,2710.0,36569.0,98.0,14190.0,,,0.455069,1.49028795,"6,191.92",-34.13,-0.55,2026-04-17 15:33:16
33,LED,1.24,001210,금호전기,테마 편입 사유,955.0,상승  5,0.53,953.0,954.0,1936746.0,1845.0,2944646.0,,,0.455069,1.49028795,"6,191.92",-34.13,-0.55,2026-04-17 15:33:16
33,LED,1.24,014580,태경비케이,테마 편입 사유,4670.0,상승  10,0.21,4650.0,4660.0,121101.0,563.0,92552.0,,,0.455069,1.49028795,"6,191.92",-34.13,-0.55,2026-04-17 15:33:16
33,LED,1.24,037950,엘컴텍 *,테마 편입 사유,709.0,보합0,0.0,0.0,0.0,0.0,0.0,770427.0,,,0.455069,1.49028795,"6,191.92",-34.13,-0.55,2026-04-17 15:33:16
33,LED,1.24,214330,금호에이치티,테마 편입 사유,398.0,보합0,0.0,0.0,0.0,0.0,0.0,0.0,,,0.455069,1.49028795,"6,191.92",-34.13,-0.55,2026-04-17 15:33:16
33,LED,1.24,290690,소룩스 *,테마 편입 사유,3865.0,하락  10,-0.26,3885.0,3895.0,833334.0,3281.0,779620.0,,,0.455069,1.49028795,"6,191.92",-34.13,-0.55,2026-04-17 15:33:16
33,LED,1.24,015890,태경산업,테마 편입 사유,5070.0,하락  20,-0.39,5040.0,5070.0,38257.0,193.0,56577.0,,,0.455069,1.49028795,"6,191.92",-34.13,-0.55,2026-04-17 15:33:16
33,LED,1.24,005930,삼성전자,테마 편입 사유,216000.0,"하락  1,500",-0.69,216500.0,217000.0,15537202.0,3364162.0,21499788.0,,,0.455069,1.49028795,"6,191.92",-34.13,-0.55,2026-04-17 15:33:16
33,LED,1.24,080520,오디텍 *,테마 편입 사유,4340.0,하락  40,-0.91,4335.0,4355.0,276665.0,1190.0,487550.0,,,0.455069,1.49028795,"6,191.92",-34.13,-0.55,2026-04-17 15:33:16
33,LED,1.24,066570,LG전자,테마 편입 사유,124200.0,"하락  1,800",-1.43,123800.0,123900.0,519447.0,64397.0,862043.0,,,0.455069,1.49028795,"6,191.92",-34.13,-0.55,2026-04-17 15:33:16
33,LED,1.24,011690,와이투솔루션,테마 편입 사유,6950.0,하락  120,-1.7,6950.0,6960.0,691297.0,4874.0,937796.0,,,0.455069,1.49028795,"6,191.92",-34.13,-0.55,2026-04-17 15:33:16
33,LED,1.24,382800,지앤비에스 에코 *,테마 편입 사유,7260.0,하락  150,-2.02,7260.0,7280.0,1000571.0,7479.0,1597495.0,,,0.455069,1.49028795,"6,191.92",-34.13,-0.55,2026-04-17 15:33:16
33,LED,1.24,092190,서울바이오시스 *,테마 편입 사유,4240.0,하락  105,-2.42,4225.0,4235.0,94129.0,396.0,322164.0,,,0.455069,1.49028795,"6,191.92",-34.13,-0.55,2026-04-17 15:33:16
33,LED,1.24,046890,서울반도체 *,테마 편입 사유,10480.0,하락  260,-2.42,10460.0,10470.0,503445.0,5303.0,663431.0,,,0.455069,1.49028795,"6,191.92",-34.13,-0.55,2026-04-17 15:33:16
33,LED,1.24,065690,파커스 *,테마 편입 사유,1453.0,하락  72,-4.72,1469.0,1476.0,24751.0,37.0,68932.0,,,0.455069,1.49028795,"6,191.92",-34.13,-0.55,2026-04-17 15:33:16
33,LED,1.24,272110,케이엔제이 *,테마 편입 사유,40150.0,"하락  2,400",-5.64,40200.0,40350.0,184296.0,7506.0,253731.0,,,0.455069,1.49028795,"6,191.92",-34.13,-0.55,2026-04-17 15:33:16
33,LED,1.24,072950,빛샘전자 *,테마 편입 사유,15610.0,하락  990,-5.96,15540.0,15550.0,6306840.0,98182.0,9117427.0,,,0.455069,1.49028795,"6,191.92",-34.13,-0.55,2026-04-17 15:33:16
33,LED,1.24,038060,루멘스 *,테마 편입 사유,1531.0,하락  116,-7.04,1490.0,1492.0,46581587.0,78603.0,9099140.0,,,0.455069,1.49028795,"6,191.92",-34.13,-0.55,2026-04-17 15:33:16
547,CXL(컴퓨트익스프레스링크),0.73,080580,오킨스전자 *,테마 편입 사유,25100.0,"상승  2,400",10.57,25000.0,25050.0,2147203.0,53877.0,680892.0,,,0.856396,1.2010178,"6,191.92",-34.13,-0.55,2026-04-17 15:33:16
547,CXL(컴퓨트익스프레스링크),0.73,440110,파두 *,테마 편입 사유,59000.0,"상승  1,400",2.43,58700.0,58800.0,978534.0,58742.0,821687.0,,,0.856396,1.2010178,"6,191.92",-34.13,-0.55,2026-04-17 15:33:16
547,CXL(컴퓨트익스프레스링크),0.73,394280,오픈엣지테크놀로지 *,테마 편입 사유,17350.0,상승  410,2.42,17320.0,17330.0,179996.0,3076.0,208391.0,,,0.856396,1.2010178,"6,191.92",-34.13,-0.55,2026-04-17 15:33:16
547,CXL(컴퓨트익스프레스링크),0.73,019680,대교,테마 편입 사유,1615.0,상승  30,1.89,1603.0,1616.0,58265.0,92.0,70910.0,,,0.856396,1.2010178,"6,191.92",-34.13,-0.55,2026-04-17 15:33:16
547,CXL(컴퓨트익스프레스링크),0.73,405100,큐알티 *,테마 편입 사유,21350.0,상승  350,1.67,21300.0,21400.0,155789.0,3281.0,276454.0,,,0.856396,1.2010178,"6,191.92",-34.13,-0.55,2026-04-17 15:33:16
547,CXL(컴퓨트익스프레스링크),0.73,092870,엑시콘 *,테마 편입 사유,32200.0,상승  400,1.26,32150.0,32300.0,179940.0,5789.0,257581.0,,,0.856396,1.2010178,"6,191.92",-34.13,-0.55,2026-04-17 15:33:16
547,CXL(컴퓨트익스프레스링크),0.73,043650,국순당 *,테마 편입 사유,4395.0,상승  5,0.11,4380.0,4385.0,46718.0,204.0,435810.0,,,0.856396,1.2010178,"6,191.92",-34.13,-0.55,2026-04-17 15:33:16
547,CXL(컴퓨트익스프레스링크),0.73,253590,네오셈 *,테마 편입 사유,17260.0,하락  80,-0.46,17260.0,17270.0,728500.0,12547.0,822373.0,,,0.856396,1.2010178,"6,191.92",-34.13,-0.55,2026-04-17 15:33:16
547,CXL(컴퓨트익스프레스링크),0.73,005930,삼성전자,테마 편입 사유,216000.0,"하락  1,500",-0.69,216500.0,217000.0,15537202.0,3364162.0,21499788.0,,,0.856396,1.2010178,"6,191.92",-34.13,-0.55,2026-04-17 15:33:16
547,CXL(컴퓨트익스프레스링크),0.73,432720,퀄리타스반도체 *,테마 편입 사유,19100.0,하락  210,-1.09,19120.0,19130.0,1077322.0,20500.0,2301335.0,,,0.856396,1.2010178,"6,191.92",-34.13,-0.55,2026-04-17 15:33:16
547,CXL(컴퓨트익스프레스링크),0.73,000660,SK하이닉스,테마 편입 사유,1128000.0,"하락  27,000",-2.34,1132000.0,1133000.0,2713265.0,3085234.0,2901319.0,,,0.856396,1.2010178,"6,191.92",-34.13,-0.55,2026-04-17 15:33:16
547,CXL(컴퓨트익스프레스링크),0.73,007810,코리아써키트,테마 편입 사유,89300.0,"하락  2,200",-2.4,89000.0,89100.0,266769.0,23991.0,395627.0,,,0.856396,1.2010178,"6,191.92",-34.13,-0.55,2026-04-17 15:33:16
547,CXL(컴퓨트익스프레스링크),0.73,356860,티엘비 *,테마 편입 사유,81500.0,"하락  3,300",-3.89,81500.0,81600.0,333907.0,26955.0,504072.0,,,0.856396,1.2010178,"6,191.92",-34.13,-0.55,2026-04-17 15:33:16
545,온디바이스 AI,0.66,009150,삼성전기,테마 편입 사유,679000.0,"상승  40,000",6.26,678000.0,679000.0,817896.0,551264.0,556668.0,,,0.894704,1.1520872,"6,191.92",-34.13,-0.55,2026-04-17 15:33:16
545,온디바이스 AI,0.66,200710,에이디테크놀로지 *,테마 편입 사유,54500.0,"상승  1,600",3.02,54800.0,54900.0,315216.0,16982.0,275285.0,,,0.894704,1.1520872,"6,191.92",-34.13,-0.55,2026-04-17 15:33:16
545,온디바이스 AI,0.66,394280,오픈엣지테크놀로지 *,테마 편입 사유,17350.0,상승  410,2.42,17320.0,17330.0,179996.0,3076.0,208391.0,,,0.894704,1.1520872,"6,191.92",-34.13,-0.55,2026-04-17 15:33:16
545,온디바이스 AI,0.66,200470,에이팩트 *,테마 편입 사유,7170.0,상승  140,1.99,7150.0,7160.0,554247.0,3899.0,567126.0,,,0.894704,1.1520872,"6,191.92",-34.13,-0.55,2026-04-17 15:33:16
545,온디바이스 AI,0.66,033640,네패스 *,테마 편입 사유,26650.0,상승  500,1.91,26650.0,26750.0,311491.0,8347.0,625970.0,,,0.894704,1.1520872,"6,191.92",-34.13,-0.55,2026-04-17 15:33:16
545,온디바이스 AI,0.66,405100,큐알티 *,테마 편입 사유,21350.0,상승  350,1.67,21300.0,21400.0,155789.0,3281.0,276454.0,,,0.894704,1.1520872,"6,191.92",-34.13,-0.55,2026-04-17 15:33:16
545,온디바이스 AI,0.66,399720,가온칩스 *,테마 편입 사유,63400.0,"상승  1,000",1.6,63400.0,63500.0,106591.0,6706.0,101491.0,,,0.894704,1.1520872,"6,191.92",-34.13,-0.55,2026-04-17 15:33:16
545,온디바이스 AI,0.66,464500,아이언디바이스 *,테마 편입 사유,3700.0,상승  45,1.23,3660.0,3690.0,114376.0,421.0,168624.0,,,0.894704,1.1520872,"6,191.92",-34.13,-0.55,2026-04-17 15:33:16
545,온디바이스 AI,0.66,094360,칩스앤미디어 *,테마 편입 사유,17700.0,상승  210,1.2,17450.0,17480.0,102187.0,1773.0,108112.0,,,0.894704,1.1520872,"6,191.92",-34.13,-0.55,2026-04-17 15:33:16
545,온디바이스 AI,0.66,353200,대덕전자,테마 편입 사유,94300.0,"상승  1,000",1.07,94000.0,94100.0,1199064.0,112504.0,2213242.0,,,0.894704,1.1520872,"6,191.92",-34.13,-0.55,2026-04-17 15:33:16
545,온디바이스 AI,0.66,077500,유니퀘스트,테마 편입 사유,6530.0,상승  60,0.93,6500.0,6510.0,250308.0,1619.0,323211.0,,,0.894704,1.1520872,"6,191.92",-34.13,-0.55,2026-04-17 15:33:16
545,온디바이스 AI,0.66,054450,텔레칩스 *,테마 편입 사유,13550.0,상승  120,0.89,13480.0,13490.0,77577.0,1041.0,88393.0,,,0.894704,1.1520872,"6,191.92",-34.13,-0.55,2026-04-17 15:33:16
545,온디바이스 AI,0.66,403870,HPSP *,테마 편입 사유,44500.0,상승  350,0.79,44550.0,44600.0,2113086.0,94503.0,2558219.0,,,0.894704,1.1520872,"6,191.92",-34.13,-0.55,2026-04-17 15:33:16
545,온디바이스 AI,0.66,058470,리노공업 *,테마 편입 사유,115300.0,상승  300,0.26,114800.0,114900.0,436438.0,49980.0,606432.0,,,0.894704,1.1520872,"6,191.92",-34.13,-0.55,2026-04-17 15:33:16
545,온디바이스 AI,0.66,222800,심텍 *,테마 편입 사유,76200.0,상승  100,0.13,76100.0,76200.0,600155.0,45281.0,1201601.0,,,0.894704,1.1520872,"6,191.92",-34.13,-0.55,2026-04-17 15:33:16
545,온디바이스 AI,0.66,330860,네패스아크 *,테마 편입 사유,33200.0,하락  100,-0.3,33400.0,33450.0,623141.0,21773.0,345439.0,,,0.894704,1.1520872,"6,191.92",-34.13,-0.55,2026-04-17 15:33:16
545,온디바이스 AI,0.66,102120,어보브반도체 *,테마 편입 사유,12280.0,하락  40,-0.32,12270.0,12280.0,238257.0,2917.0,376731.0,,,0.894704,1.1520872,"6,191.92",-34.13,-0.55,2026-04-17 15:33:16
545,온디바이스 AI,0.66,080220,제주반도체 *,테마 편입 사유,43300.0,하락  150,-0.35,43300.0,43350.0,783327.0,33642.0,1242106.0,,,0.894704,1.1520872,"6,191.92",-34.13,-0.55,2026-04-17 15:33:16
545,온디바이스 AI,0.66,005930,삼성전자,테마 편입 사유,216000.0,"하락  1,500",-0.69,216500.0,217000.0,15537202.0,3364162.0,21499788.0,,,0.894704,1.1520872,"6,191.92",-34.13,-0.55,2026-04-17 15:33:16
545,온디바이스 AI,0.66,377480,마음AI *,테마 편입 사유,15760.0,하락  150,-0.94,15740.0,15750.0,47084.0,738.0,135584.0,,,0.894704,1.1520872,"6,191.92",-34.13,-0.55,2026-04-17 15:33:16
545,온디바이스 AI,0.66,432720,퀄리타스반도체 *,테마 편입 사유,19100.0,하락  210,-1.09,19120.0,19130.0,1077322.0,20500.0,2301335.0,,,0.894704,1.1520872,"6,191.92",-34.13,-0.55,2026-04-17 15:33:16
545,온디바이스 AI,0.66,486990,노타 *,테마 편입 사유,33800.0,하락  550,-1.6,33800.0,33850.0,127204.0,4285.0,215205.0,,,0.894704,1.1520872,"6,191.92",-34.13,-0.55,2026-04-17 15:33:16
545,온디바이스 AI,0.66,323280,태성 *,테마 편입 사유,57900.0,"하락  1,200",-2.03,57700.0,57800.0,229122.0,13311.0,407960.0,,,0.894704,1.1520872,"6,191.92",-34.13,-0.55,2026-04-17 15:33:16
545,온디바이스 AI,0.66,000660,SK하이닉스,테마 편입 사유,1128000.0,"하락  27,000",-2.34,1132000.0,1133000.0,2713265.0,3085234.0,2901319.0,,,0.894704,1.1520872,"6,191.92",-34.13,-0.55,2026-04-17 15:33:16
597,오가노이드,0.79,068330,일신바이오 *,테마 편입 사유,1670.0,상승  100,6.37,1664.0,1665.0,6173354.0,10670.0,981062.0,,,0.5,1.065,"6,191.92",-34.13,-0.55,2026-04-17 15:33:16
597,오가노이드,0.79,217730,강스템바이오텍 *,테마 편입 사유,4275.0,상승  90,2.15,4285.0,4295.0,1500443.0,6353.0,3602775.0,,,0.5,1.065,"6,191.92",-34.13,-0.55,2026-04-17 15:33:16
597,오가노이드,0.79,223250,드림씨아이에스 *,테마 편입 사유,5040.0,상승  45,0.9,5030.0,5040.0,44637.0,223.0,92396.0,,,0.5,1.065,"6,191.92",-34.13,-0.55,2026-04-17 15:33:16
597,오가노이드,0.79,246710,티앤알바이오팹 *,테마 편입 사유,3330.0,상승  20,0.6,3315.0,3330.0,252590.0,833.0,452492.0,,,0.5,1.065,"6,191.92",-34.13,-0.55,2026-04-17 15:33:16
597,오가노이드,0.79,001060,JW중외제약,테마 편입 사유,31450.0,하락  200,-0.63,31400.0,31500.0,62508.0,1962.0,52594.0,,,0.5,1.065,"6,191.92",-34.13,-0.55,2026-04-17 15:33:16
597,오가노이드,0.79,475960,토모큐브 *,테마 편입 사유,56300.0,하락  500,-0.88,56000.0,56200.0,38469.0,2171.0,70967.0,,,0.5,1.065,"6,191.92",-34.13,-0.55,2026-04-17 15:33:16
597,오가노이드,0.79,207940,삼성바이오로직스,테마 편입 사유,1601000.0,"하락  15,000",-0.93,1600000.0,1601000.0,26261.0,42044.0,32491.0,,,0.5,1.065,"6,191.92",-34.13,-0.55,2026-04-17 15:33:16
597,오가노이드,0.79,476040,오가노이드사이언스 *,테마 편입 사유,23550.0,하락  300,-1.26,23700.0,23750.0,37409.0,881.0,74602.0,,,0.5,1.065,"6,191.92",-34.13,-0.55,2026-04-17 15:33:16
593,귀금속(금/은),0.76,000670,영풍,테마 편입 사유,65200.0,"상승  2,800",4.49,65500.0,65600.0,47211.0,3064.0,16990.0,,,0.5,1.0350000000000001,"6,191.92",-34.13,-0.55,2026-04-17 15:33:16
593,귀금속(금/은),0.76,037950,엘컴텍 *,테마 편입 사유,709.0,보합0,0.0,0.0,0.0,0.0,0.0,770427.0,,,0.5,1.0350000000000001,"6,191.92",-34.13,-0.55,2026-04-17 15:33:16
593,귀금속(금/은),0.76,124500,아이티센글로벌 *,테마 편입 사유,53200.0,하락  300,-0.56,53000.0,53100.0,145696.0,7729.0,274365.0,,,0.5,1.0350000000000001,"6,191.92",-34.13,-0.55,2026-04-17 15:33:16
593,귀금속(금/은),0.76,010130,고려아연,테마 편입 사유,1679000.0,"하락  15,000",-0.89,1685000.0,1686000.0,14426.0,24249.0,24490.0,,,0.5,1.0350000000000001,"6,191.92",-34.13,-0.55,2026-04-17 15:33:16
536,HBM(고대역폭메모리),0.47,098460,고영 *,테마 편입 사유,33000.0,"상승  3,400",11.49,32700.0,32750.0,13304664.0,437699.0,1179822.0,,,0.981374,1.0097557,"6,191.92",-34.13,-0.55,2026-04-17 15:33:16
536,HBM(고대역폭메모리),0.47,451220,아이엠티 *,테마 편입 사유,14340.0,상승  760,5.6,14250.0,14260.0,379466.0,5335.0,157055.0,,,0.981374,1.0097557,"6,191.92",-34.13,-0.55,2026-04-17 15:33:16
536,HBM(고대역폭메모리),0.47,095340,ISC *,테마 편입 사유,229000.0,"상승  7,000",3.15,229000.0,229500.0,192817.0,43386.0,253224.0,,,0.981374,1.0097557,"6,191.92",-34.13,-0.55,2026-04-17 15:33:16
536,HBM(고대역폭메모리),0.47,424980,마이크로투나노 *,테마 편입 사유,13780.0,상승  420,3.14,13700.0,13780.0,26223.0,357.0,15506.0,,,0.981374,1.0097557,"6,191.92",-34.13,-0.55,2026-04-17 15:33:16
536,HBM(고대역폭메모리),0.47,394280,오픈엣지테크놀로지 *,테마 편입 사유,17350.0,상승  410,2.42,17320.0,17330.0,179996.0,3076.0,208391.0,,,0.981374,1.0097557,"6,191.92",-34.13,-0.55,2026-04-17 15:33:16
536,HBM(고대역폭메모리),0.47,322310,오로스테크놀로지 *,테마 편입 사유,35650.0,상승  800,2.3,35650.0,35700.0,177506.0,6247.0,182250.0,,,0.981374,1.0097557,"6,191.92",-34.13,-0.55,2026-04-17 15:33:16
536,HBM(고대역폭메모리),0.47,220260,켐트로스 *,테마 편입 사유,6020.0,상승  120,2.03,6000.0,6010.0,477503.0,2860.0,335918.0,,,0.981374,1.0097557,"6,191.92",-34.13,-0.55,2026-04-17 15:33:16
536,HBM(고대역폭메모리),0.47,405100,큐알티 *,테마 편입 사유,21350.0,상승  350,1.67,21300.0,21400.0,155789.0,3281.0,276454.0,,,0.981374,1.0097557,"6,191.92",-34.13,-0.55,2026-04-17 15:33:16
536,HBM(고대역폭메모리),0.47,217190,제너셈 *,테마 편입 사유,6810.0,상승  110,1.64,6800.0,6820.0,372685.0,2533.0,924041.0,,,0.981374,1.0097557,"6,191.92",-34.13,-0.55,2026-04-17 15:33:16
536,HBM(고대역폭메모리),0.47,097800,윈팩 *,테마 편입 사유,480.0,상승  6,1.27,477.0,481.0,1984842.0,949.0,2163557.0,,,0.981374,1.0097557,"6,191.92",-34.13,-0.55,2026-04-17 15:33:16
536,HBM(고대역폭메모리),0.47,307750,국전약품 *,테마 편입 사유,4080.0,상승  50,1.24,4075.0,4080.0,1352246.0,5573.0,1164813.0,,,0.981374,1.0097557,"6,191.92",-34.13,-0.55,2026-04-17 15:33:16
536,HBM(고대역폭메모리),0.47,110990,디아이티 *,테마 편입 사유,23200.0,상승  200,0.87,23100.0,23200.0,134420.0,3118.0,233375.0,,,0.981374,1.0097557,"6,191.92",-34.13,-0.55,2026-04-17 15:33:16
536,HBM(고대역폭메모리),0.47,079370,제우스 *,테마 편입 사유,16260.0,상승  90,0.56,16250.0,16260.0,401703.0,6487.0,519177.0,,,0.981374,1.0097557,"6,191.92",-34.13,-0.55,2026-04-17 15:33:16
536,HBM(고대역폭메모리),0.47,232140,와이씨 *,테마 편입 사유,20100.0,상승  110,0.55,20050.0,20100.0,735518.0,14699.0,606892.0,,,0.981374,1.0097557,"6,191.92",-34.13,-0.55,2026-04-17 15:33:16
536,HBM(고대역폭메모리),0.47,168360,펨트론 *,테마 편입 사유,22600.0,상승  100,0.44,22750.0,22800.0,66239.0,1495.0,137961.0,,,0.981374,1.0097557,"6,191.92",-34.13,-0.55,2026-04-17 15:33:16
536,HBM(고대역폭메모리),0.47,396470,워트 *,테마 편입 사유,7740.0,상승  30,0.39,7730.0,7750.0,303660.0,2363.0,236245.0,,,0.981374,1.0097557,"6,191.92",-34.13,-0.55,2026-04-17 15:33:16
536,HBM(고대역폭메모리),0.47,039440,에스티아이 *,테마 편입 사유,33500.0,상승  100,0.3,33250.0,33300.0,148942.0,4955.0,264415.0,,,0.981374,1.0097557,"6,191.92",-34.13,-0.55,2026-04-17 15:33:16
536,HBM(고대역폭메모리),0.47,348210,넥스틴 *,테마 편입 사유,76700.0,상승  100,0.13,76400.0,76600.0,51099.0,3914.0,87833.0,,,0.981374,1.0097557,"6,191.92",-34.13,-0.55,2026-04-17 15:33:16
536,HBM(고대역폭메모리),0.47,112290,와이씨켐 *,테마 편입 사유,23450.0,보합0,0.0,0.0,0.0,0.0,0.0,0.0,,,0.981374,1.0097557,"6,191.92",-34.13,-0.55,2026-04-17 15:33:16
536,HBM(고대역폭메모리),0.47,281820,케이씨텍,테마 편입 사유,54500.0,보합0,0.0,54200.0,54300.0,109851.0,5988.0,130722.0,,,0.981374,1.0097557,"6,191.92",-34.13,-0.55,2026-04-17 15:33:16
536,HBM(고대역폭메모리),0.47,086390,유니테스트 *,테마 편입 사유,18270.0,하락  30,-0.16,18230.0,18240.0,314153.0,5723.0,245456.0,,,0.981374,1.0097557,"6,191.92",-34.13,-0.55,2026-04-17 15:33:16
536,HBM(고대역폭메모리),0.47,039030,이오테크닉스 *,테마 편입 사유,470500.0,"하락  2,000",-0.42,470000.0,470500.0,49002.0,23015.0,58924.0,,,0.981374,1.0097557,"6,191.92",-34.13,-0.55,2026-04-17 15:33:16
536,HBM(고대역폭메모리),0.47,489790,한화비전,테마 편입 사유,79300.0,하락  500,-0.63,78800.0,79000.0,244036.0,19201.0,422632.0,,,0.981374,1.0097557,"6,191.92",-34.13,-0.55,2026-04-17 15:33:16
536,HBM(고대역폭메모리),0.47,005930,삼성전자,테마 편입 사유,216000.0,"하락  1,500",-0.69,216500.0,217000.0,15537202.0,3364162.0,21499788.0,,,0.981374,1.0097557,"6,191.92",-34.13,-0.55,2026-04-17 15:33:16
536,HBM(고대역폭메모리),0.47,003160,디아이,테마 편입 사유,31700.0,하락  250,-0.78,31650.0,31750.0,205330.0,6476.0,231774.0,,,0.981374,1.0097557,"6,191.92",-34.13,-0.55,2026-04-17 15:33:16
536,HBM(고대역폭메모리),0.47,254490,미래반도체 *,테마 편입 사유,18270.0,하락  160,-0.87,18240.0,18250.0,63294.0,1152.0,112990.0,,,0.981374,1.0097557,"6,191.92",-34.13,-0.55,2026-04-17 15:33:16
536,HBM(고대역폭메모리),0.47,042700,한미반도체,테마 편입 사유,286500.0,"하락  5,500",-1.88,286000.0,286500.0,359134.0,103039.0,458794.0,,,0.981374,1.0097557,"6,191.92",-34.13,-0.55,2026-04-17 15:33:16
536,HBM(고대역폭메모리),0.47,089030,테크윙 *,테마 편입 사유,56300.0,"하락  1,100",-1.92,56500.0,56600.0,665245.0,37589.0,1232472.0,,,0.981374,1.0097557,"6,191.92",-34.13,-0.55,2026-04-17 15:33:16
536,HBM(고대역폭메모리),0.47,033160,엠케이전자 *,테마 편입 사유,23450.0,하락  550,-2.29,23350.0,23400.0,670422.0,16147.0,2747501.0,,,0.981374,1.0097557,"6,191.92",-34.13,-0.55,2026-04-17 15:33:16
536,HBM(고대역폭메모리),0.47,000660,SK하이닉스,테마 편입 사유,1128000.0,"하락  27,000",-2.34,1132000.0,1133000.0,2713265.0,3085234.0,2901319.0,,,0.981374,1.0097557,"6,191.92",-34.13,-0.55,2026-04-17 15:33:16
536,HBM(고대역폭메모리),0.47,031980,피에스케이홀딩스 *,테마 편입 사유,118900.0,"하락  4,500",-3.65,118700.0,118800.0,111201.0,13398.0,395688.0,,,0.981374,1.0097557,"6,191.92",-34.13,-0.55,2026-04-17 15:33:16
536,HBM(고대역폭메모리),0.47,122640,예스티 *,테마 편입 사유,27950.0,"하락  1,150",-3.95,27850.0,27900.0,267819.0,7648.0,194015.0,,,0.981374,1.0097557,"6,191.92",-34.13,-0.55,2026-04-17 15:33:16
536,HBM(고대역폭메모리),0.47,412350,레이저쎌 *,테마 편입 사유,7960.0,하락  340,-4.1,7930.0,7940.0,811401.0,6416.0,1517695.0,,,0.981374,1.0097557,"6,191.92",-34.13,-0.55,2026-04-17 15:33:16
171,비철금속,0.73,009190,대양금속,테마 편입 사유,1550.0,상승  127,8.92,1549.0,1553.0,1263073.0,1934.0,299188.0,,,0.359222,0.9275721,"6,191.92",-34.13,-0.55,2026-04-17 15:33:16
171,비철금속,0.73,009520,포스코엠텍 *,테마 편입 사유,19520.0,"상승  1,200",6.55,19460.0,19480.0,926884.0,18129.0,124642.0,,,0.359222,0.9275721,"6,191.92",-34.13,-0.55,2026-04-17 15:33:16
171,비철금속,0.73,000670,영풍,테마 편입 사유,65200.0,"상승  2,800",4.49,65500.0,65600.0,47211.0,3064.0,16990.0,,,0.359222,0.9275721,"6,191.92",-34.13,-0.55,2026-04-17 15:33:16
171,비철금속,0.73,354320,알멕 *,테마 편입 사유,89600.0,"상승  3,700",4.31,88500.0,89900.0,121872.0,10812.0,190531.0,,,0.359222,0.9275721,"6,191.92",-34.13,-0.55,2026-04-17 15:33:16
171,비철금속,0.73,081150,티플랙스 *,테마 편입 사유,3820.0,상승  155,4.23,3795.0,3800.0,758691.0,2849.0,314282.0,,,0.359222,0.9275721,"6,191.92",-34.13,-0.55,2026-04-17 15:33:16
171,비철금속,0.73,006110,삼아알미늄,테마 편입 사유,53000.0,"상승  1,200",2.32,52700.0,52900.0,319075.0,16563.0,291635.0,,,0.359222,0.9275721,"6,191.92",-34.13,-0.55,2026-04-17 15:33:16
171,비철금속,0.73,128660,피제이메탈 *,테마 편입 사유,3685.0,상승  75,2.08,3655.0,3675.0,195651.0,713.0,278249.0,,,0.359222,0.9275721,"6,191.92",-34.13,-0.55,2026-04-17 15:33:16
171,비철금속,0.73,001530,DI동일,테마 편입 사유,23050.0,상승  200,0.88,23000.0,23050.0,26748.0,614.0,47753.0,,,0.359222,0.9275721,"6,191.92",-34.13,-0.55,2026-04-17 15:33:16
171,비철금속,0.73,037760,쎄니트 *,테마 편입 사유,2360.0,상승  15,0.64,2355.0,2360.0,19358.0,46.0,14717.0,,,0.359222,0.9275721,"6,191.92",-34.13,-0.55,2026-04-17 15:33:16
171,비철금속,0.73,186230,그린플러스 *,테마 편입 사유,4760.0,상승  30,0.63,4740.0,4750.0,22449.0,106.0,43494.0,,,0.359222,0.9275721,"6,191.92",-34.13,-0.55,2026-04-17 15:33:16
171,비철금속,0.73,198940,한주라이트메탈 *,테마 편입 사유,729.0,보합0,0.0,726.0,728.0,191427.0,139.0,317090.0,,,0.359222,0.9275721,"6,191.92",-34.13,-0.55,2026-04-17 15:33:16
171,비철금속,0.73,032560,황금에스티,테마 편입 사유,6190.0,하락  10,-0.16,6160.0,6180.0,25195.0,155.0,48579.0,,,0.359222,0.9275721,"6,191.92",-34.13,-0.55,2026-04-17 15:33:16
171,비철금속,0.73,103140,풍산,테마 편입 사유,101900.0,하락  200,-0.2,101800.0,102000.0,149952.0,15216.0,191882.0,,,0.359222,0.9275721,"6,191.92",-34.13,-0.55,2026-04-17 15:33:16
171,비철금속,0.73,015890,태경산업,테마 편입 사유,5070.0,하락  20,-0.39,5040.0,5070.0,38257.0,193.0,56577.0,,,0.359222,0.9275721,"6,191.92",-34.13,-0.55,2026-04-17 15:33:16
171,비철금속,0.73,001780,알루코,테마 편입 사유,2605.0,하락  15,-0.57,2610.0,2615.0,1775541.0,4622.0,2575332.0,,,0.359222,0.9275721,"6,191.92",-34.13,-0.55,2026-04-17 15:33:16
171,비철금속,0.73,018470,조일알미늄,테마 편입 사유,1711.0,하락  10,-0.58,1718.0,1719.0,6516932.0,11206.0,9788675.0,,,0.359222,0.9275721,"6,191.92",-34.13,-0.55,2026-04-17 15:33:16
171,비철금속,0.73,004560,현대비앤지스틸,테마 편입 사유,15720.0,하락  110,-0.69,15710.0,15720.0,83695.0,1309.0,147151.0,,,0.359222,0.9275721,"6,191.92",-34.13,-0.55,2026-04-17 15:33:16
171,비철금속,0.73,009730,이렘 *,테마 편입 사유,488.0,하락  4,-0.81,487.0,490.0,492512.0,240.0,470719.0,,,0.359222,0.9275721,"6,191.92",-34.13,-0.55,2026-04-17 15:33:16
171,비철금속,0.73,010130,고려아연,테마 편입 사유,1679000.0,"하락  15,000",-0.89,1685000.0,1686000.0,14426.0,24249.0,24490.0,,,0.359222,0.9275721,"6,191.92",-34.13,-0.55,2026-04-17 15:33:16
171,비철금속,0.73,012800,대창,테마 편입 사유,1514.0,하락  18,-1.17,1510.0,1512.0,818905.0,1231.0,1520014.0,,,0.359222,0.9275721,"6,191.92",-34.13,-0.55,2026-04-17 15:33:16
171,비철금속,0.73,005810,풍산홀딩스,테마 편입 사유,45500.0,하락  650,-1.41,45650.0,45700.0,122153.0,5564.0,313451.0,,,0.359222,0.9275721,"6,191.92",-34.13,-0.55,2026-04-17 15:33:16
171,비철금속,0.73,025820,이구산업,테마 편입 사유,5600.0,하락  90,-1.58,5570.0,5590.0,388701.0,2163.0,677269.0,,,0.359222,0.9275721,"6,191.92",-34.13,-0.55,2026-04-17 15:33:16
171,비철금속,0.73,060480,국일신동 *,테마 편입 사유,1785.0,하락  41,-2.25,1787.0,1789.0,40502.0,73.0,218838.0,,,0.359222,0.9275721,"6,191.92",-34.13,-0.55,2026-04-17 15:33:16
171,비철금속,0.73,008350,남선알미늄,테마 편입 사유,2460.0,하락  70,-2.77,2435.0,2440.0,14730639.0,36634.0,23025007.0,,,0.359222,0.9275721,"6,191.92",-34.13,-0.55,2026-04-17 15:33:16
171,비철금속,0.73,021050,서원,테마 편입 사유,1447.0,하락  50,-3.34,1434.0,1438.0,965862.0,1385.0,2790965.0,,,0.359222,0.9275721,"6,191.92",-34.13,-0.55,2026-04-17 15:33:16
408,마리화나(대마),0.75,060590,씨티씨바이오 *,테마 편입 사유,4160.0,상승  115,2.84,4130.0,4150.0,118880.0,493.0,116359.0,,,0.161438,0.8387909,"6,191.92",-34.13,-0.55,2026-04-17 15:33:16
408,마리화나(대마),0.75,052420,오성첨단소재 *,테마 편입 사유,1539.0,상승  37,2.46,1538.0,1540.0,1222828.0,1873.0,908526.0,,,0.161438,0.8387909,"6,191.92",-34.13,-0.55,2026-04-17 15:33:16
408,마리화나(대마),0.75,065170,비엘팜텍 *,테마 편입 사유,2490.0,상승  30,1.22,2450.0,2455.0,1339470.0,3251.0,1023494.0,,,0.161438,0.8387909,"6,191.92",-34.13,-0.55,2026-04-17 15:33:16
408,마리화나(대마),0.75,082850,우리바이오 *,테마 편입 사유,2085.0,상승  25,1.21,2085.0,2090.0,405512.0,845.0,381887.0,,,0.161438,0.8387909,"6,191.92",-34.13,-0.55,2026-04-17 15:33:16
408,마리화나(대마),0.75,256840,한국비엔씨 *,테마 편입 사유,4150.0,상승  40,0.97,4135.0,4150.0,680402.0,2820.0,772679.0,,,0.161438,0.8387909,"6,191.92",-34.13,-0.55,2026-04-17 15:33:16
408,마리화나(대마),0.75,900100,애머릿지 *,테마 편입 사유,422.0,상승  4,0.96,420.0,421.0,3087891.0,1346.0,13703828.0,,,0.161438,0.8387909,"6,191.92",-34.13,-0.55,2026-04-17 15:33:16
408,마리화나(대마),0.75,389470,인벤티지랩 *,테마 편입 사유,62500.0,상승  500,0.81,62100.0,62200.0,43476.0,2698.0,69178.0,,,0.161438,0.8387909,"6,191.92",-34.13,-0.55,2026-04-17 15:33:16
408,마리화나(대마),0.75,061250,화일약품 *,테마 편입 사유,943.0,보합0,0.0,0.0,0.0,0.0,0.0,0.0,,,0.161438,0.8387909,"6,191.92",-34.13,-0.55,2026-04-17 15:33:16
408,마리화나(대마),0.75,278650,HLB바이오스텝 *,테마 편입 사유,1405.0,하락  10,-0.71,1402.0,1403.0,278889.0,392.0,484008.0,,,0.161438,0.8387909,"6,191.92",-34.13,-0.55,2026-04-17 15:33:16
408,마리화나(대마),0.75,265740,엔에프씨 *,테마 편입 사유,7040.0,하락  160,-2.22,7030.0,7040.0,136621.0,963.0,197021.0,,,0.161438,0.8387909,"6,191.92",-34.13,-0.55,2026-04-17 15:33:16
349,드론(Drone),0.41,010820,퍼스텍,테마 편입 사유,13480.0,"상승  1,750",14.92,13480.0,13490.0,26575964.0,355811.0,4303464.0,,,0.531453,0.70229915,"6,191.92",-34.13,-0.55,2026-04-17 15:33:16
349,드론(Drone),0.41,099320,쎄트렉아이 *,테마 편입 사유,187500.0,"상승  13,400",7.7,187200.0,187300.0,279471.0,52318.0,116293.0,,,0.531453,0.70229915,"6,191.92",-34.13,-0.55,2026-04-17 15:33:16
349,드론(Drone),0.41,274090,켄코아에어로스페이스 *,테마 편입 사유,24000.0,"상승  1,250",5.49,23950.0,24000.0,1028479.0,24671.0,389293.0,,,0.531453,0.70229915,"6,191.92",-34.13,-0.55,2026-04-17 15:33:16
349,드론(Drone),0.41,005870,휴니드,테마 편입 사유,9400.0,상승  430,4.79,9320.0,9360.0,1204530.0,11375.0,300130.0,,,0.531453,0.70229915,"6,191.92",-34.13,-0.55,2026-04-17 15:33:16
349,드론(Drone),0.41,093640,케이알엠 *,테마 편입 사유,4280.0,상승  80,1.9,4265.0,4275.0,65819.0,279.0,73830.0,,,0.531453,0.70229915,"6,191.92",-34.13,-0.55,2026-04-17 15:33:16
349,드론(Drone),0.41,475580,에이럭스 *,테마 편입 사유,13230.0,상승  200,1.53,13250.0,13260.0,629402.0,8314.0,1133906.0,,,0.531453,0.70229915,"6,191.92",-34.13,-0.55,2026-04-17 15:33:16
349,드론(Drone),0.41,187220,디티앤씨 *,테마 편입 사유,3330.0,상승  45,1.37,3300.0,3320.0,47846.0,158.0,116973.0,,,0.531453,0.70229915,"6,191.92",-34.13,-0.55,2026-04-17 15:33:16
349,드론(Drone),0.41,051380,피씨디렉트 *,테마 편입 사유,2320.0,상승  30,1.31,2275.0,2285.0,147079.0,335.0,143106.0,,,0.531453,0.70229915,"6,191.92",-34.13,-0.55,2026-04-17 15:33:16
349,드론(Drone),0.41,306620,지아이에스 *,테마 편입 사유,3315.0,상승  35,1.07,3295.0,3305.0,771063.0,2534.0,773038.0,,,0.531453,0.70229915,"6,191.92",-34.13,-0.55,2026-04-17 15:33:16
349,드론(Drone),0.41,204610,티쓰리 *,테마 편입 사유,2900.0,상승  30,1.05,2875.0,2890.0,273920.0,790.0,297516.0,,,0.531453,0.70229915,"6,191.92",-34.13,-0.55,2026-04-17 15:33:16
349,드론(Drone),0.41,077360,덕산하이메탈 *,테마 편입 사유,16530.0,상승  120,0.73,16460.0,16480.0,5970719.0,99805.0,8086997.0,,,0.531453,0.70229915,"6,191.92",-34.13,-0.55,2026-04-17 15:33:16
349,드론(Drone),0.41,030200,KT,테마 편입 사유,63900.0,상승  300,0.47,64200.0,64300.0,222571.0,14275.0,331974.0,,,0.531453,0.70229915,"6,191.92",-34.13,-0.55,2026-04-17 15:33:16
349,드론(Drone),0.41,097520,엠씨넥스,테마 편입 사유,23700.0,상승  50,0.21,23700.0,23800.0,35802.0,841.0,60350.0,,,0.531453,0.70229915,"6,191.92",-34.13,-0.55,2026-04-17 15:33:16
349,드론(Drone),0.41,033320,제이씨현시스템 *,테마 편입 사유,5190.0,상승  10,0.19,5150.0,5170.0,361037.0,1851.0,551159.0,,,0.531453,0.70229915,"6,191.92",-34.13,-0.55,2026-04-17 15:33:16
349,드론(Drone),0.41,096630,에스코넥 *,테마 편입 사유,813.0,보합0,0.0,0.0,0.0,0.0,0.0,0.0,,,0.531453,0.70229915,"6,191.92",-34.13,-0.55,2026-04-17 15:33:16
349,드론(Drone),0.41,223310,사토시홀딩스 *,테마 편입 사유,2275.0,보합0,0.0,0.0,0.0,0.0,0.0,15828868.0,,,0.531453,0.70229915,"6,191.92",-34.13,-0.55,2026-04-17 15:33:16
349,드론(Drone),0.41,023800,인지컨트롤스,테마 편입 사유,7840.0,하락  30,-0.38,7800.0,7820.0,111640.0,868.0,93234.0,,,0.531453,0.70229915,"6,191.92",-34.13,-0.55,2026-04-17 15:33:16
349,드론(Drone),0.41,003490,대한항공,테마 편입 사유,25050.0,하락  150,-0.6,24950.0,25000.0,807209.0,20131.0,1519970.0,,,0.531453,0.70229915,"6,191.92",-34.13,-0.55,2026-04-17 15:33:16
349,드론(Drone),0.41,079550,LIG디펜스앤에어로스페이스,테마 편입 사유,876000.0,"하락  7,000",-0.79,875000.0,876000.0,152723.0,134063.0,294554.0,,,0.531453,0.70229915,"6,191.92",-34.13,-0.55,2026-04-17 15:33:16
349,드론(Drone),0.41,047810,한국항공우주,테마 편입 사유,188400.0,"하락  1,500",-0.79,188300.0,188400.0,252015.0,47591.0,398959.0,,,0.531453,0.70229915,"6,191.92",-34.13,-0.55,2026-04-17 15:33:16
349,드론(Drone),0.41,177350,베셀 *,테마 편입 사유,1131.0,하락  12,-1.05,1127.0,1131.0,272729.0,309.0,298885.0,,,0.531453,0.70229915,"6,191.92",-34.13,-0.55,2026-04-17 15:33:16
349,드론(Drone),0.41,015710,코콤 *,테마 편입 사유,4085.0,하락  45,-1.09,4080.0,4090.0,96919.0,396.0,977648.0,,,0.531453,0.70229915,"6,191.92",-34.13,-0.55,2026-04-17 15:33:16
349,드론(Drone),0.41,093520,매커스 *,테마 편입 사유,24150.0,하락  300,-1.23,24150.0,24200.0,38121.0,926.0,31083.0,,,0.531453,0.70229915,"6,191.92",-34.13,-0.55,2026-04-17 15:33:16
349,드론(Drone),0.41,424960,스마트레이더시스템 *,테마 편입 사유,6990.0,하락  120,-1.69,6980.0,7000.0,64398.0,449.0,62742.0,,,0.531453,0.70229915,"6,191.92",-34.13,-0.55,2026-04-17 15:33:16
349,드론(Drone),0.41,272210,한화시스템,테마 편입 사유,129500.0,"하락  2,300",-1.75,129400.0,129500.0,522610.0,67726.0,570905.0,,,0.531453,0.70229915,"6,191.92",-34.13,-0.55,2026-04-17 15:33:16
349,드론(Drone),0.41,035460,기산텔레콤 *,테마 편입 사유,4560.0,하락  160,-3.39,4570.0,4575.0,1356066.0,6102.0,3561738.0,,,0.531453,0.70229915,"6,191.92",-34.13,-0.55,2026-04-17 15:33:16
349,드론(Drone),0.41,047080,한빛소프트 *,테마 편입 사유,1310.0,하락  49,-3.61,1292.0,1302.0,238198.0,314.0,366745.0,,,0.531453,0.70229915,"6,191.92",-34.13,-0.55,2026-04-17 15:33:16
349,드론(Drone),0.41,012450,한화에어로스페이스,테마 편입 사유,1423000.0,"하락  96,000",-6.32,1421000.0,1422000.0,272884.0,393142.0,121112.0,,,0.531453,0.70229915,"6,191.92",-34.13,-0.55,2026-04-17 15:33:16
349,드론(Drone),0.41,054920,한컴위드 *,테마 편입 사유,6140.0,하락  540,-8.08,6170.0,6180.0,3210664.0,19997.0,13669230.0,,,0.531453,0.70229915,"6,191.92",-34.13,-0.55,2026-04-17 15:33:16
104,스마트홈(홈네트워크),0.51,040160,누리플렉스 *,테마 편입 사유,17000.0,"상승  2,340",15.96,16950.0,16970.0,202040.0,3258.0,213918.0,,,0.288624,0.6687432,"6,191.92",-34.13,-0.55,2026-04-17 15:33:16
104,스마트홈(홈네트워크),0.51,032640,LG유플러스,테마 편입 사유,17600.0,상승  470,2.74,17610.0,17640.0,811972.0,14252.0,1106533.0,,,0.288624,0.6687432,"6,191.92",-34.13,-0.55,2026-04-17 15:33:16
104,스마트홈(홈네트워크),0.51,017670,SK텔레콤,테마 편입 사유,98300.0,"상승  2,400",2.5,97800.0,97900.0,843371.0,82759.0,933706.0,,,0.288624,0.6687432,"6,191.92",-34.13,-0.55,2026-04-17 15:33:16
104,스마트홈(홈네트워크),0.51,317400,자이에스앤디,테마 편입 사유,4590.0,상승  100,2.23,4600.0,4605.0,361450.0,1633.0,329678.0,,,0.288624,0.6687432,"6,191.92",-34.13,-0.55,2026-04-17 15:33:16
104,스마트홈(홈네트워크),0.51,091440,한울소재과학 *,테마 편입 사유,3255.0,상승  55,1.72,3200.0,3215.0,442452.0,1425.0,1138932.0,,,0.288624,0.6687432,"6,191.92",-34.13,-0.55,2026-04-17 15:33:16
104,스마트홈(홈네트워크),0.51,039010,현대에이치티 *,테마 편입 사유,10050.0,상승  150,1.52,9920.0,9970.0,1273365.0,14161.0,120930.0,,,0.288624,0.6687432,"6,191.92",-34.13,-0.55,2026-04-17 15:33:16
104,스마트홈(홈네트워크),0.51,044340,위닉스 *,테마 편입 사유,5500.0,상승  60,1.1,5450.0,5460.0,35326.0,192.0,58615.0,,,0.288624,0.6687432,"6,191.92",-34.13,-0.55,2026-04-17 15:33:16
104,스마트홈(홈네트워크),0.51,030200,KT,테마 편입 사유,63900.0,상승  300,0.47,64200.0,64300.0,222571.0,14275.0,331974.0,,,0.288624,0.6687432,"6,191.92",-34.13,-0.55,2026-04-17 15:33:16
104,스마트홈(홈네트워크),0.51,012750,에스원,테마 편입 사유,92200.0,상승  400,0.44,92600.0,92700.0,41062.0,3809.0,25607.0,,,0.288624,0.6687432,"6,191.92",-34.13,-0.55,2026-04-17 15:33:16
104,스마트홈(홈네트워크),0.51,057540,옴니시스템 *,테마 편입 사유,860.0,상승  2,0.23,860.0,861.0,152546.0,132.0,275001.0,,,0.288624,0.6687432,"6,191.92",-34.13,-0.55,2026-04-17 15:33:16
104,스마트홈(홈네트워크),0.51,479960,위너스 *,테마 편입 사유,10680.0,보합0,0.0,10670.0,10690.0,6951.0,74.0,37458.0,,,0.288624,0.6687432,"6,191.92",-34.13,-0.55,2026-04-17 15:33:16
104,스마트홈(홈네트워크),0.51,022100,포스코DX,테마 편입 사유,33250.0,보합0,0.0,33250.0,33300.0,433222.0,14452.0,376350.0,,,0.288624,0.6687432,"6,191.92",-34.13,-0.55,2026-04-17 15:33:16
104,스마트홈(홈네트워크),0.51,002230,피에스텍 *,테마 편입 사유,9320.0,하락  20,-0.21,9310.0,9340.0,150400.0,1394.0,217868.0,,,0.288624,0.6687432,"6,191.92",-34.13,-0.55,2026-04-17 15:33:16
104,스마트홈(홈네트워크),0.51,065770,CS *,테마 편입 사유,1860.0,하락  5,-0.27,1870.0,1872.0,3817269.0,6871.0,6104998.0,,,0.288624,0.6687432,"6,191.92",-34.13,-0.55,2026-04-17 15:33:16
104,스마트홈(홈네트워크),0.51,009450,경동나비엔,테마 편입 사유,69600.0,하락  400,-0.57,69400.0,69600.0,66244.0,4583.0,53460.0,,,0.288624,0.6687432,"6,191.92",-34.13,-0.55,2026-04-17 15:33:16
104,스마트홈(홈네트워크),0.51,005930,삼성전자,테마 편입 사유,216000.0,"하락  1,500",-0.69,216500.0,217000.0,15537202.0,3364162.0,21499788.0,,,0.288624,0.6687432,"6,191.92",-34.13,-0.55,2026-04-17 15:33:16
104,스마트홈(홈네트워크),0.51,079430,현대리바트,테마 편입 사유,7240.0,하락  60,-0.82,7220.0,7250.0,34954.0,252.0,24112.0,,,0.288624,0.6687432,"6,191.92",-34.13,-0.55,2026-04-17 15:33:16
104,스마트홈(홈네트워크),0.51,039570,HDC랩스,테마 편입 사유,8130.0,하락  90,-1.09,8140.0,8160.0,18744.0,152.0,49801.0,,,0.288624,0.6687432,"6,191.92",-34.13,-0.55,2026-04-17 15:33:16
104,스마트홈(홈네트워크),0.51,015710,코콤 *,테마 편입 사유,4085.0,하락  45,-1.09,4080.0,4090.0,96919.0,396.0,977648.0,,,0.288624,0.6687432,"6,191.92",-34.13,-0.55,2026-04-17 15:33:16
104,스마트홈(홈네트워크),0.51,199820,제일일렉트릭 *,테마 편입 사유,11070.0,하락  140,-1.25,11090.0,11110.0,214408.0,2365.0,411226.0,,,0.288624,0.6687432,"6,191.92",-34.13,-0.55,2026-04-17 15:33:16
104,스마트홈(홈네트워크),0.51,066570,LG전자,테마 편입 사유,124200.0,"하락  1,800",-1.43,123800.0,123900.0,519447.0,64397.0,862043.0,,,0.288624,0.6687432,"6,191.92",-34.13,-0.55,2026-04-17 15:33:16
104,스마트홈(홈네트워크),0.51,032790,엠젠솔루션 *,테마 편입 사유,859.0,하락  26,-2.94,859.0,860.0,371139.0,320.0,189979.0,,,0.288624,0.6687432,"6,191.92",-34.13,-0.55,2026-04-17 15:33:16
104,스마트홈(홈네트워크),0.51,038680,에스넷 *,테마 편입 사유,5230.0,하락  380,-6.77,5150.0,5160.0,1661771.0,8745.0,7043461.0,,,0.288624,0.6687432,"6,191.92",-34.13,-0.55,2026-04-17 15:33:16
323,셰일가스(Shale Gas),0.21,047050,포스코인터내셔널,테마 편입 사유,74800.0,"상승  2,000",2.75,74600.0,74700.0,774904.0,57595.0,522900.0,,,0.603403,0.54187165,"6,191.92",-34.13,-0.55,2026-04-17 15:33:16
323,셰일가스(Shale Gas),0.21,017960,한국카본,테마 편입 사유,52100.0,상승  900,1.76,51800.0,52100.0,801068.0,40973.0,545748.0,,,0.603403,0.54187165,"6,191.92",-34.13,-0.55,2026-04-17 15:33:16
323,셰일가스(Shale Gas),0.21,083650,비에이치아이 *,테마 편입 사유,98700.0,"상승  1,300",1.33,98800.0,98900.0,266284.0,26217.0,567234.0,,,0.603403,0.54187165,"6,191.92",-34.13,-0.55,2026-04-17 15:33:16
323,셰일가스(Shale Gas),0.21,036460,한국가스공사,테마 편입 사유,36700.0,상승  450,1.24,36650.0,36700.0,253701.0,9268.0,194693.0,,,0.603403,0.54187165,"6,191.92",-34.13,-0.55,2026-04-17 15:33:16
323,셰일가스(Shale Gas),0.21,100840,SNT에너지,테마 편입 사유,55200.0,상승  600,1.1,54800.0,55000.0,257074.0,14070.0,585078.0,,,0.603403,0.54187165,"6,191.92",-34.13,-0.55,2026-04-17 15:33:16
323,셰일가스(Shale Gas),0.21,015760,한국전력,테마 편입 사유,45900.0,상승  100,0.22,46100.0,46150.0,2114232.0,97232.0,2705831.0,,,0.603403,0.54187165,"6,191.92",-34.13,-0.55,2026-04-17 15:33:16
323,셰일가스(Shale Gas),0.21,101170,우림피티에스 *,테마 편입 사유,13420.0,상승  10,0.07,13390.0,13400.0,108461.0,1436.0,184516.0,,,0.603403,0.54187165,"6,191.92",-34.13,-0.55,2026-04-17 15:33:16
323,셰일가스(Shale Gas),0.21,017940,E1,테마 편입 사유,97600.0,하락  500,-0.51,97300.0,97500.0,9870.0,957.0,13492.0,,,0.603403,0.54187165,"6,191.92",-34.13,-0.55,2026-04-17 15:33:16
323,셰일가스(Shale Gas),0.21,018670,SK가스,테마 편입 사유,243000.0,"하락  3,000",-1.22,242000.0,242500.0,14808.0,3571.0,23518.0,,,0.603403,0.54187165,"6,191.92",-34.13,-0.55,2026-04-17 15:33:16
323,셰일가스(Shale Gas),0.21,034020,두산에너빌리티,테마 편입 사유,108500.0,"하락  2,300",-2.08,108300.0,108400.0,3590773.0,390933.0,8123993.0,,,0.603403,0.54187165,"6,191.92",-34.13,-0.55,2026-04-17 15:33:16
323,셰일가스(Shale Gas),0.21,002360,SH에너지화학,테마 편입 사유,410.0,하락  10,-2.38,410.0,411.0,1547179.0,634.0,2054959.0,,,0.603403,0.54187165,"6,191.92",-34.13,-0.55,2026-04-17 15:33:16
524,모듈러주택,0.28,005490,POSCO홀딩스,테마 편입 사유,385000.0,"상승  15,000",4.05,385000.0,385500.0,608004.0,232672.0,204289.0,,,0.402032,0.5011176,"6,191.92",-34.13,-0.55,2026-04-17 15:33:16
524,모듈러주택,0.28,475230,엔알비 *,테마 편입 사유,21350.0,상승  600,2.89,21400.0,21500.0,116805.0,2474.0,90198.0,,,0.402032,0.5011176,"6,191.92",-34.13,-0.55,2026-04-17 15:33:16
524,모듈러주택,0.28,003070,코오롱글로벌,테마 편입 사유,12100.0,상승  100,0.83,12130.0,12140.0,63438.0,767.0,144989.0,,,0.402032,0.5011176,"6,191.92",-34.13,-0.55,2026-04-17 15:33:16
524,모듈러주택,0.28,090410,덕신이피씨 *,테마 편입 사유,1360.0,상승  10,0.74,1354.0,1356.0,207435.0,279.0,279966.0,,,0.402032,0.5011176,"6,191.92",-34.13,-0.55,2026-04-17 15:33:16
524,모듈러주택,0.28,109610,에스와이 *,테마 편입 사유,2990.0,상승  20,0.67,2985.0,2995.0,202249.0,601.0,180679.0,,,0.402032,0.5011176,"6,191.92",-34.13,-0.55,2026-04-17 15:33:16
524,모듈러주택,0.28,014280,금강공업,테마 편입 사유,5410.0,상승  30,0.56,5360.0,5390.0,81087.0,432.0,118354.0,,,0.402032,0.5011176,"6,191.92",-34.13,-0.55,2026-04-17 15:33:16
524,모듈러주택,0.28,043910,자연과환경 *,테마 편입 사유,500.0,하락  1,-0.2,499.0,500.0,216260.0,108.0,472022.0,,,0.402032,0.5011176,"6,191.92",-34.13,-0.55,2026-04-17 15:33:16
524,모듈러주택,0.28,006360,GS건설,테마 편입 사유,39000.0,하락  550,-1.39,38900.0,38950.0,2015431.0,78182.0,4843131.0,,,0.402032,0.5011176,"6,191.92",-34.13,-0.55,2026-04-17 15:33:16
524,모듈러주택,0.28,028260,삼성물산,테마 편입 사유,301500.0,"하락  4,500",-1.47,302000.0,302500.0,190469.0,57543.0,339116.0,,,0.402032,0.5011176,"6,191.92",-34.13,-0.55,2026-04-17 15:33:16
524,모듈러주택,0.28,004960,한신공영,테마 편입 사유,15160.0,하락  620,-3.93,15040.0,15050.0,147255.0,2229.0,152510.0,,,0.402032,0.5011176,"6,191.92",-34.13,-0.55,2026-04-17 15:33:16
204,비료,0.36,014830,유니드,테마 편입 사유,87700.0,"상승  3,000",3.54,87400.0,87500.0,52491.0,4602.0,17164.0,,,0.222217,0.48221935,"6,191.92",-34.13,-0.55,2026-04-17 15:33:16
204,비료,0.36,001550,조비,테마 편입 사유,15540.0,상승  160,1.04,15540.0,15560.0,112021.0,1735.0,125645.0,,,0.222217,0.48221935,"6,191.92",-34.13,-0.55,2026-04-17 15:33:16
204,비료,0.36,332290,누보 *,테마 편입 사유,1388.0,상승  8,0.58,1392.0,1394.0,513856.0,714.0,658567.0,,,0.222217,0.48221935,"6,191.92",-34.13,-0.55,2026-04-17 15:33:16
204,비료,0.36,004000,롯데정밀화학,테마 편입 사유,54400.0,상승  300,0.55,54200.0,54400.0,64152.0,3485.0,57699.0,,,0.222217,0.48221935,"6,191.92",-34.13,-0.55,2026-04-17 15:33:16
204,비료,0.36,025860,남해화학,테마 편입 사유,8840.0,상승  20,0.23,8860.0,8870.0,5565557.0,50135.0,2081948.0,,,0.222217,0.48221935,"6,191.92",-34.13,-0.55,2026-04-17 15:33:16
204,비료,0.36,014580,태경비케이,테마 편입 사유,4670.0,상승  10,0.21,4650.0,4660.0,121101.0,563.0,92552.0,,,0.222217,0.48221935,"6,191.92",-34.13,-0.55,2026-04-17 15:33:16
204,비료,0.36,033250,체시스,테마 편입 사유,999.0,보합0,0.0,0.0,0.0,0.0,0.0,0.0,,,0.222217,0.48221935,"6,191.92",-34.13,-0.55,2026-04-17 15:33:16
204,비료,0.36,054050,농우바이오 *,테마 편입 사유,8160.0,하락  40,-0.49,8160.0,8170.0,21208.0,173.0,47076.0,,,0.222217,0.48221935,"6,191.92",-34.13,-0.55,2026-04-17 15:33:16
204,비료,0.36,097870,효성오앤비 *,테마 편입 사유,6550.0,하락  50,-0.76,6560.0,6570.0,118587.0,779.0,170577.0,,,0.222217,0.48221935,"6,191.92",-34.13,-0.55,2026-04-17 15:33:16
204,비료,0.36,001390,KG케미칼,테마 편입 사유,5870.0,하락  80,-1.34,5840.0,5870.0,690542.0,4019.0,637829.0,,,0.222217,0.48221935,"6,191.92",-34.13,-0.55,2026-04-17 15:33:16
527,윤활유,0.22,096770,SK이노베이션,테마 편입 사유,129400.0,"상승  2,900",2.29,129400.0,129500.0,432076.0,55184.0,667455.0,,,0.390276,0.43465180000000003,"6,191.92",-34.13,-0.55,2026-04-17 15:33:16
527,윤활유,0.22,003650,미창석유,테마 편입 사유,120700.0,"상승  1,600",1.34,121200.0,121900.0,2139.0,257.0,2326.0,,,0.390276,0.43465180000000003,"6,191.92",-34.13,-0.55,2026-04-17 15:33:16
527,윤활유,0.22,002960,한국쉘석유,테마 편입 사유,505000.0,"상승  5,000",1.0,502000.0,505000.0,1809.0,908.0,2169.0,,,0.390276,0.43465180000000003,"6,191.92",-34.13,-0.55,2026-04-17 15:33:16
527,윤활유,0.22,014530,극동유화,테마 편입 사유,3900.0,보합0,0.0,3885.0,3900.0,261737.0,1012.0,344566.0,,,0.390276,0.43465180000000003,"6,191.92",-34.13,-0.55,2026-04-17 15:33:16
527,윤활유,0.22,010950,S-Oil,테마 편입 사유,117300.0,하락  800,-0.68,117200.0,117300.0,237678.0,27806.0,299952.0,,,0.390276,0.43465180000000003,"6,191.92",-34.13,-0.55,2026-04-17 15:33:16
527,윤활유,0.22,024060,흥구석유 *,테마 편입 사유,17740.0,하락  160,-0.89,17720.0,17730.0,1085848.0,19327.0,1547883.0,,,0.390276,0.43465180000000003,"6,191.92",-34.13,-0.55,2026-04-17 15:33:16
527,윤활유,0.22,078930,GS,테마 편입 사유,71900.0,"하락  1,100",-1.51,71900.0,72000.0,220260.0,15866.0,161168.0,,,0.390276,0.43465180000000003,"6,191.92",-34.13,-0.55,2026-04-17 15:33:16
213,해저터널(지하화/지하도로 등),0.12,046940,우원개발 *,테마 편입 사유,5410.0,상승  290,5.66,5410.0,5430.0,624153.0,3307.0,393660.0,,,0.550928,0.4230104,"6,191.92",-34.13,-0.55,2026-04-17 15:33:16
213,해저터널(지하화/지하도로 등),0.12,025550,한국선재 *,테마 편입 사유,3775.0,상승  45,1.21,3715.0,3720.0,1908430.0,7330.0,1543118.0,,,0.550928,0.4230104,"6,191.92",-34.13,-0.55,2026-04-17 15:33:16
213,해저터널(지하화/지하도로 등),0.12,011390,부산산업,테마 편입 사유,79300.0,상승  800,1.02,79000.0,79200.0,3885.0,304.0,6836.0,,,0.550928,0.4230104,"6,191.92",-34.13,-0.55,2026-04-17 15:33:16
213,해저터널(지하화/지하도로 등),0.12,026150,특수건설 *,테마 편입 사유,6850.0,상승  20,0.29,6830.0,6840.0,71691.0,487.0,106793.0,,,0.550928,0.4230104,"6,191.92",-34.13,-0.55,2026-04-17 15:33:16
213,해저터널(지하화/지하도로 등),0.12,060370,LS마린솔루션 *,테마 편입 사유,32350.0,상승  50,0.15,32300.0,32350.0,205106.0,6574.0,293835.0,,,0.550928,0.4230104,"6,191.92",-34.13,-0.55,2026-04-17 15:33:16
213,해저터널(지하화/지하도로 등),0.12,017510,세명전기 *,테마 편입 사유,10210.0,하락  50,-0.49,10200.0,10210.0,441393.0,4506.0,582170.0,,,0.550928,0.4230104,"6,191.92",-34.13,-0.55,2026-04-17 15:33:16
213,해저터널(지하화/지하도로 등),0.12,028100,동아지질,테마 편입 사유,17750.0,하락  140,-0.78,17750.0,17790.0,17935.0,318.0,22669.0,,,0.550928,0.4230104,"6,191.92",-34.13,-0.55,2026-04-17 15:33:16
213,해저터널(지하화/지하도로 등),0.12,006260,LS,테마 편입 사유,329500.0,"하락  4,500",-1.35,330000.0,330500.0,97878.0,32545.0,164094.0,,,0.550928,0.4230104,"6,191.92",-34.13,-0.55,2026-04-17 15:33:16
213,해저터널(지하화/지하도로 등),0.12,125020,티씨머티리얼즈 *,테마 편입 사유,5790.0,하락  280,-4.61,5780.0,5790.0,1438374.0,8426.0,3059157.0,,,0.550928,0.4230104,"6,191.92",-34.13,-0.55,2026-04-17 15:33:16
197,폐기물처리,0.32,067900,와이엔텍 *,테마 편입 사유,7360.0,상승  160,2.22,7350.0,7370.0,66313.0,483.0,38021.0,,,0.172243,0.41473365,"6,191.92",-34.13,-0.55,2026-04-17 15:33:16
197,폐기물처리,0.32,060150,인선이엔티 *,테마 편입 사유,4435.0,상승  40,0.91,4425.0,4435.0,89244.0,393.0,86918.0,,,0.172243,0.41473365,"6,191.92",-34.13,-0.55,2026-04-17 15:33:16
197,폐기물처리,0.32,011370,서한 *,테마 편입 사유,1072.0,상승  1,0.09,1070.0,1072.0,199582.0,213.0,248523.0,,,0.172243,0.41473365,"6,191.92",-34.13,-0.55,2026-04-17 15:33:16
197,폐기물처리,0.32,004150,한솔홀딩스,테마 편입 사유,3430.0,하락  15,-0.44,3415.0,3425.0,128497.0,439.0,142040.0,,,0.172243,0.41473365,"6,191.92",-34.13,-0.55,2026-04-17 15:33:16
197,폐기물처리,0.32,009410,태영건설,테마 편입 사유,2085.0,하락  25,-1.18,2065.0,2070.0,1170309.0,2436.0,1975524.0,,,0.172243,0.41473365,"6,191.92",-34.13,-0.55,2026-04-17 15:33:16
82,태풍 및 장마,0.24,001550,조비,테마 편입 사유,15540.0,상승  160,1.04,15540.0,15560.0,112021.0,1735.0,125645.0,,,0.262217,0.38421934999999996,"6,191.92",-34.13,-0.55,2026-04-17 15:33:16
82,태풍 및 장마,0.24,060150,인선이엔티 *,테마 편입 사유,4435.0,상승  40,0.91,4425.0,4435.0,89244.0,393.0,86918.0,,,0.262217,0.38421934999999996,"6,191.92",-34.13,-0.55,2026-04-17 15:33:16
82,태풍 및 장마,0.24,004000,롯데정밀화학,테마 편입 사유,54400.0,상승  300,0.55,54200.0,54400.0,64152.0,3485.0,57699.0,,,0.262217,0.38421934999999996,"6,191.92",-34.13,-0.55,2026-04-17 15:33:16
82,태풍 및 장마,0.24,101670,하이드로리튬 *,테마 편입 사유,1920.0,상승  10,0.52,1916.0,1917.0,5337251.0,10902.0,3482836.0,,,0.262217,0.38421934999999996,"6,191.92",-34.13,-0.55,2026-04-17 15:33:16
82,태풍 및 장마,0.24,060260,뉴보텍 *,테마 편입 사유,1457.0,상승  5,0.34,1449.0,1457.0,112459.0,164.0,135848.0,,,0.262217,0.38421934999999996,"6,191.92",-34.13,-0.55,2026-04-17 15:33:16
82,태풍 및 장마,0.24,025860,남해화학,테마 편입 사유,8840.0,상승  20,0.23,8860.0,8870.0,5565557.0,50135.0,2081948.0,,,0.262217,0.38421934999999996,"6,191.92",-34.13,-0.55,2026-04-17 15:33:16
82,태풍 및 장마,0.24,007590,동방아그로,테마 편입 사유,6060.0,상승  10,0.17,6050.0,6060.0,3279.0,19.0,6008.0,,,0.262217,0.38421934999999996,"6,191.92",-34.13,-0.55,2026-04-17 15:33:16
82,태풍 및 장마,0.24,002100,경농,테마 편입 사유,9980.0,하락  10,-0.1,9980.0,9990.0,61645.0,616.0,68324.0,,,0.262217,0.38421934999999996,"6,191.92",-34.13,-0.55,2026-04-17 15:33:16
82,태풍 및 장마,0.24,000490,대동,테마 편입 사유,10190.0,하락  20,-0.2,10190.0,10200.0,131153.0,1331.0,148584.0,,,0.262217,0.38421934999999996,"6,191.92",-34.13,-0.55,2026-04-17 15:33:16
82,태풍 및 장마,0.24,043200,파루 *,테마 편입 사유,1076.0,하락  12,-1.1,1074.0,1076.0,627159.0,676.0,1051713.0,,,0.262217,0.38421934999999996,"6,191.92",-34.13,-0.55,2026-04-17 15:33:16
79,자원개발,0.12,011760,현대코퍼레이션,테마 편입 사유,27250.0,"상승  1,050",4.01,27250.0,27300.0,59984.0,1604.0,42229.0,,,0.461804,0.3739922,"6,191.92",-34.13,-0.55,2026-04-17 15:33:16
79,자원개발,0.12,047050,포스코인터내셔널,테마 편입 사유,74800.0,"상승  2,000",2.75,74600.0,74700.0,774904.0,57595.0,522900.0,,,0.461804,0.3739922,"6,191.92",-34.13,-0.55,2026-04-17 15:33:16
79,자원개발,0.12,096770,SK이노베이션,테마 편입 사유,129400.0,"상승  2,900",2.29,129400.0,129500.0,432076.0,55184.0,667455.0,,,0.461804,0.3739922,"6,191.92",-34.13,-0.55,2026-04-17 15:33:16
79,자원개발,0.12,036460,한국가스공사,테마 편입 사유,36700.0,상승  450,1.24,36650.0,36700.0,253701.0,9268.0,194693.0,,,0.461804,0.3739922,"6,191.92",-34.13,-0.55,2026-04-17 15:33:16
79,자원개발,0.12,065170,비엘팜텍 *,테마 편입 사유,2490.0,상승  30,1.22,2450.0,2455.0,1339470.0,3251.0,1023494.0,,,0.461804,0.3739922,"6,191.92",-34.13,-0.55,2026-04-17 15:33:16
79,자원개발,0.12,017390,서울가스,테마 편입 사유,63500.0,상승  500,0.79,63300.0,63600.0,5379.0,339.0,4263.0,,,0.461804,0.3739922,"6,191.92",-34.13,-0.55,2026-04-17 15:33:16
79,자원개발,0.12,037950,엘컴텍 *,테마 편입 사유,709.0,보합0,0.0,0.0,0.0,0.0,0.0,770427.0,,,0.461804,0.3739922,"6,191.92",-34.13,-0.55,2026-04-17 15:33:16
79,자원개발,0.12,051780,큐로홀딩스 *,테마 편입 사유,727.0,보합0,0.0,0.0,0.0,0.0,0.0,0.0,,,0.461804,0.3739922,"6,191.92",-34.13,-0.55,2026-04-17 15:33:16
79,자원개발,0.12,001120,LX인터내셔널,테마 편입 사유,49550.0,하락  250,-0.5,49450.0,49500.0,141480.0,6982.0,153101.0,,,0.461804,0.3739922,"6,191.92",-34.13,-0.55,2026-04-17 15:33:16
79,자원개발,0.12,128820,대성산업,테마 편입 사유,7180.0,하락  40,-0.55,7170.0,7180.0,231724.0,1663.0,265575.0,,,0.461804,0.3739922,"6,191.92",-34.13,-0.55,2026-04-17 15:33:16
79,자원개발,0.12,001250,GS글로벌,테마 편입 사유,3250.0,하락  30,-0.91,3245.0,3250.0,2150052.0,6929.0,1947448.0,,,0.461804,0.3739922,"6,191.92",-34.13,-0.55,2026-04-17 15:33:16
79,자원개발,0.12,028260,삼성물산,테마 편입 사유,301500.0,"하락  4,500",-1.47,302000.0,302500.0,190469.0,57543.0,339116.0,,,0.461804,0.3739922,"6,191.92",-34.13,-0.55,2026-04-17 15:33:16
79,자원개발,0.12,078930,GS,테마 편입 사유,71900.0,"하락  1,100",-1.51,71800.0,71900.0,220260.0,15866.0,161168.0,,,0.461804,0.3739922,"6,191.92",-34.13,-0.55,2026-04-17 15:33:16
79,자원개발,0.12,065420,에스아이리소스 *,테마 편입 사유,230.0,하락  14,-5.74,230.0,232.0,1829482.0,429.0,1126843.0,,,0.461804,0.3739922,"6,191.92",-34.13,-0.55,2026-04-17 15:33:16
237,GTX(수도권 광역급행철도),0.1,046940,우원개발 *,테마 편입 사유,5410.0,상승  290,5.66,5410.0,5430.0,624153.0,3307.0,393660.0,,,0.491396,0.37026780000000004,"6,191.92",-34.13,-0.55,2026-04-17 15:33:16
237,GTX(수도권 광역급행철도),0.1,097230,HJ중공업,테마 편입 사유,28550.0,"상승  1,050",3.82,28500.0,28550.0,3312410.0,93031.0,1498970.0,,,0.491396,0.37026780000000004,"6,191.92",-34.13,-0.55,2026-04-17 15:33:16
237,GTX(수도권 광역급행철도),0.1,002990,금호건설,테마 편입 사유,5380.0,상승  70,1.32,5330.0,5360.0,110449.0,590.0,207963.0,,,0.491396,0.37026780000000004,"6,191.92",-34.13,-0.55,2026-04-17 15:33:16
237,GTX(수도권 광역급행철도),0.1,005960,동부건설,테마 편입 사유,9450.0,상승  100,1.07,9420.0,9440.0,206621.0,1907.0,222135.0,,,0.491396,0.37026780000000004,"6,191.92",-34.13,-0.55,2026-04-17 15:33:16
237,GTX(수도권 광역급행철도),0.1,045390,대아티아이 *,테마 편입 사유,4740.0,상승  50,1.07,4735.0,4740.0,745877.0,3495.0,830190.0,,,0.491396,0.37026780000000004,"6,191.92",-34.13,-0.55,2026-04-17 15:33:16
237,GTX(수도권 광역급행철도),0.1,023410,유진기업 *,테마 편입 사유,4125.0,상승  25,0.61,4115.0,4120.0,127988.0,525.0,225631.0,,,0.491396,0.37026780000000004,"6,191.92",-34.13,-0.55,2026-04-17 15:33:16
237,GTX(수도권 광역급행철도),0.1,064350,현대로템,테마 편입 사유,216000.0,"상승  1,000",0.47,218000.0,218500.0,587159.0,127574.0,636478.0,,,0.491396,0.37026780000000004,"6,191.92",-34.13,-0.55,2026-04-17 15:33:16
237,GTX(수도권 광역급행철도),0.1,047040,대우건설,테마 편입 사유,28700.0,상승  100,0.35,28600.0,28650.0,28404800.0,807880.0,45646250.0,,,0.491396,0.37026780000000004,"6,191.92",-34.13,-0.55,2026-04-17 15:33:16
237,GTX(수도권 광역급행철도),0.1,026150,특수건설 *,테마 편입 사유,6850.0,상승  20,0.29,6830.0,6840.0,71691.0,487.0,106793.0,,,0.491396,0.37026780000000004,"6,191.92",-34.13,-0.55,2026-04-17 15:33:16
237,GTX(수도권 광역급행철도),0.1,054930,유신 *,테마 편입 사유,28150.0,상승  50,0.18,28150.0,28300.0,25565.0,714.0,30120.0,,,0.491396,0.37026780000000004,"6,191.92",-34.13,-0.55,2026-04-17 15:33:16
237,GTX(수도권 광역급행철도),0.1,002150,도화엔지니어링,테마 편입 사유,7240.0,상승  10,0.14,7230.0,7240.0,150076.0,1077.0,221573.0,,,0.491396,0.37026780000000004,"6,191.92",-34.13,-0.55,2026-04-17 15:33:16
237,GTX(수도권 광역급행철도),0.1,014790,HL D&I,테마 편입 사유,3600.0,상승  5,0.14,3565.0,3575.0,125118.0,442.0,227206.0,,,0.491396,0.37026780000000004,"6,191.92",-34.13,-0.55,2026-04-17 15:33:16
237,GTX(수도권 광역급행철도),0.1,011370,서한 *,테마 편입 사유,1072.0,상승  1,0.09,1070.0,1072.0,199582.0,213.0,248523.0,,,0.491396,0.37026780000000004,"6,191.92",-34.13,-0.55,2026-04-17 15:33:16
237,GTX(수도권 광역급행철도),0.1,039980,폴라리스AI *,테마 편입 사유,1481.0,보합0,0.0,0.0,0.0,0.0,0.0,0.0,,,0.491396,0.37026780000000004,"6,191.92",-34.13,-0.55,2026-04-17 15:33:16
237,GTX(수도권 광역급행철도),0.1,017480,삼현철강 *,테마 편입 사유,4840.0,하락  5,-0.1,4820.0,4840.0,19820.0,96.0,28612.0,,,0.491396,0.37026780000000004,"6,191.92",-34.13,-0.55,2026-04-17 15:33:16
237,GTX(수도권 광역급행철도),0.1,017510,세명전기 *,테마 편입 사유,10210.0,하락  50,-0.49,10200.0,10210.0,441393.0,4506.0,582170.0,,,0.491396,0.37026780000000004,"6,191.92",-34.13,-0.55,2026-04-17 15:33:16
237,GTX(수도권 광역급행철도),0.1,001260,남광토건,테마 편입 사유,10070.0,하락  70,-0.69,10050.0,10060.0,37016.0,372.0,71459.0,,,0.491396,0.37026780000000004,"6,191.92",-34.13,-0.55,2026-04-17 15:33:16
237,GTX(수도권 광역급행철도),0.1,028100,동아지질,테마 편입 사유,17750.0,하락  140,-0.78,17750.0,17790.0,17935.0,318.0,22669.0,,,0.491396,0.37026780000000004,"6,191.92",-34.13,-0.55,2026-04-17 15:33:16
237,GTX(수도권 광역급행철도),0.1,294870,IPARK현대산업개발,테마 편입 사유,23400.0,하락  250,-1.06,23300.0,23400.0,249144.0,5827.0,385648.0,,,0.491396,0.37026780000000004,"6,191.92",-34.13,-0.55,2026-04-17 15:33:16
237,GTX(수도권 광역급행철도),0.1,009410,태영건설,테마 편입 사유,2085.0,하락  25,-1.18,2065.0,2070.0,1170309.0,2436.0,1975524.0,,,0.491396,0.37026780000000004,"6,191.92",-34.13,-0.55,2026-04-17 15:33:16
237,GTX(수도권 광역급행철도),0.1,375500,DL이앤씨,테마 편입 사유,97700.0,"하락  1,300",-1.31,97800.0,97900.0,1040958.0,102151.0,1660326.0,,,0.491396,0.37026780000000004,"6,191.92",-34.13,-0.55,2026-04-17 15:33:16
237,GTX(수도권 광역급행철도),0.1,006360,GS건설,테마 편입 사유,39000.0,하락  550,-1.39,38950.0,39000.0,2015431.0,78182.0,4843131.0,,,0.491396,0.37026780000000004,"6,191.92",-34.13,-0.55,2026-04-17 15:33:16
237,GTX(수도권 광역급행철도),0.1,000720,현대건설,테마 편입 사유,177000.0,"하락  2,500",-1.39,177100.0,177200.0,667172.0,118325.0,880334.0,,,0.491396,0.37026780000000004,"6,191.92",-34.13,-0.55,2026-04-17 15:33:16
237,GTX(수도권 광역급행철도),0.1,054220,비츠로시스 *,테마 편입 사유,550.0,하락  26,-4.51,552.0,555.0,961003.0,540.0,1496692.0,,,0.491396,0.37026780000000004,"6,191.92",-34.13,-0.55,2026-04-17 15:33:16
583,2025 하반기 신규상장,0.08,388210,씨엠티엑스 *,테마 편입 사유,162500.0,"상승  10,600",6.98,162500.0,162600.0,355511.0,56975.0,214091.0,,,0.499296,0.35461280000000006,"6,191.92",-34.13,-0.55,2026-04-17 15:33:16
583,2025 하반기 신규상장,0.08,488900,비츠로넥스텍 *,테마 편입 사유,20600.0,"상승  1,280",6.63,20500.0,20550.0,777998.0,16194.0,205373.0,,,0.499296,0.35461280000000006,"6,191.92",-34.13,-0.55,2026-04-17 15:33:16
583,2025 하반기 신규상장,0.08,0008Z0,에스엔시스 *,테마 편입 사유,33900.0,"상승  1,650",5.12,33850.0,33950.0,98079.0,3283.0,27787.0,,,0.499296,0.35461280000000006,"6,191.92",-34.13,-0.55,2026-04-17 15:33:16
583,2025 하반기 신규상장,0.08,397810,애드포러스 *,테마 편입 사유,6650.0,상승  320,5.06,6500.0,6600.0,24086.0,156.0,19141.0,,,0.499296,0.35461280000000006,"6,191.92",-34.13,-0.55,2026-04-17 15:33:16
583,2025 하반기 신규상장,0.08,490470,세미파이브 *,테마 편입 사유,38100.0,"상승  1,550",4.24,38000.0,38050.0,2316151.0,86232.0,3233257.0,,,0.499296,0.35461280000000006,"6,191.92",-34.13,-0.55,2026-04-17 15:33:16
583,2025 하반기 신규상장,0.08,475230,엔알비 *,테마 편입 사유,21350.0,상승  600,2.89,21450.0,21500.0,116805.0,2474.0,90198.0,,,0.499296,0.35461280000000006,"6,191.92",-34.13,-0.55,2026-04-17 15:33:16
583,2025 하반기 신규상장,0.08,342870,오아 *,테마 편입 사유,6610.0,상승  160,2.48,6550.0,6610.0,7357.0,47.0,4090.0,,,0.499296,0.35461280000000006,"6,191.92",-34.13,-0.55,2026-04-17 15:33:16
583,2025 하반기 신규상장,0.08,125490,한라캐스트 *,테마 편입 사유,14460.0,상승  350,2.48,14450.0,14460.0,813984.0,11615.0,867491.0,,,0.499296,0.35461280000000006,"6,191.92",-34.13,-0.55,2026-04-17 15:33:16
583,2025 하반기 신규상장,0.08,0007C0,아크릴 *,테마 편입 사유,40400.0,상승  900,2.28,40350.0,40400.0,347030.0,13955.0,464556.0,,,0.499296,0.35461280000000006,"6,191.92",-34.13,-0.55,2026-04-17 15:33:16
583,2025 하반기 신규상장,0.08,478340,나라스페이스테크놀로지 *,테마 편입 사유,38350.0,상승  750,1.99,38450.0,38500.0,360167.0,14054.0,217153.0,,,0.499296,0.35461280000000006,"6,191.92",-34.13,-0.55,2026-04-17 15:33:16
583,2025 하반기 신규상장,0.08,0015G0,그린광학 *,테마 편입 사유,31550.0,상승  600,1.94,31450.0,31500.0,272069.0,8607.0,235859.0,,,0.499296,0.35461280000000006,"6,191.92",-34.13,-0.55,2026-04-17 15:33:16
583,2025 하반기 신규상장,0.08,014950,삼익제약 *,테마 편입 사유,10560.0,상승  190,1.83,10520.0,10550.0,35444.0,370.0,44587.0,,,0.499296,0.35461280000000006,"6,191.92",-34.13,-0.55,2026-04-17 15:33:16
583,2025 하반기 신규상장,0.08,484590,삼양컴텍 *,테마 편입 사유,12380.0,상승  180,1.48,12380.0,12390.0,277841.0,3400.0,209623.0,,,0.499296,0.35461280000000006,"6,191.92",-34.13,-0.55,2026-04-17 15:33:16
583,2025 하반기 신규상장,0.08,439260,대한조선,테마 편입 사유,90400.0,"상승  1,200",1.35,89400.0,89600.0,146753.0,13171.0,113106.0,,,0.499296,0.35461280000000006,"6,191.92",-34.13,-0.55,2026-04-17 15:33:16
583,2025 하반기 신규상장,0.08,217590,티엠씨,테마 편입 사유,30350.0,상승  250,0.83,30350.0,30400.0,668361.0,20495.0,1004763.0,,,0.499296,0.35461280000000006,"6,191.92",-34.13,-0.55,2026-04-17 15:33:16
583,2025 하반기 신규상장,0.08,318060,그래피 *,테마 편입 사유,36450.0,상승  300,0.83,36300.0,36350.0,153424.0,5591.0,342213.0,,,0.499296,0.35461280000000006,"6,191.92",-34.13,-0.55,2026-04-17 15:33:16
583,2025 하반기 신규상장,0.08,0010V0,제이피아이헬스케어 *,테마 편입 사유,12700.0,상승  100,0.79,12590.0,12660.0,22714.0,288.0,19051.0,,,0.499296,0.35461280000000006,"6,191.92",-34.13,-0.55,2026-04-17 15:33:16
583,2025 하반기 신규상장,0.08,061090,세나테크놀로지 *,테마 편입 사유,40650.0,상승  300,0.74,40400.0,40650.0,20837.0,849.0,11850.0,,,0.499296,0.35461280000000006,"6,191.92",-34.13,-0.55,2026-04-17 15:33:16
583,2025 하반기 신규상장,0.08,0091W0,신영스팩11호 *,테마 편입 사유,2070.0,상승  15,0.73,2065.0,2070.0,12979.0,27.0,6955.0,,,0.499296,0.35461280000000006,"6,191.92",-34.13,-0.55,2026-04-17 15:33:16
583,2025 하반기 신규상장,0.08,317450,명인제약,테마 편입 사유,57700.0,상승  300,0.52,57500.0,57600.0,9618.0,552.0,19764.0,,,0.499296,0.35461280000000006,"6,191.92",-34.13,-0.55,2026-04-17 15:33:16
583,2025 하반기 신규상장,0.08,0096B0,삼성스팩12호 *,테마 편입 사유,2025.0,상승  10,0.5,2015.0,2025.0,131471.0,266.0,36834.0,,,0.499296,0.35461280000000006,"6,191.92",-34.13,-0.55,2026-04-17 15:33:16
583,2025 하반기 신규상장,0.08,0097F0,미래에셋비전스팩10호 *,테마 편입 사유,2010.0,상승  10,0.5,2010.0,2015.0,138115.0,278.0,7991.0,,,0.499296,0.35461280000000006,"6,191.92",-34.13,-0.55,2026-04-17 15:33:16
583,2025 하반기 신규상장,0.08,0071M0,삼성스팩11호 *,테마 편입 사유,2040.0,상승  10,0.49,2025.0,2035.0,73430.0,149.0,1570.0,,,0.499296,0.35461280000000006,"6,191.92",-34.13,-0.55,2026-04-17 15:33:16
583,2025 하반기 신규상장,0.08,0088D0,메리츠제1호스팩 *,테마 편입 사유,2205.0,상승  10,0.46,2190.0,2195.0,72266.0,159.0,27590.0,,,0.499296,0.35461280000000006,"6,191.92",-34.13,-0.55,2026-04-17 15:33:16
583,2025 하반기 신규상장,0.08,0093G0,미래에셋비전스팩8호 *,테마 편입 사유,2010.0,상승  5,0.25,2005.0,2010.0,9831.0,20.0,4719.0,,,0.499296,0.35461280000000006,"6,191.92",-34.13,-0.55,2026-04-17 15:33:16
583,2025 하반기 신규상장,0.08,0096D0,미래에셋비전스팩9호 *,테마 편입 사유,2010.0,상승  5,0.25,2005.0,2010.0,23380.0,47.0,6935.0,,,0.499296,0.35461280000000006,"6,191.92",-34.13,-0.55,2026-04-17 15:33:16
583,2025 하반기 신규상장,0.08,0068Y0,비엔케이제3호스팩 *,테마 편입 사유,2010.0,상승  5,0.25,2010.0,2015.0,8651.0,17.0,8868.0,,,0.499296,0.35461280000000006,"6,191.92",-34.13,-0.55,2026-04-17 15:33:16
583,2025 하반기 신규상장,0.08,0041L0,하나35호스팩 *,테마 편입 사유,2020.0,상승  5,0.25,2010.0,2020.0,3491.0,7.0,11806.0,,,0.499296,0.35461280000000006,"6,191.92",-34.13,-0.55,2026-04-17 15:33:16
583,2025 하반기 신규상장,0.08,0054V0,엔에이치스팩32호 *,테마 편입 사유,2070.0,상승  5,0.24,2065.0,2070.0,19398.0,40.0,4052.0,,,0.499296,0.35461280000000006,"6,191.92",-34.13,-0.55,2026-04-17 15:33:16
583,2025 하반기 신규상장,0.08,380550,뉴로핏 *,테마 편입 사유,22050.0,상승  50,0.23,22000.0,22050.0,145928.0,3199.0,215043.0,,,0.499296,0.35461280000000006,"6,191.92",-34.13,-0.55,2026-04-17 15:33:16
583,2025 하반기 신규상장,0.08,0099X0,IBKS제25호스팩 *,테마 편입 사유,2160.0,상승  5,0.23,2145.0,2160.0,7431.0,16.0,24328.0,,,0.499296,0.35461280000000006,"6,191.92",-34.13,-0.55,2026-04-17 15:33:16
583,2025 하반기 신규상장,0.08,0037T0,KB제32호스팩 *,테마 편입 사유,2015.0,보합0,0.0,2005.0,2015.0,7937.0,16.0,6241.0,,,0.499296,0.35461280000000006,"6,191.92",-34.13,-0.55,2026-04-17 15:33:16
583,2025 하반기 신규상장,0.08,494120,큐리오시스 *,테마 편입 사유,55700.0,보합0,0.0,55800.0,56000.0,48791.0,2702.0,101693.0,,,0.499296,0.35461280000000006,"6,191.92",-34.13,-0.55,2026-04-17 15:33:16
583,2025 하반기 신규상장,0.08,0105P0,유진스팩12호 *,테마 편입 사유,2010.0,보합0,0.0,2005.0,2010.0,1556.0,3.0,3027.0,,,0.499296,0.35461280000000006,"6,191.92",-34.13,-0.55,2026-04-17 15:33:16
583,2025 하반기 신규상장,0.08,0101C0,하나36호스팩 *,테마 편입 사유,2005.0,보합0,0.0,2005.0,2010.0,60972.0,122.0,8294.0,,,0.499296,0.35461280000000006,"6,191.92",-34.13,-0.55,2026-04-17 15:33:16
583,2025 하반기 신규상장,0.08,0041J0,엘에스스팩1호 *,테마 편입 사유,2010.0,보합0,0.0,2010.0,2015.0,5888.0,12.0,4373.0,,,0.499296,0.35461280000000006,"6,191.92",-34.13,-0.55,2026-04-17 15:33:16
583,2025 하반기 신규상장,0.08,0072Z0,KB제33호스팩 *,테마 편입 사유,2005.0,보합0,0.0,2000.0,2010.0,29226.0,59.0,10683.0,,,0.499296,0.35461280000000006,"6,191.92",-34.13,-0.55,2026-04-17 15:33:16
583,2025 하반기 신규상장,0.08,0099W0,미래에셋비전스팩11호 *,테마 편입 사유,2010.0,보합0,0.0,2010.0,2015.0,120006.0,241.0,9632.0,,,0.499296,0.35461280000000006,"6,191.92",-34.13,-0.55,2026-04-17 15:33:16
583,2025 하반기 신규상장,0.08,0098T0,교보19호스팩 *,테마 편입 사유,2045.0,보합0,0.0,2040.0,2045.0,4284.0,9.0,874.0,,,0.499296,0.35461280000000006,"6,191.92",-34.13,-0.55,2026-04-17 15:33:16
583,2025 하반기 신규상장,0.08,0041B0,교보18호스팩 *,테마 편입 사유,2060.0,하락  5,-0.24,2060.0,2065.0,1089.0,2.0,7029.0,,,0.499296,0.35461280000000006,"6,191.92",-34.13,-0.55,2026-04-17 15:33:16
583,2025 하반기 신규상장,0.08,234030,싸이닉솔루션 *,테마 편입 사유,7370.0,하락  20,-0.27,7410.0,7420.0,110096.0,810.0,211250.0,,,0.499296,0.35461280000000006,"6,191.92",-34.13,-0.55,2026-04-17 15:33:16
583,2025 하반기 신규상장,0.08,459550,알트 *,테마 편입 사유,2900.0,하락  10,-0.34,2895.0,2910.0,140583.0,407.0,295901.0,,,0.499296,0.35461280000000006,"6,191.92",-34.13,-0.55,2026-04-17 15:33:16
583,2025 하반기 신규상장,0.08,0044K0,삼성스팩10호 *,테마 편입 사유,2055.0,하락  10,-0.48,2050.0,2055.0,8281.0,17.0,6785.0,,,0.499296,0.35461280000000006,"6,191.92",-34.13,-0.55,2026-04-17 15:33:16
583,2025 하반기 신규상장,0.08,0004Y0,디비금융제14호스팩 *,테마 편입 사유,2040.0,하락  10,-0.49,2040.0,2045.0,2200.0,4.0,3163.0,,,0.499296,0.35461280000000006,"6,191.92",-34.13,-0.55,2026-04-17 15:33:16
583,2025 하반기 신규상장,0.08,462310,뉴키즈온 *,테마 편입 사유,4475.0,하락  30,-0.67,4490.0,4500.0,17287.0,78.0,26986.0,,,0.499296,0.35461280000000006,"6,191.92",-34.13,-0.55,2026-04-17 15:33:16
583,2025 하반기 신규상장,0.08,403850,더핑크퐁컴퍼니 *,테마 편입 사유,17320.0,하락  130,-0.74,17200.0,17270.0,24000.0,414.0,31580.0,,,0.499296,0.35461280000000006,"6,191.92",-34.13,-0.55,2026-04-17 15:33:16
583,2025 하반기 신규상장,0.08,0030R0,대신밸류리츠,테마 편입 사유,4375.0,하락  40,-0.91,4380.0,4385.0,32096.0,140.0,1546411.0,,,0.499296,0.35461280000000006,"6,191.92",-34.13,-0.55,2026-04-17 15:33:16
583,2025 하반기 신규상장,0.08,466690,키움히어로제1호스팩 *,테마 편입 사유,2040.0,하락  20,-0.97,2045.0,2050.0,20419.0,42.0,23566.0,,,0.499296,0.35461280000000006,"6,191.92",-34.13,-0.55,2026-04-17 15:33:16
583,2025 하반기 신규상장,0.08,468530,프로티나 *,테마 편입 사유,63000.0,하락  700,-1.1,63100.0,63200.0,36617.0,2320.0,69773.0,,,0.499296,0.35461280000000006,"6,191.92",-34.13,-0.55,2026-04-17 15:33:16
583,2025 하반기 신규상장,0.08,0009K0,에임드바이오 *,테마 편입 사유,50600.0,하락  700,-1.36,50600.0,50700.0,130553.0,6645.0,217172.0,,,0.499296,0.35461280000000006,"6,191.92",-34.13,-0.55,2026-04-17 15:33:16
583,2025 하반기 신규상장,0.08,456160,지투지바이오 *,테마 편입 사유,71600.0,"하락  1,000",-1.38,71600.0,71700.0,106726.0,7641.0,189500.0,,,0.499296,0.35461280000000006,"6,191.92",-34.13,-0.55,2026-04-17 15:33:16
583,2025 하반기 신규상장,0.08,0013V0,삼진식품 *,테마 편입 사유,7680.0,하락  110,-1.41,7680.0,7690.0,58413.0,450.0,84823.0,,,0.499296,0.35461280000000006,"6,191.92",-34.13,-0.55,2026-04-17 15:33:16
583,2025 하반기 신규상장,0.08,491000,리브스메드 *,테마 편입 사유,61400.0,하락  900,-1.44,61400.0,61500.0,296586.0,18203.0,911665.0,,,0.499296,0.35461280000000006,"6,191.92",-34.13,-0.55,2026-04-17 15:33:16
583,2025 하반기 신규상장,0.08,464490,쿼드메디슨 *,테마 편입 사유,13450.0,하락  200,-1.47,13430.0,13460.0,91976.0,1245.0,63101.0,,,0.499296,0.35461280000000006,"6,191.92",-34.13,-0.55,2026-04-17 15:33:16
583,2025 하반기 신규상장,0.08,486990,노타 *,테마 편입 사유,33800.0,하락  550,-1.6,33800.0,33850.0,127204.0,4285.0,215205.0,,,0.499296,0.35461280000000006,"6,191.92",-34.13,-0.55,2026-04-17 15:33:16
583,2025 하반기 신규상장,0.08,484120,도우인시스 *,테마 편입 사유,21150.0,하락  350,-1.63,20950.0,21000.0,7674.0,161.0,16217.0,,,0.499296,0.35461280000000006,"6,191.92",-34.13,-0.55,2026-04-17 15:33:16
583,2025 하반기 신규상장,0.08,0015S0,페스카로 *,테마 편입 사유,15770.0,하락  270,-1.68,15730.0,15750.0,91332.0,1455.0,135247.0,,,0.499296,0.35461280000000006,"6,191.92",-34.13,-0.55,2026-04-17 15:33:16
583,2025 하반기 신규상장,0.08,012210,삼미금속 *,테마 편입 사유,14390.0,하락  260,-1.77,14380.0,14390.0,188789.0,2707.0,617961.0,,,0.499296,0.35461280000000006,"6,191.92",-34.13,-0.55,2026-04-17 15:33:16
583,2025 하반기 신규상장,0.08,469610,이노테크 *,테마 편입 사유,21850.0,하락  450,-2.02,21850.0,21900.0,92929.0,2040.0,234846.0,,,0.499296,0.35461280000000006,"6,191.92",-34.13,-0.55,2026-04-17 15:33:16
583,2025 하반기 신규상장,0.08,331740,아우토크립트 *,테마 편입 사유,16310.0,하락  340,-2.04,16220.0,16240.0,90191.0,1481.0,412968.0,,,0.499296,0.35461280000000006,"6,191.92",-34.13,-0.55,2026-04-17 15:33:16
583,2025 하반기 신규상장,0.08,476830,알지노믹스 *,테마 편입 사유,199800.0,"하락  4,700",-2.3,199500.0,199600.0,455049.0,89026.0,329409.0,,,0.499296,0.35461280000000006,"6,191.92",-34.13,-0.55,2026-04-17 15:33:16
583,2025 하반기 신규상장,0.08,950250,테라뷰 *,테마 편입 사유,7010.0,하락  170,-2.37,7000.0,7020.0,416818.0,2922.0,1507775.0,,,0.499296,0.35461280000000006,"6,191.92",-34.13,-0.55,2026-04-17 15:33:16
583,2025 하반기 신규상장,0.08,463020,뉴엔AI *,테마 편입 사유,14750.0,하락  390,-2.58,14700.0,14720.0,96553.0,1425.0,213180.0,,,0.499296,0.35461280000000006,"6,191.92",-34.13,-0.55,2026-04-17 15:33:16
583,2025 하반기 신규상장,0.08,261520,이지스 *,테마 편입 사유,8140.0,하락  220,-2.63,8160.0,8170.0,43763.0,357.0,35501.0,,,0.499296,0.35461280000000006,"6,191.92",-34.13,-0.55,2026-04-17 15:33:16
583,2025 하반기 신규상장,0.08,0015N0,아로마티카 *,테마 편입 사유,9700.0,하락  290,-2.9,9690.0,9700.0,130275.0,1270.0,228387.0,,,0.499296,0.35461280000000006,"6,191.92",-34.13,-0.55,2026-04-17 15:33:16
583,2025 하반기 신규상장,0.08,488280,에스투더블유 *,테마 편입 사유,20800.0,"하락  2,950",-12.42,20800.0,20850.0,787112.0,16838.0,2295255.0,,,0.499296,0.35461280000000006,"6,191.92",-34.13,-0.55,2026-04-17 15:33:16
325,종합상사,0.09,011760,현대코퍼레이션,테마 편입 사유,27250.0,"상승  1,050",4.01,27200.0,27300.0,59984.0,1604.0,42229.0,,,0.346361,0.28049855,"6,191.92",-34.13,-0.55,2026-04-17 15:33:16
325,종합상사,0.09,047050,포스코인터내셔널,테마 편입 사유,74800.0,"상승  2,000",2.75,74600.0,74700.0,774904.0,57595.0,522900.0,,,0.346361,0.28049855,"6,191.92",-34.13,-0.55,2026-04-17 15:33:16
325,종합상사,0.09,003070,코오롱글로벌,테마 편입 사유,12100.0,상승  100,0.83,12120.0,12130.0,63438.0,767.0,144989.0,,,0.346361,0.28049855,"6,191.92",-34.13,-0.55,2026-04-17 15:33:16
325,종합상사,0.09,001120,LX인터내셔널,테마 편입 사유,49550.0,하락  250,-0.5,49450.0,49500.0,141480.0,6982.0,153101.0,,,0.346361,0.28049855,"6,191.92",-34.13,-0.55,2026-04-17 15:33:16
325,종합상사,0.09,001250,GS글로벌,테마 편입 사유,3250.0,하락  30,-0.91,3245.0,3250.0,2150052.0,6929.0,1947448.0,,,0.346361,0.28049855,"6,191.92",-34.13,-0.55,2026-04-17 15:33:16
325,종합상사,0.09,001740,SK네트웍스,테마 편입 사유,5430.0,하락  80,-1.45,5440.0,5450.0,737212.0,3984.0,810216.0,,,0.346361,0.28049855,"6,191.92",-34.13,-0.55,2026-04-17 15:33:16
325,종합상사,0.09,028260,삼성물산,테마 편입 사유,301500.0,"하락  4,500",-1.47,302000.0,302500.0,190469.0,57543.0,339116.0,,,0.346361,0.28049855,"6,191.92",-34.13,-0.55,2026-04-17 15:33:16
325,종합상사,0.09,298020,효성티앤씨,테마 편입 사유,487500.0,"하락  12,500",-2.5,485000.0,486000.0,41012.0,20130.0,51377.0,,,0.346361,0.28049855,"6,191.92",-34.13,-0.55,2026-04-17 15:33:16
556,뉴로모픽 반도체,-0.34,394280,오픈엣지테크놀로지 *,테마 편입 사유,17350.0,상승  410,2.42,17310.0,17320.0,179996.0,3076.0,208391.0,,,1.083941,0.2561675500000001,"6,191.92",-34.13,-0.55,2026-04-17 15:33:16
556,뉴로모픽 반도체,-0.34,033640,네패스 *,테마 편입 사유,26650.0,상승  500,1.91,26700.0,26750.0,311491.0,8347.0,625970.0,,,1.083941,0.2561675500000001,"6,191.92",-34.13,-0.55,2026-04-17 15:33:16
556,뉴로모픽 반도체,-0.34,330860,네패스아크 *,테마 편입 사유,33200.0,하락  100,-0.3,33350.0,33450.0,623141.0,21773.0,345439.0,,,1.083941,0.2561675500000001,"6,191.92",-34.13,-0.55,2026-04-17 15:33:16
556,뉴로모픽 반도체,-0.34,389020,자람테크놀로지 *,테마 편입 사유,56900.0,하락  200,-0.35,57100.0,57300.0,113279.0,6483.0,220690.0,,,1.083941,0.2561675500000001,"6,191.92",-34.13,-0.55,2026-04-17 15:33:16
556,뉴로모픽 반도체,-0.34,005930,삼성전자,테마 편입 사유,216000.0,"하락  1,500",-0.69,216500.0,217000.0,15537202.0,3364162.0,21499788.0,,,1.083941,0.2561675500000001,"6,191.92",-34.13,-0.55,2026-04-17 15:33:16
556,뉴로모픽 반도체,-0.34,445090,에이직랜드 *,테마 편입 사유,29350.0,하락  350,-1.18,29250.0,29300.0,48882.0,1425.0,158019.0,,,1.083941,0.2561675500000001,"6,191.92",-34.13,-0.55,2026-04-17 15:33:16
556,뉴로모픽 반도체,-0.34,092600,앤씨앤 *,테마 편입 사유,1142.0,하락  50,-4.19,1145.0,1150.0,753308.0,851.0,1222550.0,,,1.083941,0.2561675500000001,"6,191.92",-34.13,-0.55,2026-04-17 15:33:16
402,아스콘(아스팔트 콘크리트),0.16,048830,엔피케이 *,테마 편입 사유,1190.0,상승  23,1.97,1185.0,1187.0,104268.0,122.0,96064.0,,,0.134931,0.23421205,"6,191.92",-34.13,-0.55,2026-04-17 15:33:16
402,아스콘(아스팔트 콘크리트),0.16,013810,스페코 *,테마 편입 사유,3025.0,상승  20,0.67,3010.0,3015.0,649742.0,1991.0,170639.0,,,0.134931,0.23421205,"6,191.92",-34.13,-0.55,2026-04-17 15:33:16
402,아스콘(아스팔트 콘크리트),0.16,023410,유진기업 *,테마 편입 사유,4125.0,상승  25,0.61,4115.0,4120.0,127988.0,525.0,225631.0,,,0.134931,0.23421205,"6,191.92",-34.13,-0.55,2026-04-17 15:33:16
402,아스콘(아스팔트 콘크리트),0.16,255220,SG *,테마 편입 사유,2770.0,상승  10,0.36,2775.0,2780.0,1927820.0,5301.0,2381028.0,,,0.134931,0.23421205,"6,191.92",-34.13,-0.55,2026-04-17 15:33:16
402,아스콘(아스팔트 콘크리트),0.16,014530,극동유화,테마 편입 사유,3900.0,보합0,0.0,3890.0,3900.0,261737.0,1012.0,344566.0,,,0.134931,0.23421205,"6,191.92",-34.13,-0.55,2026-04-17 15:33:16
402,아스콘(아스팔트 콘크리트),0.16,031820,아이티센씨티에스,테마 편입 사유,753.0,보합0,0.0,0.0,0.0,0.0,0.0,0.0,,,0.134931,0.23421205,"6,191.92",-34.13,-0.55,2026-04-17 15:33:16
402,아스콘(아스팔트 콘크리트),0.16,060560,HC홈센타 *,테마 편입 사유,822.0,보합0,0.0,0.0,0.0,0.0,0.0,0.0,,,0.134931,0.23421205,"6,191.92",-34.13,-0.55,2026-04-17 15:33:16
402,아스콘(아스팔트 콘크리트),0.16,004090,한국석유,테마 편입 사유,15970.0,하락  60,-0.37,15980.0,15990.0,208967.0,3335.0,240895.0,,,0.134931,0.23421205,"6,191.92",-34.13,-0.55,2026-04-17 15:33:16
402,아스콘(아스팔트 콘크리트),0.16,225530,HC보광산업 *,테마 편입 사유,3880.0,하락  70,-1.77,3875.0,3880.0,153749.0,597.0,89068.0,,,0.134931,0.23421205,"6,191.92",-34.13,-0.55,2026-04-17 15:33:16
205,원자력발전,-0.19,054540,삼영엠텍 *,테마 편입 사유,12850.0,"상승  1,160",9.92,12870.0,12910.0,3745976.0,49595.0,153237.0,,,0.73439,0.2139145,"6,191.92",-34.13,-0.55,2026-04-17 15:33:16
205,원자력발전,-0.19,114190,강원에너지 *,테마 편입 사유,15020.0,"상승  1,010",7.21,15010.0,15020.0,641469.0,9530.0,163833.0,,,0.73439,0.2139145,"6,191.92",-34.13,-0.55,2026-04-17 15:33:16
205,원자력발전,-0.19,081150,티플랙스 *,테마 편입 사유,3820.0,상승  155,4.23,3800.0,3805.0,758691.0,2849.0,314282.0,,,0.73439,0.2139145,"6,191.92",-34.13,-0.55,2026-04-17 15:33:16
205,원자력발전,-0.19,036190,금화피에스시 *,테마 편입 사유,38600.0,"상승  1,100",2.93,38200.0,38250.0,13565.0,513.0,10923.0,,,0.73439,0.2139145,"6,191.92",-34.13,-0.55,2026-04-17 15:33:16
205,원자력발전,-0.19,103230,에스앤더블류 *,테마 편입 사유,3930.0,상승  100,2.61,3895.0,3925.0,50765.0,195.0,23210.0,,,0.73439,0.2139145,"6,191.92",-34.13,-0.55,2026-04-17 15:33:16
205,원자력발전,-0.19,136150,원일티엔아이 *,테마 편입 사유,17480.0,상승  400,2.34,17450.0,17470.0,26397.0,454.0,31497.0,,,0.73439,0.2139145,"6,191.92",-34.13,-0.55,2026-04-17 15:33:16
205,원자력발전,-0.19,086670,비엠티 *,테마 편입 사유,15900.0,상승  300,1.92,15900.0,15910.0,50133.0,788.0,92981.0,,,0.73439,0.2139145,"6,191.92",-34.13,-0.55,2026-04-17 15:33:16
205,원자력발전,-0.19,105840,우진,테마 편입 사유,25500.0,상승  400,1.59,25450.0,25500.0,480991.0,12112.0,772346.0,,,0.73439,0.2139145,"6,191.92",-34.13,-0.55,2026-04-17 15:33:16
205,원자력발전,-0.19,187220,디티앤씨 *,테마 편입 사유,3330.0,상승  45,1.37,3300.0,3320.0,47846.0,158.0,116973.0,,,0.73439,0.2139145,"6,191.92",-34.13,-0.55,2026-04-17 15:33:16
205,원자력발전,-0.19,013030,하이록코리아 *,테마 편입 사유,41050.0,상승  550,1.36,41050.0,41150.0,80328.0,3244.0,62018.0,,,0.73439,0.2139145,"6,191.92",-34.13,-0.55,2026-04-17 15:33:16
205,원자력발전,-0.19,083650,비에이치아이 *,테마 편입 사유,98700.0,"상승  1,300",1.33,98900.0,99000.0,266284.0,26217.0,567234.0,,,0.73439,0.2139145,"6,191.92",-34.13,-0.55,2026-04-17 15:33:16
205,원자력발전,-0.19,100840,SNT에너지,테마 편입 사유,55200.0,상승  600,1.1,54900.0,55000.0,257074.0,14070.0,585078.0,,,0.73439,0.2139145,"6,191.92",-34.13,-0.55,2026-04-17 15:33:16
205,원자력발전,-0.19,023160,태광 *,테마 편입 사유,44450.0,상승  300,0.68,44000.0,44050.0,264998.0,11696.0,429705.0,,,0.73439,0.2139145,"6,191.92",-34.13,-0.55,2026-04-17 15:33:16
205,원자력발전,-0.19,014620,성광벤드 *,테마 편입 사유,38600.0,상승  250,0.65,38350.0,38400.0,194068.0,7488.0,231489.0,,,0.73439,0.2139145,"6,191.92",-34.13,-0.55,2026-04-17 15:33:16
205,원자력발전,-0.19,130660,한전산업,테마 편입 사유,19970.0,상승  110,0.55,19940.0,19950.0,302263.0,5940.0,924448.0,,,0.73439,0.2139145,"6,191.92",-34.13,-0.55,2026-04-17 15:33:16
205,원자력발전,-0.19,047040,대우건설,테마 편입 사유,28700.0,상승  100,0.35,28600.0,28650.0,28404800.0,807880.0,45646250.0,,,0.73439,0.2139145,"6,191.92",-34.13,-0.55,2026-04-17 15:33:16
205,원자력발전,-0.19,105740,디케이락 *,테마 편입 사유,10220.0,상승  30,0.29,10200.0,10210.0,85965.0,872.0,122928.0,,,0.73439,0.2139145,"6,191.92",-34.13,-0.55,2026-04-17 15:33:16
205,원자력발전,-0.19,015760,한국전력,테마 편입 사유,45900.0,상승  100,0.22,46100.0,46150.0,2114232.0,97232.0,2705831.0,,,0.73439,0.2139145,"6,191.92",-34.13,-0.55,2026-04-17 15:33:16
205,원자력발전,-0.19,036640,HRS *,테마 편입 사유,5300.0,상승  10,0.19,5300.0,5310.0,49808.0,263.0,79682.0,,,0.73439,0.2139145,"6,191.92",-34.13,-0.55,2026-04-17 15:33:16
205,원자력발전,-0.19,038010,제일테크노스 *,테마 편입 사유,6680.0,보합0,0.0,6640.0,6650.0,52019.0,346.0,23690.0,,,0.73439,0.2139145,"6,191.92",-34.13,-0.55,2026-04-17 15:33:16
205,원자력발전,-0.19,007460,에이프로젠,테마 편입 사유,293.0,보합0,0.0,0.0,0.0,0.0,0.0,0.0,,,0.73439,0.2139145,"6,191.92",-34.13,-0.55,2026-04-17 15:33:16
205,원자력발전,-0.19,140520,대창스틸 *,테마 편입 사유,2285.0,보합0,0.0,2280.0,2285.0,23315.0,53.0,14059.0,,,0.73439,0.2139145,"6,191.92",-34.13,-0.55,2026-04-17 15:33:16
205,원자력발전,-0.19,126720,수산인더스트리,테마 편입 사유,29650.0,하락  50,-0.17,29600.0,29650.0,67266.0,1978.0,95656.0,,,0.73439,0.2139145,"6,191.92",-34.13,-0.55,2026-04-17 15:33:16
205,원자력발전,-0.19,051600,한전KPS,테마 편입 사유,59700.0,하락  100,-0.17,59700.0,59800.0,152108.0,9039.0,233912.0,,,0.73439,0.2139145,"6,191.92",-34.13,-0.55,2026-04-17 15:33:16
205,원자력발전,-0.19,457550,우진엔텍 *,테마 편입 사유,26800.0,하락  50,-0.19,26800.0,26850.0,96386.0,2557.0,190163.0,,,0.73439,0.2139145,"6,191.92",-34.13,-0.55,2026-04-17 15:33:16
205,원자력발전,-0.19,298040,효성중공업,테마 편입 사유,2980000.0,"하락  10,000",-0.33,2975000.0,2976000.0,36122.0,107773.0,30474.0,,,0.73439,0.2139145,"6,191.92",-34.13,-0.55,2026-04-17 15:33:16
205,원자력발전,-0.19,019990,에너토크 *,테마 편입 사유,9170.0,하락  40,-0.43,9130.0,9150.0,70480.0,641.0,224029.0,,,0.73439,0.2139145,"6,191.92",-34.13,-0.55,2026-04-17 15:33:16
205,원자력발전,-0.19,040610,SG&G *,테마 편입 사유,2200.0,하락  15,-0.68,2190.0,2200.0,201033.0,451.0,351458.0,,,0.73439,0.2139145,"6,191.92",-34.13,-0.55,2026-04-17 15:33:16
205,원자력발전,-0.19,098070,한텍 *,테마 편입 사유,44300.0,하락  450,-1.01,44200.0,44250.0,113612.0,5040.0,118693.0,,,0.73439,0.2139145,"6,191.92",-34.13,-0.55,2026-04-17 15:33:16
205,원자력발전,-0.19,010120,LS ELECTRIC,테마 편입 사유,186500.0,"하락  2,100",-1.11,186400.0,186500.0,829676.0,155517.0,745238.0,,,0.73439,0.2139145,"6,191.92",-34.13,-0.55,2026-04-17 15:33:16
205,원자력발전,-0.19,095190,신화프리텍 *,테마 편입 사유,2580.0,하락  30,-1.15,2555.0,2570.0,206831.0,530.0,417571.0,,,0.73439,0.2139145,"6,191.92",-34.13,-0.55,2026-04-17 15:33:16
205,원자력발전,-0.19,045100,한양이엔지 *,테마 편입 사유,33800.0,하락  400,-1.17,33800.0,33850.0,110996.0,3764.0,212098.0,,,0.73439,0.2139145,"6,191.92",-34.13,-0.55,2026-04-17 15:33:16
205,원자력발전,-0.19,094820,일진파워 *,테마 편입 사유,18230.0,하락  220,-1.19,18230.0,18240.0,314238.0,5663.0,579014.0,,,0.73439,0.2139145,"6,191.92",-34.13,-0.55,2026-04-17 15:33:16
205,원자력발전,-0.19,375500,DL이앤씨,테마 편입 사유,97700.0,"하락  1,300",-1.31,97800.0,97900.0,1040958.0,102151.0,1660326.0,,,0.73439,0.2139145,"6,191.92",-34.13,-0.55,2026-04-17 15:33:16
205,원자력발전,-0.19,000720,현대건설,테마 편입 사유,177000.0,"하락  2,500",-1.39,177100.0,177200.0,667172.0,118325.0,880334.0,,,0.73439,0.2139145,"6,191.92",-34.13,-0.55,2026-04-17 15:33:16
205,원자력발전,-0.19,006360,GS건설,테마 편입 사유,39000.0,하락  550,-1.39,38950.0,39000.0,2015431.0,78182.0,4843131.0,,,0.73439,0.2139145,"6,191.92",-34.13,-0.55,2026-04-17 15:33:16
205,원자력발전,-0.19,282720,금양그린파워 *,테마 편입 사유,14540.0,하락  250,-1.69,14480.0,14530.0,106529.0,1551.0,194830.0,,,0.73439,0.2139145,"6,191.92",-34.13,-0.55,2026-04-17 15:33:16
205,원자력발전,-0.19,012210,삼미금속 *,테마 편입 사유,14390.0,하락  260,-1.77,14380.0,14390.0,188789.0,2707.0,617961.0,,,0.73439,0.2139145,"6,191.92",-34.13,-0.55,2026-04-17 15:33:16
205,원자력발전,-0.19,388050,지투파워 *,테마 편입 사유,14650.0,하락  270,-1.81,14630.0,14640.0,1812324.0,26649.0,16911835.0,,,0.73439,0.2139145,"6,191.92",-34.13,-0.55,2026-04-17 15:33:16
205,원자력발전,-0.19,011700,한신기계,테마 편입 사유,4495.0,하락  90,-1.96,4490.0,4495.0,408565.0,1824.0,850616.0,,,0.73439,0.2139145,"6,191.92",-34.13,-0.55,2026-04-17 15:33:16
205,원자력발전,-0.19,046120,오르비텍 *,테마 편입 사유,11280.0,하락  230,-2.0,11140.0,11150.0,1771511.0,20003.0,4552862.0,,,0.73439,0.2139145,"6,191.92",-34.13,-0.55,2026-04-17 15:33:16
205,원자력발전,-0.19,034020,두산에너빌리티,테마 편입 사유,108500.0,"하락  2,300",-2.08,108300.0,108400.0,3590773.0,390933.0,8123993.0,,,0.73439,0.2139145,"6,191.92",-34.13,-0.55,2026-04-17 15:33:16
205,원자력발전,-0.19,096350,대창솔루션 *,테마 편입 사유,3060.0,하락  65,-2.08,3060.0,3065.0,802831.0,2464.0,2199536.0,,,0.73439,0.2139145,"6,191.92",-34.13,-0.55,2026-04-17 15:33:16
205,원자력발전,-0.19,032820,우리기술 *,테마 편입 사유,22550.0,하락  550,-2.38,22450.0,22500.0,7964916.0,177720.0,39309191.0,,,0.73439,0.2139145,"6,191.92",-34.13,-0.55,2026-04-17 15:33:16
205,원자력발전,-0.19,189860,서전기전 *,테마 편입 사유,5650.0,하락  170,-2.92,5630.0,5650.0,190362.0,1074.0,725440.0,,,0.73439,0.2139145,"6,191.92",-34.13,-0.55,2026-04-17 15:33:16
205,원자력발전,-0.19,053690,한미글로벌,테마 편입 사유,31950.0,"하락  1,000",-3.03,31750.0,31800.0,756082.0,24100.0,686855.0,,,0.73439,0.2139145,"6,191.92",-34.13,-0.55,2026-04-17 15:33:16
205,원자력발전,-0.19,052690,한전기술,테마 편입 사유,183000.0,"하락  6,100",-3.23,183100.0,183200.0,219906.0,40706.0,612856.0,,,0.73439,0.2139145,"6,191.92",-34.13,-0.55,2026-04-17 15:33:16
205,원자력발전,-0.19,044490,태웅 *,테마 편입 사유,49300.0,"하락  1,800",-3.52,49050.0,49100.0,189847.0,9435.0,365218.0,,,0.73439,0.2139145,"6,191.92",-34.13,-0.55,2026-04-17 15:33:16
205,원자력발전,-0.19,006910,보성파워텍 *,테마 편입 사유,10280.0,하락  390,-3.66,10270.0,10280.0,1906004.0,19687.0,5965889.0,,,0.73439,0.2139145,"6,191.92",-34.13,-0.55,2026-04-17 15:33:16
205,원자력발전,-0.19,001440,대한전선,테마 편입 사유,39300.0,"하락  2,800",-6.65,39250.0,39300.0,9073658.0,357645.0,17976858.0,,,0.73439,0.2139145,"6,191.92",-34.13,-0.55,2026-04-17 15:33:16
600,주유소,-0.08,395400,SK리츠,테마 편입 사유,6830.0,상승  170,2.55,6790.0,6800.0,270308.0,1823.0,360747.0,,,0.5,0.195,"6,191.92",-34.13,-0.55,2026-04-17 15:33:16
600,주유소,-0.08,096770,SK이노베이션,테마 편입 사유,129400.0,"상승  2,900",2.29,129200.0,129300.0,432076.0,55184.0,667455.0,,,0.5,0.195,"6,191.92",-34.13,-0.55,2026-04-17 15:33:16
600,주유소,-0.08,012700,리드코프 *,테마 편입 사유,3800.0,상승  10,0.26,3790.0,3800.0,81741.0,310.0,103957.0,,,0.5,0.195,"6,191.92",-34.13,-0.55,2026-04-17 15:33:16
600,주유소,-0.08,000440,중앙에너비스 *,테마 편입 사유,21500.0,상승  50,0.23,21300.0,21450.0,50742.0,1075.0,51659.0,,,0.5,0.195,"6,191.92",-34.13,-0.55,2026-04-17 15:33:16
600,주유소,-0.08,025860,남해화학,테마 편입 사유,8840.0,상승  20,0.23,8860.0,8870.0,5565557.0,50135.0,2081948.0,,,0.5,0.195,"6,191.92",-34.13,-0.55,2026-04-17 15:33:16
600,주유소,-0.08,357120,코람코라이프인프라리츠,테마 편입 사유,4680.0,상승  10,0.21,4670.0,4675.0,65367.0,305.0,119622.0,,,0.5,0.195,"6,191.92",-34.13,-0.55,2026-04-17 15:33:16
600,주유소,-0.08,267250,HD현대,테마 편입 사유,259500.0,상승  500,0.19,259500.0,260000.0,98450.0,25373.0,225709.0,,,0.5,0.195,"6,191.92",-34.13,-0.55,2026-04-17 15:33:16
600,주유소,-0.08,014530,극동유화,테마 편입 사유,3900.0,보합0,0.0,3890.0,3900.0,261737.0,1012.0,344566.0,,,0.5,0.195,"6,191.92",-34.13,-0.55,2026-04-17 15:33:16
600,주유소,-0.08,038620,위즈코프 *,테마 편입 사유,503.0,보합0,0.0,0.0,0.0,0.0,0.0,0.0,,,0.5,0.195,"6,191.92",-34.13,-0.55,2026-04-17 15:33:16
600,주유소,-0.08,015890,태경산업,테마 편입 사유,5070.0,하락  20,-0.39,5040.0,5070.0,38257.0,193.0,56577.0,,,0.5,0.195,"6,191.92",-34.13,-0.55,2026-04-17 15:33:16
600,주유소,-0.08,128820,대성산업,테마 편입 사유,7180.0,하락  40,-0.55,7170.0,7180.0,231724.0,1663.0,265575.0,,,0.5,0.195,"6,191.92",-34.13,-0.55,2026-04-17 15:33:16
600,주유소,-0.08,010950,S-Oil,테마 편입 사유,117300.0,하락  800,-0.68,117200.0,117300.0,237678.0,27806.0,299952.0,,,0.5,0.195,"6,191.92",-34.13,-0.55,2026-04-17 15:33:16
600,주유소,-0.08,024060,흥구석유 *,테마 편입 사유,17740.0,하락  160,-0.89,17720.0,17730.0,1085848.0,19327.0,1547883.0,,,0.5,0.195,"6,191.92",-34.13,-0.55,2026-04-17 15:33:16
600,주유소,-0.08,078930,GS,테마 편입 사유,71900.0,"하락  1,100",-1.51,71800.0,71900.0,220260.0,15866.0,161168.0,,,0.5,0.195,"6,191.92",-34.13,-0.55,2026-04-17 15:33:16
600,주유소,-0.08,002420,세기상사,테마 편입 사유,6200.0,하락  200,-3.12,6220.0,6260.0,47905.0,295.0,261236.0,,,0.5,0.195,"6,191.92",-34.13,-0.55,2026-04-17 15:33:16
284,기업인수목적회사(SPAC),0.05,451700,엔에이치스팩29호 *,테마 편입 사유,2670.0,상승  130,5.12,2690.0,2695.0,524476.0,1358.0,254972.0,,,0.053159,0.07923745,"6,191.92",-34.13,-0.55,2026-04-17 15:33:16
284,기업인수목적회사(SPAC),0.05,0115H0,삼성스팩13호 *,테마 편입 사유,2040.0,상승  20,0.99,2030.0,2040.0,209402.0,425.0,56280.0,,,0.053159,0.07923745,"6,191.92",-34.13,-0.55,2026-04-17 15:33:16
284,기업인수목적회사(SPAC),0.05,0091W0,신영스팩11호 *,테마 편입 사유,2070.0,상승  15,0.73,2065.0,2070.0,12979.0,27.0,6955.0,,,0.053159,0.07923745,"6,191.92",-34.13,-0.55,2026-04-17 15:33:16
284,기업인수목적회사(SPAC),0.05,0097F0,미래에셋비전스팩10호 *,테마 편입 사유,2010.0,상승  10,0.5,2010.0,2015.0,138115.0,278.0,7991.0,,,0.053159,0.07923745,"6,191.92",-34.13,-0.55,2026-04-17 15:33:16
284,기업인수목적회사(SPAC),0.05,0096B0,삼성스팩12호 *,테마 편입 사유,2025.0,상승  10,0.5,2015.0,2025.0,131471.0,266.0,36834.0,,,0.053159,0.07923745,"6,191.92",-34.13,-0.55,2026-04-17 15:33:16
284,기업인수목적회사(SPAC),0.05,0071M0,삼성스팩11호 *,테마 편입 사유,2040.0,상승  10,0.49,2025.0,2035.0,73430.0,149.0,1570.0,,,0.053159,0.07923745,"6,191.92",-34.13,-0.55,2026-04-17 15:33:16
284,기업인수목적회사(SPAC),0.05,468760,유진스팩10호 *,테마 편입 사유,2105.0,상승  10,0.48,2100.0,2105.0,21307.0,45.0,5523.0,,,0.053159,0.07923745,"6,191.92",-34.13,-0.55,2026-04-17 15:33:16
284,기업인수목적회사(SPAC),0.05,0088D0,메리츠제1호스팩 *,테마 편입 사유,2205.0,상승  10,0.46,2190.0,2195.0,72266.0,159.0,27590.0,,,0.053159,0.07923745,"6,191.92",-34.13,-0.55,2026-04-17 15:33:16
284,기업인수목적회사(SPAC),0.05,482680,미래에셋비전스팩7호 *,테마 편입 사유,2040.0,상승  5,0.25,2035.0,2040.0,29511.0,60.0,8357.0,,,0.053159,0.07923745,"6,191.92",-34.13,-0.55,2026-04-17 15:33:16
284,기업인수목적회사(SPAC),0.05,0130H0,엔에이치스팩33호 *,테마 편입 사유,2015.0,상승  5,0.25,2015.0,2020.0,99868.0,201.0,92920.0,,,0.053159,0.07923745,"6,191.92",-34.13,-0.55,2026-04-17 15:33:16
284,기업인수목적회사(SPAC),0.05,478110,이베스트스팩6호 *,테마 편입 사유,2030.0,상승  5,0.25,2030.0,2035.0,2168.0,4.0,339.0,,,0.053159,0.07923745,"6,191.92",-34.13,-0.55,2026-04-17 15:33:16
284,기업인수목적회사(SPAC),0.05,0096D0,미래에셋비전스팩9호 *,테마 편입 사유,2010.0,상승  5,0.25,2005.0,2010.0,23380.0,47.0,6935.0,,,0.053159,0.07923745,"6,191.92",-34.13,-0.55,2026-04-17 15:33:16
284,기업인수목적회사(SPAC),0.05,0093G0,미래에셋비전스팩8호 *,테마 편입 사유,2010.0,상승  5,0.25,2005.0,2010.0,9831.0,20.0,4719.0,,,0.053159,0.07923745,"6,191.92",-34.13,-0.55,2026-04-17 15:33:16
284,기업인수목적회사(SPAC),0.05,0068Y0,비엔케이제3호스팩 *,테마 편입 사유,2010.0,상승  5,0.25,2010.0,2015.0,8651.0,17.0,8868.0,,,0.053159,0.07923745,"6,191.92",-34.13,-0.55,2026-04-17 15:33:16
284,기업인수목적회사(SPAC),0.05,0041L0,하나35호스팩 *,테마 편입 사유,2020.0,상승  5,0.25,2010.0,2020.0,3491.0,7.0,11806.0,,,0.053159,0.07923745,"6,191.92",-34.13,-0.55,2026-04-17 15:33:16
284,기업인수목적회사(SPAC),0.05,498390,한화플러스제5호스팩 *,테마 편입 사유,2035.0,상승  5,0.25,2030.0,2035.0,1054.0,2.0,6881.0,,,0.053159,0.07923745,"6,191.92",-34.13,-0.55,2026-04-17 15:33:16
284,기업인수목적회사(SPAC),0.05,474660,신한제12호스팩 *,테마 편입 사유,2050.0,상승  5,0.24,2050.0,2055.0,10850.0,22.0,14757.0,,,0.053159,0.07923745,"6,191.92",-34.13,-0.55,2026-04-17 15:33:16
284,기업인수목적회사(SPAC),0.05,0054V0,엔에이치스팩32호 *,테마 편입 사유,2070.0,상승  5,0.24,2065.0,2070.0,19398.0,40.0,4052.0,,,0.053159,0.07923745,"6,191.92",-34.13,-0.55,2026-04-17 15:33:16
284,기업인수목적회사(SPAC),0.05,489730,디비금융제13호스팩 *,테마 편입 사유,2075.0,상승  5,0.24,2065.0,2070.0,11839.0,25.0,4012.0,,,0.053159,0.07923745,"6,191.92",-34.13,-0.55,2026-04-17 15:33:16
284,기업인수목적회사(SPAC),0.05,486630,KB제30호스팩 *,테마 편입 사유,2095.0,상승  5,0.24,2090.0,2095.0,26204.0,55.0,7.0,,,0.053159,0.07923745,"6,191.92",-34.13,-0.55,2026-04-17 15:33:16
284,기업인수목적회사(SPAC),0.05,484130,하나34호스팩 *,테마 편입 사유,2050.0,상승  5,0.24,2045.0,2050.0,5705.0,12.0,2326.0,,,0.053159,0.07923745,"6,191.92",-34.13,-0.55,2026-04-17 15:33:16
284,기업인수목적회사(SPAC),0.05,469900,하나31호스팩 *,테마 편입 사유,2065.0,상승  5,0.24,2060.0,2065.0,1054.0,2.0,815.0,,,0.053159,0.07923745,"6,191.92",-34.13,-0.55,2026-04-17 15:33:16
284,기업인수목적회사(SPAC),0.05,472220,신영스팩10호 *,테마 편입 사유,2150.0,상승  5,0.23,2145.0,2150.0,193.0,0.0,5123.0,,,0.053159,0.07923745,"6,191.92",-34.13,-0.55,2026-04-17 15:33:16
284,기업인수목적회사(SPAC),0.05,0099X0,IBKS제25호스팩 *,테마 편입 사유,2160.0,상승  5,0.23,2145.0,2160.0,7431.0,16.0,24328.0,,,0.053159,0.07923745,"6,191.92",-34.13,-0.55,2026-04-17 15:33:16
284,기업인수목적회사(SPAC),0.05,475250,하나33호스팩 *,테마 편입 사유,2095.0,보합0,0.0,2085.0,2095.0,1133.0,2.0,15.0,,,0.053159,0.07923745,"6,191.92",-34.13,-0.55,2026-04-17 15:33:16
284,기업인수목적회사(SPAC),0.05,0037T0,KB제32호스팩 *,테마 편입 사유,2015.0,보합0,0.0,2010.0,2015.0,7937.0,16.0,6241.0,,,0.053159,0.07923745,"6,191.92",-34.13,-0.55,2026-04-17 15:33:16
284,기업인수목적회사(SPAC),0.05,472230,에스케이증권제11호스팩 *,테마 편입 사유,2055.0,보합0,0.0,2055.0,2060.0,16647.0,34.0,507.0,,,0.053159,0.07923745,"6,191.92",-34.13,-0.55,2026-04-17 15:33:16
284,기업인수목적회사(SPAC),0.05,496070,신한제16호스팩 *,테마 편입 사유,2030.0,보합0,0.0,2025.0,2030.0,4655.0,9.0,2007.0,,,0.053159,0.07923745,"6,191.92",-34.13,-0.55,2026-04-17 15:33:16
284,기업인수목적회사(SPAC),0.05,473000,에스케이증권제12호스팩 *,테마 편입 사유,2050.0,보합0,0.0,2045.0,2050.0,4.0,0.0,32.0,,,0.053159,0.07923745,"6,191.92",-34.13,-0.55,2026-04-17 15:33:16
284,기업인수목적회사(SPAC),0.05,473950,에스케이증권제13호스팩 *,테마 편입 사유,2035.0,보합0,0.0,2030.0,2035.0,9524.0,19.0,3950.0,,,0.053159,0.07923745,"6,191.92",-34.13,-0.55,2026-04-17 15:33:16
284,기업인수목적회사(SPAC),0.05,493790,유안타제17호스팩 *,테마 편입 사유,2005.0,보합0,0.0,2005.0,2015.0,650.0,1.0,162.0,,,0.053159,0.07923745,"6,191.92",-34.13,-0.55,2026-04-17 15:33:16
284,기업인수목적회사(SPAC),0.05,474490,유안타제16호스팩 *,테마 편입 사유,2045.0,보합0,0.0,2045.0,2050.0,5581.0,11.0,8072.0,,,0.053159,0.07923745,"6,191.92",-34.13,-0.55,2026-04-17 15:33:16
284,기업인수목적회사(SPAC),0.05,488060,유진스팩11호 *,테마 편입 사유,2050.0,보합0,0.0,2040.0,2050.0,704.0,1.0,5304.0,,,0.053159,0.07923745,"6,191.92",-34.13,-0.55,2026-04-17 15:33:16
284,기업인수목적회사(SPAC),0.05,482690,대신밸런스제19호스팩 *,테마 편입 사유,2140.0,보합0,0.0,2130.0,2135.0,6916.0,15.0,104.0,,,0.053159,0.07923745,"6,191.92",-34.13,-0.55,2026-04-17 15:33:16
284,기업인수목적회사(SPAC),0.05,477340,에이치엠씨제7호스팩 *,테마 편입 사유,2030.0,보합0,0.0,2025.0,2030.0,24858.0,50.0,5512.0,,,0.053159,0.07923745,"6,191.92",-34.13,-0.55,2026-04-17 15:33:16
284,기업인수목적회사(SPAC),0.05,477760,DB금융스팩12호 *,테마 편입 사유,2230.0,보합0,0.0,0.0,0.0,0.0,0.0,0.0,,,0.053159,0.07923745,"6,191.92",-34.13,-0.55,2026-04-17 15:33:16
284,기업인수목적회사(SPAC),0.05,487360,신한제14호스팩 *,테마 편입 사유,2045.0,보합0,0.0,2040.0,2045.0,26805.0,55.0,1573.0,,,0.053159,0.07923745,"6,191.92",-34.13,-0.55,2026-04-17 15:33:16
284,기업인수목적회사(SPAC),0.05,478390,KB제29호스팩 *,테마 편입 사유,2075.0,보합0,0.0,2070.0,2075.0,319.0,1.0,362.0,,,0.053159,0.07923745,"6,191.92",-34.13,-0.55,2026-04-17 15:33:16
284,기업인수목적회사(SPAC),0.05,478440,미래에셋비전스팩6호 *,테마 편입 사유,2050.0,보합0,0.0,2040.0,2050.0,5029.0,10.0,5134.0,,,0.053159,0.07923745,"6,191.92",-34.13,-0.55,2026-04-17 15:33:16
284,기업인수목적회사(SPAC),0.05,479880,한국제15호스팩 *,테마 편입 사유,2055.0,보합0,0.0,2050.0,2055.0,5420.0,11.0,1249.0,,,0.053159,0.07923745,"6,191.92",-34.13,-0.55,2026-04-17 15:33:16
284,기업인수목적회사(SPAC),0.05,482520,교보16호스팩 *,테마 편입 사유,2095.0,보합0,0.0,0.0,0.0,0.0,0.0,0.0,,,0.053159,0.07923745,"6,191.92",-34.13,-0.55,2026-04-17 15:33:16
284,기업인수목적회사(SPAC),0.05,0072Z0,KB제33호스팩 *,테마 편입 사유,2005.0,보합0,0.0,2005.0,2010.0,29226.0,59.0,10683.0,,,0.053159,0.07923745,"6,191.92",-34.13,-0.55,2026-04-17 15:33:16
284,기업인수목적회사(SPAC),0.05,0098T0,교보19호스팩 *,테마 편입 사유,2045.0,보합0,0.0,2040.0,2045.0,4284.0,9.0,874.0,,,0.053159,0.07923745,"6,191.92",-34.13,-0.55,2026-04-17 15:33:16
284,기업인수목적회사(SPAC),0.05,467930,IBKS제23호스팩 *,테마 편입 사유,2220.0,보합0,0.0,2210.0,2220.0,461.0,1.0,310.0,,,0.053159,0.07923745,"6,191.92",-34.13,-0.55,2026-04-17 15:33:16
284,기업인수목적회사(SPAC),0.05,0099W0,미래에셋비전스팩11호 *,테마 편입 사유,2010.0,보합0,0.0,2010.0,2015.0,120006.0,241.0,9632.0,,,0.053159,0.07923745,"6,191.92",-34.13,-0.55,2026-04-17 15:33:16
284,기업인수목적회사(SPAC),0.05,0101C0,하나36호스팩 *,테마 편입 사유,2005.0,보합0,0.0,2005.0,2010.0,60972.0,122.0,8294.0,,,0.053159,0.07923745,"6,191.92",-34.13,-0.55,2026-04-17 15:33:16
284,기업인수목적회사(SPAC),0.05,0105P0,유진스팩12호 *,테마 편입 사유,2010.0,보합0,0.0,2005.0,2010.0,1556.0,3.0,3027.0,,,0.053159,0.07923745,"6,191.92",-34.13,-0.55,2026-04-17 15:33:16
284,기업인수목적회사(SPAC),0.05,0130D0,신한제17호스팩 *,테마 편입 사유,2000.0,보합0,0.0,1999.0,2000.0,300857.0,602.0,442311.0,,,0.053159,0.07923745,"6,191.92",-34.13,-0.55,2026-04-17 15:33:16
284,기업인수목적회사(SPAC),0.05,465320,교보15호스팩 *,테마 편입 사유,2335.0,보합0,0.0,0.0,0.0,0.0,0.0,0.0,,,0.053159,0.07923745,"6,191.92",-34.13,-0.55,2026-04-17 15:33:16
284,기업인수목적회사(SPAC),0.05,0041J0,엘에스스팩1호 *,테마 편입 사유,2010.0,보합0,0.0,2010.0,2015.0,5888.0,12.0,4373.0,,,0.053159,0.07923745,"6,191.92",-34.13,-0.55,2026-04-17 15:33:16
284,기업인수목적회사(SPAC),0.05,452670,상상인제4호스팩 *,테마 편입 사유,2100.0,보합0,0.0,2100.0,2105.0,86755.0,183.0,54956.0,,,0.053159,0.07923745,"6,191.92",-34.13,-0.55,2026-04-17 15:33:16
284,기업인수목적회사(SPAC),0.05,462020,에이치엠씨제6호스팩 *,테마 편입 사유,2095.0,보합0,0.0,2095.0,2100.0,83626.0,176.0,5619.0,,,0.053159,0.07923745,"6,191.92",-34.13,-0.55,2026-04-17 15:33:16
284,기업인수목적회사(SPAC),0.05,489480,키움제11호스팩 *,테마 편입 사유,2040.0,하락  5,-0.24,2040.0,2045.0,1087.0,2.0,34582.0,,,0.053159,0.07923745,"6,191.92",-34.13,-0.55,2026-04-17 15:33:16
284,기업인수목적회사(SPAC),0.05,487830,신한제15호스팩 *,테마 편입 사유,2060.0,하락  5,-0.24,2055.0,2060.0,20578.0,42.0,7.0,,,0.053159,0.07923745,"6,191.92",-34.13,-0.55,2026-04-17 15:33:16
284,기업인수목적회사(SPAC),0.05,492220,KB제31호스팩 *,테마 편입 사유,2070.0,하락  5,-0.24,2055.0,2070.0,63.0,0.0,619.0,,,0.053159,0.07923745,"6,191.92",-34.13,-0.55,2026-04-17 15:33:16
284,기업인수목적회사(SPAC),0.05,452980,신한제11호스팩 *,테마 편입 사유,2095.0,하락  5,-0.24,2095.0,2100.0,75565.0,158.0,189451.0,,,0.053159,0.07923745,"6,191.92",-34.13,-0.55,2026-04-17 15:33:16
284,기업인수목적회사(SPAC),0.05,464440,한국제13호스팩 *,테마 편입 사유,2080.0,하락  5,-0.24,2080.0,2085.0,8908.0,19.0,5357.0,,,0.053159,0.07923745,"6,191.92",-34.13,-0.55,2026-04-17 15:33:16
284,기업인수목적회사(SPAC),0.05,464680,KB제27호스팩 *,테마 편입 사유,2080.0,하락  5,-0.24,2080.0,2085.0,15448.0,32.0,49021.0,,,0.053159,0.07923745,"6,191.92",-34.13,-0.55,2026-04-17 15:33:16
284,기업인수목적회사(SPAC),0.05,477380,미래에셋비전스팩4호 *,테마 편입 사유,2055.0,하락  5,-0.24,2050.0,2055.0,9303.0,19.0,10613.0,,,0.053159,0.07923745,"6,191.92",-34.13,-0.55,2026-04-17 15:33:16
284,기업인수목적회사(SPAC),0.05,0041B0,교보18호스팩 *,테마 편입 사유,2060.0,하락  5,-0.24,2060.0,2065.0,1089.0,2.0,7029.0,,,0.053159,0.07923745,"6,191.92",-34.13,-0.55,2026-04-17 15:33:16
284,기업인수목적회사(SPAC),0.05,475240,하나32호스팩 *,테마 편입 사유,2095.0,하락  5,-0.24,2090.0,2095.0,703.0,1.0,800.0,,,0.053159,0.07923745,"6,191.92",-34.13,-0.55,2026-04-17 15:33:16
284,기업인수목적회사(SPAC),0.05,471050,대신밸런스제17호스팩 *,테마 편입 사유,2110.0,하락  5,-0.24,2100.0,2110.0,4262.0,9.0,1547.0,,,0.053159,0.07923745,"6,191.92",-34.13,-0.55,2026-04-17 15:33:16
284,기업인수목적회사(SPAC),0.05,473050,유안타제15호스팩 *,테마 편입 사유,2055.0,하락  5,-0.24,2055.0,2060.0,6623.0,14.0,4950.0,,,0.053159,0.07923745,"6,191.92",-34.13,-0.55,2026-04-17 15:33:16
284,기업인수목적회사(SPAC),0.05,469880,하나30호스팩 *,테마 편입 사유,2075.0,하락  5,-0.24,2075.0,2080.0,2476.0,5.0,10307.0,,,0.053159,0.07923745,"6,191.92",-34.13,-0.55,2026-04-17 15:33:16
284,기업인수목적회사(SPAC),0.05,466910,엔에이치스팩30호 *,테마 편입 사유,4825.0,하락  15,-0.31,4820.0,4825.0,96802.0,469.0,133382.0,,,0.053159,0.07923745,"6,191.92",-34.13,-0.55,2026-04-17 15:33:16
284,기업인수목적회사(SPAC),0.05,469480,IBKS제24호스팩 *,테마 편입 사유,2140.0,하락  10,-0.47,2150.0,2170.0,676.0,1.0,4210.0,,,0.053159,0.07923745,"6,191.92",-34.13,-0.55,2026-04-17 15:33:16
284,기업인수목적회사(SPAC),0.05,489210,교보17호스팩 *,테마 편입 사유,2110.0,하락  10,-0.47,2105.0,2110.0,31.0,0.0,103.0,,,0.053159,0.07923745,"6,191.92",-34.13,-0.55,2026-04-17 15:33:16
284,기업인수목적회사(SPAC),0.05,0044K0,삼성스팩10호 *,테마 편입 사유,2055.0,하락  10,-0.48,2050.0,2055.0,8281.0,17.0,6785.0,,,0.053159,0.07923745,"6,191.92",-34.13,-0.55,2026-04-17 15:33:16
284,기업인수목적회사(SPAC),0.05,487720,키움제10호스팩 *,테마 편입 사유,2070.0,하락  10,-0.48,2065.0,2070.0,247.0,1.0,1.0,,,0.053159,0.07923745,"6,191.92",-34.13,-0.55,2026-04-17 15:33:16
284,기업인수목적회사(SPAC),0.05,0004Y0,디비금융제14호스팩 *,테마 편입 사유,2040.0,하락  10,-0.49,2040.0,2045.0,2200.0,4.0,3163.0,,,0.053159,0.07923745,"6,191.92",-34.13,-0.55,2026-04-17 15:33:16
284,기업인수목적회사(SPAC),0.05,0132G0,교보20호스팩 *,테마 편입 사유,2005.0,하락  10,-0.5,2000.0,2005.0,729336.0,1460.0,60122.0,,,0.053159,0.07923745,"6,191.92",-34.13,-0.55,2026-04-17 15:33:16
284,기업인수목적회사(SPAC),0.05,477470,미래에셋비전스팩5호 *,테마 편입 사유,2095.0,하락  15,-0.71,2085.0,2100.0,274.0,1.0,1045.0,,,0.053159,0.07923745,"6,191.92",-34.13,-0.55,2026-04-17 15:33:16
284,기업인수목적회사(SPAC),0.05,474930,신한제13호스팩 *,테마 편입 사유,2110.0,하락  15,-0.71,2110.0,2120.0,6331.0,13.0,730.0,,,0.053159,0.07923745,"6,191.92",-34.13,-0.55,2026-04-17 15:33:16
284,기업인수목적회사(SPAC),0.05,481890,엔에이치스팩31호 *,테마 편입 사유,2105.0,하락  20,-0.94,2100.0,2105.0,4276.0,9.0,367.0,,,0.053159,0.07923745,"6,191.92",-34.13,-0.55,2026-04-17 15:33:16
284,기업인수목적회사(SPAC),0.05,466690,키움히어로제1호스팩 *,테마 편입 사유,2040.0,하락  20,-0.97,2045.0,2050.0,20419.0,42.0,23566.0,,,0.053159,0.07923745,"6,191.92",-34.13,-0.55,2026-04-17 15:33:16
313,남-북-러 가스관사업,-0.18,039610,화성밸브 *,테마 편입 사유,9710.0,상승  280,2.97,9700.0,9710.0,393282.0,3810.0,378254.0,,,0.425606,0.05408330000000003,"6,191.92",-34.13,-0.55,2026-04-17 15:33:16
313,남-북-러 가스관사업,-0.18,060380,동양에스텍 *,테마 편입 사유,1522.0,상승  43,2.91,1518.0,1520.0,121200.0,182.0,72093.0,,,0.425606,0.05408330000000003,"6,191.92",-34.13,-0.55,2026-04-17 15:33:16
313,남-북-러 가스관사업,-0.18,008970,KBI동양철관,테마 편입 사유,1956.0,상승  18,0.93,1958.0,1959.0,1928111.0,3777.0,2760897.0,,,0.425606,0.05408330000000003,"6,191.92",-34.13,-0.55,2026-04-17 15:33:16
313,남-북-러 가스관사업,-0.18,008420,문배철강,테마 편입 사유,2460.0,상승  10,0.41,2440.0,2450.0,217178.0,532.0,594661.0,,,0.425606,0.05408330000000003,"6,191.92",-34.13,-0.55,2026-04-17 15:33:16
313,남-북-러 가스관사업,-0.18,306200,세아제강,테마 편입 사유,147600.0,상승  600,0.41,147400.0,147500.0,15990.0,2381.0,13184.0,,,0.425606,0.05408330000000003,"6,191.92",-34.13,-0.55,2026-04-17 15:33:16
313,남-북-러 가스관사업,-0.18,105740,디케이락 *,테마 편입 사유,10220.0,상승  30,0.29,10200.0,10220.0,85965.0,872.0,122928.0,,,0.425606,0.05408330000000003,"6,191.92",-34.13,-0.55,2026-04-17 15:33:16
313,남-북-러 가스관사업,-0.18,005010,휴스틸,테마 편입 사유,5170.0,상승  10,0.19,5150.0,5160.0,693964.0,3580.0,935881.0,,,0.425606,0.05408330000000003,"6,191.92",-34.13,-0.55,2026-04-17 15:33:16
313,남-북-러 가스관사업,-0.18,085310,엔케이,테마 편입 사유,1200.0,상승  1,0.08,1200.0,1207.0,1061838.0,1279.0,1099103.0,,,0.425606,0.05408330000000003,"6,191.92",-34.13,-0.55,2026-04-17 15:33:16
313,남-북-러 가스관사업,-0.18,048470,대동스틸 *,테마 편입 사유,3490.0,보합0,0.0,3480.0,3485.0,46574.0,162.0,121855.0,,,0.425606,0.05408330000000003,"6,191.92",-34.13,-0.55,2026-04-17 15:33:16
313,남-북-러 가스관사업,-0.18,017480,삼현철강 *,테마 편입 사유,4840.0,하락  5,-0.1,4820.0,4840.0,19820.0,96.0,28612.0,,,0.425606,0.05408330000000003,"6,191.92",-34.13,-0.55,2026-04-17 15:33:16
313,남-북-러 가스관사업,-0.18,095190,신화프리텍 *,테마 편입 사유,2580.0,하락  30,-1.15,2555.0,2570.0,206831.0,530.0,417571.0,,,0.425606,0.05408330000000003,"6,191.92",-34.13,-0.55,2026-04-17 15:33:16
313,남-북-러 가스관사업,-0.18,071090,하이스틸,테마 편입 사유,4410.0,하락  90,-2.0,4420.0,4435.0,1534258.0,6922.0,5867034.0,,,0.425606,0.05408330000000003,"6,191.92",-34.13,-0.55,2026-04-17 15:33:16
313,남-북-러 가스관사업,-0.18,100090,SK오션플랜트,테마 편입 사유,23100.0,하락  850,-3.55,23050.0,23100.0,1360077.0,31249.0,1253908.0,,,0.425606,0.05408330000000003,"6,191.92",-34.13,-0.55,2026-04-17 15:33:16
313,남-북-러 가스관사업,-0.18,026940,부국철강,테마 편입 사유,2695.0,하락  110,-3.92,2675.0,2680.0,499465.0,1351.0,576465.0,,,0.425606,0.05408330000000003,"6,191.92",-34.13,-0.55,2026-04-17 15:33:16
250,철도,-0.19,108380,대양전기공업 *,테마 편입 사유,28900.0,"상승  1,650",6.06,28700.0,28850.0,52402.0,1485.0,20640.0,,,0.35862,0.0072409999999999974,"6,191.92",-34.13,-0.55,2026-04-17 15:33:16
250,철도,-0.19,046940,우원개발 *,테마 편입 사유,5410.0,상승  290,5.66,5410.0,5420.0,624153.0,3307.0,393660.0,,,0.35862,0.0072409999999999974,"6,191.92",-34.13,-0.55,2026-04-17 15:33:16
250,철도,-0.19,023350,한국종합기술,테마 편입 사유,5410.0,상승  110,2.08,5420.0,5430.0,106805.0,570.0,142142.0,,,0.35862,0.0072409999999999974,"6,191.92",-34.13,-0.55,2026-04-17 15:33:16
250,철도,-0.19,042370,비츠로테크 *,테마 편입 사유,17790.0,상승  300,1.72,17750.0,17760.0,2085021.0,36602.0,5791789.0,,,0.35862,0.0072409999999999974,"6,191.92",-34.13,-0.55,2026-04-17 15:33:16
250,철도,-0.19,013030,하이록코리아 *,테마 편입 사유,41050.0,상승  550,1.36,41050.0,41150.0,80328.0,3244.0,62018.0,,,0.35862,0.0072409999999999974,"6,191.92",-34.13,-0.55,2026-04-17 15:33:16
250,철도,-0.19,115440,우리넷 *,테마 편입 사유,14910.0,상승  170,1.15,14990.0,15000.0,1871409.0,27507.0,3390309.0,,,0.35862,0.0072409999999999974,"6,191.92",-34.13,-0.55,2026-04-17 15:33:16
250,철도,-0.19,045390,대아티아이 *,테마 편입 사유,4740.0,상승  50,1.07,4735.0,4740.0,745877.0,3495.0,830190.0,,,0.35862,0.0072409999999999974,"6,191.92",-34.13,-0.55,2026-04-17 15:33:16
250,철도,-0.19,011390,부산산업,테마 편입 사유,79300.0,상승  800,1.02,79000.0,79200.0,3885.0,304.0,6836.0,,,0.35862,0.0072409999999999974,"6,191.92",-34.13,-0.55,2026-04-17 15:33:16
250,철도,-0.19,058610,에스피지 *,테마 편입 사유,114600.0,상승  600,0.53,114300.0,114400.0,191781.0,21995.0,254098.0,,,0.35862,0.0072409999999999974,"6,191.92",-34.13,-0.55,2026-04-17 15:33:16
250,철도,-0.19,064350,현대로템,테마 편입 사유,216000.0,"상승  1,000",0.47,218000.0,218500.0,587159.0,127574.0,636478.0,,,0.35862,0.0072409999999999974,"6,191.92",-34.13,-0.55,2026-04-17 15:33:16
250,철도,-0.19,026150,특수건설 *,테마 편입 사유,6850.0,상승  20,0.29,6830.0,6840.0,71691.0,487.0,106793.0,,,0.35862,0.0072409999999999974,"6,191.92",-34.13,-0.55,2026-04-17 15:33:16
250,철도,-0.19,100660,서암기계공업 *,테마 편입 사유,4555.0,상승  10,0.22,4530.0,4545.0,40900.0,183.0,126558.0,,,0.35862,0.0072409999999999974,"6,191.92",-34.13,-0.55,2026-04-17 15:33:16
250,철도,-0.19,006050,국영지앤엠 *,테마 편입 사유,1455.0,상승  3,0.21,1453.0,1454.0,243103.0,350.0,363130.0,,,0.35862,0.0072409999999999974,"6,191.92",-34.13,-0.55,2026-04-17 15:33:16
250,철도,-0.19,094940,푸른기술 *,테마 편입 사유,10200.0,상승  20,0.2,10190.0,10200.0,92421.0,940.0,108196.0,,,0.35862,0.0072409999999999974,"6,191.92",-34.13,-0.55,2026-04-17 15:33:16
250,철도,-0.19,054930,유신 *,테마 편입 사유,28150.0,상승  50,0.18,28150.0,28300.0,25565.0,714.0,30120.0,,,0.35862,0.0072409999999999974,"6,191.92",-34.13,-0.55,2026-04-17 15:33:16
250,철도,-0.19,002150,도화엔지니어링,테마 편입 사유,7240.0,상승  10,0.14,7230.0,7240.0,150076.0,1077.0,221573.0,,,0.35862,0.0072409999999999974,"6,191.92",-34.13,-0.55,2026-04-17 15:33:16
250,철도,-0.19,011370,서한 *,테마 편입 사유,1072.0,상승  1,0.09,1069.0,1072.0,199582.0,213.0,248523.0,,,0.35862,0.0072409999999999974,"6,191.92",-34.13,-0.55,2026-04-17 15:33:16
250,철도,-0.19,101170,우림피티에스 *,테마 편입 사유,13420.0,상승  10,0.07,13390.0,13400.0,108461.0,1436.0,184516.0,,,0.35862,0.0072409999999999974,"6,191.92",-34.13,-0.55,2026-04-17 15:33:16
250,철도,-0.19,109080,옵티시스 *,테마 편입 사유,16550.0,상승  10,0.06,16630.0,16640.0,209839.0,3483.0,691254.0,,,0.35862,0.0072409999999999974,"6,191.92",-34.13,-0.55,2026-04-17 15:33:16
250,철도,-0.19,039980,폴라리스AI *,테마 편입 사유,1481.0,보합0,0.0,0.0,0.0,0.0,0.0,0.0,,,0.35862,0.0072409999999999974,"6,191.92",-34.13,-0.55,2026-04-17 15:33:16
250,철도,-0.19,115500,케이씨에스 *,테마 편입 사유,17780.0,보합0,0.0,17680.0,17690.0,10371221.0,189443.0,971213.0,,,0.35862,0.0072409999999999974,"6,191.92",-34.13,-0.55,2026-04-17 15:33:16
250,철도,-0.19,234300,에스트래픽 *,테마 편입 사유,3615.0,보합0,0.0,3605.0,3610.0,74386.0,267.0,107221.0,,,0.35862,0.0072409999999999974,"6,191.92",-34.13,-0.55,2026-04-17 15:33:16
250,철도,-0.19,017480,삼현철강 *,테마 편입 사유,4840.0,하락  5,-0.1,4820.0,4840.0,19820.0,96.0,28612.0,,,0.35862,0.0072409999999999974,"6,191.92",-34.13,-0.55,2026-04-17 15:33:16
250,철도,-0.19,032560,황금에스티,테마 편입 사유,6190.0,하락  10,-0.16,6160.0,6180.0,25195.0,155.0,48579.0,,,0.35862,0.0072409999999999974,"6,191.92",-34.13,-0.55,2026-04-17 15:33:16
250,철도,-0.19,004440,삼일씨엔에스,테마 편입 사유,7470.0,하락  20,-0.27,7410.0,7430.0,68766.0,507.0,146833.0,,,0.35862,0.0072409999999999974,"6,191.92",-34.13,-0.55,2026-04-17 15:33:16
250,철도,-0.19,017510,세명전기 *,테마 편입 사유,10210.0,하락  50,-0.49,10200.0,10220.0,441393.0,4506.0,582170.0,,,0.35862,0.0072409999999999974,"6,191.92",-34.13,-0.55,2026-04-17 15:33:16
250,철도,-0.19,001780,알루코,테마 편입 사유,2605.0,하락  15,-0.57,2615.0,2620.0,1775541.0,4622.0,2575332.0,,,0.35862,0.0072409999999999974,"6,191.92",-34.13,-0.55,2026-04-17 15:33:16
250,철도,-0.19,065530,와이어블 *,테마 편입 사유,2445.0,하락  15,-0.61,2435.0,2440.0,1323694.0,3117.0,4202608.0,,,0.35862,0.0072409999999999974,"6,191.92",-34.13,-0.55,2026-04-17 15:33:16
250,철도,-0.19,001260,남광토건,테마 편입 사유,10070.0,하락  70,-0.69,10050.0,10060.0,37016.0,372.0,71459.0,,,0.35862,0.0072409999999999974,"6,191.92",-34.13,-0.55,2026-04-17 15:33:16
250,철도,-0.19,002690,동일제강,테마 편입 사유,1684.0,하락  12,-0.71,1678.0,1679.0,88435.0,148.0,94740.0,,,0.35862,0.0072409999999999974,"6,191.92",-34.13,-0.55,2026-04-17 15:33:16
250,철도,-0.19,028100,동아지질,테마 편입 사유,17750.0,하락  140,-0.78,17760.0,17790.0,17935.0,318.0,22669.0,,,0.35862,0.0072409999999999974,"6,191.92",-34.13,-0.55,2026-04-17 15:33:16
250,철도,-0.19,039570,HDC랩스,테마 편입 사유,8130.0,하락  90,-1.09,8150.0,8160.0,18744.0,152.0,49801.0,,,0.35862,0.0072409999999999974,"6,191.92",-34.13,-0.55,2026-04-17 15:33:16
250,철도,-0.19,095190,신화프리텍 *,테마 편입 사유,2580.0,하락  30,-1.15,2555.0,2570.0,206831.0,530.0,417571.0,,,0.35862,0.0072409999999999974,"6,191.92",-34.13,-0.55,2026-04-17 15:33:16
250,철도,-0.19,033100,제룡전기 *,테마 편입 사유,51100.0,하락  600,-1.16,51000.0,51100.0,122033.0,6206.0,208265.0,,,0.35862,0.0072409999999999974,"6,191.92",-34.13,-0.55,2026-04-17 15:33:16
250,철도,-0.19,004020,현대제철,테마 편입 사유,39100.0,하락  650,-1.64,39050.0,39100.0,638398.0,24975.0,704171.0,,,0.35862,0.0072409999999999974,"6,191.92",-34.13,-0.55,2026-04-17 15:33:16
250,철도,-0.19,237750,피앤씨테크 *,테마 편입 사유,4650.0,하락  80,-1.69,4660.0,4670.0,26662.0,123.0,41996.0,,,0.35862,0.0072409999999999974,"6,191.92",-34.13,-0.55,2026-04-17 15:33:16
250,철도,-0.19,032820,우리기술 *,테마 편입 사유,22550.0,하락  550,-2.38,22450.0,22500.0,7964916.0,177720.0,39309191.0,,,0.35862,0.0072409999999999974,"6,191.92",-34.13,-0.55,2026-04-17 15:33:16
250,철도,-0.19,054220,비츠로시스 *,테마 편입 사유,550.0,하락  26,-4.51,552.0,554.0,961003.0,540.0,1496692.0,,,0.35862,0.0072409999999999974,"6,191.92",-34.13,-0.55,2026-04-17 15:33:16
250,철도,-0.19,072950,빛샘전자 *,테마 편입 사유,15610.0,하락  990,-5.96,15560.0,15580.0,6306840.0,98182.0,9117427.0,,,0.35862,0.0072409999999999974,"6,191.92",-34.13,-0.55,2026-04-17 15:33:16
250,철도,-0.19,006340,대원전선,테마 편입 사유,6190.0,하락  410,-6.21,6200.0,6210.0,5139263.0,31978.0,14839143.0,,,0.35862,0.0072409999999999974,"6,191.92",-34.13,-0.55,2026-04-17 15:33:16
