theme_no,테마명,테마등락률,종목코드,종목명,종목명.1,현재가,전일비,등락률,매수호가,매도호가,거래량,거래대금,전일거래량,토론,Unnamed: 11,Beta,베타조정수익률,코스피지수,코스피등락,코스피등락률,코스피조회시간
581,탈 플라스틱(친환경/생분해성 등),2.8,037230,한국팩키지 *,테마 편입 사유,3410.0,상한가  785,29.9,3410.0,0.0,10796642.0,35560.0,19404826.0,,,0.207469,3.4161829299999997,"5,277.30",-161.57,-2.97,2026-03-30 15:50:01
581,탈 플라스틱(친환경/생분해성 등),2.8,038110,에코플라스틱 *,테마 편입 사유,4300.0,상승  215,5.26,4300.0,4305.0,40853834.0,182158.0,69834976.0,,,0.207469,3.4161829299999997,"5,277.30",-161.57,-2.97,2026-03-30 15:50:01
581,탈 플라스틱(친환경/생분해성 등),2.8,285800,진영 *,테마 편입 사유,2150.0,상승  50,2.38,2140.0,2150.0,4621474.0,10587.0,12136183.0,,,0.207469,3.4161829299999997,"5,277.30",-161.57,-2.97,2026-03-30 15:50:01
581,탈 플라스틱(친환경/생분해성 등),2.8,138490,코오롱ENP,테마 편입 사유,15000.0,보합0,0.0,0.0,0.0,0.0,0.0,293458.0,,,0.207469,3.4161829299999997,"5,277.30",-161.57,-2.97,2026-03-30 15:50:01
581,탈 플라스틱(친환경/생분해성 등),2.8,014970,삼륭물산 *,테마 편입 사유,9280.0,하락  110,-1.17,9280.0,9290.0,208003.0,1944.0,512095.0,,,0.207469,3.4161829299999997,"5,277.30",-161.57,-2.97,2026-03-30 15:50:01
581,탈 플라스틱(친환경/생분해성 등),2.8,092200,디아이씨,테마 편입 사유,8400.0,하락  200,-2.33,8390.0,8400.0,208429.0,1738.0,237495.0,,,0.207469,3.4161829299999997,"5,277.30",-161.57,-2.97,2026-03-30 15:50:01
581,탈 플라스틱(친환경/생분해성 등),2.8,272550,삼양패키징,테마 편입 사유,13280.0,하락  320,-2.35,13280.0,13290.0,1658921.0,23678.0,2295454.0,,,0.207469,3.4161829299999997,"5,277.30",-161.57,-2.97,2026-03-30 15:50:01
581,탈 플라스틱(친환경/생분해성 등),2.8,260930,씨티케이 *,테마 편입 사유,4470.0,하락  125,-2.72,4470.0,4475.0,1235137.0,5798.0,4017918.0,,,0.207469,3.4161829299999997,"5,277.30",-161.57,-2.97,2026-03-30 15:50:01
581,탈 플라스틱(친환경/생분해성 등),2.8,340440,세림B&G *,테마 편입 사유,2175.0,하락  85,-3.76,2170.0,2175.0,17506407.0,41847.0,33003536.0,,,0.207469,3.4161829299999997,"5,277.30",-161.57,-2.97,2026-03-30 15:50:01
82,태풍 및 장마,2.0,060260,뉴보텍 *,테마 편입 사유,1235.0,상승  95,8.33,1235.0,1237.0,505611.0,612.0,94327.0,,,0.262217,2.77878449,"5,277.30",-161.57,-2.97,2026-03-30 15:50:01
82,태풍 및 장마,2.0,001550,조비,테마 편입 사유,16270.0,"상승  1,220",8.11,16230.0,16270.0,1379985.0,23185.0,300436.0,,,0.262217,2.77878449,"5,277.30",-161.57,-2.97,2026-03-30 15:50:01
82,태풍 및 장마,2.0,043200,파루 *,테마 편입 사유,961.0,상승  47,5.14,960.0,961.0,637713.0,604.0,255937.0,,,0.262217,2.77878449,"5,277.30",-161.57,-2.97,2026-03-30 15:50:01
82,태풍 및 장마,2.0,101670,하이드로리튬 *,테마 편입 사유,2035.0,상승  95,4.9,2025.0,2035.0,1115452.0,2254.0,501643.0,,,0.262217,2.77878449,"5,277.30",-161.57,-2.97,2026-03-30 15:50:01
82,태풍 및 장마,2.0,025860,남해화학,테마 편입 사유,8260.0,상승  220,2.74,8250.0,8260.0,3887606.0,33079.0,1593731.0,,,0.262217,2.77878449,"5,277.30",-161.57,-2.97,2026-03-30 15:50:01
82,태풍 및 장마,2.0,007590,동방아그로,테마 편입 사유,5890.0,보합0,0.0,5870.0,5890.0,7029.0,41.0,3387.0,,,0.262217,2.77878449,"5,277.30",-161.57,-2.97,2026-03-30 15:50:01
82,태풍 및 장마,2.0,002100,경농,테마 편입 사유,9470.0,하락  10,-0.11,9470.0,9480.0,139439.0,1322.0,87248.0,,,0.262217,2.77878449,"5,277.30",-161.57,-2.97,2026-03-30 15:50:01
82,태풍 및 장마,2.0,060150,인선이엔티 *,테마 편입 사유,4080.0,하락  95,-2.28,4070.0,4080.0,52743.0,215.0,82717.0,,,0.262217,2.77878449,"5,277.30",-161.57,-2.97,2026-03-30 15:50:01
82,태풍 및 장마,2.0,000490,대동,테마 편입 사유,9520.0,하락  310,-3.15,9520.0,9550.0,193065.0,1830.0,234543.0,,,0.262217,2.77878449,"5,277.30",-161.57,-2.97,2026-03-30 15:50:01
82,태풍 및 장마,2.0,004000,롯데정밀화학,테마 편입 사유,49900.0,"하락  1,900",-3.67,49850.0,49900.0,98430.0,4891.0,150209.0,,,0.262217,2.77878449,"5,277.30",-161.57,-2.97,2026-03-30 15:50:01
191,태양광에너지,0.58,389260,대명에너지 *,테마 편입 사유,24250.0,"상승  4,250",21.25,24200.0,24250.0,1988216.0,45564.0,355820.0,,,0.622351,2.42838247,"5,277.30",-161.57,-2.97,2026-03-30 15:50:01
191,태양광에너지,0.58,282720,금양그린파워 *,테마 편입 사유,17000.0,"상승  2,330",15.88,16990.0,17000.0,2391045.0,40237.0,249125.0,,,0.622351,2.42838247,"5,277.30",-161.57,-2.97,2026-03-30 15:50:01
191,태양광에너지,0.58,475150,SK이터닉스,테마 편입 사유,57900.0,"상승  5,500",10.5,57800.0,57900.0,3981142.0,222162.0,1434052.0,,,0.622351,2.42838247,"5,277.30",-161.57,-2.97,2026-03-30 15:50:01
191,태양광에너지,0.58,322000,HD현대에너지솔루션,테마 편입 사유,135100.0,"상승  11,900",9.66,135000.0,135100.0,2758286.0,375671.0,436722.0,,,0.622351,2.42838247,"5,277.30",-161.57,-2.97,2026-03-30 15:50:01
191,태양광에너지,0.58,042600,새로닉스 *,테마 편입 사유,15440.0,"상승  1,190",8.35,15440.0,15450.0,299942.0,4545.0,127658.0,,,0.622351,2.42838247,"5,277.30",-161.57,-2.97,2026-03-30 15:50:01
191,태양광에너지,0.58,453450,그리드위즈 *,테마 편입 사유,22450.0,"상승  1,550",7.42,22450.0,22500.0,430016.0,9557.0,135915.0,,,0.622351,2.42838247,"5,277.30",-161.57,-2.97,2026-03-30 15:50:01
191,태양광에너지,0.58,093520,매커스 *,테마 편입 사유,24950.0,"상승  1,650",7.08,24900.0,24950.0,194217.0,4771.0,31982.0,,,0.622351,2.42838247,"5,277.30",-161.57,-2.97,2026-03-30 15:50:01
191,태양광에너지,0.58,095910,에스에너지 *,테마 편입 사유,1567.0,상승  97,6.6,1567.0,1569.0,3278030.0,5088.0,2228224.0,,,0.622351,2.42838247,"5,277.30",-161.57,-2.97,2026-03-30 15:50:01
191,태양광에너지,0.58,010060,OCI홀딩스,테마 편입 사유,190300.0,"상승  11,500",6.43,190300.0,190400.0,333931.0,63742.0,151405.0,,,0.622351,2.42838247,"5,277.30",-161.57,-2.97,2026-03-30 15:50:01
191,태양광에너지,0.58,043200,파루 *,테마 편입 사유,961.0,상승  47,5.14,960.0,961.0,637713.0,604.0,255937.0,,,0.622351,2.42838247,"5,277.30",-161.57,-2.97,2026-03-30 15:50:01
191,태양광에너지,0.58,456040,OCI,테마 편입 사유,98000.0,"상승  4,200",4.48,97900.0,98000.0,78963.0,7745.0,27153.0,,,0.622351,2.42838247,"5,277.30",-161.57,-2.97,2026-03-30 15:50:01
191,태양광에너지,0.58,011930,신성이엔지,테마 편입 사유,2670.0,상승  105,4.09,2670.0,2675.0,23431956.0,61330.0,10272688.0,,,0.622351,2.42838247,"5,277.30",-161.57,-2.97,2026-03-30 15:50:01
191,태양광에너지,0.58,050760,에스폴리텍 *,테마 편입 사유,1529.0,상승  54,3.66,1529.0,1530.0,8261974.0,14152.0,12012566.0,,,0.622351,2.42838247,"5,277.30",-161.57,-2.97,2026-03-30 15:50:01
191,태양광에너지,0.58,099220,SDN *,테마 편입 사유,1304.0,상승  43,3.41,1303.0,1304.0,1423765.0,1849.0,488515.0,,,0.622351,2.42838247,"5,277.30",-161.57,-2.97,2026-03-30 15:50:01
191,태양광에너지,0.58,382800,지앤비에스 에코 *,테마 편입 사유,5620.0,상승  150,2.74,5620.0,5630.0,1995962.0,11243.0,2001403.0,,,0.622351,2.42838247,"5,277.30",-161.57,-2.97,2026-03-30 15:50:01
191,태양광에너지,0.58,009830,한화솔루션,테마 편입 사유,36600.0,상승  950,2.66,36550.0,36600.0,6364503.0,227494.0,5559359.0,,,0.622351,2.42838247,"5,277.30",-161.57,-2.97,2026-03-30 15:50:01
191,태양광에너지,0.58,039020,이건홀딩스 *,테마 편입 사유,3260.0,상승  50,1.56,3260.0,3270.0,92220.0,295.0,106934.0,,,0.622351,2.42838247,"5,277.30",-161.57,-2.97,2026-03-30 15:50:01
191,태양광에너지,0.58,058730,다스코,테마 편입 사유,3620.0,보합0,0.0,3615.0,3620.0,300967.0,1085.0,198444.0,,,0.622351,2.42838247,"5,277.30",-161.57,-2.97,2026-03-30 15:50:01
191,태양광에너지,0.58,104040,대성파인텍 *,테마 편입 사유,669.0,하락  1,-0.15,661.0,669.0,274808.0,180.0,162732.0,,,0.622351,2.42838247,"5,277.30",-161.57,-2.97,2026-03-30 15:50:01
191,태양광에너지,0.58,003010,혜인,테마 편입 사유,5430.0,하락  20,-0.37,5400.0,5430.0,36765.0,195.0,50984.0,,,0.622351,2.42838247,"5,277.30",-161.57,-2.97,2026-03-30 15:50:01
191,태양광에너지,0.58,002150,도화엔지니어링,테마 편입 사유,6300.0,하락  60,-0.94,6290.0,6300.0,58944.0,369.0,87714.0,,,0.622351,2.42838247,"5,277.30",-161.57,-2.97,2026-03-30 15:50:01
191,태양광에너지,0.58,003070,코오롱글로벌,테마 편입 사유,10680.0,하락  120,-1.11,10660.0,10680.0,52850.0,557.0,79473.0,,,0.622351,2.42838247,"5,277.30",-161.57,-2.97,2026-03-30 15:50:01
191,태양광에너지,0.58,121600,나노신소재 *,테마 편입 사유,67100.0,하락  800,-1.18,67100.0,67200.0,152397.0,10380.0,201002.0,,,0.622351,2.42838247,"5,277.30",-161.57,-2.97,2026-03-30 15:50:01
191,태양광에너지,0.58,126720,수산인더스트리,테마 편입 사유,26500.0,하락  350,-1.3,26500.0,26550.0,61549.0,1600.0,44086.0,,,0.622351,2.42838247,"5,277.30",-161.57,-2.97,2026-03-30 15:50:01
191,태양광에너지,0.58,078600,대주전자재료 *,테마 편입 사유,128300.0,"하락  1,900",-1.46,128200.0,128300.0,248157.0,31969.0,328361.0,,,0.622351,2.42838247,"5,277.30",-161.57,-2.97,2026-03-30 15:50:01
191,태양광에너지,0.58,115530,씨엔플러스 *,테마 편입 사유,297.0,하락  5,-1.66,297.0,298.0,8331358.0,2707.0,4106076.0,,,0.622351,2.42838247,"5,277.30",-161.57,-2.97,2026-03-30 15:50:01
191,태양광에너지,0.58,388050,지투파워 *,테마 편입 사유,10980.0,하락  210,-1.88,10980.0,10990.0,430967.0,4652.0,752591.0,,,0.622351,2.42838247,"5,277.30",-161.57,-2.97,2026-03-30 15:50:01
191,태양광에너지,0.58,000880,한화,테마 편입 사유,109300.0,"하락  2,200",-1.97,109200.0,109300.0,284358.0,30548.0,443414.0,,,0.622351,2.42838247,"5,277.30",-161.57,-2.97,2026-03-30 15:50:01
191,태양광에너지,0.58,109610,에스와이 *,테마 편입 사유,2645.0,하락  70,-2.58,2645.0,2650.0,99093.0,262.0,120569.0,,,0.622351,2.42838247,"5,277.30",-161.57,-2.97,2026-03-30 15:50:01
191,태양광에너지,0.58,012340,뉴인텍 *,테마 편입 사유,305.0,하락  9,-2.87,305.0,306.0,630160.0,193.0,747139.0,,,0.622351,2.42838247,"5,277.30",-161.57,-2.97,2026-03-30 15:50:01
191,태양광에너지,0.58,010120,LS ELECTRIC,테마 편입 사유,775000.0,"하락  26,000",-3.25,775000.0,776000.0,126605.0,97644.0,171991.0,,,0.622351,2.42838247,"5,277.30",-161.57,-2.97,2026-03-30 15:50:01
191,태양광에너지,0.58,083930,아바코 *,테마 편입 사유,12890.0,하락  470,-3.52,12860.0,12890.0,78325.0,1005.0,96537.0,,,0.622351,2.42838247,"5,277.30",-161.57,-2.97,2026-03-30 15:50:01
191,태양광에너지,0.58,028260,삼성물산,테마 편입 사유,259500.0,"하락  9,500",-3.53,259000.0,259500.0,583936.0,150787.0,683519.0,,,0.622351,2.42838247,"5,277.30",-161.57,-2.97,2026-03-30 15:50:01
191,태양광에너지,0.58,004710,한솔테크닉스,테마 편입 사유,4700.0,하락  180,-3.69,4700.0,4705.0,102184.0,477.0,101075.0,,,0.622351,2.42838247,"5,277.30",-161.57,-2.97,2026-03-30 15:50:01
191,태양광에너지,0.58,281740,레이크머티리얼즈 *,테마 편입 사유,19720.0,하락  780,-3.8,19710.0,19720.0,484985.0,9548.0,750184.0,,,0.622351,2.42838247,"5,277.30",-161.57,-2.97,2026-03-30 15:50:01
191,태양광에너지,0.58,015760,한국전력,테마 편입 사유,42200.0,"하락  1,700",-3.87,42150.0,42200.0,2837685.0,118715.0,2748626.0,,,0.622351,2.42838247,"5,277.30",-161.57,-2.97,2026-03-30 15:50:01
191,태양광에너지,0.58,140670,알에스오토메이션 *,테마 편입 사유,16250.0,하락  760,-4.47,16250.0,16300.0,162077.0,2618.0,168649.0,,,0.622351,2.42838247,"5,277.30",-161.57,-2.97,2026-03-30 15:50:01
191,태양광에너지,0.58,183300,코미코 *,테마 편입 사유,102600.0,"하락  4,900",-4.56,102500.0,102600.0,91259.0,9368.0,75288.0,,,0.622351,2.42838247,"5,277.30",-161.57,-2.97,2026-03-30 15:50:01
191,태양광에너지,0.58,083310,엘오티베큠 *,테마 편입 사유,12570.0,하락  610,-4.63,12560.0,12570.0,77459.0,971.0,88151.0,,,0.622351,2.42838247,"5,277.30",-161.57,-2.97,2026-03-30 15:50:01
191,태양광에너지,0.58,002380,KCC,테마 편입 사유,500000.0,"하락  25,000",-4.76,500000.0,501000.0,27001.0,13521.0,26648.0,,,0.622351,2.42838247,"5,277.30",-161.57,-2.97,2026-03-30 15:50:01
191,태양광에너지,0.58,086390,유니테스트 *,테마 편입 사유,16270.0,하락  920,-5.35,16270.0,16280.0,135269.0,2187.0,274651.0,,,0.622351,2.42838247,"5,277.30",-161.57,-2.97,2026-03-30 15:50:01
191,태양광에너지,0.58,240810,원익IPS *,테마 편입 사유,113200.0,"하락  7,800",-6.45,113200.0,113400.0,381134.0,43366.0,445191.0,,,0.622351,2.42838247,"5,277.30",-161.57,-2.97,2026-03-30 15:50:01
191,태양광에너지,0.58,313760,캐리 *,테마 편입 사유,531.0,하락  46,-7.97,531.0,534.0,485659.0,265.0,572830.0,,,0.622351,2.42838247,"5,277.30",-161.57,-2.97,2026-03-30 15:50:01
191,태양광에너지,0.58,036930,주성엔지니어링 *,테마 편입 사유,64200.0,"하락  5,800",-8.29,64100.0,64200.0,1092417.0,70598.0,1141295.0,,,0.622351,2.42838247,"5,277.30",-161.57,-2.97,2026-03-30 15:50:01
191,태양광에너지,0.58,017040,광명전기,테마 편입 사유,930.0,하락  95,-9.27,930.0,931.0,1349474.0,1293.0,471516.0,,,0.622351,2.42838247,"5,277.30",-161.57,-2.97,2026-03-30 15:50:01
323,셰일가스(Shale Gas),0.6,002360,SH에너지화학,테마 편입 사유,433.0,상승  28,6.91,433.0,434.0,16908625.0,7495.0,3493786.0,,,0.603403,2.3921069100000003,"5,277.30",-161.57,-2.97,2026-03-30 15:50:01
323,셰일가스(Shale Gas),0.6,018670,SK가스,테마 편입 사유,261000.0,"상승  14,500",5.88,261000.0,261500.0,57531.0,14870.0,23870.0,,,0.603403,2.3921069100000003,"5,277.30",-161.57,-2.97,2026-03-30 15:50:01
323,셰일가스(Shale Gas),0.6,100840,SNT에너지,테마 편입 사유,51000.0,"상승  2,800",5.81,50900.0,51000.0,817699.0,41523.0,332695.0,,,0.603403,2.3921069100000003,"5,277.30",-161.57,-2.97,2026-03-30 15:50:01
323,셰일가스(Shale Gas),0.6,047050,포스코인터내셔널,테마 편입 사유,75400.0,상승  900,1.21,75300.0,75400.0,678851.0,50741.0,975843.0,,,0.603403,2.3921069100000003,"5,277.30",-161.57,-2.97,2026-03-30 15:50:01
323,셰일가스(Shale Gas),0.6,083650,비에이치아이 *,테마 편입 사유,95700.0,상승  900,0.95,95700.0,95800.0,452292.0,42243.0,344085.0,,,0.603403,2.3921069100000003,"5,277.30",-161.57,-2.97,2026-03-30 15:50:01
323,셰일가스(Shale Gas),0.6,017940,E1,테마 편입 사유,101700.0,상승  200,0.2,101700.0,101800.0,23498.0,2397.0,27451.0,,,0.603403,2.3921069100000003,"5,277.30",-161.57,-2.97,2026-03-30 15:50:01
323,셰일가스(Shale Gas),0.6,036460,한국가스공사,테마 편입 사유,35100.0,하락  300,-0.85,35100.0,35150.0,150728.0,5219.0,220082.0,,,0.603403,2.3921069100000003,"5,277.30",-161.57,-2.97,2026-03-30 15:50:01
323,셰일가스(Shale Gas),0.6,101170,우림피티에스 *,테마 편입 사유,12990.0,하락  270,-2.04,12970.0,12990.0,57986.0,744.0,109156.0,,,0.603403,2.3921069100000003,"5,277.30",-161.57,-2.97,2026-03-30 15:50:01
323,셰일가스(Shale Gas),0.6,017960,한국카본,테마 편입 사유,39050.0,"하락  1,450",-3.58,39050.0,39100.0,460506.0,17962.0,540525.0,,,0.603403,2.3921069100000003,"5,277.30",-161.57,-2.97,2026-03-30 15:50:01
323,셰일가스(Shale Gas),0.6,015760,한국전력,테마 편입 사유,42200.0,"하락  1,700",-3.87,42150.0,42200.0,2837685.0,118715.0,2748626.0,,,0.603403,2.3921069100000003,"5,277.30",-161.57,-2.97,2026-03-30 15:50:01
323,셰일가스(Shale Gas),0.6,034020,두산에너빌리티,테마 편입 사유,94200.0,"하락  3,900",-3.98,94100.0,94200.0,2828561.0,263912.0,3549743.0,,,0.603403,2.3921069100000003,"5,277.30",-161.57,-2.97,2026-03-30 15:50:01
188,풍력에너지,0.42,389260,대명에너지 *,테마 편입 사유,24250.0,"상승  4,250",21.25,24200.0,24250.0,1988216.0,45564.0,355820.0,,,0.623109,2.27063373,"5,277.30",-161.57,-2.97,2026-03-30 15:50:01
188,풍력에너지,0.42,282720,금양그린파워 *,테마 편입 사유,17000.0,"상승  2,330",15.88,16990.0,17000.0,2391045.0,40237.0,249125.0,,,0.623109,2.27063373,"5,277.30",-161.57,-2.97,2026-03-30 15:50:01
188,풍력에너지,0.42,475150,SK이터닉스,테마 편입 사유,57900.0,"상승  5,500",10.5,57800.0,57900.0,3981142.0,222162.0,1434052.0,,,0.623109,2.27063373,"5,277.30",-161.57,-2.97,2026-03-30 15:50:01
188,풍력에너지,0.42,018000,유니슨 *,테마 편입 사유,1514.0,상승  114,8.14,1513.0,1514.0,10282627.0,15261.0,4067963.0,,,0.623109,2.27063373,"5,277.30",-161.57,-2.97,2026-03-30 15:50:01
188,풍력에너지,0.42,003030,세아제강지주,테마 편입 사유,201500.0,"상승  9,900",5.17,201500.0,202000.0,57069.0,11560.0,32977.0,,,0.623109,2.27063373,"5,277.30",-161.57,-2.97,2026-03-30 15:50:01
188,풍력에너지,0.42,112610,씨에스윈드,테마 편입 사유,63100.0,"상승  2,900",4.82,63000.0,63100.0,677738.0,41918.0,312281.0,,,0.623109,2.27063373,"5,277.30",-161.57,-2.97,2026-03-30 15:50:01
188,풍력에너지,0.42,297090,씨에스베어링 *,테마 편입 사유,8180.0,상승  350,4.47,8170.0,8180.0,514758.0,4153.0,286376.0,,,0.623109,2.27063373,"5,277.30",-161.57,-2.97,2026-03-30 15:50:01
188,풍력에너지,0.42,100130,동국S&C *,테마 편입 사유,2370.0,상승  95,4.18,2370.0,2375.0,463007.0,1085.0,318611.0,,,0.623109,2.27063373,"5,277.30",-161.57,-2.97,2026-03-30 15:50:01
188,풍력에너지,0.42,100090,SK오션플랜트,테마 편입 사유,27800.0,상승  950,3.54,27750.0,27800.0,1739281.0,48184.0,2048713.0,,,0.623109,2.27063373,"5,277.30",-161.57,-2.97,2026-03-30 15:50:01
188,풍력에너지,0.42,013810,스페코 *,테마 편입 사유,2710.0,상승  50,1.88,2705.0,2710.0,93937.0,250.0,96778.0,,,0.623109,2.27063373,"5,277.30",-161.57,-2.97,2026-03-30 15:50:01
188,풍력에너지,0.42,060370,LS마린솔루션 *,테마 편입 사유,28800.0,상승  400,1.41,28600.0,28800.0,148787.0,4252.0,123613.0,,,0.623109,2.27063373,"5,277.30",-161.57,-2.97,2026-03-30 15:50:01
188,풍력에너지,0.42,306200,세아제강,테마 편입 사유,130100.0,상승  900,0.7,130100.0,131100.0,16731.0,2193.0,14685.0,,,0.623109,2.27063373,"5,277.30",-161.57,-2.97,2026-03-30 15:50:01
188,풍력에너지,0.42,004440,삼일씨엔에스,테마 편입 사유,10070.0,상승  70,0.7,10060.0,10070.0,74231.0,730.0,776105.0,,,0.623109,2.27063373,"5,277.30",-161.57,-2.97,2026-03-30 15:50:01
188,풍력에너지,0.42,005490,POSCO홀딩스,테마 편입 사유,343000.0,보합0,0.0,342500.0,343000.0,295335.0,100531.0,276285.0,,,0.623109,2.27063373,"5,277.30",-161.57,-2.97,2026-03-30 15:50:01
188,풍력에너지,0.42,044490,태웅 *,테마 편입 사유,46900.0,하락  50,-0.11,46900.0,46950.0,282049.0,13009.0,440822.0,,,0.623109,2.27063373,"5,277.30",-161.57,-2.97,2026-03-30 15:50:01
188,풍력에너지,0.42,000720,현대건설,테마 편입 사유,148400.0,"하락  1,400",-0.93,148300.0,148400.0,855222.0,124618.0,1149192.0,,,0.623109,2.27063373,"5,277.30",-161.57,-2.97,2026-03-30 15:50:01
188,풍력에너지,0.42,100660,서암기계공업 *,테마 편입 사유,4290.0,하락  45,-1.04,4240.0,4290.0,11602.0,49.0,43039.0,,,0.623109,2.27063373,"5,277.30",-161.57,-2.97,2026-03-30 15:50:01
188,풍력에너지,0.42,003070,코오롱글로벌,테마 편입 사유,10680.0,하락  120,-1.11,10660.0,10680.0,52850.0,557.0,79473.0,,,0.623109,2.27063373,"5,277.30",-161.57,-2.97,2026-03-30 15:50:01
188,풍력에너지,0.42,052690,한전기술,테마 편입 사유,155200.0,"하락  1,800",-1.15,154900.0,155200.0,149458.0,22749.0,205195.0,,,0.623109,2.27063373,"5,277.30",-161.57,-2.97,2026-03-30 15:50:01
188,풍력에너지,0.42,115530,씨엔플러스 *,테마 편입 사유,297.0,하락  5,-1.66,297.0,298.0,8331358.0,2707.0,4106076.0,,,0.623109,2.27063373,"5,277.30",-161.57,-2.97,2026-03-30 15:50:01
188,풍력에너지,0.42,101170,우림피티에스 *,테마 편입 사유,12990.0,하락  270,-2.04,12970.0,12990.0,57986.0,744.0,109156.0,,,0.623109,2.27063373,"5,277.30",-161.57,-2.97,2026-03-30 15:50:01
188,풍력에너지,0.42,005160,동국산업 *,테마 편입 사유,3120.0,하락  65,-2.04,3115.0,3120.0,106423.0,333.0,223826.0,,,0.623109,2.27063373,"5,277.30",-161.57,-2.97,2026-03-30 15:50:01
188,풍력에너지,0.42,068790,DMS *,테마 편입 사유,7700.0,하락  170,-2.16,7690.0,7700.0,488061.0,3550.0,150228.0,,,0.623109,2.27063373,"5,277.30",-161.57,-2.97,2026-03-30 15:50:01
188,풍력에너지,0.42,024880,케이피에프 *,테마 편입 사유,6450.0,하락  150,-2.27,6450.0,6460.0,382761.0,2461.0,368473.0,,,0.623109,2.27063373,"5,277.30",-161.57,-2.97,2026-03-30 15:50:01
188,풍력에너지,0.42,119500,포메탈 *,테마 편입 사유,3820.0,하락  100,-2.55,3810.0,3820.0,58187.0,220.0,73895.0,,,0.623109,2.27063373,"5,277.30",-161.57,-2.97,2026-03-30 15:50:01
188,풍력에너지,0.42,006260,LS,테마 편입 사유,261000.0,"하락  7,000",-2.61,260500.0,261000.0,94543.0,24339.0,142220.0,,,0.623109,2.27063373,"5,277.30",-161.57,-2.97,2026-03-30 15:50:01
188,풍력에너지,0.42,015760,한국전력,테마 편입 사유,42200.0,"하락  1,700",-3.87,42150.0,42200.0,2837685.0,118715.0,2748626.0,,,0.623109,2.27063373,"5,277.30",-161.57,-2.97,2026-03-30 15:50:01
188,풍력에너지,0.42,054540,삼영엠텍 *,테마 편입 사유,10750.0,하락  440,-3.93,10740.0,10750.0,86711.0,922.0,128878.0,,,0.623109,2.27063373,"5,277.30",-161.57,-2.97,2026-03-30 15:50:01
188,풍력에너지,0.42,034020,두산에너빌리티,테마 편입 사유,94200.0,"하락  3,900",-3.98,94100.0,94200.0,2828561.0,263912.0,3549743.0,,,0.623109,2.27063373,"5,277.30",-161.57,-2.97,2026-03-30 15:50:01
188,풍력에너지,0.42,417200,LS머트리얼즈 *,테마 편입 사유,18350.0,하락  770,-4.03,18350.0,18370.0,1344500.0,24917.0,2386732.0,,,0.623109,2.27063373,"5,277.30",-161.57,-2.97,2026-03-30 15:50:01
188,풍력에너지,0.42,096350,대창솔루션 *,테마 편입 사유,3150.0,하락  135,-4.11,3145.0,3150.0,1363462.0,4277.0,1531594.0,,,0.623109,2.27063373,"5,277.30",-161.57,-2.97,2026-03-30 15:50:01
188,풍력에너지,0.42,075580,세진중공업,테마 편입 사유,16390.0,하락  710,-4.15,16360.0,16390.0,167670.0,2718.0,180673.0,,,0.623109,2.27063373,"5,277.30",-161.57,-2.97,2026-03-30 15:50:01
188,풍력에너지,0.42,004800,효성,테마 편입 사유,133200.0,"하락  6,400",-4.58,133200.0,133500.0,37771.0,5063.0,39668.0,,,0.623109,2.27063373,"5,277.30",-161.57,-2.97,2026-03-30 15:50:01
188,풍력에너지,0.42,229640,LS에코에너지,테마 편입 사유,42050.0,"하락  2,250",-5.08,42050.0,42100.0,89219.0,3774.0,189145.0,,,0.623109,2.27063373,"5,277.30",-161.57,-2.97,2026-03-30 15:50:01
188,풍력에너지,0.42,298040,효성중공업,테마 편입 사유,2503000.0,"하락  173,000",-6.46,2503000.0,2504000.0,53407.0,133017.0,65913.0,,,0.623109,2.27063373,"5,277.30",-161.57,-2.97,2026-03-30 15:50:01
188,풍력에너지,0.42,032820,우리기술 *,테마 편입 사유,21600.0,"하락  1,800",-7.69,21550.0,21600.0,13420463.0,291897.0,21858339.0,,,0.623109,2.27063373,"5,277.30",-161.57,-2.97,2026-03-30 15:50:01
546,마이코플라스마 폐렴,1.81,058110,멕아이씨에스 *,테마 편입 사유,2665.0,상한가  615,30.0,2665.0,0.0,631410.0,1642.0,93706.0,,,0.145236,2.24135092,"5,277.30",-161.57,-2.97,2026-03-30 15:50:01
546,마이코플라스마 폐렴,1.81,180400,DXVX *,테마 편입 사유,5090.0,상승  385,8.18,5080.0,5090.0,571916.0,2821.0,318223.0,,,0.145236,2.24135092,"5,277.30",-161.57,-2.97,2026-03-30 15:50:01
546,마이코플라스마 폐렴,1.81,330350,위더스제약 *,테마 편입 사유,8440.0,상승  90,1.08,8440.0,8460.0,130471.0,1099.0,84055.0,,,0.145236,2.24135092,"5,277.30",-161.57,-2.97,2026-03-30 15:50:01
546,마이코플라스마 폐렴,1.81,950130,엑세스바이오 *,테마 편입 사유,2860.0,상승  10,0.35,2860.0,2865.0,44255.0,127.0,25514.0,,,0.145236,2.24135092,"5,277.30",-161.57,-2.97,2026-03-30 15:50:01
546,마이코플라스마 폐렴,1.81,011040,경동제약 *,테마 편입 사유,5490.0,하락  20,-0.36,5480.0,5490.0,18924.0,103.0,29674.0,,,0.145236,2.24135092,"5,277.30",-161.57,-2.97,2026-03-30 15:50:01
546,마이코플라스마 폐렴,1.81,048530,인트론바이오 *,테마 편입 사유,4150.0,하락  40,-0.95,4145.0,4150.0,180352.0,743.0,278209.0,,,0.145236,2.24135092,"5,277.30",-161.57,-2.97,2026-03-30 15:50:01
546,마이코플라스마 폐렴,1.81,004720,팜젠사이언스,테마 편입 사유,3775.0,하락  40,-1.05,3745.0,3775.0,23929.0,89.0,34118.0,,,0.145236,2.24135092,"5,277.30",-161.57,-2.97,2026-03-30 15:50:01
546,마이코플라스마 폐렴,1.81,253840,수젠텍 *,테마 편입 사유,4665.0,하락  70,-1.48,4635.0,4665.0,54794.0,254.0,65530.0,,,0.145236,2.24135092,"5,277.30",-161.57,-2.97,2026-03-30 15:50:01
546,마이코플라스마 폐렴,1.81,009290,광동제약,테마 편입 사유,8690.0,하락  190,-2.14,8690.0,8710.0,251219.0,2164.0,344766.0,,,0.145236,2.24135092,"5,277.30",-161.57,-2.97,2026-03-30 15:50:01
546,마이코플라스마 폐렴,1.81,229000,젠큐릭스 *,테마 편입 사유,2595.0,하락  90,-3.35,2590.0,2595.0,531562.0,1367.0,544719.0,,,0.145236,2.24135092,"5,277.30",-161.57,-2.97,2026-03-30 15:50:01
546,마이코플라스마 폐렴,1.81,002720,국제약품,테마 편입 사유,4950.0,하락  180,-3.51,4945.0,4950.0,223397.0,1110.0,295553.0,,,0.145236,2.24135092,"5,277.30",-161.57,-2.97,2026-03-30 15:50:01
546,마이코플라스마 폐렴,1.81,307750,국전약품 *,테마 편입 사유,4380.0,하락  235,-5.09,4380.0,4385.0,588626.0,2595.0,1268944.0,,,0.145236,2.24135092,"5,277.30",-161.57,-2.97,2026-03-30 15:50:01
229,스마트그리드(지능형전력망),0.75,065770,CS *,테마 편입 사유,1215.0,상한가  280,29.95,1215.0,0.0,1967651.0,2270.0,1061646.0,,,0.50188,2.2405836,"5,277.30",-161.57,-2.97,2026-03-30 15:50:01
229,스마트그리드(지능형전력망),0.75,125210,아모그린텍 *,테마 편입 사유,7860.0,상승  700,9.78,7850.0,7860.0,843130.0,6653.0,59076.0,,,0.50188,2.2405836,"5,277.30",-161.57,-2.97,2026-03-30 15:50:01
229,스마트그리드(지능형전력망),0.75,082920,비츠로셀 *,테마 편입 사유,37150.0,"상승  2,400",6.91,37100.0,37150.0,1805851.0,66582.0,767676.0,,,0.50188,2.2405836,"5,277.30",-161.57,-2.97,2026-03-30 15:50:01
229,스마트그리드(지능형전력망),0.75,006490,인스코비,테마 편입 사유,256.0,상승  15,6.22,255.0,256.0,2281576.0,559.0,1678409.0,,,0.50188,2.2405836,"5,277.30",-161.57,-2.97,2026-03-30 15:50:01
229,스마트그리드(지능형전력망),0.75,002230,피에스텍 *,테마 편입 사유,9510.0,상승  350,3.82,9500.0,9510.0,222738.0,2039.0,218885.0,,,0.50188,2.2405836,"5,277.30",-161.57,-2.97,2026-03-30 15:50:01
229,스마트그리드(지능형전력망),0.75,052860,아이앤씨 *,테마 편입 사유,4465.0,상승  95,2.17,4455.0,4465.0,160977.0,692.0,173514.0,,,0.50188,2.2405836,"5,277.30",-161.57,-2.97,2026-03-30 15:50:01
229,스마트그리드(지능형전력망),0.75,015710,코콤 *,테마 편입 사유,3835.0,하락  25,-0.65,3800.0,3835.0,50521.0,192.0,68769.0,,,0.50188,2.2405836,"5,277.30",-161.57,-2.97,2026-03-30 15:50:01
229,스마트그리드(지능형전력망),0.75,054220,비츠로시스 *,테마 편입 사유,560.0,하락  5,-0.88,558.0,560.0,656420.0,362.0,1058104.0,,,0.50188,2.2405836,"5,277.30",-161.57,-2.97,2026-03-30 15:50:01
229,스마트그리드(지능형전력망),0.75,237750,피앤씨테크 *,테마 편입 사유,4670.0,하락  85,-1.79,4665.0,4670.0,16608.0,77.0,19826.0,,,0.50188,2.2405836,"5,277.30",-161.57,-2.97,2026-03-30 15:50:01
229,스마트그리드(지능형전력망),0.75,388050,지투파워 *,테마 편입 사유,10980.0,하락  210,-1.88,10980.0,10990.0,430967.0,4652.0,752591.0,,,0.50188,2.2405836,"5,277.30",-161.57,-2.97,2026-03-30 15:50:01
229,스마트그리드(지능형전력망),0.75,022100,포스코DX,테마 편입 사유,29900.0,하락  650,-2.13,29900.0,29950.0,253692.0,7519.0,434634.0,,,0.50188,2.2405836,"5,277.30",-161.57,-2.97,2026-03-30 15:50:01
229,스마트그리드(지능형전력망),0.75,189860,서전기전 *,테마 편입 사유,5880.0,하락  140,-2.33,5880.0,5890.0,313479.0,1808.0,328776.0,,,0.50188,2.2405836,"5,277.30",-161.57,-2.97,2026-03-30 15:50:01
229,스마트그리드(지능형전력망),0.75,010120,LS ELECTRIC,테마 편입 사유,775000.0,"하락  26,000",-3.25,775000.0,776000.0,126605.0,97644.0,171991.0,,,0.50188,2.2405836,"5,277.30",-161.57,-2.97,2026-03-30 15:50:01
229,스마트그리드(지능형전력망),0.75,001820,삼화콘덴서,테마 편입 사유,54200.0,"하락  1,900",-3.39,54200.0,54400.0,178806.0,9630.0,253903.0,,,0.50188,2.2405836,"5,277.30",-161.57,-2.97,2026-03-30 15:50:01
229,스마트그리드(지능형전력망),0.75,057540,옴니시스템 *,테마 편입 사유,806.0,하락  29,-3.47,806.0,809.0,135393.0,110.0,98144.0,,,0.50188,2.2405836,"5,277.30",-161.57,-2.97,2026-03-30 15:50:01
229,스마트그리드(지능형전력망),0.75,099440,스맥 *,테마 편입 사유,4780.0,하락  180,-3.63,4775.0,4780.0,422696.0,2023.0,379567.0,,,0.50188,2.2405836,"5,277.30",-161.57,-2.97,2026-03-30 15:50:01
229,스마트그리드(지능형전력망),0.75,015860,일진홀딩스,테마 편입 사유,6750.0,하락  330,-4.66,6750.0,6760.0,77841.0,524.0,127261.0,,,0.50188,2.2405836,"5,277.30",-161.57,-2.97,2026-03-30 15:50:01
229,스마트그리드(지능형전력망),0.75,130660,한전산업,테마 편입 사유,18210.0,하락  930,-4.86,18210.0,18220.0,327926.0,5945.0,413637.0,,,0.50188,2.2405836,"5,277.30",-161.57,-2.97,2026-03-30 15:50:01
229,스마트그리드(지능형전력망),0.75,103590,일진전기,테마 편입 사유,71200.0,"하락  3,900",-5.19,71200.0,71300.0,173065.0,12281.0,323890.0,,,0.50188,2.2405836,"5,277.30",-161.57,-2.97,2026-03-30 15:50:01
229,스마트그리드(지능형전력망),0.75,040160,누리플렉스 *,테마 편입 사유,9910.0,하락  610,-5.8,9900.0,9910.0,94546.0,943.0,111762.0,,,0.50188,2.2405836,"5,277.30",-161.57,-2.97,2026-03-30 15:50:01
177,LPG(액화석유가스),0.49,018670,SK가스,테마 편입 사유,261000.0,"상승  14,500",5.88,261000.0,261500.0,57531.0,14870.0,23870.0,,,0.490787,1.94763739,"5,277.30",-161.57,-2.97,2026-03-30 15:50:01
177,LPG(액화석유가스),0.49,024060,흥구석유 *,테마 편입 사유,20550.0,상승  620,3.11,20500.0,20550.0,4333677.0,92902.0,5890912.0,,,0.490787,1.94763739,"5,277.30",-161.57,-2.97,2026-03-30 15:50:01
177,LPG(액화석유가스),0.49,096770,SK이노베이션,테마 편입 사유,113400.0,"상승  2,000",1.8,113300.0,113400.0,494379.0,55633.0,310314.0,,,0.490787,1.94763739,"5,277.30",-161.57,-2.97,2026-03-30 15:50:01
177,LPG(액화석유가스),0.49,000440,중앙에너비스 *,테마 편입 사유,23650.0,상승  250,1.07,23650.0,23700.0,308328.0,7638.0,261965.0,,,0.490787,1.94763739,"5,277.30",-161.57,-2.97,2026-03-30 15:50:01
177,LPG(액화석유가스),0.49,014530,극동유화,테마 편입 사유,3800.0,상승  25,0.66,3800.0,3805.0,1110729.0,4264.0,809020.0,,,0.490787,1.94763739,"5,277.30",-161.57,-2.97,2026-03-30 15:50:01
177,LPG(액화석유가스),0.49,010950,S-Oil,테마 편입 사유,110100.0,상승  400,0.36,109400.0,110100.0,390212.0,42747.0,408328.0,,,0.490787,1.94763739,"5,277.30",-161.57,-2.97,2026-03-30 15:50:01
177,LPG(액화석유가스),0.49,017940,E1,테마 편입 사유,101700.0,상승  200,0.2,101700.0,101800.0,23498.0,2397.0,27451.0,,,0.490787,1.94763739,"5,277.30",-161.57,-2.97,2026-03-30 15:50:01
177,LPG(액화석유가스),0.49,078930,GS,테마 편입 사유,65900.0,"하락  2,000",-2.95,65500.0,65900.0,214787.0,14094.0,202401.0,,,0.490787,1.94763739,"5,277.30",-161.57,-2.97,2026-03-30 15:50:01
177,LPG(액화석유가스),0.49,128820,대성산업,테마 편입 사유,6640.0,하락  400,-5.68,6640.0,6670.0,382530.0,2550.0,386192.0,,,0.490787,1.94763739,"5,277.30",-161.57,-2.97,2026-03-30 15:50:01
185,정유,-0.26,096770,SK이노베이션,테마 편입 사유,113400.0,"상승  2,000",1.8,113300.0,113400.0,494379.0,55633.0,310314.0,,,0.656208,1.6889377600000002,"5,277.30",-161.57,-2.97,2026-03-30 15:50:01
185,정유,-0.26,010950,S-Oil,테마 편입 사유,110100.0,상승  400,0.36,109400.0,110100.0,390212.0,42747.0,408328.0,,,0.656208,1.6889377600000002,"5,277.30",-161.57,-2.97,2026-03-30 15:50:01
185,정유,-0.26,078930,GS,테마 편입 사유,65900.0,"하락  2,000",-2.95,65500.0,65900.0,214787.0,14094.0,202401.0,,,0.656208,1.6889377600000002,"5,277.30",-161.57,-2.97,2026-03-30 15:50:01
60,육계,1.11,066360,체리부로 *,테마 편입 사유,1147.0,상승  78,7.3,1144.0,1147.0,640503.0,708.0,128712.0,,,0.179797,1.64399709,"5,277.30",-161.57,-2.97,2026-03-30 15:50:01
60,육계,1.11,027710,팜스토리 *,테마 편입 사유,1342.0,상승  35,2.68,1341.0,1342.0,1513457.0,2001.0,614364.0,,,0.179797,1.64399709,"5,277.30",-161.57,-2.97,2026-03-30 15:50:01
60,육계,1.11,027740,마니커,테마 편입 사유,818.0,상승  8,0.99,817.0,818.0,532161.0,435.0,161282.0,,,0.179797,1.64399709,"5,277.30",-161.57,-2.97,2026-03-30 15:50:01
60,육계,1.11,195500,마니커에프앤지 *,테마 편입 사유,2670.0,상승  15,0.56,2665.0,2670.0,53887.0,143.0,32995.0,,,0.179797,1.64399709,"5,277.30",-161.57,-2.97,2026-03-30 15:50:01
60,육계,1.11,136480,하림 *,테마 편입 사유,3230.0,상승  10,0.31,3230.0,3235.0,942041.0,3029.0,465889.0,,,0.179797,1.64399709,"5,277.30",-161.57,-2.97,2026-03-30 15:50:01
60,육계,1.11,088910,동우팜투테이블 *,테마 편입 사유,2410.0,상승  5,0.21,2410.0,2420.0,61217.0,146.0,23582.0,,,0.179797,1.64399709,"5,277.30",-161.57,-2.97,2026-03-30 15:50:01
60,육계,1.11,290720,푸드나무 *,테마 편입 사유,3040.0,하락  5,-0.16,3030.0,3050.0,40550.0,122.0,58957.0,,,0.179797,1.64399709,"5,277.30",-161.57,-2.97,2026-03-30 15:50:01
60,육계,1.11,035810,이지홀딩스 *,테마 편입 사유,5610.0,하락  10,-0.18,5600.0,5610.0,345263.0,1907.0,257615.0,,,0.179797,1.64399709,"5,277.30",-161.57,-2.97,2026-03-30 15:50:01
60,육계,1.11,339770,교촌에프앤비,테마 편입 사유,4085.0,하락  70,-1.68,4085.0,4115.0,110078.0,449.0,71051.0,,,0.179797,1.64399709,"5,277.30",-161.57,-2.97,2026-03-30 15:50:01
559,고체산화물 연료전지(SOFC),-1.2,282720,금양그린파워 *,테마 편입 사유,17000.0,"상승  2,330",15.88,16990.0,17000.0,2391045.0,40237.0,249125.0,,,0.953675,1.6324147500000004,"5,277.30",-161.57,-2.97,2026-03-30 15:50:01
559,고체산화물 연료전지(SOFC),-1.2,475150,SK이터닉스,테마 편입 사유,57900.0,"상승  5,500",10.5,57800.0,57900.0,3981142.0,222162.0,1434052.0,,,0.953675,1.6324147500000004,"5,277.30",-161.57,-2.97,2026-03-30 15:50:01
559,고체산화물 연료전지(SOFC),-1.2,083650,비에이치아이 *,테마 편입 사유,95700.0,상승  900,0.95,95700.0,95800.0,452292.0,42243.0,344085.0,,,0.953675,1.6324147500000004,"5,277.30",-161.57,-2.97,2026-03-30 15:50:01
559,고체산화물 연료전지(SOFC),-1.2,452280,한선엔지니어링 *,테마 편입 사유,13310.0,하락  310,-2.28,13310.0,13320.0,394962.0,5000.0,187099.0,,,0.953675,1.6324147500000004,"5,277.30",-161.57,-2.97,2026-03-30 15:50:01
559,고체산화물 연료전지(SOFC),-1.2,382900,범한퓨얼셀 *,테마 편입 사유,27100.0,"하락  1,050",-3.73,27050.0,27100.0,30636.0,823.0,29475.0,,,0.953675,1.6324147500000004,"5,277.30",-161.57,-2.97,2026-03-30 15:50:01
559,고체산화물 연료전지(SOFC),-1.2,417200,LS머트리얼즈 *,테마 편입 사유,18350.0,하락  770,-4.03,18350.0,18370.0,1344500.0,24917.0,2386732.0,,,0.953675,1.6324147500000004,"5,277.30",-161.57,-2.97,2026-03-30 15:50:01
559,고체산화물 연료전지(SOFC),-1.2,059090,미코 *,테마 편입 사유,12970.0,하락  610,-4.49,12960.0,12970.0,198962.0,2591.0,223748.0,,,0.953675,1.6324147500000004,"5,277.30",-161.57,-2.97,2026-03-30 15:50:01
559,고체산화물 연료전지(SOFC),-1.2,357580,아모센스 *,테마 편입 사유,18410.0,하락  920,-4.76,18410.0,18420.0,337326.0,5993.0,219849.0,,,0.953675,1.6324147500000004,"5,277.30",-161.57,-2.97,2026-03-30 15:50:01
559,고체산화물 연료전지(SOFC),-1.2,336260,두산퓨얼셀,테마 편입 사유,36050.0,"하락  2,100",-5.5,36000.0,36050.0,353038.0,12744.0,382533.0,,,0.953675,1.6324147500000004,"5,277.30",-161.57,-2.97,2026-03-30 15:50:01
559,고체산화물 연료전지(SOFC),-1.2,170920,엘티씨 *,테마 편입 사유,31900.0,"하락  2,050",-6.04,31600.0,31900.0,269985.0,8401.0,175607.0,,,0.953675,1.6324147500000004,"5,277.30",-161.57,-2.97,2026-03-30 15:50:01
559,고체산화물 연료전지(SOFC),-1.2,089890,코세스 *,테마 편입 사유,20100.0,"하락  2,150",-9.66,20100.0,20150.0,254902.0,5156.0,145253.0,,,0.953675,1.6324147500000004,"5,277.30",-161.57,-2.97,2026-03-30 15:50:01
556,뉴로모픽 반도체,-1.59,092600,앤씨앤 *,테마 편입 사유,870.0,상승  119,15.85,868.0,870.0,8814723.0,8169.0,922019.0,,,1.083941,1.6293047700000003,"5,277.30",-161.57,-2.97,2026-03-30 15:50:01
556,뉴로모픽 반도체,-1.59,445090,에이직랜드 *,테마 편입 사유,27600.0,상승  400,1.47,27550.0,27600.0,54416.0,1516.0,31109.0,,,1.083941,1.6293047700000003,"5,277.30",-161.57,-2.97,2026-03-30 15:50:01
556,뉴로모픽 반도체,-1.59,005930,삼성전자,테마 편입 사유,176300.0,"하락  3,400",-1.89,176300.0,176400.0,22024270.0,3837281.0,29138966.0,,,1.083941,1.6293047700000003,"5,277.30",-161.57,-2.97,2026-03-30 15:50:01
556,뉴로모픽 반도체,-1.59,033640,네패스 *,테마 편입 사유,17810.0,하락  500,-2.73,17800.0,17810.0,256070.0,4533.0,174230.0,,,1.083941,1.6293047700000003,"5,277.30",-161.57,-2.97,2026-03-30 15:50:01
556,뉴로모픽 반도체,-1.59,389020,자람테크놀로지 *,테마 편입 사유,49850.0,"하락  3,450",-6.47,49850.0,49900.0,131318.0,6513.0,142299.0,,,1.083941,1.6293047700000003,"5,277.30",-161.57,-2.97,2026-03-30 15:50:01
556,뉴로모픽 반도체,-1.59,394280,오픈엣지테크놀로지 *,테마 편입 사유,16200.0,"하락  1,420",-8.06,16190.0,16200.0,255634.0,4168.0,493707.0,,,1.083941,1.6293047700000003,"5,277.30",-161.57,-2.97,2026-03-30 15:50:01
556,뉴로모픽 반도체,-1.59,330860,네패스아크 *,테마 편입 사유,22900.0,"하락  2,350",-9.31,22900.0,22950.0,416055.0,9666.0,412103.0,,,1.083941,1.6293047700000003,"5,277.30",-161.57,-2.97,2026-03-30 15:50:01
223,강관업체(Steel pipe),0.3,005010,휴스틸,테마 편입 사유,5460.0,상승  220,4.2,5460.0,5470.0,1997841.0,11047.0,839296.0,,,0.433156,1.58647332,"5,277.30",-161.57,-2.97,2026-03-30 15:50:01
223,강관업체(Steel pipe),0.3,100090,SK오션플랜트,테마 편입 사유,27800.0,상승  950,3.54,27750.0,27800.0,1739281.0,48184.0,2048713.0,,,0.433156,1.58647332,"5,277.30",-161.57,-2.97,2026-03-30 15:50:01
223,강관업체(Steel pipe),0.3,008970,KBI동양철관,테마 편입 사유,1721.0,상승  13,0.76,1719.0,1721.0,603492.0,1028.0,658993.0,,,0.433156,1.58647332,"5,277.30",-161.57,-2.97,2026-03-30 15:50:01
223,강관업체(Steel pipe),0.3,071090,하이스틸,테마 편입 사유,3470.0,상승  25,0.73,3440.0,3470.0,115451.0,398.0,94772.0,,,0.433156,1.58647332,"5,277.30",-161.57,-2.97,2026-03-30 15:50:01
223,강관업체(Steel pipe),0.3,306200,세아제강,테마 편입 사유,130100.0,상승  900,0.7,130100.0,131100.0,16731.0,2193.0,14685.0,,,0.433156,1.58647332,"5,277.30",-161.57,-2.97,2026-03-30 15:50:01
223,강관업체(Steel pipe),0.3,092790,넥스틸,테마 편입 사유,11420.0,상승  50,0.44,11420.0,11430.0,137253.0,1565.0,105111.0,,,0.433156,1.58647332,"5,277.30",-161.57,-2.97,2026-03-30 15:50:01
223,강관업체(Steel pipe),0.3,000970,한국주철관,테마 편입 사유,6740.0,하락  10,-0.15,6720.0,6740.0,21287.0,142.0,49845.0,,,0.433156,1.58647332,"5,277.30",-161.57,-2.97,2026-03-30 15:50:01
223,강관업체(Steel pipe),0.3,263770,유에스티 *,테마 편입 사유,1920.0,하락  10,-0.52,1920.0,1921.0,11417.0,22.0,38499.0,,,0.433156,1.58647332,"5,277.30",-161.57,-2.97,2026-03-30 15:50:01
223,강관업체(Steel pipe),0.3,014280,금강공업,테마 편입 사유,4815.0,하락  90,-1.83,4810.0,4815.0,68082.0,323.0,117045.0,,,0.433156,1.58647332,"5,277.30",-161.57,-2.97,2026-03-30 15:50:01
223,강관업체(Steel pipe),0.3,146060,율촌 *,테마 편입 사유,1490.0,하락  29,-1.91,1489.0,1490.0,46202.0,68.0,68010.0,,,0.433156,1.58647332,"5,277.30",-161.57,-2.97,2026-03-30 15:50:01
223,강관업체(Steel pipe),0.3,009730,이렘 *,테마 편입 사유,545.0,하락  15,-2.68,545.0,546.0,343600.0,190.0,146152.0,,,0.433156,1.58647332,"5,277.30",-161.57,-2.97,2026-03-30 15:50:01
400,조림사업,0.95,137950,제이씨케미칼 *,테마 편입 사유,5350.0,상승  665,14.19,5340.0,5350.0,13715870.0,75427.0,6528462.0,,,0.186854,1.5049563799999999,"5,277.30",-161.57,-2.97,2026-03-30 15:50:01
400,조림사업,0.95,097870,효성오앤비 *,테마 편입 사유,6400.0,상승  140,2.24,6360.0,6400.0,391473.0,2543.0,215046.0,,,0.186854,1.5049563799999999,"5,277.30",-161.57,-2.97,2026-03-30 15:50:01
400,조림사업,0.95,025950,동신건설 *,테마 편입 사유,15170.0,상승  280,1.88,15170.0,15180.0,42669.0,638.0,25399.0,,,0.186854,1.5049563799999999,"5,277.30",-161.57,-2.97,2026-03-30 15:50:01
400,조림사업,0.95,039020,이건홀딩스 *,테마 편입 사유,3260.0,상승  50,1.56,3260.0,3270.0,92220.0,295.0,106934.0,,,0.186854,1.5049563799999999,"5,277.30",-161.57,-2.97,2026-03-30 15:50:01
400,조림사업,0.95,009580,무림P&P,테마 편입 사유,2830.0,상승  25,0.89,2830.0,2835.0,1045366.0,3024.0,2750006.0,,,0.186854,1.5049563799999999,"5,277.30",-161.57,-2.97,2026-03-30 15:50:01
400,조림사업,0.95,025750,한솔홈데코,테마 편입 사유,550.0,상승  2,0.36,550.0,551.0,319008.0,173.0,169210.0,,,0.186854,1.5049563799999999,"5,277.30",-161.57,-2.97,2026-03-30 15:50:01
400,조림사업,0.95,002820,SUN&L,테마 편입 사유,2335.0,보합0,0.0,2330.0,2335.0,13007.0,30.0,8009.0,,,0.186854,1.5049563799999999,"5,277.30",-161.57,-2.97,2026-03-30 15:50:01
400,조림사업,0.95,000180,성창기업지주,테마 편입 사유,1452.0,하락  15,-1.02,1452.0,1454.0,79331.0,114.0,120515.0,,,0.186854,1.5049563799999999,"5,277.30",-161.57,-2.97,2026-03-30 15:50:01
400,조림사업,0.95,034730,SK,테마 편입 사유,324500.0,"하락  9,500",-2.84,324500.0,325000.0,136412.0,43752.0,108664.0,,,0.186854,1.5049563799999999,"5,277.30",-161.57,-2.97,2026-03-30 15:50:01
400,조림사업,0.95,043910,자연과환경 *,테마 편입 사유,481.0,하락  15,-3.02,477.0,481.0,499457.0,240.0,493778.0,,,0.186854,1.5049563799999999,"5,277.30",-161.57,-2.97,2026-03-30 15:50:01
400,조림사업,0.95,008250,이건산업,테마 편입 사유,3805.0,하락  150,-3.79,3805.0,3815.0,14927.0,56.0,24460.0,,,0.186854,1.5049563799999999,"5,277.30",-161.57,-2.97,2026-03-30 15:50:01
36,해운,0.61,003280,흥아해운,테마 편입 사유,3065.0,상승  115,3.9,3060.0,3065.0,77815707.0,257757.0,32624200.0,,,0.287513,1.46391361,"5,277.30",-161.57,-2.97,2026-03-30 15:50:01
36,해운,0.61,044450,KSS해운,테마 편입 사유,10750.0,상승  250,2.38,10740.0,10750.0,276571.0,2931.0,89280.0,,,0.287513,1.46391361,"5,277.30",-161.57,-2.97,2026-03-30 15:50:01
36,해운,0.61,465770,STX그린로지스,테마 편입 사유,6050.0,상승  50,0.83,6040.0,6050.0,170805.0,1063.0,159108.0,,,0.287513,1.46391361,"5,277.30",-161.57,-2.97,2026-03-30 15:50:01
36,해운,0.61,028670,팬오션,테마 편입 사유,4875.0,하락  25,-0.51,4865.0,4875.0,1720080.0,8271.0,2405013.0,,,0.287513,1.46391361,"5,277.30",-161.57,-2.97,2026-03-30 15:50:01
36,해운,0.61,011200,HMM,테마 편입 사유,19550.0,하락  110,-0.56,19500.0,19550.0,997595.0,19301.0,1462587.0,,,0.287513,1.46391361,"5,277.30",-161.57,-2.97,2026-03-30 15:50:01
36,해운,0.61,005880,대한해운,테마 편입 사유,2260.0,하락  55,-2.38,2260.0,2265.0,10196580.0,23427.0,8491923.0,,,0.287513,1.46391361,"5,277.30",-161.57,-2.97,2026-03-30 15:50:01
527,윤활유,0.15,024060,흥구석유 *,테마 편입 사유,20550.0,상승  620,3.11,20500.0,20550.0,4333677.0,92902.0,5890912.0,,,0.390276,1.30911972,"5,277.30",-161.57,-2.97,2026-03-30 15:50:01
527,윤활유,0.15,096770,SK이노베이션,테마 편입 사유,113400.0,"상승  2,000",1.8,113300.0,113400.0,494379.0,55633.0,310314.0,,,0.390276,1.30911972,"5,277.30",-161.57,-2.97,2026-03-30 15:50:01
527,윤활유,0.15,014530,극동유화,테마 편입 사유,3800.0,상승  25,0.66,3800.0,3805.0,1110729.0,4264.0,809020.0,,,0.390276,1.30911972,"5,277.30",-161.57,-2.97,2026-03-30 15:50:01
527,윤활유,0.15,010950,S-Oil,테마 편입 사유,110100.0,상승  400,0.36,109400.0,110100.0,390212.0,42747.0,408328.0,,,0.390276,1.30911972,"5,277.30",-161.57,-2.97,2026-03-30 15:50:01
527,윤활유,0.15,003650,미창석유,테마 편입 사유,111500.0,"하락  1,000",-0.89,111100.0,111500.0,1174.0,130.0,3358.0,,,0.390276,1.30911972,"5,277.30",-161.57,-2.97,2026-03-30 15:50:01
527,윤활유,0.15,002960,한국쉘석유,테마 편입 사유,475000.0,"하락  5,000",-1.04,474000.0,475000.0,1856.0,883.0,1791.0,,,0.390276,1.30911972,"5,277.30",-161.57,-2.97,2026-03-30 15:50:01
527,윤활유,0.15,078930,GS,테마 편입 사유,65900.0,"하락  2,000",-2.95,65500.0,65900.0,214787.0,14094.0,202401.0,,,0.390276,1.30911972,"5,277.30",-161.57,-2.97,2026-03-30 15:50:01
313,남-북-러 가스관사업,-0.07,005010,휴스틸,테마 편입 사유,5460.0,상승  220,4.2,5460.0,5470.0,1997841.0,11047.0,839296.0,,,0.425606,1.19404982,"5,277.30",-161.57,-2.97,2026-03-30 15:50:01
313,남-북-러 가스관사업,-0.07,100090,SK오션플랜트,테마 편입 사유,27800.0,상승  950,3.54,27750.0,27800.0,1739281.0,48184.0,2048713.0,,,0.425606,1.19404982,"5,277.30",-161.57,-2.97,2026-03-30 15:50:01
313,남-북-러 가스관사업,-0.07,008970,KBI동양철관,테마 편입 사유,1721.0,상승  13,0.76,1719.0,1721.0,603492.0,1028.0,658993.0,,,0.425606,1.19404982,"5,277.30",-161.57,-2.97,2026-03-30 15:50:01
313,남-북-러 가스관사업,-0.07,071090,하이스틸,테마 편입 사유,3470.0,상승  25,0.73,3440.0,3470.0,115451.0,398.0,94772.0,,,0.425606,1.19404982,"5,277.30",-161.57,-2.97,2026-03-30 15:50:01
313,남-북-러 가스관사업,-0.07,306200,세아제강,테마 편입 사유,130100.0,상승  900,0.7,130100.0,131100.0,16731.0,2193.0,14685.0,,,0.425606,1.19404982,"5,277.30",-161.57,-2.97,2026-03-30 15:50:01
313,남-북-러 가스관사업,-0.07,026940,부국철강,테마 편입 사유,1998.0,상승  1,0.05,1998.0,2000.0,31538.0,62.0,31376.0,,,0.425606,1.19404982,"5,277.30",-161.57,-2.97,2026-03-30 15:50:01
313,남-북-러 가스관사업,-0.07,008420,문배철강,테마 편입 사유,2285.0,보합0,0.0,2280.0,2285.0,27588.0,62.0,65186.0,,,0.425606,1.19404982,"5,277.30",-161.57,-2.97,2026-03-30 15:50:01
313,남-북-러 가스관사업,-0.07,017480,삼현철강 *,테마 편입 사유,4600.0,하락  15,-0.33,4595.0,4600.0,12302.0,56.0,10129.0,,,0.425606,1.19404982,"5,277.30",-161.57,-2.97,2026-03-30 15:50:01
313,남-북-러 가스관사업,-0.07,039610,화성밸브 *,테마 편입 사유,7630.0,하락  50,-0.65,7630.0,7690.0,26866.0,205.0,40119.0,,,0.425606,1.19404982,"5,277.30",-161.57,-2.97,2026-03-30 15:50:01
313,남-북-러 가스관사업,-0.07,085310,엔케이,테마 편입 사유,1077.0,하락  10,-0.92,1068.0,1077.0,263620.0,281.0,423314.0,,,0.425606,1.19404982,"5,277.30",-161.57,-2.97,2026-03-30 15:50:01
313,남-북-러 가스관사업,-0.07,060380,동양에스텍 *,테마 편입 사유,1393.0,하락  17,-1.21,1393.0,1394.0,13580.0,19.0,10027.0,,,0.425606,1.19404982,"5,277.30",-161.57,-2.97,2026-03-30 15:50:01
313,남-북-러 가스관사업,-0.07,048470,대동스틸 *,테마 편입 사유,3205.0,하락  40,-1.23,3205.0,3210.0,36121.0,115.0,79719.0,,,0.425606,1.19404982,"5,277.30",-161.57,-2.97,2026-03-30 15:50:01
313,남-북-러 가스관사업,-0.07,105740,디케이락 *,테마 편입 사유,9370.0,하락  280,-2.9,9350.0,9370.0,47385.0,440.0,60323.0,,,0.425606,1.19404982,"5,277.30",-161.57,-2.97,2026-03-30 15:50:01
313,남-북-러 가스관사업,-0.07,095190,이엠코리아 *,테마 편입 사유,2175.0,하락  85,-3.76,2170.0,2175.0,199703.0,434.0,125409.0,,,0.425606,1.19404982,"5,277.30",-161.57,-2.97,2026-03-30 15:50:01
511,니켈,0.01,373220,LG에너지솔루션,테마 편입 사유,410000.0,"상승  15,500",3.93,409500.0,410000.0,747897.0,303854.0,372863.0,,,0.35488,1.0639936,"5,277.30",-161.57,-2.97,2026-03-30 15:50:01
511,니켈,0.01,051910,LG화학,테마 편입 사유,322000.0,"상승  9,000",2.88,321500.0,322000.0,387305.0,124114.0,239600.0,,,0.35488,1.0639936,"5,277.30",-161.57,-2.97,2026-03-30 15:50:01
511,니켈,0.01,081150,티플랙스 *,테마 편입 사유,3440.0,상승  80,2.38,3420.0,3440.0,351445.0,1194.0,229352.0,,,0.35488,1.0639936,"5,277.30",-161.57,-2.97,2026-03-30 15:50:01
511,니켈,0.01,011230,삼화전자,테마 편입 사유,2605.0,상승  55,2.16,2600.0,2605.0,61979.0,157.0,18070.0,,,0.35488,1.0639936,"5,277.30",-161.57,-2.97,2026-03-30 15:50:01
511,니켈,0.01,047050,포스코인터내셔널,테마 편입 사유,75400.0,상승  900,1.21,75300.0,75400.0,678851.0,50741.0,975843.0,,,0.35488,1.0639936,"5,277.30",-161.57,-2.97,2026-03-30 15:50:01
511,니켈,0.01,001120,LX인터내셔널,테마 편입 사유,46950.0,상승  550,1.19,46900.0,46950.0,209946.0,9814.0,270584.0,,,0.35488,1.0639936,"5,277.30",-161.57,-2.97,2026-03-30 15:50:01
511,니켈,0.01,377330,이지트로닉스 *,테마 편입 사유,3130.0,상승  5,0.16,3125.0,3130.0,4598.0,14.0,7668.0,,,0.35488,1.0639936,"5,277.30",-161.57,-2.97,2026-03-30 15:50:01
511,니켈,0.01,005490,POSCO홀딩스,테마 편입 사유,343000.0,보합0,0.0,342500.0,343000.0,295335.0,100531.0,276285.0,,,0.35488,1.0639936,"5,277.30",-161.57,-2.97,2026-03-30 15:50:01
511,니켈,0.01,263770,유에스티 *,테마 편입 사유,1920.0,하락  10,-0.52,1920.0,1921.0,11417.0,22.0,38499.0,,,0.35488,1.0639936,"5,277.30",-161.57,-2.97,2026-03-30 15:50:01
511,니켈,0.01,080010,이상네트웍스 *,테마 편입 사유,6520.0,하락  70,-1.06,6470.0,6520.0,11837.0,76.0,2955.0,,,0.35488,1.0639936,"5,277.30",-161.57,-2.97,2026-03-30 15:50:01
511,니켈,0.01,450080,에코프로머티,테마 편입 사유,72100.0,"하락  1,300",-1.77,72000.0,72100.0,1385046.0,100108.0,1977175.0,,,0.35488,1.0639936,"5,277.30",-161.57,-2.97,2026-03-30 15:50:01
511,니켈,0.01,032560,황금에스티,테마 편입 사유,5810.0,하락  160,-2.68,5810.0,5820.0,37260.0,215.0,32176.0,,,0.35488,1.0639936,"5,277.30",-161.57,-2.97,2026-03-30 15:50:01
511,니켈,0.01,009190,대양금속,테마 편입 사유,1230.0,하락  41,-3.23,1230.0,1232.0,103998.0,129.0,239889.0,,,0.35488,1.0639936,"5,277.30",-161.57,-2.97,2026-03-30 15:50:01
511,니켈,0.01,004560,현대비앤지스틸,테마 편입 사유,15110.0,하락  710,-4.49,15110.0,15120.0,91136.0,1371.0,108329.0,,,0.35488,1.0639936,"5,277.30",-161.57,-2.97,2026-03-30 15:50:01
205,원자력발전,-1.16,053690,한미글로벌,테마 편입 사유,30500.0,"상승  4,400",16.86,30450.0,30500.0,3841461.0,115996.0,413875.0,,,0.73439,1.0211383000000003,"5,277.30",-161.57,-2.97,2026-03-30 15:50:01
205,원자력발전,-1.16,282720,금양그린파워 *,테마 편입 사유,17000.0,"상승  2,330",15.88,16990.0,17000.0,2391045.0,40237.0,249125.0,,,0.73439,1.0211383000000003,"5,277.30",-161.57,-2.97,2026-03-30 15:50:01
205,원자력발전,-1.16,100840,SNT에너지,테마 편입 사유,51000.0,"상승  2,800",5.81,50900.0,51000.0,817699.0,41523.0,332695.0,,,0.73439,1.0211383000000003,"5,277.30",-161.57,-2.97,2026-03-30 15:50:01
205,원자력발전,-1.16,375500,DL이앤씨,테마 편입 사유,69200.0,"상승  3,400",5.17,69100.0,69200.0,1578446.0,103949.0,1465022.0,,,0.73439,1.0211383000000003,"5,277.30",-161.57,-2.97,2026-03-30 15:50:01
205,원자력발전,-1.16,098070,한텍 *,테마 편입 사유,47300.0,"상승  1,400",3.05,47300.0,47350.0,382839.0,18206.0,200465.0,,,0.73439,1.0211383000000003,"5,277.30",-161.57,-2.97,2026-03-30 15:50:01
205,원자력발전,-1.16,014620,성광벤드 *,테마 편입 사유,34050.0,상승  900,2.71,34050.0,34100.0,355513.0,12138.0,139005.0,,,0.73439,1.0211383000000003,"5,277.30",-161.57,-2.97,2026-03-30 15:50:01
205,원자력발전,-1.16,081150,티플랙스 *,테마 편입 사유,3440.0,상승  80,2.38,3420.0,3440.0,351550.0,1195.0,229352.0,,,0.73439,1.0211383000000003,"5,277.30",-161.57,-2.97,2026-03-30 15:50:01
205,원자력발전,-1.16,046120,오르비텍 *,테마 편입 사유,11870.0,상승  270,2.33,11860.0,11870.0,2496871.0,28737.0,2550740.0,,,0.73439,1.0211383000000003,"5,277.30",-161.57,-2.97,2026-03-30 15:50:01
205,원자력발전,-1.16,036190,금화피에스시 *,테마 편입 사유,38050.0,상승  700,1.87,38050.0,38200.0,22446.0,846.0,15623.0,,,0.73439,1.0211383000000003,"5,277.30",-161.57,-2.97,2026-03-30 15:50:01
205,원자력발전,-1.16,187220,디티앤씨 *,테마 편입 사유,3045.0,상승  45,1.5,3030.0,3045.0,268186.0,816.0,109788.0,,,0.73439,1.0211383000000003,"5,277.30",-161.57,-2.97,2026-03-30 15:50:01
205,원자력발전,-1.16,094820,일진파워 *,테마 편입 사유,16880.0,상승  230,1.38,16860.0,16880.0,271203.0,4463.0,229561.0,,,0.73439,1.0211383000000003,"5,277.30",-161.57,-2.97,2026-03-30 15:50:01
205,원자력발전,-1.16,083650,비에이치아이 *,테마 편입 사유,95700.0,상승  900,0.95,95700.0,95800.0,452292.0,42243.0,344085.0,,,0.73439,1.0211383000000003,"5,277.30",-161.57,-2.97,2026-03-30 15:50:01
205,원자력발전,-1.16,103230,에스앤더블류 *,테마 편입 사유,3760.0,상승  20,0.53,3735.0,3760.0,22360.0,83.0,14346.0,,,0.73439,1.0211383000000003,"5,277.30",-161.57,-2.97,2026-03-30 15:50:01
205,원자력발전,-1.16,047040,대우건설,테마 편입 사유,17340.0,상승  80,0.46,17340.0,17350.0,30180541.0,512395.0,54365132.0,,,0.73439,1.0211383000000003,"5,277.30",-161.57,-2.97,2026-03-30 15:50:01
205,원자력발전,-1.16,023160,태광 *,테마 편입 사유,34800.0,상승  150,0.43,34800.0,34850.0,380825.0,13291.0,206230.0,,,0.73439,1.0211383000000003,"5,277.30",-161.57,-2.97,2026-03-30 15:50:01
205,원자력발전,-1.16,044490,태웅 *,테마 편입 사유,46900.0,하락  50,-0.11,46900.0,46950.0,282049.0,13009.0,440822.0,,,0.73439,1.0211383000000003,"5,277.30",-161.57,-2.97,2026-03-30 15:50:01
205,원자력발전,-1.16,036640,HRS *,테마 편입 사유,5060.0,하락  10,-0.2,5050.0,5060.0,29417.0,148.0,27996.0,,,0.73439,1.0211383000000003,"5,277.30",-161.57,-2.97,2026-03-30 15:50:01
205,원자력발전,-1.16,000720,현대건설,테마 편입 사유,148400.0,"하락  1,400",-0.93,148300.0,148400.0,855222.0,124618.0,1149192.0,,,0.73439,1.0211383000000003,"5,277.30",-161.57,-2.97,2026-03-30 15:50:01
205,원자력발전,-1.16,019990,에너토크 *,테마 편입 사유,8710.0,하락  100,-1.14,8710.0,8730.0,81303.0,697.0,113375.0,,,0.73439,1.0211383000000003,"5,277.30",-161.57,-2.97,2026-03-30 15:50:01
205,원자력발전,-1.16,052690,한전기술,테마 편입 사유,155200.0,"하락  1,800",-1.15,154900.0,155200.0,149458.0,22749.0,205195.0,,,0.73439,1.0211383000000003,"5,277.30",-161.57,-2.97,2026-03-30 15:50:01
205,원자력발전,-1.16,126720,수산인더스트리,테마 편입 사유,26500.0,하락  350,-1.3,26500.0,26550.0,61549.0,1600.0,44086.0,,,0.73439,1.0211383000000003,"5,277.30",-161.57,-2.97,2026-03-30 15:50:01
205,원자력발전,-1.16,140520,대창스틸 *,테마 편입 사유,2095.0,하락  30,-1.41,2095.0,2115.0,36139.0,76.0,61090.0,,,0.73439,1.0211383000000003,"5,277.30",-161.57,-2.97,2026-03-30 15:50:01
205,원자력발전,-1.16,001440,대한전선,테마 편입 사유,27800.0,하락  450,-1.59,27750.0,27800.0,1436133.0,39488.0,2199656.0,,,0.73439,1.0211383000000003,"5,277.30",-161.57,-2.97,2026-03-30 15:50:01
205,원자력발전,-1.16,388050,지투파워 *,테마 편입 사유,10980.0,하락  210,-1.88,10980.0,10990.0,430967.0,4652.0,752591.0,,,0.73439,1.0211383000000003,"5,277.30",-161.57,-2.97,2026-03-30 15:50:01
205,원자력발전,-1.16,006360,GS건설,테마 편입 사유,25850.0,하락  500,-1.9,25850.0,25900.0,1167935.0,29740.0,1920839.0,,,0.73439,1.0211383000000003,"5,277.30",-161.57,-2.97,2026-03-30 15:50:01
205,원자력발전,-1.16,011700,한신기계,테마 편입 사유,4355.0,하락  95,-2.13,4355.0,4365.0,408398.0,1755.0,627168.0,,,0.73439,1.0211383000000003,"5,277.30",-161.57,-2.97,2026-03-30 15:50:01
205,원자력발전,-1.16,040610,SG&G *,테마 편입 사유,2045.0,하락  45,-2.15,2040.0,2045.0,50247.0,102.0,98776.0,,,0.73439,1.0211383000000003,"5,277.30",-161.57,-2.97,2026-03-30 15:50:01
205,원자력발전,-1.16,189860,서전기전 *,테마 편입 사유,5880.0,하락  140,-2.33,5880.0,5890.0,313479.0,1808.0,328776.0,,,0.73439,1.0211383000000003,"5,277.30",-161.57,-2.97,2026-03-30 15:50:01
205,원자력발전,-1.16,038010,제일테크노스 *,테마 편입 사유,6040.0,하락  150,-2.42,6030.0,6040.0,16174.0,98.0,13135.0,,,0.73439,1.0211383000000003,"5,277.30",-161.57,-2.97,2026-03-30 15:50:01
205,원자력발전,-1.16,136150,원일티엔아이 *,테마 편입 사유,17730.0,하락  440,-2.42,17730.0,17740.0,43425.0,771.0,94726.0,,,0.73439,1.0211383000000003,"5,277.30",-161.57,-2.97,2026-03-30 15:50:01
205,원자력발전,-1.16,051600,한전KPS,테마 편입 사유,57400.0,"하락  1,600",-2.71,57300.0,57400.0,174629.0,9933.0,258903.0,,,0.73439,1.0211383000000003,"5,277.30",-161.57,-2.97,2026-03-30 15:50:01
205,원자력발전,-1.16,105740,디케이락 *,테마 편입 사유,9370.0,하락  280,-2.9,9350.0,9370.0,47385.0,440.0,60323.0,,,0.73439,1.0211383000000003,"5,277.30",-161.57,-2.97,2026-03-30 15:50:01
205,원자력발전,-1.16,007460,에이프로젠,테마 편입 사유,327.0,하락  10,-2.97,326.0,327.0,2629464.0,853.0,7392047.0,,,0.73439,1.0211383000000003,"5,277.30",-161.57,-2.97,2026-03-30 15:50:01
205,원자력발전,-1.16,010120,LS ELECTRIC,테마 편입 사유,775000.0,"하락  26,000",-3.25,775000.0,776000.0,126605.0,97644.0,171991.0,,,0.73439,1.0211383000000003,"5,277.30",-161.57,-2.97,2026-03-30 15:50:01
205,원자력발전,-1.16,457550,우진엔텍 *,테마 편입 사유,24650.0,하락  950,-3.71,24650.0,24700.0,82084.0,2012.0,121330.0,,,0.73439,1.0211383000000003,"5,277.30",-161.57,-2.97,2026-03-30 15:50:01
205,원자력발전,-1.16,114190,강원에너지 *,테마 편입 사유,12360.0,하락  480,-3.74,12350.0,12360.0,48347.0,601.0,106213.0,,,0.73439,1.0211383000000003,"5,277.30",-161.57,-2.97,2026-03-30 15:50:01
205,원자력발전,-1.16,095190,이엠코리아 *,테마 편입 사유,2175.0,하락  85,-3.76,2170.0,2175.0,199703.0,434.0,125409.0,,,0.73439,1.0211383000000003,"5,277.30",-161.57,-2.97,2026-03-30 15:50:01
205,원자력발전,-1.16,013030,하이록코리아 *,테마 편입 사유,35650.0,"하락  1,400",-3.78,35650.0,35750.0,41396.0,1464.0,46462.0,,,0.73439,1.0211383000000003,"5,277.30",-161.57,-2.97,2026-03-30 15:50:01
205,원자력발전,-1.16,015760,한국전력,테마 편입 사유,42200.0,"하락  1,700",-3.87,42150.0,42200.0,2837685.0,118715.0,2748626.0,,,0.73439,1.0211383000000003,"5,277.30",-161.57,-2.97,2026-03-30 15:50:01
205,원자력발전,-1.16,054540,삼영엠텍 *,테마 편입 사유,10750.0,하락  440,-3.93,10740.0,10750.0,86711.0,922.0,128878.0,,,0.73439,1.0211383000000003,"5,277.30",-161.57,-2.97,2026-03-30 15:50:01
205,원자력발전,-1.16,034020,두산에너빌리티,테마 편입 사유,94200.0,"하락  3,900",-3.98,94100.0,94200.0,2828561.0,263912.0,3549743.0,,,0.73439,1.0211383000000003,"5,277.30",-161.57,-2.97,2026-03-30 15:50:01
205,원자력발전,-1.16,105840,우진,테마 편입 사유,23400.0,"하락  1,000",-4.1,23400.0,23450.0,388887.0,8989.0,562899.0,,,0.73439,1.0211383000000003,"5,277.30",-161.57,-2.97,2026-03-30 15:50:01
205,원자력발전,-1.16,096350,대창솔루션 *,테마 편입 사유,3150.0,하락  135,-4.11,3145.0,3150.0,1363462.0,4277.0,1531594.0,,,0.73439,1.0211383000000003,"5,277.30",-161.57,-2.97,2026-03-30 15:50:01
205,원자력발전,-1.16,006910,보성파워텍 *,테마 편입 사유,9750.0,하락  430,-4.22,9740.0,9750.0,2087470.0,20165.0,2863196.0,,,0.73439,1.0211383000000003,"5,277.30",-161.57,-2.97,2026-03-30 15:50:01
205,원자력발전,-1.16,130660,한전산업,테마 편입 사유,18210.0,하락  930,-4.86,18210.0,18220.0,327926.0,5945.0,413637.0,,,0.73439,1.0211383000000003,"5,277.30",-161.57,-2.97,2026-03-30 15:50:01
205,원자력발전,-1.16,086670,비엠티 *,테마 편입 사유,14600.0,하락  890,-5.75,14540.0,14600.0,87738.0,1277.0,194963.0,,,0.73439,1.0211383000000003,"5,277.30",-161.57,-2.97,2026-03-30 15:50:01
205,원자력발전,-1.16,045100,한양이엔지 *,테마 편입 사유,31000.0,"하락  1,900",-5.78,30950.0,31000.0,114752.0,3567.0,217657.0,,,0.73439,1.0211383000000003,"5,277.30",-161.57,-2.97,2026-03-30 15:50:01
205,원자력발전,-1.16,298040,효성중공업,테마 편입 사유,2503000.0,"하락  173,000",-6.46,2503000.0,2504000.0,53407.0,133017.0,65913.0,,,0.73439,1.0211383000000003,"5,277.30",-161.57,-2.97,2026-03-30 15:50:01
205,원자력발전,-1.16,012210,삼미금속 *,테마 편입 사유,11690.0,하락  810,-6.48,11680.0,11690.0,152343.0,1777.0,213060.0,,,0.73439,1.0211383000000003,"5,277.30",-161.57,-2.97,2026-03-30 15:50:01
205,원자력발전,-1.16,032820,우리기술 *,테마 편입 사유,21600.0,"하락  1,800",-7.69,21550.0,21600.0,13420889.0,291907.0,21858339.0,,,0.73439,1.0211383000000003,"5,277.30",-161.57,-2.97,2026-03-30 15:50:01
205,원자력발전,-1.16,017040,광명전기,테마 편입 사유,930.0,하락  95,-9.27,930.0,931.0,1349674.0,1293.0,471516.0,,,0.73439,1.0211383000000003,"5,277.30",-161.57,-2.97,2026-03-30 15:50:01
598,콩/대두,-0.47,218150,미래생명자원 *,테마 편입 사유,3115.0,상승  45,1.47,3115.0,3120.0,662261.0,2088.0,248247.0,,,0.5,1.0150000000000001,"5,277.30",-161.57,-2.97,2026-03-30 15:50:01
598,콩/대두,-0.47,006880,신송홀딩스,테마 편입 사유,7110.0,상승  80,1.14,7100.0,7110.0,100516.0,713.0,45544.0,,,0.5,1.0150000000000001,"5,277.30",-161.57,-2.97,2026-03-30 15:50:01
598,콩/대두,-0.47,248170,샘표식품,테마 편입 사유,28000.0,하락  300,-1.06,27950.0,28000.0,9659.0,269.0,9189.0,,,0.5,1.0150000000000001,"5,277.30",-161.57,-2.97,2026-03-30 15:50:01
598,콩/대두,-0.47,007540,샘표,테마 편입 사유,53500.0,하락  900,-1.65,53500.0,53800.0,3803.0,202.0,5936.0,,,0.5,1.0150000000000001,"5,277.30",-161.57,-2.97,2026-03-30 15:50:01
598,콩/대두,-0.47,017810,풀무원,테마 편입 사유,11840.0,하락  270,-2.23,11840.0,11850.0,115201.0,1370.0,76224.0,,,0.5,1.0150000000000001,"5,277.30",-161.57,-2.97,2026-03-30 15:50:01
171,비철금속,-0.12,006110,삼아알미늄,테마 편입 사유,30950.0,"상승  2,100",7.28,30950.0,31000.0,336386.0,10603.0,66310.0,,,0.359222,0.9468893400000001,"5,277.30",-161.57,-2.97,2026-03-30 15:50:01
171,비철금속,-0.12,060480,국일신동 *,테마 편입 사유,1590.0,상승  71,4.67,1590.0,1591.0,142475.0,225.0,13063.0,,,0.359222,0.9468893400000001,"5,277.30",-161.57,-2.97,2026-03-30 15:50:01
171,비철금속,-0.12,354320,알멕 *,테마 편입 사유,48400.0,"상승  1,950",4.2,48400.0,48500.0,141471.0,6752.0,124808.0,,,0.359222,0.9468893400000001,"5,277.30",-161.57,-2.97,2026-03-30 15:50:01
171,비철금속,-0.12,008350,남선알미늄,테마 편입 사유,1385.0,상승  45,3.36,1385.0,1386.0,19617428.0,28595.0,1978717.0,,,0.359222,0.9468893400000001,"5,277.30",-161.57,-2.97,2026-03-30 15:50:01
171,비철금속,-0.12,001530,DI동일,테마 편입 사유,21000.0,상승  500,2.44,21000.0,21050.0,35425.0,732.0,27934.0,,,0.359222,0.9468893400000001,"5,277.30",-161.57,-2.97,2026-03-30 15:50:01
171,비철금속,-0.12,081150,티플랙스 *,테마 편입 사유,3440.0,상승  80,2.38,3420.0,3440.0,351550.0,1195.0,229352.0,,,0.359222,0.9468893400000001,"5,277.30",-161.57,-2.97,2026-03-30 15:50:01
171,비철금속,-0.12,018470,조일알미늄,테마 편입 사유,1238.0,상승  22,1.81,1237.0,1238.0,2849656.0,3649.0,514347.0,,,0.359222,0.9468893400000001,"5,277.30",-161.57,-2.97,2026-03-30 15:50:01
171,비철금속,-0.12,009520,포스코엠텍 *,테마 편입 사유,17580.0,상승  260,1.5,17570.0,17580.0,209722.0,3692.0,152257.0,,,0.359222,0.9468893400000001,"5,277.30",-161.57,-2.97,2026-03-30 15:50:01
171,비철금속,-0.12,001780,알루코,테마 편입 사유,2145.0,상승  25,1.18,2145.0,2150.0,2388266.0,5137.0,431866.0,,,0.359222,0.9468893400000001,"5,277.30",-161.57,-2.97,2026-03-30 15:50:01
171,비철금속,-0.12,037760,쎄니트 *,테마 편입 사유,1967.0,상승  3,0.15,1964.0,1967.0,7122.0,14.0,15350.0,,,0.359222,0.9468893400000001,"5,277.30",-161.57,-2.97,2026-03-30 15:50:01
171,비철금속,-0.12,198940,한주라이트메탈 *,테마 편입 사유,691.0,상승  1,0.14,679.0,691.0,95745.0,64.0,94961.0,,,0.359222,0.9468893400000001,"5,277.30",-161.57,-2.97,2026-03-30 15:50:01
171,비철금속,-0.12,069460,대호에이엘,테마 편입 사유,532.0,보합0,0.0,0.0,0.0,0.0,0.0,0.0,,,0.359222,0.9468893400000001,"5,277.30",-161.57,-2.97,2026-03-30 15:50:01
171,비철금속,-0.12,010130,고려아연,테마 편입 사유,1478000.0,"하락  5,000",-0.34,1478000.0,1479000.0,23994.0,34691.0,30379.0,,,0.359222,0.9468893400000001,"5,277.30",-161.57,-2.97,2026-03-30 15:50:01
171,비철금속,-0.12,015890,태경산업,테마 편입 사유,4830.0,하락  30,-0.62,4825.0,4830.0,38168.0,183.0,37712.0,,,0.359222,0.9468893400000001,"5,277.30",-161.57,-2.97,2026-03-30 15:50:01
171,비철금속,-0.12,128660,피제이메탈 *,테마 편입 사유,3075.0,하락  25,-0.81,3060.0,3075.0,247071.0,764.0,91112.0,,,0.359222,0.9468893400000001,"5,277.30",-161.57,-2.97,2026-03-30 15:50:01
171,비철금속,-0.12,005810,풍산홀딩스,테마 편입 사유,34900.0,하락  450,-1.27,34900.0,34950.0,26584.0,918.0,45823.0,,,0.359222,0.9468893400000001,"5,277.30",-161.57,-2.97,2026-03-30 15:50:01
171,비철금속,-0.12,012800,대창,테마 편입 사유,1299.0,하락  22,-1.67,1298.0,1299.0,353079.0,459.0,621617.0,,,0.359222,0.9468893400000001,"5,277.30",-161.57,-2.97,2026-03-30 15:50:01
171,비철금속,-0.12,025820,이구산업,테마 편입 사유,4700.0,하락  85,-1.78,4700.0,4710.0,123811.0,578.0,196059.0,,,0.359222,0.9468893400000001,"5,277.30",-161.57,-2.97,2026-03-30 15:50:01
171,비철금속,-0.12,186230,그린플러스 *,테마 편입 사유,4440.0,하락  95,-2.09,4435.0,4440.0,31096.0,137.0,23797.0,,,0.359222,0.9468893400000001,"5,277.30",-161.57,-2.97,2026-03-30 15:50:01
171,비철금속,-0.12,021050,서원,테마 편입 사유,1188.0,하락  26,-2.14,1188.0,1194.0,211802.0,251.0,379739.0,,,0.359222,0.9468893400000001,"5,277.30",-161.57,-2.97,2026-03-30 15:50:01
171,비철금속,-0.12,103140,풍산,테마 편입 사유,89700.0,"하락  2,000",-2.18,89600.0,89800.0,129704.0,11560.0,130794.0,,,0.359222,0.9468893400000001,"5,277.30",-161.57,-2.97,2026-03-30 15:50:01
171,비철금속,-0.12,032560,황금에스티,테마 편입 사유,5810.0,하락  160,-2.68,5810.0,5820.0,37260.0,215.0,32176.0,,,0.359222,0.9468893400000001,"5,277.30",-161.57,-2.97,2026-03-30 15:50:01
171,비철금속,-0.12,009730,이렘 *,테마 편입 사유,545.0,하락  15,-2.68,545.0,546.0,343600.0,190.0,146152.0,,,0.359222,0.9468893400000001,"5,277.30",-161.57,-2.97,2026-03-30 15:50:01
171,비철금속,-0.12,009190,대양금속,테마 편입 사유,1230.0,하락  41,-3.23,1230.0,1232.0,103998.0,129.0,239889.0,,,0.359222,0.9468893400000001,"5,277.30",-161.57,-2.97,2026-03-30 15:50:01
171,비철금속,-0.12,004560,현대비앤지스틸,테마 편입 사유,15110.0,하락  710,-4.49,15110.0,15120.0,91136.0,1371.0,108329.0,,,0.359222,0.9468893400000001,"5,277.30",-161.57,-2.97,2026-03-30 15:50:01
171,비철금속,-0.12,000670,영풍,테마 편입 사유,56000.0,"하락  3,700",-6.2,55800.0,56000.0,50487.0,2782.0,49178.0,,,0.359222,0.9468893400000001,"5,277.30",-161.57,-2.97,2026-03-30 15:50:01
401,원자력발전소 해체,-1.48,098070,한텍 *,테마 편입 사유,47300.0,"상승  1,400",3.05,47300.0,47350.0,382839.0,18206.0,200465.0,,,0.808677,0.9217706900000002,"5,277.30",-161.57,-2.97,2026-03-30 15:50:01
401,원자력발전소 해체,-1.48,046120,오르비텍 *,테마 편입 사유,11870.0,상승  270,2.33,11860.0,11870.0,2496871.0,28737.0,2550740.0,,,0.808677,0.9217706900000002,"5,277.30",-161.57,-2.97,2026-03-30 15:50:01
401,원자력발전소 해체,-1.48,348350,위드텍 *,테마 편입 사유,9960.0,상승  150,1.53,9940.0,9960.0,49296.0,480.0,24329.0,,,0.808677,0.9217706900000002,"5,277.30",-161.57,-2.97,2026-03-30 15:50:01
401,원자력발전소 해체,-1.48,042370,비츠로테크 *,테마 편입 사유,11550.0,상승  110,0.96,11540.0,11550.0,386941.0,4409.0,371966.0,,,0.808677,0.9217706900000002,"5,277.30",-161.57,-2.97,2026-03-30 15:50:01
401,원자력발전소 해체,-1.48,083650,비에이치아이 *,테마 편입 사유,95700.0,상승  900,0.95,95700.0,95800.0,452292.0,42243.0,344085.0,,,0.808677,0.9217706900000002,"5,277.30",-161.57,-2.97,2026-03-30 15:50:01
401,원자력발전소 해체,-1.48,103230,에스앤더블류 *,테마 편입 사유,3760.0,상승  20,0.53,3735.0,3760.0,22360.0,83.0,14346.0,,,0.808677,0.9217706900000002,"5,277.30",-161.57,-2.97,2026-03-30 15:50:01
401,원자력발전소 해체,-1.48,000720,현대건설,테마 편입 사유,148400.0,"하락  1,400",-0.93,148300.0,148400.0,855222.0,124618.0,1149192.0,,,0.808677,0.9217706900000002,"5,277.30",-161.57,-2.97,2026-03-30 15:50:01
401,원자력발전소 해체,-1.48,052690,한전기술,테마 편입 사유,155200.0,"하락  1,800",-1.15,154900.0,155200.0,149458.0,22749.0,205195.0,,,0.808677,0.9217706900000002,"5,277.30",-161.57,-2.97,2026-03-30 15:50:01
401,원자력발전소 해체,-1.48,136150,원일티엔아이 *,테마 편입 사유,17730.0,하락  440,-2.42,17730.0,17740.0,43425.0,771.0,94726.0,,,0.808677,0.9217706900000002,"5,277.30",-161.57,-2.97,2026-03-30 15:50:01
401,원자력발전소 해체,-1.48,051600,한전KPS,테마 편입 사유,57400.0,"하락  1,600",-2.71,57300.0,57400.0,174629.0,9933.0,258903.0,,,0.808677,0.9217706900000002,"5,277.30",-161.57,-2.97,2026-03-30 15:50:01
401,원자력발전소 해체,-1.48,034020,두산에너빌리티,테마 편입 사유,94200.0,"하락  3,900",-3.98,94100.0,94200.0,2828561.0,263912.0,3549743.0,,,0.808677,0.9217706900000002,"5,277.30",-161.57,-2.97,2026-03-30 15:50:01
401,원자력발전소 해체,-1.48,105840,우진,테마 편입 사유,23400.0,"하락  1,000",-4.1,23400.0,23450.0,388887.0,8989.0,562899.0,,,0.808677,0.9217706900000002,"5,277.30",-161.57,-2.97,2026-03-30 15:50:01
401,원자력발전소 해체,-1.48,096350,대창솔루션 *,테마 편입 사유,3150.0,하락  135,-4.11,3145.0,3150.0,1363462.0,4277.0,1531594.0,,,0.808677,0.9217706900000002,"5,277.30",-161.57,-2.97,2026-03-30 15:50:01
401,원자력발전소 해체,-1.48,199430,케이엔알시스템 *,테마 편입 사유,21500.0,"하락  1,000",-4.44,21400.0,21500.0,43914.0,928.0,62397.0,,,0.808677,0.9217706900000002,"5,277.30",-161.57,-2.97,2026-03-30 15:50:01
401,원자력발전소 해체,-1.48,032820,우리기술 *,테마 편입 사유,21600.0,"하락  1,800",-7.69,21550.0,21600.0,13420889.0,291907.0,21858339.0,,,0.808677,0.9217706900000002,"5,277.30",-161.57,-2.97,2026-03-30 15:50:01
28,CCTV＆DVR,0.09,092600,앤씨앤 *,테마 편입 사유,870.0,상승  119,15.85,868.0,870.0,8814723.0,8169.0,922019.0,,,0.206311,0.70274367,"5,277.30",-161.57,-2.97,2026-03-30 15:50:01
28,CCTV＆DVR,0.09,015710,코콤 *,테마 편입 사유,3835.0,하락  25,-0.65,3800.0,3835.0,50521.0,192.0,68769.0,,,0.206311,0.70274367,"5,277.30",-161.57,-2.97,2026-03-30 15:50:01
28,CCTV＆DVR,0.09,143160,아이디스 *,테마 편입 사유,17790.0,하락  140,-0.78,17790.0,17830.0,5946.0,106.0,12182.0,,,0.206311,0.70274367,"5,277.30",-161.57,-2.97,2026-03-30 15:50:01
28,CCTV＆DVR,0.09,054220,비츠로시스 *,테마 편입 사유,560.0,하락  5,-0.88,558.0,560.0,656420.0,362.0,1058104.0,,,0.206311,0.70274367,"5,277.30",-161.57,-2.97,2026-03-30 15:50:01
28,CCTV＆DVR,0.09,083640,인콘 *,테마 편입 사유,399.0,하락  9,-2.21,399.0,401.0,419408.0,167.0,633338.0,,,0.206311,0.70274367,"5,277.30",-161.57,-2.97,2026-03-30 15:50:01
28,CCTV＆DVR,0.09,331380,포커스에이아이 *,테마 편입 사유,2200.0,하락  110,-4.76,2200.0,2220.0,351684.0,777.0,297477.0,,,0.206311,0.70274367,"5,277.30",-161.57,-2.97,2026-03-30 15:50:01
28,CCTV＆DVR,0.09,489790,한화비전,테마 편입 사유,75700.0,"하락  4,800",-5.96,75600.0,75700.0,511593.0,38535.0,752099.0,,,0.206311,0.70274367,"5,277.30",-161.57,-2.97,2026-03-30 15:50:01
204,비료,-0.03,001550,조비,테마 편입 사유,16270.0,"상승  1,220",8.11,16230.0,16270.0,1380035.0,23186.0,300436.0,,,0.222217,0.62998449,"5,277.30",-161.57,-2.97,2026-03-30 15:50:01
204,비료,-0.03,025860,남해화학,테마 편입 사유,8260.0,상승  220,2.74,8250.0,8260.0,3887639.0,33080.0,1593731.0,,,0.222217,0.62998449,"5,277.30",-161.57,-2.97,2026-03-30 15:50:01
204,비료,-0.03,097870,효성오앤비 *,테마 편입 사유,6400.0,상승  140,2.24,6360.0,6400.0,391473.0,2543.0,215046.0,,,0.222217,0.62998449,"5,277.30",-161.57,-2.97,2026-03-30 15:50:01
204,비료,-0.03,033250,체시스,테마 편입 사유,973.0,하락  1,-0.1,973.0,974.0,157762.0,151.0,170862.0,,,0.222217,0.62998449,"5,277.30",-161.57,-2.97,2026-03-30 15:50:01
204,비료,-0.03,054050,농우바이오 *,테마 편입 사유,7930.0,하락  40,-0.5,7920.0,7930.0,17907.0,141.0,32249.0,,,0.222217,0.62998449,"5,277.30",-161.57,-2.97,2026-03-30 15:50:01
204,비료,-0.03,014580,태경비케이,테마 편입 사유,4495.0,하락  25,-0.55,4470.0,4495.0,238209.0,1071.0,109628.0,,,0.222217,0.62998449,"5,277.30",-161.57,-2.97,2026-03-30 15:50:01
204,비료,-0.03,332290,누보 *,테마 편입 사유,1330.0,하락  23,-1.7,1330.0,1331.0,1151775.0,1572.0,658335.0,,,0.222217,0.62998449,"5,277.30",-161.57,-2.97,2026-03-30 15:50:01
204,비료,-0.03,001390,KG케미칼,테마 편입 사유,5180.0,하락  180,-3.36,5180.0,5190.0,1174902.0,6219.0,1609456.0,,,0.222217,0.62998449,"5,277.30",-161.57,-2.97,2026-03-30 15:50:01
204,비료,-0.03,014830,유니드,테마 편입 사유,81100.0,"하락  2,900",-3.45,81000.0,81100.0,24065.0,1957.0,25061.0,,,0.222217,0.62998449,"5,277.30",-161.57,-2.97,2026-03-30 15:50:01
204,비료,-0.03,004000,롯데정밀화학,테마 편입 사유,49900.0,"하락  1,900",-3.67,49850.0,49900.0,98430.0,4891.0,150209.0,,,0.222217,0.62998449,"5,277.30",-161.57,-2.97,2026-03-30 15:50:01
534,페라이트,-0.23,125210,아모그린텍 *,테마 편입 사유,7860.0,상승  700,9.78,7850.0,7860.0,843130.0,6653.0,59076.0,,,0.261044,0.5453006800000001,"5,277.30",-161.57,-2.97,2026-03-30 15:50:01
534,페라이트,-0.23,011230,삼화전자,테마 편입 사유,2605.0,상승  55,2.16,2600.0,2605.0,61979.0,157.0,18070.0,,,0.261044,0.5453006800000001,"5,277.30",-161.57,-2.97,2026-03-30 15:50:01
534,페라이트,-0.23,079190,케스피온 *,테마 편입 사유,395.0,상승  7,1.8,393.0,395.0,213306.0,85.0,242336.0,,,0.261044,0.5453006800000001,"5,277.30",-161.57,-2.97,2026-03-30 15:50:01
534,페라이트,-0.23,047400,유니온머티리얼,테마 편입 사유,1646.0,상승  24,1.48,1646.0,1650.0,881891.0,1450.0,1127517.0,,,0.261044,0.5453006800000001,"5,277.30",-161.57,-2.97,2026-03-30 15:50:01
534,페라이트,-0.23,101240,씨큐브 *,테마 편입 사유,3895.0,상승  5,0.13,3890.0,3895.0,24497.0,94.0,7579.0,,,0.261044,0.5453006800000001,"5,277.30",-161.57,-2.97,2026-03-30 15:50:01
534,페라이트,-0.23,015890,태경산업,테마 편입 사유,4830.0,하락  30,-0.62,4825.0,4830.0,38168.0,183.0,37712.0,,,0.261044,0.5453006800000001,"5,277.30",-161.57,-2.97,2026-03-30 15:50:01
534,페라이트,-0.23,007770,한일화학 *,테마 편입 사유,7810.0,하락  60,-0.76,7810.0,7820.0,5949.0,46.0,4054.0,,,0.261044,0.5453006800000001,"5,277.30",-161.57,-2.97,2026-03-30 15:50:01
534,페라이트,-0.23,037370,EG *,테마 편입 사유,5010.0,하락  60,-1.18,5010.0,5020.0,19261.0,95.0,19360.0,,,0.261044,0.5453006800000001,"5,277.30",-161.57,-2.97,2026-03-30 15:50:01
534,페라이트,-0.23,095500,미래나노텍 *,테마 편입 사유,8920.0,하락  120,-1.33,8920.0,8930.0,85520.0,767.0,87998.0,,,0.261044,0.5453006800000001,"5,277.30",-161.57,-2.97,2026-03-30 15:50:01
534,페라이트,-0.23,148250,알엔투테크놀로지 *,테마 편입 사유,3330.0,하락  60,-1.77,3325.0,3330.0,85689.0,285.0,76177.0,,,0.261044,0.5453006800000001,"5,277.30",-161.57,-2.97,2026-03-30 15:50:01
534,페라이트,-0.23,263810,상신전자 *,테마 편입 사유,2845.0,하락  55,-1.9,2840.0,2845.0,22791.0,65.0,26331.0,,,0.261044,0.5453006800000001,"5,277.30",-161.57,-2.97,2026-03-30 15:50:01
534,페라이트,-0.23,009470,삼화전기,테마 편입 사유,35750.0,하락  950,-2.59,35750.0,35900.0,66378.0,2360.0,66903.0,,,0.261044,0.5453006800000001,"5,277.30",-161.57,-2.97,2026-03-30 15:50:01
534,페라이트,-0.23,004710,한솔테크닉스,테마 편입 사유,4700.0,하락  180,-3.69,4700.0,4705.0,102184.0,477.0,101075.0,,,0.261044,0.5453006800000001,"5,277.30",-161.57,-2.97,2026-03-30 15:50:01
534,페라이트,-0.23,357580,아모센스 *,테마 편입 사유,18410.0,하락  920,-4.76,18410.0,18420.0,337326.0,5993.0,219849.0,,,0.261044,0.5453006800000001,"5,277.30",-161.57,-2.97,2026-03-30 15:50:01
595,우주태양광(페로브스카이트 등),-1.05,322000,HD현대에너지솔루션,테마 편입 사유,135100.0,"상승  11,900",9.66,135000.0,135100.0,2758286.0,375671.0,436722.0,,,0.5,0.43500000000000005,"5,277.30",-161.57,-2.97,2026-03-30 15:50:01
595,우주태양광(페로브스카이트 등),-1.05,009830,한화솔루션,테마 편입 사유,36600.0,상승  950,2.66,36550.0,36600.0,6364503.0,227494.0,5559359.0,,,0.5,0.43500000000000005,"5,277.30",-161.57,-2.97,2026-03-30 15:50:01
595,우주태양광(페로브스카이트 등),-1.05,489500,엘케이켐 *,테마 편입 사유,33700.0,상승  700,2.12,33550.0,33700.0,62551.0,2038.0,93388.0,,,0.5,0.43500000000000005,"5,277.30",-161.57,-2.97,2026-03-30 15:50:01
595,우주태양광(페로브스카이트 등),-1.05,241770,메카로 *,테마 편입 사유,36600.0,하락  400,-1.08,36600.0,36750.0,30057.0,1080.0,35259.0,,,0.5,0.43500000000000005,"5,277.30",-161.57,-2.97,2026-03-30 15:50:01
595,우주태양광(페로브스카이트 등),-1.05,078600,대주전자재료 *,테마 편입 사유,128300.0,"하락  1,900",-1.46,128200.0,128300.0,248157.0,31969.0,328361.0,,,0.5,0.43500000000000005,"5,277.30",-161.57,-2.97,2026-03-30 15:50:01
595,우주태양광(페로브스카이트 등),-1.05,357550,석경에이티 *,테마 편입 사유,52500.0,하락  900,-1.69,52300.0,52500.0,5445.0,283.0,6793.0,,,0.5,0.43500000000000005,"5,277.30",-161.57,-2.97,2026-03-30 15:50:01
595,우주태양광(페로브스카이트 등),-1.05,015760,한국전력,테마 편입 사유,42200.0,"하락  1,700",-3.87,42150.0,42200.0,2837690.0,118715.0,2748626.0,,,0.5,0.43500000000000005,"5,277.30",-161.57,-2.97,2026-03-30 15:50:01
595,우주태양광(페로브스카이트 등),-1.05,255440,야스 *,테마 편입 사유,10830.0,하락  450,-3.99,10830.0,10880.0,28833.0,312.0,42754.0,,,0.5,0.43500000000000005,"5,277.30",-161.57,-2.97,2026-03-30 15:50:01
595,우주태양광(페로브스카이트 등),-1.05,086390,유니테스트 *,테마 편입 사유,16270.0,하락  920,-5.35,16270.0,16280.0,135269.0,2187.0,274651.0,,,0.5,0.43500000000000005,"5,277.30",-161.57,-2.97,2026-03-30 15:50:01
595,우주태양광(페로브스카이트 등),-1.05,171090,선익시스템 *,테마 편입 사유,85800.0,"하락  7,000",-7.54,85700.0,85800.0,114346.0,9840.0,128756.0,,,0.5,0.43500000000000005,"5,277.30",-161.57,-2.97,2026-03-30 15:50:01
520,피팅(관이음쇠)/밸브,-2.07,014620,성광벤드 *,테마 편입 사유,34050.0,상승  900,2.71,34050.0,34100.0,355513.0,12138.0,139005.0,,,0.824895,0.37993815000000053,"5,277.30",-161.57,-2.97,2026-03-30 15:50:01
520,피팅(관이음쇠)/밸브,-2.07,023160,태광 *,테마 편입 사유,34800.0,상승  150,0.43,34800.0,34850.0,380825.0,13291.0,206230.0,,,0.824895,0.37993815000000053,"5,277.30",-161.57,-2.97,2026-03-30 15:50:01
520,피팅(관이음쇠)/밸브,-2.07,039610,화성밸브 *,테마 편입 사유,7630.0,하락  50,-0.65,7630.0,7690.0,26866.0,205.0,40119.0,,,0.824895,0.37993815000000053,"5,277.30",-161.57,-2.97,2026-03-30 15:50:01
520,피팅(관이음쇠)/밸브,-2.07,025550,한국선재 *,테마 편입 사유,3185.0,하락  70,-2.15,3170.0,3185.0,129032.0,409.0,101415.0,,,0.824895,0.37993815000000053,"5,277.30",-161.57,-2.97,2026-03-30 15:50:01
520,피팅(관이음쇠)/밸브,-2.07,452280,한선엔지니어링 *,테마 편입 사유,13310.0,하락  310,-2.28,13310.0,13320.0,394962.0,5000.0,187099.0,,,0.824895,0.37993815000000053,"5,277.30",-161.57,-2.97,2026-03-30 15:50:01
520,피팅(관이음쇠)/밸브,-2.07,105740,디케이락 *,테마 편입 사유,9370.0,하락  280,-2.9,9350.0,9370.0,47385.0,440.0,60323.0,,,0.824895,0.37993815000000053,"5,277.30",-161.57,-2.97,2026-03-30 15:50:01
520,피팅(관이음쇠)/밸브,-2.07,013030,하이록코리아 *,테마 편입 사유,35650.0,"하락  1,400",-3.78,35650.0,35750.0,41396.0,1464.0,46462.0,,,0.824895,0.37993815000000053,"5,277.30",-161.57,-2.97,2026-03-30 15:50:01
520,피팅(관이음쇠)/밸브,-2.07,073010,케이에스피 *,테마 편입 사유,3360.0,하락  150,-4.27,3360.0,3375.0,232460.0,782.0,131343.0,,,0.824895,0.37993815000000053,"5,277.30",-161.57,-2.97,2026-03-30 15:50:01
520,피팅(관이음쇠)/밸브,-2.07,086670,비엠티 *,테마 편입 사유,14600.0,하락  890,-5.75,14540.0,14600.0,87738.0,1277.0,194963.0,,,0.824895,0.37993815000000053,"5,277.30",-161.57,-2.97,2026-03-30 15:50:01
170,골판지 제조,0.18,016590,신대양제지,테마 편입 사유,13760.0,상승  730,5.6,13700.0,13760.0,503868.0,7142.0,229980.0,,,0.060068,0.35840196,"5,277.30",-161.57,-2.97,2026-03-30 15:50:01
170,골판지 제조,0.18,014160,대영포장,테마 편입 사유,1327.0,상승  27,2.08,1326.0,1327.0,33237298.0,46722.0,104885874.0,,,0.060068,0.35840196,"5,277.30",-161.57,-2.97,2026-03-30 15:50:01
170,골판지 제조,0.18,023600,삼보판지 *,테마 편입 사유,9810.0,상승  190,1.98,9800.0,9810.0,89617.0,877.0,76839.0,,,0.060068,0.35840196,"5,277.30",-161.57,-2.97,2026-03-30 15:50:01
170,골판지 제조,0.18,016100,리더스코스메틱 *,테마 편입 사유,1554.0,상승  23,1.5,1532.0,1554.0,18432.0,28.0,16325.0,,,0.060068,0.35840196,"5,277.30",-161.57,-2.97,2026-03-30 15:50:01
170,골판지 제조,0.18,002310,아세아제지,테마 편입 사유,8800.0,상승  20,0.23,8800.0,8820.0,415212.0,3680.0,455641.0,,,0.060068,0.35840196,"5,277.30",-161.57,-2.97,2026-03-30 15:50:01
170,골판지 제조,0.18,002200,한국수출포장,테마 편입 사유,2890.0,하락  10,-0.34,2885.0,2890.0,566200.0,1652.0,2082819.0,,,0.060068,0.35840196,"5,277.30",-161.57,-2.97,2026-03-30 15:50:01
170,골판지 제조,0.18,011280,태림포장,테마 편입 사유,2195.0,하락  10,-0.45,2195.0,2205.0,2530955.0,5920.0,6939737.0,,,0.060068,0.35840196,"5,277.30",-161.57,-2.97,2026-03-30 15:50:01
170,골판지 제조,0.18,017650,대림제지 *,테마 편입 사유,8760.0,하락  110,-1.24,8700.0,8760.0,24803.0,218.0,33232.0,,,0.060068,0.35840196,"5,277.30",-161.57,-2.97,2026-03-30 15:50:01
170,골판지 제조,0.18,006740,블루산업개발,테마 편입 사유,571.0,하락  15,-2.56,571.0,577.0,171817.0,97.0,347437.0,,,0.060068,0.35840196,"5,277.30",-161.57,-2.97,2026-03-30 15:50:01
170,골판지 제조,0.18,004150,한솔홀딩스,테마 편입 사유,3250.0,하락  170,-4.97,3245.0,3250.0,214541.0,696.0,147598.0,,,0.060068,0.35840196,"5,277.30",-161.57,-2.97,2026-03-30 15:50:01
228,국내 상장 중국기업,-0.65,900310,컬러레이 *,테마 편입 사유,504.0,상승  7,1.41,495.0,504.0,43079.0,21.0,57917.0,,,0.317304,0.29239287999999997,"5,277.30",-161.57,-2.97,2026-03-30 15:50:01
228,국내 상장 중국기업,-0.65,032580,피델릭스 *,테마 편입 사유,1126.0,상승  12,1.08,1125.0,1126.0,170222.0,189.0,96169.0,,,0.317304,0.29239287999999997,"5,277.30",-161.57,-2.97,2026-03-30 15:50:01
228,국내 상장 중국기업,-0.65,900120,씨엑스아이 *,테마 편입 사유,363.0,상승  1,0.28,362.0,363.0,118530.0,43.0,131680.0,,,0.317304,0.29239287999999997,"5,277.30",-161.57,-2.97,2026-03-30 15:50:01
228,국내 상장 중국기업,-0.65,900300,오가닉티코스메틱 *,테마 편입 사유,115.0,보합0,0.0,114.0,115.0,2025931.0,230.0,2779561.0,,,0.317304,0.29239287999999997,"5,277.30",-161.57,-2.97,2026-03-30 15:50:01
228,국내 상장 중국기업,-0.65,900260,로스웰 *,테마 편입 사유,1683.0,하락  3,-0.18,1683.0,1685.0,18588.0,31.0,15042.0,,,0.317304,0.29239287999999997,"5,277.30",-161.57,-2.97,2026-03-30 15:50:01
228,국내 상장 중국기업,-0.65,900070,글로벌에스엠 *,테마 편입 사유,536.0,하락  1,-0.19,529.0,536.0,198581.0,104.0,184949.0,,,0.317304,0.29239287999999997,"5,277.30",-161.57,-2.97,2026-03-30 15:50:01
228,국내 상장 중국기업,-0.65,900290,GRT *,테마 편입 사유,5400.0,하락  30,-0.55,5380.0,5400.0,340928.0,1804.0,378532.0,,,0.317304,0.29239287999999997,"5,277.30",-161.57,-2.97,2026-03-30 15:50:01
228,국내 상장 중국기업,-0.65,900340,윙입푸드 *,테마 편입 사유,619.0,하락  6,-0.96,618.0,619.0,47582.0,29.0,96205.0,,,0.317304,0.29239287999999997,"5,277.30",-161.57,-2.97,2026-03-30 15:50:01
228,국내 상장 중국기업,-0.65,900110,이스트아시아홀딩스 *,테마 편입 사유,779.0,하락  12,-1.52,778.0,779.0,62596.0,49.0,43441.0,,,0.317304,0.29239287999999997,"5,277.30",-161.57,-2.97,2026-03-30 15:50:01
228,국내 상장 중국기업,-0.65,900250,크리스탈신소재 *,테마 편입 사유,559.0,하락  15,-2.61,559.0,563.0,206694.0,116.0,266756.0,,,0.317304,0.29239287999999997,"5,277.30",-161.57,-2.97,2026-03-30 15:50:01
228,국내 상장 중국기업,-0.65,900270,헝셩그룹 *,테마 편입 사유,1076.0,하락  44,-3.93,1076.0,1082.0,131940.0,143.0,269061.0,,,0.317304,0.29239287999999997,"5,277.30",-161.57,-2.97,2026-03-30 15:50:01
72,철강 중소형,-0.37,049430,코메론 *,테마 편입 사유,20000.0,"상승  1,760",9.65,19940.0,20000.0,82851.0,1586.0,36105.0,,,0.203882,0.23552954000000004,"5,277.30",-161.57,-2.97,2026-03-30 15:50:01
72,철강 중소형,-0.37,005010,휴스틸,테마 편입 사유,5460.0,상승  220,4.2,5460.0,5470.0,1997841.0,11047.0,839296.0,,,0.203882,0.23552954000000004,"5,277.30",-161.57,-2.97,2026-03-30 15:50:01
72,철강 중소형,-0.37,100090,SK오션플랜트,테마 편입 사유,27800.0,상승  950,3.54,27750.0,27800.0,1741660.0,48250.0,2048713.0,,,0.203882,0.23552954000000004,"5,277.30",-161.57,-2.97,2026-03-30 15:50:01
72,철강 중소형,-0.37,069730,DSR제강,테마 편입 사유,4935.0,상승  155,3.24,4905.0,4935.0,52417.0,253.0,51899.0,,,0.203882,0.23552954000000004,"5,277.30",-161.57,-2.97,2026-03-30 15:50:01
72,철강 중소형,-0.37,021040,대호특수강 *,테마 편입 사유,1216.0,상승  35,2.96,1194.0,1216.0,11778.0,14.0,53354.0,,,0.203882,0.23552954000000004,"5,277.30",-161.57,-2.97,2026-03-30 15:50:01
72,철강 중소형,-0.37,023790,동일스틸럭스 *,테마 편입 사유,905.0,상승  14,1.57,905.0,906.0,116567.0,104.0,95045.0,,,0.203882,0.23552954000000004,"5,277.30",-161.57,-2.97,2026-03-30 15:50:01
72,철강 중소형,-0.37,007280,한국특강,테마 편입 사유,1453.0,상승  12,0.83,1442.0,1453.0,61363.0,87.0,151985.0,,,0.203882,0.23552954000000004,"5,277.30",-161.57,-2.97,2026-03-30 15:50:01
72,철강 중소형,-0.37,008970,KBI동양철관,테마 편입 사유,1721.0,상승  13,0.76,1719.0,1721.0,603492.0,1028.0,658993.0,,,0.203882,0.23552954000000004,"5,277.30",-161.57,-2.97,2026-03-30 15:50:01
72,철강 중소형,-0.37,071090,하이스틸,테마 편입 사유,3470.0,상승  25,0.73,3440.0,3470.0,115451.0,398.0,94772.0,,,0.203882,0.23552954000000004,"5,277.30",-161.57,-2.97,2026-03-30 15:50:01
72,철강 중소형,-0.37,092790,넥스틸,테마 편입 사유,11420.0,상승  50,0.44,11420.0,11430.0,137253.0,1565.0,105111.0,,,0.203882,0.23552954000000004,"5,277.30",-161.57,-2.97,2026-03-30 15:50:01
72,철강 중소형,-0.37,026940,부국철강,테마 편입 사유,1998.0,상승  1,0.05,1998.0,2000.0,31538.0,62.0,31376.0,,,0.203882,0.23552954000000004,"5,277.30",-161.57,-2.97,2026-03-30 15:50:01
72,철강 중소형,-0.37,008420,문배철강,테마 편입 사유,2285.0,보합0,0.0,2280.0,2285.0,27588.0,62.0,65186.0,,,0.203882,0.23552954000000004,"5,277.30",-161.57,-2.97,2026-03-30 15:50:01
72,철강 중소형,-0.37,039240,경남스틸 *,테마 편입 사유,2535.0,보합0,0.0,2530.0,2535.0,104832.0,265.0,63237.0,,,0.203882,0.23552954000000004,"5,277.30",-161.57,-2.97,2026-03-30 15:50:01
72,철강 중소형,-0.37,000970,한국주철관,테마 편입 사유,6740.0,하락  10,-0.15,6720.0,6740.0,21287.0,142.0,49845.0,,,0.203882,0.23552954000000004,"5,277.30",-161.57,-2.97,2026-03-30 15:50:01
72,철강 중소형,-0.37,017480,삼현철강 *,테마 편입 사유,4600.0,하락  15,-0.33,4595.0,4600.0,12302.0,56.0,10129.0,,,0.203882,0.23552954000000004,"5,277.30",-161.57,-2.97,2026-03-30 15:50:01
72,철강 중소형,-0.37,004890,동일산업,테마 편입 사유,38600.0,하락  150,-0.39,38500.0,38600.0,386.0,14.0,333.0,,,0.203882,0.23552954000000004,"5,277.30",-161.57,-2.97,2026-03-30 15:50:01
72,철강 중소형,-0.37,139990,아주스틸,테마 편입 사유,2995.0,하락  15,-0.5,2990.0,2995.0,27244.0,81.0,24345.0,,,0.203882,0.23552954000000004,"5,277.30",-161.57,-2.97,2026-03-30 15:50:01
72,철강 중소형,-0.37,263770,유에스티 *,테마 편입 사유,1920.0,하락  10,-0.52,1920.0,1921.0,11417.0,22.0,38499.0,,,0.203882,0.23552954000000004,"5,277.30",-161.57,-2.97,2026-03-30 15:50:01
72,철강 중소형,-0.37,475430,키스트론 *,테마 편입 사유,4320.0,하락  40,-0.92,4300.0,4320.0,40317.0,172.0,57402.0,,,0.203882,0.23552954000000004,"5,277.30",-161.57,-2.97,2026-03-30 15:50:01
72,철강 중소형,-0.37,162300,신스틸 *,테마 편입 사유,1608.0,하락  19,-1.17,1608.0,1623.0,17248.0,28.0,17277.0,,,0.203882,0.23552954000000004,"5,277.30",-161.57,-2.97,2026-03-30 15:50:01
72,철강 중소형,-0.37,060380,동양에스텍 *,테마 편입 사유,1393.0,하락  17,-1.21,1393.0,1394.0,13580.0,19.0,10027.0,,,0.203882,0.23552954000000004,"5,277.30",-161.57,-2.97,2026-03-30 15:50:01
72,철강 중소형,-0.37,048470,대동스틸 *,테마 편입 사유,3205.0,하락  40,-1.23,3205.0,3210.0,36121.0,115.0,79719.0,,,0.203882,0.23552954000000004,"5,277.30",-161.57,-2.97,2026-03-30 15:50:01
72,철강 중소형,-0.37,002710,TCC스틸,테마 편입 사유,13380.0,하락  180,-1.33,13380.0,13390.0,109110.0,1470.0,129558.0,,,0.203882,0.23552954000000004,"5,277.30",-161.57,-2.97,2026-03-30 15:50:01
72,철강 중소형,-0.37,140520,대창스틸 *,테마 편입 사유,2095.0,하락  30,-1.41,2095.0,2115.0,36139.0,76.0,61090.0,,,0.203882,0.23552954000000004,"5,277.30",-161.57,-2.97,2026-03-30 15:50:01
72,철강 중소형,-0.37,002690,동일제강,테마 편입 사유,1538.0,하락  25,-1.6,1538.0,1543.0,30249.0,46.0,56937.0,,,0.203882,0.23552954000000004,"5,277.30",-161.57,-2.97,2026-03-30 15:50:01
72,철강 중소형,-0.37,002220,한일철강,테마 편입 사유,3645.0,하락  65,-1.75,3645.0,3655.0,75707.0,271.0,59957.0,,,0.203882,0.23552954000000004,"5,277.30",-161.57,-2.97,2026-03-30 15:50:01
72,철강 중소형,-0.37,014280,금강공업,테마 편입 사유,4815.0,하락  90,-1.83,4810.0,4815.0,68082.0,323.0,117045.0,,,0.203882,0.23552954000000004,"5,277.30",-161.57,-2.97,2026-03-30 15:50:01
72,철강 중소형,-0.37,146060,율촌 *,테마 편입 사유,1490.0,하락  29,-1.91,1489.0,1490.0,46202.0,68.0,68010.0,,,0.203882,0.23552954000000004,"5,277.30",-161.57,-2.97,2026-03-30 15:50:01
72,철강 중소형,-0.37,005160,동국산업 *,테마 편입 사유,3120.0,하락  65,-2.04,3115.0,3120.0,106423.0,333.0,223826.0,,,0.203882,0.23552954000000004,"5,277.30",-161.57,-2.97,2026-03-30 15:50:01
72,철강 중소형,-0.37,133820,화인베스틸,테마 편입 사유,1183.0,하락  29,-2.39,1172.0,1183.0,48638.0,56.0,78323.0,,,0.203882,0.23552954000000004,"5,277.30",-161.57,-2.97,2026-03-30 15:50:01
72,철강 중소형,-0.37,012620,원일특강 *,테마 편입 사유,9240.0,하락  230,-2.43,9240.0,9250.0,7020.0,65.0,9335.0,,,0.203882,0.23552954000000004,"5,277.30",-161.57,-2.97,2026-03-30 15:50:01
72,철강 중소형,-0.37,001080,만호제강,테마 편입 사유,5020.0,하락  150,-2.9,5000.0,5020.0,70364.0,339.0,81477.0,,,0.203882,0.23552954000000004,"5,277.30",-161.57,-2.97,2026-03-30 15:50:01
72,철강 중소형,-0.37,053260,금강철강 *,테마 편입 사유,4285.0,하락  145,-3.27,4285.0,4290.0,14553.0,63.0,40454.0,,,0.203882,0.23552954000000004,"5,277.30",-161.57,-2.97,2026-03-30 15:50:01
72,철강 중소형,-0.37,008260,NI스틸,테마 편입 사유,3520.0,하락  125,-3.43,3515.0,3520.0,89162.0,315.0,96263.0,,,0.203882,0.23552954000000004,"5,277.30",-161.57,-2.97,2026-03-30 15:50:01
72,철강 중소형,-0.37,012160,영흥,테마 편입 사유,550.0,하락  23,-4.01,550.0,551.0,110334.0,60.0,58578.0,,,0.203882,0.23552954000000004,"5,277.30",-161.57,-2.97,2026-03-30 15:50:01
72,철강 중소형,-0.37,004560,현대비앤지스틸,테마 편입 사유,15110.0,하락  710,-4.49,15110.0,15120.0,91136.0,1371.0,108329.0,,,0.203882,0.23552954000000004,"5,277.30",-161.57,-2.97,2026-03-30 15:50:01
187,핵융합에너지,-1.92,094820,일진파워 *,테마 편입 사유,16880.0,상승  230,1.38,16860.0,16880.0,271203.0,4463.0,229561.0,,,0.717944,0.21229368000000015,"5,277.30",-161.57,-2.97,2026-03-30 15:50:01
187,핵융합에너지,-1.92,042370,비츠로테크 *,테마 편입 사유,11550.0,상승  110,0.96,11540.0,11550.0,386941.0,4409.0,371966.0,,,0.717944,0.21229368000000015,"5,277.30",-161.57,-2.97,2026-03-30 15:50:01
187,핵융합에너지,-1.92,002240,고려제강,테마 편입 사유,21600.0,상승  200,0.93,21550.0,21600.0,13482.0,286.0,17347.0,,,0.717944,0.21229368000000015,"5,277.30",-161.57,-2.97,2026-03-30 15:50:01
187,핵융합에너지,-1.92,250060,모비스 *,테마 편입 사유,4380.0,하락  85,-1.9,4375.0,4380.0,375469.0,1635.0,556988.0,,,0.717944,0.21229368000000015,"5,277.30",-161.57,-2.97,2026-03-30 15:50:01
187,핵융합에너지,-1.92,056190,에스에프에이 *,테마 편입 사유,27100.0,하락  650,-2.34,27050.0,27100.0,67389.0,1824.0,70328.0,,,0.717944,0.21229368000000015,"5,277.30",-161.57,-2.97,2026-03-30 15:50:01
187,핵융합에너지,-1.92,001820,삼화콘덴서,테마 편입 사유,54200.0,"하락  1,900",-3.39,54200.0,54400.0,178806.0,9630.0,253903.0,,,0.717944,0.21229368000000015,"5,277.30",-161.57,-2.97,2026-03-30 15:50:01
187,핵융합에너지,-1.92,034020,두산에너빌리티,테마 편입 사유,94200.0,"하락  3,900",-3.98,94100.0,94200.0,2828561.0,263912.0,3549743.0,,,0.717944,0.21229368000000015,"5,277.30",-161.57,-2.97,2026-03-30 15:50:01
187,핵융합에너지,-1.92,488900,비츠로넥스텍 *,테마 편입 사유,18740.0,"하락  1,410",-7.0,18730.0,18740.0,207381.0,3884.0,262389.0,,,0.717944,0.21229368000000015,"5,277.30",-161.57,-2.97,2026-03-30 15:50:01
560,냉각시스템(액침냉각 등),-2.24,096770,SK이노베이션,테마 편입 사유,113400.0,"상승  2,000",1.8,113300.0,113400.0,494379.0,55633.0,310314.0,,,0.816544,0.18513568000000014,"5,277.30",-161.57,-2.97,2026-03-30 15:50:01
560,냉각시스템(액침냉각 등),-2.24,060310,3S *,테마 편입 사유,1274.0,상승  5,0.39,1274.0,1275.0,109041.0,137.0,153966.0,,,0.816544,0.18513568000000014,"5,277.30",-161.57,-2.97,2026-03-30 15:50:01
560,냉각시스템(액침냉각 등),-2.24,107640,한중엔시에스 *,테마 편입 사유,50700.0,하락  700,-1.36,50700.0,50800.0,111892.0,5730.0,92953.0,,,0.816544,0.18513568000000014,"5,277.30",-161.57,-2.97,2026-03-30 15:50:01
560,냉각시스템(액침냉각 등),-2.24,053080,케이엔솔 *,테마 편입 사유,10640.0,하락  160,-1.48,10620.0,10640.0,84737.0,888.0,99286.0,,,0.816544,0.18513568000000014,"5,277.30",-161.57,-2.97,2026-03-30 15:50:01
560,냉각시스템(액침냉각 등),-2.24,012450,한화에어로스페이스,테마 편입 사유,1308000.0,"하락  27,000",-2.02,1305000.0,1308000.0,160317.0,208116.0,205178.0,,,0.816544,0.18513568000000014,"5,277.30",-161.57,-2.97,2026-03-30 15:50:01
560,냉각시스템(액침냉각 등),-2.24,396470,워트 *,테마 편입 사유,6920.0,하락  150,-2.12,6910.0,6920.0,61483.0,425.0,418188.0,,,0.816544,0.18513568000000014,"5,277.30",-161.57,-2.97,2026-03-30 15:50:01
560,냉각시스템(액침냉각 등),-2.24,034730,SK,테마 편입 사유,324500.0,"하락  9,500",-2.84,324500.0,325000.0,136412.0,43752.0,108664.0,,,0.816544,0.18513568000000014,"5,277.30",-161.57,-2.97,2026-03-30 15:50:01
560,냉각시스템(액침냉각 등),-2.24,078930,GS,테마 편입 사유,65900.0,"하락  2,000",-2.95,65500.0,65900.0,214787.0,14094.0,202401.0,,,0.816544,0.18513568000000014,"5,277.30",-161.57,-2.97,2026-03-30 15:50:01
560,냉각시스템(액침냉각 등),-2.24,066570,LG전자,테마 편입 사유,108300.0,"하락  3,700",-3.3,108200.0,108300.0,462365.0,49537.0,552035.0,,,0.816544,0.18513568000000014,"5,277.30",-161.57,-2.97,2026-03-30 15:50:01
560,냉각시스템(액침냉각 등),-2.24,036200,유니셈 *,테마 편입 사유,8980.0,하락  470,-4.97,8970.0,8980.0,208449.0,1868.0,259596.0,,,0.816544,0.18513568000000014,"5,277.30",-161.57,-2.97,2026-03-30 15:50:01
560,냉각시스템(액침냉각 등),-2.24,083450,GST *,테마 편입 사유,25500.0,"하락  1,550",-5.73,25500.0,25550.0,295616.0,7497.0,365977.0,,,0.816544,0.18513568000000014,"5,277.30",-161.57,-2.97,2026-03-30 15:50:01
105,사료,0.08,005860,한일사료 *,테마 편입 사유,3955.0,상승  230,6.17,3950.0,3955.0,6429052.0,25810.0,2001610.0,,,0.029914,0.16884458000000002,"5,277.30",-161.57,-2.97,2026-03-30 15:50:01
105,사료,0.08,003310,대주산업 *,테마 편입 사유,3595.0,상승  120,3.45,3590.0,3595.0,934056.0,3278.0,800309.0,,,0.029914,0.16884458000000002,"5,277.30",-161.57,-2.97,2026-03-30 15:50:01
105,사료,0.08,027710,팜스토리 *,테마 편입 사유,1342.0,상승  35,2.68,1341.0,1342.0,1514082.0,2002.0,614364.0,,,0.029914,0.16884458000000002,"5,277.30",-161.57,-2.97,2026-03-30 15:50:01
105,사료,0.08,368970,오에스피 *,테마 편입 사유,1661.0,상승  35,2.15,1661.0,1664.0,18507.0,31.0,14784.0,,,0.029914,0.16884458000000002,"5,277.30",-161.57,-2.97,2026-03-30 15:50:01
105,사료,0.08,002140,고려산업,테마 편입 사유,2775.0,상승  55,2.02,2760.0,2775.0,585008.0,1611.0,431734.0,,,0.029914,0.16884458000000002,"5,277.30",-161.57,-2.97,2026-03-30 15:50:01
105,사료,0.08,218150,미래생명자원 *,테마 편입 사유,3115.0,상승  45,1.47,3115.0,3120.0,662281.0,2088.0,248247.0,,,0.029914,0.16884458000000002,"5,277.30",-161.57,-2.97,2026-03-30 15:50:01
105,사료,0.08,018620,우진비앤지 *,테마 편입 사유,692.0,상승  5,0.73,690.0,692.0,36933.0,26.0,63392.0,,,0.029914,0.16884458000000002,"5,277.30",-161.57,-2.97,2026-03-30 15:50:01
105,사료,0.08,002680,한탑 *,테마 편입 사유,736.0,상승  2,0.27,736.0,740.0,936598.0,712.0,216639.0,,,0.029914,0.16884458000000002,"5,277.30",-161.57,-2.97,2026-03-30 15:50:01
105,사료,0.08,035810,이지홀딩스 *,테마 편입 사유,5610.0,하락  10,-0.18,5600.0,5610.0,347263.0,1918.0,257615.0,,,0.029914,0.16884458000000002,"5,277.30",-161.57,-2.97,2026-03-30 15:50:01
105,사료,0.08,001790,대한제당,테마 편입 사유,2915.0,하락  10,-0.34,2910.0,2915.0,243659.0,705.0,344784.0,,,0.029914,0.16884458000000002,"5,277.30",-161.57,-2.97,2026-03-30 15:50:01
105,사료,0.08,025880,케이씨피드 *,테마 편입 사유,2890.0,하락  15,-0.52,2890.0,2900.0,147286.0,428.0,110807.0,,,0.029914,0.16884458000000002,"5,277.30",-161.57,-2.97,2026-03-30 15:50:01
105,사료,0.08,008040,사조동아원,테마 편입 사유,1016.0,하락  14,-1.36,1016.0,1017.0,227356.0,231.0,415427.0,,,0.029914,0.16884458000000002,"5,277.30",-161.57,-2.97,2026-03-30 15:50:01
105,사료,0.08,179530,애드바이오텍 *,테마 편입 사유,2625.0,하락  45,-1.69,2625.0,2670.0,230784.0,619.0,457588.0,,,0.029914,0.16884458000000002,"5,277.30",-161.57,-2.97,2026-03-30 15:50:01
105,사료,0.08,353810,이지바이오 *,테마 편입 사유,7110.0,하락  170,-2.34,7100.0,7110.0,89222.0,639.0,209302.0,,,0.029914,0.16884458000000002,"5,277.30",-161.57,-2.97,2026-03-30 15:50:01
105,사료,0.08,060590,씨티씨바이오 *,테마 편입 사유,3850.0,하락  95,-2.41,3850.0,3870.0,31988.0,124.0,34543.0,,,0.029914,0.16884458000000002,"5,277.30",-161.57,-2.97,2026-03-30 15:50:01
105,사료,0.08,036580,팜스코,테마 편입 사유,3140.0,하락  80,-2.48,3140.0,3160.0,43883.0,136.0,43665.0,,,0.029914,0.16884458000000002,"5,277.30",-161.57,-2.97,2026-03-30 15:50:01
105,사료,0.08,006980,우성,테마 편입 사유,20350.0,하락  600,-2.86,20300.0,20500.0,4140.0,84.0,3972.0,,,0.029914,0.16884458000000002,"5,277.30",-161.57,-2.97,2026-03-30 15:50:01
105,사료,0.08,136490,선진,테마 편입 사유,10050.0,하락  340,-3.27,10050.0,10080.0,76173.0,765.0,85927.0,,,0.029914,0.16884458000000002,"5,277.30",-161.57,-2.97,2026-03-30 15:50:01
213,해저터널(지하화/지하도로 등),-1.55,060370,LS마린솔루션 *,테마 편입 사유,28800.0,상승  400,1.41,28600.0,28800.0,148787.0,4252.0,123613.0,,,0.550928,0.08625616000000003,"5,277.30",-161.57,-2.97,2026-03-30 15:50:01
213,해저터널(지하화/지하도로 등),-1.55,028100,동아지질,테마 편입 사유,17680.0,상승  100,0.57,17610.0,17680.0,36953.0,650.0,55271.0,,,0.550928,0.08625616000000003,"5,277.30",-161.57,-2.97,2026-03-30 15:50:01
213,해저터널(지하화/지하도로 등),-1.55,026150,특수건설 *,테마 편입 사유,6470.0,보합0,0.0,6410.0,6470.0,77358.0,493.0,147305.0,,,0.550928,0.08625616000000003,"5,277.30",-161.57,-2.97,2026-03-30 15:50:01
213,해저터널(지하화/지하도로 등),-1.55,046940,우원개발 *,테마 편입 사유,4405.0,하락  55,-1.23,4395.0,4405.0,107737.0,470.0,116678.0,,,0.550928,0.08625616000000003,"5,277.30",-161.57,-2.97,2026-03-30 15:50:01
213,해저터널(지하화/지하도로 등),-1.55,025550,한국선재 *,테마 편입 사유,3185.0,하락  70,-2.15,3170.0,3185.0,129032.0,409.0,101415.0,,,0.550928,0.08625616000000003,"5,277.30",-161.57,-2.97,2026-03-30 15:50:01
213,해저터널(지하화/지하도로 등),-1.55,006260,LS,테마 편입 사유,261000.0,"하락  7,000",-2.61,260500.0,261000.0,94543.0,24339.0,142220.0,,,0.550928,0.08625616000000003,"5,277.30",-161.57,-2.97,2026-03-30 15:50:01
213,해저터널(지하화/지하도로 등),-1.55,125020,티씨머티리얼즈 *,테마 편입 사유,4665.0,하락  150,-3.12,4665.0,4695.0,530835.0,2466.0,1140182.0,,,0.550928,0.08625616000000003,"5,277.30",-161.57,-2.97,2026-03-30 15:50:01
213,해저터널(지하화/지하도로 등),-1.55,011390,부산산업,테마 편입 사유,71200.0,"하락  2,500",-3.39,71200.0,71300.0,3642.0,257.0,3469.0,,,0.550928,0.08625616000000003,"5,277.30",-161.57,-2.97,2026-03-30 15:50:01
213,해저터널(지하화/지하도로 등),-1.55,017510,세명전기 *,테마 편입 사유,8990.0,하락  320,-3.44,8990.0,9020.0,130590.0,1170.0,199673.0,,,0.550928,0.08625616000000003,"5,277.30",-161.57,-2.97,2026-03-30 15:50:01
297,공작기계,-0.31,010660,화천기계,테마 편입 사유,6200.0,상승  330,5.62,6170.0,6200.0,627420.0,3824.0,238998.0,,,0.116663,0.03648911000000005,"5,277.30",-161.57,-2.97,2026-03-30 15:50:01
297,공작기계,-0.31,009160,SIMPAC,테마 편입 사유,5150.0,상승  165,3.31,5150.0,5160.0,236841.0,1218.0,104132.0,,,0.116663,0.03648911000000005,"5,277.30",-161.57,-2.97,2026-03-30 15:50:01
297,공작기계,-0.31,019210,와이지-원 *,테마 편입 사유,12950.0,상승  380,3.02,12950.0,12970.0,896784.0,11437.0,625390.0,,,0.116663,0.03648911000000005,"5,277.30",-161.57,-2.97,2026-03-30 15:50:01
297,공작기계,-0.31,195990,에이비프로바이오 *,테마 편입 사유,1410.0,상승  37,2.69,1409.0,1410.0,622630.0,884.0,487002.0,,,0.116663,0.03648911000000005,"5,277.30",-161.57,-2.97,2026-03-30 15:50:01
297,공작기계,-0.31,047400,유니온머티리얼,테마 편입 사유,1646.0,상승  24,1.48,1646.0,1650.0,881891.0,1450.0,1127517.0,,,0.116663,0.03648911000000005,"5,277.30",-161.57,-2.97,2026-03-30 15:50:01
297,공작기계,-0.31,025890,한국주강,테마 편입 사유,1788.0,상승  8,0.45,1788.0,1789.0,117337.0,211.0,473145.0,,,0.116663,0.03648911000000005,"5,277.30",-161.57,-2.97,2026-03-30 15:50:01
297,공작기계,-0.31,003570,SNT다이내믹스,테마 편입 사유,49750.0,상승  50,0.1,49700.0,49750.0,73816.0,3635.0,71798.0,,,0.116663,0.03648911000000005,"5,277.30",-161.57,-2.97,2026-03-30 15:50:01
297,공작기계,-0.31,101680,한국정밀기계 *,테마 편입 사유,2770.0,보합0,0.0,2755.0,2770.0,61061.0,169.0,89723.0,,,0.116663,0.03648911000000005,"5,277.30",-161.57,-2.97,2026-03-30 15:50:01
297,공작기계,-0.31,100660,서암기계공업 *,테마 편입 사유,4290.0,하락  45,-1.04,4240.0,4290.0,11602.0,49.0,43039.0,,,0.116663,0.03648911000000005,"5,277.30",-161.57,-2.97,2026-03-30 15:50:01
297,공작기계,-0.31,000850,화천기공,테마 편입 사유,36350.0,하락  500,-1.36,36300.0,36350.0,5380.0,193.0,5394.0,,,0.116663,0.03648911000000005,"5,277.30",-161.57,-2.97,2026-03-30 15:50:01
297,공작기계,-0.31,089140,넥스턴앤롤코리아 *,테마 편입 사유,2115.0,하락  55,-2.53,2115.0,2120.0,73708.0,155.0,94288.0,,,0.116663,0.03648911000000005,"5,277.30",-161.57,-2.97,2026-03-30 15:50:01
297,공작기계,-0.31,099440,스맥 *,테마 편입 사유,4780.0,하락  180,-3.63,4775.0,4780.0,422696.0,2023.0,379567.0,,,0.116663,0.03648911000000005,"5,277.30",-161.57,-2.97,2026-03-30 15:50:01
297,공작기계,-0.31,129920,대성하이텍 *,테마 편입 사유,12630.0,"하락  1,740",-12.11,12630.0,12640.0,408612.0,5298.0,595139.0,,,0.116663,0.03648911000000005,"5,277.30",-161.57,-2.97,2026-03-30 15:50:01
86,"주류업(주정, 에탄올 등)",-0.29,023900,풍국주정 *,테마 편입 사유,10340.0,상승  730,7.6,10330.0,10340.0,3067844.0,33828.0,79663.0,,,0.103404,0.017109880000000022,"5,277.30",-161.57,-2.97,2026-03-30 15:50:01
86,"주류업(주정, 에탄올 등)",-0.29,405920,나라셀라 *,테마 편입 사유,2560.0,상승  90,3.64,2525.0,2560.0,43586.0,110.0,4900.0,,,0.103404,0.017109880000000022,"5,277.30",-161.57,-2.97,2026-03-30 15:50:01
86,"주류업(주정, 에탄올 등)",-0.29,043650,국순당 *,테마 편입 사유,4160.0,상승  15,0.36,4160.0,4165.0,31034.0,128.0,16185.0,,,0.103404,0.017109880000000022,"5,277.30",-161.57,-2.97,2026-03-30 15:50:01
86,"주류업(주정, 에탄올 등)",-0.29,023150,MH에탄올,테마 편입 사유,4300.0,상승  15,0.35,4300.0,4310.0,6263.0,26.0,5208.0,,,0.103404,0.017109880000000022,"5,277.30",-161.57,-2.97,2026-03-30 15:50:01
86,"주류업(주정, 에탄올 등)",-0.29,276730,한울앤제주 *,테마 편입 사유,708.0,하락  2,-0.28,707.0,708.0,40632.0,29.0,85355.0,,,0.103404,0.017109880000000022,"5,277.30",-161.57,-2.97,2026-03-30 15:50:01
86,"주류업(주정, 에탄올 등)",-0.29,004650,창해에탄올 *,테마 편입 사유,9680.0,하락  40,-0.41,9620.0,9680.0,37420.0,359.0,17155.0,,,0.103404,0.017109880000000022,"5,277.30",-161.57,-2.97,2026-03-30 15:50:01
86,"주류업(주정, 에탄올 등)",-0.29,018120,진로발효 *,테마 편입 사유,17500.0,하락  150,-0.85,17490.0,17500.0,2638.0,46.0,1809.0,,,0.103404,0.017109880000000022,"5,277.30",-161.57,-2.97,2026-03-30 15:50:01
86,"주류업(주정, 에탄올 등)",-0.29,000890,보해양조,테마 편입 사유,426.0,하락  6,-1.39,425.0,426.0,255392.0,108.0,341886.0,,,0.103404,0.017109880000000022,"5,277.30",-161.57,-2.97,2026-03-30 15:50:01
86,"주류업(주정, 에탄올 등)",-0.29,000080,하이트진로,테마 편입 사유,16470.0,하락  260,-1.55,16460.0,16470.0,83695.0,1382.0,132871.0,,,0.103404,0.017109880000000022,"5,277.30",-161.57,-2.97,2026-03-30 15:50:01
86,"주류업(주정, 에탄올 등)",-0.29,000140,하이트진로홀딩스,테마 편입 사유,8880.0,하락  190,-2.09,8880.0,8900.0,11983.0,106.0,43462.0,,,0.103404,0.017109880000000022,"5,277.30",-161.57,-2.97,2026-03-30 15:50:01
86,"주류업(주정, 에탄올 등)",-0.29,033920,무학,테마 편입 사유,8600.0,하락  240,-2.71,8600.0,8610.0,59388.0,510.0,50192.0,,,0.103404,0.017109880000000022,"5,277.30",-161.57,-2.97,2026-03-30 15:50:01
86,"주류업(주정, 에탄올 등)",-0.29,017890,한국알콜 *,테마 편입 사유,10880.0,하락  320,-2.86,10870.0,10880.0,48944.0,537.0,67159.0,,,0.103404,0.017109880000000022,"5,277.30",-161.57,-2.97,2026-03-30 15:50:01
86,"주류업(주정, 에탄올 등)",-0.29,005300,롯데칠성,테마 편입 사유,113700.0,"하락  4,200",-3.56,113300.0,113700.0,15887.0,1802.0,17043.0,,,0.103404,0.017109880000000022,"5,277.30",-161.57,-2.97,2026-03-30 15:50:01
14,반도체 재료/부품,-2.32,425040,티이엠씨 *,테마 편입 사유,12970.0,"상한가  2,990",29.96,12970.0,0.0,18017781.0,223404.0,507223.0,,,0.786443,0.015735710000000402,"5,277.30",-161.57,-2.97,2026-03-30 15:50:01
14,반도체 재료/부품,-2.32,317330,덕산테코피아 *,테마 편입 사유,18120.0,"상승  2,240",14.11,18110.0,18120.0,862327.0,15549.0,71742.0,,,0.786443,0.015735710000000402,"5,277.30",-161.57,-2.97,2026-03-30 15:50:01
14,반도체 재료/부품,-2.32,417500,제이아이테크 *,테마 편입 사유,5240.0,상승  365,7.49,5230.0,5240.0,3947785.0,20869.0,930892.0,,,0.786443,0.015735710000000402,"5,277.30",-161.57,-2.97,2026-03-30 15:50:01
14,반도체 재료/부품,-2.32,092220,KEC,테마 편입 사유,1917.0,상승  114,6.32,1916.0,1917.0,42522343.0,83854.0,13284822.0,,,0.786443,0.015735710000000402,"5,277.30",-161.57,-2.97,2026-03-30 15:50:01
14,반도체 재료/부품,-2.32,241790,티이엠씨씨엔에스 *,테마 편입 사유,7840.0,상승  340,4.53,7830.0,7840.0,214396.0,1693.0,28284.0,,,0.786443,0.015735710000000402,"5,277.30",-161.57,-2.97,2026-03-30 15:50:01
14,반도체 재료/부품,-2.32,456040,OCI,테마 편입 사유,98000.0,"상승  4,200",4.48,97900.0,98000.0,78963.0,7745.0,27153.0,,,0.786443,0.015735710000000402,"5,277.30",-161.57,-2.97,2026-03-30 15:50:01
14,반도체 재료/부품,-2.32,489500,엘케이켐 *,테마 편입 사유,33700.0,상승  700,2.12,33550.0,33700.0,62551.0,2038.0,93388.0,,,0.786443,0.015735710000000402,"5,277.30",-161.57,-2.97,2026-03-30 15:50:01
14,반도체 재료/부품,-2.32,033160,엠케이전자 *,테마 편입 사유,15700.0,상승  110,0.71,15690.0,15700.0,853752.0,13186.0,601048.0,,,0.786443,0.015735710000000402,"5,277.30",-161.57,-2.97,2026-03-30 15:50:01
14,반도체 재료/부품,-2.32,098120,마이크로컨텍솔 *,테마 편입 사유,27400.0,상승  150,0.55,27300.0,27400.0,154450.0,4161.0,94336.0,,,0.786443,0.015735710000000402,"5,277.30",-161.57,-2.97,2026-03-30 15:50:01
14,반도체 재료/부품,-2.32,060310,3S *,테마 편입 사유,1274.0,상승  5,0.39,1274.0,1275.0,109041.0,137.0,153966.0,,,0.786443,0.015735710000000402,"5,277.30",-161.57,-2.97,2026-03-30 15:50:01
14,반도체 재료/부품,-2.32,220260,켐트로스 *,테마 편입 사유,5290.0,상승  10,0.19,5290.0,5300.0,249806.0,1329.0,161871.0,,,0.786443,0.015735710000000402,"5,277.30",-161.57,-2.97,2026-03-30 15:50:01
14,반도체 재료/부품,-2.32,036090,위지트 *,테마 편입 사유,613.0,하락  1,-0.16,613.0,614.0,1631018.0,1000.0,3211765.0,,,0.786443,0.015735710000000402,"5,277.30",-161.57,-2.97,2026-03-30 15:50:01
14,반도체 재료/부품,-2.32,025000,KPX케미칼,테마 편입 사유,49350.0,하락  150,-0.3,49200.0,49350.0,2362.0,115.0,5910.0,,,0.786443,0.015735710000000402,"5,277.30",-161.57,-2.97,2026-03-30 15:50:01
14,반도체 재료/부품,-2.32,142210,유니트론텍 *,테마 편입 사유,5240.0,하락  20,-0.38,5230.0,5240.0,119458.0,615.0,154864.0,,,0.786443,0.015735710000000402,"5,277.30",-161.57,-2.97,2026-03-30 15:50:01
14,반도체 재료/부품,-2.32,311320,지오엘리먼트 *,테마 편입 사유,6870.0,하락  30,-0.43,6860.0,6870.0,28790.0,194.0,45382.0,,,0.786443,0.015735710000000402,"5,277.30",-161.57,-2.97,2026-03-30 15:50:01
14,반도체 재료/부품,-2.32,043590,웰킵스하이텍 *,테마 편입 사유,663.0,하락  5,-0.75,657.0,663.0,59931.0,39.0,92161.0,,,0.786443,0.015735710000000402,"5,277.30",-161.57,-2.97,2026-03-30 15:50:01
14,반도체 재료/부품,-2.32,095340,ISC *,테마 편입 사유,247500.0,"하락  2,500",-1.0,247000.0,247500.0,209705.0,51439.0,204748.0,,,0.786443,0.015735710000000402,"5,277.30",-161.57,-2.97,2026-03-30 15:50:01
14,반도체 재료/부품,-2.32,036810,에프에스티 *,테마 편입 사유,38550.0,하락  400,-1.03,38500.0,38550.0,210511.0,7969.0,174600.0,,,0.786443,0.015735710000000402,"5,277.30",-161.57,-2.97,2026-03-30 15:50:01
14,반도체 재료/부품,-2.32,241770,메카로 *,테마 편입 사유,36600.0,하락  400,-1.08,36600.0,36750.0,30057.0,1080.0,35259.0,,,0.786443,0.015735710000000402,"5,277.30",-161.57,-2.97,2026-03-30 15:50:01
14,반도체 재료/부품,-2.32,101160,월덱스 *,테마 편입 사유,29650.0,하락  350,-1.17,29650.0,29700.0,87211.0,2559.0,105667.0,,,0.786443,0.015735710000000402,"5,277.30",-161.57,-2.97,2026-03-30 15:50:01
14,반도체 재료/부품,-2.32,446540,메가터치 *,테마 편입 사유,4170.0,하락  50,-1.18,4170.0,4195.0,99029.0,413.0,138072.0,,,0.786443,0.015735710000000402,"5,277.30",-161.57,-2.97,2026-03-30 15:50:01
14,반도체 재료/부품,-2.32,281820,케이씨텍,테마 편입 사유,48050.0,하락  750,-1.54,48000.0,48050.0,130991.0,6346.0,130691.0,,,0.786443,0.015735710000000402,"5,277.30",-161.57,-2.97,2026-03-30 15:50:01
14,반도체 재료/부품,-2.32,278280,천보 *,테마 편입 사유,51100.0,하락  900,-1.73,51100.0,51200.0,95730.0,5005.0,168059.0,,,0.786443,0.015735710000000402,"5,277.30",-161.57,-2.97,2026-03-30 15:50:01
14,반도체 재료/부품,-2.32,104830,원익머트리얼즈 *,테마 편입 사유,41250.0,하락  750,-1.79,41200.0,41250.0,86829.0,3592.0,48829.0,,,0.786443,0.015735710000000402,"5,277.30",-161.57,-2.97,2026-03-30 15:50:01
14,반도체 재료/부품,-2.32,219130,타이거일렉 *,테마 편입 사유,28750.0,하락  600,-2.04,28750.0,28850.0,23237.0,664.0,52398.0,,,0.786443,0.015735710000000402,"5,277.30",-161.57,-2.97,2026-03-30 15:50:01
14,반도체 재료/부품,-2.32,482630,삼양엔씨켐 *,테마 편입 사유,15980.0,하락  380,-2.32,15970.0,15980.0,161102.0,2561.0,184595.0,,,0.786443,0.015735710000000402,"5,277.30",-161.57,-2.97,2026-03-30 15:50:01
14,반도체 재료/부품,-2.32,171010,램테크놀러지 *,테마 편입 사유,3220.0,하락  85,-2.57,3195.0,3220.0,25636.0,82.0,32167.0,,,0.786443,0.015735710000000402,"5,277.30",-161.57,-2.97,2026-03-30 15:50:01
14,반도체 재료/부품,-2.32,033640,네패스 *,테마 편입 사유,17810.0,하락  500,-2.73,17800.0,17810.0,256070.0,4533.0,174230.0,,,0.786443,0.015735710000000402,"5,277.30",-161.57,-2.97,2026-03-30 15:50:01
14,반도체 재료/부품,-2.32,014680,한솔케미칼,테마 편입 사유,264500.0,"하락  8,500",-3.11,263000.0,264500.0,34188.0,9034.0,49475.0,,,0.786443,0.015735710000000402,"5,277.30",-161.57,-2.97,2026-03-30 15:50:01
14,반도체 재료/부품,-2.32,024850,HLB이노베이션 *,테마 편입 사유,4680.0,하락  155,-3.21,4675.0,4680.0,2236812.0,10384.0,2879053.0,,,0.786443,0.015735710000000402,"5,277.30",-161.57,-2.97,2026-03-30 15:50:01
14,반도체 재료/부품,-2.32,357780,솔브레인 *,테마 편입 사유,383000.0,"하락  13,000",-3.28,383000.0,383500.0,29976.0,11561.0,28517.0,,,0.786443,0.015735710000000402,"5,277.30",-161.57,-2.97,2026-03-30 15:50:01
14,반도체 재료/부품,-2.32,064760,티씨케이 *,테마 편입 사유,231000.0,"하락  8,000",-3.35,230000.0,231000.0,51073.0,11614.0,54113.0,,,0.786443,0.015735710000000402,"5,277.30",-161.57,-2.97,2026-03-30 15:50:01
14,반도체 재료/부품,-2.32,093370,후성,테마 편입 사유,7120.0,하락  250,-3.39,7110.0,7120.0,389936.0,2777.0,358161.0,,,0.786443,0.015735710000000402,"5,277.30",-161.57,-2.97,2026-03-30 15:50:01
14,반도체 재료/부품,-2.32,272110,케이엔제이 *,테마 편입 사유,34400.0,"하락  1,250",-3.51,34350.0,34400.0,88383.0,3025.0,116966.0,,,0.786443,0.015735710000000402,"5,277.30",-161.57,-2.97,2026-03-30 15:50:01
14,반도체 재료/부품,-2.32,424980,마이크로투나노 *,테마 편입 사유,11910.0,하락  450,-3.64,11910.0,11970.0,35140.0,415.0,27455.0,,,0.786443,0.015735710000000402,"5,277.30",-161.57,-2.97,2026-03-30 15:50:01
14,반도체 재료/부품,-2.32,025320,시노펙스 *,테마 편입 사유,5660.0,하락  220,-3.74,5660.0,5670.0,390653.0,2223.0,478117.0,,,0.786443,0.015735710000000402,"5,277.30",-161.57,-2.97,2026-03-30 15:50:01
14,반도체 재료/부품,-2.32,281740,레이크머티리얼즈 *,테마 편입 사유,19720.0,하락  780,-3.8,19710.0,19720.0,484985.0,9548.0,750184.0,,,0.786443,0.015735710000000402,"5,277.30",-161.57,-2.97,2026-03-30 15:50:01
14,반도체 재료/부품,-2.32,031330,에스에이엠티 *,테마 편입 사유,5040.0,하락  200,-3.82,5040.0,5050.0,467938.0,2341.0,580850.0,,,0.786443,0.015735710000000402,"5,277.30",-161.57,-2.97,2026-03-30 15:50:01
14,반도체 재료/부품,-2.32,052900,KX하이텍 *,테마 편입 사유,1111.0,하락  46,-3.98,1109.0,1111.0,693834.0,769.0,452095.0,,,0.786443,0.015735710000000402,"5,277.30",-161.57,-2.97,2026-03-30 15:50:01
14,반도체 재료/부품,-2.32,000390,삼화페인트,테마 편입 사유,9400.0,하락  400,-4.08,9400.0,9410.0,1311767.0,12763.0,2414127.0,,,0.786443,0.015735710000000402,"5,277.30",-161.57,-2.97,2026-03-30 15:50:01
14,반도체 재료/부품,-2.32,112290,와이씨켐 *,테마 편입 사유,23450.0,"하락  1,000",-4.09,23400.0,23450.0,93555.0,2174.0,104817.0,,,0.786443,0.015735710000000402,"5,277.30",-161.57,-2.97,2026-03-30 15:50:01
14,반도체 재료/부품,-2.32,114810,한솔아이원스 *,테마 편입 사유,13410.0,하락  590,-4.21,13410.0,13480.0,160861.0,2158.0,213006.0,,,0.786443,0.015735710000000402,"5,277.30",-161.57,-2.97,2026-03-30 15:50:01
14,반도체 재료/부품,-2.32,059090,미코 *,테마 편입 사유,12970.0,하락  610,-4.49,12960.0,12970.0,198962.0,2591.0,223748.0,,,0.786443,0.015735710000000402,"5,277.30",-161.57,-2.97,2026-03-30 15:50:01
14,반도체 재료/부품,-2.32,074600,원익QnC *,테마 편입 사유,30400.0,"하락  1,450",-4.55,30350.0,30400.0,213420.0,6474.0,228569.0,,,0.786443,0.015735710000000402,"5,277.30",-161.57,-2.97,2026-03-30 15:50:01
14,반도체 재료/부품,-2.32,102710,이엔에프테크놀로지 *,테마 편입 사유,48300.0,"하락  2,300",-4.55,48250.0,48300.0,42585.0,2060.0,61417.0,,,0.786443,0.015735710000000402,"5,277.30",-161.57,-2.97,2026-03-30 15:50:01
14,반도체 재료/부품,-2.32,101490,에스앤에스텍 *,테마 편입 사유,79600.0,"하락  3,900",-4.67,79600.0,79700.0,146901.0,11661.0,216916.0,,,0.786443,0.015735710000000402,"5,277.30",-161.57,-2.97,2026-03-30 15:50:01
14,반도체 재료/부품,-2.32,307750,국전약품 *,테마 편입 사유,4380.0,하락  235,-5.09,4380.0,4385.0,588626.0,2595.0,1268944.0,,,0.786443,0.015735710000000402,"5,277.30",-161.57,-2.97,2026-03-30 15:50:01
14,반도체 재료/부품,-2.32,144960,뉴파워프라즈마 *,테마 편입 사유,5100.0,하락  280,-5.2,5100.0,5130.0,172737.0,881.0,131761.0,,,0.786443,0.015735710000000402,"5,277.30",-161.57,-2.97,2026-03-30 15:50:01
14,반도체 재료/부품,-2.32,166090,하나머티리얼즈 *,테마 편입 사유,60000.0,"하락  3,400",-5.36,59900.0,60000.0,197617.0,11758.0,265891.0,,,0.786443,0.015735710000000402,"5,277.30",-161.57,-2.97,2026-03-30 15:50:01
14,반도체 재료/부품,-2.32,388210,씨엠티엑스 *,테마 편입 사유,137700.0,"하락  7,800",-5.36,137700.0,137800.0,99035.0,13861.0,117970.0,,,0.786443,0.015735710000000402,"5,277.30",-161.57,-2.97,2026-03-30 15:50:01
14,반도체 재료/부품,-2.32,005290,동진쎄미켐 *,테마 편입 사유,44000.0,"하락  2,500",-5.38,43950.0,44000.0,381851.0,16899.0,525099.0,,,0.786443,0.015735710000000402,"5,277.30",-161.57,-2.97,2026-03-30 15:50:01
14,반도체 재료/부품,-2.32,445180,퓨릿 *,테마 편입 사유,7900.0,하락  460,-5.5,7900.0,7920.0,85921.0,685.0,84157.0,,,0.786443,0.015735710000000402,"5,277.30",-161.57,-2.97,2026-03-30 15:50:01
14,반도체 재료/부품,-2.32,077360,덕산하이메탈 *,테마 편입 사유,10450.0,하락  640,-5.77,10450.0,10470.0,578646.0,6026.0,797602.0,,,0.786443,0.015735710000000402,"5,277.30",-161.57,-2.97,2026-03-30 15:50:01
14,반도체 재료/부품,-2.32,067310,하나마이크론 *,테마 편입 사유,29300.0,"하락  1,800",-5.79,29250.0,29300.0,990164.0,28801.0,2076869.0,,,0.786443,0.015735710000000402,"5,277.30",-161.57,-2.97,2026-03-30 15:50:01
14,반도체 재료/부품,-2.32,252990,샘씨엔에스 *,테마 편입 사유,8830.0,하락  560,-5.96,8800.0,8830.0,335767.0,2944.0,573413.0,,,0.786443,0.015735710000000402,"5,277.30",-161.57,-2.97,2026-03-30 15:50:01
14,반도체 재료/부품,-2.32,170920,엘티씨 *,테마 편입 사유,31900.0,"하락  2,050",-6.04,31600.0,31900.0,269985.0,8401.0,175607.0,,,0.786443,0.015735710000000402,"5,277.30",-161.57,-2.97,2026-03-30 15:50:01
14,반도체 재료/부품,-2.32,083500,에프엔에스테크 *,테마 편입 사유,16000.0,"하락  1,040",-6.1,16000.0,16010.0,96547.0,1543.0,174177.0,,,0.786443,0.015735710000000402,"5,277.30",-161.57,-2.97,2026-03-30 15:50:01
14,반도체 재료/부품,-2.32,092070,디엔에프 *,테마 편입 사유,19120.0,"하락  1,280",-6.27,19110.0,19120.0,103808.0,1977.0,123296.0,,,0.786443,0.015735710000000402,"5,277.30",-161.57,-2.97,2026-03-30 15:50:01
14,반도체 재료/부품,-2.32,080580,오킨스전자 *,테마 편입 사유,19340.0,"하락  1,360",-6.57,19340.0,19350.0,436414.0,8462.0,859818.0,,,0.786443,0.015735710000000402,"5,277.30",-161.57,-2.97,2026-03-30 15:50:01
14,반도체 재료/부품,-2.32,147760,피엠티 *,테마 편입 사유,3455.0,하락  245,-6.62,3455.0,3485.0,29389.0,104.0,26224.0,,,0.786443,0.015735710000000402,"5,277.30",-161.57,-2.97,2026-03-30 15:50:01
14,반도체 재료/부품,-2.32,272290,이녹스첨단소재 *,테마 편입 사유,29950.0,"하락  2,250",-6.99,29900.0,29950.0,186926.0,5634.0,170023.0,,,0.786443,0.015735710000000402,"5,277.30",-161.57,-2.97,2026-03-30 15:50:01
14,반도체 재료/부품,-2.32,146320,비씨엔씨 *,테마 편입 사유,13400.0,"하락  1,010",-7.01,13400.0,13450.0,45566.0,611.0,45821.0,,,0.786443,0.015735710000000402,"5,277.30",-161.57,-2.97,2026-03-30 15:50:01
14,반도체 재료/부품,-2.32,195870,해성디에스,테마 편입 사유,50300.0,"하락  3,900",-7.2,50300.0,50400.0,100329.0,5069.0,213336.0,,,0.786443,0.015735710000000402,"5,277.30",-161.57,-2.97,2026-03-30 15:50:01
14,반도체 재료/부품,-2.32,000150,두산,테마 편입 사유,1112000.0,"하락  91,000",-7.56,1112000.0,1113000.0,80523.0,88754.0,81128.0,,,0.786443,0.015735710000000402,"5,277.30",-161.57,-2.97,2026-03-30 15:50:01
14,반도체 재료/부품,-2.32,295310,에이치브이엠 *,테마 편입 사유,87700.0,"하락  7,500",-7.88,87600.0,87700.0,228326.0,20049.0,285090.0,,,0.786443,0.015735710000000402,"5,277.30",-161.57,-2.97,2026-03-30 15:50:01
14,반도체 재료/부품,-2.32,078350,한양디지텍 *,테마 편입 사유,29650.0,"하락  5,200",-14.92,29650.0,29700.0,588066.0,18134.0,1387784.0,,,0.786443,0.015735710000000402,"5,277.30",-161.57,-2.97,2026-03-30 15:50:01
