theme_no,테마명,테마등락률,종목코드,종목명,종목명.1,현재가,전일비,등락률,매수호가,매도호가,거래량,거래대금,전일거래량,토론,Unnamed: 11,Beta,베타조정수익률,코스피지수,코스피등락,코스피등락률,코스피조회시간
523,리튬,1.72,086520,에코프로 *,테마 편입 사유,149300.0,"상승  9,800",7.03,150600.0,150700.0,900470.0,133601.0,1534387.0,,,0.779965,-4.9565004,"5,485.03",432.57,8.56,2026-04-01 15:07:25
523,리튬,1.72,025560,미래산업,테마 편입 사유,13320.0,상승  780,6.22,13360.0,13370.0,32622.0,433.0,33145.0,,,0.779965,-4.9565004,"5,485.03",432.57,8.56,2026-04-01 15:07:25
523,리튬,1.72,278280,천보 *,테마 편입 사유,51300.0,"상승  2,900",5.99,51600.0,51700.0,38968.0,1994.0,79179.0,,,0.779965,-4.9565004,"5,485.03",432.57,8.56,2026-04-01 15:07:25
523,리튬,1.72,107600,새빗켐 *,테마 편입 사유,26600.0,"상승  1,500",5.98,26400.0,26500.0,20637.0,538.0,80421.0,,,0.779965,-4.9565004,"5,485.03",432.57,8.56,2026-04-01 15:07:25
523,리튬,1.72,093370,후성,테마 편입 사유,7410.0,상승  390,5.56,7400.0,7410.0,368012.0,2681.0,498402.0,,,0.779965,-4.9565004,"5,485.03",432.57,8.56,2026-04-01 15:07:25
523,리튬,1.72,051910,LG화학,테마 편입 사유,314000.0,"상승  15,000",5.02,313500.0,314000.0,258194.0,79730.0,473765.0,,,0.779965,-4.9565004,"5,485.03",432.57,8.56,2026-04-01 15:07:25
523,리튬,1.72,009520,포스코엠텍 *,테마 편입 사유,17990.0,상승  790,4.59,18040.0,18050.0,215649.0,3860.0,936838.0,,,0.779965,-4.9565004,"5,485.03",432.57,8.56,2026-04-01 15:07:25
523,리튬,1.72,003670,포스코퓨처엠,테마 편입 사유,212500.0,"상승  9,000",4.42,212000.0,212500.0,240226.0,50394.0,444840.0,,,0.779965,-4.9565004,"5,485.03",432.57,8.56,2026-04-01 15:07:25
523,리튬,1.72,029480,광무 *,테마 편입 사유,2075.0,상승  87,4.38,2080.0,2085.0,159928.0,330.0,257683.0,,,0.779965,-4.9565004,"5,485.03",432.57,8.56,2026-04-01 15:07:25
523,리튬,1.72,005490,POSCO홀딩스,테마 편입 사유,346500.0,"상승  14,000",4.21,346500.0,347000.0,317883.0,109098.0,390060.0,,,0.779965,-4.9565004,"5,485.03",432.57,8.56,2026-04-01 15:07:25
523,리튬,1.72,005420,코스모화학,테마 편입 사유,15450.0,상승  580,3.9,15410.0,15420.0,142522.0,2179.0,246329.0,,,0.779965,-4.9565004,"5,485.03",432.57,8.56,2026-04-01 15:07:25
523,리튬,1.72,290670,대보마그네틱 *,테마 편입 사유,11710.0,상승  390,3.45,11640.0,11660.0,13326.0,155.0,22865.0,,,0.779965,-4.9565004,"5,485.03",432.57,8.56,2026-04-01 15:07:25
523,리튬,1.72,373220,LG에너지솔루션,테마 편입 사유,408000.0,"상승  13,500",3.42,408500.0,409000.0,302952.0,121802.0,518297.0,,,0.779965,-4.9565004,"5,485.03",432.57,8.56,2026-04-01 15:07:25
523,리튬,1.72,095500,미래나노텍 *,테마 편입 사유,9970.0,상승  320,3.32,9960.0,10000.0,769252.0,7578.0,1268285.0,,,0.779965,-4.9565004,"5,485.03",432.57,8.56,2026-04-01 15:07:25
523,리튬,1.72,004490,세방전지,테마 편입 사유,61300.0,"상승  1,800",3.03,61200.0,61300.0,36173.0,2196.0,51250.0,,,0.779965,-4.9565004,"5,485.03",432.57,8.56,2026-04-01 15:07:25
523,리튬,1.72,365340,성일하이텍 *,테마 편입 사유,60400.0,상승  700,1.17,60500.0,60600.0,49046.0,2959.0,105358.0,,,0.779965,-4.9565004,"5,485.03",432.57,8.56,2026-04-01 15:07:25
523,리튬,1.72,051980,중앙첨단소재 *,테마 편입 사유,1492.0,상승  2,0.13,1492.0,1493.0,3167780.0,4717.0,15262169.0,,,0.779965,-4.9565004,"5,485.03",432.57,8.56,2026-04-01 15:07:25
523,리튬,1.72,270520,앱튼 *,테마 편입 사유,173.0,하락  5,-2.81,171.0,172.0,2177575.0,375.0,2476885.0,,,0.779965,-4.9565004,"5,485.03",432.57,8.56,2026-04-01 15:07:25
523,리튬,1.72,348370,엔켐 *,테마 편입 사유,39350.0,"하락  1,600",-3.91,39350.0,39400.0,499969.0,19836.0,550907.0,,,0.779965,-4.9565004,"5,485.03",432.57,8.56,2026-04-01 15:07:25
523,리튬,1.72,114190,강원에너지 *,테마 편입 사유,14600.0,"하락  1,010",-6.47,14610.0,14620.0,1112371.0,15900.0,3730682.0,,,0.779965,-4.9565004,"5,485.03",432.57,8.56,2026-04-01 15:07:25
523,리튬,1.72,101670,하이드로리튬 *,테마 편입 사유,2165.0,하락  190,-8.07,2165.0,2170.0,4316416.0,9369.0,28336646.0,,,0.779965,-4.9565004,"5,485.03",432.57,8.56,2026-04-01 15:07:25
523,리튬,1.72,073570,리튬포어스 *,테마 편입 사유,621.0,하락  99,-13.75,622.0,628.0,3192501.0,2058.0,1391464.0,,,0.779965,-4.9565004,"5,485.03",432.57,8.56,2026-04-01 15:07:25
581,탈 플라스틱(친환경/생분해성 등),-2.88,092200,디아이씨,테마 편입 사유,8510.0,상승  280,3.4,8550.0,8570.0,259268.0,2198.0,278311.0,,,0.207469,-4.65593464,"5,485.03",432.57,8.56,2026-04-01 15:07:25
581,탈 플라스틱(친환경/생분해성 등),-2.88,138490,코오롱ENP,테마 편입 사유,15000.0,보합0,0.0,0.0,0.0,0.0,0.0,0.0,,,0.207469,-4.65593464,"5,485.03",432.57,8.56,2026-04-01 15:07:25
581,탈 플라스틱(친환경/생분해성 등),-2.88,038110,에코플라스틱 *,테마 편입 사유,3695.0,하락  15,-0.4,3740.0,3750.0,6654351.0,24936.0,10436413.0,,,0.207469,-4.65593464,"5,485.03",432.57,8.56,2026-04-01 15:07:25
581,탈 플라스틱(친환경/생분해성 등),-2.88,260930,씨티케이 *,테마 편입 사유,4060.0,하락  30,-0.73,4065.0,4070.0,240194.0,973.0,625840.0,,,0.207469,-4.65593464,"5,485.03",432.57,8.56,2026-04-01 15:07:25
581,탈 플라스틱(친환경/생분해성 등),-2.88,272550,삼양패키징,테마 편입 사유,12240.0,하락  190,-1.53,12250.0,12270.0,377994.0,4631.0,1761369.0,,,0.207469,-4.65593464,"5,485.03",432.57,8.56,2026-04-01 15:07:25
581,탈 플라스틱(친환경/생분해성 등),-2.88,014970,삼륭물산 *,테마 편입 사유,8390.0,하락  440,-4.98,8410.0,8420.0,636662.0,5421.0,244747.0,,,0.207469,-4.65593464,"5,485.03",432.57,8.56,2026-04-01 15:07:25
581,탈 플라스틱(친환경/생분해성 등),-2.88,037230,한국팩키지 *,테마 편입 사유,2630.0,하락  145,-5.23,2635.0,2645.0,7680365.0,21678.0,10363232.0,,,0.207469,-4.65593464,"5,485.03",432.57,8.56,2026-04-01 15:07:25
581,탈 플라스틱(친환경/생분해성 등),-2.88,340440,세림B&G *,테마 편입 사유,1681.0,하락  129,-7.13,1680.0,1681.0,4279465.0,7348.0,5548494.0,,,0.207469,-4.65593464,"5,485.03",432.57,8.56,2026-04-01 15:07:25
581,탈 플라스틱(친환경/생분해성 등),-2.88,285800,진영 *,테마 편입 사유,1711.0,하락  202,-10.56,1730.0,1731.0,947669.0,1689.0,1055881.0,,,0.207469,-4.65593464,"5,485.03",432.57,8.56,2026-04-01 15:07:25
525,렌터카,-4.08,089860,롯데렌탈,테마 편입 사유,31000.0,상승  400,1.31,30900.0,31000.0,24028.0,745.0,41947.0,,,0.065427,-4.64005512,"5,485.03",432.57,8.56,2026-04-01 15:07:25
525,렌터카,-4.08,038390,레드캡투어 *,테마 편입 사유,10420.0,하락  10,-0.1,10410.0,10440.0,28139.0,295.0,38910.0,,,0.065427,-4.64005512,"5,485.03",432.57,8.56,2026-04-01 15:07:25
525,렌터카,-4.08,403550,쏘카,테마 편입 사유,11320.0,하락  230,-1.99,11330.0,11340.0,19584.0,223.0,21629.0,,,0.065427,-4.64005512,"5,485.03",432.57,8.56,2026-04-01 15:07:25
525,렌터카,-4.08,381970,케이카,테마 편입 사유,11580.0,"하락  2,160",-15.72,11620.0,11630.0,2198969.0,26702.0,93451.0,,,0.065427,-4.64005512,"5,485.03",432.57,8.56,2026-04-01 15:07:25
449,2차전지(생산),4.61,006400,삼성SDI,테마 편입 사유,430000.0,"상승  22,000",5.39,432500.0,433000.0,700009.0,297334.0,1110671.0,,,0.950035,-3.5222995999999993,"5,485.03",432.57,8.56,2026-04-01 15:07:25
449,2차전지(생산),4.61,096770,SK이노베이션,테마 편입 사유,114000.0,"상승  5,300",4.88,114000.0,114100.0,297118.0,33545.0,424109.0,,,0.950035,-3.5222995999999993,"5,485.03",432.57,8.56,2026-04-01 15:07:25
449,2차전지(생산),4.61,373220,LG에너지솔루션,테마 편입 사유,408000.0,"상승  13,500",3.42,408500.0,409000.0,302952.0,121802.0,518297.0,,,0.950035,-3.5222995999999993,"5,485.03",432.57,8.56,2026-04-01 15:07:25
520,피팅(관이음쇠)/밸브,3.74,073010,케이에스피 *,테마 편입 사유,3470.0,상승  205,6.28,3475.0,3485.0,125596.0,432.0,175087.0,,,0.824895,-3.3211012,"5,485.03",432.57,8.56,2026-04-01 15:07:25
520,피팅(관이음쇠)/밸브,3.74,039610,화성밸브 *,테마 편입 사유,7930.0,상승  400,5.31,7930.0,7940.0,31366.0,247.0,33699.0,,,0.824895,-3.3211012,"5,485.03",432.57,8.56,2026-04-01 15:07:25
520,피팅(관이음쇠)/밸브,3.74,452280,한선엔지니어링 *,테마 편입 사유,14540.0,상승  690,4.98,14600.0,14610.0,376516.0,5500.0,589066.0,,,0.824895,-3.3211012,"5,485.03",432.57,8.56,2026-04-01 15:07:25
520,피팅(관이음쇠)/밸브,3.74,025550,한국선재 *,테마 편입 사유,3265.0,상승  145,4.65,3250.0,3255.0,67528.0,218.0,99322.0,,,0.824895,-3.3211012,"5,485.03",432.57,8.56,2026-04-01 15:07:25
520,피팅(관이음쇠)/밸브,3.74,105740,디케이락 *,테마 편입 사유,9680.0,상승  350,3.75,9680.0,9690.0,55969.0,541.0,117966.0,,,0.824895,-3.3211012,"5,485.03",432.57,8.56,2026-04-01 15:07:25
520,피팅(관이음쇠)/밸브,3.74,013030,하이록코리아 *,테마 편입 사유,36250.0,"상승  1,300",3.72,36250.0,36350.0,45156.0,1629.0,64810.0,,,0.824895,-3.3211012,"5,485.03",432.57,8.56,2026-04-01 15:07:25
520,피팅(관이음쇠)/밸브,3.74,014620,성광벤드 *,테마 편입 사유,35900.0,상승  800,2.28,35800.0,36100.0,237206.0,8386.0,444540.0,,,0.824895,-3.3211012,"5,485.03",432.57,8.56,2026-04-01 15:07:25
520,피팅(관이음쇠)/밸브,3.74,086670,비엠티 *,테마 편입 사유,15140.0,상승  280,1.88,15170.0,15210.0,101207.0,1520.0,143960.0,,,0.824895,-3.3211012,"5,485.03",432.57,8.56,2026-04-01 15:07:25
520,피팅(관이음쇠)/밸브,3.74,023160,태광 *,테마 편입 사유,35500.0,상승  500,1.43,35450.0,35500.0,485214.0,16982.0,1017205.0,,,0.824895,-3.3211012,"5,485.03",432.57,8.56,2026-04-01 15:07:25
36,해운,-0.71,011200,HMM,테마 편입 사유,20400.0,상승  830,4.24,20350.0,20400.0,1578049.0,31719.0,1754901.0,,,0.287513,-3.1711112800000003,"5,485.03",432.57,8.56,2026-04-01 15:07:25
36,해운,-0.71,028670,팬오션,테마 편입 사유,5060.0,상승  165,3.37,5030.0,5040.0,2806894.0,14050.0,3467952.0,,,0.287513,-3.1711112800000003,"5,485.03",432.57,8.56,2026-04-01 15:07:25
36,해운,-0.71,044450,KSS해운,테마 편입 사유,11180.0,상승  280,2.57,11100.0,11110.0,439782.0,4770.0,1472534.0,,,0.287513,-3.1711112800000003,"5,485.03",432.57,8.56,2026-04-01 15:07:25
36,해운,-0.71,005880,대한해운,테마 편입 사유,2420.0,상승  25,1.04,2400.0,2405.0,29104445.0,68361.0,80920731.0,,,0.287513,-3.1711112800000003,"5,485.03",432.57,8.56,2026-04-01 15:07:25
36,해운,-0.71,003280,흥아해운,테마 편입 사유,3760.0,하락  220,-5.53,3615.0,3620.0,136780011.0,513495.0,244463281.0,,,0.287513,-3.1711112800000003,"5,485.03",432.57,8.56,2026-04-01 15:07:25
36,해운,-0.71,465770,STX그린로지스,테마 편입 사유,6450.0,하락  700,-9.79,6360.0,6370.0,1019775.0,6431.0,5791765.0,,,0.287513,-3.1711112800000003,"5,485.03",432.57,8.56,2026-04-01 15:07:25
177,LPG(액화석유가스),1.3,010950,S-Oil,테마 편입 사유,113200.0,"상승  7,900",7.5,112300.0,112500.0,541893.0,60208.0,509557.0,,,0.490787,-2.9011367200000002,"5,485.03",432.57,8.56,2026-04-01 15:07:25
177,LPG(액화석유가스),1.3,096770,SK이노베이션,테마 편입 사유,114000.0,"상승  5,300",4.88,114000.0,114100.0,297118.0,33545.0,424109.0,,,0.490787,-2.9011367200000002,"5,485.03",432.57,8.56,2026-04-01 15:07:25
177,LPG(액화석유가스),1.3,078930,GS,테마 편입 사유,66800.0,"상승  3,000",4.7,66600.0,66700.0,260802.0,17263.0,213242.0,,,0.490787,-2.9011367200000002,"5,485.03",432.57,8.56,2026-04-01 15:07:25
177,LPG(액화석유가스),1.3,128820,대성산업,테마 편입 사유,6870.0,상승  240,3.62,6770.0,6780.0,650588.0,4364.0,1679274.0,,,0.490787,-2.9011367200000002,"5,485.03",432.57,8.56,2026-04-01 15:07:25
177,LPG(액화석유가스),1.3,014530,극동유화,테마 편입 사유,3805.0,상승  15,0.4,3790.0,3795.0,560747.0,2110.0,687764.0,,,0.490787,-2.9011367200000002,"5,485.03",432.57,8.56,2026-04-01 15:07:25
177,LPG(액화석유가스),1.3,000440,중앙에너비스 *,테마 편입 사유,22350.0,하락  150,-0.67,22200.0,22250.0,118601.0,2640.0,154541.0,,,0.490787,-2.9011367200000002,"5,485.03",432.57,8.56,2026-04-01 15:07:25
177,LPG(액화석유가스),1.3,017940,E1,테마 편입 사유,98900.0,"하락  1,500",-1.49,99200.0,99300.0,19075.0,1878.0,15469.0,,,0.490787,-2.9011367200000002,"5,485.03",432.57,8.56,2026-04-01 15:07:25
177,LPG(액화석유가스),1.3,018670,SK가스,테마 편입 사유,260000.0,"하락  9,000",-3.35,261000.0,262500.0,51908.0,13448.0,88120.0,,,0.490787,-2.9011367200000002,"5,485.03",432.57,8.56,2026-04-01 15:07:25
177,LPG(액화석유가스),1.3,024060,흥구석유 *,테마 편입 사유,18490.0,하락  750,-3.9,18430.0,18440.0,2207780.0,40779.0,3691394.0,,,0.490787,-2.9011367200000002,"5,485.03",432.57,8.56,2026-04-01 15:07:25
600,주유소,1.55,010950,S-Oil,테마 편입 사유,113200.0,"상승  7,900",7.5,112300.0,112500.0,541893.0,60208.0,509557.0,,,0.5,-2.7300000000000004,"5,485.03",432.57,8.56,2026-04-01 15:07:25
600,주유소,1.55,096770,SK이노베이션,테마 편입 사유,114000.0,"상승  5,300",4.88,114000.0,114100.0,297118.0,33545.0,424109.0,,,0.5,-2.7300000000000004,"5,485.03",432.57,8.56,2026-04-01 15:07:25
600,주유소,1.55,078930,GS,테마 편입 사유,66800.0,"상승  3,000",4.7,66600.0,66700.0,260802.0,17263.0,213242.0,,,0.5,-2.7300000000000004,"5,485.03",432.57,8.56,2026-04-01 15:07:25
600,주유소,1.55,128820,대성산업,테마 편입 사유,6870.0,상승  240,3.62,6770.0,6780.0,650588.0,4364.0,1679274.0,,,0.5,-2.7300000000000004,"5,485.03",432.57,8.56,2026-04-01 15:07:25
600,주유소,1.55,267250,HD현대,테마 편입 사유,247000.0,"상승  8,000",3.35,246500.0,247000.0,138647.0,34128.0,164015.0,,,0.5,-2.7300000000000004,"5,485.03",432.57,8.56,2026-04-01 15:07:25
600,주유소,1.55,012700,리드코프 *,테마 편입 사유,3620.0,상승  90,2.55,3585.0,3605.0,70556.0,253.0,36534.0,,,0.5,-2.7300000000000004,"5,485.03",432.57,8.56,2026-04-01 15:07:25
600,주유소,1.55,015890,태경산업,테마 편입 사유,4865.0,상승  70,1.46,4865.0,4870.0,12587.0,61.0,80465.0,,,0.5,-2.7300000000000004,"5,485.03",432.57,8.56,2026-04-01 15:07:25
600,주유소,1.55,395400,SK리츠,테마 편입 사유,6290.0,상승  70,1.13,6340.0,6350.0,236101.0,1481.0,458468.0,,,0.5,-2.7300000000000004,"5,485.03",432.57,8.56,2026-04-01 15:07:25
600,주유소,1.55,014530,극동유화,테마 편입 사유,3805.0,상승  15,0.4,3790.0,3795.0,560747.0,2110.0,687764.0,,,0.5,-2.7300000000000004,"5,485.03",432.57,8.56,2026-04-01 15:07:25
600,주유소,1.55,002420,세기상사,테마 편입 사유,5120.0,상승  20,0.39,5090.0,5110.0,35139.0,179.0,35999.0,,,0.5,-2.7300000000000004,"5,485.03",432.57,8.56,2026-04-01 15:07:25
600,주유소,1.55,357120,코람코라이프인프라리츠,테마 편입 사유,4470.0,보합0,0.0,4465.0,4470.0,107965.0,484.0,123889.0,,,0.5,-2.7300000000000004,"5,485.03",432.57,8.56,2026-04-01 15:07:25
600,주유소,1.55,025860,남해화학,테마 편입 사유,7940.0,하락  50,-0.63,7910.0,7920.0,994436.0,7784.0,1542838.0,,,0.5,-2.7300000000000004,"5,485.03",432.57,8.56,2026-04-01 15:07:25
600,주유소,1.55,000440,중앙에너비스 *,테마 편입 사유,22350.0,하락  150,-0.67,22200.0,22250.0,118601.0,2640.0,154541.0,,,0.5,-2.7300000000000004,"5,485.03",432.57,8.56,2026-04-01 15:07:25
600,주유소,1.55,038620,위즈코프 *,테마 편입 사유,514.0,하락  7,-1.34,513.0,515.0,591960.0,307.0,1973643.0,,,0.5,-2.7300000000000004,"5,485.03",432.57,8.56,2026-04-01 15:07:25
600,주유소,1.55,024060,흥구석유 *,테마 편입 사유,18490.0,하락  750,-3.9,18430.0,18440.0,2207780.0,40779.0,3691394.0,,,0.5,-2.7300000000000004,"5,485.03",432.57,8.56,2026-04-01 15:07:25
385,키오스크(KIOSK),1.85,115500,케이씨에스 *,테마 편입 사유,9290.0,상승  780,9.17,9250.0,9260.0,57745.0,530.0,47072.0,,,0.492421,-2.36512376,"5,485.03",432.57,8.56,2026-04-01 15:07:25
385,키오스크(KIOSK),1.85,094940,푸른기술 *,테마 편입 사유,9630.0,상승  510,5.59,9630.0,9650.0,71429.0,681.0,59553.0,,,0.492421,-2.36512376,"5,485.03",432.57,8.56,2026-04-01 15:07:25
385,키오스크(KIOSK),1.85,136540,윈스테크넷 *,테마 편입 사유,11510.0,상승  450,4.07,11420.0,11430.0,29420.0,334.0,22730.0,,,0.492421,-2.36512376,"5,485.03",432.57,8.56,2026-04-01 15:07:25
385,키오스크(KIOSK),1.85,004920,씨아이테크,테마 편입 사유,1066.0,상승  40,3.9,1060.0,1067.0,41884.0,44.0,99375.0,,,0.492421,-2.36512376,"5,485.03",432.57,8.56,2026-04-01 15:07:25
385,키오스크(KIOSK),1.85,105760,포스뱅크 *,테마 편입 사유,5500.0,상승  110,2.04,5480.0,5500.0,30241.0,166.0,23229.0,,,0.492421,-2.36512376,"5,485.03",432.57,8.56,2026-04-01 15:07:25
385,키오스크(KIOSK),1.85,089150,케이씨티 *,테마 편입 사유,3510.0,상승  65,1.89,3505.0,3525.0,1518920.0,5446.0,1480593.0,,,0.492421,-2.36512376,"5,485.03",432.57,8.56,2026-04-01 15:07:25
385,키오스크(KIOSK),1.85,052600,한네트 *,테마 편입 사유,3720.0,상승  60,1.64,3710.0,3725.0,93986.0,347.0,300944.0,,,0.492421,-2.36512376,"5,485.03",432.57,8.56,2026-04-01 15:07:25
385,키오스크(KIOSK),1.85,063570,NICE인프라 *,테마 편입 사유,4060.0,상승  55,1.37,4060.0,4065.0,14889.0,60.0,33672.0,,,0.492421,-2.36512376,"5,485.03",432.57,8.56,2026-04-01 15:07:25
385,키오스크(KIOSK),1.85,177830,파버나인 *,테마 편입 사유,2730.0,하락  25,-0.91,2735.0,2755.0,39701.0,109.0,116765.0,,,0.492421,-2.36512376,"5,485.03",432.57,8.56,2026-04-01 15:07:25
385,키오스크(KIOSK),1.85,101140,인바이오젠,테마 편입 사유,8800.0,하락  870,-9.0,8810.0,8820.0,50013.0,447.0,60509.0,,,0.492421,-2.36512376,"5,485.03",432.57,8.56,2026-04-01 15:07:25
329,전력저장장치(ESS),4.53,010120,LS ELECTRIC,테마 편입 사유,801000.0,"상승  83,000",11.56,807000.0,808000.0,152142.0,119562.0,213168.0,,,0.803023,-2.3438768800000007,"5,485.03",432.57,8.56,2026-04-01 15:07:25
329,전력저장장치(ESS),4.53,001820,삼화콘덴서,테마 편입 사유,57700.0,"상승  5,800",11.18,58000.0,58200.0,223124.0,12674.0,165694.0,,,0.803023,-2.3438768800000007,"5,485.03",432.57,8.56,2026-04-01 15:07:25
329,전력저장장치(ESS),4.53,009470,삼화전기,테마 편입 사유,37600.0,"상승  3,500",10.26,37800.0,37850.0,76177.0,2814.0,59854.0,,,0.803023,-2.3438768800000007,"5,485.03",432.57,8.56,2026-04-01 15:07:25
329,전력저장장치(ESS),4.53,089980,상아프론테크 *,테마 편입 사유,23600.0,"상승  2,050",9.51,23500.0,23550.0,101641.0,2352.0,203409.0,,,0.803023,-2.3438768800000007,"5,485.03",432.57,8.56,2026-04-01 15:07:25
329,전력저장장치(ESS),4.53,178320,서진시스템 *,테마 편입 사유,46350.0,"상승  3,850",9.06,46550.0,46600.0,1483055.0,67780.0,1273782.0,,,0.803023,-2.3438768800000007,"5,485.03",432.57,8.56,2026-04-01 15:07:25
329,전력저장장치(ESS),4.53,267260,HD현대일렉트릭,테마 편입 사유,907000.0,"상승  75,000",9.01,913000.0,914000.0,125270.0,113078.0,194755.0,,,0.803023,-2.3438768800000007,"5,485.03",432.57,8.56,2026-04-01 15:07:25
329,전력저장장치(ESS),4.53,298040,효성중공업,테마 편입 사유,2666000.0,"상승  210,000",8.55,2680000.0,2682000.0,37220.0,97932.0,44474.0,,,0.803023,-2.3438768800000007,"5,485.03",432.57,8.56,2026-04-01 15:07:25
329,전력저장장치(ESS),4.53,130660,한전산업,테마 편입 사유,19390.0,"상승  1,470",8.2,19400.0,19410.0,406228.0,7712.0,412296.0,,,0.803023,-2.3438768800000007,"5,485.03",432.57,8.56,2026-04-01 15:07:25
329,전력저장장치(ESS),4.53,082920,비츠로셀 *,테마 편입 사유,38375.0,"상승  2,775",7.79,38550.0,38600.0,1162345.0,43910.0,771107.0,,,0.803023,-2.3438768800000007,"5,485.03",432.57,8.56,2026-04-01 15:07:25
329,전력저장장치(ESS),4.53,022100,포스코DX,테마 편입 사유,31450.0,"상승  2,000",6.79,31450.0,31500.0,300982.0,9289.0,339813.0,,,0.803023,-2.3438768800000007,"5,485.03",432.57,8.56,2026-04-01 15:07:25
329,전력저장장치(ESS),4.53,054210,이랜텍 *,테마 편입 사유,10450.0,상승  630,6.42,10490.0,10500.0,269898.0,2805.0,196589.0,,,0.803023,-2.3438768800000007,"5,485.03",432.57,8.56,2026-04-01 15:07:25
329,전력저장장치(ESS),4.53,066570,LG전자,테마 편입 사유,112200.0,"상승  6,600",6.25,112700.0,112800.0,603597.0,67483.0,759539.0,,,0.803023,-2.3438768800000007,"5,485.03",432.57,8.56,2026-04-01 15:07:25
329,전력저장장치(ESS),4.53,388050,지투파워 *,테마 편입 사유,12250.0,상승  690,5.97,12060.0,12070.0,1542605.0,18345.0,3524475.0,,,0.803023,-2.3438768800000007,"5,485.03",432.57,8.56,2026-04-01 15:07:25
329,전력저장장치(ESS),4.53,222080,씨아이에스 *,테마 편입 사유,12290.0,상승  690,5.95,12390.0,12400.0,1076730.0,13125.0,1480529.0,,,0.803023,-2.3438768800000007,"5,485.03",432.57,8.56,2026-04-01 15:07:25
329,전력저장장치(ESS),4.53,137400,피엔티 *,테마 편입 사유,50000.0,"상승  2,700",5.71,50100.0,50200.0,136045.0,6755.0,167123.0,,,0.803023,-2.3438768800000007,"5,485.03",432.57,8.56,2026-04-01 15:07:25
329,전력저장장치(ESS),4.53,011930,신성이엔지,테마 편입 사유,2730.0,상승  145,5.61,2735.0,2740.0,11649214.0,31839.0,24216844.0,,,0.803023,-2.3438768800000007,"5,485.03",432.57,8.56,2026-04-01 15:07:25
329,전력저장장치(ESS),4.53,416180,신성에스티 *,테마 편입 사유,34150.0,"상승  1,800",5.56,34200.0,34300.0,30595.0,1038.0,37001.0,,,0.803023,-2.3438768800000007,"5,485.03",432.57,8.56,2026-04-01 15:07:25
329,전력저장장치(ESS),4.53,006400,삼성SDI,테마 편입 사유,430000.0,"상승  22,000",5.39,432500.0,433000.0,700009.0,297334.0,1110671.0,,,0.803023,-2.3438768800000007,"5,485.03",432.57,8.56,2026-04-01 15:07:25
329,전력저장장치(ESS),4.53,047310,파워로직스 *,테마 편입 사유,4690.0,상승  220,4.92,4695.0,4700.0,130363.0,605.0,179806.0,,,0.803023,-2.3438768800000007,"5,485.03",432.57,8.56,2026-04-01 15:07:25
329,전력저장장치(ESS),4.53,096770,SK이노베이션,테마 편입 사유,114000.0,"상승  5,300",4.88,114000.0,114100.0,297118.0,33545.0,424109.0,,,0.803023,-2.3438768800000007,"5,485.03",432.57,8.56,2026-04-01 15:07:25
329,전력저장장치(ESS),4.53,126340,비나텍 *,테마 편입 사유,120700.0,"상승  5,600",4.87,121500.0,121700.0,95642.0,11477.0,136256.0,,,0.803023,-2.3438768800000007,"5,485.03",432.57,8.56,2026-04-01 15:07:25
329,전력저장장치(ESS),4.53,140670,알에스오토메이션 *,테마 편입 사유,16740.0,상승  760,4.76,16710.0,16750.0,135342.0,2254.0,148641.0,,,0.803023,-2.3438768800000007,"5,485.03",432.57,8.56,2026-04-01 15:07:25
329,전력저장장치(ESS),4.53,107640,한중엔시에스 *,테마 편입 사유,49200.0,"상승  2,100",4.46,49300.0,49350.0,115197.0,5619.0,132060.0,,,0.803023,-2.3438768800000007,"5,485.03",432.57,8.56,2026-04-01 15:07:25
329,전력저장장치(ESS),4.53,241690,유니테크노 *,테마 편입 사유,3640.0,상승  155,4.45,3625.0,3630.0,55024.0,199.0,63879.0,,,0.803023,-2.3438768800000007,"5,485.03",432.57,8.56,2026-04-01 15:07:25
329,전력저장장치(ESS),4.53,217820,원익피앤이 *,테마 편입 사유,3085.0,상승  130,4.4,3090.0,3095.0,102713.0,315.0,206005.0,,,0.803023,-2.3438768800000007,"5,485.03",432.57,8.56,2026-04-01 15:07:25
329,전력저장장치(ESS),4.53,493330,지에프아이 *,테마 편입 사유,13100.0,상승  500,3.97,13020.0,13040.0,13979.0,181.0,27784.0,,,0.803023,-2.3438768800000007,"5,485.03",432.57,8.56,2026-04-01 15:07:25
329,전력저장장치(ESS),4.53,125210,아모그린텍 *,테마 편입 사유,8010.0,상승  300,3.89,8010.0,8020.0,292408.0,2357.0,438195.0,,,0.803023,-2.3438768800000007,"5,485.03",432.57,8.56,2026-04-01 15:07:25
329,전력저장장치(ESS),4.53,373220,LG에너지솔루션,테마 편입 사유,408000.0,"상승  13,500",3.42,408500.0,409000.0,302952.0,121802.0,518297.0,,,0.803023,-2.3438768800000007,"5,485.03",432.57,8.56,2026-04-01 15:07:25
329,전력저장장치(ESS),4.53,004490,세방전지,테마 편입 사유,61300.0,"상승  1,800",3.03,61200.0,61300.0,36173.0,2196.0,51250.0,,,0.803023,-2.3438768800000007,"5,485.03",432.57,8.56,2026-04-01 15:07:25
329,전력저장장치(ESS),4.53,453450,그리드위즈 *,테마 편입 사유,21850.0,상승  450,2.1,21900.0,21950.0,204654.0,4537.0,373748.0,,,0.803023,-2.3438768800000007,"5,485.03",432.57,8.56,2026-04-01 15:07:25
329,전력저장장치(ESS),4.53,054090,삼진엘앤디 *,테마 편입 사유,1060.0,상승  20,1.92,1077.0,1085.0,1943662.0,2069.0,7856538.0,,,0.803023,-2.3438768800000007,"5,485.03",432.57,8.56,2026-04-01 15:07:25
329,전력저장장치(ESS),4.53,290550,디케이티 *,테마 편입 사유,17950.0,상승  280,1.58,18220.0,18240.0,315494.0,5813.0,340017.0,,,0.803023,-2.3438768800000007,"5,485.03",432.57,8.56,2026-04-01 15:07:25
329,전력저장장치(ESS),4.53,024900,디와이덕양,테마 편입 사유,1986.0,상승  27,1.38,1981.0,1983.0,125596.0,248.0,84484.0,,,0.803023,-2.3438768800000007,"5,485.03",432.57,8.56,2026-04-01 15:07:25
329,전력저장장치(ESS),4.53,273640,와이엠텍 *,테마 편입 사유,7250.0,상승  30,0.42,7270.0,7330.0,14170.0,102.0,17447.0,,,0.803023,-2.3438768800000007,"5,485.03",432.57,8.56,2026-04-01 15:07:25
329,전력저장장치(ESS),4.53,259630,엠플러스 *,테마 편입 사유,12900.0,상승  50,0.39,12790.0,12830.0,521862.0,6462.0,183272.0,,,0.803023,-2.3438768800000007,"5,485.03",432.57,8.56,2026-04-01 15:07:25
329,전력저장장치(ESS),4.53,106080,케이이엠텍 *,테마 편입 사유,330.0,보합0,0.0,0.0,0.0,0.0,0.0,0.0,,,0.803023,-2.3438768800000007,"5,485.03",432.57,8.56,2026-04-01 15:07:25
329,전력저장장치(ESS),4.53,475150,SK이터닉스,테마 편입 사유,53800.0,하락  500,-0.92,53800.0,53900.0,1589973.0,85332.0,3591657.0,,,0.803023,-2.3438768800000007,"5,485.03",432.57,8.56,2026-04-01 15:07:25
329,전력저장장치(ESS),4.53,322000,HD현대에너지솔루션,테마 편입 사유,135700.0,"하락  3,400",-2.44,135400.0,135700.0,995557.0,136295.0,2661330.0,,,0.803023,-2.3438768800000007,"5,485.03",432.57,8.56,2026-04-01 15:07:25
329,전력저장장치(ESS),4.53,348370,엔켐 *,테마 편입 사유,39350.0,"하락  1,600",-3.91,39350.0,39400.0,499969.0,19836.0,550907.0,,,0.803023,-2.3438768800000007,"5,485.03",432.57,8.56,2026-04-01 15:07:25
329,전력저장장치(ESS),4.53,282720,금양그린파워 *,테마 편입 사유,17100.0,하락  900,-5.0,17110.0,17120.0,1320406.0,23040.0,8713053.0,,,0.803023,-2.3438768800000007,"5,485.03",432.57,8.56,2026-04-01 15:07:25
472,2차전지(전고체),4.83,009150,삼성전기,테마 편입 사유,444000.0,"상승  36,500",8.96,448500.0,449000.0,541932.0,239426.0,774995.0,,,0.825888,-2.2396012799999996,"5,485.03",432.57,8.56,2026-04-01 15:07:25
472,2차전지(전고체),4.83,059090,미코 *,테마 편입 사유,13610.0,"상승  1,050",8.36,13630.0,13660.0,217990.0,2933.0,233654.0,,,0.825888,-2.2396012799999996,"5,485.03",432.57,8.56,2026-04-01 15:07:25
472,2차전지(전고체),4.83,025900,동화기업 *,테마 편입 사유,11120.0,상승  830,8.07,11140.0,11150.0,387574.0,4273.0,363658.0,,,0.825888,-2.2396012799999996,"5,485.03",432.57,8.56,2026-04-01 15:07:25
472,2차전지(전고체),4.83,049950,미래컴퍼니 *,테마 편입 사유,14090.0,"상승  1,030",7.89,14040.0,14090.0,32562.0,449.0,62517.0,,,0.825888,-2.2396012799999996,"5,485.03",432.57,8.56,2026-04-01 15:07:25
472,2차전지(전고체),4.83,083930,아바코 *,테마 편입 사유,13500.0,상승  970,7.74,13520.0,13540.0,75058.0,999.0,75446.0,,,0.825888,-2.2396012799999996,"5,485.03",432.57,8.56,2026-04-01 15:07:25
472,2차전지(전고체),4.83,294140,레몬 *,테마 편입 사유,3300.0,상승  210,6.8,3335.0,3345.0,96818.0,317.0,77581.0,,,0.825888,-2.2396012799999996,"5,485.03",432.57,8.56,2026-04-01 15:07:25
472,2차전지(전고체),4.83,011500,한농화성,테마 편입 사유,21250.0,"상승  1,280",6.41,21350.0,21400.0,167600.0,3508.0,216813.0,,,0.825888,-2.2396012799999996,"5,485.03",432.57,8.56,2026-04-01 15:07:25
472,2차전지(전고체),4.83,457190,이수스페셜티케미컬,테마 편입 사유,95000.0,"상승  5,700",6.38,95800.0,95900.0,201410.0,18925.0,291999.0,,,0.825888,-2.2396012799999996,"5,485.03",432.57,8.56,2026-04-01 15:07:25
472,2차전지(전고체),4.83,307180,아이엘 *,테마 편입 사유,5450.0,상승  320,6.24,5460.0,5470.0,2031369.0,11029.0,1411798.0,,,0.825888,-2.2396012799999996,"5,485.03",432.57,8.56,2026-04-01 15:07:25
472,2차전지(전고체),4.83,282880,코윈테크 *,테마 편입 사유,14140.0,상승  810,6.08,14140.0,14150.0,26476.0,372.0,46611.0,,,0.825888,-2.2396012799999996,"5,485.03",432.57,8.56,2026-04-01 15:07:25
472,2차전지(전고체),4.83,278280,천보 *,테마 편입 사유,51300.0,"상승  2,900",5.99,51600.0,51700.0,38968.0,1994.0,79179.0,,,0.825888,-2.2396012799999996,"5,485.03",432.57,8.56,2026-04-01 15:07:25
472,2차전지(전고체),4.83,222080,씨아이에스 *,테마 편입 사유,12290.0,상승  690,5.95,12390.0,12400.0,1076730.0,13125.0,1480529.0,,,0.825888,-2.2396012799999996,"5,485.03",432.57,8.56,2026-04-01 15:07:25
472,2차전지(전고체),4.83,006400,삼성SDI,테마 편입 사유,430000.0,"상승  22,000",5.39,432500.0,433000.0,700009.0,297334.0,1110671.0,,,0.825888,-2.2396012799999996,"5,485.03",432.57,8.56,2026-04-01 15:07:25
472,2차전지(전고체),4.83,281740,레이크머티리얼즈 *,테마 편입 사유,20500.0,상승  990,5.07,20550.0,20600.0,446854.0,9092.0,656960.0,,,0.825888,-2.2396012799999996,"5,485.03",432.57,8.56,2026-04-01 15:07:25
472,2차전지(전고체),4.83,096770,SK이노베이션,테마 편입 사유,114000.0,"상승  5,300",4.88,114000.0,114100.0,297118.0,33545.0,424109.0,,,0.825888,-2.2396012799999996,"5,485.03",432.57,8.56,2026-04-01 15:07:25
472,2차전지(전고체),4.83,382840,원준 *,테마 편입 사유,8870.0,상승  410,4.85,8840.0,8850.0,42728.0,376.0,87130.0,,,0.825888,-2.2396012799999996,"5,485.03",432.57,8.56,2026-04-01 15:07:25
472,2차전지(전고체),4.83,361610,SK아이이테크놀로지,테마 편입 사유,22250.0,"상승  1,000",4.71,22200.0,22250.0,142308.0,3109.0,161264.0,,,0.825888,-2.2396012799999996,"5,485.03",432.57,8.56,2026-04-01 15:07:25
472,2차전지(전고체),4.83,055490,테이팩스,테마 편입 사유,16140.0,상승  670,4.33,16080.0,16110.0,19332.0,307.0,39614.0,,,0.825888,-2.2396012799999996,"5,485.03",432.57,8.56,2026-04-01 15:07:25
472,2차전지(전고체),4.83,452200,민테크 *,테마 편입 사유,2315.0,상승  85,3.81,2320.0,2325.0,88289.0,204.0,42521.0,,,0.825888,-2.2396012799999996,"5,485.03",432.57,8.56,2026-04-01 15:07:25
472,2차전지(전고체),4.83,413390,엠오티 *,테마 편입 사유,8280.0,상승  300,3.76,8260.0,8270.0,122848.0,1011.0,202154.0,,,0.825888,-2.2396012799999996,"5,485.03",432.57,8.56,2026-04-01 15:07:25
472,2차전지(전고체),4.83,373220,LG에너지솔루션,테마 편입 사유,408000.0,"상승  13,500",3.42,408500.0,409000.0,302952.0,121802.0,518297.0,,,0.825888,-2.2396012799999996,"5,485.03",432.57,8.56,2026-04-01 15:07:25
472,2차전지(전고체),4.83,267320,나인테크 *,테마 편입 사유,3125.0,상승  95,3.14,3120.0,3125.0,647429.0,2024.0,944947.0,,,0.825888,-2.2396012799999996,"5,485.03",432.57,8.56,2026-04-01 15:07:25
472,2차전지(전고체),4.83,299030,하나기술 *,테마 편입 사유,27050.0,상승  750,2.85,27050.0,27100.0,18827.0,507.0,37694.0,,,0.825888,-2.2396012799999996,"5,485.03",432.57,8.56,2026-04-01 15:07:25
472,2차전지(전고체),4.83,020150,롯데에너지머티리얼즈,테마 편입 사유,42500.0,"상승  1,100",2.66,42350.0,42400.0,134916.0,5675.0,238977.0,,,0.825888,-2.2396012799999996,"5,485.03",432.57,8.56,2026-04-01 15:07:25
472,2차전지(전고체),4.83,277880,티에스아이 *,테마 편입 사유,4990.0,상승  120,2.46,4955.0,4975.0,88889.0,443.0,111754.0,,,0.825888,-2.2396012799999996,"5,485.03",432.57,8.56,2026-04-01 15:07:25
472,2차전지(전고체),4.83,357550,석경에이티 *,테마 편입 사유,52500.0,"상승  1,000",1.94,52100.0,52300.0,3558.0,186.0,3304.0,,,0.825888,-2.2396012799999996,"5,485.03",432.57,8.56,2026-04-01 15:07:25
472,2차전지(전고체),4.83,317330,덕산테코피아 *,테마 편입 사유,18800.0,상승  220,1.18,18830.0,18870.0,315616.0,5805.0,704417.0,,,0.825888,-2.2396012799999996,"5,485.03",432.57,8.56,2026-04-01 15:07:25
472,2차전지(전고체),4.83,078600,대주전자재료 *,테마 편입 사유,126800.0,상승  700,0.56,128100.0,128200.0,296046.0,37068.0,275027.0,,,0.825888,-2.2396012799999996,"5,485.03",432.57,8.56,2026-04-01 15:07:25
472,2차전지(전고체),4.83,131400,이브이첨단소재 *,테마 편입 사유,1571.0,하락  13,-0.82,1580.0,1583.0,1611985.0,2568.0,15914972.0,,,0.825888,-2.2396012799999996,"5,485.03",432.57,8.56,2026-04-01 15:07:25
171,비철금속,0.84,354320,알멕 *,테마 편입 사유,55800.0,"상승  8,050",16.86,55800.0,56000.0,365978.0,20207.0,339087.0,,,0.359222,-2.23494032,"5,485.03",432.57,8.56,2026-04-01 15:07:25
171,비철금속,0.84,103140,풍산,테마 편입 사유,93400.0,"상승  6,700",7.73,93300.0,93400.0,241925.0,22286.0,156529.0,,,0.359222,-2.23494032,"5,485.03",432.57,8.56,2026-04-01 15:07:25
171,비철금속,0.84,004560,현대비앤지스틸,테마 편입 사유,15850.0,"상승  1,130",7.68,15830.0,15850.0,71905.0,1122.0,89483.0,,,0.359222,-2.23494032,"5,485.03",432.57,8.56,2026-04-01 15:07:25
171,비철금속,0.84,010130,고려아연,테마 편입 사유,1517000.0,"상승  95,000",6.68,1526000.0,1527000.0,23133.0,34983.0,24293.0,,,0.359222,-2.23494032,"5,485.03",432.57,8.56,2026-04-01 15:07:25
171,비철금속,0.84,025820,이구산업,테마 편입 사유,4975.0,상승  290,6.19,4965.0,4970.0,311223.0,1517.0,741007.0,,,0.359222,-2.23494032,"5,485.03",432.57,8.56,2026-04-01 15:07:25
171,비철금속,0.84,000670,영풍,테마 편입 사유,58500.0,"상승  2,900",5.22,58600.0,58700.0,30990.0,1794.0,27880.0,,,0.359222,-2.23494032,"5,485.03",432.57,8.56,2026-04-01 15:07:25
171,비철금속,0.84,009520,포스코엠텍 *,테마 편입 사유,17990.0,상승  790,4.59,18040.0,18050.0,215649.0,3860.0,936838.0,,,0.359222,-2.23494032,"5,485.03",432.57,8.56,2026-04-01 15:07:25
171,비철금속,0.84,021050,서원,테마 편입 사유,1233.0,상승  52,4.4,1231.0,1232.0,258271.0,316.0,409744.0,,,0.359222,-2.23494032,"5,485.03",432.57,8.56,2026-04-01 15:07:25
171,비철금속,0.84,081150,티플랙스 *,테마 편입 사유,3485.0,상승  145,4.34,3480.0,3485.0,422470.0,1462.0,386954.0,,,0.359222,-2.23494032,"5,485.03",432.57,8.56,2026-04-01 15:07:25
171,비철금속,0.84,009190,대양금속,테마 편입 사유,1282.0,상승  51,4.14,1282.0,1287.0,132096.0,167.0,299067.0,,,0.359222,-2.23494032,"5,485.03",432.57,8.56,2026-04-01 15:07:25
171,비철금속,0.84,012800,대창,테마 편입 사유,1337.0,상승  53,4.13,1335.0,1337.0,578545.0,767.0,902914.0,,,0.359222,-2.23494032,"5,485.03",432.57,8.56,2026-04-01 15:07:25
171,비철금속,0.84,005810,풍산홀딩스,테마 편입 사유,35700.0,"상승  1,400",4.08,35600.0,35700.0,28138.0,992.0,38780.0,,,0.359222,-2.23494032,"5,485.03",432.57,8.56,2026-04-01 15:07:25
171,비철금속,0.84,009730,이렘 *,테마 편입 사유,552.0,상승  21,3.95,550.0,552.0,177011.0,96.0,277345.0,,,0.359222,-2.23494032,"5,485.03",432.57,8.56,2026-04-01 15:07:25
171,비철금속,0.84,032560,황금에스티,테마 편입 사유,5960.0,상승  110,1.88,5950.0,5970.0,39729.0,234.0,51841.0,,,0.359222,-2.23494032,"5,485.03",432.57,8.56,2026-04-01 15:07:25
171,비철금속,0.84,015890,태경산업,테마 편입 사유,4865.0,상승  70,1.46,4865.0,4870.0,12587.0,61.0,80465.0,,,0.359222,-2.23494032,"5,485.03",432.57,8.56,2026-04-01 15:07:25
171,비철금속,0.84,037760,쎄니트 *,테마 편입 사유,2120.0,상승  10,0.47,2115.0,2120.0,44258.0,93.0,247073.0,,,0.359222,-2.23494032,"5,485.03",432.57,8.56,2026-04-01 15:07:25
171,비철금속,0.84,186230,그린플러스 *,테마 편입 사유,4450.0,상승  15,0.34,4445.0,4455.0,70513.0,311.0,400959.0,,,0.359222,-2.23494032,"5,485.03",432.57,8.56,2026-04-01 15:07:25
171,비철금속,0.84,069460,대호에이엘,테마 편입 사유,532.0,보합0,0.0,0.0,0.0,0.0,0.0,0.0,,,0.359222,-2.23494032,"5,485.03",432.57,8.56,2026-04-01 15:07:25
171,비철금속,0.84,001530,DI동일,테마 편입 사유,21550.0,하락  100,-0.46,21500.0,21600.0,46340.0,989.0,110171.0,,,0.359222,-2.23494032,"5,485.03",432.57,8.56,2026-04-01 15:07:25
171,비철금속,0.84,060480,국일신동 *,테마 편입 사유,1703.0,하락  59,-3.35,1696.0,1707.0,164337.0,279.0,1164260.0,,,0.359222,-2.23494032,"5,485.03",432.57,8.56,2026-04-01 15:07:25
171,비철금속,0.84,198940,한주라이트메탈 *,테마 편입 사유,702.0,하락  28,-3.84,701.0,702.0,1043704.0,710.0,9604355.0,,,0.359222,-2.23494032,"5,485.03",432.57,8.56,2026-04-01 15:07:25
171,비철금속,0.84,128660,피제이메탈 *,테마 편입 사유,3325.0,하락  305,-8.4,3310.0,3315.0,1767009.0,5797.0,13422833.0,,,0.359222,-2.23494032,"5,485.03",432.57,8.56,2026-04-01 15:07:25
171,비철금속,0.84,001780,알루코,테마 편입 사유,2425.0,하락  230,-8.66,2405.0,2410.0,10920241.0,25388.0,55588679.0,,,0.359222,-2.23494032,"5,485.03",432.57,8.56,2026-04-01 15:07:25
171,비철금속,0.84,008350,남선알미늄,테마 편입 사유,1629.0,하락  171,-9.5,1619.0,1620.0,81555609.0,137487.0,91087441.0,,,0.359222,-2.23494032,"5,485.03",432.57,8.56,2026-04-01 15:07:25
171,비철금속,0.84,018470,조일알미늄,테마 편입 사유,1396.0,하락  213,-13.24,1390.0,1391.0,27547751.0,38399.0,75992594.0,,,0.359222,-2.23494032,"5,485.03",432.57,8.56,2026-04-01 15:07:25
171,비철금속,0.84,006110,삼아알미늄,테마 편입 사유,34250.0,"하락  5,950",-14.8,34150.0,34200.0,1025669.0,35785.0,3808534.0,,,0.359222,-2.23494032,"5,485.03",432.57,8.56,2026-04-01 15:07:25
598,콩/대두,2.47,017810,풀무원,테마 편입 사유,12100.0,상승  500,4.31,12060.0,12080.0,27904.0,334.0,26978.0,,,0.5,-1.81,"5,485.03",432.57,8.56,2026-04-01 15:07:25
598,콩/대두,2.47,248170,샘표식품,테마 편입 사유,28400.0,상승  800,2.9,28000.0,28050.0,4960.0,139.0,10738.0,,,0.5,-1.81,"5,485.03",432.57,8.56,2026-04-01 15:07:25
598,콩/대두,2.47,007540,샘표,테마 편입 사유,54500.0,"상승  1,400",2.64,54500.0,54800.0,5822.0,314.0,7366.0,,,0.5,-1.81,"5,485.03",432.57,8.56,2026-04-01 15:07:25
598,콩/대두,2.47,006880,신송홀딩스,테마 편입 사유,7070.0,상승  160,2.32,7090.0,7100.0,45618.0,320.0,75209.0,,,0.5,-1.81,"5,485.03",432.57,8.56,2026-04-01 15:07:25
598,콩/대두,2.47,218150,미래생명자원 *,테마 편입 사유,3035.0,보합0,0.0,3040.0,3045.0,215697.0,649.0,327646.0,,,0.5,-1.81,"5,485.03",432.57,8.56,2026-04-01 15:07:25
323,셰일가스(Shale Gas),3.54,101170,우림피티에스 *,테마 편입 사유,13540.0,"상승  1,130",9.11,13520.0,13530.0,92352.0,1231.0,82733.0,,,0.603403,-1.6251296800000006,"5,485.03",432.57,8.56,2026-04-01 15:07:25
323,셰일가스(Shale Gas),3.54,034020,두산에너빌리티,테마 편입 사유,99700.0,"상승  7,900",8.61,100200.0,100300.0,3145120.0,309221.0,4215936.0,,,0.603403,-1.6251296800000006,"5,485.03",432.57,8.56,2026-04-01 15:07:25
323,셰일가스(Shale Gas),3.54,083650,비에이치아이 *,테마 편입 사유,99500.0,"상승  7,000",7.57,100100.0,100200.0,285526.0,28063.0,345577.0,,,0.603403,-1.6251296800000006,"5,485.03",432.57,8.56,2026-04-01 15:07:25
323,셰일가스(Shale Gas),3.54,047050,포스코인터내셔널,테마 편입 사유,76300.0,"상승  4,800",6.71,76300.0,76400.0,774687.0,58838.0,656711.0,,,0.603403,-1.6251296800000006,"5,485.03",432.57,8.56,2026-04-01 15:07:25
323,셰일가스(Shale Gas),3.54,017960,한국카본,테마 편입 사유,41000.0,"상승  2,150",5.53,41200.0,41250.0,433473.0,17573.0,528682.0,,,0.603403,-1.6251296800000006,"5,485.03",432.57,8.56,2026-04-01 15:07:25
323,셰일가스(Shale Gas),3.54,015760,한국전력,테마 편입 사유,43700.0,"상승  2,050",4.92,43600.0,43650.0,1916745.0,82545.0,3163086.0,,,0.603403,-1.6251296800000006,"5,485.03",432.57,8.56,2026-04-01 15:07:25
323,셰일가스(Shale Gas),3.54,036460,한국가스공사,테마 편입 사유,35800.0,상승  850,2.43,35750.0,35800.0,195635.0,6956.0,218070.0,,,0.603403,-1.6251296800000006,"5,485.03",432.57,8.56,2026-04-01 15:07:25
323,셰일가스(Shale Gas),3.54,002360,SH에너지화학,테마 편입 사유,419.0,상승  3,0.72,416.0,417.0,1731400.0,714.0,3603927.0,,,0.603403,-1.6251296800000006,"5,485.03",432.57,8.56,2026-04-01 15:07:25
323,셰일가스(Shale Gas),3.54,017940,E1,테마 편입 사유,98900.0,"하락  1,500",-1.49,99200.0,99300.0,19075.0,1878.0,15469.0,,,0.603403,-1.6251296800000006,"5,485.03",432.57,8.56,2026-04-01 15:07:25
323,셰일가스(Shale Gas),3.54,100840,SNT에너지,테마 편입 사유,49150.0,"하락  1,150",-2.29,49200.0,49300.0,654354.0,32580.0,801719.0,,,0.603403,-1.6251296800000006,"5,485.03",432.57,8.56,2026-04-01 15:07:25
323,셰일가스(Shale Gas),3.54,018670,SK가스,테마 편입 사유,260000.0,"하락  9,000",-3.35,261000.0,262500.0,51908.0,13448.0,88120.0,,,0.603403,-1.6251296800000006,"5,485.03",432.57,8.56,2026-04-01 15:07:25
82,태풍 및 장마,0.74,000490,대동,테마 편입 사유,9840.0,상승  570,6.15,9830.0,9840.0,193604.0,1888.0,190247.0,,,0.262217,-1.50457752,"5,485.03",432.57,8.56,2026-04-01 15:07:25
82,태풍 및 장마,0.74,060260,뉴보텍 *,테마 편입 사유,1295.0,상승  43,3.43,1292.0,1297.0,301643.0,384.0,819942.0,,,0.262217,-1.50457752,"5,485.03",432.57,8.56,2026-04-01 15:07:25
82,태풍 및 장마,0.74,043200,파루 *,테마 편입 사유,979.0,상승  29,3.05,974.0,980.0,534023.0,520.0,1446769.0,,,0.262217,-1.50457752,"5,485.03",432.57,8.56,2026-04-01 15:07:25
82,태풍 및 장마,0.74,060150,인선이엔티 *,테마 편입 사유,4150.0,상승  105,2.6,4125.0,4130.0,40379.0,166.0,67002.0,,,0.262217,-1.50457752,"5,485.03",432.57,8.56,2026-04-01 15:07:25
82,태풍 및 장마,0.74,002100,경농,테마 편입 사유,9580.0,상승  210,2.24,9510.0,9530.0,54776.0,519.0,85806.0,,,0.262217,-1.50457752,"5,485.03",432.57,8.56,2026-04-01 15:07:25
82,태풍 및 장마,0.74,004000,롯데정밀화학,테마 편입 사유,49900.0,"상승  1,050",2.15,49750.0,49850.0,60338.0,2990.0,59891.0,,,0.262217,-1.50457752,"5,485.03",432.57,8.56,2026-04-01 15:07:25
82,태풍 및 장마,0.74,007590,동방아그로,테마 편입 사유,5890.0,하락  10,-0.17,5860.0,5890.0,6389.0,37.0,5415.0,,,0.262217,-1.50457752,"5,485.03",432.57,8.56,2026-04-01 15:07:25
82,태풍 및 장마,0.74,025860,남해화학,테마 편입 사유,7940.0,하락  50,-0.63,7910.0,7920.0,994436.0,7784.0,1542838.0,,,0.262217,-1.50457752,"5,485.03",432.57,8.56,2026-04-01 15:07:25
82,태풍 및 장마,0.74,001550,조비,테마 편입 사유,15310.0,하락  530,-3.35,15290.0,15300.0,244822.0,3684.0,671512.0,,,0.262217,-1.50457752,"5,485.03",432.57,8.56,2026-04-01 15:07:25
82,태풍 및 장마,0.74,101670,하이드로리튬 *,테마 편입 사유,2165.0,하락  190,-8.07,2165.0,2170.0,4316416.0,9369.0,28336646.0,,,0.262217,-1.50457752,"5,485.03",432.57,8.56,2026-04-01 15:07:25
489,카카오뱅크(kakao BANK),2.99,071050,한국금융지주,테마 편입 사유,226500.0,"상승  24,000",11.85,226000.0,226500.0,243247.0,54130.0,348435.0,,,0.519386,-1.4559441600000005,"5,485.03",432.57,8.56,2026-04-01 15:07:25
489,카카오뱅크(kakao BANK),2.99,035720,카카오,테마 편입 사유,48350.0,"상승  2,550",5.57,48350.0,48400.0,1122263.0,53477.0,1706215.0,,,0.519386,-1.4559441600000005,"5,485.03",432.57,8.56,2026-04-01 15:07:25
489,카카오뱅크(kakao BANK),2.99,105560,KB금융,테마 편입 사유,149800.0,"상승  7,900",5.57,149500.0,149600.0,1228135.0,182420.0,2259948.0,,,0.519386,-1.4559441600000005,"5,485.03",432.57,8.56,2026-04-01 15:07:25
489,카카오뱅크(kakao BANK),2.99,203650,드림시큐리티 *,테마 편입 사유,1651.0,상승  73,4.63,1645.0,1650.0,612424.0,1003.0,525210.0,,,0.519386,-1.4559441600000005,"5,485.03",432.57,8.56,2026-04-01 15:07:25
489,카카오뱅크(kakao BANK),2.99,053350,이니텍 *,테마 편입 사유,3320.0,상승  115,3.59,3295.0,3300.0,40670.0,133.0,144341.0,,,0.519386,-1.4559441600000005,"5,485.03",432.57,8.56,2026-04-01 15:07:25
489,카카오뱅크(kakao BANK),2.99,323410,카카오뱅크,테마 편입 사유,24800.0,상승  850,3.55,24750.0,24800.0,831153.0,20390.0,855017.0,,,0.519386,-1.4559441600000005,"5,485.03",432.57,8.56,2026-04-01 15:07:25
489,카카오뱅크(kakao BANK),2.99,205100,엑셈 *,테마 편입 사유,1825.0,상승  55,3.11,1819.0,1820.0,217198.0,394.0,278355.0,,,0.519386,-1.4559441600000005,"5,485.03",432.57,8.56,2026-04-01 15:07:25
489,카카오뱅크(kakao BANK),2.99,053280,예스24 *,테마 편입 사유,3430.0,상승  55,1.63,3430.0,3435.0,27075.0,93.0,44996.0,,,0.519386,-1.4559441600000005,"5,485.03",432.57,8.56,2026-04-01 15:07:25
489,카카오뱅크(kakao BANK),2.99,039290,인포뱅크 *,테마 편입 사유,4745.0,상승  10,0.21,4730.0,4745.0,15583.0,74.0,15114.0,,,0.519386,-1.4559441600000005,"5,485.03",432.57,8.56,2026-04-01 15:07:25
489,카카오뱅크(kakao BANK),2.99,016450,한세예스24홀딩스,테마 편입 사유,4270.0,하락  25,-0.58,4270.0,4280.0,70358.0,301.0,98751.0,,,0.519386,-1.4559441600000005,"5,485.03",432.57,8.56,2026-04-01 15:07:25
489,카카오뱅크(kakao BANK),2.99,131370,알서포트 *,테마 편입 사유,2525.0,하락  185,-6.83,2510.0,2520.0,1612416.0,4060.0,7659350.0,,,0.519386,-1.4559441600000005,"5,485.03",432.57,8.56,2026-04-01 15:07:25
210,자전거,0.26,065450,빅텍 *,테마 편입 사유,4815.0,상승  215,4.67,4805.0,4810.0,2044801.0,9818.0,688483.0,,,0.192109,-1.3844530400000001,"5,485.03",432.57,8.56,2026-04-01 15:07:25
210,자전거,0.26,123750,알톤 *,테마 편입 사유,2425.0,하락  105,-4.15,2420.0,2430.0,317983.0,778.0,567946.0,,,0.192109,-1.3844530400000001,"5,485.03",432.57,8.56,2026-04-01 15:07:25
500,폐배터리,3.98,005380,현대차,테마 편입 사유,487500.0,"상승  42,000",9.43,491000.0,491500.0,902627.0,433137.0,1271113.0,,,0.624483,-1.3655744800000007,"5,485.03",432.57,8.56,2026-04-01 15:07:25
500,폐배터리,3.98,086520,에코프로 *,테마 편입 사유,149300.0,"상승  9,800",7.03,150600.0,150700.0,900470.0,133601.0,1534387.0,,,0.624483,-1.3655744800000007,"5,485.03",432.57,8.56,2026-04-01 15:07:25
500,폐배터리,3.98,107600,새빗켐 *,테마 편입 사유,26600.0,"상승  1,500",5.98,26400.0,26500.0,20637.0,538.0,80421.0,,,0.624483,-1.3655744800000007,"5,485.03",432.57,8.56,2026-04-01 15:07:25
500,폐배터리,3.98,256940,킵스파마 *,테마 편입 사유,8050.0,상승  420,5.5,8040.0,8060.0,44307.0,354.0,42477.0,,,0.624483,-1.3655744800000007,"5,485.03",432.57,8.56,2026-04-01 15:07:25
500,폐배터리,3.98,377330,이지트로닉스 *,테마 편입 사유,3330.0,상승  165,5.21,3330.0,3335.0,21697.0,71.0,6959.0,,,0.624483,-1.3655744800000007,"5,485.03",432.57,8.56,2026-04-01 15:07:25
500,폐배터리,3.98,265560,영화테크 *,테마 편입 사유,8530.0,상승  410,5.05,8520.0,8530.0,37033.0,313.0,39869.0,,,0.624483,-1.3655744800000007,"5,485.03",432.57,8.56,2026-04-01 15:07:25
500,폐배터리,3.98,047310,파워로직스 *,테마 편입 사유,4690.0,상승  220,4.92,4695.0,4700.0,130363.0,605.0,179806.0,,,0.624483,-1.3655744800000007,"5,485.03",432.57,8.56,2026-04-01 15:07:25
500,폐배터리,3.98,096770,SK이노베이션,테마 편입 사유,114000.0,"상승  5,300",4.88,114000.0,114100.0,297118.0,33545.0,424109.0,,,0.624483,-1.3655744800000007,"5,485.03",432.57,8.56,2026-04-01 15:07:25
500,폐배터리,3.98,217820,원익피앤이 *,테마 편입 사유,3085.0,상승  130,4.4,3090.0,3095.0,102713.0,315.0,206005.0,,,0.624483,-1.3655744800000007,"5,485.03",432.57,8.56,2026-04-01 15:07:25
500,폐배터리,3.98,010780,아이에스동서,테마 편입 사유,26750.0,"상승  1,100",4.29,26550.0,26650.0,98759.0,2589.0,138744.0,,,0.624483,-1.3655744800000007,"5,485.03",432.57,8.56,2026-04-01 15:07:25
500,폐배터리,3.98,005490,POSCO홀딩스,테마 편입 사유,346500.0,"상승  14,000",4.21,346500.0,347000.0,317883.0,109098.0,390060.0,,,0.624483,-1.3655744800000007,"5,485.03",432.57,8.56,2026-04-01 15:07:25
500,폐배터리,3.98,005420,코스모화학,테마 편입 사유,15450.0,상승  580,3.9,15410.0,15420.0,142522.0,2179.0,246329.0,,,0.624483,-1.3655744800000007,"5,485.03",432.57,8.56,2026-04-01 15:07:25
500,폐배터리,3.98,373220,LG에너지솔루션,테마 편입 사유,408000.0,"상승  13,500",3.42,408500.0,409000.0,302952.0,121802.0,518297.0,,,0.624483,-1.3655744800000007,"5,485.03",432.57,8.56,2026-04-01 15:07:25
500,폐배터리,3.98,004250,NPC,테마 편입 사유,3985.0,상승  125,3.24,3975.0,3985.0,75603.0,296.0,92312.0,,,0.624483,-1.3655744800000007,"5,485.03",432.57,8.56,2026-04-01 15:07:25
500,폐배터리,3.98,267320,나인테크 *,테마 편입 사유,3125.0,상승  95,3.14,3120.0,3125.0,647429.0,2024.0,944947.0,,,0.624483,-1.3655744800000007,"5,485.03",432.57,8.56,2026-04-01 15:07:25
500,폐배터리,3.98,299030,하나기술 *,테마 편입 사유,27050.0,상승  750,2.85,27050.0,27100.0,18827.0,507.0,37694.0,,,0.624483,-1.3655744800000007,"5,485.03",432.57,8.56,2026-04-01 15:07:25
500,폐배터리,3.98,060150,인선이엔티 *,테마 편입 사유,4150.0,상승  105,2.6,4125.0,4130.0,40379.0,166.0,67002.0,,,0.624483,-1.3655744800000007,"5,485.03",432.57,8.56,2026-04-01 15:07:25
500,폐배터리,3.98,365340,성일하이텍 *,테마 편입 사유,60400.0,상승  700,1.17,60500.0,60600.0,49046.0,2959.0,105358.0,,,0.624483,-1.3655744800000007,"5,485.03",432.57,8.56,2026-04-01 15:07:25
500,폐배터리,3.98,076080,웰크론한텍 *,테마 편입 사유,1252.0,상승  8,0.64,1250.0,1252.0,77436.0,96.0,278999.0,,,0.624483,-1.3655744800000007,"5,485.03",432.57,8.56,2026-04-01 15:07:25
500,폐배터리,3.98,017860,DS단석,테마 편입 사유,19060.0,하락  350,-1.8,18930.0,18940.0,223319.0,4212.0,327164.0,,,0.624483,-1.3655744800000007,"5,485.03",432.57,8.56,2026-04-01 15:07:25
45,캐릭터상품,1.34,039830,오로라 *,테마 편입 사유,10210.0,상승  980,10.62,10310.0,10330.0,75869.0,766.0,50119.0,,,0.31585,-1.363676,"5,485.03",432.57,8.56,2026-04-01 15:07:25
45,캐릭터상품,1.34,419530,SAMG엔터 *,테마 편입 사유,33950.0,"상승  2,200",6.93,33450.0,33550.0,70914.0,2345.0,41145.0,,,0.31585,-1.363676,"5,485.03",432.57,8.56,2026-04-01 15:07:25
45,캐릭터상품,1.34,048910,대원미디어 *,테마 편입 사유,7520.0,상승  270,3.72,7460.0,7470.0,36538.0,271.0,35853.0,,,0.31585,-1.363676,"5,485.03",432.57,8.56,2026-04-01 15:07:25
45,캐릭터상품,1.34,317530,캐리소프트 *,테마 편입 사유,4010.0,상승  140,3.62,3950.0,4010.0,5643.0,22.0,4329.0,,,0.31585,-1.363676,"5,485.03",432.57,8.56,2026-04-01 15:07:25
45,캐릭터상품,1.34,403850,더핑크퐁컴퍼니 *,테마 편입 사유,16480.0,상승  540,3.39,16400.0,16470.0,25685.0,421.0,44839.0,,,0.31585,-1.363676,"5,485.03",432.57,8.56,2026-04-01 15:07:25
45,캐릭터상품,1.34,369370,블리츠웨이엔터테인먼트 *,테마 편입 사유,1270.0,상승  2,0.16,1270.0,1271.0,579597.0,742.0,698105.0,,,0.31585,-1.363676,"5,485.03",432.57,8.56,2026-04-01 15:07:25
45,캐릭터상품,1.34,066910,손오공 *,테마 편입 사유,585.0,하락  5,-0.85,583.0,585.0,149753.0,88.0,106753.0,,,0.31585,-1.363676,"5,485.03",432.57,8.56,2026-04-01 15:07:25
45,캐릭터상품,1.34,194480,데브시스터즈 *,테마 편입 사유,27150.0,하락  500,-1.81,27250.0,27300.0,211715.0,5823.0,172698.0,,,0.31585,-1.363676,"5,485.03",432.57,8.56,2026-04-01 15:07:25
45,캐릭터상품,1.34,073570,리튬포어스 *,테마 편입 사유,621.0,하락  99,-13.75,622.0,628.0,3192501.0,2058.0,1391464.0,,,0.31585,-1.363676,"5,485.03",432.57,8.56,2026-04-01 15:07:25
152,온실가스(탄소배출권)/탄소 포집·활용·저장(CCUS),3.03,059090,미코 *,테마 편입 사유,13610.0,"상승  1,050",8.36,13630.0,13660.0,217990.0,2933.0,233654.0,,,0.487755,-1.1451828000000002,"5,485.03",432.57,8.56,2026-04-01 15:07:25
152,온실가스(탄소배출권)/탄소 포집·활용·저장(CCUS),3.03,086520,에코프로 *,테마 편입 사유,149300.0,"상승  9,800",7.03,150600.0,150700.0,900470.0,133601.0,1534387.0,,,0.487755,-1.1451828000000002,"5,485.03",432.57,8.56,2026-04-01 15:07:25
152,온실가스(탄소배출권)/탄소 포집·활용·저장(CCUS),3.03,033530,SJG세종,테마 편입 사유,7630.0,상승  430,5.97,7660.0,7670.0,109920.0,828.0,142163.0,,,0.487755,-1.1451828000000002,"5,485.03",432.57,8.56,2026-04-01 15:07:25
152,온실가스(탄소배출권)/탄소 포집·활용·저장(CCUS),3.03,093370,후성,테마 편입 사유,7410.0,상승  390,5.56,7400.0,7410.0,368012.0,2681.0,498402.0,,,0.487755,-1.1451828000000002,"5,485.03",432.57,8.56,2026-04-01 15:07:25
152,온실가스(탄소배출권)/탄소 포집·활용·저장(CCUS),3.03,383310,에코프로에이치엔 *,테마 편입 사유,30800.0,"상승  1,500",5.12,30900.0,30950.0,149411.0,4555.0,241781.0,,,0.487755,-1.1451828000000002,"5,485.03",432.57,8.56,2026-04-01 15:07:25
152,온실가스(탄소배출권)/탄소 포집·활용·저장(CCUS),3.03,220260,켐트로스 *,테마 편입 사유,5410.0,상승  260,5.05,5390.0,5400.0,152843.0,820.0,237021.0,,,0.487755,-1.1451828000000002,"5,485.03",432.57,8.56,2026-04-01 15:07:25
152,온실가스(탄소배출권)/탄소 포집·활용·저장(CCUS),3.03,005090,SGC에너지,테마 편입 사유,60000.0,"상승  2,400",4.17,59900.0,60000.0,208252.0,12775.0,136093.0,,,0.487755,-1.1451828000000002,"5,485.03",432.57,8.56,2026-04-01 15:07:25
152,온실가스(탄소배출권)/탄소 포집·활용·저장(CCUS),3.03,014830,유니드,테마 편입 사유,83400.0,"상승  3,000",3.73,83100.0,83200.0,20526.0,1703.0,17514.0,,,0.487755,-1.1451828000000002,"5,485.03",432.57,8.56,2026-04-01 15:07:25
152,온실가스(탄소배출권)/탄소 포집·활용·저장(CCUS),3.03,163280,에어레인 *,테마 편입 사유,6010.0,상승  190,3.26,6010.0,6030.0,213636.0,1292.0,312323.0,,,0.487755,-1.1451828000000002,"5,485.03",432.57,8.56,2026-04-01 15:07:25
152,온실가스(탄소배출권)/탄소 포집·활용·저장(CCUS),3.03,083420,그린케미칼,테마 편입 사유,5850.0,상승  130,2.27,5880.0,5890.0,174641.0,1021.0,553306.0,,,0.487755,-1.1451828000000002,"5,485.03",432.57,8.56,2026-04-01 15:07:25
152,온실가스(탄소배출권)/탄소 포집·활용·저장(CCUS),3.03,008250,이건산업,테마 편입 사유,3845.0,상승  30,0.79,3830.0,3840.0,18244.0,70.0,21659.0,,,0.487755,-1.1451828000000002,"5,485.03",432.57,8.56,2026-04-01 15:07:25
152,온실가스(탄소배출권)/탄소 포집·활용·저장(CCUS),3.03,036170,에이치엠넥스 *,테마 편입 사유,4880.0,상승  30,0.62,4850.0,4855.0,2369995.0,12057.0,3567084.0,,,0.487755,-1.1451828000000002,"5,485.03",432.57,8.56,2026-04-01 15:07:25
152,온실가스(탄소배출권)/탄소 포집·활용·저장(CCUS),3.03,038870,에코바이오 *,테마 편입 사유,3075.0,상승  15,0.49,3065.0,3070.0,134273.0,412.0,453760.0,,,0.487755,-1.1451828000000002,"5,485.03",432.57,8.56,2026-04-01 15:07:25
152,온실가스(탄소배출권)/탄소 포집·활용·저장(CCUS),3.03,025750,한솔홈데코,테마 편입 사유,539.0,보합0,0.0,0.0,0.0,0.0,0.0,359166.0,,,0.487755,-1.1451828000000002,"5,485.03",432.57,8.56,2026-04-01 15:07:25
152,온실가스(탄소배출권)/탄소 포집·활용·저장(CCUS),3.03,448280,에코아이 *,테마 편입 사유,11400.0,보합0,0.0,11460.0,11480.0,26561.0,305.0,21573.0,,,0.487755,-1.1451828000000002,"5,485.03",432.57,8.56,2026-04-01 15:07:25
152,온실가스(탄소배출권)/탄소 포집·활용·저장(CCUS),3.03,069260,TKG휴켐스,테마 편입 사유,17930.0,하락  40,-0.22,17900.0,17910.0,107444.0,1918.0,68679.0,,,0.487755,-1.1451828000000002,"5,485.03",432.57,8.56,2026-04-01 15:07:25
152,온실가스(탄소배출권)/탄소 포집·활용·저장(CCUS),3.03,004140,동방,테마 편입 사유,2840.0,하락  20,-0.7,2835.0,2845.0,2078903.0,5890.0,12245707.0,,,0.487755,-1.1451828000000002,"5,485.03",432.57,8.56,2026-04-01 15:07:25
191,태양광에너지,4.2,010120,LS ELECTRIC,테마 편입 사유,801000.0,"상승  83,000",11.56,807000.0,808000.0,152142.0,119562.0,213168.0,,,0.622351,-1.12732456,"5,485.03",432.57,8.56,2026-04-01 15:07:25
191,태양광에너지,4.2,183300,코미코 *,테마 편입 사유,118800.0,"상승  11,500",10.72,119900.0,120000.0,107416.0,12590.0,209792.0,,,0.622351,-1.12732456,"5,485.03",432.57,8.56,2026-04-01 15:07:25
191,태양광에너지,4.2,121600,나노신소재 *,테마 편입 사유,66300.0,"상승  5,100",8.33,66800.0,66900.0,82234.0,5398.0,208976.0,,,0.622351,-1.12732456,"5,485.03",432.57,8.56,2026-04-01 15:07:25
191,태양광에너지,4.2,240810,원익IPS *,테마 편입 사유,117000.0,"상승  8,900",8.23,117900.0,118000.0,414366.0,47837.0,446431.0,,,0.622351,-1.12732456,"5,485.03",432.57,8.56,2026-04-01 15:07:25
191,태양광에너지,4.2,017040,광명전기,테마 편입 사유,967.0,상승  72,8.04,965.0,967.0,1284673.0,1259.0,911076.0,,,0.622351,-1.12732456,"5,485.03",432.57,8.56,2026-04-01 15:07:25
191,태양광에너지,4.2,028260,삼성물산,테마 편입 사유,273500.0,"상승  20,000",7.89,274000.0,274500.0,406578.0,109239.0,616965.0,,,0.622351,-1.12732456,"5,485.03",432.57,8.56,2026-04-01 15:07:25
191,태양광에너지,4.2,083930,아바코 *,테마 편입 사유,13500.0,상승  970,7.74,13520.0,13540.0,75058.0,999.0,75446.0,,,0.622351,-1.12732456,"5,485.03",432.57,8.56,2026-04-01 15:07:25
191,태양광에너지,4.2,036930,주성엔지니어링 *,테마 편입 사유,65000.0,"상승  4,300",7.08,65300.0,65400.0,962794.0,61745.0,1104721.0,,,0.622351,-1.12732456,"5,485.03",432.57,8.56,2026-04-01 15:07:25
191,태양광에너지,4.2,109610,에스와이 *,테마 편입 사유,2820.0,상승  185,7.02,2810.0,2820.0,259321.0,718.0,204501.0,,,0.622351,-1.12732456,"5,485.03",432.57,8.56,2026-04-01 15:07:25
191,태양광에너지,4.2,042600,새로닉스 *,테마 편입 사유,16130.0,"상승  1,040",6.89,16260.0,16290.0,122561.0,1934.0,193320.0,,,0.622351,-1.12732456,"5,485.03",432.57,8.56,2026-04-01 15:07:25
191,태양광에너지,4.2,083310,엘오티베큠 *,테마 편입 사유,12690.0,상승  790,6.64,12700.0,12740.0,112932.0,1415.0,119442.0,,,0.622351,-1.12732456,"5,485.03",432.57,8.56,2026-04-01 15:07:25
191,태양광에너지,4.2,003070,코오롱글로벌,테마 편입 사유,11220.0,상승  660,6.25,11190.0,11200.0,97447.0,1076.0,45798.0,,,0.622351,-1.12732456,"5,485.03",432.57,8.56,2026-04-01 15:07:25
191,태양광에너지,4.2,126720,수산인더스트리,테마 편입 사유,27500.0,"상승  1,600",6.18,27450.0,27500.0,58105.0,1577.0,47939.0,,,0.622351,-1.12732456,"5,485.03",432.57,8.56,2026-04-01 15:07:25
191,태양광에너지,4.2,000880,한화,테마 편입 사유,113600.0,"상승  6,500",6.07,113700.0,113800.0,244183.0,27374.0,279886.0,,,0.622351,-1.12732456,"5,485.03",432.57,8.56,2026-04-01 15:07:25
191,태양광에너지,4.2,093520,매커스 *,테마 편입 사유,23800.0,"상승  1,350",6.01,23700.0,23750.0,72020.0,1687.0,109814.0,,,0.622351,-1.12732456,"5,485.03",432.57,8.56,2026-04-01 15:07:25
191,태양광에너지,4.2,388050,지투파워 *,테마 편입 사유,12250.0,상승  690,5.97,12060.0,12070.0,1542605.0,18345.0,3524475.0,,,0.622351,-1.12732456,"5,485.03",432.57,8.56,2026-04-01 15:07:25
191,태양광에너지,4.2,002150,도화엔지니어링,테마 편입 사유,6550.0,상승  350,5.65,6530.0,6550.0,76061.0,491.0,57869.0,,,0.622351,-1.12732456,"5,485.03",432.57,8.56,2026-04-01 15:07:25
191,태양광에너지,4.2,086390,유니테스트 *,테마 편입 사유,16660.0,상승  890,5.64,16750.0,16770.0,151824.0,2514.0,247516.0,,,0.622351,-1.12732456,"5,485.03",432.57,8.56,2026-04-01 15:07:25
191,태양광에너지,4.2,011930,신성이엔지,테마 편입 사유,2730.0,상승  145,5.61,2735.0,2740.0,11649214.0,31839.0,24216844.0,,,0.622351,-1.12732456,"5,485.03",432.57,8.56,2026-04-01 15:07:25
191,태양광에너지,4.2,281740,레이크머티리얼즈 *,테마 편입 사유,20500.0,상승  990,5.07,20550.0,20600.0,446854.0,9092.0,656960.0,,,0.622351,-1.12732456,"5,485.03",432.57,8.56,2026-04-01 15:07:25
191,태양광에너지,4.2,015760,한국전력,테마 편입 사유,43700.0,"상승  2,050",4.92,43600.0,43650.0,1916745.0,82545.0,3163086.0,,,0.622351,-1.12732456,"5,485.03",432.57,8.56,2026-04-01 15:07:25
191,태양광에너지,4.2,039020,이건홀딩스 *,테마 편입 사유,3230.0,상승  150,4.87,3230.0,3240.0,32726.0,105.0,77067.0,,,0.622351,-1.12732456,"5,485.03",432.57,8.56,2026-04-01 15:07:25
191,태양광에너지,4.2,140670,알에스오토메이션 *,테마 편입 사유,16740.0,상승  760,4.76,16710.0,16750.0,135342.0,2254.0,148641.0,,,0.622351,-1.12732456,"5,485.03",432.57,8.56,2026-04-01 15:07:25
191,태양광에너지,4.2,060900,에이전트AI *,테마 편입 사유,472.0,상승  21,4.66,470.0,471.0,33059303.0,16079.0,71379319.0,,,0.622351,-1.12732456,"5,485.03",432.57,8.56,2026-04-01 15:07:25
191,태양광에너지,4.2,003010,혜인,테마 편입 사유,5630.0,상승  250,4.65,5620.0,5630.0,150857.0,841.0,43936.0,,,0.622351,-1.12732456,"5,485.03",432.57,8.56,2026-04-01 15:07:25
191,태양광에너지,4.2,095910,에스에너지 *,테마 편입 사유,1531.0,상승  67,4.58,1522.0,1528.0,1073104.0,1617.0,1878058.0,,,0.622351,-1.12732456,"5,485.03",432.57,8.56,2026-04-01 15:07:25
191,태양광에너지,4.2,058730,다스코,테마 편입 사유,3710.0,상승  155,4.36,3715.0,3725.0,373426.0,1388.0,286715.0,,,0.622351,-1.12732456,"5,485.03",432.57,8.56,2026-04-01 15:07:25
191,태양광에너지,4.2,002380,KCC,테마 편입 사유,503000.0,"상승  21,000",4.36,502000.0,503000.0,24283.0,12146.0,25978.0,,,0.622351,-1.12732456,"5,485.03",432.57,8.56,2026-04-01 15:07:25
191,태양광에너지,4.2,012340,뉴인텍 *,테마 편입 사유,311.0,상승  12,4.01,309.0,310.0,751783.0,231.0,589468.0,,,0.622351,-1.12732456,"5,485.03",432.57,8.56,2026-04-01 15:07:25
191,태양광에너지,4.2,010060,OCI홀딩스,테마 편입 사유,194600.0,"상승  6,800",3.62,195500.0,195600.0,226920.0,43526.0,312008.0,,,0.622351,-1.12732456,"5,485.03",432.57,8.56,2026-04-01 15:07:25
191,태양광에너지,4.2,004710,한솔테크닉스,테마 편입 사유,4725.0,상승  145,3.17,4740.0,4760.0,110346.0,520.0,165795.0,,,0.622351,-1.12732456,"5,485.03",432.57,8.56,2026-04-01 15:07:25
191,태양광에너지,4.2,043200,파루 *,테마 편입 사유,979.0,상승  29,3.05,974.0,980.0,534023.0,520.0,1446769.0,,,0.622351,-1.12732456,"5,485.03",432.57,8.56,2026-04-01 15:07:25
191,태양광에너지,4.2,382800,지앤비에스 에코 *,테마 편입 사유,6030.0,상승  150,2.55,6080.0,6100.0,1644885.0,9947.0,2271779.0,,,0.622351,-1.12732456,"5,485.03",432.57,8.56,2026-04-01 15:07:25
191,태양광에너지,4.2,050760,에스폴리텍 *,테마 편입 사유,1411.0,상승  33,2.39,1404.0,1406.0,518628.0,710.0,1228079.0,,,0.622351,-1.12732456,"5,485.03",432.57,8.56,2026-04-01 15:07:25
191,태양광에너지,4.2,104040,대성파인텍 *,테마 편입 사유,670.0,상승  15,2.29,669.0,670.0,68908.0,46.0,100108.0,,,0.622351,-1.12732456,"5,485.03",432.57,8.56,2026-04-01 15:07:25
191,태양광에너지,4.2,453450,그리드위즈 *,테마 편입 사유,21850.0,상승  450,2.1,21900.0,21950.0,204654.0,4537.0,373748.0,,,0.622351,-1.12732456,"5,485.03",432.57,8.56,2026-04-01 15:07:25
191,태양광에너지,4.2,009830,한화솔루션,테마 편입 사유,37700.0,상승  550,1.48,37750.0,37800.0,3766969.0,140678.0,7126070.0,,,0.622351,-1.12732456,"5,485.03",432.57,8.56,2026-04-01 15:07:25
191,태양광에너지,4.2,078600,대주전자재료 *,테마 편입 사유,126800.0,상승  700,0.56,128100.0,128200.0,296046.0,37068.0,275027.0,,,0.622351,-1.12732456,"5,485.03",432.57,8.56,2026-04-01 15:07:25
191,태양광에너지,4.2,099220,SDN *,테마 편입 사유,1322.0,하락  1,-0.08,1316.0,1318.0,1424901.0,1897.0,6540089.0,,,0.622351,-1.12732456,"5,485.03",432.57,8.56,2026-04-01 15:07:25
191,태양광에너지,4.2,456040,OCI,테마 편입 사유,93900.0,하락  100,-0.11,94300.0,94500.0,109426.0,10285.0,68017.0,,,0.622351,-1.12732456,"5,485.03",432.57,8.56,2026-04-01 15:07:25
191,태양광에너지,4.2,475150,SK이터닉스,테마 편입 사유,53800.0,하락  500,-0.92,53800.0,53900.0,1589973.0,85332.0,3591657.0,,,0.622351,-1.12732456,"5,485.03",432.57,8.56,2026-04-01 15:07:25
191,태양광에너지,4.2,389260,대명에너지 *,테마 편입 사유,21500.0,하락  500,-2.27,21300.0,21350.0,560287.0,12033.0,1694499.0,,,0.622351,-1.12732456,"5,485.03",432.57,8.56,2026-04-01 15:07:25
191,태양광에너지,4.2,322000,HD현대에너지솔루션,테마 편입 사유,135700.0,"하락  3,400",-2.44,135400.0,135700.0,995557.0,136295.0,2661330.0,,,0.622351,-1.12732456,"5,485.03",432.57,8.56,2026-04-01 15:07:25
191,태양광에너지,4.2,115530,씨엔플러스 *,테마 편입 사유,304.0,하락  16,-5.0,304.0,306.0,1278483.0,400.0,2762182.0,,,0.622351,-1.12732456,"5,485.03",432.57,8.56,2026-04-01 15:07:25
191,태양광에너지,4.2,282720,금양그린파워 *,테마 편입 사유,17100.0,하락  900,-5.0,17110.0,17120.0,1320406.0,23040.0,8713053.0,,,0.622351,-1.12732456,"5,485.03",432.57,8.56,2026-04-01 15:07:25
579,2차전지(나트륨이온),5.05,393890,더블유씨피 *,테마 편입 사유,15450.0,"상승  1,300",9.19,15370.0,15390.0,1644033.0,25223.0,3102205.0,,,0.716009,-1.0790370400000002,"5,485.03",432.57,8.56,2026-04-01 15:07:25
579,2차전지(나트륨이온),5.05,086520,에코프로 *,테마 편입 사유,149300.0,"상승  9,800",7.03,150600.0,150700.0,900470.0,133601.0,1534387.0,,,0.716009,-1.0790370400000002,"5,485.03",432.57,8.56,2026-04-01 15:07:25
579,2차전지(나트륨이온),5.05,006400,삼성SDI,테마 편입 사유,430000.0,"상승  22,000",5.39,432500.0,433000.0,700009.0,297334.0,1110671.0,,,0.716009,-1.0790370400000002,"5,485.03",432.57,8.56,2026-04-01 15:07:25
579,2차전지(나트륨이온),5.05,247540,에코프로비엠 *,테마 편입 사유,202000.0,"상승  9,800",5.1,203500.0,204000.0,377848.0,75756.0,603090.0,,,0.716009,-1.0790370400000002,"5,485.03",432.57,8.56,2026-04-01 15:07:25
579,2차전지(나트륨이온),5.05,446540,메가터치 *,테마 편입 사유,4200.0,상승  185,4.61,4160.0,4195.0,59815.0,249.0,173028.0,,,0.716009,-1.0790370400000002,"5,485.03",432.57,8.56,2026-04-01 15:07:25
579,2차전지(나트륨이온),5.05,161000,애경케미칼,테마 편입 사유,14260.0,상승  520,3.78,14180.0,14190.0,2906217.0,42099.0,9557584.0,,,0.716009,-1.0790370400000002,"5,485.03",432.57,8.56,2026-04-01 15:07:25
579,2차전지(나트륨이온),5.05,373220,LG에너지솔루션,테마 편입 사유,408000.0,"상승  13,500",3.42,408500.0,409000.0,302952.0,121802.0,518297.0,,,0.716009,-1.0790370400000002,"5,485.03",432.57,8.56,2026-04-01 15:07:25
579,2차전지(나트륨이온),5.05,092200,디아이씨,테마 편입 사유,8510.0,상승  280,3.4,8550.0,8570.0,259268.0,2198.0,278311.0,,,0.716009,-1.0790370400000002,"5,485.03",432.57,8.56,2026-04-01 15:07:25
579,2차전지(나트륨이온),5.05,267320,나인테크 *,테마 편입 사유,3125.0,상승  95,3.14,3120.0,3125.0,647429.0,2024.0,944947.0,,,0.716009,-1.0790370400000002,"5,485.03",432.57,8.56,2026-04-01 15:07:25
446,2차전지(소재/부품),4.22,033160,엠케이전자 *,테마 편입 사유,18330.0,"상승  3,130",20.59,18540.0,18550.0,1944000.0,35383.0,404928.0,,,0.598749,-0.9052914400000001,"5,485.03",432.57,8.56,2026-04-01 15:07:25
446,2차전지(소재/부품),4.22,354320,알멕 *,테마 편입 사유,55800.0,"상승  8,050",16.86,55800.0,56000.0,365978.0,20207.0,339087.0,,,0.598749,-0.9052914400000001,"5,485.03",432.57,8.56,2026-04-01 15:07:25
446,2차전지(소재/부품),4.22,014680,한솔케미칼,테마 편입 사유,284500.0,"상승  32,000",12.67,285500.0,286000.0,67613.0,18878.0,66856.0,,,0.598749,-0.9052914400000001,"5,485.03",432.57,8.56,2026-04-01 15:07:25
446,2차전지(소재/부품),4.22,091580,상신이디피 *,테마 편입 사유,19190.0,"상승  1,780",10.22,19310.0,19330.0,355504.0,6759.0,237421.0,,,0.598749,-0.9052914400000001,"5,485.03",432.57,8.56,2026-04-01 15:07:25
446,2차전지(소재/부품),4.22,089980,상아프론테크 *,테마 편입 사유,23600.0,"상승  2,050",9.51,23500.0,23550.0,101641.0,2352.0,203409.0,,,0.598749,-0.9052914400000001,"5,485.03",432.57,8.56,2026-04-01 15:07:25
446,2차전지(소재/부품),4.22,393890,더블유씨피 *,테마 편입 사유,15450.0,"상승  1,300",9.19,15370.0,15390.0,1644033.0,25223.0,3102205.0,,,0.598749,-0.9052914400000001,"5,485.03",432.57,8.56,2026-04-01 15:07:25
446,2차전지(소재/부품),4.22,036830,솔브레인홀딩스 *,테마 편입 사유,49500.0,"상승  4,100",9.03,49600.0,49650.0,54395.0,2665.0,50085.0,,,0.598749,-0.9052914400000001,"5,485.03",432.57,8.56,2026-04-01 15:07:25
446,2차전지(소재/부품),4.22,243840,신흥에스이씨 *,테마 편입 사유,7650.0,상승  600,8.51,7650.0,7660.0,648673.0,4860.0,750490.0,,,0.598749,-0.9052914400000001,"5,485.03",432.57,8.56,2026-04-01 15:07:25
446,2차전지(소재/부품),4.22,450080,에코프로머티,테마 편입 사유,72600.0,"상승  5,600",8.36,73400.0,73500.0,1165793.0,84145.0,1193507.0,,,0.598749,-0.9052914400000001,"5,485.03",432.57,8.56,2026-04-01 15:07:25
446,2차전지(소재/부품),4.22,121600,나노신소재 *,테마 편입 사유,66300.0,"상승  5,100",8.33,66800.0,66900.0,82234.0,5398.0,208976.0,,,0.598749,-0.9052914400000001,"5,485.03",432.57,8.56,2026-04-01 15:07:25
446,2차전지(소재/부품),4.22,025900,동화기업 *,테마 편입 사유,11120.0,상승  830,8.07,11140.0,11150.0,388278.0,4281.0,363658.0,,,0.598749,-0.9052914400000001,"5,485.03",432.57,8.56,2026-04-01 15:07:25
446,2차전지(소재/부품),4.22,357780,솔브레인 *,테마 편입 사유,393000.0,"상승  29,000",7.97,394500.0,395000.0,41813.0,16252.0,56835.0,,,0.598749,-0.9052914400000001,"5,485.03",432.57,8.56,2026-04-01 15:07:25
446,2차전지(소재/부품),4.22,011790,SKC,테마 편입 사유,98400.0,"상승  7,100",7.78,98600.0,98700.0,137459.0,13301.0,193839.0,,,0.598749,-0.9052914400000001,"5,485.03",432.57,8.56,2026-04-01 15:07:25
446,2차전지(소재/부품),4.22,088390,이녹스 *,테마 편입 사유,12310.0,상승  860,7.51,12250.0,12350.0,29900.0,365.0,29420.0,,,0.598749,-0.9052914400000001,"5,485.03",432.57,8.56,2026-04-01 15:07:25
446,2차전지(소재/부품),4.22,086520,에코프로 *,테마 편입 사유,149300.0,"상승  9,800",7.03,150600.0,150700.0,900470.0,133601.0,1534387.0,,,0.598749,-0.9052914400000001,"5,485.03",432.57,8.56,2026-04-01 15:07:25
446,2차전지(소재/부품),4.22,417010,나노팀 *,테마 편입 사유,10250.0,상승  650,6.77,10310.0,10320.0,177811.0,1829.0,229812.0,,,0.598749,-0.9052914400000001,"5,485.03",432.57,8.56,2026-04-01 15:07:25
446,2차전지(소재/부품),4.22,010130,고려아연,테마 편입 사유,1517000.0,"상승  95,000",6.68,1526000.0,1527000.0,23133.0,34983.0,24293.0,,,0.598749,-0.9052914400000001,"5,485.03",432.57,8.56,2026-04-01 15:07:25
446,2차전지(소재/부품),4.22,008730,율촌화학,테마 편입 사유,24850.0,"상승  1,550",6.65,24800.0,24850.0,94523.0,2322.0,76197.0,,,0.598749,-0.9052914400000001,"5,485.03",432.57,8.56,2026-04-01 15:07:25
446,2차전지(소재/부품),4.22,222420,쎄노텍 *,테마 편입 사유,1407.0,상승  85,6.43,1382.0,1385.0,436507.0,601.0,420746.0,,,0.598749,-0.9052914400000001,"5,485.03",432.57,8.56,2026-04-01 15:07:25
446,2차전지(소재/부품),4.22,054210,이랜텍 *,테마 편입 사유,10450.0,상승  630,6.42,10490.0,10500.0,269898.0,2805.0,196589.0,,,0.598749,-0.9052914400000001,"5,485.03",432.57,8.56,2026-04-01 15:07:25
446,2차전지(소재/부품),4.22,011500,한농화성,테마 편입 사유,21250.0,"상승  1,280",6.41,21350.0,21400.0,167600.0,3508.0,216813.0,,,0.598749,-0.9052914400000001,"5,485.03",432.57,8.56,2026-04-01 15:07:25
446,2차전지(소재/부품),4.22,015750,성우하이텍 *,테마 편입 사유,8930.0,상승  530,6.31,8980.0,8990.0,629704.0,5545.0,759798.0,,,0.598749,-0.9052914400000001,"5,485.03",432.57,8.56,2026-04-01 15:07:25
446,2차전지(소재/부품),4.22,452400,이닉스 *,테마 편입 사유,8780.0,상승  500,6.04,8740.0,8750.0,11753.0,102.0,15850.0,,,0.598749,-0.9052914400000001,"5,485.03",432.57,8.56,2026-04-01 15:07:25
446,2차전지(소재/부품),4.22,001390,KG케미칼,테마 편입 사유,5280.0,상승  300,6.02,5270.0,5280.0,626216.0,3260.0,628335.0,,,0.598749,-0.9052914400000001,"5,485.03",432.57,8.56,2026-04-01 15:07:25
446,2차전지(소재/부품),4.22,278280,천보 *,테마 편입 사유,51300.0,"상승  2,900",5.99,51600.0,51700.0,38968.0,1994.0,79179.0,,,0.598749,-0.9052914400000001,"5,485.03",432.57,8.56,2026-04-01 15:07:25
446,2차전지(소재/부품),4.22,065350,신성델타테크 *,테마 편입 사유,57800.0,"상승  3,100",5.67,57600.0,57800.0,86459.0,4943.0,117995.0,,,0.598749,-0.9052914400000001,"5,485.03",432.57,8.56,2026-04-01 15:07:25
446,2차전지(소재/부품),4.22,096630,에스코넥 *,테마 편입 사유,787.0,상승  42,5.64,785.0,786.0,325515.0,254.0,569018.0,,,0.598749,-0.9052914400000001,"5,485.03",432.57,8.56,2026-04-01 15:07:25
446,2차전지(소재/부품),4.22,093370,후성,테마 편입 사유,7410.0,상승  390,5.56,7400.0,7410.0,368012.0,2681.0,498402.0,,,0.598749,-0.9052914400000001,"5,485.03",432.57,8.56,2026-04-01 15:07:25
446,2차전지(소재/부품),4.22,416180,신성에스티 *,테마 편입 사유,34150.0,"상승  1,800",5.56,34200.0,34300.0,30595.0,1038.0,37001.0,,,0.598749,-0.9052914400000001,"5,485.03",432.57,8.56,2026-04-01 15:07:25
446,2차전지(소재/부품),4.22,002710,TCC스틸,테마 편입 사유,13890.0,상승  710,5.39,13830.0,13860.0,83966.0,1145.0,143106.0,,,0.598749,-0.9052914400000001,"5,485.03",432.57,8.56,2026-04-01 15:07:25
446,2차전지(소재/부품),4.22,047310,파워로직스 *,테마 편입 사유,4700.0,상승  230,5.15,4695.0,4700.0,130438.0,605.0,179806.0,,,0.598749,-0.9052914400000001,"5,485.03",432.57,8.56,2026-04-01 15:07:25
446,2차전지(소재/부품),4.22,247540,에코프로비엠 *,테마 편입 사유,202000.0,"상승  9,800",5.1,203500.0,204000.0,377848.0,75756.0,603090.0,,,0.598749,-0.9052914400000001,"5,485.03",432.57,8.56,2026-04-01 15:07:25
446,2차전지(소재/부품),4.22,265560,영화테크 *,테마 편입 사유,8530.0,상승  410,5.05,8520.0,8530.0,37033.0,313.0,39869.0,,,0.598749,-0.9052914400000001,"5,485.03",432.57,8.56,2026-04-01 15:07:25
446,2차전지(소재/부품),4.22,220260,켐트로스 *,테마 편입 사유,5410.0,상승  260,5.05,5390.0,5400.0,152843.0,820.0,237021.0,,,0.598749,-0.9052914400000001,"5,485.03",432.57,8.56,2026-04-01 15:07:25
446,2차전지(소재/부품),4.22,051910,LG화학,테마 편입 사유,314000.0,"상승  15,000",5.02,313500.0,314000.0,258194.0,79730.0,473765.0,,,0.598749,-0.9052914400000001,"5,485.03",432.57,8.56,2026-04-01 15:07:25
446,2차전지(소재/부품),4.22,361610,SK아이이테크놀로지,테마 편입 사유,22250.0,"상승  1,000",4.71,22200.0,22250.0,142308.0,3109.0,161264.0,,,0.598749,-0.9052914400000001,"5,485.03",432.57,8.56,2026-04-01 15:07:25
446,2차전지(소재/부품),4.22,446540,메가터치 *,테마 편입 사유,4200.0,상승  185,4.61,4160.0,4195.0,59815.0,249.0,173028.0,,,0.598749,-0.9052914400000001,"5,485.03",432.57,8.56,2026-04-01 15:07:25
446,2차전지(소재/부품),4.22,101360,에코앤드림 *,테마 편입 사유,17710.0,상승  760,4.48,17720.0,17740.0,77759.0,1370.0,90231.0,,,0.598749,-0.9052914400000001,"5,485.03",432.57,8.56,2026-04-01 15:07:25
446,2차전지(소재/부품),4.22,312610,에이에프더블류 *,테마 편입 사유,1055.0,상승  45,4.46,1054.0,1070.0,30665.0,32.0,17729.0,,,0.598749,-0.9052914400000001,"5,485.03",432.57,8.56,2026-04-01 15:07:25
446,2차전지(소재/부품),4.22,029480,광무 *,테마 편입 사유,2075.0,상승  87,4.38,2080.0,2085.0,159939.0,330.0,257683.0,,,0.598749,-0.9052914400000001,"5,485.03",432.57,8.56,2026-04-01 15:07:25
446,2차전지(소재/부품),4.22,055490,테이팩스,테마 편입 사유,16140.0,상승  670,4.33,16080.0,16110.0,19332.0,307.0,39614.0,,,0.598749,-0.9052914400000001,"5,485.03",432.57,8.56,2026-04-01 15:07:25
446,2차전지(소재/부품),4.22,336370,솔루스첨단소재,테마 편입 사유,9230.0,상승  380,4.29,9260.0,9280.0,207529.0,1896.0,306415.0,,,0.598749,-0.9052914400000001,"5,485.03",432.57,8.56,2026-04-01 15:07:25
446,2차전지(소재/부품),4.22,005490,POSCO홀딩스,테마 편입 사유,346500.0,"상승  14,000",4.21,346500.0,347000.0,319231.0,109565.0,390060.0,,,0.598749,-0.9052914400000001,"5,485.03",432.57,8.56,2026-04-01 15:07:25
446,2차전지(소재/부품),4.22,003670,포스코퓨처엠,테마 편입 사유,212000.0,"상승  8,500",4.18,212000.0,212500.0,240622.0,50478.0,444840.0,,,0.598749,-0.9052914400000001,"5,485.03",432.57,8.56,2026-04-01 15:07:25
446,2차전지(소재/부품),4.22,005420,코스모화학,테마 편입 사유,15450.0,상승  580,3.9,15460.0,15470.0,143121.0,2188.0,246329.0,,,0.598749,-0.9052914400000001,"5,485.03",432.57,8.56,2026-04-01 15:07:25
446,2차전지(소재/부품),4.22,161000,애경케미칼,테마 편입 사유,14260.0,상승  520,3.78,14180.0,14190.0,2906217.0,42099.0,9557584.0,,,0.598749,-0.9052914400000001,"5,485.03",432.57,8.56,2026-04-01 15:07:25
446,2차전지(소재/부품),4.22,458650,성우 *,테마 편입 사유,12700.0,상승  430,3.5,12680.0,12690.0,58683.0,741.0,133043.0,,,0.598749,-0.9052914400000001,"5,485.03",432.57,8.56,2026-04-01 15:07:25
446,2차전지(소재/부품),4.22,178920,PI첨단소재,테마 편입 사유,22600.0,상승  700,3.2,22700.0,22750.0,235560.0,5301.0,349314.0,,,0.598749,-0.9052914400000001,"5,485.03",432.57,8.56,2026-04-01 15:07:25
446,2차전지(소재/부품),4.22,006650,대한유화,테마 편입 사유,134100.0,"상승  4,100",3.15,133200.0,133300.0,40402.0,5357.0,88088.0,,,0.598749,-0.9052914400000001,"5,485.03",432.57,8.56,2026-04-01 15:07:25
446,2차전지(소재/부품),4.22,051490,나라엠앤디 *,테마 편입 사유,3615.0,상승  110,3.14,3610.0,3620.0,56957.0,202.0,23722.0,,,0.598749,-0.9052914400000001,"5,485.03",432.57,8.56,2026-04-01 15:07:25
446,2차전지(소재/부품),4.22,004910,조광페인트,테마 편입 사유,4890.0,상승  145,3.06,4870.0,4880.0,27038.0,130.0,47856.0,,,0.598749,-0.9052914400000001,"5,485.03",432.57,8.56,2026-04-01 15:07:25
446,2차전지(소재/부품),4.22,084850,아이티엠반도체 *,테마 편입 사유,11140.0,상승  330,3.05,11020.0,11030.0,115106.0,1262.0,104846.0,,,0.598749,-0.9052914400000001,"5,485.03",432.57,8.56,2026-04-01 15:07:25
446,2차전지(소재/부품),4.22,419050,삼기에너지솔루션즈 *,테마 편입 사유,1586.0,상승  45,2.92,1585.0,1589.0,102819.0,162.0,672695.0,,,0.598749,-0.9052914400000001,"5,485.03",432.57,8.56,2026-04-01 15:07:25
446,2차전지(소재/부품),4.22,475660,에스켐 *,테마 편입 사유,5310.0,상승  140,2.71,5310.0,5340.0,31693.0,167.0,17157.0,,,0.598749,-0.9052914400000001,"5,485.03",432.57,8.56,2026-04-01 15:07:25
446,2차전지(소재/부품),4.22,066970,엘앤에프,테마 편입 사유,147800.0,"상승  3,900",2.71,149100.0,149200.0,994076.0,144813.0,1095696.0,,,0.598749,-0.9052914400000001,"5,485.03",432.57,8.56,2026-04-01 15:07:25
446,2차전지(소재/부품),4.22,020150,롯데에너지머티리얼즈,테마 편입 사유,42500.0,"상승  1,100",2.66,42350.0,42400.0,134916.0,5675.0,238977.0,,,0.598749,-0.9052914400000001,"5,485.03",432.57,8.56,2026-04-01 15:07:25
446,2차전지(소재/부품),4.22,005070,코스모신소재,테마 편입 사유,52900.0,"상승  1,300",2.52,53200.0,53300.0,198509.0,10457.0,452491.0,,,0.598749,-0.9052914400000001,"5,485.03",432.57,8.56,2026-04-01 15:07:25
446,2차전지(소재/부품),4.22,093920,서원인텍 *,테마 편입 사유,5100.0,상승  120,2.41,5080.0,5090.0,17236.0,87.0,19565.0,,,0.598749,-0.9052914400000001,"5,485.03",432.57,8.56,2026-04-01 15:07:25
446,2차전지(소재/부품),4.22,900070,글로벌에스엠 *,테마 편입 사유,534.0,상승  12,2.3,533.0,535.0,126325.0,67.0,164224.0,,,0.598749,-0.9052914400000001,"5,485.03",432.57,8.56,2026-04-01 15:07:25
446,2차전지(소재/부품),4.22,240600,유진테크놀로지 *,테마 편입 사유,3290.0,상승  70,2.17,3255.0,3260.0,18000.0,59.0,49052.0,,,0.598749,-0.9052914400000001,"5,485.03",432.57,8.56,2026-04-01 15:07:25
446,2차전지(소재/부품),4.22,054090,삼진엘앤디 *,테마 편입 사유,1060.0,상승  20,1.92,1077.0,1085.0,1943662.0,2069.0,7856538.0,,,0.598749,-0.9052914400000001,"5,485.03",432.57,8.56,2026-04-01 15:07:25
446,2차전지(소재/부품),4.22,032560,황금에스티,테마 편입 사유,5960.0,상승  110,1.88,5950.0,5970.0,39729.0,234.0,51841.0,,,0.598749,-0.9052914400000001,"5,485.03",432.57,8.56,2026-04-01 15:07:25
446,2차전지(소재/부품),4.22,014820,동원시스템즈,테마 편입 사유,25375.0,상승  425,1.7,25250.0,25300.0,44838.0,1128.0,37647.0,,,0.598749,-0.9052914400000001,"5,485.03",432.57,8.56,2026-04-01 15:07:25
446,2차전지(소재/부품),4.22,263770,유에스티 *,테마 편입 사유,1925.0,상승  25,1.32,1921.0,1923.0,8474.0,16.0,31952.0,,,0.598749,-0.9052914400000001,"5,485.03",432.57,8.56,2026-04-01 15:07:25
446,2차전지(소재/부품),4.22,317330,덕산테코피아 *,테마 편입 사유,18800.0,상승  220,1.18,18830.0,18870.0,315616.0,5805.0,704417.0,,,0.598749,-0.9052914400000001,"5,485.03",432.57,8.56,2026-04-01 15:07:25
446,2차전지(소재/부품),4.22,033790,피노 *,테마 편입 사유,7870.0,상승  90,1.16,7850.0,7860.0,4050004.0,32079.0,7134082.0,,,0.598749,-0.9052914400000001,"5,485.03",432.57,8.56,2026-04-01 15:07:25
446,2차전지(소재/부품),4.22,075970,동국알앤에스 *,테마 편입 사유,2205.0,상승  25,1.15,2200.0,2205.0,118295.0,259.0,903535.0,,,0.598749,-0.9052914400000001,"5,485.03",432.57,8.56,2026-04-01 15:07:25
446,2차전지(소재/부품),4.22,078600,대주전자재료 *,테마 편입 사유,126800.0,상승  700,0.56,128100.0,128200.0,296046.0,37068.0,275027.0,,,0.598749,-0.9052914400000001,"5,485.03",432.57,8.56,2026-04-01 15:07:25
446,2차전지(소재/부품),4.22,106080,케이이엠텍 *,테마 편입 사유,330.0,보합0,0.0,0.0,0.0,0.0,0.0,0.0,,,0.598749,-0.9052914400000001,"5,485.03",432.57,8.56,2026-04-01 15:07:25
446,2차전지(소재/부품),4.22,121850,코이즈 *,테마 편입 사유,2285.0,하락  5,-0.22,2275.0,2285.0,65659.0,149.0,66073.0,,,0.598749,-0.9052914400000001,"5,485.03",432.57,8.56,2026-04-01 15:07:25
446,2차전지(소재/부품),4.22,001530,DI동일,테마 편입 사유,21550.0,하락  100,-0.46,21500.0,21600.0,46347.0,989.0,110171.0,,,0.598749,-0.9052914400000001,"5,485.03",432.57,8.56,2026-04-01 15:07:25
446,2차전지(소재/부품),4.22,348370,엔켐 *,테마 편입 사유,39350.0,"하락  1,600",-3.91,39350.0,39400.0,499969.0,19836.0,550907.0,,,0.598749,-0.9052914400000001,"5,485.03",432.57,8.56,2026-04-01 15:07:25
446,2차전지(소재/부품),4.22,114190,강원에너지 *,테마 편입 사유,14600.0,"하락  1,010",-6.47,14610.0,14620.0,1112371.0,15900.0,3730682.0,,,0.598749,-0.9052914400000001,"5,485.03",432.57,8.56,2026-04-01 15:07:25
446,2차전지(소재/부품),4.22,001780,알루코,테마 편입 사유,2430.0,하락  225,-8.47,2405.0,2410.0,10930165.0,25412.0,55588679.0,,,0.598749,-0.9052914400000001,"5,485.03",432.57,8.56,2026-04-01 15:07:25
446,2차전지(소재/부품),4.22,018470,조일알미늄,테마 편입 사유,1396.0,하락  213,-13.24,1390.0,1391.0,27547751.0,38399.0,75992594.0,,,0.598749,-0.9052914400000001,"5,485.03",432.57,8.56,2026-04-01 15:07:25
446,2차전지(소재/부품),4.22,006110,삼아알미늄,테마 편입 사유,34300.0,"하락  5,900",-14.68,34150.0,34200.0,1027234.0,35838.0,3808534.0,,,0.598749,-0.9052914400000001,"5,485.03",432.57,8.56,2026-04-01 15:07:25
381,LNG(액화천연가스),4.15,010140,삼성중공업,테마 편입 사유,27050.0,"상승  2,600",10.63,27200.0,27250.0,5851270.0,156084.0,6237363.0,,,0.574881,-0.7709813599999995,"5,485.03",432.57,8.56,2026-04-01 15:07:25
381,LNG(액화천연가스),4.15,097230,HJ중공업,테마 편입 사유,23900.0,"상승  2,150",9.89,24100.0,24150.0,1047866.0,24338.0,1326000.0,,,0.574881,-0.7709813599999995,"5,485.03",432.57,8.56,2026-04-01 15:07:25
381,LNG(액화천연가스),4.15,100090,SK오션플랜트,테마 편입 사유,29300.0,"상승  2,450",9.12,28850.0,28900.0,6440863.0,189880.0,1711228.0,,,0.574881,-0.7709813599999995,"5,485.03",432.57,8.56,2026-04-01 15:07:25
381,LNG(액화천연가스),4.15,009540,HD한국조선해양,테마 편입 사유,374500.0,"상승  30,500",8.87,376000.0,376500.0,312062.0,114399.0,235792.0,,,0.574881,-0.7709813599999995,"5,485.03",432.57,8.56,2026-04-01 15:07:25
381,LNG(액화천연가스),4.15,333430,일승 *,테마 편입 사유,5470.0,상승  400,7.89,5420.0,5440.0,179824.0,962.0,191289.0,,,0.574881,-0.7709813599999995,"5,485.03",432.57,8.56,2026-04-01 15:07:25
381,LNG(액화천연가스),4.15,033500,동성화인텍 *,테마 편입 사유,24950.0,"상승  1,800",7.78,25000.0,25050.0,261186.0,6423.0,435799.0,,,0.574881,-0.7709813599999995,"5,485.03",432.57,8.56,2026-04-01 15:07:25
381,LNG(액화천연가스),4.15,083650,비에이치아이 *,테마 편입 사유,99500.0,"상승  7,000",7.57,100100.0,100200.0,285526.0,28063.0,345577.0,,,0.574881,-0.7709813599999995,"5,485.03",432.57,8.56,2026-04-01 15:07:25
381,LNG(액화천연가스),4.15,034730,SK,테마 편입 사유,323000.0,"상승  22,000",7.31,324000.0,324500.0,164315.0,52067.0,246406.0,,,0.574881,-0.7709813599999995,"5,485.03",432.57,8.56,2026-04-01 15:07:25
381,LNG(액화천연가스),4.15,258610,케일럼 *,테마 편입 사유,1560.0,상승  83,5.62,1540.0,1562.0,59251.0,91.0,56497.0,,,0.574881,-0.7709813599999995,"5,485.03",432.57,8.56,2026-04-01 15:07:25
381,LNG(액화천연가스),4.15,017960,한국카본,테마 편입 사유,41000.0,"상승  2,150",5.53,41200.0,41250.0,433473.0,17573.0,528682.0,,,0.574881,-0.7709813599999995,"5,485.03",432.57,8.56,2026-04-01 15:07:25
381,LNG(액화천연가스),4.15,015760,한국전력,테마 편입 사유,43750.0,"상승  2,100",5.04,43600.0,43650.0,1924735.0,82894.0,3163086.0,,,0.574881,-0.7709813599999995,"5,485.03",432.57,8.56,2026-04-01 15:07:25
381,LNG(액화천연가스),4.15,071320,지역난방공사,테마 편입 사유,75600.0,"상승  3,400",4.71,75300.0,75400.0,18581.0,1388.0,39995.0,,,0.574881,-0.7709813599999995,"5,485.03",432.57,8.56,2026-04-01 15:07:25
381,LNG(액화천연가스),4.15,078930,GS,테마 편입 사유,66800.0,"상승  3,000",4.7,66400.0,66600.0,260802.0,17263.0,213242.0,,,0.574881,-0.7709813599999995,"5,485.03",432.57,8.56,2026-04-01 15:07:25
381,LNG(액화천연가스),4.15,005490,POSCO홀딩스,테마 편입 사유,346500.0,"상승  14,000",4.21,346500.0,347000.0,319231.0,109565.0,390060.0,,,0.574881,-0.7709813599999995,"5,485.03",432.57,8.56,2026-04-01 15:07:25
381,LNG(액화천연가스),4.15,085310,엔케이,테마 편입 사유,1116.0,상승  38,3.53,1108.0,1116.0,316986.0,352.0,295529.0,,,0.574881,-0.7709813599999995,"5,485.03",432.57,8.56,2026-04-01 15:07:25
381,LNG(액화천연가스),4.15,096350,대창솔루션 *,테마 편입 사유,3225.0,상승  110,3.53,3220.0,3225.0,1244030.0,3997.0,1913879.0,,,0.574881,-0.7709813599999995,"5,485.03",432.57,8.56,2026-04-01 15:07:25
381,LNG(액화천연가스),4.15,028670,팬오션,테마 편입 사유,5060.0,상승  165,3.37,5030.0,5040.0,2806894.0,14050.0,3467952.0,,,0.574881,-0.7709813599999995,"5,485.03",432.57,8.56,2026-04-01 15:07:25
381,LNG(액화천연가스),4.15,136150,원일티엔아이 *,테마 편입 사유,17700.0,상승  510,2.97,17670.0,17750.0,72474.0,1292.0,84460.0,,,0.574881,-0.7709813599999995,"5,485.03",432.57,8.56,2026-04-01 15:07:25
381,LNG(액화천연가스),4.15,036460,한국가스공사,테마 편입 사유,35800.0,상승  850,2.43,35750.0,35800.0,195635.0,6956.0,218070.0,,,0.574881,-0.7709813599999995,"5,485.03",432.57,8.56,2026-04-01 15:07:25
381,LNG(액화천연가스),4.15,082740,한화엔진,테마 편입 사유,44600.0,"상승  1,050",2.41,44700.0,44750.0,487662.0,21742.0,390601.0,,,0.574881,-0.7709813599999995,"5,485.03",432.57,8.56,2026-04-01 15:07:25
381,LNG(액화천연가스),4.15,004690,삼천리,테마 편입 사유,141000.0,"상승  2,000",1.44,140700.0,141000.0,11377.0,1599.0,17088.0,,,0.574881,-0.7709813599999995,"5,485.03",432.57,8.56,2026-04-01 15:07:25
381,LNG(액화천연가스),4.15,005880,대한해운,테마 편입 사유,2425.0,상승  30,1.25,2400.0,2405.0,29141692.0,68451.0,80920731.0,,,0.574881,-0.7709813599999995,"5,485.03",432.57,8.56,2026-04-01 15:07:25
381,LNG(액화천연가스),4.15,100840,SNT에너지,테마 편입 사유,49150.0,"하락  1,150",-2.29,49200.0,49300.0,654354.0,32580.0,801719.0,,,0.574881,-0.7709813599999995,"5,485.03",432.57,8.56,2026-04-01 15:07:25
381,LNG(액화천연가스),4.15,098070,한텍 *,테마 편입 사유,47750.0,"하락  1,150",-2.35,47800.0,47900.0,316066.0,15101.0,750629.0,,,0.574881,-0.7709813599999995,"5,485.03",432.57,8.56,2026-04-01 15:07:25
381,LNG(액화천연가스),4.15,018670,SK가스,테마 편입 사유,260000.0,"하락  9,000",-3.35,261000.0,262500.0,51908.0,13448.0,88120.0,,,0.574881,-0.7709813599999995,"5,485.03",432.57,8.56,2026-04-01 15:07:25
381,LNG(액화천연가스),4.15,329180,HD현대중공업,테마 편입 사유,448500.0,"하락  16,500",-3.55,449500.0,450000.0,1043573.0,462747.0,285931.0,,,0.574881,-0.7709813599999995,"5,485.03",432.57,8.56,2026-04-01 15:07:25
331,가상화폐(비트코인 등),3.84,003530,한화투자증권,테마 편입 사유,7120.0,상승  670,10.39,7120.0,7130.0,2264159.0,15735.0,3238705.0,,,0.534372,-0.73422432,"5,485.03",432.57,8.56,2026-04-01 15:07:25
331,가상화폐(비트코인 등),3.84,033320,제이씨현시스템 *,테마 편입 사유,4920.0,상승  340,7.42,4910.0,4925.0,300352.0,1458.0,234985.0,,,0.534372,-0.73422432,"5,485.03",432.57,8.56,2026-04-01 15:07:25
331,가상화폐(비트코인 등),3.84,246690,TS인베스트먼트 *,테마 편입 사유,1745.0,상승  108,6.6,1743.0,1745.0,496870.0,857.0,581180.0,,,0.534372,-0.73422432,"5,485.03",432.57,8.56,2026-04-01 15:07:25
331,가상화폐(비트코인 등),3.84,094480,갤럭시아머니트리 *,테마 편입 사유,8310.0,상승  510,6.54,8270.0,8290.0,212440.0,1726.0,268216.0,,,0.534372,-0.73422432,"5,485.03",432.57,8.56,2026-04-01 15:07:25
331,가상화폐(비트코인 등),3.84,021080,에이티넘인베스트 *,테마 편입 사유,3090.0,상승  165,5.64,3080.0,3085.0,256614.0,786.0,317262.0,,,0.534372,-0.73422432,"5,485.03",432.57,8.56,2026-04-01 15:07:25
331,가상화폐(비트코인 등),3.84,035720,카카오,테마 편입 사유,48350.0,"상승  2,550",5.57,48350.0,48400.0,1122263.0,53477.0,1706215.0,,,0.534372,-0.73422432,"5,485.03",432.57,8.56,2026-04-01 15:07:25
331,가상화폐(비트코인 등),3.84,093520,매커스 *,테마 편입 사유,23700.0,"상승  1,250",5.57,23700.0,23750.0,72056.0,1688.0,109814.0,,,0.534372,-0.73422432,"5,485.03",432.57,8.56,2026-04-01 15:07:25
331,가상화폐(비트코인 등),3.84,064260,다날 *,테마 편입 사유,6290.0,상승  330,5.54,6280.0,6290.0,774861.0,4805.0,978865.0,,,0.534372,-0.73422432,"5,485.03",432.57,8.56,2026-04-01 15:07:25
331,가상화폐(비트코인 등),3.84,377030,비트맥스 *,테마 편입 사유,692.0,상승  35,5.33,687.0,690.0,208324.0,142.0,293048.0,,,0.534372,-0.73422432,"5,485.03",432.57,8.56,2026-04-01 15:07:25
331,가상화폐(비트코인 등),3.84,042420,네오위즈홀딩스 *,테마 편입 사유,23950.0,"상승  1,200",5.27,23800.0,23850.0,3912.0,92.0,8189.0,,,0.534372,-0.73422432,"5,485.03",432.57,8.56,2026-04-01 15:07:25
331,가상화폐(비트코인 등),3.84,036620,감성코퍼레이션 *,테마 편입 사유,5540.0,상승  270,5.12,5530.0,5560.0,346943.0,1879.0,428964.0,,,0.534372,-0.73422432,"5,485.03",432.57,8.56,2026-04-01 15:07:25
331,가상화폐(비트코인 등),3.84,112040,위메이드 *,테마 편입 사유,21500.0,상승  850,4.12,21500.0,21550.0,82881.0,1769.0,109311.0,,,0.534372,-0.73422432,"5,485.03",432.57,8.56,2026-04-01 15:07:25
331,가상화폐(비트코인 등),3.84,046440,KG모빌리언스 *,테마 편입 사유,4955.0,상승  195,4.1,4945.0,4960.0,67205.0,331.0,80986.0,,,0.534372,-0.73422432,"5,485.03",432.57,8.56,2026-04-01 15:07:25
331,가상화폐(비트코인 등),3.84,095660,네오위즈 *,테마 편입 사유,25150.0,상승  950,3.93,25100.0,25250.0,43338.0,1085.0,88506.0,,,0.534372,-0.73422432,"5,485.03",432.57,8.56,2026-04-01 15:07:25
331,가상화폐(비트코인 등),3.84,019550,SBI인베스트먼트 *,테마 편입 사유,622.0,상승  22,3.67,619.0,622.0,533485.0,330.0,662811.0,,,0.534372,-0.73422432,"5,485.03",432.57,8.56,2026-04-01 15:07:25
331,가상화폐(비트코인 등),3.84,184230,SGA솔루션즈 *,테마 편입 사유,544.0,상승  19,3.62,539.0,543.0,91310.0,49.0,155357.0,,,0.534372,-0.73422432,"5,485.03",432.57,8.56,2026-04-01 15:07:25
331,가상화폐(비트코인 등),3.84,041190,우리기술투자 *,테마 편입 사유,6480.0,상승  220,3.51,6480.0,6500.0,567144.0,3650.0,598241.0,,,0.534372,-0.73422432,"5,485.03",432.57,8.56,2026-04-01 15:07:25
331,가상화폐(비트코인 등),3.84,036090,위지트 *,테마 편입 사유,605.0,상승  19,3.24,605.0,606.0,874791.0,526.0,1120177.0,,,0.534372,-0.73422432,"5,485.03",432.57,8.56,2026-04-01 15:07:25
331,가상화폐(비트코인 등),3.84,063080,컴투스홀딩스 *,테마 편입 사유,17320.0,상승  540,3.22,17260.0,17310.0,20201.0,350.0,21327.0,,,0.534372,-0.73422432,"5,485.03",432.57,8.56,2026-04-01 15:07:25
331,가상화폐(비트코인 등),3.84,058630,엠게임 *,테마 편입 사유,5160.0,상승  160,3.2,5160.0,5170.0,43624.0,223.0,43890.0,,,0.534372,-0.73422432,"5,485.03",432.57,8.56,2026-04-01 15:07:25
331,가상화폐(비트코인 등),3.84,049470,비트플래닛 *,테마 편입 사유,675.0,상승  19,2.9,678.0,679.0,226199.0,153.0,448515.0,,,0.534372,-0.73422432,"5,485.03",432.57,8.56,2026-04-01 15:07:25
331,가상화폐(비트코인 등),3.84,290560,파라택시스이더리움 *,테마 편입 사유,1825.0,상승  25,1.39,1828.0,1852.0,156968.0,278.0,158297.0,,,0.534372,-0.73422432,"5,485.03",432.57,8.56,2026-04-01 15:07:25
331,가상화폐(비트코인 등),3.84,214270,FSN *,테마 편입 사유,2285.0,상승  20,0.88,2290.0,2295.0,252075.0,580.0,667898.0,,,0.534372,-0.73422432,"5,485.03",432.57,8.56,2026-04-01 15:07:25
331,가상화폐(비트코인 등),3.84,057680,티사이언티픽 *,테마 편입 사유,602.0,하락  7,-1.15,593.0,594.0,177016.0,105.0,95406.0,,,0.534372,-0.73422432,"5,485.03",432.57,8.56,2026-04-01 15:07:25
331,가상화폐(비트코인 등),3.84,101140,인바이오젠,테마 편입 사유,8800.0,하락  870,-9.0,8810.0,8820.0,50013.0,447.0,60509.0,,,0.534372,-0.73422432,"5,485.03",432.57,8.56,2026-04-01 15:07:25
575,지역화폐,4.9,094480,갤럭시아머니트리 *,테마 편입 사유,8310.0,상승  510,6.54,8270.0,8290.0,212440.0,1726.0,268216.0,,,0.656144,-0.7165926399999991,"5,485.03",432.57,8.56,2026-04-01 15:07:25
575,지역화폐,4.9,088340,유라클 *,테마 편입 사유,12030.0,상승  600,5.25,11940.0,11950.0,21026.0,250.0,37771.0,,,0.656144,-0.7165926399999991,"5,485.03",432.57,8.56,2026-04-01 15:07:25
575,지역화폐,4.9,294570,쿠콘 *,테마 편입 사유,28300.0,"상승  1,300",4.81,28150.0,28250.0,24113.0,672.0,26413.0,,,0.656144,-0.7165926399999991,"5,485.03",432.57,8.56,2026-04-01 15:07:25
575,지역화폐,4.9,052400,코나아이 *,테마 편입 사유,56800.0,"상승  2,300",4.22,57100.0,57200.0,97444.0,5486.0,171959.0,,,0.656144,-0.7165926399999991,"5,485.03",432.57,8.56,2026-04-01 15:07:25
575,지역화폐,4.9,053580,웹케시 *,테마 편입 사유,8680.0,상승  350,4.2,8660.0,8670.0,20163.0,173.0,57067.0,,,0.656144,-0.7165926399999991,"5,485.03",432.57,8.56,2026-04-01 15:07:25
445,2차전지(장비),4.63,089890,코세스 *,테마 편입 사유,22150.0,"상승  3,280",17.38,22200.0,22250.0,258775.0,5678.0,307181.0,,,0.623215,-0.7047204000000002,"5,485.03",432.57,8.56,2026-04-01 15:07:25
445,2차전지(장비),4.63,168360,펨트론 *,테마 편입 사유,21200.0,"상승  2,420",12.89,21250.0,21300.0,132980.0,2762.0,109491.0,,,0.623215,-0.7047204000000002,"5,485.03",432.57,8.56,2026-04-01 15:07:25
445,2차전지(장비),4.63,129920,대성하이텍 *,테마 편입 사유,14590.0,"상승  1,580",12.14,14820.0,14850.0,443040.0,6498.0,549884.0,,,0.623215,-0.7047204000000002,"5,485.03",432.57,8.56,2026-04-01 15:07:25
445,2차전지(장비),4.63,081180,쎄크 *,테마 편입 사유,12760.0,"상승  1,290",11.25,12730.0,12780.0,221051.0,2767.0,94910.0,,,0.623215,-0.7047204000000002,"5,485.03",432.57,8.56,2026-04-01 15:07:25
445,2차전지(장비),4.63,161580,필옵틱스 *,테마 편입 사유,40150.0,"상승  4,050",11.22,40450.0,40500.0,251575.0,9989.0,170982.0,,,0.623215,-0.7047204000000002,"5,485.03",432.57,8.56,2026-04-01 15:07:25
445,2차전지(장비),4.63,078150,HB테크놀러지 *,테마 편입 사유,2190.0,상승  185,9.23,2180.0,2185.0,1345411.0,2890.0,1516827.0,,,0.623215,-0.7047204000000002,"5,485.03",432.57,8.56,2026-04-01 15:07:25
445,2차전지(장비),4.63,083930,아바코 *,테마 편입 사유,13500.0,상승  970,7.74,13520.0,13540.0,75686.0,1007.0,75446.0,,,0.623215,-0.7047204000000002,"5,485.03",432.57,8.56,2026-04-01 15:07:25
445,2차전지(장비),4.63,056190,에스에프에이 *,테마 편입 사유,28000.0,"상승  2,000",7.69,28050.0,28100.0,93237.0,2593.0,85161.0,,,0.623215,-0.7047204000000002,"5,485.03",432.57,8.56,2026-04-01 15:07:25
445,2차전지(장비),4.63,432470,케이엔에스 *,테마 편입 사유,13390.0,상승  910,7.29,13390.0,13430.0,28918.0,384.0,54906.0,,,0.623215,-0.7047204000000002,"5,485.03",432.57,8.56,2026-04-01 15:07:25
445,2차전지(장비),4.63,452190,한빛레이저 *,테마 편입 사유,4140.0,상승  240,6.15,4150.0,4155.0,66549.0,273.0,115241.0,,,0.623215,-0.7047204000000002,"5,485.03",432.57,8.56,2026-04-01 15:07:25
445,2차전지(장비),4.63,282880,코윈테크 *,테마 편입 사유,14140.0,상승  810,6.08,14140.0,14150.0,26476.0,372.0,46611.0,,,0.623215,-0.7047204000000002,"5,485.03",432.57,8.56,2026-04-01 15:07:25
445,2차전지(장비),4.63,469750,아이비젼웍스 *,테마 편입 사유,1131.0,상승  63,5.9,1135.0,1136.0,232069.0,260.0,189897.0,,,0.623215,-0.7047204000000002,"5,485.03",432.57,8.56,2026-04-01 15:07:25
445,2차전지(장비),4.63,222080,씨아이에스 *,테마 편입 사유,12280.0,상승  680,5.86,12400.0,12410.0,1092833.0,13322.0,1480529.0,,,0.623215,-0.7047204000000002,"5,485.03",432.57,8.56,2026-04-01 15:07:25
445,2차전지(장비),4.63,137400,피엔티 *,테마 편입 사유,50000.0,"상승  2,700",5.71,50100.0,50200.0,136834.0,6794.0,167123.0,,,0.623215,-0.7047204000000002,"5,485.03",432.57,8.56,2026-04-01 15:07:25
445,2차전지(장비),4.63,372170,윤성에프앤씨 *,테마 편입 사유,30000.0,"상승  1,600",5.63,29900.0,29950.0,7401.0,220.0,15988.0,,,0.623215,-0.7047204000000002,"5,485.03",432.57,8.56,2026-04-01 15:07:25
445,2차전지(장비),4.63,109740,디에스케이 *,테마 편입 사유,5700.0,상승  300,5.56,5650.0,5690.0,34301.0,191.0,59983.0,,,0.623215,-0.7047204000000002,"5,485.03",432.57,8.56,2026-04-01 15:07:25
445,2차전지(장비),4.63,333620,엔시스 *,테마 편입 사유,5920.0,상승  310,5.53,5870.0,5920.0,27783.0,164.0,11643.0,,,0.623215,-0.7047204000000002,"5,485.03",432.57,8.56,2026-04-01 15:07:25
445,2차전지(장비),4.63,110990,디아이티 *,테마 편입 사유,19330.0,상승  940,5.11,19540.0,19550.0,115529.0,2233.0,96997.0,,,0.623215,-0.7047204000000002,"5,485.03",432.57,8.56,2026-04-01 15:07:25
445,2차전지(장비),4.63,382840,원준 *,테마 편입 사유,8870.0,상승  410,4.85,8840.0,8850.0,42728.0,376.0,87130.0,,,0.623215,-0.7047204000000002,"5,485.03",432.57,8.56,2026-04-01 15:07:25
445,2차전지(장비),4.63,217820,원익피앤이 *,테마 편입 사유,3090.0,상승  135,4.57,3090.0,3095.0,102861.0,315.0,206005.0,,,0.623215,-0.7047204000000002,"5,485.03",432.57,8.56,2026-04-01 15:07:25
445,2차전지(장비),4.63,378340,필에너지 *,테마 편입 사유,15280.0,상승  650,4.44,15250.0,15260.0,83645.0,1267.0,335746.0,,,0.623215,-0.7047204000000002,"5,485.03",432.57,8.56,2026-04-01 15:07:25
445,2차전지(장비),4.63,262260,에이프로 *,테마 편입 사유,5080.0,상승  200,4.1,5090.0,5100.0,37175.0,189.0,73687.0,,,0.623215,-0.7047204000000002,"5,485.03",432.57,8.56,2026-04-01 15:07:25
445,2차전지(장비),4.63,302430,이노메트리 *,테마 편입 사유,6840.0,상승  260,3.95,6830.0,6850.0,16559.0,113.0,25374.0,,,0.623215,-0.7047204000000002,"5,485.03",432.57,8.56,2026-04-01 15:07:25
445,2차전지(장비),4.63,108230,톱텍 *,테마 편입 사유,4250.0,상승  160,3.91,4255.0,4260.0,59768.0,253.0,63724.0,,,0.623215,-0.7047204000000002,"5,485.03",432.57,8.56,2026-04-01 15:07:25
445,2차전지(장비),4.63,382480,지아이텍 *,테마 편입 사유,2405.0,상승  90,3.89,2400.0,2410.0,210858.0,501.0,456024.0,,,0.623215,-0.7047204000000002,"5,485.03",432.57,8.56,2026-04-01 15:07:25
445,2차전지(장비),4.63,452200,민테크 *,테마 편입 사유,2315.0,상승  85,3.81,2320.0,2325.0,88289.0,204.0,42521.0,,,0.623215,-0.7047204000000002,"5,485.03",432.57,8.56,2026-04-01 15:07:25
445,2차전지(장비),4.63,413390,엠오티 *,테마 편입 사유,8280.0,상승  300,3.76,8260.0,8270.0,122848.0,1011.0,202154.0,,,0.623215,-0.7047204000000002,"5,485.03",432.57,8.56,2026-04-01 15:07:25
445,2차전지(장비),4.63,079810,디이엔티 *,테마 편입 사유,4390.0,상승  155,3.66,4370.0,4390.0,105721.0,458.0,113761.0,,,0.623215,-0.7047204000000002,"5,485.03",432.57,8.56,2026-04-01 15:07:25
445,2차전지(장비),4.63,251630,브이원텍 *,테마 편입 사유,5370.0,상승  180,3.47,5380.0,5390.0,33419.0,178.0,46017.0,,,0.623215,-0.7047204000000002,"5,485.03",432.57,8.56,2026-04-01 15:07:25
445,2차전지(장비),4.63,290670,대보마그네틱 *,테마 편입 사유,11700.0,상승  380,3.36,11640.0,11660.0,13418.0,156.0,22865.0,,,0.623215,-0.7047204000000002,"5,485.03",432.57,8.56,2026-04-01 15:07:25
445,2차전지(장비),4.63,320000,한울반도체 *,테마 편입 사유,1469.0,상승  46,3.23,1469.0,1470.0,186160.0,271.0,355523.0,,,0.623215,-0.7047204000000002,"5,485.03",432.57,8.56,2026-04-01 15:07:25
445,2차전지(장비),4.63,267320,나인테크 *,테마 편입 사유,3120.0,상승  90,2.97,3120.0,3125.0,648390.0,2027.0,944947.0,,,0.623215,-0.7047204000000002,"5,485.03",432.57,8.56,2026-04-01 15:07:25
445,2차전지(장비),4.63,299030,하나기술 *,테마 편입 사유,27050.0,상승  750,2.85,27050.0,27100.0,18921.0,510.0,37694.0,,,0.623215,-0.7047204000000002,"5,485.03",432.57,8.56,2026-04-01 15:07:25
445,2차전지(장비),4.63,065130,탑엔지니어링 *,테마 편입 사유,3100.0,상승  85,2.82,3090.0,3100.0,15511.0,48.0,20939.0,,,0.623215,-0.7047204000000002,"5,485.03",432.57,8.56,2026-04-01 15:07:25
445,2차전지(장비),4.63,241790,티이엠씨씨엔에스 *,테마 편입 사유,7740.0,상승  210,2.79,7740.0,7750.0,32715.0,251.0,67694.0,,,0.623215,-0.7047204000000002,"5,485.03",432.57,8.56,2026-04-01 15:07:25
445,2차전지(장비),4.63,480370,씨케이솔루션,테마 편입 사유,2030.0,상승  49,2.47,2015.0,2030.0,219567.0,444.0,471541.0,,,0.623215,-0.7047204000000002,"5,485.03",432.57,8.56,2026-04-01 15:07:25
445,2차전지(장비),4.63,277880,티에스아이 *,테마 편입 사유,4990.0,상승  120,2.46,4955.0,4975.0,88889.0,443.0,111754.0,,,0.623215,-0.7047204000000002,"5,485.03",432.57,8.56,2026-04-01 15:07:25
445,2차전지(장비),4.63,254120,자비스 *,테마 편입 사유,1213.0,상승  29,2.45,1212.0,1218.0,41978.0,51.0,124524.0,,,0.623215,-0.7047204000000002,"5,485.03",432.57,8.56,2026-04-01 15:07:25
445,2차전지(장비),4.63,148930,에이치와이티씨 *,테마 편입 사유,2900.0,상승  55,1.93,2900.0,2910.0,14535.0,42.0,15018.0,,,0.623215,-0.7047204000000002,"5,485.03",432.57,8.56,2026-04-01 15:07:25
445,2차전지(장비),4.63,017370,우신시스템,테마 편입 사유,5780.0,상승  90,1.58,5790.0,5800.0,38448.0,220.0,36615.0,,,0.623215,-0.7047204000000002,"5,485.03",432.57,8.56,2026-04-01 15:07:25
445,2차전지(장비),4.63,032680,소프트센 *,테마 편입 사유,240.0,상승  2,0.84,239.0,240.0,417350.0,100.0,785629.0,,,0.623215,-0.7047204000000002,"5,485.03",432.57,8.56,2026-04-01 15:07:25
445,2차전지(장비),4.63,455180,케이지에이 *,테마 편입 사유,2955.0,상승  20,0.68,2925.0,2935.0,41553.0,122.0,23148.0,,,0.623215,-0.7047204000000002,"5,485.03",432.57,8.56,2026-04-01 15:07:25
445,2차전지(장비),4.63,076080,웰크론한텍 *,테마 편입 사유,1252.0,상승  8,0.64,1250.0,1252.0,77436.0,96.0,278999.0,,,0.623215,-0.7047204000000002,"5,485.03",432.57,8.56,2026-04-01 15:07:25
445,2차전지(장비),4.63,259630,엠플러스 *,테마 편입 사유,12900.0,상승  50,0.39,12790.0,12830.0,521862.0,6462.0,183272.0,,,0.623215,-0.7047204000000002,"5,485.03",432.57,8.56,2026-04-01 15:07:25
445,2차전지(장비),4.63,131760,파인텍 *,테마 편입 사유,629.0,상승  2,0.32,626.0,630.0,156712.0,99.0,70063.0,,,0.623215,-0.7047204000000002,"5,485.03",432.57,8.56,2026-04-01 15:07:25
445,2차전지(장비),4.63,257370,피엔티엠에스 *,테마 편입 사유,3515.0,상승  5,0.14,3540.0,3560.0,49169.0,172.0,66073.0,,,0.623215,-0.7047204000000002,"5,485.03",432.57,8.56,2026-04-01 15:07:25
445,2차전지(장비),4.63,114190,강원에너지 *,테마 편입 사유,14620.0,하락  990,-6.34,14610.0,14620.0,1113423.0,15916.0,3730682.0,,,0.623215,-0.7047204000000002,"5,485.03",432.57,8.56,2026-04-01 15:07:25
527,윤활유,2.67,010950,S-Oil,테마 편입 사유,113300.0,"상승  8,000",7.6,112300.0,112400.0,545222.0,60585.0,509557.0,,,0.390276,-0.6707625600000005,"5,485.03",432.57,8.56,2026-04-01 15:07:25
527,윤활유,2.67,096770,SK이노베이션,테마 편입 사유,114000.0,"상승  5,300",4.88,114000.0,114100.0,298765.0,33733.0,424109.0,,,0.390276,-0.6707625600000005,"5,485.03",432.57,8.56,2026-04-01 15:07:25
527,윤활유,2.67,078930,GS,테마 편입 사유,66700.0,"상승  2,900",4.55,66400.0,66600.0,261708.0,17324.0,213242.0,,,0.390276,-0.6707625600000005,"5,485.03",432.57,8.56,2026-04-01 15:07:25
527,윤활유,2.67,003650,미창석유,테마 편입 사유,116000.0,"상승  4,300",3.85,115000.0,115600.0,2793.0,319.0,1723.0,,,0.390276,-0.6707625600000005,"5,485.03",432.57,8.56,2026-04-01 15:07:25
527,윤활유,2.67,002960,한국쉘석유,테마 편입 사유,475500.0,"상승  9,000",1.93,472000.0,473000.0,2071.0,980.0,3292.0,,,0.390276,-0.6707625600000005,"5,485.03",432.57,8.56,2026-04-01 15:07:25
527,윤활유,2.67,014530,극동유화,테마 편입 사유,3805.0,상승  15,0.4,3790.0,3795.0,564371.0,2123.0,687764.0,,,0.390276,-0.6707625600000005,"5,485.03",432.57,8.56,2026-04-01 15:07:25
527,윤활유,2.67,024060,흥구석유 *,테마 편입 사유,18470.0,하락  770,-4.0,18430.0,18440.0,2211566.0,40849.0,3691394.0,,,0.390276,-0.6707625600000005,"5,485.03",432.57,8.56,2026-04-01 15:07:25
560,냉각시스템(액침냉각 등),6.32,083450,GST *,테마 편입 사유,27100.0,"상승  2,300",9.27,27150.0,27200.0,172498.0,4611.0,154397.0,,,0.816544,-0.6696166400000001,"5,485.03",432.57,8.56,2026-04-01 15:07:25
560,냉각시스템(액침냉각 등),6.32,036200,유니셈 *,테마 편입 사유,9220.0,상승  700,8.22,9250.0,9270.0,112696.0,1027.0,190825.0,,,0.816544,-0.6696166400000001,"5,485.03",432.57,8.56,2026-04-01 15:07:25
560,냉각시스템(액침냉각 등),6.32,034730,SK,테마 편입 사유,323000.0,"상승  22,000",7.31,324000.0,324500.0,164457.0,52113.0,246406.0,,,0.816544,-0.6696166400000001,"5,485.03",432.57,8.56,2026-04-01 15:07:25
560,냉각시스템(액침냉각 등),6.32,012450,한화에어로스페이스,테마 편입 사유,1339000.0,"상승  90,000",7.21,1345000.0,1346000.0,224193.0,296303.0,277570.0,,,0.816544,-0.6696166400000001,"5,485.03",432.57,8.56,2026-04-01 15:07:25
560,냉각시스템(액침냉각 등),6.32,066570,LG전자,테마 편입 사유,112200.0,"상승  6,600",6.25,112700.0,112800.0,604018.0,67530.0,759539.0,,,0.816544,-0.6696166400000001,"5,485.03",432.57,8.56,2026-04-01 15:07:25
560,냉각시스템(액침냉각 등),6.32,053080,케이엔솔 *,테마 편입 사유,10920.0,상승  610,5.92,10910.0,10940.0,74210.0,803.0,75467.0,,,0.816544,-0.6696166400000001,"5,485.03",432.57,8.56,2026-04-01 15:07:25
560,냉각시스템(액침냉각 등),6.32,396470,워트 *,테마 편입 사유,7120.0,상승  370,5.48,7130.0,7140.0,91708.0,649.0,77432.0,,,0.816544,-0.6696166400000001,"5,485.03",432.57,8.56,2026-04-01 15:07:25
560,냉각시스템(액침냉각 등),6.32,060310,3S *,테마 편입 사유,1279.0,상승  64,5.27,1280.0,1284.0,267767.0,342.0,185389.0,,,0.816544,-0.6696166400000001,"5,485.03",432.57,8.56,2026-04-01 15:07:25
560,냉각시스템(액침냉각 등),6.32,096770,SK이노베이션,테마 편입 사유,114000.0,"상승  5,300",4.88,114000.0,114100.0,298765.0,33733.0,424109.0,,,0.816544,-0.6696166400000001,"5,485.03",432.57,8.56,2026-04-01 15:07:25
560,냉각시스템(액침냉각 등),6.32,107640,한중엔시에스 *,테마 편입 사유,49250.0,"상승  2,150",4.56,49300.0,49350.0,115446.0,5631.0,132060.0,,,0.816544,-0.6696166400000001,"5,485.03",432.57,8.56,2026-04-01 15:07:25
560,냉각시스템(액침냉각 등),6.32,078930,GS,테마 편입 사유,66700.0,"상승  2,900",4.55,66400.0,66600.0,261708.0,17324.0,213242.0,,,0.816544,-0.6696166400000001,"5,485.03",432.57,8.56,2026-04-01 15:07:25
582,스테이블코인,5.04,124500,아이티센글로벌 *,테마 편입 사유,49900.0,"상승  4,250",9.31,49900.0,49950.0,262233.0,12954.0,299604.0,,,0.66569,-0.6583064000000007,"5,485.03",432.57,8.56,2026-04-01 15:07:25
582,스테이블코인,5.04,163730,핑거 *,테마 편입 사유,9930.0,상승  670,7.24,9870.0,9950.0,54666.0,535.0,57957.0,,,0.66569,-0.6583064000000007,"5,485.03",432.57,8.56,2026-04-01 15:07:25
582,스테이블코인,5.04,064400,LG씨엔에스,테마 편입 사유,59700.0,"상승  3,900",6.99,59800.0,59900.0,500786.0,29375.0,784540.0,,,0.66569,-0.6583064000000007,"5,485.03",432.57,8.56,2026-04-01 15:07:25
582,스테이블코인,5.04,232830,아이티센피엔에스 *,테마 편입 사유,2690.0,상승  175,6.96,2715.0,2725.0,62072.0,166.0,69808.0,,,0.66569,-0.6583064000000007,"5,485.03",432.57,8.56,2026-04-01 15:07:25
582,스테이블코인,5.04,158430,아톤 *,테마 편입 사유,6290.0,상승  370,6.25,6260.0,6290.0,123584.0,768.0,174182.0,,,0.66569,-0.6583064000000007,"5,485.03",432.57,8.56,2026-04-01 15:07:25
582,스테이블코인,5.04,053300,한국정보인증 *,테마 편입 사유,5830.0,상승  330,6.0,5820.0,5830.0,82521.0,474.0,206546.0,,,0.66569,-0.6583064000000007,"5,485.03",432.57,8.56,2026-04-01 15:07:25
582,스테이블코인,5.04,462860,더즌 *,테마 편입 사유,3385.0,상승  185,5.78,3380.0,3385.0,270851.0,903.0,375456.0,,,0.66569,-0.6583064000000007,"5,485.03",432.57,8.56,2026-04-01 15:07:25
582,스테이블코인,5.04,064260,다날 *,테마 편입 사유,6290.0,상승  330,5.54,6280.0,6290.0,774861.0,4805.0,978865.0,,,0.66569,-0.6583064000000007,"5,485.03",432.57,8.56,2026-04-01 15:07:25
582,스테이블코인,5.04,234340,헥토파이낸셜 *,테마 편입 사유,24800.0,"상승  1,300",5.53,24800.0,24850.0,462346.0,11378.0,603265.0,,,0.66569,-0.6583064000000007,"5,485.03",432.57,8.56,2026-04-01 15:07:25
582,스테이블코인,5.04,054920,한컴위드 *,테마 편입 사유,5260.0,상승  265,5.31,5210.0,5230.0,2893625.0,15194.0,17330930.0,,,0.66569,-0.6583064000000007,"5,485.03",432.57,8.56,2026-04-01 15:07:25
582,스테이블코인,5.04,214180,헥토이노베이션 *,테마 편입 사유,18730.0,상승  900,5.05,18740.0,18770.0,66475.0,1228.0,79293.0,,,0.66569,-0.6583064000000007,"5,485.03",432.57,8.56,2026-04-01 15:07:25
582,스테이블코인,5.04,199480,뱅크웨어글로벌 *,테마 편입 사유,4610.0,상승  220,5.01,4600.0,4605.0,15701.0,72.0,21116.0,,,0.66569,-0.6583064000000007,"5,485.03",432.57,8.56,2026-04-01 15:07:25
582,스테이블코인,5.04,294570,쿠콘 *,테마 편입 사유,28300.0,"상승  1,300",4.81,28150.0,28250.0,24113.0,672.0,26413.0,,,0.66569,-0.6583064000000007,"5,485.03",432.57,8.56,2026-04-01 15:07:25
582,스테이블코인,5.04,035420,NAVER,테마 편입 사유,211000.0,"상승  9,500",4.71,210500.0,211000.0,493462.0,103056.0,890860.0,,,0.66569,-0.6583064000000007,"5,485.03",432.57,8.56,2026-04-01 15:07:25
582,스테이블코인,5.04,377300,카카오페이,테마 편입 사유,51100.0,"상승  2,250",4.61,50900.0,51000.0,251959.0,12712.0,353718.0,,,0.66569,-0.6583064000000007,"5,485.03",432.57,8.56,2026-04-01 15:07:25
582,스테이블코인,5.04,203650,드림시큐리티 *,테마 편입 사유,1650.0,상승  72,4.56,1645.0,1650.0,613152.0,1004.0,525210.0,,,0.66569,-0.6583064000000007,"5,485.03",432.57,8.56,2026-04-01 15:07:25
582,스테이블코인,5.04,042510,라온시큐어 *,테마 편입 사유,8810.0,상승  380,4.51,8790.0,8800.0,50525.0,438.0,77348.0,,,0.66569,-0.6583064000000007,"5,485.03",432.57,8.56,2026-04-01 15:07:25
582,스테이블코인,5.04,060250,NHN KCP *,테마 편입 사유,16380.0,상승  700,4.46,16400.0,16420.0,313089.0,5090.0,414907.0,,,0.66569,-0.6583064000000007,"5,485.03",432.57,8.56,2026-04-01 15:07:25
582,스테이블코인,5.04,201490,미투온 *,테마 편입 사유,2965.0,상승  125,4.4,2950.0,2960.0,221601.0,648.0,202824.0,,,0.66569,-0.6583064000000007,"5,485.03",432.57,8.56,2026-04-01 15:07:25
582,스테이블코인,5.04,112040,위메이드 *,테마 편입 사유,21500.0,상승  850,4.12,21500.0,21550.0,82881.0,1769.0,109311.0,,,0.66569,-0.6583064000000007,"5,485.03",432.57,8.56,2026-04-01 15:07:25
582,스테이블코인,5.04,046440,KG모빌리언스 *,테마 편입 사유,4955.0,상승  195,4.1,4945.0,4960.0,67205.0,331.0,80986.0,,,0.66569,-0.6583064000000007,"5,485.03",432.57,8.56,2026-04-01 15:07:25
582,스테이블코인,5.04,035600,KG이니시스 *,테마 편입 사유,10350.0,상승  330,3.29,10320.0,10350.0,48973.0,505.0,63755.0,,,0.66569,-0.6583064000000007,"5,485.03",432.57,8.56,2026-04-01 15:07:25
582,스테이블코인,5.04,308100,형지글로벌 *,테마 편입 사유,949.0,상승  29,3.15,941.0,948.0,145334.0,136.0,124867.0,,,0.66569,-0.6583064000000007,"5,485.03",432.57,8.56,2026-04-01 15:07:25
582,스테이블코인,5.04,205500,넥써쓰 *,테마 편입 사유,1686.0,상승  48,2.93,1660.0,1669.0,117938.0,194.0,81993.0,,,0.66569,-0.6583064000000007,"5,485.03",432.57,8.56,2026-04-01 15:07:25
582,스테이블코인,5.04,223310,사토시홀딩스 *,테마 편입 사유,1505.0,상승  23,1.55,1519.0,1525.0,23990.0,36.0,30844.0,,,0.66569,-0.6583064000000007,"5,485.03",432.57,8.56,2026-04-01 15:07:25
205,원자력발전,5.69,047040,대우건설,테마 편입 사유,19400.0,"상승  3,850",24.76,19740.0,19750.0,75882729.0,1410445.0,18352582.0,,,0.73439,-0.5963783999999999,"5,485.03",432.57,8.56,2026-04-01 15:07:25
205,원자력발전,5.69,053690,한미글로벌,테마 편입 사유,32450.0,"상승  5,550",20.63,31700.0,31750.0,2320514.0,72137.0,1325749.0,,,0.73439,-0.5963783999999999,"5,485.03",432.57,8.56,2026-04-01 15:07:25
205,원자력발전,5.69,001440,대한전선,테마 편입 사유,30150.0,"상승  3,450",12.92,30300.0,30350.0,2956230.0,87045.0,1776658.0,,,0.73439,-0.5963783999999999,"5,485.03",432.57,8.56,2026-04-01 15:07:25
205,원자력발전,5.69,000720,현대건설,테마 편입 사유,159600.0,"상승  17,500",12.32,161500.0,161600.0,1254156.0,196869.0,977221.0,,,0.73439,-0.5963783999999999,"5,485.03",432.57,8.56,2026-04-01 15:07:25
205,원자력발전,5.69,010120,LS ELECTRIC,테마 편입 사유,801000.0,"상승  83,000",11.56,805000.0,807000.0,152479.0,119832.0,213168.0,,,0.73439,-0.5963783999999999,"5,485.03",432.57,8.56,2026-04-01 15:07:25
205,원자력발전,5.69,006360,GS건설,테마 편입 사유,27850.0,"상승  2,750",10.96,28150.0,28200.0,2826354.0,78170.0,1611615.0,,,0.73439,-0.5963783999999999,"5,485.03",432.57,8.56,2026-04-01 15:07:25
205,원자력발전,5.69,052690,한전기술,테마 편입 사유,167400.0,"상승  16,100",10.64,167400.0,167600.0,221390.0,35972.0,130282.0,,,0.73439,-0.5963783999999999,"5,485.03",432.57,8.56,2026-04-01 15:07:25
205,원자력발전,5.69,046120,오르비텍 *,테마 편입 사유,11820.0,"상승  1,020",9.44,11830.0,11840.0,1423437.0,16545.0,2320542.0,,,0.73439,-0.5963783999999999,"5,485.03",432.57,8.56,2026-04-01 15:07:25
205,원자력발전,5.69,054540,삼영엠텍 *,테마 편입 사유,11450.0,상승  970,9.26,11500.0,11510.0,136692.0,1536.0,161260.0,,,0.73439,-0.5963783999999999,"5,485.03",432.57,8.56,2026-04-01 15:07:25
205,원자력발전,5.69,105840,우진,테마 편입 사유,24400.0,"상승  2,050",9.17,24400.0,24450.0,383308.0,9205.0,479562.0,,,0.73439,-0.5963783999999999,"5,485.03",432.57,8.56,2026-04-01 15:07:25
205,원자력발전,5.69,012210,삼미금속 *,테마 편입 사유,14260.0,"상승  1,120",8.52,14350.0,14360.0,2138708.0,31427.0,1686794.0,,,0.73439,-0.5963783999999999,"5,485.03",432.57,8.56,2026-04-01 15:07:25
205,원자력발전,5.69,034020,두산에너빌리티,테마 편입 사유,99600.0,"상승  7,800",8.5,100100.0,100200.0,3152341.0,309940.0,4215936.0,,,0.73439,-0.5963783999999999,"5,485.03",432.57,8.56,2026-04-01 15:07:25
205,원자력발전,5.69,298040,효성중공업,테마 편입 사유,2662000.0,"상승  206,000",8.39,2680000.0,2682000.0,37329.0,98222.0,44474.0,,,0.73439,-0.5963783999999999,"5,485.03",432.57,8.56,2026-04-01 15:07:25
205,원자력발전,5.69,375500,DL이앤씨,테마 편입 사유,72400.0,"상승  5,600",8.38,73500.0,73600.0,1955668.0,140295.0,1757357.0,,,0.73439,-0.5963783999999999,"5,485.03",432.57,8.56,2026-04-01 15:07:25
205,원자력발전,5.69,130660,한전산업,테마 편입 사유,19380.0,"상승  1,460",8.15,19380.0,19400.0,406514.0,7718.0,412296.0,,,0.73439,-0.5963783999999999,"5,485.03",432.57,8.56,2026-04-01 15:07:25
205,원자력발전,5.69,017040,광명전기,테마 편입 사유,967.0,상승  72,8.04,965.0,967.0,1285161.0,1259.0,911076.0,,,0.73439,-0.5963783999999999,"5,485.03",432.57,8.56,2026-04-01 15:07:25
205,원자력발전,5.69,032820,우리기술 *,테마 편입 사유,22000.0,"상승  1,600",7.84,22200.0,22250.0,17543312.0,388619.0,15329195.0,,,0.73439,-0.5963783999999999,"5,485.03",432.57,8.56,2026-04-01 15:07:25
205,원자력발전,5.69,011700,한신기계,테마 편입 사유,4595.0,상승  330,7.74,4600.0,4610.0,390962.0,1770.0,415214.0,,,0.73439,-0.5963783999999999,"5,485.03",432.57,8.56,2026-04-01 15:07:25
205,원자력발전,5.69,083650,비에이치아이 *,테마 편입 사유,99400.0,"상승  6,900",7.46,99900.0,100000.0,285807.0,28091.0,345577.0,,,0.73439,-0.5963783999999999,"5,485.03",432.57,8.56,2026-04-01 15:07:25
205,원자력발전,5.69,006910,보성파워텍 *,테마 편입 사유,10160.0,상승  700,7.4,10210.0,10220.0,2577779.0,25904.0,2598850.0,,,0.73439,-0.5963783999999999,"5,485.03",432.57,8.56,2026-04-01 15:07:25
205,원자력발전,5.69,094820,일진파워 *,테마 편입 사유,17460.0,"상승  1,160",7.12,17510.0,17530.0,239991.0,4122.0,219560.0,,,0.73439,-0.5963783999999999,"5,485.03",432.57,8.56,2026-04-01 15:07:25
205,원자력발전,5.69,457550,우진엔텍 *,테마 편입 사유,25900.0,"상승  1,650",6.8,25900.0,25950.0,64042.0,1640.0,128504.0,,,0.73439,-0.5963783999999999,"5,485.03",432.57,8.56,2026-04-01 15:07:25
205,원자력발전,5.69,045100,한양이엔지 *,테마 편입 사유,31700.0,"상승  1,950",6.55,31850.0,31900.0,83917.0,2645.0,177624.0,,,0.73439,-0.5963783999999999,"5,485.03",432.57,8.56,2026-04-01 15:07:25
205,원자력발전,5.69,388050,지투파워 *,테마 편입 사유,12260.0,상승  700,6.06,12070.0,12080.0,1549358.0,18427.0,3524475.0,,,0.73439,-0.5963783999999999,"5,485.03",432.57,8.56,2026-04-01 15:07:25
205,원자력발전,5.69,126720,수산인더스트리,테마 편입 사유,27450.0,"상승  1,550",5.98,27500.0,27550.0,58725.0,1594.0,47939.0,,,0.73439,-0.5963783999999999,"5,485.03",432.57,8.56,2026-04-01 15:07:25
205,원자력발전,5.69,019990,에너토크 *,테마 편입 사유,8930.0,상승  500,5.93,8960.0,8990.0,87019.0,775.0,99393.0,,,0.73439,-0.5963783999999999,"5,485.03",432.57,8.56,2026-04-01 15:07:25
205,원자력발전,5.69,051600,한전KPS,테마 편입 사유,58500.0,"상승  3,000",5.41,58300.0,58400.0,201470.0,11629.0,214276.0,,,0.73439,-0.5963783999999999,"5,485.03",432.57,8.56,2026-04-01 15:07:25
205,원자력발전,5.69,015760,한국전력,테마 편입 사유,43750.0,"상승  2,100",5.04,43600.0,43650.0,1924735.0,82894.0,3163086.0,,,0.73439,-0.5963783999999999,"5,485.03",432.57,8.56,2026-04-01 15:07:25
205,원자력발전,5.69,095190,이엠코리아 *,테마 편입 사유,2285.0,상승  100,4.58,2280.0,2290.0,150170.0,342.0,102680.0,,,0.73439,-0.5963783999999999,"5,485.03",432.57,8.56,2026-04-01 15:07:25
205,원자력발전,5.69,081150,티플랙스 *,테마 편입 사유,3475.0,상승  135,4.04,3480.0,3485.0,430040.0,1488.0,386954.0,,,0.73439,-0.5963783999999999,"5,485.03",432.57,8.56,2026-04-01 15:07:25
205,원자력발전,5.69,105740,디케이락 *,테마 편입 사유,9680.0,상승  350,3.75,9680.0,9690.0,56012.0,541.0,117966.0,,,0.73439,-0.5963783999999999,"5,485.03",432.57,8.56,2026-04-01 15:07:25
205,원자력발전,5.69,013030,하이록코리아 *,테마 편입 사유,36250.0,"상승  1,300",3.72,36250.0,36300.0,45469.0,1640.0,64810.0,,,0.73439,-0.5963783999999999,"5,485.03",432.57,8.56,2026-04-01 15:07:25
205,원자력발전,5.69,096350,대창솔루션 *,테마 편입 사유,3225.0,상승  110,3.53,3220.0,3225.0,1245397.0,4002.0,1913879.0,,,0.73439,-0.5963783999999999,"5,485.03",432.57,8.56,2026-04-01 15:07:25
205,원자력발전,5.69,036190,금화피에스시 *,테마 편입 사유,38400.0,"상승  1,200",3.23,38550.0,38700.0,13362.0,510.0,16244.0,,,0.73439,-0.5963783999999999,"5,485.03",432.57,8.56,2026-04-01 15:07:25
205,원자력발전,5.69,038010,제일테크노스 *,테마 편입 사유,6180.0,상승  190,3.17,6160.0,6180.0,14938.0,91.0,21820.0,,,0.73439,-0.5963783999999999,"5,485.03",432.57,8.56,2026-04-01 15:07:25
205,원자력발전,5.69,136150,원일티엔아이 *,테마 편입 사유,17700.0,상승  510,2.97,17670.0,17750.0,72582.0,1294.0,84460.0,,,0.73439,-0.5963783999999999,"5,485.03",432.57,8.56,2026-04-01 15:07:25
205,원자력발전,5.69,040610,SG&G *,테마 편입 사유,2095.0,상승  60,2.95,2090.0,2100.0,46830.0,98.0,55834.0,,,0.73439,-0.5963783999999999,"5,485.03",432.57,8.56,2026-04-01 15:07:25
205,원자력발전,5.69,014620,성광벤드 *,테마 편입 사유,35900.0,상승  800,2.28,35800.0,36100.0,238592.0,8436.0,444540.0,,,0.73439,-0.5963783999999999,"5,485.03",432.57,8.56,2026-04-01 15:07:25
205,원자력발전,5.69,187220,디티앤씨 *,테마 편입 사유,3090.0,상승  65,2.15,3085.0,3095.0,109879.0,335.0,85163.0,,,0.73439,-0.5963783999999999,"5,485.03",432.57,8.56,2026-04-01 15:07:25
205,원자력발전,5.69,007460,에이프로젠,테마 편입 사유,316.0,상승  5,1.61,315.0,316.0,3011736.0,951.0,3999878.0,,,0.73439,-0.5963783999999999,"5,485.03",432.57,8.56,2026-04-01 15:07:25
205,원자력발전,5.69,140520,대창스틸 *,테마 편입 사유,2115.0,상승  30,1.44,2095.0,2105.0,43889.0,92.0,38095.0,,,0.73439,-0.5963783999999999,"5,485.03",432.57,8.56,2026-04-01 15:07:25
205,원자력발전,5.69,023160,태광 *,테마 편입 사유,35500.0,상승  500,1.43,35450.0,35500.0,485439.0,16990.0,1017205.0,,,0.73439,-0.5963783999999999,"5,485.03",432.57,8.56,2026-04-01 15:07:25
205,원자력발전,5.69,036640,HRS *,테마 편입 사유,5090.0,상승  70,1.39,5100.0,5110.0,52764.0,269.0,70008.0,,,0.73439,-0.5963783999999999,"5,485.03",432.57,8.56,2026-04-01 15:07:25
205,원자력발전,5.69,103230,에스앤더블류 *,테마 편입 사유,3735.0,상승  50,1.36,3735.0,3740.0,7775.0,29.0,20473.0,,,0.73439,-0.5963783999999999,"5,485.03",432.57,8.56,2026-04-01 15:07:25
205,원자력발전,5.69,086670,비엠티 *,테마 편입 사유,15050.0,상승  190,1.28,15150.0,15180.0,101714.0,1528.0,143960.0,,,0.73439,-0.5963783999999999,"5,485.03",432.57,8.56,2026-04-01 15:07:25
205,원자력발전,5.69,044490,태웅 *,테마 편입 사유,49600.0,하락  50,-0.1,49750.0,49800.0,486702.0,24341.0,1576600.0,,,0.73439,-0.5963783999999999,"5,485.03",432.57,8.56,2026-04-01 15:07:25
205,원자력발전,5.69,189860,서전기전 *,테마 편입 사유,5450.0,하락  110,-1.98,5460.0,5470.0,790700.0,4348.0,281854.0,,,0.73439,-0.5963783999999999,"5,485.03",432.57,8.56,2026-04-01 15:07:25
205,원자력발전,5.69,100840,SNT에너지,테마 편입 사유,49150.0,"하락  1,150",-2.29,49200.0,49250.0,654781.0,32601.0,801719.0,,,0.73439,-0.5963783999999999,"5,485.03",432.57,8.56,2026-04-01 15:07:25
205,원자력발전,5.69,098070,한텍 *,테마 편입 사유,47600.0,"하락  1,300",-2.66,47800.0,47900.0,316437.0,15119.0,750629.0,,,0.73439,-0.5963783999999999,"5,485.03",432.57,8.56,2026-04-01 15:07:25
205,원자력발전,5.69,282720,금양그린파워 *,테마 편입 사유,17100.0,하락  900,-5.0,17090.0,17100.0,1321792.0,23064.0,8713053.0,,,0.73439,-0.5963783999999999,"5,485.03",432.57,8.56,2026-04-01 15:07:25
205,원자력발전,5.69,114190,강원에너지 *,테마 편입 사유,14620.0,하락  990,-6.34,14610.0,14620.0,1113423.0,15916.0,3730682.0,,,0.73439,-0.5963783999999999,"5,485.03",432.57,8.56,2026-04-01 15:07:25
422,日 수출 규제(국산화 등),4.93,005290,동진쎄미켐 *,테마 편입 사유,48200.0,"상승  3,950",8.93,48400.0,48450.0,385870.0,18382.0,787452.0,,,0.643653,-0.5796696800000012,"5,485.03",432.57,8.56,2026-04-01 15:07:25
422,日 수출 규제(국산화 등),4.93,272290,이녹스첨단소재 *,테마 편입 사유,31150.0,"상승  2,500",8.73,31100.0,31200.0,182205.0,5573.0,271248.0,,,0.643653,-0.5796696800000012,"5,485.03",432.57,8.56,2026-04-01 15:07:25
422,日 수출 규제(국산화 등),4.93,101490,에스앤에스텍 *,테마 편입 사유,82400.0,"상승  6,500",8.56,83000.0,83100.0,175146.0,14268.0,176198.0,,,0.643653,-0.5796696800000012,"5,485.03",432.57,8.56,2026-04-01 15:07:25
422,日 수출 규제(국산화 등),4.93,482630,삼양엔씨켐 *,테마 편입 사유,16550.0,"상승  1,250",8.17,16610.0,16660.0,165994.0,2719.0,170413.0,,,0.643653,-0.5796696800000012,"5,485.03",432.57,8.56,2026-04-01 15:07:25
422,日 수출 규제(국산화 등),4.93,357780,솔브레인 *,테마 편입 사유,393500.0,"상승  29,500",8.1,394500.0,395000.0,42086.0,16359.0,56835.0,,,0.643653,-0.5796696800000012,"5,485.03",432.57,8.56,2026-04-01 15:07:25
422,日 수출 규제(국산화 등),4.93,019540,일지테크 *,테마 편입 사유,6330.0,상승  440,7.47,6320.0,6340.0,344366.0,2143.0,144953.0,,,0.643653,-0.5796696800000012,"5,485.03",432.57,8.56,2026-04-01 15:07:25
422,日 수출 규제(국산화 등),4.93,008730,율촌화학,테마 편입 사유,24900.0,"상승  1,600",6.87,24800.0,24850.0,94756.0,2327.0,76197.0,,,0.643653,-0.5796696800000012,"5,485.03",432.57,8.56,2026-04-01 15:07:25
422,日 수출 규제(국산화 등),4.93,093370,후성,테마 편입 사유,7410.0,상승  390,5.56,7400.0,7410.0,369829.0,2695.0,498402.0,,,0.643653,-0.5796696800000012,"5,485.03",432.57,8.56,2026-04-01 15:07:25
422,日 수출 규제(국산화 등),4.93,171010,램테크놀러지 *,테마 편입 사유,3265.0,상승  165,5.32,3240.0,3255.0,33416.0,107.0,77131.0,,,0.643653,-0.5796696800000012,"5,485.03",432.57,8.56,2026-04-01 15:07:25
422,日 수출 규제(국산화 등),4.93,220260,켐트로스 *,테마 편입 사유,5420.0,상승  270,5.24,5390.0,5400.0,152897.0,820.0,237021.0,,,0.643653,-0.5796696800000012,"5,485.03",432.57,8.56,2026-04-01 15:07:25
422,日 수출 규제(국산화 등),4.93,012610,경인양행,테마 편입 사유,4100.0,상승  190,4.86,4100.0,4105.0,181121.0,740.0,198014.0,,,0.643653,-0.5796696800000012,"5,485.03",432.57,8.56,2026-04-01 15:07:25
422,日 수출 규제(국산화 등),4.93,013310,아진산업 *,테마 편입 사유,3135.0,상승  135,4.5,3115.0,3135.0,255540.0,787.0,240887.0,,,0.643653,-0.5796696800000012,"5,485.03",432.57,8.56,2026-04-01 15:07:25
422,日 수출 규제(국산화 등),4.93,371950,풍원정밀 *,테마 편입 사유,12770.0,상승  520,4.24,12580.0,12650.0,66560.0,837.0,88136.0,,,0.643653,-0.5796696800000012,"5,485.03",432.57,8.56,2026-04-01 15:07:25
422,日 수출 규제(국산화 등),4.93,079810,디이엔티 *,테마 편입 사유,4390.0,상승  155,3.66,4370.0,4390.0,105721.0,458.0,113761.0,,,0.643653,-0.5796696800000012,"5,485.03",432.57,8.56,2026-04-01 15:07:25
422,日 수출 규제(국산화 등),4.93,046970,우리로 *,테마 편입 사유,8610.0,상승  260,3.11,8360.0,8370.0,36873541.0,336524.0,0.0,,,0.643653,-0.5796696800000012,"5,485.03",432.57,8.56,2026-04-01 15:07:25
422,日 수출 규제(국산화 등),4.93,004430,송원산업,테마 편입 사유,9160.0,상승  270,3.04,9130.0,9160.0,45317.0,411.0,86801.0,,,0.643653,-0.5796696800000012,"5,485.03",432.57,8.56,2026-04-01 15:07:25
422,日 수출 규제(국산화 등),4.93,178920,PI첨단소재,테마 편입 사유,22550.0,상승  650,2.97,22700.0,22750.0,236302.0,5317.0,349314.0,,,0.643653,-0.5796696800000012,"5,485.03",432.57,8.56,2026-04-01 15:07:25
422,日 수출 규제(국산화 등),4.93,042040,케이피엠테크 *,테마 편입 사유,161.0,상승  4,2.55,162.0,163.0,307649.0,49.0,382484.0,,,0.643653,-0.5796696800000012,"5,485.03",432.57,8.56,2026-04-01 15:07:25
422,日 수출 규제(국산화 등),4.93,009830,한화솔루션,테마 편입 사유,37600.0,상승  450,1.21,37750.0,37800.0,3777497.0,141074.0,7126070.0,,,0.643653,-0.5796696800000012,"5,485.03",432.57,8.56,2026-04-01 15:07:25
422,日 수출 규제(국산화 등),4.93,014970,삼륭물산 *,테마 편입 사유,8410.0,하락  420,-4.76,8390.0,8400.0,637109.0,5424.0,244747.0,,,0.643653,-0.5796696800000012,"5,485.03",432.57,8.56,2026-04-01 15:07:25
563,낙태/피임,2.62,004310,현대약품,테마 편입 사유,9190.0,상승  520,6.0,9170.0,9180.0,301081.0,2726.0,290855.0,,,0.373161,-0.5742581600000003,"5,485.03",432.57,8.56,2026-04-01 15:07:25
563,낙태/피임,2.62,260660,알리코제약 *,테마 편입 사유,3440.0,상승  120,3.61,3425.0,3430.0,12894.0,44.0,50795.0,,,0.373161,-0.5742581600000003,"5,485.03",432.57,8.56,2026-04-01 15:07:25
563,낙태/피임,2.62,017180,명문제약,테마 편입 사유,1847.0,상승  13,0.71,1846.0,1849.0,68488.0,126.0,121155.0,,,0.373161,-0.5742581600000003,"5,485.03",432.57,8.56,2026-04-01 15:07:25
563,낙태/피임,2.62,204840,지엘팜텍 *,테마 편입 사유,1040.0,보합0,0.0,1033.0,1038.0,373137.0,388.0,161495.0,,,0.373161,-0.5742581600000003,"5,485.03",432.57,8.56,2026-04-01 15:07:25
276,클라우드 컴퓨팅,3.82,023590,다우기술,테마 편입 사유,46600.0,"상승  3,450",8.0,46450.0,46500.0,45839.0,2082.0,40882.0,,,0.510725,-0.5518060000000005,"5,485.03",432.57,8.56,2026-04-01 15:07:25
276,클라우드 컴퓨팅,3.82,034730,SK,테마 편입 사유,323000.0,"상승  22,000",7.31,324000.0,324500.0,164457.0,52113.0,246406.0,,,0.510725,-0.5518060000000005,"5,485.03",432.57,8.56,2026-04-01 15:07:25
276,클라우드 컴퓨팅,3.82,072130,유엔젤,테마 편입 사유,5410.0,상승  360,7.13,5410.0,5420.0,516507.0,2755.0,212525.0,,,0.510725,-0.5518060000000005,"5,485.03",432.57,8.56,2026-04-01 15:07:25
276,클라우드 컴퓨팅,3.82,064400,LG씨엔에스,테마 편입 사유,59700.0,"상승  3,900",6.99,59800.0,59900.0,500786.0,29375.0,784540.0,,,0.510725,-0.5518060000000005,"5,485.03",432.57,8.56,2026-04-01 15:07:25
276,클라우드 컴퓨팅,3.82,022100,포스코DX,테마 편입 사유,31450.0,"상승  2,000",6.79,31450.0,31500.0,301913.0,9318.0,339813.0,,,0.510725,-0.5518060000000005,"5,485.03",432.57,8.56,2026-04-01 15:07:25
276,클라우드 컴퓨팅,3.82,012030,DB,테마 편입 사유,1702.0,상승  106,6.64,1692.0,1698.0,633516.0,1065.0,683238.0,,,0.510725,-0.5518060000000005,"5,485.03",432.57,8.56,2026-04-01 15:07:25
276,클라우드 컴퓨팅,3.82,170790,파이오링크 *,테마 편입 사유,9330.0,상승  560,6.39,9330.0,9360.0,32261.0,300.0,36999.0,,,0.510725,-0.5518060000000005,"5,485.03",432.57,8.56,2026-04-01 15:07:25
276,클라우드 컴퓨팅,3.82,030520,한글과컴퓨터 *,테마 편입 사유,20250.0,"상승  1,190",6.24,20150.0,20200.0,114503.0,2288.0,189079.0,,,0.510725,-0.5518060000000005,"5,485.03",432.57,8.56,2026-04-01 15:07:25
276,클라우드 컴퓨팅,3.82,242040,나무기술 *,테마 편입 사유,6390.0,상승  340,5.62,6360.0,6370.0,2401160.0,15051.0,5325838.0,,,0.510725,-0.5518060000000005,"5,485.03",432.57,8.56,2026-04-01 15:07:25
276,클라우드 컴퓨팅,3.82,069410,엔텔스 *,테마 편입 사유,4910.0,상승  260,5.59,4910.0,4915.0,101262.0,498.0,25527.0,,,0.510725,-0.5518060000000005,"5,485.03",432.57,8.56,2026-04-01 15:07:25
276,클라우드 컴퓨팅,3.82,041020,폴라리스오피스 *,테마 편입 사유,4520.0,상승  230,5.36,4525.0,4530.0,872774.0,3939.0,615518.0,,,0.510725,-0.5518060000000005,"5,485.03",432.57,8.56,2026-04-01 15:07:25
276,클라우드 컴퓨팅,3.82,079940,가비아 *,테마 편입 사유,26500.0,"상승  1,250",4.95,26350.0,26500.0,66558.0,1707.0,13361.0,,,0.510725,-0.5518060000000005,"5,485.03",432.57,8.56,2026-04-01 15:07:25
276,클라우드 컴퓨팅,3.82,304100,솔트룩스 *,테마 편입 사유,22200.0,"상승  1,000",4.72,22150.0,22250.0,52513.0,1164.0,60536.0,,,0.510725,-0.5518060000000005,"5,485.03",432.57,8.56,2026-04-01 15:07:25
276,클라우드 컴퓨팅,3.82,035420,NAVER,테마 편입 사유,211000.0,"상승  9,500",4.71,210500.0,211000.0,493462.0,103056.0,890860.0,,,0.510725,-0.5518060000000005,"5,485.03",432.57,8.56,2026-04-01 15:07:25
276,클라우드 컴퓨팅,3.82,058970,엠로 *,테마 편입 사유,28100.0,"상승  1,200",4.46,28200.0,28250.0,36327.0,1010.0,56612.0,,,0.510725,-0.5518060000000005,"5,485.03",432.57,8.56,2026-04-01 15:07:25
276,클라우드 컴퓨팅,3.82,443670,에스피소프트 *,테마 편입 사유,4305.0,상승  175,4.24,4270.0,4280.0,242898.0,1033.0,141848.0,,,0.510725,-0.5518060000000005,"5,485.03",432.57,8.56,2026-04-01 15:07:25
276,클라우드 컴퓨팅,3.82,018260,삼성에스디에스,테마 편입 사유,156000.0,"상승  5,900",3.93,155600.0,155700.0,146619.0,22651.0,201404.0,,,0.510725,-0.5518060000000005,"5,485.03",432.57,8.56,2026-04-01 15:07:25
276,클라우드 컴퓨팅,3.82,010280,아이티센엔텍 *,테마 편입 사유,1038.0,상승  39,3.9,1037.0,1041.0,253170.0,262.0,466178.0,,,0.510725,-0.5518060000000005,"5,485.03",432.57,8.56,2026-04-01 15:07:25
276,클라우드 컴퓨팅,3.82,093320,케이아이엔엑스 *,테마 편입 사유,103700.0,"상승  3,700",3.7,102900.0,103200.0,3831.0,394.0,3832.0,,,0.510725,-0.5518060000000005,"5,485.03",432.57,8.56,2026-04-01 15:07:25
276,클라우드 컴퓨팅,3.82,184230,SGA솔루션즈 *,테마 편입 사유,544.0,상승  19,3.62,539.0,543.0,91310.0,49.0,155357.0,,,0.510725,-0.5518060000000005,"5,485.03",432.57,8.56,2026-04-01 15:07:25
276,클라우드 컴퓨팅,3.82,192250,케이사인 *,테마 편입 사유,10330.0,상승  340,3.4,10310.0,10330.0,16233.0,166.0,19674.0,,,0.510725,-0.5518060000000005,"5,485.03",432.57,8.56,2026-04-01 15:07:25
276,클라우드 컴퓨팅,3.82,205100,엑셈 *,테마 편입 사유,1825.0,상승  55,3.11,1819.0,1820.0,217701.0,395.0,278355.0,,,0.510725,-0.5518060000000005,"5,485.03",432.57,8.56,2026-04-01 15:07:25
276,클라우드 컴퓨팅,3.82,053800,안랩 *,테마 편입 사유,61000.0,"상승  1,800",3.04,61100.0,61200.0,20923.0,1273.0,35711.0,,,0.510725,-0.5518060000000005,"5,485.03",432.57,8.56,2026-04-01 15:07:25
276,클라우드 컴퓨팅,3.82,049470,비트플래닛 *,테마 편입 사유,675.0,상승  19,2.9,678.0,679.0,226199.0,153.0,448515.0,,,0.510725,-0.5518060000000005,"5,485.03",432.57,8.56,2026-04-01 15:07:25
276,클라우드 컴퓨팅,3.82,049480,오픈베이스 *,테마 편입 사유,2165.0,상승  60,2.85,2145.0,2155.0,108675.0,234.0,91491.0,,,0.510725,-0.5518060000000005,"5,485.03",432.57,8.56,2026-04-01 15:07:25
276,클라우드 컴퓨팅,3.82,017670,SK텔레콤,테마 편입 사유,78500.0,"상승  2,100",2.75,78600.0,78700.0,566875.0,44251.0,855608.0,,,0.510725,-0.5518060000000005,"5,485.03",432.57,8.56,2026-04-01 15:07:25
276,클라우드 컴퓨팅,3.82,290270,휴네시온 *,테마 편입 사유,3555.0,상승  95,2.75,3550.0,3555.0,20076.0,71.0,10514.0,,,0.510725,-0.5518060000000005,"5,485.03",432.57,8.56,2026-04-01 15:07:25
276,클라우드 컴퓨팅,3.82,220180,핸디소프트 *,테마 편입 사유,1964.0,상승  52,2.72,1974.0,1980.0,14024.0,28.0,24084.0,,,0.510725,-0.5518060000000005,"5,485.03",432.57,8.56,2026-04-01 15:07:25
276,클라우드 컴퓨팅,3.82,094280,효성ITX,테마 편입 사유,12410.0,상승  310,2.56,12350.0,12360.0,13347.0,164.0,14052.0,,,0.510725,-0.5518060000000005,"5,485.03",432.57,8.56,2026-04-01 15:07:25
276,클라우드 컴퓨팅,3.82,328380,솔트웨어 *,테마 편입 사유,785.0,상승  19,2.48,785.0,786.0,66234.0,52.0,92733.0,,,0.510725,-0.5518060000000005,"5,485.03",432.57,8.56,2026-04-01 15:07:25
276,클라우드 컴퓨팅,3.82,030200,KT,테마 편입 사유,61700.0,"상승  1,300",2.15,61700.0,61800.0,406131.0,24899.0,419410.0,,,0.510725,-0.5518060000000005,"5,485.03",432.57,8.56,2026-04-01 15:07:25
276,클라우드 컴퓨팅,3.82,189690,포시에스 *,테마 편입 사유,1964.0,상승  39,2.03,1952.0,1962.0,33103.0,65.0,57205.0,,,0.510725,-0.5518060000000005,"5,485.03",432.57,8.56,2026-04-01 15:07:25
276,클라우드 컴퓨팅,3.82,060850,영림원소프트랩 *,테마 편입 사유,6080.0,상승  100,1.67,6070.0,6080.0,7048.0,42.0,12328.0,,,0.510725,-0.5518060000000005,"5,485.03",432.57,8.56,2026-04-01 15:07:25
276,클라우드 컴퓨팅,3.82,012510,더존비즈온,테마 편입 사유,119200.0,상승  100,0.08,119100.0,119200.0,52899.0,6306.0,872007.0,,,0.510725,-0.5518060000000005,"5,485.03",432.57,8.56,2026-04-01 15:07:25
276,클라우드 컴퓨팅,3.82,307870,비투엔 *,테마 편입 사유,1274.0,하락  19,-1.47,1280.0,1288.0,682176.0,886.0,906610.0,,,0.510725,-0.5518060000000005,"5,485.03",432.57,8.56,2026-04-01 15:07:25
276,클라우드 컴퓨팅,3.82,064800,포니링크 *,테마 편입 사유,672.0,하락  44,-6.15,668.0,670.0,326469.0,221.0,524818.0,,,0.510725,-0.5518060000000005,"5,485.03",432.57,8.56,2026-04-01 15:07:25
503,2차전지(LFP/리튬인산철),4.4,037030,파워넷 *,테마 편입 사유,5810.0,상승  590,11.3,6190.0,6200.0,25170570.0,149255.0,7504229.0,,,0.571104,-0.48865023999999924,"5,485.03",432.57,8.56,2026-04-01 15:07:25
503,2차전지(LFP/리튬인산철),4.4,282880,코윈테크 *,테마 편입 사유,14140.0,상승  810,6.08,14140.0,14180.0,26476.0,372.0,46611.0,,,0.571104,-0.48865023999999924,"5,485.03",432.57,8.56,2026-04-01 15:07:25
503,2차전지(LFP/리튬인산철),4.4,222080,씨아이에스 *,테마 편입 사유,12280.0,상승  680,5.86,12390.0,12400.0,1092833.0,13322.0,1480529.0,,,0.571104,-0.48865023999999924,"5,485.03",432.57,8.56,2026-04-01 15:07:25
503,2차전지(LFP/리튬인산철),4.4,037370,EG *,테마 편입 사유,5110.0,상승  240,4.93,5080.0,5110.0,18480.0,94.0,39063.0,,,0.571104,-0.48865023999999924,"5,485.03",432.57,8.56,2026-04-01 15:07:25
503,2차전지(LFP/리튬인산철),4.4,096770,SK이노베이션,테마 편입 사유,114000.0,"상승  5,300",4.88,114000.0,114100.0,298765.0,33733.0,424109.0,,,0.571104,-0.48865023999999924,"5,485.03",432.57,8.56,2026-04-01 15:07:25
503,2차전지(LFP/리튬인산철),4.4,125210,아모그린텍 *,테마 편입 사유,7990.0,상승  280,3.63,8010.0,8020.0,292442.0,2357.0,438195.0,,,0.571104,-0.48865023999999924,"5,485.03",432.57,8.56,2026-04-01 15:07:25
503,2차전지(LFP/리튬인산철),4.4,373220,LG에너지솔루션,테마 편입 사유,408000.0,"상승  13,500",3.42,409000.0,409500.0,305479.0,122833.0,518297.0,,,0.571104,-0.48865023999999924,"5,485.03",432.57,8.56,2026-04-01 15:07:25
503,2차전지(LFP/리튬인산철),4.4,018290,브이티 *,테마 편입 사유,15600.0,상승  510,3.38,15580.0,15620.0,145658.0,2245.0,192520.0,,,0.571104,-0.48865023999999924,"5,485.03",432.57,8.56,2026-04-01 15:07:25
503,2차전지(LFP/리튬인산철),4.4,066970,엘앤에프,테마 편입 사유,147700.0,"상승  3,800",2.64,149300.0,149400.0,996396.0,145156.0,1095696.0,,,0.571104,-0.48865023999999924,"5,485.03",432.57,8.56,2026-04-01 15:07:25
503,2차전지(LFP/리튬인산철),4.4,054300,팬스타엔터프라이즈 *,테마 편입 사유,517.0,상승  11,2.17,517.0,518.0,301539.0,156.0,604869.0,,,0.571104,-0.48865023999999924,"5,485.03",432.57,8.56,2026-04-01 15:07:25
503,2차전지(LFP/리튬인산철),4.4,360070,탑머티리얼 *,테마 편입 사유,18070.0,상승  340,1.92,18050.0,18140.0,15075.0,272.0,31822.0,,,0.571104,-0.48865023999999924,"5,485.03",432.57,8.56,2026-04-01 15:07:25
503,2차전지(LFP/리튬인산철),4.4,032680,소프트센 *,테마 편입 사유,240.0,상승  2,0.84,239.0,240.0,417350.0,100.0,785629.0,,,0.571104,-0.48865023999999924,"5,485.03",432.57,8.56,2026-04-01 15:07:25
64,2차전지,4.86,064290,인텍플러스 *,테마 편입 사유,20850.0,"상승  4,040",24.03,20950.0,21000.0,1273097.0,25832.0,189517.0,,,0.624611,-0.4866701600000001,"5,485.03",432.57,8.56,2026-04-01 15:07:25
64,2차전지,4.86,033160,엠케이전자 *,테마 편입 사유,18330.0,"상승  3,130",20.59,18550.0,18570.0,1944000.0,35383.0,404928.0,,,0.624611,-0.4866701600000001,"5,485.03",432.57,8.56,2026-04-01 15:07:25
64,2차전지,4.86,089890,코세스 *,테마 편입 사유,22150.0,"상승  3,280",17.38,22200.0,22250.0,258775.0,5678.0,307181.0,,,0.624611,-0.4866701600000001,"5,485.03",432.57,8.56,2026-04-01 15:07:25
64,2차전지,4.86,354320,알멕 *,테마 편입 사유,55800.0,"상승  8,050",16.86,55900.0,56200.0,366486.0,20235.0,339087.0,,,0.624611,-0.4866701600000001,"5,485.03",432.57,8.56,2026-04-01 15:07:25
64,2차전지,4.86,014680,한솔케미칼,테마 편입 사유,285500.0,"상승  33,000",13.07,285000.0,285500.0,68071.0,19009.0,66856.0,,,0.624611,-0.4866701600000001,"5,485.03",432.57,8.56,2026-04-01 15:07:25
64,2차전지,4.86,168360,펨트론 *,테마 편입 사유,21200.0,"상승  2,420",12.89,21250.0,21300.0,132980.0,2762.0,109491.0,,,0.624611,-0.4866701600000001,"5,485.03",432.57,8.56,2026-04-01 15:07:25
64,2차전지,4.86,129920,대성하이텍 *,테마 편입 사유,14590.0,"상승  1,580",12.14,14820.0,14850.0,443040.0,6498.0,549884.0,,,0.624611,-0.4866701600000001,"5,485.03",432.57,8.56,2026-04-01 15:07:25
64,2차전지,4.86,037030,파워넷 *,테마 편입 사유,5810.0,상승  590,11.3,6190.0,6200.0,25170570.0,149255.0,7504229.0,,,0.624611,-0.4866701600000001,"5,485.03",432.57,8.56,2026-04-01 15:07:25
64,2차전지,4.86,081180,쎄크 *,테마 편입 사유,12760.0,"상승  1,290",11.25,12730.0,12780.0,221051.0,2767.0,94910.0,,,0.624611,-0.4866701600000001,"5,485.03",432.57,8.56,2026-04-01 15:07:25
64,2차전지,4.86,161580,필옵틱스 *,테마 편입 사유,40150.0,"상승  4,050",11.22,40450.0,40550.0,251575.0,9989.0,170982.0,,,0.624611,-0.4866701600000001,"5,485.03",432.57,8.56,2026-04-01 15:07:25
64,2차전지,4.86,452450,피아이이 *,테마 편입 사유,5260.0,상승  510,10.74,5280.0,5290.0,206981.0,1071.0,163620.0,,,0.624611,-0.4866701600000001,"5,485.03",432.57,8.56,2026-04-01 15:07:25
64,2차전지,4.86,091580,상신이디피 *,테마 편입 사유,19190.0,"상승  1,780",10.22,19260.0,19290.0,355582.0,6761.0,237421.0,,,0.624611,-0.4866701600000001,"5,485.03",432.57,8.56,2026-04-01 15:07:25
64,2차전지,4.86,090470,제이스텍 *,테마 편입 사유,9140.0,상승  820,9.86,9110.0,9160.0,84232.0,756.0,124734.0,,,0.624611,-0.4866701600000001,"5,485.03",432.57,8.56,2026-04-01 15:07:25
64,2차전지,4.86,089980,상아프론테크 *,테마 편입 사유,23650.0,"상승  2,100",9.74,23500.0,23550.0,101765.0,2355.0,203409.0,,,0.624611,-0.4866701600000001,"5,485.03",432.57,8.56,2026-04-01 15:07:25
64,2차전지,4.86,393890,더블유씨피 *,테마 편입 사유,15480.0,"상승  1,330",9.4,15380.0,15400.0,1647027.0,25269.0,3102205.0,,,0.624611,-0.4866701600000001,"5,485.03",432.57,8.56,2026-04-01 15:07:25
64,2차전지,4.86,078150,HB테크놀러지 *,테마 편입 사유,2190.0,상승  185,9.23,2180.0,2185.0,1345411.0,2890.0,1516827.0,,,0.624611,-0.4866701600000001,"5,485.03",432.57,8.56,2026-04-01 15:07:25
64,2차전지,4.86,036830,솔브레인홀딩스 *,테마 편입 사유,49500.0,"상승  4,100",9.03,49650.0,49700.0,54395.0,2665.0,50085.0,,,0.624611,-0.4866701600000001,"5,485.03",432.57,8.56,2026-04-01 15:07:25
64,2차전지,4.86,126730,코칩 *,테마 편입 사유,18230.0,"상승  1,490",8.9,18160.0,18200.0,54623.0,977.0,54766.0,,,0.624611,-0.4866701600000001,"5,485.03",432.57,8.56,2026-04-01 15:07:25
64,2차전지,4.86,059090,미코 *,테마 편입 사유,13650.0,"상승  1,090",8.68,13630.0,13670.0,219483.0,2953.0,233654.0,,,0.624611,-0.4866701600000001,"5,485.03",432.57,8.56,2026-04-01 15:07:25
64,2차전지,4.86,450080,에코프로머티,테마 편입 사유,72600.0,"상승  5,600",8.36,73400.0,73500.0,1170455.0,84484.0,1193507.0,,,0.624611,-0.4866701600000001,"5,485.03",432.57,8.56,2026-04-01 15:07:25
64,2차전지,4.86,121600,나노신소재 *,테마 편입 사유,66300.0,"상승  5,100",8.33,66800.0,66900.0,82592.0,5422.0,208976.0,,,0.624611,-0.4866701600000001,"5,485.03",432.57,8.56,2026-04-01 15:07:25
64,2차전지,4.86,243840,신흥에스이씨 *,테마 편입 사유,7630.0,상승  580,8.23,7650.0,7660.0,650325.0,4873.0,750490.0,,,0.624611,-0.4866701600000001,"5,485.03",432.57,8.56,2026-04-01 15:07:25
64,2차전지,4.86,357780,솔브레인 *,테마 편입 사유,393500.0,"상승  29,500",8.1,394500.0,395000.0,42086.0,16359.0,56835.0,,,0.624611,-0.4866701600000001,"5,485.03",432.57,8.56,2026-04-01 15:07:25
64,2차전지,4.86,025900,동화기업 *,테마 편입 사유,11120.0,상승  830,8.07,11140.0,11160.0,388278.0,4281.0,363658.0,,,0.624611,-0.4866701600000001,"5,485.03",432.57,8.56,2026-04-01 15:07:25
64,2차전지,4.86,396300,세아메카닉스 *,테마 편입 사유,3705.0,상승  275,8.02,3700.0,3710.0,174651.0,635.0,149810.0,,,0.624611,-0.4866701600000001,"5,485.03",432.57,8.56,2026-04-01 15:07:25
64,2차전지,4.86,011790,SKC,테마 편입 사유,98500.0,"상승  7,200",7.89,98600.0,98700.0,137706.0,13326.0,193839.0,,,0.624611,-0.4866701600000001,"5,485.03",432.57,8.56,2026-04-01 15:07:25
64,2차전지,4.86,083930,아바코 *,테마 편입 사유,13500.0,상승  970,7.74,13520.0,13540.0,75686.0,1007.0,75446.0,,,0.624611,-0.4866701600000001,"5,485.03",432.57,8.56,2026-04-01 15:07:25
64,2차전지,4.86,056190,에스에프에이 *,테마 편입 사유,28000.0,"상승  2,000",7.69,28050.0,28100.0,93237.0,2593.0,85161.0,,,0.624611,-0.4866701600000001,"5,485.03",432.57,8.56,2026-04-01 15:07:25
64,2차전지,4.86,088390,이녹스 *,테마 편입 사유,12310.0,상승  860,7.51,12250.0,12350.0,29900.0,365.0,29420.0,,,0.624611,-0.4866701600000001,"5,485.03",432.57,8.56,2026-04-01 15:07:25
64,2차전지,4.86,432470,케이엔에스 *,테마 편입 사유,13400.0,상승  920,7.37,13390.0,13430.0,29328.0,389.0,54906.0,,,0.624611,-0.4866701600000001,"5,485.03",432.57,8.56,2026-04-01 15:07:25
64,2차전지,4.86,364950,에이아이코리아 *,테마 편입 사유,6540.0,상승  440,7.21,6550.0,6580.0,32759.0,212.0,47148.0,,,0.624611,-0.4866701600000001,"5,485.03",432.57,8.56,2026-04-01 15:07:25
64,2차전지,4.86,049950,미래컴퍼니 *,테마 편입 사유,14000.0,상승  940,7.2,14050.0,14100.0,32572.0,449.0,62517.0,,,0.624611,-0.4866701600000001,"5,485.03",432.57,8.56,2026-04-01 15:07:25
64,2차전지,4.86,086520,에코프로 *,테마 편입 사유,149300.0,"상승  9,800",7.03,150600.0,150700.0,903307.0,134025.0,1534387.0,,,0.624611,-0.4866701600000001,"5,485.03",432.57,8.56,2026-04-01 15:07:25
64,2차전지,4.86,417010,나노팀 *,테마 편입 사유,10260.0,상승  660,6.88,10300.0,10310.0,178166.0,1833.0,229812.0,,,0.624611,-0.4866701600000001,"5,485.03",432.57,8.56,2026-04-01 15:07:25
64,2차전지,4.86,008730,율촌화학,테마 편입 사유,24900.0,"상승  1,600",6.87,24800.0,24850.0,94756.0,2327.0,76197.0,,,0.624611,-0.4866701600000001,"5,485.03",432.57,8.56,2026-04-01 15:07:25
64,2차전지,4.86,294140,레몬 *,테마 편입 사유,3300.0,상승  210,6.8,3340.0,3375.0,97112.0,318.0,77581.0,,,0.624611,-0.4866701600000001,"5,485.03",432.57,8.56,2026-04-01 15:07:25
64,2차전지,4.86,010130,고려아연,테마 편입 사유,1517000.0,"상승  95,000",6.68,1526000.0,1527000.0,23233.0,35135.0,24293.0,,,0.624611,-0.4866701600000001,"5,485.03",432.57,8.56,2026-04-01 15:07:25
64,2차전지,4.86,222420,쎄노텍 *,테마 편입 사유,1410.0,상승  88,6.66,1383.0,1385.0,439462.0,605.0,420746.0,,,0.624611,-0.4866701600000001,"5,485.03",432.57,8.56,2026-04-01 15:07:25
64,2차전지,4.86,042600,새로닉스 *,테마 편입 사유,16090.0,"상승  1,000",6.63,16120.0,16230.0,123827.0,1954.0,193320.0,,,0.624611,-0.4866701600000001,"5,485.03",432.57,8.56,2026-04-01 15:07:25
64,2차전지,4.86,011500,한농화성,테마 편입 사유,21250.0,"상승  1,280",6.41,21350.0,21400.0,167813.0,3512.0,216813.0,,,0.624611,-0.4866701600000001,"5,485.03",432.57,8.56,2026-04-01 15:07:25
64,2차전지,4.86,457190,이수스페셜티케미컬,테마 편입 사유,95000.0,"상승  5,700",6.38,95800.0,95900.0,202014.0,18983.0,291999.0,,,0.624611,-0.4866701600000001,"5,485.03",432.57,8.56,2026-04-01 15:07:25
64,2차전지,4.86,107600,새빗켐 *,테마 편입 사유,26700.0,"상승  1,600",6.37,26500.0,26650.0,20980.0,548.0,80421.0,,,0.624611,-0.4866701600000001,"5,485.03",432.57,8.56,2026-04-01 15:07:25
64,2차전지,4.86,015750,성우하이텍 *,테마 편입 사유,8930.0,상승  530,6.31,8970.0,8980.0,629704.0,5545.0,759798.0,,,0.624611,-0.4866701600000001,"5,485.03",432.57,8.56,2026-04-01 15:07:25
64,2차전지,4.86,054210,이랜텍 *,테마 편입 사유,10440.0,상승  620,6.31,10490.0,10500.0,269999.0,2807.0,196589.0,,,0.624611,-0.4866701600000001,"5,485.03",432.57,8.56,2026-04-01 15:07:25
64,2차전지,4.86,282880,코윈테크 *,테마 편입 사유,14140.0,상승  810,6.08,14140.0,14180.0,26476.0,372.0,46611.0,,,0.624611,-0.4866701600000001,"5,485.03",432.57,8.56,2026-04-01 15:07:25
64,2차전지,4.86,452400,이닉스 *,테마 편입 사유,8780.0,상승  500,6.04,8740.0,8750.0,11753.0,102.0,15850.0,,,0.624611,-0.4866701600000001,"5,485.03",432.57,8.56,2026-04-01 15:07:25
64,2차전지,4.86,452190,한빛레이저 *,테마 편입 사유,4135.0,상승  235,6.03,4150.0,4155.0,66552.0,273.0,115241.0,,,0.624611,-0.4866701600000001,"5,485.03",432.57,8.56,2026-04-01 15:07:25
64,2차전지,4.86,001390,KG케미칼,테마 편입 사유,5280.0,상승  300,6.02,5270.0,5290.0,626216.0,3260.0,628335.0,,,0.624611,-0.4866701600000001,"5,485.03",432.57,8.56,2026-04-01 15:07:25
64,2차전지,4.86,053080,케이엔솔 *,테마 편입 사유,10920.0,상승  610,5.92,10910.0,10940.0,74210.0,803.0,75467.0,,,0.624611,-0.4866701600000001,"5,485.03",432.57,8.56,2026-04-01 15:07:25
64,2차전지,4.86,222080,씨아이에스 *,테마 편입 사유,12280.0,상승  680,5.86,12390.0,12400.0,1092833.0,13322.0,1480529.0,,,0.624611,-0.4866701600000001,"5,485.03",432.57,8.56,2026-04-01 15:07:25
64,2차전지,4.86,312610,에이에프더블류 *,테마 편입 사유,1069.0,상승  59,5.84,1054.0,1070.0,30670.0,32.0,17729.0,,,0.624611,-0.4866701600000001,"5,485.03",432.57,8.56,2026-04-01 15:07:25
64,2차전지,4.86,372170,윤성에프앤씨 *,테마 편입 사유,30050.0,"상승  1,650",5.81,29900.0,29950.0,7408.0,220.0,15988.0,,,0.624611,-0.4866701600000001,"5,485.03",432.57,8.56,2026-04-01 15:07:25
64,2차전지,4.86,469750,아이비젼웍스 *,테마 편입 사유,1130.0,상승  62,5.81,1135.0,1136.0,232077.0,260.0,189897.0,,,0.624611,-0.4866701600000001,"5,485.03",432.57,8.56,2026-04-01 15:07:25
64,2차전지,4.86,278280,천보 *,테마 편입 사유,51200.0,"상승  2,800",5.79,51700.0,51800.0,39979.0,2046.0,79179.0,,,0.624611,-0.4866701600000001,"5,485.03",432.57,8.56,2026-04-01 15:07:25
64,2차전지,4.86,137400,피엔티 *,테마 편입 사유,50000.0,"상승  2,700",5.71,50100.0,50200.0,136834.0,6794.0,167123.0,,,0.624611,-0.4866701600000001,"5,485.03",432.57,8.56,2026-04-01 15:07:25
64,2차전지,4.86,096630,에스코넥 *,테마 편입 사유,787.0,상승  42,5.64,785.0,786.0,325515.0,254.0,569018.0,,,0.624611,-0.4866701600000001,"5,485.03",432.57,8.56,2026-04-01 15:07:25
64,2차전지,4.86,093370,후성,테마 편입 사유,7410.0,상승  390,5.56,7400.0,7410.0,369829.0,2695.0,498402.0,,,0.624611,-0.4866701600000001,"5,485.03",432.57,8.56,2026-04-01 15:07:25
64,2차전지,4.86,109740,디에스케이 *,테마 편입 사유,5700.0,상승  300,5.56,5650.0,5690.0,34301.0,191.0,59983.0,,,0.624611,-0.4866701600000001,"5,485.03",432.57,8.56,2026-04-01 15:07:25
64,2차전지,4.86,416180,신성에스티 *,테마 편입 사유,34150.0,"상승  1,800",5.56,34200.0,34350.0,30625.0,1039.0,37001.0,,,0.624611,-0.4866701600000001,"5,485.03",432.57,8.56,2026-04-01 15:07:25
64,2차전지,4.86,333620,엔시스 *,테마 편입 사유,5920.0,상승  310,5.53,5870.0,5920.0,27783.0,164.0,11643.0,,,0.624611,-0.4866701600000001,"5,485.03",432.57,8.56,2026-04-01 15:07:25
64,2차전지,4.86,006400,삼성SDI,테마 편입 사유,430500.0,"상승  22,500",5.51,433000.0,433500.0,703687.0,298917.0,1110671.0,,,0.624611,-0.4866701600000001,"5,485.03",432.57,8.56,2026-04-01 15:07:25
64,2차전지,4.86,002710,TCC스틸,테마 편입 사유,13890.0,상승  710,5.39,13830.0,13860.0,83966.0,1145.0,143106.0,,,0.624611,-0.4866701600000001,"5,485.03",432.57,8.56,2026-04-01 15:07:25
64,2차전지,4.86,065350,신성델타테크 *,테마 편입 사유,57600.0,"상승  2,900",5.3,57600.0,57700.0,86692.0,4957.0,117995.0,,,0.624611,-0.4866701600000001,"5,485.03",432.57,8.56,2026-04-01 15:07:25
64,2차전지,4.86,220260,켐트로스 *,테마 편입 사유,5420.0,상승  270,5.24,5390.0,5400.0,152897.0,820.0,237021.0,,,0.624611,-0.4866701600000001,"5,485.03",432.57,8.56,2026-04-01 15:07:25
64,2차전지,4.86,047310,파워로직스 *,테마 편입 사유,4700.0,상승  230,5.15,4700.0,4705.0,130438.0,605.0,179806.0,,,0.624611,-0.4866701600000001,"5,485.03",432.57,8.56,2026-04-01 15:07:25
64,2차전지,4.86,110990,디아이티 *,테마 편입 사유,19330.0,상승  940,5.11,19540.0,19550.0,115529.0,2233.0,96997.0,,,0.624611,-0.4866701600000001,"5,485.03",432.57,8.56,2026-04-01 15:07:25
64,2차전지,4.86,247540,에코프로비엠 *,테마 편입 사유,202000.0,"상승  9,800",5.1,203500.0,204000.0,378954.0,75979.0,603090.0,,,0.624611,-0.4866701600000001,"5,485.03",432.57,8.56,2026-04-01 15:07:25
64,2차전지,4.86,382840,원준 *,테마 편입 사유,8890.0,상승  430,5.08,8860.0,8880.0,42766.0,377.0,87130.0,,,0.624611,-0.4866701600000001,"5,485.03",432.57,8.56,2026-04-01 15:07:25
64,2차전지,4.86,265560,영화테크 *,테마 편입 사유,8530.0,상승  410,5.05,8520.0,8530.0,37033.0,313.0,39869.0,,,0.624611,-0.4866701600000001,"5,485.03",432.57,8.56,2026-04-01 15:07:25
64,2차전지,4.86,096770,SK이노베이션,테마 편입 사유,114000.0,"상승  5,300",4.88,114000.0,114100.0,298765.0,33733.0,424109.0,,,0.624611,-0.4866701600000001,"5,485.03",432.57,8.56,2026-04-01 15:07:25
64,2차전지,4.86,051910,LG화학,테마 편입 사유,313500.0,"상승  14,500",4.85,313500.0,314000.0,259059.0,80002.0,473765.0,,,0.624611,-0.4866701600000001,"5,485.03",432.57,8.56,2026-04-01 15:07:25
64,2차전지,4.86,101360,에코앤드림 *,테마 편입 사유,17750.0,상승  800,4.72,17750.0,17780.0,77771.0,1370.0,90231.0,,,0.624611,-0.4866701600000001,"5,485.03",432.57,8.56,2026-04-01 15:07:25
64,2차전지,4.86,361610,SK아이이테크놀로지,테마 편입 사유,22250.0,"상승  1,000",4.71,22200.0,22250.0,142679.0,3117.0,161264.0,,,0.624611,-0.4866701600000001,"5,485.03",432.57,8.56,2026-04-01 15:07:25
64,2차전지,4.86,418550,제이오 *,테마 편입 사유,8130.0,상승  360,4.63,8160.0,8170.0,225053.0,1821.0,291237.0,,,0.624611,-0.4866701600000001,"5,485.03",432.57,8.56,2026-04-01 15:07:25
64,2차전지,4.86,446540,메가터치 *,테마 편입 사유,4200.0,상승  185,4.61,4160.0,4195.0,59815.0,249.0,173028.0,,,0.624611,-0.4866701600000001,"5,485.03",432.57,8.56,2026-04-01 15:07:25
64,2차전지,4.86,217820,원익피앤이 *,테마 편입 사유,3090.0,상승  135,4.57,3090.0,3095.0,102861.0,315.0,206005.0,,,0.624611,-0.4866701600000001,"5,485.03",432.57,8.56,2026-04-01 15:07:25
64,2차전지,4.86,378340,필에너지 *,테마 편입 사유,15290.0,상승  660,4.51,15250.0,15260.0,83646.0,1267.0,335746.0,,,0.624611,-0.4866701600000001,"5,485.03",432.57,8.56,2026-04-01 15:07:25
64,2차전지,4.86,055490,테이팩스,테마 편입 사유,16150.0,상승  680,4.4,16080.0,16110.0,19591.0,311.0,39614.0,,,0.624611,-0.4866701600000001,"5,485.03",432.57,8.56,2026-04-01 15:07:25
64,2차전지,4.86,029480,광무 *,테마 편입 사유,2075.0,상승  87,4.38,2080.0,2085.0,159939.0,330.0,257683.0,,,0.624611,-0.4866701600000001,"5,485.03",432.57,8.56,2026-04-01 15:07:25
64,2차전지,4.86,005490,POSCO홀딩스,테마 편입 사유,346500.0,"상승  14,000",4.21,346500.0,347000.0,319231.0,109565.0,390060.0,,,0.624611,-0.4866701600000001,"5,485.03",432.57,8.56,2026-04-01 15:07:25
64,2차전지,4.86,003670,포스코퓨처엠,테마 편입 사유,212000.0,"상승  8,500",4.18,212000.0,212500.0,240622.0,50478.0,444840.0,,,0.624611,-0.4866701600000001,"5,485.03",432.57,8.56,2026-04-01 15:07:25
64,2차전지,4.86,336370,솔루스첨단소재,테마 편입 사유,9220.0,상승  370,4.18,9240.0,9260.0,208955.0,1910.0,306415.0,,,0.624611,-0.4866701600000001,"5,485.03",432.57,8.56,2026-04-01 15:07:25
64,2차전지,4.86,262260,에이프로 *,테마 편입 사유,5080.0,상승  200,4.1,5090.0,5100.0,37175.0,189.0,73687.0,,,0.624611,-0.4866701600000001,"5,485.03",432.57,8.56,2026-04-01 15:07:25
64,2차전지,4.86,493330,지에프아이 *,테마 편입 사유,13100.0,상승  500,3.97,13020.0,13040.0,13979.0,181.0,27784.0,,,0.624611,-0.4866701600000001,"5,485.03",432.57,8.56,2026-04-01 15:07:25
64,2차전지,4.86,302430,이노메트리 *,테마 편입 사유,6840.0,상승  260,3.95,6840.0,6850.0,16559.0,113.0,25374.0,,,0.624611,-0.4866701600000001,"5,485.03",432.57,8.56,2026-04-01 15:07:25
64,2차전지,4.86,108230,톱텍 *,테마 편입 사유,4250.0,상승  160,3.91,4255.0,4260.0,59768.0,253.0,63724.0,,,0.624611,-0.4866701600000001,"5,485.03",432.57,8.56,2026-04-01 15:07:25
64,2차전지,4.86,005420,코스모화학,테마 편입 사유,15450.0,상승  580,3.9,15460.0,15470.0,143121.0,2188.0,246329.0,,,0.624611,-0.4866701600000001,"5,485.03",432.57,8.56,2026-04-01 15:07:25
64,2차전지,4.86,382480,지아이텍 *,테마 편입 사유,2405.0,상승  90,3.89,2400.0,2410.0,210862.0,501.0,456024.0,,,0.624611,-0.4866701600000001,"5,485.03",432.57,8.56,2026-04-01 15:07:25
64,2차전지,4.86,413390,엠오티 *,테마 편입 사유,8290.0,상승  310,3.88,8250.0,8270.0,123649.0,1018.0,202154.0,,,0.624611,-0.4866701600000001,"5,485.03",432.57,8.56,2026-04-01 15:07:25
64,2차전지,4.86,452200,민테크 *,테마 편입 사유,2315.0,상승  85,3.81,2320.0,2325.0,88414.0,204.0,42521.0,,,0.624611,-0.4866701600000001,"5,485.03",432.57,8.56,2026-04-01 15:07:25
64,2차전지,4.86,161000,애경케미칼,테마 편입 사유,14260.0,상승  520,3.78,14190.0,14200.0,2909289.0,42143.0,9557584.0,,,0.624611,-0.4866701600000001,"5,485.03",432.57,8.56,2026-04-01 15:07:25
64,2차전지,4.86,079810,디이엔티 *,테마 편입 사유,4390.0,상승  155,3.66,4380.0,4395.0,105721.0,458.0,113761.0,,,0.624611,-0.4866701600000001,"5,485.03",432.57,8.56,2026-04-01 15:07:25
64,2차전지,4.86,458650,성우 *,테마 편입 사유,12700.0,상승  430,3.5,12680.0,12690.0,58787.0,743.0,133043.0,,,0.624611,-0.4866701600000001,"5,485.03",432.57,8.56,2026-04-01 15:07:25
64,2차전지,4.86,251630,브이원텍 *,테마 편입 사유,5370.0,상승  180,3.47,5370.0,5390.0,33419.0,178.0,46017.0,,,0.624611,-0.4866701600000001,"5,485.03",432.57,8.56,2026-04-01 15:07:25
64,2차전지,4.86,373220,LG에너지솔루션,테마 편입 사유,408000.0,"상승  13,500",3.42,409000.0,409500.0,305479.0,122833.0,518297.0,,,0.624611,-0.4866701600000001,"5,485.03",432.57,8.56,2026-04-01 15:07:25
64,2차전지,4.86,290670,대보마그네틱 *,테마 편입 사유,11700.0,상승  380,3.36,11640.0,11660.0,13418.0,156.0,22865.0,,,0.624611,-0.4866701600000001,"5,485.03",432.57,8.56,2026-04-01 15:07:25
64,2차전지,4.86,006650,대한유화,테마 편입 사유,134200.0,"상승  4,200",3.23,133100.0,133200.0,40515.0,5372.0,88088.0,,,0.624611,-0.4866701600000001,"5,485.03",432.57,8.56,2026-04-01 15:07:25
64,2차전지,4.86,320000,한울반도체 *,테마 편입 사유,1468.0,상승  45,3.16,1469.0,1470.0,186222.0,271.0,355523.0,,,0.624611,-0.4866701600000001,"5,485.03",432.57,8.56,2026-04-01 15:07:25
64,2차전지,4.86,084850,아이티엠반도체 *,테마 편입 사유,11150.0,상승  340,3.15,11020.0,11030.0,115390.0,1265.0,104846.0,,,0.624611,-0.4866701600000001,"5,485.03",432.57,8.56,2026-04-01 15:07:25
64,2차전지,4.86,051490,나라엠앤디 *,테마 편입 사유,3615.0,상승  110,3.14,3615.0,3620.0,56957.0,202.0,23722.0,,,0.624611,-0.4866701600000001,"5,485.03",432.57,8.56,2026-04-01 15:07:25
64,2차전지,4.86,475660,에스켐 *,테마 편입 사유,5330.0,상승  160,3.09,5320.0,5340.0,31801.0,168.0,17157.0,,,0.624611,-0.4866701600000001,"5,485.03",432.57,8.56,2026-04-01 15:07:25
64,2차전지,4.86,004910,조광페인트,테마 편입 사유,4890.0,상승  145,3.06,4870.0,4880.0,27038.0,130.0,47856.0,,,0.624611,-0.4866701600000001,"5,485.03",432.57,8.56,2026-04-01 15:07:25
64,2차전지,4.86,004490,세방전지,테마 편입 사유,61300.0,"상승  1,800",3.03,61200.0,61300.0,36185.0,2197.0,51250.0,,,0.624611,-0.4866701600000001,"5,485.03",432.57,8.56,2026-04-01 15:07:25
64,2차전지,4.86,419050,삼기에너지솔루션즈 *,테마 편입 사유,1587.0,상승  46,2.99,1584.0,1589.0,104014.0,164.0,672695.0,,,0.624611,-0.4866701600000001,"5,485.03",432.57,8.56,2026-04-01 15:07:25
64,2차전지,4.86,178920,PI첨단소재,테마 편입 사유,22550.0,상승  650,2.97,22700.0,22750.0,236302.0,5317.0,349314.0,,,0.624611,-0.4866701600000001,"5,485.03",432.57,8.56,2026-04-01 15:07:25
64,2차전지,4.86,267320,나인테크 *,테마 편입 사유,3120.0,상승  90,2.97,3120.0,3125.0,648390.0,2027.0,944947.0,,,0.624611,-0.4866701600000001,"5,485.03",432.57,8.56,2026-04-01 15:07:25
64,2차전지,4.86,299030,하나기술 *,테마 편입 사유,27050.0,상승  750,2.85,27050.0,27100.0,18921.0,510.0,37694.0,,,0.624611,-0.4866701600000001,"5,485.03",432.57,8.56,2026-04-01 15:07:25
64,2차전지,4.86,065130,탑엔지니어링 *,테마 편입 사유,3100.0,상승  85,2.82,3090.0,3100.0,15511.0,48.0,20939.0,,,0.624611,-0.4866701600000001,"5,485.03",432.57,8.56,2026-04-01 15:07:25
64,2차전지,4.86,241790,티이엠씨씨엔에스 *,테마 편입 사유,7740.0,상승  210,2.79,7740.0,7750.0,32715.0,251.0,67694.0,,,0.624611,-0.4866701600000001,"5,485.03",432.57,8.56,2026-04-01 15:07:25
64,2차전지,4.86,480370,씨케이솔루션,테마 편입 사유,2035.0,상승  54,2.73,2015.0,2030.0,220402.0,445.0,471541.0,,,0.624611,-0.4866701600000001,"5,485.03",432.57,8.56,2026-04-01 15:07:25
64,2차전지,4.86,066970,엘앤에프,테마 편입 사유,147700.0,"상승  3,800",2.64,149300.0,149400.0,996396.0,145156.0,1095696.0,,,0.624611,-0.4866701600000001,"5,485.03",432.57,8.56,2026-04-01 15:07:25
64,2차전지,4.86,020150,롯데에너지머티리얼즈,테마 편입 사유,42450.0,"상승  1,050",2.54,42350.0,42400.0,135284.0,5690.0,238977.0,,,0.624611,-0.4866701600000001,"5,485.03",432.57,8.56,2026-04-01 15:07:25
64,2차전지,4.86,005070,코스모신소재,테마 편입 사유,52900.0,"상승  1,300",2.52,53200.0,53300.0,198509.0,10457.0,452491.0,,,0.624611,-0.4866701600000001,"5,485.03",432.57,8.56,2026-04-01 15:07:25
64,2차전지,4.86,277880,티에스아이 *,테마 편입 사유,4990.0,상승  120,2.46,4960.0,4980.0,88889.0,443.0,111754.0,,,0.624611,-0.4866701600000001,"5,485.03",432.57,8.56,2026-04-01 15:07:25
64,2차전지,4.86,254120,자비스 *,테마 편입 사유,1213.0,상승  29,2.45,1212.0,1218.0,41978.0,51.0,124524.0,,,0.624611,-0.4866701600000001,"5,485.03",432.57,8.56,2026-04-01 15:07:25
64,2차전지,4.86,093920,서원인텍 *,테마 편입 사유,5100.0,상승  120,2.41,5080.0,5090.0,17236.0,87.0,19565.0,,,0.624611,-0.4866701600000001,"5,485.03",432.57,8.56,2026-04-01 15:07:25
64,2차전지,4.86,900070,글로벌에스엠 *,테마 편입 사유,534.0,상승  12,2.3,533.0,535.0,126328.0,67.0,164224.0,,,0.624611,-0.4866701600000001,"5,485.03",432.57,8.56,2026-04-01 15:07:25
64,2차전지,4.86,054090,삼진엘앤디 *,테마 편입 사유,1063.0,상승  23,2.21,1078.0,1083.0,1944948.0,2071.0,7856538.0,,,0.624611,-0.4866701600000001,"5,485.03",432.57,8.56,2026-04-01 15:07:25
64,2차전지,4.86,240600,유진테크놀로지 *,테마 편입 사유,3290.0,상승  70,2.17,3255.0,3260.0,18000.0,59.0,49052.0,,,0.624611,-0.4866701600000001,"5,485.03",432.57,8.56,2026-04-01 15:07:25
64,2차전지,4.86,014820,동원시스템즈,테마 편입 사유,25450.0,상승  500,2.0,25250.0,25300.0,45311.0,1140.0,37647.0,,,0.624611,-0.4866701600000001,"5,485.03",432.57,8.56,2026-04-01 15:07:25
64,2차전지,4.86,148930,에이치와이티씨 *,테마 편입 사유,2900.0,상승  55,1.93,2900.0,2910.0,14535.0,42.0,15018.0,,,0.624611,-0.4866701600000001,"5,485.03",432.57,8.56,2026-04-01 15:07:25
64,2차전지,4.86,0011A0,액스비스 *,테마 편입 사유,26500.0,상승  500,1.92,26500.0,26550.0,308402.0,8355.0,870297.0,,,0.624611,-0.4866701600000001,"5,485.03",432.57,8.56,2026-04-01 15:07:25
64,2차전지,4.86,360070,탑머티리얼 *,테마 편입 사유,18070.0,상승  340,1.92,18050.0,18140.0,15075.0,272.0,31822.0,,,0.624611,-0.4866701600000001,"5,485.03",432.57,8.56,2026-04-01 15:07:25
64,2차전지,4.86,032560,황금에스티,테마 편입 사유,5960.0,상승  110,1.88,5950.0,5970.0,39729.0,234.0,51841.0,,,0.624611,-0.4866701600000001,"5,485.03",432.57,8.56,2026-04-01 15:07:25
64,2차전지,4.86,017370,우신시스템,테마 편입 사유,5780.0,상승  90,1.58,5790.0,5800.0,38448.0,220.0,36615.0,,,0.624611,-0.4866701600000001,"5,485.03",432.57,8.56,2026-04-01 15:07:25
64,2차전지,4.86,263770,유에스티 *,테마 편입 사유,1928.0,상승  28,1.47,1921.0,1923.0,8495.0,16.0,31952.0,,,0.624611,-0.4866701600000001,"5,485.03",432.57,8.56,2026-04-01 15:07:25
64,2차전지,4.86,317330,덕산테코피아 *,테마 편입 사유,18810.0,상승  230,1.24,18850.0,18870.0,316160.0,5815.0,704417.0,,,0.624611,-0.4866701600000001,"5,485.03",432.57,8.56,2026-04-01 15:07:25
64,2차전지,4.86,365340,성일하이텍 *,테마 편입 사유,60400.0,상승  700,1.17,60500.0,60700.0,49063.0,2960.0,105358.0,,,0.624611,-0.4866701600000001,"5,485.03",432.57,8.56,2026-04-01 15:07:25
64,2차전지,4.86,033790,피노 *,테마 편입 사유,7870.0,상승  90,1.16,7900.0,7910.0,4050004.0,32079.0,7134082.0,,,0.624611,-0.4866701600000001,"5,485.03",432.57,8.56,2026-04-01 15:07:25
64,2차전지,4.86,075970,동국알앤에스 *,테마 편입 사유,2205.0,상승  25,1.15,2200.0,2210.0,118295.0,259.0,903535.0,,,0.624611,-0.4866701600000001,"5,485.03",432.57,8.56,2026-04-01 15:07:25
64,2차전지,4.86,032680,소프트센 *,테마 편입 사유,240.0,상승  2,0.84,239.0,240.0,417350.0,100.0,785629.0,,,0.624611,-0.4866701600000001,"5,485.03",432.57,8.56,2026-04-01 15:07:25
64,2차전지,4.86,078600,대주전자재료 *,테마 편입 사유,127000.0,상승  900,0.71,128500.0,128600.0,297430.0,37244.0,275027.0,,,0.624611,-0.4866701600000001,"5,485.03",432.57,8.56,2026-04-01 15:07:25
64,2차전지,4.86,455180,케이지에이 *,테마 편입 사유,2955.0,상승  20,0.68,2925.0,2935.0,41553.0,122.0,23148.0,,,0.624611,-0.4866701600000001,"5,485.03",432.57,8.56,2026-04-01 15:07:25
64,2차전지,4.86,076080,웰크론한텍 *,테마 편입 사유,1252.0,상승  8,0.64,1250.0,1252.0,77436.0,96.0,278999.0,,,0.624611,-0.4866701600000001,"5,485.03",432.57,8.56,2026-04-01 15:07:25
64,2차전지,4.86,259630,엠플러스 *,테마 편입 사유,12900.0,상승  50,0.39,12820.0,12830.0,521862.0,6462.0,183272.0,,,0.624611,-0.4866701600000001,"5,485.03",432.57,8.56,2026-04-01 15:07:25
64,2차전지,4.86,131760,파인텍 *,테마 편입 사유,629.0,상승  2,0.32,626.0,628.0,156712.0,99.0,70063.0,,,0.624611,-0.4866701600000001,"5,485.03",432.57,8.56,2026-04-01 15:07:25
64,2차전지,4.86,257370,피엔티엠에스 *,테마 편입 사유,3515.0,상승  5,0.14,3540.0,3565.0,49169.0,172.0,66073.0,,,0.624611,-0.4866701600000001,"5,485.03",432.57,8.56,2026-04-01 15:07:25
64,2차전지,4.86,106080,케이이엠텍 *,테마 편입 사유,330.0,보합0,0.0,0.0,0.0,0.0,0.0,0.0,,,0.624611,-0.4866701600000001,"5,485.03",432.57,8.56,2026-04-01 15:07:25
64,2차전지,4.86,121850,코이즈 *,테마 편입 사유,2285.0,하락  5,-0.22,2275.0,2285.0,65923.0,150.0,66073.0,,,0.624611,-0.4866701600000001,"5,485.03",432.57,8.56,2026-04-01 15:07:25
64,2차전지,4.86,001530,DI동일,테마 편입 사유,21550.0,하락  100,-0.46,21550.0,21600.0,46347.0,989.0,110171.0,,,0.624611,-0.4866701600000001,"5,485.03",432.57,8.56,2026-04-01 15:07:25
64,2차전지,4.86,348370,엔켐 *,테마 편입 사유,39250.0,"하락  1,700",-4.15,39400.0,39450.0,501557.0,19899.0,550907.0,,,0.624611,-0.4866701600000001,"5,485.03",432.57,8.56,2026-04-01 15:07:25
64,2차전지,4.86,114190,강원에너지 *,테마 편입 사유,14620.0,하락  990,-6.34,14610.0,14620.0,1113423.0,15916.0,3730682.0,,,0.624611,-0.4866701600000001,"5,485.03",432.57,8.56,2026-04-01 15:07:25
64,2차전지,4.86,001780,알루코,테마 편입 사유,2430.0,하락  225,-8.47,2405.0,2410.0,10930165.0,25412.0,55588679.0,,,0.624611,-0.4866701600000001,"5,485.03",432.57,8.56,2026-04-01 15:07:25
64,2차전지,4.86,018470,조일알미늄,테마 편입 사유,1399.0,하락  210,-13.05,1390.0,1391.0,27557158.0,38413.0,75992594.0,,,0.624611,-0.4866701600000001,"5,485.03",432.57,8.56,2026-04-01 15:07:25
64,2차전지,4.86,006110,삼아알미늄,테마 편입 사유,34300.0,"하락  5,900",-14.68,34100.0,34150.0,1027234.0,35838.0,3808534.0,,,0.624611,-0.4866701600000001,"5,485.03",432.57,8.56,2026-04-01 15:07:25
49,인터넷 대표주,5.14,035720,카카오,테마 편입 사유,48400.0,"상승  2,600",5.68,48350.0,48400.0,1128517.0,53779.0,1706215.0,,,0.654288,-0.4607052800000009,"5,485.03",432.57,8.56,2026-04-01 15:07:25
49,인터넷 대표주,5.14,035420,NAVER,테마 편입 사유,211000.0,"상승  9,500",4.71,210500.0,211000.0,493462.0,103056.0,890860.0,,,0.654288,-0.4607052800000009,"5,485.03",432.57,8.56,2026-04-01 15:07:25
59,광고,1.23,363260,모비데이즈 *,테마 편입 사유,1489.0,상승  67,4.71,1483.0,1486.0,73477.0,109.0,129174.0,,,0.196435,-0.4514836000000002,"5,485.03",432.57,8.56,2026-04-01 15:07:25
59,광고,1.23,397810,애드포러스 *,테마 편입 사유,6520.0,상승  220,3.49,6570.0,6640.0,25316.0,165.0,23131.0,,,0.196435,-0.4514836000000002,"5,485.03",432.57,8.56,2026-04-01 15:07:25
59,광고,1.23,263700,케어랩스 *,테마 편입 사유,2365.0,상승  75,3.28,2355.0,2365.0,22929.0,54.0,67661.0,,,0.196435,-0.4514836000000002,"5,485.03",432.57,8.56,2026-04-01 15:07:25
59,광고,1.23,273060,와이즈버즈 *,테마 편입 사유,1046.0,상승  30,2.95,1034.0,1035.0,130448.0,135.0,76459.0,,,0.196435,-0.4514836000000002,"5,485.03",432.57,8.56,2026-04-01 15:07:25
59,광고,1.23,051160,지어소프트 *,테마 편입 사유,8110.0,상승  230,2.92,8070.0,8090.0,65784.0,531.0,40558.0,,,0.196435,-0.4514836000000002,"5,485.03",432.57,8.56,2026-04-01 15:07:25
59,광고,1.23,362990,드림인사이트 *,테마 편입 사유,1603.0,상승  43,2.76,1589.0,1612.0,24648.0,39.0,19241.0,,,0.196435,-0.4514836000000002,"5,485.03",432.57,8.56,2026-04-01 15:07:25
59,광고,1.23,321820,아티스트컴퍼니 *,테마 편입 사유,3820.0,상승  95,2.55,3790.0,3810.0,29331.0,112.0,21055.0,,,0.196435,-0.4514836000000002,"5,485.03",432.57,8.56,2026-04-01 15:07:25
59,광고,1.23,048550,SM C&C *,테마 편입 사유,1119.0,상승  27,2.47,1118.0,1120.0,51516.0,58.0,96532.0,,,0.196435,-0.4514836000000002,"5,485.03",432.57,8.56,2026-04-01 15:07:25
59,광고,1.23,127710,아시아경제 *,테마 편입 사유,1683.0,상승  38,2.31,1683.0,1688.0,299500.0,501.0,419588.0,,,0.196435,-0.4514836000000002,"5,485.03",432.57,8.56,2026-04-01 15:07:25
59,광고,1.23,236810,엔비티 *,테마 편입 사유,1840.0,상승  40,2.22,1829.0,1839.0,24851.0,45.0,32102.0,,,0.196435,-0.4514836000000002,"5,485.03",432.57,8.56,2026-04-01 15:07:25
59,광고,1.23,037270,YG PLUS,테마 편입 사유,5230.0,상승  100,1.95,5230.0,5240.0,584382.0,3024.0,527689.0,,,0.196435,-0.4514836000000002,"5,485.03",432.57,8.56,2026-04-01 15:07:25
59,광고,1.23,030000,제일기획,테마 편입 사유,19330.0,상승  360,1.9,19270.0,19280.0,440953.0,8469.0,504916.0,,,0.196435,-0.4514836000000002,"5,485.03",432.57,8.56,2026-04-01 15:07:25
59,광고,1.23,035000,HS애드,테마 편입 사유,8250.0,상승  130,1.6,8230.0,8250.0,23573.0,193.0,26414.0,,,0.196435,-0.4514836000000002,"5,485.03",432.57,8.56,2026-04-01 15:07:25
59,광고,1.23,010470,오리콤 *,테마 편입 사유,6030.0,상승  90,1.52,6010.0,6030.0,46280.0,278.0,13478.0,,,0.196435,-0.4514836000000002,"5,485.03",432.57,8.56,2026-04-01 15:07:25
59,광고,1.23,351870,차이커뮤니케이션 *,테마 편입 사유,3935.0,상승  50,1.29,3935.0,3940.0,7686.0,30.0,5424.0,,,0.196435,-0.4514836000000002,"5,485.03",432.57,8.56,2026-04-01 15:07:25
59,광고,1.23,089600,KT나스미디어 *,테마 편입 사유,11520.0,상승  140,1.23,11510.0,11530.0,19869.0,228.0,24944.0,,,0.196435,-0.4514836000000002,"5,485.03",432.57,8.56,2026-04-01 15:07:25
59,광고,1.23,214270,FSN *,테마 편입 사유,2290.0,상승  25,1.1,2290.0,2295.0,253259.0,583.0,667898.0,,,0.196435,-0.4514836000000002,"5,485.03",432.57,8.56,2026-04-01 15:07:25
59,광고,1.23,216050,인크로스 *,테마 편입 사유,6690.0,상승  60,0.9,6680.0,6690.0,32705.0,218.0,81698.0,,,0.196435,-0.4514836000000002,"5,485.03",432.57,8.56,2026-04-01 15:07:25
59,광고,1.23,291230,엔피 *,테마 편입 사유,778.0,상승  4,0.52,771.0,773.0,159362.0,125.0,185643.0,,,0.196435,-0.4514836000000002,"5,485.03",432.57,8.56,2026-04-01 15:07:25
59,광고,1.23,214320,이노션,테마 편입 사유,18100.0,상승  90,0.5,18180.0,18190.0,110713.0,2007.0,130082.0,,,0.196435,-0.4514836000000002,"5,485.03",432.57,8.56,2026-04-01 15:07:25
59,광고,1.23,230360,에코마케팅 *,테마 편입 사유,15920.0,상승  70,0.44,15910.0,15920.0,6611.0,105.0,12691.0,,,0.196435,-0.4514836000000002,"5,485.03",432.57,8.56,2026-04-01 15:07:25
59,광고,1.23,237820,플레이디 *,테마 편입 사유,4675.0,하락  10,-0.21,4665.0,4700.0,31276.0,147.0,21237.0,,,0.196435,-0.4514836000000002,"5,485.03",432.57,8.56,2026-04-01 15:07:25
59,광고,1.23,123570,이엠넷 *,테마 편입 사유,1927.0,하락  13,-0.67,1906.0,1912.0,19899.0,38.0,1021.0,,,0.196435,-0.4514836000000002,"5,485.03",432.57,8.56,2026-04-01 15:07:25
59,광고,1.23,443250,레뷰코퍼레이션 *,테마 편입 사유,9240.0,하락  190,-2.01,9240.0,9260.0,14098.0,131.0,20080.0,,,0.196435,-0.4514836000000002,"5,485.03",432.57,8.56,2026-04-01 15:07:25
59,광고,1.23,050090,비케이홀딩스 *,테마 편입 사유,769.0,하락  83,-9.74,771.0,773.0,285658.0,224.0,778564.0,,,0.196435,-0.4514836000000002,"5,485.03",432.57,8.56,2026-04-01 15:07:25
595,우주태양광(페로브스카이트 등),3.86,241770,메카로 *,테마 편입 사유,39850.0,"상승  3,150",8.58,39850.0,39950.0,52148.0,2045.0,102785.0,,,0.5,-0.4200000000000004,"5,485.03",432.57,8.56,2026-04-01 15:07:25
595,우주태양광(페로브스카이트 등),3.86,489500,엘케이켐 *,테마 편입 사유,34200.0,"상승  2,200",6.88,34050.0,34200.0,49622.0,1682.0,70551.0,,,0.5,-0.4200000000000004,"5,485.03",432.57,8.56,2026-04-01 15:07:25
595,우주태양광(페로브스카이트 등),3.86,086390,유니테스트 *,테마 편입 사유,16670.0,상승  900,5.71,16750.0,16770.0,151977.0,2517.0,247516.0,,,0.5,-0.4200000000000004,"5,485.03",432.57,8.56,2026-04-01 15:07:25
595,우주태양광(페로브스카이트 등),3.86,171090,선익시스템 *,테마 편입 사유,88500.0,"상승  4,700",5.61,89000.0,89100.0,87127.0,7599.0,91116.0,,,0.5,-0.4200000000000004,"5,485.03",432.57,8.56,2026-04-01 15:07:25
595,우주태양광(페로브스카이트 등),3.86,255440,야스 *,테마 편입 사유,10810.0,상승  520,5.05,10770.0,10810.0,21509.0,233.0,34248.0,,,0.5,-0.4200000000000004,"5,485.03",432.57,8.56,2026-04-01 15:07:25
595,우주태양광(페로브스카이트 등),3.86,015760,한국전력,테마 편입 사유,43750.0,"상승  2,100",5.04,43600.0,43650.0,1924735.0,82894.0,3163086.0,,,0.5,-0.4200000000000004,"5,485.03",432.57,8.56,2026-04-01 15:07:25
595,우주태양광(페로브스카이트 등),3.86,357550,석경에이티 *,테마 편입 사유,52500.0,"상승  1,000",1.94,52100.0,52300.0,3558.0,186.0,3304.0,,,0.5,-0.4200000000000004,"5,485.03",432.57,8.56,2026-04-01 15:07:25
595,우주태양광(페로브스카이트 등),3.86,009830,한화솔루션,테마 편입 사유,37600.0,상승  450,1.21,37750.0,37800.0,3777497.0,141074.0,7126070.0,,,0.5,-0.4200000000000004,"5,485.03",432.57,8.56,2026-04-01 15:07:25
595,우주태양광(페로브스카이트 등),3.86,078600,대주전자재료 *,테마 편입 사유,127000.0,상승  900,0.71,128400.0,128500.0,297430.0,37244.0,275027.0,,,0.5,-0.4200000000000004,"5,485.03",432.57,8.56,2026-04-01 15:07:25
595,우주태양광(페로브스카이트 등),3.86,322000,HD현대에너지솔루션,테마 편입 사유,135700.0,"하락  3,400",-2.44,135400.0,135500.0,996396.0,136409.0,2661330.0,,,0.5,-0.4200000000000004,"5,485.03",432.57,8.56,2026-04-01 15:07:25
155,반도체 대표주(생산),11.21,005930,삼성전자,테마 편입 사유,189000.0,"상승  21,800",13.04,190600.0,190700.0,28450460.0,5233708.0,38659593.0,,,1.35572,-0.3949631999999994,"5,485.03",432.57,8.56,2026-04-01 15:07:25
155,반도체 대표주(생산),11.21,000660,SK하이닉스,테마 편입 사유,895000.0,"상승  88,000",10.9,902000.0,903000.0,4641589.0,4085157.0,7194351.0,,,1.35572,-0.3949631999999994,"5,485.03",432.57,8.56,2026-04-01 15:07:25
155,반도체 대표주(생산),11.21,000990,DB하이텍,테마 편입 사유,86100.0,"상승  7,600",9.68,86100.0,86200.0,337975.0,28410.0,366515.0,,,1.35572,-0.3949631999999994,"5,485.03",432.57,8.56,2026-04-01 15:07:25
173,IT 대표주,7.39,005930,삼성전자,테마 편입 사유,189000.0,"상승  21,800",13.04,190600.0,190700.0,28450460.0,5233708.0,38659593.0,,,0.903146,-0.34092976000000075,"5,485.03",432.57,8.56,2026-04-01 15:07:25
173,IT 대표주,7.39,000660,SK하이닉스,테마 편입 사유,895000.0,"상승  88,000",10.9,902000.0,903000.0,4641589.0,4085157.0,7194351.0,,,0.903146,-0.34092976000000075,"5,485.03",432.57,8.56,2026-04-01 15:07:25
173,IT 대표주,7.39,066570,LG전자,테마 편입 사유,112200.0,"상승  6,600",6.25,112700.0,112800.0,604018.0,67530.0,759539.0,,,0.903146,-0.34092976000000075,"5,485.03",432.57,8.56,2026-04-01 15:07:25
173,IT 대표주,7.39,006400,삼성SDI,테마 편입 사유,430500.0,"상승  22,500",5.51,433000.0,433500.0,703687.0,298917.0,1110671.0,,,0.903146,-0.34092976000000075,"5,485.03",432.57,8.56,2026-04-01 15:07:25
173,IT 대표주,7.39,034220,LG디스플레이,테마 편입 사유,11360.0,상승  510,4.7,11390.0,11400.0,2952637.0,33324.0,3555691.0,,,0.903146,-0.34092976000000075,"5,485.03",432.57,8.56,2026-04-01 15:07:25
173,IT 대표주,7.39,018260,삼성에스디에스,테마 편입 사유,156000.0,"상승  5,900",3.93,155600.0,155700.0,146619.0,22651.0,201404.0,,,0.903146,-0.34092976000000075,"5,485.03",432.57,8.56,2026-04-01 15:07:25
284,기업인수목적회사(SPAC),0.16,0130D0,신한제17호스팩 *,테마 편입 사유,2115.0,상승  115,5.75,2545.0,2550.0,64179373.0,297126.0,0.0,,,0.053159,-0.29504104,"5,485.03",432.57,8.56,2026-04-01 15:07:25
284,기업인수목적회사(SPAC),0.16,477470,미래에셋비전스팩5호 *,테마 편입 사유,2130.0,상승  30,1.43,2105.0,2130.0,367.0,1.0,2093.0,,,0.053159,-0.29504104,"5,485.03",432.57,8.56,2026-04-01 15:07:25
284,기업인수목적회사(SPAC),0.16,481890,엔에이치스팩31호 *,테마 편입 사유,2120.0,상승  20,0.95,2105.0,2120.0,188.0,0.0,33091.0,,,0.053159,-0.29504104,"5,485.03",432.57,8.56,2026-04-01 15:07:25
284,기업인수목적회사(SPAC),0.16,0004Y0,디비금융제14호스팩 *,테마 편입 사유,2095.0,상승  15,0.72,2075.0,2080.0,12418.0,26.0,1238.0,,,0.053159,-0.29504104,"5,485.03",432.57,8.56,2026-04-01 15:07:25
284,기업인수목적회사(SPAC),0.16,466910,엔에이치스팩30호 *,테마 편입 사유,4590.0,상승  30,0.66,4630.0,4635.0,228346.0,1037.0,247335.0,,,0.053159,-0.29504104,"5,485.03",432.57,8.56,2026-04-01 15:07:25
284,기업인수목적회사(SPAC),0.16,473950,에스케이증권제13호스팩 *,테마 편입 사유,2032.0,상승  12,0.59,2025.0,2035.0,28402.0,57.0,6182.0,,,0.053159,-0.29504104,"5,485.03",432.57,8.56,2026-04-01 15:07:25
284,기업인수목적회사(SPAC),0.16,474490,유안타제16호스팩 *,테마 편입 사유,2050.0,상승  10,0.49,2040.0,2050.0,251.0,1.0,6387.0,,,0.053159,-0.29504104,"5,485.03",432.57,8.56,2026-04-01 15:07:25
284,기업인수목적회사(SPAC),0.16,471050,대신밸런스제17호스팩 *,테마 편입 사유,2125.0,상승  10,0.47,2120.0,2125.0,10520.0,22.0,6904.0,,,0.053159,-0.29504104,"5,485.03",432.57,8.56,2026-04-01 15:07:25
284,기업인수목적회사(SPAC),0.16,482690,대신밸런스제19호스팩 *,테마 편입 사유,2135.0,상승  10,0.47,2135.0,2150.0,66002.0,141.0,19622.0,,,0.053159,-0.29504104,"5,485.03",432.57,8.56,2026-04-01 15:07:25
284,기업인수목적회사(SPAC),0.16,469480,IBKS제24호스팩 *,테마 편입 사유,2210.0,상승  10,0.45,2200.0,2215.0,15552.0,34.0,3486.0,,,0.053159,-0.29504104,"5,485.03",432.57,8.56,2026-04-01 15:07:25
284,기업인수목적회사(SPAC),0.16,0041L0,하나35호스팩 *,테마 편입 사유,2010.0,상승  5,0.25,2005.0,2010.0,6577.0,13.0,409.0,,,0.053159,-0.29504104,"5,485.03",432.57,8.56,2026-04-01 15:07:25
284,기업인수목적회사(SPAC),0.16,0071M0,삼성스팩11호 *,테마 편입 사유,2020.0,상승  5,0.25,2020.0,2025.0,2308.0,5.0,4448.0,,,0.053159,-0.29504104,"5,485.03",432.57,8.56,2026-04-01 15:07:25
284,기업인수목적회사(SPAC),0.16,0072Z0,KB제33호스팩 *,테마 편입 사유,2005.0,상승  5,0.25,2005.0,2010.0,17793.0,36.0,21887.0,,,0.053159,-0.29504104,"5,485.03",432.57,8.56,2026-04-01 15:07:25
284,기업인수목적회사(SPAC),0.16,0093G0,미래에셋비전스팩8호 *,테마 편입 사유,2005.0,상승  5,0.25,2000.0,2005.0,3246.0,6.0,1943.0,,,0.053159,-0.29504104,"5,485.03",432.57,8.56,2026-04-01 15:07:25
284,기업인수목적회사(SPAC),0.16,0096B0,삼성스팩12호 *,테마 편입 사유,2010.0,상승  5,0.25,2005.0,2010.0,20133.0,40.0,21419.0,,,0.053159,-0.29504104,"5,485.03",432.57,8.56,2026-04-01 15:07:25
284,기업인수목적회사(SPAC),0.16,477340,에이치엠씨제7호스팩 *,테마 편입 사유,2030.0,상승  5,0.25,2025.0,2030.0,209.0,0.0,2402.0,,,0.053159,-0.29504104,"5,485.03",432.57,8.56,2026-04-01 15:07:25
284,기업인수목적회사(SPAC),0.16,493790,유안타제17호스팩 *,테마 편입 사유,2010.0,상승  5,0.25,2010.0,2015.0,720.0,1.0,425.0,,,0.053159,-0.29504104,"5,485.03",432.57,8.56,2026-04-01 15:07:25
284,기업인수목적회사(SPAC),0.16,468760,유진스팩10호 *,테마 편입 사유,2095.0,상승  5,0.24,2090.0,2095.0,5856.0,12.0,2853.0,,,0.053159,-0.29504104,"5,485.03",432.57,8.56,2026-04-01 15:07:25
284,기업인수목적회사(SPAC),0.16,462020,에이치엠씨제6호스팩 *,테마 편입 사유,2090.0,상승  5,0.24,2090.0,2095.0,20574.0,43.0,37235.0,,,0.053159,-0.29504104,"5,485.03",432.57,8.56,2026-04-01 15:07:25
284,기업인수목적회사(SPAC),0.16,473050,유안타제15호스팩 *,테마 편입 사유,2060.0,상승  5,0.24,2055.0,2060.0,9439.0,19.0,33.0,,,0.053159,-0.29504104,"5,485.03",432.57,8.56,2026-04-01 15:07:25
284,기업인수목적회사(SPAC),0.16,488060,유진스팩11호 *,테마 편입 사유,2055.0,상승  5,0.24,2035.0,2055.0,113.0,0.0,176.0,,,0.053159,-0.29504104,"5,485.03",432.57,8.56,2026-04-01 15:07:25
284,기업인수목적회사(SPAC),0.16,489210,교보17호스팩 *,테마 편입 사유,2120.0,상승  5,0.24,2115.0,2120.0,712.0,2.0,186.0,,,0.053159,-0.29504104,"5,485.03",432.57,8.56,2026-04-01 15:07:25
284,기업인수목적회사(SPAC),0.16,0044K0,삼성스팩10호 *,테마 편입 사유,2055.0,상승  5,0.24,2050.0,2055.0,55483.0,114.0,5038.0,,,0.053159,-0.29504104,"5,485.03",432.57,8.56,2026-04-01 15:07:25
284,기업인수목적회사(SPAC),0.16,0098T0,교보19호스팩 *,테마 편입 사유,2055.0,상승  5,0.24,2050.0,2060.0,2053.0,4.0,17875.0,,,0.053159,-0.29504104,"5,485.03",432.57,8.56,2026-04-01 15:07:25
284,기업인수목적회사(SPAC),0.16,467930,IBKS제23호스팩 *,테마 편입 사유,2215.0,상승  5,0.23,2210.0,2215.0,11259.0,25.0,23994.0,,,0.053159,-0.29504104,"5,485.03",432.57,8.56,2026-04-01 15:07:25
284,기업인수목적회사(SPAC),0.16,451700,엔에이치스팩29호 *,테마 편입 사유,2280.0,상승  5,0.22,2280.0,2285.0,83272.0,189.0,202697.0,,,0.053159,-0.29504104,"5,485.03",432.57,8.56,2026-04-01 15:07:25
284,기업인수목적회사(SPAC),0.16,0130H0,엔에이치스팩33호 *,테마 편입 사유,2000.0,상승  4,0.2,2000.0,2005.0,1307374.0,2610.0,3073095.0,,,0.053159,-0.29504104,"5,485.03",432.57,8.56,2026-04-01 15:07:25
284,기업인수목적회사(SPAC),0.16,0096D0,미래에셋비전스팩9호 *,테마 편입 사유,2000.0,상승  3,0.15,2000.0,2005.0,1226.0,2.0,5631.0,,,0.053159,-0.29504104,"5,485.03",432.57,8.56,2026-04-01 15:07:25
284,기업인수목적회사(SPAC),0.16,478110,이베스트스팩6호 *,테마 편입 사유,2027.0,상승  2,0.1,2025.0,2030.0,1277.0,3.0,62.0,,,0.053159,-0.29504104,"5,485.03",432.57,8.56,2026-04-01 15:07:25
284,기업인수목적회사(SPAC),0.16,455310,한화플러스제4호스팩 *,테마 편입 사유,2097.0,상승  2,0.1,2095.0,2100.0,37918.0,80.0,80156.0,,,0.053159,-0.29504104,"5,485.03",432.57,8.56,2026-04-01 15:07:25
284,기업인수목적회사(SPAC),0.16,452980,신한제11호스팩 *,테마 편입 사유,2097.0,상승  2,0.1,2095.0,2100.0,161005.0,338.0,66947.0,,,0.053159,-0.29504104,"5,485.03",432.57,8.56,2026-04-01 15:07:25
284,기업인수목적회사(SPAC),0.16,472220,신영스팩10호 *,테마 편입 사유,2167.0,상승  2,0.09,2165.0,2170.0,2822.0,6.0,23278.0,,,0.053159,-0.29504104,"5,485.03",432.57,8.56,2026-04-01 15:07:25
284,기업인수목적회사(SPAC),0.16,496070,신한제16호스팩 *,테마 편입 사유,2035.0,보합0,0.0,2025.0,2035.0,17587.0,36.0,5646.0,,,0.053159,-0.29504104,"5,485.03",432.57,8.56,2026-04-01 15:07:25
284,기업인수목적회사(SPAC),0.16,492220,KB제31호스팩 *,테마 편입 사유,2065.0,보합0,0.0,2060.0,2065.0,15264.0,31.0,33810.0,,,0.053159,-0.29504104,"5,485.03",432.57,8.56,2026-04-01 15:07:25
284,기업인수목적회사(SPAC),0.16,474660,신한제12호스팩 *,테마 편입 사유,2055.0,보합0,0.0,2055.0,2060.0,15474.0,32.0,6443.0,,,0.053159,-0.29504104,"5,485.03",432.57,8.56,2026-04-01 15:07:25
284,기업인수목적회사(SPAC),0.16,473370,비엔케이제2호스팩 *,테마 편입 사유,2765.0,보합0,0.0,0.0,0.0,0.0,0.0,0.0,,,0.053159,-0.29504104,"5,485.03",432.57,8.56,2026-04-01 15:07:25
284,기업인수목적회사(SPAC),0.16,478390,KB제29호스팩 *,테마 편입 사유,2070.0,보합0,0.0,2070.0,2075.0,20643.0,43.0,19572.0,,,0.053159,-0.29504104,"5,485.03",432.57,8.56,2026-04-01 15:07:25
284,기업인수목적회사(SPAC),0.16,0037T0,KB제32호스팩 *,테마 편입 사유,2020.0,보합0,0.0,2015.0,2020.0,2362.0,5.0,24783.0,,,0.053159,-0.29504104,"5,485.03",432.57,8.56,2026-04-01 15:07:25
284,기업인수목적회사(SPAC),0.16,487720,키움제10호스팩 *,테마 편입 사유,2075.0,보합0,0.0,2060.0,2075.0,131.0,0.0,10427.0,,,0.053159,-0.29504104,"5,485.03",432.57,8.56,2026-04-01 15:07:25
284,기업인수목적회사(SPAC),0.16,474930,신한제13호스팩 *,테마 편입 사유,2120.0,보합0,0.0,2110.0,2120.0,216.0,0.0,2684.0,,,0.053159,-0.29504104,"5,485.03",432.57,8.56,2026-04-01 15:07:25
284,기업인수목적회사(SPAC),0.16,475240,하나32호스팩 *,테마 편입 사유,2115.0,보합0,0.0,2115.0,2120.0,4337.0,9.0,2266.0,,,0.053159,-0.29504104,"5,485.03",432.57,8.56,2026-04-01 15:07:25
284,기업인수목적회사(SPAC),0.16,475250,하나33호스팩 *,테마 편입 사유,2100.0,보합0,0.0,2100.0,2105.0,27304.0,57.0,349.0,,,0.053159,-0.29504104,"5,485.03",432.57,8.56,2026-04-01 15:07:25
284,기업인수목적회사(SPAC),0.16,477380,미래에셋비전스팩4호 *,테마 편입 사유,2075.0,보합0,0.0,2065.0,2075.0,1567.0,3.0,4939.0,,,0.053159,-0.29504104,"5,485.03",432.57,8.56,2026-04-01 15:07:25
284,기업인수목적회사(SPAC),0.16,482520,교보16호스팩 *,테마 편입 사유,2095.0,보합0,0.0,0.0,0.0,0.0,0.0,0.0,,,0.053159,-0.29504104,"5,485.03",432.57,8.56,2026-04-01 15:07:25
284,기업인수목적회사(SPAC),0.16,477760,DB금융스팩12호 *,테마 편입 사유,2230.0,보합0,0.0,0.0,0.0,0.0,0.0,0.0,,,0.053159,-0.29504104,"5,485.03",432.57,8.56,2026-04-01 15:07:25
284,기업인수목적회사(SPAC),0.16,479880,한국제15호스팩 *,테마 편입 사유,2060.0,보합0,0.0,2050.0,2060.0,9015.0,18.0,2054.0,,,0.053159,-0.29504104,"5,485.03",432.57,8.56,2026-04-01 15:07:25
284,기업인수목적회사(SPAC),0.16,0097F0,미래에셋비전스팩10호 *,테마 편입 사유,2000.0,보합0,0.0,2000.0,2005.0,13100.0,26.0,2755.0,,,0.053159,-0.29504104,"5,485.03",432.57,8.56,2026-04-01 15:07:25
284,기업인수목적회사(SPAC),0.16,0099W0,미래에셋비전스팩11호 *,테마 편입 사유,2005.0,보합0,0.0,2000.0,2005.0,4003.0,8.0,3652.0,,,0.053159,-0.29504104,"5,485.03",432.57,8.56,2026-04-01 15:07:25
284,기업인수목적회사(SPAC),0.16,469880,하나30호스팩 *,테마 편입 사유,2080.0,보합0,0.0,2075.0,2080.0,13094.0,27.0,22235.0,,,0.053159,-0.29504104,"5,485.03",432.57,8.56,2026-04-01 15:07:25
284,기업인수목적회사(SPAC),0.16,466690,키움히어로제1호스팩 *,테마 편입 사유,2040.0,보합0,0.0,2040.0,2045.0,1580.0,3.0,28030.0,,,0.053159,-0.29504104,"5,485.03",432.57,8.56,2026-04-01 15:07:25
284,기업인수목적회사(SPAC),0.16,465320,교보15호스팩 *,테마 편입 사유,2335.0,보합0,0.0,0.0,0.0,0.0,0.0,0.0,,,0.053159,-0.29504104,"5,485.03",432.57,8.56,2026-04-01 15:07:25
284,기업인수목적회사(SPAC),0.16,464680,KB제27호스팩 *,테마 편입 사유,2085.0,보합0,0.0,2085.0,2090.0,7913.0,17.0,3091.0,,,0.053159,-0.29504104,"5,485.03",432.57,8.56,2026-04-01 15:07:25
284,기업인수목적회사(SPAC),0.16,464440,한국제13호스팩 *,테마 편입 사유,2090.0,보합0,0.0,2085.0,2090.0,338.0,1.0,21376.0,,,0.053159,-0.29504104,"5,485.03",432.57,8.56,2026-04-01 15:07:25
284,기업인수목적회사(SPAC),0.16,0099X0,IBKS제25호스팩 *,테마 편입 사유,2185.0,보합0,0.0,2185.0,2190.0,72098.0,158.0,26234.0,,,0.053159,-0.29504104,"5,485.03",432.57,8.56,2026-04-01 15:07:25
284,기업인수목적회사(SPAC),0.16,0101C0,하나36호스팩 *,테마 편입 사유,2000.0,보합0,0.0,2005.0,2010.0,7065.0,14.0,25067.0,,,0.053159,-0.29504104,"5,485.03",432.57,8.56,2026-04-01 15:07:25
284,기업인수목적회사(SPAC),0.16,444920,유안타제11호스팩 *,테마 편입 사유,2100.0,보합0,0.0,2100.0,2105.0,35549.0,75.0,60982.0,,,0.053159,-0.29504104,"5,485.03",432.57,8.56,2026-04-01 15:07:25
284,기업인수목적회사(SPAC),0.16,0091W0,신영스팩11호 *,테마 편입 사유,2060.0,보합0,0.0,2055.0,2060.0,20939.0,43.0,29370.0,,,0.053159,-0.29504104,"5,485.03",432.57,8.56,2026-04-01 15:07:25
284,기업인수목적회사(SPAC),0.16,452670,상상인제4호스팩 *,테마 편입 사유,2097.0,하락  3,-0.14,2095.0,2100.0,26997.0,57.0,55991.0,,,0.053159,-0.29504104,"5,485.03",432.57,8.56,2026-04-01 15:07:25
284,기업인수목적회사(SPAC),0.16,457630,대신밸런스제16호스팩 *,테마 편입 사유,2097.0,하락  3,-0.14,2095.0,2100.0,4390.0,9.0,67596.0,,,0.053159,-0.29504104,"5,485.03",432.57,8.56,2026-04-01 15:07:25
284,기업인수목적회사(SPAC),0.16,487830,신한제15호스팩 *,테마 편입 사유,2070.0,하락  5,-0.24,2065.0,2070.0,4712.0,10.0,5738.0,,,0.053159,-0.29504104,"5,485.03",432.57,8.56,2026-04-01 15:07:25
284,기업인수목적회사(SPAC),0.16,489480,키움제11호스팩 *,테마 편입 사유,2050.0,하락  5,-0.24,2050.0,2055.0,3136.0,6.0,808.0,,,0.053159,-0.29504104,"5,485.03",432.57,8.56,2026-04-01 15:07:25
284,기업인수목적회사(SPAC),0.16,472230,에스케이증권제11호스팩 *,테마 편입 사유,2055.0,하락  5,-0.24,2055.0,2060.0,1170.0,2.0,1849.0,,,0.053159,-0.29504104,"5,485.03",432.57,8.56,2026-04-01 15:07:25
284,기업인수목적회사(SPAC),0.16,489730,디비금융제13호스팩 *,테마 편입 사유,2080.0,하락  5,-0.24,2080.0,2085.0,3093.0,6.0,56732.0,,,0.053159,-0.29504104,"5,485.03",432.57,8.56,2026-04-01 15:07:25
284,기업인수목적회사(SPAC),0.16,0041B0,교보18호스팩 *,테마 편입 사유,2070.0,하락  5,-0.24,2070.0,2080.0,14296.0,30.0,5259.0,,,0.053159,-0.29504104,"5,485.03",432.57,8.56,2026-04-01 15:07:25
284,기업인수목적회사(SPAC),0.16,469900,하나31호스팩 *,테마 편입 사유,2070.0,하락  5,-0.24,2070.0,2075.0,10209.0,21.0,20006.0,,,0.053159,-0.29504104,"5,485.03",432.57,8.56,2026-04-01 15:07:25
284,기업인수목적회사(SPAC),0.16,473000,에스케이증권제12호스팩 *,테마 편입 사유,2055.0,하락  5,-0.24,2055.0,2060.0,738.0,2.0,1135.0,,,0.053159,-0.29504104,"5,485.03",432.57,8.56,2026-04-01 15:07:25
284,기업인수목적회사(SPAC),0.16,482680,미래에셋비전스팩7호 *,테마 편입 사유,2035.0,하락  5,-0.25,2035.0,2040.0,100.0,0.0,17222.0,,,0.053159,-0.29504104,"5,485.03",432.57,8.56,2026-04-01 15:07:25
284,기업인수목적회사(SPAC),0.16,0105P0,유진스팩12호 *,테마 편입 사유,2005.0,하락  5,-0.25,2005.0,2010.0,3920.0,8.0,6871.0,,,0.053159,-0.29504104,"5,485.03",432.57,8.56,2026-04-01 15:07:25
284,기업인수목적회사(SPAC),0.16,0068Y0,비엔케이제3호스팩 *,테마 편입 사유,2010.0,하락  5,-0.25,2010.0,2015.0,2186.0,4.0,172.0,,,0.053159,-0.29504104,"5,485.03",432.57,8.56,2026-04-01 15:07:25
284,기업인수목적회사(SPAC),0.16,0115H0,삼성스팩13호 *,테마 편입 사유,2015.0,하락  5,-0.25,2015.0,2020.0,51786.0,104.0,116104.0,,,0.053159,-0.29504104,"5,485.03",432.57,8.56,2026-04-01 15:07:25
284,기업인수목적회사(SPAC),0.16,0041J0,엘에스스팩1호 *,테마 편입 사유,2010.0,하락  5,-0.25,2010.0,2015.0,18245.0,37.0,22192.0,,,0.053159,-0.29504104,"5,485.03",432.57,8.56,2026-04-01 15:07:25
284,기업인수목적회사(SPAC),0.16,498390,한화플러스제5호스팩 *,테마 편입 사유,2020.0,하락  5,-0.25,2020.0,2030.0,3531.0,7.0,2382.0,,,0.053159,-0.29504104,"5,485.03",432.57,8.56,2026-04-01 15:07:25
284,기업인수목적회사(SPAC),0.16,0088D0,메리츠제1호스팩 *,테마 편입 사유,2200.0,하락  10,-0.45,2200.0,2215.0,11532.0,26.0,23484.0,,,0.053159,-0.29504104,"5,485.03",432.57,8.56,2026-04-01 15:07:25
284,기업인수목적회사(SPAC),0.16,486630,KB제30호스팩 *,테마 편입 사유,2075.0,하락  10,-0.48,2075.0,2085.0,12114.0,25.0,10568.0,,,0.053159,-0.29504104,"5,485.03",432.57,8.56,2026-04-01 15:07:25
284,기업인수목적회사(SPAC),0.16,487360,신한제14호스팩 *,테마 편입 사유,2060.0,하락  10,-0.48,2050.0,2065.0,3618.0,7.0,7201.0,,,0.053159,-0.29504104,"5,485.03",432.57,8.56,2026-04-01 15:07:25
284,기업인수목적회사(SPAC),0.16,478440,미래에셋비전스팩6호 *,테마 편입 사유,2065.0,하락  10,-0.48,2060.0,2065.0,6171.0,13.0,5284.0,,,0.053159,-0.29504104,"5,485.03",432.57,8.56,2026-04-01 15:07:25
284,기업인수목적회사(SPAC),0.16,484130,하나34호스팩 *,테마 편입 사유,2065.0,하락  15,-0.72,2065.0,2075.0,194.0,0.0,5531.0,,,0.053159,-0.29504104,"5,485.03",432.57,8.56,2026-04-01 15:07:25
284,기업인수목적회사(SPAC),0.16,0054V0,엔에이치스팩32호 *,테마 편입 사유,2040.0,하락  15,-0.73,2040.0,2050.0,3628.0,7.0,10022.0,,,0.053159,-0.29504104,"5,485.03",432.57,8.56,2026-04-01 15:07:25
592,부동산 보유 자산주,4.0,084670,동양고속,테마 편입 사유,42400.0,"상승  3,250",8.3,39200.0,39700.0,28479.0,1188.0,21436.0,,,0.5,-0.28000000000000025,"5,485.03",432.57,8.56,2026-04-01 15:07:25
592,부동산 보유 자산주,4.0,009070,KCTC,테마 편입 사유,6100.0,상승  400,7.02,6020.0,6040.0,217420.0,1297.0,434231.0,,,0.5,-0.28000000000000025,"5,485.03",432.57,8.56,2026-04-01 15:07:25
592,부동산 보유 자산주,4.0,003380,하림지주 *,테마 편입 사유,14420.0,상승  870,6.42,14440.0,14450.0,815461.0,11553.0,1555122.0,,,0.5,-0.28000000000000025,"5,485.03",432.57,8.56,2026-04-01 15:07:25
592,부동산 보유 자산주,4.0,003200,일신방직,테마 편입 사유,11970.0,상승  690,6.12,11910.0,11930.0,33045.0,390.0,33837.0,,,0.5,-0.28000000000000025,"5,485.03",432.57,8.56,2026-04-01 15:07:25
592,부동산 보유 자산주,4.0,067830,세이브존I&C,테마 편입 사유,3090.0,상승  160,5.46,3065.0,3075.0,58637.0,177.0,53661.0,,,0.5,-0.28000000000000025,"5,485.03",432.57,8.56,2026-04-01 15:07:25
592,부동산 보유 자산주,4.0,004170,신세계,테마 편입 사유,316500.0,"상승  16,000",5.32,315000.0,316500.0,49723.0,15412.0,73999.0,,,0.5,-0.28000000000000025,"5,485.03",432.57,8.56,2026-04-01 15:07:25
592,부동산 보유 자산주,4.0,006730,서부T&D *,테마 편입 사유,13730.0,상승  690,5.29,13750.0,13760.0,691095.0,9235.0,462737.0,,,0.5,-0.28000000000000025,"5,485.03",432.57,8.56,2026-04-01 15:07:25
592,부동산 보유 자산주,4.0,000050,경방,테마 편입 사유,9440.0,상승  420,4.66,9440.0,9450.0,59268.0,553.0,86155.0,,,0.5,-0.28000000000000025,"5,485.03",432.57,8.56,2026-04-01 15:07:25
592,부동산 보유 자산주,4.0,029530,신도리코,테마 편입 사유,51600.0,"상승  2,250",4.56,51500.0,51600.0,5227.0,266.0,4704.0,,,0.5,-0.28000000000000025,"5,485.03",432.57,8.56,2026-04-01 15:07:25
592,부동산 보유 자산주,4.0,038500,삼표시멘트 *,테마 편입 사유,15470.0,상승  670,4.53,15450.0,15460.0,2547350.0,39645.0,11615645.0,,,0.5,-0.28000000000000025,"5,485.03",432.57,8.56,2026-04-01 15:07:25
592,부동산 보유 자산주,4.0,294870,HDC현대산업개발,테마 편입 사유,21350.0,상승  900,4.4,21400.0,21450.0,269846.0,5737.0,234787.0,,,0.5,-0.28000000000000025,"5,485.03",432.57,8.56,2026-04-01 15:07:25
592,부동산 보유 자산주,4.0,010780,아이에스동서,테마 편입 사유,26750.0,"상승  1,100",4.29,26500.0,26650.0,99023.0,2596.0,138744.0,,,0.5,-0.28000000000000025,"5,485.03",432.57,8.56,2026-04-01 15:07:25
592,부동산 보유 자산주,4.0,000650,천일고속,테마 편입 사유,217000.0,"상승  8,500",4.08,217000.0,219000.0,2063.0,444.0,3220.0,,,0.5,-0.28000000000000025,"5,485.03",432.57,8.56,2026-04-01 15:07:25
592,부동산 보유 자산주,4.0,006040,동원산업,테마 편입 사유,39400.0,"상승  1,500",3.96,39100.0,39150.0,43259.0,1681.0,38290.0,,,0.5,-0.28000000000000025,"5,485.03",432.57,8.56,2026-04-01 15:07:25
592,부동산 보유 자산주,4.0,001460,BYC,테마 편입 사유,47750.0,"상승  1,750",3.8,47550.0,47700.0,6070.0,286.0,9424.0,,,0.5,-0.28000000000000025,"5,485.03",432.57,8.56,2026-04-01 15:07:25
592,부동산 보유 자산주,4.0,128820,대성산업,테마 편입 사유,6870.0,상승  240,3.62,6780.0,6790.0,651837.0,4373.0,1679274.0,,,0.5,-0.28000000000000025,"5,485.03",432.57,8.56,2026-04-01 15:07:25
592,부동산 보유 자산주,4.0,005300,롯데칠성,테마 편입 사유,117500.0,"상승  3,500",3.07,117300.0,117400.0,15393.0,1787.0,19195.0,,,0.5,-0.28000000000000025,"5,485.03",432.57,8.56,2026-04-01 15:07:25
592,부동산 보유 자산주,4.0,004060,SG세계물산,테마 편입 사유,526.0,상승  15,2.94,524.0,526.0,1981939.0,1041.0,2496024.0,,,0.5,-0.28000000000000025,"5,485.03",432.57,8.56,2026-04-01 15:07:25
592,부동산 보유 자산주,4.0,139480,이마트,테마 편입 사유,97500.0,"상승  1,800",1.88,97200.0,97300.0,175769.0,16873.0,243930.0,,,0.5,-0.28000000000000025,"5,485.03",432.57,8.56,2026-04-01 15:07:25
592,부동산 보유 자산주,4.0,003610,방림,테마 편입 사유,5090.0,상승  30,0.59,5060.0,5090.0,136977.0,691.0,105484.0,,,0.5,-0.28000000000000025,"5,485.03",432.57,8.56,2026-04-01 15:07:25
592,부동산 보유 자산주,4.0,005800,신영와코루,테마 편입 사유,15420.0,상승  10,0.06,15490.0,15510.0,7756.0,119.0,5351.0,,,0.5,-0.28000000000000025,"5,485.03",432.57,8.56,2026-04-01 15:07:25
592,부동산 보유 자산주,4.0,001530,DI동일,테마 편입 사유,21550.0,하락  100,-0.46,21550.0,21600.0,46347.0,989.0,110171.0,,,0.5,-0.28000000000000025,"5,485.03",432.57,8.56,2026-04-01 15:07:25
488,웹툰,4.05,020120,키다리스튜디오,테마 편입 사유,3320.0,상승  235,7.62,3340.0,3345.0,202472.0,659.0,135866.0,,,0.504862,-0.2716187200000011,"5,485.03",432.57,8.56,2026-04-01 15:07:25
488,웹툰,4.05,239340,이스트에이드 *,테마 편입 사유,1389.0,상승  89,6.85,1378.0,1384.0,26090.0,36.0,33629.0,,,0.504862,-0.2716187200000011,"5,485.03",432.57,8.56,2026-04-01 15:07:25
488,웹툰,4.05,035720,카카오,테마 편입 사유,48400.0,"상승  2,600",5.68,48350.0,48400.0,1128517.0,53779.0,1706215.0,,,0.504862,-0.2716187200000011,"5,485.03",432.57,8.56,2026-04-01 15:07:25
488,웹툰,4.05,067000,조이시티 *,테마 편입 사유,2445.0,상승  125,5.39,2385.0,2390.0,298610.0,719.0,574911.0,,,0.504862,-0.2716187200000011,"5,485.03",432.57,8.56,2026-04-01 15:07:25
488,웹툰,4.05,035420,NAVER,테마 편입 사유,211000.0,"상승  9,500",4.71,210500.0,211000.0,493462.0,103056.0,890860.0,,,0.504862,-0.2716187200000011,"5,485.03",432.57,8.56,2026-04-01 15:07:25
488,웹툰,4.05,201490,미투온 *,테마 편입 사유,2965.0,상승  125,4.4,2950.0,2960.0,221601.0,648.0,202824.0,,,0.504862,-0.2716187200000011,"5,485.03",432.57,8.56,2026-04-01 15:07:25
488,웹툰,4.05,207760,미스터블루 *,테마 편입 사유,1025.0,상승  38,3.85,1023.0,1025.0,186356.0,190.0,316846.0,,,0.504862,-0.2716187200000011,"5,485.03",432.57,8.56,2026-04-01 15:07:25
488,웹툰,4.05,417180,핑거스토리 *,테마 편입 사유,1563.0,상승  58,3.85,1562.0,1564.0,67654.0,104.0,56044.0,,,0.504862,-0.2716187200000011,"5,485.03",432.57,8.56,2026-04-01 15:07:25
488,웹툰,4.05,263720,디앤씨미디어 *,테마 편입 사유,11860.0,상승  410,3.58,11810.0,11820.0,19216.0,225.0,15380.0,,,0.504862,-0.2716187200000011,"5,485.03",432.57,8.56,2026-04-01 15:07:25
488,웹툰,4.05,432430,와이랩 *,테마 편입 사유,3240.0,상승  105,3.35,3195.0,3250.0,9563.0,30.0,22158.0,,,0.504862,-0.2716187200000011,"5,485.03",432.57,8.56,2026-04-01 15:07:25
488,웹툰,4.05,181710,NHN,테마 편입 사유,38850.0,"상승  1,250",3.32,39050.0,39100.0,67246.0,2589.0,117036.0,,,0.504862,-0.2716187200000011,"5,485.03",432.57,8.56,2026-04-01 15:07:25
488,웹툰,4.05,048910,대원미디어 *,테마 편입 사유,7490.0,상승  240,3.31,7450.0,7470.0,36541.0,271.0,35853.0,,,0.504862,-0.2716187200000011,"5,485.03",432.57,8.56,2026-04-01 15:07:25
488,웹툰,4.05,084180,수성웹툰 *,테마 편입 사유,1659.0,상승  40,2.47,1650.0,1654.0,54764.0,90.0,40565.0,,,0.504862,-0.2716187200000011,"5,485.03",432.57,8.56,2026-04-01 15:07:25
488,웹툰,4.05,236810,엔비티 *,테마 편입 사유,1840.0,상승  40,2.22,1829.0,1839.0,24851.0,45.0,32102.0,,,0.504862,-0.2716187200000011,"5,485.03",432.57,8.56,2026-04-01 15:07:25
488,웹툰,4.05,134580,탑코미디어 *,테마 편입 사유,1675.0,하락  32,-1.87,1672.0,1680.0,50810.0,85.0,43244.0,,,0.504862,-0.2716187200000011,"5,485.03",432.57,8.56,2026-04-01 15:07:25
94,조선기자재,5.25,217590,티엠씨,테마 편입 사유,21450.0,"상승  2,710",14.46,21600.0,21650.0,1095715.0,23298.0,434744.0,,,0.644782,-0.2693339200000002,"5,485.03",432.57,8.56,2026-04-01 15:07:25
94,조선기자재,5.25,413630,씨피시스템 *,테마 편입 사유,3700.0,상승  345,10.28,3685.0,3700.0,1840557.0,6952.0,177557.0,,,0.644782,-0.2693339200000002,"5,485.03",432.57,8.56,2026-04-01 15:07:25
94,조선기자재,5.25,054540,삼영엠텍 *,테마 편입 사유,11450.0,상승  970,9.26,11500.0,11510.0,136692.0,1536.0,161260.0,,,0.644782,-0.2693339200000002,"5,485.03",432.57,8.56,2026-04-01 15:07:25
94,조선기자재,5.25,100090,SK오션플랜트,테마 편입 사유,29250.0,"상승  2,400",8.94,28900.0,28950.0,6465351.0,190597.0,1711228.0,,,0.644782,-0.2693339200000002,"5,485.03",432.57,8.56,2026-04-01 15:07:25
94,조선기자재,5.25,075580,세진중공업,테마 편입 사유,16900.0,"상승  1,380",8.89,16910.0,16920.0,206486.0,3398.0,295713.0,,,0.644782,-0.2693339200000002,"5,485.03",432.57,8.56,2026-04-01 15:07:25
94,조선기자재,5.25,012210,삼미금속 *,테마 편입 사유,14260.0,"상승  1,120",8.52,14350.0,14360.0,2138708.0,31427.0,1686794.0,,,0.644782,-0.2693339200000002,"5,485.03",432.57,8.56,2026-04-01 15:07:25
94,조선기자재,5.25,333430,일승 *,테마 편입 사유,5470.0,상승  400,7.89,5420.0,5440.0,180469.0,966.0,191289.0,,,0.644782,-0.2693339200000002,"5,485.03",432.57,8.56,2026-04-01 15:07:25
94,조선기자재,5.25,014940,오리엔탈정공 *,테마 편입 사유,6590.0,상승  480,7.86,6570.0,6580.0,144073.0,930.0,126988.0,,,0.644782,-0.2693339200000002,"5,485.03",432.57,8.56,2026-04-01 15:07:25
94,조선기자재,5.25,064820,케이프 *,테마 편입 사유,10580.0,상승  770,7.85,10510.0,10540.0,77130.0,799.0,88693.0,,,0.644782,-0.2693339200000002,"5,485.03",432.57,8.56,2026-04-01 15:07:25
94,조선기자재,5.25,033500,동성화인텍 *,테마 편입 사유,24950.0,"상승  1,800",7.78,25000.0,25050.0,261186.0,6423.0,435799.0,,,0.644782,-0.2693339200000002,"5,485.03",432.57,8.56,2026-04-01 15:07:25
94,조선기자재,5.25,382900,범한퓨얼셀 *,테마 편입 사유,27600.0,"상승  1,850",7.18,27450.0,27550.0,50258.0,1376.0,65029.0,,,0.644782,-0.2693339200000002,"5,485.03",432.57,8.56,2026-04-01 15:07:25
94,조선기자재,5.25,092460,한라IMS *,테마 편입 사유,15300.0,상승  980,6.84,15250.0,15290.0,52302.0,785.0,41956.0,,,0.644782,-0.2693339200000002,"5,485.03",432.57,8.56,2026-04-01 15:07:25
94,조선기자재,5.25,073010,케이에스피 *,테마 편입 사유,3480.0,상승  215,6.58,3475.0,3485.0,125601.0,432.0,175087.0,,,0.644782,-0.2693339200000002,"5,485.03",432.57,8.56,2026-04-01 15:07:25
94,조선기자재,5.25,101930,인화정공 *,테마 편입 사유,49100.0,"상승  2,900",6.28,48850.0,49100.0,7085.0,343.0,7271.0,,,0.644782,-0.2693339200000002,"5,485.03",432.57,8.56,2026-04-01 15:07:25
94,조선기자재,5.25,077970,STX엔진,테마 편입 사유,32450.0,"상승  1,800",5.87,32400.0,32450.0,165404.0,5314.0,136831.0,,,0.644782,-0.2693339200000002,"5,485.03",432.57,8.56,2026-04-01 15:07:25
94,조선기자재,5.25,017960,한국카본,테마 편입 사유,41050.0,"상승  2,200",5.66,41200.0,41250.0,435453.0,17654.0,528682.0,,,0.644782,-0.2693339200000002,"5,485.03",432.57,8.56,2026-04-01 15:07:25
94,조선기자재,5.25,099410,동방선기 *,테마 편입 사유,4860.0,상승  260,5.65,4855.0,4860.0,61225.0,294.0,83140.0,,,0.644782,-0.2693339200000002,"5,485.03",432.57,8.56,2026-04-01 15:07:25
94,조선기자재,5.25,460930,현대힘스 *,테마 편입 사유,18660.0,상승  850,4.77,18650.0,18660.0,322259.0,5937.0,462561.0,,,0.644782,-0.2693339200000002,"5,485.03",432.57,8.56,2026-04-01 15:07:25
94,조선기자재,5.25,0008Z0,에스엔시스 *,테마 편입 사유,29300.0,"상승  1,200",4.27,29200.0,29300.0,27687.0,810.0,23960.0,,,0.644782,-0.2693339200000002,"5,485.03",432.57,8.56,2026-04-01 15:07:25
94,조선기자재,5.25,443060,HD현대마린솔루션,테마 편입 사유,186800.0,"상승  7,200",4.01,186600.0,186900.0,190313.0,35472.0,126296.0,,,0.644782,-0.2693339200000002,"5,485.03",432.57,8.56,2026-04-01 15:07:25
94,조선기자재,5.25,071970,HD현대마린엔진,테마 편입 사유,71400.0,"상승  2,700",3.93,71200.0,71300.0,198180.0,14055.0,184667.0,,,0.644782,-0.2693339200000002,"5,485.03",432.57,8.56,2026-04-01 15:07:25
94,조선기자재,5.25,085310,엔케이,테마 편입 사유,1120.0,상승  42,3.9,1109.0,1116.0,317103.0,352.0,295529.0,,,0.644782,-0.2693339200000002,"5,485.03",432.57,8.56,2026-04-01 15:07:25
94,조선기자재,5.25,108380,대양전기공업 *,테마 편입 사유,25450.0,상승  950,3.88,25500.0,25550.0,33128.0,841.0,55184.0,,,0.644782,-0.2693339200000002,"5,485.03",432.57,8.56,2026-04-01 15:07:25
94,조선기자재,5.25,133820,화인베스틸,테마 편입 사유,1263.0,상승  46,3.78,1252.0,1253.0,80547.0,101.0,88675.0,,,0.644782,-0.2693339200000002,"5,485.03",432.57,8.56,2026-04-01 15:07:25
94,조선기자재,5.25,013030,하이록코리아 *,테마 편입 사유,36250.0,"상승  1,300",3.72,36250.0,36300.0,45469.0,1640.0,64810.0,,,0.644782,-0.2693339200000002,"5,485.03",432.57,8.56,2026-04-01 15:07:25
94,조선기자재,5.25,096350,대창솔루션 *,테마 편입 사유,3225.0,상승  110,3.53,3220.0,3225.0,1245397.0,4002.0,1913879.0,,,0.644782,-0.2693339200000002,"5,485.03",432.57,8.56,2026-04-01 15:07:25
94,조선기자재,5.25,120030,조선선재,테마 편입 사유,99400.0,"상승  3,000",3.11,98300.0,98900.0,734.0,72.0,732.0,,,0.644782,-0.2693339200000002,"5,485.03",432.57,8.56,2026-04-01 15:07:25
94,조선기자재,5.25,101000,KS인더스트리 *,테마 편입 사유,1038.0,상승  30,2.98,1038.0,1044.0,172134.0,179.0,289928.0,,,0.644782,-0.2693339200000002,"5,485.03",432.57,8.56,2026-04-01 15:07:25
94,조선기자재,5.25,082740,한화엔진,테마 편입 사유,44650.0,"상승  1,100",2.53,44700.0,44750.0,488716.0,21789.0,390601.0,,,0.644782,-0.2693339200000002,"5,485.03",432.57,8.56,2026-04-01 15:07:25
94,조선기자재,5.25,014620,성광벤드 *,테마 편입 사유,35900.0,상승  800,2.28,35900.0,36000.0,238592.0,8436.0,444540.0,,,0.644782,-0.2693339200000002,"5,485.03",432.57,8.56,2026-04-01 15:07:25
94,조선기자재,5.25,023160,태광 *,테마 편입 사유,35500.0,상승  500,1.43,35400.0,35450.0,485439.0,16990.0,1017205.0,,,0.644782,-0.2693339200000002,"5,485.03",432.57,8.56,2026-04-01 15:07:25
94,조선기자재,5.25,103230,에스앤더블류 *,테마 편입 사유,3735.0,상승  50,1.36,3735.0,3740.0,7775.0,29.0,20473.0,,,0.644782,-0.2693339200000002,"5,485.03",432.57,8.56,2026-04-01 15:07:25
94,조선기자재,5.25,086670,비엠티 *,테마 편입 사유,15050.0,상승  190,1.28,15150.0,15180.0,101714.0,1528.0,143960.0,,,0.644782,-0.2693339200000002,"5,485.03",432.57,8.56,2026-04-01 15:07:25
94,조선기자재,5.25,044490,태웅 *,테마 편입 사유,49600.0,하락  50,-0.1,49750.0,49800.0,486702.0,24341.0,1576600.0,,,0.644782,-0.2693339200000002,"5,485.03",432.57,8.56,2026-04-01 15:07:25
94,조선기자재,5.25,355690,에이텀 *,테마 편입 사유,4995.0,하락  105,-2.06,4980.0,4995.0,38383.0,194.0,42941.0,,,0.644782,-0.2693339200000002,"5,485.03",432.57,8.56,2026-04-01 15:07:25
176,도시가스,1.52,015360,INVENI,테마 편입 사유,79300.0,"상승  3,400",4.48,79400.0,79500.0,8726.0,688.0,5354.0,,,0.202386,-0.21242416000000008,"5,485.03",432.57,8.56,2026-04-01 15:07:25
176,도시가스,1.52,036460,한국가스공사,테마 편입 사유,35800.0,상승  850,2.43,35750.0,35800.0,195900.0,6966.0,218070.0,,,0.202386,-0.21242416000000008,"5,485.03",432.57,8.56,2026-04-01 15:07:25
176,도시가스,1.52,017390,서울가스,테마 편입 사유,63500.0,"상승  1,500",2.42,63200.0,63400.0,6561.0,413.0,8653.0,,,0.202386,-0.21242416000000008,"5,485.03",432.57,8.56,2026-04-01 15:07:25
176,도시가스,1.52,267290,경동도시가스,테마 편입 사유,21850.0,상승  500,2.34,21850.0,22000.0,13961.0,303.0,13485.0,,,0.202386,-0.21242416000000008,"5,485.03",432.57,8.56,2026-04-01 15:07:25
176,도시가스,1.52,016710,대성홀딩스,테마 편입 사유,8610.0,상승  140,1.65,8560.0,8590.0,17357.0,148.0,25619.0,,,0.202386,-0.21242416000000008,"5,485.03",432.57,8.56,2026-04-01 15:07:25
176,도시가스,1.52,004690,삼천리,테마 편입 사유,141000.0,"상승  2,000",1.44,140600.0,141000.0,11377.0,1599.0,17088.0,,,0.202386,-0.21242416000000008,"5,485.03",432.57,8.56,2026-04-01 15:07:25
176,도시가스,1.52,117580,대성에너지,테마 편입 사유,9420.0,상승  50,0.53,9380.0,9390.0,682689.0,6359.0,873251.0,,,0.202386,-0.21242416000000008,"5,485.03",432.57,8.56,2026-04-01 15:07:25
176,도시가스,1.52,034590,인천도시가스,테마 편입 사유,26800.0,보합0,0.0,26750.0,26800.0,4080.0,109.0,4043.0,,,0.202386,-0.21242416000000008,"5,485.03",432.57,8.56,2026-04-01 15:07:25
176,도시가스,1.52,053050,지에스이 *,테마 편입 사유,2715.0,하락  45,-1.63,2725.0,2730.0,779044.0,2124.0,1047005.0,,,0.202386,-0.21242416000000008,"5,485.03",432.57,8.56,2026-04-01 15:07:25
178,전선,8.55,001440,대한전선,테마 편입 사유,30150.0,"상승  3,450",12.92,30300.0,30350.0,2956230.0,87045.0,1776658.0,,,1.020705,-0.1872347999999988,"5,485.03",432.57,8.56,2026-04-01 15:07:25
178,전선,8.55,229640,LS에코에너지,테마 편입 사유,44400.0,"상승  4,200",10.45,44600.0,44650.0,114587.0,5014.0,130271.0,,,1.020705,-0.1872347999999988,"5,485.03",432.57,8.56,2026-04-01 15:07:25
178,전선,8.55,006340,대원전선,테마 편입 사유,5430.0,상승  510,10.37,5440.0,5460.0,2913856.0,15503.0,2199760.0,,,1.020705,-0.1872347999999988,"5,485.03",432.57,8.56,2026-04-01 15:07:25
178,전선,8.55,006260,LS,테마 편입 사유,281000.0,"상승  25,000",9.77,282500.0,283500.0,180569.0,50459.0,212885.0,,,1.020705,-0.1872347999999988,"5,485.03",432.57,8.56,2026-04-01 15:07:25
178,전선,8.55,103590,일진전기,테마 편입 사유,75000.0,"상승  5,500",7.91,75100.0,75200.0,166478.0,12378.0,266815.0,,,1.020705,-0.1872347999999988,"5,485.03",432.57,8.56,2026-04-01 15:07:25
178,전선,8.55,000500,가온전선,테마 편입 사유,104300.0,"상승  6,800",6.97,104600.0,104900.0,11467.0,1184.0,21898.0,,,1.020705,-0.1872347999999988,"5,485.03",432.57,8.56,2026-04-01 15:07:25
178,전선,8.55,024840,KBI메탈 *,테마 편입 사유,2210.0,상승  130,6.25,2205.0,2210.0,445405.0,970.0,826123.0,,,1.020705,-0.1872347999999988,"5,485.03",432.57,8.56,2026-04-01 15:07:25
178,전선,8.55,060370,LS마린솔루션 *,테마 편입 사유,30350.0,"상승  1,250",4.3,30400.0,30450.0,152549.0,4621.0,329960.0,,,1.020705,-0.1872347999999988,"5,485.03",432.57,8.56,2026-04-01 15:07:25
392,스마트팩토리(스마트공장),5.73,232680,라온로보틱스 *,테마 편입 사유,15340.0,"상승  1,880",13.97,15400.0,15420.0,208684.0,3106.0,125668.0,,,0.688181,-0.16082936000000014,"5,485.03",432.57,8.56,2026-04-01 15:07:25
392,스마트팩토리(스마트공장),5.73,098460,고영 *,테마 편입 사유,27400.0,"상승  2,950",12.07,27700.0,27750.0,1400212.0,37482.0,1455373.0,,,0.688181,-0.16082936000000014,"5,485.03",432.57,8.56,2026-04-01 15:07:25
392,스마트팩토리(스마트공장),5.73,010120,LS ELECTRIC,테마 편입 사유,801000.0,"상승  83,000",11.56,806000.0,807000.0,152479.0,119832.0,213168.0,,,0.688181,-0.16082936000000014,"5,485.03",432.57,8.56,2026-04-01 15:07:25
392,스마트팩토리(스마트공장),5.73,452450,피아이이 *,테마 편입 사유,5260.0,상승  510,10.74,5280.0,5290.0,206981.0,1071.0,163620.0,,,0.688181,-0.16082936000000014,"5,485.03",432.57,8.56,2026-04-01 15:07:25
392,스마트팩토리(스마트공장),5.73,381620,제닉스로보틱스 *,테마 편입 사유,9200.0,상승  830,9.92,9160.0,9170.0,104317.0,940.0,68940.0,,,0.688181,-0.16082936000000014,"5,485.03",432.57,8.56,2026-04-01 15:07:25
392,스마트팩토리(스마트공장),5.73,373170,엠아이큐브솔루션 *,테마 편입 사유,2750.0,상승  245,9.78,2725.0,2735.0,45090.0,120.0,44523.0,,,0.688181,-0.16082936000000014,"5,485.03",432.57,8.56,2026-04-01 15:07:25
392,스마트팩토리(스마트공장),5.73,484810,티엑스알로보틱스 *,테마 편입 사유,15000.0,"상승  1,160",8.38,14950.0,15010.0,122089.0,1827.0,42950.0,,,0.688181,-0.16082936000000014,"5,485.03",432.57,8.56,2026-04-01 15:07:25
392,스마트팩토리(스마트공장),5.73,090710,휴림로봇 *,테마 편입 사유,11100.0,상승  800,7.77,11240.0,11250.0,8271442.0,90665.0,14378755.0,,,0.688181,-0.16082936000000014,"5,485.03",432.57,8.56,2026-04-01 15:07:25
392,스마트팩토리(스마트공장),5.73,319400,현대무벡스 *,테마 편입 사유,25700.0,"상승  1,850",7.76,25850.0,25900.0,783802.0,20044.0,726099.0,,,0.688181,-0.16082936000000014,"5,485.03",432.57,8.56,2026-04-01 15:07:25
392,스마트팩토리(스마트공장),5.73,011700,한신기계,테마 편입 사유,4595.0,상승  330,7.74,4600.0,4610.0,390962.0,1770.0,415214.0,,,0.688181,-0.16082936000000014,"5,485.03",432.57,8.56,2026-04-01 15:07:25
392,스마트팩토리(스마트공장),5.73,056190,에스에프에이 *,테마 편입 사유,28000.0,"상승  2,000",7.69,28050.0,28100.0,93237.0,2593.0,85161.0,,,0.688181,-0.16082936000000014,"5,485.03",432.57,8.56,2026-04-01 15:07:25
392,스마트팩토리(스마트공장),5.73,034730,SK,테마 편입 사유,323000.0,"상승  22,000",7.31,324000.0,324500.0,164457.0,52113.0,246406.0,,,0.688181,-0.16082936000000014,"5,485.03",432.57,8.56,2026-04-01 15:07:25
392,스마트팩토리(스마트공장),5.73,007820,에스엠코어 *,테마 편입 사유,5110.0,상승  340,7.13,5100.0,5110.0,107105.0,541.0,152420.0,,,0.688181,-0.16082936000000014,"5,485.03",432.57,8.56,2026-04-01 15:07:25
392,스마트팩토리(스마트공장),5.73,064400,LG씨엔에스,테마 편입 사유,59700.0,"상승  3,900",6.99,59900.0,60000.0,500786.0,29375.0,784540.0,,,0.688181,-0.16082936000000014,"5,485.03",432.57,8.56,2026-04-01 15:07:25
392,스마트팩토리(스마트공장),5.73,317830,에스피시스템스 *,테마 편입 사유,9800.0,상승  630,6.87,9820.0,9840.0,60808.0,591.0,52665.0,,,0.688181,-0.16082936000000014,"5,485.03",432.57,8.56,2026-04-01 15:07:25
392,스마트팩토리(스마트공장),5.73,022100,포스코DX,테마 편입 사유,31450.0,"상승  2,000",6.79,31450.0,31500.0,301913.0,9318.0,339813.0,,,0.688181,-0.16082936000000014,"5,485.03",432.57,8.56,2026-04-01 15:07:25
392,스마트팩토리(스마트공장),5.73,322180,LS티라유텍 *,테마 편입 사유,7190.0,상승  420,6.2,7160.0,7200.0,57183.0,407.0,112419.0,,,0.688181,-0.16082936000000014,"5,485.03",432.57,8.56,2026-04-01 15:07:25
392,스마트팩토리(스마트공장),5.73,282880,코윈테크 *,테마 편입 사유,14140.0,상승  810,6.08,14140.0,14180.0,26476.0,372.0,46611.0,,,0.688181,-0.16082936000000014,"5,485.03",432.57,8.56,2026-04-01 15:07:25
392,스마트팩토리(스마트공장),5.73,391710,코닉오토메이션 *,테마 편입 사유,1854.0,상승  105,6.0,1843.0,1845.0,101357.0,184.0,121487.0,,,0.688181,-0.16082936000000014,"5,485.03",432.57,8.56,2026-04-01 15:07:25
392,스마트팩토리(스마트공장),5.73,003550,LG,테마 편입 사유,87700.0,"상승  4,900",5.92,88200.0,88300.0,279927.0,24260.0,424383.0,,,0.688181,-0.16082936000000014,"5,485.03",432.57,8.56,2026-04-01 15:07:25
392,스마트팩토리(스마트공장),5.73,351330,이삭엔지니어링 *,테마 편입 사유,7360.0,상승  390,5.6,7340.0,7360.0,21921.0,160.0,42873.0,,,0.688181,-0.16082936000000014,"5,485.03",432.57,8.56,2026-04-01 15:07:25
392,스마트팩토리(스마트공장),5.73,219420,링크제니시스 *,테마 편입 사유,4830.0,상승  245,5.34,4825.0,4830.0,45155.0,215.0,65533.0,,,0.688181,-0.16082936000000014,"5,485.03",432.57,8.56,2026-04-01 15:07:25
392,스마트팩토리(스마트공장),5.73,140670,알에스오토메이션 *,테마 편입 사유,16730.0,상승  750,4.69,16720.0,16750.0,135415.0,2256.0,148641.0,,,0.688181,-0.16082936000000014,"5,485.03",432.57,8.56,2026-04-01 15:07:25
392,스마트팩토리(스마트공장),5.73,388720,유일로보틱스 *,테마 편입 사유,91050.0,"상승  4,050",4.66,91300.0,91600.0,32549.0,2969.0,39055.0,,,0.688181,-0.16082936000000014,"5,485.03",432.57,8.56,2026-04-01 15:07:25
392,스마트팩토리(스마트공장),5.73,059120,아진엑스텍 *,테마 편입 사유,7160.0,상승  310,4.53,7180.0,7190.0,425718.0,3049.0,502963.0,,,0.688181,-0.16082936000000014,"5,485.03",432.57,8.56,2026-04-01 15:07:25
392,스마트팩토리(스마트공장),5.73,086960,MDS테크 *,테마 편입 사유,1157.0,상승  50,4.52,1156.0,1157.0,1453682.0,1685.0,626365.0,,,0.688181,-0.16082936000000014,"5,485.03",432.57,8.56,2026-04-01 15:07:25
392,스마트팩토리(스마트공장),5.73,018260,삼성에스디에스,테마 편입 사유,156000.0,"상승  5,900",3.93,155600.0,155700.0,146619.0,22651.0,201404.0,,,0.688181,-0.16082936000000014,"5,485.03",432.57,8.56,2026-04-01 15:07:25
392,스마트팩토리(스마트공장),5.73,108230,톱텍 *,테마 편입 사유,4250.0,상승  160,3.91,4255.0,4260.0,59768.0,253.0,63724.0,,,0.688181,-0.16082936000000014,"5,485.03",432.57,8.56,2026-04-01 15:07:25
392,스마트팩토리(스마트공장),5.73,347890,엠투아이 *,테마 편입 사유,5350.0,상승  150,2.88,5360.0,5380.0,14520.0,78.0,46010.0,,,0.688181,-0.16082936000000014,"5,485.03",432.57,8.56,2026-04-01 15:07:25
392,스마트팩토리(스마트공장),5.73,049480,오픈베이스 *,테마 편입 사유,2165.0,상승  60,2.85,2145.0,2155.0,108675.0,234.0,91491.0,,,0.688181,-0.16082936000000014,"5,485.03",432.57,8.56,2026-04-01 15:07:25
392,스마트팩토리(스마트공장),5.73,048770,TPC *,테마 편입 사유,3180.0,상승  80,2.58,3185.0,3195.0,87739.0,279.0,94514.0,,,0.688181,-0.16082936000000014,"5,485.03",432.57,8.56,2026-04-01 15:07:25
392,스마트팩토리(스마트공장),5.73,094280,효성ITX,테마 편입 사유,12410.0,상승  310,2.56,12350.0,12360.0,13347.0,164.0,14052.0,,,0.688181,-0.16082936000000014,"5,485.03",432.57,8.56,2026-04-01 15:07:25
392,스마트팩토리(스마트공장),5.73,290090,트윔 *,테마 편입 사유,6200.0,상승  150,2.48,6070.0,6100.0,11791.0,72.0,81991.0,,,0.688181,-0.16082936000000014,"5,485.03",432.57,8.56,2026-04-01 15:07:25
392,스마트팩토리(스마트공장),5.73,271830,팸텍 *,테마 편입 사유,1500.0,상승  19,1.28,1511.0,1517.0,134833.0,201.0,63777.0,,,0.688181,-0.16082936000000014,"5,485.03",432.57,8.56,2026-04-01 15:07:25
392,스마트팩토리(스마트공장),5.73,086670,비엠티 *,테마 편입 사유,15050.0,상승  190,1.28,15150.0,15180.0,101714.0,1528.0,143960.0,,,0.688181,-0.16082936000000014,"5,485.03",432.57,8.56,2026-04-01 15:07:25
392,스마트팩토리(스마트공장),5.73,075970,동국알앤에스 *,테마 편입 사유,2205.0,상승  25,1.15,2200.0,2210.0,118295.0,259.0,903535.0,,,0.688181,-0.16082936000000014,"5,485.03",432.57,8.56,2026-04-01 15:07:25
392,스마트팩토리(스마트공장),5.73,012510,더존비즈온,테마 편입 사유,119200.0,상승  100,0.08,119100.0,119200.0,52899.0,6306.0,872007.0,,,0.688181,-0.16082936000000014,"5,485.03",432.57,8.56,2026-04-01 15:07:25
392,스마트팩토리(스마트공장),5.73,099440,스맥 *,테마 편입 사유,4610.0,하락  25,-0.54,4605.0,4610.0,1495794.0,6839.0,525807.0,,,0.688181,-0.16082936000000014,"5,485.03",432.57,8.56,2026-04-01 15:07:25
310,리츠(REITs),1.13,432320,KB스타리츠,테마 편입 사유,2335.0,상승  180,8.35,2320.0,2330.0,290733.0,660.0,703076.0,,,0.148746,-0.14326576000000002,"5,485.03",432.57,8.56,2026-04-01 15:07:25
310,리츠(REITs),1.13,348950,제이알글로벌리츠,테마 편입 사유,1605.0,상승  85,5.59,1603.0,1604.0,586780.0,928.0,829628.0,,,0.148746,-0.14326576000000002,"5,485.03",432.57,8.56,2026-04-01 15:07:25
310,리츠(REITs),1.13,451800,한화리츠,테마 편입 사유,5120.0,상승  120,2.4,5100.0,5110.0,115867.0,590.0,187586.0,,,0.148746,-0.14326576000000002,"5,485.03",432.57,8.56,2026-04-01 15:07:25
310,리츠(REITs),1.13,350520,이지스레지던스리츠,테마 편입 사유,3705.0,상승  70,1.93,3695.0,3700.0,18536.0,68.0,67736.0,,,0.148746,-0.14326576000000002,"5,485.03",432.57,8.56,2026-04-01 15:07:25
310,리츠(REITs),1.13,334890,이지스밸류플러스리츠,테마 편입 사유,4100.0,상승  55,1.36,4085.0,4095.0,55550.0,227.0,71876.0,,,0.148746,-0.14326576000000002,"5,485.03",432.57,8.56,2026-04-01 15:07:25
310,리츠(REITs),1.13,481850,신한글로벌액티브리츠,테마 편입 사유,1107.0,상승  14,1.28,1108.0,1109.0,42241.0,46.0,27172.0,,,0.148746,-0.14326576000000002,"5,485.03",432.57,8.56,2026-04-01 15:07:25
310,리츠(REITs),1.13,417310,코람코더원리츠,테마 편입 사유,9610.0,상승  110,1.16,9610.0,9630.0,55968.0,538.0,90644.0,,,0.148746,-0.14326576000000002,"5,485.03",432.57,8.56,2026-04-01 15:07:25
310,리츠(REITs),1.13,395400,SK리츠,테마 편입 사유,6290.0,상승  70,1.13,6340.0,6350.0,236828.0,1485.0,458468.0,,,0.148746,-0.14326576000000002,"5,485.03",432.57,8.56,2026-04-01 15:07:25
310,리츠(REITs),1.13,338100,NH프라임리츠,테마 편입 사유,4605.0,상승  45,0.99,4605.0,4610.0,40939.0,188.0,89418.0,,,0.148746,-0.14326576000000002,"5,485.03",432.57,8.56,2026-04-01 15:07:25
310,리츠(REITs),1.13,088260,이리츠코크렙,테마 편입 사유,4780.0,상승  40,0.84,4765.0,4770.0,49647.0,237.0,49189.0,,,0.148746,-0.14326576000000002,"5,485.03",432.57,8.56,2026-04-01 15:07:25
310,리츠(REITs),1.13,357250,미래에셋맵스리츠,테마 편입 사유,2375.0,상승  15,0.64,2375.0,2385.0,18348.0,43.0,52411.0,,,0.148746,-0.14326576000000002,"5,485.03",432.57,8.56,2026-04-01 15:07:25
310,리츠(REITs),1.13,357430,마스턴프리미어리츠,테마 편입 사유,1425.0,상승  9,0.64,1420.0,1423.0,31092.0,44.0,27026.0,,,0.148746,-0.14326576000000002,"5,485.03",432.57,8.56,2026-04-01 15:07:25
310,리츠(REITs),1.13,400760,NH올원리츠,테마 편입 사유,3225.0,상승  15,0.47,3215.0,3230.0,100616.0,325.0,142325.0,,,0.148746,-0.14326576000000002,"5,485.03",432.57,8.56,2026-04-01 15:07:25
310,리츠(REITs),1.13,0030R0,대신밸류리츠,테마 편입 사유,4350.0,상승  20,0.46,4350.0,4360.0,58462.0,254.0,94815.0,,,0.148746,-0.14326576000000002,"5,485.03",432.57,8.56,2026-04-01 15:07:25
310,리츠(REITs),1.13,145270,케이탑리츠,테마 편입 사유,910.0,상승  4,0.44,910.0,912.0,33011.0,30.0,128978.0,,,0.148746,-0.14326576000000002,"5,485.03",432.57,8.56,2026-04-01 15:07:25
310,리츠(REITs),1.13,365550,ESR켄달스퀘어리츠,테마 편입 사유,4340.0,상승  15,0.35,4340.0,4345.0,152020.0,662.0,315868.0,,,0.148746,-0.14326576000000002,"5,485.03",432.57,8.56,2026-04-01 15:07:25
310,리츠(REITs),1.13,330590,롯데리츠,테마 편입 사유,4635.0,상승  10,0.22,4630.0,4635.0,213112.0,989.0,366407.0,,,0.148746,-0.14326576000000002,"5,485.03",432.57,8.56,2026-04-01 15:07:25
310,리츠(REITs),1.13,293940,신한알파리츠,테마 편입 사유,5650.0,상승  10,0.18,5660.0,5670.0,146933.0,837.0,232865.0,,,0.148746,-0.14326576000000002,"5,485.03",432.57,8.56,2026-04-01 15:07:25
310,리츠(REITs),1.13,377190,디앤디플랫폼리츠,테마 편입 사유,3045.0,상승  5,0.16,3040.0,3045.0,132835.0,405.0,182051.0,,,0.148746,-0.14326576000000002,"5,485.03",432.57,8.56,2026-04-01 15:07:25
310,리츠(REITs),1.13,357120,코람코라이프인프라리츠,테마 편입 사유,4470.0,보합0,0.0,4465.0,4470.0,107967.0,484.0,123889.0,,,0.148746,-0.14326576000000002,"5,485.03",432.57,8.56,2026-04-01 15:07:25
310,리츠(REITs),1.13,404990,신한서부티엔디리츠,테마 편입 사유,4350.0,하락  30,-0.68,4310.0,4315.0,187679.0,808.0,149946.0,,,0.148746,-0.14326576000000002,"5,485.03",432.57,8.56,2026-04-01 15:07:25
310,리츠(REITs),1.13,448730,삼성FN리츠,테마 편입 사유,5510.0,하락  40,-0.72,5510.0,5520.0,72416.0,400.0,82367.0,,,0.148746,-0.14326576000000002,"5,485.03",432.57,8.56,2026-04-01 15:07:25
310,리츠(REITs),1.13,396690,미래에셋글로벌리츠,테마 편입 사유,2330.0,하락  35,-1.48,2330.0,2335.0,195093.0,455.0,103967.0,,,0.148746,-0.14326576000000002,"5,485.03",432.57,8.56,2026-04-01 15:07:25
180,석유화학,4.11,120110,코오롱인더,테마 편입 사유,83300.0,"상승  10,300",14.11,83900.0,84000.0,447681.0,36773.0,302123.0,,,0.490725,-0.09060600000000019,"5,485.03",432.57,8.56,2026-04-01 15:07:25
180,석유화학,4.11,011790,SKC,테마 편입 사유,98500.0,"상승  7,200",7.89,98500.0,98600.0,137706.0,13326.0,193839.0,,,0.490725,-0.09060600000000019,"5,485.03",432.57,8.56,2026-04-01 15:07:25
180,석유화학,4.11,096770,SK이노베이션,테마 편입 사유,114000.0,"상승  5,300",4.88,114000.0,114100.0,298765.0,33733.0,424109.0,,,0.490725,-0.09060600000000019,"5,485.03",432.57,8.56,2026-04-01 15:07:25
180,석유화학,4.11,051910,LG화학,테마 편입 사유,313500.0,"상승  14,500",4.85,313500.0,314000.0,259059.0,80002.0,473765.0,,,0.490725,-0.09060600000000019,"5,485.03",432.57,8.56,2026-04-01 15:07:25
180,석유화학,4.11,005950,이수화학,테마 편입 사유,8030.0,상승  330,4.29,8000.0,8020.0,154460.0,1235.0,126198.0,,,0.490725,-0.09060600000000019,"5,485.03",432.57,8.56,2026-04-01 15:07:25
180,석유화학,4.11,003240,태광산업,테마 편입 사유,1130000.0,"상승  45,000",4.15,1139000.0,1142000.0,2261.0,2515.0,3700.0,,,0.490725,-0.09060600000000019,"5,485.03",432.57,8.56,2026-04-01 15:07:25
180,석유화학,4.11,011780,금호석유화학,테마 편입 사유,122500.0,"상승  4,600",3.9,122200.0,122300.0,101012.0,12291.0,108885.0,,,0.490725,-0.09060600000000019,"5,485.03",432.57,8.56,2026-04-01 15:07:25
180,석유화학,4.11,161000,애경케미칼,테마 편입 사유,14260.0,상승  520,3.78,14190.0,14200.0,2909289.0,42143.0,9557584.0,,,0.490725,-0.09060600000000019,"5,485.03",432.57,8.56,2026-04-01 15:07:25
180,석유화학,4.11,285130,SK케미칼,테마 편입 사유,54400.0,"상승  1,800",3.42,54100.0,54200.0,38952.0,2085.0,36751.0,,,0.490725,-0.09060600000000019,"5,485.03",432.57,8.56,2026-04-01 15:07:25
180,석유화학,4.11,006650,대한유화,테마 편입 사유,134200.0,"상승  4,200",3.23,133100.0,133200.0,40515.0,5372.0,88088.0,,,0.490725,-0.09060600000000019,"5,485.03",432.57,8.56,2026-04-01 15:07:25
180,석유화학,4.11,025000,KPX케미칼,테마 편입 사유,50000.0,"상승  1,500",3.09,49600.0,49700.0,5311.0,261.0,7421.0,,,0.490725,-0.09060600000000019,"5,485.03",432.57,8.56,2026-04-01 15:07:25
180,석유화학,4.11,083420,그린케미칼,테마 편입 사유,5880.0,상승  160,2.8,5880.0,5890.0,175668.0,1027.0,553306.0,,,0.490725,-0.09060600000000019,"5,485.03",432.57,8.56,2026-04-01 15:07:25
180,석유화학,4.11,145990,삼양사,테마 편입 사유,45800.0,"상승  1,200",2.69,46000.0,46050.0,9185.0,420.0,9429.0,,,0.490725,-0.09060600000000019,"5,485.03",432.57,8.56,2026-04-01 15:07:25
180,석유화학,4.11,104480,티케이케미칼 *,테마 편입 사유,2310.0,상승  60,2.67,2315.0,2320.0,1507498.0,3488.0,2030100.0,,,0.490725,-0.09060600000000019,"5,485.03",432.57,8.56,2026-04-01 15:07:25
180,석유화학,4.11,102260,동성케미컬,테마 편입 사유,4190.0,상승  90,2.2,4185.0,4195.0,239301.0,991.0,481689.0,,,0.490725,-0.09060600000000019,"5,485.03",432.57,8.56,2026-04-01 15:07:25
180,석유화학,4.11,011170,롯데케미칼,테마 편입 사유,81800.0,"상승  1,200",1.49,81700.0,81800.0,129581.0,10516.0,221976.0,,,0.490725,-0.09060600000000019,"5,485.03",432.57,8.56,2026-04-01 15:07:25
180,석유화학,4.11,009830,한화솔루션,테마 편입 사유,37600.0,상승  450,1.21,37750.0,37800.0,3777497.0,141074.0,7126070.0,,,0.490725,-0.09060600000000019,"5,485.03",432.57,8.56,2026-04-01 15:07:25
546,마이코플라스마 폐렴,1.19,009290,광동제약,테마 편입 사유,8790.0,상승  550,6.67,8790.0,8810.0,318453.0,2756.0,261650.0,,,0.145236,-0.05322016000000018,"5,485.03",432.57,8.56,2026-04-01 15:07:25
546,마이코플라스마 폐렴,1.19,330350,위더스제약 *,테마 편입 사유,8460.0,상승  320,3.93,8540.0,8570.0,120167.0,1021.0,74082.0,,,0.145236,-0.05322016000000018,"5,485.03",432.57,8.56,2026-04-01 15:07:25
546,마이코플라스마 폐렴,1.19,229000,젠큐릭스 *,테마 편입 사유,2630.0,상승  85,3.34,2630.0,2635.0,537557.0,1401.0,1218790.0,,,0.145236,-0.05322016000000018,"5,485.03",432.57,8.56,2026-04-01 15:07:25
546,마이코플라스마 폐렴,1.19,180400,DXVX *,테마 편입 사유,5060.0,상승  160,3.27,5010.0,5020.0,240836.0,1212.0,653269.0,,,0.145236,-0.05322016000000018,"5,485.03",432.57,8.56,2026-04-01 15:07:25
546,마이코플라스마 폐렴,1.19,950130,엑세스바이오 *,테마 편입 사유,2860.0,상승  80,2.88,2850.0,2870.0,59674.0,171.0,46948.0,,,0.145236,-0.05322016000000018,"5,485.03",432.57,8.56,2026-04-01 15:07:25
546,마이코플라스마 폐렴,1.19,253840,수젠텍 *,테마 편입 사유,4730.0,상승  115,2.49,4740.0,4750.0,32284.0,152.0,56533.0,,,0.145236,-0.05322016000000018,"5,485.03",432.57,8.56,2026-04-01 15:07:25
546,마이코플라스마 폐렴,1.19,004720,팜젠사이언스,테마 편입 사유,3755.0,상승  90,2.46,3750.0,3755.0,19258.0,71.0,45725.0,,,0.145236,-0.05322016000000018,"5,485.03",432.57,8.56,2026-04-01 15:07:25
546,마이코플라스마 폐렴,1.19,002720,국제약품,테마 편입 사유,4880.0,상승  95,1.99,4850.0,4855.0,216768.0,1055.0,373484.0,,,0.145236,-0.05322016000000018,"5,485.03",432.57,8.56,2026-04-01 15:07:25
546,마이코플라스마 폐렴,1.19,011040,경동제약 *,테마 편입 사유,5480.0,상승  20,0.37,5460.0,5470.0,61652.0,337.0,35428.0,,,0.145236,-0.05322016000000018,"5,485.03",432.57,8.56,2026-04-01 15:07:25
546,마이코플라스마 폐렴,1.19,048530,인트론바이오 *,테마 편입 사유,4055.0,하락  25,-0.61,4100.0,4105.0,314415.0,1294.0,291615.0,,,0.145236,-0.05322016000000018,"5,485.03",432.57,8.56,2026-04-01 15:07:25
546,마이코플라스마 폐렴,1.19,307750,국전약품 *,테마 편입 사유,4050.0,하락  165,-3.91,4030.0,4035.0,1723505.0,7052.0,546777.0,,,0.145236,-0.05322016000000018,"5,485.03",432.57,8.56,2026-04-01 15:07:25
546,마이코플라스마 폐렴,1.19,058110,멕아이씨에스 *,테마 편입 사유,3165.0,하락  295,-8.53,3165.0,3175.0,11096240.0,38291.0,11034077.0,,,0.145236,-0.05322016000000018,"5,485.03",432.57,8.56,2026-04-01 15:07:25
242,탄소나노튜브(CNT),4.46,027580,상보 *,테마 편입 사유,592.0,상승  35,6.28,586.0,587.0,141700.0,83.0,161613.0,,,0.525903,-0.041729680000000435,"5,485.03",432.57,8.56,2026-04-01 15:07:25
242,탄소나노튜브(CNT),4.46,051910,LG화학,테마 편입 사유,313500.0,"상승  14,500",4.85,313500.0,314000.0,259059.0,80002.0,473765.0,,,0.525903,-0.041729680000000435,"5,485.03",432.57,8.56,2026-04-01 15:07:25
242,탄소나노튜브(CNT),4.46,418550,제이오 *,테마 편입 사유,8130.0,상승  360,4.63,8160.0,8170.0,225053.0,1821.0,291237.0,,,0.525903,-0.041729680000000435,"5,485.03",432.57,8.56,2026-04-01 15:07:25
242,탄소나노튜브(CNT),4.46,011780,금호석유화학,테마 편입 사유,122500.0,"상승  4,600",3.9,122200.0,122300.0,101012.0,12291.0,108885.0,,,0.525903,-0.041729680000000435,"5,485.03",432.57,8.56,2026-04-01 15:07:25
242,탄소나노튜브(CNT),4.46,049480,오픈베이스 *,테마 편입 사유,2165.0,상승  60,2.85,2145.0,2155.0,108675.0,234.0,91491.0,,,0.525903,-0.041729680000000435,"5,485.03",432.57,8.56,2026-04-01 15:07:25
343,인터넷은행,3.46,071050,한국금융지주,테마 편입 사유,226500.0,"상승  24,000",11.85,226000.0,226500.0,244184.0,54343.0,348435.0,,,0.408249,-0.03461143999999994,"5,485.03",432.57,8.56,2026-04-01 15:07:25
343,인터넷은행,3.46,088350,한화생명,테마 편입 사유,4785.0,상승  355,8.01,4785.0,4790.0,4037589.0,18941.0,3451482.0,,,0.408249,-0.03461143999999994,"5,485.03",432.57,8.56,2026-04-01 15:07:25
343,인터넷은행,3.46,005940,NH투자증권,테마 편입 사유,31950.0,"상승  2,350",7.94,31900.0,31950.0,832886.0,26177.0,1540647.0,,,0.408249,-0.03461143999999994,"5,485.03",432.57,8.56,2026-04-01 15:07:25
343,인터넷은행,3.46,022100,포스코DX,테마 편입 사유,31450.0,"상승  2,000",6.79,31450.0,31500.0,301913.0,9318.0,339813.0,,,0.408249,-0.03461143999999994,"5,485.03",432.57,8.56,2026-04-01 15:07:25
343,인터넷은행,3.46,053300,한국정보인증 *,테마 편입 사유,5830.0,상승  330,6.0,5820.0,5830.0,82521.0,474.0,206546.0,,,0.408249,-0.03461143999999994,"5,485.03",432.57,8.56,2026-04-01 15:07:25
343,인터넷은행,3.46,035720,카카오,테마 편입 사유,48400.0,"상승  2,600",5.68,48350.0,48400.0,1128517.0,53779.0,1706215.0,,,0.408249,-0.03461143999999994,"5,485.03",432.57,8.56,2026-04-01 15:07:25
343,인터넷은행,3.46,105560,KB금융,테마 편입 사유,149500.0,"상승  7,600",5.36,149500.0,149600.0,1233623.0,183242.0,2259948.0,,,0.408249,-0.03461143999999994,"5,485.03",432.57,8.56,2026-04-01 15:07:25
343,인터넷은행,3.46,054920,한컴위드 *,테마 편입 사유,5260.0,상승  265,5.31,5220.0,5240.0,2893625.0,15194.0,17330930.0,,,0.408249,-0.03461143999999994,"5,485.03",432.57,8.56,2026-04-01 15:07:25
343,인터넷은행,3.46,203650,드림시큐리티 *,테마 편입 사유,1650.0,상승  72,4.56,1645.0,1650.0,613152.0,1004.0,525210.0,,,0.408249,-0.03461143999999994,"5,485.03",432.57,8.56,2026-04-01 15:07:25
343,인터넷은행,3.46,042510,라온시큐어 *,테마 편입 사유,8810.0,상승  380,4.51,8790.0,8800.0,50525.0,438.0,77348.0,,,0.408249,-0.03461143999999994,"5,485.03",432.57,8.56,2026-04-01 15:07:25
343,인터넷은행,3.46,115310,인포바인 *,테마 편입 사유,67500.0,"상승  2,800",4.33,67600.0,67700.0,1778.0,119.0,3888.0,,,0.408249,-0.03461143999999994,"5,485.03",432.57,8.56,2026-04-01 15:07:25
343,인터넷은행,3.46,030190,NICE평가정보,테마 편입 사유,16730.0,상승  690,4.3,16730.0,16750.0,34442.0,572.0,105004.0,,,0.408249,-0.03461143999999994,"5,485.03",432.57,8.56,2026-04-01 15:07:25
343,인터넷은행,3.46,052400,코나아이 *,테마 편입 사유,56800.0,"상승  2,300",4.22,57300.0,57400.0,97444.0,5486.0,171959.0,,,0.408249,-0.03461143999999994,"5,485.03",432.57,8.56,2026-04-01 15:07:25
343,인터넷은행,3.46,046440,KG모빌리언스 *,테마 편입 사유,4955.0,상승  195,4.1,4945.0,4960.0,67205.0,331.0,80986.0,,,0.408249,-0.03461143999999994,"5,485.03",432.57,8.56,2026-04-01 15:07:25
343,인터넷은행,3.46,053350,이니텍 *,테마 편입 사유,3320.0,상승  115,3.59,3295.0,3305.0,40670.0,133.0,144341.0,,,0.408249,-0.03461143999999994,"5,485.03",432.57,8.56,2026-04-01 15:07:25
343,인터넷은행,3.46,323410,카카오뱅크,테마 편입 사유,24800.0,상승  850,3.55,24750.0,24800.0,834161.0,20464.0,855017.0,,,0.408249,-0.03461143999999994,"5,485.03",432.57,8.56,2026-04-01 15:07:25
343,인터넷은행,3.46,035600,KG이니시스 *,테마 편입 사유,10350.0,상승  330,3.29,10330.0,10350.0,48973.0,505.0,63755.0,,,0.408249,-0.03461143999999994,"5,485.03",432.57,8.56,2026-04-01 15:07:25
343,인터넷은행,3.46,041460,한국전자인증 *,테마 편입 사유,3970.0,상승  120,3.12,3970.0,3980.0,50573.0,201.0,75702.0,,,0.408249,-0.03461143999999994,"5,485.03",432.57,8.56,2026-04-01 15:07:25
343,인터넷은행,3.46,205100,엑셈 *,테마 편입 사유,1825.0,상승  55,3.11,1819.0,1820.0,217701.0,395.0,278355.0,,,0.408249,-0.03461143999999994,"5,485.03",432.57,8.56,2026-04-01 15:07:25
343,인터넷은행,3.46,067920,이글루 *,테마 편입 사유,6110.0,상승  180,3.04,6080.0,6110.0,83437.0,502.0,56138.0,,,0.408249,-0.03461143999999994,"5,485.03",432.57,8.56,2026-04-01 15:07:25
343,인터넷은행,3.46,030200,KT,테마 편입 사유,61700.0,"상승  1,300",2.15,61700.0,61800.0,406131.0,24899.0,419410.0,,,0.408249,-0.03461143999999994,"5,485.03",432.57,8.56,2026-04-01 15:07:25
343,인터넷은행,3.46,064480,브리지텍 *,테마 편입 사유,4320.0,상승  90,2.13,4315.0,4320.0,81151.0,348.0,83897.0,,,0.408249,-0.03461143999999994,"5,485.03",432.57,8.56,2026-04-01 15:07:25
343,인터넷은행,3.46,090850,현대이지웰 *,테마 편입 사유,6410.0,상승  120,1.91,6380.0,6390.0,54905.0,349.0,97945.0,,,0.408249,-0.03461143999999994,"5,485.03",432.57,8.56,2026-04-01 15:07:25
343,인터넷은행,3.46,279570,케이뱅크,테마 편입 사유,6080.0,상승  110,1.84,6070.0,6080.0,2465490.0,14973.0,2915657.0,,,0.408249,-0.03461143999999994,"5,485.03",432.57,8.56,2026-04-01 15:07:25
343,인터넷은행,3.46,053280,예스24 *,테마 편입 사유,3430.0,상승  55,1.63,3430.0,3435.0,27075.0,93.0,44996.0,,,0.408249,-0.03461143999999994,"5,485.03",432.57,8.56,2026-04-01 15:07:25
343,인터넷은행,3.46,007070,GS리테일,테마 편입 사유,22250.0,상승  350,1.6,22200.0,22250.0,128574.0,2819.0,217541.0,,,0.408249,-0.03461143999999994,"5,485.03",432.57,8.56,2026-04-01 15:07:25
343,인터넷은행,3.46,131090,시큐브 *,테마 편입 사유,3825.0,상승  25,0.66,3820.0,3825.0,26599.0,101.0,40372.0,,,0.408249,-0.03461143999999994,"5,485.03",432.57,8.56,2026-04-01 15:07:25
343,인터넷은행,3.46,039290,인포뱅크 *,테마 편입 사유,4745.0,상승  10,0.21,4730.0,4745.0,16019.0,76.0,15114.0,,,0.408249,-0.03461143999999994,"5,485.03",432.57,8.56,2026-04-01 15:07:25
343,인터넷은행,3.46,016450,한세예스24홀딩스,테마 편입 사유,4270.0,하락  25,-0.58,4265.0,4285.0,70459.0,301.0,98751.0,,,0.408249,-0.03461143999999994,"5,485.03",432.57,8.56,2026-04-01 15:07:25
343,인터넷은행,3.46,100030,인지소프트 *,테마 편입 사유,17440.0,하락  300,-1.69,17340.0,17430.0,7195.0,126.0,1971.0,,,0.408249,-0.03461143999999994,"5,485.03",432.57,8.56,2026-04-01 15:07:25
343,인터넷은행,3.46,131370,알서포트 *,테마 편입 사유,2500.0,하락  210,-7.75,2525.0,2530.0,1650249.0,4154.0,7659350.0,,,0.408249,-0.03461143999999994,"5,485.03",432.57,8.56,2026-04-01 15:07:25
559,고체산화물 연료전지(SOFC),8.14,417200,LS머트리얼즈 *,테마 편입 사유,20900.0,"상승  3,280",18.62,20950.0,21000.0,5958327.0,121937.0,1902722.0,,,0.953675,-0.023457999999999757,"5,485.03",432.57,8.56,2026-04-01 15:07:25
559,고체산화물 연료전지(SOFC),8.14,089890,코세스 *,테마 편입 사유,22150.0,"상승  3,280",17.38,22200.0,22250.0,258775.0,5678.0,307181.0,,,0.953675,-0.023457999999999757,"5,485.03",432.57,8.56,2026-04-01 15:07:25
559,고체산화물 연료전지(SOFC),8.14,357580,아모센스 *,테마 편입 사유,20100.0,"상승  2,820",16.32,20200.0,20450.0,212771.0,4183.0,112760.0,,,0.953675,-0.023457999999999757,"5,485.03",432.57,8.56,2026-04-01 15:07:25
559,고체산화물 연료전지(SOFC),8.14,336260,두산퓨얼셀,테마 편입 사유,36450.0,"상승  3,050",9.13,36750.0,36850.0,342207.0,12280.0,439543.0,,,0.953675,-0.023457999999999757,"5,485.03",432.57,8.56,2026-04-01 15:07:25
559,고체산화물 연료전지(SOFC),8.14,059090,미코 *,테마 편입 사유,13650.0,"상승  1,090",8.68,13630.0,13670.0,219483.0,2953.0,233654.0,,,0.953675,-0.023457999999999757,"5,485.03",432.57,8.56,2026-04-01 15:07:25
559,고체산화물 연료전지(SOFC),8.14,083650,비에이치아이 *,테마 편입 사유,99400.0,"상승  6,900",7.46,99900.0,100000.0,285807.0,28091.0,345577.0,,,0.953675,-0.023457999999999757,"5,485.03",432.57,8.56,2026-04-01 15:07:25
559,고체산화물 연료전지(SOFC),8.14,382900,범한퓨얼셀 *,테마 편입 사유,27600.0,"상승  1,850",7.18,27450.0,27550.0,50258.0,1376.0,65029.0,,,0.953675,-0.023457999999999757,"5,485.03",432.57,8.56,2026-04-01 15:07:25
559,고체산화물 연료전지(SOFC),8.14,170920,엘티씨 *,테마 편입 사유,32400.0,"상승  2,100",6.93,32500.0,32650.0,200493.0,6441.0,249590.0,,,0.953675,-0.023457999999999757,"5,485.03",432.57,8.56,2026-04-01 15:07:25
559,고체산화물 연료전지(SOFC),8.14,452280,한선엔지니어링 *,테마 편입 사유,14510.0,상승  660,4.77,14550.0,14600.0,377847.0,5519.0,589066.0,,,0.953675,-0.023457999999999757,"5,485.03",432.57,8.56,2026-04-01 15:07:25
559,고체산화물 연료전지(SOFC),8.14,475150,SK이터닉스,테마 편입 사유,53800.0,하락  500,-0.92,53800.0,53900.0,1590835.0,85379.0,3591657.0,,,0.953675,-0.023457999999999757,"5,485.03",432.57,8.56,2026-04-01 15:07:25
559,고체산화물 연료전지(SOFC),8.14,282720,금양그린파워 *,테마 편입 사유,17100.0,하락  900,-5.0,17080.0,17120.0,1321792.0,23064.0,8713053.0,,,0.953675,-0.023457999999999757,"5,485.03",432.57,8.56,2026-04-01 15:07:25
