theme_no,테마명,테마등락률,종목코드,종목명,종목명.1,현재가,전일비,등락률,매수호가,매도호가,거래량,거래대금,전일거래량,토론,Unnamed: 11,Beta,베타조정수익률,코스피지수,코스피등락,코스피등락률,코스피조회시간
119,창투사,4.64,019570,플루토스 *,테마 편입 사유,527.0,상한가  121,29.8,527.0,0.0,18161148.0,9177.0,2607730.0,,,0.368216,4.47062064,"6,417.93",29.46,0.46,2026-04-22 15:50:46
119,창투사,4.64,100790,미래에셋벤처투자 *,테마 편입 사유,57700.0,"상승  10,350",21.86,57700.0,57800.0,13073779.0,758294.0,8652982.0,,,0.368216,4.47062064,"6,417.93",29.46,0.46,2026-04-22 15:50:46
119,창투사,4.64,027360,아주IB투자 *,테마 편입 사유,14150.0,"상승  2,030",16.75,14140.0,14150.0,36922087.0,528470.0,9347304.0,,,0.368216,4.47062064,"6,417.93",29.46,0.46,2026-04-22 15:50:46
119,창투사,4.64,016600,큐캐피탈 *,테마 편입 사유,305.0,상승  18,6.27,304.0,305.0,2406985.0,710.0,1297149.0,,,0.368216,4.47062064,"6,417.93",29.46,0.46,2026-04-22 15:50:46
119,창투사,4.64,241520,DSC인베스트먼트 *,테마 편입 사유,15380.0,상승  700,4.77,15380.0,15390.0,1661933.0,25288.0,583242.0,,,0.368216,4.47062064,"6,417.93",29.46,0.46,2026-04-22 15:50:46
119,창투사,4.64,277070,린드먼아시아 *,테마 편입 사유,4550.0,상승  175,4.0,4510.0,4550.0,17195.0,78.0,6841.0,,,0.368216,4.47062064,"6,417.93",29.46,0.46,2026-04-22 15:50:46
119,창투사,4.64,293580,나우IB *,테마 편입 사유,2440.0,상승  75,3.17,2440.0,2445.0,7605680.0,18773.0,3443861.0,,,0.368216,4.47062064,"6,417.93",29.46,0.46,2026-04-22 15:50:46
119,창투사,4.64,246690,TS인베스트먼트 *,테마 편입 사유,1693.0,상승  36,2.17,1688.0,1693.0,438435.0,737.0,383514.0,,,0.368216,4.47062064,"6,417.93",29.46,0.46,2026-04-22 15:50:46
119,창투사,4.64,289080,SV인베스트먼트 *,테마 편입 사유,4285.0,상승  60,1.42,4285.0,4290.0,1912360.0,8206.0,1790926.0,,,0.368216,4.47062064,"6,417.93",29.46,0.46,2026-04-22 15:50:46
119,창투사,4.64,041190,우리기술투자 *,테마 편입 사유,6850.0,상승  90,1.33,6840.0,6850.0,756777.0,5099.0,608257.0,,,0.368216,4.47062064,"6,417.93",29.46,0.46,2026-04-22 15:50:46
119,창투사,4.64,021080,에이티넘인베스트 *,테마 편입 사유,3460.0,상승  45,1.32,3455.0,3460.0,507899.0,1767.0,255707.0,,,0.368216,4.47062064,"6,417.93",29.46,0.46,2026-04-22 15:50:46
119,창투사,4.64,019550,SBI인베스트먼트 *,테마 편입 사유,618.0,상승  8,1.31,618.0,619.0,489117.0,301.0,1422632.0,,,0.368216,4.47062064,"6,417.93",29.46,0.46,2026-04-22 15:50:46
119,창투사,4.64,330730,스톤브릿지벤처스 *,테마 편입 사유,6340.0,상승  60,0.96,6340.0,6370.0,64081.0,405.0,141620.0,,,0.368216,4.47062064,"6,417.93",29.46,0.46,2026-04-22 15:50:46
119,창투사,4.64,027830,대성창투 *,테마 편입 사유,1630.0,상승  6,0.37,1630.0,1631.0,181720.0,295.0,285367.0,,,0.368216,4.47062064,"6,417.93",29.46,0.46,2026-04-22 15:50:46
119,창투사,4.64,307930,컴퍼니케이 *,테마 편입 사유,9200.0,상승  30,0.33,9190.0,9200.0,138714.0,1276.0,470301.0,,,0.368216,4.47062064,"6,417.93",29.46,0.46,2026-04-22 15:50:46
119,창투사,4.64,309960,LB인베스트먼트 *,테마 편입 사유,5830.0,상승  10,0.17,5820.0,5830.0,49540.0,287.0,104617.0,,,0.368216,4.47062064,"6,417.93",29.46,0.46,2026-04-22 15:50:46
119,창투사,4.64,075130,플랜티넷 *,테마 편입 사유,2440.0,하락  5,-0.2,2435.0,2440.0,130637.0,317.0,299504.0,,,0.368216,4.47062064,"6,417.93",29.46,0.46,2026-04-22 15:50:46
119,창투사,4.64,440290,HB인베스트먼트 *,테마 편입 사유,2120.0,하락  5,-0.24,2120.0,2125.0,50535.0,107.0,47678.0,,,0.368216,4.47062064,"6,417.93",29.46,0.46,2026-04-22 15:50:46
119,창투사,4.64,026890,스틱인베스트먼트,테마 편입 사유,9650.0,하락  50,-0.52,9650.0,9700.0,36094.0,349.0,44205.0,,,0.368216,4.47062064,"6,417.93",29.46,0.46,2026-04-22 15:50:46
119,창투사,4.64,452300,캡스톤파트너스 *,테마 편입 사유,4580.0,하락  105,-2.24,4565.0,4580.0,645781.0,2994.0,1119300.0,,,0.368216,4.47062064,"6,417.93",29.46,0.46,2026-04-22 15:50:46
559,고체산화물 연료전지(SOFC),4.78,170920,엘티씨 *,테마 편입 사유,41500.0,"상승  5,250",14.48,41450.0,41500.0,796366.0,30225.0,486264.0,,,0.953675,4.3413095,"6,417.93",29.46,0.46,2026-04-22 15:50:46
559,고체산화물 연료전지(SOFC),4.78,336260,두산퓨얼셀,테마 편입 사유,48250.0,"상승  4,900",11.3,48200.0,48250.0,2064089.0,97152.0,704613.0,,,0.953675,4.3413095,"6,417.93",29.46,0.46,2026-04-22 15:50:46
559,고체산화물 연료전지(SOFC),4.78,417200,LS머트리얼즈 *,테마 편입 사유,25150.0,"상승  2,400",10.55,25100.0,25150.0,8603166.0,207659.0,3225934.0,,,0.953675,4.3413095,"6,417.93",29.46,0.46,2026-04-22 15:50:46
559,고체산화물 연료전지(SOFC),4.78,089890,코세스 *,테마 편입 사유,37900.0,"상승  2,850",8.13,37850.0,37900.0,397524.0,14666.0,386932.0,,,0.953675,4.3413095,"6,417.93",29.46,0.46,2026-04-22 15:50:46
559,고체산화물 연료전지(SOFC),4.78,452280,한선엔지니어링 *,테마 편입 사유,18700.0,상승  990,5.59,18700.0,18730.0,852341.0,15846.0,1208286.0,,,0.953675,4.3413095,"6,417.93",29.46,0.46,2026-04-22 15:50:46
559,고체산화물 연료전지(SOFC),4.78,382900,범한퓨얼셀 *,테마 편입 사유,31950.0,"상승  1,450",4.75,31850.0,31950.0,155581.0,4828.0,24816.0,,,0.953675,4.3413095,"6,417.93",29.46,0.46,2026-04-22 15:50:46
559,고체산화물 연료전지(SOFC),4.78,357580,아모센스 *,테마 편입 사유,18410.0,상승  780,4.42,18400.0,18410.0,764421.0,14137.0,369422.0,,,0.953675,4.3413095,"6,417.93",29.46,0.46,2026-04-22 15:50:46
559,고체산화물 연료전지(SOFC),4.78,475150,SK이터닉스,테마 편입 사유,55100.0,"상승  1,900",3.57,55000.0,55100.0,1918157.0,105416.0,790949.0,,,0.953675,4.3413095,"6,417.93",29.46,0.46,2026-04-22 15:50:46
559,고체산화물 연료전지(SOFC),4.78,282720,금양그린파워 *,테마 편입 사유,14510.0,상승  130,0.9,14510.0,14520.0,247750.0,3588.0,255213.0,,,0.953675,4.3413095,"6,417.93",29.46,0.46,2026-04-22 15:50:46
559,고체산화물 연료전지(SOFC),4.78,083650,비에이치아이 *,테마 편입 사유,98200.0,상승  400,0.41,98200.0,98300.0,278703.0,26953.0,452116.0,,,0.953675,4.3413095,"6,417.93",29.46,0.46,2026-04-22 15:50:46
559,고체산화물 연료전지(SOFC),4.78,056190,에스에프에이 *,테마 편입 사유,31550.0,하락  250,-0.79,31550.0,31600.0,126765.0,3996.0,216045.0,,,0.953675,4.3413095,"6,417.93",29.46,0.46,2026-04-22 15:50:46
559,고체산화물 연료전지(SOFC),4.78,059090,미코 *,테마 편입 사유,21100.0,"하락  1,350",-6.01,21050.0,21100.0,957646.0,20144.0,994229.0,,,0.953675,4.3413095,"6,417.93",29.46,0.46,2026-04-22 15:50:46
325,종합상사,3.83,001250,GS글로벌,테마 편입 사유,3950.0,상승  580,17.21,3945.0,3950.0,26891093.0,106608.0,2681874.0,,,0.346361,3.67067394,"6,417.93",29.46,0.46,2026-04-22 15:50:46
325,종합상사,3.83,001120,LX인터내셔널,테마 편입 사유,52900.0,"상승  2,800",5.59,52800.0,52900.0,227696.0,11890.0,145906.0,,,0.346361,3.67067394,"6,417.93",29.46,0.46,2026-04-22 15:50:46
325,종합상사,3.83,047050,포스코인터내셔널,테마 편입 사유,80600.0,"상승  3,100",4.0,80500.0,80600.0,898780.0,71581.0,551514.0,,,0.346361,3.67067394,"6,417.93",29.46,0.46,2026-04-22 15:50:46
325,종합상사,3.83,011760,현대코퍼레이션,테마 편입 사유,29750.0,"상승  1,100",3.84,29750.0,29800.0,120313.0,3553.0,99196.0,,,0.346361,3.67067394,"6,417.93",29.46,0.46,2026-04-22 15:50:46
325,종합상사,3.83,298020,효성티앤씨,테마 편입 사유,531000.0,"상승  4,000",0.76,530000.0,531000.0,31727.0,16848.0,41453.0,,,0.346361,3.67067394,"6,417.93",29.46,0.46,2026-04-22 15:50:46
325,종합상사,3.83,001740,SK네트웍스,테마 편입 사유,5410.0,상승  40,0.74,5410.0,5420.0,596108.0,3195.0,618035.0,,,0.346361,3.67067394,"6,417.93",29.46,0.46,2026-04-22 15:50:46
325,종합상사,3.83,003070,코오롱글로벌,테마 편입 사유,11800.0,하락  60,-0.51,11800.0,11810.0,93663.0,1095.0,138548.0,,,0.346361,3.67067394,"6,417.93",29.46,0.46,2026-04-22 15:50:46
325,종합상사,3.83,028260,삼성물산,테마 편입 사유,301000.0,"하락  3,000",-0.99,300500.0,301000.0,246043.0,73847.0,311495.0,,,0.346361,3.67067394,"6,417.93",29.46,0.46,2026-04-22 15:50:46
483,야놀자(Yanolja),3.71,027360,아주IB투자 *,테마 편입 사유,14150.0,"상승  2,030",16.75,14140.0,14150.0,36922087.0,528470.0,9347304.0,,,0.408392,3.52213968,"6,417.93",29.46,0.46,2026-04-22 15:50:46
483,야놀자(Yanolja),3.71,035080,그래디언트 *,테마 편입 사유,11930.0,상승  160,1.36,11820.0,11930.0,16796.0,197.0,28620.0,,,0.408392,3.52213968,"6,417.93",29.46,0.46,2026-04-22 15:50:46
483,야놀자(Yanolja),3.71,019550,SBI인베스트먼트 *,테마 편입 사유,618.0,상승  8,1.31,618.0,619.0,489117.0,301.0,1422632.0,,,0.408392,3.52213968,"6,417.93",29.46,0.46,2026-04-22 15:50:46
483,야놀자(Yanolja),3.71,003530,한화투자증권,테마 편입 사유,7740.0,하락  20,-0.26,7730.0,7740.0,2131712.0,16325.0,2664436.0,,,0.408392,3.52213968,"6,417.93",29.46,0.46,2026-04-22 15:50:46
483,야놀자(Yanolja),3.71,088350,한화생명,테마 편입 사유,4840.0,하락  30,-0.62,4835.0,4840.0,4060712.0,19419.0,3253770.0,,,0.408392,3.52213968,"6,417.93",29.46,0.46,2026-04-22 15:50:46
584,스페이스X(SpaceX),4.02,100790,미래에셋벤처투자 *,테마 편입 사유,57700.0,"상승  10,350",21.86,57700.0,57800.0,13073779.0,758294.0,8652982.0,,,1.139472,3.4958428799999997,"6,417.93",29.46,0.46,2026-04-22 15:50:46
584,스페이스X(SpaceX),4.02,027360,아주IB투자 *,테마 편입 사유,14150.0,"상승  2,030",16.75,14140.0,14150.0,36922087.0,528470.0,9347304.0,,,1.139472,3.4958428799999997,"6,417.93",29.46,0.46,2026-04-22 15:50:46
584,스페이스X(SpaceX),4.02,209640,와이제이링크 *,테마 편입 사유,6050.0,상승  320,5.58,6050.0,6060.0,23620652.0,150097.0,6128762.0,,,1.139472,3.4958428799999997,"6,417.93",29.46,0.46,2026-04-22 15:50:46
584,스페이스X(SpaceX),4.02,417010,나노팀 *,테마 편입 사유,12220.0,상승  280,2.35,12220.0,12230.0,1529294.0,19098.0,478194.0,,,1.139472,3.4958428799999997,"6,417.93",29.46,0.46,2026-04-22 15:50:46
584,스페이스X(SpaceX),4.02,001430,세아베스틸지주,테마 편입 사유,71400.0,"상승  1,500",2.15,71300.0,71400.0,164914.0,11622.0,172954.0,,,1.139472,3.4958428799999997,"6,417.93",29.46,0.46,2026-04-22 15:50:46
584,스페이스X(SpaceX),4.02,373220,LG에너지솔루션,테마 편입 사유,484500.0,"상승  6,500",1.36,484000.0,484500.0,880217.0,424084.0,1363543.0,,,1.139472,3.4958428799999997,"6,417.93",29.46,0.46,2026-04-22 15:50:46
584,스페이스X(SpaceX),4.02,347700,스피어 *,테마 편입 사유,44500.0,상승  250,0.56,44450.0,44500.0,1142217.0,50938.0,978042.0,,,1.139472,3.4958428799999997,"6,417.93",29.46,0.46,2026-04-22 15:50:46
584,스페이스X(SpaceX),4.02,006800,미래에셋증권,테마 편입 사유,69100.0,상승  300,0.44,69100.0,69200.0,2457077.0,170017.0,2185006.0,,,1.139472,3.4958428799999997,"6,417.93",29.46,0.46,2026-04-22 15:50:46
584,스페이스X(SpaceX),4.02,321370,센서뷰 *,테마 편입 사유,2940.0,보합0,0.0,0.0,0.0,0.0,0.0,0.0,,,1.139472,3.4958428799999997,"6,417.93",29.46,0.46,2026-04-22 15:50:46
584,스페이스X(SpaceX),4.02,274090,켄코아에어로스페이스 *,테마 편입 사유,23750.0,하락  50,-0.21,23700.0,23750.0,433999.0,10333.0,338498.0,,,1.139472,3.4958428799999997,"6,417.93",29.46,0.46,2026-04-22 15:50:46
584,스페이스X(SpaceX),4.02,295310,에이치브이엠 *,테마 편입 사유,90000.0,하락  700,-0.77,89900.0,90000.0,132986.0,11958.0,212473.0,,,1.139472,3.4958428799999997,"6,417.93",29.46,0.46,2026-04-22 15:50:46
584,스페이스X(SpaceX),4.02,272290,이녹스첨단소재 *,테마 편입 사유,35650.0,하락  650,-1.79,35650.0,35700.0,321689.0,11502.0,593702.0,,,1.139472,3.4958428799999997,"6,417.93",29.46,0.46,2026-04-22 15:50:46
580,유심(USIM),3.6,065440,이루온 *,테마 편입 사유,3845.0,상승  325,9.23,3840.0,3845.0,4023332.0,15129.0,1906593.0,,,0.369213,3.43016202,"6,417.93",29.46,0.46,2026-04-22 15:50:46
580,유심(USIM),3.6,070300,엑스큐어 *,테마 편입 사유,2990.0,상승  125,4.36,2985.0,2990.0,298485.0,861.0,805945.0,,,0.369213,3.43016202,"6,417.93",29.46,0.46,2026-04-22 15:50:46
580,유심(USIM),3.6,081580,성우전자 *,테마 편입 사유,3495.0,상승  120,3.56,3475.0,3495.0,159560.0,556.0,190436.0,,,0.369213,3.43016202,"6,417.93",29.46,0.46,2026-04-22 15:50:46
580,유심(USIM),3.6,057540,옴니시스템 *,테마 편입 사유,887.0,상승  9,1.03,887.0,888.0,269669.0,238.0,346354.0,,,0.369213,3.43016202,"6,417.93",29.46,0.46,2026-04-22 15:50:46
580,유심(USIM),3.6,089850,유비벨록스 *,테마 편입 사유,5720.0,하락  10,-0.17,5690.0,5720.0,43793.0,248.0,83009.0,,,0.369213,3.43016202,"6,417.93",29.46,0.46,2026-04-22 15:50:46
520,피팅(관이음쇠)/밸브,3.65,073010,케이에스피 *,테마 편입 사유,5070.0,상승  600,13.42,5070.0,5080.0,4191005.0,20541.0,1376909.0,,,0.824895,3.2705482999999997,"6,417.93",29.46,0.46,2026-04-22 15:50:46
520,피팅(관이음쇠)/밸브,3.65,452280,한선엔지니어링 *,테마 편입 사유,18700.0,상승  990,5.59,18700.0,18730.0,852341.0,15846.0,1208286.0,,,0.824895,3.2705482999999997,"6,417.93",29.46,0.46,2026-04-22 15:50:46
520,피팅(관이음쇠)/밸브,3.65,013030,하이록코리아 *,테마 편입 사유,41500.0,"상승  1,650",4.14,41500.0,41550.0,186621.0,7831.0,75864.0,,,0.824895,3.2705482999999997,"6,417.93",29.46,0.46,2026-04-22 15:50:46
520,피팅(관이음쇠)/밸브,3.65,105740,디케이락 *,테마 편입 사유,10650.0,상승  410,4.0,10650.0,10660.0,313849.0,3290.0,105431.0,,,0.824895,3.2705482999999997,"6,417.93",29.46,0.46,2026-04-22 15:50:46
520,피팅(관이음쇠)/밸브,3.65,014620,성광벤드 *,테마 편입 사유,39500.0,상승  900,2.33,39450.0,39500.0,200561.0,7835.0,199617.0,,,0.824895,3.2705482999999997,"6,417.93",29.46,0.46,2026-04-22 15:50:46
520,피팅(관이음쇠)/밸브,3.65,086670,비엠티 *,테마 편입 사유,15790.0,상승  260,1.67,15730.0,15790.0,48535.0,757.0,130410.0,,,0.824895,3.2705482999999997,"6,417.93",29.46,0.46,2026-04-22 15:50:46
520,피팅(관이음쇠)/밸브,3.65,039610,화성밸브 *,테마 편입 사유,9880.0,상승  120,1.23,9880.0,9890.0,327751.0,3217.0,574376.0,,,0.824895,3.2705482999999997,"6,417.93",29.46,0.46,2026-04-22 15:50:46
520,피팅(관이음쇠)/밸브,3.65,023160,태광 *,테마 편입 사유,44550.0,상승  150,0.34,44500.0,44550.0,184801.0,8204.0,253990.0,,,0.824895,3.2705482999999997,"6,417.93",29.46,0.46,2026-04-22 15:50:46
520,피팅(관이음쇠)/밸브,3.65,025550,한국선재 *,테마 편입 사유,3700.0,상승  5,0.14,3700.0,3705.0,261587.0,954.0,290857.0,,,0.824895,3.2705482999999997,"6,417.93",29.46,0.46,2026-04-22 15:50:46
534,페라이트,3.24,125210,아모그린텍 *,테마 편입 사유,12720.0,"상승  1,950",18.11,12710.0,12720.0,1365046.0,16462.0,597778.0,,,0.261044,3.11991976,"6,417.93",29.46,0.46,2026-04-22 15:50:46
534,페라이트,3.24,009470,삼화전기,테마 편입 사유,45150.0,"상승  2,850",6.74,45100.0,45150.0,951086.0,43783.0,293475.0,,,0.261044,3.11991976,"6,417.93",29.46,0.46,2026-04-22 15:50:46
534,페라이트,3.24,357580,아모센스 *,테마 편입 사유,18410.0,상승  780,4.42,18400.0,18410.0,764421.0,14137.0,369422.0,,,0.261044,3.11991976,"6,417.93",29.46,0.46,2026-04-22 15:50:46
534,페라이트,3.24,047400,유니온머티리얼,테마 편입 사유,1793.0,상승  74,4.3,1793.0,1794.0,1034779.0,1828.0,813772.0,,,0.261044,3.11991976,"6,417.93",29.46,0.46,2026-04-22 15:50:46
534,페라이트,3.24,011230,삼화전자,테마 편입 사유,2600.0,상승  70,2.77,2590.0,2600.0,91127.0,234.0,99983.0,,,0.261044,3.11991976,"6,417.93",29.46,0.46,2026-04-22 15:50:46
534,페라이트,3.24,015890,태경산업,테마 편입 사유,5210.0,상승  140,2.76,5200.0,5210.0,221042.0,1142.0,76965.0,,,0.261044,3.11991976,"6,417.93",29.46,0.46,2026-04-22 15:50:46
534,페라이트,3.24,037370,EG *,테마 편입 사유,5620.0,상승  150,2.74,5600.0,5620.0,115335.0,658.0,44713.0,,,0.261044,3.11991976,"6,417.93",29.46,0.46,2026-04-22 15:50:46
534,페라이트,3.24,148250,알엔투테크놀로지 *,테마 편입 사유,4210.0,상승  65,1.57,4205.0,4210.0,243375.0,1011.0,522984.0,,,0.261044,3.11991976,"6,417.93",29.46,0.46,2026-04-22 15:50:46
534,페라이트,3.24,263810,상신전자 *,테마 편입 사유,3240.0,상승  45,1.41,3235.0,3240.0,149835.0,483.0,144830.0,,,0.261044,3.11991976,"6,417.93",29.46,0.46,2026-04-22 15:50:46
534,페라이트,3.24,101240,씨큐브 *,테마 편입 사유,4215.0,상승  45,1.08,4210.0,4215.0,36098.0,151.0,62880.0,,,0.261044,3.11991976,"6,417.93",29.46,0.46,2026-04-22 15:50:46
534,페라이트,3.24,007770,한일화학 *,테마 편입 사유,7890.0,상승  50,0.64,7880.0,7890.0,7611.0,60.0,1639.0,,,0.261044,3.11991976,"6,417.93",29.46,0.46,2026-04-22 15:50:46
534,페라이트,3.24,095500,미래나노텍 *,테마 편입 사유,10900.0,상승  40,0.37,10900.0,10910.0,388679.0,4257.0,555688.0,,,0.261044,3.11991976,"6,417.93",29.46,0.46,2026-04-22 15:50:46
534,페라이트,3.24,079190,케스피온 *,테마 편입 사유,330.0,보합0,0.0,0.0,0.0,0.0,0.0,0.0,,,0.261044,3.11991976,"6,417.93",29.46,0.46,2026-04-22 15:50:46
534,페라이트,3.24,004710,한솔테크닉스,테마 편입 사유,7320.0,하락  120,-1.61,7310.0,7320.0,696015.0,5139.0,1051964.0,,,0.261044,3.11991976,"6,417.93",29.46,0.46,2026-04-22 15:50:46
106,바이오인식(생체인식),3.21,208710,포톤 *,테마 편입 사유,3490.0,상한가  805,29.98,3490.0,0.0,1835568.0,6205.0,847599.0,,,0.327651,3.05928054,"6,417.93",29.46,0.46,2026-04-22 15:50:46
106,바이오인식(생체인식),3.21,094840,슈프리마에이치큐 *,테마 편입 사유,10300.0,"상승  1,300",14.44,10290.0,10300.0,884640.0,9085.0,131052.0,,,0.327651,3.05928054,"6,417.93",29.46,0.46,2026-04-22 15:50:46
106,바이오인식(생체인식),3.21,236200,슈프리마 *,테마 편입 사유,54000.0,"상승  5,400",11.11,53900.0,54000.0,136094.0,7209.0,35183.0,,,0.327651,3.05928054,"6,417.93",29.46,0.46,2026-04-22 15:50:46
106,바이오인식(생체인식),3.21,232830,아이티센피엔에스 *,테마 편입 사유,4150.0,상승  250,6.41,4140.0,4150.0,523155.0,2128.0,407427.0,,,0.327651,3.05928054,"6,417.93",29.46,0.46,2026-04-22 15:50:46
106,바이오인식(생체인식),3.21,094170,동운아나텍 *,테마 편입 사유,44550.0,"상승  2,150",5.07,44550.0,44600.0,209507.0,9163.0,326383.0,,,0.327651,3.05928054,"6,417.93",29.46,0.46,2026-04-22 15:50:46
106,바이오인식(생체인식),3.21,203650,드림시큐리티 *,테마 편입 사유,3930.0,상승  130,3.42,3925.0,3930.0,24266263.0,93959.0,74748918.0,,,0.327651,3.05928054,"6,417.93",29.46,0.46,2026-04-22 15:50:46
106,바이오인식(생체인식),3.21,077500,유니퀘스트,테마 편입 사유,6930.0,상승  120,1.76,6900.0,6930.0,351613.0,2403.0,662265.0,,,0.327651,3.05928054,"6,417.93",29.46,0.46,2026-04-22 15:50:46
106,바이오인식(생체인식),3.21,076610,해성옵틱스 *,테마 편입 사유,1485.0,상승  23,1.57,1483.0,1485.0,2034806.0,3050.0,1368367.0,,,0.327651,3.05928054,"6,417.93",29.46,0.46,2026-04-22 15:50:46
106,바이오인식(생체인식),3.21,192650,드림텍,테마 편입 사유,6810.0,상승  80,1.19,6800.0,6810.0,225047.0,1517.0,340447.0,,,0.327651,3.05928054,"6,417.93",29.46,0.46,2026-04-22 15:50:46
106,바이오인식(생체인식),3.21,036810,에프에스티 *,테마 편입 사유,45000.0,상승  100,0.22,45000.0,45050.0,201545.0,8943.0,188020.0,,,0.327651,3.05928054,"6,417.93",29.46,0.46,2026-04-22 15:50:46
106,바이오인식(생체인식),3.21,097520,엠씨넥스,테마 편입 사유,23700.0,하락  50,-0.21,23700.0,23800.0,23732.0,561.0,30899.0,,,0.327651,3.05928054,"6,417.93",29.46,0.46,2026-04-22 15:50:46
106,바이오인식(생체인식),3.21,091700,파트론 *,테마 편입 사유,8320.0,하락  30,-0.36,8300.0,8320.0,195534.0,1619.0,246280.0,,,0.327651,3.05928054,"6,417.93",29.46,0.46,2026-04-22 15:50:46
106,바이오인식(생체인식),3.21,047310,파워로직스 *,테마 편입 사유,5460.0,하락  60,-1.09,5460.0,5470.0,210258.0,1140.0,289529.0,,,0.327651,3.05928054,"6,417.93",29.46,0.46,2026-04-22 15:50:46
106,바이오인식(생체인식),3.21,340810,시선AI *,테마 편입 사유,3105.0,하락  40,-1.27,3105.0,3115.0,69510.0,215.0,121416.0,,,0.327651,3.05928054,"6,417.93",29.46,0.46,2026-04-22 15:50:46
106,바이오인식(생체인식),3.21,131090,시큐브 *,테마 편입 사유,4225.0,하락  60,-1.4,4205.0,4225.0,107250.0,447.0,161470.0,,,0.327651,3.05928054,"6,417.93",29.46,0.46,2026-04-22 15:50:46
106,바이오인식(생체인식),3.21,317770,엑스페릭스 *,테마 편입 사유,3670.0,하락  55,-1.48,3670.0,3675.0,443661.0,1645.0,574652.0,,,0.327651,3.05928054,"6,417.93",29.46,0.46,2026-04-22 15:50:46
106,바이오인식(생체인식),3.21,203450,유니온바이오메트릭스 *,테마 편입 사유,3315.0,하락  60,-1.78,3315.0,3320.0,61761.0,204.0,446338.0,,,0.327651,3.05928054,"6,417.93",29.46,0.46,2026-04-22 15:50:46
106,바이오인식(생체인식),3.21,042510,라온시큐어 *,테마 편입 사유,13190.0,하락  430,-3.16,13190.0,13200.0,967184.0,12791.0,2068547.0,,,0.327651,3.05928054,"6,417.93",29.46,0.46,2026-04-22 15:50:46
106,바이오인식(생체인식),3.21,347860,알체라 *,테마 편입 사유,2775.0,하락  100,-3.48,2775.0,2780.0,1046903.0,2895.0,1581324.0,,,0.327651,3.05928054,"6,417.93",29.46,0.46,2026-04-22 15:50:46
171,비철금속,3.11,006110,삼아알미늄,테마 편입 사유,71300.0,"상승  12,800",21.88,71200.0,71300.0,2193857.0,159872.0,750915.0,,,0.359222,2.94475788,"6,417.93",29.46,0.46,2026-04-22 15:50:46
171,비철금속,3.11,001530,DI동일,테마 편입 사유,30500.0,"상승  4,350",16.63,30500.0,30550.0,766590.0,23212.0,320736.0,,,0.359222,2.94475788,"6,417.93",29.46,0.46,2026-04-22 15:50:46
171,비철금속,3.11,018470,조일알미늄,테마 편입 사유,1874.0,상승  205,12.28,1874.0,1875.0,98528006.0,191932.0,6110709.0,,,0.359222,2.94475788,"6,417.93",29.46,0.46,2026-04-22 15:50:46
171,비철금속,3.11,354320,알멕 *,테마 편입 사유,92200.0,"상승  6,500",7.58,92100.0,92200.0,208481.0,18980.0,150479.0,,,0.359222,2.94475788,"6,417.93",29.46,0.46,2026-04-22 15:50:46
171,비철금속,3.11,009190,대양금속,테마 편입 사유,1506.0,상승  50,3.43,1505.0,1506.0,336510.0,506.0,410775.0,,,0.359222,2.94475788,"6,417.93",29.46,0.46,2026-04-22 15:50:46
171,비철금속,3.11,015890,태경산업,테마 편입 사유,5210.0,상승  140,2.76,5200.0,5210.0,221042.0,1142.0,76965.0,,,0.359222,2.94475788,"6,417.93",29.46,0.46,2026-04-22 15:50:46
171,비철금속,3.11,021050,서원,테마 편입 사유,1410.0,상승  28,2.03,1410.0,1412.0,777290.0,1089.0,1064887.0,,,0.359222,2.94475788,"6,417.93",29.46,0.46,2026-04-22 15:50:46
171,비철금속,3.11,000670,영풍,테마 편입 사유,66600.0,"상승  1,200",1.83,66500.0,66600.0,38091.0,2499.0,25132.0,,,0.359222,2.94475788,"6,417.93",29.46,0.46,2026-04-22 15:50:46
171,비철금속,3.11,010130,고려아연,테마 편입 사유,1698000.0,"상승  28,000",1.68,1697000.0,1698000.0,18682.0,31329.0,16046.0,,,0.359222,2.94475788,"6,417.93",29.46,0.46,2026-04-22 15:50:46
171,비철금속,3.11,103140,풍산,테마 편입 사유,101400.0,"상승  1,500",1.5,101300.0,101400.0,187704.0,18860.0,145874.0,,,0.359222,2.94475788,"6,417.93",29.46,0.46,2026-04-22 15:50:46
171,비철금속,3.11,198940,한주라이트메탈 *,테마 편입 사유,720.0,상승  10,1.41,720.0,721.0,297371.0,211.0,373375.0,,,0.359222,2.94475788,"6,417.93",29.46,0.46,2026-04-22 15:50:46
171,비철금속,3.11,186230,그린플러스 *,테마 편입 사유,4700.0,상승  65,1.4,4695.0,4700.0,28485.0,133.0,53183.0,,,0.359222,2.94475788,"6,417.93",29.46,0.46,2026-04-22 15:50:46
171,비철금속,3.11,012800,대창,테마 편입 사유,1488.0,상승  18,1.22,1488.0,1489.0,641256.0,952.0,949535.0,,,0.359222,2.94475788,"6,417.93",29.46,0.46,2026-04-22 15:50:46
171,비철금속,3.11,001780,알루코,테마 편입 사유,2590.0,상승  25,0.97,2590.0,2595.0,9182327.0,24709.0,2017367.0,,,0.359222,2.94475788,"6,417.93",29.46,0.46,2026-04-22 15:50:46
171,비철금속,3.11,037760,쎄니트 *,테마 편입 사유,2370.0,상승  20,0.85,2365.0,2370.0,13724.0,33.0,49428.0,,,0.359222,2.94475788,"6,417.93",29.46,0.46,2026-04-22 15:50:46
171,비철금속,3.11,060480,국일신동 *,테마 편입 사유,1809.0,상승  15,0.84,1808.0,1809.0,30026.0,54.0,61379.0,,,0.359222,2.94475788,"6,417.93",29.46,0.46,2026-04-22 15:50:46
171,비철금속,3.11,032560,황금에스티,테마 편입 사유,6230.0,상승  40,0.65,6150.0,6230.0,30153.0,185.0,43038.0,,,0.359222,2.94475788,"6,417.93",29.46,0.46,2026-04-22 15:50:46
171,비철금속,3.11,008350,남선알미늄,테마 편입 사유,2425.0,상승  15,0.62,2420.0,2425.0,59182007.0,153966.0,9437613.0,,,0.359222,2.94475788,"6,417.93",29.46,0.46,2026-04-22 15:50:46
171,비철금속,3.11,004560,현대비앤지스틸,테마 편입 사유,15930.0,상승  70,0.44,15930.0,15940.0,134042.0,2118.0,168012.0,,,0.359222,2.94475788,"6,417.93",29.46,0.46,2026-04-22 15:50:46
171,비철금속,3.11,009520,포스코엠텍 *,테마 편입 사유,20550.0,상승  50,0.24,20500.0,20550.0,480954.0,9824.0,928615.0,,,0.359222,2.94475788,"6,417.93",29.46,0.46,2026-04-22 15:50:46
171,비철금속,3.11,005810,풍산홀딩스,테마 편입 사유,44700.0,상승  50,0.11,44650.0,44700.0,106425.0,4732.0,150055.0,,,0.359222,2.94475788,"6,417.93",29.46,0.46,2026-04-22 15:50:46
171,비철금속,3.11,128660,피제이메탈 *,테마 편입 사유,3530.0,보합0,0.0,3530.0,3535.0,710419.0,2579.0,290879.0,,,0.359222,2.94475788,"6,417.93",29.46,0.46,2026-04-22 15:50:46
171,비철금속,3.11,025820,이구산업,테마 편입 사유,5380.0,하락  10,-0.19,5370.0,5380.0,270973.0,1451.0,354449.0,,,0.359222,2.94475788,"6,417.93",29.46,0.46,2026-04-22 15:50:46
171,비철금속,3.11,009730,이렘 *,테마 편입 사유,474.0,하락  5,-1.04,473.0,474.0,583625.0,276.0,517627.0,,,0.359222,2.94475788,"6,417.93",29.46,0.46,2026-04-22 15:50:46
171,비철금속,3.11,081150,티플랙스 *,테마 편입 사유,3585.0,하락  55,-1.51,3585.0,3590.0,208282.0,752.0,247045.0,,,0.359222,2.94475788,"6,417.93",29.46,0.46,2026-04-22 15:50:46
507,마이데이터,3.03,163730,핑거 *,테마 편입 사유,18070.0,"상한가  4,170",30.0,18070.0,0.0,4246530.0,71498.0,821898.0,,,0.305335,2.8895459,"6,417.93",29.46,0.46,2026-04-22 15:50:46
507,마이데이터,3.03,036630,세종텔레콤 *,테마 편입 사유,11450.0,상승  860,8.12,11450.0,11460.0,21892.0,243.0,20600.0,,,0.305335,2.8895459,"6,417.93",29.46,0.46,2026-04-22 15:50:46
507,마이데이터,3.03,150900,파수 *,테마 편입 사유,5030.0,상승  140,2.86,5030.0,5040.0,323706.0,1569.0,266431.0,,,0.305335,2.8895459,"6,417.93",29.46,0.46,2026-04-22 15:50:46
507,마이데이터,3.03,030190,NICE평가정보,테마 편입 사유,15690.0,상승  50,0.32,15690.0,15740.0,67337.0,1044.0,38433.0,,,0.305335,2.8895459,"6,417.93",29.46,0.46,2026-04-22 15:50:46
507,마이데이터,3.03,035420,NAVER,테마 편입 사유,214000.0,보합0,0.0,214000.0,214500.0,364647.0,77973.0,545889.0,,,0.305335,2.8895459,"6,417.93",29.46,0.46,2026-04-22 15:50:46
507,마이데이터,3.03,089850,유비벨록스 *,테마 편입 사유,5720.0,하락  10,-0.17,5690.0,5720.0,43793.0,248.0,83009.0,,,0.305335,2.8895459,"6,417.93",29.46,0.46,2026-04-22 15:50:46
507,마이데이터,3.03,294570,쿠콘 *,테마 편입 사유,30000.0,하락  100,-0.33,29900.0,30000.0,20040.0,591.0,24113.0,,,0.305335,2.8895459,"6,417.93",29.46,0.46,2026-04-22 15:50:46
507,마이데이터,3.03,372800,아이티아이즈 *,테마 편입 사유,4140.0,하락  45,-1.08,4140.0,4160.0,6608.0,27.0,34579.0,,,0.305335,2.8895459,"6,417.93",29.46,0.46,2026-04-22 15:50:46
507,마이데이터,3.03,214180,헥토이노베이션 *,테마 편입 사유,19330.0,하락  260,-1.33,19290.0,19330.0,115444.0,2218.0,120965.0,,,0.305335,2.8895459,"6,417.93",29.46,0.46,2026-04-22 15:50:46
507,마이데이터,3.03,158430,아톤 *,테마 편입 사유,9180.0,하락  170,-1.82,9180.0,9190.0,1328112.0,11831.0,1978982.0,,,0.305335,2.8895459,"6,417.93",29.46,0.46,2026-04-22 15:50:46
507,마이데이터,3.03,170790,파이오링크 *,테마 편입 사유,10990.0,하락  370,-3.26,10950.0,10990.0,74389.0,819.0,167721.0,,,0.305335,2.8895459,"6,417.93",29.46,0.46,2026-04-22 15:50:46
547,CXL(컴퓨트익스프레스링크),2.99,394280,오픈엣지테크놀로지 *,테마 편입 사유,19120.0,"상승  1,440",8.14,19120.0,19130.0,1036583.0,19458.0,252259.0,,,0.856396,2.5960578400000003,"6,417.93",29.46,0.46,2026-04-22 15:50:46
547,CXL(컴퓨트익스프레스링크),2.99,440110,파두 *,테마 편입 사유,65400.0,"상승  4,600",7.57,65400.0,65500.0,972810.0,61743.0,595283.0,,,0.856396,2.5960578400000003,"6,417.93",29.46,0.46,2026-04-22 15:50:46
547,CXL(컴퓨트익스프레스링크),2.99,007810,코리아써키트,테마 편입 사유,95400.0,"상승  5,800",6.47,95400.0,95500.0,389931.0,36257.0,294102.0,,,0.856396,2.5960578400000003,"6,417.93",29.46,0.46,2026-04-22 15:50:46
547,CXL(컴퓨트익스프레스링크),2.99,356860,티엘비 *,테마 편입 사유,82300.0,"상승  4,700",6.06,82200.0,82300.0,345113.0,27392.0,218292.0,,,0.856396,2.5960578400000003,"6,417.93",29.46,0.46,2026-04-22 15:50:46
547,CXL(컴퓨트익스프레스링크),2.99,092870,엑시콘 *,테마 편입 사유,34300.0,"상승  1,350",4.1,34250.0,34300.0,227595.0,7551.0,281494.0,,,0.856396,2.5960578400000003,"6,417.93",29.46,0.46,2026-04-22 15:50:46
547,CXL(컴퓨트익스프레스링크),2.99,432720,퀄리타스반도체 *,테마 편입 사유,20150.0,상승  630,3.23,20100.0,20150.0,1457194.0,28568.0,2865687.0,,,0.856396,2.5960578400000003,"6,417.93",29.46,0.46,2026-04-22 15:50:46
547,CXL(컴퓨트익스프레스링크),2.99,405100,큐알티 *,테마 편입 사유,21450.0,상승  550,2.63,21400.0,21450.0,213677.0,4588.0,188162.0,,,0.856396,2.5960578400000003,"6,417.93",29.46,0.46,2026-04-22 15:50:46
547,CXL(컴퓨트익스프레스링크),2.99,253590,네오셈 *,테마 편입 사유,18000.0,상승  250,1.41,17990.0,18000.0,1118669.0,19804.0,1043358.0,,,0.856396,2.5960578400000003,"6,417.93",29.46,0.46,2026-04-22 15:50:46
547,CXL(컴퓨트익스프레스링크),2.99,019680,대교,테마 편입 사유,1594.0,상승  8,0.5,1571.0,1594.0,81108.0,127.0,52931.0,,,0.856396,2.5960578400000003,"6,417.93",29.46,0.46,2026-04-22 15:50:46
547,CXL(컴퓨트익스프레스링크),2.99,000660,SK하이닉스,테마 편입 사유,1223000.0,"하락  1,000",-0.08,1223000.0,1224000.0,2868923.0,3486988.0,3516960.0,,,0.856396,2.5960578400000003,"6,417.93",29.46,0.46,2026-04-22 15:50:46
547,CXL(컴퓨트익스프레스링크),2.99,080580,오킨스전자 *,테마 편입 사유,22500.0,하락  50,-0.22,22450.0,22500.0,309475.0,6994.0,482949.0,,,0.856396,2.5960578400000003,"6,417.93",29.46,0.46,2026-04-22 15:50:46
547,CXL(컴퓨트익스프레스링크),2.99,043650,국순당 *,테마 편입 사유,4330.0,하락  10,-0.23,4315.0,4330.0,19489.0,84.0,40565.0,,,0.856396,2.5960578400000003,"6,417.93",29.46,0.46,2026-04-22 15:50:46
547,CXL(컴퓨트익스프레스링크),2.99,005930,삼성전자,테마 편입 사유,217500.0,"하락  1,500",-0.68,217500.0,218000.0,16732706.0,3648624.0,16752132.0,,,0.856396,2.5960578400000003,"6,417.93",29.46,0.46,2026-04-22 15:50:46
349,드론(Drone),2.76,093640,케이알엠 *,테마 편입 사유,5190.0,"상승  1,020",24.46,5180.0,5190.0,1200944.0,5921.0,50004.0,,,0.531453,2.51553162,"6,417.93",29.46,0.46,2026-04-22 15:50:46
349,드론(Drone),2.76,010820,퍼스텍,테마 편입 사유,16360.0,"상승  1,950",13.53,16360.0,16370.0,25960353.0,437213.0,6863490.0,,,0.531453,2.51553162,"6,417.93",29.46,0.46,2026-04-22 15:50:46
349,드론(Drone),2.76,005870,휴니드,테마 편입 사유,10480.0,"상승  1,140",12.21,10480.0,10490.0,3224030.0,34534.0,436649.0,,,0.531453,2.51553162,"6,417.93",29.46,0.46,2026-04-22 15:50:46
349,드론(Drone),2.76,079550,LIG디펜스앤에어로스페이스,테마 편입 사유,1020000.0,"상승  111,000",12.21,1020000.0,1021000.0,1256166.0,1287234.0,165856.0,,,0.531453,2.51553162,"6,417.93",29.46,0.46,2026-04-22 15:50:46
349,드론(Drone),2.76,204610,티쓰리 *,테마 편입 사유,3240.0,상승  150,4.85,3235.0,3240.0,704159.0,2214.0,390792.0,,,0.531453,2.51553162,"6,417.93",29.46,0.46,2026-04-22 15:50:46
349,드론(Drone),2.76,033320,제이씨현시스템 *,테마 편입 사유,5240.0,상승  180,3.56,5240.0,5250.0,917834.0,4806.0,268260.0,,,0.531453,2.51553162,"6,417.93",29.46,0.46,2026-04-22 15:50:46
349,드론(Drone),2.76,093520,매커스 *,테마 편입 사유,24900.0,상승  850,3.53,24900.0,24950.0,53535.0,1314.0,33251.0,,,0.531453,2.51553162,"6,417.93",29.46,0.46,2026-04-22 15:50:46
349,드론(Drone),2.76,035460,기산텔레콤 *,테마 편입 사유,4350.0,상승  130,3.08,4350.0,4355.0,613720.0,2596.0,912049.0,,,0.531453,2.51553162,"6,417.93",29.46,0.46,2026-04-22 15:50:46
349,드론(Drone),2.76,475580,에이럭스 *,테마 편입 사유,14030.0,상승  390,2.86,14030.0,14040.0,1517117.0,21923.0,688097.0,,,0.531453,2.51553162,"6,417.93",29.46,0.46,2026-04-22 15:50:46
349,드론(Drone),2.76,424960,스마트레이더시스템 *,테마 편입 사유,7210.0,상승  200,2.85,7190.0,7210.0,93359.0,663.0,70073.0,,,0.531453,2.51553162,"6,417.93",29.46,0.46,2026-04-22 15:50:46
349,드론(Drone),2.76,272210,한화시스템,테마 편입 사유,134100.0,"상승  2,700",2.05,134100.0,134200.0,1583516.0,212787.0,649875.0,,,0.531453,2.51553162,"6,417.93",29.46,0.46,2026-04-22 15:50:46
349,드론(Drone),2.76,047810,한국항공우주,테마 편입 사유,185800.0,"상승  3,300",1.81,185700.0,185800.0,620990.0,115421.0,599874.0,,,0.531453,2.51553162,"6,417.93",29.46,0.46,2026-04-22 15:50:46
349,드론(Drone),2.76,012450,한화에어로스페이스,테마 편입 사유,1416000.0,"상승  25,000",1.8,1415000.0,1416000.0,159301.0,226328.0,162137.0,,,0.531453,2.51553162,"6,417.93",29.46,0.46,2026-04-22 15:50:46
349,드론(Drone),2.76,015710,코콤 *,테마 편입 사유,4070.0,상승  20,0.49,4055.0,4070.0,108746.0,441.0,108990.0,,,0.531453,2.51553162,"6,417.93",29.46,0.46,2026-04-22 15:50:46
349,드론(Drone),2.76,099320,쎄트렉아이 *,테마 편입 사유,179700.0,상승  800,0.45,179600.0,179700.0,119417.0,21152.0,103447.0,,,0.531453,2.51553162,"6,417.93",29.46,0.46,2026-04-22 15:50:46
349,드론(Drone),2.76,054920,한컴위드 *,테마 편입 사유,6510.0,상승  10,0.15,6510.0,6550.0,867430.0,5596.0,1747002.0,,,0.531453,2.51553162,"6,417.93",29.46,0.46,2026-04-22 15:50:46
349,드론(Drone),2.76,306620,지아이에스 *,테마 편입 사유,3310.0,보합0,0.0,3310.0,3320.0,422238.0,1391.0,919913.0,,,0.531453,2.51553162,"6,417.93",29.46,0.46,2026-04-22 15:50:46
349,드론(Drone),2.76,096630,에스코넥 *,테마 편입 사유,813.0,보합0,0.0,0.0,0.0,0.0,0.0,0.0,,,0.531453,2.51553162,"6,417.93",29.46,0.46,2026-04-22 15:50:46
349,드론(Drone),2.76,223310,사토시홀딩스 *,테마 편입 사유,2275.0,보합0,0.0,0.0,0.0,0.0,0.0,0.0,,,0.531453,2.51553162,"6,417.93",29.46,0.46,2026-04-22 15:50:46
349,드론(Drone),2.76,047080,한빛소프트 *,테마 편입 사유,1318.0,하락  1,-0.08,1315.0,1318.0,149959.0,197.0,317196.0,,,0.531453,2.51553162,"6,417.93",29.46,0.46,2026-04-22 15:50:46
349,드론(Drone),2.76,274090,켄코아에어로스페이스 *,테마 편입 사유,23750.0,하락  50,-0.21,23700.0,23750.0,433999.0,10333.0,338498.0,,,0.531453,2.51553162,"6,417.93",29.46,0.46,2026-04-22 15:50:46
349,드론(Drone),2.76,097520,엠씨넥스,테마 편입 사유,23700.0,하락  50,-0.21,23700.0,23800.0,23732.0,561.0,30899.0,,,0.531453,2.51553162,"6,417.93",29.46,0.46,2026-04-22 15:50:46
349,드론(Drone),2.76,023800,인지컨트롤스,테마 편입 사유,7760.0,하락  20,-0.26,7750.0,7760.0,41969.0,323.0,94530.0,,,0.531453,2.51553162,"6,417.93",29.46,0.46,2026-04-22 15:50:46
349,드론(Drone),2.76,051380,피씨디렉트 *,테마 편입 사유,2295.0,하락  25,-1.08,2290.0,2295.0,135871.0,309.0,182702.0,,,0.531453,2.51553162,"6,417.93",29.46,0.46,2026-04-22 15:50:46
349,드론(Drone),2.76,030200,KT,테마 편입 사유,61800.0,하락  900,-1.44,61800.0,62000.0,244783.0,15146.0,940085.0,,,0.531453,2.51553162,"6,417.93",29.46,0.46,2026-04-22 15:50:46
349,드론(Drone),2.76,177350,베셀 *,테마 편입 사유,1082.0,하락  16,-1.46,1082.0,1087.0,185698.0,201.0,181387.0,,,0.531453,2.51553162,"6,417.93",29.46,0.46,2026-04-22 15:50:46
349,드론(Drone),2.76,187220,디티앤씨 *,테마 편입 사유,3325.0,하락  50,-1.48,3315.0,3325.0,69408.0,231.0,80484.0,,,0.531453,2.51553162,"6,417.93",29.46,0.46,2026-04-22 15:50:46
349,드론(Drone),2.76,003490,대한항공,테마 편입 사유,25200.0,하락  400,-1.56,25200.0,25250.0,967296.0,24294.0,1462650.0,,,0.531453,2.51553162,"6,417.93",29.46,0.46,2026-04-22 15:50:46
349,드론(Drone),2.76,077360,덕산하이메탈 *,테마 편입 사유,15750.0,하락  350,-2.17,15750.0,15760.0,1677380.0,26338.0,1624859.0,,,0.531453,2.51553162,"6,417.93",29.46,0.46,2026-04-22 15:50:46
575,지역화폐,2.78,088340,유라클 *,테마 편입 사유,14900.0,"상승  1,800",13.74,14890.0,14900.0,3456246.0,51988.0,2637255.0,,,0.656144,2.47817376,"6,417.93",29.46,0.46,2026-04-22 15:50:46
575,지역화폐,2.78,053580,웹케시 *,테마 편입 사유,9760.0,상승  200,2.09,9760.0,9770.0,126645.0,1232.0,304592.0,,,0.656144,2.47817376,"6,417.93",29.46,0.46,2026-04-22 15:50:46
575,지역화폐,2.78,094480,갤럭시아머니트리 *,테마 편입 사유,8900.0,보합0,0.0,8890.0,8900.0,229611.0,2023.0,250472.0,,,0.656144,2.47817376,"6,417.93",29.46,0.46,2026-04-22 15:50:46
575,지역화폐,2.78,294570,쿠콘 *,테마 편입 사유,30000.0,하락  100,-0.33,29900.0,30000.0,20040.0,591.0,24113.0,,,0.656144,2.47817376,"6,417.93",29.46,0.46,2026-04-22 15:50:46
575,지역화폐,2.78,052400,코나아이 *,테마 편입 사유,61200.0,"하락  1,000",-1.61,61100.0,61200.0,179685.0,10883.0,185237.0,,,0.656144,2.47817376,"6,417.93",29.46,0.46,2026-04-22 15:50:46
481,마켓컬리(kurly),2.55,100790,미래에셋벤처투자 *,테마 편입 사유,57700.0,"상승  10,350",21.86,57700.0,57800.0,13073779.0,758294.0,8652982.0,,,0.28742,2.4177868,"6,417.93",29.46,0.46,2026-04-22 15:50:46
481,마켓컬리(kurly),2.55,241520,DSC인베스트먼트 *,테마 편입 사유,15380.0,상승  700,4.77,15380.0,15390.0,1661933.0,25288.0,583242.0,,,0.28742,2.4177868,"6,417.93",29.46,0.46,2026-04-22 15:50:46
481,마켓컬리(kurly),2.55,001740,SK네트웍스,테마 편입 사유,5410.0,상승  40,0.74,5410.0,5420.0,596108.0,3195.0,618035.0,,,0.28742,2.4177868,"6,417.93",29.46,0.46,2026-04-22 15:50:46
481,마켓컬리(kurly),2.55,006890,태경케미컬,테마 편입 사유,8770.0,상승  60,0.69,8770.0,8780.0,162939.0,1434.0,85988.0,,,0.28742,2.4177868,"6,417.93",29.46,0.46,2026-04-22 15:50:46
481,마켓컬리(kurly),2.55,025880,케이씨피드 *,테마 편입 사유,3000.0,상승  20,0.67,3000.0,3025.0,151325.0,456.0,182920.0,,,0.28742,2.4177868,"6,417.93",29.46,0.46,2026-04-22 15:50:46
481,마켓컬리(kurly),2.55,067010,이씨에스 *,테마 편입 사유,2410.0,상승  15,0.63,2410.0,2415.0,39127.0,94.0,29950.0,,,0.28742,2.4177868,"6,417.93",29.46,0.46,2026-04-22 15:50:46
481,마켓컬리(kurly),2.55,036580,팜스코,테마 편입 사유,3590.0,하락  10,-0.28,3580.0,3590.0,47402.0,168.0,107258.0,,,0.28742,2.4177868,"6,417.93",29.46,0.46,2026-04-22 15:50:46
481,마켓컬리(kurly),2.55,051160,지어소프트 *,테마 편입 사유,7500.0,하락  30,-0.4,7490.0,7500.0,43283.0,323.0,94128.0,,,0.28742,2.4177868,"6,417.93",29.46,0.46,2026-04-22 15:50:46
481,마켓컬리(kurly),2.55,189980,흥국에프엔비 *,테마 편입 사유,1626.0,하락  14,-0.85,1626.0,1627.0,140302.0,227.0,162355.0,,,0.28742,2.4177868,"6,417.93",29.46,0.46,2026-04-22 15:50:46
481,마켓컬리(kurly),2.55,103840,우양 *,테마 편입 사유,3200.0,하락  75,-2.29,3195.0,3200.0,104313.0,334.0,135762.0,,,0.28742,2.4177868,"6,417.93",29.46,0.46,2026-04-22 15:50:46
178,전선,2.88,000500,가온전선,테마 편입 사유,180000.0,"상승  24,600",15.83,179900.0,180000.0,201047.0,35960.0,64603.0,,,1.020705,2.4104757,"6,417.93",29.46,0.46,2026-04-22 15:50:46
178,전선,2.88,006260,LS,테마 편입 사유,355000.0,"상승  17,500",5.19,354500.0,355000.0,171301.0,59719.0,134018.0,,,1.020705,2.4104757,"6,417.93",29.46,0.46,2026-04-22 15:50:46
178,전선,2.88,229640,LS에코에너지,테마 편입 사유,60000.0,"상승  1,500",2.56,60000.0,60100.0,418643.0,25043.0,284463.0,,,1.020705,2.4104757,"6,417.93",29.46,0.46,2026-04-22 15:50:46
178,전선,2.88,103590,일진전기,테마 편입 사유,87500.0,"상승  1,100",1.27,87400.0,87500.0,254204.0,21931.0,284076.0,,,1.020705,2.4104757,"6,417.93",29.46,0.46,2026-04-22 15:50:46
178,전선,2.88,006340,대원전선,테마 편입 사유,6440.0,상승  40,0.63,6440.0,6450.0,4254545.0,27042.0,5045146.0,,,1.020705,2.4104757,"6,417.93",29.46,0.46,2026-04-22 15:50:46
178,전선,2.88,024840,KBI메탈 *,테마 편입 사유,2640.0,하락  10,-0.38,2640.0,2645.0,1735842.0,4685.0,1276073.0,,,1.020705,2.4104757,"6,417.93",29.46,0.46,2026-04-22 15:50:46
178,전선,2.88,060370,LS마린솔루션 *,테마 편입 사유,33750.0,하락  300,-0.88,33750.0,33800.0,382526.0,12897.0,493144.0,,,1.020705,2.4104757,"6,417.93",29.46,0.46,2026-04-22 15:50:46
178,전선,2.88,001440,대한전선,테마 편입 사유,41050.0,하락  500,-1.2,41000.0,41050.0,6558194.0,264697.0,10959062.0,,,1.020705,2.4104757,"6,417.93",29.46,0.46,2026-04-22 15:50:46
332,스마트카(SMART CAR),2.61,011070,LG이노텍,테마 편입 사유,500000.0,"상승  75,000",17.65,500000.0,501000.0,598827.0,290055.0,201193.0,,,0.453456,2.4014102399999997,"6,417.93",29.46,0.46,2026-04-22 15:50:46
332,스마트카(SMART CAR),2.61,000990,DB하이텍,테마 편입 사유,127900.0,"상승  5,900",4.84,127800.0,127900.0,633243.0,79720.0,720299.0,,,0.453456,2.4014102399999997,"6,417.93",29.46,0.46,2026-04-22 15:50:46
332,스마트카(SMART CAR),2.61,087260,모바일어플라이언스 *,테마 편입 사유,2165.0,상승  100,4.84,2165.0,2170.0,1210662.0,2580.0,233796.0,,,0.453456,2.4014102399999997,"6,417.93",29.46,0.46,2026-04-22 15:50:46
332,스마트카(SMART CAR),2.61,012330,현대모비스,테마 편입 사유,456500.0,"상승  9,500",2.13,456500.0,457000.0,290284.0,130922.0,330317.0,,,0.453456,2.4014102399999997,"6,417.93",29.46,0.46,2026-04-22 15:50:46
332,스마트카(SMART CAR),2.61,039290,인포뱅크 *,테마 편입 사유,5080.0,상승  90,1.8,5070.0,5080.0,25359.0,127.0,22880.0,,,0.453456,2.4014102399999997,"6,417.93",29.46,0.46,2026-04-22 15:50:46
332,스마트카(SMART CAR),2.61,352910,오비고 *,테마 편입 사유,5300.0,상승  80,1.53,5300.0,5310.0,26475.0,138.0,81566.0,,,0.453456,2.4014102399999997,"6,417.93",29.46,0.46,2026-04-22 15:50:46
332,스마트카(SMART CAR),2.61,053450,세코닉스 *,테마 편입 사유,5480.0,상승  60,1.11,5450.0,5480.0,117697.0,635.0,115667.0,,,0.453456,2.4014102399999997,"6,417.93",29.46,0.46,2026-04-22 15:50:46
332,스마트카(SMART CAR),2.61,204320,HL만도,테마 편입 사유,54500.0,상승  200,0.37,54400.0,54500.0,194943.0,10483.0,267266.0,,,0.453456,2.4014102399999997,"6,417.93",29.46,0.46,2026-04-22 15:50:46
332,스마트카(SMART CAR),2.61,118990,모트렉스 *,테마 편입 사유,9050.0,상승  10,0.11,9040.0,9050.0,130120.0,1165.0,201604.0,,,0.453456,2.4014102399999997,"6,417.93",29.46,0.46,2026-04-22 15:50:46
332,스마트카(SMART CAR),2.61,038880,아이에이 *,테마 편입 사유,135.0,보합0,0.0,0.0,0.0,0.0,0.0,0.0,,,0.453456,2.4014102399999997,"6,417.93",29.46,0.46,2026-04-22 15:50:46
332,스마트카(SMART CAR),2.61,086960,MDS테크 *,테마 편입 사유,1115.0,보합0,0.0,0.0,0.0,0.0,0.0,0.0,,,0.453456,2.4014102399999997,"6,417.93",29.46,0.46,2026-04-22 15:50:46
332,스마트카(SMART CAR),2.61,089850,유비벨록스 *,테마 편입 사유,5720.0,하락  10,-0.17,5690.0,5720.0,43793.0,248.0,83009.0,,,0.453456,2.4014102399999997,"6,417.93",29.46,0.46,2026-04-22 15:50:46
332,스마트카(SMART CAR),2.61,097520,엠씨넥스,테마 편입 사유,23700.0,하락  50,-0.21,23700.0,23800.0,23732.0,561.0,30899.0,,,0.453456,2.4014102399999997,"6,417.93",29.46,0.46,2026-04-22 15:50:46
321,무선충전기술,2.5,011070,LG이노텍,테마 편입 사유,500000.0,"상승  75,000",17.65,500000.0,501000.0,598827.0,290055.0,201193.0,,,0.651058,2.2005133199999998,"6,417.93",29.46,0.46,2026-04-22 15:50:46
321,무선충전기술,2.5,006260,LS,테마 편입 사유,355000.0,"상승  17,500",5.19,354500.0,355000.0,171301.0,59719.0,134018.0,,,0.651058,2.2005133199999998,"6,417.93",29.46,0.46,2026-04-22 15:50:46
321,무선충전기술,2.5,090460,비에이치,테마 편입 사유,35550.0,"상승  1,700",5.02,35500.0,35550.0,1302945.0,45877.0,1020660.0,,,0.651058,2.2005133199999998,"6,417.93",29.46,0.46,2026-04-22 15:50:46
321,무선충전기술,2.5,066570,LG전자,테마 편입 사유,132800.0,"상승  6,200",4.9,132700.0,132800.0,1430607.0,187668.0,600138.0,,,0.651058,2.2005133199999998,"6,417.93",29.46,0.46,2026-04-22 15:50:46
321,무선충전기술,2.5,357580,아모센스 *,테마 편입 사유,18410.0,상승  780,4.42,18400.0,18410.0,764421.0,14137.0,369422.0,,,0.651058,2.2005133199999998,"6,417.93",29.46,0.46,2026-04-22 15:50:46
321,무선충전기술,2.5,089010,켐트로닉스 *,테마 편입 사유,34950.0,"상승  1,300",3.86,34950.0,35000.0,448528.0,15559.0,170536.0,,,0.651058,2.2005133199999998,"6,417.93",29.46,0.46,2026-04-22 15:50:46
321,무선충전기술,2.5,459100,위츠 *,테마 편입 사유,6330.0,상승  110,1.77,6330.0,6340.0,117647.0,749.0,64597.0,,,0.651058,2.2005133199999998,"6,417.93",29.46,0.46,2026-04-22 15:50:46
321,무선충전기술,2.5,043590,웰킵스하이텍 *,테마 편입 사유,682.0,상승  5,0.74,672.0,682.0,108851.0,73.0,94178.0,,,0.651058,2.2005133199999998,"6,417.93",29.46,0.46,2026-04-22 15:50:46
321,무선충전기술,2.5,005930,삼성전자,테마 편입 사유,217500.0,"하락  1,500",-0.68,217500.0,218000.0,16732706.0,3648624.0,16752132.0,,,0.651058,2.2005133199999998,"6,417.93",29.46,0.46,2026-04-22 15:50:46
321,무선충전기술,2.5,004710,한솔테크닉스,테마 편입 사유,7320.0,하락  120,-1.61,7310.0,7320.0,696015.0,5139.0,1051964.0,,,0.651058,2.2005133199999998,"6,417.93",29.46,0.46,2026-04-22 15:50:46
321,무선충전기술,2.5,061040,알에프텍 *,테마 편입 사유,1951.0,하락  99,-4.83,1951.0,1956.0,767549.0,1502.0,570655.0,,,0.651058,2.2005133199999998,"6,417.93",29.46,0.46,2026-04-22 15:50:46
321,무선충전기술,2.5,054210,이랜텍 *,테마 편입 사유,12720.0,하락  880,-6.47,12720.0,12730.0,979232.0,12619.0,3500343.0,,,0.651058,2.2005133199999998,"6,417.93",29.46,0.46,2026-04-22 15:50:46
41,카메라모듈/부품,2.35,208710,포톤 *,테마 편입 사유,3490.0,상한가  805,29.98,3490.0,0.0,1835568.0,6205.0,847599.0,,,0.394954,2.16832116,"6,417.93",29.46,0.46,2026-04-22 15:50:46
41,카메라모듈/부품,2.35,011070,LG이노텍,테마 편입 사유,500000.0,"상승  75,000",17.65,500000.0,501000.0,598827.0,290055.0,201193.0,,,0.394954,2.16832116,"6,417.93",29.46,0.46,2026-04-22 15:50:46
41,카메라모듈/부품,2.35,033240,자화전자,테마 편입 사유,46250.0,"상승  3,250",7.56,46200.0,46250.0,502424.0,22462.0,181494.0,,,0.394954,2.16832116,"6,417.93",29.46,0.46,2026-04-22 15:50:46
41,카메라모듈/부품,2.35,370090,퓨런티어 *,테마 편입 사유,14310.0,상승  740,5.45,14310.0,14320.0,201846.0,2839.0,39622.0,,,0.394954,2.16832116,"6,417.93",29.46,0.46,2026-04-22 15:50:46
41,카메라모듈/부품,2.35,009150,삼성전기,테마 편입 사유,812000.0,"상승  40,000",5.18,811000.0,812000.0,971101.0,780242.0,1092504.0,,,0.394954,2.16832116,"6,417.93",29.46,0.46,2026-04-22 15:50:46
41,카메라모듈/부품,2.35,126700,하이비젼시스템 *,테마 편입 사유,19310.0,상승  950,5.17,19310.0,19320.0,207663.0,3918.0,161285.0,,,0.394954,2.16832116,"6,417.93",29.46,0.46,2026-04-22 15:50:46
41,카메라모듈/부품,2.35,094170,동운아나텍 *,테마 편입 사유,44550.0,"상승  2,150",5.07,44550.0,44600.0,209527.0,9164.0,326383.0,,,0.394954,2.16832116,"6,417.93",29.46,0.46,2026-04-22 15:50:46
41,카메라모듈/부품,2.35,263600,덕우전자 *,테마 편입 사유,6050.0,상승  230,3.95,6030.0,6050.0,136349.0,813.0,59984.0,,,0.394954,2.16832116,"6,417.93",29.46,0.46,2026-04-22 15:50:46
41,카메라모듈/부품,2.35,081580,성우전자 *,테마 편입 사유,3495.0,상승  120,3.56,3475.0,3495.0,159560.0,556.0,190436.0,,,0.394954,2.16832116,"6,417.93",29.46,0.46,2026-04-22 15:50:46
41,카메라모듈/부품,2.35,190510,나무가 *,테마 편입 사유,19100.0,상승  410,2.19,19090.0,19100.0,44817.0,847.0,52149.0,,,0.394954,2.16832116,"6,417.93",29.46,0.46,2026-04-22 15:50:46
41,카메라모듈/부품,2.35,225190,LK삼양 *,테마 편입 사유,2335.0,상승  45,1.97,2335.0,2340.0,9959811.0,23972.0,5423334.0,,,0.394954,2.16832116,"6,417.93",29.46,0.46,2026-04-22 15:50:46
41,카메라모듈/부품,2.35,271830,팸텍 *,테마 편입 사유,1620.0,상승  27,1.69,1618.0,1620.0,79892.0,128.0,81524.0,,,0.394954,2.16832116,"6,417.93",29.46,0.46,2026-04-22 15:50:46
41,카메라모듈/부품,2.35,076610,해성옵틱스 *,테마 편입 사유,1485.0,상승  23,1.57,1483.0,1485.0,2034806.0,3050.0,1368367.0,,,0.394954,2.16832116,"6,417.93",29.46,0.46,2026-04-22 15:50:46
41,카메라모듈/부품,2.35,082210,옵트론텍 *,테마 편입 사유,2070.0,상승  25,1.22,2050.0,2070.0,395870.0,811.0,514504.0,,,0.394954,2.16832116,"6,417.93",29.46,0.46,2026-04-22 15:50:46
41,카메라모듈/부품,2.35,053450,세코닉스 *,테마 편입 사유,5480.0,상승  60,1.11,5450.0,5480.0,117697.0,635.0,115667.0,,,0.394954,2.16832116,"6,417.93",29.46,0.46,2026-04-22 15:50:46
41,카메라모듈/부품,2.35,049630,재영솔루텍 *,테마 편입 사유,2930.0,보합0,0.0,0.0,0.0,0.0,0.0,0.0,,,0.394954,2.16832116,"6,417.93",29.46,0.46,2026-04-22 15:50:46
41,카메라모듈/부품,2.35,097520,엠씨넥스,테마 편입 사유,23700.0,하락  50,-0.21,23700.0,23800.0,23732.0,561.0,30899.0,,,0.394954,2.16832116,"6,417.93",29.46,0.46,2026-04-22 15:50:46
41,카메라모듈/부품,2.35,091700,파트론 *,테마 편입 사유,8320.0,하락  30,-0.36,8300.0,8320.0,195534.0,1619.0,246280.0,,,0.394954,2.16832116,"6,417.93",29.46,0.46,2026-04-22 15:50:46
41,카메라모듈/부품,2.35,065130,탑엔지니어링 *,테마 편입 사유,3370.0,하락  15,-0.44,3370.0,3375.0,41072.0,137.0,29867.0,,,0.394954,2.16832116,"6,417.93",29.46,0.46,2026-04-22 15:50:46
41,카메라모듈/부품,2.35,290740,액트로 *,테마 편입 사유,19450.0,하락  100,-0.51,19450.0,19460.0,167829.0,3239.0,128385.0,,,0.394954,2.16832116,"6,417.93",29.46,0.46,2026-04-22 15:50:46
41,카메라모듈/부품,2.35,0011A0,액스비스 *,테마 편입 사유,27050.0,하락  250,-0.92,27000.0,27050.0,520145.0,14440.0,1614674.0,,,0.394954,2.16832116,"6,417.93",29.46,0.46,2026-04-22 15:50:46
41,카메라모듈/부품,2.35,047310,파워로직스 *,테마 편입 사유,5460.0,하락  60,-1.09,5460.0,5470.0,210258.0,1140.0,289529.0,,,0.394954,2.16832116,"6,417.93",29.46,0.46,2026-04-22 15:50:46
41,카메라모듈/부품,2.35,087600,픽셀플러스 *,테마 편입 사유,6100.0,하락  140,-2.24,6090.0,6110.0,26781.0,164.0,8149.0,,,0.394954,2.16832116,"6,417.93",29.46,0.46,2026-04-22 15:50:46
41,카메라모듈/부품,2.35,300120,라온피플 *,테마 편입 사유,1047.0,하락  28,-2.6,1046.0,1047.0,473553.0,496.0,498672.0,,,0.394954,2.16832116,"6,417.93",29.46,0.46,2026-04-22 15:50:46
41,카메라모듈/부품,2.35,050110,캠시스 *,테마 편입 사유,2150.0,하락  85,-3.8,2150.0,2155.0,349839.0,759.0,455501.0,,,0.394954,2.16832116,"6,417.93",29.46,0.46,2026-04-22 15:50:46
41,카메라모듈/부품,2.35,196450,코아시아씨엠 *,테마 편입 사유,1246.0,하락  78,-5.89,1246.0,1250.0,459361.0,578.0,181230.0,,,0.394954,2.16832116,"6,417.93",29.46,0.46,2026-04-22 15:50:46
41,카메라모듈/부품,2.35,123010,알엔티엑스 *,테마 편입 사유,1575.0,하락  211,-11.81,1575.0,1576.0,1631173.0,2665.0,2219479.0,,,0.394954,2.16832116,"6,417.93",29.46,0.46,2026-04-22 15:50:46
576,퓨리오사AI,2.35,088340,유라클 *,테마 편입 사유,14900.0,"상승  1,800",13.74,14890.0,14900.0,3456246.0,51988.0,2637255.0,,,0.558657,2.0930177800000003,"6,417.93",29.46,0.46,2026-04-22 15:50:46
576,퓨리오사AI,2.35,241520,DSC인베스트먼트 *,테마 편입 사유,15380.0,상승  700,4.77,15380.0,15390.0,1661933.0,25288.0,583242.0,,,0.558657,2.0930177800000003,"6,417.93",29.46,0.46,2026-04-22 15:50:46
576,퓨리오사AI,2.35,293580,나우IB *,테마 편입 사유,2440.0,상승  75,3.17,2440.0,2445.0,7605680.0,18773.0,3443861.0,,,0.558657,2.0930177800000003,"6,417.93",29.46,0.46,2026-04-22 15:50:46
576,퓨리오사AI,2.35,246690,TS인베스트먼트 *,테마 편입 사유,1693.0,상승  36,2.17,1688.0,1693.0,438435.0,737.0,383514.0,,,0.558657,2.0930177800000003,"6,417.93",29.46,0.46,2026-04-22 15:50:46
576,퓨리오사AI,2.35,124500,아이티센글로벌 *,테마 편입 사유,47600.0,상승  900,1.93,47600.0,47650.0,256145.0,12209.0,460045.0,,,0.558657,2.0930177800000003,"6,417.93",29.46,0.46,2026-04-22 15:50:46
576,퓨리오사AI,2.35,389140,포바이포 *,테마 편입 사유,9030.0,상승  130,1.46,9030.0,9040.0,230625.0,2082.0,244220.0,,,0.558657,2.0930177800000003,"6,417.93",29.46,0.46,2026-04-22 15:50:46
576,퓨리오사AI,2.35,393210,토마토시스템 *,테마 편입 사유,4620.0,상승  35,0.76,4615.0,4620.0,51623.0,238.0,58528.0,,,0.558657,2.0930177800000003,"6,417.93",29.46,0.46,2026-04-22 15:50:46
576,퓨리오사AI,2.35,309960,LB인베스트먼트 *,테마 편입 사유,5830.0,상승  10,0.17,5820.0,5830.0,49540.0,287.0,104617.0,,,0.558657,2.0930177800000003,"6,417.93",29.46,0.46,2026-04-22 15:50:46
576,퓨리오사AI,2.35,054300,팬스타엔터프라이즈 *,테마 편입 사유,574.0,보합0,0.0,0.0,0.0,0.0,0.0,0.0,,,0.558657,2.0930177800000003,"6,417.93",29.46,0.46,2026-04-22 15:50:46
576,퓨리오사AI,2.35,096250,와이즈넛 *,테마 편입 사유,11220.0,하락  90,-0.8,11200.0,11220.0,35966.0,400.0,79080.0,,,0.558657,2.0930177800000003,"6,417.93",29.46,0.46,2026-04-22 15:50:46
576,퓨리오사AI,2.35,317770,엑스페릭스 *,테마 편입 사유,3670.0,하락  55,-1.48,3670.0,3675.0,443661.0,1645.0,574652.0,,,0.558657,2.0930177800000003,"6,417.93",29.46,0.46,2026-04-22 15:50:46
200,우주항공산업(누리호/인공위성 등),2.41,007660,이수페타시스,테마 편입 사유,161400.0,"상승  28,200",21.17,161300.0,161400.0,7160665.0,1090890.0,1601126.0,,,0.724925,2.0765345,"6,417.93",29.46,0.46,2026-04-22 15:50:46
200,우주항공산업(누리호/인공위성 등),2.41,010820,퍼스텍,테마 편입 사유,16360.0,"상승  1,950",13.53,16360.0,16370.0,25960353.0,437213.0,6863490.0,,,0.724925,2.0765345,"6,417.93",29.46,0.46,2026-04-22 15:50:46
200,우주항공산업(누리호/인공위성 등),2.41,079550,LIG디펜스앤에어로스페이스,테마 편입 사유,1020000.0,"상승  111,000",12.21,1020000.0,1021000.0,1256166.0,1287234.0,165856.0,,,0.724925,2.0765345,"6,417.93",29.46,0.46,2026-04-22 15:50:46
200,우주항공산업(누리호/인공위성 등),2.41,089980,상아프론테크 *,테마 편입 사유,28200.0,"상승  2,350",9.09,28200.0,28250.0,602528.0,16593.0,179505.0,,,0.724925,2.0765345,"6,417.93",29.46,0.46,2026-04-22 15:50:46
200,우주항공산업(누리호/인공위성 등),2.41,0015G0,그린광학 *,테마 편입 사유,35850.0,"상승  2,800",8.47,35850.0,35900.0,2365293.0,84778.0,332374.0,,,0.724925,2.0765345,"6,417.93",29.46,0.46,2026-04-22 15:50:46
200,우주항공산업(누리호/인공위성 등),2.41,354320,알멕 *,테마 편입 사유,92200.0,"상승  6,500",7.58,92100.0,92200.0,208482.0,18981.0,150479.0,,,0.724925,2.0765345,"6,417.93",29.46,0.46,2026-04-22 15:50:46
200,우주항공산업(누리호/인공위성 등),2.41,064350,현대로템,테마 편입 사유,237500.0,"상승  16,000",7.22,237000.0,237500.0,1096667.0,256097.0,737464.0,,,0.724925,2.0765345,"6,417.93",29.46,0.46,2026-04-22 15:50:46
200,우주항공산업(누리호/인공위성 등),2.41,045100,한양이엔지 *,테마 편입 사유,33750.0,"상승  1,600",4.98,33750.0,33800.0,196600.0,6390.0,127938.0,,,0.724925,2.0765345,"6,417.93",29.46,0.46,2026-04-22 15:50:46
200,우주항공산업(누리호/인공위성 등),2.41,488900,비츠로넥스텍 *,테마 편입 사유,21100.0,상승  650,3.18,21100.0,21150.0,297609.0,6194.0,355617.0,,,0.724925,2.0765345,"6,417.93",29.46,0.46,2026-04-22 15:50:46
200,우주항공산업(누리호/인공위성 등),2.41,462350,이노스페이스 *,테마 편입 사유,17060.0,상승  400,2.4,17040.0,17060.0,297087.0,5005.0,317644.0,,,0.724925,2.0765345,"6,417.93",29.46,0.46,2026-04-22 15:50:46
200,우주항공산업(누리호/인공위성 등),2.41,001430,세아베스틸지주,테마 편입 사유,71400.0,"상승  1,500",2.15,71300.0,71400.0,164914.0,11622.0,172954.0,,,0.724925,2.0765345,"6,417.93",29.46,0.46,2026-04-22 15:50:46
200,우주항공산업(누리호/인공위성 등),2.41,272210,한화시스템,테마 편입 사유,134100.0,"상승  2,700",2.05,134100.0,134200.0,1583516.0,212787.0,649875.0,,,0.724925,2.0765345,"6,417.93",29.46,0.46,2026-04-22 15:50:46
200,우주항공산업(누리호/인공위성 등),2.41,225190,LK삼양 *,테마 편입 사유,2335.0,상승  45,1.97,2335.0,2340.0,9959811.0,23972.0,5423334.0,,,0.724925,2.0765345,"6,417.93",29.46,0.46,2026-04-22 15:50:46
200,우주항공산업(누리호/인공위성 등),2.41,047810,한국항공우주,테마 편입 사유,185800.0,"상승  3,300",1.81,185700.0,185800.0,620990.0,115421.0,599874.0,,,0.724925,2.0765345,"6,417.93",29.46,0.46,2026-04-22 15:50:46
200,우주항공산업(누리호/인공위성 등),2.41,012450,한화에어로스페이스,테마 편입 사유,1416000.0,"상승  25,000",1.8,1415000.0,1416000.0,159301.0,226328.0,162137.0,,,0.724925,2.0765345,"6,417.93",29.46,0.46,2026-04-22 15:50:46
200,우주항공산업(누리호/인공위성 등),2.41,361390,제노코 *,테마 편입 사유,30600.0,상승  500,1.66,30550.0,30600.0,207529.0,6316.0,144385.0,,,0.724925,2.0765345,"6,417.93",29.46,0.46,2026-04-22 15:50:46
200,우주항공산업(누리호/인공위성 등),2.41,294630,서남 *,테마 편입 사유,4575.0,상승  65,1.44,4570.0,4575.0,1153808.0,5234.0,2316306.0,,,0.724925,2.0765345,"6,417.93",29.46,0.46,2026-04-22 15:50:46
200,우주항공산업(누리호/인공위성 등),2.41,189300,인텔리안테크 *,테마 편입 사유,135800.0,"상승  1,600",1.19,135800.0,135900.0,103311.0,13832.0,137073.0,,,0.724925,2.0765345,"6,417.93",29.46,0.46,2026-04-22 15:50:46
200,우주항공산업(누리호/인공위성 등),2.41,211270,AP위성 *,테마 편입 사유,17370.0,상승  160,0.93,17350.0,17370.0,175342.0,3035.0,208145.0,,,0.724925,2.0765345,"6,417.93",29.46,0.46,2026-04-22 15:50:46
200,우주항공산업(누리호/인공위성 등),2.41,347700,스피어 *,테마 편입 사유,44500.0,상승  250,0.56,44450.0,44500.0,1142217.0,50938.0,978042.0,,,0.724925,2.0765345,"6,417.93",29.46,0.46,2026-04-22 15:50:46
200,우주항공산업(누리호/인공위성 등),2.41,474170,루미르 *,테마 편입 사유,15070.0,상승  70,0.47,15070.0,15090.0,543784.0,8278.0,330470.0,,,0.724925,2.0765345,"6,417.93",29.46,0.46,2026-04-22 15:50:46
200,우주항공산업(누리호/인공위성 등),2.41,099320,쎄트렉아이 *,테마 편입 사유,179700.0,상승  800,0.45,179600.0,179700.0,119417.0,21152.0,103447.0,,,0.724925,2.0765345,"6,417.93",29.46,0.46,2026-04-22 15:50:46
200,우주항공산업(누리호/인공위성 등),2.41,478340,나라스페이스테크놀로지 *,테마 편입 사유,36900.0,보합0,0.0,36900.0,36950.0,173482.0,6442.0,151566.0,,,0.724925,2.0765345,"6,417.93",29.46,0.46,2026-04-22 15:50:46
200,우주항공산업(누리호/인공위성 등),2.41,321370,센서뷰 *,테마 편입 사유,2940.0,보합0,0.0,0.0,0.0,0.0,0.0,0.0,,,0.724925,2.0765345,"6,417.93",29.46,0.46,2026-04-22 15:50:46
200,우주항공산업(누리호/인공위성 등),2.41,274090,켄코아에어로스페이스 *,테마 편입 사유,23750.0,하락  50,-0.21,23700.0,23750.0,434003.0,10333.0,338498.0,,,0.724925,2.0765345,"6,417.93",29.46,0.46,2026-04-22 15:50:46
200,우주항공산업(누리호/인공위성 등),2.41,451760,컨텍 *,테마 편입 사유,20300.0,하락  50,-0.25,20250.0,20300.0,380730.0,7797.0,363853.0,,,0.724925,2.0765345,"6,417.93",29.46,0.46,2026-04-22 15:50:46
200,우주항공산업(누리호/인공위성 등),2.41,295310,에이치브이엠 *,테마 편입 사유,90000.0,하락  700,-0.77,89900.0,90000.0,132986.0,11958.0,212473.0,,,0.724925,2.0765345,"6,417.93",29.46,0.46,2026-04-22 15:50:46
200,우주항공산업(누리호/인공위성 등),2.41,056190,에스에프에이 *,테마 편입 사유,31550.0,하락  250,-0.79,31550.0,31600.0,126765.0,3996.0,216045.0,,,0.724925,2.0765345,"6,417.93",29.46,0.46,2026-04-22 15:50:46
200,우주항공산업(누리호/인공위성 등),2.41,030520,한글과컴퓨터 *,테마 편입 사유,20900.0,하락  200,-0.95,20850.0,20900.0,80492.0,1682.0,133585.0,,,0.724925,2.0765345,"6,417.93",29.46,0.46,2026-04-22 15:50:46
200,우주항공산업(누리호/인공위성 등),2.41,003490,대한항공,테마 편입 사유,25200.0,하락  400,-1.56,25200.0,25250.0,967296.0,24294.0,1462650.0,,,0.724925,2.0765345,"6,417.93",29.46,0.46,2026-04-22 15:50:46
200,우주항공산업(누리호/인공위성 등),2.41,044490,태웅 *,테마 편입 사유,47000.0,하락  800,-1.67,47000.0,47050.0,282878.0,13192.0,458130.0,,,0.724925,2.0765345,"6,417.93",29.46,0.46,2026-04-22 15:50:46
200,우주항공산업(누리호/인공위성 등),2.41,272290,이녹스첨단소재 *,테마 편입 사유,35650.0,하락  650,-1.79,35650.0,35700.0,321689.0,11502.0,593702.0,,,0.724925,2.0765345,"6,417.93",29.46,0.46,2026-04-22 15:50:46
200,우주항공산업(누리호/인공위성 등),2.41,000880,한화,테마 편입 사유,128100.0,"하락  2,400",-1.84,128100.0,128200.0,221035.0,28238.0,173452.0,,,0.724925,2.0765345,"6,417.93",29.46,0.46,2026-04-22 15:50:46
200,우주항공산업(누리호/인공위성 등),2.41,077360,덕산하이메탈 *,테마 편입 사유,15750.0,하락  350,-2.17,15750.0,15760.0,1677542.0,26340.0,1624859.0,,,0.724925,2.0765345,"6,417.93",29.46,0.46,2026-04-22 15:50:46
200,우주항공산업(누리호/인공위성 등),2.41,368770,파이버프로 *,테마 편입 사유,25050.0,하락  750,-2.91,25050.0,25100.0,926292.0,23208.0,1621917.0,,,0.724925,2.0765345,"6,417.93",29.46,0.46,2026-04-22 15:50:46
200,우주항공산업(누리호/인공위성 등),2.41,042370,비츠로테크 *,테마 편입 사유,16800.0,하락  800,-4.55,16800.0,16810.0,1117287.0,18793.0,1347168.0,,,0.724925,2.0765345,"6,417.93",29.46,0.46,2026-04-22 15:50:46
14,반도체 재료/부품,2.4,092220,KEC,테마 편입 사유,1843.0,상한가  425,29.97,1843.0,0.0,82810508.0,142426.0,49748808.0,,,0.786443,2.03823622,"6,417.93",29.46,0.46,2026-04-22 15:50:46
14,반도체 재료/부품,2.4,456040,OCI,테마 편입 사유,121400.0,"상승  23,200",23.63,121400.0,121500.0,333935.0,36447.0,111200.0,,,0.786443,2.03823622,"6,417.93",29.46,0.46,2026-04-22 15:50:46
14,반도체 재료/부품,2.4,170920,엘티씨 *,테마 편입 사유,41500.0,"상승  5,250",14.48,41450.0,41500.0,796386.0,30226.0,486264.0,,,0.786443,2.03823622,"6,417.93",29.46,0.46,2026-04-22 15:50:46
14,반도체 재료/부품,2.4,078350,한양디지텍 *,테마 편입 사유,29200.0,"상승  3,200",12.31,29200.0,29250.0,966407.0,27187.0,416064.0,,,0.786443,2.03823622,"6,417.93",29.46,0.46,2026-04-22 15:50:46
14,반도체 재료/부품,2.4,005290,동진쎄미켐 *,테마 편입 사유,60400.0,"상승  5,700",10.42,60400.0,60500.0,3292950.0,195755.0,529886.0,,,0.786443,2.03823622,"6,417.93",29.46,0.46,2026-04-22 15:50:46
14,반도체 재료/부품,2.4,241770,메카로 *,테마 편입 사유,42150.0,"상승  3,100",7.94,42100.0,42150.0,90464.0,3804.0,31992.0,,,0.786443,2.03823622,"6,417.93",29.46,0.46,2026-04-22 15:50:46
14,반도체 재료/부품,2.4,092070,디엔에프 *,테마 편입 사유,23950.0,"상승  1,500",6.68,23900.0,23950.0,326824.0,7602.0,94882.0,,,0.786443,2.03823622,"6,417.93",29.46,0.46,2026-04-22 15:50:46
14,반도체 재료/부품,2.4,445180,퓨릿 *,테마 편입 사유,11210.0,상승  580,5.46,11140.0,11210.0,763029.0,8596.0,258239.0,,,0.786443,2.03823622,"6,417.93",29.46,0.46,2026-04-22 15:50:46
14,반도체 재료/부품,2.4,033640,네패스 *,테마 편입 사유,27450.0,"상승  1,400",5.37,27400.0,27450.0,332337.0,8862.0,280252.0,,,0.786443,2.03823622,"6,417.93",29.46,0.46,2026-04-22 15:50:46
14,반도체 재료/부품,2.4,357780,솔브레인 *,테마 편입 사유,464000.0,"상승  23,000",5.22,463000.0,464000.0,70800.0,32334.0,32055.0,,,0.786443,2.03823622,"6,417.93",29.46,0.46,2026-04-22 15:50:46
14,반도체 재료/부품,2.4,067310,하나마이크론 *,테마 편입 사유,39900.0,"상승  1,850",4.86,39850.0,39900.0,3769473.0,148132.0,2753448.0,,,0.786443,2.03823622,"6,417.93",29.46,0.46,2026-04-22 15:50:46
14,반도체 재료/부품,2.4,195870,해성디에스,테마 편입 사유,68500.0,"상승  3,000",4.58,68400.0,68500.0,437142.0,29700.0,401932.0,,,0.786443,2.03823622,"6,417.93",29.46,0.46,2026-04-22 15:50:46
14,반도체 재료/부품,2.4,281820,케이씨텍,테마 편입 사유,57300.0,"상승  2,400",4.37,57200.0,57300.0,190156.0,10706.0,124995.0,,,0.786443,2.03823622,"6,417.93",29.46,0.46,2026-04-22 15:50:46
14,반도체 재료/부품,2.4,311320,지오엘리먼트 *,테마 편입 사유,8920.0,상승  350,4.08,8910.0,8920.0,306956.0,2742.0,521509.0,,,0.786443,2.03823622,"6,417.93",29.46,0.46,2026-04-22 15:50:46
14,반도체 재료/부품,2.4,278280,천보 *,테마 편입 사유,70000.0,"상승  2,400",3.55,70000.0,70100.0,261820.0,18092.0,312252.0,,,0.786443,2.03823622,"6,417.93",29.46,0.46,2026-04-22 15:50:46
14,반도체 재료/부품,2.4,482630,삼양엔씨켐 *,테마 편입 사유,20300.0,상승  690,3.52,20250.0,20300.0,399543.0,8089.0,235121.0,,,0.786443,2.03823622,"6,417.93",29.46,0.46,2026-04-22 15:50:46
14,반도체 재료/부품,2.4,252990,샘씨엔에스 *,테마 편입 사유,13670.0,상승  430,3.25,13670.0,13680.0,1116491.0,14927.0,1117618.0,,,0.786443,2.03823622,"6,417.93",29.46,0.46,2026-04-22 15:50:46
14,반도체 재료/부품,2.4,281740,레이크머티리얼즈 *,테마 편입 사유,25450.0,상승  800,3.25,25400.0,25450.0,2405538.0,59547.0,4090081.0,,,0.786443,2.03823622,"6,417.93",29.46,0.46,2026-04-22 15:50:46
14,반도체 재료/부품,2.4,102710,이엔에프테크놀로지 *,테마 편입 사유,57900.0,"상승  1,700",3.02,57700.0,57900.0,106147.0,6021.0,97027.0,,,0.786443,2.03823622,"6,417.93",29.46,0.46,2026-04-22 15:50:46
14,반도체 재료/부품,2.4,093370,후성,테마 편입 사유,14100.0,상승  400,2.92,14090.0,14100.0,3362220.0,46463.0,3323484.0,,,0.786443,2.03823622,"6,417.93",29.46,0.46,2026-04-22 15:50:46
14,반도체 재료/부품,2.4,074600,원익QnC *,테마 편입 사유,37400.0,"상승  1,000",2.75,37250.0,37400.0,297029.0,10891.0,265214.0,,,0.786443,2.03823622,"6,417.93",29.46,0.46,2026-04-22 15:50:46
14,반도체 재료/부품,2.4,146320,비씨엔씨 *,테마 편입 사유,16350.0,상승  420,2.64,16290.0,16350.0,62866.0,1009.0,56272.0,,,0.786443,2.03823622,"6,417.93",29.46,0.46,2026-04-22 15:50:46
14,반도체 재료/부품,2.4,219130,타이거일렉 *,테마 편입 사유,42000.0,상승  850,2.07,42000.0,42100.0,94481.0,3977.0,112671.0,,,0.786443,2.03823622,"6,417.93",29.46,0.46,2026-04-22 15:50:46
14,반도체 재료/부품,2.4,000150,두산,테마 편입 사유,1438000.0,"상승  29,000",2.06,1438000.0,1439000.0,73948.0,104638.0,71666.0,,,0.786443,2.03823622,"6,417.93",29.46,0.46,2026-04-22 15:50:46
14,반도체 재료/부품,2.4,031330,에스에이엠티 *,테마 편입 사유,6930.0,상승  140,2.06,6920.0,6930.0,570147.0,3968.0,553436.0,,,0.786443,2.03823622,"6,417.93",29.46,0.46,2026-04-22 15:50:46
14,반도체 재료/부품,2.4,064760,티씨케이 *,테마 편입 사유,285000.0,"상승  5,000",1.79,283500.0,285000.0,67992.0,19053.0,69876.0,,,0.786443,2.03823622,"6,417.93",29.46,0.46,2026-04-22 15:50:46
14,반도체 재료/부품,2.4,101160,월덱스 *,테마 편입 사유,33000.0,상승  550,1.69,33000.0,33050.0,155470.0,5083.0,208324.0,,,0.786443,2.03823622,"6,417.93",29.46,0.46,2026-04-22 15:50:46
14,반도체 재료/부품,2.4,166090,하나머티리얼즈 *,테마 편입 사유,71400.0,"상승  1,100",1.56,71300.0,71400.0,144022.0,10106.0,192817.0,,,0.786443,2.03823622,"6,417.93",29.46,0.46,2026-04-22 15:50:46
14,반도체 재료/부품,2.4,144960,뉴파워프라즈마 *,테마 편입 사유,6640.0,상승  100,1.53,6620.0,6640.0,642795.0,4243.0,437665.0,,,0.786443,2.03823622,"6,417.93",29.46,0.46,2026-04-22 15:50:46
14,반도체 재료/부품,2.4,098120,마이크로컨텍솔 *,테마 편입 사유,34850.0,상승  500,1.46,34700.0,34850.0,95496.0,3278.0,137855.0,,,0.786443,2.03823622,"6,417.93",29.46,0.46,2026-04-22 15:50:46
14,반도체 재료/부품,2.4,388210,씨엠티엑스 *,테마 편입 사유,152400.0,"상승  1,800",1.2,152400.0,152700.0,103504.0,15563.0,121598.0,,,0.786443,2.03823622,"6,417.93",29.46,0.46,2026-04-22 15:50:46
14,반도체 재료/부품,2.4,043590,웰킵스하이텍 *,테마 편입 사유,682.0,상승  5,0.74,672.0,682.0,108851.0,73.0,94178.0,,,0.786443,2.03823622,"6,417.93",29.46,0.46,2026-04-22 15:50:46
14,반도체 재료/부품,2.4,095340,ISC *,테마 편입 사유,239500.0,"상승  1,500",0.63,239000.0,239500.0,180652.0,42876.0,273057.0,,,0.786443,2.03823622,"6,417.93",29.46,0.46,2026-04-22 15:50:46
14,반도체 재료/부품,2.4,033160,엠케이전자 *,테마 편입 사유,26900.0,상승  150,0.56,26900.0,27000.0,946308.0,25642.0,937318.0,,,0.786443,2.03823622,"6,417.93",29.46,0.46,2026-04-22 15:50:46
14,반도체 재료/부품,2.4,424980,마이크로투나노 *,테마 편입 사유,14460.0,상승  60,0.42,14440.0,14460.0,26438.0,379.0,69426.0,,,0.786443,2.03823622,"6,417.93",29.46,0.46,2026-04-22 15:50:46
14,반도체 재료/부품,2.4,425040,티이엠씨 *,테마 편입 사유,12440.0,상승  50,0.4,12440.0,12450.0,639847.0,7871.0,771195.0,,,0.786443,2.03823622,"6,417.93",29.46,0.46,2026-04-22 15:50:46
14,반도체 재료/부품,2.4,036810,에프에스티 *,테마 편입 사유,45000.0,상승  100,0.22,45000.0,45050.0,201545.0,8943.0,188020.0,,,0.786443,2.03823622,"6,417.93",29.46,0.46,2026-04-22 15:50:46
14,반도체 재료/부품,2.4,417500,제이아이테크 *,테마 편입 사유,4680.0,상승  10,0.21,4675.0,4680.0,364769.0,1680.0,539184.0,,,0.786443,2.03823622,"6,417.93",29.46,0.46,2026-04-22 15:50:46
14,반도체 재료/부품,2.4,317330,덕산테코피아 *,테마 편입 사유,25350.0,상승  50,0.2,25350.0,25400.0,409111.0,10370.0,532021.0,,,0.786443,2.03823622,"6,417.93",29.46,0.46,2026-04-22 15:50:46
14,반도체 재료/부품,2.4,014680,한솔케미칼,테마 편입 사유,288000.0,보합0,0.0,288000.0,288500.0,84268.0,23961.0,50833.0,,,0.786443,2.03823622,"6,417.93",29.46,0.46,2026-04-22 15:50:46
14,반도체 재료/부품,2.4,112290,와이씨켐 *,테마 편입 사유,23450.0,보합0,0.0,0.0,0.0,0.0,0.0,0.0,,,0.786443,2.03823622,"6,417.93",29.46,0.46,2026-04-22 15:50:46
14,반도체 재료/부품,2.4,024850,HLB이노베이션 *,테마 편입 사유,4620.0,보합0,0.0,0.0,0.0,0.0,0.0,0.0,,,0.786443,2.03823622,"6,417.93",29.46,0.46,2026-04-22 15:50:46
14,반도체 재료/부품,2.4,446540,메가터치 *,테마 편입 사유,6110.0,보합0,0.0,6080.0,6110.0,561088.0,3410.0,581026.0,,,0.786443,2.03823622,"6,417.93",29.46,0.46,2026-04-22 15:50:46
14,반도체 재료/부품,2.4,101490,에스앤에스텍 *,테마 편입 사유,101800.0,보합0,0.0,101800.0,101900.0,184035.0,18531.0,226518.0,,,0.786443,2.03823622,"6,417.93",29.46,0.46,2026-04-22 15:50:46
14,반도체 재료/부품,2.4,052900,KX하이텍 *,테마 편입 사유,1218.0,하락  2,-0.16,1218.0,1220.0,328487.0,397.0,625508.0,,,0.786443,2.03823622,"6,417.93",29.46,0.46,2026-04-22 15:50:46
14,반도체 재료/부품,2.4,220260,켐트로스 *,테마 편입 사유,6250.0,하락  10,-0.16,6250.0,6260.0,584640.0,3666.0,757401.0,,,0.786443,2.03823622,"6,417.93",29.46,0.46,2026-04-22 15:50:46
14,반도체 재료/부품,2.4,104830,원익머트리얼즈 *,테마 편입 사유,51300.0,하락  100,-0.19,51300.0,51400.0,86578.0,4392.0,104005.0,,,0.786443,2.03823622,"6,417.93",29.46,0.46,2026-04-22 15:50:46
14,반도체 재료/부품,2.4,080580,오킨스전자 *,테마 편입 사유,22500.0,하락  50,-0.22,22450.0,22500.0,309475.0,6994.0,482949.0,,,0.786443,2.03823622,"6,417.93",29.46,0.46,2026-04-22 15:50:46
14,반도체 재료/부품,2.4,114810,한솔아이원스 *,테마 편입 사유,18750.0,하락  50,-0.27,18740.0,18750.0,361879.0,6761.0,308207.0,,,0.786443,2.03823622,"6,417.93",29.46,0.46,2026-04-22 15:50:46
14,반도체 재료/부품,2.4,060310,3S *,테마 편입 사유,1397.0,하락  4,-0.29,1396.0,1397.0,198280.0,277.0,329168.0,,,0.786443,2.03823622,"6,417.93",29.46,0.46,2026-04-22 15:50:46
14,반도체 재료/부품,2.4,489500,엘케이켐 *,테마 편입 사유,33550.0,하락  100,-0.3,33550.0,33600.0,54074.0,1788.0,75243.0,,,0.786443,2.03823622,"6,417.93",29.46,0.46,2026-04-22 15:50:46
14,반도체 재료/부품,2.4,241790,티이엠씨씨엔에스 *,테마 편입 사유,8170.0,하락  30,-0.37,8140.0,8170.0,70018.0,572.0,93349.0,,,0.786443,2.03823622,"6,417.93",29.46,0.46,2026-04-22 15:50:46
14,반도체 재료/부품,2.4,025000,KPX케미칼,테마 편입 사유,52000.0,하락  300,-0.57,52000.0,52100.0,4002.0,207.0,2497.0,,,0.786443,2.03823622,"6,417.93",29.46,0.46,2026-04-22 15:50:46
14,반도체 재료/부품,2.4,025320,시노펙스 *,테마 편입 사유,6220.0,하락  40,-0.64,6220.0,6230.0,537364.0,3344.0,1128682.0,,,0.786443,2.03823622,"6,417.93",29.46,0.46,2026-04-22 15:50:46
14,반도체 재료/부품,2.4,171010,램테크놀러지 *,테마 편입 사유,3810.0,하락  25,-0.65,3810.0,3820.0,977365.0,3886.0,135485.0,,,0.786443,2.03823622,"6,417.93",29.46,0.46,2026-04-22 15:50:46
14,반도체 재료/부품,2.4,036090,위지트 *,테마 편입 사유,725.0,하락  5,-0.68,725.0,726.0,4184465.0,3045.0,4340214.0,,,0.786443,2.03823622,"6,417.93",29.46,0.46,2026-04-22 15:50:46
14,반도체 재료/부품,2.4,295310,에이치브이엠 *,테마 편입 사유,90000.0,하락  700,-0.77,89900.0,90000.0,132986.0,11958.0,212473.0,,,0.786443,2.03823622,"6,417.93",29.46,0.46,2026-04-22 15:50:46
14,반도체 재료/부품,2.4,307750,국전약품 *,테마 편입 사유,3880.0,하락  30,-0.77,3875.0,3880.0,442851.0,1735.0,669877.0,,,0.786443,2.03823622,"6,417.93",29.46,0.46,2026-04-22 15:50:46
14,반도체 재료/부품,2.4,142210,유니트론텍 *,테마 편입 사유,5570.0,하락  50,-0.89,5570.0,5590.0,109882.0,610.0,132773.0,,,0.786443,2.03823622,"6,417.93",29.46,0.46,2026-04-22 15:50:46
14,반도체 재료/부품,2.4,147760,피엠티 *,테마 편입 사유,3855.0,하락  45,-1.15,3850.0,3855.0,59719.0,228.0,53904.0,,,0.786443,2.03823622,"6,417.93",29.46,0.46,2026-04-22 15:50:46
14,반도체 재료/부품,2.4,000390,삼화페인트,테마 편입 사유,9400.0,하락  140,-1.47,9400.0,9410.0,361263.0,3407.0,1772848.0,,,0.786443,2.03823622,"6,417.93",29.46,0.46,2026-04-22 15:50:46
14,반도체 재료/부품,2.4,083500,에프엔에스테크 *,테마 편입 사유,20300.0,하락  350,-1.69,20250.0,20300.0,141299.0,2881.0,179517.0,,,0.786443,2.03823622,"6,417.93",29.46,0.46,2026-04-22 15:50:46
14,반도체 재료/부품,2.4,272290,이녹스첨단소재 *,테마 편입 사유,35650.0,하락  650,-1.79,35650.0,35700.0,321689.0,11502.0,593702.0,,,0.786443,2.03823622,"6,417.93",29.46,0.46,2026-04-22 15:50:46
14,반도체 재료/부품,2.4,077360,덕산하이메탈 *,테마 편입 사유,15750.0,하락  350,-2.17,15750.0,15760.0,1677542.0,26340.0,1624859.0,,,0.786443,2.03823622,"6,417.93",29.46,0.46,2026-04-22 15:50:46
14,반도체 재료/부품,2.4,272110,케이엔제이 *,테마 편입 사유,39000.0,"하락  1,250",-3.11,38950.0,39000.0,156419.0,6132.0,184440.0,,,0.786443,2.03823622,"6,417.93",29.46,0.46,2026-04-22 15:50:46
14,반도체 재료/부품,2.4,059090,미코 *,테마 편입 사유,21100.0,"하락  1,350",-6.01,21050.0,21100.0,957646.0,20144.0,994229.0,,,0.786443,2.03823622,"6,417.93",29.46,0.46,2026-04-22 15:50:46
504,요소수,2.05,047400,유니온머티리얼,테마 편입 사유,1793.0,상승  74,4.3,1793.0,1794.0,1034779.0,1828.0,813772.0,,,0.079321,2.0135123399999997,"6,417.93",29.46,0.46,2026-04-22 15:50:46
504,요소수,2.05,001390,KG케미칼,테마 편입 사유,5810.0,상승  130,2.29,5790.0,5810.0,543771.0,3158.0,482929.0,,,0.079321,2.0135123399999997,"6,417.93",29.46,0.46,2026-04-22 15:50:46
504,요소수,2.05,004000,롯데정밀화학,테마 편입 사유,55000.0,"상승  1,200",2.23,54900.0,55000.0,89763.0,4901.0,59747.0,,,0.079321,2.0135123399999997,"6,417.93",29.46,0.46,2026-04-22 15:50:46
504,요소수,2.05,000910,유니온,테마 편입 사유,4570.0,상승  65,1.44,4565.0,4570.0,174969.0,797.0,94764.0,,,0.079321,2.0135123399999997,"6,417.93",29.46,0.46,2026-04-22 15:50:46
504,요소수,2.05,069260,TKG휴켐스,테마 편입 사유,17950.0,보합0,0.0,17950.0,17960.0,102513.0,1833.0,86452.0,,,0.079321,2.0135123399999997,"6,417.93",29.46,0.46,2026-04-22 15:50:46
144,방위산업/전쟁 및 테러,2.07,010820,퍼스텍,테마 편입 사유,16360.0,"상승  1,950",13.53,16360.0,16370.0,25960413.0,437214.0,6863490.0,,,0.536835,1.8230559,"6,417.93",29.46,0.46,2026-04-22 15:50:46
144,방위산업/전쟁 및 테러,2.07,214430,아이쓰리시스템 *,테마 편입 사유,112400.0,"상승  12,900",12.96,112400.0,112500.0,222060.0,24341.0,62397.0,,,0.536835,1.8230559,"6,417.93",29.46,0.46,2026-04-22 15:50:46
144,방위산업/전쟁 및 테러,2.07,484590,삼양컴텍 *,테마 편입 사유,14100.0,"상승  1,560",12.44,14100.0,14110.0,3380990.0,46974.0,223657.0,,,0.536835,1.8230559,"6,417.93",29.46,0.46,2026-04-22 15:50:46
144,방위산업/전쟁 및 테러,2.07,079550,LIG디펜스앤에어로스페이스,테마 편입 사유,1020000.0,"상승  111,000",12.21,1020000.0,1021000.0,1256166.0,1287234.0,165856.0,,,0.536835,1.8230559,"6,417.93",29.46,0.46,2026-04-22 15:50:46
144,방위산업/전쟁 및 테러,2.07,005870,휴니드,테마 편입 사유,10480.0,"상승  1,140",12.21,10480.0,10490.0,3224030.0,34534.0,436649.0,,,0.536835,1.8230559,"6,417.93",29.46,0.46,2026-04-22 15:50:46
144,방위산업/전쟁 및 테러,2.07,097230,HJ중공업,테마 편입 사유,31000.0,"상승  3,000",10.71,30950.0,31000.0,11063129.0,334293.0,2032890.0,,,0.536835,1.8230559,"6,417.93",29.46,0.46,2026-04-22 15:50:46
144,방위산업/전쟁 및 테러,2.07,0015G0,그린광학 *,테마 편입 사유,35850.0,"상승  2,800",8.47,35850.0,35900.0,2365293.0,84778.0,332374.0,,,0.536835,1.8230559,"6,417.93",29.46,0.46,2026-04-22 15:50:46
144,방위산업/전쟁 및 테러,2.07,009540,HD한국조선해양,테마 편입 사유,463000.0,"상승  35,500",8.3,463000.0,463500.0,497670.0,225319.0,221491.0,,,0.536835,1.8230559,"6,417.93",29.46,0.46,2026-04-22 15:50:46
144,방위산업/전쟁 및 테러,2.07,448710,코츠테크놀로지 *,테마 편입 사유,23500.0,"상승  1,800",8.29,23500.0,23550.0,930450.0,22527.0,240917.0,,,0.536835,1.8230559,"6,417.93",29.46,0.46,2026-04-22 15:50:46
144,방위산업/전쟁 및 테러,2.07,095270,웨이브일렉트로 *,테마 편입 사유,10060.0,상승  710,7.59,10020.0,10060.0,2721594.0,29464.0,540632.0,,,0.536835,1.8230559,"6,417.93",29.46,0.46,2026-04-22 15:50:46
144,방위산업/전쟁 및 테러,2.07,119500,포메탈 *,테마 편입 사유,4435.0,상승  300,7.26,4430.0,4435.0,675323.0,2988.0,115550.0,,,0.536835,1.8230559,"6,417.93",29.46,0.46,2026-04-22 15:50:46
144,방위산업/전쟁 및 테러,2.07,064350,현대로템,테마 편입 사유,237500.0,"상승  16,000",7.22,237000.0,237500.0,1096667.0,256097.0,737464.0,,,0.536835,1.8230559,"6,417.93",29.46,0.46,2026-04-22 15:50:46
144,방위산업/전쟁 및 테러,2.07,484870,엠앤씨솔루션,테마 편입 사유,120600.0,"상승  7,700",6.82,120200.0,120600.0,63858.0,7554.0,27809.0,,,0.536835,1.8230559,"6,417.93",29.46,0.46,2026-04-22 15:50:46
144,방위산업/전쟁 및 테러,2.07,003570,SNT다이내믹스,테마 편입 사유,57300.0,"상승  3,600",6.7,57200.0,57300.0,177802.0,10061.0,54909.0,,,0.536835,1.8230559,"6,417.93",29.46,0.46,2026-04-22 15:50:46
144,방위산업/전쟁 및 테러,2.07,474610,RF시스템즈 *,테마 편입 사유,15980.0,상승  980,6.53,15960.0,15980.0,2113377.0,34949.0,656405.0,,,0.536835,1.8230559,"6,417.93",29.46,0.46,2026-04-22 15:50:46
144,방위산업/전쟁 및 테러,2.07,218410,RFHIC *,테마 편입 사유,105500.0,"상승  6,000",6.03,105500.0,105600.0,598649.0,61499.0,370703.0,,,0.536835,1.8230559,"6,417.93",29.46,0.46,2026-04-22 15:50:46
144,방위산업/전쟁 및 테러,2.07,024740,한일단조 *,테마 편입 사유,3850.0,상승  210,5.77,3850.0,3855.0,9616085.0,39013.0,2571247.0,,,0.536835,1.8230559,"6,417.93",29.46,0.46,2026-04-22 15:50:46
144,방위산업/전쟁 및 테러,2.07,129920,대성하이텍 *,테마 편입 사유,12170.0,상승  480,4.11,12150.0,12170.0,454620.0,5314.0,888195.0,,,0.536835,1.8230559,"6,417.93",29.46,0.46,2026-04-22 15:50:46
144,방위산업/전쟁 및 테러,2.07,035460,기산텔레콤 *,테마 편입 사유,4350.0,상승  130,3.08,4350.0,4355.0,613770.0,2597.0,912049.0,,,0.536835,1.8230559,"6,417.93",29.46,0.46,2026-04-22 15:50:46
144,방위산업/전쟁 및 테러,2.07,042660,한화오션,테마 편입 사유,135000.0,"상승  3,800",2.9,134900.0,135000.0,2872114.0,383613.0,1915814.0,,,0.536835,1.8230559,"6,417.93",29.46,0.46,2026-04-22 15:50:46
144,방위산업/전쟁 및 테러,2.07,108380,대양전기공업 *,테마 편입 사유,31150.0,상승  800,2.64,31100.0,31150.0,47752.0,1481.0,52458.0,,,0.536835,1.8230559,"6,417.93",29.46,0.46,2026-04-22 15:50:46
144,방위산업/전쟁 및 테러,2.07,065450,빅텍 *,테마 편입 사유,5860.0,상승  140,2.45,5860.0,5870.0,6049304.0,36865.0,3512001.0,,,0.536835,1.8230559,"6,417.93",29.46,0.46,2026-04-22 15:50:46
144,방위산업/전쟁 및 테러,2.07,272210,한화시스템,테마 편입 사유,134100.0,"상승  2,700",2.05,134100.0,134200.0,1583516.0,212787.0,649875.0,,,0.536835,1.8230559,"6,417.93",29.46,0.46,2026-04-22 15:50:46
144,방위산업/전쟁 및 테러,2.07,215090,솔디펜스 *,테마 편입 사유,2760.0,상승  55,2.03,2755.0,2760.0,690421.0,1947.0,266239.0,,,0.536835,1.8230559,"6,417.93",29.46,0.46,2026-04-22 15:50:46
144,방위산업/전쟁 및 테러,2.07,013810,스페코 *,테마 편입 사유,3005.0,상승  55,1.86,3005.0,3010.0,574614.0,1762.0,293851.0,,,0.536835,1.8230559,"6,417.93",29.46,0.46,2026-04-22 15:50:46
144,방위산업/전쟁 및 테러,2.07,047810,한국항공우주,테마 편입 사유,185800.0,"상승  3,300",1.81,185700.0,185800.0,620990.0,115421.0,599874.0,,,0.536835,1.8230559,"6,417.93",29.46,0.46,2026-04-22 15:50:46
144,방위산업/전쟁 및 테러,2.07,012450,한화에어로스페이스,테마 편입 사유,1416000.0,"상승  25,000",1.8,1415000.0,1416000.0,159301.0,226328.0,162137.0,,,0.536835,1.8230559,"6,417.93",29.46,0.46,2026-04-22 15:50:46
144,방위산업/전쟁 및 테러,2.07,361390,제노코 *,테마 편입 사유,30600.0,상승  500,1.66,30550.0,30600.0,207529.0,6316.0,144385.0,,,0.536835,1.8230559,"6,417.93",29.46,0.46,2026-04-22 15:50:46
144,방위산업/전쟁 및 테러,2.07,372910,한컴라이프케어,테마 편입 사유,2665.0,상승  40,1.52,2665.0,2675.0,351893.0,941.0,890179.0,,,0.536835,1.8230559,"6,417.93",29.46,0.46,2026-04-22 15:50:46
144,방위산업/전쟁 및 테러,2.07,103140,풍산,테마 편입 사유,101400.0,"상승  1,500",1.5,101300.0,101400.0,187707.0,18860.0,145874.0,,,0.536835,1.8230559,"6,417.93",29.46,0.46,2026-04-22 15:50:46
144,방위산업/전쟁 및 테러,2.07,065950,웰크론 *,테마 편입 사유,1650.0,상승  20,1.23,1647.0,1650.0,123738.0,202.0,439672.0,,,0.536835,1.8230559,"6,417.93",29.46,0.46,2026-04-22 15:50:46
144,방위산업/전쟁 및 테러,2.07,377330,이지트로닉스 *,테마 편입 사유,3830.0,상승  45,1.19,3825.0,3830.0,7871.0,30.0,20404.0,,,0.536835,1.8230559,"6,417.93",29.46,0.46,2026-04-22 15:50:46
144,방위산업/전쟁 및 테러,2.07,012210,삼미금속 *,테마 편입 사유,14900.0,상승  90,0.61,14890.0,14900.0,499149.0,7451.0,518682.0,,,0.536835,1.8230559,"6,417.93",29.46,0.46,2026-04-22 15:50:46
144,방위산업/전쟁 및 테러,2.07,015710,코콤 *,테마 편입 사유,4070.0,상승  20,0.49,4055.0,4070.0,108746.0,441.0,108990.0,,,0.536835,1.8230559,"6,417.93",29.46,0.46,2026-04-22 15:50:46
144,방위산업/전쟁 및 테러,2.07,099320,쎄트렉아이 *,테마 편입 사유,179700.0,상승  800,0.45,179600.0,179700.0,119417.0,21152.0,103447.0,,,0.536835,1.8230559,"6,417.93",29.46,0.46,2026-04-22 15:50:46
144,방위산업/전쟁 및 테러,2.07,005810,풍산홀딩스,테마 편입 사유,44700.0,상승  50,0.11,44650.0,44700.0,106425.0,4732.0,150055.0,,,0.536835,1.8230559,"6,417.93",29.46,0.46,2026-04-22 15:50:46
144,방위산업/전쟁 및 테러,2.07,000270,기아,테마 편입 사유,160000.0,보합0,0.0,159900.0,160000.0,770587.0,122545.0,758081.0,,,0.536835,1.8230559,"6,417.93",29.46,0.46,2026-04-22 15:50:46
144,방위산업/전쟁 및 테러,2.07,096630,에스코넥 *,테마 편입 사유,813.0,보합0,0.0,0.0,0.0,0.0,0.0,0.0,,,0.536835,1.8230559,"6,417.93",29.46,0.46,2026-04-22 15:50:46
144,방위산업/전쟁 및 테러,2.07,321370,센서뷰 *,테마 편입 사유,2940.0,보합0,0.0,0.0,0.0,0.0,0.0,0.0,,,0.536835,1.8230559,"6,417.93",29.46,0.46,2026-04-22 15:50:46
144,방위산업/전쟁 및 테러,2.07,081180,쎄크 *,테마 편입 사유,14180.0,보합0,0.0,14010.0,14180.0,116855.0,1645.0,275492.0,,,0.536835,1.8230559,"6,417.93",29.46,0.46,2026-04-22 15:50:46
144,방위산업/전쟁 및 테러,2.07,077970,STX엔진,테마 편입 사유,50500.0,보합0,0.0,50400.0,50500.0,809201.0,40069.0,5217242.0,,,0.536835,1.8230559,"6,417.93",29.46,0.46,2026-04-22 15:50:46
144,방위산업/전쟁 및 테러,2.07,064960,SNT모티브,테마 편입 사유,34850.0,보합0,0.0,34800.0,34850.0,63422.0,2177.0,98184.0,,,0.536835,1.8230559,"6,417.93",29.46,0.46,2026-04-22 15:50:46
144,방위산업/전쟁 및 테러,2.07,010280,아이티센엔텍 *,테마 편입 사유,1145.0,보합0,0.0,0.0,0.0,0.0,0.0,0.0,,,0.536835,1.8230559,"6,417.93",29.46,0.46,2026-04-22 15:50:46
144,방위산업/전쟁 및 테러,2.07,310870,디와이씨 *,테마 편입 사유,1791.0,하락  2,-0.11,1791.0,1803.0,600792.0,1088.0,291490.0,,,0.536835,1.8230559,"6,417.93",29.46,0.46,2026-04-22 15:50:46
144,방위산업/전쟁 및 테러,2.07,274090,켄코아에어로스페이스 *,테마 편입 사유,23750.0,하락  50,-0.21,23700.0,23750.0,434003.0,10333.0,338498.0,,,0.536835,1.8230559,"6,417.93",29.46,0.46,2026-04-22 15:50:46
144,방위산업/전쟁 및 테러,2.07,011210,현대위아,테마 편입 사유,85600.0,하락  800,-0.93,85500.0,85600.0,137755.0,11713.0,235987.0,,,0.536835,1.8230559,"6,417.93",29.46,0.46,2026-04-22 15:50:46
144,방위산업/전쟁 및 테러,2.07,090080,평화산업,테마 편입 사유,1015.0,하락  10,-0.98,1014.0,1015.0,231155.0,234.0,266968.0,,,0.536835,1.8230559,"6,417.93",29.46,0.46,2026-04-22 15:50:46
144,방위산업/전쟁 및 테러,2.07,040300,YTN *,테마 편입 사유,3455.0,하락  35,-1.0,3455.0,3465.0,123711.0,430.0,416276.0,,,0.536835,1.8230559,"6,417.93",29.46,0.46,2026-04-22 15:50:46
144,방위산업/전쟁 및 테러,2.07,003010,혜인,테마 편입 사유,7450.0,하락  80,-1.06,7440.0,7450.0,4617127.0,34914.0,6854498.0,,,0.536835,1.8230559,"6,417.93",29.46,0.46,2026-04-22 15:50:46
144,방위산업/전쟁 및 테러,2.07,274400,이노시뮬레이션 *,테마 편입 사유,4120.0,하락  50,-1.2,4115.0,4120.0,11428.0,47.0,23072.0,,,0.536835,1.8230559,"6,417.93",29.46,0.46,2026-04-22 15:50:46
144,방위산업/전쟁 및 테러,2.07,003490,대한항공,테마 편입 사유,25200.0,하락  400,-1.56,25200.0,25250.0,967296.0,24294.0,1462650.0,,,0.536835,1.8230559,"6,417.93",29.46,0.46,2026-04-22 15:50:46
144,방위산업/전쟁 및 테러,2.07,437730,삼현 *,테마 편입 사유,53400.0,"하락  1,000",-1.84,53400.0,53500.0,159211.0,8464.0,294321.0,,,0.536835,1.8230559,"6,417.93",29.46,0.46,2026-04-22 15:50:46
144,방위산업/전쟁 및 테러,2.07,000880,한화,테마 편입 사유,128100.0,"하락  2,400",-1.84,128100.0,128200.0,221035.0,28238.0,173452.0,,,0.536835,1.8230559,"6,417.93",29.46,0.46,2026-04-22 15:50:46
144,방위산업/전쟁 및 테러,2.07,082920,비츠로셀 *,테마 편입 사유,56600.0,"하락  1,200",-2.08,56600.0,56700.0,718512.0,40892.0,578970.0,,,0.536835,1.8230559,"6,417.93",29.46,0.46,2026-04-22 15:50:46
144,방위산업/전쟁 및 테러,2.07,077360,덕산하이메탈 *,테마 편입 사유,15750.0,하락  350,-2.17,15750.0,15760.0,1677542.0,26340.0,1624859.0,,,0.536835,1.8230559,"6,417.93",29.46,0.46,2026-04-22 15:50:46
144,방위산업/전쟁 및 테러,2.07,095190,신화프리텍 *,테마 편입 사유,2470.0,하락  55,-2.18,2470.0,2480.0,163863.0,405.0,175541.0,,,0.536835,1.8230559,"6,417.93",29.46,0.46,2026-04-22 15:50:46
144,방위산업/전쟁 및 테러,2.07,289930,웨이비스 *,테마 편입 사유,19560.0,하락  440,-2.2,19560.0,19570.0,520557.0,10403.0,682348.0,,,0.536835,1.8230559,"6,417.93",29.46,0.46,2026-04-22 15:50:46
144,방위산업/전쟁 및 테러,2.07,032820,우리기술 *,테마 편입 사유,22050.0,하락  500,-2.22,22050.0,22100.0,6014843.0,131568.0,9831958.0,,,0.536835,1.8230559,"6,417.93",29.46,0.46,2026-04-22 15:50:46
144,방위산업/전쟁 및 테러,2.07,084850,아이티엠반도체 *,테마 편입 사유,17830.0,하락  500,-2.73,17800.0,17830.0,107722.0,1909.0,237173.0,,,0.536835,1.8230559,"6,417.93",29.46,0.46,2026-04-22 15:50:46
144,방위산업/전쟁 및 테러,2.07,368770,파이버프로 *,테마 편입 사유,25050.0,하락  750,-2.91,25050.0,25100.0,926292.0,23208.0,1621917.0,,,0.536835,1.8230559,"6,417.93",29.46,0.46,2026-04-22 15:50:46
144,방위산업/전쟁 및 테러,2.07,010170,대한광통신 *,테마 편입 사유,15220.0,하락  480,-3.06,15220.0,15230.0,21892822.0,339347.0,35801311.0,,,0.536835,1.8230559,"6,417.93",29.46,0.46,2026-04-22 15:50:46
144,방위산업/전쟁 및 테러,2.07,006050,국영지앤엠 *,테마 편입 사유,1369.0,하락  44,-3.11,1369.0,1370.0,603593.0,834.0,278863.0,,,0.536835,1.8230559,"6,417.93",29.46,0.46,2026-04-22 15:50:46
144,방위산업/전쟁 및 테러,2.07,088800,에이스테크 *,테마 편입 사유,5100.0,하락  170,-3.23,5100.0,5110.0,1097789.0,5564.0,1315277.0,,,0.536835,1.8230559,"6,417.93",29.46,0.46,2026-04-22 15:50:46
144,방위산업/전쟁 및 테러,2.07,140430,카티스 *,테마 편입 사유,883.0,하락  33,-3.6,882.0,883.0,967470.0,858.0,2619459.0,,,0.536835,1.8230559,"6,417.93",29.46,0.46,2026-04-22 15:50:46
144,방위산업/전쟁 및 테러,2.07,042370,비츠로테크 *,테마 편입 사유,16800.0,하락  800,-4.55,16800.0,16810.0,1117287.0,18793.0,1347168.0,,,0.536835,1.8230559,"6,417.93",29.46,0.46,2026-04-22 15:50:46
144,방위산업/전쟁 및 테러,2.07,327260,RF머트리얼즈 *,테마 편입 사유,101600.0,"하락  5,700",-5.31,101600.0,101700.0,226832.0,22965.0,215698.0,,,0.536835,1.8230559,"6,417.93",29.46,0.46,2026-04-22 15:50:46
288,모바일솔루션(스마트폰),1.93,163730,핑거 *,테마 편입 사유,18070.0,"상한가  4,170",30.0,18070.0,0.0,4246531.0,71498.0,821898.0,,,0.338846,1.77413084,"6,417.93",29.46,0.46,2026-04-22 15:50:46
288,모바일솔루션(스마트폰),1.93,088340,유라클 *,테마 편입 사유,14900.0,"상승  1,800",13.74,14890.0,14900.0,3456246.0,51988.0,2637255.0,,,0.338846,1.77413084,"6,417.93",29.46,0.46,2026-04-22 15:50:46
288,모바일솔루션(스마트폰),1.93,065440,이루온 *,테마 편입 사유,3845.0,상승  325,9.23,3840.0,3845.0,4023806.0,15131.0,1906593.0,,,0.338846,1.77413084,"6,417.93",29.46,0.46,2026-04-22 15:50:46
288,모바일솔루션(스마트폰),1.93,100030,인지소프트 *,테마 편입 사유,19150.0,상승  400,2.13,19150.0,19170.0,3475.0,66.0,4353.0,,,0.338846,1.77413084,"6,417.93",29.46,0.46,2026-04-22 15:50:46
288,모바일솔루션(스마트폰),1.93,039290,인포뱅크 *,테마 편입 사유,5080.0,상승  90,1.8,5070.0,5080.0,25359.0,127.0,22880.0,,,0.338846,1.77413084,"6,417.93",29.46,0.46,2026-04-22 15:50:46
288,모바일솔루션(스마트폰),1.93,099390,브레인즈컴퍼니 *,테마 편입 사유,4660.0,상승  25,0.54,4640.0,4660.0,15189.0,69.0,16919.0,,,0.338846,1.77413084,"6,417.93",29.46,0.46,2026-04-22 15:50:46
288,모바일솔루션(스마트폰),1.93,064800,포니링크 *,테마 편입 사유,669.0,상승  3,0.45,668.0,669.0,415828.0,277.0,645829.0,,,0.338846,1.77413084,"6,417.93",29.46,0.46,2026-04-22 15:50:46
288,모바일솔루션(스마트폰),1.93,072130,유엔젤,테마 편입 사유,5720.0,상승  20,0.35,5710.0,5720.0,138217.0,783.0,130001.0,,,0.338846,1.77413084,"6,417.93",29.46,0.46,2026-04-22 15:50:46
288,모바일솔루션(스마트폰),1.93,115610,이미지스 *,테마 편입 사유,1339.0,보합0,0.0,0.0,0.0,0.0,0.0,0.0,,,0.338846,1.77413084,"6,417.93",29.46,0.46,2026-04-22 15:50:46
288,모바일솔루션(스마트폰),1.93,086960,MDS테크 *,테마 편입 사유,1115.0,보합0,0.0,0.0,0.0,0.0,0.0,0.0,,,0.338846,1.77413084,"6,417.93",29.46,0.46,2026-04-22 15:50:46
288,모바일솔루션(스마트폰),1.93,094480,갤럭시아머니트리 *,테마 편입 사유,8900.0,보합0,0.0,8890.0,8900.0,229611.0,2023.0,250472.0,,,0.338846,1.77413084,"6,417.93",29.46,0.46,2026-04-22 15:50:46
288,모바일솔루션(스마트폰),1.93,089850,유비벨록스 *,테마 편입 사유,5720.0,하락  10,-0.17,5690.0,5720.0,43793.0,248.0,83009.0,,,0.338846,1.77413084,"6,417.93",29.46,0.46,2026-04-22 15:50:46
288,모바일솔루션(스마트폰),1.93,139670,키네마스터 *,테마 편입 사유,2090.0,하락  5,-0.24,2090.0,2095.0,37751.0,78.0,43927.0,,,0.338846,1.77413084,"6,417.93",29.46,0.46,2026-04-22 15:50:46
288,모바일솔루션(스마트폰),1.93,065370,위세아이텍 *,테마 편입 사유,5560.0,하락  20,-0.36,5540.0,5560.0,18032.0,100.0,28313.0,,,0.338846,1.77413084,"6,417.93",29.46,0.46,2026-04-22 15:50:46
288,모바일솔루션(스마트폰),1.93,051160,지어소프트 *,테마 편입 사유,7500.0,하락  30,-0.4,7490.0,7500.0,43283.0,323.0,94128.0,,,0.338846,1.77413084,"6,417.93",29.46,0.46,2026-04-22 15:50:46
288,모바일솔루션(스마트폰),1.93,078000,텔코웨어,테마 편입 사유,17100.0,하락  120,-0.7,17100.0,17110.0,8466.0,144.0,13302.0,,,0.338846,1.77413084,"6,417.93",29.46,0.46,2026-04-22 15:50:46
288,모바일솔루션(스마트폰),1.93,041020,폴라리스오피스 *,테마 편입 사유,4940.0,하락  45,-0.9,4935.0,4940.0,1096432.0,5460.0,1896104.0,,,0.338846,1.77413084,"6,417.93",29.46,0.46,2026-04-22 15:50:46
288,모바일솔루션(스마트폰),1.93,042000,카페24 *,테마 편입 사유,27000.0,하락  250,-0.92,27000.0,27050.0,69142.0,1867.0,56573.0,,,0.338846,1.77413084,"6,417.93",29.46,0.46,2026-04-22 15:50:46
288,모바일솔루션(스마트폰),1.93,058970,엠로 *,테마 편입 사유,30100.0,하락  300,-0.99,30100.0,30150.0,35443.0,1059.0,97219.0,,,0.338846,1.77413084,"6,417.93",29.46,0.46,2026-04-22 15:50:46
288,모바일솔루션(스마트폰),1.93,108860,셀바스AI *,테마 편입 사유,13960.0,하락  170,-1.2,13960.0,13970.0,364585.0,5075.0,462805.0,,,0.338846,1.77413084,"6,417.93",29.46,0.46,2026-04-22 15:50:46
288,모바일솔루션(스마트폰),1.93,064260,다날 *,테마 편입 사유,7740.0,하락  140,-1.78,7740.0,7750.0,2231567.0,17076.0,2213166.0,,,0.338846,1.77413084,"6,417.93",29.46,0.46,2026-04-22 15:50:46
288,모바일솔루션(스마트폰),1.93,153460,네이블 *,테마 편입 사유,11000.0,하락  230,-2.05,10950.0,11000.0,46383.0,507.0,47994.0,,,0.338846,1.77413084,"6,417.93",29.46,0.46,2026-04-22 15:50:46
288,모바일솔루션(스마트폰),1.93,039560,다산네트웍스 *,테마 편입 사유,5200.0,하락  220,-4.06,5200.0,5210.0,905646.0,4718.0,1230044.0,,,0.338846,1.77413084,"6,417.93",29.46,0.46,2026-04-22 15:50:46
79,자원개발,1.98,001250,GS글로벌,테마 편입 사유,3950.0,상승  580,17.21,3945.0,3950.0,26891094.0,106608.0,2681874.0,,,0.461804,1.76757016,"6,417.93",29.46,0.46,2026-04-22 15:50:46
79,자원개발,1.98,001120,LX인터내셔널,테마 편입 사유,52900.0,"상승  2,800",5.59,52800.0,52900.0,227696.0,11890.0,145906.0,,,0.461804,1.76757016,"6,417.93",29.46,0.46,2026-04-22 15:50:46
79,자원개발,1.98,047050,포스코인터내셔널,테마 편입 사유,80600.0,"상승  3,100",4.0,80500.0,80600.0,898780.0,71581.0,551514.0,,,0.461804,1.76757016,"6,417.93",29.46,0.46,2026-04-22 15:50:46
79,자원개발,1.98,011760,현대코퍼레이션,테마 편입 사유,29750.0,"상승  1,100",3.84,29750.0,29800.0,120313.0,3553.0,99196.0,,,0.461804,1.76757016,"6,417.93",29.46,0.46,2026-04-22 15:50:46
79,자원개발,1.98,065420,에스아이리소스 *,테마 편입 사유,296.0,상승  5,1.72,296.0,297.0,22195853.0,7037.0,77993235.0,,,0.461804,1.76757016,"6,417.93",29.46,0.46,2026-04-22 15:50:46
79,자원개발,1.98,096770,SK이노베이션,테마 편입 사유,134000.0,상승  500,0.37,133600.0,134000.0,618065.0,81789.0,1167957.0,,,0.461804,1.76757016,"6,417.93",29.46,0.46,2026-04-22 15:50:46
79,자원개발,1.98,037950,엘컴텍 *,테마 편입 사유,709.0,보합0,0.0,0.0,0.0,0.0,0.0,0.0,,,0.461804,1.76757016,"6,417.93",29.46,0.46,2026-04-22 15:50:46
79,자원개발,1.98,051780,큐로홀딩스 *,테마 편입 사유,727.0,보합0,0.0,0.0,0.0,0.0,0.0,0.0,,,0.461804,1.76757016,"6,417.93",29.46,0.46,2026-04-22 15:50:46
79,자원개발,1.98,078930,GS,테마 편입 사유,70800.0,보합0,0.0,70700.0,70800.0,168093.0,11780.0,166409.0,,,0.461804,1.76757016,"6,417.93",29.46,0.46,2026-04-22 15:50:46
79,자원개발,1.98,036460,한국가스공사,테마 편입 사유,36900.0,하락  150,-0.4,36900.0,36950.0,198269.0,7286.0,265407.0,,,0.461804,1.76757016,"6,417.93",29.46,0.46,2026-04-22 15:50:46
79,자원개발,1.98,017390,서울가스,테마 편입 사유,62600.0,하락  400,-0.63,62500.0,62600.0,5585.0,349.0,5384.0,,,0.461804,1.76757016,"6,417.93",29.46,0.46,2026-04-22 15:50:46
79,자원개발,1.98,028260,삼성물산,테마 편입 사유,301000.0,"하락  3,000",-0.99,300500.0,301000.0,246043.0,73847.0,311495.0,,,0.461804,1.76757016,"6,417.93",29.46,0.46,2026-04-22 15:50:46
79,자원개발,1.98,065170,비엘팜텍 *,테마 편입 사유,2350.0,하락  35,-1.47,2350.0,2355.0,593892.0,1397.0,856765.0,,,0.461804,1.76757016,"6,417.93",29.46,0.46,2026-04-22 15:50:46
79,자원개발,1.98,128820,대성산업,테마 편입 사유,6940.0,하락  110,-1.56,6940.0,6950.0,251883.0,1755.0,267576.0,,,0.461804,1.76757016,"6,417.93",29.46,0.46,2026-04-22 15:50:46
307,시스템반도체,2.06,093640,케이알엠 *,테마 편입 사유,5190.0,"상승  1,020",24.46,5180.0,5190.0,1200944.0,5921.0,50004.0,,,0.824204,1.6808661599999999,"6,417.93",29.46,0.46,2026-04-22 15:50:46
307,시스템반도체,2.06,131970,두산테스나 *,테마 편입 사유,124900.0,"상승  16,900",15.65,124900.0,125000.0,861036.0,100571.0,252491.0,,,0.824204,1.6808661599999999,"6,417.93",29.46,0.46,2026-04-22 15:50:46
307,시스템반도체,2.06,394280,오픈엣지테크놀로지 *,테마 편입 사유,19120.0,"상승  1,440",8.14,19120.0,19130.0,1036583.0,19458.0,252259.0,,,0.824204,1.6808661599999999,"6,417.93",29.46,0.46,2026-04-22 15:50:46
307,시스템반도체,2.06,396270,넥스트칩 *,테마 편입 사유,5130.0,상승  365,7.66,5130.0,5140.0,886748.0,4387.0,862180.0,,,0.824204,1.6808661599999999,"6,417.93",29.46,0.46,2026-04-22 15:50:46
307,시스템반도체,2.06,440110,파두 *,테마 편입 사유,65400.0,"상승  4,600",7.57,65400.0,65500.0,972813.0,61743.0,595283.0,,,0.824204,1.6808661599999999,"6,417.93",29.46,0.46,2026-04-22 15:50:46
307,시스템반도체,2.06,452430,사피엔반도체 *,테마 편입 사유,36650.0,"상승  2,100",6.08,36600.0,36650.0,94606.0,3423.0,49821.0,,,0.824204,1.6808661599999999,"6,417.93",29.46,0.46,2026-04-22 15:50:46
307,시스템반도체,2.06,033640,네패스 *,테마 편입 사유,27450.0,"상승  1,400",5.37,27400.0,27450.0,332337.0,8862.0,280252.0,,,0.824204,1.6808661599999999,"6,417.93",29.46,0.46,2026-04-22 15:50:46
307,시스템반도체,2.06,094170,동운아나텍 *,테마 편입 사유,44550.0,"상승  2,150",5.07,44550.0,44600.0,209527.0,9164.0,326383.0,,,0.824204,1.6808661599999999,"6,417.93",29.46,0.46,2026-04-22 15:50:46
307,시스템반도체,2.06,067310,하나마이크론 *,테마 편입 사유,39900.0,"상승  1,850",4.86,39850.0,39900.0,3769473.0,148132.0,2753448.0,,,0.824204,1.6808661599999999,"6,417.93",29.46,0.46,2026-04-22 15:50:46
307,시스템반도체,2.06,000990,DB하이텍,테마 편입 사유,127900.0,"상승  5,900",4.84,127800.0,127900.0,633243.0,79720.0,720299.0,,,0.824204,1.6808661599999999,"6,417.93",29.46,0.46,2026-04-22 15:50:46
307,시스템반도체,2.06,080520,오디텍 *,테마 편입 사유,4375.0,상승  180,4.29,4370.0,4375.0,147991.0,631.0,170789.0,,,0.824204,1.6808661599999999,"6,417.93",29.46,0.46,2026-04-22 15:50:46
307,시스템반도체,2.06,094360,칩스앤미디어 *,테마 편입 사유,18530.0,상승  710,3.98,18520.0,18530.0,225195.0,4139.0,137713.0,,,0.824204,1.6808661599999999,"6,417.93",29.46,0.46,2026-04-22 15:50:46
307,시스템반도체,2.06,036540,SFA반도체 *,테마 편입 사유,7860.0,상승  290,3.83,7850.0,7860.0,6380105.0,49303.0,6665518.0,,,0.824204,1.6808661599999999,"6,417.93",29.46,0.46,2026-04-22 15:50:46
307,시스템반도체,2.06,319660,피에스케이 *,테마 편입 사유,86900.0,"상승  3,200",3.82,86800.0,86900.0,283111.0,23930.0,250067.0,,,0.824204,1.6808661599999999,"6,417.93",29.46,0.46,2026-04-22 15:50:46
307,시스템반도체,2.06,061970,LB세미콘 *,테마 편입 사유,5050.0,상승  175,3.59,5040.0,5050.0,335478.0,1672.0,263249.0,,,0.824204,1.6808661599999999,"6,417.93",29.46,0.46,2026-04-22 15:50:46
307,시스템반도체,2.06,093520,매커스 *,테마 편입 사유,24900.0,상승  850,3.53,24900.0,24950.0,53535.0,1314.0,33251.0,,,0.824204,1.6808661599999999,"6,417.93",29.46,0.46,2026-04-22 15:50:46
307,시스템반도체,2.06,098460,고영 *,테마 편입 사유,33100.0,"상승  1,100",3.44,33050.0,33100.0,3390660.0,110627.0,2687432.0,,,0.824204,1.6808661599999999,"6,417.93",29.46,0.46,2026-04-22 15:50:46
307,시스템반도체,2.06,432720,퀄리타스반도체 *,테마 편입 사유,20150.0,상승  630,3.23,20100.0,20150.0,1457194.0,28568.0,2865687.0,,,0.824204,1.6808661599999999,"6,417.93",29.46,0.46,2026-04-22 15:50:46
307,시스템반도체,2.06,172670,에이엘티 *,테마 편입 사유,12640.0,상승  380,3.1,12630.0,12640.0,154634.0,1949.0,99756.0,,,0.824204,1.6808661599999999,"6,417.93",29.46,0.46,2026-04-22 15:50:46
307,시스템반도체,2.06,108320,LX세미콘,테마 편입 사유,56500.0,"상승  1,700",3.1,56500.0,56600.0,129480.0,7182.0,90869.0,,,0.824204,1.6808661599999999,"6,417.93",29.46,0.46,2026-04-22 15:50:46
307,시스템반도체,2.06,405100,큐알티 *,테마 편입 사유,21450.0,상승  550,2.63,21400.0,21450.0,213677.0,4588.0,188162.0,,,0.824204,1.6808661599999999,"6,417.93",29.46,0.46,2026-04-22 15:50:46
307,시스템반도체,2.06,200710,에이디테크놀로지 *,테마 편입 사유,56400.0,"상승  1,100",1.99,56300.0,56400.0,466449.0,25350.0,231143.0,,,0.824204,1.6808661599999999,"6,417.93",29.46,0.46,2026-04-22 15:50:46
307,시스템반도체,2.06,445090,에이직랜드 *,테마 편입 사유,30700.0,상승  600,1.99,30700.0,30750.0,82020.0,2477.0,97276.0,,,0.824204,1.6808661599999999,"6,417.93",29.46,0.46,2026-04-22 15:50:46
307,시스템반도체,2.06,054450,텔레칩스 *,테마 편입 사유,14030.0,상승  260,1.89,14030.0,14040.0,156825.0,2169.0,136168.0,,,0.824204,1.6808661599999999,"6,417.93",29.46,0.46,2026-04-22 15:50:46
307,시스템반도체,2.06,399720,가온칩스 *,테마 편입 사유,68300.0,"상승  1,200",1.79,68200.0,68300.0,173988.0,11685.0,166234.0,,,0.824204,1.6808661599999999,"6,417.93",29.46,0.46,2026-04-22 15:50:46
307,시스템반도체,2.06,058470,리노공업 *,테마 편입 사유,120200.0,"상승  1,700",1.43,120100.0,120200.0,572327.0,67657.0,618083.0,,,0.824204,1.6808661599999999,"6,417.93",29.46,0.46,2026-04-22 15:50:46
307,시스템반도체,2.06,003160,디아이,테마 편입 사유,32350.0,상승  450,1.41,32300.0,32350.0,336484.0,10720.0,415879.0,,,0.824204,1.6808661599999999,"6,417.93",29.46,0.46,2026-04-22 15:50:46
307,시스템반도체,2.06,234030,싸이닉솔루션 *,테마 편입 사유,7360.0,상승  90,1.24,7360.0,7390.0,138348.0,1003.0,216398.0,,,0.824204,1.6808661599999999,"6,417.93",29.46,0.46,2026-04-22 15:50:46
307,시스템반도체,2.06,102120,어보브반도체 *,테마 편입 사유,13040.0,상승  150,1.16,13030.0,13040.0,415830.0,5318.0,830168.0,,,0.824204,1.6808661599999999,"6,417.93",29.46,0.46,2026-04-22 15:50:46
307,시스템반도체,2.06,464500,아이언디바이스 *,테마 편입 사유,3620.0,상승  40,1.12,3620.0,3650.0,91368.0,330.0,108251.0,,,0.824204,1.6808661599999999,"6,417.93",29.46,0.46,2026-04-22 15:50:46
307,시스템반도체,2.06,330860,네패스아크 *,테마 편입 사유,32700.0,상승  350,1.08,32650.0,32700.0,260638.0,8433.0,469770.0,,,0.824204,1.6808661599999999,"6,417.93",29.46,0.46,2026-04-22 15:50:46
307,시스템반도체,2.06,045970,코아시아 *,테마 편입 사유,5650.0,상승  50,0.89,5640.0,5650.0,128405.0,712.0,289378.0,,,0.824204,1.6808661599999999,"6,417.93",29.46,0.46,2026-04-22 15:50:46
307,시스템반도체,2.06,254490,미래반도체 *,테마 편입 사유,19200.0,상승  150,0.79,19190.0,19200.0,136089.0,2572.0,295333.0,,,0.824204,1.6808661599999999,"6,417.93",29.46,0.46,2026-04-22 15:50:46
307,시스템반도체,2.06,226590,엠디바이스 *,테마 편입 사유,28000.0,상승  50,0.18,28000.0,28050.0,235486.0,6455.0,254600.0,,,0.824204,1.6808661599999999,"6,417.93",29.46,0.46,2026-04-22 15:50:46
307,시스템반도체,2.06,089030,테크윙 *,테마 편입 사유,57200.0,상승  100,0.18,57100.0,57200.0,964056.0,54108.0,1053002.0,,,0.824204,1.6808661599999999,"6,417.93",29.46,0.46,2026-04-22 15:50:46
307,시스템반도체,2.06,059120,아진엑스텍 *,테마 편입 사유,7400.0,상승  10,0.14,7390.0,7400.0,181862.0,1333.0,172576.0,,,0.824204,1.6808661599999999,"6,417.93",29.46,0.46,2026-04-22 15:50:46
307,시스템반도체,2.06,033170,시그네틱스 *,테마 편입 사유,913.0,상승  1,0.11,912.0,913.0,583587.0,530.0,872088.0,,,0.824204,1.6808661599999999,"6,417.93",29.46,0.46,2026-04-22 15:50:46
307,시스템반도체,2.06,115610,이미지스 *,테마 편입 사유,1339.0,보합0,0.0,0.0,0.0,0.0,0.0,0.0,,,0.824204,1.6808661599999999,"6,417.93",29.46,0.46,2026-04-22 15:50:46
307,시스템반도체,2.06,303030,지니틱스 *,테마 편입 사유,748.0,보합0,0.0,0.0,0.0,0.0,0.0,0.0,,,0.824204,1.6808661599999999,"6,417.93",29.46,0.46,2026-04-22 15:50:46
307,시스템반도체,2.06,101490,에스앤에스텍 *,테마 편입 사유,101800.0,보합0,0.0,101800.0,101900.0,184035.0,18531.0,226518.0,,,0.824204,1.6808661599999999,"6,417.93",29.46,0.46,2026-04-22 15:50:46
307,시스템반도체,2.06,038880,아이에이 *,테마 편입 사유,135.0,보합0,0.0,0.0,0.0,0.0,0.0,0.0,,,0.824204,1.6808661599999999,"6,417.93",29.46,0.46,2026-04-22 15:50:46
307,시스템반도체,2.06,000660,SK하이닉스,테마 편입 사유,1223000.0,"하락  1,000",-0.08,1223000.0,1224000.0,2868925.0,3486991.0,3516960.0,,,0.824204,1.6808661599999999,"6,417.93",29.46,0.46,2026-04-22 15:50:46
307,시스템반도체,2.06,123860,아나패스 *,테마 편입 사유,17550.0,하락  20,-0.11,17550.0,17580.0,37083.0,650.0,47122.0,,,0.824204,1.6808661599999999,"6,417.93",29.46,0.46,2026-04-22 15:50:46
307,시스템반도체,2.06,220260,켐트로스 *,테마 편입 사유,6250.0,하락  10,-0.16,6250.0,6260.0,584640.0,3666.0,757401.0,,,0.824204,1.6808661599999999,"6,417.93",29.46,0.46,2026-04-22 15:50:46
307,시스템반도체,2.06,042700,한미반도체,테마 편입 사유,293500.0,"하락  1,500",-0.51,293000.0,293500.0,684762.0,198796.0,496193.0,,,0.824204,1.6808661599999999,"6,417.93",29.46,0.46,2026-04-22 15:50:46
307,시스템반도체,2.06,005930,삼성전자,테마 편입 사유,217500.0,"하락  1,500",-0.68,217500.0,218000.0,16732708.0,3648624.0,16752132.0,,,0.824204,1.6808661599999999,"6,417.93",29.46,0.46,2026-04-22 15:50:46
307,시스템반도체,2.06,119830,아이텍 *,테마 편입 사유,7190.0,하락  70,-0.96,7180.0,7190.0,239418.0,1707.0,304130.0,,,0.824204,1.6808661599999999,"6,417.93",29.46,0.46,2026-04-22 15:50:46
307,시스템반도체,2.06,117670,알파칩스 *,테마 편입 사유,18950.0,하락  220,-1.15,18940.0,18950.0,30157.0,556.0,53972.0,,,0.824204,1.6808661599999999,"6,417.93",29.46,0.46,2026-04-22 15:50:46
307,시스템반도체,2.06,389020,자람테크놀로지 *,테마 편입 사유,54800.0,하락  700,-1.26,54700.0,54800.0,92575.0,5057.0,119167.0,,,0.824204,1.6808661599999999,"6,417.93",29.46,0.46,2026-04-22 15:50:46
307,시스템반도체,2.06,092600,앤씨앤 *,테마 편입 사유,1020.0,하락  16,-1.54,1020.0,1021.0,756863.0,763.0,853551.0,,,0.824204,1.6808661599999999,"6,417.93",29.46,0.46,2026-04-22 15:50:46
307,시스템반도체,2.06,317120,라닉스 *,테마 편입 사유,2660.0,하락  55,-2.03,2655.0,2660.0,745622.0,1896.0,1199250.0,,,0.824204,1.6808661599999999,"6,417.93",29.46,0.46,2026-04-22 15:50:46
307,시스템반도체,2.06,097800,윈팩 *,테마 편입 사유,459.0,하락  10,-2.13,458.0,459.0,1025022.0,469.0,739144.0,,,0.824204,1.6808661599999999,"6,417.93",29.46,0.46,2026-04-22 15:50:46
307,시스템반도체,2.06,052860,아이앤씨 *,테마 편입 사유,5400.0,하락  210,-3.74,5400.0,5410.0,146223.0,795.0,194913.0,,,0.824204,1.6808661599999999,"6,417.93",29.46,0.46,2026-04-22 15:50:46
307,시스템반도체,2.06,429270,시지트로닉스 *,테마 편입 사유,6400.0,하락  250,-3.76,6400.0,6410.0,238582.0,1541.0,443592.0,,,0.824204,1.6808661599999999,"6,417.93",29.46,0.46,2026-04-22 15:50:46
307,시스템반도체,2.06,490470,세미파이브 *,테마 편입 사유,35450.0,"하락  2,150",-5.72,35400.0,35450.0,1258768.0,45478.0,2054643.0,,,0.824204,1.6808661599999999,"6,417.93",29.46,0.46,2026-04-22 15:50:46
307,시스템반도체,2.06,456010,아이씨티케이 *,테마 편입 사유,23550.0,"하락  1,650",-6.55,23550.0,23600.0,1220664.0,28733.0,2071692.0,,,0.824204,1.6808661599999999,"6,417.93",29.46,0.46,2026-04-22 15:50:46
204,비료,1.76,014580,태경비케이,테마 편입 사유,4965.0,상승  310,6.66,4960.0,4965.0,1985625.0,9758.0,120495.0,,,0.222217,1.65778018,"6,417.93",29.46,0.46,2026-04-22 15:50:46
204,비료,1.76,025860,남해화학,테마 편입 사유,8890.0,상승  270,3.13,8890.0,8900.0,2617298.0,23404.0,1499235.0,,,0.222217,1.65778018,"6,417.93",29.46,0.46,2026-04-22 15:50:46
204,비료,1.76,001390,KG케미칼,테마 편입 사유,5810.0,상승  130,2.29,5790.0,5810.0,543771.0,3158.0,482929.0,,,0.222217,1.65778018,"6,417.93",29.46,0.46,2026-04-22 15:50:46
204,비료,1.76,004000,롯데정밀화학,테마 편입 사유,55000.0,"상승  1,200",2.23,54900.0,55000.0,89763.0,4901.0,59747.0,,,0.222217,1.65778018,"6,417.93",29.46,0.46,2026-04-22 15:50:46
204,비료,1.76,097870,효성오앤비 *,테마 편입 사유,6460.0,상승  90,1.41,6450.0,6460.0,90251.0,582.0,171430.0,,,0.222217,1.65778018,"6,417.93",29.46,0.46,2026-04-22 15:50:46
204,비료,1.76,332290,누보 *,테마 편입 사유,1382.0,상승  13,0.95,1381.0,1382.0,484251.0,668.0,741923.0,,,0.222217,1.65778018,"6,417.93",29.46,0.46,2026-04-22 15:50:46
204,비료,1.76,014830,유니드,테마 편입 사유,85900.0,상승  400,0.47,85900.0,86000.0,30199.0,2587.0,32189.0,,,0.222217,1.65778018,"6,417.93",29.46,0.46,2026-04-22 15:50:46
204,비료,1.76,054050,농우바이오 *,테마 편입 사유,8110.0,상승  20,0.25,8090.0,8110.0,17800.0,144.0,58126.0,,,0.222217,1.65778018,"6,417.93",29.46,0.46,2026-04-22 15:50:46
204,비료,1.76,001550,조비,테마 편입 사유,15140.0,상승  30,0.2,15140.0,15170.0,74971.0,1143.0,107501.0,,,0.222217,1.65778018,"6,417.93",29.46,0.46,2026-04-22 15:50:46
204,비료,1.76,033250,체시스,테마 편입 사유,999.0,보합0,0.0,0.0,0.0,0.0,0.0,0.0,,,0.222217,1.65778018,"6,417.93",29.46,0.46,2026-04-22 15:50:46
279,스마트폰,1.67,125210,아모그린텍 *,테마 편입 사유,12720.0,"상승  1,950",18.11,12710.0,12720.0,1365446.0,16467.0,597778.0,,,0.379963,1.49521702,"6,417.93",29.46,0.46,2026-04-22 15:50:46
279,스마트폰,1.67,011070,LG이노텍,테마 편입 사유,500000.0,"상승  75,000",17.65,500000.0,501000.0,598835.0,290059.0,201193.0,,,0.379963,1.49521702,"6,417.93",29.46,0.46,2026-04-22 15:50:46
279,스마트폰,1.67,052710,아모텍 *,테마 편입 사유,27950.0,"상승  2,750",10.91,27900.0,27950.0,1264379.0,35113.0,599944.0,,,0.379963,1.49521702,"6,417.93",29.46,0.46,2026-04-22 15:50:46
279,스마트폰,1.67,290550,디케이티 *,테마 편입 사유,26200.0,"상승  2,050",8.49,26150.0,26200.0,619550.0,15962.0,447543.0,,,0.379963,1.49521702,"6,417.93",29.46,0.46,2026-04-22 15:50:46
279,스마트폰,1.67,294140,레몬 *,테마 편입 사유,3905.0,상승  295,8.17,3905.0,3935.0,2362894.0,10363.0,71456.0,,,0.379963,1.49521702,"6,417.93",29.46,0.46,2026-04-22 15:50:46
279,스마트폰,1.67,033240,자화전자,테마 편입 사유,46250.0,"상승  3,250",7.56,46200.0,46250.0,502424.0,22462.0,181494.0,,,0.379963,1.49521702,"6,417.93",29.46,0.46,2026-04-22 15:50:46
279,스마트폰,1.67,064520,테크엘 *,테마 편입 사유,1970.0,상승  129,7.01,1967.0,1970.0,173818.0,337.0,298862.0,,,0.379963,1.49521702,"6,417.93",29.46,0.46,2026-04-22 15:50:46
279,스마트폰,1.67,051370,인터플렉스 *,테마 편입 사유,14080.0,상승  770,5.79,14070.0,14080.0,493778.0,6828.0,176217.0,,,0.379963,1.49521702,"6,417.93",29.46,0.46,2026-04-22 15:50:46
279,스마트폰,1.67,198080,캐프 *,테마 편입 사유,3100.0,상승  165,5.62,3100.0,3105.0,722021.0,2260.0,97615.0,,,0.379963,1.49521702,"6,417.93",29.46,0.46,2026-04-22 15:50:46
279,스마트폰,1.67,126700,하이비젼시스템 *,테마 편입 사유,19310.0,상승  950,5.17,19310.0,19320.0,207663.0,3918.0,161285.0,,,0.379963,1.49521702,"6,417.93",29.46,0.46,2026-04-22 15:50:46
279,스마트폰,1.67,178320,서진시스템 *,테마 편입 사유,53200.0,"상승  2,600",5.14,53100.0,53200.0,3561107.0,182074.0,6006806.0,,,0.379963,1.49521702,"6,417.93",29.46,0.46,2026-04-22 15:50:46
279,스마트폰,1.67,094170,동운아나텍 *,테마 편입 사유,44550.0,"상승  2,150",5.07,44550.0,44600.0,209527.0,9164.0,326383.0,,,0.379963,1.49521702,"6,417.93",29.46,0.46,2026-04-22 15:50:46
279,스마트폰,1.67,034220,LG디스플레이,테마 편입 사유,15480.0,상승  710,4.81,15470.0,15480.0,11025436.0,169498.0,4840847.0,,,0.379963,1.49521702,"6,417.93",29.46,0.46,2026-04-22 15:50:46
279,스마트폰,1.67,089010,켐트로닉스 *,테마 편입 사유,34950.0,"상승  1,300",3.86,34950.0,35000.0,448528.0,15559.0,170536.0,,,0.379963,1.49521702,"6,417.93",29.46,0.46,2026-04-22 15:50:46
279,스마트폰,1.67,081580,성우전자 *,테마 편입 사유,3495.0,상승  120,3.56,3475.0,3495.0,159560.0,556.0,190436.0,,,0.379963,1.49521702,"6,417.93",29.46,0.46,2026-04-22 15:50:46
279,스마트폰,1.67,179900,유티아이 *,테마 편입 사유,21700.0,상승  600,2.84,21650.0,21700.0,109412.0,2319.0,129433.0,,,0.379963,1.49521702,"6,417.93",29.46,0.46,2026-04-22 15:50:46
279,스마트폰,1.67,051360,토비스 *,테마 편입 사유,16490.0,상승  370,2.3,16480.0,16490.0,51967.0,848.0,32977.0,,,0.379963,1.49521702,"6,417.93",29.46,0.46,2026-04-22 15:50:46
279,스마트폰,1.67,036010,아비코전자 *,테마 편입 사유,10630.0,상승  230,2.21,10610.0,10630.0,156620.0,1643.0,172295.0,,,0.379963,1.49521702,"6,417.93",29.46,0.46,2026-04-22 15:50:46
279,스마트폰,1.67,190510,나무가 *,테마 편입 사유,19100.0,상승  410,2.19,19090.0,19100.0,44817.0,847.0,52149.0,,,0.379963,1.49521702,"6,417.93",29.46,0.46,2026-04-22 15:50:46
279,스마트폰,1.67,006400,삼성SDI,테마 편입 사유,659000.0,"상승  14,000",2.17,659000.0,660000.0,1727526.0,1149445.0,2533682.0,,,0.379963,1.49521702,"6,417.93",29.46,0.46,2026-04-22 15:50:46
279,스마트폰,1.67,055490,테이팩스,테마 편입 사유,19450.0,상승  350,1.83,19430.0,19460.0,74319.0,1435.0,109821.0,,,0.379963,1.49521702,"6,417.93",29.46,0.46,2026-04-22 15:50:46
279,스마트폰,1.67,076610,해성옵틱스 *,테마 편입 사유,1485.0,상승  23,1.57,1483.0,1485.0,2034806.0,3050.0,1368367.0,,,0.379963,1.49521702,"6,417.93",29.46,0.46,2026-04-22 15:50:46
279,스마트폰,1.67,204270,제이앤티씨 *,테마 편입 사유,19520.0,상승  280,1.46,19520.0,19580.0,227084.0,4428.0,172312.0,,,0.379963,1.49521702,"6,417.93",29.46,0.46,2026-04-22 15:50:46
279,스마트폰,1.67,213420,덕산네오룩스 *,테마 편입 사유,53300.0,상승  700,1.33,53300.0,53400.0,192080.0,10205.0,239279.0,,,0.379963,1.49521702,"6,417.93",29.46,0.46,2026-04-22 15:50:46
279,스마트폰,1.67,192650,드림텍,테마 편입 사유,6810.0,상승  80,1.19,6800.0,6810.0,225047.0,1517.0,340447.0,,,0.379963,1.49521702,"6,417.93",29.46,0.46,2026-04-22 15:50:46
279,스마트폰,1.67,101330,모베이스 *,테마 편입 사유,4950.0,상승  55,1.12,4950.0,4955.0,121215.0,592.0,148812.0,,,0.379963,1.49521702,"6,417.93",29.46,0.46,2026-04-22 15:50:46
279,스마트폰,1.67,148150,세경하이테크 *,테마 편입 사유,4980.0,상승  45,0.91,4975.0,4980.0,159544.0,784.0,144066.0,,,0.379963,1.49521702,"6,417.93",29.46,0.46,2026-04-22 15:50:46
279,스마트폰,1.67,353200,대덕전자,테마 편입 사유,101200.0,상승  900,0.9,101100.0,101200.0,1224963.0,122930.0,1900158.0,,,0.379963,1.49521702,"6,417.93",29.46,0.46,2026-04-22 15:50:46
279,스마트폰,1.67,285490,노바텍 *,테마 편입 사유,22650.0,상승  200,0.89,22600.0,22650.0,47144.0,1055.0,49932.0,,,0.379963,1.49521702,"6,417.93",29.46,0.46,2026-04-22 15:50:46
279,스마트폰,1.67,066670,디티씨 *,테마 편입 사유,2850.0,상승  25,0.88,2850.0,2860.0,18689.0,53.0,23376.0,,,0.379963,1.49521702,"6,417.93",29.46,0.46,2026-04-22 15:50:46
279,스마트폰,1.67,043590,웰킵스하이텍 *,테마 편입 사유,682.0,상승  5,0.74,672.0,682.0,108851.0,73.0,94178.0,,,0.379963,1.49521702,"6,417.93",29.46,0.46,2026-04-22 15:50:46
279,스마트폰,1.67,054040,한국컴퓨터 *,테마 편입 사유,5800.0,상승  40,0.69,5790.0,5800.0,50062.0,287.0,137756.0,,,0.379963,1.49521702,"6,417.93",29.46,0.46,2026-04-22 15:50:46
279,스마트폰,1.67,332570,PS일렉트로닉스 *,테마 편입 사유,8350.0,상승  40,0.48,8340.0,8350.0,4256474.0,34202.0,5888460.0,,,0.379963,1.49521702,"6,417.93",29.46,0.46,2026-04-22 15:50:46
279,스마트폰,1.67,376290,씨유테크 *,테마 편입 사유,2840.0,상승  10,0.35,2835.0,2840.0,12676.0,36.0,10178.0,,,0.379963,1.49521702,"6,417.93",29.46,0.46,2026-04-22 15:50:46
279,스마트폰,1.67,059120,아진엑스텍 *,테마 편입 사유,7400.0,상승  10,0.14,7390.0,7400.0,181862.0,1333.0,172576.0,,,0.379963,1.49521702,"6,417.93",29.46,0.46,2026-04-22 15:50:46
279,스마트폰,1.67,115610,이미지스 *,테마 편입 사유,1339.0,보합0,0.0,0.0,0.0,0.0,0.0,0.0,,,0.379963,1.49521702,"6,417.93",29.46,0.46,2026-04-22 15:50:46
279,스마트폰,1.67,073110,엘엠에스 *,테마 편입 사유,5770.0,보합0,0.0,5750.0,5770.0,9673.0,55.0,11416.0,,,0.379963,1.49521702,"6,417.93",29.46,0.46,2026-04-22 15:50:46
279,스마트폰,1.67,079190,케스피온 *,테마 편입 사유,330.0,보합0,0.0,0.0,0.0,0.0,0.0,0.0,,,0.379963,1.49521702,"6,417.93",29.46,0.46,2026-04-22 15:50:46
279,스마트폰,1.67,080420,모다이노칩 *,테마 편입 사유,2005.0,보합0,0.0,1993.0,2005.0,2803.0,6.0,5945.0,,,0.379963,1.49521702,"6,417.93",29.46,0.46,2026-04-22 15:50:46
279,스마트폰,1.67,154040,다산솔루에타 *,테마 편입 사유,1184.0,하락  2,-0.17,1178.0,1184.0,32473.0,38.0,64853.0,,,0.379963,1.49521702,"6,417.93",29.46,0.46,2026-04-22 15:50:46
279,스마트폰,1.67,032580,피델릭스 *,테마 편입 사유,1172.0,하락  4,-0.34,1167.0,1172.0,100955.0,118.0,150767.0,,,0.379963,1.49521702,"6,417.93",29.46,0.46,2026-04-22 15:50:46
279,스마트폰,1.67,060720,KH바텍 *,테마 편입 사유,14120.0,하락  50,-0.35,14120.0,14130.0,262247.0,3683.0,255268.0,,,0.379963,1.49521702,"6,417.93",29.46,0.46,2026-04-22 15:50:46
279,스마트폰,1.67,091700,파트론 *,테마 편입 사유,8320.0,하락  30,-0.36,8300.0,8320.0,195534.0,1619.0,246280.0,,,0.379963,1.49521702,"6,417.93",29.46,0.46,2026-04-22 15:50:46
279,스마트폰,1.67,096870,엘디티 *,테마 편입 사유,2440.0,하락  10,-0.41,2440.0,2445.0,20531.0,50.0,21582.0,,,0.379963,1.49521702,"6,417.93",29.46,0.46,2026-04-22 15:50:46
279,스마트폰,1.67,069330,유아이디 *,테마 편입 사유,1206.0,하락  5,-0.41,1206.0,1207.0,30059.0,36.0,81956.0,,,0.379963,1.49521702,"6,417.93",29.46,0.46,2026-04-22 15:50:46
279,스마트폰,1.67,290740,액트로 *,테마 편입 사유,19450.0,하락  100,-0.51,19450.0,19460.0,167829.0,3239.0,128385.0,,,0.379963,1.49521702,"6,417.93",29.46,0.46,2026-04-22 15:50:46
279,스마트폰,1.67,049520,유아이엘 *,테마 편입 사유,4170.0,하락  25,-0.6,4165.0,4170.0,83549.0,347.0,154043.0,,,0.379963,1.49521702,"6,417.93",29.46,0.46,2026-04-22 15:50:46
279,스마트폰,1.67,025320,시노펙스 *,테마 편입 사유,6220.0,하락  40,-0.64,6220.0,6230.0,537364.0,3344.0,1128682.0,,,0.379963,1.49521702,"6,417.93",29.46,0.46,2026-04-22 15:50:46
279,스마트폰,1.67,005930,삼성전자,테마 편입 사유,217500.0,"하락  1,500",-0.68,217500.0,218000.0,16732708.0,3648624.0,16752132.0,,,0.379963,1.49521702,"6,417.93",29.46,0.46,2026-04-22 15:50:46
279,스마트폰,1.67,459550,알트 *,테마 편입 사유,2850.0,하락  20,-0.7,2850.0,2855.0,188863.0,534.0,206465.0,,,0.379963,1.49521702,"6,417.93",29.46,0.46,2026-04-22 15:50:46
279,스마트폰,1.67,193250,링크드 *,테마 편입 사유,425.0,하락  3,-0.7,425.0,426.0,727189.0,305.0,1714145.0,,,0.379963,1.49521702,"6,417.93",29.46,0.46,2026-04-22 15:50:46
279,스마트폰,1.67,191410,육일씨엔에쓰 *,테마 편입 사유,2855.0,하락  20,-0.7,2855.0,2865.0,135539.0,385.0,393552.0,,,0.379963,1.49521702,"6,417.93",29.46,0.46,2026-04-22 15:50:46
279,스마트폰,1.67,056700,신화인터텍 *,테마 편입 사유,1906.0,하락  14,-0.73,1905.0,1906.0,107825.0,205.0,87813.0,,,0.379963,1.49521702,"6,417.93",29.46,0.46,2026-04-22 15:50:46
279,스마트폰,1.67,192440,슈피겐코리아 *,테마 편입 사유,27800.0,하락  300,-1.07,27700.0,27800.0,6565.0,183.0,18573.0,,,0.379963,1.49521702,"6,417.93",29.46,0.46,2026-04-22 15:50:46
279,스마트폰,1.67,049070,인탑스 *,테마 편입 사유,18300.0,하락  200,-1.08,18300.0,18310.0,58427.0,1057.0,61408.0,,,0.379963,1.49521702,"6,417.93",29.46,0.46,2026-04-22 15:50:46
279,스마트폰,1.67,047310,파워로직스 *,테마 편입 사유,5460.0,하락  60,-1.09,5460.0,5470.0,210258.0,1140.0,289529.0,,,0.379963,1.49521702,"6,417.93",29.46,0.46,2026-04-22 15:50:46
279,스마트폰,1.67,091120,이엠텍 *,테마 편입 사유,6610.0,하락  130,-1.93,6600.0,6610.0,50433.0,334.0,57655.0,,,0.379963,1.49521702,"6,417.93",29.46,0.46,2026-04-22 15:50:46
279,스마트폰,1.67,052860,아이앤씨 *,테마 편입 사유,5400.0,하락  210,-3.74,5400.0,5410.0,146223.0,795.0,194913.0,,,0.379963,1.49521702,"6,417.93",29.46,0.46,2026-04-22 15:50:46
279,스마트폰,1.67,050110,캠시스 *,테마 편입 사유,2150.0,하락  85,-3.8,2150.0,2155.0,349839.0,759.0,455501.0,,,0.379963,1.49521702,"6,417.93",29.46,0.46,2026-04-22 15:50:46
279,스마트폰,1.67,061040,알에프텍 *,테마 편입 사유,1951.0,하락  99,-4.83,1951.0,1956.0,767549.0,1502.0,570655.0,,,0.379963,1.49521702,"6,417.93",29.46,0.46,2026-04-22 15:50:46
279,스마트폰,1.67,049080,기가레인 *,테마 편입 사유,2280.0,하락  155,-6.37,2280.0,2285.0,7687623.0,17616.0,20068913.0,,,0.379963,1.49521702,"6,417.93",29.46,0.46,2026-04-22 15:50:46
279,스마트폰,1.67,373200,엑스플러스 *,테마 편입 사유,640.0,하락  60,-8.57,639.0,640.0,2307451.0,1550.0,480642.0,,,0.379963,1.49521702,"6,417.93",29.46,0.46,2026-04-22 15:50:46
188,풍력에너지,1.77,417200,LS머트리얼즈 *,테마 편입 사유,25150.0,"상승  2,400",10.55,25100.0,25150.0,8603184.0,207660.0,3225934.0,,,0.623109,1.48336986,"6,417.93",29.46,0.46,2026-04-22 15:50:46
188,풍력에너지,1.77,112610,씨에스윈드,테마 편입 사유,69400.0,"상승  5,600",8.78,69400.0,69500.0,1078550.0,72865.0,411629.0,,,0.623109,1.48336986,"6,417.93",29.46,0.46,2026-04-22 15:50:46
188,풍력에너지,1.77,297090,씨에스베어링 *,테마 편입 사유,8360.0,상승  650,8.43,8350.0,8360.0,643239.0,5230.0,265222.0,,,0.623109,1.48336986,"6,417.93",29.46,0.46,2026-04-22 15:50:46
188,풍력에너지,1.77,119500,포메탈 *,테마 편입 사유,4435.0,상승  300,7.26,4430.0,4435.0,675323.0,2988.0,115550.0,,,0.623109,1.48336986,"6,417.93",29.46,0.46,2026-04-22 15:50:46
188,풍력에너지,1.77,006260,LS,테마 편입 사유,355000.0,"상승  17,500",5.19,354500.0,355000.0,171301.0,59719.0,134018.0,,,0.623109,1.48336986,"6,417.93",29.46,0.46,2026-04-22 15:50:46
188,풍력에너지,1.77,054540,삼영엠텍 *,테마 편입 사유,13690.0,상승  600,4.58,13680.0,13690.0,2415715.0,33350.0,2486511.0,,,0.623109,1.48336986,"6,417.93",29.46,0.46,2026-04-22 15:50:46
188,풍력에너지,1.77,389260,대명에너지 *,테마 편입 사유,22750.0,상승  900,4.12,22700.0,22750.0,278334.0,6261.0,199604.0,,,0.623109,1.48336986,"6,417.93",29.46,0.46,2026-04-22 15:50:46
188,풍력에너지,1.77,475150,SK이터닉스,테마 편입 사유,55100.0,"상승  1,900",3.57,55000.0,55100.0,1918157.0,105416.0,790949.0,,,0.623109,1.48336986,"6,417.93",29.46,0.46,2026-04-22 15:50:46
188,풍력에너지,1.77,018000,유니슨 *,테마 편입 사유,1367.0,상승  43,3.25,1362.0,1367.0,5091161.0,6982.0,2475335.0,,,0.623109,1.48336986,"6,417.93",29.46,0.46,2026-04-22 15:50:46
188,풍력에너지,1.77,100090,SK오션플랜트,테마 편입 사유,23300.0,상승  650,2.87,23250.0,23300.0,1213880.0,27962.0,971994.0,,,0.623109,1.48336986,"6,417.93",29.46,0.46,2026-04-22 15:50:46
188,풍력에너지,1.77,298040,효성중공업,테마 편입 사유,3084000.0,"상승  82,000",2.73,3084000.0,3085000.0,36712.0,111748.0,35605.0,,,0.623109,1.48336986,"6,417.93",29.46,0.46,2026-04-22 15:50:46
188,풍력에너지,1.77,229640,LS에코에너지,테마 편입 사유,60000.0,"상승  1,500",2.56,60000.0,60100.0,418643.0,25043.0,284463.0,,,0.623109,1.48336986,"6,417.93",29.46,0.46,2026-04-22 15:50:46
188,풍력에너지,1.77,075580,세진중공업,테마 편입 사유,20250.0,상승  450,2.27,20250.0,20300.0,642215.0,12853.0,491661.0,,,0.623109,1.48336986,"6,417.93",29.46,0.46,2026-04-22 15:50:46
188,풍력에너지,1.77,101170,우림피티에스 *,테마 편입 사유,13930.0,상승  290,2.13,13930.0,13940.0,201353.0,2773.0,140000.0,,,0.623109,1.48336986,"6,417.93",29.46,0.46,2026-04-22 15:50:46
188,풍력에너지,1.77,013810,스페코 *,테마 편입 사유,3005.0,상승  55,1.86,3005.0,3010.0,574614.0,1762.0,293851.0,,,0.623109,1.48336986,"6,417.93",29.46,0.46,2026-04-22 15:50:46
188,풍력에너지,1.77,096350,대창솔루션 *,테마 편입 사유,3015.0,상승  40,1.34,3015.0,3020.0,806990.0,2425.0,806521.0,,,0.623109,1.48336986,"6,417.93",29.46,0.46,2026-04-22 15:50:46
188,풍력에너지,1.77,100130,동국S&C *,테마 편입 사유,2415.0,상승  30,1.26,2415.0,2420.0,181504.0,435.0,336854.0,,,0.623109,1.48336986,"6,417.93",29.46,0.46,2026-04-22 15:50:46
188,풍력에너지,1.77,024880,케이피에프 *,테마 편입 사유,5720.0,상승  70,1.24,5720.0,5730.0,185366.0,1051.0,262339.0,,,0.623109,1.48336986,"6,417.93",29.46,0.46,2026-04-22 15:50:46
188,풍력에너지,1.77,004440,삼일씨엔에스,테마 편입 사유,7400.0,상승  70,0.95,7380.0,7400.0,85539.0,627.0,100935.0,,,0.623109,1.48336986,"6,417.93",29.46,0.46,2026-04-22 15:50:46
188,풍력에너지,1.77,282720,금양그린파워 *,테마 편입 사유,14510.0,상승  130,0.9,14510.0,14520.0,247750.0,3588.0,255213.0,,,0.623109,1.48336986,"6,417.93",29.46,0.46,2026-04-22 15:50:46
188,풍력에너지,1.77,015760,한국전력,테마 편입 사유,46350.0,상승  350,0.76,46350.0,46400.0,3000227.0,137664.0,1664024.0,,,0.623109,1.48336986,"6,417.93",29.46,0.46,2026-04-22 15:50:46
188,풍력에너지,1.77,052690,한전기술,테마 편입 사유,180400.0,"상승  1,300",0.73,180400.0,180500.0,176500.0,31603.0,200134.0,,,0.623109,1.48336986,"6,417.93",29.46,0.46,2026-04-22 15:50:46
188,풍력에너지,1.77,306200,세아제강,테마 편입 사유,148500.0,"상승  1,000",0.68,148200.0,148500.0,13366.0,1975.0,13331.0,,,0.623109,1.48336986,"6,417.93",29.46,0.46,2026-04-22 15:50:46
188,풍력에너지,1.77,005160,동국산업 *,테마 편입 사유,3395.0,상승  15,0.44,3395.0,3405.0,149975.0,509.0,165823.0,,,0.623109,1.48336986,"6,417.93",29.46,0.46,2026-04-22 15:50:46
188,풍력에너지,1.77,115530,씨엔플러스 *,테마 편입 사유,345.0,상승  1,0.29,345.0,346.0,797621.0,279.0,498430.0,,,0.623109,1.48336986,"6,417.93",29.46,0.46,2026-04-22 15:50:46
188,풍력에너지,1.77,034020,두산에너빌리티,테마 편입 사유,115900.0,상승  200,0.17,115800.0,115900.0,3777181.0,431800.0,4773848.0,,,0.623109,1.48336986,"6,417.93",29.46,0.46,2026-04-22 15:50:46
188,풍력에너지,1.77,003030,세아제강지주,테마 편입 사유,214000.0,하락  500,-0.23,214000.0,214500.0,37093.0,7868.0,24274.0,,,0.623109,1.48336986,"6,417.93",29.46,0.46,2026-04-22 15:50:46
188,풍력에너지,1.77,003070,코오롱글로벌,테마 편입 사유,11800.0,하락  60,-0.51,11800.0,11810.0,93663.0,1095.0,138548.0,,,0.623109,1.48336986,"6,417.93",29.46,0.46,2026-04-22 15:50:46
188,풍력에너지,1.77,005490,POSCO홀딩스,테마 편입 사유,418500.0,"하락  3,000",-0.71,418000.0,418500.0,561751.0,234251.0,1024414.0,,,0.623109,1.48336986,"6,417.93",29.46,0.46,2026-04-22 15:50:46
188,풍력에너지,1.77,060370,LS마린솔루션 *,테마 편입 사유,33750.0,하락  300,-0.88,33750.0,33800.0,382526.0,12897.0,493144.0,,,0.623109,1.48336986,"6,417.93",29.46,0.46,2026-04-22 15:50:46
188,풍력에너지,1.77,100660,서암기계공업 *,테마 편입 사유,4435.0,하락  65,-1.44,4435.0,4450.0,17977.0,80.0,32762.0,,,0.623109,1.48336986,"6,417.93",29.46,0.46,2026-04-22 15:50:46
188,풍력에너지,1.77,068790,DMS *,테마 편입 사유,8060.0,하락  130,-1.59,8050.0,8060.0,90807.0,726.0,137895.0,,,0.623109,1.48336986,"6,417.93",29.46,0.46,2026-04-22 15:50:46
188,풍력에너지,1.77,044490,태웅 *,테마 편입 사유,47000.0,하락  800,-1.67,47000.0,47050.0,282878.0,13192.0,458130.0,,,0.623109,1.48336986,"6,417.93",29.46,0.46,2026-04-22 15:50:46
188,풍력에너지,1.77,032820,우리기술 *,테마 편입 사유,22050.0,하락  500,-2.22,22050.0,22100.0,6014843.0,131568.0,9831958.0,,,0.623109,1.48336986,"6,417.93",29.46,0.46,2026-04-22 15:50:46
188,풍력에너지,1.77,004800,효성,테마 편입 사유,160000.0,"하락  3,800",-2.32,159500.0,160000.0,29506.0,4698.0,43012.0,,,0.623109,1.48336986,"6,417.93",29.46,0.46,2026-04-22 15:50:46
188,풍력에너지,1.77,000720,현대건설,테마 편입 사유,168800.0,"하락  6,100",-3.49,168800.0,168900.0,1617301.0,273139.0,1390912.0,,,0.623109,1.48336986,"6,417.93",29.46,0.46,2026-04-22 15:50:46
167,타이어,1.6,298050,HS효성첨단소재,테마 편입 사유,234000.0,"상승  14,500",6.61,233500.0,234000.0,25893.0,5922.0,11037.0,,,0.299876,1.4620570400000001,"6,417.93",29.46,0.46,2026-04-22 15:50:46
167,타이어,1.6,011780,금호석유화학,테마 편입 사유,139600.0,"상승  4,800",3.56,139500.0,139600.0,146172.0,19888.0,76228.0,,,0.299876,1.4620570400000001,"6,417.93",29.46,0.46,2026-04-22 15:50:46
167,타이어,1.6,161390,한국타이어앤테크놀로지,테마 편입 사유,63600.0,"상승  1,500",2.42,63600.0,63700.0,260667.0,16445.0,254631.0,,,0.299876,1.4620570400000001,"6,417.93",29.46,0.46,2026-04-22 15:50:46
167,타이어,1.6,005720,넥센,테마 편입 사유,6950.0,상승  70,1.02,6950.0,6970.0,46715.0,324.0,51777.0,,,0.299876,1.4620570400000001,"6,417.93",29.46,0.46,2026-04-22 15:50:46
167,타이어,1.6,120110,코오롱인더,테마 편입 사유,88400.0,상승  700,0.8,88400.0,88500.0,385130.0,33658.0,533322.0,,,0.299876,1.4620570400000001,"6,417.93",29.46,0.46,2026-04-22 15:50:46
167,타이어,1.6,298020,효성티앤씨,테마 편입 사유,531000.0,"상승  4,000",0.76,530000.0,531000.0,31727.0,16848.0,41453.0,,,0.299876,1.4620570400000001,"6,417.93",29.46,0.46,2026-04-22 15:50:46
167,타이어,1.6,000240,한국앤컴퍼니,테마 편입 사유,24900.0,보합0,0.0,24900.0,24950.0,114378.0,2817.0,183854.0,,,0.299876,1.4620570400000001,"6,417.93",29.46,0.46,2026-04-22 15:50:46
167,타이어,1.6,002350,넥센타이어,테마 편입 사유,7590.0,하락  20,-0.26,7580.0,7590.0,110861.0,839.0,212841.0,,,0.299876,1.4620570400000001,"6,417.93",29.46,0.46,2026-04-22 15:50:46
167,타이어,1.6,073240,금호타이어,테마 편입 사유,5940.0,하락  30,-0.5,5940.0,5950.0,410353.0,2439.0,420245.0,,,0.299876,1.4620570400000001,"6,417.93",29.46,0.46,2026-04-22 15:50:46
435,재택근무/스마트워크,1.53,258790,소프트캠프 *,테마 편입 사유,1963.0,상승  156,8.63,1963.0,1965.0,17144277.0,33864.0,10091041.0,,,0.287755,1.3976327,"6,417.93",29.46,0.46,2026-04-22 15:50:46
435,재택근무/스마트워크,1.53,036630,세종텔레콤 *,테마 편입 사유,11450.0,상승  860,8.12,11450.0,11460.0,21892.0,243.0,20600.0,,,0.287755,1.3976327,"6,417.93",29.46,0.46,2026-04-22 15:50:46
435,재택근무/스마트워크,1.53,033320,제이씨현시스템 *,테마 편입 사유,5240.0,상승  180,3.56,5240.0,5250.0,917834.0,4806.0,268260.0,,,0.287755,1.3976327,"6,417.93",29.46,0.46,2026-04-22 15:50:46
435,재택근무/스마트워크,1.53,150900,파수 *,테마 편입 사유,5030.0,상승  140,2.86,5030.0,5040.0,323846.0,1570.0,266431.0,,,0.287755,1.3976327,"6,417.93",29.46,0.46,2026-04-22 15:50:46
435,재택근무/스마트워크,1.53,290270,휴네시온 *,테마 편입 사유,4415.0,상승  120,2.79,4410.0,4415.0,510262.0,2213.0,672826.0,,,0.287755,1.3976327,"6,417.93",29.46,0.46,2026-04-22 15:50:46
435,재택근무/스마트워크,1.53,173130,오파스넷 *,테마 편입 사유,8350.0,상승  190,2.33,8350.0,8360.0,192258.0,1595.0,109884.0,,,0.287755,1.3976327,"6,417.93",29.46,0.46,2026-04-22 15:50:46
435,재택근무/스마트워크,1.53,181710,NHN,테마 편입 사유,42150.0,상승  750,1.81,42100.0,42150.0,78982.0,3323.0,87025.0,,,0.287755,1.3976327,"6,417.93",29.46,0.46,2026-04-22 15:50:46
435,재택근무/스마트워크,1.53,060850,영림원소프트랩 *,테마 편입 사유,6470.0,상승  100,1.57,6410.0,6470.0,34999.0,224.0,23326.0,,,0.287755,1.3976327,"6,417.93",29.46,0.46,2026-04-22 15:50:46
435,재택근무/스마트워크,1.53,067010,이씨에스 *,테마 편입 사유,2410.0,상승  15,0.63,2410.0,2415.0,39127.0,94.0,29950.0,,,0.287755,1.3976327,"6,417.93",29.46,0.46,2026-04-22 15:50:46
435,재택근무/스마트워크,1.53,012510,더존비즈온,테마 편입 사유,118800.0,하락  200,-0.17,118700.0,118800.0,11227.0,1335.0,8081.0,,,0.287755,1.3976327,"6,417.93",29.46,0.46,2026-04-22 15:50:46
435,재택근무/스마트워크,1.53,131370,알서포트 *,테마 편입 사유,2695.0,하락  5,-0.19,2695.0,2700.0,402310.0,1080.0,641334.0,,,0.287755,1.3976327,"6,417.93",29.46,0.46,2026-04-22 15:50:46
435,재택근무/스마트워크,1.53,189690,포시에스 *,테마 편입 사유,2090.0,하락  15,-0.71,2080.0,2090.0,97084.0,201.0,212791.0,,,0.287755,1.3976327,"6,417.93",29.46,0.46,2026-04-22 15:50:46
435,재택근무/스마트워크,1.53,094280,효성ITX,테마 편입 사유,12840.0,하락  110,-0.85,12840.0,12870.0,19428.0,250.0,45163.0,,,0.287755,1.3976327,"6,417.93",29.46,0.46,2026-04-22 15:50:46
435,재택근무/스마트워크,1.53,041020,폴라리스오피스 *,테마 편입 사유,4940.0,하락  45,-0.9,4935.0,4940.0,1096432.0,5460.0,1896104.0,,,0.287755,1.3976327,"6,417.93",29.46,0.46,2026-04-22 15:50:46
435,재택근무/스마트워크,1.53,042500,링네트 *,테마 편입 사유,5230.0,하락  50,-0.95,5220.0,5230.0,2349235.0,12471.0,1563118.0,,,0.287755,1.3976327,"6,417.93",29.46,0.46,2026-04-22 15:50:46
435,재택근무/스마트워크,1.53,038680,에스넷 *,테마 편입 사유,4820.0,하락  200,-3.98,4815.0,4820.0,1164860.0,5619.0,1474650.0,,,0.287755,1.3976327,"6,417.93",29.46,0.46,2026-04-22 15:50:46
556,뉴로모픽 반도체,1.87,394280,오픈엣지테크놀로지 *,테마 편입 사유,19120.0,"상승  1,440",8.14,19120.0,19130.0,1036583.0,19458.0,252259.0,,,1.083941,1.37138714,"6,417.93",29.46,0.46,2026-04-22 15:50:46
556,뉴로모픽 반도체,1.87,033640,네패스 *,테마 편입 사유,27450.0,"상승  1,400",5.37,27400.0,27450.0,332337.0,8862.0,280252.0,,,1.083941,1.37138714,"6,417.93",29.46,0.46,2026-04-22 15:50:46
556,뉴로모픽 반도체,1.87,445090,에이직랜드 *,테마 편입 사유,30700.0,상승  600,1.99,30700.0,30750.0,82020.0,2477.0,97276.0,,,1.083941,1.37138714,"6,417.93",29.46,0.46,2026-04-22 15:50:46
556,뉴로모픽 반도체,1.87,330860,네패스아크 *,테마 편입 사유,32700.0,상승  350,1.08,32650.0,32700.0,260638.0,8433.0,469770.0,,,1.083941,1.37138714,"6,417.93",29.46,0.46,2026-04-22 15:50:46
556,뉴로모픽 반도체,1.87,005930,삼성전자,테마 편입 사유,217500.0,"하락  1,500",-0.68,217500.0,218000.0,16732708.0,3648624.0,16752132.0,,,1.083941,1.37138714,"6,417.93",29.46,0.46,2026-04-22 15:50:46
556,뉴로모픽 반도체,1.87,389020,자람테크놀로지 *,테마 편입 사유,54800.0,하락  700,-1.26,54700.0,54800.0,92575.0,5057.0,119167.0,,,1.083941,1.37138714,"6,417.93",29.46,0.46,2026-04-22 15:50:46
556,뉴로모픽 반도체,1.87,092600,앤씨앤 *,테마 편입 사유,1020.0,하락  16,-1.54,1020.0,1021.0,756863.0,763.0,853551.0,,,1.083941,1.37138714,"6,417.93",29.46,0.46,2026-04-22 15:50:46
265,모바일게임(스마트폰),1.51,208640,썸에이지 *,테마 편입 사유,218.0,상한가  50,29.76,218.0,0.0,20128600.0,4210.0,1404486.0,,,0.384521,1.33312034,"6,417.93",29.46,0.46,2026-04-22 15:50:46
265,모바일게임(스마트폰),1.51,263750,펄어비스 *,테마 편입 사유,57700.0,"상승  3,300",6.07,57700.0,57800.0,1443355.0,81926.0,617819.0,,,0.384521,1.33312034,"6,417.93",29.46,0.46,2026-04-22 15:50:46
265,모바일게임(스마트폰),1.51,036570,NC,테마 편입 사유,275000.0,"상승  15,000",5.77,275000.0,275500.0,202238.0,55166.0,157072.0,,,0.384521,1.33312034,"6,417.93",29.46,0.46,2026-04-22 15:50:46
265,모바일게임(스마트폰),1.51,204610,티쓰리 *,테마 편입 사유,3240.0,상승  150,4.85,3235.0,3240.0,704159.0,2214.0,390792.0,,,0.384521,1.33312034,"6,417.93",29.46,0.46,2026-04-22 15:50:46
265,모바일게임(스마트폰),1.51,259960,크래프톤,테마 편입 사유,265500.0,"상승  10,500",4.12,265500.0,266000.0,121225.0,31825.0,134683.0,,,0.384521,1.33312034,"6,417.93",29.46,0.46,2026-04-22 15:50:46
265,모바일게임(스마트폰),1.51,205500,넥써쓰 *,테마 편입 사유,1788.0,상승  54,3.11,1788.0,1789.0,317401.0,556.0,443035.0,,,0.384521,1.33312034,"6,417.93",29.46,0.46,2026-04-22 15:50:46
265,모바일게임(스마트폰),1.51,078340,컴투스 *,테마 편입 사유,33900.0,상승  950,2.88,33900.0,33950.0,58150.0,1953.0,41766.0,,,0.384521,1.33312034,"6,417.93",29.46,0.46,2026-04-22 15:50:46
265,모바일게임(스마트폰),1.51,047560,이스트소프트 *,테마 편입 사유,15090.0,상승  360,2.44,15070.0,15090.0,69780.0,1042.0,79498.0,,,0.384521,1.33312034,"6,417.93",29.46,0.46,2026-04-22 15:50:46
265,모바일게임(스마트폰),1.51,052790,액토즈소프트 *,테마 편입 사유,5870.0,상승  120,2.09,5860.0,5870.0,46779.0,272.0,21171.0,,,0.384521,1.33312034,"6,417.93",29.46,0.46,2026-04-22 15:50:46
265,모바일게임(스마트폰),1.51,181710,NHN,테마 편입 사유,42150.0,상승  750,1.81,42100.0,42150.0,78982.0,3323.0,87025.0,,,0.384521,1.33312034,"6,417.93",29.46,0.46,2026-04-22 15:50:46
265,모바일게임(스마트폰),1.51,063080,컴투스홀딩스 *,테마 편입 사유,19720.0,상승  320,1.65,19700.0,19720.0,28246.0,554.0,53804.0,,,0.384521,1.33312034,"6,417.93",29.46,0.46,2026-04-22 15:50:46
265,모바일게임(스마트폰),1.51,462870,시프트업,테마 편입 사유,34550.0,상승  450,1.32,34550.0,34600.0,71546.0,2469.0,71686.0,,,0.384521,1.33312034,"6,417.93",29.46,0.46,2026-04-22 15:50:46
265,모바일게임(스마트폰),1.51,251270,넷마블,테마 편입 사유,51100.0,상승  500,0.99,51000.0,51100.0,189561.0,9638.0,239621.0,,,0.384521,1.33312034,"6,417.93",29.46,0.46,2026-04-22 15:50:46
265,모바일게임(스마트폰),1.51,069080,웹젠 *,테마 편입 사유,12620.0,상승  120,0.96,12620.0,12640.0,74058.0,930.0,50615.0,,,0.384521,1.33312034,"6,417.93",29.46,0.46,2026-04-22 15:50:46
265,모바일게임(스마트폰),1.51,194480,데브시스터즈 *,테마 편입 사유,24150.0,상승  200,0.84,24150.0,24200.0,56940.0,1371.0,150928.0,,,0.384521,1.33312034,"6,417.93",29.46,0.46,2026-04-22 15:50:46
265,모바일게임(스마트폰),1.51,123420,위메이드플레이 *,테마 편입 사유,7930.0,상승  60,0.76,7930.0,7940.0,61171.0,481.0,289547.0,,,0.384521,1.33312034,"6,417.93",29.46,0.46,2026-04-22 15:50:46
265,모바일게임(스마트폰),1.51,225570,넥슨게임즈 *,테마 편입 사유,12110.0,상승  90,0.75,12110.0,12120.0,77837.0,940.0,77701.0,,,0.384521,1.33312034,"6,417.93",29.46,0.46,2026-04-22 15:50:46
265,모바일게임(스마트폰),1.51,042420,네오위즈홀딩스 *,테마 편입 사유,23000.0,상승  100,0.44,22950.0,23000.0,11251.0,256.0,7594.0,,,0.384521,1.33312034,"6,417.93",29.46,0.46,2026-04-22 15:50:46
265,모바일게임(스마트폰),1.51,094860,네오리진 *,테마 편입 사유,1430.0,상승  2,0.14,1429.0,1430.0,151053.0,214.0,136203.0,,,0.384521,1.33312034,"6,417.93",29.46,0.46,2026-04-22 15:50:46
265,모바일게임(스마트폰),1.51,293490,카카오게임즈 *,테마 편입 사유,12520.0,상승  10,0.08,12520.0,12540.0,189625.0,2365.0,139134.0,,,0.384521,1.33312034,"6,417.93",29.46,0.46,2026-04-22 15:50:46
265,모바일게임(스마트폰),1.51,035420,NAVER,테마 편입 사유,214000.0,보합0,0.0,214000.0,214500.0,364647.0,77973.0,545889.0,,,0.384521,1.33312034,"6,417.93",29.46,0.46,2026-04-22 15:50:46
265,모바일게임(스마트폰),1.51,331520,밸로프 *,테마 편입 사유,524.0,보합0,0.0,0.0,0.0,0.0,0.0,0.0,,,0.384521,1.33312034,"6,417.93",29.46,0.46,2026-04-22 15:50:46
265,모바일게임(스마트폰),1.51,047080,한빛소프트 *,테마 편입 사유,1318.0,하락  1,-0.08,1315.0,1318.0,149959.0,197.0,317196.0,,,0.384521,1.33312034,"6,417.93",29.46,0.46,2026-04-22 15:50:46
265,모바일게임(스마트폰),1.51,207760,미스터블루 *,테마 편입 사유,1029.0,하락  1,-0.1,1027.0,1029.0,107021.0,109.0,274220.0,,,0.384521,1.33312034,"6,417.93",29.46,0.46,2026-04-22 15:50:46
265,모바일게임(스마트폰),1.51,192080,더블유게임즈,테마 편입 사유,51600.0,하락  100,-0.19,51600.0,51800.0,58698.0,3032.0,63767.0,,,0.384521,1.33312034,"6,417.93",29.46,0.46,2026-04-22 15:50:46
265,모바일게임(스마트폰),1.51,067000,조이시티 *,테마 편입 사유,2575.0,하락  5,-0.19,2560.0,2575.0,270630.0,691.0,697211.0,,,0.384521,1.33312034,"6,417.93",29.46,0.46,2026-04-22 15:50:46
265,모바일게임(스마트폰),1.51,095660,네오위즈 *,테마 편입 사유,23600.0,하락  50,-0.21,23600.0,23700.0,45759.0,1078.0,37169.0,,,0.384521,1.33312034,"6,417.93",29.46,0.46,2026-04-22 15:50:46
265,모바일게임(스마트폰),1.51,950190,고스트스튜디오 *,테마 편입 사유,8550.0,하락  20,-0.23,8540.0,8550.0,22746.0,194.0,47521.0,,,0.384521,1.33312034,"6,417.93",29.46,0.46,2026-04-22 15:50:46
265,모바일게임(스마트폰),1.51,058630,엠게임 *,테마 편입 사유,5240.0,하락  20,-0.38,5240.0,5270.0,32147.0,169.0,43396.0,,,0.384521,1.33312034,"6,417.93",29.46,0.46,2026-04-22 15:50:46
265,모바일게임(스마트폰),1.51,217270,넵튠 *,테마 편입 사유,3880.0,하락  20,-0.51,3880.0,3885.0,32454.0,126.0,63750.0,,,0.384521,1.33312034,"6,417.93",29.46,0.46,2026-04-22 15:50:46
265,모바일게임(스마트폰),1.51,193250,링크드 *,테마 편입 사유,425.0,하락  3,-0.7,425.0,426.0,727189.0,305.0,1714145.0,,,0.384521,1.33312034,"6,417.93",29.46,0.46,2026-04-22 15:50:46
265,모바일게임(스마트폰),1.51,348030,모비릭스 *,테마 편입 사유,2580.0,하락  30,-1.15,2575.0,2580.0,38348.0,98.0,138381.0,,,0.384521,1.33312034,"6,417.93",29.46,0.46,2026-04-22 15:50:46
265,모바일게임(스마트폰),1.51,112040,위메이드 *,테마 편입 사유,23800.0,하락  300,-1.24,23800.0,23850.0,172289.0,4111.0,438082.0,,,0.384521,1.33312034,"6,417.93",29.46,0.46,2026-04-22 15:50:46
265,모바일게임(스마트폰),1.51,201490,미투온 *,테마 편입 사유,3340.0,하락  60,-1.76,3340.0,3345.0,395294.0,1315.0,491756.0,,,0.384521,1.33312034,"6,417.93",29.46,0.46,2026-04-22 15:50:46
265,모바일게임(스마트폰),1.51,023770,플레이위드 *,테마 편입 사유,3025.0,하락  115,-3.66,3025.0,3040.0,21890.0,67.0,14653.0,,,0.384521,1.33312034,"6,417.93",29.46,0.46,2026-04-22 15:50:46
265,모바일게임(스마트폰),1.51,101730,위메이드맥스 *,테마 편입 사유,6580.0,하락  430,-6.13,6580.0,6590.0,247461.0,1635.0,1356726.0,,,0.384521,1.33312034,"6,417.93",29.46,0.46,2026-04-22 15:50:46
379,항공기부품,1.45,005870,휴니드,테마 편입 사유,10480.0,"상승  1,140",12.21,10480.0,10490.0,3224030.0,34534.0,436649.0,,,0.563288,1.19088752,"6,417.93",29.46,0.46,2026-04-22 15:50:46
379,항공기부품,1.45,079550,LIG디펜스앤에어로스페이스,테마 편입 사유,1020000.0,"상승  111,000",12.21,1020000.0,1021000.0,1256166.0,1287234.0,165856.0,,,0.563288,1.19088752,"6,417.93",29.46,0.46,2026-04-22 15:50:46
379,항공기부품,1.45,017960,한국카본,테마 편입 사유,52200.0,"상승  1,300",2.55,52100.0,52200.0,429977.0,22177.0,393859.0,,,0.563288,1.19088752,"6,417.93",29.46,0.46,2026-04-22 15:50:46
379,항공기부품,1.45,215090,솔디펜스 *,테마 편입 사유,2760.0,상승  55,2.03,2755.0,2760.0,690421.0,1947.0,266239.0,,,0.563288,1.19088752,"6,417.93",29.46,0.46,2026-04-22 15:50:46
379,항공기부품,1.45,047810,한국항공우주,테마 편입 사유,185800.0,"상승  3,300",1.81,185700.0,185800.0,620990.0,115421.0,599874.0,,,0.563288,1.19088752,"6,417.93",29.46,0.46,2026-04-22 15:50:46
379,항공기부품,1.45,012450,한화에어로스페이스,테마 편입 사유,1416000.0,"상승  25,000",1.8,1415000.0,1416000.0,159301.0,226328.0,162137.0,,,0.563288,1.19088752,"6,417.93",29.46,0.46,2026-04-22 15:50:46
379,항공기부품,1.45,034020,두산에너빌리티,테마 편입 사유,115900.0,상승  200,0.17,115800.0,115900.0,3777181.0,431800.0,4773848.0,,,0.563288,1.19088752,"6,417.93",29.46,0.46,2026-04-22 15:50:46
379,항공기부품,1.45,274090,켄코아에어로스페이스 *,테마 편입 사유,23750.0,하락  50,-0.21,23700.0,23750.0,434003.0,10333.0,338498.0,,,0.563288,1.19088752,"6,417.93",29.46,0.46,2026-04-22 15:50:46
379,항공기부품,1.45,067390,아스트 *,테마 편입 사유,796.0,하락  4,-0.5,794.0,796.0,1591651.0,1257.0,2066889.0,,,0.563288,1.19088752,"6,417.93",29.46,0.46,2026-04-22 15:50:46
379,항공기부품,1.45,011210,현대위아,테마 편입 사유,85600.0,하락  800,-0.93,85500.0,85600.0,137755.0,11713.0,235987.0,,,0.563288,1.19088752,"6,417.93",29.46,0.46,2026-04-22 15:50:46
379,항공기부품,1.45,003490,대한항공,테마 편입 사유,25200.0,하락  400,-1.56,25200.0,25250.0,967296.0,24294.0,1462650.0,,,0.563288,1.19088752,"6,417.93",29.46,0.46,2026-04-22 15:50:46
379,항공기부품,1.45,095190,신화프리텍 *,테마 편입 사유,2470.0,하락  55,-2.18,2470.0,2480.0,163863.0,405.0,175541.0,,,0.563288,1.19088752,"6,417.93",29.46,0.46,2026-04-22 15:50:46
379,항공기부품,1.45,046120,오르비텍 *,테마 편입 사유,10950.0,하락  390,-3.44,10950.0,10960.0,1212943.0,13166.0,2048907.0,,,0.563288,1.19088752,"6,417.93",29.46,0.46,2026-04-22 15:50:46
379,항공기부품,1.45,221840,하이즈항공 *,테마 편입 사유,2970.0,하락  115,-3.73,2970.0,2975.0,118812.0,357.0,103003.0,,,0.563288,1.19088752,"6,417.93",29.46,0.46,2026-04-22 15:50:46
393,갤럭시 부품주,1.4,125210,아모그린텍 *,테마 편입 사유,12720.0,"상승  1,950",18.11,12710.0,12720.0,1365446.0,16467.0,597778.0,,,0.551409,1.1463518599999998,"6,417.93",29.46,0.46,2026-04-22 15:50:46
393,갤럭시 부품주,1.4,052710,아모텍 *,테마 편입 사유,27950.0,"상승  2,750",10.91,27900.0,27950.0,1264379.0,35113.0,599944.0,,,0.551409,1.1463518599999998,"6,417.93",29.46,0.46,2026-04-22 15:50:46
393,갤럭시 부품주,1.4,294140,레몬 *,테마 편입 사유,3905.0,상승  295,8.17,3905.0,3935.0,2362894.0,10363.0,71456.0,,,0.551409,1.1463518599999998,"6,417.93",29.46,0.46,2026-04-22 15:50:46
393,갤럭시 부품주,1.4,033240,자화전자,테마 편입 사유,46250.0,"상승  3,250",7.56,46200.0,46250.0,502424.0,22462.0,181494.0,,,0.551409,1.1463518599999998,"6,417.93",29.46,0.46,2026-04-22 15:50:46
393,갤럭시 부품주,1.4,007810,코리아써키트,테마 편입 사유,95400.0,"상승  5,800",6.47,95400.0,95500.0,389931.0,36257.0,294102.0,,,0.551409,1.1463518599999998,"6,417.93",29.46,0.46,2026-04-22 15:50:46
393,갤럭시 부품주,1.4,051370,인터플렉스 *,테마 편입 사유,14080.0,상승  770,5.79,14070.0,14080.0,493778.0,6828.0,176217.0,,,0.551409,1.1463518599999998,"6,417.93",29.46,0.46,2026-04-22 15:50:46
393,갤럭시 부품주,1.4,009150,삼성전기,테마 편입 사유,812000.0,"상승  40,000",5.18,811000.0,812000.0,971101.0,780242.0,1092504.0,,,0.551409,1.1463518599999998,"6,417.93",29.46,0.46,2026-04-22 15:50:46
393,갤럭시 부품주,1.4,090460,비에이치,테마 편입 사유,35550.0,"상승  1,700",5.02,35500.0,35550.0,1302945.0,45877.0,1020660.0,,,0.551409,1.1463518599999998,"6,417.93",29.46,0.46,2026-04-22 15:50:46
393,갤럭시 부품주,1.4,089010,켐트로닉스 *,테마 편입 사유,34950.0,"상승  1,300",3.86,34950.0,35000.0,448528.0,15559.0,170536.0,,,0.551409,1.1463518599999998,"6,417.93",29.46,0.46,2026-04-22 15:50:46
393,갤럭시 부품주,1.4,179900,유티아이 *,테마 편입 사유,21700.0,상승  600,2.84,21650.0,21700.0,109412.0,2319.0,129433.0,,,0.551409,1.1463518599999998,"6,417.93",29.46,0.46,2026-04-22 15:50:46
393,갤럭시 부품주,1.4,190510,나무가 *,테마 편입 사유,19100.0,상승  410,2.19,19090.0,19100.0,44817.0,847.0,52149.0,,,0.551409,1.1463518599999998,"6,417.93",29.46,0.46,2026-04-22 15:50:46
393,갤럭시 부품주,1.4,204270,제이앤티씨 *,테마 편입 사유,19520.0,상승  280,1.46,19520.0,19580.0,227084.0,4428.0,172312.0,,,0.551409,1.1463518599999998,"6,417.93",29.46,0.46,2026-04-22 15:50:46
393,갤럭시 부품주,1.4,213420,덕산네오룩스 *,테마 편입 사유,53300.0,상승  700,1.33,53300.0,53400.0,192080.0,10205.0,239279.0,,,0.551409,1.1463518599999998,"6,417.93",29.46,0.46,2026-04-22 15:50:46
393,갤럭시 부품주,1.4,082210,옵트론텍 *,테마 편입 사유,2070.0,상승  25,1.22,2050.0,2070.0,395870.0,811.0,514504.0,,,0.551409,1.1463518599999998,"6,417.93",29.46,0.46,2026-04-22 15:50:46
393,갤럭시 부품주,1.4,192650,드림텍,테마 편입 사유,6810.0,상승  80,1.19,6800.0,6810.0,225047.0,1517.0,340447.0,,,0.551409,1.1463518599999998,"6,417.93",29.46,0.46,2026-04-22 15:50:46
393,갤럭시 부품주,1.4,101330,모베이스 *,테마 편입 사유,4950.0,상승  55,1.12,4950.0,4955.0,121215.0,592.0,148812.0,,,0.551409,1.1463518599999998,"6,417.93",29.46,0.46,2026-04-22 15:50:46
393,갤럭시 부품주,1.4,053450,세코닉스 *,테마 편입 사유,5480.0,상승  60,1.11,5450.0,5480.0,117697.0,635.0,115667.0,,,0.551409,1.1463518599999998,"6,417.93",29.46,0.46,2026-04-22 15:50:46
393,갤럭시 부품주,1.4,085670,뉴프렉스 *,테마 편입 사유,6700.0,상승  70,1.06,6690.0,6700.0,615270.0,4102.0,801113.0,,,0.551409,1.1463518599999998,"6,417.93",29.46,0.46,2026-04-22 15:50:46
393,갤럭시 부품주,1.4,148150,세경하이테크 *,테마 편입 사유,4980.0,상승  45,0.91,4975.0,4980.0,159544.0,784.0,144066.0,,,0.551409,1.1463518599999998,"6,417.93",29.46,0.46,2026-04-22 15:50:46
393,갤럭시 부품주,1.4,484120,도우인시스 *,테마 편입 사유,21550.0,상승  150,0.7,21550.0,21650.0,20219.0,430.0,10572.0,,,0.551409,1.1463518599999998,"6,417.93",29.46,0.46,2026-04-22 15:50:46
393,갤럭시 부품주,1.4,187270,신화콘텍 *,테마 편입 사유,3845.0,상승  25,0.65,3840.0,3845.0,54513.0,210.0,31853.0,,,0.551409,1.1463518599999998,"6,417.93",29.46,0.46,2026-04-22 15:50:46
393,갤럭시 부품주,1.4,178920,PI첨단소재,테마 편입 사유,26300.0,상승  150,0.57,26250.0,26300.0,192103.0,4989.0,237544.0,,,0.551409,1.1463518599999998,"6,417.93",29.46,0.46,2026-04-22 15:50:46
393,갤럭시 부품주,1.4,332570,PS일렉트로닉스 *,테마 편입 사유,8350.0,상승  40,0.48,8340.0,8350.0,4256474.0,34202.0,5888460.0,,,0.551409,1.1463518599999998,"6,417.93",29.46,0.46,2026-04-22 15:50:46
393,갤럭시 부품주,1.4,376290,씨유테크 *,테마 편입 사유,2840.0,상승  10,0.35,2835.0,2840.0,12676.0,36.0,10178.0,,,0.551409,1.1463518599999998,"6,417.93",29.46,0.46,2026-04-22 15:50:46
393,갤럭시 부품주,1.4,096630,에스코넥 *,테마 편입 사유,813.0,보합0,0.0,0.0,0.0,0.0,0.0,0.0,,,0.551409,1.1463518599999998,"6,417.93",29.46,0.46,2026-04-22 15:50:46
393,갤럭시 부품주,1.4,097520,엠씨넥스,테마 편입 사유,23700.0,하락  50,-0.21,23700.0,23800.0,23732.0,561.0,30899.0,,,0.551409,1.1463518599999998,"6,417.93",29.46,0.46,2026-04-22 15:50:46
393,갤럭시 부품주,1.4,060720,KH바텍 *,테마 편입 사유,14120.0,하락  50,-0.35,14120.0,14130.0,262247.0,3683.0,255268.0,,,0.551409,1.1463518599999998,"6,417.93",29.46,0.46,2026-04-22 15:50:46
393,갤럭시 부품주,1.4,091700,파트론 *,테마 편입 사유,8320.0,하락  30,-0.36,8300.0,8320.0,195534.0,1619.0,246280.0,,,0.551409,1.1463518599999998,"6,417.93",29.46,0.46,2026-04-22 15:50:46
393,갤럭시 부품주,1.4,025320,시노펙스 *,테마 편입 사유,6220.0,하락  40,-0.64,6220.0,6230.0,537364.0,3344.0,1128682.0,,,0.551409,1.1463518599999998,"6,417.93",29.46,0.46,2026-04-22 15:50:46
393,갤럭시 부품주,1.4,005930,삼성전자,테마 편입 사유,217500.0,"하락  1,500",-0.68,217500.0,218000.0,16732708.0,3648624.0,16752132.0,,,0.551409,1.1463518599999998,"6,417.93",29.46,0.46,2026-04-22 15:50:46
393,갤럭시 부품주,1.4,049070,인탑스 *,테마 편입 사유,18300.0,하락  200,-1.08,18300.0,18310.0,58427.0,1057.0,61408.0,,,0.551409,1.1463518599999998,"6,417.93",29.46,0.46,2026-04-22 15:50:46
393,갤럭시 부품주,1.4,047310,파워로직스 *,테마 편입 사유,5460.0,하락  60,-1.09,5460.0,5470.0,210258.0,1140.0,289529.0,,,0.551409,1.1463518599999998,"6,417.93",29.46,0.46,2026-04-22 15:50:46
393,갤럭시 부품주,1.4,004710,한솔테크닉스,테마 편입 사유,7320.0,하락  120,-1.61,7310.0,7320.0,696015.0,5139.0,1051964.0,,,0.551409,1.1463518599999998,"6,417.93",29.46,0.46,2026-04-22 15:50:46
393,갤럭시 부품주,1.4,272290,이녹스첨단소재 *,테마 편입 사유,35650.0,하락  650,-1.79,35650.0,35700.0,321689.0,11502.0,593702.0,,,0.551409,1.1463518599999998,"6,417.93",29.46,0.46,2026-04-22 15:50:46
393,갤럭시 부품주,1.4,050110,캠시스 *,테마 편입 사유,2150.0,하락  85,-3.8,2150.0,2155.0,349839.0,759.0,455501.0,,,0.551409,1.1463518599999998,"6,417.93",29.46,0.46,2026-04-22 15:50:46
393,갤럭시 부품주,1.4,238090,앤디포스 *,테마 편입 사유,3515.0,하락  155,-4.22,3515.0,3530.0,148752.0,529.0,265535.0,,,0.551409,1.1463518599999998,"6,417.93",29.46,0.46,2026-04-22 15:50:46
393,갤럭시 부품주,1.4,061040,알에프텍 *,테마 편입 사유,1951.0,하락  99,-4.83,1951.0,1956.0,767549.0,1502.0,570655.0,,,0.551409,1.1463518599999998,"6,417.93",29.46,0.46,2026-04-22 15:50:46
393,갤럭시 부품주,1.4,049080,기가레인 *,테마 편입 사유,2280.0,하락  155,-6.37,2280.0,2285.0,7687623.0,17616.0,20068913.0,,,0.551409,1.1463518599999998,"6,417.93",29.46,0.46,2026-04-22 15:50:46
393,갤럭시 부품주,1.4,054210,이랜텍 *,테마 편입 사유,12720.0,하락  880,-6.47,12720.0,12730.0,979232.0,12619.0,3500343.0,,,0.551409,1.1463518599999998,"6,417.93",29.46,0.46,2026-04-22 15:50:46
362,자율주행차,1.39,011070,LG이노텍,테마 편입 사유,500000.0,"상승  75,000",17.65,500000.0,501000.0,598835.0,290059.0,201193.0,,,0.542481,1.14045874,"6,417.93",29.46,0.46,2026-04-22 15:50:46
362,자율주행차,1.39,214430,아이쓰리시스템 *,테마 편입 사유,112400.0,"상승  12,900",12.96,112400.0,112500.0,222060.0,24341.0,62397.0,,,0.542481,1.14045874,"6,417.93",29.46,0.46,2026-04-22 15:50:46
362,자율주행차,1.39,105550,엣지파운드리 *,테마 편입 사유,1375.0,상승  98,7.67,1374.0,1375.0,2817132.0,3717.0,1907546.0,,,0.542481,1.14045874,"6,417.93",29.46,0.46,2026-04-22 15:50:46
362,자율주행차,1.39,396270,넥스트칩 *,테마 편입 사유,5130.0,상승  365,7.66,5130.0,5140.0,886748.0,4387.0,862180.0,,,0.542481,1.14045874,"6,417.93",29.46,0.46,2026-04-22 15:50:46
362,자율주행차,1.39,370090,퓨런티어 *,테마 편입 사유,14310.0,상승  740,5.45,14310.0,14320.0,201846.0,2839.0,39622.0,,,0.542481,1.14045874,"6,417.93",29.46,0.46,2026-04-22 15:50:46
362,자율주행차,1.39,009150,삼성전기,테마 편입 사유,812000.0,"상승  40,000",5.18,811000.0,812000.0,971101.0,780242.0,1092504.0,,,0.542481,1.14045874,"6,417.93",29.46,0.46,2026-04-22 15:50:46
362,자율주행차,1.39,126700,하이비젼시스템 *,테마 편입 사유,19310.0,상승  950,5.17,19310.0,19320.0,207663.0,3918.0,161285.0,,,0.542481,1.14045874,"6,417.93",29.46,0.46,2026-04-22 15:50:46
362,자율주행차,1.39,066570,LG전자,테마 편입 사유,132800.0,"상승  6,200",4.9,132700.0,132800.0,1430607.0,187668.0,600138.0,,,0.542481,1.14045874,"6,417.93",29.46,0.46,2026-04-22 15:50:46
362,자율주행차,1.39,087260,모바일어플라이언스 *,테마 편입 사유,2165.0,상승  100,4.84,2165.0,2170.0,1210662.0,2580.0,233796.0,,,0.542481,1.14045874,"6,417.93",29.46,0.46,2026-04-22 15:50:46
362,자율주행차,1.39,094360,칩스앤미디어 *,테마 편입 사유,18530.0,상승  710,3.98,18520.0,18530.0,225195.0,4139.0,137713.0,,,0.542481,1.14045874,"6,417.93",29.46,0.46,2026-04-22 15:50:46
362,자율주행차,1.39,089010,켐트로닉스 *,테마 편입 사유,34950.0,"상승  1,300",3.86,34950.0,35000.0,448528.0,15559.0,170536.0,,,0.542481,1.14045874,"6,417.93",29.46,0.46,2026-04-22 15:50:46
362,자율주행차,1.39,432720,퀄리타스반도체 *,테마 편입 사유,20150.0,상승  630,3.23,20100.0,20150.0,1457194.0,28568.0,2865687.0,,,0.542481,1.14045874,"6,417.93",29.46,0.46,2026-04-22 15:50:46
362,자율주행차,1.39,298830,슈어소프트테크 *,테마 편입 사유,7700.0,상승  220,2.94,7690.0,7700.0,1632366.0,12478.0,466703.0,,,0.542481,1.14045874,"6,417.93",29.46,0.46,2026-04-22 15:50:46
362,자율주행차,1.39,424960,스마트레이더시스템 *,테마 편입 사유,7210.0,상승  200,2.85,7190.0,7210.0,93359.0,663.0,70073.0,,,0.542481,1.14045874,"6,417.93",29.46,0.46,2026-04-22 15:50:46
362,자율주행차,1.39,012330,현대모비스,테마 편입 사유,456500.0,"상승  9,500",2.13,456500.0,457000.0,290284.0,130922.0,330317.0,,,0.542481,1.14045874,"6,417.93",29.46,0.46,2026-04-22 15:50:46
362,자율주행차,1.39,071670,에이테크솔루션 *,테마 편입 사유,9150.0,상승  190,2.12,9130.0,9150.0,58791.0,530.0,48227.0,,,0.542481,1.14045874,"6,417.93",29.46,0.46,2026-04-22 15:50:46
362,자율주행차,1.39,054450,텔레칩스 *,테마 편입 사유,14030.0,상승  260,1.89,14030.0,14040.0,156825.0,2169.0,136168.0,,,0.542481,1.14045874,"6,417.93",29.46,0.46,2026-04-22 15:50:46
362,자율주행차,1.39,039290,인포뱅크 *,테마 편입 사유,5080.0,상승  90,1.8,5070.0,5080.0,25359.0,127.0,22880.0,,,0.542481,1.14045874,"6,417.93",29.46,0.46,2026-04-22 15:50:46
362,자율주행차,1.39,077500,유니퀘스트,테마 편입 사유,6930.0,상승  120,1.76,6900.0,6930.0,351613.0,2403.0,662265.0,,,0.542481,1.14045874,"6,417.93",29.46,0.46,2026-04-22 15:50:46
362,자율주행차,1.39,271830,팸텍 *,테마 편입 사유,1620.0,상승  27,1.69,1618.0,1620.0,79892.0,128.0,81524.0,,,0.542481,1.14045874,"6,417.93",29.46,0.46,2026-04-22 15:50:46
362,자율주행차,1.39,352910,오비고 *,테마 편입 사유,5300.0,상승  80,1.53,5300.0,5310.0,26475.0,138.0,81566.0,,,0.542481,1.14045874,"6,417.93",29.46,0.46,2026-04-22 15:50:46
362,자율주행차,1.39,025440,DH오토웨어 *,테마 편입 사유,884.0,상승  12,1.38,879.0,884.0,84369.0,73.0,89147.0,,,0.542481,1.14045874,"6,417.93",29.46,0.46,2026-04-22 15:50:46
362,자율주행차,1.39,125490,한라캐스트 *,테마 편입 사유,16290.0,상승  210,1.31,16290.0,16300.0,1341447.0,21568.0,1696592.0,,,0.542481,1.14045874,"6,417.93",29.46,0.46,2026-04-22 15:50:46
362,자율주행차,1.39,082210,옵트론텍 *,테마 편입 사유,2070.0,상승  25,1.22,2050.0,2070.0,395870.0,811.0,514504.0,,,0.542481,1.14045874,"6,417.93",29.46,0.46,2026-04-22 15:50:46
362,자율주행차,1.39,192650,드림텍,테마 편입 사유,6810.0,상승  80,1.19,6800.0,6810.0,225047.0,1517.0,340447.0,,,0.542481,1.14045874,"6,417.93",29.46,0.46,2026-04-22 15:50:46
362,자율주행차,1.39,053450,세코닉스 *,테마 편입 사유,5480.0,상승  60,1.11,5450.0,5480.0,117697.0,635.0,115667.0,,,0.542481,1.14045874,"6,417.93",29.46,0.46,2026-04-22 15:50:46
362,자율주행차,1.39,064800,포니링크 *,테마 편입 사유,669.0,상승  3,0.45,668.0,669.0,415828.0,277.0,645829.0,,,0.542481,1.14045874,"6,417.93",29.46,0.46,2026-04-22 15:50:46
362,자율주행차,1.39,307950,현대오토에버,테마 편입 사유,444500.0,"상승  2,000",0.45,444500.0,445000.0,71497.0,31208.0,93249.0,,,0.542481,1.14045874,"6,417.93",29.46,0.46,2026-04-22 15:50:46
362,자율주행차,1.39,204320,HL만도,테마 편입 사유,54500.0,상승  200,0.37,54400.0,54500.0,194943.0,10483.0,267266.0,,,0.542481,1.14045874,"6,417.93",29.46,0.46,2026-04-22 15:50:46
362,자율주행차,1.39,084730,팅크웨어 *,테마 편입 사유,8600.0,상승  20,0.23,8590.0,8600.0,34624.0,296.0,31513.0,,,0.542481,1.14045874,"6,417.93",29.46,0.46,2026-04-22 15:50:46
362,자율주행차,1.39,053700,삼보모터스 *,테마 편입 사유,6100.0,상승  10,0.16,6090.0,6100.0,278590.0,1679.0,222835.0,,,0.542481,1.14045874,"6,417.93",29.46,0.46,2026-04-22 15:50:46
362,자율주행차,1.39,118990,모트렉스 *,테마 편입 사유,9050.0,상승  10,0.11,9040.0,9050.0,130120.0,1165.0,201604.0,,,0.542481,1.14045874,"6,417.93",29.46,0.46,2026-04-22 15:50:46
362,자율주행차,1.39,086960,MDS테크 *,테마 편입 사유,1115.0,보합0,0.0,0.0,0.0,0.0,0.0,0.0,,,0.542481,1.14045874,"6,417.93",29.46,0.46,2026-04-22 15:50:46
362,자율주행차,1.39,038950,파인디지털 *,테마 편입 사유,3500.0,보합0,0.0,3500.0,3505.0,4964.0,18.0,19753.0,,,0.542481,1.14045874,"6,417.93",29.46,0.46,2026-04-22 15:50:46
362,자율주행차,1.39,038880,아이에이 *,테마 편입 사유,135.0,보합0,0.0,0.0,0.0,0.0,0.0,0.0,,,0.542481,1.14045874,"6,417.93",29.46,0.46,2026-04-22 15:50:46
362,자율주행차,1.39,035420,NAVER,테마 편입 사유,214000.0,보합0,0.0,214000.0,214500.0,364647.0,77973.0,545889.0,,,0.542481,1.14045874,"6,417.93",29.46,0.46,2026-04-22 15:50:46
362,자율주행차,1.39,123410,코리아에프티 *,테마 편입 사유,7040.0,보합0,0.0,7030.0,7040.0,230644.0,1606.0,136246.0,,,0.542481,1.14045874,"6,417.93",29.46,0.46,2026-04-22 15:50:46
362,자율주행차,1.39,000270,기아,테마 편입 사유,160000.0,보합0,0.0,159900.0,160000.0,770587.0,122545.0,758081.0,,,0.542481,1.14045874,"6,417.93",29.46,0.46,2026-04-22 15:50:46
362,자율주행차,1.39,464080,에스오에스랩 *,테마 편입 사유,16780.0,하락  10,-0.06,16780.0,16790.0,356187.0,5840.0,425853.0,,,0.542481,1.14045874,"6,417.93",29.46,0.46,2026-04-22 15:50:46
362,자율주행차,1.39,000660,SK하이닉스,테마 편입 사유,1223000.0,"하락  1,000",-0.08,1223000.0,1224000.0,2868925.0,3486991.0,3516960.0,,,0.542481,1.14045874,"6,417.93",29.46,0.46,2026-04-22 15:50:46
362,자율주행차,1.39,017670,SK텔레콤,테마 편입 사유,100300.0,하락  200,-0.2,100300.0,100400.0,845287.0,84758.0,1087598.0,,,0.542481,1.14045874,"6,417.93",29.46,0.46,2026-04-22 15:50:46
362,자율주행차,1.39,097520,엠씨넥스,테마 편입 사유,23700.0,하락  50,-0.21,23700.0,23800.0,23732.0,561.0,30899.0,,,0.542481,1.14045874,"6,417.93",29.46,0.46,2026-04-22 15:50:46
362,자율주행차,1.39,331740,아우토크립트 *,테마 편입 사유,16360.0,하락  80,-0.49,16350.0,16360.0,82073.0,1335.0,535213.0,,,0.542481,1.14045874,"6,417.93",29.46,0.46,2026-04-22 15:50:46
362,자율주행차,1.39,005930,삼성전자,테마 편입 사유,217500.0,"하락  1,500",-0.68,217500.0,218000.0,16732708.0,3648624.0,16752132.0,,,0.542481,1.14045874,"6,417.93",29.46,0.46,2026-04-22 15:50:46
362,자율주행차,1.39,013570,디와이,테마 편입 사유,5100.0,하락  40,-0.78,5100.0,5110.0,112171.0,566.0,127882.0,,,0.542481,1.14045874,"6,417.93",29.46,0.46,2026-04-22 15:50:46
362,자율주행차,1.39,025540,한국단자,테마 편입 사유,84900.0,하락  700,-0.82,84800.0,84900.0,29694.0,2503.0,41312.0,,,0.542481,1.14045874,"6,417.93",29.46,0.46,2026-04-22 15:50:46
362,자율주행차,1.39,142210,유니트론텍 *,테마 편입 사유,5570.0,하락  50,-0.89,5570.0,5590.0,109882.0,610.0,132773.0,,,0.542481,1.14045874,"6,417.93",29.46,0.46,2026-04-22 15:50:46
362,자율주행차,1.39,005380,현대차,테마 편입 사유,541000.0,"하락  5,000",-0.92,540000.0,541000.0,747121.0,400995.0,946609.0,,,0.542481,1.14045874,"6,417.93",29.46,0.46,2026-04-22 15:50:46
362,자율주행차,1.39,208860,다산디엠씨 *,테마 편입 사유,1345.0,하락  15,-1.1,1345.0,1356.0,29049.0,39.0,56710.0,,,0.542481,1.14045874,"6,417.93",29.46,0.46,2026-04-22 15:50:46
362,자율주행차,1.39,030200,KT,테마 편입 사유,61800.0,하락  900,-1.44,61800.0,62000.0,244783.0,15146.0,940085.0,,,0.542481,1.14045874,"6,417.93",29.46,0.46,2026-04-22 15:50:46
362,자율주행차,1.39,092600,앤씨앤 *,테마 편입 사유,1020.0,하락  16,-1.54,1020.0,1021.0,756863.0,763.0,853551.0,,,0.542481,1.14045874,"6,417.93",29.46,0.46,2026-04-22 15:50:46
362,자율주행차,1.39,437730,삼현 *,테마 편입 사유,53400.0,"하락  1,000",-1.84,53400.0,53500.0,159211.0,8464.0,294321.0,,,0.542481,1.14045874,"6,417.93",29.46,0.46,2026-04-22 15:50:46
362,자율주행차,1.39,056080,유진로봇 *,테마 편입 사유,24800.0,하락  500,-1.98,24750.0,24800.0,279734.0,6889.0,296899.0,,,0.542481,1.14045874,"6,417.93",29.46,0.46,2026-04-22 15:50:46
362,자율주행차,1.39,317120,라닉스 *,테마 편입 사유,2660.0,하락  55,-2.03,2655.0,2660.0,745622.0,1896.0,1199250.0,,,0.542481,1.14045874,"6,417.93",29.46,0.46,2026-04-22 15:50:46
362,자율주행차,1.39,003620,KG모빌리티,테마 편입 사유,4080.0,하락  105,-2.51,4075.0,4080.0,1185680.0,4810.0,1613438.0,,,0.542481,1.14045874,"6,417.93",29.46,0.46,2026-04-22 15:50:46
362,자율주행차,1.39,088800,에이스테크 *,테마 편입 사유,5100.0,하락  170,-3.23,5100.0,5110.0,1097789.0,5564.0,1315277.0,,,0.542481,1.14045874,"6,417.93",29.46,0.46,2026-04-22 15:50:46
362,자율주행차,1.39,050110,캠시스 *,테마 편입 사유,2150.0,하락  85,-3.8,2150.0,2155.0,349839.0,759.0,455501.0,,,0.542481,1.14045874,"6,417.93",29.46,0.46,2026-04-22 15:50:46
362,자율주행차,1.39,388790,라이콤 *,테마 편입 사유,6060.0,하락  240,-3.81,6060.0,6080.0,1057543.0,6282.0,1100093.0,,,0.542481,1.14045874,"6,417.93",29.46,0.46,2026-04-22 15:50:46
593,귀금속(금/은),1.36,124500,아이티센글로벌 *,테마 편입 사유,47600.0,상승  900,1.93,47600.0,47650.0,256145.0,12209.0,460045.0,,,0.5,1.1300000000000001,"6,417.93",29.46,0.46,2026-04-22 15:50:46
593,귀금속(금/은),1.36,000670,영풍,테마 편입 사유,66600.0,"상승  1,200",1.83,66500.0,66600.0,38091.0,2499.0,25132.0,,,0.5,1.1300000000000001,"6,417.93",29.46,0.46,2026-04-22 15:50:46
593,귀금속(금/은),1.36,010130,고려아연,테마 편입 사유,1698000.0,"상승  28,000",1.68,1697000.0,1698000.0,18683.0,31330.0,16046.0,,,0.5,1.1300000000000001,"6,417.93",29.46,0.46,2026-04-22 15:50:46
593,귀금속(금/은),1.36,037950,엘컴텍 *,테마 편입 사유,709.0,보합0,0.0,0.0,0.0,0.0,0.0,0.0,,,0.5,1.1300000000000001,"6,417.93",29.46,0.46,2026-04-22 15:50:46
12,반도체 장비,1.38,469610,이노테크 *,테마 편입 사유,30650.0,"상승  4,450",16.98,30650.0,30700.0,1504189.0,44514.0,849349.0,,,0.836701,0.9951175399999999,"6,417.93",29.46,0.46,2026-04-22 15:50:46
12,반도체 장비,1.38,417840,저스템 *,테마 편입 사유,12260.0,"상승  1,240",11.25,12250.0,12260.0,5608698.0,68615.0,3816318.0,,,0.836701,0.9951175399999999,"6,417.93",29.46,0.46,2026-04-22 15:50:46
12,반도체 장비,1.38,0015G0,그린광학 *,테마 편입 사유,35850.0,"상승  2,800",8.47,35850.0,35900.0,2365293.0,84778.0,332374.0,,,0.836701,0.9951175399999999,"6,417.93",29.46,0.46,2026-04-22 15:50:46
12,반도체 장비,1.38,089890,코세스 *,테마 편입 사유,37900.0,"상승  2,850",8.13,37850.0,37900.0,397524.0,14666.0,386932.0,,,0.836701,0.9951175399999999,"6,417.93",29.46,0.46,2026-04-22 15:50:46
12,반도체 장비,1.38,039440,에스티아이 *,테마 편입 사유,36400.0,"상승  2,400",7.06,36350.0,36400.0,457005.0,16105.0,270164.0,,,0.836701,0.9951175399999999,"6,417.93",29.46,0.46,2026-04-22 15:50:46
12,반도체 장비,1.38,200470,에이팩트 *,테마 편입 사유,8200.0,상승  530,6.91,8200.0,8210.0,1655059.0,13156.0,1116707.0,,,0.836701,0.9951175399999999,"6,417.93",29.46,0.46,2026-04-22 15:50:46
12,반도체 장비,1.38,090470,제이스텍 *,테마 편입 사유,9140.0,상승  580,6.78,9130.0,9140.0,183194.0,1667.0,137324.0,,,0.836701,0.9951175399999999,"6,417.93",29.46,0.46,2026-04-22 15:50:46
12,반도체 장비,1.38,452160,제이엔비 *,테마 편입 사유,6530.0,상승  400,6.53,6520.0,6530.0,864303.0,5952.0,26795.0,,,0.836701,0.9951175399999999,"6,417.93",29.46,0.46,2026-04-22 15:50:46
12,반도체 장비,1.38,131290,티에스이 *,테마 편입 사유,169300.0,"상승  10,200",6.41,169200.0,169300.0,119584.0,19645.0,100662.0,,,0.836701,0.9951175399999999,"6,417.93",29.46,0.46,2026-04-22 15:50:46
12,반도체 장비,1.38,168360,펨트론 *,테마 편입 사유,24450.0,"상승  1,350",5.84,24400.0,24450.0,258288.0,6176.0,114430.0,,,0.836701,0.9951175399999999,"6,417.93",29.46,0.46,2026-04-22 15:50:46
12,반도체 장비,1.38,095610,테스 *,테마 편입 사유,93300.0,"상승  4,700",5.3,93200.0,93300.0,460645.0,42168.0,366308.0,,,0.836701,0.9951175399999999,"6,417.93",29.46,0.46,2026-04-22 15:50:46
12,반도체 장비,1.38,178320,서진시스템 *,테마 편입 사유,53200.0,"상승  2,600",5.14,53100.0,53200.0,3561107.0,182074.0,6006806.0,,,0.836701,0.9951175399999999,"6,417.93",29.46,0.46,2026-04-22 15:50:46
12,반도체 장비,1.38,045100,한양이엔지 *,테마 편입 사유,33750.0,"상승  1,600",4.98,33750.0,33800.0,196600.0,6390.0,127938.0,,,0.836701,0.9951175399999999,"6,417.93",29.46,0.46,2026-04-22 15:50:46
12,반도체 장비,1.38,011930,신성이엔지,테마 편입 사유,4130.0,상승  195,4.96,4125.0,4130.0,67848957.0,284083.0,45381738.0,,,0.836701,0.9951175399999999,"6,417.93",29.46,0.46,2026-04-22 15:50:46
12,반도체 장비,1.38,067310,하나마이크론 *,테마 편입 사유,39900.0,"상승  1,850",4.86,39850.0,39900.0,3769473.0,148132.0,2753448.0,,,0.836701,0.9951175399999999,"6,417.93",29.46,0.46,2026-04-22 15:50:46
12,반도체 장비,1.38,084370,유진테크 *,테마 편입 사유,134600.0,"상승  6,200",4.83,134500.0,134600.0,207128.0,27294.0,209188.0,,,0.836701,0.9951175399999999,"6,417.93",29.46,0.46,2026-04-22 15:50:46
12,반도체 장비,1.38,281820,케이씨텍,테마 편입 사유,57300.0,"상승  2,400",4.37,57200.0,57300.0,190156.0,10706.0,124995.0,,,0.836701,0.9951175399999999,"6,417.93",29.46,0.46,2026-04-22 15:50:46
12,반도체 장비,1.38,382800,지앤비에스 에코 *,테마 편입 사유,7440.0,상승  300,4.2,7430.0,7440.0,1052170.0,7741.0,1205416.0,,,0.836701,0.9951175399999999,"6,417.93",29.46,0.46,2026-04-22 15:50:46
12,반도체 장비,1.38,092870,엑시콘 *,테마 편입 사유,34300.0,"상승  1,350",4.1,34250.0,34300.0,227595.0,7551.0,281494.0,,,0.836701,0.9951175399999999,"6,417.93",29.46,0.46,2026-04-22 15:50:46
12,반도체 장비,1.38,264660,씨앤지하이테크 *,테마 편입 사유,21100.0,상승  800,3.94,21100.0,21150.0,233165.0,4831.0,148377.0,,,0.836701,0.9951175399999999,"6,417.93",29.46,0.46,2026-04-22 15:50:46
12,반도체 장비,1.38,036540,SFA반도체 *,테마 편입 사유,7860.0,상승  290,3.83,7850.0,7860.0,6380105.0,49303.0,6665518.0,,,0.836701,0.9951175399999999,"6,417.93",29.46,0.46,2026-04-22 15:50:46
12,반도체 장비,1.38,319660,피에스케이 *,테마 편입 사유,86900.0,"상승  3,200",3.82,86800.0,86900.0,283111.0,23930.0,250067.0,,,0.836701,0.9951175399999999,"6,417.93",29.46,0.46,2026-04-22 15:50:46
12,반도체 장비,1.38,140860,파크시스템스 *,테마 편입 사유,284500.0,"상승  10,000",3.64,284500.0,285000.0,57384.0,16132.0,45251.0,,,0.836701,0.9951175399999999,"6,417.93",29.46,0.46,2026-04-22 15:50:46
12,반도체 장비,1.38,256630,포인트엔지니어링 *,테마 편입 사유,1172.0,상승  40,3.53,1170.0,1172.0,345119.0,400.0,914577.0,,,0.836701,0.9951175399999999,"6,417.93",29.46,0.46,2026-04-22 15:50:46
12,반도체 장비,1.38,083450,GST *,테마 편입 사유,44750.0,"상승  1,500",3.47,44700.0,44750.0,480670.0,21205.0,441288.0,,,0.836701,0.9951175399999999,"6,417.93",29.46,0.46,2026-04-22 15:50:46
12,반도체 장비,1.38,098460,고영 *,테마 편입 사유,33100.0,"상승  1,100",3.44,33050.0,33100.0,3390660.0,110627.0,2687432.0,,,0.836701,0.9951175399999999,"6,417.93",29.46,0.46,2026-04-22 15:50:46
12,반도체 장비,1.38,031980,피에스케이홀딩스 *,테마 편입 사유,114600.0,"상승  3,700",3.34,114500.0,114600.0,207167.0,23138.0,202344.0,,,0.836701,0.9951175399999999,"6,417.93",29.46,0.46,2026-04-22 15:50:46
12,반도체 장비,1.38,403870,HPSP *,테마 편입 사유,48000.0,"상승  1,400",3.0,47950.0,48000.0,3583228.0,168943.0,2269835.0,,,0.836701,0.9951175399999999,"6,417.93",29.46,0.46,2026-04-22 15:50:46
12,반도체 장비,1.38,036200,유니셈 *,테마 편입 사유,11440.0,상승  280,2.51,11440.0,11450.0,381457.0,4301.0,410865.0,,,0.836701,0.9951175399999999,"6,417.93",29.46,0.46,2026-04-22 15:50:46
12,반도체 장비,1.38,321260,프로이천 *,테마 편입 사유,2745.0,상승  65,2.43,2745.0,2750.0,1414833.0,3832.0,2617138.0,,,0.836701,0.9951175399999999,"6,417.93",29.46,0.46,2026-04-22 15:50:46
12,반도체 장비,1.38,079370,제우스 *,테마 편입 사유,16720.0,상승  340,2.08,16720.0,16730.0,544129.0,8986.0,382747.0,,,0.836701,0.9951175399999999,"6,417.93",29.46,0.46,2026-04-22 15:50:46
12,반도체 장비,1.38,232680,라온로보틱스 *,테마 편입 사유,16350.0,상승  320,2.0,16350.0,16360.0,195175.0,3116.0,178215.0,,,0.836701,0.9951175399999999,"6,417.93",29.46,0.46,2026-04-22 15:50:46
12,반도체 장비,1.38,064760,티씨케이 *,테마 편입 사유,285000.0,"상승  5,000",1.79,283500.0,285000.0,67992.0,19053.0,69876.0,,,0.836701,0.9951175399999999,"6,417.93",29.46,0.46,2026-04-22 15:50:46
12,반도체 장비,1.38,122640,예스티 *,테마 편입 사유,26650.0,상승  450,1.72,26600.0,26650.0,196390.0,5220.0,324729.0,,,0.836701,0.9951175399999999,"6,417.93",29.46,0.46,2026-04-22 15:50:46
12,반도체 장비,1.38,232140,와이씨 *,테마 편입 사유,20950.0,상승  350,1.7,20900.0,20950.0,866376.0,17866.0,853716.0,,,0.836701,0.9951175399999999,"6,417.93",29.46,0.46,2026-04-22 15:50:46
12,반도체 장비,1.38,271830,팸텍 *,테마 편입 사유,1620.0,상승  27,1.69,1618.0,1620.0,79892.0,128.0,81524.0,,,0.836701,0.9951175399999999,"6,417.93",29.46,0.46,2026-04-22 15:50:46
12,반도체 장비,1.38,110990,디아이티 *,테마 편입 사유,22700.0,상승  350,1.57,22650.0,22700.0,123812.0,2759.0,136276.0,,,0.836701,0.9951175399999999,"6,417.93",29.46,0.46,2026-04-22 15:50:46
12,반도체 장비,1.38,058470,리노공업 *,테마 편입 사유,120200.0,"상승  1,700",1.43,120100.0,120200.0,572327.0,67657.0,618083.0,,,0.836701,0.9951175399999999,"6,417.93",29.46,0.46,2026-04-22 15:50:46
12,반도체 장비,1.38,253590,네오셈 *,테마 편입 사유,18000.0,상승  250,1.41,17990.0,18000.0,1118669.0,19804.0,1043358.0,,,0.836701,0.9951175399999999,"6,417.93",29.46,0.46,2026-04-22 15:50:46
12,반도체 장비,1.38,003160,디아이,테마 편입 사유,32350.0,상승  450,1.41,32300.0,32350.0,336484.0,10720.0,415879.0,,,0.836701,0.9951175399999999,"6,417.93",29.46,0.46,2026-04-22 15:50:46
12,반도체 장비,1.38,217190,제너셈 *,테마 편입 사유,7180.0,상승  90,1.27,7180.0,7200.0,168623.0,1204.0,286495.0,,,0.836701,0.9951175399999999,"6,417.93",29.46,0.46,2026-04-22 15:50:46
12,반도체 장비,1.38,036930,주성엔지니어링 *,테마 편입 사유,120400.0,"상승  1,500",1.26,120400.0,120500.0,8140409.0,967095.0,10106965.0,,,0.836701,0.9951175399999999,"6,417.93",29.46,0.46,2026-04-22 15:50:46
12,반도체 장비,1.38,348350,위드텍 *,테마 편입 사유,10420.0,상승  130,1.26,10410.0,10420.0,29073.0,302.0,38744.0,,,0.836701,0.9951175399999999,"6,417.93",29.46,0.46,2026-04-22 15:50:46
12,반도체 장비,1.38,029460,케이씨,테마 편입 사유,37950.0,상승  450,1.2,37900.0,37950.0,28239.0,1058.0,44122.0,,,0.836701,0.9951175399999999,"6,417.93",29.46,0.46,2026-04-22 15:50:46
12,반도체 장비,1.38,330860,네패스아크 *,테마 편입 사유,32700.0,상승  350,1.08,32650.0,32700.0,260638.0,8433.0,469770.0,,,0.836701,0.9951175399999999,"6,417.93",29.46,0.46,2026-04-22 15:50:46
12,반도체 장비,1.38,425420,티에프이 *,테마 편입 사유,60500.0,상승  600,1.0,60400.0,60500.0,146806.0,8714.0,211980.0,,,0.836701,0.9951175399999999,"6,417.93",29.46,0.46,2026-04-22 15:50:46
12,반도체 장비,1.38,089790,제이티 *,테마 편입 사유,6230.0,상승  60,0.97,6230.0,6270.0,116499.0,722.0,76234.0,,,0.836701,0.9951175399999999,"6,417.93",29.46,0.46,2026-04-22 15:50:46
12,반도체 장비,1.38,412350,레이저쎌 *,테마 편입 사유,7730.0,상승  60,0.78,7730.0,7740.0,449800.0,3428.0,879345.0,,,0.836701,0.9951175399999999,"6,417.93",29.46,0.46,2026-04-22 15:50:46
12,반도체 장비,1.38,396470,워트 *,테마 편입 사유,7750.0,상승  60,0.78,7740.0,7750.0,118585.0,906.0,158184.0,,,0.836701,0.9951175399999999,"6,417.93",29.46,0.46,2026-04-22 15:50:46
12,반도체 장비,1.38,265520,AP시스템 *,테마 편입 사유,23150.0,상승  150,0.65,23100.0,23150.0,141159.0,3201.0,100314.0,,,0.836701,0.9951175399999999,"6,417.93",29.46,0.46,2026-04-22 15:50:46
12,반도체 장비,1.38,045300,성우테크론 *,테마 편입 사유,3140.0,상승  20,0.64,3135.0,3140.0,54969.0,168.0,45109.0,,,0.836701,0.9951175399999999,"6,417.93",29.46,0.46,2026-04-22 15:50:46
12,반도체 장비,1.38,323350,다원넥스뷰 *,테마 편입 사유,11760.0,상승  50,0.43,11760.0,11770.0,97019.0,1133.0,82111.0,,,0.836701,0.9951175399999999,"6,417.93",29.46,0.46,2026-04-22 15:50:46
12,반도체 장비,1.38,025560,미래산업,테마 편입 사유,14450.0,상승  60,0.42,14430.0,14450.0,32925.0,469.0,37579.0,,,0.836701,0.9951175399999999,"6,417.93",29.46,0.46,2026-04-22 15:50:46
12,반도체 장비,1.38,053610,프로텍 *,테마 편입 사유,74400.0,상승  300,0.4,74300.0,74400.0,76770.0,5638.0,165838.0,,,0.836701,0.9951175399999999,"6,417.93",29.46,0.46,2026-04-22 15:50:46
12,반도체 장비,1.38,160980,싸이맥스 *,테마 편입 사유,30600.0,상승  100,0.33,30500.0,30600.0,149548.0,4512.0,152598.0,,,0.836701,0.9951175399999999,"6,417.93",29.46,0.46,2026-04-22 15:50:46
12,반도체 장비,1.38,053080,케이엔솔 *,테마 편입 사유,13040.0,상승  40,0.31,13030.0,13040.0,205759.0,2633.0,192611.0,,,0.836701,0.9951175399999999,"6,417.93",29.46,0.46,2026-04-22 15:50:46
12,반도체 장비,1.38,036810,에프에스티 *,테마 편입 사유,45000.0,상승  100,0.22,45000.0,45050.0,201545.0,8943.0,188020.0,,,0.836701,0.9951175399999999,"6,417.93",29.46,0.46,2026-04-22 15:50:46
12,반도체 장비,1.38,089030,테크윙 *,테마 편입 사유,57200.0,상승  100,0.18,57100.0,57200.0,964056.0,54108.0,1053002.0,,,0.836701,0.9951175399999999,"6,417.93",29.46,0.46,2026-04-22 15:50:46
12,반도체 장비,1.38,081180,쎄크 *,테마 편입 사유,14180.0,보합0,0.0,14010.0,14180.0,116855.0,1645.0,275492.0,,,0.836701,0.9951175399999999,"6,417.93",29.46,0.46,2026-04-22 15:50:46
12,반도체 장비,1.38,090360,로보스타 *,테마 편입 사유,64900.0,보합0,0.0,64800.0,64900.0,31961.0,2044.0,35696.0,,,0.836701,0.9951175399999999,"6,417.93",29.46,0.46,2026-04-22 15:50:46
12,반도체 장비,1.38,348210,넥스틴 *,테마 편입 사유,76400.0,보합0,0.0,76300.0,76400.0,83064.0,6289.0,68636.0,,,0.836701,0.9951175399999999,"6,417.93",29.46,0.46,2026-04-22 15:50:46
12,반도체 장비,1.38,071280,로체시스템즈 *,테마 편입 사유,9290.0,보합0,0.0,9280.0,9290.0,78086.0,723.0,64852.0,,,0.836701,0.9951175399999999,"6,417.93",29.46,0.46,2026-04-22 15:50:46
12,반도체 장비,1.38,039030,이오테크닉스 *,테마 편입 사유,483000.0,보합0,0.0,481500.0,483000.0,68182.0,32600.0,79664.0,,,0.836701,0.9951175399999999,"6,417.93",29.46,0.46,2026-04-22 15:50:46
12,반도체 장비,1.38,306620,지아이에스 *,테마 편입 사유,3310.0,보합0,0.0,3310.0,3320.0,422238.0,1391.0,919913.0,,,0.836701,0.9951175399999999,"6,417.93",29.46,0.46,2026-04-22 15:50:46
12,반도체 장비,1.38,140670,알에스오토메이션 *,테마 편입 사유,16830.0,하락  20,-0.12,16830.0,16840.0,191075.0,3150.0,188168.0,,,0.836701,0.9951175399999999,"6,417.93",29.46,0.46,2026-04-22 15:50:46
12,반도체 장비,1.38,089970,브이엠 *,테마 편입 사유,54500.0,하락  100,-0.18,54500.0,54600.0,376927.0,20411.0,280618.0,,,0.836701,0.9951175399999999,"6,417.93",29.46,0.46,2026-04-22 15:50:46
12,반도체 장비,1.38,451220,아이엠티 *,테마 편입 사유,15070.0,하락  30,-0.2,15060.0,15070.0,198557.0,2934.0,279928.0,,,0.836701,0.9951175399999999,"6,417.93",29.46,0.46,2026-04-22 15:50:46
12,반도체 장비,1.38,140070,서플러스글로벌 *,테마 편입 사유,2400.0,하락  5,-0.21,2395.0,2400.0,199219.0,480.0,206368.0,,,0.836701,0.9951175399999999,"6,417.93",29.46,0.46,2026-04-22 15:50:46
12,반도체 장비,1.38,241790,티이엠씨씨엔에스 *,테마 편입 사유,8170.0,하락  30,-0.37,8140.0,8170.0,70018.0,572.0,93349.0,,,0.836701,0.9951175399999999,"6,417.93",29.46,0.46,2026-04-22 15:50:46
12,반도체 장비,1.38,036170,에이치엠넥스 *,테마 편입 사유,7850.0,하락  30,-0.38,7850.0,7860.0,1517168.0,11775.0,3939658.0,,,0.836701,0.9951175399999999,"6,417.93",29.46,0.46,2026-04-22 15:50:46
12,반도체 장비,1.38,065130,탑엔지니어링 *,테마 편입 사유,3370.0,하락  15,-0.44,3370.0,3375.0,41072.0,137.0,29867.0,,,0.836701,0.9951175399999999,"6,417.93",29.46,0.46,2026-04-22 15:50:46
12,반도체 장비,1.38,187870,디바이스 *,테마 편입 사유,33900.0,하락  150,-0.44,33800.0,33900.0,118867.0,3965.0,219973.0,,,0.836701,0.9951175399999999,"6,417.93",29.46,0.46,2026-04-22 15:50:46
12,반도체 장비,1.38,042700,한미반도체,테마 편입 사유,293500.0,"하락  1,500",-0.51,293000.0,293500.0,684762.0,198796.0,496193.0,,,0.836701,0.9951175399999999,"6,417.93",29.46,0.46,2026-04-22 15:50:46
12,반도체 장비,1.38,037350,성도이엔지 *,테마 편입 사유,12200.0,하락  80,-0.65,12190.0,12200.0,187424.0,2246.0,228157.0,,,0.836701,0.9951175399999999,"6,417.93",29.46,0.46,2026-04-22 15:50:46
12,반도체 장비,1.38,183300,코미코 *,테마 편입 사유,151500.0,"하락  1,000",-0.66,151400.0,151500.0,112758.0,16832.0,121235.0,,,0.836701,0.9951175399999999,"6,417.93",29.46,0.46,2026-04-22 15:50:46
12,반도체 장비,1.38,227950,엔투텍 *,테마 편입 사유,503.0,하락  4,-0.79,502.0,503.0,1729021.0,861.0,2735452.0,,,0.836701,0.9951175399999999,"6,417.93",29.46,0.46,2026-04-22 15:50:46
12,반도체 장비,1.38,056190,에스에프에이 *,테마 편입 사유,31550.0,하락  250,-0.79,31550.0,31600.0,126765.0,3996.0,216045.0,,,0.836701,0.9951175399999999,"6,417.93",29.46,0.46,2026-04-22 15:50:46
12,반도체 장비,1.38,420770,기가비스 *,테마 편입 사유,93500.0,하락  900,-0.95,93400.0,93500.0,180331.0,17217.0,228288.0,,,0.836701,0.9951175399999999,"6,417.93",29.46,0.46,2026-04-22 15:50:46
12,반도체 장비,1.38,159010,아스플로 *,테마 편입 사유,7800.0,하락  100,-1.27,7800.0,7810.0,158602.0,1226.0,145874.0,,,0.836701,0.9951175399999999,"6,417.93",29.46,0.46,2026-04-22 15:50:46
12,반도체 장비,1.38,322310,오로스테크놀로지 *,테마 편입 사유,34600.0,하락  450,-1.28,34600.0,34650.0,240723.0,8346.0,174840.0,,,0.836701,0.9951175399999999,"6,417.93",29.46,0.46,2026-04-22 15:50:46
12,반도체 장비,1.38,217500,러셀 *,테마 편입 사유,2665.0,하락  35,-1.3,2665.0,2670.0,179521.0,476.0,205799.0,,,0.836701,0.9951175399999999,"6,417.93",29.46,0.46,2026-04-22 15:50:46
12,반도체 장비,1.38,030530,원익홀딩스 *,테마 편입 사유,30400.0,하락  450,-1.46,30350.0,30400.0,619001.0,18631.0,795954.0,,,0.836701,0.9951175399999999,"6,417.93",29.46,0.46,2026-04-22 15:50:46
12,반도체 장비,1.38,254120,자비스 *,테마 편입 사유,1443.0,하락  26,-1.77,1442.0,1443.0,198755.0,286.0,1846131.0,,,0.836701,0.9951175399999999,"6,417.93",29.46,0.46,2026-04-22 15:50:46
12,반도체 장비,1.38,212710,아이에스티이 *,테마 편입 사유,8630.0,하락  160,-1.82,8620.0,8630.0,653338.0,5850.0,206316.0,,,0.836701,0.9951175399999999,"6,417.93",29.46,0.46,2026-04-22 15:50:46
12,반도체 장비,1.38,086390,유니테스트 *,테마 편입 사유,18860.0,하락  490,-2.53,18860.0,18870.0,343744.0,6482.0,891464.0,,,0.836701,0.9951175399999999,"6,417.93",29.46,0.46,2026-04-22 15:50:46
12,반도체 장비,1.38,041520,이엘씨 *,테마 편입 사유,11260.0,하락  320,-2.76,11260.0,11290.0,37976.0,432.0,114098.0,,,0.836701,0.9951175399999999,"6,417.93",29.46,0.46,2026-04-22 15:50:46
12,반도체 장비,1.38,240810,원익IPS *,테마 편입 사유,119100.0,"하락  4,800",-3.87,119000.0,119100.0,801088.0,93995.0,428034.0,,,0.836701,0.9951175399999999,"6,417.93",29.46,0.46,2026-04-22 15:50:46
12,반도체 장비,1.38,489790,한화비전,테마 편입 사유,82200.0,"하락  3,400",-3.97,82200.0,82300.0,594462.0,48664.0,630694.0,,,0.836701,0.9951175399999999,"6,417.93",29.46,0.46,2026-04-22 15:50:46
12,반도체 장비,1.38,083310,엘오티베큠 *,테마 편입 사유,16240.0,하락  720,-4.25,16240.0,16270.0,361648.0,5911.0,718510.0,,,0.836701,0.9951175399999999,"6,417.93",29.46,0.46,2026-04-22 15:50:46
12,반도체 장비,1.38,402490,그린리소스 *,테마 편입 사유,23050.0,"하락  1,050",-4.36,23050.0,23100.0,1700562.0,38308.0,3506111.0,,,0.836701,0.9951175399999999,"6,417.93",29.46,0.46,2026-04-22 15:50:46
12,반도체 장비,1.38,064290,인텍플러스 *,테마 편입 사유,29800.0,"하락  1,650",-5.25,29800.0,29850.0,569954.0,16848.0,888836.0,,,0.836701,0.9951175399999999,"6,417.93",29.46,0.46,2026-04-22 15:50:46
12,반도체 장비,1.38,049080,기가레인 *,테마 편입 사유,2280.0,하락  155,-6.37,2280.0,2285.0,7687623.0,17616.0,20068913.0,,,0.836701,0.9951175399999999,"6,417.93",29.46,0.46,2026-04-22 15:50:46
12,반도체 장비,1.38,224060,더코디 *,테마 편입 사유,5510.0,"하락  1,110",-16.77,5510.0,5520.0,270249.0,1565.0,106776.0,,,0.836701,0.9951175399999999,"6,417.93",29.46,0.46,2026-04-22 15:50:46
19,황사/미세먼지,1.03,187790,나노 *,테마 편입 사유,5830.0,"상승  1,145",24.44,5810.0,5830.0,6113349.0,34377.0,1379054.0,,,0.184669,0.94505226,"6,417.93",29.46,0.46,2026-04-22 15:50:46
19,황사/미세먼지,1.03,089980,상아프론테크 *,테마 편입 사유,28200.0,"상승  2,350",9.09,28200.0,28250.0,602528.0,16593.0,179505.0,,,0.184669,0.94505226,"6,417.93",29.46,0.46,2026-04-22 15:50:46
19,황사/미세먼지,1.03,022100,포스코DX,테마 편입 사유,35650.0,"상승  1,000",2.89,35600.0,35650.0,931918.0,33278.0,675749.0,,,0.184669,0.94505226,"6,417.93",29.46,0.46,2026-04-22 15:50:46
19,황사/미세먼지,1.03,083550,케이엠 *,테마 편입 사유,3585.0,상승  80,2.28,3580.0,3585.0,23542.0,83.0,82569.0,,,0.184669,0.94505226,"6,417.93",29.46,0.46,2026-04-22 15:50:46
19,황사/미세먼지,1.03,012690,모나리자,테마 편입 사유,2330.0,상승  35,1.53,2330.0,2335.0,310850.0,726.0,739812.0,,,0.184669,0.94505226,"6,417.93",29.46,0.46,2026-04-22 15:50:46
19,황사/미세먼지,1.03,383310,에코프로에이치엔 *,테마 편입 사유,34000.0,상승  450,1.34,33950.0,34000.0,372751.0,12528.0,615444.0,,,0.184669,0.94505226,"6,417.93",29.46,0.46,2026-04-22 15:50:46
19,황사/미세먼지,1.03,065950,웰크론 *,테마 편입 사유,1650.0,상승  20,1.23,1647.0,1650.0,123738.0,202.0,439672.0,,,0.184669,0.94505226,"6,417.93",29.46,0.46,2026-04-22 15:50:46
19,황사/미세먼지,1.03,000520,삼일제약,테마 편입 사유,9700.0,상승  80,0.83,9680.0,9700.0,182814.0,1750.0,323106.0,,,0.184669,0.94505226,"6,417.93",29.46,0.46,2026-04-22 15:50:46
19,황사/미세먼지,1.03,037070,파세코 *,테마 편입 사유,9420.0,상승  50,0.53,9400.0,9420.0,90919.0,852.0,122494.0,,,0.184669,0.94505226,"6,417.93",29.46,0.46,2026-04-22 15:50:46
19,황사/미세먼지,1.03,071840,롯데하이마트,테마 편입 사유,8090.0,상승  20,0.25,8080.0,8090.0,10663.0,85.0,19464.0,,,0.184669,0.94505226,"6,417.93",29.46,0.46,2026-04-22 15:50:46
19,황사/미세먼지,1.03,069140,누리플랜 *,테마 편입 사유,2090.0,보합0,0.0,2090.0,2095.0,96150.0,200.0,103769.0,,,0.184669,0.94505226,"6,417.93",29.46,0.46,2026-04-22 15:50:46
19,황사/미세먼지,1.03,079190,케스피온 *,테마 편입 사유,330.0,보합0,0.0,0.0,0.0,0.0,0.0,0.0,,,0.184669,0.94505226,"6,417.93",29.46,0.46,2026-04-22 15:50:46
19,황사/미세먼지,1.03,001540,안국약품 *,테마 편입 사유,8190.0,보합0,0.0,8190.0,8200.0,14889.0,122.0,38795.0,,,0.184669,0.94505226,"6,417.93",29.46,0.46,2026-04-22 15:50:46
19,황사/미세먼지,1.03,066130,하츠 *,테마 편입 사유,4475.0,하락  15,-0.33,4470.0,4475.0,37039.0,165.0,58900.0,,,0.184669,0.94505226,"6,417.93",29.46,0.46,2026-04-22 15:50:46
19,황사/미세먼지,1.03,352700,씨앤투스 *,테마 편입 사유,2145.0,하락  10,-0.46,2135.0,2145.0,19949.0,43.0,23954.0,,,0.184669,0.94505226,"6,417.93",29.46,0.46,2026-04-22 15:50:46
19,황사/미세먼지,1.03,003850,보령,테마 편입 사유,9820.0,하락  60,-0.61,9820.0,9830.0,214942.0,2104.0,188134.0,,,0.184669,0.94505226,"6,417.93",29.46,0.46,2026-04-22 15:50:46
19,황사/미세먼지,1.03,021240,코웨이,테마 편입 사유,80800.0,하락  600,-0.74,80800.0,80900.0,274247.0,22114.0,645573.0,,,0.184669,0.94505226,"6,417.93",29.46,0.46,2026-04-22 15:50:46
19,황사/미세먼지,1.03,065510,휴비츠 *,테마 편입 사유,7900.0,하락  60,-0.75,7900.0,7910.0,38023.0,299.0,52572.0,,,0.184669,0.94505226,"6,417.93",29.46,0.46,2026-04-22 15:50:46
19,황사/미세먼지,1.03,002720,국제약품,테마 편입 사유,4775.0,하락  40,-0.83,4775.0,4780.0,130589.0,625.0,267591.0,,,0.184669,0.94505226,"6,417.93",29.46,0.46,2026-04-22 15:50:46
19,황사/미세먼지,1.03,044340,위닉스 *,테마 편입 사유,5390.0,하락  60,-1.1,5390.0,5410.0,30203.0,163.0,63288.0,,,0.184669,0.94505226,"6,417.93",29.46,0.46,2026-04-22 15:50:46
19,황사/미세먼지,1.03,080470,성창오토텍 *,테마 편입 사유,4100.0,하락  50,-1.2,4095.0,4100.0,26294.0,107.0,44815.0,,,0.184669,0.94505226,"6,417.93",29.46,0.46,2026-04-22 15:50:46
19,황사/미세먼지,1.03,068100,케이웨더 *,테마 편입 사유,2770.0,하락  45,-1.6,2770.0,2775.0,10249.0,28.0,12285.0,,,0.184669,0.94505226,"6,417.93",29.46,0.46,2026-04-22 15:50:46
19,황사/미세먼지,1.03,001060,JW중외제약,테마 편입 사유,30250.0,하락  700,-2.26,30250.0,30300.0,36312.0,1098.0,52733.0,,,0.184669,0.94505226,"6,417.93",29.46,0.46,2026-04-22 15:50:46
19,황사/미세먼지,1.03,045520,크린앤사이언스 *,테마 편입 사유,3470.0,하락  135,-3.74,3465.0,3470.0,26492.0,93.0,91289.0,,,0.184669,0.94505226,"6,417.93",29.46,0.46,2026-04-22 15:50:46
19,황사/미세먼지,1.03,131030,옵투스제약 *,테마 편입 사유,9850.0,하락  510,-4.92,9850.0,9870.0,493617.0,4796.0,255140.0,,,0.184669,0.94505226,"6,417.93",29.46,0.46,2026-04-22 15:50:46
537,초전도체,1.15,052710,아모텍 *,테마 편입 사유,27950.0,"상승  2,750",10.91,27900.0,27950.0,1264379.0,35113.0,599944.0,,,0.567394,0.88899876,"6,417.93",29.46,0.46,2026-04-22 15:50:46
537,초전도체,1.15,217820,원익피앤이 *,테마 편입 사유,3990.0,상승  340,9.32,3985.0,3990.0,1253570.0,4755.0,831942.0,,,0.567394,0.88899876,"6,417.93",29.46,0.46,2026-04-22 15:50:46
537,초전도체,1.15,010120,LS ELECTRIC,테마 편입 사유,194200.0,"상승  9,500",5.14,194100.0,194200.0,1498773.0,288495.0,790569.0,,,0.567394,0.88899876,"6,417.93",29.46,0.46,2026-04-22 15:50:46
537,초전도체,1.15,045100,한양이엔지 *,테마 편입 사유,33750.0,"상승  1,600",4.98,33750.0,33800.0,196600.0,6390.0,127938.0,,,0.567394,0.88899876,"6,417.93",29.46,0.46,2026-04-22 15:50:46
537,초전도체,1.15,294630,서남 *,테마 편입 사유,4575.0,상승  65,1.44,4570.0,4575.0,1153808.0,5234.0,2316306.0,,,0.567394,0.88899876,"6,417.93",29.46,0.46,2026-04-22 15:50:46
537,초전도체,1.15,065350,신성델타테크 *,테마 편입 사유,60500.0,상승  500,0.83,60400.0,60500.0,90232.0,5437.0,167499.0,,,0.567394,0.88899876,"6,417.93",29.46,0.46,2026-04-22 15:50:46
537,초전도체,1.15,023800,인지컨트롤스,테마 편입 사유,7760.0,하락  20,-0.26,7750.0,7760.0,41969.0,323.0,94530.0,,,0.567394,0.88899876,"6,417.93",29.46,0.46,2026-04-22 15:50:46
537,초전도체,1.15,065130,탑엔지니어링 *,테마 편입 사유,3370.0,하락  15,-0.44,3370.0,3375.0,41072.0,137.0,29867.0,,,0.567394,0.88899876,"6,417.93",29.46,0.46,2026-04-22 15:50:46
537,초전도체,1.15,002240,고려제강,테마 편입 사유,23950.0,하락  150,-0.62,23900.0,23950.0,35909.0,851.0,67529.0,,,0.567394,0.88899876,"6,417.93",29.46,0.46,2026-04-22 15:50:46
537,초전도체,1.15,004830,덕성,테마 편입 사유,4940.0,하락  35,-0.7,4940.0,4945.0,222770.0,1095.0,155748.0,,,0.567394,0.88899876,"6,417.93",29.46,0.46,2026-04-22 15:50:46
537,초전도체,1.15,037330,인지디스플레 *,테마 편입 사유,1530.0,하락  15,-0.97,1527.0,1530.0,46878.0,71.0,54903.0,,,0.567394,0.88899876,"6,417.93",29.46,0.46,2026-04-22 15:50:46
537,초전도체,1.15,047310,파워로직스 *,테마 편입 사유,5460.0,하락  60,-1.09,5460.0,5470.0,210258.0,1140.0,289529.0,,,0.567394,0.88899876,"6,417.93",29.46,0.46,2026-04-22 15:50:46
537,초전도체,1.15,250060,모비스 *,테마 편입 사유,4900.0,하락  150,-2.97,4900.0,4910.0,977296.0,4787.0,3129011.0,,,0.567394,0.88899876,"6,417.93",29.46,0.46,2026-04-22 15:50:46
537,초전도체,1.15,012170,아센디오,테마 편입 사유,1390.0,하락  55,-3.81,1390.0,1394.0,40275.0,56.0,33546.0,,,0.567394,0.88899876,"6,417.93",29.46,0.46,2026-04-22 15:50:46
537,초전도체,1.15,042370,비츠로테크 *,테마 편입 사유,16800.0,하락  800,-4.55,16800.0,16810.0,1117287.0,18793.0,1347168.0,,,0.567394,0.88899876,"6,417.93",29.46,0.46,2026-04-22 15:50:46
482,두나무(Dunamu),1.13,011930,신성이엔지,테마 편입 사유,4130.0,상승  195,4.96,4125.0,4130.0,67848957.0,284083.0,45381738.0,,,0.593077,0.85718458,"6,417.93",29.46,0.46,2026-04-22 15:50:46
482,두나무(Dunamu),1.13,241520,DSC인베스트먼트 *,테마 편입 사유,15380.0,상승  700,4.77,15380.0,15390.0,1661933.0,25288.0,583242.0,,,0.593077,0.85718458,"6,417.93",29.46,0.46,2026-04-22 15:50:46
482,두나무(Dunamu),1.13,246690,TS인베스트먼트 *,테마 편입 사유,1693.0,상승  36,2.17,1688.0,1693.0,438435.0,737.0,383514.0,,,0.593077,0.85718458,"6,417.93",29.46,0.46,2026-04-22 15:50:46
482,두나무(Dunamu),1.13,041190,우리기술투자 *,테마 편입 사유,6850.0,상승  90,1.33,6840.0,6850.0,756777.0,5099.0,608257.0,,,0.593077,0.85718458,"6,417.93",29.46,0.46,2026-04-22 15:50:46
482,두나무(Dunamu),1.13,021080,에이티넘인베스트 *,테마 편입 사유,3460.0,상승  45,1.32,3455.0,3460.0,507899.0,1767.0,255707.0,,,0.593077,0.85718458,"6,417.93",29.46,0.46,2026-04-22 15:50:46
482,두나무(Dunamu),1.13,120110,코오롱인더,테마 편입 사유,88400.0,상승  700,0.8,88400.0,88500.0,385130.0,33658.0,533322.0,,,0.593077,0.85718458,"6,417.93",29.46,0.46,2026-04-22 15:50:46
482,두나무(Dunamu),1.13,027830,대성창투 *,테마 편입 사유,1630.0,상승  6,0.37,1630.0,1631.0,181720.0,295.0,285367.0,,,0.593077,0.85718458,"6,417.93",29.46,0.46,2026-04-22 15:50:46
482,두나무(Dunamu),1.13,095660,네오위즈 *,테마 편입 사유,23600.0,하락  50,-0.21,23600.0,23700.0,45759.0,1078.0,37169.0,,,0.593077,0.85718458,"6,417.93",29.46,0.46,2026-04-22 15:50:46
482,두나무(Dunamu),1.13,003530,한화투자증권,테마 편입 사유,7740.0,하락  20,-0.26,7730.0,7740.0,2131752.0,16326.0,2664436.0,,,0.593077,0.85718458,"6,417.93",29.46,0.46,2026-04-22 15:50:46
482,두나무(Dunamu),1.13,035720,카카오,테마 편입 사유,48450.0,하락  500,-1.02,48450.0,48500.0,1131917.0,54735.0,1316511.0,,,0.593077,0.85718458,"6,417.93",29.46,0.46,2026-04-22 15:50:46
482,두나무(Dunamu),1.13,002020,코오롱,테마 편입 사유,58800.0,"하락  1,100",-1.84,58800.0,58900.0,34585.0,2028.0,82681.0,,,0.593077,0.85718458,"6,417.93",29.46,0.46,2026-04-22 15:50:46
324,일자리(취업),1.0,241520,DSC인베스트먼트 *,테마 편입 사유,15380.0,상승  700,4.77,15380.0,15390.0,1661933.0,25288.0,583242.0,,,0.33736,0.8448144,"6,417.93",29.46,0.46,2026-04-22 15:50:46
324,일자리(취업),1.0,246690,TS인베스트먼트 *,테마 편입 사유,1693.0,상승  36,2.17,1688.0,1693.0,438435.0,737.0,383514.0,,,0.33736,0.8448144,"6,417.93",29.46,0.46,2026-04-22 15:50:46
324,일자리(취업),1.0,440320,오픈놀 *,테마 편입 사유,3690.0,상승  65,1.79,3690.0,3695.0,419600.0,1543.0,7558719.0,,,0.33736,0.8448144,"6,417.93",29.46,0.46,2026-04-22 15:50:46
324,일자리(취업),1.0,373160,데이원컴퍼니 *,테마 편입 사유,4965.0,상승  75,1.53,4965.0,4990.0,14502.0,72.0,24635.0,,,0.33736,0.8448144,"6,417.93",29.46,0.46,2026-04-22 15:50:46
324,일자리(취업),1.0,027830,대성창투 *,테마 편입 사유,1630.0,상승  6,0.37,1630.0,1631.0,181720.0,295.0,285367.0,,,0.33736,0.8448144,"6,417.93",29.46,0.46,2026-04-22 15:50:46
324,일자리(취업),1.0,376980,원티드랩 *,테마 편입 사유,3860.0,상승  5,0.13,3855.0,3860.0,61035.0,234.0,366242.0,,,0.33736,0.8448144,"6,417.93",29.46,0.46,2026-04-22 15:50:46
324,일자리(취업),1.0,143240,사람인 *,테마 편입 사유,17020.0,하락  30,-0.18,16850.0,17020.0,15500.0,262.0,17598.0,,,0.33736,0.8448144,"6,417.93",29.46,0.46,2026-04-22 15:50:46
324,일자리(취업),1.0,133750,메가엠디 *,테마 편입 사유,1864.0,하락  6,-0.32,1863.0,1864.0,12153.0,23.0,45227.0,,,0.33736,0.8448144,"6,417.93",29.46,0.46,2026-04-22 15:50:46
324,일자리(취업),1.0,339950,아이비김영 *,테마 편입 사유,2755.0,하락  35,-1.25,2755.0,2770.0,135168.0,376.0,224238.0,,,0.33736,0.8448144,"6,417.93",29.46,0.46,2026-04-22 15:50:46
492,NFT(대체불가토큰),1.09,163730,핑거 *,테마 편입 사유,18070.0,"상한가  4,170",30.0,18070.0,0.0,4246531.0,71498.0,821898.0,,,0.546574,0.83857596,"6,417.93",29.46,0.46,2026-04-22 15:50:46
492,NFT(대체불가토큰),1.09,063080,컴투스홀딩스 *,테마 편입 사유,19720.0,상승  320,1.65,19700.0,19720.0,28246.0,554.0,53804.0,,,0.546574,0.83857596,"6,417.93",29.46,0.46,2026-04-22 15:50:46
492,NFT(대체불가토큰),1.09,063170,서울옥션 *,테마 편입 사유,7250.0,상승  90,1.26,7210.0,7250.0,74678.0,541.0,77119.0,,,0.546574,0.83857596,"6,417.93",29.46,0.46,2026-04-22 15:50:46
492,NFT(대체불가토큰),1.09,011420,갤럭시아에스엠,테마 편입 사유,1873.0,상승  9,0.48,1863.0,1873.0,66764.0,124.0,94735.0,,,0.546574,0.83857596,"6,417.93",29.46,0.46,2026-04-22 15:50:46
492,NFT(대체불가토큰),1.09,307930,컴퍼니케이 *,테마 편입 사유,9200.0,상승  30,0.33,9190.0,9200.0,138714.0,1276.0,470301.0,,,0.546574,0.83857596,"6,417.93",29.46,0.46,2026-04-22 15:50:46
492,NFT(대체불가토큰),1.09,293490,카카오게임즈 *,테마 편입 사유,12520.0,상승  10,0.08,12520.0,12540.0,189625.0,2365.0,139134.0,,,0.546574,0.83857596,"6,417.93",29.46,0.46,2026-04-22 15:50:46
492,NFT(대체불가토큰),1.09,044480,빌리언스 *,테마 편입 사유,445.0,보합0,0.0,0.0,0.0,0.0,0.0,0.0,,,0.546574,0.83857596,"6,417.93",29.46,0.46,2026-04-22 15:50:46
492,NFT(대체불가토큰),1.09,094480,갤럭시아머니트리 *,테마 편입 사유,8900.0,보합0,0.0,8890.0,8900.0,229611.0,2023.0,250472.0,,,0.546574,0.83857596,"6,417.93",29.46,0.46,2026-04-22 15:50:46
492,NFT(대체불가토큰),1.09,035420,NAVER,테마 편입 사유,214000.0,보합0,0.0,214000.0,214500.0,364647.0,77973.0,545889.0,,,0.546574,0.83857596,"6,417.93",29.46,0.46,2026-04-22 15:50:46
492,NFT(대체불가토큰),1.09,241840,에이스토리 *,테마 편입 사유,5440.0,보합0,0.0,5430.0,5440.0,20021.0,108.0,20432.0,,,0.546574,0.83857596,"6,417.93",29.46,0.46,2026-04-22 15:50:46
492,NFT(대체불가토큰),1.09,058630,엠게임 *,테마 편입 사유,5240.0,하락  20,-0.38,5240.0,5270.0,32147.0,169.0,43396.0,,,0.546574,0.83857596,"6,417.93",29.46,0.46,2026-04-22 15:50:46
492,NFT(대체불가토큰),1.09,005930,삼성전자,테마 편입 사유,217500.0,"하락  1,500",-0.68,217500.0,218000.0,16732708.0,3648624.0,16752132.0,,,0.546574,0.83857596,"6,417.93",29.46,0.46,2026-04-22 15:50:46
492,NFT(대체불가토큰),1.09,041020,폴라리스오피스 *,테마 편입 사유,4940.0,하락  45,-0.9,4935.0,4940.0,1096432.0,5460.0,1896104.0,,,0.546574,0.83857596,"6,417.93",29.46,0.46,2026-04-22 15:50:46
492,NFT(대체불가토큰),1.09,214270,FSN *,테마 편입 사유,2055.0,하락  20,-0.96,2050.0,2055.0,295733.0,606.0,348316.0,,,0.546574,0.83857596,"6,417.93",29.46,0.46,2026-04-22 15:50:46
492,NFT(대체불가토큰),1.09,035720,카카오,테마 편입 사유,48450.0,하락  500,-1.02,48450.0,48500.0,1131917.0,54735.0,1316511.0,,,0.546574,0.83857596,"6,417.93",29.46,0.46,2026-04-22 15:50:46
492,NFT(대체불가토큰),1.09,112040,위메이드 *,테마 편입 사유,23800.0,하락  300,-1.24,23800.0,23850.0,172289.0,4111.0,438082.0,,,0.546574,0.83857596,"6,417.93",29.46,0.46,2026-04-22 15:50:46
492,NFT(대체불가토큰),1.09,047820,초록뱀미디어 *,테마 편입 사유,5250.0,하락  80,-1.5,5250.0,5260.0,212868.0,1141.0,466382.0,,,0.546574,0.83857596,"6,417.93",29.46,0.46,2026-04-22 15:50:46
492,NFT(대체불가토큰),1.09,201490,미투온 *,테마 편입 사유,3340.0,하락  60,-1.76,3340.0,3345.0,395294.0,1315.0,491756.0,,,0.546574,0.83857596,"6,417.93",29.46,0.46,2026-04-22 15:50:46
492,NFT(대체불가토큰),1.09,064260,다날 *,테마 편입 사유,7740.0,하락  140,-1.78,7740.0,7750.0,2231567.0,17076.0,2213166.0,,,0.546574,0.83857596,"6,417.93",29.46,0.46,2026-04-22 15:50:46
492,NFT(대체불가토큰),1.09,158430,아톤 *,테마 편입 사유,9180.0,하락  170,-1.82,9180.0,9190.0,1328112.0,11831.0,1978982.0,,,0.546574,0.83857596,"6,417.93",29.46,0.46,2026-04-22 15:50:46
152,온실가스(탄소배출권)/탄소 포집·활용·저장(CCUS),1.06,005090,SGC에너지,테마 편입 사유,63500.0,"상승  10,700",20.27,63500.0,63600.0,604074.0,37028.0,138055.0,,,0.487755,0.8356327,"6,417.93",29.46,0.46,2026-04-22 15:50:46
152,온실가스(탄소배출권)/탄소 포집·활용·저장(CCUS),1.06,093370,후성,테마 편입 사유,14100.0,상승  400,2.92,14090.0,14100.0,3362458.0,46466.0,3323484.0,,,0.487755,0.8356327,"6,417.93",29.46,0.46,2026-04-22 15:50:46
152,온실가스(탄소배출권)/탄소 포집·활용·저장(CCUS),1.06,004140,동방,테마 편입 사유,2940.0,상승  65,2.26,2940.0,2945.0,1031956.0,3007.0,839195.0,,,0.487755,0.8356327,"6,417.93",29.46,0.46,2026-04-22 15:50:46
152,온실가스(탄소배출권)/탄소 포집·활용·저장(CCUS),1.06,038870,에코심플렉스 *,테마 편입 사유,3125.0,상승  55,1.79,3125.0,3145.0,247465.0,778.0,83824.0,,,0.487755,0.8356327,"6,417.93",29.46,0.46,2026-04-22 15:50:46
152,온실가스(탄소배출권)/탄소 포집·활용·저장(CCUS),1.06,383310,에코프로에이치엔 *,테마 편입 사유,34000.0,상승  450,1.34,33950.0,34000.0,372751.0,12528.0,615444.0,,,0.487755,0.8356327,"6,417.93",29.46,0.46,2026-04-22 15:50:46
152,온실가스(탄소배출권)/탄소 포집·활용·저장(CCUS),1.06,083420,그린케미칼,테마 편입 사유,6150.0,상승  60,0.99,6120.0,6150.0,73476.0,448.0,72092.0,,,0.487755,0.8356327,"6,417.93",29.46,0.46,2026-04-22 15:50:46
152,온실가스(탄소배출권)/탄소 포집·활용·저장(CCUS),1.06,014830,유니드,테마 편입 사유,85900.0,상승  400,0.47,85900.0,86000.0,30199.0,2587.0,32189.0,,,0.487755,0.8356327,"6,417.93",29.46,0.46,2026-04-22 15:50:46
152,온실가스(탄소배출권)/탄소 포집·활용·저장(CCUS),1.06,086520,에코프로 *,테마 편입 사유,164300.0,상승  600,0.37,164200.0,164300.0,1874515.0,303890.0,2443999.0,,,0.487755,0.8356327,"6,417.93",29.46,0.46,2026-04-22 15:50:46
152,온실가스(탄소배출권)/탄소 포집·활용·저장(CCUS),1.06,033530,SJG세종,테마 편입 사유,7970.0,상승  20,0.25,7960.0,7970.0,107640.0,852.0,130523.0,,,0.487755,0.8356327,"6,417.93",29.46,0.46,2026-04-22 15:50:46
152,온실가스(탄소배출권)/탄소 포집·활용·저장(CCUS),1.06,025750,한솔홈데코,테마 편입 사유,539.0,보합0,0.0,0.0,0.0,0.0,0.0,0.0,,,0.487755,0.8356327,"6,417.93",29.46,0.46,2026-04-22 15:50:46
152,온실가스(탄소배출권)/탄소 포집·활용·저장(CCUS),1.06,069260,TKG휴켐스,테마 편입 사유,17950.0,보합0,0.0,17950.0,17960.0,102513.0,1833.0,86452.0,,,0.487755,0.8356327,"6,417.93",29.46,0.46,2026-04-22 15:50:46
152,온실가스(탄소배출권)/탄소 포집·활용·저장(CCUS),1.06,220260,켐트로스 *,테마 편입 사유,6250.0,하락  10,-0.16,6250.0,6260.0,584640.0,3666.0,757401.0,,,0.487755,0.8356327,"6,417.93",29.46,0.46,2026-04-22 15:50:46
152,온실가스(탄소배출권)/탄소 포집·활용·저장(CCUS),1.06,036170,에이치엠넥스 *,테마 편입 사유,7850.0,하락  30,-0.38,7850.0,7860.0,1517168.0,11775.0,3939658.0,,,0.487755,0.8356327,"6,417.93",29.46,0.46,2026-04-22 15:50:46
152,온실가스(탄소배출권)/탄소 포집·활용·저장(CCUS),1.06,008250,이건산업,테마 편입 사유,4155.0,하락  35,-0.84,4155.0,4160.0,32111.0,133.0,27795.0,,,0.487755,0.8356327,"6,417.93",29.46,0.46,2026-04-22 15:50:46
152,온실가스(탄소배출권)/탄소 포집·활용·저장(CCUS),1.06,448280,에코아이 *,테마 편입 사유,10640.0,하락  180,-1.66,10620.0,10640.0,37845.0,402.0,90630.0,,,0.487755,0.8356327,"6,417.93",29.46,0.46,2026-04-22 15:50:46
152,온실가스(탄소배출권)/탄소 포집·활용·저장(CCUS),1.06,163280,에어레인 *,테마 편입 사유,6450.0,하락  240,-3.59,6450.0,6460.0,208839.0,1342.0,697700.0,,,0.487755,0.8356327,"6,417.93",29.46,0.46,2026-04-22 15:50:46
152,온실가스(탄소배출권)/탄소 포집·활용·저장(CCUS),1.06,059090,미코 *,테마 편입 사유,21100.0,"하락  1,350",-6.01,21050.0,21100.0,957646.0,20144.0,994229.0,,,0.487755,0.8356327,"6,417.93",29.46,0.46,2026-04-22 15:50:46
400,조림사업,0.92,137950,제이씨케미칼 *,테마 편입 사유,4870.0,상승  495,11.31,4865.0,4870.0,9612103.0,46937.0,396889.0,,,0.186854,0.83404716,"6,417.93",29.46,0.46,2026-04-22 15:50:46
400,조림사업,0.92,002820,SUN&L,테마 편입 사유,2495.0,상승  65,2.67,2490.0,2495.0,46389.0,113.0,77585.0,,,0.186854,0.83404716,"6,417.93",29.46,0.46,2026-04-22 15:50:46
400,조림사업,0.92,043910,자연과환경 *,테마 편입 사유,501.0,상승  12,2.45,500.0,501.0,869923.0,425.0,295267.0,,,0.186854,0.83404716,"6,417.93",29.46,0.46,2026-04-22 15:50:46
400,조림사업,0.92,039020,이건홀딩스 *,테마 편입 사유,3560.0,상승  50,1.42,3535.0,3560.0,97384.0,344.0,120700.0,,,0.186854,0.83404716,"6,417.93",29.46,0.46,2026-04-22 15:50:46
400,조림사업,0.92,097870,효성오앤비 *,테마 편입 사유,6460.0,상승  90,1.41,6450.0,6460.0,90251.0,582.0,171430.0,,,0.186854,0.83404716,"6,417.93",29.46,0.46,2026-04-22 15:50:46
400,조림사업,0.92,000180,성창기업지주,테마 편입 사유,1440.0,보합0,0.0,0.0,0.0,0.0,0.0,0.0,,,0.186854,0.83404716,"6,417.93",29.46,0.46,2026-04-22 15:50:46
400,조림사업,0.92,025750,한솔홈데코,테마 편입 사유,539.0,보합0,0.0,0.0,0.0,0.0,0.0,0.0,,,0.186854,0.83404716,"6,417.93",29.46,0.46,2026-04-22 15:50:46
400,조림사업,0.92,008250,이건산업,테마 편입 사유,4155.0,하락  35,-0.84,4155.0,4160.0,32111.0,133.0,27795.0,,,0.186854,0.83404716,"6,417.93",29.46,0.46,2026-04-22 15:50:46
400,조림사업,0.92,025950,동신건설 *,테마 편입 사유,17200.0,하락  150,-0.86,17160.0,17200.0,53599.0,915.0,239682.0,,,0.186854,0.83404716,"6,417.93",29.46,0.46,2026-04-22 15:50:46
400,조림사업,0.92,034730,SK,테마 편입 사유,381500.0,"하락  5,000",-1.29,381500.0,382000.0,116647.0,44174.0,138852.0,,,0.186854,0.83404716,"6,417.93",29.46,0.46,2026-04-22 15:50:46
400,조림사업,0.92,009580,무림P&P,테마 편입 사유,3520.0,하락  230,-6.13,3515.0,3520.0,3523430.0,12351.0,20511947.0,,,0.186854,0.83404716,"6,417.93",29.46,0.46,2026-04-22 15:50:46
531,STO(토큰증권 발행),1.09,163730,핑거 *,테마 편입 사유,18070.0,"상한가  4,170",30.0,18070.0,0.0,4246531.0,71498.0,821898.0,,,0.620891,0.8043901400000001,"6,417.93",29.46,0.46,2026-04-22 15:50:46
531,STO(토큰증권 발행),1.09,088340,유라클 *,테마 편입 사유,14900.0,"상승  1,800",13.74,14890.0,14900.0,3456246.0,51988.0,2637255.0,,,0.620891,0.8043901400000001,"6,417.93",29.46,0.46,2026-04-22 15:50:46
531,STO(토큰증권 발행),1.09,124500,아이티센글로벌 *,테마 편입 사유,47600.0,상승  900,1.93,47600.0,47650.0,256145.0,12209.0,460045.0,,,0.620891,0.8043901400000001,"6,417.93",29.46,0.46,2026-04-22 15:50:46
531,STO(토큰증권 발행),1.09,041190,우리기술투자 *,테마 편입 사유,6850.0,상승  90,1.33,6840.0,6850.0,756777.0,5099.0,608257.0,,,0.620891,0.8043901400000001,"6,417.93",29.46,0.46,2026-04-22 15:50:46
531,STO(토큰증권 발행),1.09,063170,서울옥션 *,테마 편입 사유,7250.0,상승  90,1.26,7210.0,7250.0,74678.0,541.0,77119.0,,,0.620891,0.8043901400000001,"6,417.93",29.46,0.46,2026-04-22 15:50:46
531,STO(토큰증권 발행),1.09,030610,교보증권,테마 편입 사유,13780.0,상승  110,0.8,13770.0,13780.0,116867.0,1596.0,122894.0,,,0.620891,0.8043901400000001,"6,417.93",29.46,0.46,2026-04-22 15:50:46
531,STO(토큰증권 발행),1.09,011420,갤럭시아에스엠,테마 편입 사유,1873.0,상승  9,0.48,1863.0,1873.0,66764.0,124.0,94735.0,,,0.620891,0.8043901400000001,"6,417.93",29.46,0.46,2026-04-22 15:50:46
531,STO(토큰증권 발행),1.09,001200,유진투자증권,테마 편입 사유,5080.0,상승  20,0.4,5070.0,5080.0,651896.0,3272.0,461420.0,,,0.620891,0.8043901400000001,"6,417.93",29.46,0.46,2026-04-22 15:50:46
531,STO(토큰증권 발행),1.09,001510,SK증권,테마 편입 사유,1863.0,보합0,0.0,0.0,0.0,0.0,0.0,0.0,,,0.620891,0.8043901400000001,"6,417.93",29.46,0.46,2026-04-22 15:50:46
531,STO(토큰증권 발행),1.09,094480,갤럭시아머니트리 *,테마 편입 사유,8900.0,보합0,0.0,8890.0,8900.0,229611.0,2023.0,250472.0,,,0.620891,0.8043901400000001,"6,417.93",29.46,0.46,2026-04-22 15:50:46
531,STO(토큰증권 발행),1.09,102370,케이옥션 *,테마 편입 사유,3330.0,하락  5,-0.15,3330.0,3335.0,97012.0,322.0,102301.0,,,0.620891,0.8043901400000001,"6,417.93",29.46,0.46,2026-04-22 15:50:46
531,STO(토큰증권 발행),1.09,199480,뱅크웨어글로벌 *,테마 편입 사유,5160.0,하락  10,-0.19,5150.0,5160.0,37451.0,191.0,28667.0,,,0.620891,0.8043901400000001,"6,417.93",29.46,0.46,2026-04-22 15:50:46
531,STO(토큰증권 발행),1.09,003530,한화투자증권,테마 편입 사유,7740.0,하락  20,-0.26,7730.0,7740.0,2131752.0,16326.0,2664436.0,,,0.620891,0.8043901400000001,"6,417.93",29.46,0.46,2026-04-22 15:50:46
531,STO(토큰증권 발행),1.09,005940,NH투자증권,테마 편입 사유,35600.0,하락  350,-0.97,35600.0,35650.0,742735.0,26298.0,630615.0,,,0.620891,0.8043901400000001,"6,417.93",29.46,0.46,2026-04-22 15:50:46
531,STO(토큰증권 발행),1.09,372800,아이티아이즈 *,테마 편입 사유,4140.0,하락  45,-1.08,4140.0,4160.0,6608.0,27.0,34579.0,,,0.620891,0.8043901400000001,"6,417.93",29.46,0.46,2026-04-22 15:50:46
531,STO(토큰증권 발행),1.09,190650,코리아에셋투자증권 *,테마 편입 사유,8700.0,하락  100,-1.14,8700.0,8730.0,13921.0,121.0,11814.0,,,0.620891,0.8043901400000001,"6,417.93",29.46,0.46,2026-04-22 15:50:46
531,STO(토큰증권 발행),1.09,055550,신한지주,테마 편입 사유,98600.0,"하락  1,200",-1.2,98500.0,98600.0,1071124.0,105439.0,574865.0,,,0.620891,0.8043901400000001,"6,417.93",29.46,0.46,2026-04-22 15:50:46
531,STO(토큰증권 발행),1.09,071050,한국금융지주,테마 편입 사유,258000.0,"하락  4,000",-1.53,257500.0,258000.0,318279.0,80812.0,199774.0,,,0.620891,0.8043901400000001,"6,417.93",29.46,0.46,2026-04-22 15:50:46
531,STO(토큰증권 발행),1.09,053300,한국정보인증 *,테마 편입 사유,6650.0,하락  110,-1.63,6640.0,6650.0,442360.0,2917.0,609795.0,,,0.620891,0.8043901400000001,"6,417.93",29.46,0.46,2026-04-22 15:50:46
531,STO(토큰증권 발행),1.09,039490,키움증권,테마 편입 사유,444000.0,"하락  7,500",-1.66,444000.0,444500.0,128383.0,56821.0,156523.0,,,0.620891,0.8043901400000001,"6,417.93",29.46,0.46,2026-04-22 15:50:46
531,STO(토큰증권 발행),1.09,064260,다날 *,테마 편입 사유,7740.0,하락  140,-1.78,7740.0,7750.0,2231567.0,17076.0,2213166.0,,,0.620891,0.8043901400000001,"6,417.93",29.46,0.46,2026-04-22 15:50:46
531,STO(토큰증권 발행),1.09,158430,아톤 *,테마 편입 사유,9180.0,하락  170,-1.82,9180.0,9190.0,1328112.0,11831.0,1978982.0,,,0.620891,0.8043901400000001,"6,417.93",29.46,0.46,2026-04-22 15:50:46
531,STO(토큰증권 발행),1.09,105560,KB금융,테마 편입 사유,157400.0,"하락  3,000",-1.87,157300.0,157400.0,1086397.0,170275.0,594032.0,,,0.620891,0.8043901400000001,"6,417.93",29.46,0.46,2026-04-22 15:50:46
531,STO(토큰증권 발행),1.09,086790,하나금융지주,테마 편입 사유,119500.0,"하락  3,500",-2.85,119500.0,119600.0,711508.0,85001.0,542994.0,,,0.620891,0.8043901400000001,"6,417.93",29.46,0.46,2026-04-22 15:50:46
531,STO(토큰증권 발행),1.09,234340,헥토파이낸셜 *,테마 편입 사유,30350.0,"하락  1,450",-4.56,30350.0,30400.0,902257.0,27156.0,660420.0,,,0.620891,0.8043901400000001,"6,417.93",29.46,0.46,2026-04-22 15:50:46
317,SNS(소셜네트워크서비스),0.92,065440,이루온 *,테마 편입 사유,3845.0,상승  325,9.23,3840.0,3845.0,4023806.0,15131.0,1906593.0,,,0.363899,0.75260646,"6,417.93",29.46,0.46,2026-04-22 15:50:46
317,SNS(소셜네트워크서비스),0.92,039290,인포뱅크 *,테마 편입 사유,5080.0,상승  90,1.8,5070.0,5080.0,25359.0,127.0,22880.0,,,0.363899,0.75260646,"6,417.93",29.46,0.46,2026-04-22 15:50:46
317,SNS(소셜네트워크서비스),0.92,067160,SOOP *,테마 편입 사유,60400.0,상승  300,0.5,60400.0,60600.0,33274.0,2011.0,27680.0,,,0.363899,0.75260646,"6,417.93",29.46,0.46,2026-04-22 15:50:46
317,SNS(소셜네트워크서비스),0.92,064800,포니링크 *,테마 편입 사유,669.0,상승  3,0.45,668.0,669.0,415828.0,277.0,645829.0,,,0.363899,0.75260646,"6,417.93",29.46,0.46,2026-04-22 15:50:46
317,SNS(소셜네트워크서비스),0.92,072130,유엔젤,테마 편입 사유,5720.0,상승  20,0.35,5710.0,5720.0,138217.0,783.0,130001.0,,,0.363899,0.75260646,"6,417.93",29.46,0.46,2026-04-22 15:50:46
317,SNS(소셜네트워크서비스),0.92,035420,NAVER,테마 편입 사유,214000.0,보합0,0.0,214000.0,214500.0,364647.0,77973.0,545889.0,,,0.363899,0.75260646,"6,417.93",29.46,0.46,2026-04-22 15:50:46
317,SNS(소셜네트워크서비스),0.92,094480,갤럭시아머니트리 *,테마 편입 사유,8900.0,보합0,0.0,8890.0,8900.0,229611.0,2023.0,250472.0,,,0.363899,0.75260646,"6,417.93",29.46,0.46,2026-04-22 15:50:46
317,SNS(소셜네트워크서비스),0.92,079940,가비아 *,테마 편입 사유,30350.0,하락  50,-0.16,30350.0,30400.0,14665.0,443.0,51389.0,,,0.363899,0.75260646,"6,417.93",29.46,0.46,2026-04-22 15:50:46
317,SNS(소셜네트워크서비스),0.92,035720,카카오,테마 편입 사유,48450.0,하락  500,-1.02,48450.0,48500.0,1131917.0,54735.0,1316511.0,,,0.363899,0.75260646,"6,417.93",29.46,0.46,2026-04-22 15:50:46
317,SNS(소셜네트워크서비스),0.92,104200,NHN벅스 *,테마 편입 사유,3965.0,하락  80,-1.98,3965.0,3970.0,78828.0,308.0,102036.0,,,0.363899,0.75260646,"6,417.93",29.46,0.46,2026-04-22 15:50:46
123,전력설비,1.1,000500,가온전선,테마 편입 사유,180000.0,"상승  24,600",15.83,179900.0,180000.0,201047.0,35960.0,64603.0,,,0.770416,0.7456086400000002,"6,417.93",29.46,0.46,2026-04-22 15:50:46
123,전력설비,1.1,006260,LS,테마 편입 사유,355000.0,"상승  17,500",5.19,354500.0,355000.0,171301.0,59719.0,134018.0,,,0.770416,0.7456086400000002,"6,417.93",29.46,0.46,2026-04-22 15:50:46
123,전력설비,1.1,010120,LS ELECTRIC,테마 편입 사유,194200.0,"상승  9,500",5.14,194100.0,194200.0,1498773.0,288495.0,790569.0,,,0.770416,0.7456086400000002,"6,417.93",29.46,0.46,2026-04-22 15:50:46
123,전력설비,1.1,199820,제일일렉트릭 *,테마 편입 사유,11390.0,상승  400,3.64,11390.0,11400.0,2779466.0,32306.0,273722.0,,,0.770416,0.7456086400000002,"6,417.93",29.46,0.46,2026-04-22 15:50:46
123,전력설비,1.1,125020,티씨머티리얼즈 *,테마 편입 사유,5980.0,상승  200,3.46,5980.0,6000.0,1868783.0,11091.0,971472.0,,,0.770416,0.7456086400000002,"6,417.93",29.46,0.46,2026-04-22 15:50:46
123,전력설비,1.1,267260,HD현대일렉트릭,테마 편입 사유,1090000.0,"상승  32,000",3.02,1090000.0,1091000.0,145221.0,154368.0,197856.0,,,0.770416,0.7456086400000002,"6,417.93",29.46,0.46,2026-04-22 15:50:46
123,전력설비,1.1,298040,효성중공업,테마 편입 사유,3084000.0,"상승  82,000",2.73,3084000.0,3085000.0,36712.0,111748.0,35605.0,,,0.770416,0.7456086400000002,"6,417.93",29.46,0.46,2026-04-22 15:50:46
123,전력설비,1.1,229640,LS에코에너지,테마 편입 사유,60000.0,"상승  1,500",2.56,60000.0,60100.0,418643.0,25043.0,284463.0,,,0.770416,0.7456086400000002,"6,417.93",29.46,0.46,2026-04-22 15:50:46
123,전력설비,1.1,062040,산일전기,테마 편입 사유,208500.0,"상승  3,500",1.71,208000.0,208500.0,295209.0,60852.0,361755.0,,,0.770416,0.7456086400000002,"6,417.93",29.46,0.46,2026-04-22 15:50:46
123,전력설비,1.1,017510,세명전기 *,테마 편입 사유,10520.0,상승  150,1.45,10520.0,10530.0,619857.0,6499.0,345137.0,,,0.770416,0.7456086400000002,"6,417.93",29.46,0.46,2026-04-22 15:50:46
123,전력설비,1.1,294630,서남 *,테마 편입 사유,4575.0,상승  65,1.44,4570.0,4575.0,1153808.0,5234.0,2316306.0,,,0.770416,0.7456086400000002,"6,417.93",29.46,0.46,2026-04-22 15:50:46
123,전력설비,1.1,103590,일진전기,테마 편입 사유,87500.0,"상승  1,100",1.27,87400.0,87500.0,254204.0,21931.0,284076.0,,,0.770416,0.7456086400000002,"6,417.93",29.46,0.46,2026-04-22 15:50:46
123,전력설비,1.1,051600,한전KPS,테마 편입 사유,60700.0,상승  500,0.83,60600.0,60700.0,138221.0,8307.0,122273.0,,,0.770416,0.7456086400000002,"6,417.93",29.46,0.46,2026-04-22 15:50:46
123,전력설비,1.1,036190,금화피에스시 *,테마 편입 사유,38750.0,상승  300,0.78,38750.0,38800.0,13240.0,503.0,8911.0,,,0.770416,0.7456086400000002,"6,417.93",29.46,0.46,2026-04-22 15:50:46
123,전력설비,1.1,015760,한국전력,테마 편입 사유,46350.0,상승  350,0.76,46350.0,46400.0,3000227.0,137664.0,1664024.0,,,0.770416,0.7456086400000002,"6,417.93",29.46,0.46,2026-04-22 15:50:46
123,전력설비,1.1,006340,대원전선,테마 편입 사유,6440.0,상승  40,0.63,6440.0,6450.0,4255314.0,27047.0,5045146.0,,,0.770416,0.7456086400000002,"6,417.93",29.46,0.46,2026-04-22 15:50:46
123,전력설비,1.1,033100,제룡전기 *,테마 편입 사유,52000.0,상승  300,0.58,51900.0,52000.0,128786.0,6655.0,116666.0,,,0.770416,0.7456086400000002,"6,417.93",29.46,0.46,2026-04-22 15:50:46
123,전력설비,1.1,096690,에이루트 *,테마 편입 사유,1288.0,상승  7,0.55,1287.0,1288.0,36876.0,47.0,56266.0,,,0.770416,0.7456086400000002,"6,417.93",29.46,0.46,2026-04-22 15:50:46
123,전력설비,1.1,147830,제룡산업 *,테마 편입 사유,7940.0,상승  30,0.38,7930.0,7940.0,301754.0,2383.0,189974.0,,,0.770416,0.7456086400000002,"6,417.93",29.46,0.46,2026-04-22 15:50:46
123,전력설비,1.1,034020,두산에너빌리티,테마 편입 사유,115900.0,상승  200,0.17,115800.0,115900.0,3777181.0,431800.0,4773848.0,,,0.770416,0.7456086400000002,"6,417.93",29.46,0.46,2026-04-22 15:50:46
123,전력설비,1.1,130660,한전산업,테마 편입 사유,19680.0,상승  30,0.15,19670.0,19680.0,316335.0,6134.0,395927.0,,,0.770416,0.7456086400000002,"6,417.93",29.46,0.46,2026-04-22 15:50:46
123,전력설비,1.1,479960,위너스일렉 *,테마 편입 사유,10970.0,상승  10,0.09,10970.0,10980.0,11747.0,128.0,22086.0,,,0.770416,0.7456086400000002,"6,417.93",29.46,0.46,2026-04-22 15:50:46
123,전력설비,1.1,054220,비츠로시스 *,테마 편입 사유,535.0,하락  2,-0.37,535.0,537.0,827855.0,438.0,959932.0,,,0.770416,0.7456086400000002,"6,417.93",29.46,0.46,2026-04-22 15:50:46
123,전력설비,1.1,119850,지엔씨에너지 *,테마 편입 사유,34500.0,하락  150,-0.43,34450.0,34500.0,88871.0,3053.0,148089.0,,,0.770416,0.7456086400000002,"6,417.93",29.46,0.46,2026-04-22 15:50:46
123,전력설비,1.1,237750,피앤씨테크 *,테마 편입 사유,4700.0,하락  25,-0.53,4680.0,4700.0,41488.0,192.0,36450.0,,,0.770416,0.7456086400000002,"6,417.93",29.46,0.46,2026-04-22 15:50:46
123,전력설비,1.1,060370,LS마린솔루션 *,테마 편입 사유,33750.0,하락  300,-0.88,33750.0,33800.0,382526.0,12897.0,493144.0,,,0.770416,0.7456086400000002,"6,417.93",29.46,0.46,2026-04-22 15:50:46
123,전력설비,1.1,006910,보성파워텍 *,테마 편입 사유,10030.0,하락  120,-1.18,10020.0,10030.0,1475218.0,14630.0,1827198.0,,,0.770416,0.7456086400000002,"6,417.93",29.46,0.46,2026-04-22 15:50:46
123,전력설비,1.1,001440,대한전선,테마 편입 사유,41050.0,하락  500,-1.2,41000.0,41050.0,6558198.0,264697.0,10959062.0,,,0.770416,0.7456086400000002,"6,417.93",29.46,0.46,2026-04-22 15:50:46
123,전력설비,1.1,189860,서전기전 *,테마 편입 사유,5440.0,하락  100,-1.81,5440.0,5450.0,154860.0,833.0,185433.0,,,0.770416,0.7456086400000002,"6,417.93",29.46,0.46,2026-04-22 15:50:46
123,전력설비,1.1,388050,지투파워 *,테마 편입 사유,13870.0,하락  410,-2.87,13860.0,13870.0,894128.0,12327.0,1001183.0,,,0.770416,0.7456086400000002,"6,417.93",29.46,0.46,2026-04-22 15:50:46
123,전력설비,1.1,038460,바이오스마트 *,테마 편입 사유,4275.0,하락  150,-3.39,4275.0,4280.0,710050.0,3029.0,305838.0,,,0.770416,0.7456086400000002,"6,417.93",29.46,0.46,2026-04-22 15:50:46
123,전력설비,1.1,042370,비츠로테크 *,테마 편입 사유,16800.0,하락  800,-4.55,16800.0,16810.0,1117287.0,18793.0,1347168.0,,,0.770416,0.7456086400000002,"6,417.93",29.46,0.46,2026-04-22 15:50:46
42,게임,0.92,263750,펄어비스 *,테마 편입 사유,57700.0,"상승  3,300",6.07,57700.0,57800.0,1443355.0,81926.0,617819.0,,,0.387229,0.74187466,"6,417.93",29.46,0.46,2026-04-22 15:50:46
42,게임,0.92,066910,손오공 *,테마 편입 사유,708.0,상승  39,5.83,707.0,708.0,545542.0,377.0,392230.0,,,0.387229,0.74187466,"6,417.93",29.46,0.46,2026-04-22 15:50:46
42,게임,0.92,036570,NC,테마 편입 사유,275000.0,"상승  15,000",5.77,275000.0,275500.0,202238.0,55166.0,157072.0,,,0.387229,0.74187466,"6,417.93",29.46,0.46,2026-04-22 15:50:46
42,게임,0.92,204610,티쓰리 *,테마 편입 사유,3240.0,상승  150,4.85,3235.0,3240.0,704159.0,2214.0,390792.0,,,0.387229,0.74187466,"6,417.93",29.46,0.46,2026-04-22 15:50:46
42,게임,0.92,259960,크래프톤,테마 편입 사유,265500.0,"상승  10,500",4.12,265500.0,266000.0,121225.0,31825.0,134683.0,,,0.387229,0.74187466,"6,417.93",29.46,0.46,2026-04-22 15:50:46
42,게임,0.92,205500,넥써쓰 *,테마 편입 사유,1788.0,상승  54,3.11,1788.0,1789.0,317401.0,556.0,443035.0,,,0.387229,0.74187466,"6,417.93",29.46,0.46,2026-04-22 15:50:46
42,게임,0.92,078340,컴투스 *,테마 편입 사유,33900.0,상승  950,2.88,33900.0,33950.0,58150.0,1953.0,41766.0,,,0.387229,0.74187466,"6,417.93",29.46,0.46,2026-04-22 15:50:46
42,게임,0.92,047560,이스트소프트 *,테마 편입 사유,15090.0,상승  360,2.44,15070.0,15090.0,69780.0,1042.0,79498.0,,,0.387229,0.74187466,"6,417.93",29.46,0.46,2026-04-22 15:50:46
42,게임,0.92,052790,액토즈소프트 *,테마 편입 사유,5870.0,상승  120,2.09,5860.0,5870.0,46779.0,272.0,21171.0,,,0.387229,0.74187466,"6,417.93",29.46,0.46,2026-04-22 15:50:46
42,게임,0.92,181710,NHN,테마 편입 사유,42150.0,상승  750,1.81,42100.0,42150.0,78982.0,3323.0,87025.0,,,0.387229,0.74187466,"6,417.93",29.46,0.46,2026-04-22 15:50:46
42,게임,0.92,462870,시프트업,테마 편입 사유,34550.0,상승  450,1.32,34550.0,34600.0,71546.0,2469.0,71686.0,,,0.387229,0.74187466,"6,417.93",29.46,0.46,2026-04-22 15:50:46
42,게임,0.92,251270,넷마블,테마 편입 사유,51100.0,상승  500,0.99,51000.0,51100.0,189561.0,9638.0,239621.0,,,0.387229,0.74187466,"6,417.93",29.46,0.46,2026-04-22 15:50:46
42,게임,0.92,069080,웹젠 *,테마 편입 사유,12620.0,상승  120,0.96,12620.0,12640.0,74058.0,930.0,50615.0,,,0.387229,0.74187466,"6,417.93",29.46,0.46,2026-04-22 15:50:46
42,게임,0.92,225570,넥슨게임즈 *,테마 편입 사유,12110.0,상승  90,0.75,12110.0,12120.0,77837.0,940.0,77701.0,,,0.387229,0.74187466,"6,417.93",29.46,0.46,2026-04-22 15:50:46
42,게임,0.92,042420,네오위즈홀딩스 *,테마 편입 사유,23000.0,상승  100,0.44,22950.0,23000.0,11251.0,256.0,7594.0,,,0.387229,0.74187466,"6,417.93",29.46,0.46,2026-04-22 15:50:46
42,게임,0.92,094860,네오리진 *,테마 편입 사유,1430.0,상승  2,0.14,1429.0,1430.0,151053.0,214.0,136203.0,,,0.387229,0.74187466,"6,417.93",29.46,0.46,2026-04-22 15:50:46
42,게임,0.92,293490,카카오게임즈 *,테마 편입 사유,12520.0,상승  10,0.08,12520.0,12540.0,189625.0,2365.0,139134.0,,,0.387229,0.74187466,"6,417.93",29.46,0.46,2026-04-22 15:50:46
42,게임,0.92,331520,밸로프 *,테마 편입 사유,524.0,보합0,0.0,0.0,0.0,0.0,0.0,0.0,,,0.387229,0.74187466,"6,417.93",29.46,0.46,2026-04-22 15:50:46
42,게임,0.92,035420,NAVER,테마 편입 사유,214000.0,보합0,0.0,214000.0,214500.0,364647.0,77973.0,545889.0,,,0.387229,0.74187466,"6,417.93",29.46,0.46,2026-04-22 15:50:46
42,게임,0.92,047080,한빛소프트 *,테마 편입 사유,1318.0,하락  1,-0.08,1315.0,1318.0,149959.0,197.0,317196.0,,,0.387229,0.74187466,"6,417.93",29.46,0.46,2026-04-22 15:50:46
42,게임,0.92,192080,더블유게임즈,테마 편입 사유,51600.0,하락  100,-0.19,51600.0,51800.0,58698.0,3032.0,63767.0,,,0.387229,0.74187466,"6,417.93",29.46,0.46,2026-04-22 15:50:46
42,게임,0.92,067000,조이시티 *,테마 편입 사유,2575.0,하락  5,-0.19,2560.0,2575.0,270630.0,691.0,697211.0,,,0.387229,0.74187466,"6,417.93",29.46,0.46,2026-04-22 15:50:46
42,게임,0.92,095660,네오위즈 *,테마 편입 사유,23600.0,하락  50,-0.21,23600.0,23700.0,45759.0,1078.0,37169.0,,,0.387229,0.74187466,"6,417.93",29.46,0.46,2026-04-22 15:50:46
42,게임,0.92,058630,엠게임 *,테마 편입 사유,5240.0,하락  20,-0.38,5240.0,5270.0,32147.0,169.0,43396.0,,,0.387229,0.74187466,"6,417.93",29.46,0.46,2026-04-22 15:50:46
42,게임,0.92,217270,넵튠 *,테마 편입 사유,3880.0,하락  20,-0.51,3880.0,3885.0,32454.0,126.0,63750.0,,,0.387229,0.74187466,"6,417.93",29.46,0.46,2026-04-22 15:50:46
42,게임,0.92,112040,위메이드 *,테마 편입 사유,23800.0,하락  300,-1.24,23800.0,23850.0,172289.0,4111.0,438082.0,,,0.387229,0.74187466,"6,417.93",29.46,0.46,2026-04-22 15:50:46
42,게임,0.92,048910,대원미디어 *,테마 편입 사유,7540.0,하락  120,-1.57,7530.0,7540.0,50862.0,382.0,68247.0,,,0.387229,0.74187466,"6,417.93",29.46,0.46,2026-04-22 15:50:46
42,게임,0.92,201490,미투온 *,테마 편입 사유,3340.0,하락  60,-1.76,3340.0,3345.0,395294.0,1315.0,491756.0,,,0.387229,0.74187466,"6,417.93",29.46,0.46,2026-04-22 15:50:46
42,게임,0.92,023770,플레이위드 *,테마 편입 사유,3025.0,하락  115,-3.66,3025.0,3040.0,21890.0,67.0,14653.0,,,0.387229,0.74187466,"6,417.93",29.46,0.46,2026-04-22 15:50:46
42,게임,0.92,101730,위메이드맥스 *,테마 편입 사유,6580.0,하락  430,-6.13,6580.0,6590.0,247461.0,1635.0,1356726.0,,,0.387229,0.74187466,"6,417.93",29.46,0.46,2026-04-22 15:50:46
155,반도체 대표주(생산),1.36,000990,DB하이텍,테마 편입 사유,127900.0,"상승  5,900",4.84,127800.0,127900.0,633243.0,79720.0,720299.0,,,1.35572,0.7363688,"6,417.93",29.46,0.46,2026-04-22 15:50:46
155,반도체 대표주(생산),1.36,000660,SK하이닉스,테마 편입 사유,1223000.0,"하락  1,000",-0.08,1223000.0,1224000.0,2868925.0,3486991.0,3516960.0,,,1.35572,0.7363688,"6,417.93",29.46,0.46,2026-04-22 15:50:46
155,반도체 대표주(생산),1.36,005930,삼성전자,테마 편입 사유,217500.0,"하락  1,500",-0.68,217500.0,218000.0,16732708.0,3648624.0,16752132.0,,,1.35572,0.7363688,"6,417.93",29.46,0.46,2026-04-22 15:50:46
76,여름,0.76,001530,DI동일,테마 편입 사유,30500.0,"상승  4,350",16.63,30500.0,30550.0,766590.0,23212.0,320736.0,,,0.179819,0.67728326,"6,417.93",29.46,0.46,2026-04-22 15:50:46
76,여름,0.76,025860,남해화학,테마 편입 사유,8890.0,상승  270,3.13,8890.0,8900.0,2617298.0,23404.0,1499235.0,,,0.179819,0.67728326,"6,417.93",29.46,0.46,2026-04-22 15:50:46
76,여름,0.76,093370,후성,테마 편입 사유,14100.0,상승  400,2.92,14090.0,14100.0,3362458.0,46466.0,3323484.0,,,0.179819,0.67728326,"6,417.93",29.46,0.46,2026-04-22 15:50:46
76,여름,0.76,067170,오텍 *,테마 편입 사유,2610.0,상승  65,2.55,2605.0,2610.0,379347.0,987.0,331804.0,,,0.179819,0.67728326,"6,417.93",29.46,0.46,2026-04-22 15:50:46
76,여름,0.76,043340,에쎈테크 *,테마 편입 사유,537.0,상승  13,2.48,536.0,537.0,238526.0,128.0,437400.0,,,0.179819,0.67728326,"6,417.93",29.46,0.46,2026-04-22 15:50:46
76,여름,0.76,136480,하림 *,테마 편입 사유,3325.0,상승  35,1.06,3325.0,3330.0,6190472.0,21071.0,675579.0,,,0.179819,0.67728326,"6,417.93",29.46,0.46,2026-04-22 15:50:46
76,여름,0.76,006890,태경케미컬,테마 편입 사유,8770.0,상승  60,0.69,8770.0,8780.0,162939.0,1434.0,85988.0,,,0.179819,0.67728326,"6,417.93",29.46,0.46,2026-04-22 15:50:46
76,여름,0.76,042110,에스씨디 *,테마 편입 사유,1499.0,상승  9,0.6,1491.0,1499.0,236251.0,351.0,380872.0,,,0.179819,0.67728326,"6,417.93",29.46,0.46,2026-04-22 15:50:46
76,여름,0.76,037070,파세코 *,테마 편입 사유,9420.0,상승  50,0.53,9400.0,9420.0,90919.0,852.0,122494.0,,,0.179819,0.67728326,"6,417.93",29.46,0.46,2026-04-22 15:50:46
76,여름,0.76,027710,팜스토리 *,테마 편입 사유,1363.0,상승  4,0.29,1362.0,1363.0,478464.0,653.0,1135290.0,,,0.179819,0.67728326,"6,417.93",29.46,0.46,2026-04-22 15:50:46
76,여름,0.76,071840,롯데하이마트,테마 편입 사유,8090.0,상승  20,0.25,8080.0,8090.0,10663.0,85.0,19464.0,,,0.179819,0.67728326,"6,417.93",29.46,0.46,2026-04-22 15:50:46
76,여름,0.76,027740,마니커,테마 편입 사유,824.0,상승  2,0.24,824.0,827.0,343690.0,283.0,287851.0,,,0.179819,0.67728326,"6,417.93",29.46,0.46,2026-04-22 15:50:46
76,여름,0.76,001550,조비,테마 편입 사유,15140.0,상승  30,0.2,15140.0,15170.0,74971.0,1143.0,107501.0,,,0.179819,0.67728326,"6,417.93",29.46,0.46,2026-04-22 15:50:46
76,여름,0.76,276730,한울앤제주 *,테마 편입 사유,767.0,보합0,0.0,0.0,0.0,0.0,0.0,0.0,,,0.179819,0.67728326,"6,417.93",29.46,0.46,2026-04-22 15:50:46
76,여름,0.76,000080,하이트진로,테마 편입 사유,17150.0,하락  20,-0.12,17150.0,17160.0,66767.0,1144.0,143669.0,,,0.179819,0.67728326,"6,417.93",29.46,0.46,2026-04-22 15:50:46
76,여름,0.76,051900,LG생활건강,테마 편입 사유,250000.0,하락  500,-0.2,250000.0,250500.0,29854.0,7470.0,37867.0,,,0.179819,0.67728326,"6,417.93",29.46,0.46,2026-04-22 15:50:46
76,여름,0.76,060310,3S *,테마 편입 사유,1397.0,하락  4,-0.29,1396.0,1397.0,198280.0,277.0,329168.0,,,0.179819,0.67728326,"6,417.93",29.46,0.46,2026-04-22 15:50:46
76,여름,0.76,005180,빙그레,테마 편입 사유,75200.0,하락  300,-0.4,75000.0,75200.0,47516.0,3572.0,26732.0,,,0.179819,0.67728326,"6,417.93",29.46,0.46,2026-04-22 15:50:46
76,여름,0.76,284740,쿠쿠홈시스,테마 편입 사유,24450.0,하락  100,-0.41,24400.0,24450.0,15347.0,373.0,10752.0,,,0.179819,0.67728326,"6,417.93",29.46,0.46,2026-04-22 15:50:46
76,여름,0.76,267790,배럴 *,테마 편입 사유,3500.0,하락  20,-0.57,3500.0,3510.0,16065.0,56.0,15919.0,,,0.179819,0.67728326,"6,417.93",29.46,0.46,2026-04-22 15:50:46
76,여름,0.76,000890,보해양조,테마 편입 사유,433.0,하락  3,-0.69,433.0,434.0,378547.0,164.0,1050912.0,,,0.179819,0.67728326,"6,417.93",29.46,0.46,2026-04-22 15:50:46
76,여름,0.76,021240,코웨이,테마 편입 사유,80800.0,하락  600,-0.74,80800.0,80900.0,274247.0,22114.0,645573.0,,,0.179819,0.67728326,"6,417.93",29.46,0.46,2026-04-22 15:50:46
76,여름,0.76,088910,동우팜투테이블 *,테마 편입 사유,2480.0,하락  20,-0.8,2460.0,2480.0,55481.0,137.0,43058.0,,,0.179819,0.67728326,"6,417.93",29.46,0.46,2026-04-22 15:50:46
76,여름,0.76,002700,신일전자,테마 편입 사유,1456.0,하락  14,-0.95,1456.0,1458.0,592056.0,865.0,435984.0,,,0.179819,0.67728326,"6,417.93",29.46,0.46,2026-04-22 15:50:46
76,여름,0.76,005300,롯데칠성,테마 편입 사유,122100.0,"하락  1,300",-1.05,122100.0,122300.0,16167.0,1969.0,15758.0,,,0.179819,0.67728326,"6,417.93",29.46,0.46,2026-04-22 15:50:46
76,여름,0.76,044340,위닉스 *,테마 편입 사유,5390.0,하락  60,-1.1,5390.0,5410.0,30203.0,163.0,63288.0,,,0.179819,0.67728326,"6,417.93",29.46,0.46,2026-04-22 15:50:46
76,여름,0.76,280360,롯데웰푸드,테마 편입 사유,116800.0,"하락  1,400",-1.18,116800.0,117200.0,11873.0,1389.0,20273.0,,,0.179819,0.67728326,"6,417.93",29.46,0.46,2026-04-22 15:50:46
76,여름,0.76,035810,이지홀딩스 *,테마 편입 사유,5580.0,하락  110,-1.93,5580.0,5590.0,399513.0,2233.0,330600.0,,,0.179819,0.67728326,"6,417.93",29.46,0.46,2026-04-22 15:50:46
283,생명보험,0.84,082640,동양생명,테마 편입 사유,8840.0,상승  340,4.0,8830.0,8840.0,479130.0,4214.0,99603.0,,,0.411472,0.65072288,"6,417.93",29.46,0.46,2026-04-22 15:50:46
283,생명보험,0.84,085620,미래에셋생명,테마 편입 사유,18110.0,상승  680,3.9,18100.0,18110.0,524288.0,9518.0,249766.0,,,0.411472,0.65072288,"6,417.93",29.46,0.46,2026-04-22 15:50:46
283,생명보험,0.84,003690,코리안리,테마 편입 사유,12330.0,상승  30,0.24,12330.0,12350.0,350003.0,4278.0,210471.0,,,0.411472,0.65072288,"6,417.93",29.46,0.46,2026-04-22 15:50:46
283,생명보험,0.84,088350,한화생명,테마 편입 사유,4840.0,하락  30,-0.62,4835.0,4840.0,4062235.0,19427.0,3253770.0,,,0.411472,0.65072288,"6,417.93",29.46,0.46,2026-04-22 15:50:46
283,생명보험,0.84,032830,삼성생명,테마 편입 사유,247500.0,"하락  8,500",-3.32,247500.0,248000.0,281148.0,69960.0,208078.0,,,0.411472,0.65072288,"6,417.93",29.46,0.46,2026-04-22 15:50:46
536,HBM(고대역폭메모리),1.1,394280,오픈엣지테크놀로지 *,테마 편입 사유,19120.0,"상승  1,440",8.14,19120.0,19130.0,1036583.0,19458.0,252259.0,,,0.981374,0.64856796,"6,417.93",29.46,0.46,2026-04-22 15:50:46
536,HBM(고대역폭메모리),1.1,039440,에스티아이 *,테마 편입 사유,36400.0,"상승  2,400",7.06,36350.0,36400.0,457005.0,16105.0,270164.0,,,0.981374,0.64856796,"6,417.93",29.46,0.46,2026-04-22 15:50:46
536,HBM(고대역폭메모리),1.1,168360,펨트론 *,테마 편입 사유,24450.0,"상승  1,350",5.84,24400.0,24450.0,258288.0,6176.0,114430.0,,,0.981374,0.64856796,"6,417.93",29.46,0.46,2026-04-22 15:50:46
536,HBM(고대역폭메모리),1.1,281820,케이씨텍,테마 편입 사유,57300.0,"상승  2,400",4.37,57200.0,57300.0,190156.0,10706.0,124995.0,,,0.981374,0.64856796,"6,417.93",29.46,0.46,2026-04-22 15:50:46
536,HBM(고대역폭메모리),1.1,098460,고영 *,테마 편입 사유,33100.0,"상승  1,100",3.44,33050.0,33100.0,3390660.0,110627.0,2687432.0,,,0.981374,0.64856796,"6,417.93",29.46,0.46,2026-04-22 15:50:46
536,HBM(고대역폭메모리),1.1,031980,피에스케이홀딩스 *,테마 편입 사유,114600.0,"상승  3,700",3.34,114500.0,114600.0,207167.0,23138.0,202344.0,,,0.981374,0.64856796,"6,417.93",29.46,0.46,2026-04-22 15:50:46
536,HBM(고대역폭메모리),1.1,405100,큐알티 *,테마 편입 사유,21450.0,상승  550,2.63,21400.0,21450.0,213677.0,4588.0,188162.0,,,0.981374,0.64856796,"6,417.93",29.46,0.46,2026-04-22 15:50:46
536,HBM(고대역폭메모리),1.1,079370,제우스 *,테마 편입 사유,16720.0,상승  340,2.08,16720.0,16730.0,544129.0,8986.0,382747.0,,,0.981374,0.64856796,"6,417.93",29.46,0.46,2026-04-22 15:50:46
536,HBM(고대역폭메모리),1.1,122640,예스티 *,테마 편입 사유,26650.0,상승  450,1.72,26600.0,26650.0,196390.0,5220.0,324729.0,,,0.981374,0.64856796,"6,417.93",29.46,0.46,2026-04-22 15:50:46
536,HBM(고대역폭메모리),1.1,232140,와이씨 *,테마 편입 사유,20950.0,상승  350,1.7,20900.0,20950.0,866376.0,17866.0,853716.0,,,0.981374,0.64856796,"6,417.93",29.46,0.46,2026-04-22 15:50:46
536,HBM(고대역폭메모리),1.1,110990,디아이티 *,테마 편입 사유,22700.0,상승  350,1.57,22650.0,22700.0,123812.0,2759.0,136276.0,,,0.981374,0.64856796,"6,417.93",29.46,0.46,2026-04-22 15:50:46
536,HBM(고대역폭메모리),1.1,003160,디아이,테마 편입 사유,32350.0,상승  450,1.41,32300.0,32350.0,336484.0,10720.0,415879.0,,,0.981374,0.64856796,"6,417.93",29.46,0.46,2026-04-22 15:50:46
536,HBM(고대역폭메모리),1.1,217190,제너셈 *,테마 편입 사유,7180.0,상승  90,1.27,7180.0,7200.0,168623.0,1204.0,286495.0,,,0.981374,0.64856796,"6,417.93",29.46,0.46,2026-04-22 15:50:46
536,HBM(고대역폭메모리),1.1,254490,미래반도체 *,테마 편입 사유,19200.0,상승  150,0.79,19190.0,19200.0,136089.0,2572.0,295333.0,,,0.981374,0.64856796,"6,417.93",29.46,0.46,2026-04-22 15:50:46
536,HBM(고대역폭메모리),1.1,412350,레이저쎌 *,테마 편입 사유,7730.0,상승  60,0.78,7730.0,7740.0,449800.0,3428.0,879345.0,,,0.981374,0.64856796,"6,417.93",29.46,0.46,2026-04-22 15:50:46
536,HBM(고대역폭메모리),1.1,396470,워트 *,테마 편입 사유,7750.0,상승  60,0.78,7740.0,7750.0,118585.0,906.0,158184.0,,,0.981374,0.64856796,"6,417.93",29.46,0.46,2026-04-22 15:50:46
536,HBM(고대역폭메모리),1.1,095340,ISC *,테마 편입 사유,239500.0,"상승  1,500",0.63,239000.0,239500.0,180652.0,42876.0,273057.0,,,0.981374,0.64856796,"6,417.93",29.46,0.46,2026-04-22 15:50:46
536,HBM(고대역폭메모리),1.1,033160,엠케이전자 *,테마 편입 사유,26900.0,상승  150,0.56,26900.0,27000.0,946308.0,25642.0,937318.0,,,0.981374,0.64856796,"6,417.93",29.46,0.46,2026-04-22 15:50:46
536,HBM(고대역폭메모리),1.1,424980,마이크로투나노 *,테마 편입 사유,14460.0,상승  60,0.42,14440.0,14460.0,26438.0,379.0,69426.0,,,0.981374,0.64856796,"6,417.93",29.46,0.46,2026-04-22 15:50:46
536,HBM(고대역폭메모리),1.1,089030,테크윙 *,테마 편입 사유,57200.0,상승  100,0.18,57100.0,57200.0,964056.0,54108.0,1053002.0,,,0.981374,0.64856796,"6,417.93",29.46,0.46,2026-04-22 15:50:46
536,HBM(고대역폭메모리),1.1,039030,이오테크닉스 *,테마 편입 사유,483000.0,보합0,0.0,481500.0,483000.0,68182.0,32600.0,79664.0,,,0.981374,0.64856796,"6,417.93",29.46,0.46,2026-04-22 15:50:46
536,HBM(고대역폭메모리),1.1,348210,넥스틴 *,테마 편입 사유,76400.0,보합0,0.0,76300.0,76400.0,83064.0,6289.0,68636.0,,,0.981374,0.64856796,"6,417.93",29.46,0.46,2026-04-22 15:50:46
536,HBM(고대역폭메모리),1.1,112290,와이씨켐 *,테마 편입 사유,23450.0,보합0,0.0,0.0,0.0,0.0,0.0,0.0,,,0.981374,0.64856796,"6,417.93",29.46,0.46,2026-04-22 15:50:46
536,HBM(고대역폭메모리),1.1,000660,SK하이닉스,테마 편입 사유,1223000.0,"하락  1,000",-0.08,1223000.0,1224000.0,2868925.0,3486991.0,3516960.0,,,0.981374,0.64856796,"6,417.93",29.46,0.46,2026-04-22 15:50:46
536,HBM(고대역폭메모리),1.1,220260,켐트로스 *,테마 편입 사유,6250.0,하락  10,-0.16,6250.0,6260.0,584640.0,3666.0,757401.0,,,0.981374,0.64856796,"6,417.93",29.46,0.46,2026-04-22 15:50:46
536,HBM(고대역폭메모리),1.1,451220,아이엠티 *,테마 편입 사유,15070.0,하락  30,-0.2,15060.0,15070.0,198557.0,2934.0,279928.0,,,0.981374,0.64856796,"6,417.93",29.46,0.46,2026-04-22 15:50:46
536,HBM(고대역폭메모리),1.1,042700,한미반도체,테마 편입 사유,293500.0,"하락  1,500",-0.51,293000.0,293500.0,684762.0,198796.0,496193.0,,,0.981374,0.64856796,"6,417.93",29.46,0.46,2026-04-22 15:50:46
536,HBM(고대역폭메모리),1.1,005930,삼성전자,테마 편입 사유,217500.0,"하락  1,500",-0.68,217500.0,218000.0,16732708.0,3648624.0,16752132.0,,,0.981374,0.64856796,"6,417.93",29.46,0.46,2026-04-22 15:50:46
536,HBM(고대역폭메모리),1.1,307750,국전약품 *,테마 편입 사유,3880.0,하락  30,-0.77,3875.0,3880.0,442851.0,1735.0,669877.0,,,0.981374,0.64856796,"6,417.93",29.46,0.46,2026-04-22 15:50:46
536,HBM(고대역폭메모리),1.1,322310,오로스테크놀로지 *,테마 편입 사유,34600.0,하락  450,-1.28,34600.0,34650.0,240723.0,8346.0,174840.0,,,0.981374,0.64856796,"6,417.93",29.46,0.46,2026-04-22 15:50:46
536,HBM(고대역폭메모리),1.1,097800,윈팩 *,테마 편입 사유,459.0,하락  10,-2.13,458.0,459.0,1025022.0,469.0,739144.0,,,0.981374,0.64856796,"6,417.93",29.46,0.46,2026-04-22 15:50:46
536,HBM(고대역폭메모리),1.1,086390,유니테스트 *,테마 편입 사유,18860.0,하락  490,-2.53,18860.0,18870.0,343744.0,6482.0,891464.0,,,0.981374,0.64856796,"6,417.93",29.46,0.46,2026-04-22 15:50:46
536,HBM(고대역폭메모리),1.1,489790,한화비전,테마 편입 사유,82200.0,"하락  3,400",-3.97,82200.0,82300.0,594462.0,48664.0,630694.0,,,0.981374,0.64856796,"6,417.93",29.46,0.46,2026-04-22 15:50:46
386,수소에너지(수소차/연료전지 등),0.89,170920,엘티씨 *,테마 편입 사유,41500.0,"상승  5,250",14.48,41450.0,41500.0,796386.0,30226.0,486264.0,,,0.542222,0.64057788,"6,417.93",29.46,0.46,2026-04-22 15:50:46
386,수소에너지(수소차/연료전지 등),0.89,336260,두산퓨얼셀,테마 편입 사유,48250.0,"상승  4,900",11.3,48200.0,48250.0,2064133.0,97155.0,704613.0,,,0.542222,0.64057788,"6,417.93",29.46,0.46,2026-04-22 15:50:46
386,수소에너지(수소차/연료전지 등),0.89,089980,상아프론테크 *,테마 편입 사유,28200.0,"상승  2,350",9.09,28200.0,28250.0,602528.0,16593.0,179505.0,,,0.542222,0.64057788,"6,417.93",29.46,0.46,2026-04-22 15:50:46
386,수소에너지(수소차/연료전지 등),0.89,064350,현대로템,테마 편입 사유,237500.0,"상승  16,000",7.22,237000.0,237500.0,1096667.0,256097.0,737464.0,,,0.542222,0.64057788,"6,417.93",29.46,0.46,2026-04-22 15:50:46
386,수소에너지(수소차/연료전지 등),0.89,298050,HS효성첨단소재,테마 편입 사유,234000.0,"상승  14,500",6.61,233500.0,234000.0,25893.0,5922.0,11037.0,,,0.542222,0.64057788,"6,417.93",29.46,0.46,2026-04-22 15:50:46
386,수소에너지(수소차/연료전지 등),0.89,126340,비나텍 *,테마 편입 사유,142600.0,"상승  8,400",6.26,142600.0,142700.0,179790.0,24978.0,191451.0,,,0.542222,0.64057788,"6,417.93",29.46,0.46,2026-04-22 15:50:46
386,수소에너지(수소차/연료전지 등),0.89,010120,LS ELECTRIC,테마 편입 사유,194200.0,"상승  9,500",5.14,194100.0,194200.0,1498773.0,288495.0,790569.0,,,0.542222,0.64057788,"6,417.93",29.46,0.46,2026-04-22 15:50:46
386,수소에너지(수소차/연료전지 등),0.89,382900,범한퓨얼셀 *,테마 편입 사유,31950.0,"상승  1,450",4.75,31850.0,31950.0,155581.0,4828.0,24816.0,,,0.542222,0.64057788,"6,417.93",29.46,0.46,2026-04-22 15:50:46
386,수소에너지(수소차/연료전지 등),0.89,009830,한화솔루션,테마 편입 사유,47550.0,"상승  2,100",4.62,47500.0,47550.0,3574064.0,167848.0,3871235.0,,,0.542222,0.64057788,"6,417.93",29.46,0.46,2026-04-22 15:50:46
386,수소에너지(수소차/연료전지 등),0.89,105740,디케이락 *,테마 편입 사유,10650.0,상승  410,4.0,10650.0,10660.0,313849.0,3290.0,105431.0,,,0.542222,0.64057788,"6,417.93",29.46,0.46,2026-04-22 15:50:46
386,수소에너지(수소차/연료전지 등),0.89,085310,엔케이,테마 편입 사유,1189.0,상승  41,3.57,1187.0,1189.0,2569148.0,3073.0,592122.0,,,0.542222,0.64057788,"6,417.93",29.46,0.46,2026-04-22 15:50:46
386,수소에너지(수소차/연료전지 등),0.89,081000,일진다이아,테마 편입 사유,14910.0,상승  510,3.54,14910.0,14920.0,69894.0,1020.0,38336.0,,,0.542222,0.64057788,"6,417.93",29.46,0.46,2026-04-22 15:50:46
386,수소에너지(수소차/연료전지 등),0.89,011230,삼화전자,테마 편입 사유,2600.0,상승  70,2.77,2590.0,2600.0,91127.0,234.0,99983.0,,,0.542222,0.64057788,"6,417.93",29.46,0.46,2026-04-22 15:50:46
386,수소에너지(수소차/연료전지 등),0.89,037370,EG *,테마 편입 사유,5620.0,상승  150,2.74,5600.0,5620.0,115335.0,658.0,44713.0,,,0.542222,0.64057788,"6,417.93",29.46,0.46,2026-04-22 15:50:46
386,수소에너지(수소차/연료전지 등),0.89,298040,효성중공업,테마 편입 사유,3084000.0,"상승  82,000",2.73,3084000.0,3085000.0,36712.0,111748.0,35605.0,,,0.542222,0.64057788,"6,417.93",29.46,0.46,2026-04-22 15:50:46
386,수소에너지(수소차/연료전지 등),0.89,361670,삼영에스앤씨 *,테마 편입 사유,3190.0,상승  65,2.08,3165.0,3190.0,5597.0,18.0,25907.0,,,0.542222,0.64057788,"6,417.93",29.46,0.46,2026-04-22 15:50:46
386,수소에너지(수소차/연료전지 등),0.89,382480,지아이텍 *,테마 편입 사유,2820.0,상승  55,1.99,2815.0,2820.0,896493.0,2520.0,781865.0,,,0.542222,0.64057788,"6,417.93",29.46,0.46,2026-04-22 15:50:46
386,수소에너지(수소차/연료전지 등),0.89,038870,에코심플렉스 *,테마 편입 사유,3125.0,상승  55,1.79,3125.0,3145.0,247465.0,778.0,83824.0,,,0.542222,0.64057788,"6,417.93",29.46,0.46,2026-04-22 15:50:46
386,수소에너지(수소차/연료전지 등),0.89,288620,에스퓨얼셀 *,테마 편입 사유,10040.0,상승  170,1.72,10020.0,10040.0,76858.0,768.0,45118.0,,,0.542222,0.64057788,"6,417.93",29.46,0.46,2026-04-22 15:50:46
386,수소에너지(수소차/연료전지 등),0.89,086670,비엠티 *,테마 편입 사유,15790.0,상승  260,1.67,15730.0,15790.0,48535.0,757.0,130410.0,,,0.542222,0.64057788,"6,417.93",29.46,0.46,2026-04-22 15:50:46
386,수소에너지(수소차/연료전지 등),0.89,110990,디아이티 *,테마 편입 사유,22700.0,상승  350,1.57,22650.0,22700.0,123812.0,2759.0,136276.0,,,0.542222,0.64057788,"6,417.93",29.46,0.46,2026-04-22 15:50:46
386,수소에너지(수소차/연료전지 등),0.89,096350,대창솔루션 *,테마 편입 사유,3015.0,상승  40,1.34,3015.0,3020.0,806990.0,2425.0,806521.0,,,0.542222,0.64057788,"6,417.93",29.46,0.46,2026-04-22 15:50:46
386,수소에너지(수소차/연료전지 등),0.89,377330,이지트로닉스 *,테마 편입 사유,3830.0,상승  45,1.19,3825.0,3830.0,7871.0,30.0,20404.0,,,0.542222,0.64057788,"6,417.93",29.46,0.46,2026-04-22 15:50:46
386,수소에너지(수소차/연료전지 등),0.89,136150,원일티엔아이 *,테마 편입 사유,17400.0,상승  180,1.05,17360.0,17400.0,22618.0,389.0,24923.0,,,0.542222,0.64057788,"6,417.93",29.46,0.46,2026-04-22 15:50:46
386,수소에너지(수소차/연료전지 등),0.89,120110,코오롱인더,테마 편입 사유,88400.0,상승  700,0.8,88400.0,88500.0,385130.0,33658.0,533322.0,,,0.542222,0.64057788,"6,417.93",29.46,0.46,2026-04-22 15:50:46
386,수소에너지(수소차/연료전지 등),0.89,265560,영화테크 *,테마 편입 사유,10020.0,상승  80,0.8,10000.0,10020.0,69635.0,695.0,57550.0,,,0.542222,0.64057788,"6,417.93",29.46,0.46,2026-04-22 15:50:46
386,수소에너지(수소차/연료전지 등),0.89,013310,아진산업 *,테마 편입 사유,3355.0,상승  10,0.3,3350.0,3355.0,191567.0,639.0,277536.0,,,0.542222,0.64057788,"6,417.93",29.46,0.46,2026-04-22 15:50:46
386,수소에너지(수소차/연료전지 등),0.89,033530,SJG세종,테마 편입 사유,7970.0,상승  20,0.25,7960.0,7970.0,107640.0,852.0,130523.0,,,0.542222,0.64057788,"6,417.93",29.46,0.46,2026-04-22 15:50:46
386,수소에너지(수소차/연료전지 등),0.89,009680,모토닉,테마 편입 사유,10980.0,상승  20,0.18,10960.0,10980.0,19064.0,208.0,19071.0,,,0.542222,0.64057788,"6,417.93",29.46,0.46,2026-04-22 15:50:46
386,수소에너지(수소차/연료전지 등),0.89,053700,삼보모터스 *,테마 편입 사유,6100.0,상승  10,0.16,6090.0,6100.0,278590.0,1679.0,222835.0,,,0.542222,0.64057788,"6,417.93",29.46,0.46,2026-04-22 15:50:46
386,수소에너지(수소차/연료전지 등),0.89,096630,에스코넥 *,테마 편입 사유,813.0,보합0,0.0,0.0,0.0,0.0,0.0,0.0,,,0.542222,0.64057788,"6,417.93",29.46,0.46,2026-04-22 15:50:46
386,수소에너지(수소차/연료전지 등),0.89,215360,우리산업 *,테마 편입 사유,9250.0,보합0,0.0,9250.0,9260.0,23574.0,217.0,65165.0,,,0.542222,0.64057788,"6,417.93",29.46,0.46,2026-04-22 15:50:46
386,수소에너지(수소차/연료전지 등),0.89,271940,일진하이솔루스,테마 편입 사유,17170.0,보합0,0.0,17170.0,17180.0,60868.0,1034.0,91231.0,,,0.542222,0.64057788,"6,417.93",29.46,0.46,2026-04-22 15:50:46
386,수소에너지(수소차/연료전지 등),0.89,000270,기아,테마 편입 사유,160000.0,보합0,0.0,159900.0,160000.0,770587.0,122545.0,758081.0,,,0.542222,0.64057788,"6,417.93",29.46,0.46,2026-04-22 15:50:46
386,수소에너지(수소차/연료전지 등),0.89,064960,SNT모티브,테마 편입 사유,34850.0,보합0,0.0,34800.0,34850.0,63422.0,2177.0,98184.0,,,0.542222,0.64057788,"6,417.93",29.46,0.46,2026-04-22 15:50:46
386,수소에너지(수소차/연료전지 등),0.89,0001A0,덕양에너젠 *,테마 편입 사유,17130.0,보합0,0.0,17120.0,17130.0,189964.0,3250.0,181233.0,,,0.542222,0.64057788,"6,417.93",29.46,0.46,2026-04-22 15:50:46
386,수소에너지(수소차/연료전지 등),0.89,012340,뉴인텍 *,테마 편입 사유,287.0,보합0,0.0,0.0,0.0,0.0,0.0,0.0,,,0.542222,0.64057788,"6,417.93",29.46,0.46,2026-04-22 15:50:46
386,수소에너지(수소차/연료전지 등),0.89,038880,아이에이 *,테마 편입 사유,135.0,보합0,0.0,0.0,0.0,0.0,0.0,0.0,,,0.542222,0.64057788,"6,417.93",29.46,0.46,2026-04-22 15:50:46
386,수소에너지(수소차/연료전지 등),0.89,066590,스모트로닉 *,테마 편입 사유,2645.0,하락  5,-0.19,2625.0,2645.0,90450.0,237.0,98002.0,,,0.542222,0.64057788,"6,417.93",29.46,0.46,2026-04-22 15:50:46
386,수소에너지(수소차/연료전지 등),0.89,023900,풍국주정 *,테마 편입 사유,10270.0,하락  20,-0.19,10270.0,10320.0,56846.0,587.0,49612.0,,,0.542222,0.64057788,"6,417.93",29.46,0.46,2026-04-22 15:50:46
386,수소에너지(수소차/연료전지 등),0.89,104830,원익머트리얼즈 *,테마 편입 사유,51300.0,하락  100,-0.19,51300.0,51400.0,86578.0,4392.0,104005.0,,,0.542222,0.64057788,"6,417.93",29.46,0.46,2026-04-22 15:50:46
386,수소에너지(수소차/연료전지 등),0.89,033290,로젠 *,테마 편입 사유,2080.0,하락  5,-0.24,2075.0,2080.0,54755.0,113.0,80193.0,,,0.542222,0.64057788,"6,417.93",29.46,0.46,2026-04-22 15:50:46
386,수소에너지(수소차/연료전지 등),0.89,023800,인지컨트롤스,테마 편입 사유,7760.0,하락  20,-0.26,7750.0,7760.0,41969.0,323.0,94530.0,,,0.542222,0.64057788,"6,417.93",29.46,0.46,2026-04-22 15:50:46
386,수소에너지(수소차/연료전지 등),0.89,009320,아진전자부품,테마 편입 사유,1044.0,하락  3,-0.29,1040.0,1044.0,140460.0,145.0,123859.0,,,0.542222,0.64057788,"6,417.93",29.46,0.46,2026-04-22 15:50:46
386,수소에너지(수소차/연료전지 등),0.89,095910,에스에너지 *,테마 편입 사유,1888.0,하락  7,-0.37,1888.0,1889.0,1423866.0,2724.0,2028620.0,,,0.542222,0.64057788,"6,417.93",29.46,0.46,2026-04-22 15:50:46
386,수소에너지(수소차/연료전지 등),0.89,010770,평화홀딩스,테마 편입 사유,3930.0,하락  15,-0.38,3920.0,3930.0,42417.0,165.0,16744.0,,,0.542222,0.64057788,"6,417.93",29.46,0.46,2026-04-22 15:50:46
386,수소에너지(수소차/연료전지 등),0.89,000430,대원강업,테마 편입 사유,4390.0,하락  20,-0.45,4390.0,4420.0,155640.0,682.0,120354.0,,,0.542222,0.64057788,"6,417.93",29.46,0.46,2026-04-22 15:50:46
386,수소에너지(수소차/연료전지 등),0.89,041930,동아화성 *,테마 편입 사유,6700.0,하락  30,-0.45,6680.0,6700.0,33795.0,225.0,48526.0,,,0.542222,0.64057788,"6,417.93",29.46,0.46,2026-04-22 15:50:46
386,수소에너지(수소차/연료전지 등),0.89,234100,폴라리스세원 *,테마 편입 사유,1049.0,하락  6,-0.57,1048.0,1049.0,321728.0,338.0,575162.0,,,0.542222,0.64057788,"6,417.93",29.46,0.46,2026-04-22 15:50:46
386,수소에너지(수소차/연료전지 등),0.89,004020,현대제철,테마 편입 사유,40100.0,하락  250,-0.62,40100.0,40150.0,580554.0,23234.0,1371367.0,,,0.542222,0.64057788,"6,417.93",29.46,0.46,2026-04-22 15:50:46
386,수소에너지(수소차/연료전지 등),0.89,025320,시노펙스 *,테마 편입 사유,6220.0,하락  40,-0.64,6220.0,6230.0,537364.0,3344.0,1128682.0,,,0.542222,0.64057788,"6,417.93",29.46,0.46,2026-04-22 15:50:46
386,수소에너지(수소차/연료전지 등),0.89,013570,디와이,테마 편입 사유,5100.0,하락  40,-0.78,5100.0,5110.0,112171.0,566.0,127882.0,,,0.542222,0.64057788,"6,417.93",29.46,0.46,2026-04-22 15:50:46
386,수소에너지(수소차/연료전지 등),0.89,056190,에스에프에이 *,테마 편입 사유,31550.0,하락  250,-0.79,31550.0,31600.0,126765.0,3996.0,216045.0,,,0.542222,0.64057788,"6,417.93",29.46,0.46,2026-04-22 15:50:46
386,수소에너지(수소차/연료전지 등),0.89,145990,삼양사,테마 편입 사유,46900.0,하락  400,-0.85,46900.0,47300.0,11227.0,526.0,7339.0,,,0.542222,0.64057788,"6,417.93",29.46,0.46,2026-04-22 15:50:46
386,수소에너지(수소차/연료전지 등),0.89,126880,제이엔케이글로벌 *,테마 편입 사유,3935.0,하락  35,-0.88,3935.0,3940.0,166753.0,656.0,182607.0,,,0.542222,0.64057788,"6,417.93",29.46,0.46,2026-04-22 15:50:46
386,수소에너지(수소차/연료전지 등),0.89,005380,현대차,테마 편입 사유,541000.0,"하락  5,000",-0.92,540000.0,541000.0,747121.0,400995.0,946609.0,,,0.542222,0.64057788,"6,417.93",29.46,0.46,2026-04-22 15:50:46
386,수소에너지(수소차/연료전지 등),0.89,090080,평화산업,테마 편입 사유,1015.0,하락  10,-0.98,1014.0,1015.0,231155.0,234.0,266968.0,,,0.542222,0.64057788,"6,417.93",29.46,0.46,2026-04-22 15:50:46
386,수소에너지(수소차/연료전지 등),0.89,080470,성창오토텍 *,테마 편입 사유,4100.0,하락  50,-1.2,4095.0,4100.0,26294.0,107.0,44815.0,,,0.542222,0.64057788,"6,417.93",29.46,0.46,2026-04-22 15:50:46
386,수소에너지(수소차/연료전지 등),0.89,034730,SK,테마 편입 사유,381500.0,"하락  5,000",-1.29,381500.0,382000.0,116647.0,44174.0,138852.0,,,0.542222,0.64057788,"6,417.93",29.46,0.46,2026-04-22 15:50:46
386,수소에너지(수소차/연료전지 등),0.89,019540,일지테크 *,테마 편입 사유,7620.0,하락  100,-1.3,7610.0,7620.0,172944.0,1312.0,169166.0,,,0.542222,0.64057788,"6,417.93",29.46,0.46,2026-04-22 15:50:46
386,수소에너지(수소차/연료전지 등),0.89,019180,티에이치엔,테마 편입 사유,7430.0,하락  100,-1.33,7420.0,7430.0,249888.0,1854.0,236350.0,,,0.542222,0.64057788,"6,417.93",29.46,0.46,2026-04-22 15:50:46
386,수소에너지(수소차/연료전지 등),0.89,013870,지엠비코리아,테마 편입 사유,5050.0,하락  70,-1.37,5040.0,5050.0,57287.0,289.0,867427.0,,,0.542222,0.64057788,"6,417.93",29.46,0.46,2026-04-22 15:50:46
386,수소에너지(수소차/연료전지 등),0.89,036890,진성티이씨 *,테마 편입 사유,17400.0,하락  250,-1.42,17390.0,17400.0,214116.0,3689.0,175959.0,,,0.542222,0.64057788,"6,417.93",29.46,0.46,2026-04-22 15:50:46
386,수소에너지(수소차/연료전지 등),0.89,122350,삼기 *,테마 편입 사유,1549.0,하락  26,-1.65,1547.0,1549.0,480344.0,742.0,3828812.0,,,0.542222,0.64057788,"6,417.93",29.46,0.46,2026-04-22 15:50:46
386,수소에너지(수소차/연료전지 등),0.89,018880,한온시스템,테마 편입 사유,4175.0,하락  75,-1.76,4170.0,4175.0,10913465.0,44961.0,33700967.0,,,0.542222,0.64057788,"6,417.93",29.46,0.46,2026-04-22 15:50:46
386,수소에너지(수소차/연료전지 등),0.89,092780,DYP,테마 편입 사유,5000.0,하락  90,-1.77,5000.0,5010.0,53807.0,267.0,92306.0,,,0.542222,0.64057788,"6,417.93",29.46,0.46,2026-04-22 15:50:46
386,수소에너지(수소차/연료전지 등),0.89,212710,아이에스티이 *,테마 편입 사유,8630.0,하락  160,-1.82,8620.0,8630.0,653338.0,5850.0,206316.0,,,0.542222,0.64057788,"6,417.93",29.46,0.46,2026-04-22 15:50:46
386,수소에너지(수소차/연료전지 등),0.89,011320,유니크 *,테마 편입 사유,4495.0,하락  90,-1.96,4495.0,4500.0,122608.0,557.0,86693.0,,,0.542222,0.64057788,"6,417.93",29.46,0.46,2026-04-22 15:50:46
386,수소에너지(수소차/연료전지 등),0.89,290520,신도기연 *,테마 편입 사유,2255.0,하락  110,-4.65,2255.0,2270.0,166054.0,375.0,96815.0,,,0.542222,0.64057788,"6,417.93",29.46,0.46,2026-04-22 15:50:46
386,수소에너지(수소차/연료전지 등),0.89,078130,국일제지 *,테마 편입 사유,448.0,하락  22,-4.68,448.0,449.0,102140559.0,54150.0,75816102.0,,,0.542222,0.64057788,"6,417.93",29.46,0.46,2026-04-22 15:50:46
386,수소에너지(수소차/연료전지 등),0.89,059090,미코 *,테마 편입 사유,21100.0,"하락  1,350",-6.01,21050.0,21100.0,957646.0,20144.0,994229.0,,,0.542222,0.64057788,"6,417.93",29.46,0.46,2026-04-22 15:50:46
452,코로나19(음압병실/음압구급차),0.85,011930,신성이엔지,테마 편입 사유,4130.0,상승  195,4.96,4125.0,4130.0,67848957.0,284083.0,45381738.0,,,0.477986,0.63012644,"6,417.93",29.46,0.46,2026-04-22 15:50:46
452,코로나19(음압병실/음압구급차),0.85,067170,오텍 *,테마 편입 사유,2610.0,상승  65,2.55,2605.0,2610.0,379347.0,987.0,331804.0,,,0.477986,0.63012644,"6,417.93",29.46,0.46,2026-04-22 15:50:46
452,코로나19(음압병실/음압구급차),0.85,053080,케이엔솔 *,테마 편입 사유,13040.0,상승  40,0.31,13030.0,13040.0,205759.0,2633.0,192611.0,,,0.477986,0.63012644,"6,417.93",29.46,0.46,2026-04-22 15:50:46
452,코로나19(음압병실/음압구급차),0.85,215380,우정바이오 *,테마 편입 사유,3245.0,상승  5,0.15,3230.0,3245.0,218537.0,703.0,272192.0,,,0.477986,0.63012644,"6,417.93",29.46,0.46,2026-04-22 15:50:46
452,코로나19(음압병실/음압구급차),0.85,130500,GH신소재 *,테마 편입 사유,2625.0,하락  10,-0.38,2625.0,2645.0,33701.0,88.0,39219.0,,,0.477986,0.63012644,"6,417.93",29.46,0.46,2026-04-22 15:50:46
452,코로나19(음압병실/음압구급차),0.85,067570,엔브이에이치코리아 *,테마 편입 사유,2185.0,하락  10,-0.46,2180.0,2185.0,64590.0,140.0,49724.0,,,0.477986,0.63012644,"6,417.93",29.46,0.46,2026-04-22 15:50:46
452,코로나19(음압병실/음압구급차),0.85,109610,에스와이 *,테마 편입 사유,2955.0,하락  35,-1.17,2955.0,2960.0,219677.0,645.0,359850.0,,,0.477986,0.63012644,"6,417.93",29.46,0.46,2026-04-22 15:50:46
568,코리아 밸류업 지수(Korea Value-up Index),0.85,011070,LG이노텍,테마 편입 사유,500000.0,"상승  75,000",17.65,500000.0,501000.0,598835.0,290059.0,201193.0,,,0.542066,0.60064964,"6,417.93",29.46,0.46,2026-04-22 15:50:46
568,코리아 밸류업 지수(Korea Value-up Index),0.85,079550,LIG디펜스앤에어로스페이스,테마 편입 사유,1020000.0,"상승  111,000",12.21,1020000.0,1021000.0,1256166.0,1287234.0,165856.0,,,0.542066,0.60064964,"6,417.93",29.46,0.46,2026-04-22 15:50:46
568,코리아 밸류업 지수(Korea Value-up Index),0.85,005290,동진쎄미켐 *,테마 편입 사유,60400.0,"상승  5,700",10.42,60400.0,60500.0,3292950.0,195755.0,529886.0,,,0.542066,0.60064964,"6,417.93",29.46,0.46,2026-04-22 15:50:46
568,코리아 밸류업 지수(Korea Value-up Index),0.85,009900,명신산업,테마 편입 사유,11470.0,상승  930,8.82,11460.0,11470.0,1623683.0,18329.0,237902.0,,,0.542066,0.60064964,"6,417.93",29.46,0.46,2026-04-22 15:50:46
568,코리아 밸류업 지수(Korea Value-up Index),0.85,064350,현대로템,테마 편입 사유,237500.0,"상승  16,000",7.22,237000.0,237500.0,1096667.0,256097.0,737464.0,,,0.542066,0.60064964,"6,417.93",29.46,0.46,2026-04-22 15:50:46
568,코리아 밸류업 지수(Korea Value-up Index),0.85,357780,솔브레인 *,테마 편입 사유,464000.0,"상승  23,000",5.22,463000.0,464000.0,70800.0,32334.0,32055.0,,,0.542066,0.60064964,"6,417.93",29.46,0.46,2026-04-22 15:50:46
568,코리아 밸류업 지수(Korea Value-up Index),0.85,010120,LS ELECTRIC,테마 편입 사유,194200.0,"상승  9,500",5.14,194100.0,194200.0,1498773.0,288495.0,790569.0,,,0.542066,0.60064964,"6,417.93",29.46,0.46,2026-04-22 15:50:46
568,코리아 밸류업 지수(Korea Value-up Index),0.85,000990,DB하이텍,테마 편입 사유,127900.0,"상승  5,900",4.84,127800.0,127900.0,633243.0,79720.0,720299.0,,,0.542066,0.60064964,"6,417.93",29.46,0.46,2026-04-22 15:50:46
568,코리아 밸류업 지수(Korea Value-up Index),0.85,259960,크래프톤,테마 편입 사유,265500.0,"상승  10,500",4.12,265500.0,266000.0,121225.0,31825.0,134683.0,,,0.542066,0.60064964,"6,417.93",29.46,0.46,2026-04-22 15:50:46
568,코리아 밸류업 지수(Korea Value-up Index),0.85,047050,포스코인터내셔널,테마 편입 사유,80600.0,"상승  3,100",4.0,80500.0,80600.0,898780.0,71581.0,551514.0,,,0.542066,0.60064964,"6,417.93",29.46,0.46,2026-04-22 15:50:46
568,코리아 밸류업 지수(Korea Value-up Index),0.85,319660,피에스케이 *,테마 편입 사유,86900.0,"상승  3,200",3.82,86800.0,86900.0,283111.0,23930.0,250067.0,,,0.542066,0.60064964,"6,417.93",29.46,0.46,2026-04-22 15:50:46
568,코리아 밸류업 지수(Korea Value-up Index),0.85,140860,파크시스템스 *,테마 편입 사유,284500.0,"상승  10,000",3.64,284500.0,285000.0,57384.0,16132.0,45251.0,,,0.542066,0.60064964,"6,417.93",29.46,0.46,2026-04-22 15:50:46
568,코리아 밸류업 지수(Korea Value-up Index),0.85,011780,금호석유화학,테마 편입 사유,139600.0,"상승  4,800",3.56,139500.0,139600.0,146172.0,19888.0,76228.0,,,0.542066,0.60064964,"6,417.93",29.46,0.46,2026-04-22 15:50:46
568,코리아 밸류업 지수(Korea Value-up Index),0.85,031980,피에스케이홀딩스 *,테마 편입 사유,114600.0,"상승  3,700",3.34,114500.0,114600.0,207167.0,23138.0,202344.0,,,0.542066,0.60064964,"6,417.93",29.46,0.46,2026-04-22 15:50:46
568,코리아 밸류업 지수(Korea Value-up Index),0.85,267260,HD현대일렉트릭,테마 편입 사유,1090000.0,"상승  32,000",3.02,1090000.0,1091000.0,145221.0,154368.0,197856.0,,,0.542066,0.60064964,"6,417.93",29.46,0.46,2026-04-22 15:50:46
568,코리아 밸류업 지수(Korea Value-up Index),0.85,403870,HPSP *,테마 편입 사유,48000.0,"상승  1,400",3.0,47950.0,48000.0,3583228.0,168943.0,2269835.0,,,0.542066,0.60064964,"6,417.93",29.46,0.46,2026-04-22 15:50:46
568,코리아 밸류업 지수(Korea Value-up Index),0.85,267250,HD현대,테마 편입 사유,264500.0,"상승  7,500",2.92,264000.0,264500.0,189803.0,48809.0,164721.0,,,0.542066,0.60064964,"6,417.93",29.46,0.46,2026-04-22 15:50:46
568,코리아 밸류업 지수(Korea Value-up Index),0.85,022100,포스코DX,테마 편입 사유,35650.0,"상승  1,000",2.89,35600.0,35650.0,931918.0,33278.0,675749.0,,,0.542066,0.60064964,"6,417.93",29.46,0.46,2026-04-22 15:50:46
568,코리아 밸류업 지수(Korea Value-up Index),0.85,035900,JYP Ent. *,테마 편입 사유,63400.0,"상승  1,700",2.76,63300.0,63400.0,207532.0,12954.0,123276.0,,,0.542066,0.60064964,"6,417.93",29.46,0.46,2026-04-22 15:50:46
568,코리아 밸류업 지수(Korea Value-up Index),0.85,298040,효성중공업,테마 편입 사유,3084000.0,"상승  82,000",2.73,3084000.0,3085000.0,36712.0,111748.0,35605.0,,,0.542066,0.60064964,"6,417.93",29.46,0.46,2026-04-22 15:50:46
568,코리아 밸류업 지수(Korea Value-up Index),0.85,012330,현대모비스,테마 편입 사유,456500.0,"상승  9,500",2.13,456500.0,457000.0,290284.0,130922.0,330317.0,,,0.542066,0.60064964,"6,417.93",29.46,0.46,2026-04-22 15:50:46
568,코리아 밸류업 지수(Korea Value-up Index),0.85,272210,한화시스템,테마 편입 사유,134100.0,"상승  2,700",2.05,134100.0,134200.0,1583516.0,212787.0,649875.0,,,0.542066,0.60064964,"6,417.93",29.46,0.46,2026-04-22 15:50:46
568,코리아 밸류업 지수(Korea Value-up Index),0.85,047810,한국항공우주,테마 편입 사유,185800.0,"상승  3,300",1.81,185700.0,185800.0,620990.0,115421.0,599874.0,,,0.542066,0.60064964,"6,417.93",29.46,0.46,2026-04-22 15:50:46
568,코리아 밸류업 지수(Korea Value-up Index),0.85,012450,한화에어로스페이스,테마 편입 사유,1416000.0,"상승  25,000",1.8,1415000.0,1416000.0,159301.0,226328.0,162137.0,,,0.542066,0.60064964,"6,417.93",29.46,0.46,2026-04-22 15:50:46
568,코리아 밸류업 지수(Korea Value-up Index),0.85,064760,티씨케이 *,테마 편입 사유,285000.0,"상승  5,000",1.79,283500.0,285000.0,67992.0,19053.0,69876.0,,,0.542066,0.60064964,"6,417.93",29.46,0.46,2026-04-22 15:50:46
568,코리아 밸류업 지수(Korea Value-up Index),0.85,192820,코스맥스,테마 편입 사유,217500.0,"상승  3,500",1.64,217000.0,217500.0,69710.0,15187.0,77510.0,,,0.542066,0.60064964,"6,417.93",29.46,0.46,2026-04-22 15:50:46
568,코리아 밸류업 지수(Korea Value-up Index),0.85,241560,두산밥캣,테마 편입 사유,72900.0,"상승  1,100",1.53,72900.0,73000.0,438985.0,31820.0,301658.0,,,0.542066,0.60064964,"6,417.93",29.46,0.46,2026-04-22 15:50:46
568,코리아 밸류업 지수(Korea Value-up Index),0.85,103140,풍산,테마 편입 사유,101400.0,"상승  1,500",1.5,101300.0,101400.0,187707.0,18860.0,145874.0,,,0.542066,0.60064964,"6,417.93",29.46,0.46,2026-04-22 15:50:46
568,코리아 밸류업 지수(Korea Value-up Index),0.85,058470,리노공업 *,테마 편입 사유,120200.0,"상승  1,700",1.43,120100.0,120200.0,572327.0,67657.0,618083.0,,,0.542066,0.60064964,"6,417.93",29.46,0.46,2026-04-22 15:50:46
568,코리아 밸류업 지수(Korea Value-up Index),0.85,383310,에코프로에이치엔 *,테마 편입 사유,34000.0,상승  450,1.34,33950.0,34000.0,372751.0,12528.0,615444.0,,,0.542066,0.60064964,"6,417.93",29.46,0.46,2026-04-22 15:50:46
568,코리아 밸류업 지수(Korea Value-up Index),0.85,271560,오리온,테마 편입 사유,137100.0,"상승  1,700",1.26,137100.0,137200.0,102808.0,14090.0,95502.0,,,0.542066,0.60064964,"6,417.93",29.46,0.46,2026-04-22 15:50:46
568,코리아 밸류업 지수(Korea Value-up Index),0.85,036930,주성엔지니어링 *,테마 편입 사유,120400.0,"상승  1,500",1.26,120400.0,120500.0,8140409.0,967095.0,10106965.0,,,0.542066,0.60064964,"6,417.93",29.46,0.46,2026-04-22 15:50:46
568,코리아 밸류업 지수(Korea Value-up Index),0.85,192650,드림텍,테마 편입 사유,6810.0,상승  80,1.19,6800.0,6810.0,225047.0,1517.0,340447.0,,,0.542066,0.60064964,"6,417.93",29.46,0.46,2026-04-22 15:50:46
568,코리아 밸류업 지수(Korea Value-up Index),0.85,086280,현대글로비스,테마 편입 사유,235500.0,"상승  2,000",0.86,235500.0,236000.0,180921.0,42118.0,153535.0,,,0.542066,0.60064964,"6,417.93",29.46,0.46,2026-04-22 15:50:46
568,코리아 밸류업 지수(Korea Value-up Index),0.85,051600,한전KPS,테마 편입 사유,60700.0,상승  500,0.83,60600.0,60700.0,138221.0,8307.0,122273.0,,,0.542066,0.60064964,"6,417.93",29.46,0.46,2026-04-22 15:50:46
568,코리아 밸류업 지수(Korea Value-up Index),0.85,005830,DB손해보험,테마 편입 사유,172100.0,"상승  1,400",0.82,171900.0,172100.0,217738.0,37101.0,232006.0,,,0.542066,0.60064964,"6,417.93",29.46,0.46,2026-04-22 15:50:46
568,코리아 밸류업 지수(Korea Value-up Index),0.85,018670,SK가스,테마 편입 사유,246000.0,"상승  2,000",0.82,245000.0,246000.0,17317.0,4248.0,13480.0,,,0.542066,0.60064964,"6,417.93",29.46,0.46,2026-04-22 15:50:46
568,코리아 밸류업 지수(Korea Value-up Index),0.85,003230,삼양식품,테마 편입 사유,1370000.0,"상승  11,000",0.81,1370000.0,1373000.0,51243.0,70218.0,42705.0,,,0.542066,0.60064964,"6,417.93",29.46,0.46,2026-04-22 15:50:46
568,코리아 밸류업 지수(Korea Value-up Index),0.85,298020,효성티앤씨,테마 편입 사유,531000.0,"상승  4,000",0.76,530000.0,531000.0,31727.0,16848.0,41453.0,,,0.542066,0.60064964,"6,417.93",29.46,0.46,2026-04-22 15:50:46
568,코리아 밸류업 지수(Korea Value-up Index),0.85,052690,한전기술,테마 편입 사유,180400.0,"상승  1,300",0.73,180400.0,180500.0,176500.0,31603.0,200134.0,,,0.542066,0.60064964,"6,417.93",29.46,0.46,2026-04-22 15:50:46
568,코리아 밸류업 지수(Korea Value-up Index),0.85,033100,제룡전기 *,테마 편입 사유,52000.0,상승  300,0.58,51900.0,52000.0,128786.0,6655.0,116666.0,,,0.542066,0.60064964,"6,417.93",29.46,0.46,2026-04-22 15:50:46
568,코리아 밸류업 지수(Korea Value-up Index),0.85,014820,동원시스템즈,테마 편입 사유,27550.0,상승  150,0.55,27550.0,27600.0,84668.0,2317.0,107873.0,,,0.542066,0.60064964,"6,417.93",29.46,0.46,2026-04-22 15:50:46
568,코리아 밸류업 지수(Korea Value-up Index),0.85,067160,SOOP *,테마 편입 사유,60400.0,상승  300,0.5,60400.0,60600.0,33274.0,2011.0,27680.0,,,0.542066,0.60064964,"6,417.93",29.46,0.46,2026-04-22 15:50:46
568,코리아 밸류업 지수(Korea Value-up Index),0.85,090430,아모레퍼시픽,테마 편입 사유,131200.0,상승  600,0.46,131200.0,131300.0,232274.0,30412.0,212744.0,,,0.542066,0.60064964,"6,417.93",29.46,0.46,2026-04-22 15:50:46
568,코리아 밸류업 지수(Korea Value-up Index),0.85,006800,미래에셋증권,테마 편입 사유,69100.0,상승  300,0.44,69100.0,69200.0,2457077.0,170017.0,2185006.0,,,0.542066,0.60064964,"6,417.93",29.46,0.46,2026-04-22 15:50:46
568,코리아 밸류업 지수(Korea Value-up Index),0.85,214150,클래시스 *,테마 편입 사유,57300.0,상승  200,0.35,57200.0,57300.0,136643.0,7768.0,193909.0,,,0.542066,0.60064964,"6,417.93",29.46,0.46,2026-04-22 15:50:46
568,코리아 밸류업 지수(Korea Value-up Index),0.85,214450,파마리서치 *,테마 편입 사유,303500.0,"상승  1,000",0.33,303000.0,303500.0,56854.0,17054.0,54709.0,,,0.542066,0.60064964,"6,417.93",29.46,0.46,2026-04-22 15:50:46
568,코리아 밸류업 지수(Korea Value-up Index),0.85,030190,NICE평가정보,테마 편입 사유,15690.0,상승  50,0.32,15690.0,15740.0,67337.0,1044.0,38433.0,,,0.542066,0.60064964,"6,417.93",29.46,0.46,2026-04-22 15:50:46
568,코리아 밸류업 지수(Korea Value-up Index),0.85,381970,케이카,테마 편입 사유,10490.0,상승  30,0.29,10490.0,10500.0,158411.0,1650.0,172638.0,,,0.542066,0.60064964,"6,417.93",29.46,0.46,2026-04-22 15:50:46
568,코리아 밸류업 지수(Korea Value-up Index),0.85,035250,강원랜드,테마 편입 사유,16880.0,상승  40,0.24,16880.0,16890.0,446988.0,7525.0,532371.0,,,0.542066,0.60064964,"6,417.93",29.46,0.46,2026-04-22 15:50:46
568,코리아 밸류업 지수(Korea Value-up Index),0.85,348210,넥스틴 *,테마 편입 사유,76400.0,보합0,0.0,76300.0,76400.0,83064.0,6289.0,68636.0,,,0.542066,0.60064964,"6,417.93",29.46,0.46,2026-04-22 15:50:46
568,코리아 밸류업 지수(Korea Value-up Index),0.85,000270,기아,테마 편입 사유,160000.0,보합0,0.0,159900.0,160000.0,770587.0,122545.0,758081.0,,,0.542066,0.60064964,"6,417.93",29.46,0.46,2026-04-22 15:50:46
568,코리아 밸류업 지수(Korea Value-up Index),0.85,014680,한솔케미칼,테마 편입 사유,288000.0,보합0,0.0,288000.0,288500.0,84268.0,23961.0,50833.0,,,0.542066,0.60064964,"6,417.93",29.46,0.46,2026-04-22 15:50:46
568,코리아 밸류업 지수(Korea Value-up Index),0.85,000660,SK하이닉스,테마 편입 사유,1223000.0,"하락  1,000",-0.08,1223000.0,1224000.0,2868925.0,3486991.0,3516960.0,,,0.542066,0.60064964,"6,417.93",29.46,0.46,2026-04-22 15:50:46
568,코리아 밸류업 지수(Korea Value-up Index),0.85,030000,제일기획,테마 편입 사유,19780.0,하락  30,-0.15,19780.0,19790.0,228189.0,4516.0,242391.0,,,0.542066,0.60064964,"6,417.93",29.46,0.46,2026-04-22 15:50:46
568,코리아 밸류업 지수(Korea Value-up Index),0.85,026960,동서,테마 편입 사유,26900.0,하락  50,-0.19,26900.0,26950.0,48592.0,1310.0,68429.0,,,0.542066,0.60064964,"6,417.93",29.46,0.46,2026-04-22 15:50:46
568,코리아 밸류업 지수(Korea Value-up Index),0.85,192080,더블유게임즈,테마 편입 사유,51600.0,하락  100,-0.19,51600.0,51800.0,58698.0,3032.0,63767.0,,,0.542066,0.60064964,"6,417.93",29.46,0.46,2026-04-22 15:50:46
568,코리아 밸류업 지수(Korea Value-up Index),0.85,017670,SK텔레콤,테마 편입 사유,100300.0,하락  200,-0.2,100300.0,100400.0,845287.0,84758.0,1087598.0,,,0.542066,0.60064964,"6,417.93",29.46,0.46,2026-04-22 15:50:46
568,코리아 밸류업 지수(Korea Value-up Index),0.85,009450,경동나비엔,테마 편입 사유,68500.0,하락  200,-0.29,68300.0,68500.0,44341.0,3011.0,29785.0,,,0.542066,0.60064964,"6,417.93",29.46,0.46,2026-04-22 15:50:46
568,코리아 밸류업 지수(Korea Value-up Index),0.85,089860,롯데렌탈,테마 편입 사유,33500.0,하락  100,-0.3,33450.0,33500.0,31643.0,1056.0,24789.0,,,0.542066,0.60064964,"6,417.93",29.46,0.46,2026-04-22 15:50:46
568,코리아 밸류업 지수(Korea Value-up Index),0.85,005180,빙그레,테마 편입 사유,75200.0,하락  300,-0.4,75000.0,75200.0,47516.0,3572.0,26732.0,,,0.542066,0.60064964,"6,417.93",29.46,0.46,2026-04-22 15:50:46
568,코리아 밸류업 지수(Korea Value-up Index),0.85,042700,한미반도체,테마 편입 사유,293500.0,"하락  1,500",-0.51,293000.0,293500.0,684762.0,198796.0,496193.0,,,0.542066,0.60064964,"6,417.93",29.46,0.46,2026-04-22 15:50:46
568,코리아 밸류업 지수(Korea Value-up Index),0.85,183300,코미코 *,테마 편입 사유,151500.0,"하락  1,000",-0.66,151400.0,151500.0,112758.0,16832.0,121235.0,,,0.542066,0.60064964,"6,417.93",29.46,0.46,2026-04-22 15:50:46
568,코리아 밸류업 지수(Korea Value-up Index),0.85,282330,BGF리테일,테마 편입 사유,133200.0,하락  900,-0.67,133100.0,133200.0,41928.0,5583.0,60419.0,,,0.542066,0.60064964,"6,417.93",29.46,0.46,2026-04-22 15:50:46
568,코리아 밸류업 지수(Korea Value-up Index),0.85,005930,삼성전자,테마 편입 사유,217500.0,"하락  1,500",-0.68,217500.0,218000.0,16732708.0,3648624.0,16752132.0,,,0.542066,0.60064964,"6,417.93",29.46,0.46,2026-04-22 15:50:46
568,코리아 밸류업 지수(Korea Value-up Index),0.85,039130,하나투어,테마 편입 사유,42400.0,하락  300,-0.7,42400.0,42450.0,38469.0,1635.0,61832.0,,,0.542066,0.60064964,"6,417.93",29.46,0.46,2026-04-22 15:50:46
568,코리아 밸류업 지수(Korea Value-up Index),0.85,021240,코웨이,테마 편입 사유,80800.0,하락  600,-0.74,80800.0,80900.0,274247.0,22114.0,645573.0,,,0.542066,0.60064964,"6,417.93",29.46,0.46,2026-04-22 15:50:46
568,코리아 밸류업 지수(Korea Value-up Index),0.85,016360,삼성증권,테마 편입 사유,109400.0,"하락  1,000",-0.91,109300.0,109400.0,299012.0,32514.0,245532.0,,,0.542066,0.60064964,"6,417.93",29.46,0.46,2026-04-22 15:50:46
568,코리아 밸류업 지수(Korea Value-up Index),0.85,185750,종근당,테마 편입 사유,87200.0,하락  800,-0.91,87200.0,87300.0,16183.0,1413.0,21361.0,,,0.542066,0.60064964,"6,417.93",29.46,0.46,2026-04-22 15:50:46
568,코리아 밸류업 지수(Korea Value-up Index),0.85,002840,미원상사,테마 편입 사유,139600.0,"하락  1,300",-0.92,139500.0,139600.0,4184.0,582.0,3039.0,,,0.542066,0.60064964,"6,417.93",29.46,0.46,2026-04-22 15:50:46
568,코리아 밸류업 지수(Korea Value-up Index),0.85,005380,현대차,테마 편입 사유,541000.0,"하락  5,000",-0.92,540000.0,541000.0,747121.0,400995.0,946609.0,,,0.542066,0.60064964,"6,417.93",29.46,0.46,2026-04-22 15:50:46
568,코리아 밸류업 지수(Korea Value-up Index),0.85,012750,에스원,테마 편입 사유,88000.0,하락  900,-1.01,87900.0,88000.0,27559.0,2418.0,35243.0,,,0.542066,0.60064964,"6,417.93",29.46,0.46,2026-04-22 15:50:46
568,코리아 밸류업 지수(Korea Value-up Index),0.85,383220,F&F,테마 편입 사유,67000.0,하락  700,-1.03,67000.0,67100.0,62054.0,4136.0,57260.0,,,0.542066,0.60064964,"6,417.93",29.46,0.46,2026-04-22 15:50:46
568,코리아 밸류업 지수(Korea Value-up Index),0.85,005300,롯데칠성,테마 편입 사유,122100.0,"하락  1,300",-1.05,122100.0,122300.0,16167.0,1969.0,15758.0,,,0.542066,0.60064964,"6,417.93",29.46,0.46,2026-04-22 15:50:46
568,코리아 밸류업 지수(Korea Value-up Index),0.85,138040,메리츠금융지주,테마 편입 사유,115500.0,"하락  1,300",-1.11,115500.0,115700.0,199564.0,23020.0,157156.0,,,0.542066,0.60064964,"6,417.93",29.46,0.46,2026-04-22 15:50:46
568,코리아 밸류업 지수(Korea Value-up Index),0.85,033780,KT&G,테마 편입 사유,171000.0,"하락  2,000",-1.16,170900.0,171000.0,340674.0,57935.0,234094.0,,,0.542066,0.60064964,"6,417.93",29.46,0.46,2026-04-22 15:50:46
568,코리아 밸류업 지수(Korea Value-up Index),0.85,011200,HMM,테마 편입 사유,20850.0,하락  250,-1.18,20850.0,20900.0,1117187.0,23266.0,821520.0,,,0.542066,0.60064964,"6,417.93",29.46,0.46,2026-04-22 15:50:46
568,코리아 밸류업 지수(Korea Value-up Index),0.85,336570,원텍 *,테마 편입 사유,7380.0,하락  90,-1.2,7380.0,7390.0,329075.0,2423.0,580013.0,,,0.542066,0.60064964,"6,417.93",29.46,0.46,2026-04-22 15:50:46
568,코리아 밸류업 지수(Korea Value-up Index),0.85,055550,신한지주,테마 편입 사유,98600.0,"하락  1,200",-1.2,98500.0,98600.0,1071124.0,105439.0,574865.0,,,0.542066,0.60064964,"6,417.93",29.46,0.46,2026-04-22 15:50:46
568,코리아 밸류업 지수(Korea Value-up Index),0.85,009240,한샘,테마 편입 사유,38800.0,하락  500,-1.27,38750.0,38800.0,50643.0,1958.0,53680.0,,,0.542066,0.60064964,"6,417.93",29.46,0.46,2026-04-22 15:50:46
568,코리아 밸류업 지수(Korea Value-up Index),0.85,000810,삼성화재,테마 편입 사유,461500.0,"하락  6,500",-1.39,461500.0,462000.0,93264.0,43232.0,138915.0,,,0.542066,0.60064964,"6,417.93",29.46,0.46,2026-04-22 15:50:46
568,코리아 밸류업 지수(Korea Value-up Index),0.85,030200,KT,테마 편입 사유,61800.0,하락  900,-1.44,61800.0,62000.0,244783.0,15146.0,940085.0,,,0.542066,0.60064964,"6,417.93",29.46,0.46,2026-04-22 15:50:46
568,코리아 밸류업 지수(Korea Value-up Index),0.85,071050,한국금융지주,테마 편입 사유,258000.0,"하락  4,000",-1.53,257500.0,258000.0,318279.0,80812.0,199774.0,,,0.542066,0.60064964,"6,417.93",29.46,0.46,2026-04-22 15:50:46
568,코리아 밸류업 지수(Korea Value-up Index),0.85,008930,한미사이언스,테마 편입 사유,38650.0,하락  600,-1.53,38650.0,38700.0,87544.0,3392.0,80696.0,,,0.542066,0.60064964,"6,417.93",29.46,0.46,2026-04-22 15:50:46
568,코리아 밸류업 지수(Korea Value-up Index),0.85,003490,대한항공,테마 편입 사유,25200.0,하락  400,-1.56,25200.0,25250.0,967296.0,24294.0,1462650.0,,,0.542066,0.60064964,"6,417.93",29.46,0.46,2026-04-22 15:50:46
568,코리아 밸류업 지수(Korea Value-up Index),0.85,039490,키움증권,테마 편입 사유,444000.0,"하락  7,500",-1.66,444000.0,444500.0,128383.0,56821.0,156523.0,,,0.542066,0.60064964,"6,417.93",29.46,0.46,2026-04-22 15:50:46
568,코리아 밸류업 지수(Korea Value-up Index),0.85,017800,현대엘리베이터,테마 편입 사유,98000.0,"하락  1,700",-1.71,97900.0,98000.0,232914.0,22800.0,214613.0,,,0.542066,0.60064964,"6,417.93",29.46,0.46,2026-04-22 15:50:46
568,코리아 밸류업 지수(Korea Value-up Index),0.85,272290,이녹스첨단소재 *,테마 편입 사유,35650.0,하락  650,-1.79,35650.0,35700.0,321689.0,11502.0,593702.0,,,0.542066,0.60064964,"6,417.93",29.46,0.46,2026-04-22 15:50:46
568,코리아 밸류업 지수(Korea Value-up Index),0.85,145720,덴티움,테마 편입 사유,53500.0,"하락  1,000",-1.83,53500.0,53600.0,33771.0,1809.0,35315.0,,,0.542066,0.60064964,"6,417.93",29.46,0.46,2026-04-22 15:50:46
568,코리아 밸류업 지수(Korea Value-up Index),0.85,180640,한진칼,테마 편입 사유,116800.0,"하락  2,200",-1.85,116800.0,116900.0,82195.0,9567.0,105661.0,,,0.542066,0.60064964,"6,417.93",29.46,0.46,2026-04-22 15:50:46
568,코리아 밸류업 지수(Korea Value-up Index),0.85,105560,KB금융,테마 편입 사유,157400.0,"하락  3,000",-1.87,157300.0,157400.0,1086397.0,170275.0,594032.0,,,0.542066,0.60064964,"6,417.93",29.46,0.46,2026-04-22 15:50:46
568,코리아 밸류업 지수(Korea Value-up Index),0.85,128940,한미약품,테마 편입 사유,494500.0,"하락  9,500",-1.88,494500.0,495000.0,81248.0,40347.0,123143.0,,,0.542066,0.60064964,"6,417.93",29.46,0.46,2026-04-22 15:50:46
568,코리아 밸류업 지수(Korea Value-up Index),0.85,290650,엘앤씨바이오 *,테마 편입 사유,67300.0,"하락  1,400",-2.04,67300.0,67400.0,174617.0,11699.0,187928.0,,,0.542066,0.60064964,"6,417.93",29.46,0.46,2026-04-22 15:50:46
568,코리아 밸류업 지수(Korea Value-up Index),0.85,001060,JW중외제약,테마 편입 사유,30250.0,하락  700,-2.26,30250.0,30300.0,36312.0,1098.0,52733.0,,,0.542066,0.60064964,"6,417.93",29.46,0.46,2026-04-22 15:50:46
568,코리아 밸류업 지수(Korea Value-up Index),0.85,316140,우리금융지주,테마 편입 사유,34900.0,하락  900,-2.51,34900.0,34950.0,1457546.0,50960.0,1219558.0,,,0.542066,0.60064964,"6,417.93",29.46,0.46,2026-04-22 15:50:46
568,코리아 밸류업 지수(Korea Value-up Index),0.85,215200,메가스터디교육 *,테마 편입 사유,44450.0,"하락  1,200",-2.63,44450.0,44600.0,29602.0,1323.0,32518.0,,,0.542066,0.60064964,"6,417.93",29.46,0.46,2026-04-22 15:50:46
568,코리아 밸류업 지수(Korea Value-up Index),0.85,336370,솔루스첨단소재,테마 편입 사유,13500.0,하락  380,-2.74,13500.0,13510.0,2804382.0,37461.0,5072608.0,,,0.542066,0.60064964,"6,417.93",29.46,0.46,2026-04-22 15:50:46
568,코리아 밸류업 지수(Korea Value-up Index),0.85,086790,하나금융지주,테마 편입 사유,119500.0,"하락  3,500",-2.85,119500.0,119600.0,711508.0,85001.0,542994.0,,,0.542066,0.60064964,"6,417.93",29.46,0.46,2026-04-22 15:50:46
568,코리아 밸류업 지수(Korea Value-up Index),0.85,175330,JB금융지주,테마 편입 사유,30050.0,하락  900,-2.91,30050.0,30100.0,399272.0,11957.0,298739.0,,,0.542066,0.60064964,"6,417.93",29.46,0.46,2026-04-22 15:50:46
600,주유소,0.81,002420,세기상사,테마 편입 사유,6230.0,상승  290,4.88,6090.0,6230.0,28225.0,172.0,31221.0,,,0.5,0.5800000000000001,"6,417.93",29.46,0.46,2026-04-22 15:50:46
600,주유소,0.81,025860,남해화학,테마 편입 사유,8890.0,상승  270,3.13,8890.0,8900.0,2617298.0,23404.0,1499235.0,,,0.5,0.5800000000000001,"6,417.93",29.46,0.46,2026-04-22 15:50:46
600,주유소,0.81,267250,HD현대,테마 편입 사유,264500.0,"상승  7,500",2.92,264000.0,264500.0,189803.0,48809.0,164721.0,,,0.5,0.5800000000000001,"6,417.93",29.46,0.46,2026-04-22 15:50:46
600,주유소,0.81,015890,태경산업,테마 편입 사유,5210.0,상승  140,2.76,5200.0,5210.0,221042.0,1142.0,76965.0,,,0.5,0.5800000000000001,"6,417.93",29.46,0.46,2026-04-22 15:50:46
600,주유소,0.81,357120,코람코라이프인프라리츠,테마 편입 사유,4800.0,상승  55,1.16,4795.0,4800.0,144338.0,688.0,134591.0,,,0.5,0.5800000000000001,"6,417.93",29.46,0.46,2026-04-22 15:50:46
600,주유소,0.81,395400,SK리츠,테마 편입 사유,6880.0,상승  70,1.03,6870.0,6880.0,298155.0,2047.0,384743.0,,,0.5,0.5800000000000001,"6,417.93",29.46,0.46,2026-04-22 15:50:46
600,주유소,0.81,096770,SK이노베이션,테마 편입 사유,134000.0,상승  500,0.37,133600.0,134000.0,618065.0,81789.0,1167957.0,,,0.5,0.5800000000000001,"6,417.93",29.46,0.46,2026-04-22 15:50:46
600,주유소,0.81,024060,흥구석유 *,테마 편입 사유,17710.0,상승  10,0.06,17700.0,17710.0,1883719.0,33987.0,1130742.0,,,0.5,0.5800000000000001,"6,417.93",29.46,0.46,2026-04-22 15:50:46
600,주유소,0.81,038620,위즈코프 *,테마 편입 사유,503.0,보합0,0.0,0.0,0.0,0.0,0.0,0.0,,,0.5,0.5800000000000001,"6,417.93",29.46,0.46,2026-04-22 15:50:46
600,주유소,0.81,078930,GS,테마 편입 사유,70800.0,보합0,0.0,70700.0,70800.0,168093.0,11780.0,166409.0,,,0.5,0.5800000000000001,"6,417.93",29.46,0.46,2026-04-22 15:50:46
600,주유소,0.81,010950,S-Oil,테마 편입 사유,114100.0,하락  200,-0.17,114000.0,114100.0,272328.0,31184.0,358211.0,,,0.5,0.5800000000000001,"6,417.93",29.46,0.46,2026-04-22 15:50:46
600,주유소,0.81,012700,리드코프 *,테마 편입 사유,3760.0,하락  25,-0.66,3760.0,3775.0,53557.0,201.0,58955.0,,,0.5,0.5800000000000001,"6,417.93",29.46,0.46,2026-04-22 15:50:46
600,주유소,0.81,000440,중앙에너비스 *,테마 편입 사유,21250.0,하락  150,-0.7,21250.0,21300.0,63680.0,1367.0,65917.0,,,0.5,0.5800000000000001,"6,417.93",29.46,0.46,2026-04-22 15:50:46
600,주유소,0.81,014530,극동유화,테마 편입 사유,3930.0,하락  40,-1.01,3925.0,3930.0,461722.0,1841.0,291405.0,,,0.5,0.5800000000000001,"6,417.93",29.46,0.46,2026-04-22 15:50:46
600,주유소,0.81,128820,대성산업,테마 편입 사유,6940.0,하락  110,-1.56,6940.0,6950.0,251883.0,1755.0,267576.0,,,0.5,0.5800000000000001,"6,417.93",29.46,0.46,2026-04-22 15:50:46
72,철강 중소형,0.66,023790,동일스틸럭스 *,테마 편입 사유,1305.0,상한가  301,29.98,1305.0,0.0,15341583.0,18685.0,1071748.0,,,0.203882,0.5662142800000001,"6,417.93",29.46,0.46,2026-04-22 15:50:46
72,철강 중소형,0.66,002710,TCC스틸,테마 편입 사유,18940.0,상승  690,3.78,18940.0,18950.0,788443.0,14914.0,846155.0,,,0.203882,0.5662142800000001,"6,417.93",29.46,0.46,2026-04-22 15:50:46
72,철강 중소형,0.66,100090,SK오션플랜트,테마 편입 사유,23300.0,상승  650,2.87,23250.0,23300.0,1213880.0,27962.0,971994.0,,,0.203882,0.5662142800000001,"6,417.93",29.46,0.46,2026-04-22 15:50:46
72,철강 중소형,0.66,039240,경남스틸 *,테마 편입 사유,2890.0,상승  70,2.48,2880.0,2890.0,349507.0,987.0,624070.0,,,0.203882,0.5662142800000001,"6,417.93",29.46,0.46,2026-04-22 15:50:46
72,철강 중소형,0.66,133820,화인베스틸,테마 편입 사유,1553.0,상승  31,2.04,1553.0,1554.0,324143.0,488.0,87621.0,,,0.203882,0.5662142800000001,"6,417.93",29.46,0.46,2026-04-22 15:50:46
72,철강 중소형,0.66,049430,코메론 *,테마 편입 사유,22100.0,상승  400,1.84,22050.0,22100.0,44852.0,985.0,55947.0,,,0.203882,0.5662142800000001,"6,417.93",29.46,0.46,2026-04-22 15:50:46
72,철강 중소형,0.66,002220,한일철강,테마 편입 사유,4695.0,상승  85,1.84,4685.0,4695.0,59973.0,278.0,67585.0,,,0.203882,0.5662142800000001,"6,417.93",29.46,0.46,2026-04-22 15:50:46
72,철강 중소형,0.66,139990,아주스틸,테마 편입 사유,3295.0,상승  15,0.46,3295.0,3300.0,22923.0,75.0,27846.0,,,0.203882,0.5662142800000001,"6,417.93",29.46,0.46,2026-04-22 15:50:46
72,철강 중소형,0.66,004560,현대비앤지스틸,테마 편입 사유,15930.0,상승  70,0.44,15930.0,15940.0,134042.0,2118.0,168012.0,,,0.203882,0.5662142800000001,"6,417.93",29.46,0.46,2026-04-22 15:50:46
72,철강 중소형,0.66,005160,동국산업 *,테마 편입 사유,3395.0,상승  15,0.44,3395.0,3405.0,149975.0,509.0,165823.0,,,0.203882,0.5662142800000001,"6,417.93",29.46,0.46,2026-04-22 15:50:46
72,철강 중소형,0.66,012160,영흥,테마 편입 사유,524.0,상승  2,0.38,524.0,528.0,246825.0,129.0,609378.0,,,0.203882,0.5662142800000001,"6,417.93",29.46,0.46,2026-04-22 15:50:46
72,철강 중소형,0.66,048470,대동스틸 *,테마 편입 사유,3470.0,상승  5,0.14,3460.0,3470.0,50715.0,176.0,98224.0,,,0.203882,0.5662142800000001,"6,417.93",29.46,0.46,2026-04-22 15:50:46
72,철강 중소형,0.66,146060,율촌 *,테마 편입 사유,1575.0,상승  2,0.13,1574.0,1575.0,108604.0,171.0,185772.0,,,0.203882,0.5662142800000001,"6,417.93",29.46,0.46,2026-04-22 15:50:46
72,철강 중소형,0.66,005010,휴스틸,테마 편입 사유,5090.0,보합0,0.0,5080.0,5090.0,795960.0,4066.0,757262.0,,,0.203882,0.5662142800000001,"6,417.93",29.46,0.46,2026-04-22 15:50:46
72,철강 중소형,0.66,007280,한국특강,테마 편입 사유,1524.0,보합0,0.0,0.0,0.0,0.0,0.0,0.0,,,0.203882,0.5662142800000001,"6,417.93",29.46,0.46,2026-04-22 15:50:46
72,철강 중소형,0.66,008970,KBI동양철관,테마 편입 사유,1923.0,보합0,0.0,1923.0,1924.0,1640669.0,3177.0,2333626.0,,,0.203882,0.5662142800000001,"6,417.93",29.46,0.46,2026-04-22 15:50:46
72,철강 중소형,0.66,069730,DSR제강,테마 편입 사유,5450.0,보합0,0.0,5440.0,5450.0,24578.0,133.0,64618.0,,,0.203882,0.5662142800000001,"6,417.93",29.46,0.46,2026-04-22 15:50:46
72,철강 중소형,0.66,017480,삼현철강 *,테마 편입 사유,4740.0,보합0,0.0,4735.0,4740.0,23432.0,111.0,21671.0,,,0.203882,0.5662142800000001,"6,417.93",29.46,0.46,2026-04-22 15:50:46
72,철강 중소형,0.66,000970,한국주철관,테마 편입 사유,7120.0,보합0,0.0,7110.0,7120.0,90129.0,638.0,35594.0,,,0.203882,0.5662142800000001,"6,417.93",29.46,0.46,2026-04-22 15:50:46
72,철강 중소형,0.66,071090,하이스틸,테마 편입 사유,4575.0,하락  25,-0.54,4570.0,4575.0,1067509.0,4964.0,4382192.0,,,0.203882,0.5662142800000001,"6,417.93",29.46,0.46,2026-04-22 15:50:46
72,철강 중소형,0.66,475430,키스트론 *,테마 편입 사유,4640.0,하락  30,-0.64,4640.0,4645.0,41272.0,192.0,54893.0,,,0.203882,0.5662142800000001,"6,417.93",29.46,0.46,2026-04-22 15:50:46
72,철강 중소형,0.66,004890,동일산업,테마 편입 사유,37150.0,하락  250,-0.67,37150.0,37250.0,1228.0,45.0,2459.0,,,0.203882,0.5662142800000001,"6,417.93",29.46,0.46,2026-04-22 15:50:46
72,철강 중소형,0.66,263770,유에스티 *,테마 편입 사유,2090.0,하락  15,-0.71,2085.0,2090.0,17577.0,37.0,25690.0,,,0.203882,0.5662142800000001,"6,417.93",29.46,0.46,2026-04-22 15:50:46
72,철강 중소형,0.66,014280,금강공업,테마 편입 사유,5280.0,하락  40,-0.75,5280.0,5300.0,92988.0,487.0,53274.0,,,0.203882,0.5662142800000001,"6,417.93",29.46,0.46,2026-04-22 15:50:46
72,철강 중소형,0.66,002690,동일제강,테마 편입 사유,1690.0,하락  14,-0.82,1689.0,1690.0,108912.0,183.0,136893.0,,,0.203882,0.5662142800000001,"6,417.93",29.46,0.46,2026-04-22 15:50:46
72,철강 중소형,0.66,021040,대호특수강 *,테마 편입 사유,1210.0,하락  13,-1.06,1203.0,1210.0,21878.0,27.0,33199.0,,,0.203882,0.5662142800000001,"6,417.93",29.46,0.46,2026-04-22 15:50:46
72,철강 중소형,0.66,092790,넥스틸,테마 편입 사유,16200.0,하락  180,-1.1,16190.0,16200.0,503717.0,8232.0,718353.0,,,0.203882,0.5662142800000001,"6,417.93",29.46,0.46,2026-04-22 15:50:46
72,철강 중소형,0.66,012620,원일특강 *,테마 편입 사유,9040.0,하락  120,-1.31,9040.0,9050.0,3751.0,34.0,4346.0,,,0.203882,0.5662142800000001,"6,417.93",29.46,0.46,2026-04-22 15:50:46
72,철강 중소형,0.66,008260,NI스틸,테마 편입 사유,3760.0,하락  50,-1.31,3760.0,3765.0,96897.0,364.0,185096.0,,,0.203882,0.5662142800000001,"6,417.93",29.46,0.46,2026-04-22 15:50:46
72,철강 중소형,0.66,026940,부국철강,테마 편입 사유,2750.0,하락  40,-1.43,2750.0,2760.0,952858.0,2663.0,7488698.0,,,0.203882,0.5662142800000001,"6,417.93",29.46,0.46,2026-04-22 15:50:46
72,철강 중소형,0.66,140520,대창스틸 *,테마 편입 사유,2235.0,하락  35,-1.54,2235.0,2245.0,52417.0,117.0,47508.0,,,0.203882,0.5662142800000001,"6,417.93",29.46,0.46,2026-04-22 15:50:46
72,철강 중소형,0.66,060380,동양에스텍 *,테마 편입 사유,1479.0,하락  24,-1.6,1478.0,1479.0,77420.0,114.0,37719.0,,,0.203882,0.5662142800000001,"6,417.93",29.46,0.46,2026-04-22 15:50:46
72,철강 중소형,0.66,162300,신스틸 *,테마 편입 사유,1876.0,하락  37,-1.93,1876.0,1901.0,87547.0,165.0,200830.0,,,0.203882,0.5662142800000001,"6,417.93",29.46,0.46,2026-04-22 15:50:46
72,철강 중소형,0.66,001080,만호제강,테마 편입 사유,5070.0,하락  100,-1.93,5070.0,5160.0,17227.0,87.0,24994.0,,,0.203882,0.5662142800000001,"6,417.93",29.46,0.46,2026-04-22 15:50:46
72,철강 중소형,0.66,008420,문배철강,테마 편입 사유,2405.0,하락  55,-2.24,2405.0,2410.0,175742.0,426.0,551915.0,,,0.203882,0.5662142800000001,"6,417.93",29.46,0.46,2026-04-22 15:50:46
72,철강 중소형,0.66,053260,금강철강 *,테마 편입 사유,6170.0,하락  230,-3.59,6170.0,6180.0,1496142.0,9497.0,10123141.0,,,0.203882,0.5662142800000001,"6,417.93",29.46,0.46,2026-04-22 15:50:46
571,밸류업(25년 기업가치 제고계획 발표),0.77,007660,이수페타시스,테마 편입 사유,161400.0,"상승  28,200",21.17,161300.0,161400.0,7160665.0,1090890.0,1601126.0,,,0.456112,0.56018848,"6,417.93",29.46,0.46,2026-04-22 15:50:46
571,밸류업(25년 기업가치 제고계획 발표),0.77,001530,DI동일,테마 편입 사유,30500.0,"상승  4,350",16.63,30500.0,30550.0,766590.0,23212.0,320736.0,,,0.456112,0.56018848,"6,417.93",29.46,0.46,2026-04-22 15:50:46
571,밸류업(25년 기업가치 제고계획 발표),0.77,236200,슈프리마 *,테마 편입 사유,54000.0,"상승  5,400",11.11,53900.0,54000.0,136094.0,7209.0,35183.0,,,0.456112,0.56018848,"6,417.93",29.46,0.46,2026-04-22 15:50:46
571,밸류업(25년 기업가치 제고계획 발표),0.77,396270,넥스트칩 *,테마 편입 사유,5130.0,상승  365,7.66,5130.0,5140.0,886748.0,4387.0,862180.0,,,0.456112,0.56018848,"6,417.93",29.46,0.46,2026-04-22 15:50:46
571,밸류업(25년 기업가치 제고계획 발표),0.77,357780,솔브레인 *,테마 편입 사유,464000.0,"상승  23,000",5.22,463000.0,464000.0,70800.0,32334.0,32055.0,,,0.456112,0.56018848,"6,417.93",29.46,0.46,2026-04-22 15:50:46
571,밸류업(25년 기업가치 제고계획 발표),0.77,067310,하나마이크론 *,테마 편입 사유,39900.0,"상승  1,850",4.86,39850.0,39900.0,3769473.0,148132.0,2753448.0,,,0.456112,0.56018848,"6,417.93",29.46,0.46,2026-04-22 15:50:46
571,밸류업(25년 기업가치 제고계획 발표),0.77,000990,DB하이텍,테마 편입 사유,127900.0,"상승  5,900",4.84,127800.0,127900.0,633243.0,79720.0,720299.0,,,0.456112,0.56018848,"6,417.93",29.46,0.46,2026-04-22 15:50:46
571,밸류업(25년 기업가치 제고계획 발표),0.77,237690,에스티팜 *,테마 편입 사유,141900.0,"상승  6,100",4.49,141800.0,141900.0,194661.0,27357.0,167497.0,,,0.456112,0.56018848,"6,417.93",29.46,0.46,2026-04-22 15:50:46
571,밸류업(25년 기업가치 제고계획 발표),0.77,016380,KG스틸,테마 편입 사유,6050.0,상승  250,4.31,6050.0,6060.0,1767419.0,10700.0,688346.0,,,0.456112,0.56018848,"6,417.93",29.46,0.46,2026-04-22 15:50:46
571,밸류업(25년 기업가치 제고계획 발표),0.77,319660,피에스케이 *,테마 편입 사유,86900.0,"상승  3,200",3.82,86800.0,86900.0,283111.0,23930.0,250067.0,,,0.456112,0.56018848,"6,417.93",29.46,0.46,2026-04-22 15:50:46
571,밸류업(25년 기업가치 제고계획 발표),0.77,011780,금호석유화학,테마 편입 사유,139600.0,"상승  4,800",3.56,139500.0,139600.0,146172.0,19888.0,76228.0,,,0.456112,0.56018848,"6,417.93",29.46,0.46,2026-04-22 15:50:46
571,밸류업(25년 기업가치 제고계획 발표),0.77,017890,한국알콜 *,테마 편입 사유,13080.0,상승  450,3.56,13060.0,13080.0,259751.0,3337.0,124110.0,,,0.456112,0.56018848,"6,417.93",29.46,0.46,2026-04-22 15:50:46
571,밸류업(25년 기업가치 제고계획 발표),0.77,031980,피에스케이홀딩스 *,테마 편입 사유,114600.0,"상승  3,700",3.34,114500.0,114600.0,207167.0,23138.0,202344.0,,,0.456112,0.56018848,"6,417.93",29.46,0.46,2026-04-22 15:50:46
571,밸류업(25년 기업가치 제고계획 발표),0.77,078340,컴투스 *,테마 편입 사유,33900.0,상승  950,2.88,33900.0,33950.0,58150.0,1953.0,41766.0,,,0.456112,0.56018848,"6,417.93",29.46,0.46,2026-04-22 15:50:46
571,밸류업(25년 기업가치 제고계획 발표),0.77,150900,파수 *,테마 편입 사유,5030.0,상승  140,2.86,5030.0,5040.0,323846.0,1570.0,266431.0,,,0.456112,0.56018848,"6,417.93",29.46,0.46,2026-04-22 15:50:46
571,밸류업(25년 기업가치 제고계획 발표),0.77,161390,한국타이어앤테크놀로지,테마 편입 사유,63600.0,"상승  1,500",2.42,63600.0,63700.0,260667.0,16445.0,254631.0,,,0.456112,0.56018848,"6,417.93",29.46,0.46,2026-04-22 15:50:46
571,밸류업(25년 기업가치 제고계획 발표),0.77,001390,KG케미칼,테마 편입 사유,5810.0,상승  130,2.29,5790.0,5810.0,543771.0,3158.0,482929.0,,,0.456112,0.56018848,"6,417.93",29.46,0.46,2026-04-22 15:50:46
571,밸류업(25년 기업가치 제고계획 발표),0.77,272210,한화시스템,테마 편입 사유,134100.0,"상승  2,700",2.05,134100.0,134200.0,1583516.0,212787.0,649875.0,,,0.456112,0.56018848,"6,417.93",29.46,0.46,2026-04-22 15:50:46
571,밸류업(25년 기업가치 제고계획 발표),0.77,047810,한국항공우주,테마 편입 사유,185800.0,"상승  3,300",1.81,185700.0,185800.0,620990.0,115421.0,599874.0,,,0.456112,0.56018848,"6,417.93",29.46,0.46,2026-04-22 15:50:46
571,밸류업(25년 기업가치 제고계획 발표),0.77,012450,한화에어로스페이스,테마 편입 사유,1416000.0,"상승  25,000",1.8,1415000.0,1416000.0,159301.0,226328.0,162137.0,,,0.456112,0.56018848,"6,417.93",29.46,0.46,2026-04-22 15:50:46
571,밸류업(25년 기업가치 제고계획 발표),0.77,064760,티씨케이 *,테마 편입 사유,285000.0,"상승  5,000",1.79,283500.0,285000.0,67992.0,19053.0,69876.0,,,0.456112,0.56018848,"6,417.93",29.46,0.46,2026-04-22 15:50:46
571,밸류업(25년 기업가치 제고계획 발표),0.77,241690,유니테크노 *,테마 편입 사유,3975.0,상승  70,1.79,3975.0,3980.0,349471.0,1379.0,153487.0,,,0.456112,0.56018848,"6,417.93",29.46,0.46,2026-04-22 15:50:46
571,밸류업(25년 기업가치 제고계획 발표),0.77,192820,코스맥스,테마 편입 사유,217500.0,"상승  3,500",1.64,217000.0,217500.0,69710.0,15187.0,77510.0,,,0.456112,0.56018848,"6,417.93",29.46,0.46,2026-04-22 15:50:46
571,밸류업(25년 기업가치 제고계획 발표),0.77,035000,HS애드,테마 편입 사유,8570.0,상승  110,1.3,8570.0,8590.0,24409.0,208.0,25502.0,,,0.456112,0.56018848,"6,417.93",29.46,0.46,2026-04-22 15:50:46
571,밸류업(25년 기업가치 제고계획 발표),0.77,271560,오리온,테마 편입 사유,137100.0,"상승  1,700",1.26,137100.0,137200.0,102808.0,14090.0,95502.0,,,0.456112,0.56018848,"6,417.93",29.46,0.46,2026-04-22 15:50:46
571,밸류업(25년 기업가치 제고계획 발표),0.77,051600,한전KPS,테마 편입 사유,60700.0,상승  500,0.83,60600.0,60700.0,138221.0,8307.0,122273.0,,,0.456112,0.56018848,"6,417.93",29.46,0.46,2026-04-22 15:50:46
571,밸류업(25년 기업가치 제고계획 발표),0.77,005830,DB손해보험,테마 편입 사유,172100.0,"상승  1,400",0.82,171900.0,172100.0,217738.0,37101.0,232006.0,,,0.456112,0.56018848,"6,417.93",29.46,0.46,2026-04-22 15:50:46
571,밸류업(25년 기업가치 제고계획 발표),0.77,090850,현대이지웰 *,테마 편입 사유,6250.0,상승  50,0.81,6240.0,6250.0,27266.0,169.0,42760.0,,,0.456112,0.56018848,"6,417.93",29.46,0.46,2026-04-22 15:50:46
571,밸류업(25년 기업가치 제고계획 발표),0.77,003230,삼양식품,테마 편입 사유,1370000.0,"상승  11,000",0.81,1370000.0,1373000.0,51243.0,70218.0,42705.0,,,0.456112,0.56018848,"6,417.93",29.46,0.46,2026-04-22 15:50:46
571,밸류업(25년 기업가치 제고계획 발표),0.77,139480,이마트,테마 편입 사유,102500.0,상승  800,0.79,102500.0,102600.0,163938.0,16777.0,126592.0,,,0.456112,0.56018848,"6,417.93",29.46,0.46,2026-04-22 15:50:46
571,밸류업(25년 기업가치 제고계획 발표),0.77,298020,효성티앤씨,테마 편입 사유,531000.0,"상승  4,000",0.76,530000.0,531000.0,31727.0,16848.0,41453.0,,,0.456112,0.56018848,"6,417.93",29.46,0.46,2026-04-22 15:50:46
571,밸류업(25년 기업가치 제고계획 발표),0.77,014820,동원시스템즈,테마 편입 사유,27550.0,상승  150,0.55,27550.0,27600.0,84668.0,2317.0,107873.0,,,0.456112,0.56018848,"6,417.93",29.46,0.46,2026-04-22 15:50:46
571,밸류업(25년 기업가치 제고계획 발표),0.77,068270,셀트리온,테마 편입 사유,204000.0,"상승  1,000",0.49,204000.0,204500.0,324882.0,65986.0,446662.0,,,0.456112,0.56018848,"6,417.93",29.46,0.46,2026-04-22 15:50:46
571,밸류업(25년 기업가치 제고계획 발표),0.77,030190,NICE평가정보,테마 편입 사유,15690.0,상승  50,0.32,15690.0,15740.0,67337.0,1044.0,38433.0,,,0.456112,0.56018848,"6,417.93",29.46,0.46,2026-04-22 15:50:46
571,밸류업(25년 기업가치 제고계획 발표),0.77,402340,SK스퀘어,테마 편입 사유,720000.0,"상승  2,000",0.28,719000.0,720000.0,483236.0,343266.0,463466.0,,,0.456112,0.56018848,"6,417.93",29.46,0.46,2026-04-22 15:50:46
571,밸류업(25년 기업가치 제고계획 발표),0.77,009970,영원무역홀딩스,테마 편입 사유,212500.0,상승  500,0.24,212500.0,213500.0,11451.0,2461.0,20461.0,,,0.456112,0.56018848,"6,417.93",29.46,0.46,2026-04-22 15:50:46
571,밸류업(25년 기업가치 제고계획 발표),0.77,034230,파라다이스,테마 편입 사유,15380.0,상승  30,0.2,15380.0,15390.0,598360.0,9202.0,650772.0,,,0.456112,0.56018848,"6,417.93",29.46,0.46,2026-04-22 15:50:46
571,밸류업(25년 기업가치 제고계획 발표),0.77,328380,솔트웨어 *,테마 편입 사유,885.0,보합0,0.0,0.0,0.0,0.0,0.0,0.0,,,0.456112,0.56018848,"6,417.93",29.46,0.46,2026-04-22 15:50:46
571,밸류업(25년 기업가치 제고계획 발표),0.77,078930,GS,테마 편입 사유,70800.0,보합0,0.0,70700.0,70800.0,168093.0,11780.0,166409.0,,,0.456112,0.56018848,"6,417.93",29.46,0.46,2026-04-22 15:50:46
571,밸류업(25년 기업가치 제고계획 발표),0.77,003540,대신증권,테마 편입 사유,39100.0,보합0,0.0,39050.0,39100.0,87435.0,3392.0,79820.0,,,0.456112,0.56018848,"6,417.93",29.46,0.46,2026-04-22 15:50:46
571,밸류업(25년 기업가치 제고계획 발표),0.77,014680,한솔케미칼,테마 편입 사유,288000.0,보합0,0.0,288000.0,288500.0,84268.0,23961.0,50833.0,,,0.456112,0.56018848,"6,417.93",29.46,0.46,2026-04-22 15:50:46
571,밸류업(25년 기업가치 제고계획 발표),0.77,126560,현대퓨처넷,테마 편입 사유,3450.0,보합0,0.0,3430.0,3450.0,72598.0,249.0,148434.0,,,0.456112,0.56018848,"6,417.93",29.46,0.46,2026-04-22 15:50:46
571,밸류업(25년 기업가치 제고계획 발표),0.77,010950,S-Oil,테마 편입 사유,114100.0,하락  200,-0.17,114000.0,114100.0,272328.0,31184.0,358211.0,,,0.456112,0.56018848,"6,417.93",29.46,0.46,2026-04-22 15:50:46
571,밸류업(25년 기업가치 제고계획 발표),0.77,200130,콜마비앤에이치 *,테마 편입 사유,11650.0,하락  20,-0.17,11650.0,11690.0,45482.0,528.0,44916.0,,,0.456112,0.56018848,"6,417.93",29.46,0.46,2026-04-22 15:50:46
571,밸류업(25년 기업가치 제고계획 발표),0.77,376930,노을 *,테마 편입 사유,1703.0,하락  4,-0.23,1703.0,1707.0,213838.0,363.0,369719.0,,,0.456112,0.56018848,"6,417.93",29.46,0.46,2026-04-22 15:50:46
571,밸류업(25년 기업가치 제고계획 발표),0.77,234300,에스트래픽 *,테마 편입 사유,3690.0,하락  10,-0.27,3690.0,3695.0,63456.0,233.0,173673.0,,,0.456112,0.56018848,"6,417.93",29.46,0.46,2026-04-22 15:50:46
571,밸류업(25년 기업가치 제고계획 발표),0.77,004490,세방전지,테마 편입 사유,64900.0,하락  200,-0.31,64800.0,64900.0,58335.0,3769.0,109025.0,,,0.456112,0.56018848,"6,417.93",29.46,0.46,2026-04-22 15:50:46
571,밸류업(25년 기업가치 제고계획 발표),0.77,001500,현대차증권,테마 편입 사유,11160.0,하락  40,-0.36,11160.0,11170.0,158099.0,1749.0,161478.0,,,0.456112,0.56018848,"6,417.93",29.46,0.46,2026-04-22 15:50:46
571,밸류업(25년 기업가치 제고계획 발표),0.77,004370,농심,테마 편입 사유,377500.0,"하락  1,500",-0.4,377000.0,377500.0,16567.0,6244.0,19147.0,,,0.456112,0.56018848,"6,417.93",29.46,0.46,2026-04-22 15:50:46
571,밸류업(25년 기업가치 제고계획 발표),0.77,042700,한미반도체,테마 편입 사유,293500.0,"하락  1,500",-0.51,293000.0,293500.0,684762.0,198796.0,496193.0,,,0.456112,0.56018848,"6,417.93",29.46,0.46,2026-04-22 15:50:46
571,밸류업(25년 기업가치 제고계획 발표),0.77,122450,KX *,테마 편입 사유,3180.0,하락  20,-0.62,3180.0,3190.0,25563.0,81.0,37278.0,,,0.456112,0.56018848,"6,417.93",29.46,0.46,2026-04-22 15:50:46
571,밸류업(25년 기업가치 제고계획 발표),0.77,183300,코미코 *,테마 편입 사유,151500.0,"하락  1,000",-0.66,151400.0,151500.0,112758.0,16832.0,121235.0,,,0.456112,0.56018848,"6,417.93",29.46,0.46,2026-04-22 15:50:46
571,밸류업(25년 기업가치 제고계획 발표),0.77,282330,BGF리테일,테마 편입 사유,133200.0,하락  900,-0.67,133100.0,133200.0,41928.0,5583.0,60419.0,,,0.456112,0.56018848,"6,417.93",29.46,0.46,2026-04-22 15:50:46
571,밸류업(25년 기업가치 제고계획 발표),0.77,002380,KCC,테마 편입 사유,551000.0,"하락  4,000",-0.72,551000.0,552000.0,31998.0,17491.0,40896.0,,,0.456112,0.56018848,"6,417.93",29.46,0.46,2026-04-22 15:50:46
571,밸류업(25년 기업가치 제고계획 발표),0.77,021240,코웨이,테마 편입 사유,80800.0,하락  600,-0.74,80800.0,80900.0,274247.0,22114.0,645573.0,,,0.456112,0.56018848,"6,417.93",29.46,0.46,2026-04-22 15:50:46
571,밸류업(25년 기업가치 제고계획 발표),0.77,056190,에스에프에이 *,테마 편입 사유,31550.0,하락  250,-0.79,31550.0,31600.0,126765.0,3996.0,216045.0,,,0.456112,0.56018848,"6,417.93",29.46,0.46,2026-04-22 15:50:46
571,밸류업(25년 기업가치 제고계획 발표),0.77,017810,풀무원,테마 편입 사유,12230.0,하락  100,-0.81,12230.0,12240.0,39866.0,489.0,49888.0,,,0.456112,0.56018848,"6,417.93",29.46,0.46,2026-04-22 15:50:46
571,밸류업(25년 기업가치 제고계획 발표),0.77,068930,디지털대성 *,테마 편입 사유,8250.0,하락  70,-0.84,8200.0,8250.0,52011.0,429.0,42425.0,,,0.456112,0.56018848,"6,417.93",29.46,0.46,2026-04-22 15:50:46
571,밸류업(25년 기업가치 제고계획 발표),0.77,033920,무학,테마 편입 사유,8930.0,하락  80,-0.89,8920.0,8930.0,35982.0,320.0,32499.0,,,0.456112,0.56018848,"6,417.93",29.46,0.46,2026-04-22 15:50:46
571,밸류업(25년 기업가치 제고계획 발표),0.77,024720,콜마홀딩스,테마 편입 사유,9400.0,하락  90,-0.95,9390.0,9400.0,25970.0,244.0,52299.0,,,0.456112,0.56018848,"6,417.93",29.46,0.46,2026-04-22 15:50:46
571,밸류업(25년 기업가치 제고계획 발표),0.77,383220,F&F,테마 편입 사유,67000.0,하락  700,-1.03,67000.0,67100.0,62054.0,4136.0,57260.0,,,0.456112,0.56018848,"6,417.93",29.46,0.46,2026-04-22 15:50:46
571,밸류업(25년 기업가치 제고계획 발표),0.77,031210,서울보증보험,테마 편입 사유,49300.0,하락  550,-1.1,49300.0,49350.0,51824.0,2554.0,45137.0,,,0.456112,0.56018848,"6,417.93",29.46,0.46,2026-04-22 15:50:46
571,밸류업(25년 기업가치 제고계획 발표),0.77,138040,메리츠금융지주,테마 편입 사유,115500.0,"하락  1,300",-1.11,115500.0,115700.0,199564.0,23020.0,157156.0,,,0.456112,0.56018848,"6,417.93",29.46,0.46,2026-04-22 15:50:46
571,밸류업(25년 기업가치 제고계획 발표),0.77,011200,HMM,테마 편입 사유,20850.0,하락  250,-1.18,20850.0,20900.0,1117187.0,23266.0,821520.0,,,0.456112,0.56018848,"6,417.93",29.46,0.46,2026-04-22 15:50:46
571,밸류업(25년 기업가치 제고계획 발표),0.77,055550,신한지주,테마 편입 사유,98600.0,"하락  1,200",-1.2,98500.0,98600.0,1071124.0,105439.0,574865.0,,,0.456112,0.56018848,"6,417.93",29.46,0.46,2026-04-22 15:50:46
571,밸류업(25년 기업가치 제고계획 발표),0.77,124560,태웅로직스 *,테마 편입 사유,2720.0,하락  35,-1.27,2720.0,2725.0,142784.0,389.0,108628.0,,,0.456112,0.56018848,"6,417.93",29.46,0.46,2026-04-22 15:50:46
571,밸류업(25년 기업가치 제고계획 발표),0.77,054950,제이브이엠 *,테마 편입 사유,25000.0,하락  350,-1.38,24950.0,25000.0,35932.0,895.0,36977.0,,,0.456112,0.56018848,"6,417.93",29.46,0.46,2026-04-22 15:50:46
571,밸류업(25년 기업가치 제고계획 발표),0.77,000810,삼성화재,테마 편입 사유,461500.0,"하락  6,500",-1.39,461500.0,462000.0,93264.0,43232.0,138915.0,,,0.456112,0.56018848,"6,417.93",29.46,0.46,2026-04-22 15:50:46
571,밸류업(25년 기업가치 제고계획 발표),0.77,030200,KT,테마 편입 사유,61800.0,하락  900,-1.44,61800.0,62000.0,244783.0,15146.0,940085.0,,,0.456112,0.56018848,"6,417.93",29.46,0.46,2026-04-22 15:50:46
571,밸류업(25년 기업가치 제고계획 발표),0.77,008930,한미사이언스,테마 편입 사유,38650.0,하락  600,-1.53,38650.0,38700.0,87544.0,3392.0,80696.0,,,0.456112,0.56018848,"6,417.93",29.46,0.46,2026-04-22 15:50:46
571,밸류업(25년 기업가치 제고계획 발표),0.77,071050,한국금융지주,테마 편입 사유,258000.0,"하락  4,000",-1.53,257500.0,258000.0,318279.0,80812.0,199774.0,,,0.456112,0.56018848,"6,417.93",29.46,0.46,2026-04-22 15:50:46
571,밸류업(25년 기업가치 제고계획 발표),0.77,003490,대한항공,테마 편입 사유,25200.0,하락  400,-1.56,25200.0,25250.0,967296.0,24294.0,1462650.0,,,0.456112,0.56018848,"6,417.93",29.46,0.46,2026-04-22 15:50:46
571,밸류업(25년 기업가치 제고계획 발표),0.77,111770,영원무역,테마 편입 사유,84000.0,"하락  1,400",-1.64,84000.0,84100.0,40887.0,3439.0,45934.0,,,0.456112,0.56018848,"6,417.93",29.46,0.46,2026-04-22 15:50:46
571,밸류업(25년 기업가치 제고계획 발표),0.77,259630,엠플러스 *,테마 편입 사유,18530.0,하락  330,-1.75,18530.0,18550.0,781853.0,14449.0,4970784.0,,,0.456112,0.56018848,"6,417.93",29.46,0.46,2026-04-22 15:50:46
571,밸류업(25년 기업가치 제고계획 발표),0.77,180640,한진칼,테마 편입 사유,116800.0,"하락  2,200",-1.85,116800.0,116900.0,82195.0,9567.0,105661.0,,,0.456112,0.56018848,"6,417.93",29.46,0.46,2026-04-22 15:50:46
571,밸류업(25년 기업가치 제고계획 발표),0.77,128940,한미약품,테마 편입 사유,494500.0,"하락  9,500",-1.88,494500.0,495000.0,81248.0,40347.0,123143.0,,,0.456112,0.56018848,"6,417.93",29.46,0.46,2026-04-22 15:50:46
571,밸류업(25년 기업가치 제고계획 발표),0.77,290650,엘앤씨바이오 *,테마 편입 사유,67300.0,"하락  1,400",-2.04,67300.0,67400.0,174617.0,11699.0,187928.0,,,0.456112,0.56018848,"6,417.93",29.46,0.46,2026-04-22 15:50:46
571,밸류업(25년 기업가치 제고계획 발표),0.77,001060,JW중외제약,테마 편입 사유,30250.0,하락  700,-2.26,30250.0,30300.0,36312.0,1098.0,52733.0,,,0.456112,0.56018848,"6,417.93",29.46,0.46,2026-04-22 15:50:46
571,밸류업(25년 기업가치 제고계획 발표),0.77,316140,우리금융지주,테마 편입 사유,34900.0,하락  900,-2.51,34900.0,34950.0,1457546.0,50960.0,1219558.0,,,0.456112,0.56018848,"6,417.93",29.46,0.46,2026-04-22 15:50:46
571,밸류업(25년 기업가치 제고계획 발표),0.77,215200,메가스터디교육 *,테마 편입 사유,44450.0,"하락  1,200",-2.63,44450.0,44600.0,29602.0,1323.0,32518.0,,,0.456112,0.56018848,"6,417.93",29.46,0.46,2026-04-22 15:50:46
571,밸류업(25년 기업가치 제고계획 발표),0.77,175330,JB금융지주,테마 편입 사유,30050.0,하락  900,-2.91,30050.0,30100.0,399272.0,11957.0,298739.0,,,0.456112,0.56018848,"6,417.93",29.46,0.46,2026-04-22 15:50:46
571,밸류업(25년 기업가치 제고계획 발표),0.77,039200,오스코텍 *,테마 편입 사유,50900.0,"하락  1,700",-3.23,50800.0,50900.0,225177.0,11541.0,134421.0,,,0.456112,0.56018848,"6,417.93",29.46,0.46,2026-04-22 15:50:46
571,밸류업(25년 기업가치 제고계획 발표),0.77,000720,현대건설,테마 편입 사유,168800.0,"하락  6,100",-3.49,168800.0,168900.0,1617301.0,273139.0,1390912.0,,,0.456112,0.56018848,"6,417.93",29.46,0.46,2026-04-22 15:50:46
571,밸류업(25년 기업가치 제고계획 발표),0.77,221840,하이즈항공 *,테마 편입 사유,2970.0,하락  115,-3.73,2970.0,2975.0,118812.0,357.0,103003.0,,,0.456112,0.56018848,"6,417.93",29.46,0.46,2026-04-22 15:50:46
571,밸류업(25년 기업가치 제고계획 발표),0.77,008500,일정실업,테마 편입 사유,2800.0,하락  115,-3.95,2800.0,2810.0,27339.0,77.0,59886.0,,,0.456112,0.56018848,"6,417.93",29.46,0.46,2026-04-22 15:50:46
229,스마트그리드(지능형전력망),0.76,125210,아모그린텍 *,테마 편입 사유,12720.0,"상승  1,950",18.11,12710.0,12720.0,1365446.0,16467.0,597778.0,,,0.50188,0.5291352,"6,417.93",29.46,0.46,2026-04-22 15:50:46
229,스마트그리드(지능형전력망),0.76,006490,인스코비,테마 편입 사유,439.0,상승  25,6.04,439.0,441.0,1933747.0,863.0,811042.0,,,0.50188,0.5291352,"6,417.93",29.46,0.46,2026-04-22 15:50:46
229,스마트그리드(지능형전력망),0.76,010120,LS ELECTRIC,테마 편입 사유,194200.0,"상승  9,500",5.14,194100.0,194200.0,1498773.0,288495.0,790569.0,,,0.50188,0.5291352,"6,417.93",29.46,0.46,2026-04-22 15:50:46
229,스마트그리드(지능형전력망),0.76,022100,포스코DX,테마 편입 사유,35650.0,"상승  1,000",2.89,35600.0,35650.0,931918.0,33278.0,675749.0,,,0.50188,0.5291352,"6,417.93",29.46,0.46,2026-04-22 15:50:46
229,스마트그리드(지능형전력망),0.76,103590,일진전기,테마 편입 사유,87500.0,"상승  1,100",1.27,87400.0,87500.0,254204.0,21931.0,284076.0,,,0.50188,0.5291352,"6,417.93",29.46,0.46,2026-04-22 15:50:46
229,스마트그리드(지능형전력망),0.76,057540,옴니시스템 *,테마 편입 사유,887.0,상승  9,1.03,887.0,888.0,269669.0,238.0,346354.0,,,0.50188,0.5291352,"6,417.93",29.46,0.46,2026-04-22 15:50:46
229,스마트그리드(지능형전력망),0.76,015860,일진홀딩스,테마 편입 사유,8660.0,상승  50,0.58,8660.0,8670.0,90999.0,778.0,138053.0,,,0.50188,0.5291352,"6,417.93",29.46,0.46,2026-04-22 15:50:46
229,스마트그리드(지능형전력망),0.76,015710,코콤 *,테마 편입 사유,4070.0,상승  20,0.49,4055.0,4070.0,108746.0,441.0,108990.0,,,0.50188,0.5291352,"6,417.93",29.46,0.46,2026-04-22 15:50:46
229,스마트그리드(지능형전력망),0.76,130660,한전산업,테마 편입 사유,19680.0,상승  30,0.15,19670.0,19680.0,316335.0,6134.0,395927.0,,,0.50188,0.5291352,"6,417.93",29.46,0.46,2026-04-22 15:50:46
229,스마트그리드(지능형전력망),0.76,054220,비츠로시스 *,테마 편입 사유,535.0,하락  2,-0.37,535.0,537.0,827855.0,438.0,959932.0,,,0.50188,0.5291352,"6,417.93",29.46,0.46,2026-04-22 15:50:46
229,스마트그리드(지능형전력망),0.76,237750,피앤씨테크 *,테마 편입 사유,4700.0,하락  25,-0.53,4680.0,4700.0,41488.0,192.0,36450.0,,,0.50188,0.5291352,"6,417.93",29.46,0.46,2026-04-22 15:50:46
229,스마트그리드(지능형전력망),0.76,002230,피에스텍 *,테마 편입 사유,9350.0,하락  60,-0.64,9350.0,9360.0,193748.0,1789.0,174420.0,,,0.50188,0.5291352,"6,417.93",29.46,0.46,2026-04-22 15:50:46
229,스마트그리드(지능형전력망),0.76,099440,스맥 *,테마 편입 사유,4340.0,하락  50,-1.14,4335.0,4340.0,841685.0,3614.0,653751.0,,,0.50188,0.5291352,"6,417.93",29.46,0.46,2026-04-22 15:50:46
229,스마트그리드(지능형전력망),0.76,040160,누리플렉스 *,테마 편입 사유,14800.0,하락  220,-1.46,14700.0,14800.0,175523.0,2559.0,327692.0,,,0.50188,0.5291352,"6,417.93",29.46,0.46,2026-04-22 15:50:46
229,스마트그리드(지능형전력망),0.76,189860,서전기전 *,테마 편입 사유,5440.0,하락  100,-1.81,5440.0,5450.0,154860.0,833.0,185433.0,,,0.50188,0.5291352,"6,417.93",29.46,0.46,2026-04-22 15:50:46
229,스마트그리드(지능형전력망),0.76,082920,비츠로셀 *,테마 편입 사유,56600.0,"하락  1,200",-2.08,56600.0,56700.0,718512.0,40892.0,578970.0,,,0.50188,0.5291352,"6,417.93",29.46,0.46,2026-04-22 15:50:46
229,스마트그리드(지능형전력망),0.76,001820,삼화콘덴서,테마 편입 사유,65400.0,"하락  1,500",-2.24,65400.0,65500.0,232998.0,15206.0,394918.0,,,0.50188,0.5291352,"6,417.93",29.46,0.46,2026-04-22 15:50:46
229,스마트그리드(지능형전력망),0.76,388050,지투파워 *,테마 편입 사유,13870.0,하락  410,-2.87,13860.0,13870.0,894128.0,12327.0,1001183.0,,,0.50188,0.5291352,"6,417.93",29.46,0.46,2026-04-22 15:50:46
229,스마트그리드(지능형전력망),0.76,065770,CS *,테마 편입 사유,1550.0,하락  59,-3.67,1545.0,1550.0,2543678.0,4155.0,2200783.0,,,0.50188,0.5291352,"6,417.93",29.46,0.46,2026-04-22 15:50:46
229,스마트그리드(지능형전력망),0.76,052860,아이앤씨 *,테마 편입 사유,5400.0,하락  210,-3.74,5400.0,5410.0,146223.0,795.0,194913.0,,,0.50188,0.5291352,"6,417.93",29.46,0.46,2026-04-22 15:50:46
582,스테이블코인,0.83,163730,핑거 *,테마 편입 사유,18070.0,"상한가  4,170",30.0,18070.0,0.0,4246531.0,71498.0,821898.0,,,0.66569,0.5237825999999999,"6,417.93",29.46,0.46,2026-04-22 15:50:46
582,스테이블코인,0.83,232830,아이티센피엔에스 *,테마 편입 사유,4150.0,상승  250,6.41,4140.0,4150.0,523155.0,2128.0,407427.0,,,0.66569,0.5237825999999999,"6,417.93",29.46,0.46,2026-04-22 15:50:46
582,스테이블코인,0.83,203650,드림시큐리티 *,테마 편입 사유,3930.0,상승  130,3.42,3925.0,3930.0,24268987.0,93970.0,74748918.0,,,0.66569,0.5237825999999999,"6,417.93",29.46,0.46,2026-04-22 15:50:46
582,스테이블코인,0.83,205500,넥써쓰 *,테마 편입 사유,1788.0,상승  54,3.11,1788.0,1789.0,317401.0,556.0,443035.0,,,0.66569,0.5237825999999999,"6,417.93",29.46,0.46,2026-04-22 15:50:46
582,스테이블코인,0.83,124500,아이티센글로벌 *,테마 편입 사유,47600.0,상승  900,1.93,47600.0,47650.0,256145.0,12209.0,460045.0,,,0.66569,0.5237825999999999,"6,417.93",29.46,0.46,2026-04-22 15:50:46
582,스테이블코인,0.83,064400,LG씨엔에스,테마 편입 사유,68200.0,"상승  1,200",1.79,68200.0,68300.0,529970.0,35671.0,478179.0,,,0.66569,0.5237825999999999,"6,417.93",29.46,0.46,2026-04-22 15:50:46
582,스테이블코인,0.83,054920,한컴위드 *,테마 편입 사유,6510.0,상승  10,0.15,6510.0,6550.0,867430.0,5596.0,1747002.0,,,0.66569,0.5237825999999999,"6,417.93",29.46,0.46,2026-04-22 15:50:46
582,스테이블코인,0.83,035420,NAVER,테마 편입 사유,214000.0,보합0,0.0,214000.0,214500.0,364647.0,77973.0,545889.0,,,0.66569,0.5237825999999999,"6,417.93",29.46,0.46,2026-04-22 15:50:46
582,스테이블코인,0.83,223310,사토시홀딩스 *,테마 편입 사유,2275.0,보합0,0.0,0.0,0.0,0.0,0.0,0.0,,,0.66569,0.5237825999999999,"6,417.93",29.46,0.46,2026-04-22 15:50:46
582,스테이블코인,0.83,199480,뱅크웨어글로벌 *,테마 편입 사유,5160.0,하락  10,-0.19,5150.0,5160.0,37451.0,191.0,28667.0,,,0.66569,0.5237825999999999,"6,417.93",29.46,0.46,2026-04-22 15:50:46
582,스테이블코인,0.83,294570,쿠콘 *,테마 편입 사유,30000.0,하락  100,-0.33,29900.0,30000.0,20040.0,591.0,24113.0,,,0.66569,0.5237825999999999,"6,417.93",29.46,0.46,2026-04-22 15:50:46
582,스테이블코인,0.83,377300,카카오페이,테마 편입 사유,56800.0,하락  200,-0.35,56800.0,56900.0,248984.0,13963.0,226277.0,,,0.66569,0.5237825999999999,"6,417.93",29.46,0.46,2026-04-22 15:50:46
582,스테이블코인,0.83,046440,KG파이낸셜 *,테마 편입 사유,5310.0,하락  30,-0.56,5300.0,5310.0,73202.0,386.0,102732.0,,,0.66569,0.5237825999999999,"6,417.93",29.46,0.46,2026-04-22 15:50:46
582,스테이블코인,0.83,308100,형지글로벌 *,테마 편입 사유,1024.0,하락  9,-0.87,1024.0,1028.0,159874.0,163.0,165639.0,,,0.66569,0.5237825999999999,"6,417.93",29.46,0.46,2026-04-22 15:50:46
582,스테이블코인,0.83,112040,위메이드 *,테마 편입 사유,23800.0,하락  300,-1.24,23800.0,23850.0,172289.0,4111.0,438082.0,,,0.66569,0.5237825999999999,"6,417.93",29.46,0.46,2026-04-22 15:50:46
582,스테이블코인,0.83,214180,헥토이노베이션 *,테마 편입 사유,19330.0,하락  260,-1.33,19290.0,19330.0,115444.0,2218.0,120965.0,,,0.66569,0.5237825999999999,"6,417.93",29.46,0.46,2026-04-22 15:50:46
582,스테이블코인,0.83,053300,한국정보인증 *,테마 편입 사유,6650.0,하락  110,-1.63,6640.0,6650.0,442360.0,2917.0,609795.0,,,0.66569,0.5237825999999999,"6,417.93",29.46,0.46,2026-04-22 15:50:46
582,스테이블코인,0.83,201490,미투온 *,테마 편입 사유,3340.0,하락  60,-1.76,3340.0,3345.0,395294.0,1315.0,491756.0,,,0.66569,0.5237825999999999,"6,417.93",29.46,0.46,2026-04-22 15:50:46
582,스테이블코인,0.83,064260,다날 *,테마 편입 사유,7740.0,하락  140,-1.78,7740.0,7750.0,2231567.0,17076.0,2213166.0,,,0.66569,0.5237825999999999,"6,417.93",29.46,0.46,2026-04-22 15:50:46
582,스테이블코인,0.83,158430,아톤 *,테마 편입 사유,9180.0,하락  170,-1.82,9180.0,9190.0,1328112.0,11831.0,1978982.0,,,0.66569,0.5237825999999999,"6,417.93",29.46,0.46,2026-04-22 15:50:46
582,스테이블코인,0.83,035600,KG이니시스 *,테마 편입 사유,11370.0,하락  220,-1.9,11360.0,11370.0,90642.0,1029.0,95225.0,,,0.66569,0.5237825999999999,"6,417.93",29.46,0.46,2026-04-22 15:50:46
582,스테이블코인,0.83,462860,더즌 *,테마 편입 사유,3740.0,하락  80,-2.09,3740.0,3750.0,274365.0,1029.0,353716.0,,,0.66569,0.5237825999999999,"6,417.93",29.46,0.46,2026-04-22 15:50:46
582,스테이블코인,0.83,060250,NHN KCP *,테마 편입 사유,20100.0,하락  500,-2.43,20100.0,20150.0,596224.0,11890.0,603519.0,,,0.66569,0.5237825999999999,"6,417.93",29.46,0.46,2026-04-22 15:50:46
582,스테이블코인,0.83,042510,라온시큐어 *,테마 편입 사유,13190.0,하락  430,-3.16,13190.0,13200.0,967184.0,12791.0,2068547.0,,,0.66569,0.5237825999999999,"6,417.93",29.46,0.46,2026-04-22 15:50:46
582,스테이블코인,0.83,234340,헥토파이낸셜 *,테마 편입 사유,30350.0,"하락  1,450",-4.56,30350.0,30400.0,902257.0,27156.0,660420.0,,,0.66569,0.5237825999999999,"6,417.93",29.46,0.46,2026-04-22 15:50:46
82,태풍 및 장마,0.64,025860,남해화학,테마 편입 사유,8890.0,상승  270,3.13,8890.0,8900.0,2617298.0,23404.0,1499235.0,,,0.262217,0.51938018,"6,417.93",29.46,0.46,2026-04-22 15:50:46
82,태풍 및 장마,0.64,004000,롯데정밀화학,테마 편입 사유,55000.0,"상승  1,200",2.23,54900.0,55000.0,89763.0,4901.0,59747.0,,,0.262217,0.51938018,"6,417.93",29.46,0.46,2026-04-22 15:50:46
82,태풍 및 장마,0.64,101670,하이드로리튬 *,테마 편입 사유,2190.0,상승  35,1.62,2190.0,2195.0,12620572.0,28921.0,29105173.0,,,0.262217,0.51938018,"6,417.93",29.46,0.46,2026-04-22 15:50:46
82,태풍 및 장마,0.64,002100,경농,테마 편입 사유,10010.0,상승  100,1.01,10000.0,10010.0,73644.0,735.0,102274.0,,,0.262217,0.51938018,"6,417.93",29.46,0.46,2026-04-22 15:50:46
82,태풍 및 장마,0.64,060260,뉴보텍 *,테마 편입 사유,1431.0,상승  10,0.7,1431.0,1433.0,45788.0,65.0,120667.0,,,0.262217,0.51938018,"6,417.93",29.46,0.46,2026-04-22 15:50:46
82,태풍 및 장마,0.64,043200,파루 *,테마 편입 사유,1014.0,상승  4,0.4,1014.0,1019.0,290606.0,294.0,273467.0,,,0.262217,0.51938018,"6,417.93",29.46,0.46,2026-04-22 15:50:46
82,태풍 및 장마,0.64,001550,조비,테마 편입 사유,15140.0,상승  30,0.2,15140.0,15170.0,74971.0,1143.0,107501.0,,,0.262217,0.51938018,"6,417.93",29.46,0.46,2026-04-22 15:50:46
82,태풍 및 장마,0.64,007590,동방아그로,테마 편입 사유,6030.0,하락  30,-0.5,6020.0,6030.0,4500.0,27.0,6018.0,,,0.262217,0.51938018,"6,417.93",29.46,0.46,2026-04-22 15:50:46
82,태풍 및 장마,0.64,000490,대동,테마 편입 사유,10170.0,하락  110,-1.07,10160.0,10170.0,154619.0,1565.0,328464.0,,,0.262217,0.51938018,"6,417.93",29.46,0.46,2026-04-22 15:50:46
82,태풍 및 장마,0.64,060150,인선이엔티 *,테마 편입 사유,4400.0,하락  60,-1.35,4400.0,4405.0,115943.0,510.0,112862.0,,,0.262217,0.51938018,"6,417.93",29.46,0.46,2026-04-22 15:50:46
407,호텔/리조트,0.54,294870,IPARK현대산업개발,테마 편입 사유,24300.0,"상승  1,100",4.74,24250.0,24300.0,517048.0,12414.0,375717.0,,,0.070259,0.50768086,"6,417.93",29.46,0.46,2026-04-22 15:50:46
407,호텔/리조트,0.54,008770,호텔신라,테마 편입 사유,55700.0,"상승  1,800",3.34,55600.0,55700.0,583789.0,32529.0,345256.0,,,0.070259,0.50768086,"6,417.93",29.46,0.46,2026-04-22 15:50:46
407,호텔/리조트,0.54,499790,GS피앤엘,테마 편입 사유,48750.0,상승  750,1.56,48700.0,48750.0,90704.0,4452.0,164204.0,,,0.070259,0.50768086,"6,417.93",29.46,0.46,2026-04-22 15:50:46
407,호텔/리조트,0.54,006730,서부T&D *,테마 편입 사유,13970.0,상승  140,1.01,13960.0,13970.0,556760.0,7756.0,684047.0,,,0.070259,0.50768086,"6,417.93",29.46,0.46,2026-04-22 15:50:46
407,호텔/리조트,0.54,139480,이마트,테마 편입 사유,102500.0,상승  800,0.79,102500.0,102600.0,163938.0,16777.0,126592.0,,,0.070259,0.50768086,"6,417.93",29.46,0.46,2026-04-22 15:50:46
407,호텔/리조트,0.54,001740,SK네트웍스,테마 편입 사유,5410.0,상승  40,0.74,5410.0,5420.0,596108.0,3195.0,618035.0,,,0.070259,0.50768086,"6,417.93",29.46,0.46,2026-04-22 15:50:46
407,호텔/리조트,0.54,194370,제이에스코퍼레이션,테마 편입 사유,13260.0,상승  80,0.61,13250.0,13260.0,84296.0,1108.0,98587.0,,,0.070259,0.50768086,"6,417.93",29.46,0.46,2026-04-22 15:50:46
407,호텔/리조트,0.54,035250,강원랜드,테마 편입 사유,16880.0,상승  40,0.24,16880.0,16890.0,446988.0,7525.0,532371.0,,,0.070259,0.50768086,"6,417.93",29.46,0.46,2026-04-22 15:50:46
407,호텔/리조트,0.54,032350,롯데관광개발,테마 편입 사유,19780.0,상승  40,0.2,19750.0,19780.0,566657.0,11222.0,574054.0,,,0.070259,0.50768086,"6,417.93",29.46,0.46,2026-04-22 15:50:46
407,호텔/리조트,0.54,034230,파라다이스,테마 편입 사유,15380.0,상승  30,0.2,15380.0,15390.0,598360.0,9202.0,650772.0,,,0.070259,0.50768086,"6,417.93",29.46,0.46,2026-04-22 15:50:46
407,호텔/리조트,0.54,070960,모나용평,테마 편입 사유,3100.0,하락  25,-0.8,3095.0,3100.0,61554.0,190.0,108473.0,,,0.070259,0.50768086,"6,417.93",29.46,0.46,2026-04-22 15:50:46
407,호텔/리조트,0.54,007720,소노스퀘어 *,테마 편입 사유,419.0,하락  4,-0.95,419.0,420.0,166080.0,69.0,316363.0,,,0.070259,0.50768086,"6,417.93",29.46,0.46,2026-04-22 15:50:46
407,호텔/리조트,0.54,000880,한화,테마 편입 사유,128100.0,"하락  2,400",-1.84,128100.0,128200.0,221035.0,28238.0,173452.0,,,0.070259,0.50768086,"6,417.93",29.46,0.46,2026-04-22 15:50:46
407,호텔/리조트,0.54,025980,아난티 *,테마 편입 사유,7200.0,하락  170,-2.31,7190.0,7200.0,966098.0,6920.0,643515.0,,,0.070259,0.50768086,"6,417.93",29.46,0.46,2026-04-22 15:50:46
206,농업,0.6,119500,포메탈 *,테마 편입 사유,4435.0,상승  300,7.26,4430.0,4435.0,675323.0,2988.0,115550.0,,,0.201703,0.50721662,"6,417.93",29.46,0.46,2026-04-22 15:50:46
206,농업,0.6,025860,남해화학,테마 편입 사유,8890.0,상승  270,3.13,8890.0,8900.0,2617298.0,23404.0,1499235.0,,,0.201703,0.50721662,"6,417.93",29.46,0.46,2026-04-22 15:50:46
206,농업,0.6,001390,KG케미칼,테마 편입 사유,5810.0,상승  130,2.29,5790.0,5810.0,543771.0,3158.0,482929.0,,,0.201703,0.50721662,"6,417.93",29.46,0.46,2026-04-22 15:50:46
206,농업,0.6,004000,롯데정밀화학,테마 편입 사유,55000.0,"상승  1,200",2.23,54900.0,55000.0,89763.0,4901.0,59747.0,,,0.201703,0.50721662,"6,417.93",29.46,0.46,2026-04-22 15:50:46
206,농업,0.6,101170,우림피티에스 *,테마 편입 사유,13930.0,상승  290,2.13,13930.0,13940.0,201353.0,2773.0,140000.0,,,0.201703,0.50721662,"6,417.93",29.46,0.46,2026-04-22 15:50:46
206,농업,0.6,097870,효성오앤비 *,테마 편입 사유,6460.0,상승  90,1.41,6450.0,6460.0,90251.0,582.0,171430.0,,,0.201703,0.50721662,"6,417.93",29.46,0.46,2026-04-22 15:50:46
206,농업,0.6,186230,그린플러스 *,테마 편입 사유,4700.0,상승  65,1.4,4695.0,4700.0,28485.0,133.0,53183.0,,,0.201703,0.50721662,"6,417.93",29.46,0.46,2026-04-22 15:50:46
206,농업,0.6,002100,경농,테마 편입 사유,10010.0,상승  100,1.01,10000.0,10010.0,73644.0,735.0,102274.0,,,0.201703,0.50721662,"6,417.93",29.46,0.46,2026-04-22 15:50:46
206,농업,0.6,332290,누보 *,테마 편입 사유,1382.0,상승  13,0.95,1381.0,1382.0,484251.0,668.0,741923.0,,,0.201703,0.50721662,"6,417.93",29.46,0.46,2026-04-22 15:50:46
206,농업,0.6,002900,TYM,테마 편입 사유,7290.0,상승  60,0.83,7280.0,7290.0,218502.0,1580.0,214765.0,,,0.201703,0.50721662,"6,417.93",29.46,0.46,2026-04-22 15:50:46
206,농업,0.6,014830,유니드,테마 편입 사유,85900.0,상승  400,0.47,85900.0,86000.0,30199.0,2587.0,32189.0,,,0.201703,0.50721662,"6,417.93",29.46,0.46,2026-04-22 15:50:46
206,농업,0.6,054050,농우바이오 *,테마 편입 사유,8110.0,상승  20,0.25,8090.0,8110.0,17800.0,144.0,58126.0,,,0.201703,0.50721662,"6,417.93",29.46,0.46,2026-04-22 15:50:46
206,농업,0.6,001550,조비,테마 편입 사유,15140.0,상승  30,0.2,15140.0,15170.0,74971.0,1143.0,107501.0,,,0.201703,0.50721662,"6,417.93",29.46,0.46,2026-04-22 15:50:46
206,농업,0.6,020400,대동금속 *,테마 편입 사유,5920.0,상승  10,0.17,5920.0,5930.0,71923.0,427.0,80473.0,,,0.201703,0.50721662,"6,417.93",29.46,0.46,2026-04-22 15:50:46
206,농업,0.6,003080,SB성보,테마 편입 사유,2695.0,하락  5,-0.19,2695.0,2700.0,12134.0,32.0,16649.0,,,0.201703,0.50721662,"6,417.93",29.46,0.46,2026-04-22 15:50:46
206,농업,0.6,007590,동방아그로,테마 편입 사유,6030.0,하락  30,-0.5,6020.0,6030.0,4500.0,27.0,6018.0,,,0.201703,0.50721662,"6,417.93",29.46,0.46,2026-04-22 15:50:46
206,농업,0.6,050860,아세아텍 *,테마 편입 사유,2035.0,하락  20,-0.97,2035.0,2045.0,70010.0,143.0,73157.0,,,0.201703,0.50721662,"6,417.93",29.46,0.46,2026-04-22 15:50:46
206,농업,0.6,154030,아시아종묘 *,테마 편입 사유,2030.0,하락  20,-0.98,2030.0,2035.0,41407.0,84.0,52008.0,,,0.201703,0.50721662,"6,417.93",29.46,0.46,2026-04-22 15:50:46
206,농업,0.6,000490,대동,테마 편입 사유,10170.0,하락  110,-1.07,10160.0,10170.0,154619.0,1565.0,328464.0,,,0.201703,0.50721662,"6,417.93",29.46,0.46,2026-04-22 15:50:46
206,농업,0.6,403490,우듬지팜 *,테마 편입 사유,1281.0,하락  15,-1.16,1280.0,1281.0,123840.0,158.0,170755.0,,,0.201703,0.50721662,"6,417.93",29.46,0.46,2026-04-22 15:50:46
206,농업,0.6,114450,그린생명과학 *,테마 편입 사유,3060.0,하락  45,-1.45,3060.0,3070.0,363975.0,1123.0,659554.0,,,0.201703,0.50721662,"6,417.93",29.46,0.46,2026-04-22 15:50:46
206,농업,0.6,352940,인바이오 *,테마 편입 사유,2375.0,하락  35,-1.45,2375.0,2385.0,28500.0,68.0,46118.0,,,0.201703,0.50721662,"6,417.93",29.46,0.46,2026-04-22 15:50:46
206,농업,0.6,008830,대동기어 *,테마 편입 사유,21450.0,하락  450,-2.05,21450.0,21500.0,180313.0,3825.0,389039.0,,,0.201703,0.50721662,"6,417.93",29.46,0.46,2026-04-22 15:50:46
323,셰일가스(Shale Gas),0.76,047050,포스코인터내셔널,테마 편입 사유,80600.0,"상승  3,100",4.0,80500.0,80600.0,898780.0,71581.0,551514.0,,,0.603403,0.48243462,"6,417.93",29.46,0.46,2026-04-22 15:50:46
323,셰일가스(Shale Gas),0.76,017960,한국카본,테마 편입 사유,52200.0,"상승  1,300",2.55,52100.0,52200.0,429977.0,22177.0,393859.0,,,0.603403,0.48243462,"6,417.93",29.46,0.46,2026-04-22 15:50:46
323,셰일가스(Shale Gas),0.76,101170,우림피티에스 *,테마 편입 사유,13930.0,상승  290,2.13,13930.0,13940.0,201353.0,2773.0,140000.0,,,0.603403,0.48243462,"6,417.93",29.46,0.46,2026-04-22 15:50:46
323,셰일가스(Shale Gas),0.76,017940,E1,테마 편입 사유,97700.0,"상승  1,400",1.45,97400.0,97700.0,8747.0,850.0,9980.0,,,0.603403,0.48243462,"6,417.93",29.46,0.46,2026-04-22 15:50:46
323,셰일가스(Shale Gas),0.76,018670,SK가스,테마 편입 사유,246000.0,"상승  2,000",0.82,245000.0,246000.0,17317.0,4248.0,13480.0,,,0.603403,0.48243462,"6,417.93",29.46,0.46,2026-04-22 15:50:46
323,셰일가스(Shale Gas),0.76,015760,한국전력,테마 편입 사유,46350.0,상승  350,0.76,46350.0,46400.0,3000227.0,137664.0,1664024.0,,,0.603403,0.48243462,"6,417.93",29.46,0.46,2026-04-22 15:50:46
323,셰일가스(Shale Gas),0.76,100840,SNT에너지,테마 편입 사유,53700.0,상승  400,0.75,53600.0,53700.0,295277.0,15627.0,431427.0,,,0.603403,0.48243462,"6,417.93",29.46,0.46,2026-04-22 15:50:46
323,셰일가스(Shale Gas),0.76,083650,비에이치아이 *,테마 편입 사유,98200.0,상승  400,0.41,98200.0,98300.0,278703.0,26953.0,452116.0,,,0.603403,0.48243462,"6,417.93",29.46,0.46,2026-04-22 15:50:46
323,셰일가스(Shale Gas),0.76,034020,두산에너빌리티,테마 편입 사유,115900.0,상승  200,0.17,115800.0,115900.0,3777181.0,431800.0,4773848.0,,,0.603403,0.48243462,"6,417.93",29.46,0.46,2026-04-22 15:50:46
323,셰일가스(Shale Gas),0.76,036460,한국가스공사,테마 편입 사유,36900.0,하락  150,-0.4,36900.0,36950.0,198269.0,7286.0,265407.0,,,0.603403,0.48243462,"6,417.93",29.46,0.46,2026-04-22 15:50:46
323,셰일가스(Shale Gas),0.76,002360,SH에너지화학,테마 편입 사유,378.0,하락  17,-4.3,378.0,379.0,1798427.0,686.0,1743941.0,,,0.603403,0.48243462,"6,417.93",29.46,0.46,2026-04-22 15:50:46
462,UAM(도심항공모빌리티),0.63,010820,퍼스텍,테마 편입 사유,16360.0,"상승  1,950",13.53,16360.0,16370.0,25960413.0,437214.0,6863490.0,,,0.511028,0.39492711999999996,"6,417.93",29.46,0.46,2026-04-22 15:50:46
462,UAM(도심항공모빌리티),0.63,079550,LIG디펜스앤에어로스페이스,테마 편입 사유,1020000.0,"상승  111,000",12.21,1020000.0,1021000.0,1256166.0,1287234.0,165856.0,,,0.511028,0.39492711999999996,"6,417.93",29.46,0.46,2026-04-22 15:50:46
462,UAM(도심항공모빌리티),0.63,035460,기산텔레콤 *,테마 편입 사유,4350.0,상승  130,3.08,4350.0,4355.0,613770.0,2597.0,912049.0,,,0.511028,0.39492711999999996,"6,417.93",29.46,0.46,2026-04-22 15:50:46
462,UAM(도심항공모빌리티),0.63,200880,서연이화,테마 편입 사유,14490.0,상승  420,2.99,14490.0,14500.0,139433.0,1998.0,131077.0,,,0.511028,0.39492711999999996,"6,417.93",29.46,0.46,2026-04-22 15:50:46
462,UAM(도심항공모빌리티),0.63,017960,한국카본,테마 편입 사유,52200.0,"상승  1,300",2.55,52100.0,52200.0,429977.0,22177.0,393859.0,,,0.511028,0.39492711999999996,"6,417.93",29.46,0.46,2026-04-22 15:50:46
462,UAM(도심항공모빌리티),0.63,272210,한화시스템,테마 편입 사유,134100.0,"상승  2,700",2.05,134100.0,134200.0,1583516.0,212787.0,649875.0,,,0.511028,0.39492711999999996,"6,417.93",29.46,0.46,2026-04-22 15:50:46
462,UAM(도심항공모빌리티),0.63,047810,한국항공우주,테마 편입 사유,185800.0,"상승  3,300",1.81,185700.0,185800.0,620990.0,115421.0,599874.0,,,0.511028,0.39492711999999996,"6,417.93",29.46,0.46,2026-04-22 15:50:46
462,UAM(도심항공모빌리티),0.63,012450,한화에어로스페이스,테마 편입 사유,1416000.0,"상승  25,000",1.8,1415000.0,1416000.0,159301.0,226328.0,162137.0,,,0.511028,0.39492711999999996,"6,417.93",29.46,0.46,2026-04-22 15:50:46
462,UAM(도심항공모빌리티),0.63,004270,남성,테마 편입 사유,753.0,보합0,0.0,0.0,0.0,0.0,0.0,0.0,,,0.511028,0.39492711999999996,"6,417.93",29.46,0.46,2026-04-22 15:50:46
462,UAM(도심항공모빌리티),0.63,306620,지아이에스 *,테마 편입 사유,3310.0,보합0,0.0,3310.0,3320.0,422238.0,1391.0,919913.0,,,0.511028,0.39492711999999996,"6,417.93",29.46,0.46,2026-04-22 15:50:46
462,UAM(도심항공모빌리티),0.63,078930,GS,테마 편입 사유,70800.0,보합0,0.0,70700.0,70800.0,168093.0,11780.0,166409.0,,,0.511028,0.39492711999999996,"6,417.93",29.46,0.46,2026-04-22 15:50:46
462,UAM(도심항공모빌리티),0.63,066590,스모트로닉 *,테마 편입 사유,2645.0,하락  5,-0.19,2625.0,2645.0,90450.0,237.0,98002.0,,,0.511028,0.39492711999999996,"6,417.93",29.46,0.46,2026-04-22 15:50:46
462,UAM(도심항공모빌리티),0.63,017670,SK텔레콤,테마 편입 사유,100300.0,하락  200,-0.2,100300.0,100400.0,845287.0,84758.0,1087598.0,,,0.511028,0.39492711999999996,"6,417.93",29.46,0.46,2026-04-22 15:50:46
462,UAM(도심항공모빌리티),0.63,274090,켄코아에어로스페이스 *,테마 편입 사유,23750.0,하락  50,-0.21,23700.0,23750.0,434003.0,10333.0,338498.0,,,0.511028,0.39492711999999996,"6,417.93",29.46,0.46,2026-04-22 15:50:46
462,UAM(도심항공모빌리티),0.63,002350,넥센타이어,테마 편입 사유,7590.0,하락  20,-0.26,7580.0,7590.0,110861.0,839.0,212841.0,,,0.511028,0.39492711999999996,"6,417.93",29.46,0.46,2026-04-22 15:50:46
462,UAM(도심항공모빌리티),0.63,005380,현대차,테마 편입 사유,541000.0,"하락  5,000",-0.92,540000.0,541000.0,747121.0,400995.0,946609.0,,,0.511028,0.39492711999999996,"6,417.93",29.46,0.46,2026-04-22 15:50:46
462,UAM(도심항공모빌리티),0.63,035720,카카오,테마 편입 사유,48450.0,하락  500,-1.02,48450.0,48500.0,1131917.0,54735.0,1316511.0,,,0.511028,0.39492711999999996,"6,417.93",29.46,0.46,2026-04-22 15:50:46
462,UAM(도심항공모빌리티),0.63,030200,KT,테마 편입 사유,61800.0,하락  900,-1.44,61800.0,62000.0,244783.0,15146.0,940085.0,,,0.511028,0.39492711999999996,"6,417.93",29.46,0.46,2026-04-22 15:50:46
462,UAM(도심항공모빌리티),0.63,177350,베셀 *,테마 편입 사유,1082.0,하락  16,-1.46,1082.0,1087.0,185698.0,201.0,181387.0,,,0.511028,0.39492711999999996,"6,417.93",29.46,0.46,2026-04-22 15:50:46
462,UAM(도심항공모빌리티),0.63,003490,대한항공,테마 편입 사유,25200.0,하락  400,-1.56,25200.0,25250.0,967296.0,24294.0,1462650.0,,,0.511028,0.39492711999999996,"6,417.93",29.46,0.46,2026-04-22 15:50:46
462,UAM(도심항공모빌리티),0.63,368770,파이버프로 *,테마 편입 사유,25050.0,하락  750,-2.91,25050.0,25100.0,926292.0,23208.0,1621917.0,,,0.511028,0.39492711999999996,"6,417.93",29.46,0.46,2026-04-22 15:50:46
462,UAM(도심항공모빌리티),0.63,089590,제주항공,테마 편입 사유,5440.0,하락  170,-3.03,5440.0,5450.0,285809.0,1554.0,275690.0,,,0.511028,0.39492711999999996,"6,417.93",29.46,0.46,2026-04-22 15:50:46
462,UAM(도심항공모빌리티),0.63,000720,현대건설,테마 편입 사유,168800.0,"하락  6,100",-3.49,168800.0,168900.0,1617301.0,273139.0,1390912.0,,,0.511028,0.39492711999999996,"6,417.93",29.46,0.46,2026-04-22 15:50:46
462,UAM(도심항공모빌리티),0.63,221840,하이즈항공 *,테마 편입 사유,2970.0,하락  115,-3.73,2970.0,2975.0,118812.0,357.0,103003.0,,,0.511028,0.39492711999999996,"6,417.93",29.46,0.46,2026-04-22 15:50:46
462,UAM(도심항공모빌리티),0.63,032640,LG유플러스,테마 편입 사유,16730.0,하락  680,-3.91,16730.0,16740.0,1075591.0,17994.0,665461.0,,,0.511028,0.39492711999999996,"6,417.93",29.46,0.46,2026-04-22 15:50:46
529,AI 챗봇(챗GPT 등),0.64,007660,이수페타시스,테마 편입 사유,161400.0,"상승  28,200",21.17,161300.0,161400.0,7160665.0,1090890.0,1601126.0,,,0.536537,0.39319297999999997,"6,417.93",29.46,0.46,2026-04-22 15:50:46
529,AI 챗봇(챗GPT 등),0.64,377480,마음AI *,테마 편입 사유,16650.0,상승  720,4.52,16650.0,16660.0,213120.0,3536.0,44240.0,,,0.536537,0.39319297999999997,"6,417.93",29.46,0.46,2026-04-22 15:50:46
529,AI 챗봇(챗GPT 등),0.64,304100,솔트룩스 *,테마 편입 사유,24800.0,상승  800,3.33,24750.0,24800.0,94716.0,2335.0,86772.0,,,0.536537,0.39319297999999997,"6,417.93",29.46,0.46,2026-04-22 15:50:46
529,AI 챗봇(챗GPT 등),0.64,047560,이스트소프트 *,테마 편입 사유,15090.0,상승  360,2.44,15070.0,15090.0,69780.0,1042.0,79498.0,,,0.536537,0.39319297999999997,"6,417.93",29.46,0.46,2026-04-22 15:50:46
529,AI 챗봇(챗GPT 등),0.64,450520,인스웨이브 *,테마 편입 사유,3340.0,상승  70,2.14,3320.0,3340.0,97479.0,325.0,61694.0,,,0.536537,0.39319297999999997,"6,417.93",29.46,0.46,2026-04-22 15:50:46
529,AI 챗봇(챗GPT 등),0.64,039290,인포뱅크 *,테마 편입 사유,5080.0,상승  90,1.8,5070.0,5080.0,25359.0,127.0,22880.0,,,0.536537,0.39319297999999997,"6,417.93",29.46,0.46,2026-04-22 15:50:46
529,AI 챗봇(챗GPT 등),0.64,060850,영림원소프트랩 *,테마 편입 사유,6470.0,상승  100,1.57,6410.0,6470.0,34999.0,224.0,23326.0,,,0.536537,0.39319297999999997,"6,417.93",29.46,0.46,2026-04-22 15:50:46
529,AI 챗봇(챗GPT 등),0.64,204620,글로벌텍스프리 *,테마 편입 사유,5220.0,상승  60,1.16,5220.0,5230.0,564730.0,2933.0,589399.0,,,0.536537,0.39319297999999997,"6,417.93",29.46,0.46,2026-04-22 15:50:46
529,AI 챗봇(챗GPT 등),0.64,205100,엑셈 *,테마 편입 사유,1920.0,상승  16,0.84,1915.0,1920.0,261515.0,500.0,295915.0,,,0.536537,0.39319297999999997,"6,417.93",29.46,0.46,2026-04-22 15:50:46
529,AI 챗봇(챗GPT 등),0.64,263800,데이타솔루션 *,테마 편입 사유,5390.0,상승  30,0.56,5390.0,5400.0,4440916.0,25544.0,289636.0,,,0.536537,0.39319297999999997,"6,417.93",29.46,0.46,2026-04-22 15:50:46
529,AI 챗봇(챗GPT 등),0.64,099390,브레인즈컴퍼니 *,테마 편입 사유,4660.0,상승  25,0.54,4640.0,4660.0,15189.0,69.0,16919.0,,,0.536537,0.39319297999999997,"6,417.93",29.46,0.46,2026-04-22 15:50:46
529,AI 챗봇(챗GPT 등),0.64,072130,유엔젤,테마 편입 사유,5720.0,상승  20,0.35,5710.0,5720.0,138217.0,783.0,130001.0,,,0.536537,0.39319297999999997,"6,417.93",29.46,0.46,2026-04-22 15:50:46
529,AI 챗봇(챗GPT 등),0.64,035420,NAVER,테마 편입 사유,214000.0,보합0,0.0,214000.0,214500.0,364647.0,77973.0,545889.0,,,0.536537,0.39319297999999997,"6,417.93",29.46,0.46,2026-04-22 15:50:46
529,AI 챗봇(챗GPT 등),0.64,402030,코난테크놀로지 *,테마 편입 사유,20900.0,보합0,0.0,20900.0,20950.0,27042.0,558.0,31392.0,,,0.536537,0.39319297999999997,"6,417.93",29.46,0.46,2026-04-22 15:50:46
529,AI 챗봇(챗GPT 등),0.64,039980,폴라리스AI *,테마 편입 사유,1481.0,보합0,0.0,0.0,0.0,0.0,0.0,0.0,,,0.536537,0.39319297999999997,"6,417.93",29.46,0.46,2026-04-22 15:50:46
529,AI 챗봇(챗GPT 등),0.64,018260,삼성에스디에스,테마 편입 사유,180100.0,하락  100,-0.06,180100.0,180200.0,237444.0,42779.0,285741.0,,,0.536537,0.39319297999999997,"6,417.93",29.46,0.46,2026-04-22 15:50:46
529,AI 챗봇(챗GPT 등),0.64,466410,사이냅소프트 *,테마 편입 사유,11910.0,하락  10,-0.08,11900.0,11910.0,27237.0,320.0,59572.0,,,0.536537,0.39319297999999997,"6,417.93",29.46,0.46,2026-04-22 15:50:46
529,AI 챗봇(챗GPT 등),0.64,0007C0,아크릴 *,테마 편입 사유,36950.0,하락  200,-0.54,36900.0,36950.0,212833.0,7775.0,366752.0,,,0.536537,0.39319297999999997,"6,417.93",29.46,0.46,2026-04-22 15:50:46
529,AI 챗봇(챗GPT 등),0.64,443670,에스피소프트 *,테마 편입 사유,6260.0,하락  40,-0.63,6260.0,6280.0,1012594.0,6415.0,7109329.0,,,0.536537,0.39319297999999997,"6,417.93",29.46,0.46,2026-04-22 15:50:46
529,AI 챗봇(챗GPT 등),0.64,300080,플리토 *,테마 편입 사유,11940.0,하락  80,-0.67,11930.0,11940.0,43599.0,519.0,61246.0,,,0.536537,0.39319297999999997,"6,417.93",29.46,0.46,2026-04-22 15:50:46
529,AI 챗봇(챗GPT 등),0.64,096250,와이즈넛 *,테마 편입 사유,11220.0,하락  90,-0.8,11200.0,11220.0,35966.0,400.0,79080.0,,,0.536537,0.39319297999999997,"6,417.93",29.46,0.46,2026-04-22 15:50:46
529,AI 챗봇(챗GPT 등),0.64,041020,폴라리스오피스 *,테마 편입 사유,4940.0,하락  45,-0.9,4935.0,4940.0,1096432.0,5460.0,1896104.0,,,0.536537,0.39319297999999997,"6,417.93",29.46,0.46,2026-04-22 15:50:46
529,AI 챗봇(챗GPT 등),0.64,030520,한글과컴퓨터 *,테마 편입 사유,20900.0,하락  200,-0.95,20850.0,20900.0,80492.0,1682.0,133585.0,,,0.536537,0.39319297999999997,"6,417.93",29.46,0.46,2026-04-22 15:50:46
529,AI 챗봇(챗GPT 등),0.64,279600,미디어젠 *,테마 편입 사유,6090.0,하락  60,-0.98,6090.0,6120.0,2488.0,15.0,4791.0,,,0.536537,0.39319297999999997,"6,417.93",29.46,0.46,2026-04-22 15:50:46
529,AI 챗봇(챗GPT 등),0.64,035720,카카오,테마 편입 사유,48450.0,하락  500,-1.02,48450.0,48500.0,1131917.0,54735.0,1316511.0,,,0.536537,0.39319297999999997,"6,417.93",29.46,0.46,2026-04-22 15:50:46
529,AI 챗봇(챗GPT 등),0.64,108860,셀바스AI *,테마 편입 사유,13960.0,하락  170,-1.2,13960.0,13970.0,364585.0,5075.0,462805.0,,,0.536537,0.39319297999999997,"6,417.93",29.46,0.46,2026-04-22 15:50:46
529,AI 챗봇(챗GPT 등),0.64,301300,바이브컴퍼니 *,테마 편입 사유,2665.0,하락  35,-1.3,2660.0,2670.0,31364.0,84.0,38949.0,,,0.536537,0.39319297999999997,"6,417.93",29.46,0.46,2026-04-22 15:50:46
529,AI 챗봇(챗GPT 등),0.64,064480,브리지텍 *,테마 편입 사유,4490.0,하락  60,-1.32,4485.0,4490.0,44160.0,198.0,69495.0,,,0.536537,0.39319297999999997,"6,417.93",29.46,0.46,2026-04-22 15:50:46
529,AI 챗봇(챗GPT 등),0.64,417970,모델솔루션 *,테마 편입 사유,19050.0,하락  270,-1.4,19010.0,19050.0,35889.0,679.0,36861.0,,,0.536537,0.39319297999999997,"6,417.93",29.46,0.46,2026-04-22 15:50:46
529,AI 챗봇(챗GPT 등),0.64,357880,SKAI *,테마 편입 사유,3755.0,하락  110,-2.85,3750.0,3755.0,3393380.0,12326.0,1596042.0,,,0.536537,0.39319297999999997,"6,417.93",29.46,0.46,2026-04-22 15:50:46
529,AI 챗봇(챗GPT 등),0.64,333050,이노테나 *,테마 편입 사유,1413.0,하락  88,-5.86,1412.0,1413.0,851933.0,1214.0,5816286.0,,,0.536537,0.39319297999999997,"6,417.93",29.46,0.46,2026-04-22 15:50:46
505,로봇(산업용/협동로봇 등),0.62,093640,케이알엠 *,테마 편입 사유,5190.0,"상승  1,020",24.46,5180.0,5190.0,1200944.0,5921.0,50004.0,,,0.532839,0.37489406000000003,"6,417.93",29.46,0.46,2026-04-22 15:50:46
505,로봇(산업용/협동로봇 등),0.62,307180,아이엘 *,테마 편입 사유,6360.0,상승  960,17.78,6360.0,6370.0,4722078.0,29029.0,2091713.0,,,0.532839,0.37489406000000003,"6,417.93",29.46,0.46,2026-04-22 15:50:46
505,로봇(산업용/협동로봇 등),0.62,010820,퍼스텍,테마 편입 사유,16360.0,"상승  1,950",13.53,16360.0,16370.0,25960413.0,437214.0,6863490.0,,,0.532839,0.37489406000000003,"6,417.93",29.46,0.46,2026-04-22 15:50:46
505,로봇(산업용/협동로봇 등),0.62,079550,LIG디펜스앤에어로스페이스,테마 편입 사유,1020000.0,"상승  111,000",12.21,1020000.0,1021000.0,1256166.0,1287234.0,165856.0,,,0.532839,0.37489406000000003,"6,417.93",29.46,0.46,2026-04-22 15:50:46
505,로봇(산업용/협동로봇 등),0.62,119500,포메탈 *,테마 편입 사유,4435.0,상승  300,7.26,4430.0,4435.0,675323.0,2988.0,115550.0,,,0.532839,0.37489406000000003,"6,417.93",29.46,0.46,2026-04-22 15:50:46
505,로봇(산업용/협동로봇 등),0.62,322180,LS티라유텍 *,테마 편입 사유,8610.0,상승  390,4.74,8600.0,8610.0,269270.0,2282.0,146831.0,,,0.532839,0.37489406000000003,"6,417.93",29.46,0.46,2026-04-22 15:50:46
505,로봇(산업용/협동로봇 등),0.62,101170,우림피티에스 *,테마 편입 사유,13930.0,상승  290,2.13,13930.0,13940.0,201353.0,2773.0,140000.0,,,0.532839,0.37489406000000003,"6,417.93",29.46,0.46,2026-04-22 15:50:46
505,로봇(산업용/협동로봇 등),0.62,094940,푸른기술 *,테마 편입 사유,10230.0,상승  210,2.1,10190.0,10230.0,98970.0,988.0,82841.0,,,0.532839,0.37489406000000003,"6,417.93",29.46,0.46,2026-04-22 15:50:46
505,로봇(산업용/협동로봇 등),0.62,079370,제우스 *,테마 편입 사유,16720.0,상승  340,2.08,16720.0,16730.0,544129.0,8986.0,382747.0,,,0.532839,0.37489406000000003,"6,417.93",29.46,0.46,2026-04-22 15:50:46
505,로봇(산업용/협동로봇 등),0.62,000150,두산,테마 편입 사유,1438000.0,"상승  29,000",2.06,1438000.0,1439000.0,73948.0,104638.0,71666.0,,,0.532839,0.37489406000000003,"6,417.93",29.46,0.46,2026-04-22 15:50:46
505,로봇(산업용/협동로봇 등),0.62,232680,라온로보틱스 *,테마 편입 사유,16350.0,상승  320,2.0,16350.0,16360.0,195175.0,3116.0,178215.0,,,0.532839,0.37489406000000003,"6,417.93",29.46,0.46,2026-04-22 15:50:46
505,로봇(산업용/협동로봇 등),0.62,391710,코닉오토메이션 *,테마 편입 사유,2120.0,상승  35,1.68,2120.0,2125.0,158781.0,333.0,114412.0,,,0.532839,0.37489406000000003,"6,417.93",29.46,0.46,2026-04-22 15:50:46
505,로봇(산업용/협동로봇 등),0.62,160190,하이젠알앤엠 *,테마 편입 사유,41600.0,상승  550,1.34,41600.0,41650.0,85796.0,3567.0,80912.0,,,0.532839,0.37489406000000003,"6,417.93",29.46,0.46,2026-04-22 15:50:46
505,로봇(산업용/협동로봇 등),0.62,125490,한라캐스트 *,테마 편입 사유,16290.0,상승  210,1.31,16290.0,16300.0,1341447.0,21568.0,1696592.0,,,0.532839,0.37489406000000003,"6,417.93",29.46,0.46,2026-04-22 15:50:46
505,로봇(산업용/협동로봇 등),0.62,024880,케이피에프 *,테마 편입 사유,5720.0,상승  70,1.24,5720.0,5730.0,185366.0,1051.0,262339.0,,,0.532839,0.37489406000000003,"6,417.93",29.46,0.46,2026-04-22 15:50:46
505,로봇(산업용/협동로봇 등),0.62,192410,오늘이엔엠 *,테마 편입 사유,7760.0,상승  70,0.91,7760.0,7860.0,162273.0,1254.0,420067.0,,,0.532839,0.37489406000000003,"6,417.93",29.46,0.46,2026-04-22 15:50:46
505,로봇(산업용/협동로봇 등),0.62,065350,신성델타테크 *,테마 편입 사유,60500.0,상승  500,0.83,60400.0,60500.0,90232.0,5437.0,167499.0,,,0.532839,0.37489406000000003,"6,417.93",29.46,0.46,2026-04-22 15:50:46
505,로봇(산업용/협동로봇 등),0.62,130740,티피씨글로벌 *,테마 편입 사유,2185.0,상승  15,0.69,2185.0,2190.0,32075.0,69.0,59133.0,,,0.532839,0.37489406000000003,"6,417.93",29.46,0.46,2026-04-22 15:50:46
505,로봇(산업용/협동로봇 등),0.62,011690,와이투솔루션,테마 편입 사유,7550.0,상승  50,0.67,7550.0,7560.0,788661.0,5895.0,1186452.0,,,0.532839,0.37489406000000003,"6,417.93",29.46,0.46,2026-04-22 15:50:46
505,로봇(산업용/협동로봇 등),0.62,251630,브이원텍 *,테마 편입 사유,6100.0,상승  30,0.49,6070.0,6100.0,92983.0,565.0,79914.0,,,0.532839,0.37489406000000003,"6,417.93",29.46,0.46,2026-04-22 15:50:46
505,로봇(산업용/협동로봇 등),0.62,413630,씨피시스템 *,테마 편입 사유,4100.0,상승  20,0.49,4100.0,4105.0,982468.0,4089.0,465319.0,,,0.532839,0.37489406000000003,"6,417.93",29.46,0.46,2026-04-22 15:50:46
505,로봇(산업용/협동로봇 등),0.62,204320,HL만도,테마 편입 사유,54500.0,상승  200,0.37,54400.0,54500.0,194943.0,10483.0,267266.0,,,0.532839,0.37489406000000003,"6,417.93",29.46,0.46,2026-04-22 15:50:46
505,로봇(산업용/협동로봇 등),0.62,270660,에브리봇 *,테마 편입 사유,17920.0,상승  60,0.34,17890.0,17920.0,30470.0,539.0,34955.0,,,0.532839,0.37489406000000003,"6,417.93",29.46,0.46,2026-04-22 15:50:46
505,로봇(산업용/협동로봇 등),0.62,319400,현대무벡스 *,테마 편입 사유,30200.0,상승  100,0.33,30200.0,30250.0,1369257.0,40830.0,2197558.0,,,0.532839,0.37489406000000003,"6,417.93",29.46,0.46,2026-04-22 15:50:46
505,로봇(산업용/협동로봇 등),0.62,160980,싸이맥스 *,테마 편입 사유,30600.0,상승  100,0.33,30500.0,30600.0,149548.0,4512.0,152598.0,,,0.532839,0.37489406000000003,"6,417.93",29.46,0.46,2026-04-22 15:50:46
505,로봇(산업용/협동로봇 등),0.62,454910,두산로보틱스,테마 편입 사유,92900.0,상승  300,0.32,92800.0,92900.0,112039.0,10319.0,121487.0,,,0.532839,0.37489406000000003,"6,417.93",29.46,0.46,2026-04-22 15:50:46
505,로봇(산업용/협동로봇 등),0.62,033530,SJG세종,테마 편입 사유,7970.0,상승  20,0.25,7960.0,7970.0,107640.0,852.0,130523.0,,,0.532839,0.37489406000000003,"6,417.93",29.46,0.46,2026-04-22 15:50:46
505,로봇(산업용/협동로봇 등),0.62,455900,엔젤로보틱스 *,테마 편입 사유,28900.0,상승  50,0.17,28900.0,28950.0,32668.0,934.0,31375.0,,,0.532839,0.37489406000000003,"6,417.93",29.46,0.46,2026-04-22 15:50:46
505,로봇(산업용/협동로봇 등),0.62,059120,아진엑스텍 *,테마 편입 사유,7400.0,상승  10,0.14,7390.0,7400.0,181862.0,1333.0,172576.0,,,0.532839,0.37489406000000003,"6,417.93",29.46,0.46,2026-04-22 15:50:46
505,로봇(산업용/협동로봇 등),0.62,117730,티로보틱스 *,테마 편입 사유,19500.0,상승  20,0.1,19480.0,19500.0,107840.0,2072.0,133617.0,,,0.532839,0.37489406000000003,"6,417.93",29.46,0.46,2026-04-22 15:50:46
505,로봇(산업용/협동로봇 등),0.62,090360,로보스타 *,테마 편입 사유,64900.0,보합0,0.0,64800.0,64900.0,31961.0,2044.0,35696.0,,,0.532839,0.37489406000000003,"6,417.93",29.46,0.46,2026-04-22 15:50:46
505,로봇(산업용/협동로봇 등),0.62,140670,알에스오토메이션 *,테마 편입 사유,16830.0,하락  20,-0.12,16830.0,16840.0,191075.0,3150.0,188168.0,,,0.532839,0.37489406000000003,"6,417.93",29.46,0.46,2026-04-22 15:50:46
505,로봇(산업용/협동로봇 등),0.62,060720,KH바텍 *,테마 편입 사유,14120.0,하락  50,-0.35,14120.0,14130.0,262247.0,3683.0,255268.0,,,0.532839,0.37489406000000003,"6,417.93",29.46,0.46,2026-04-22 15:50:46
505,로봇(산업용/협동로봇 등),0.62,058610,에스피지 *,테마 편입 사유,116100.0,하락  700,-0.6,116100.0,116200.0,208526.0,23929.0,206351.0,,,0.532839,0.37489406000000003,"6,417.93",29.46,0.46,2026-04-22 15:50:46
505,로봇(산업용/협동로봇 등),0.62,389500,에스비비테크 *,테마 편입 사유,62400.0,하락  400,-0.64,62400.0,62500.0,90070.0,5542.0,154237.0,,,0.532839,0.37489406000000003,"6,417.93",29.46,0.46,2026-04-22 15:50:46
505,로봇(산업용/협동로봇 등),0.62,484810,티엑스알로보틱스 *,테마 편입 사유,16950.0,하락  130,-0.76,16940.0,16950.0,42852.0,724.0,47135.0,,,0.532839,0.37489406000000003,"6,417.93",29.46,0.46,2026-04-22 15:50:46
505,로봇(산업용/협동로봇 등),0.62,277810,레인보우로보틱스 *,테마 편입 사유,596000.0,"하락  5,000",-0.83,595000.0,596000.0,83310.0,49356.0,131585.0,,,0.532839,0.37489406000000003,"6,417.93",29.46,0.46,2026-04-22 15:50:46
505,로봇(산업용/협동로봇 등),0.62,459510,나우로보틱스 *,테마 편입 사유,22600.0,하락  200,-0.88,22550.0,22600.0,35363.0,788.0,57910.0,,,0.532839,0.37489406000000003,"6,417.93",29.46,0.46,2026-04-22 15:50:46
505,로봇(산업용/협동로봇 등),0.62,264850,이랜시스 *,테마 편입 사유,6080.0,하락  60,-0.98,6080.0,6090.0,210620.0,1267.0,237055.0,,,0.532839,0.37489406000000003,"6,417.93",29.46,0.46,2026-04-22 15:50:46
505,로봇(산업용/협동로봇 등),0.62,199430,케이엔알시스템 *,테마 편입 사유,23450.0,하락  250,-1.05,23450.0,23500.0,37768.0,873.0,39542.0,,,0.532839,0.37489406000000003,"6,417.93",29.46,0.46,2026-04-22 15:50:46
505,로봇(산업용/협동로봇 등),0.62,000490,대동,테마 편입 사유,10170.0,하락  110,-1.07,10160.0,10170.0,154619.0,1565.0,328464.0,,,0.532839,0.37489406000000003,"6,417.93",29.46,0.46,2026-04-22 15:50:46
505,로봇(산업용/협동로봇 등),0.62,090710,휴림로봇 *,테마 편입 사유,11120.0,하락  120,-1.07,11110.0,11120.0,3326955.0,36581.0,3243427.0,,,0.532839,0.37489406000000003,"6,417.93",29.46,0.46,2026-04-22 15:50:46
505,로봇(산업용/협동로봇 등),0.62,049070,인탑스 *,테마 편입 사유,18300.0,하락  200,-1.08,18300.0,18310.0,58427.0,1057.0,61408.0,,,0.532839,0.37489406000000003,"6,417.93",29.46,0.46,2026-04-22 15:50:46
505,로봇(산업용/협동로봇 등),0.62,317830,에스피시스템스 *,테마 편입 사유,10380.0,하락  120,-1.14,10370.0,10380.0,53652.0,555.0,53386.0,,,0.532839,0.37489406000000003,"6,417.93",29.46,0.46,2026-04-22 15:50:46
505,로봇(산업용/협동로봇 등),0.62,099440,스맥 *,테마 편입 사유,4340.0,하락  50,-1.14,4335.0,4340.0,841685.0,3614.0,653751.0,,,0.532839,0.37489406000000003,"6,417.93",29.46,0.46,2026-04-22 15:50:46
505,로봇(산업용/협동로봇 등),0.62,059270,해성에어로보틱스 *,테마 편입 사유,9650.0,하락  120,-1.23,9630.0,9650.0,190043.0,1821.0,174317.0,,,0.532839,0.37489406000000003,"6,417.93",29.46,0.46,2026-04-22 15:50:46
505,로봇(산업용/협동로봇 등),0.62,217500,러셀 *,테마 편입 사유,2665.0,하락  35,-1.3,2665.0,2670.0,179521.0,476.0,205799.0,,,0.532839,0.37489406000000003,"6,417.93",29.46,0.46,2026-04-22 15:50:46
505,로봇(산업용/협동로봇 등),0.62,206400,베노티앤알 *,테마 편입 사유,1207.0,하락  16,-1.31,1206.0,1207.0,89982.0,108.0,70218.0,,,0.532839,0.37489406000000003,"6,417.93",29.46,0.46,2026-04-22 15:50:46
505,로봇(산업용/협동로봇 등),0.62,005850,에스엘,테마 편입 사유,64000.0,하락  900,-1.39,64000.0,64100.0,142945.0,9071.0,265639.0,,,0.532839,0.37489406000000003,"6,417.93",29.46,0.46,2026-04-22 15:50:46
505,로봇(산업용/협동로봇 등),0.62,006140,피제이전자 *,테마 편입 사유,7100.0,하락  100,-1.39,7090.0,7100.0,35199.0,249.0,71432.0,,,0.532839,0.37489406000000003,"6,417.93",29.46,0.46,2026-04-22 15:50:46
505,로봇(산업용/협동로봇 등),0.62,048770,TPC로보틱스 *,테마 편입 사유,3505.0,하락  50,-1.41,3500.0,3505.0,184756.0,642.0,174655.0,,,0.532839,0.37489406000000003,"6,417.93",29.46,0.46,2026-04-22 15:50:46
505,로봇(산업용/협동로봇 등),0.62,100660,서암기계공업 *,테마 편입 사유,4435.0,하락  65,-1.44,4435.0,4450.0,17977.0,80.0,32762.0,,,0.532839,0.37489406000000003,"6,417.93",29.46,0.46,2026-04-22 15:50:46
505,로봇(산업용/협동로봇 등),0.62,030530,원익홀딩스 *,테마 편입 사유,30400.0,하락  450,-1.46,30350.0,30400.0,619001.0,18631.0,795954.0,,,0.532839,0.37489406000000003,"6,417.93",29.46,0.46,2026-04-22 15:50:46
505,로봇(산업용/협동로봇 등),0.62,474650,링크솔루션 *,테마 편입 사유,58700.0,하락  900,-1.51,58700.0,59000.0,62074.0,3612.0,80116.0,,,0.532839,0.37489406000000003,"6,417.93",29.46,0.46,2026-04-22 15:50:46
505,로봇(산업용/협동로봇 등),0.62,388720,유일로보틱스 *,테마 편입 사유,97800.0,"하락  1,500",-1.51,97800.0,97900.0,41671.0,4040.0,56982.0,,,0.532839,0.37489406000000003,"6,417.93",29.46,0.46,2026-04-22 15:50:46
505,로봇(산업용/협동로봇 등),0.62,092200,디아이씨,테마 편입 사유,7570.0,하락  130,-1.69,7560.0,7570.0,332655.0,2510.0,328567.0,,,0.532839,0.37489406000000003,"6,417.93",29.46,0.46,2026-04-22 15:50:46
505,로봇(산업용/협동로봇 등),0.62,437730,삼현 *,테마 편입 사유,53400.0,"하락  1,000",-1.84,53400.0,53500.0,159211.0,8464.0,294321.0,,,0.532839,0.37489406000000003,"6,417.93",29.46,0.46,2026-04-22 15:50:46
505,로봇(산업용/협동로봇 등),0.62,012200,계양전기,테마 편입 사유,6380.0,하락  120,-1.85,6380.0,6390.0,210905.0,1342.0,332500.0,,,0.532839,0.37489406000000003,"6,417.93",29.46,0.46,2026-04-22 15:50:46
505,로봇(산업용/협동로봇 등),0.62,056080,유진로봇 *,테마 편입 사유,24800.0,하락  500,-1.98,24750.0,24800.0,279734.0,6889.0,296899.0,,,0.532839,0.37489406000000003,"6,417.93",29.46,0.46,2026-04-22 15:50:46
505,로봇(산업용/협동로봇 등),0.62,466100,클로봇 *,테마 편입 사유,48400.0,"하락  1,000",-2.02,48400.0,48450.0,168066.0,8103.0,211500.0,,,0.532839,0.37489406000000003,"6,417.93",29.46,0.46,2026-04-22 15:50:46
505,로봇(산업용/협동로봇 등),0.62,008830,대동기어 *,테마 편입 사유,21450.0,하락  450,-2.05,21450.0,21500.0,180313.0,3825.0,389039.0,,,0.532839,0.37489406000000003,"6,417.93",29.46,0.46,2026-04-22 15:50:46
505,로봇(산업용/협동로봇 등),0.62,084850,아이티엠반도체 *,테마 편입 사유,17830.0,하락  500,-2.73,17800.0,17830.0,107722.0,1909.0,237173.0,,,0.532839,0.37489406000000003,"6,417.93",29.46,0.46,2026-04-22 15:50:46
505,로봇(산업용/협동로봇 등),0.62,004380,삼익THK,테마 편입 사유,11440.0,하락  380,-3.21,11440.0,11460.0,162885.0,1884.0,206583.0,,,0.532839,0.37489406000000003,"6,417.93",29.46,0.46,2026-04-22 15:50:46
505,로봇(산업용/협동로봇 등),0.62,348340,뉴로메카 *,테마 편입 사유,67400.0,"하락  2,300",-3.3,67300.0,67400.0,241302.0,16242.0,375559.0,,,0.532839,0.37489406000000003,"6,417.93",29.46,0.46,2026-04-22 15:50:46
505,로봇(산업용/협동로봇 등),0.62,108490,로보티즈 *,테마 편입 사유,276000.0,"하락  11,000",-3.83,276000.0,276500.0,191170.0,53019.0,321356.0,,,0.532839,0.37489406000000003,"6,417.93",29.46,0.46,2026-04-22 15:50:46
505,로봇(산업용/협동로봇 등),0.62,138360,앤로보틱스 *,테마 편입 사유,2130.0,하락  85,-3.84,2130.0,2135.0,627946.0,1337.0,889170.0,,,0.532839,0.37489406000000003,"6,417.93",29.46,0.46,2026-04-22 15:50:46
505,로봇(산업용/협동로봇 등),0.62,448900,한국피아이엠 *,테마 편입 사유,99800.0,"하락  7,000",-6.55,99800.0,99900.0,200872.0,20016.0,228802.0,,,0.532839,0.37489406000000003,"6,417.93",29.46,0.46,2026-04-22 15:50:46
149,원격진료/비대면진료(U-Healthcare),0.48,458870,씨어스 *,테마 편입 사유,46200.0,"상승  3,000",6.94,46200.0,46250.0,461402.0,20966.0,247402.0,,,0.237293,0.37084522,"6,417.93",29.46,0.46,2026-04-22 15:50:46
149,원격진료/비대면진료(U-Healthcare),0.48,078160,메디포스트 *,테마 편입 사유,25500.0,"상승  1,350",5.59,25500.0,25550.0,241462.0,5856.0,272198.0,,,0.237293,0.37084522,"6,417.93",29.46,0.46,2026-04-22 15:50:46
149,원격진료/비대면진료(U-Healthcare),0.48,032850,비트컴퓨터 *,테마 편입 사유,5310.0,상승  110,2.12,5300.0,5310.0,197363.0,1024.0,227708.0,,,0.237293,0.37084522,"6,417.93",29.46,0.46,2026-04-22 15:50:46
149,원격진료/비대면진료(U-Healthcare),0.48,071200,인피니트헬스케어 *,테마 편입 사유,6690.0,상승  120,1.83,6690.0,6700.0,75565.0,504.0,54479.0,,,0.237293,0.37084522,"6,417.93",29.46,0.46,2026-04-22 15:50:46
149,원격진료/비대면진료(U-Healthcare),0.48,041830,인바디 *,테마 편입 사유,29500.0,상승  400,1.37,29250.0,29500.0,57440.0,1682.0,17293.0,,,0.237293,0.37084522,"6,417.93",29.46,0.46,2026-04-22 15:50:46
149,원격진료/비대면진료(U-Healthcare),0.48,039860,나노엔텍 *,테마 편입 사유,5280.0,상승  60,1.15,5280.0,5290.0,337810.0,1767.0,327826.0,,,0.237293,0.37084522,"6,417.93",29.46,0.46,2026-04-22 15:50:46
149,원격진료/비대면진료(U-Healthcare),0.48,099750,이지케어텍 *,테마 편입 사유,8800.0,상승  80,0.92,8740.0,8800.0,12337.0,108.0,14424.0,,,0.237293,0.37084522,"6,417.93",29.46,0.46,2026-04-22 15:50:46
149,원격진료/비대면진료(U-Healthcare),0.48,393210,토마토시스템 *,테마 편입 사유,4620.0,상승  35,0.76,4615.0,4620.0,51623.0,238.0,58528.0,,,0.237293,0.37084522,"6,417.93",29.46,0.46,2026-04-22 15:50:46
149,원격진료/비대면진료(U-Healthcare),0.48,347700,스피어 *,테마 편입 사유,44500.0,상승  250,0.56,44450.0,44500.0,1142217.0,50938.0,978042.0,,,0.237293,0.37084522,"6,417.93",29.46,0.46,2026-04-22 15:50:46
149,원격진료/비대면진료(U-Healthcare),0.48,322510,제이엘케이 *,테마 편입 사유,6780.0,상승  20,0.3,6780.0,6790.0,182556.0,1231.0,219212.0,,,0.237293,0.37084522,"6,417.93",29.46,0.46,2026-04-22 15:50:46
149,원격진료/비대면진료(U-Healthcare),0.48,439580,블루엠텍 *,테마 편입 사유,3350.0,상승  5,0.15,3320.0,3350.0,134349.0,446.0,277113.0,,,0.237293,0.37084522,"6,417.93",29.46,0.46,2026-04-22 15:50:46
149,원격진료/비대면진료(U-Healthcare),0.48,032680,소프트센 *,테마 편입 사유,257.0,보합0,0.0,257.0,258.0,1007956.0,256.0,1482589.0,,,0.237293,0.37084522,"6,417.93",29.46,0.46,2026-04-22 15:50:46
149,원격진료/비대면진료(U-Healthcare),0.48,005250,녹십자홀딩스,테마 편입 사유,14330.0,하락  10,-0.07,14330.0,14350.0,67961.0,971.0,133244.0,,,0.237293,0.37084522,"6,417.93",29.46,0.46,2026-04-22 15:50:46
149,원격진료/비대면진료(U-Healthcare),0.48,131370,알서포트 *,테마 편입 사유,2695.0,하락  5,-0.19,2695.0,2700.0,402310.0,1080.0,641334.0,,,0.237293,0.37084522,"6,417.93",29.46,0.46,2026-04-22 15:50:46
149,원격진료/비대면진료(U-Healthcare),0.48,038290,마크로젠 *,테마 편입 사유,16790.0,하락  90,-0.53,16790.0,16800.0,27684.0,464.0,36300.0,,,0.237293,0.37084522,"6,417.93",29.46,0.46,2026-04-22 15:50:46
149,원격진료/비대면진료(U-Healthcare),0.48,085660,차바이오텍 *,테마 편입 사유,17270.0,하락  120,-0.69,17270.0,17280.0,336975.0,5777.0,382197.0,,,0.237293,0.37084522,"6,417.93",29.46,0.46,2026-04-22 15:50:46
149,원격진료/비대면진료(U-Healthcare),0.48,032620,GC메디아이 *,테마 편입 사유,4190.0,하락  45,-1.06,4185.0,4190.0,194183.0,806.0,207879.0,,,0.237293,0.37084522,"6,417.93",29.46,0.46,2026-04-22 15:50:46
149,원격진료/비대면진료(U-Healthcare),0.48,033230,인성정보 *,테마 편입 사유,1987.0,하락  33,-1.63,1987.0,1989.0,8552096.0,17564.0,3365730.0,,,0.237293,0.37084522,"6,417.93",29.46,0.46,2026-04-22 15:50:46
149,원격진료/비대면진료(U-Healthcare),0.48,100120,뷰웍스 *,테마 편입 사유,27650.0,하락  500,-1.78,27650.0,27750.0,119199.0,3275.0,165048.0,,,0.237293,0.37084522,"6,417.93",29.46,0.46,2026-04-22 15:50:46
149,원격진료/비대면진료(U-Healthcare),0.48,263700,케어랩스 *,테마 편입 사유,2660.0,하락  70,-2.56,2660.0,2670.0,41904.0,112.0,70592.0,,,0.237293,0.37084522,"6,417.93",29.46,0.46,2026-04-22 15:50:46
149,원격진료/비대면진료(U-Healthcare),0.48,290660,네오펙트 *,테마 편입 사유,1001.0,하락  31,-3.0,1001.0,1002.0,1525661.0,1536.0,2294104.0,,,0.237293,0.37084522,"6,417.93",29.46,0.46,2026-04-22 15:50:46
228,국내 상장 중국기업,0.51,900300,오가닉티코스메틱 *,테마 편입 사유,145.0,상승  7,5.07,145.0,146.0,47622880.0,7265.0,19885791.0,,,0.317304,0.36404016,"6,417.93",29.46,0.46,2026-04-22 15:50:46
228,국내 상장 중국기업,0.51,900310,컬러레이 *,테마 편입 사유,517.0,상승  14,2.78,517.0,518.0,259883.0,134.0,90039.0,,,0.317304,0.36404016,"6,417.93",29.46,0.46,2026-04-22 15:50:46
228,국내 상장 중국기업,0.51,900070,글로벌에스엠 *,테마 편입 사유,628.0,상승  8,1.29,628.0,630.0,1059907.0,671.0,4631711.0,,,0.317304,0.36404016,"6,417.93",29.46,0.46,2026-04-22 15:50:46
228,국내 상장 중국기업,0.51,900340,윙입푸드 *,테마 편입 사유,671.0,상승  6,0.9,670.0,671.0,104653.0,70.0,214895.0,,,0.317304,0.36404016,"6,417.93",29.46,0.46,2026-04-22 15:50:46
228,국내 상장 중국기업,0.51,900110,이스트아시아홀딩스 *,테마 편입 사유,792.0,상승  6,0.76,789.0,792.0,42100.0,33.0,162632.0,,,0.317304,0.36404016,"6,417.93",29.46,0.46,2026-04-22 15:50:46
228,국내 상장 중국기업,0.51,900250,크리스탈신소재 *,테마 편입 사유,615.0,상승  2,0.33,614.0,615.0,679418.0,414.0,1316957.0,,,0.317304,0.36404016,"6,417.93",29.46,0.46,2026-04-22 15:50:46
228,국내 상장 중국기업,0.51,900270,헝셩그룹 *,테마 편입 사유,1104.0,보합0,0.0,1104.0,1105.0,98873.0,108.0,168167.0,,,0.317304,0.36404016,"6,417.93",29.46,0.46,2026-04-22 15:50:46
228,국내 상장 중국기업,0.51,900120,씨엑스아이 *,테마 편입 사유,395.0,하락  1,-0.25,395.0,396.0,94812.0,38.0,76103.0,,,0.317304,0.36404016,"6,417.93",29.46,0.46,2026-04-22 15:50:46
228,국내 상장 중국기업,0.51,032580,피델릭스 *,테마 편입 사유,1172.0,하락  4,-0.34,1167.0,1172.0,100955.0,118.0,150767.0,,,0.317304,0.36404016,"6,417.93",29.46,0.46,2026-04-22 15:50:46
228,국내 상장 중국기업,0.51,900260,로스웰 *,테마 편입 사유,1632.0,하락  20,-1.21,1632.0,1646.0,13473.0,22.0,12427.0,,,0.317304,0.36404016,"6,417.93",29.46,0.46,2026-04-22 15:50:46
228,국내 상장 중국기업,0.51,900290,GRT *,테마 편입 사유,4900.0,하락  190,-3.73,4895.0,4900.0,506697.0,2504.0,1035811.0,,,0.317304,0.36404016,"6,417.93",29.46,0.46,2026-04-22 15:50:46
316,엔젤산업,0.41,066910,손오공 *,테마 편입 사유,708.0,상승  39,5.83,707.0,708.0,545542.0,377.0,392230.0,,,0.133206,0.34872524,"6,417.93",29.46,0.46,2026-04-22 15:50:46
316,엔젤산업,0.41,900300,오가닉티코스메틱 *,테마 편입 사유,145.0,상승  7,5.07,145.0,146.0,47622880.0,7265.0,19885791.0,,,0.133206,0.34872524,"6,417.93",29.46,0.46,2026-04-22 15:50:46
316,엔젤산업,0.41,005360,모나미,테마 편입 사유,1795.0,상승  41,2.34,1786.0,1795.0,81270.0,144.0,47344.0,,,0.133206,0.34872524,"6,417.93",29.46,0.46,2026-04-22 15:50:46
316,엔젤산업,0.41,215480,토박스코리아 *,테마 편입 사유,2345.0,상승  50,2.18,2345.0,2360.0,37549.0,87.0,52085.0,,,0.133206,0.34872524,"6,417.93",29.46,0.46,2026-04-22 15:50:46
316,엔젤산업,0.41,003920,남양유업,테마 편입 사유,51900.0,상승  700,1.37,51900.0,52100.0,5529.0,286.0,8056.0,,,0.133206,0.34872524,"6,417.93",29.46,0.46,2026-04-22 15:50:46
316,엔젤산업,0.41,092730,네오팜 *,테마 편입 사유,19700.0,상승  260,1.34,19680.0,19700.0,84759.0,1661.0,90915.0,,,0.133206,0.34872524,"6,417.93",29.46,0.46,2026-04-22 15:50:46
316,엔젤산업,0.41,159580,제로투세븐 *,테마 편입 사유,3970.0,상승  40,1.02,3965.0,3970.0,17869.0,70.0,27979.0,,,0.133206,0.34872524,"6,417.93",29.46,0.46,2026-04-22 15:50:46
316,엔젤산업,0.41,462310,뉴키즈온 *,테마 편입 사유,4535.0,상승  40,0.89,4500.0,4535.0,24917.0,111.0,16394.0,,,0.133206,0.34872524,"6,417.93",29.46,0.46,2026-04-22 15:50:46
316,엔젤산업,0.41,403850,더핑크퐁컴퍼니 *,테마 편입 사유,17150.0,상승  150,0.88,17090.0,17150.0,47192.0,795.0,46966.0,,,0.133206,0.34872524,"6,417.93",29.46,0.46,2026-04-22 15:50:46
316,엔젤산업,0.41,317530,캐리소프트 *,테마 편입 사유,4120.0,상승  30,0.73,4120.0,4125.0,7078.0,29.0,5865.0,,,0.133206,0.34872524,"6,417.93",29.46,0.46,2026-04-22 15:50:46
316,엔젤산업,0.41,419530,SAMG엔터 *,테마 편입 사유,37700.0,상승  200,0.53,37650.0,37700.0,55698.0,2079.0,71140.0,,,0.133206,0.34872524,"6,417.93",29.46,0.46,2026-04-22 15:50:46
316,엔젤산업,0.41,019680,대교,테마 편입 사유,1594.0,상승  8,0.5,1571.0,1594.0,81108.0,127.0,52931.0,,,0.133206,0.34872524,"6,417.93",29.46,0.46,2026-04-22 15:50:46
316,엔젤산업,0.41,095720,웅진씽크빅,테마 편입 사유,1151.0,상승  1,0.09,1150.0,1151.0,88427.0,101.0,88358.0,,,0.133206,0.34872524,"6,417.93",29.46,0.46,2026-04-22 15:50:46
316,엔젤산업,0.41,900270,헝셩그룹 *,테마 편입 사유,1104.0,보합0,0.0,1104.0,1105.0,98873.0,108.0,168167.0,,,0.133206,0.34872524,"6,417.93",29.46,0.46,2026-04-22 15:50:46
316,엔젤산업,0.41,068290,삼성출판사,테마 편입 사유,9230.0,하락  10,-0.11,9220.0,9250.0,11695.0,107.0,12873.0,,,0.133206,0.34872524,"6,417.93",29.46,0.46,2026-04-22 15:50:46
316,엔젤산업,0.41,013990,아가방컴퍼니 *,테마 편입 사유,5130.0,하락  20,-0.39,5130.0,5140.0,158167.0,810.0,232508.0,,,0.133206,0.34872524,"6,417.93",29.46,0.46,2026-04-22 15:50:46
316,엔젤산업,0.41,267980,매일유업 *,테마 편입 사유,36000.0,하락  150,-0.41,35900.0,36000.0,6674.0,241.0,5870.0,,,0.133206,0.34872524,"6,417.93",29.46,0.46,2026-04-22 15:50:46
316,엔젤산업,0.41,040420,정상제이엘에스 *,테마 편입 사유,6000.0,하락  30,-0.5,5990.0,6000.0,28221.0,169.0,21537.0,,,0.133206,0.34872524,"6,417.93",29.46,0.46,2026-04-22 15:50:46
316,엔젤산업,0.41,036000,예림당 *,테마 편입 사유,3215.0,하락  30,-0.92,3210.0,3215.0,80144.0,256.0,43849.0,,,0.133206,0.34872524,"6,417.93",29.46,0.46,2026-04-22 15:50:46
316,엔젤산업,0.41,002450,삼익악기,테마 편입 사유,1264.0,하락  15,-1.17,1260.0,1264.0,106627.0,134.0,166293.0,,,0.133206,0.34872524,"6,417.93",29.46,0.46,2026-04-22 15:50:46
316,엔젤산업,0.41,435570,에르코스 *,테마 편입 사유,10620.0,하락  130,-1.21,10620.0,10700.0,18612.0,199.0,26154.0,,,0.133206,0.34872524,"6,417.93",29.46,0.46,2026-04-22 15:50:46
316,엔젤산업,0.41,407400,꿈비 *,테마 편입 사유,4390.0,하락  55,-1.24,4355.0,4390.0,94688.0,413.0,56101.0,,,0.133206,0.34872524,"6,417.93",29.46,0.46,2026-04-22 15:50:46
316,엔젤산업,0.41,048910,대원미디어 *,테마 편입 사유,7540.0,하락  120,-1.57,7530.0,7540.0,50862.0,382.0,68247.0,,,0.133206,0.34872524,"6,417.93",29.46,0.46,2026-04-22 15:50:46
316,엔젤산업,0.41,039830,오로라 *,테마 편입 사유,13220.0,하락  320,-2.36,13220.0,13230.0,244107.0,3218.0,691893.0,,,0.133206,0.34872524,"6,417.93",29.46,0.46,2026-04-22 15:50:46
316,엔젤산업,0.41,014100,메디앙스 *,테마 편입 사유,1729.0,하락  49,-2.76,1729.0,1742.0,11513.0,20.0,10195.0,,,0.133206,0.34872524,"6,417.93",29.46,0.46,2026-04-22 15:50:46
392,스마트팩토리(스마트공장),0.66,049480,오픈베이스 *,테마 편입 사유,3600.0,상승  310,9.42,3595.0,3600.0,30260870.0,113322.0,5760243.0,,,0.688181,0.34343674,"6,417.93",29.46,0.46,2026-04-22 15:50:46
392,스마트팩토리(스마트공장),0.66,347890,엠엑스온 *,테마 편입 사유,5930.0,상승  440,8.01,5930.0,5940.0,898506.0,5337.0,41318.0,,,0.688181,0.34343674,"6,417.93",29.46,0.46,2026-04-22 15:50:46
392,스마트팩토리(스마트공장),0.66,452450,피아이이 *,테마 편입 사유,7020.0,상승  370,5.56,7010.0,7020.0,4378059.0,31071.0,520208.0,,,0.688181,0.34343674,"6,417.93",29.46,0.46,2026-04-22 15:50:46
392,스마트팩토리(스마트공장),0.66,010120,LS ELECTRIC,테마 편입 사유,194200.0,"상승  9,500",5.14,194100.0,194200.0,1498773.0,288495.0,790569.0,,,0.688181,0.34343674,"6,417.93",29.46,0.46,2026-04-22 15:50:46
392,스마트팩토리(스마트공장),0.66,322180,LS티라유텍 *,테마 편입 사유,8610.0,상승  390,4.74,8600.0,8610.0,269270.0,2282.0,146831.0,,,0.688181,0.34343674,"6,417.93",29.46,0.46,2026-04-22 15:50:46
392,스마트팩토리(스마트공장),0.66,075970,동국알앤에스 *,테마 편입 사유,2395.0,상승  100,4.36,2395.0,2400.0,1056843.0,2541.0,107908.0,,,0.688181,0.34343674,"6,417.93",29.46,0.46,2026-04-22 15:50:46
392,스마트팩토리(스마트공장),0.66,098460,고영 *,테마 편입 사유,33100.0,"상승  1,100",3.44,33050.0,33100.0,3390660.0,110627.0,2687432.0,,,0.688181,0.34343674,"6,417.93",29.46,0.46,2026-04-22 15:50:46
392,스마트팩토리(스마트공장),0.66,022100,포스코DX,테마 편입 사유,35650.0,"상승  1,000",2.89,35600.0,35650.0,931918.0,33278.0,675749.0,,,0.688181,0.34343674,"6,417.93",29.46,0.46,2026-04-22 15:50:46
392,스마트팩토리(스마트공장),0.66,282880,코윈테크 *,테마 편입 사유,16220.0,상승  320,2.01,16200.0,16220.0,179787.0,2892.0,177683.0,,,0.688181,0.34343674,"6,417.93",29.46,0.46,2026-04-22 15:50:46
392,스마트팩토리(스마트공장),0.66,232680,라온로보틱스 *,테마 편입 사유,16350.0,상승  320,2.0,16350.0,16360.0,195175.0,3116.0,178215.0,,,0.688181,0.34343674,"6,417.93",29.46,0.46,2026-04-22 15:50:46
392,스마트팩토리(스마트공장),0.66,064400,LG씨엔에스,테마 편입 사유,68200.0,"상승  1,200",1.79,68200.0,68300.0,529970.0,35671.0,478179.0,,,0.688181,0.34343674,"6,417.93",29.46,0.46,2026-04-22 15:50:46
392,스마트팩토리(스마트공장),0.66,271830,팸텍 *,테마 편입 사유,1620.0,상승  27,1.69,1618.0,1620.0,79892.0,128.0,81524.0,,,0.688181,0.34343674,"6,417.93",29.46,0.46,2026-04-22 15:50:46
392,스마트팩토리(스마트공장),0.66,391710,코닉오토메이션 *,테마 편입 사유,2120.0,상승  35,1.68,2120.0,2125.0,158781.0,333.0,114412.0,,,0.688181,0.34343674,"6,417.93",29.46,0.46,2026-04-22 15:50:46
392,스마트팩토리(스마트공장),0.66,086670,비엠티 *,테마 편입 사유,15790.0,상승  260,1.67,15730.0,15790.0,48535.0,757.0,130410.0,,,0.688181,0.34343674,"6,417.93",29.46,0.46,2026-04-22 15:50:46
392,스마트팩토리(스마트공장),0.66,219420,링크제니시스 *,테마 편입 사유,5040.0,상승  80,1.61,5040.0,5070.0,126726.0,638.0,36336.0,,,0.688181,0.34343674,"6,417.93",29.46,0.46,2026-04-22 15:50:46
392,스마트팩토리(스마트공장),0.66,351330,이삭엔지니어링 *,테마 편입 사유,7720.0,상승  70,0.92,7700.0,7720.0,31323.0,239.0,30059.0,,,0.688181,0.34343674,"6,417.93",29.46,0.46,2026-04-22 15:50:46
392,스마트팩토리(스마트공장),0.66,003550,LG,테마 편입 사유,95700.0,상승  700,0.74,95600.0,95700.0,265866.0,25420.0,228648.0,,,0.688181,0.34343674,"6,417.93",29.46,0.46,2026-04-22 15:50:46
392,스마트팩토리(스마트공장),0.66,319400,현대무벡스 *,테마 편입 사유,30200.0,상승  100,0.33,30200.0,30250.0,1369257.0,40830.0,2197558.0,,,0.688181,0.34343674,"6,417.93",29.46,0.46,2026-04-22 15:50:46
392,스마트팩토리(스마트공장),0.66,059120,아진엑스텍 *,테마 편입 사유,7400.0,상승  10,0.14,7390.0,7400.0,181862.0,1333.0,172576.0,,,0.688181,0.34343674,"6,417.93",29.46,0.46,2026-04-22 15:50:46
392,스마트팩토리(스마트공장),0.66,086960,MDS테크 *,테마 편입 사유,1115.0,보합0,0.0,0.0,0.0,0.0,0.0,0.0,,,0.688181,0.34343674,"6,417.93",29.46,0.46,2026-04-22 15:50:46
392,스마트팩토리(스마트공장),0.66,007820,엠엑스로보틱스 *,테마 편입 사유,5330.0,보합0,0.0,5320.0,5330.0,139618.0,735.0,216878.0,,,0.688181,0.34343674,"6,417.93",29.46,0.46,2026-04-22 15:50:46
392,스마트팩토리(스마트공장),0.66,018260,삼성에스디에스,테마 편입 사유,180100.0,하락  100,-0.06,180100.0,180200.0,237444.0,42779.0,285741.0,,,0.688181,0.34343674,"6,417.93",29.46,0.46,2026-04-22 15:50:46
392,스마트팩토리(스마트공장),0.66,140670,알에스오토메이션 *,테마 편입 사유,16830.0,하락  20,-0.12,16830.0,16840.0,191075.0,3150.0,188168.0,,,0.688181,0.34343674,"6,417.93",29.46,0.46,2026-04-22 15:50:46
392,스마트팩토리(스마트공장),0.66,012510,더존비즈온,테마 편입 사유,118800.0,하락  200,-0.17,118700.0,118800.0,11227.0,1335.0,8081.0,,,0.688181,0.34343674,"6,417.93",29.46,0.46,2026-04-22 15:50:46
392,스마트팩토리(스마트공장),0.66,484810,티엑스알로보틱스 *,테마 편입 사유,16950.0,하락  130,-0.76,16940.0,16950.0,42852.0,724.0,47135.0,,,0.688181,0.34343674,"6,417.93",29.46,0.46,2026-04-22 15:50:46
392,스마트팩토리(스마트공장),0.66,056190,에스에프에이 *,테마 편입 사유,31550.0,하락  250,-0.79,31550.0,31600.0,126765.0,3996.0,216045.0,,,0.688181,0.34343674,"6,417.93",29.46,0.46,2026-04-22 15:50:46
392,스마트팩토리(스마트공장),0.66,094280,효성ITX,테마 편입 사유,12840.0,하락  110,-0.85,12840.0,12870.0,19428.0,250.0,45163.0,,,0.688181,0.34343674,"6,417.93",29.46,0.46,2026-04-22 15:50:46
392,스마트팩토리(스마트공장),0.66,011700,한신기계,테마 편입 사유,4300.0,하락  45,-1.04,4295.0,4300.0,380788.0,1628.0,391339.0,,,0.688181,0.34343674,"6,417.93",29.46,0.46,2026-04-22 15:50:46
392,스마트팩토리(스마트공장),0.66,090710,휴림로봇 *,테마 편입 사유,11120.0,하락  120,-1.07,11110.0,11120.0,3326955.0,36581.0,3243427.0,,,0.688181,0.34343674,"6,417.93",29.46,0.46,2026-04-22 15:50:46
392,스마트팩토리(스마트공장),0.66,099440,스맥 *,테마 편입 사유,4340.0,하락  50,-1.14,4335.0,4340.0,841685.0,3614.0,653751.0,,,0.688181,0.34343674,"6,417.93",29.46,0.46,2026-04-22 15:50:46
392,스마트팩토리(스마트공장),0.66,317830,에스피시스템스 *,테마 편입 사유,10380.0,하락  120,-1.14,10370.0,10380.0,53652.0,555.0,53386.0,,,0.688181,0.34343674,"6,417.93",29.46,0.46,2026-04-22 15:50:46
392,스마트팩토리(스마트공장),0.66,034730,SK,테마 편입 사유,381500.0,"하락  5,000",-1.29,381500.0,382000.0,116647.0,44174.0,138852.0,,,0.688181,0.34343674,"6,417.93",29.46,0.46,2026-04-22 15:50:46
392,스마트팩토리(스마트공장),0.66,381620,제닉스로보틱스 *,테마 편입 사유,9200.0,하락  130,-1.39,9200.0,9210.0,85417.0,779.0,69474.0,,,0.688181,0.34343674,"6,417.93",29.46,0.46,2026-04-22 15:50:46
392,스마트팩토리(스마트공장),0.66,048770,TPC로보틱스 *,테마 편입 사유,3505.0,하락  50,-1.41,3500.0,3505.0,184756.0,642.0,174655.0,,,0.688181,0.34343674,"6,417.93",29.46,0.46,2026-04-22 15:50:46
392,스마트팩토리(스마트공장),0.66,108230,톱텍 *,테마 편입 사유,4515.0,하락  65,-1.42,4515.0,4530.0,196959.0,896.0,102039.0,,,0.688181,0.34343674,"6,417.93",29.46,0.46,2026-04-22 15:50:46
392,스마트팩토리(스마트공장),0.66,388720,유일로보틱스 *,테마 편입 사유,97800.0,"하락  1,500",-1.51,97800.0,97900.0,41671.0,4040.0,56982.0,,,0.688181,0.34343674,"6,417.93",29.46,0.46,2026-04-22 15:50:46
392,스마트팩토리(스마트공장),0.66,290090,트윔 *,테마 편입 사유,6960.0,하락  110,-1.56,6940.0,6960.0,9313.0,65.0,13156.0,,,0.688181,0.34343674,"6,417.93",29.46,0.46,2026-04-22 15:50:46
392,스마트팩토리(스마트공장),0.66,004380,삼익THK,테마 편입 사유,11440.0,하락  380,-3.21,11440.0,11460.0,162885.0,1884.0,206583.0,,,0.688181,0.34343674,"6,417.93",29.46,0.46,2026-04-22 15:50:46
392,스마트팩토리(스마트공장),0.66,373170,엠아이큐브솔루션 *,테마 편입 사유,3100.0,하락  485,-13.53,3100.0,3105.0,328268.0,1048.0,526927.0,,,0.688181,0.34343674,"6,417.93",29.46,0.46,2026-04-22 15:50:46
313,남-북-러 가스관사업,0.51,105740,디케이락 *,테마 편입 사유,10650.0,상승  410,4.0,10650.0,10660.0,313849.0,3290.0,105431.0,,,0.425606,0.31422124,"6,417.93",29.46,0.46,2026-04-22 15:50:46
313,남-북-러 가스관사업,0.51,085310,엔케이,테마 편입 사유,1189.0,상승  41,3.57,1187.0,1189.0,2569148.0,3073.0,592122.0,,,0.425606,0.31422124,"6,417.93",29.46,0.46,2026-04-22 15:50:46
313,남-북-러 가스관사업,0.51,100090,SK오션플랜트,테마 편입 사유,23300.0,상승  650,2.87,23250.0,23300.0,1213880.0,27962.0,971994.0,,,0.425606,0.31422124,"6,417.93",29.46,0.46,2026-04-22 15:50:46
313,남-북-러 가스관사업,0.51,039610,화성밸브 *,테마 편입 사유,9880.0,상승  120,1.23,9880.0,9890.0,327751.0,3217.0,574376.0,,,0.425606,0.31422124,"6,417.93",29.46,0.46,2026-04-22 15:50:46
313,남-북-러 가스관사업,0.51,306200,세아제강,테마 편입 사유,148500.0,"상승  1,000",0.68,148200.0,148500.0,13366.0,1975.0,13331.0,,,0.425606,0.31422124,"6,417.93",29.46,0.46,2026-04-22 15:50:46
313,남-북-러 가스관사업,0.51,048470,대동스틸 *,테마 편입 사유,3470.0,상승  5,0.14,3460.0,3470.0,50715.0,176.0,98224.0,,,0.425606,0.31422124,"6,417.93",29.46,0.46,2026-04-22 15:50:46
313,남-북-러 가스관사업,0.51,005010,휴스틸,테마 편입 사유,5090.0,보합0,0.0,5080.0,5090.0,795960.0,4066.0,757262.0,,,0.425606,0.31422124,"6,417.93",29.46,0.46,2026-04-22 15:50:46
313,남-북-러 가스관사업,0.51,008970,KBI동양철관,테마 편입 사유,1923.0,보합0,0.0,1923.0,1924.0,1640669.0,3177.0,2333626.0,,,0.425606,0.31422124,"6,417.93",29.46,0.46,2026-04-22 15:50:46
313,남-북-러 가스관사업,0.51,017480,삼현철강 *,테마 편입 사유,4740.0,보합0,0.0,4735.0,4740.0,23432.0,111.0,21671.0,,,0.425606,0.31422124,"6,417.93",29.46,0.46,2026-04-22 15:50:46
313,남-북-러 가스관사업,0.51,071090,하이스틸,테마 편입 사유,4575.0,하락  25,-0.54,4570.0,4575.0,1067509.0,4964.0,4382192.0,,,0.425606,0.31422124,"6,417.93",29.46,0.46,2026-04-22 15:50:46
313,남-북-러 가스관사업,0.51,026940,부국철강,테마 편입 사유,2750.0,하락  40,-1.43,2750.0,2760.0,952858.0,2663.0,7488698.0,,,0.425606,0.31422124,"6,417.93",29.46,0.46,2026-04-22 15:50:46
313,남-북-러 가스관사업,0.51,060380,동양에스텍 *,테마 편입 사유,1479.0,하락  24,-1.6,1478.0,1479.0,77420.0,114.0,37719.0,,,0.425606,0.31422124,"6,417.93",29.46,0.46,2026-04-22 15:50:46
313,남-북-러 가스관사업,0.51,008420,문배철강,테마 편입 사유,2405.0,하락  55,-2.24,2405.0,2410.0,175742.0,426.0,551915.0,,,0.425606,0.31422124,"6,417.93",29.46,0.46,2026-04-22 15:50:46
464,콜드체인(저온 유통),0.46,083450,GST *,테마 편입 사유,44750.0,"상승  1,500",3.47,44700.0,44750.0,480670.0,21205.0,441288.0,,,0.341238,0.30303052,"6,417.93",29.46,0.46,2026-04-22 15:50:46
464,콜드체인(저온 유통),0.46,246960,SCL사이언스 *,테마 편입 사유,2215.0,상승  65,3.02,2215.0,2225.0,647751.0,1481.0,105104.0,,,0.341238,0.30303052,"6,417.93",29.46,0.46,2026-04-22 15:50:46
464,콜드체인(저온 유통),0.46,068330,일신바이오 *,테마 편입 사유,1618.0,상승  23,1.44,1617.0,1618.0,1023855.0,1661.0,399564.0,,,0.341238,0.30303052,"6,417.93",29.46,0.46,2026-04-22 15:50:46
464,콜드체인(저온 유통),0.46,096350,대창솔루션 *,테마 편입 사유,3015.0,상승  40,1.34,3015.0,3020.0,806990.0,2425.0,806521.0,,,0.341238,0.30303052,"6,417.93",29.46,0.46,2026-04-22 15:50:46
464,콜드체인(저온 유통),0.46,131220,대한과학 *,테마 편입 사유,4830.0,상승  40,0.84,4790.0,4830.0,32560.0,156.0,32806.0,,,0.341238,0.30303052,"6,417.93",29.46,0.46,2026-04-22 15:50:46
464,콜드체인(저온 유통),0.46,006890,태경케미컬,테마 편입 사유,8770.0,상승  60,0.69,8770.0,8780.0,162939.0,1434.0,85988.0,,,0.341238,0.30303052,"6,417.93",29.46,0.46,2026-04-22 15:50:46
464,콜드체인(저온 유통),0.46,000640,동아쏘시오홀딩스,테마 편입 사유,96500.0,상승  100,0.1,96400.0,96500.0,19554.0,1874.0,12095.0,,,0.341238,0.30303052,"6,417.93",29.46,0.46,2026-04-22 15:50:46
464,콜드체인(저온 유통),0.46,038070,서린바이오 *,테마 편입 사유,6490.0,보합0,0.0,6470.0,6490.0,30234.0,194.0,70651.0,,,0.341238,0.30303052,"6,417.93",29.46,0.46,2026-04-22 15:50:46
464,콜드체인(저온 유통),0.46,014130,한익스프레스,테마 편입 사유,2835.0,하락  5,-0.18,2830.0,2835.0,15893.0,44.0,30044.0,,,0.341238,0.30303052,"6,417.93",29.46,0.46,2026-04-22 15:50:46
464,콜드체인(저온 유통),0.46,119830,아이텍 *,테마 편입 사유,7190.0,하락  70,-0.96,7180.0,7190.0,239418.0,1707.0,304130.0,,,0.341238,0.30303052,"6,417.93",29.46,0.46,2026-04-22 15:50:46
464,콜드체인(저온 유통),0.46,144510,지씨셀 *,테마 편입 사유,25000.0,하락  300,-1.19,24900.0,25000.0,19767.0,490.0,28411.0,,,0.341238,0.30303052,"6,417.93",29.46,0.46,2026-04-22 15:50:46
464,콜드체인(저온 유통),0.46,115450,HLB테라퓨틱스 *,테마 편입 사유,3470.0,하락  110,-3.07,3470.0,3475.0,789756.0,2741.0,831693.0,,,0.341238,0.30303052,"6,417.93",29.46,0.46,2026-04-22 15:50:46
513,미용기기,0.38,483650,달바글로벌,테마 편입 사유,213000.0,"상승  14,300",7.2,212500.0,213000.0,356637.0,75140.0,161224.0,,,0.212743,0.28213822,"6,417.93",29.46,0.46,2026-04-22 15:50:46
513,미용기기,0.38,278470,에이피알,테마 편입 사유,434000.0,"상승  24,000",5.85,434000.0,434500.0,303221.0,131009.0,202109.0,,,0.212743,0.28213822,"6,417.93",29.46,0.46,2026-04-22 15:50:46
513,미용기기,0.38,086900,메디톡스 *,테마 편입 사유,107300.0,"상승  3,300",3.17,107200.0,107300.0,36324.0,3848.0,26246.0,,,0.212743,0.28213822,"6,417.93",29.46,0.46,2026-04-22 15:50:46
513,미용기기,0.38,145020,휴젤 *,테마 편입 사유,264000.0,"상승  3,000",1.15,264000.0,264500.0,41366.0,10800.0,65709.0,,,0.212743,0.28213822,"6,417.93",29.46,0.46,2026-04-22 15:50:46
513,미용기기,0.38,214150,클래시스 *,테마 편입 사유,57300.0,상승  200,0.35,57200.0,57300.0,136643.0,7768.0,193909.0,,,0.212743,0.28213822,"6,417.93",29.46,0.46,2026-04-22 15:50:46
513,미용기기,0.38,214450,파마리서치 *,테마 편입 사유,303500.0,"상승  1,000",0.33,303000.0,303500.0,56854.0,17054.0,54709.0,,,0.212743,0.28213822,"6,417.93",29.46,0.46,2026-04-22 15:50:46
513,미용기기,0.38,069620,대웅제약,테마 편입 사유,149700.0,상승  400,0.27,149700.0,149800.0,19849.0,2962.0,34580.0,,,0.212743,0.28213822,"6,417.93",29.46,0.46,2026-04-22 15:50:46
513,미용기기,0.38,216080,제테마 *,테마 편입 사유,7170.0,보합0,0.0,7170.0,7180.0,494018.0,3472.0,4275541.0,,,0.212743,0.28213822,"6,417.93",29.46,0.46,2026-04-22 15:50:46
513,미용기기,0.38,450950,아스테라시스 *,테마 편입 사유,11880.0,보합0,0.0,11790.0,11880.0,16177.0,189.0,66932.0,,,0.212743,0.28213822,"6,417.93",29.46,0.46,2026-04-22 15:50:46
513,미용기기,0.38,200670,휴메딕스 *,테마 편입 사유,34850.0,하락  50,-0.14,34850.0,34900.0,45037.0,1558.0,26191.0,,,0.212743,0.28213822,"6,417.93",29.46,0.46,2026-04-22 15:50:46
513,미용기기,0.38,462510,라메디텍 *,테마 편입 사유,5100.0,하락  10,-0.2,5100.0,5110.0,26666.0,135.0,22765.0,,,0.212743,0.28213822,"6,417.93",29.46,0.46,2026-04-22 15:50:46
513,미용기기,0.38,199550,레이저옵텍 *,테마 편입 사유,5550.0,하락  40,-0.72,5530.0,5550.0,35267.0,194.0,45788.0,,,0.212743,0.28213822,"6,417.93",29.46,0.46,2026-04-22 15:50:46
513,미용기기,0.38,256840,한국비엔씨 *,테마 편입 사유,4050.0,하락  30,-0.74,4045.0,4050.0,346729.0,1398.0,1186860.0,,,0.212743,0.28213822,"6,417.93",29.46,0.46,2026-04-22 15:50:46
513,미용기기,0.38,336570,원텍 *,테마 편입 사유,7380.0,하락  90,-1.2,7380.0,7390.0,329075.0,2423.0,580013.0,,,0.212743,0.28213822,"6,417.93",29.46,0.46,2026-04-22 15:50:46
513,미용기기,0.38,084110,휴온스글로벌 *,테마 편입 사유,58200.0,하락  800,-1.36,58100.0,58200.0,23332.0,1349.0,68402.0,,,0.212743,0.28213822,"6,417.93",29.46,0.46,2026-04-22 15:50:46
513,미용기기,0.38,000100,유한양행,테마 편입 사유,95100.0,"하락  1,400",-1.45,95100.0,95200.0,157242.0,14977.0,177303.0,,,0.212743,0.28213822,"6,417.93",29.46,0.46,2026-04-22 15:50:46
513,미용기기,0.38,240550,동방메디컬 *,테마 편입 사유,7040.0,하락  140,-1.95,7040.0,7090.0,124132.0,878.0,124539.0,,,0.212743,0.28213822,"6,417.93",29.46,0.46,2026-04-22 15:50:46
513,미용기기,0.38,219750,한국비티비 *,테마 편입 사유,858.0,하락  33,-3.7,858.0,859.0,46969.0,41.0,42133.0,,,0.212743,0.28213822,"6,417.93",29.46,0.46,2026-04-22 15:50:46
56,NI(네트워크통합),0.37,049480,오픈베이스 *,테마 편입 사유,3600.0,상승  310,9.42,3595.0,3600.0,30260870.0,113322.0,5760243.0,,,0.255145,0.2526333,"6,417.93",29.46,0.46,2026-04-22 15:50:46
56,NI(네트워크통합),0.37,173130,오파스넷 *,테마 편입 사유,8350.0,상승  190,2.33,8350.0,8360.0,192258.0,1595.0,109884.0,,,0.255145,0.2526333,"6,417.93",29.46,0.46,2026-04-22 15:50:46
56,NI(네트워크통합),0.37,031820,아이티센씨티에스,테마 편입 사유,753.0,보합0,0.0,0.0,0.0,0.0,0.0,0.0,,,0.255145,0.2526333,"6,417.93",29.46,0.46,2026-04-22 15:50:46
56,NI(네트워크통합),0.37,042500,링네트 *,테마 편입 사유,5230.0,하락  50,-0.95,5220.0,5230.0,2349235.0,12471.0,1563118.0,,,0.255145,0.2526333,"6,417.93",29.46,0.46,2026-04-22 15:50:46
56,NI(네트워크통합),0.37,033230,인성정보 *,테마 편입 사유,1987.0,하락  33,-1.63,1987.0,1989.0,8552096.0,17564.0,3365730.0,,,0.255145,0.2526333,"6,417.93",29.46,0.46,2026-04-22 15:50:46
56,NI(네트워크통합),0.37,029480,광무 *,테마 편입 사유,2260.0,하락  60,-2.59,2260.0,2265.0,462702.0,1066.0,2109442.0,,,0.255145,0.2526333,"6,417.93",29.46,0.46,2026-04-22 15:50:46
56,NI(네트워크통합),0.37,038680,에스넷 *,테마 편입 사유,4820.0,하락  200,-3.98,4815.0,4820.0,1164860.0,5619.0,1474650.0,,,0.255145,0.2526333,"6,417.93",29.46,0.46,2026-04-22 15:50:46
583,2025 하반기 신규상장,0.42,469610,이노테크 *,테마 편입 사유,30650.0,"상승  4,450",16.98,30650.0,30700.0,1504189.0,44514.0,849349.0,,,0.499296,0.19032383999999997,"6,417.93",29.46,0.46,2026-04-22 15:50:46
583,2025 하반기 신규상장,0.42,484590,삼양컴텍 *,테마 편입 사유,14100.0,"상승  1,560",12.44,14100.0,14110.0,3380990.0,46974.0,223657.0,,,0.499296,0.19032383999999997,"6,417.93",29.46,0.46,2026-04-22 15:50:46
583,2025 하반기 신규상장,0.42,0015G0,그린광학 *,테마 편입 사유,35850.0,"상승  2,800",8.47,35850.0,35900.0,2365293.0,84778.0,332374.0,,,0.499296,0.19032383999999997,"6,417.93",29.46,0.46,2026-04-22 15:50:46
583,2025 하반기 신규상장,0.42,439260,대한조선,테마 편입 사유,95300.0,"상승  5,300",5.89,95300.0,95400.0,331322.0,30896.0,165879.0,,,0.499296,0.19032383999999997,"6,417.93",29.46,0.46,2026-04-22 15:50:46
583,2025 하반기 신규상장,0.42,061090,세나테크놀로지 *,테마 편입 사유,42100.0,"상승  1,300",3.19,42000.0,42100.0,26179.0,1086.0,13222.0,,,0.499296,0.19032383999999997,"6,417.93",29.46,0.46,2026-04-22 15:50:46
583,2025 하반기 신규상장,0.42,488900,비츠로넥스텍 *,테마 편입 사유,21100.0,상승  650,3.18,21100.0,21150.0,297609.0,6194.0,355617.0,,,0.499296,0.19032383999999997,"6,417.93",29.46,0.46,2026-04-22 15:50:46
583,2025 하반기 신규상장,0.42,014950,삼익제약 *,테마 편입 사유,10300.0,상승  210,2.08,10220.0,10300.0,31756.0,321.0,48111.0,,,0.499296,0.19032383999999997,"6,417.93",29.46,0.46,2026-04-22 15:50:46
583,2025 하반기 신규상장,0.42,468530,프로티나 *,테마 편입 사유,59500.0,"상승  1,100",1.88,59400.0,59500.0,74813.0,4421.0,126927.0,,,0.499296,0.19032383999999997,"6,417.93",29.46,0.46,2026-04-22 15:50:46
583,2025 하반기 신규상장,0.42,486990,노타 *,테마 편입 사유,34200.0,상승  550,1.63,34200.0,34250.0,130538.0,4422.0,154250.0,,,0.499296,0.19032383999999997,"6,417.93",29.46,0.46,2026-04-22 15:50:46
583,2025 하반기 신규상장,0.42,342870,오아 *,테마 편입 사유,6820.0,상승  90,1.34,6820.0,6840.0,25285.0,174.0,10143.0,,,0.499296,0.19032383999999997,"6,417.93",29.46,0.46,2026-04-22 15:50:46
583,2025 하반기 신규상장,0.42,125490,한라캐스트 *,테마 편입 사유,16290.0,상승  210,1.31,16290.0,16300.0,1341447.0,21568.0,1696592.0,,,0.499296,0.19032383999999997,"6,417.93",29.46,0.46,2026-04-22 15:50:46
583,2025 하반기 신규상장,0.42,234030,싸이닉솔루션 *,테마 편입 사유,7360.0,상승  90,1.24,7360.0,7390.0,138348.0,1003.0,216398.0,,,0.499296,0.19032383999999997,"6,417.93",29.46,0.46,2026-04-22 15:50:46
583,2025 하반기 신규상장,0.42,388210,씨엠티엑스 *,테마 편입 사유,152400.0,"상승  1,800",1.2,152400.0,152700.0,103504.0,15563.0,121598.0,,,0.499296,0.19032383999999997,"6,417.93",29.46,0.46,2026-04-22 15:50:46
583,2025 하반기 신규상장,0.42,0030R0,대신밸류리츠,테마 편입 사유,4420.0,상승  40,0.91,4420.0,4430.0,40226.0,177.0,63527.0,,,0.499296,0.19032383999999997,"6,417.93",29.46,0.46,2026-04-22 15:50:46
583,2025 하반기 신규상장,0.42,462310,뉴키즈온 *,테마 편입 사유,4535.0,상승  40,0.89,4500.0,4535.0,24917.0,111.0,16394.0,,,0.499296,0.19032383999999997,"6,417.93",29.46,0.46,2026-04-22 15:50:46
583,2025 하반기 신규상장,0.42,403850,더핑크퐁컴퍼니 *,테마 편입 사유,17150.0,상승  150,0.88,17090.0,17150.0,47192.0,795.0,46966.0,,,0.499296,0.19032383999999997,"6,417.93",29.46,0.46,2026-04-22 15:50:46
583,2025 하반기 신규상장,0.42,484120,도우인시스 *,테마 편입 사유,21550.0,상승  150,0.7,21550.0,21650.0,20219.0,430.0,10572.0,,,0.499296,0.19032383999999997,"6,417.93",29.46,0.46,2026-04-22 15:50:46
583,2025 하반기 신규상장,0.42,261520,이지스 *,테마 편입 사유,8050.0,상승  50,0.63,8050.0,8080.0,31196.0,250.0,56243.0,,,0.499296,0.19032383999999997,"6,417.93",29.46,0.46,2026-04-22 15:50:46
583,2025 하반기 신규상장,0.42,012210,삼미금속 *,테마 편입 사유,14900.0,상승  90,0.61,14890.0,14900.0,499158.0,7451.0,518682.0,,,0.499296,0.19032383999999997,"6,417.93",29.46,0.46,2026-04-22 15:50:46
583,2025 하반기 신규상장,0.42,0101C0,하나36호스팩 *,테마 편입 사유,2010.0,상승  10,0.5,2000.0,2010.0,5563.0,11.0,8523.0,,,0.499296,0.19032383999999997,"6,417.93",29.46,0.46,2026-04-22 15:50:46
583,2025 하반기 신규상장,0.42,0068Y0,비엔케이제3호스팩 *,테마 편입 사유,2020.0,상승  5,0.25,2010.0,2020.0,2166.0,4.0,14059.0,,,0.499296,0.19032383999999997,"6,417.93",29.46,0.46,2026-04-22 15:50:46
583,2025 하반기 신규상장,0.42,0072Z0,KB제33호스팩 *,테마 편입 사유,2010.0,상승  5,0.25,2005.0,2010.0,6988.0,14.0,19098.0,,,0.499296,0.19032383999999997,"6,417.93",29.46,0.46,2026-04-22 15:50:46
583,2025 하반기 신규상장,0.42,0041J0,엘에스스팩1호 *,테마 편입 사유,2015.0,상승  5,0.25,2010.0,2015.0,711.0,1.0,664.0,,,0.499296,0.19032383999999997,"6,417.93",29.46,0.46,2026-04-22 15:50:46
583,2025 하반기 신규상장,0.42,0037T0,KB제32호스팩 *,테마 편입 사유,2025.0,상승  5,0.25,2020.0,2025.0,1489.0,3.0,5155.0,,,0.499296,0.19032383999999997,"6,417.93",29.46,0.46,2026-04-22 15:50:46
583,2025 하반기 신규상장,0.42,0015S0,페스카로 *,테마 편입 사유,15860.0,상승  20,0.13,15850.0,15860.0,88885.0,1406.0,88818.0,,,0.499296,0.19032383999999997,"6,417.93",29.46,0.46,2026-04-22 15:50:46
583,2025 하반기 신규상장,0.42,466690,키움히어로제1호스팩 *,테마 편입 사유,2050.0,보합0,0.0,2035.0,2050.0,5175.0,11.0,1857.0,,,0.499296,0.19032383999999997,"6,417.93",29.46,0.46,2026-04-22 15:50:46
583,2025 하반기 신규상장,0.42,463020,뉴엔AI *,테마 편입 사유,14850.0,보합0,0.0,14850.0,14860.0,132906.0,1990.0,92675.0,,,0.499296,0.19032383999999997,"6,417.93",29.46,0.46,2026-04-22 15:50:46
583,2025 하반기 신규상장,0.42,0004Y0,디비금융제14호스팩 *,테마 편입 사유,2040.0,보합0,0.0,2035.0,2040.0,3697.0,8.0,644.0,,,0.499296,0.19032383999999997,"6,417.93",29.46,0.46,2026-04-22 15:50:46
583,2025 하반기 신규상장,0.42,0105P0,유진스팩12호 *,테마 편입 사유,2010.0,보합0,0.0,2000.0,2010.0,3212.0,6.0,1378.0,,,0.499296,0.19032383999999997,"6,417.93",29.46,0.46,2026-04-22 15:50:46
583,2025 하반기 신규상장,0.42,0099W0,미래에셋비전스팩11호 *,테마 편입 사유,2010.0,보합0,0.0,2005.0,2010.0,3795.0,8.0,46624.0,,,0.499296,0.19032383999999997,"6,417.93",29.46,0.46,2026-04-22 15:50:46
583,2025 하반기 신규상장,0.42,0097F0,미래에셋비전스팩10호 *,테마 편입 사유,2005.0,보합0,0.0,2005.0,2010.0,6249.0,13.0,2940.0,,,0.499296,0.19032383999999997,"6,417.93",29.46,0.46,2026-04-22 15:50:46
583,2025 하반기 신규상장,0.42,478340,나라스페이스테크놀로지 *,테마 편입 사유,36900.0,보합0,0.0,36900.0,36950.0,173482.0,6442.0,151566.0,,,0.499296,0.19032383999999997,"6,417.93",29.46,0.46,2026-04-22 15:50:46
583,2025 하반기 신규상장,0.42,0093G0,미래에셋비전스팩8호 *,테마 편입 사유,2015.0,보합0,0.0,2005.0,2015.0,2422.0,5.0,11673.0,,,0.499296,0.19032383999999997,"6,417.93",29.46,0.46,2026-04-22 15:50:46
583,2025 하반기 신규상장,0.42,0099X0,IBKS제25호스팩 *,테마 편입 사유,2165.0,보합0,0.0,2160.0,2165.0,2332.0,5.0,296.0,,,0.499296,0.19032383999999997,"6,417.93",29.46,0.46,2026-04-22 15:50:46
583,2025 하반기 신규상장,0.42,0010V0,제이피아이헬스케어 *,테마 편입 사유,12460.0,하락  20,-0.16,12370.0,12460.0,15046.0,186.0,12479.0,,,0.499296,0.19032383999999997,"6,417.93",29.46,0.46,2026-04-22 15:50:46
583,2025 하반기 신규상장,0.42,0088D0,메리츠제1호스팩 *,테마 편입 사유,2195.0,하락  5,-0.23,2195.0,2200.0,21359.0,47.0,53876.0,,,0.499296,0.19032383999999997,"6,417.93",29.46,0.46,2026-04-22 15:50:46
583,2025 하반기 신규상장,0.42,0098T0,교보19호스팩 *,테마 편입 사유,2045.0,하락  5,-0.24,2040.0,2045.0,943.0,2.0,990.0,,,0.499296,0.19032383999999997,"6,417.93",29.46,0.46,2026-04-22 15:50:46
583,2025 하반기 신규상장,0.42,0091W0,신영스팩11호 *,테마 편입 사유,2080.0,하락  5,-0.24,2070.0,2080.0,11521.0,24.0,32437.0,,,0.499296,0.19032383999999997,"6,417.93",29.46,0.46,2026-04-22 15:50:46
583,2025 하반기 신규상장,0.42,0044K0,삼성스팩10호 *,테마 편입 사유,2045.0,하락  5,-0.24,2030.0,2045.0,66335.0,135.0,7340.0,,,0.499296,0.19032383999999997,"6,417.93",29.46,0.46,2026-04-22 15:50:46
583,2025 하반기 신규상장,0.42,0054V0,엔에이치스팩32호 *,테마 편입 사유,2060.0,하락  5,-0.24,2050.0,2060.0,13679.0,28.0,9446.0,,,0.499296,0.19032383999999997,"6,417.93",29.46,0.46,2026-04-22 15:50:46
583,2025 하반기 신규상장,0.42,318060,그래피 *,테마 편입 사유,39550.0,하락  100,-0.25,39550.0,39600.0,182178.0,7249.0,197912.0,,,0.499296,0.19032383999999997,"6,417.93",29.46,0.46,2026-04-22 15:50:46
583,2025 하반기 신규상장,0.42,0096B0,삼성스팩12호 *,테마 편입 사유,2020.0,하락  5,-0.25,2010.0,2020.0,12017.0,24.0,18229.0,,,0.499296,0.19032383999999997,"6,417.93",29.46,0.46,2026-04-22 15:50:46
583,2025 하반기 신규상장,0.42,0096D0,미래에셋비전스팩9호 *,테마 편입 사유,2005.0,하락  5,-0.25,2000.0,2005.0,3474.0,7.0,43150.0,,,0.499296,0.19032383999999997,"6,417.93",29.46,0.46,2026-04-22 15:50:46
583,2025 하반기 신규상장,0.42,317450,명인제약,테마 편입 사유,56800.0,하락  200,-0.35,56600.0,56800.0,12068.0,679.0,21920.0,,,0.499296,0.19032383999999997,"6,417.93",29.46,0.46,2026-04-22 15:50:46
583,2025 하반기 신규상장,0.42,331740,아우토크립트 *,테마 편입 사유,16360.0,하락  80,-0.49,16350.0,16360.0,82073.0,1335.0,535213.0,,,0.499296,0.19032383999999997,"6,417.93",29.46,0.46,2026-04-22 15:50:46
583,2025 하반기 신규상장,0.42,0041L0,하나35호스팩 *,테마 편입 사유,2005.0,하락  10,-0.5,2005.0,2015.0,8268.0,17.0,1636.0,,,0.499296,0.19032383999999997,"6,417.93",29.46,0.46,2026-04-22 15:50:46
583,2025 하반기 신규상장,0.42,0007C0,아크릴 *,테마 편입 사유,36950.0,하락  200,-0.54,36900.0,36950.0,212833.0,7775.0,366752.0,,,0.499296,0.19032383999999997,"6,417.93",29.46,0.46,2026-04-22 15:50:46
583,2025 하반기 신규상장,0.42,459550,알트 *,테마 편입 사유,2850.0,하락  20,-0.7,2850.0,2855.0,188863.0,534.0,206465.0,,,0.499296,0.19032383999999997,"6,417.93",29.46,0.46,2026-04-22 15:50:46
583,2025 하반기 신규상장,0.42,475230,엔알비 *,테마 편입 사유,21000.0,하락  150,-0.71,21000.0,21050.0,113629.0,2418.0,88850.0,,,0.499296,0.19032383999999997,"6,417.93",29.46,0.46,2026-04-22 15:50:46
583,2025 하반기 신규상장,0.42,0071M0,삼성스팩11호 *,테마 편입 사유,2010.0,하락  15,-0.74,2010.0,2015.0,37312.0,75.0,1698.0,,,0.499296,0.19032383999999997,"6,417.93",29.46,0.46,2026-04-22 15:50:46
583,2025 하반기 신규상장,0.42,217590,티엠씨,테마 편입 사유,29100.0,하락  250,-0.85,29100.0,29150.0,261682.0,7636.0,439698.0,,,0.499296,0.19032383999999997,"6,417.93",29.46,0.46,2026-04-22 15:50:46
583,2025 하반기 신규상장,0.42,0041B0,교보18호스팩 *,테마 편입 사유,2035.0,하락  20,-0.97,2035.0,2065.0,10763.0,22.0,1448.0,,,0.499296,0.19032383999999997,"6,417.93",29.46,0.46,2026-04-22 15:50:46
583,2025 하반기 신규상장,0.42,464490,쿼드메디슨 *,테마 편입 사유,12750.0,하락  130,-1.01,12740.0,12750.0,100116.0,1273.0,157912.0,,,0.499296,0.19032383999999997,"6,417.93",29.46,0.46,2026-04-22 15:50:46
583,2025 하반기 신규상장,0.42,0008Z0,에스엔시스 *,테마 편입 사유,41050.0,하락  450,-1.08,41000.0,41050.0,258823.0,10604.0,732448.0,,,0.499296,0.19032383999999997,"6,417.93",29.46,0.46,2026-04-22 15:50:46
583,2025 하반기 신규상장,0.42,0013V0,삼진식품 *,테마 편입 사유,7530.0,하락  90,-1.18,7530.0,7560.0,62215.0,469.0,56400.0,,,0.499296,0.19032383999999997,"6,417.93",29.46,0.46,2026-04-22 15:50:46
583,2025 하반기 신규상장,0.42,397810,애드포러스 *,테마 편입 사유,6550.0,하락  80,-1.21,6510.0,6550.0,8619.0,56.0,14494.0,,,0.499296,0.19032383999999997,"6,417.93",29.46,0.46,2026-04-22 15:50:46
583,2025 하반기 신규상장,0.42,476830,알지노믹스 *,테마 편입 사유,183600.0,"하락  2,500",-1.34,183600.0,183700.0,470635.0,87421.0,817246.0,,,0.499296,0.19032383999999997,"6,417.93",29.46,0.46,2026-04-22 15:50:46
583,2025 하반기 신규상장,0.42,488280,에스투더블유 *,테마 편입 사유,18770.0,하락  350,-1.83,18770.0,18790.0,164668.0,3107.0,463126.0,,,0.499296,0.19032383999999997,"6,417.93",29.46,0.46,2026-04-22 15:50:46
583,2025 하반기 신규상장,0.42,0015N0,아로마티카 *,테마 편입 사유,9300.0,하락  180,-1.9,9300.0,9330.0,124163.0,1158.0,115602.0,,,0.499296,0.19032383999999997,"6,417.93",29.46,0.46,2026-04-22 15:50:46
583,2025 하반기 신규상장,0.42,0009K0,에임드바이오 *,테마 편입 사유,47150.0,"하락  1,000",-2.08,47150.0,47200.0,198589.0,9371.0,258055.0,,,0.499296,0.19032383999999997,"6,417.93",29.46,0.46,2026-04-22 15:50:46
583,2025 하반기 신규상장,0.42,950250,테라뷰 *,테마 편입 사유,6960.0,하락  150,-2.11,6960.0,6970.0,472694.0,3284.0,549317.0,,,0.499296,0.19032383999999997,"6,417.93",29.46,0.46,2026-04-22 15:50:46
583,2025 하반기 신규상장,0.42,380550,뉴로핏 *,테마 편입 사유,21300.0,하락  500,-2.29,21250.0,21300.0,205047.0,4345.0,483172.0,,,0.499296,0.19032383999999997,"6,417.93",29.46,0.46,2026-04-22 15:50:46
583,2025 하반기 신규상장,0.42,456160,지투지바이오 *,테마 편입 사유,75200.0,"하락  1,800",-2.34,75100.0,75200.0,190088.0,14259.0,318767.0,,,0.499296,0.19032383999999997,"6,417.93",29.46,0.46,2026-04-22 15:50:46
583,2025 하반기 신규상장,0.42,494120,큐리오시스 *,테마 편입 사유,55500.0,"하락  1,700",-2.97,55500.0,55600.0,80762.0,4520.0,88664.0,,,0.499296,0.19032383999999997,"6,417.93",29.46,0.46,2026-04-22 15:50:46
583,2025 하반기 신규상장,0.42,491000,리브스메드 *,테마 편입 사유,55600.0,"하락  2,400",-4.14,55500.0,55600.0,627133.0,35103.0,445058.0,,,0.499296,0.19032383999999997,"6,417.93",29.46,0.46,2026-04-22 15:50:46
583,2025 하반기 신규상장,0.42,490470,세미파이브 *,테마 편입 사유,35450.0,"하락  2,150",-5.72,35400.0,35450.0,1258768.0,45478.0,2054643.0,,,0.499296,0.19032383999999997,"6,417.93",29.46,0.46,2026-04-22 15:50:46
27,자동차부품,0.33,011070,LG이노텍,테마 편입 사유,500000.0,"상승  75,000",17.65,500000.0,501000.0,598835.0,290059.0,201193.0,,,0.344112,0.17170848000000002,"6,417.93",29.46,0.46,2026-04-22 15:50:46
27,자동차부품,0.33,023810,인팩,테마 편입 사유,9370.0,"상승  1,090",13.16,9370.0,9380.0,635661.0,5670.0,44873.0,,,0.344112,0.17170848000000002,"6,417.93",29.46,0.46,2026-04-22 15:50:46
27,자동차부품,0.33,009900,명신산업,테마 편입 사유,11470.0,상승  930,8.82,11460.0,11470.0,1623683.0,18329.0,237902.0,,,0.344112,0.17170848000000002,"6,417.93",29.46,0.46,2026-04-22 15:50:46
27,자동차부품,0.33,105550,엣지파운드리 *,테마 편입 사유,1375.0,상승  98,7.67,1374.0,1375.0,2817132.0,3717.0,1907546.0,,,0.344112,0.17170848000000002,"6,417.93",29.46,0.46,2026-04-22 15:50:46
27,자동차부품,0.33,354320,알멕 *,테마 편입 사유,92200.0,"상승  6,500",7.58,92100.0,92200.0,208482.0,18981.0,150479.0,,,0.344112,0.17170848000000002,"6,417.93",29.46,0.46,2026-04-22 15:50:46
27,자동차부품,0.33,119500,포메탈 *,테마 편입 사유,4435.0,상승  300,7.26,4430.0,4435.0,675323.0,2988.0,115550.0,,,0.344112,0.17170848000000002,"6,417.93",29.46,0.46,2026-04-22 15:50:46
27,자동차부품,0.33,003570,SNT다이내믹스,테마 편입 사유,57300.0,"상승  3,600",6.7,57200.0,57300.0,177802.0,10061.0,54909.0,,,0.344112,0.17170848000000002,"6,417.93",29.46,0.46,2026-04-22 15:50:46
27,자동차부품,0.33,298050,HS효성첨단소재,테마 편입 사유,234000.0,"상승  14,500",6.61,233500.0,234000.0,25893.0,5922.0,11037.0,,,0.344112,0.17170848000000002,"6,417.93",29.46,0.46,2026-04-22 15:50:46
27,자동차부품,0.33,010690,화신,테마 편입 사유,12950.0,상승  710,5.8,12950.0,12960.0,1196261.0,15517.0,773550.0,,,0.344112,0.17170848000000002,"6,417.93",29.46,0.46,2026-04-22 15:50:46
27,자동차부품,0.33,024740,한일단조 *,테마 편입 사유,3850.0,상승  210,5.77,3850.0,3855.0,9616260.0,39014.0,2571247.0,,,0.344112,0.17170848000000002,"6,417.93",29.46,0.46,2026-04-22 15:50:46
27,자동차부품,0.33,007340,DN오토모티브,테마 편입 사유,40950.0,"상승  1,800",4.6,40950.0,41000.0,317030.0,12802.0,622511.0,,,0.344112,0.17170848000000002,"6,417.93",29.46,0.46,2026-04-22 15:50:46
27,자동차부품,0.33,090150,아이윈 *,테마 편입 사유,1016.0,상승  44,4.53,1016.0,1018.0,945348.0,953.0,231091.0,,,0.344112,0.17170848000000002,"6,417.93",29.46,0.46,2026-04-22 15:50:46
27,자동차부품,0.33,047400,유니온머티리얼,테마 편입 사유,1793.0,상승  74,4.3,1793.0,1794.0,1034779.0,1828.0,813772.0,,,0.344112,0.17170848000000002,"6,417.93",29.46,0.46,2026-04-22 15:50:46
27,자동차부품,0.33,263600,덕우전자 *,테마 편입 사유,6050.0,상승  230,3.95,6030.0,6050.0,136349.0,813.0,59984.0,,,0.344112,0.17170848000000002,"6,417.93",29.46,0.46,2026-04-22 15:50:46
27,자동차부품,0.33,123040,엠에스오토텍 *,테마 편입 사유,2460.0,상승  80,3.36,2460.0,2465.0,359455.0,872.0,209157.0,,,0.344112,0.17170848000000002,"6,417.93",29.46,0.46,2026-04-22 15:50:46
27,자동차부품,0.33,463480,모티브링크 *,테마 편입 사유,7880.0,상승  230,3.01,7870.0,7880.0,247981.0,1946.0,77320.0,,,0.344112,0.17170848000000002,"6,417.93",29.46,0.46,2026-04-22 15:50:46
27,자동차부품,0.33,200880,서연이화,테마 편입 사유,14490.0,상승  420,2.99,14490.0,14500.0,139433.0,1998.0,131077.0,,,0.344112,0.17170848000000002,"6,417.93",29.46,0.46,2026-04-22 15:50:46
27,자동차부품,0.33,0004V0,엔비알모션 *,테마 편입 사유,23350.0,상승  650,2.86,23350.0,23400.0,548512.0,12483.0,887874.0,,,0.344112,0.17170848000000002,"6,417.93",29.46,0.46,2026-04-22 15:50:46
27,자동차부품,0.33,004100,태양금속,테마 편입 사유,3640.0,상승  100,2.82,3630.0,3640.0,563052.0,2014.0,605469.0,,,0.344112,0.17170848000000002,"6,417.93",29.46,0.46,2026-04-22 15:50:46
27,자동차부품,0.33,024910,경창산업 *,테마 편입 사유,2115.0,상승  55,2.67,2090.0,2115.0,189908.0,396.0,253721.0,,,0.344112,0.17170848000000002,"6,417.93",29.46,0.46,2026-04-22 15:50:46
27,자동차부품,0.33,007530,와이엠 *,테마 편입 사유,2510.0,상승  60,2.45,2505.0,2510.0,15507.0,39.0,16984.0,,,0.344112,0.17170848000000002,"6,417.93",29.46,0.46,2026-04-22 15:50:46
27,자동차부품,0.33,012330,현대모비스,테마 편입 사유,456500.0,"상승  9,500",2.13,456500.0,457000.0,290284.0,130922.0,330317.0,,,0.344112,0.17170848000000002,"6,417.93",29.46,0.46,2026-04-22 15:50:46
27,자동차부품,0.33,001420,태원물산,테마 편입 사유,3060.0,상승  60,2.0,3050.0,3060.0,19881.0,58.0,11392.0,,,0.344112,0.17170848000000002,"6,417.93",29.46,0.46,2026-04-22 15:50:46
27,자동차부품,0.33,018500,동원금속,테마 편입 사유,1741.0,상승  32,1.87,1741.0,1742.0,500792.0,870.0,278102.0,,,0.344112,0.17170848000000002,"6,417.93",29.46,0.46,2026-04-22 15:50:46
27,자동차부품,0.33,241690,유니테크노 *,테마 편입 사유,3975.0,상승  70,1.79,3975.0,3980.0,349471.0,1379.0,153487.0,,,0.344112,0.17170848000000002,"6,417.93",29.46,0.46,2026-04-22 15:50:46
27,자동차부품,0.33,015260,에이엔피,테마 편입 사유,721.0,상승  12,1.69,721.0,725.0,855674.0,610.0,1350504.0,,,0.344112,0.17170848000000002,"6,417.93",29.46,0.46,2026-04-22 15:50:46
27,자동차부품,0.33,038110,에코플라스틱 *,테마 편입 사유,3630.0,상승  55,1.54,3630.0,3635.0,3344885.0,12319.0,1772607.0,,,0.344112,0.17170848000000002,"6,417.93",29.46,0.46,2026-04-22 15:50:46
27,자동차부품,0.33,024900,디와이덕양,테마 편입 사유,2340.0,상승  35,1.52,2330.0,2340.0,148739.0,341.0,238322.0,,,0.344112,0.17170848000000002,"6,417.93",29.46,0.46,2026-04-22 15:50:46
27,자동차부품,0.33,198940,한주라이트메탈 *,테마 편입 사유,720.0,상승  10,1.41,720.0,721.0,297371.0,211.0,373375.0,,,0.344112,0.17170848000000002,"6,417.93",29.46,0.46,2026-04-22 15:50:46
27,자동차부품,0.33,025440,DH오토웨어 *,테마 편입 사유,884.0,상승  12,1.38,879.0,884.0,84369.0,73.0,89147.0,,,0.344112,0.17170848000000002,"6,417.93",29.46,0.46,2026-04-22 15:50:46
27,자동차부품,0.33,125490,한라캐스트 *,테마 편입 사유,16290.0,상승  210,1.31,16290.0,16300.0,1341447.0,21568.0,1696592.0,,,0.344112,0.17170848000000002,"6,417.93",29.46,0.46,2026-04-22 15:50:46
27,자동차부품,0.33,024880,케이피에프 *,테마 편입 사유,5720.0,상승  70,1.24,5720.0,5730.0,185366.0,1051.0,262339.0,,,0.344112,0.17170848000000002,"6,417.93",29.46,0.46,2026-04-22 15:50:46
27,자동차부품,0.33,069510,에스텍 *,테마 편입 사유,15580.0,상승  190,1.23,15400.0,15580.0,8290.0,127.0,8426.0,,,0.344112,0.17170848000000002,"6,417.93",29.46,0.46,2026-04-22 15:50:46
27,자동차부품,0.33,101330,모베이스 *,테마 편입 사유,4950.0,상승  55,1.12,4950.0,4955.0,121215.0,592.0,148812.0,,,0.344112,0.17170848000000002,"6,417.93",29.46,0.46,2026-04-22 15:50:46
27,자동차부품,0.33,088290,이원컴포텍 *,테마 편입 사유,500.0,상승  5,1.01,497.0,500.0,99755.0,49.0,191062.0,,,0.344112,0.17170848000000002,"6,417.93",29.46,0.46,2026-04-22 15:50:46
27,자동차부품,0.33,105330,케이엔더블유 *,테마 편입 사유,9280.0,상승  90,0.98,9230.0,9280.0,28474.0,260.0,59310.0,,,0.344112,0.17170848000000002,"6,417.93",29.46,0.46,2026-04-22 15:50:46
27,자동차부품,0.33,015750,성우하이텍 *,테마 편입 사유,9200.0,상승  80,0.88,9190.0,9200.0,1528603.0,14058.0,911890.0,,,0.344112,0.17170848000000002,"6,417.93",29.46,0.46,2026-04-22 15:50:46
27,자동차부품,0.33,265560,영화테크 *,테마 편입 사유,10020.0,상승  80,0.8,10000.0,10020.0,69635.0,695.0,57550.0,,,0.344112,0.17170848000000002,"6,417.93",29.46,0.46,2026-04-22 15:50:46
27,자동차부품,0.33,126640,화신정공 *,테마 편입 사유,1578.0,상승  11,0.7,1577.0,1578.0,187852.0,294.0,217181.0,,,0.344112,0.17170848000000002,"6,417.93",29.46,0.46,2026-04-22 15:50:46
27,자동차부품,0.33,130740,티피씨글로벌 *,테마 편입 사유,2185.0,상승  15,0.69,2185.0,2190.0,32075.0,69.0,59133.0,,,0.344112,0.17170848000000002,"6,417.93",29.46,0.46,2026-04-22 15:50:46
27,자동차부품,0.33,024120,KB오토시스 *,테마 편입 사유,3975.0,상승  25,0.63,3940.0,3975.0,32271.0,127.0,34817.0,,,0.344112,0.17170848000000002,"6,417.93",29.46,0.46,2026-04-22 15:50:46
27,자동차부품,0.33,008350,남선알미늄,테마 편입 사유,2425.0,상승  15,0.62,2420.0,2425.0,59182433.0,153967.0,9437613.0,,,0.344112,0.17170848000000002,"6,417.93",29.46,0.46,2026-04-22 15:50:46
27,자동차부품,0.33,012210,삼미금속 *,테마 편입 사유,14900.0,상승  90,0.61,14890.0,14900.0,499158.0,7451.0,518682.0,,,0.344112,0.17170848000000002,"6,417.93",29.46,0.46,2026-04-22 15:50:46
27,자동차부품,0.33,005710,대원산업 *,테마 편입 사유,13510.0,상승  70,0.52,13490.0,13510.0,47798.0,641.0,34936.0,,,0.344112,0.17170848000000002,"6,417.93",29.46,0.46,2026-04-22 15:50:46
27,자동차부품,0.33,108670,LX하우시스,테마 편입 사유,31650.0,상승  150,0.48,31500.0,31650.0,18782.0,586.0,23062.0,,,0.344112,0.17170848000000002,"6,417.93",29.46,0.46,2026-04-22 15:50:46
27,자동차부품,0.33,006660,삼성공조,테마 편입 사유,12730.0,상승  60,0.47,12720.0,12730.0,71587.0,905.0,34492.0,,,0.344112,0.17170848000000002,"6,417.93",29.46,0.46,2026-04-22 15:50:46
27,자동차부품,0.33,053270,구영테크 *,테마 편입 사유,2390.0,상승  10,0.42,2385.0,2390.0,93096.0,220.0,95716.0,,,0.344112,0.17170848000000002,"6,417.93",29.46,0.46,2026-04-22 15:50:46
27,자동차부품,0.33,021820,세원정공,테마 편입 사유,14870.0,상승  60,0.41,14870.0,14910.0,11191.0,164.0,32318.0,,,0.344112,0.17170848000000002,"6,417.93",29.46,0.46,2026-04-22 15:50:46
27,자동차부품,0.33,012160,영흥,테마 편입 사유,524.0,상승  2,0.38,524.0,528.0,246825.0,129.0,609378.0,,,0.344112,0.17170848000000002,"6,417.93",29.46,0.46,2026-04-22 15:50:46
27,자동차부품,0.33,336680,탑런토탈솔루션 *,테마 편입 사유,4000.0,상승  15,0.38,4000.0,4005.0,35177.0,140.0,87857.0,,,0.344112,0.17170848000000002,"6,417.93",29.46,0.46,2026-04-22 15:50:46
27,자동차부품,0.33,204320,HL만도,테마 편입 사유,54500.0,상승  200,0.37,54400.0,54500.0,194943.0,10483.0,267266.0,,,0.344112,0.17170848000000002,"6,417.93",29.46,0.46,2026-04-22 15:50:46
27,자동차부품,0.33,071850,캐스텍코리아 *,테마 편입 사유,1527.0,상승  5,0.33,1507.0,1527.0,9624.0,15.0,6824.0,,,0.344112,0.17170848000000002,"6,417.93",29.46,0.46,2026-04-22 15:50:46
27,자동차부품,0.33,013310,아진산업 *,테마 편입 사유,3355.0,상승  10,0.3,3350.0,3355.0,191567.0,639.0,277536.0,,,0.344112,0.17170848000000002,"6,417.93",29.46,0.46,2026-04-22 15:50:46
27,자동차부품,0.33,123700,SJM,테마 편입 사유,3725.0,상승  10,0.27,3715.0,3725.0,20495.0,75.0,65977.0,,,0.344112,0.17170848000000002,"6,417.93",29.46,0.46,2026-04-22 15:50:46
27,자동차부품,0.33,033530,SJG세종,테마 편입 사유,7970.0,상승  20,0.25,7960.0,7970.0,107640.0,852.0,130523.0,,,0.344112,0.17170848000000002,"6,417.93",29.46,0.46,2026-04-22 15:50:46
27,자동차부품,0.33,043370,피에이치에이 *,테마 편입 사유,12930.0,상승  30,0.23,12890.0,12930.0,34023.0,436.0,31397.0,,,0.344112,0.17170848000000002,"6,417.93",29.46,0.46,2026-04-22 15:50:46
27,자동차부품,0.33,023000,삼원강재,테마 편입 사유,2340.0,상승  5,0.21,2340.0,2345.0,20997.0,49.0,8560.0,,,0.344112,0.17170848000000002,"6,417.93",29.46,0.46,2026-04-22 15:50:46
27,자동차부품,0.33,122690,서진오토모티브 *,테마 편입 사유,2455.0,상승  5,0.2,2455.0,2465.0,55639.0,137.0,49265.0,,,0.344112,0.17170848000000002,"6,417.93",29.46,0.46,2026-04-22 15:50:46
27,자동차부품,0.33,009680,모토닉,테마 편입 사유,10980.0,상승  20,0.18,10960.0,10980.0,19064.0,208.0,19071.0,,,0.344112,0.17170848000000002,"6,417.93",29.46,0.46,2026-04-22 15:50:46
27,자동차부품,0.33,020400,대동금속 *,테마 편입 사유,5920.0,상승  10,0.17,5920.0,5930.0,71923.0,427.0,80473.0,,,0.344112,0.17170848000000002,"6,417.93",29.46,0.46,2026-04-22 15:50:46
27,자동차부품,0.33,053700,삼보모터스 *,테마 편입 사유,6100.0,상승  10,0.16,6090.0,6100.0,278590.0,1679.0,222835.0,,,0.344112,0.17170848000000002,"6,417.93",29.46,0.46,2026-04-22 15:50:46
27,자동차부품,0.33,128540,에코캡 *,테마 편입 사유,1903.0,상승  3,0.16,1903.0,1904.0,60486.0,114.0,123744.0,,,0.344112,0.17170848000000002,"6,417.93",29.46,0.46,2026-04-22 15:50:46
27,자동차부품,0.33,118990,모트렉스 *,테마 편입 사유,9050.0,상승  10,0.11,9040.0,9050.0,130120.0,1165.0,201604.0,,,0.344112,0.17170848000000002,"6,417.93",29.46,0.46,2026-04-22 15:50:46
27,자동차부품,0.33,001380,SG글로벌,테마 편입 사유,1098.0,보합0,0.0,0.0,0.0,0.0,0.0,0.0,,,0.344112,0.17170848000000002,"6,417.93",29.46,0.46,2026-04-22 15:50:46
27,자동차부품,0.33,014440,영보화학,테마 편입 사유,4725.0,보합0,0.0,4720.0,4725.0,29729.0,140.0,75163.0,,,0.344112,0.17170848000000002,"6,417.93",29.46,0.46,2026-04-22 15:50:46
27,자동차부품,0.33,033250,체시스,테마 편입 사유,999.0,보합0,0.0,0.0,0.0,0.0,0.0,0.0,,,0.344112,0.17170848000000002,"6,417.93",29.46,0.46,2026-04-22 15:50:46
27,자동차부품,0.33,064960,SNT모티브,테마 편입 사유,34850.0,보합0,0.0,34800.0,34850.0,63422.0,2177.0,98184.0,,,0.344112,0.17170848000000002,"6,417.93",29.46,0.46,2026-04-22 15:50:46
27,자동차부품,0.33,097780,에코볼트 *,테마 편입 사유,801.0,보합0,0.0,0.0,0.0,0.0,0.0,0.0,,,0.344112,0.17170848000000002,"6,417.93",29.46,0.46,2026-04-22 15:50:46
27,자동차부품,0.33,101930,인화정공 *,테마 편입 사유,52000.0,보합0,0.0,0.0,0.0,0.0,0.0,0.0,,,0.344112,0.17170848000000002,"6,417.93",29.46,0.46,2026-04-22 15:50:46
27,자동차부품,0.33,123410,코리아에프티 *,테마 편입 사유,7040.0,보합0,0.0,7030.0,7040.0,230644.0,1606.0,136246.0,,,0.344112,0.17170848000000002,"6,417.93",29.46,0.46,2026-04-22 15:50:46
27,자동차부품,0.33,126600,BGF에코머티리얼즈 *,테마 편입 사유,4080.0,보합0,0.0,4080.0,4095.0,216987.0,888.0,363546.0,,,0.344112,0.17170848000000002,"6,417.93",29.46,0.46,2026-04-22 15:50:46
27,자동차부품,0.33,214330,금호에이치티,테마 편입 사유,398.0,보합0,0.0,0.0,0.0,0.0,0.0,0.0,,,0.344112,0.17170848000000002,"6,417.93",29.46,0.46,2026-04-22 15:50:46
27,자동차부품,0.33,215360,우리산업 *,테마 편입 사유,9250.0,보합0,0.0,9250.0,9260.0,23574.0,217.0,65165.0,,,0.344112,0.17170848000000002,"6,417.93",29.46,0.46,2026-04-22 15:50:46
27,자동차부품,0.33,271940,일진하이솔루스,테마 편입 사유,17170.0,보합0,0.0,17170.0,17180.0,60868.0,1034.0,91231.0,,,0.344112,0.17170848000000002,"6,417.93",29.46,0.46,2026-04-22 15:50:46
27,자동차부품,0.33,378850,화승알앤에이,테마 편입 사유,3375.0,보합0,0.0,3365.0,3375.0,33863.0,113.0,46694.0,,,0.344112,0.17170848000000002,"6,417.93",29.46,0.46,2026-04-22 15:50:46
27,자동차부품,0.33,458650,성우 *,테마 편입 사유,14000.0,보합0,0.0,13950.0,14000.0,389618.0,5440.0,334106.0,,,0.344112,0.17170848000000002,"6,417.93",29.46,0.46,2026-04-22 15:50:46
27,자동차부품,0.33,010100,한국무브넥스,테마 편입 사유,4625.0,하락  5,-0.11,4620.0,4625.0,193693.0,888.0,199903.0,,,0.344112,0.17170848000000002,"6,417.93",29.46,0.46,2026-04-22 15:50:46
27,자동차부품,0.33,310870,디와이씨 *,테마 편입 사유,1791.0,하락  2,-0.11,1791.0,1803.0,600792.0,1088.0,291490.0,,,0.344112,0.17170848000000002,"6,417.93",29.46,0.46,2026-04-22 15:50:46
27,자동차부품,0.33,017370,우신시스템,테마 편입 사유,6340.0,하락  10,-0.16,6330.0,6340.0,47628.0,298.0,75320.0,,,0.344112,0.17170848000000002,"6,417.93",29.46,0.46,2026-04-22 15:50:46
27,자동차부품,0.33,066590,스모트로닉 *,테마 편입 사유,2645.0,하락  5,-0.19,2625.0,2645.0,90450.0,237.0,98002.0,,,0.344112,0.17170848000000002,"6,417.93",29.46,0.46,2026-04-22 15:50:46
27,자동차부품,0.33,196700,웹스 *,테마 편입 사유,2120.0,하락  5,-0.24,2120.0,2125.0,72242.0,151.0,85910.0,,,0.344112,0.17170848000000002,"6,417.93",29.46,0.46,2026-04-22 15:50:46
27,자동차부품,0.33,023800,인지컨트롤스,테마 편입 사유,7760.0,하락  20,-0.26,7750.0,7760.0,41969.0,323.0,94530.0,,,0.344112,0.17170848000000002,"6,417.93",29.46,0.46,2026-04-22 15:50:46
27,자동차부품,0.33,009320,아진전자부품,테마 편입 사유,1044.0,하락  3,-0.29,1040.0,1044.0,140460.0,145.0,123859.0,,,0.344112,0.17170848000000002,"6,417.93",29.46,0.46,2026-04-22 15:50:46
27,자동차부품,0.33,019770,서연탑메탈 *,테마 편입 사유,4170.0,하락  15,-0.36,4170.0,4175.0,79778.0,330.0,100940.0,,,0.344112,0.17170848000000002,"6,417.93",29.46,0.46,2026-04-22 15:50:46
27,자동차부품,0.33,091700,파트론 *,테마 편입 사유,8320.0,하락  30,-0.36,8300.0,8320.0,195534.0,1619.0,246280.0,,,0.344112,0.17170848000000002,"6,417.93",29.46,0.46,2026-04-22 15:50:46
27,자동차부품,0.33,024840,KBI메탈 *,테마 편입 사유,2640.0,하락  10,-0.38,2640.0,2645.0,1735842.0,4685.0,1276073.0,,,0.344112,0.17170848000000002,"6,417.93",29.46,0.46,2026-04-22 15:50:46
27,자동차부품,0.33,036170,에이치엠넥스 *,테마 편입 사유,7850.0,하락  30,-0.38,7850.0,7860.0,1517168.0,11775.0,3939658.0,,,0.344112,0.17170848000000002,"6,417.93",29.46,0.46,2026-04-22 15:50:46
27,자동차부품,0.33,130500,GH신소재 *,테마 편입 사유,2625.0,하락  10,-0.38,2625.0,2645.0,33701.0,88.0,39219.0,,,0.344112,0.17170848000000002,"6,417.93",29.46,0.46,2026-04-22 15:50:46
27,자동차부품,0.33,104040,디에스엠 *,테마 편입 사유,687.0,하락  3,-0.43,685.0,687.0,254336.0,173.0,299960.0,,,0.344112,0.17170848000000002,"6,417.93",29.46,0.46,2026-04-22 15:50:46
27,자동차부품,0.33,000430,대원강업,테마 편입 사유,4390.0,하락  20,-0.45,4390.0,4420.0,155640.0,682.0,120354.0,,,0.344112,0.17170848000000002,"6,417.93",29.46,0.46,2026-04-22 15:50:46
27,자동차부품,0.33,041930,동아화성 *,테마 편입 사유,6700.0,하락  30,-0.45,6680.0,6700.0,33795.0,225.0,48526.0,,,0.344112,0.17170848000000002,"6,417.93",29.46,0.46,2026-04-22 15:50:46
27,자동차부품,0.33,067570,엔브이에이치코리아 *,테마 편입 사유,2185.0,하락  10,-0.46,2180.0,2185.0,64590.0,140.0,49724.0,,,0.344112,0.17170848000000002,"6,417.93",29.46,0.46,2026-04-22 15:50:46
27,자동차부품,0.33,002920,유성기업,테마 편입 사유,1898.0,하락  9,-0.47,1898.0,1899.0,17737.0,33.0,49943.0,,,0.344112,0.17170848000000002,"6,417.93",29.46,0.46,2026-04-22 15:50:46
27,자동차부품,0.33,075180,새론오토모티브,테마 편입 사유,3015.0,하락  15,-0.5,3015.0,3030.0,9701.0,29.0,11979.0,,,0.344112,0.17170848000000002,"6,417.93",29.46,0.46,2026-04-22 15:50:46
27,자동차부품,0.33,170030,현대공업 *,테마 편입 사유,5790.0,하락  30,-0.52,5770.0,5790.0,34584.0,199.0,56841.0,,,0.344112,0.17170848000000002,"6,417.93",29.46,0.46,2026-04-22 15:50:46
27,자동차부품,0.33,234100,폴라리스세원 *,테마 편입 사유,1049.0,하락  6,-0.57,1048.0,1049.0,321728.0,338.0,575162.0,,,0.344112,0.17170848000000002,"6,417.93",29.46,0.46,2026-04-22 15:50:46
27,자동차부품,0.33,025320,시노펙스 *,테마 편입 사유,6220.0,하락  40,-0.64,6220.0,6230.0,537364.0,3344.0,1128682.0,,,0.344112,0.17170848000000002,"6,417.93",29.46,0.46,2026-04-22 15:50:46
27,자동차부품,0.33,107640,한중엔시에스 *,테마 편입 사유,72000.0,하락  500,-0.69,72000.0,72100.0,729401.0,52327.0,2706364.0,,,0.344112,0.17170848000000002,"6,417.93",29.46,0.46,2026-04-22 15:50:46
27,자동차부품,0.33,060980,HL홀딩스,테마 편입 사유,42500.0,하락  300,-0.7,42500.0,42700.0,24817.0,1052.0,17655.0,,,0.344112,0.17170848000000002,"6,417.93",29.46,0.46,2026-04-22 15:50:46
27,자동차부품,0.33,191410,육일씨엔에쓰 *,테마 편입 사유,2855.0,하락  20,-0.7,2855.0,2865.0,135539.0,385.0,393552.0,,,0.344112,0.17170848000000002,"6,417.93",29.46,0.46,2026-04-22 15:50:46
27,자동차부품,0.33,053060,세동 *,테마 편입 사유,1240.0,하락  9,-0.72,1239.0,1240.0,131507.0,162.0,82664.0,,,0.344112,0.17170848000000002,"6,417.93",29.46,0.46,2026-04-22 15:50:46
27,자동차부품,0.33,093380,풍강 *,테마 편입 사유,2735.0,하락  20,-0.73,2735.0,2750.0,16025.0,44.0,10026.0,,,0.344112,0.17170848000000002,"6,417.93",29.46,0.46,2026-04-22 15:50:46
27,자동차부품,0.33,212560,네오오토 *,테마 편입 사유,8120.0,하락  60,-0.73,8120.0,8130.0,56218.0,452.0,46278.0,,,0.344112,0.17170848000000002,"6,417.93",29.46,0.46,2026-04-22 15:50:46
27,자동차부품,0.33,013570,디와이,테마 편입 사유,5100.0,하락  40,-0.78,5100.0,5110.0,112171.0,566.0,127882.0,,,0.344112,0.17170848000000002,"6,417.93",29.46,0.46,2026-04-22 15:50:46
27,자동차부품,0.33,012280,영화금속,테마 편입 사유,1082.0,하락  9,-0.82,1079.0,1082.0,338553.0,360.0,294146.0,,,0.344112,0.17170848000000002,"6,417.93",29.46,0.46,2026-04-22 15:50:46
27,자동차부품,0.33,025540,한국단자,테마 편입 사유,84900.0,하락  700,-0.82,84800.0,84900.0,29694.0,2503.0,41312.0,,,0.344112,0.17170848000000002,"6,417.93",29.46,0.46,2026-04-22 15:50:46
27,자동차부품,0.33,031510,오스템 *,테마 편입 사유,1049.0,하락  9,-0.85,1049.0,1054.0,32626.0,34.0,44185.0,,,0.344112,0.17170848000000002,"6,417.93",29.46,0.46,2026-04-22 15:50:46
27,자동차부품,0.33,011210,현대위아,테마 편입 사유,85600.0,하락  800,-0.93,85500.0,85600.0,137755.0,11713.0,235987.0,,,0.344112,0.17170848000000002,"6,417.93",29.46,0.46,2026-04-22 15:50:46
27,자동차부품,0.33,090080,평화산업,테마 편입 사유,1015.0,하락  10,-0.98,1014.0,1015.0,231155.0,234.0,266968.0,,,0.344112,0.17170848000000002,"6,417.93",29.46,0.46,2026-04-22 15:50:46
27,자동차부품,0.33,013720,THE CUBE& *,테마 편입 사유,887.0,하락  9,-1.0,887.0,892.0,270023.0,238.0,409175.0,,,0.344112,0.17170848000000002,"6,417.93",29.46,0.46,2026-04-22 15:50:46
27,자동차부품,0.33,051490,나라엠앤디 *,테마 편입 사유,3870.0,하락  40,-1.02,3870.0,3885.0,124178.0,484.0,834138.0,,,0.344112,0.17170848000000002,"6,417.93",29.46,0.46,2026-04-22 15:50:46
27,자동차부품,0.33,049070,인탑스 *,테마 편입 사유,18300.0,하락  200,-1.08,18300.0,18310.0,58427.0,1057.0,61408.0,,,0.344112,0.17170848000000002,"6,417.93",29.46,0.46,2026-04-22 15:50:46
27,자동차부품,0.33,208860,다산디엠씨 *,테마 편입 사유,1345.0,하락  15,-1.1,1345.0,1356.0,29049.0,39.0,56710.0,,,0.344112,0.17170848000000002,"6,417.93",29.46,0.46,2026-04-22 15:50:46
27,자동차부품,0.33,065500,오리엔트정공 *,테마 편입 사유,2200.0,하락  25,-1.12,2200.0,2205.0,245304.0,541.0,186195.0,,,0.344112,0.17170848000000002,"6,417.93",29.46,0.46,2026-04-22 15:50:46
27,자동차부품,0.33,080470,성창오토텍 *,테마 편입 사유,4100.0,하락  50,-1.2,4095.0,4100.0,26294.0,107.0,44815.0,,,0.344112,0.17170848000000002,"6,417.93",29.46,0.46,2026-04-22 15:50:46
27,자동차부품,0.33,041650,상신브레이크,테마 편입 사유,2805.0,하락  35,-1.23,2805.0,2830.0,73435.0,205.0,37410.0,,,0.344112,0.17170848000000002,"6,417.93",29.46,0.46,2026-04-22 15:50:46
27,자동차부품,0.33,019540,일지테크 *,테마 편입 사유,7620.0,하락  100,-1.3,7610.0,7620.0,172944.0,1312.0,169166.0,,,0.344112,0.17170848000000002,"6,417.93",29.46,0.46,2026-04-22 15:50:46
27,자동차부품,0.33,089470,HDC현대EP,테마 편입 사유,5280.0,하락  70,-1.31,5230.0,5280.0,45671.0,239.0,74525.0,,,0.344112,0.17170848000000002,"6,417.93",29.46,0.46,2026-04-22 15:50:46
27,자동차부품,0.33,019180,티에이치엔,테마 편입 사유,7430.0,하락  100,-1.33,7420.0,7430.0,249888.0,1854.0,236350.0,,,0.344112,0.17170848000000002,"6,417.93",29.46,0.46,2026-04-22 15:50:46
27,자동차부품,0.33,013870,지엠비코리아,테마 편입 사유,5050.0,하락  70,-1.37,5040.0,5050.0,57287.0,289.0,867427.0,,,0.344112,0.17170848000000002,"6,417.93",29.46,0.46,2026-04-22 15:50:46
27,자동차부품,0.33,005850,에스엘,테마 편입 사유,64000.0,하락  900,-1.39,64000.0,64100.0,142945.0,9071.0,265639.0,,,0.344112,0.17170848000000002,"6,417.93",29.46,0.46,2026-04-22 15:50:46
27,자동차부품,0.33,040610,SG&G *,테마 편입 사유,2110.0,하락  30,-1.4,2110.0,2115.0,232710.0,495.0,111957.0,,,0.344112,0.17170848000000002,"6,417.93",29.46,0.46,2026-04-22 15:50:46
27,자동차부품,0.33,016740,두올,테마 편입 사유,4580.0,하락  70,-1.51,4580.0,4585.0,140729.0,641.0,133028.0,,,0.344112,0.17170848000000002,"6,417.93",29.46,0.46,2026-04-22 15:50:46
27,자동차부품,0.33,078590,휴림에이텍 *,테마 편입 사유,640.0,하락  10,-1.54,640.0,642.0,1249413.0,796.0,1739485.0,,,0.344112,0.17170848000000002,"6,417.93",29.46,0.46,2026-04-22 15:50:46
27,자동차부품,0.33,012860,모베이스전자 *,테마 편입 사유,3810.0,하락  60,-1.55,3810.0,3815.0,934347.0,3545.0,2506621.0,,,0.344112,0.17170848000000002,"6,417.93",29.46,0.46,2026-04-22 15:50:46
27,자동차부품,0.33,122350,삼기 *,테마 편입 사유,1549.0,하락  26,-1.65,1547.0,1549.0,480344.0,742.0,3828812.0,,,0.344112,0.17170848000000002,"6,417.93",29.46,0.46,2026-04-22 15:50:46
27,자동차부품,0.33,092200,디아이씨,테마 편입 사유,7570.0,하락  130,-1.69,7560.0,7570.0,332655.0,2510.0,328567.0,,,0.344112,0.17170848000000002,"6,417.93",29.46,0.46,2026-04-22 15:50:46
27,자동차부품,0.33,048430,유라테크 *,테마 편입 사유,8400.0,하락  150,-1.75,8390.0,8400.0,141021.0,1190.0,174243.0,,,0.344112,0.17170848000000002,"6,417.93",29.46,0.46,2026-04-22 15:50:46
27,자동차부품,0.33,018880,한온시스템,테마 편입 사유,4175.0,하락  75,-1.76,4170.0,4175.0,10913465.0,44961.0,33700967.0,,,0.344112,0.17170848000000002,"6,417.93",29.46,0.46,2026-04-22 15:50:46
27,자동차부품,0.33,092780,DYP,테마 편입 사유,5000.0,하락  90,-1.77,5000.0,5010.0,53807.0,267.0,92306.0,,,0.344112,0.17170848000000002,"6,417.93",29.46,0.46,2026-04-22 15:50:46
27,자동차부품,0.33,437730,삼현 *,테마 편입 사유,53400.0,"하락  1,000",-1.84,53400.0,53500.0,159211.0,8464.0,294321.0,,,0.344112,0.17170848000000002,"6,417.93",29.46,0.46,2026-04-22 15:50:46
27,자동차부품,0.33,012200,계양전기,테마 편입 사유,6380.0,하락  120,-1.85,6380.0,6390.0,210905.0,1342.0,332500.0,,,0.344112,0.17170848000000002,"6,417.93",29.46,0.46,2026-04-22 15:50:46
27,자동차부품,0.33,010580,에스엠벡셀,테마 편입 사유,2115.0,하락  40,-1.86,2115.0,2120.0,219175.0,464.0,577269.0,,,0.344112,0.17170848000000002,"6,417.93",29.46,0.46,2026-04-22 15:50:46
27,자동차부품,0.33,011320,유니크 *,테마 편입 사유,4495.0,하락  90,-1.96,4495.0,4500.0,122608.0,557.0,86693.0,,,0.344112,0.17170848000000002,"6,417.93",29.46,0.46,2026-04-22 15:50:46
27,자동차부품,0.33,008830,대동기어 *,테마 편입 사유,21450.0,하락  450,-2.05,21450.0,21500.0,180313.0,3825.0,389039.0,,,0.344112,0.17170848000000002,"6,417.93",29.46,0.46,2026-04-22 15:50:46
27,자동차부품,0.33,002880,디와이에이,테마 편입 사유,921.0,하락  20,-2.13,921.0,922.0,80924.0,74.0,84639.0,,,0.344112,0.17170848000000002,"6,417.93",29.46,0.46,2026-04-22 15:50:46
27,자동차부품,0.33,010660,화천기계,테마 편입 사유,5040.0,하락  120,-2.33,5040.0,5050.0,409240.0,2089.0,321877.0,,,0.344112,0.17170848000000002,"6,417.93",29.46,0.46,2026-04-22 15:50:46
27,자동차부품,0.33,290120,DH오토리드 *,테마 편입 사유,2705.0,하락  65,-2.35,2700.0,2705.0,44191.0,120.0,39134.0,,,0.344112,0.17170848000000002,"6,417.93",29.46,0.46,2026-04-22 15:50:46
27,자동차부품,0.33,308170,씨티알모빌리티,테마 편입 사유,5430.0,하락  160,-2.86,5430.0,5440.0,16193.0,88.0,13996.0,,,0.344112,0.17170848000000002,"6,417.93",29.46,0.46,2026-04-22 15:50:46
27,자동차부품,0.33,024830,세원물산 *,테마 편입 사유,11030.0,하락  350,-3.08,10960.0,11030.0,9957.0,109.0,19210.0,,,0.344112,0.17170848000000002,"6,417.93",29.46,0.46,2026-04-22 15:50:46
27,자동차부품,0.33,001620,케이비아이동국실업,테마 편입 사유,638.0,하락  21,-3.19,638.0,639.0,428861.0,276.0,519675.0,,,0.344112,0.17170848000000002,"6,417.93",29.46,0.46,2026-04-22 15:50:46
27,자동차부품,0.33,396300,세아메카닉스 *,테마 편입 사유,4465.0,하락  150,-3.25,4465.0,4470.0,1329496.0,5859.0,4948989.0,,,0.344112,0.17170848000000002,"6,417.93",29.46,0.46,2026-04-22 15:50:46
27,자동차부품,0.33,008500,일정실업,테마 편입 사유,2800.0,하락  115,-3.95,2800.0,2810.0,27339.0,77.0,59886.0,,,0.344112,0.17170848000000002,"6,417.93",29.46,0.46,2026-04-22 15:50:46
27,자동차부품,0.33,0010F0,보원케미칼 *,테마 편입 사유,6960.0,하락  350,-4.79,6960.0,6970.0,808807.0,5802.0,1003697.0,,,0.344112,0.17170848000000002,"6,417.93",29.46,0.46,2026-04-22 15:50:46
27,자동차부품,0.33,448900,한국피아이엠 *,테마 편입 사유,99800.0,"하락  7,000",-6.55,99800.0,99900.0,200872.0,20016.0,228802.0,,,0.344112,0.17170848000000002,"6,417.93",29.46,0.46,2026-04-22 15:50:46
27,자동차부품,0.33,085910,네오티스 *,테마 편입 사유,27150.0,"하락  2,250",-7.65,27150.0,27200.0,289926.0,8028.0,241385.0,,,0.344112,0.17170848000000002,"6,417.93",29.46,0.46,2026-04-22 15:50:46
27,자동차부품,0.33,113810,디젠스 *,테마 편입 사유,732.0,하락  92,-11.17,731.0,732.0,1510421.0,1138.0,803957.0,,,0.344112,0.17170848000000002,"6,417.93",29.46,0.46,2026-04-22 15:50:46
139,출산장려정책,0.17,215480,토박스코리아 *,테마 편입 사유,2345.0,상승  50,2.18,2345.0,2360.0,37549.0,87.0,52085.0,,,0.067107,0.13913078,"6,417.93",29.46,0.46,2026-04-22 15:50:46
139,출산장려정책,0.17,012690,모나리자,테마 편입 사유,2330.0,상승  35,1.53,2330.0,2335.0,310850.0,726.0,739812.0,,,0.067107,0.13913078,"6,417.93",29.46,0.46,2026-04-22 15:50:46
139,출산장려정책,0.17,003920,남양유업,테마 편입 사유,51900.0,상승  700,1.37,51900.0,52100.0,5529.0,286.0,8056.0,,,0.067107,0.13913078,"6,417.93",29.46,0.46,2026-04-22 15:50:46
139,출산장려정책,0.17,092730,네오팜 *,테마 편입 사유,19700.0,상승  260,1.34,19680.0,19700.0,84759.0,1661.0,90915.0,,,0.067107,0.13913078,"6,417.93",29.46,0.46,2026-04-22 15:50:46
139,출산장려정책,0.17,159580,제로투세븐 *,테마 편입 사유,3970.0,상승  40,1.02,3965.0,3970.0,17869.0,70.0,27979.0,,,0.067107,0.13913078,"6,417.93",29.46,0.46,2026-04-22 15:50:46
139,출산장려정책,0.17,462310,뉴키즈온 *,테마 편입 사유,4535.0,상승  40,0.89,4500.0,4535.0,24917.0,111.0,16394.0,,,0.067107,0.13913078,"6,417.93",29.46,0.46,2026-04-22 15:50:46
139,출산장려정책,0.17,403850,더핑크퐁컴퍼니 *,테마 편입 사유,17150.0,상승  150,0.88,17090.0,17150.0,47192.0,795.0,46966.0,,,0.067107,0.13913078,"6,417.93",29.46,0.46,2026-04-22 15:50:46
139,출산장려정책,0.17,317530,캐리소프트 *,테마 편입 사유,4120.0,상승  30,0.73,4120.0,4125.0,7078.0,29.0,5865.0,,,0.067107,0.13913078,"6,417.93",29.46,0.46,2026-04-22 15:50:46
139,출산장려정책,0.17,419530,SAMG엔터 *,테마 편입 사유,37700.0,상승  200,0.53,37650.0,37700.0,55698.0,2079.0,71140.0,,,0.067107,0.13913078,"6,417.93",29.46,0.46,2026-04-22 15:50:46
139,출산장려정책,0.17,019680,대교,테마 편입 사유,1594.0,상승  8,0.5,1571.0,1594.0,81108.0,127.0,52931.0,,,0.067107,0.13913078,"6,417.93",29.46,0.46,2026-04-22 15:50:46
139,출산장려정책,0.17,004540,깨끗한나라,테마 편입 사유,2040.0,상승  10,0.49,2040.0,2050.0,87645.0,179.0,205318.0,,,0.067107,0.13913078,"6,417.93",29.46,0.46,2026-04-22 15:50:46
139,출산장려정책,0.17,072130,유엔젤,테마 편입 사유,5720.0,상승  20,0.35,5710.0,5720.0,138217.0,783.0,130001.0,,,0.067107,0.13913078,"6,417.93",29.46,0.46,2026-04-22 15:50:46
139,출산장려정책,0.17,095720,웅진씽크빅,테마 편입 사유,1151.0,상승  1,0.09,1150.0,1151.0,88427.0,101.0,88358.0,,,0.067107,0.13913078,"6,417.93",29.46,0.46,2026-04-22 15:50:46
139,출산장려정책,0.17,900270,헝셩그룹 *,테마 편입 사유,1104.0,보합0,0.0,1104.0,1105.0,98873.0,108.0,168167.0,,,0.067107,0.13913078,"6,417.93",29.46,0.46,2026-04-22 15:50:46
139,출산장려정책,0.17,068290,삼성출판사,테마 편입 사유,9230.0,하락  10,-0.11,9220.0,9250.0,11695.0,107.0,12873.0,,,0.067107,0.13913078,"6,417.93",29.46,0.46,2026-04-22 15:50:46
139,출산장려정책,0.17,013990,아가방컴퍼니 *,테마 편입 사유,5130.0,하락  20,-0.39,5130.0,5140.0,158167.0,810.0,232508.0,,,0.067107,0.13913078,"6,417.93",29.46,0.46,2026-04-22 15:50:46
139,출산장려정책,0.17,267980,매일유업 *,테마 편입 사유,36000.0,하락  150,-0.41,35900.0,36000.0,6674.0,241.0,5870.0,,,0.067107,0.13913078,"6,417.93",29.46,0.46,2026-04-22 15:50:46
139,출산장려정책,0.17,036000,예림당 *,테마 편입 사유,3215.0,하락  30,-0.92,3210.0,3215.0,80144.0,256.0,43849.0,,,0.067107,0.13913078,"6,417.93",29.46,0.46,2026-04-22 15:50:46
139,출산장려정책,0.17,002450,삼익악기,테마 편입 사유,1264.0,하락  15,-1.17,1260.0,1264.0,106627.0,134.0,166293.0,,,0.067107,0.13913078,"6,417.93",29.46,0.46,2026-04-22 15:50:46
139,출산장려정책,0.17,435570,에르코스 *,테마 편입 사유,10620.0,하락  130,-1.21,10620.0,10700.0,18612.0,199.0,26154.0,,,0.067107,0.13913078,"6,417.93",29.46,0.46,2026-04-22 15:50:46
139,출산장려정책,0.17,407400,꿈비 *,테마 편입 사유,4390.0,하락  55,-1.24,4355.0,4390.0,94688.0,413.0,56101.0,,,0.067107,0.13913078,"6,417.93",29.46,0.46,2026-04-22 15:50:46
139,출산장려정책,0.17,014100,메디앙스 *,테마 편입 사유,1729.0,하락  49,-2.76,1729.0,1742.0,11513.0,20.0,10195.0,,,0.067107,0.13913078,"6,417.93",29.46,0.46,2026-04-22 15:50:46
284,기업인수목적회사(SPAC),0.14,466910,엔에이치스팩30호 *,테마 편입 사유,5640.0,상승  420,8.05,5630.0,5640.0,561346.0,3116.0,261237.0,,,0.053159,0.11554686000000002,"6,417.93",29.46,0.46,2026-04-22 15:50:46
284,기업인수목적회사(SPAC),0.14,451700,엔에이치스팩29호 *,테마 편입 사유,3135.0,상승  175,5.91,3135.0,3145.0,571283.0,1726.0,692983.0,,,0.053159,0.11554686000000002,"6,417.93",29.46,0.46,2026-04-22 15:50:46
284,기업인수목적회사(SPAC),0.14,477380,미래에셋비전스팩4호 *,테마 편입 사유,2060.0,상승  15,0.73,2055.0,2060.0,761.0,2.0,9908.0,,,0.053159,0.11554686000000002,"6,417.93",29.46,0.46,2026-04-22 15:50:46
284,기업인수목적회사(SPAC),0.14,0101C0,하나36호스팩 *,테마 편입 사유,2010.0,상승  10,0.5,2000.0,2010.0,5563.0,11.0,8523.0,,,0.053159,0.11554686000000002,"6,417.93",29.46,0.46,2026-04-22 15:50:46
284,기업인수목적회사(SPAC),0.14,0130H0,엔에이치스팩33호 *,테마 편입 사유,2020.0,상승  10,0.5,2015.0,2020.0,39794.0,80.0,163998.0,,,0.053159,0.11554686000000002,"6,417.93",29.46,0.46,2026-04-22 15:50:46
284,기업인수목적회사(SPAC),0.14,496070,신한제16호스팩 *,테마 편입 사유,2040.0,상승  10,0.49,2025.0,2040.0,2406.0,5.0,1606.0,,,0.053159,0.11554686000000002,"6,417.93",29.46,0.46,2026-04-22 15:50:46
284,기업인수목적회사(SPAC),0.14,487720,키움제10호스팩 *,테마 편입 사유,2070.0,상승  10,0.49,2060.0,2065.0,419.0,1.0,100.0,,,0.053159,0.11554686000000002,"6,417.93",29.46,0.46,2026-04-22 15:50:46
284,기업인수목적회사(SPAC),0.14,473000,에스케이증권제12호스팩 *,테마 편입 사유,2060.0,상승  10,0.49,2045.0,2055.0,5.0,0.0,414.0,,,0.053159,0.11554686000000002,"6,417.93",29.46,0.46,2026-04-22 15:50:46
284,기업인수목적회사(SPAC),0.14,482680,미래에셋비전스팩7호 *,테마 편입 사유,2035.0,상승  5,0.25,2025.0,2035.0,5824.0,12.0,9362.0,,,0.053159,0.11554686000000002,"6,417.93",29.46,0.46,2026-04-22 15:50:46
284,기업인수목적회사(SPAC),0.14,474490,유안타제16호스팩 *,테마 편입 사유,2045.0,상승  5,0.25,2045.0,2050.0,6668.0,14.0,373.0,,,0.053159,0.11554686000000002,"6,417.93",29.46,0.46,2026-04-22 15:50:46
284,기업인수목적회사(SPAC),0.14,478110,이베스트스팩6호 *,테마 편입 사유,2035.0,상승  5,0.25,2025.0,2035.0,344.0,1.0,2757.0,,,0.053159,0.11554686000000002,"6,417.93",29.46,0.46,2026-04-22 15:50:46
284,기업인수목적회사(SPAC),0.14,0072Z0,KB제33호스팩 *,테마 편입 사유,2010.0,상승  5,0.25,2005.0,2010.0,6988.0,14.0,19098.0,,,0.053159,0.11554686000000002,"6,417.93",29.46,0.46,2026-04-22 15:50:46
284,기업인수목적회사(SPAC),0.14,0068Y0,비엔케이제3호스팩 *,테마 편입 사유,2020.0,상승  5,0.25,2010.0,2020.0,2166.0,4.0,14059.0,,,0.053159,0.11554686000000002,"6,417.93",29.46,0.46,2026-04-22 15:50:46
284,기업인수목적회사(SPAC),0.14,493790,유안타제17호스팩 *,테마 편입 사유,2020.0,상승  5,0.25,2015.0,2020.0,2194.0,4.0,1505.0,,,0.053159,0.11554686000000002,"6,417.93",29.46,0.46,2026-04-22 15:50:46
284,기업인수목적회사(SPAC),0.14,0041J0,엘에스스팩1호 *,테마 편입 사유,2015.0,상승  5,0.25,2010.0,2015.0,711.0,1.0,664.0,,,0.053159,0.11554686000000002,"6,417.93",29.46,0.46,2026-04-22 15:50:46
284,기업인수목적회사(SPAC),0.14,0037T0,KB제32호스팩 *,테마 편입 사유,2025.0,상승  5,0.25,2020.0,2025.0,1489.0,3.0,5155.0,,,0.053159,0.11554686000000002,"6,417.93",29.46,0.46,2026-04-22 15:50:46
284,기업인수목적회사(SPAC),0.14,469900,하나31호스팩 *,테마 편입 사유,2065.0,상승  5,0.24,2060.0,2065.0,2534.0,5.0,3932.0,,,0.053159,0.11554686000000002,"6,417.93",29.46,0.46,2026-04-22 15:50:46
284,기업인수목적회사(SPAC),0.14,484130,하나34호스팩 *,테마 편입 사유,2050.0,상승  5,0.24,2045.0,2050.0,786.0,2.0,5287.0,,,0.053159,0.11554686000000002,"6,417.93",29.46,0.46,2026-04-22 15:50:46
284,기업인수목적회사(SPAC),0.14,489730,디비금융제13호스팩 *,테마 편입 사유,2070.0,상승  5,0.24,2065.0,2070.0,1266.0,3.0,16633.0,,,0.053159,0.11554686000000002,"6,417.93",29.46,0.46,2026-04-22 15:50:46
284,기업인수목적회사(SPAC),0.14,462020,에이치엠씨제6호스팩 *,테마 편입 사유,2100.0,상승  5,0.24,2095.0,2100.0,10100.0,21.0,5044.0,,,0.053159,0.11554686000000002,"6,417.93",29.46,0.46,2026-04-22 15:50:46
284,기업인수목적회사(SPAC),0.14,486630,KB제30호스팩 *,테마 편입 사유,2075.0,보합0,0.0,2065.0,2075.0,107.0,0.0,18821.0,,,0.053159,0.11554686000000002,"6,417.93",29.46,0.46,2026-04-22 15:50:46
284,기업인수목적회사(SPAC),0.14,0004Y0,디비금융제14호스팩 *,테마 편입 사유,2040.0,보합0,0.0,2035.0,2040.0,3697.0,8.0,644.0,,,0.053159,0.11554686000000002,"6,417.93",29.46,0.46,2026-04-22 15:50:46
284,기업인수목적회사(SPAC),0.14,487830,신한제15호스팩 *,테마 편입 사유,2060.0,보합0,0.0,2050.0,2060.0,1.0,0.0,11225.0,,,0.053159,0.11554686000000002,"6,417.93",29.46,0.46,2026-04-22 15:50:46
284,기업인수목적회사(SPAC),0.14,473050,유안타제15호스팩 *,테마 편입 사유,2060.0,보합0,0.0,2060.0,2065.0,32.0,0.0,17943.0,,,0.053159,0.11554686000000002,"6,417.93",29.46,0.46,2026-04-22 15:50:46
284,기업인수목적회사(SPAC),0.14,473950,에스케이증권제13호스팩 *,테마 편입 사유,2035.0,보합0,0.0,2030.0,2035.0,1036.0,2.0,10057.0,,,0.053159,0.11554686000000002,"6,417.93",29.46,0.46,2026-04-22 15:50:46
284,기업인수목적회사(SPAC),0.14,487360,신한제14호스팩 *,테마 편입 사유,2040.0,보합0,0.0,2035.0,2040.0,682.0,1.0,38265.0,,,0.053159,0.11554686000000002,"6,417.93",29.46,0.46,2026-04-22 15:50:46
284,기업인수목적회사(SPAC),0.14,474660,신한제12호스팩 *,테마 편입 사유,2050.0,보합0,0.0,2050.0,2060.0,127.0,0.0,6434.0,,,0.053159,0.11554686000000002,"6,417.93",29.46,0.46,2026-04-22 15:50:46
284,기업인수목적회사(SPAC),0.14,474930,신한제13호스팩 *,테마 편입 사유,2125.0,보합0,0.0,2120.0,2125.0,15.0,0.0,2270.0,,,0.053159,0.11554686000000002,"6,417.93",29.46,0.46,2026-04-22 15:50:46
284,기업인수목적회사(SPAC),0.14,0105P0,유진스팩12호 *,테마 편입 사유,2010.0,보합0,0.0,2000.0,2010.0,3212.0,6.0,1378.0,,,0.053159,0.11554686000000002,"6,417.93",29.46,0.46,2026-04-22 15:50:46
284,기업인수목적회사(SPAC),0.14,498390,한화플러스제5호스팩 *,테마 편입 사유,2030.0,보합0,0.0,2030.0,2035.0,7279.0,15.0,1667.0,,,0.053159,0.11554686000000002,"6,417.93",29.46,0.46,2026-04-22 15:50:46
284,기업인수목적회사(SPAC),0.14,477340,에이치엠씨제7호스팩 *,테마 편입 사유,2030.0,보합0,0.0,2030.0,2035.0,4319.0,9.0,11580.0,,,0.053159,0.11554686000000002,"6,417.93",29.46,0.46,2026-04-22 15:50:46
284,기업인수목적회사(SPAC),0.14,0093G0,미래에셋비전스팩8호 *,테마 편입 사유,2015.0,보합0,0.0,2005.0,2015.0,2422.0,5.0,11673.0,,,0.053159,0.11554686000000002,"6,417.93",29.46,0.46,2026-04-22 15:50:46
284,기업인수목적회사(SPAC),0.14,477760,DB금융스팩12호 *,테마 편입 사유,2230.0,보합0,0.0,0.0,0.0,0.0,0.0,0.0,,,0.053159,0.11554686000000002,"6,417.93",29.46,0.46,2026-04-22 15:50:46
284,기업인수목적회사(SPAC),0.14,482520,교보16호스팩 *,테마 편입 사유,2095.0,보합0,0.0,0.0,0.0,0.0,0.0,0.0,,,0.053159,0.11554686000000002,"6,417.93",29.46,0.46,2026-04-22 15:50:46
284,기업인수목적회사(SPAC),0.14,481890,엔에이치스팩31호 *,테마 편입 사유,2105.0,보합0,0.0,2100.0,2105.0,48.0,0.0,7223.0,,,0.053159,0.11554686000000002,"6,417.93",29.46,0.46,2026-04-22 15:50:46
284,기업인수목적회사(SPAC),0.14,478440,미래에셋비전스팩6호 *,테마 편입 사유,2050.0,보합0,0.0,2045.0,2050.0,138.0,0.0,1378.0,,,0.053159,0.11554686000000002,"6,417.93",29.46,0.46,2026-04-22 15:50:46
284,기업인수목적회사(SPAC),0.14,479880,한국제15호스팩 *,테마 편입 사유,2050.0,보합0,0.0,2045.0,2050.0,589.0,1.0,7397.0,,,0.053159,0.11554686000000002,"6,417.93",29.46,0.46,2026-04-22 15:50:46
284,기업인수목적회사(SPAC),0.14,469880,하나30호스팩 *,테마 편입 사유,2080.0,보합0,0.0,2080.0,2085.0,985.0,2.0,8813.0,,,0.053159,0.11554686000000002,"6,417.93",29.46,0.46,2026-04-22 15:50:46
284,기업인수목적회사(SPAC),0.14,468760,유진스팩10호 *,테마 편입 사유,2100.0,보합0,0.0,2095.0,2100.0,536.0,1.0,4861.0,,,0.053159,0.11554686000000002,"6,417.93",29.46,0.46,2026-04-22 15:50:46
284,기업인수목적회사(SPAC),0.14,0099X0,IBKS제25호스팩 *,테마 편입 사유,2165.0,보합0,0.0,2160.0,2165.0,2332.0,5.0,296.0,,,0.053159,0.11554686000000002,"6,417.93",29.46,0.46,2026-04-22 15:50:46
284,기업인수목적회사(SPAC),0.14,0097F0,미래에셋비전스팩10호 *,테마 편입 사유,2005.0,보합0,0.0,2005.0,2010.0,6249.0,13.0,2940.0,,,0.053159,0.11554686000000002,"6,417.93",29.46,0.46,2026-04-22 15:50:46
284,기업인수목적회사(SPAC),0.14,466690,키움히어로제1호스팩 *,테마 편입 사유,2050.0,보합0,0.0,2035.0,2050.0,5175.0,11.0,1857.0,,,0.053159,0.11554686000000002,"6,417.93",29.46,0.46,2026-04-22 15:50:46
284,기업인수목적회사(SPAC),0.14,465320,교보15호스팩 *,테마 편입 사유,2335.0,보합0,0.0,0.0,0.0,0.0,0.0,0.0,,,0.053159,0.11554686000000002,"6,417.93",29.46,0.46,2026-04-22 15:50:46
284,기업인수목적회사(SPAC),0.14,464680,KB제27호스팩 *,테마 편입 사유,2080.0,보합0,0.0,2080.0,2085.0,107499.0,224.0,43432.0,,,0.053159,0.11554686000000002,"6,417.93",29.46,0.46,2026-04-22 15:50:46
284,기업인수목적회사(SPAC),0.14,464440,한국제13호스팩 *,테마 편입 사유,2085.0,보합0,0.0,2085.0,2090.0,12.0,0.0,50113.0,,,0.053159,0.11554686000000002,"6,417.93",29.46,0.46,2026-04-22 15:50:46
284,기업인수목적회사(SPAC),0.14,489480,키움제11호스팩 *,테마 편입 사유,2040.0,보합0,0.0,2040.0,2045.0,59.0,0.0,13481.0,,,0.053159,0.11554686000000002,"6,417.93",29.46,0.46,2026-04-22 15:50:46
284,기업인수목적회사(SPAC),0.14,492220,KB제31호스팩 *,테마 편입 사유,2060.0,보합0,0.0,2050.0,2060.0,7.0,0.0,175.0,,,0.053159,0.11554686000000002,"6,417.93",29.46,0.46,2026-04-22 15:50:46
284,기업인수목적회사(SPAC),0.14,0099W0,미래에셋비전스팩11호 *,테마 편입 사유,2010.0,보합0,0.0,2005.0,2010.0,3795.0,8.0,46624.0,,,0.053159,0.11554686000000002,"6,417.93",29.46,0.46,2026-04-22 15:50:46
284,기업인수목적회사(SPAC),0.14,0130D0,신한제17호스팩 *,테마 편입 사유,1997.0,하락  3,-0.15,1996.0,1997.0,75566.0,151.0,160863.0,,,0.053159,0.11554686000000002,"6,417.93",29.46,0.46,2026-04-22 15:50:46
284,기업인수목적회사(SPAC),0.14,472220,신영스팩10호 *,테마 편입 사유,2140.0,하락  5,-0.23,2135.0,2140.0,2588.0,6.0,4486.0,,,0.053159,0.11554686000000002,"6,417.93",29.46,0.46,2026-04-22 15:50:46
284,기업인수목적회사(SPAC),0.14,469480,IBKS제24호스팩 *,테마 편입 사유,2170.0,하락  5,-0.23,2150.0,2170.0,13070.0,28.0,36.0,,,0.053159,0.11554686000000002,"6,417.93",29.46,0.46,2026-04-22 15:50:46
284,기업인수목적회사(SPAC),0.14,0088D0,메리츠제1호스팩 *,테마 편입 사유,2195.0,하락  5,-0.23,2195.0,2200.0,21359.0,47.0,53876.0,,,0.053159,0.11554686000000002,"6,417.93",29.46,0.46,2026-04-22 15:50:46
284,기업인수목적회사(SPAC),0.14,475240,하나32호스팩 *,테마 편입 사유,2090.0,하락  5,-0.24,2085.0,2090.0,601.0,1.0,4678.0,,,0.053159,0.11554686000000002,"6,417.93",29.46,0.46,2026-04-22 15:50:46
284,기업인수목적회사(SPAC),0.14,0044K0,삼성스팩10호 *,테마 편입 사유,2045.0,하락  5,-0.24,2030.0,2045.0,66335.0,135.0,7340.0,,,0.053159,0.11554686000000002,"6,417.93",29.46,0.46,2026-04-22 15:50:46
284,기업인수목적회사(SPAC),0.14,489210,교보17호스팩 *,테마 편입 사유,2095.0,하락  5,-0.24,2085.0,2095.0,11957.0,25.0,2150.0,,,0.053159,0.11554686000000002,"6,417.93",29.46,0.46,2026-04-22 15:50:46
284,기업인수목적회사(SPAC),0.14,0054V0,엔에이치스팩32호 *,테마 편입 사유,2060.0,하락  5,-0.24,2050.0,2060.0,13679.0,28.0,9446.0,,,0.053159,0.11554686000000002,"6,417.93",29.46,0.46,2026-04-22 15:50:46
284,기업인수목적회사(SPAC),0.14,488060,유진스팩11호 *,테마 편입 사유,2040.0,하락  5,-0.24,2040.0,2045.0,27321.0,56.0,44325.0,,,0.053159,0.11554686000000002,"6,417.93",29.46,0.46,2026-04-22 15:50:46
284,기업인수목적회사(SPAC),0.14,0091W0,신영스팩11호 *,테마 편입 사유,2080.0,하락  5,-0.24,2070.0,2080.0,11521.0,24.0,32437.0,,,0.053159,0.11554686000000002,"6,417.93",29.46,0.46,2026-04-22 15:50:46
284,기업인수목적회사(SPAC),0.14,452980,신한제11호스팩 *,테마 편입 사유,2100.0,하락  5,-0.24,2100.0,2105.0,509118.0,1070.0,203585.0,,,0.053159,0.11554686000000002,"6,417.93",29.46,0.46,2026-04-22 15:50:46
284,기업인수목적회사(SPAC),0.14,0098T0,교보19호스팩 *,테마 편입 사유,2045.0,하락  5,-0.24,2040.0,2045.0,943.0,2.0,990.0,,,0.053159,0.11554686000000002,"6,417.93",29.46,0.46,2026-04-22 15:50:46
284,기업인수목적회사(SPAC),0.14,471050,대신밸런스제17호스팩 *,테마 편입 사유,2085.0,하락  5,-0.24,2085.0,2090.0,4014.0,8.0,7666.0,,,0.053159,0.11554686000000002,"6,417.93",29.46,0.46,2026-04-22 15:50:46
284,기업인수목적회사(SPAC),0.14,472230,에스케이증권제11호스팩 *,테마 편입 사유,2055.0,하락  5,-0.24,2055.0,2065.0,136.0,0.0,278.0,,,0.053159,0.11554686000000002,"6,417.93",29.46,0.46,2026-04-22 15:50:46
284,기업인수목적회사(SPAC),0.14,475250,하나33호스팩 *,테마 편입 사유,2080.0,하락  5,-0.24,2080.0,2090.0,146.0,0.0,2550.0,,,0.053159,0.11554686000000002,"6,417.93",29.46,0.46,2026-04-22 15:50:46
284,기업인수목적회사(SPAC),0.14,477470,미래에셋비전스팩5호 *,테마 편입 사유,2095.0,하락  5,-0.24,2090.0,2095.0,113.0,0.0,111.0,,,0.053159,0.11554686000000002,"6,417.93",29.46,0.46,2026-04-22 15:50:46
284,기업인수목적회사(SPAC),0.14,0096B0,삼성스팩12호 *,테마 편입 사유,2020.0,하락  5,-0.25,2010.0,2020.0,12017.0,24.0,18229.0,,,0.053159,0.11554686000000002,"6,417.93",29.46,0.46,2026-04-22 15:50:46
284,기업인수목적회사(SPAC),0.14,0096D0,미래에셋비전스팩9호 *,테마 편입 사유,2005.0,하락  5,-0.25,2000.0,2005.0,3474.0,7.0,43150.0,,,0.053159,0.11554686000000002,"6,417.93",29.46,0.46,2026-04-22 15:50:46
284,기업인수목적회사(SPAC),0.14,0115H0,삼성스팩13호 *,테마 편입 사유,2030.0,하락  5,-0.25,2025.0,2030.0,24967.0,51.0,67638.0,,,0.053159,0.11554686000000002,"6,417.93",29.46,0.46,2026-04-22 15:50:46
284,기업인수목적회사(SPAC),0.14,482690,대신밸런스제19호스팩 *,테마 편입 사유,2135.0,하락  10,-0.47,2130.0,2135.0,3725.0,8.0,1591.0,,,0.053159,0.11554686000000002,"6,417.93",29.46,0.46,2026-04-22 15:50:46
284,기업인수목적회사(SPAC),0.14,0132G0,교보20호스팩 *,테마 편입 사유,2000.0,하락  10,-0.5,2000.0,2010.0,74635.0,150.0,173016.0,,,0.053159,0.11554686000000002,"6,417.93",29.46,0.46,2026-04-22 15:50:46
284,기업인수목적회사(SPAC),0.14,0041L0,하나35호스팩 *,테마 편입 사유,2005.0,하락  10,-0.5,2005.0,2015.0,8268.0,17.0,1636.0,,,0.053159,0.11554686000000002,"6,417.93",29.46,0.46,2026-04-22 15:50:46
284,기업인수목적회사(SPAC),0.14,478390,KB제29호스팩 *,테마 편입 사유,2070.0,하락  15,-0.72,2070.0,2085.0,44.0,0.0,11318.0,,,0.053159,0.11554686000000002,"6,417.93",29.46,0.46,2026-04-22 15:50:46
284,기업인수목적회사(SPAC),0.14,0071M0,삼성스팩11호 *,테마 편입 사유,2010.0,하락  15,-0.74,2010.0,2015.0,37312.0,75.0,1698.0,,,0.053159,0.11554686000000002,"6,417.93",29.46,0.46,2026-04-22 15:50:46
284,기업인수목적회사(SPAC),0.14,0041B0,교보18호스팩 *,테마 편입 사유,2035.0,하락  20,-0.97,2035.0,2065.0,10763.0,22.0,1448.0,,,0.053159,0.11554686000000002,"6,417.93",29.46,0.46,2026-04-22 15:50:46
284,기업인수목적회사(SPAC),0.14,467930,IBKS제23호스팩 *,테마 편입 사유,2175.0,하락  30,-1.36,2170.0,2175.0,13232.0,29.0,11537.0,,,0.053159,0.11554686000000002,"6,417.93",29.46,0.46,2026-04-22 15:50:46
17,SI(시스템통합),0.31,045510,정원엔시스 *,테마 편입 사유,1686.0,상한가  389,29.99,1686.0,0.0,2770578.0,4546.0,4066964.0,,,0.46072,0.09806879999999998,"6,417.93",29.46,0.46,2026-04-22 15:50:46
17,SI(시스템통합),0.31,022100,포스코DX,테마 편입 사유,35650.0,"상승  1,000",2.89,35600.0,35650.0,931918.0,33278.0,675749.0,,,0.46072,0.09806879999999998,"6,417.93",29.46,0.46,2026-04-22 15:50:46
17,SI(시스템통합),0.31,173130,오파스넷 *,테마 편입 사유,8350.0,상승  190,2.33,8350.0,8360.0,192258.0,1595.0,109884.0,,,0.46072,0.09806879999999998,"6,417.93",29.46,0.46,2026-04-22 15:50:46
17,SI(시스템통합),0.31,032850,비트컴퓨터 *,테마 편입 사유,5310.0,상승  110,2.12,5300.0,5310.0,197463.0,1024.0,227708.0,,,0.46072,0.09806879999999998,"6,417.93",29.46,0.46,2026-04-22 15:50:46
17,SI(시스템통합),0.31,272210,한화시스템,테마 편입 사유,134100.0,"상승  2,700",2.05,134100.0,134200.0,1583516.0,212787.0,649875.0,,,0.46072,0.09806879999999998,"6,417.93",29.46,0.46,2026-04-22 15:50:46
17,SI(시스템통합),0.31,124500,아이티센글로벌 *,테마 편입 사유,47600.0,상승  900,1.93,47600.0,47650.0,256145.0,12209.0,460045.0,,,0.46072,0.09806879999999998,"6,417.93",29.46,0.46,2026-04-22 15:50:46
17,SI(시스템통합),0.31,064400,LG씨엔에스,테마 편입 사유,68200.0,"상승  1,200",1.79,68200.0,68300.0,529970.0,35671.0,478179.0,,,0.46072,0.09806879999999998,"6,417.93",29.46,0.46,2026-04-22 15:50:46
17,SI(시스템통합),0.31,039420,케이엘넷 *,테마 편입 사유,3050.0,상승  35,1.16,3040.0,3050.0,51827.0,156.0,106822.0,,,0.46072,0.09806879999999998,"6,417.93",29.46,0.46,2026-04-22 15:50:46
17,SI(시스템통합),0.31,286940,롯데이노베이트,테마 편입 사유,22650.0,상승  250,1.12,22500.0,22650.0,21735.0,488.0,60488.0,,,0.46072,0.09806879999999998,"6,417.93",29.46,0.46,2026-04-22 15:50:46
17,SI(시스템통합),0.31,263800,데이타솔루션 *,테마 편입 사유,5390.0,상승  30,0.56,5390.0,5400.0,4440916.0,25544.0,289636.0,,,0.46072,0.09806879999999998,"6,417.93",29.46,0.46,2026-04-22 15:50:46
17,SI(시스템통합),0.31,307950,현대오토에버,테마 편입 사유,444500.0,"상승  2,000",0.45,444500.0,445000.0,71497.0,31208.0,93249.0,,,0.46072,0.09806879999999998,"6,417.93",29.46,0.46,2026-04-22 15:50:46
17,SI(시스템통합),0.31,319400,현대무벡스 *,테마 편입 사유,30200.0,상승  100,0.33,30200.0,30250.0,1369257.0,40830.0,2197558.0,,,0.46072,0.09806879999999998,"6,417.93",29.46,0.46,2026-04-22 15:50:46
17,SI(시스템통합),0.31,020180,대신정보통신 *,테마 편입 사유,1279.0,상승  4,0.31,1278.0,1279.0,2905243.0,3735.0,2013262.0,,,0.46072,0.09806879999999998,"6,417.93",29.46,0.46,2026-04-22 15:50:46
17,SI(시스템통합),0.31,070590,인티큐브 *,테마 편입 사유,1966.0,상승  2,0.1,1946.0,1966.0,24374.0,47.0,13119.0,,,0.46072,0.09806879999999998,"6,417.93",29.46,0.46,2026-04-22 15:50:46
17,SI(시스템통합),0.31,267850,아시아나IDT,테마 편입 사유,10830.0,상승  10,0.09,10830.0,10870.0,21694.0,236.0,10446.0,,,0.46072,0.09806879999999998,"6,417.93",29.46,0.46,2026-04-22 15:50:46
17,SI(시스템통합),0.31,010280,아이티센엔텍 *,테마 편입 사유,1145.0,보합0,0.0,0.0,0.0,0.0,0.0,0.0,,,0.46072,0.09806879999999998,"6,417.93",29.46,0.46,2026-04-22 15:50:46
17,SI(시스템통합),0.31,049470,비트플래닛 *,테마 편입 사유,672.0,보합0,0.0,0.0,0.0,0.0,0.0,0.0,,,0.46072,0.09806879999999998,"6,417.93",29.46,0.46,2026-04-22 15:50:46
17,SI(시스템통합),0.31,018260,삼성에스디에스,테마 편입 사유,180100.0,하락  100,-0.06,180100.0,180200.0,237444.0,42779.0,285741.0,,,0.46072,0.09806879999999998,"6,417.93",29.46,0.46,2026-04-22 15:50:46
17,SI(시스템통합),0.31,234300,에스트래픽 *,테마 편입 사유,3690.0,하락  10,-0.27,3690.0,3695.0,63456.0,233.0,173673.0,,,0.46072,0.09806879999999998,"6,417.93",29.46,0.46,2026-04-22 15:50:46
17,SI(시스템통합),0.31,035510,신세계 I&C,테마 편입 사유,19860.0,하락  140,-0.7,19860.0,19900.0,149154.0,2958.0,194373.0,,,0.46072,0.09806879999999998,"6,417.93",29.46,0.46,2026-04-22 15:50:46
17,SI(시스템통합),0.31,052460,아이크래프트 *,테마 편입 사유,4080.0,하락  30,-0.73,4075.0,4080.0,257042.0,1038.0,583633.0,,,0.46072,0.09806879999999998,"6,417.93",29.46,0.46,2026-04-22 15:50:46
17,SI(시스템통합),0.31,053980,오상자이엘 *,테마 편입 사유,3265.0,하락  30,-0.91,3265.0,3270.0,90740.0,297.0,102368.0,,,0.46072,0.09806879999999998,"6,417.93",29.46,0.46,2026-04-22 15:50:46
17,SI(시스템통합),0.31,042500,링네트 *,테마 편입 사유,5230.0,하락  50,-0.95,5220.0,5230.0,2349235.0,12471.0,1563118.0,,,0.46072,0.09806879999999998,"6,417.93",29.46,0.46,2026-04-22 15:50:46
17,SI(시스템통합),0.31,023590,다우기술,테마 편입 사유,48650.0,하락  500,-1.02,48550.0,48650.0,79041.0,3809.0,61085.0,,,0.46072,0.09806879999999998,"6,417.93",29.46,0.46,2026-04-22 15:50:46
17,SI(시스템통합),0.31,034730,SK,테마 편입 사유,381500.0,"하락  5,000",-1.29,381500.0,382000.0,116647.0,44174.0,138852.0,,,0.46072,0.09806879999999998,"6,417.93",29.46,0.46,2026-04-22 15:50:46
17,SI(시스템통합),0.31,029480,광무 *,테마 편입 사유,2260.0,하락  60,-2.59,2260.0,2265.0,462702.0,1066.0,2109442.0,,,0.46072,0.09806879999999998,"6,417.93",29.46,0.46,2026-04-22 15:50:46
17,SI(시스템통합),0.31,242040,나무기술 *,테마 편입 사유,5320.0,하락  180,-3.27,5310.0,5320.0,1095797.0,5805.0,1518057.0,,,0.46072,0.09806879999999998,"6,417.93",29.46,0.46,2026-04-22 15:50:46
17,SI(시스템통합),0.31,012030,DB,테마 편입 사유,1909.0,하락  101,-5.02,1909.0,1910.0,2417188.0,4696.0,3494061.0,,,0.46072,0.09806879999999998,"6,417.93",29.46,0.46,2026-04-22 15:50:46
17,SI(시스템통합),0.31,184230,SGA솔루션즈 *,테마 편입 사유,1068.0,하락  100,-8.56,1068.0,1069.0,23841100.0,26948.0,73492948.0,,,0.46072,0.09806879999999998,"6,417.93",29.46,0.46,2026-04-22 15:50:46
17,SI(시스템통합),0.31,115500,케이씨에스 *,테마 편입 사유,19000.0,"하락  2,700",-12.44,19000.0,19020.0,1506669.0,29255.0,6509627.0,,,0.46072,0.09806879999999998,"6,417.93",29.46,0.46,2026-04-22 15:50:46
124,제대혈,0.29,078160,메디포스트 *,테마 편입 사유,25500.0,"상승  1,350",5.59,25500.0,25550.0,241462.0,5856.0,272198.0,,,0.430958,0.09175931999999998,"6,417.93",29.46,0.46,2026-04-22 15:50:46
124,제대혈,0.29,085660,차바이오텍 *,테마 편입 사유,17270.0,하락  120,-0.69,17270.0,17280.0,336975.0,5777.0,382197.0,,,0.430958,0.09175931999999998,"6,417.93",29.46,0.46,2026-04-22 15:50:46
124,제대혈,0.29,217730,강스템바이오텍 *,테마 편입 사유,4165.0,하락  45,-1.07,4150.0,4165.0,990753.0,4101.0,1689800.0,,,0.430958,0.09175931999999998,"6,417.93",29.46,0.46,2026-04-22 15:50:46
124,제대혈,0.29,006280,녹십자,테마 편입 사유,142300.0,"하락  1,700",-1.18,142200.0,142300.0,30672.0,4372.0,58936.0,,,0.430958,0.09175931999999998,"6,417.93",29.46,0.46,2026-04-22 15:50:46
124,제대혈,0.29,144510,지씨셀 *,테마 편입 사유,25000.0,하락  300,-1.19,24900.0,25000.0,19767.0,490.0,28411.0,,,0.430958,0.09175931999999998,"6,417.93",29.46,0.46,2026-04-22 15:50:46
397,보톡스(보툴리눔톡신),0.19,086900,메디톡스 *,테마 편입 사유,107300.0,"상승  3,300",3.17,107200.0,107300.0,36324.0,3848.0,26246.0,,,0.231463,0.08352702,"6,417.93",29.46,0.46,2026-04-22 15:50:46
397,보톡스(보툴리눔톡신),0.19,206650,유바이오로직스 *,테마 편입 사유,13550.0,상승  250,1.88,13550.0,13590.0,424952.0,5796.0,304452.0,,,0.231463,0.08352702,"6,417.93",29.46,0.46,2026-04-22 15:50:46
397,보톡스(보툴리눔톡신),0.19,109740,디에스케이 *,테마 편입 사유,4920.0,상승  80,1.65,4885.0,4920.0,70679.0,343.0,81421.0,,,0.231463,0.08352702,"6,417.93",29.46,0.46,2026-04-22 15:50:46
397,보톡스(보툴리눔톡신),0.19,145020,휴젤 *,테마 편입 사유,264000.0,"상승  3,000",1.15,264000.0,264500.0,41366.0,10800.0,65709.0,,,0.231463,0.08352702,"6,417.93",29.46,0.46,2026-04-22 15:50:46
397,보톡스(보툴리눔톡신),0.19,243070,휴온스 *,테마 편입 사유,26700.0,상승  200,0.75,26500.0,26700.0,7617.0,201.0,30353.0,,,0.231463,0.08352702,"6,417.93",29.46,0.46,2026-04-22 15:50:46
397,보톡스(보툴리눔톡신),0.19,362320,청담글로벌 *,테마 편입 사유,5350.0,상승  20,0.38,5350.0,5360.0,32209.0,172.0,34434.0,,,0.231463,0.08352702,"6,417.93",29.46,0.46,2026-04-22 15:50:46
397,보톡스(보툴리눔톡신),0.19,214450,파마리서치 *,테마 편입 사유,303500.0,"상승  1,000",0.33,303000.0,303500.0,56867.0,17058.0,54709.0,,,0.231463,0.08352702,"6,417.93",29.46,0.46,2026-04-22 15:50:46
397,보톡스(보툴리눔톡신),0.19,069620,대웅제약,테마 편입 사유,149700.0,상승  400,0.27,149700.0,149800.0,19849.0,2962.0,34580.0,,,0.231463,0.08352702,"6,417.93",29.46,0.46,2026-04-22 15:50:46
397,보톡스(보툴리눔톡신),0.19,216080,제테마 *,테마 편입 사유,7170.0,보합0,0.0,7170.0,7180.0,494018.0,3472.0,4275541.0,,,0.231463,0.08352702,"6,417.93",29.46,0.46,2026-04-22 15:50:46
397,보톡스(보툴리눔톡신),0.19,200670,휴메딕스 *,테마 편입 사유,34850.0,하락  50,-0.14,34850.0,34900.0,45037.0,1558.0,26191.0,,,0.231463,0.08352702,"6,417.93",29.46,0.46,2026-04-22 15:50:46
397,보톡스(보툴리눔톡신),0.19,256840,한국비엔씨 *,테마 편입 사유,4050.0,하락  30,-0.74,4045.0,4050.0,346729.0,1398.0,1186860.0,,,0.231463,0.08352702,"6,417.93",29.46,0.46,2026-04-22 15:50:46
397,보톡스(보툴리눔톡신),0.19,084110,휴온스글로벌 *,테마 편입 사유,58200.0,하락  800,-1.36,58100.0,58200.0,23332.0,1349.0,68402.0,,,0.231463,0.08352702,"6,417.93",29.46,0.46,2026-04-22 15:50:46
397,보톡스(보툴리눔톡신),0.19,061040,알에프텍 *,테마 편입 사유,1951.0,하락  99,-4.83,1951.0,1956.0,767551.0,1502.0,570655.0,,,0.231463,0.08352702,"6,417.93",29.46,0.46,2026-04-22 15:50:46
543,의료AI,0.16,458870,씨어스 *,테마 편입 사유,46200.0,"상승  3,000",6.94,46200.0,46250.0,461402.0,20966.0,247402.0,,,0.174013,0.07995402,"6,417.93",29.46,0.46,2026-04-22 15:50:46
543,의료AI,0.16,288980,모아데이타 *,테마 편입 사유,1429.0,상승  68,5.0,1429.0,1430.0,844800.0,1184.0,449589.0,,,0.174013,0.07995402,"6,417.93",29.46,0.46,2026-04-22 15:50:46
543,의료AI,0.16,127120,제이에스링크 *,테마 편입 사유,42350.0,"상승  1,400",3.42,42350.0,42400.0,226606.0,9496.0,408969.0,,,0.174013,0.07995402,"6,417.93",29.46,0.46,2026-04-22 15:50:46
543,의료AI,0.16,338220,뷰노 *,테마 편입 사유,19000.0,상승  550,2.98,19000.0,19010.0,101813.0,1883.0,75395.0,,,0.174013,0.07995402,"6,417.93",29.46,0.46,2026-04-22 15:50:46
543,의료AI,0.16,388870,파로스아이바이오 *,테마 편입 사유,9440.0,상승  270,2.94,9430.0,9440.0,230615.0,2179.0,123702.0,,,0.174013,0.07995402,"6,417.93",29.46,0.46,2026-04-22 15:50:46
543,의료AI,0.16,394800,쓰리빌리언 *,테마 편입 사유,12300.0,상승  350,2.93,12290.0,12300.0,227811.0,2848.0,187745.0,,,0.174013,0.07995402,"6,417.93",29.46,0.46,2026-04-22 15:50:46
543,의료AI,0.16,099750,이지케어텍 *,테마 편입 사유,8800.0,상승  80,0.92,8740.0,8800.0,12337.0,108.0,14424.0,,,0.174013,0.07995402,"6,417.93",29.46,0.46,2026-04-22 15:50:46
543,의료AI,0.16,393210,토마토시스템 *,테마 편입 사유,4620.0,상승  35,0.76,4615.0,4620.0,51623.0,238.0,58528.0,,,0.174013,0.07995402,"6,417.93",29.46,0.46,2026-04-22 15:50:46
543,의료AI,0.16,223250,드림씨아이에스 *,테마 편입 사유,5020.0,상승  30,0.6,5020.0,5030.0,65915.0,326.0,111648.0,,,0.174013,0.07995402,"6,417.93",29.46,0.46,2026-04-22 15:50:46
543,의료AI,0.16,347700,스피어 *,테마 편입 사유,44500.0,상승  250,0.56,44450.0,44500.0,1142217.0,50938.0,978042.0,,,0.174013,0.07995402,"6,417.93",29.46,0.46,2026-04-22 15:50:46
543,의료AI,0.16,322510,제이엘케이 *,테마 편입 사유,6780.0,상승  20,0.3,6780.0,6790.0,182556.0,1231.0,219212.0,,,0.174013,0.07995402,"6,417.93",29.46,0.46,2026-04-22 15:50:46
543,의료AI,0.16,384470,코어라인소프트 *,테마 편입 사유,3515.0,상승  10,0.29,3510.0,3515.0,59726.0,207.0,118110.0,,,0.174013,0.07995402,"6,417.93",29.46,0.46,2026-04-22 15:50:46
543,의료AI,0.16,315640,딥노이드 *,테마 편입 사유,3685.0,상승  5,0.14,3670.0,3685.0,164017.0,597.0,336308.0,,,0.174013,0.07995402,"6,417.93",29.46,0.46,2026-04-22 15:50:46
543,의료AI,0.16,376930,노을 *,테마 편입 사유,1703.0,하락  4,-0.23,1703.0,1707.0,213838.0,363.0,369719.0,,,0.174013,0.07995402,"6,417.93",29.46,0.46,2026-04-22 15:50:46
543,의료AI,0.16,382150,온코크로스 *,테마 편입 사유,8790.0,하락  30,-0.34,8790.0,8800.0,2505745.0,23515.0,668867.0,,,0.174013,0.07995402,"6,417.93",29.46,0.46,2026-04-22 15:50:46
543,의료AI,0.16,0007C0,아크릴 *,테마 편입 사유,36950.0,하락  200,-0.54,36900.0,36950.0,212833.0,7775.0,366752.0,,,0.174013,0.07995402,"6,417.93",29.46,0.46,2026-04-22 15:50:46
543,의료AI,0.16,354200,엔젠바이오 *,테마 편입 사유,1726.0,하락  10,-0.58,1724.0,1726.0,184917.0,319.0,1392731.0,,,0.174013,0.07995402,"6,417.93",29.46,0.46,2026-04-22 15:50:46
543,의료AI,0.16,041020,폴라리스오피스 *,테마 편입 사유,4940.0,하락  45,-0.9,4935.0,4940.0,1096432.0,5460.0,1896104.0,,,0.174013,0.07995402,"6,417.93",29.46,0.46,2026-04-22 15:50:46
543,의료AI,0.16,208370,셀바스헬스케어 *,테마 편입 사유,4415.0,하락  45,-1.01,4415.0,4430.0,149826.0,664.0,169480.0,,,0.174013,0.07995402,"6,417.93",29.46,0.46,2026-04-22 15:50:46
543,의료AI,0.16,108860,셀바스AI *,테마 편입 사유,13960.0,하락  170,-1.2,13960.0,13970.0,364585.0,5075.0,462805.0,,,0.174013,0.07995402,"6,417.93",29.46,0.46,2026-04-22 15:50:46
543,의료AI,0.16,340810,시선AI *,테마 편입 사유,3105.0,하락  40,-1.27,3105.0,3115.0,69510.0,215.0,121416.0,,,0.174013,0.07995402,"6,417.93",29.46,0.46,2026-04-22 15:50:46
543,의료AI,0.16,229000,젠큐릭스 *,테마 편입 사유,2290.0,하락  35,-1.51,2270.0,2290.0,442070.0,1003.0,741445.0,,,0.174013,0.07995402,"6,417.93",29.46,0.46,2026-04-22 15:50:46
543,의료AI,0.16,376900,로킷헬스케어 *,테마 편입 사유,90900.0,"하락  1,400",-1.52,90800.0,90900.0,232577.0,20944.0,430215.0,,,0.174013,0.07995402,"6,417.93",29.46,0.46,2026-04-22 15:50:46
543,의료AI,0.16,033230,인성정보 *,테마 편입 사유,1987.0,하락  33,-1.63,1987.0,1989.0,8552096.0,17564.0,3365730.0,,,0.174013,0.07995402,"6,417.93",29.46,0.46,2026-04-22 15:50:46
543,의료AI,0.16,041920,메디아나 *,테마 편입 사유,20450.0,하락  350,-1.68,20350.0,20450.0,95892.0,1920.0,155052.0,,,0.174013,0.07995402,"6,417.93",29.46,0.46,2026-04-22 15:50:46
543,의료AI,0.16,328130,루닛 *,테마 편입 사유,35950.0,하락  650,-1.78,35900.0,35950.0,189958.0,6769.0,142131.0,,,0.174013,0.07995402,"6,417.93",29.46,0.46,2026-04-22 15:50:46
543,의료AI,0.16,419540,비스토스 *,테마 편입 사유,825.0,하락  15,-1.79,825.0,826.0,84671.0,70.0,86030.0,,,0.174013,0.07995402,"6,417.93",29.46,0.46,2026-04-22 15:50:46
543,의료AI,0.16,084650,랩지노믹스 *,테마 편입 사유,1493.0,하락  30,-1.97,1493.0,1494.0,6077870.0,9398.0,4726274.0,,,0.174013,0.07995402,"6,417.93",29.46,0.46,2026-04-22 15:50:46
543,의료AI,0.16,380550,뉴로핏 *,테마 편입 사유,21300.0,하락  500,-2.29,21250.0,21300.0,205047.0,4345.0,483172.0,,,0.174013,0.07995402,"6,417.93",29.46,0.46,2026-04-22 15:50:46
543,의료AI,0.16,226330,신테카바이오 *,테마 편입 사유,3180.0,하락  85,-2.6,3170.0,3180.0,169735.0,539.0,182200.0,,,0.174013,0.07995402,"6,417.93",29.46,0.46,2026-04-22 15:50:46
285,마스크,0.15,294140,레몬 *,테마 편입 사유,3905.0,상승  295,8.17,3905.0,3935.0,2362894.0,10363.0,71456.0,,,0.185793,0.06453521999999999,"6,417.93",29.46,0.46,2026-04-22 15:50:46
285,마스크,0.15,018250,애경산업,테마 편입 사유,15470.0,상승  530,3.55,15470.0,15480.0,378232.0,5914.0,53784.0,,,0.185793,0.06453521999999999,"6,417.93",29.46,0.46,2026-04-22 15:50:46
285,마스크,0.15,079980,휴비스,테마 편입 사유,3340.0,상승  80,2.45,3335.0,3340.0,432507.0,1432.0,698303.0,,,0.185793,0.06453521999999999,"6,417.93",29.46,0.46,2026-04-22 15:50:46
285,마스크,0.15,083550,케이엠 *,테마 편입 사유,3585.0,상승  80,2.28,3580.0,3585.0,23569.0,83.0,82569.0,,,0.185793,0.06453521999999999,"6,417.93",29.46,0.46,2026-04-22 15:50:46
285,마스크,0.15,034940,조아제약 *,테마 편입 사유,954.0,상승  18,1.92,946.0,954.0,169523.0,163.0,72934.0,,,0.185793,0.06453521999999999,"6,417.93",29.46,0.46,2026-04-22 15:50:46
285,마스크,0.15,012690,모나리자,테마 편입 사유,2330.0,상승  35,1.53,2330.0,2335.0,310850.0,726.0,739812.0,,,0.185793,0.06453521999999999,"6,417.93",29.46,0.46,2026-04-22 15:50:46
285,마스크,0.15,372910,한컴라이프케어,테마 편입 사유,2665.0,상승  40,1.52,2665.0,2675.0,351893.0,941.0,890179.0,,,0.185793,0.06453521999999999,"6,417.93",29.46,0.46,2026-04-22 15:50:46
285,마스크,0.15,065950,웰크론 *,테마 편입 사유,1650.0,상승  20,1.23,1647.0,1650.0,123738.0,202.0,439672.0,,,0.185793,0.06453521999999999,"6,417.93",29.46,0.46,2026-04-22 15:50:46
285,마스크,0.15,004540,깨끗한나라,테마 편입 사유,2040.0,상승  10,0.49,2040.0,2050.0,87645.0,179.0,205318.0,,,0.185793,0.06453521999999999,"6,417.93",29.46,0.46,2026-04-22 15:50:46
285,마스크,0.15,002070,비비안,테마 편입 사유,355.0,보합0,0.0,0.0,0.0,0.0,0.0,0.0,,,0.185793,0.06453521999999999,"6,417.93",29.46,0.46,2026-04-22 15:50:46
285,마스크,0.15,042040,케이피엠테크 *,테마 편입 사유,147.0,보합0,0.0,0.0,0.0,0.0,0.0,0.0,,,0.185793,0.06453521999999999,"6,417.93",29.46,0.46,2026-04-22 15:50:46
285,마스크,0.15,086450,동국제약 *,테마 편입 사유,24950.0,보합0,0.0,24950.0,25000.0,449956.0,11406.0,645945.0,,,0.185793,0.06453521999999999,"6,417.93",29.46,0.46,2026-04-22 15:50:46
285,마스크,0.15,013990,아가방컴퍼니 *,테마 편입 사유,5130.0,하락  20,-0.39,5130.0,5140.0,158167.0,810.0,232508.0,,,0.185793,0.06453521999999999,"6,417.93",29.46,0.46,2026-04-22 15:50:46
285,마스크,0.15,352700,씨앤투스 *,테마 편입 사유,2145.0,하락  10,-0.46,2135.0,2145.0,19949.0,43.0,23954.0,,,0.185793,0.06453521999999999,"6,417.93",29.46,0.46,2026-04-22 15:50:46
285,마스크,0.15,001520,동양,테마 편입 사유,801.0,하락  5,-0.62,801.0,802.0,425860.0,339.0,515444.0,,,0.185793,0.06453521999999999,"6,417.93",29.46,0.46,2026-04-22 15:50:46
285,마스크,0.15,002720,국제약품,테마 편입 사유,4775.0,하락  40,-0.83,4775.0,4780.0,130589.0,625.0,267591.0,,,0.185793,0.06453521999999999,"6,417.93",29.46,0.46,2026-04-22 15:50:46
285,마스크,0.15,108230,톱텍 *,테마 편입 사유,4515.0,하락  65,-1.42,4515.0,4530.0,196959.0,896.0,102039.0,,,0.185793,0.06453521999999999,"6,417.93",29.46,0.46,2026-04-22 15:50:46
285,마스크,0.15,263020,디케이앤디 *,테마 편입 사유,3180.0,하락  55,-1.7,3180.0,3190.0,70876.0,226.0,81678.0,,,0.185793,0.06453521999999999,"6,417.93",29.46,0.46,2026-04-22 15:50:46
285,마스크,0.15,001060,JW중외제약,테마 편입 사유,30250.0,하락  700,-2.26,30250.0,30300.0,36312.0,1098.0,52733.0,,,0.185793,0.06453521999999999,"6,417.93",29.46,0.46,2026-04-22 15:50:46
285,마스크,0.15,014100,메디앙스 *,테마 편입 사유,1729.0,하락  49,-2.76,1729.0,1742.0,11513.0,20.0,10195.0,,,0.185793,0.06453521999999999,"6,417.93",29.46,0.46,2026-04-22 15:50:46
285,마스크,0.15,045520,크린앤사이언스 *,테마 편입 사유,3470.0,하락  135,-3.74,3465.0,3470.0,26492.0,93.0,91289.0,,,0.185793,0.06453521999999999,"6,417.93",29.46,0.46,2026-04-22 15:50:46
285,마스크,0.15,047770,코데즈컴바인 *,테마 편입 사유,4755.0,하락  285,-5.65,4755.0,4760.0,1167425.0,5513.0,697379.0,,,0.185793,0.06453521999999999,"6,417.93",29.46,0.46,2026-04-22 15:50:46
110,화장품,0.12,483650,달바글로벌,테마 편입 사유,213000.0,"상승  14,300",7.2,212500.0,213000.0,356637.0,75140.0,161224.0,,,0.142937,0.05424897999999999,"6,417.93",29.46,0.46,2026-04-22 15:50:46
110,화장품,0.12,006490,인스코비,테마 편입 사유,439.0,상승  25,6.04,439.0,441.0,1933747.0,863.0,811042.0,,,0.142937,0.05424897999999999,"6,417.93",29.46,0.46,2026-04-22 15:50:46
110,화장품,0.12,278470,에이피알,테마 편입 사유,434000.0,"상승  24,000",5.85,434000.0,434500.0,303221.0,131009.0,202109.0,,,0.142937,0.05424897999999999,"6,417.93",29.46,0.46,2026-04-22 15:50:46
110,화장품,0.12,900300,오가닉티코스메틱 *,테마 편입 사유,145.0,상승  7,5.07,145.0,146.0,47622880.0,7265.0,19885791.0,,,0.142937,0.05424897999999999,"6,417.93",29.46,0.46,2026-04-22 15:50:46
110,화장품,0.12,142760,모아라이프플러스 *,테마 편입 사유,917.0,상승  37,4.2,916.0,917.0,469031.0,437.0,700602.0,,,0.142937,0.05424897999999999,"6,417.93",29.46,0.46,2026-04-22 15:50:46
110,화장품,0.12,018250,애경산업,테마 편입 사유,15470.0,상승  530,3.55,15470.0,15480.0,378232.0,5914.0,53784.0,,,0.142937,0.05424897999999999,"6,417.93",29.46,0.46,2026-04-22 15:50:46
110,화장품,0.12,900310,컬러레이 *,테마 편입 사유,517.0,상승  14,2.78,517.0,518.0,259883.0,134.0,90039.0,,,0.142937,0.05424897999999999,"6,417.93",29.46,0.46,2026-04-22 15:50:46
110,화장품,0.12,214370,케어젠 *,테마 편입 사유,95000.0,"상승  2,400",2.59,95000.0,95300.0,90252.0,8408.0,165935.0,,,0.142937,0.05424897999999999,"6,417.93",29.46,0.46,2026-04-22 15:50:46
110,화장품,0.12,298060,에스씨엠생명과학 *,테마 편입 사유,927.0,상승  19,2.09,927.0,930.0,305011.0,282.0,301986.0,,,0.142937,0.05424897999999999,"6,417.93",29.46,0.46,2026-04-22 15:50:46
110,화장품,0.12,377220,프롬바이오 *,테마 편입 사유,1304.0,상승  24,1.88,1303.0,1304.0,184060.0,236.0,160028.0,,,0.142937,0.05424897999999999,"6,417.93",29.46,0.46,2026-04-22 15:50:46
110,화장품,0.12,352480,씨앤씨인터내셔널 *,테마 편입 사유,27850.0,상승  500,1.83,27850.0,27900.0,29086.0,792.0,13179.0,,,0.142937,0.05424897999999999,"6,417.93",29.46,0.46,2026-04-22 15:50:46
110,화장품,0.12,003350,한국화장품제조,테마 편입 사유,9360.0,상승  160,1.74,9350.0,9360.0,108193.0,1007.0,121596.0,,,0.142937,0.05424897999999999,"6,417.93",29.46,0.46,2026-04-22 15:50:46
110,화장품,0.12,192820,코스맥스,테마 편입 사유,217500.0,"상승  3,500",1.64,217000.0,217500.0,69710.0,15187.0,77510.0,,,0.142937,0.05424897999999999,"6,417.93",29.46,0.46,2026-04-22 15:50:46
110,화장품,0.12,092730,네오팜 *,테마 편입 사유,19700.0,상승  260,1.34,19680.0,19700.0,84759.0,1661.0,90915.0,,,0.142937,0.05424897999999999,"6,417.93",29.46,0.46,2026-04-22 15:50:46
110,화장품,0.12,016100,리더스코스메틱 *,테마 편입 사유,1585.0,상승  20,1.28,1581.0,1585.0,46307.0,72.0,50521.0,,,0.142937,0.05424897999999999,"6,417.93",29.46,0.46,2026-04-22 15:50:46
110,화장품,0.12,265740,엔에프씨 *,테마 편입 사유,7000.0,상승  80,1.16,7000.0,7010.0,179035.0,1225.0,217459.0,,,0.142937,0.05424897999999999,"6,417.93",29.46,0.46,2026-04-22 15:50:46
110,화장품,0.12,260930,씨티케이 *,테마 편입 사유,4010.0,상승  45,1.13,4000.0,4010.0,61304.0,243.0,119041.0,,,0.142937,0.05424897999999999,"6,417.93",29.46,0.46,2026-04-22 15:50:46
110,화장품,0.12,237880,클리오 *,테마 편입 사유,12590.0,상승  140,1.12,12580.0,12590.0,16633.0,209.0,23060.0,,,0.142937,0.05424897999999999,"6,417.93",29.46,0.46,2026-04-22 15:50:46
110,화장품,0.12,101240,씨큐브 *,테마 편입 사유,4215.0,상승  45,1.08,4210.0,4215.0,36098.0,151.0,62880.0,,,0.142937,0.05424897999999999,"6,417.93",29.46,0.46,2026-04-22 15:50:46
110,화장품,0.12,347740,피엔케이피부임상연구센타 *,테마 편입 사유,2440.0,상승  25,1.04,2430.0,2440.0,86787.0,209.0,117903.0,,,0.142937,0.05424897999999999,"6,417.93",29.46,0.46,2026-04-22 15:50:46
110,화장품,0.12,159580,제로투세븐 *,테마 편입 사유,3970.0,상승  40,1.02,3965.0,3970.0,17869.0,70.0,27979.0,,,0.142937,0.05424897999999999,"6,417.93",29.46,0.46,2026-04-22 15:50:46
110,화장품,0.12,439090,마녀공장 *,테마 편입 사유,13130.0,상승  130,1.0,13130.0,13150.0,37380.0,490.0,47916.0,,,0.142937,0.05424897999999999,"6,417.93",29.46,0.46,2026-04-22 15:50:46
110,화장품,0.12,002790,아모레퍼시픽홀딩스,테마 편입 사유,27850.0,상승  250,0.91,27850.0,27900.0,101641.0,2821.0,54782.0,,,0.142937,0.05424897999999999,"6,417.93",29.46,0.46,2026-04-22 15:50:46
110,화장품,0.12,031430,신세계인터내셔날,테마 편입 사유,14640.0,상승  130,0.9,14630.0,14640.0,115556.0,1687.0,272569.0,,,0.142937,0.05424897999999999,"6,417.93",29.46,0.46,2026-04-22 15:50:46
110,화장품,0.12,462310,뉴키즈온 *,테마 편입 사유,4535.0,상승  40,0.89,4500.0,4535.0,24917.0,111.0,16394.0,,,0.142937,0.05424897999999999,"6,417.93",29.46,0.46,2026-04-22 15:50:46
110,화장품,0.12,314130,지놈앤컴퍼니 *,테마 편입 사유,6140.0,상승  50,0.82,6140.0,6150.0,338857.0,2069.0,1422702.0,,,0.142937,0.05424897999999999,"6,417.93",29.46,0.46,2026-04-22 15:50:46
110,화장품,0.12,161890,한국콜마,테마 편입 사유,87000.0,상승  700,0.81,87000.0,87100.0,190480.0,16691.0,152277.0,,,0.142937,0.05424897999999999,"6,417.93",29.46,0.46,2026-04-22 15:50:46
110,화장품,0.12,453860,에이에스텍 *,테마 편입 사유,14970.0,상승  120,0.81,14960.0,14970.0,10731.0,159.0,18108.0,,,0.142937,0.05424897999999999,"6,417.93",29.46,0.46,2026-04-22 15:50:46
110,화장품,0.12,241710,코스메카코리아 *,테마 편입 사유,85500.0,상승  600,0.71,85400.0,85500.0,103865.0,8831.0,70331.0,,,0.142937,0.05424897999999999,"6,417.93",29.46,0.46,2026-04-22 15:50:46
110,화장품,0.12,049830,승일 *,테마 편입 사유,7540.0,상승  40,0.53,7510.0,7540.0,5049.0,38.0,2023.0,,,0.142937,0.05424897999999999,"6,417.93",29.46,0.46,2026-04-22 15:50:46
110,화장품,0.12,048410,현대바이오 *,테마 편입 사유,13800.0,상승  70,0.51,13790.0,13800.0,1380222.0,18819.0,3071007.0,,,0.142937,0.05424897999999999,"6,417.93",29.46,0.46,2026-04-22 15:50:46
110,화장품,0.12,090430,아모레퍼시픽,테마 편입 사유,131200.0,상승  600,0.46,131200.0,131300.0,232274.0,30412.0,212744.0,,,0.142937,0.05424897999999999,"6,417.93",29.46,0.46,2026-04-22 15:50:46
110,화장품,0.12,362320,청담글로벌 *,테마 편입 사유,5350.0,상승  20,0.38,5350.0,5360.0,32209.0,172.0,34434.0,,,0.142937,0.05424897999999999,"6,417.93",29.46,0.46,2026-04-22 15:50:46
110,화장품,0.12,214150,클래시스 *,테마 편입 사유,57300.0,상승  200,0.35,57200.0,57300.0,136643.0,7768.0,193909.0,,,0.142937,0.05424897999999999,"6,417.93",29.46,0.46,2026-04-22 15:50:46
110,화장품,0.12,214450,파마리서치 *,테마 편입 사유,303500.0,"상승  1,000",0.33,303000.0,303500.0,56867.0,17058.0,54709.0,,,0.142937,0.05424897999999999,"6,417.93",29.46,0.46,2026-04-22 15:50:46
110,화장품,0.12,123690,한국화장품,테마 편입 사유,8370.0,상승  10,0.12,8370.0,8380.0,42656.0,354.0,88337.0,,,0.142937,0.05424897999999999,"6,417.93",29.46,0.46,2026-04-22 15:50:46
110,화장품,0.12,018290,브이티 *,테마 편입 사유,15630.0,상승  10,0.06,15610.0,15630.0,144933.0,2248.0,124319.0,,,0.142937,0.05424897999999999,"6,417.93",29.46,0.46,2026-04-22 15:50:46
110,화장품,0.12,018700,바른손 *,테마 편입 사유,561.0,보합0,0.0,0.0,0.0,0.0,0.0,0.0,,,0.142937,0.05424897999999999,"6,417.93",29.46,0.46,2026-04-22 15:50:46
110,화장품,0.12,007390,네이처셀 *,테마 편입 사유,20650.0,보합0,0.0,20600.0,20650.0,309994.0,6211.0,224358.0,,,0.142937,0.05424897999999999,"6,417.93",29.46,0.46,2026-04-22 15:50:46
110,화장품,0.12,225430,케이엠제약 *,테마 편입 사유,517.0,보합0,0.0,0.0,0.0,0.0,0.0,0.0,,,0.142937,0.05424897999999999,"6,417.93",29.46,0.46,2026-04-22 15:50:46
110,화장품,0.12,451250,삐아 *,테마 편입 사유,8750.0,보합0,0.0,8700.0,8750.0,14353.0,124.0,20176.0,,,0.142937,0.05424897999999999,"6,417.93",29.46,0.46,2026-04-22 15:50:46
110,화장품,0.12,080530,코디 *,테마 편입 사유,815.0,보합0,0.0,0.0,0.0,0.0,0.0,0.0,,,0.142937,0.05424897999999999,"6,417.93",29.46,0.46,2026-04-22 15:50:46
110,화장품,0.12,159910,에코글로우 *,테마 편입 사유,800.0,보합0,0.0,0.0,0.0,0.0,0.0,0.0,,,0.142937,0.05424897999999999,"6,417.93",29.46,0.46,2026-04-22 15:50:46
110,화장품,0.12,219550,디와이디 *,테마 편입 사유,1890.0,보합0,0.0,1889.0,1890.0,149040.0,281.0,144139.0,,,0.142937,0.05424897999999999,"6,417.93",29.46,0.46,2026-04-22 15:50:46
110,화장품,0.12,900270,헝셩그룹 *,테마 편입 사유,1104.0,보합0,0.0,1104.0,1105.0,98873.0,108.0,168167.0,,,0.142937,0.05424897999999999,"6,417.93",29.46,0.46,2026-04-22 15:50:46
110,화장품,0.12,078140,대봉엘에스 *,테마 편입 사유,10460.0,보합0,0.0,10450.0,10460.0,8237.0,86.0,18566.0,,,0.142937,0.05424897999999999,"6,417.93",29.46,0.46,2026-04-22 15:50:46
110,화장품,0.12,420570,제이투케이바이오 *,테마 편입 사유,8320.0,하락  10,-0.12,8220.0,8320.0,19648.0,161.0,39224.0,,,0.142937,0.05424897999999999,"6,417.93",29.46,0.46,2026-04-22 15:50:46
110,화장품,0.12,950140,잉글우드랩 *,테마 편입 사유,11860.0,하락  20,-0.17,11860.0,11880.0,26729.0,315.0,45413.0,,,0.142937,0.05424897999999999,"6,417.93",29.46,0.46,2026-04-22 15:50:46
110,화장품,0.12,200130,콜마비앤에이치 *,테마 편입 사유,11650.0,하락  20,-0.17,11650.0,11690.0,45482.0,528.0,44916.0,,,0.142937,0.05424897999999999,"6,417.93",29.46,0.46,2026-04-22 15:50:46
110,화장품,0.12,051900,LG생활건강,테마 편입 사유,250000.0,하락  500,-0.2,250000.0,250500.0,29854.0,7470.0,37867.0,,,0.142937,0.05424897999999999,"6,417.93",29.46,0.46,2026-04-22 15:50:46
110,화장품,0.12,257720,실리콘투 *,테마 편입 사유,48600.0,하락  100,-0.21,48600.0,48650.0,518296.0,24965.0,955235.0,,,0.142937,0.05424897999999999,"6,417.93",29.46,0.46,2026-04-22 15:50:46
110,화장품,0.12,196300,HLB펩 *,테마 편입 사유,7330.0,하락  20,-0.27,7330.0,7340.0,17764.0,128.0,15034.0,,,0.142937,0.05424897999999999,"6,417.93",29.46,0.46,2026-04-22 15:50:46
110,화장품,0.12,388610,지에프씨생명과학 *,테마 편입 사유,10420.0,하락  30,-0.29,10400.0,10420.0,21617.0,221.0,53896.0,,,0.142937,0.05424897999999999,"6,417.93",29.46,0.46,2026-04-22 15:50:46
110,화장품,0.12,027050,코리아나 *,테마 편입 사유,1872.0,하락  7,-0.37,1869.0,1872.0,83733.0,156.0,103492.0,,,0.142937,0.05424897999999999,"6,417.93",29.46,0.46,2026-04-22 15:50:46
110,화장품,0.12,252500,세화피앤씨 *,테마 편입 사유,810.0,하락  3,-0.37,809.0,810.0,65556.0,53.0,165022.0,,,0.142937,0.05424897999999999,"6,417.93",29.46,0.46,2026-04-22 15:50:46
110,화장품,0.12,214420,토니모리,테마 편입 사유,7230.0,하락  30,-0.41,7230.0,7240.0,88678.0,638.0,127919.0,,,0.142937,0.05424897999999999,"6,417.93",29.46,0.46,2026-04-22 15:50:46
110,화장품,0.12,090370,메타랩스,테마 편입 사유,1472.0,하락  6,-0.41,1472.0,1473.0,44564.0,65.0,37190.0,,,0.142937,0.05424897999999999,"6,417.93",29.46,0.46,2026-04-22 15:50:46
110,화장품,0.12,251970,펌텍코리아 *,테마 편입 사유,43150.0,하락  200,-0.46,43150.0,43200.0,27483.0,1188.0,29612.0,,,0.142937,0.05424897999999999,"6,417.93",29.46,0.46,2026-04-22 15:50:46
110,화장품,0.12,078520,에이블씨엔씨,테마 편입 사유,13310.0,하락  70,-0.52,13310.0,13360.0,117271.0,1573.0,180753.0,,,0.142937,0.05424897999999999,"6,417.93",29.46,0.46,2026-04-22 15:50:46
110,화장품,0.12,052260,현대바이오랜드 *,테마 편입 사유,4305.0,하락  25,-0.58,4305.0,4320.0,37396.0,162.0,61412.0,,,0.142937,0.05424897999999999,"6,417.93",29.46,0.46,2026-04-22 15:50:46
110,화장품,0.12,086710,선진뷰티사이언스 *,테마 편입 사유,10130.0,하락  60,-0.59,10130.0,10140.0,37887.0,382.0,60935.0,,,0.142937,0.05424897999999999,"6,417.93",29.46,0.46,2026-04-22 15:50:46
110,화장품,0.12,227610,아우딘퓨쳐스 *,테마 편입 사유,721.0,하락  5,-0.69,720.0,721.0,33695.0,24.0,58004.0,,,0.142937,0.05424897999999999,"6,417.93",29.46,0.46,2026-04-22 15:50:46
110,화장품,0.12,021240,코웨이,테마 편입 사유,80800.0,하락  600,-0.74,80800.0,80900.0,274247.0,22114.0,645573.0,,,0.142937,0.05424897999999999,"6,417.93",29.46,0.46,2026-04-22 15:50:46
110,화장품,0.12,226320,잇츠한불,테마 편입 사유,10450.0,하락  80,-0.76,10450.0,10530.0,17671.0,184.0,12013.0,,,0.142937,0.05424897999999999,"6,417.93",29.46,0.46,2026-04-22 15:50:46
110,화장품,0.12,168330,내츄럴엔도텍 *,테마 편입 사유,2600.0,하락  20,-0.76,2600.0,2605.0,21556.0,56.0,54714.0,,,0.142937,0.05424897999999999,"6,417.93",29.46,0.46,2026-04-22 15:50:46
110,화장품,0.12,002720,국제약품,테마 편입 사유,4775.0,하락  40,-0.83,4775.0,4780.0,130589.0,625.0,267591.0,,,0.142937,0.05424897999999999,"6,417.93",29.46,0.46,2026-04-22 15:50:46
110,화장품,0.12,053980,오상자이엘 *,테마 편입 사유,3265.0,하락  30,-0.91,3265.0,3270.0,90740.0,297.0,102368.0,,,0.142937,0.05424897999999999,"6,417.93",29.46,0.46,2026-04-22 15:50:46
110,화장품,0.12,002840,미원상사,테마 편입 사유,139600.0,"하락  1,300",-0.92,139500.0,139600.0,4184.0,582.0,3039.0,,,0.142937,0.05424897999999999,"6,417.93",29.46,0.46,2026-04-22 15:50:46
110,화장품,0.12,214260,라파스 *,테마 편입 사유,9600.0,하락  90,-0.93,9590.0,9600.0,34110.0,325.0,31409.0,,,0.142937,0.05424897999999999,"6,417.93",29.46,0.46,2026-04-22 15:50:46
110,화장품,0.12,318160,셀바이오휴먼텍 *,테마 편입 사유,7490.0,하락  70,-0.93,7460.0,7490.0,12502.0,94.0,34107.0,,,0.142937,0.05424897999999999,"6,417.93",29.46,0.46,2026-04-22 15:50:46
110,화장품,0.12,024720,콜마홀딩스,테마 편입 사유,9400.0,하락  90,-0.95,9390.0,9400.0,25970.0,244.0,52299.0,,,0.142937,0.05424897999999999,"6,417.93",29.46,0.46,2026-04-22 15:50:46
110,화장품,0.12,192440,슈피겐코리아 *,테마 편입 사유,27800.0,하락  300,-1.07,27700.0,27800.0,6565.0,183.0,18573.0,,,0.142937,0.05424897999999999,"6,417.93",29.46,0.46,2026-04-22 15:50:46
110,화장품,0.12,217730,강스템바이오텍 *,테마 편입 사유,4165.0,하락  45,-1.07,4150.0,4165.0,990753.0,4101.0,1689800.0,,,0.142937,0.05424897999999999,"6,417.93",29.46,0.46,2026-04-22 15:50:46
110,화장품,0.12,032860,더라미 *,테마 편입 사유,1304.0,하락  15,-1.14,1304.0,1307.0,66212.0,87.0,74000.0,,,0.142937,0.05424897999999999,"6,417.93",29.46,0.46,2026-04-22 15:50:46
110,화장품,0.12,025620,차AI헬스케어,테마 편입 사유,8950.0,하락  110,-1.21,8940.0,8950.0,27498.0,245.0,31384.0,,,0.142937,0.05424897999999999,"6,417.93",29.46,0.46,2026-04-22 15:50:46
110,화장품,0.12,263920,휴엠앤씨 *,테마 편입 사유,3990.0,하락  50,-1.24,3990.0,4030.0,8837.0,36.0,12997.0,,,0.142937,0.05424897999999999,"6,417.93",29.46,0.46,2026-04-22 15:50:46
110,화장품,0.12,006620,동구바이오제약 *,테마 편입 사유,5180.0,하락  70,-1.33,5180.0,5200.0,110923.0,575.0,116521.0,,,0.142937,0.05424897999999999,"6,417.93",29.46,0.46,2026-04-22 15:50:46
110,화장품,0.12,083660,CSA 코스믹 *,테마 편입 사유,257.0,하락  4,-1.53,257.0,258.0,258372.0,67.0,385254.0,,,0.142937,0.05424897999999999,"6,417.93",29.46,0.46,2026-04-22 15:50:46
110,화장품,0.12,489460,바이오비쥬 *,테마 편입 사유,8370.0,하락  140,-1.65,8370.0,8380.0,32512.0,272.0,51643.0,,,0.142937,0.05424897999999999,"6,417.93",29.46,0.46,2026-04-22 15:50:46
110,화장품,0.12,003580,HLB글로벌,테마 편입 사유,2275.0,하락  40,-1.73,2275.0,2280.0,188831.0,427.0,126951.0,,,0.142937,0.05424897999999999,"6,417.93",29.46,0.46,2026-04-22 15:50:46
110,화장품,0.12,226340,본느 *,테마 편입 사유,624.0,하락  12,-1.89,624.0,629.0,239323.0,151.0,391727.0,,,0.142937,0.05424897999999999,"6,417.93",29.46,0.46,2026-04-22 15:50:46
110,화장품,0.12,0015N0,아로마티카 *,테마 편입 사유,9300.0,하락  180,-1.9,9300.0,9330.0,124163.0,1158.0,115602.0,,,0.142937,0.05424897999999999,"6,417.93",29.46,0.46,2026-04-22 15:50:46
110,화장품,0.12,290650,엘앤씨바이오 *,테마 편입 사유,67300.0,"하락  1,400",-2.04,67300.0,67400.0,174617.0,11699.0,187928.0,,,0.142937,0.05424897999999999,"6,417.93",29.46,0.46,2026-04-22 15:50:46
110,화장품,0.12,406820,뷰티스킨 *,테마 편입 사유,1987.0,하락  48,-2.36,1987.0,1997.0,79686.0,158.0,55767.0,,,0.142937,0.05424897999999999,"6,417.93",29.46,0.46,2026-04-22 15:50:46
110,화장품,0.12,137940,넥스트아이 *,테마 편입 사유,245.0,하락  6,-2.39,244.0,245.0,869896.0,212.0,769235.0,,,0.142937,0.05424897999999999,"6,417.93",29.46,0.46,2026-04-22 15:50:46
110,화장품,0.12,114840,아이패밀리에스씨 *,테마 편입 사유,10400.0,하락  270,-2.53,10390.0,10400.0,158428.0,1641.0,199998.0,,,0.142937,0.05424897999999999,"6,417.93",29.46,0.46,2026-04-22 15:50:46
110,화장품,0.12,005690,파미셀,테마 편입 사유,17770.0,하락  470,-2.58,17770.0,17780.0,976106.0,17348.0,1136006.0,,,0.142937,0.05424897999999999,"6,417.93",29.46,0.46,2026-04-22 15:50:46
110,화장품,0.12,471820,셀로맥스사이언스 *,테마 편입 사유,5240.0,하락  140,-2.6,5240.0,5270.0,19000.0,100.0,49626.0,,,0.142937,0.05424897999999999,"6,417.93",29.46,0.46,2026-04-22 15:50:46
110,화장품,0.12,460870,에스엠씨지 *,테마 편입 사유,3610.0,하락  110,-2.96,3610.0,3620.0,170390.0,614.0,1061526.0,,,0.142937,0.05424897999999999,"6,417.93",29.46,0.46,2026-04-22 15:50:46
110,화장품,0.12,123330,제닉 *,테마 편입 사유,29150.0,하락  950,-3.16,29150.0,29200.0,227283.0,6491.0,198416.0,,,0.142937,0.05424897999999999,"6,417.93",29.46,0.46,2026-04-22 15:50:46
110,화장품,0.12,019660,글로본 *,테마 편입 사유,2345.0,하락  105,-4.29,2345.0,2375.0,14947.0,36.0,43994.0,,,0.142937,0.05424897999999999,"6,417.93",29.46,0.46,2026-04-22 15:50:46
398,DMZ 평화공원,0.18,010820,퍼스텍,테마 편입 사유,16360.0,"상승  1,950",13.53,16360.0,16370.0,25965016.0,437290.0,6863490.0,,,0.302546,0.040828840000000005,"6,417.93",29.46,0.46,2026-04-22 15:50:46
398,DMZ 평화공원,0.18,043910,자연과환경 *,테마 편입 사유,501.0,상승  12,2.45,500.0,501.0,869923.0,425.0,295267.0,,,0.302546,0.040828840000000005,"6,417.93",29.46,0.46,2026-04-22 15:50:46
398,DMZ 평화공원,0.18,101670,하이드로리튬 *,테마 편입 사유,2190.0,상승  35,1.62,2190.0,2195.0,12620572.0,28921.0,29105173.0,,,0.302546,0.040828840000000005,"6,417.93",29.46,0.46,2026-04-22 15:50:46
398,DMZ 평화공원,0.18,065950,웰크론 *,테마 편입 사유,1650.0,상승  20,1.23,1647.0,1650.0,123738.0,202.0,439672.0,,,0.302546,0.040828840000000005,"6,417.93",29.46,0.46,2026-04-22 15:50:46
398,DMZ 평화공원,0.18,131180,딜리 *,테마 편입 사유,937.0,상승  3,0.32,932.0,937.0,128737.0,121.0,46801.0,,,0.302546,0.040828840000000005,"6,417.93",29.46,0.46,2026-04-22 15:50:46
398,DMZ 평화공원,0.18,033170,시그네틱스 *,테마 편입 사유,913.0,상승  1,0.11,912.0,913.0,583587.0,530.0,872088.0,,,0.302546,0.040828840000000005,"6,417.93",29.46,0.46,2026-04-22 15:50:46
398,DMZ 평화공원,0.18,069140,누리플랜 *,테마 편입 사유,2090.0,보합0,0.0,2090.0,2095.0,96150.0,200.0,103769.0,,,0.302546,0.040828840000000005,"6,417.93",29.46,0.46,2026-04-22 15:50:46
398,DMZ 평화공원,0.18,196700,웹스 *,테마 편입 사유,2120.0,하락  5,-0.24,2120.0,2125.0,72242.0,151.0,85910.0,,,0.302546,0.040828840000000005,"6,417.93",29.46,0.46,2026-04-22 15:50:46
398,DMZ 평화공원,0.18,020710,시공테크 *,테마 편입 사유,5190.0,하락  20,-0.38,5180.0,5190.0,633439.0,3314.0,2022590.0,,,0.302546,0.040828840000000005,"6,417.93",29.46,0.46,2026-04-22 15:50:46
398,DMZ 평화공원,0.18,071950,코아스,테마 편입 사유,1605.0,하락  10,-0.62,1605.0,1608.0,79386.0,127.0,141537.0,,,0.302546,0.040828840000000005,"6,417.93",29.46,0.46,2026-04-22 15:50:46
398,DMZ 평화공원,0.18,006920,모헨즈 *,테마 편입 사유,5240.0,하락  40,-0.76,5240.0,5250.0,163582.0,853.0,520098.0,,,0.302546,0.040828840000000005,"6,417.93",29.46,0.46,2026-04-22 15:50:46
398,DMZ 평화공원,0.18,070960,모나용평,테마 편입 사유,3100.0,하락  25,-0.8,3095.0,3100.0,61554.0,190.0,108473.0,,,0.302546,0.040828840000000005,"6,417.93",29.46,0.46,2026-04-22 15:50:46
398,DMZ 평화공원,0.18,140520,대창스틸 *,테마 편입 사유,2235.0,하락  35,-1.54,2235.0,2245.0,52417.0,117.0,47508.0,,,0.302546,0.040828840000000005,"6,417.93",29.46,0.46,2026-04-22 15:50:46
398,DMZ 평화공원,0.18,005740,크라운해태홀딩스,테마 편입 사유,6920.0,하락  130,-1.84,6920.0,6940.0,19093.0,133.0,20343.0,,,0.302546,0.040828840000000005,"6,417.93",29.46,0.46,2026-04-22 15:50:46
398,DMZ 평화공원,0.18,056080,유진로봇 *,테마 편입 사유,24800.0,하락  500,-1.98,24750.0,24800.0,279734.0,6889.0,296899.0,,,0.302546,0.040828840000000005,"6,417.93",29.46,0.46,2026-04-22 15:50:46
398,DMZ 평화공원,0.18,004920,씨아이테크,테마 편입 사유,1174.0,하락  31,-2.57,1174.0,1178.0,123288.0,146.0,179008.0,,,0.302546,0.040828840000000005,"6,417.93",29.46,0.46,2026-04-22 15:50:46
398,DMZ 평화공원,0.18,007110,일신석재,테마 편입 사유,1680.0,하락  45,-2.61,1680.0,1689.0,327484.0,552.0,413387.0,,,0.302546,0.040828840000000005,"6,417.93",29.46,0.46,2026-04-22 15:50:46
398,DMZ 평화공원,0.18,014970,삼륭물산 *,테마 편입 사유,7540.0,하락  210,-2.71,7540.0,7560.0,168733.0,1298.0,96845.0,,,0.302546,0.040828840000000005,"6,417.93",29.46,0.46,2026-04-22 15:50:46
474,쿠팡(coupang),0.15,006200,한국전자홀딩스,테마 편입 사유,903.0,상승  104,13.02,903.0,910.0,13533044.0,12544.0,909065.0,,,0.261037,0.029922979999999974,"6,417.93",29.46,0.46,2026-04-22 15:50:46
474,쿠팡(coupang),0.15,321820,아티스트컴퍼니 *,테마 편입 사유,5290.0,상승  150,2.92,5270.0,5290.0,67259.0,350.0,200636.0,,,0.261037,0.029922979999999974,"6,417.93",29.46,0.46,2026-04-22 15:50:46
474,쿠팡(coupang),0.15,067170,오텍 *,테마 편입 사유,2610.0,상승  65,2.55,2605.0,2610.0,379347.0,987.0,331804.0,,,0.261037,0.029922979999999974,"6,417.93",29.46,0.46,2026-04-22 15:50:46
474,쿠팡(coupang),0.15,004140,동방,테마 편입 사유,2940.0,상승  65,2.26,2940.0,2945.0,1031956.0,3007.0,839195.0,,,0.261037,0.029922979999999974,"6,417.93",29.46,0.46,2026-04-22 15:50:46
474,쿠팡(coupang),0.15,365550,ESR켄달스퀘어리츠,테마 편입 사유,4600.0,상승  65,1.43,4595.0,4600.0,331059.0,1506.0,378428.0,,,0.261037,0.029922979999999974,"6,417.93",29.46,0.46,2026-04-22 15:50:46
474,쿠팡(coupang),0.15,297570,알로이스 *,테마 편입 사유,1826.0,상승  13,0.72,1826.0,1840.0,114638.0,210.0,172799.0,,,0.261037,0.029922979999999974,"6,417.93",29.46,0.46,2026-04-22 15:50:46
474,쿠팡(coupang),0.15,006890,태경케미컬,테마 편입 사유,8770.0,상승  60,0.69,8770.0,8780.0,162939.0,1434.0,85988.0,,,0.261037,0.029922979999999974,"6,417.93",29.46,0.46,2026-04-22 15:50:46
474,쿠팡(coupang),0.15,218150,미래생명자원 *,테마 편입 사유,3230.0,상승  15,0.47,3225.0,3230.0,292886.0,946.0,378856.0,,,0.261037,0.029922979999999974,"6,417.93",29.46,0.46,2026-04-22 15:50:46
474,쿠팡(coupang),0.15,054300,팬스타엔터프라이즈 *,테마 편입 사유,574.0,보합0,0.0,0.0,0.0,0.0,0.0,0.0,,,0.261037,0.029922979999999974,"6,417.93",29.46,0.46,2026-04-22 15:50:46
474,쿠팡(coupang),0.15,094480,갤럭시아머니트리 *,테마 편입 사유,8900.0,보합0,0.0,8890.0,8900.0,229611.0,2023.0,250472.0,,,0.261037,0.029922979999999974,"6,417.93",29.46,0.46,2026-04-22 15:50:46
474,쿠팡(coupang),0.15,160550,NEW *,테마 편입 사유,1865.0,하락  3,-0.16,1855.0,1865.0,66327.0,122.0,85082.0,,,0.261037,0.029922979999999974,"6,417.93",29.46,0.46,2026-04-22 15:50:46
474,쿠팡(coupang),0.15,086980,쇼박스 *,테마 편입 사유,2950.0,하락  10,-0.34,2945.0,2950.0,213117.0,626.0,342342.0,,,0.261037,0.029922979999999974,"6,417.93",29.46,0.46,2026-04-22 15:50:46
474,쿠팡(coupang),0.15,236810,엔비티 *,테마 편입 사유,2020.0,하락  10,-0.49,1999.0,2020.0,24602.0,49.0,42486.0,,,0.261037,0.029922979999999974,"6,417.93",29.46,0.46,2026-04-22 15:50:46
474,쿠팡(coupang),0.15,004410,서울식품,테마 편입 사유,162.0,하락  1,-0.61,162.0,163.0,7709237.0,1242.0,15242487.0,,,0.261037,0.029922979999999974,"6,417.93",29.46,0.46,2026-04-22 15:50:46
474,쿠팡(coupang),0.15,189980,흥국에프엔비 *,테마 편입 사유,1626.0,하락  14,-0.85,1626.0,1627.0,140302.0,227.0,162355.0,,,0.261037,0.029922979999999974,"6,417.93",29.46,0.46,2026-04-22 15:50:46
474,쿠팡(coupang),0.15,289010,아이스크림에듀 *,테마 편입 사유,1604.0,하락  17,-1.05,1603.0,1604.0,34019.0,55.0,36750.0,,,0.261037,0.029922979999999974,"6,417.93",29.46,0.46,2026-04-22 15:50:46
474,쿠팡(coupang),0.15,009070,KCTC,테마 편입 사유,6120.0,하락  90,-1.45,6110.0,6120.0,177386.0,1085.0,138592.0,,,0.261037,0.029922979999999974,"6,417.93",29.46,0.46,2026-04-22 15:50:46
474,쿠팡(coupang),0.15,092200,디아이씨,테마 편입 사유,7570.0,하락  130,-1.69,7560.0,7570.0,332655.0,2510.0,328567.0,,,0.261037,0.029922979999999974,"6,417.93",29.46,0.46,2026-04-22 15:50:46
474,쿠팡(coupang),0.15,064260,다날 *,테마 편입 사유,7740.0,하락  140,-1.78,7740.0,7750.0,2231567.0,17076.0,2213166.0,,,0.261037,0.029922979999999974,"6,417.93",29.46,0.46,2026-04-22 15:50:46
474,쿠팡(coupang),0.15,234340,헥토파이낸셜 *,테마 편입 사유,30350.0,"하락  1,450",-4.56,30350.0,30400.0,902274.0,27156.0,660420.0,,,0.261037,0.029922979999999974,"6,417.93",29.46,0.46,2026-04-22 15:50:46
474,쿠팡(coupang),0.15,025770,한국정보통신 *,테마 편입 사유,12560.0,"하락  1,070",-7.85,12550.0,12560.0,1342636.0,17016.0,4937992.0,,,0.261037,0.029922979999999974,"6,417.93",29.46,0.46,2026-04-22 15:50:46
326,3D 프린터,0.18,039440,에스티아이 *,테마 편입 사유,36400.0,"상승  2,400",7.06,36350.0,36400.0,457005.0,16105.0,270164.0,,,0.358761,0.014969939999999987,"6,417.93",29.46,0.46,2026-04-22 15:50:46
326,3D 프린터,0.18,126700,하이비젼시스템 *,테마 편입 사유,19310.0,상승  950,5.17,19310.0,19320.0,207663.0,3918.0,161285.0,,,0.358761,0.014969939999999987,"6,417.93",29.46,0.46,2026-04-22 15:50:46
326,3D 프린터,0.18,033200,모아텍 *,테마 편입 사유,3965.0,상승  15,0.38,3960.0,3965.0,29673.0,117.0,27226.0,,,0.358761,0.014969939999999987,"6,417.93",29.46,0.46,2026-04-22 15:50:46
326,3D 프린터,0.18,090360,로보스타 *,테마 편입 사유,64900.0,보합0,0.0,64800.0,64900.0,31961.0,2044.0,35696.0,,,0.358761,0.014969939999999987,"6,417.93",29.46,0.46,2026-04-22 15:50:46
326,3D 프린터,0.18,104540,코렌텍 *,테마 편입 사유,5630.0,하락  50,-0.88,5620.0,5630.0,60982.0,343.0,45393.0,,,0.358761,0.014969939999999987,"6,417.93",29.46,0.46,2026-04-22 15:50:46
326,3D 프린터,0.18,090710,휴림로봇 *,테마 편입 사유,11120.0,하락  120,-1.07,11110.0,11120.0,3327132.0,36583.0,3243427.0,,,0.358761,0.014969939999999987,"6,417.93",29.46,0.46,2026-04-22 15:50:46
326,3D 프린터,0.18,099440,스맥 *,테마 편입 사유,4340.0,하락  50,-1.14,4335.0,4340.0,841686.0,3614.0,653751.0,,,0.358761,0.014969939999999987,"6,417.93",29.46,0.46,2026-04-22 15:50:46
326,3D 프린터,0.18,048770,TPC로보틱스 *,테마 편입 사유,3505.0,하락  50,-1.41,3500.0,3505.0,184756.0,642.0,174655.0,,,0.358761,0.014969939999999987,"6,417.93",29.46,0.46,2026-04-22 15:50:46
326,3D 프린터,0.18,474650,링크솔루션 *,테마 편입 사유,58700.0,하락  900,-1.51,58700.0,59000.0,62088.0,3613.0,80116.0,,,0.358761,0.014969939999999987,"6,417.93",29.46,0.46,2026-04-22 15:50:46
326,3D 프린터,0.18,376900,로킷헬스케어 *,테마 편입 사유,90900.0,"하락  1,400",-1.52,90800.0,90900.0,232577.0,20944.0,430215.0,,,0.358761,0.014969939999999987,"6,417.93",29.46,0.46,2026-04-22 15:50:46
326,3D 프린터,0.18,246710,티앤알바이오팹 *,테마 편입 사유,3090.0,하락  100,-3.13,3090.0,3105.0,306038.0,945.0,295437.0,,,0.358761,0.014969939999999987,"6,417.93",29.46,0.46,2026-04-22 15:50:46
342,핀테크(FinTech),0.23,163730,핑거 *,테마 편입 사유,18070.0,"상한가  4,170",30.0,18070.0,0.0,4246531.0,71498.0,821898.0,,,0.473814,0.012045559999999983,"6,417.93",29.46,0.46,2026-04-22 15:50:46
342,핀테크(FinTech),0.23,052710,아모텍 *,테마 편입 사유,27950.0,"상승  2,750",10.91,27900.0,27950.0,1264381.0,35113.0,599944.0,,,0.473814,0.012045559999999983,"6,417.93",29.46,0.46,2026-04-22 15:50:46
342,핀테크(FinTech),0.23,232830,아이티센피엔에스 *,테마 편입 사유,4150.0,상승  250,6.41,4140.0,4150.0,523155.0,2128.0,407427.0,,,0.473814,0.012045559999999983,"6,417.93",29.46,0.46,2026-04-22 15:50:46
342,핀테크(FinTech),0.23,081580,성우전자 *,테마 편입 사유,3495.0,상승  120,3.56,3475.0,3495.0,159560.0,556.0,190436.0,,,0.473814,0.012045559999999983,"6,417.93",29.46,0.46,2026-04-22 15:50:46
342,핀테크(FinTech),0.23,047560,이스트소프트 *,테마 편입 사유,15090.0,상승  360,2.44,15070.0,15090.0,69780.0,1042.0,79498.0,,,0.473814,0.012045559999999983,"6,417.93",29.46,0.46,2026-04-22 15:50:46
342,핀테크(FinTech),0.23,053580,웹케시 *,테마 편입 사유,9760.0,상승  200,2.09,9760.0,9770.0,126645.0,1232.0,304592.0,,,0.473814,0.012045559999999983,"6,417.93",29.46,0.46,2026-04-22 15:50:46
342,핀테크(FinTech),0.23,039290,인포뱅크 *,테마 편입 사유,5080.0,상승  90,1.8,5070.0,5080.0,25359.0,127.0,22880.0,,,0.473814,0.012045559999999983,"6,417.93",29.46,0.46,2026-04-22 15:50:46
342,핀테크(FinTech),0.23,408470,한패스 *,테마 편입 사유,16260.0,상승  120,0.74,16260.0,16270.0,212196.0,3468.0,171707.0,,,0.473814,0.012045559999999983,"6,417.93",29.46,0.46,2026-04-22 15:50:46
342,핀테크(FinTech),0.23,054920,한컴위드 *,테마 편입 사유,6510.0,상승  10,0.15,6510.0,6550.0,867430.0,5596.0,1747002.0,,,0.473814,0.012045559999999983,"6,417.93",29.46,0.46,2026-04-22 15:50:46
342,핀테크(FinTech),0.23,035420,NAVER,테마 편입 사유,214000.0,보합0,0.0,214000.0,214500.0,364648.0,77973.0,545889.0,,,0.473814,0.012045559999999983,"6,417.93",29.46,0.46,2026-04-22 15:50:46
342,핀테크(FinTech),0.23,094480,갤럭시아머니트리 *,테마 편입 사유,8900.0,보합0,0.0,8890.0,8900.0,229611.0,2023.0,250472.0,,,0.473814,0.012045559999999983,"6,417.93",29.46,0.46,2026-04-22 15:50:46
342,핀테크(FinTech),0.23,079940,가비아 *,테마 편입 사유,30350.0,하락  50,-0.16,30350.0,30400.0,14665.0,443.0,51389.0,,,0.473814,0.012045559999999983,"6,417.93",29.46,0.46,2026-04-22 15:50:46
342,핀테크(FinTech),0.23,377300,카카오페이,테마 편입 사유,56800.0,하락  200,-0.35,56800.0,56900.0,248984.0,13963.0,226277.0,,,0.473814,0.012045559999999983,"6,417.93",29.46,0.46,2026-04-22 15:50:46
342,핀테크(FinTech),0.23,046440,KG파이낸셜 *,테마 편입 사유,5310.0,하락  30,-0.56,5300.0,5310.0,73202.0,386.0,102732.0,,,0.473814,0.012045559999999983,"6,417.93",29.46,0.46,2026-04-22 15:50:46
342,핀테크(FinTech),0.23,035720,카카오,테마 편입 사유,48450.0,하락  500,-1.02,48450.0,48500.0,1131917.0,54735.0,1316511.0,,,0.473814,0.012045559999999983,"6,417.93",29.46,0.46,2026-04-22 15:50:46
342,핀테크(FinTech),0.23,034730,SK,테마 편입 사유,381500.0,"하락  5,000",-1.29,381500.0,382000.0,116647.0,44174.0,138852.0,,,0.473814,0.012045559999999983,"6,417.93",29.46,0.46,2026-04-22 15:50:46
342,핀테크(FinTech),0.23,064480,브리지텍 *,테마 편입 사유,4490.0,하락  60,-1.32,4485.0,4490.0,44160.0,198.0,69495.0,,,0.473814,0.012045559999999983,"6,417.93",29.46,0.46,2026-04-22 15:50:46
342,핀테크(FinTech),0.23,214180,헥토이노베이션 *,테마 편입 사유,19330.0,하락  260,-1.33,19290.0,19330.0,115444.0,2218.0,120965.0,,,0.473814,0.012045559999999983,"6,417.93",29.46,0.46,2026-04-22 15:50:46
342,핀테크(FinTech),0.23,131090,시큐브 *,테마 편입 사유,4225.0,하락  60,-1.4,4205.0,4225.0,107250.0,447.0,161470.0,,,0.473814,0.012045559999999983,"6,417.93",29.46,0.46,2026-04-22 15:50:46
342,핀테크(FinTech),0.23,030200,KT,테마 편입 사유,61800.0,하락  900,-1.44,61800.0,62000.0,244783.0,15146.0,940085.0,,,0.473814,0.012045559999999983,"6,417.93",29.46,0.46,2026-04-22 15:50:46
342,핀테크(FinTech),0.23,052400,코나아이 *,테마 편입 사유,61200.0,"하락  1,000",-1.61,61100.0,61200.0,179685.0,10883.0,185237.0,,,0.473814,0.012045559999999983,"6,417.93",29.46,0.46,2026-04-22 15:50:46
342,핀테크(FinTech),0.23,053300,한국정보인증 *,테마 편입 사유,6650.0,하락  110,-1.63,6640.0,6650.0,442360.0,2917.0,609795.0,,,0.473814,0.012045559999999983,"6,417.93",29.46,0.46,2026-04-22 15:50:46
342,핀테크(FinTech),0.23,064260,다날 *,테마 편입 사유,7740.0,하락  140,-1.78,7740.0,7750.0,2231567.0,17076.0,2213166.0,,,0.473814,0.012045559999999983,"6,417.93",29.46,0.46,2026-04-22 15:50:46
342,핀테크(FinTech),0.23,158430,아톤 *,테마 편입 사유,9180.0,하락  170,-1.82,9180.0,9190.0,1328112.0,11831.0,1978982.0,,,0.473814,0.012045559999999983,"6,417.93",29.46,0.46,2026-04-22 15:50:46
342,핀테크(FinTech),0.23,041460,한국전자인증 *,테마 편입 사유,4310.0,하락  80,-1.82,4305.0,4310.0,199140.0,858.0,370703.0,,,0.473814,0.012045559999999983,"6,417.93",29.46,0.46,2026-04-22 15:50:46
342,핀테크(FinTech),0.23,067920,이글루 *,테마 편입 사유,6910.0,하락  130,-1.85,6910.0,6920.0,103029.0,706.0,134410.0,,,0.473814,0.012045559999999983,"6,417.93",29.46,0.46,2026-04-22 15:50:46
342,핀테크(FinTech),0.23,035600,KG이니시스 *,테마 편입 사유,11370.0,하락  220,-1.9,11360.0,11370.0,90642.0,1029.0,95225.0,,,0.473814,0.012045559999999983,"6,417.93",29.46,0.46,2026-04-22 15:50:46
342,핀테크(FinTech),0.23,060250,NHN KCP *,테마 편입 사유,20100.0,하락  500,-2.43,20100.0,20150.0,596224.0,11890.0,603519.0,,,0.473814,0.012045559999999983,"6,417.93",29.46,0.46,2026-04-22 15:50:46
342,핀테크(FinTech),0.23,053350,이니텍 *,테마 편입 사유,3415.0,하락  100,-2.84,3415.0,3420.0,166246.0,567.0,417582.0,,,0.473814,0.012045559999999983,"6,417.93",29.46,0.46,2026-04-22 15:50:46
342,핀테크(FinTech),0.23,042510,라온시큐어 *,테마 편입 사유,13190.0,하락  430,-3.16,13190.0,13200.0,967184.0,12791.0,2068547.0,,,0.473814,0.012045559999999983,"6,417.93",29.46,0.46,2026-04-22 15:50:46
342,핀테크(FinTech),0.23,234340,헥토파이낸셜 *,테마 편입 사유,30350.0,"하락  1,450",-4.56,30350.0,30400.0,902274.0,27156.0,660420.0,,,0.473814,0.012045559999999983,"6,417.93",29.46,0.46,2026-04-22 15:50:46
342,핀테크(FinTech),0.23,025770,한국정보통신 *,테마 편입 사유,12560.0,"하락  1,070",-7.85,12550.0,12560.0,1342636.0,17016.0,4937992.0,,,0.473814,0.012045559999999983,"6,417.93",29.46,0.46,2026-04-22 15:50:46
342,핀테크(FinTech),0.23,184230,SGA솔루션즈 *,테마 편입 사유,1068.0,하락  100,-8.56,1068.0,1069.0,23841100.0,26948.0,73492948.0,,,0.473814,0.012045559999999983,"6,417.93",29.46,0.46,2026-04-22 15:50:46
