theme_no,테마명,테마등락률,종목코드,종목명,종목명.1,현재가,전일비,등락률,매수호가,매도호가,거래량,거래대금,전일거래량,토론,Unnamed: 11,Beta,베타조정수익률,코스피지수,코스피등락,코스피등락률,코스피조회시간
210,자전거,-9.04,065450,빅텍 *,테마 편입 사유,4875.0,하락  415,-7.84,4875.0,4880.0,3496201.0,17136.0,2753339.0,,,0.192109,-10.35978883,"5,872.34",377.56,6.87,2026-04-08 16:01:24
210,자전거,-9.04,123750,알톤 *,테마 편입 사유,2280.0,하락  260,-10.24,2280.0,2300.0,482322.0,1118.0,276779.0,,,0.192109,-10.35978883,"5,872.34",377.56,6.87,2026-04-08 16:01:24
581,탈 플라스틱(친환경/생분해성 등),-6.59,092200,디아이씨,테마 편입 사유,8360.0,상승  460,5.82,8350.0,8360.0,273637.0,2255.0,205239.0,,,0.207469,-8.01531203,"5,872.34",377.56,6.87,2026-04-08 16:01:24
581,탈 플라스틱(친환경/생분해성 등),-6.59,260930,씨티케이 *,테마 편입 사유,3830.0,상승  15,0.39,3830.0,3880.0,135434.0,523.0,326489.0,,,0.207469,-8.01531203,"5,872.34",377.56,6.87,2026-04-08 16:01:24
581,탈 플라스틱(친환경/생분해성 등),-6.59,138490,코오롱ENP,테마 편입 사유,15000.0,보합0,0.0,0.0,0.0,0.0,0.0,0.0,,,0.207469,-8.01531203,"5,872.34",377.56,6.87,2026-04-08 16:01:24
581,탈 플라스틱(친환경/생분해성 등),-6.59,272550,삼양패키징,테마 편입 사유,11500.0,보합0,0.0,11490.0,11500.0,184686.0,2112.0,434796.0,,,0.207469,-8.01531203,"5,872.34",377.56,6.87,2026-04-08 16:01:24
581,탈 플라스틱(친환경/생분해성 등),-6.59,014970,삼륭물산 *,테마 편입 사유,7580.0,하락  340,-4.29,7580.0,7600.0,506546.0,3776.0,1004733.0,,,0.207469,-8.01531203,"5,872.34",377.56,6.87,2026-04-08 16:01:24
581,탈 플라스틱(친환경/생분해성 등),-6.59,037230,한국팩키지 *,테마 편입 사유,2195.0,하락  275,-11.13,2195.0,2200.0,1853223.0,4177.0,8426533.0,,,0.207469,-8.01531203,"5,872.34",377.56,6.87,2026-04-08 16:01:24
581,탈 플라스틱(친환경/생분해성 등),-6.59,038110,에코플라스틱 *,테마 편입 사유,3510.0,하락  490,-12.25,3510.0,3525.0,7133235.0,25739.0,21456078.0,,,0.207469,-8.01531203,"5,872.34",377.56,6.87,2026-04-08 16:01:24
581,탈 플라스틱(친환경/생분해성 등),-6.59,285800,진영 *,테마 편입 사유,1964.0,하락  446,-18.51,1964.0,1969.0,4014009.0,8514.0,27657682.0,,,0.207469,-8.01531203,"5,872.34",377.56,6.87,2026-04-08 16:01:24
581,탈 플라스틱(친환경/생분해성 등),-6.59,340440,세림B&G *,테마 편입 사유,1924.0,하락  461,-19.33,1924.0,1925.0,8657021.0,17633.0,54000127.0,,,0.207469,-8.01531203,"5,872.34",377.56,6.87,2026-04-08 16:01:24
177,LPG(액화석유가스),-3.78,128820,대성산업,테마 편입 사유,6990.0,상승  530,8.2,6980.0,6990.0,586777.0,4045.0,220372.0,,,0.490787,-7.151706689999999,"5,872.34",377.56,6.87,2026-04-08 16:01:24
177,LPG(액화석유가스),-3.78,078930,GS,테마 편입 사유,68600.0,"상승  4,000",6.19,68500.0,68600.0,291249.0,19786.0,147096.0,,,0.490787,-7.151706689999999,"5,872.34",377.56,6.87,2026-04-08 16:01:24
177,LPG(액화석유가스),-3.78,017940,E1,테마 편입 사유,96700.0,상승  900,0.94,96700.0,96800.0,19791.0,1898.0,11563.0,,,0.490787,-7.151706689999999,"5,872.34",377.56,6.87,2026-04-08 16:01:24
177,LPG(액화석유가스),-3.78,096770,SK이노베이션,테마 편입 사유,120400.0,"하락  1,400",-1.15,120300.0,120400.0,807415.0,96313.0,690065.0,,,0.490787,-7.151706689999999,"5,872.34",377.56,6.87,2026-04-08 16:01:24
177,LPG(액화석유가스),-3.78,010950,S-Oil,테마 편입 사유,112100.0,"하락  2,700",-2.35,112100.0,112200.0,618205.0,69764.0,497660.0,,,0.490787,-7.151706689999999,"5,872.34",377.56,6.87,2026-04-08 16:01:24
177,LPG(액화석유가스),-3.78,014530,극동유화,테마 편입 사유,3765.0,하락  190,-4.8,3765.0,3790.0,1085696.0,4084.0,1125013.0,,,0.490787,-7.151706689999999,"5,872.34",377.56,6.87,2026-04-08 16:01:24
177,LPG(액화석유가스),-3.78,018670,SK가스,테마 편입 사유,243000.0,"하락  15,000",-5.81,242500.0,243000.0,59412.0,14418.0,36099.0,,,0.490787,-7.151706689999999,"5,872.34",377.56,6.87,2026-04-08 16:01:24
177,LPG(액화석유가스),-3.78,024060,흥구석유 *,테마 편입 사유,18840.0,"하락  4,010",-17.55,18840.0,18850.0,8331410.0,159118.0,24461584.0,,,0.490787,-7.151706689999999,"5,872.34",377.56,6.87,2026-04-08 16:01:24
177,LPG(액화석유가스),-3.78,000440,중앙에너비스 *,테마 편입 사유,19970.0,"하락  4,280",-17.65,19970.0,19980.0,602800.0,12248.0,1059212.0,,,0.490787,-7.151706689999999,"5,872.34",377.56,6.87,2026-04-08 16:01:24
449,2차전지(생산),0.51,006400,삼성SDI,테마 편입 사유,471500.0,"상승  15,000",3.29,471000.0,471500.0,821542.0,382075.0,759485.0,,,0.950035,-6.01674045,"5,872.34",377.56,6.87,2026-04-08 16:01:24
449,2차전지(생산),0.51,373220,LG에너지솔루션,테마 편입 사유,406000.0,"하락  2,500",-0.61,405500.0,406000.0,521932.0,211682.0,311134.0,,,0.950035,-6.01674045,"5,872.34",377.56,6.87,2026-04-08 16:01:24
449,2차전지(생산),0.51,096770,SK이노베이션,테마 편입 사유,120400.0,"하락  1,400",-1.15,120300.0,120400.0,807415.0,96313.0,690065.0,,,0.950035,-6.01674045,"5,872.34",377.56,6.87,2026-04-08 16:01:24
527,윤활유,-2.96,078930,GS,테마 편입 사유,68600.0,"상승  4,000",6.19,68500.0,68600.0,291249.0,19786.0,147096.0,,,0.390276,-5.64119612,"5,872.34",377.56,6.87,2026-04-08 16:01:24
527,윤활유,-2.96,003650,미창석유,테마 편입 사유,118600.0,"상승  2,000",1.72,117200.0,118600.0,2140.0,250.0,2113.0,,,0.390276,-5.64119612,"5,872.34",377.56,6.87,2026-04-08 16:01:24
527,윤활유,-2.96,096770,SK이노베이션,테마 편입 사유,120400.0,"하락  1,400",-1.15,120300.0,120400.0,807415.0,96313.0,690065.0,,,0.390276,-5.64119612,"5,872.34",377.56,6.87,2026-04-08 16:01:24
527,윤활유,-2.96,010950,S-Oil,테마 편입 사유,112100.0,"하락  2,700",-2.35,112100.0,112200.0,618205.0,69764.0,497660.0,,,0.390276,-5.64119612,"5,872.34",377.56,6.87,2026-04-08 16:01:24
527,윤활유,-2.96,002960,한국쉘석유,테마 편입 사유,479000.0,"하락  13,500",-2.74,479000.0,479500.0,5466.0,2642.0,1799.0,,,0.390276,-5.64119612,"5,872.34",377.56,6.87,2026-04-08 16:01:24
527,윤활유,-2.96,014530,극동유화,테마 편입 사유,3765.0,하락  190,-4.8,3765.0,3790.0,1085696.0,4084.0,1125013.0,,,0.390276,-5.64119612,"5,872.34",377.56,6.87,2026-04-08 16:01:24
527,윤활유,-2.96,024060,흥구석유 *,테마 편입 사유,18840.0,"하락  4,010",-17.55,18840.0,18850.0,8331410.0,159118.0,24461584.0,,,0.390276,-5.64119612,"5,872.34",377.56,6.87,2026-04-08 16:01:24
36,해운,-3.54,005880,대한해운,테마 편입 사유,2355.0,상승  65,2.84,2355.0,2360.0,11857194.0,27658.0,6998307.0,,,0.287513,-5.51521431,"5,872.34",377.56,6.87,2026-04-08 16:01:24
36,해운,-3.54,011200,HMM,테마 편입 사유,20650.0,상승  500,2.48,20650.0,20700.0,1531581.0,31559.0,616400.0,,,0.287513,-5.51521431,"5,872.34",377.56,6.87,2026-04-08 16:01:24
36,해운,-3.54,028670,팬오션,테마 편입 사유,5160.0,상승  20,0.39,5160.0,5170.0,4503039.0,23787.0,2700757.0,,,0.287513,-5.51521431,"5,872.34",377.56,6.87,2026-04-08 16:01:24
36,해운,-3.54,044450,KSS해운,테마 편입 사유,11330.0,하락  90,-0.79,11330.0,11350.0,196299.0,2224.0,185847.0,,,0.287513,-5.51521431,"5,872.34",377.56,6.87,2026-04-08 16:01:24
36,해운,-3.54,465770,STX그린로지스,테마 편입 사유,5940.0,하락  310,-4.96,5940.0,5960.0,416403.0,2489.0,445227.0,,,0.287513,-5.51521431,"5,872.34",377.56,6.87,2026-04-08 16:01:24
36,해운,-3.54,003280,흥아해운,테마 편입 사유,2990.0,하락  805,-21.21,2990.0,2995.0,43883185.0,135879.0,64699317.0,,,0.287513,-5.51521431,"5,872.34",377.56,6.87,2026-04-08 16:01:24
600,주유소,-1.53,128820,대성산업,테마 편입 사유,6990.0,상승  530,8.2,6980.0,6990.0,586777.0,4045.0,220372.0,,,0.5,-4.965,"5,872.34",377.56,6.87,2026-04-08 16:01:24
600,주유소,-1.53,078930,GS,테마 편입 사유,68600.0,"상승  4,000",6.19,68500.0,68600.0,291249.0,19786.0,147096.0,,,0.5,-4.965,"5,872.34",377.56,6.87,2026-04-08 16:01:24
600,주유소,-1.53,267250,HD현대,테마 편입 사유,251000.0,"상승  14,500",6.13,250500.0,251000.0,150429.0,37894.0,114291.0,,,0.5,-4.965,"5,872.34",377.56,6.87,2026-04-08 16:01:24
600,주유소,-1.53,038620,위즈코프 *,테마 편입 사유,482.0,상승  10,2.12,482.0,483.0,661019.0,315.0,493481.0,,,0.5,-4.965,"5,872.34",377.56,6.87,2026-04-08 16:01:24
600,주유소,-1.53,012700,리드코프 *,테마 편입 사유,3680.0,상승  65,1.8,3675.0,3680.0,48624.0,178.0,52292.0,,,0.5,-4.965,"5,872.34",377.56,6.87,2026-04-08 16:01:24
600,주유소,-1.53,357120,코람코라이프인프라리츠,테마 편입 사유,4610.0,상승  40,0.88,4605.0,4610.0,77696.0,357.0,35409.0,,,0.5,-4.965,"5,872.34",377.56,6.87,2026-04-08 16:01:24
600,주유소,-1.53,002420,세기상사,테마 편입 사유,5060.0,상승  10,0.2,5050.0,5060.0,43024.0,215.0,50241.0,,,0.5,-4.965,"5,872.34",377.56,6.87,2026-04-08 16:01:24
600,주유소,-1.53,015890,태경산업,테마 편입 사유,4885.0,보합0,0.0,4885.0,4890.0,46340.0,226.0,122231.0,,,0.5,-4.965,"5,872.34",377.56,6.87,2026-04-08 16:01:24
600,주유소,-1.53,395400,SK리츠,테마 편입 사유,6340.0,하락  10,-0.16,6320.0,6340.0,195874.0,1242.0,204961.0,,,0.5,-4.965,"5,872.34",377.56,6.87,2026-04-08 16:01:24
600,주유소,-1.53,096770,SK이노베이션,테마 편입 사유,120400.0,"하락  1,400",-1.15,120300.0,120400.0,807415.0,96313.0,690065.0,,,0.5,-4.965,"5,872.34",377.56,6.87,2026-04-08 16:01:24
600,주유소,-1.53,010950,S-Oil,테마 편입 사유,112100.0,"하락  2,700",-2.35,112100.0,112200.0,618205.0,69764.0,497660.0,,,0.5,-4.965,"5,872.34",377.56,6.87,2026-04-08 16:01:24
600,주유소,-1.53,014530,극동유화,테마 편입 사유,3765.0,하락  190,-4.8,3765.0,3790.0,1085696.0,4084.0,1125013.0,,,0.5,-4.965,"5,872.34",377.56,6.87,2026-04-08 16:01:24
600,주유소,-1.53,025860,남해화학,테마 편입 사유,7820.0,하락  400,-4.87,7820.0,7830.0,1728265.0,13544.0,1008346.0,,,0.5,-4.965,"5,872.34",377.56,6.87,2026-04-08 16:01:24
600,주유소,-1.53,024060,흥구석유 *,테마 편입 사유,18840.0,"하락  4,010",-17.55,18840.0,18850.0,8331410.0,159118.0,24461584.0,,,0.5,-4.965,"5,872.34",377.56,6.87,2026-04-08 16:01:24
600,주유소,-1.53,000440,중앙에너비스 *,테마 편입 사유,19970.0,"하락  4,280",-17.65,19970.0,19980.0,602800.0,12248.0,1059212.0,,,0.5,-4.965,"5,872.34",377.56,6.87,2026-04-08 16:01:24
598,콩/대두,-0.76,007540,샘표,테마 편입 사유,53400.0,상승  600,1.14,53400.0,53500.0,5767.0,306.0,3396.0,,,0.5,-4.195,"5,872.34",377.56,6.87,2026-04-08 16:01:24
598,콩/대두,-0.76,017810,풀무원,테마 편입 사유,12010.0,상승  110,0.92,12010.0,12020.0,24876.0,298.0,22161.0,,,0.5,-4.195,"5,872.34",377.56,6.87,2026-04-08 16:01:24
598,콩/대두,-0.76,248170,샘표식품,테마 편입 사유,27100.0,상승  50,0.18,27050.0,27100.0,17645.0,479.0,13530.0,,,0.5,-4.195,"5,872.34",377.56,6.87,2026-04-08 16:01:24
598,콩/대두,-0.76,006880,신송홀딩스,테마 편입 사유,7010.0,하락  200,-2.77,7010.0,7030.0,151388.0,1057.0,330000.0,,,0.5,-4.195,"5,872.34",377.56,6.87,2026-04-08 16:01:24
598,콩/대두,-0.76,218150,미래생명자원 *,테마 편입 사유,2965.0,하락  100,-3.26,2965.0,2970.0,446461.0,1325.0,344247.0,,,0.5,-4.195,"5,872.34",377.56,6.87,2026-04-08 16:01:24
185,정유,0.9,078930,GS,테마 편입 사유,68600.0,"상승  4,000",6.19,68500.0,68600.0,291249.0,19786.0,147096.0,,,0.656208,-3.60814896,"5,872.34",377.56,6.87,2026-04-08 16:01:24
185,정유,0.9,096770,SK이노베이션,테마 편입 사유,120400.0,"하락  1,400",-1.15,120300.0,120400.0,807415.0,96313.0,690065.0,,,0.656208,-3.60814896,"5,872.34",377.56,6.87,2026-04-08 16:01:24
185,정유,0.9,010950,S-Oil,테마 편입 사유,112100.0,"하락  2,700",-2.35,112100.0,112200.0,618205.0,69764.0,497660.0,,,0.656208,-3.60814896,"5,872.34",377.56,6.87,2026-04-08 16:01:24
86,"주류업(주정, 에탄올 등)",-2.3,017890,한국알콜 *,테마 편입 사유,11280.0,상승  460,4.25,11240.0,11280.0,434067.0,4788.0,1990293.0,,,0.103404,-3.01038548,"5,872.34",377.56,6.87,2026-04-08 16:01:24
86,"주류업(주정, 에탄올 등)",-2.3,000140,하이트진로홀딩스,테마 편입 사유,9120.0,상승  140,1.56,9120.0,9160.0,18280.0,166.0,6557.0,,,0.103404,-3.01038548,"5,872.34",377.56,6.87,2026-04-08 16:01:24
86,"주류업(주정, 에탄올 등)",-2.3,043650,국순당 *,테마 편입 사유,4125.0,상승  45,1.1,4120.0,4125.0,24158.0,100.0,31089.0,,,0.103404,-3.01038548,"5,872.34",377.56,6.87,2026-04-08 16:01:24
86,"주류업(주정, 에탄올 등)",-2.3,005300,롯데칠성,테마 편입 사유,115200.0,"상승  1,200",1.05,115200.0,115300.0,11937.0,1378.0,9576.0,,,0.103404,-3.01038548,"5,872.34",377.56,6.87,2026-04-08 16:01:24
86,"주류업(주정, 에탄올 등)",-2.3,405920,나라셀라 *,테마 편입 사유,2625.0,상승  20,0.77,2625.0,2640.0,14760.0,39.0,21117.0,,,0.103404,-3.01038548,"5,872.34",377.56,6.87,2026-04-08 16:01:24
86,"주류업(주정, 에탄올 등)",-2.3,000080,하이트진로,테마 편입 사유,16850.0,상승  80,0.48,16850.0,16860.0,133498.0,2254.0,79177.0,,,0.103404,-3.01038548,"5,872.34",377.56,6.87,2026-04-08 16:01:24
86,"주류업(주정, 에탄올 등)",-2.3,033920,무학,테마 편입 사유,8750.0,상승  30,0.34,8740.0,8750.0,49932.0,436.0,50479.0,,,0.103404,-3.01038548,"5,872.34",377.56,6.87,2026-04-08 16:01:24
86,"주류업(주정, 에탄올 등)",-2.3,018120,진로발효 *,테마 편입 사유,18020.0,하락  20,-0.11,17950.0,18020.0,3644.0,65.0,16724.0,,,0.103404,-3.01038548,"5,872.34",377.56,6.87,2026-04-08 16:01:24
86,"주류업(주정, 에탄올 등)",-2.3,000890,보해양조,테마 편입 사유,427.0,하락  1,-0.23,427.0,428.0,596937.0,255.0,990622.0,,,0.103404,-3.01038548,"5,872.34",377.56,6.87,2026-04-08 16:01:24
86,"주류업(주정, 에탄올 등)",-2.3,276730,한울앤제주 *,테마 편입 사유,843.0,하락  27,-3.1,843.0,845.0,562031.0,516.0,437442.0,,,0.103404,-3.01038548,"5,872.34",377.56,6.87,2026-04-08 16:01:24
86,"주류업(주정, 에탄올 등)",-2.3,023900,풍국주정 *,테마 편입 사유,10170.0,하락  970,-8.71,10170.0,10180.0,703501.0,7290.0,6426186.0,,,0.103404,-3.01038548,"5,872.34",377.56,6.87,2026-04-08 16:01:24
86,"주류업(주정, 에탄올 등)",-2.3,004650,창해에탄올 *,테마 편입 사유,10460.0,"하락  1,550",-12.91,10460.0,10470.0,1914821.0,20526.0,16811599.0,,,0.103404,-3.01038548,"5,872.34",377.56,6.87,2026-04-08 16:01:24
86,"주류업(주정, 에탄올 등)",-2.3,023150,MH에탄올,테마 편입 사유,4520.0,하락  760,-14.39,4520.0,4535.0,611887.0,2831.0,5489313.0,,,0.103404,-3.01038548,"5,872.34",377.56,6.87,2026-04-08 16:01:24
559,고체산화물 연료전지(SOFC),3.64,059090,미코 *,테마 편입 사유,14130.0,"상승  1,110",8.53,14130.0,14140.0,390767.0,5482.0,159187.0,,,0.953675,-2.91174725,"5,872.34",377.56,6.87,2026-04-08 16:01:24
559,고체산화물 연료전지(SOFC),3.64,089890,코세스 *,테마 편입 사유,22400.0,"상승  1,700",8.21,22350.0,22400.0,138760.0,3037.0,119069.0,,,0.953675,-2.91174725,"5,872.34",377.56,6.87,2026-04-08 16:01:24
559,고체산화물 연료전지(SOFC),3.64,417200,LS머트리얼즈 *,테마 편입 사유,20350.0,"상승  1,340",7.05,20350.0,20400.0,2069903.0,41547.0,1774508.0,,,0.953675,-2.91174725,"5,872.34",377.56,6.87,2026-04-08 16:01:24
559,고체산화물 연료전지(SOFC),3.64,336260,두산퓨얼셀,테마 편입 사유,36600.0,"상승  2,100",6.09,36550.0,36600.0,382136.0,13677.0,583374.0,,,0.953675,-2.91174725,"5,872.34",377.56,6.87,2026-04-08 16:01:24
559,고체산화물 연료전지(SOFC),3.64,170920,엘티씨 *,테마 편입 사유,29000.0,"상승  1,550",5.65,28750.0,29000.0,224947.0,6608.0,140218.0,,,0.953675,-2.91174725,"5,872.34",377.56,6.87,2026-04-08 16:01:24
559,고체산화물 연료전지(SOFC),3.64,083650,비에이치아이 *,테마 편입 사유,94700.0,"상승  4,900",5.46,94700.0,94800.0,375633.0,35472.0,228318.0,,,0.953675,-2.91174725,"5,872.34",377.56,6.87,2026-04-08 16:01:24
559,고체산화물 연료전지(SOFC),3.64,382900,범한퓨얼셀 *,테마 편입 사유,29000.0,"상승  1,450",5.26,29000.0,29050.0,40883.0,1176.0,33240.0,,,0.953675,-2.91174725,"5,872.34",377.56,6.87,2026-04-08 16:01:24
559,고체산화물 연료전지(SOFC),3.64,452280,한선엔지니어링 *,테마 편입 사유,12960.0,상승  260,2.05,12960.0,12970.0,287279.0,3774.0,373547.0,,,0.953675,-2.91174725,"5,872.34",377.56,6.87,2026-04-08 16:01:24
559,고체산화물 연료전지(SOFC),3.64,282720,금양그린파워 *,테마 편입 사유,15340.0,상승  150,0.99,15340.0,15350.0,365504.0,5559.0,319801.0,,,0.953675,-2.91174725,"5,872.34",377.56,6.87,2026-04-08 16:01:24
559,고체산화물 연료전지(SOFC),3.64,475150,SK이터닉스,테마 편입 사유,57900.0,하락  600,-1.03,57800.0,57900.0,1874679.0,107368.0,2125006.0,,,0.953675,-2.91174725,"5,872.34",377.56,6.87,2026-04-08 16:01:24
559,고체산화물 연료전지(SOFC),3.64,357580,아모센스 *,테마 편입 사유,13670.0,"하락  1,230",-8.26,13650.0,13670.0,866347.0,12096.0,518025.0,,,0.953675,-2.91174725,"5,872.34",377.56,6.87,2026-04-08 16:01:24
170,골판지 제조,-1.99,016100,리더스코스메틱 *,테마 편입 사유,1518.0,상승  61,4.19,1517.0,1518.0,49740.0,71.0,387211.0,,,0.060068,-2.40266716,"5,872.34",377.56,6.87,2026-04-08 16:01:24
170,골판지 제조,-1.99,004150,한솔홀딩스,테마 편입 사유,3260.0,상승  60,1.88,3260.0,3265.0,118468.0,384.0,75612.0,,,0.060068,-2.40266716,"5,872.34",377.56,6.87,2026-04-08 16:01:24
170,골판지 제조,-1.99,023600,삼보판지 *,테마 편입 사유,9770.0,상승  40,0.41,9770.0,9780.0,48878.0,476.0,11590.0,,,0.060068,-2.40266716,"5,872.34",377.56,6.87,2026-04-08 16:01:24
170,골판지 제조,-1.99,017650,대림제지 *,테마 편입 사유,8790.0,상승  20,0.23,8770.0,8790.0,36537.0,319.0,7655.0,,,0.060068,-2.40266716,"5,872.34",377.56,6.87,2026-04-08 16:01:24
170,골판지 제조,-1.99,006740,블루산업개발,테마 편입 사유,554.0,상승  1,0.18,553.0,554.0,230536.0,126.0,288062.0,,,0.060068,-2.40266716,"5,872.34",377.56,6.87,2026-04-08 16:01:24
170,골판지 제조,-1.99,002310,아세아제지,테마 편입 사유,9090.0,하락  140,-1.52,9080.0,9090.0,408594.0,3656.0,225910.0,,,0.060068,-2.40266716,"5,872.34",377.56,6.87,2026-04-08 16:01:24
170,골판지 제조,-1.99,002200,한국수출포장,테마 편입 사유,2795.0,하락  45,-1.58,2795.0,2800.0,219000.0,614.0,227096.0,,,0.060068,-2.40266716,"5,872.34",377.56,6.87,2026-04-08 16:01:24
170,골판지 제조,-1.99,016590,신대양제지,테마 편입 사유,12100.0,하락  700,-5.47,12100.0,12130.0,81811.0,1002.0,62901.0,,,0.060068,-2.40266716,"5,872.34",377.56,6.87,2026-04-08 16:01:24
170,골판지 제조,-1.99,011280,태림포장,테마 편입 사유,1980.0,하락  120,-5.71,1979.0,1980.0,1165627.0,2331.0,3011814.0,,,0.060068,-2.40266716,"5,872.34",377.56,6.87,2026-04-08 16:01:24
170,골판지 제조,-1.99,014160,대영포장,테마 편입 사유,1127.0,하락  161,-12.5,1127.0,1129.0,12811733.0,14921.0,67860800.0,,,0.060068,-2.40266716,"5,872.34",377.56,6.87,2026-04-08 16:01:24
523,리튬,3.02,051910,LG화학,테마 편입 사유,344500.0,"상승  21,000",6.49,344000.0,344500.0,373892.0,127175.0,313215.0,,,0.779965,-2.3383595500000003,"5,872.34",377.56,6.87,2026-04-08 16:01:24
523,리튬,3.02,114190,강원에너지 *,테마 편입 사유,13890.0,상승  760,5.79,13890.0,13900.0,202063.0,2756.0,354017.0,,,0.779965,-2.3383595500000003,"5,872.34",377.56,6.87,2026-04-08 16:01:24
523,리튬,3.02,025560,미래산업,테마 편입 사유,13540.0,상승  740,5.78,13540.0,13550.0,33979.0,457.0,22226.0,,,0.779965,-2.3383595500000003,"5,872.34",377.56,6.87,2026-04-08 16:01:24
523,리튬,3.02,086520,에코프로 *,테마 편입 사유,153100.0,"상승  8,300",5.73,153000.0,153100.0,1297197.0,196681.0,1853180.0,,,0.779965,-2.3383595500000003,"5,872.34",377.56,6.87,2026-04-08 16:01:24
523,리튬,3.02,029480,광무 *,테마 편입 사유,2170.0,상승  115,5.6,2165.0,2170.0,249002.0,528.0,211508.0,,,0.779965,-2.3383595500000003,"5,872.34",377.56,6.87,2026-04-08 16:01:24
523,리튬,3.02,348370,엔켐 *,테마 편입 사유,37150.0,"상승  1,900",5.39,37100.0,37150.0,345987.0,12668.0,412807.0,,,0.779965,-2.3383595500000003,"5,872.34",377.56,6.87,2026-04-08 16:01:24
523,리튬,3.02,095500,미래나노텍 *,테마 편입 사유,9650.0,상승  490,5.35,9640.0,9650.0,185433.0,1766.0,215350.0,,,0.779965,-2.3383595500000003,"5,872.34",377.56,6.87,2026-04-08 16:01:24
523,리튬,3.02,005490,POSCO홀딩스,테마 편입 사유,362500.0,"상승  17,000",4.92,362000.0,362500.0,454015.0,162722.0,272984.0,,,0.779965,-2.3383595500000003,"5,872.34",377.56,6.87,2026-04-08 16:01:24
523,리튬,3.02,003670,포스코퓨처엠,테마 편입 사유,217500.0,"상승  8,500",4.07,217500.0,218000.0,345070.0,74725.0,328182.0,,,0.779965,-2.3383595500000003,"5,872.34",377.56,6.87,2026-04-08 16:01:24
523,리튬,3.02,005420,코스모화학,테마 편입 사유,15970.0,상승  590,3.84,15960.0,15970.0,189812.0,3002.0,436935.0,,,0.779965,-2.3383595500000003,"5,872.34",377.56,6.87,2026-04-08 16:01:24
523,리튬,3.02,107600,새빗켐 *,테마 편입 사유,27900.0,"상승  1,000",3.72,27900.0,28000.0,57104.0,1576.0,403791.0,,,0.779965,-2.3383595500000003,"5,872.34",377.56,6.87,2026-04-08 16:01:24
523,리튬,3.02,009520,포스코엠텍 *,테마 편입 사유,18440.0,상승  630,3.54,18430.0,18440.0,216577.0,3969.0,189000.0,,,0.779965,-2.3383595500000003,"5,872.34",377.56,6.87,2026-04-08 16:01:24
523,리튬,3.02,051980,중앙첨단소재 *,테마 편입 사유,1452.0,상승  45,3.2,1452.0,1455.0,2269528.0,3272.0,3561112.0,,,0.779965,-2.3383595500000003,"5,872.34",377.56,6.87,2026-04-08 16:01:24
523,리튬,3.02,101670,하이드로리튬 *,테마 편입 사유,2120.0,상승  65,3.16,2115.0,2120.0,1461577.0,3073.0,1574535.0,,,0.779965,-2.3383595500000003,"5,872.34",377.56,6.87,2026-04-08 16:01:24
523,리튬,3.02,290670,대보마그네틱 *,테마 편입 사유,11030.0,상승  310,2.89,11030.0,11040.0,11052.0,121.0,19687.0,,,0.779965,-2.3383595500000003,"5,872.34",377.56,6.87,2026-04-08 16:01:24
523,리튬,3.02,004490,세방전지,테마 편입 사유,61100.0,"상승  1,500",2.52,61100.0,61200.0,50746.0,3103.0,31124.0,,,0.779965,-2.3383595500000003,"5,872.34",377.56,6.87,2026-04-08 16:01:24
523,리튬,3.02,278280,천보 *,테마 편입 사유,53800.0,"상승  1,100",2.09,53800.0,53900.0,76872.0,4119.0,114662.0,,,0.779965,-2.3383595500000003,"5,872.34",377.56,6.87,2026-04-08 16:01:24
523,리튬,3.02,073570,리튬포어스 *,테마 편입 사유,623.0,상승  3,0.48,623.0,625.0,867879.0,540.0,1129756.0,,,0.779965,-2.3383595500000003,"5,872.34",377.56,6.87,2026-04-08 16:01:24
523,리튬,3.02,373220,LG에너지솔루션,테마 편입 사유,406000.0,"하락  2,500",-0.61,405500.0,406000.0,521932.0,211682.0,311134.0,,,0.779965,-2.3383595500000003,"5,872.34",377.56,6.87,2026-04-08 16:01:24
523,리튬,3.02,365340,성일하이텍 *,테마 편입 사유,66000.0,하락  500,-0.75,66000.0,66100.0,168186.0,11065.0,302605.0,,,0.779965,-2.3383595500000003,"5,872.34",377.56,6.87,2026-04-08 16:01:24
523,리튬,3.02,093370,후성,테마 편입 사유,9710.0,하락  160,-1.62,9710.0,9720.0,4412155.0,42234.0,5111476.0,,,0.779965,-2.3383595500000003,"5,872.34",377.56,6.87,2026-04-08 16:01:24
523,리튬,3.02,270520,앱튼 *,테마 편입 사유,145.0,하락  8,-5.23,144.0,145.0,4369555.0,639.0,1393894.0,,,0.779965,-2.3383595500000003,"5,872.34",377.56,6.87,2026-04-08 16:01:24
204,비료,-0.77,001390,KG케미칼,테마 편입 사유,5510.0,상승  290,5.56,5500.0,5510.0,1022969.0,5520.0,540088.0,,,0.222217,-2.29663079,"5,872.34",377.56,6.87,2026-04-08 16:01:24
204,비료,-0.77,004000,롯데정밀화학,테마 편입 사유,50600.0,"상승  2,100",4.33,50400.0,50600.0,73245.0,3674.0,43103.0,,,0.222217,-2.29663079,"5,872.34",377.56,6.87,2026-04-08 16:01:24
204,비료,-0.77,014580,태경비케이,테마 편입 사유,4475.0,상승  45,1.02,4465.0,4475.0,94956.0,423.0,77369.0,,,0.222217,-2.29663079,"5,872.34",377.56,6.87,2026-04-08 16:01:24
204,비료,-0.77,033250,체시스,테마 편입 사유,971.0,상승  8,0.83,971.0,974.0,168651.0,163.0,198998.0,,,0.222217,-2.29663079,"5,872.34",377.56,6.87,2026-04-08 16:01:24
204,비료,-0.77,014830,유니드,테마 편입 사유,81400.0,상승  500,0.62,81200.0,81400.0,28053.0,2282.0,18740.0,,,0.222217,-2.29663079,"5,872.34",377.56,6.87,2026-04-08 16:01:24
204,비료,-0.77,054050,농우바이오 *,테마 편입 사유,7900.0,상승  20,0.25,7890.0,7900.0,50937.0,403.0,30777.0,,,0.222217,-2.29663079,"5,872.34",377.56,6.87,2026-04-08 16:01:24
204,비료,-0.77,097870,효성오앤비 *,테마 편입 사유,6030.0,하락  240,-3.83,6030.0,6040.0,241379.0,1468.0,137440.0,,,0.222217,-2.29663079,"5,872.34",377.56,6.87,2026-04-08 16:01:24
204,비료,-0.77,025860,남해화학,테마 편입 사유,7820.0,하락  400,-4.87,7820.0,7830.0,1728265.0,13544.0,1008346.0,,,0.222217,-2.29663079,"5,872.34",377.56,6.87,2026-04-08 16:01:24
204,비료,-0.77,332290,누보 *,테마 편입 사유,1329.0,하락  69,-4.94,1328.0,1329.0,1662819.0,2206.0,1169516.0,,,0.222217,-2.29663079,"5,872.34",377.56,6.87,2026-04-08 16:01:24
204,비료,-0.77,001550,조비,테마 편입 사유,14600.0,"하락  1,050",-6.71,14590.0,14600.0,320193.0,4683.0,237866.0,,,0.222217,-2.29663079,"5,872.34",377.56,6.87,2026-04-08 16:01:24
579,2차전지(나트륨이온),2.77,092200,디아이씨,테마 편입 사유,8360.0,상승  460,5.82,8350.0,8360.0,273637.0,2255.0,205239.0,,,0.716009,-2.14898183,"5,872.34",377.56,6.87,2026-04-08 16:01:24
579,2차전지(나트륨이온),2.77,086520,에코프로 *,테마 편입 사유,153100.0,"상승  8,300",5.73,153000.0,153100.0,1297197.0,196681.0,1853180.0,,,0.716009,-2.14898183,"5,872.34",377.56,6.87,2026-04-08 16:01:24
579,2차전지(나트륨이온),2.77,267320,나인테크 *,테마 편입 사유,3090.0,상승  155,5.28,3090.0,3100.0,743166.0,2270.0,597470.0,,,0.716009,-2.14898183,"5,872.34",377.56,6.87,2026-04-08 16:01:24
579,2차전지(나트륨이온),2.77,247540,에코프로비엠 *,테마 편입 사유,208500.0,"상승  7,000",3.47,208500.0,209000.0,585119.0,121950.0,542160.0,,,0.716009,-2.14898183,"5,872.34",377.56,6.87,2026-04-08 16:01:24
579,2차전지(나트륨이온),2.77,161000,애경케미칼,테마 편입 사유,12600.0,상승  410,3.36,12590.0,12600.0,1459602.0,18151.0,1706531.0,,,0.716009,-2.14898183,"5,872.34",377.56,6.87,2026-04-08 16:01:24
579,2차전지(나트륨이온),2.77,006400,삼성SDI,테마 편입 사유,471500.0,"상승  15,000",3.29,471000.0,471500.0,821542.0,382075.0,759485.0,,,0.716009,-2.14898183,"5,872.34",377.56,6.87,2026-04-08 16:01:24
579,2차전지(나트륨이온),2.77,446540,메가터치 *,테마 편입 사유,4170.0,상승  100,2.46,4165.0,4170.0,95834.0,400.0,73728.0,,,0.716009,-2.14898183,"5,872.34",377.56,6.87,2026-04-08 16:01:24
579,2차전지(나트륨이온),2.77,373220,LG에너지솔루션,테마 편입 사유,406000.0,"하락  2,500",-0.61,405500.0,406000.0,521932.0,211682.0,311134.0,,,0.716009,-2.14898183,"5,872.34",377.56,6.87,2026-04-08 16:01:24
579,2차전지(나트륨이온),2.77,393890,더블유씨피 *,테마 편입 사유,15040.0,하락  600,-3.84,15040.0,15050.0,1891832.0,28440.0,5572629.0,,,0.716009,-2.14898183,"5,872.34",377.56,6.87,2026-04-08 16:01:24
176,도시가스,-0.61,036460,한국가스공사,테마 편입 사유,36150.0,"상승  1,350",3.88,36150.0,36200.0,319241.0,11531.0,128050.0,,,0.202386,-2.00039182,"5,872.34",377.56,6.87,2026-04-08 16:01:24
176,도시가스,-0.61,004690,삼천리,테마 편입 사유,137900.0,"상승  2,600",1.92,137900.0,138100.0,27460.0,3760.0,8770.0,,,0.202386,-2.00039182,"5,872.34",377.56,6.87,2026-04-08 16:01:24
176,도시가스,-0.61,267290,경동도시가스,테마 편입 사유,22450.0,상승  350,1.58,22450.0,22500.0,9146.0,205.0,9741.0,,,0.202386,-2.00039182,"5,872.34",377.56,6.87,2026-04-08 16:01:24
176,도시가스,-0.61,017390,서울가스,테마 편입 사유,62000.0,상승  900,1.47,62000.0,62200.0,10825.0,669.0,11006.0,,,0.202386,-2.00039182,"5,872.34",377.56,6.87,2026-04-08 16:01:24
176,도시가스,-0.61,034590,인천도시가스,테마 편입 사유,26650.0,상승  50,0.19,26600.0,26650.0,9790.0,260.0,2321.0,,,0.202386,-2.00039182,"5,872.34",377.56,6.87,2026-04-08 16:01:24
176,도시가스,-0.61,015360,INVENI,테마 편입 사유,81900.0,보합0,0.0,0.0,0.0,0.0,0.0,0.0,,,0.202386,-2.00039182,"5,872.34",377.56,6.87,2026-04-08 16:01:24
176,도시가스,-0.61,016710,대성홀딩스,테마 편입 사유,8450.0,보합0,0.0,8430.0,8450.0,34931.0,295.0,12874.0,,,0.202386,-2.00039182,"5,872.34",377.56,6.87,2026-04-08 16:01:24
176,도시가스,-0.61,053050,지에스이 *,테마 편입 사유,2620.0,하락  200,-7.09,2615.0,2620.0,1438881.0,3767.0,1840683.0,,,0.202386,-2.00039182,"5,872.34",377.56,6.87,2026-04-08 16:01:24
176,도시가스,-0.61,117580,대성에너지,테마 편입 사유,9050.0,하락  730,-7.46,9040.0,9050.0,1193854.0,10823.0,1567648.0,,,0.202386,-2.00039182,"5,872.34",377.56,6.87,2026-04-08 16:01:24
408,마리화나(대마),-0.85,278650,HLB바이오스텝 *,테마 편입 사유,1243.0,상승  46,3.84,1243.0,1244.0,310486.0,386.0,169539.0,,,0.161438,-1.95907906,"5,872.34",377.56,6.87,2026-04-08 16:01:24
408,마리화나(대마),-0.85,389470,인벤티지랩 *,테마 편입 사유,64200.0,"상승  2,300",3.72,64200.0,64300.0,68510.0,4374.0,68366.0,,,0.161438,-1.95907906,"5,872.34",377.56,6.87,2026-04-08 16:01:24
408,마리화나(대마),-0.85,256840,한국비엔씨 *,테마 편입 사유,3800.0,상승  135,3.68,3790.0,3800.0,268216.0,1013.0,220709.0,,,0.161438,-1.95907906,"5,872.34",377.56,6.87,2026-04-08 16:01:24
408,마리화나(대마),-0.85,082850,우리바이오 *,테마 편입 사유,1890.0,상승  57,3.11,1889.0,1890.0,153886.0,288.0,56596.0,,,0.161438,-1.95907906,"5,872.34",377.56,6.87,2026-04-08 16:01:24
408,마리화나(대마),-0.85,060590,씨티씨바이오 *,테마 편입 사유,3710.0,상승  90,2.49,3710.0,3715.0,42169.0,156.0,57261.0,,,0.161438,-1.95907906,"5,872.34",377.56,6.87,2026-04-08 16:01:24
408,마리화나(대마),-0.85,052420,오성첨단소재 *,테마 편입 사유,1309.0,상승  19,1.47,1309.0,1316.0,572994.0,751.0,401872.0,,,0.161438,-1.95907906,"5,872.34",377.56,6.87,2026-04-08 16:01:24
408,마리화나(대마),-0.85,265740,엔에프씨 *,테마 편입 사유,7300.0,상승  100,1.39,7300.0,7310.0,97915.0,717.0,157620.0,,,0.161438,-1.95907906,"5,872.34",377.56,6.87,2026-04-08 16:01:24
408,마리화나(대마),-0.85,061250,화일약품 *,테마 편입 사유,943.0,보합0,0.0,0.0,0.0,0.0,0.0,0.0,,,0.161438,-1.95907906,"5,872.34",377.56,6.87,2026-04-08 16:01:24
408,마리화나(대마),-0.85,065170,비엘팜텍 *,테마 편입 사유,2630.0,하락  90,-3.31,2630.0,2635.0,884809.0,2381.0,731015.0,,,0.161438,-1.95907906,"5,872.34",377.56,6.87,2026-04-08 16:01:24
408,마리화나(대마),-0.85,900100,애머릿지 *,테마 편입 사유,250.0,하락  83,-24.92,250.0,253.0,1620890.0,459.0,245241.0,,,0.161438,-1.95907906,"5,872.34",377.56,6.87,2026-04-08 16:01:24
472,2차전지(전고체),3.96,009150,삼성전기,테마 편입 사유,514000.0,"상승  57,000",12.47,513000.0,514000.0,940052.0,476971.0,505864.0,,,0.825888,-1.71385056,"5,872.34",377.56,6.87,2026-04-08 16:01:24
472,2차전지(전고체),3.96,059090,미코 *,테마 편입 사유,14130.0,"상승  1,110",8.53,14130.0,14140.0,390767.0,5482.0,159187.0,,,0.825888,-1.71385056,"5,872.34",377.56,6.87,2026-04-08 16:01:24
472,2차전지(전고체),3.96,222080,씨아이에스 *,테마 편입 사유,12590.0,상승  850,7.24,12580.0,12590.0,1781196.0,22113.0,3876391.0,,,0.825888,-1.71385056,"5,872.34",377.56,6.87,2026-04-08 16:01:24
472,2차전지(전고체),3.96,307180,아이엘 *,테마 편입 사유,5110.0,상승  305,6.35,5110.0,5120.0,849966.0,4278.0,862065.0,,,0.825888,-1.71385056,"5,872.34",377.56,6.87,2026-04-08 16:01:24
472,2차전지(전고체),3.96,049950,미래컴퍼니 *,테마 편입 사유,13950.0,상승  800,6.08,13930.0,13950.0,42179.0,580.0,54832.0,,,0.825888,-1.71385056,"5,872.34",377.56,6.87,2026-04-08 16:01:24
472,2차전지(전고체),3.96,025900,동화기업 *,테마 편입 사유,10980.0,상승  620,5.98,10970.0,10980.0,211000.0,2285.0,228515.0,,,0.825888,-1.71385056,"5,872.34",377.56,6.87,2026-04-08 16:01:24
472,2차전지(전고체),3.96,294140,레몬 *,테마 편입 사유,3350.0,상승  180,5.68,3345.0,3350.0,53077.0,174.0,45382.0,,,0.825888,-1.71385056,"5,872.34",377.56,6.87,2026-04-08 16:01:24
472,2차전지(전고체),3.96,299030,하나기술 *,테마 편입 사유,26600.0,"상승  1,400",5.56,26600.0,26650.0,32034.0,842.0,47887.0,,,0.825888,-1.71385056,"5,872.34",377.56,6.87,2026-04-08 16:01:24
472,2차전지(전고체),3.96,267320,나인테크 *,테마 편입 사유,3090.0,상승  155,5.28,3090.0,3100.0,743166.0,2270.0,597470.0,,,0.825888,-1.71385056,"5,872.34",377.56,6.87,2026-04-08 16:01:24
472,2차전지(전고체),3.96,457190,이수스페셜티케미컬,테마 편입 사유,99300.0,"상승  4,800",5.08,99300.0,99400.0,247051.0,24333.0,403403.0,,,0.825888,-1.71385056,"5,872.34",377.56,6.87,2026-04-08 16:01:24
472,2차전지(전고체),3.96,011500,한농화성,테마 편입 사유,21250.0,상승  950,4.68,21200.0,21250.0,172192.0,3621.0,217390.0,,,0.825888,-1.71385056,"5,872.34",377.56,6.87,2026-04-08 16:01:24
472,2차전지(전고체),3.96,282880,코윈테크 *,테마 편입 사유,14340.0,상승  640,4.67,14340.0,14350.0,78187.0,1103.0,27250.0,,,0.825888,-1.71385056,"5,872.34",377.56,6.87,2026-04-08 16:01:24
472,2차전지(전고체),3.96,281740,레이크머티리얼즈 *,테마 편입 사유,20150.0,상승  890,4.62,20150.0,20200.0,781128.0,15663.0,714416.0,,,0.825888,-1.71385056,"5,872.34",377.56,6.87,2026-04-08 16:01:24
472,2차전지(전고체),3.96,413390,엠오티 *,테마 편입 사유,8330.0,상승  330,4.13,8320.0,8330.0,63308.0,521.0,76509.0,,,0.825888,-1.71385056,"5,872.34",377.56,6.87,2026-04-08 16:01:24
472,2차전지(전고체),3.96,382840,원준 *,테마 편입 사유,8650.0,상승  300,3.59,8650.0,8660.0,59293.0,509.0,61086.0,,,0.825888,-1.71385056,"5,872.34",377.56,6.87,2026-04-08 16:01:24
472,2차전지(전고체),3.96,083930,아바코 *,테마 편입 사유,13480.0,상승  430,3.3,13440.0,13480.0,64316.0,860.0,51108.0,,,0.825888,-1.71385056,"5,872.34",377.56,6.87,2026-04-08 16:01:24
472,2차전지(전고체),3.96,006400,삼성SDI,테마 편입 사유,471500.0,"상승  15,000",3.29,471000.0,471500.0,821542.0,382075.0,759485.0,,,0.825888,-1.71385056,"5,872.34",377.56,6.87,2026-04-08 16:01:24
472,2차전지(전고체),3.96,131400,이브이첨단소재 *,테마 편입 사유,1514.0,상승  48,3.27,1513.0,1514.0,556960.0,833.0,762466.0,,,0.825888,-1.71385056,"5,872.34",377.56,6.87,2026-04-08 16:01:24
472,2차전지(전고체),3.96,078600,대주전자재료 *,테마 편입 사유,117000.0,"상승  3,600",3.17,116900.0,117000.0,275388.0,31796.0,184792.0,,,0.825888,-1.71385056,"5,872.34",377.56,6.87,2026-04-08 16:01:24
472,2차전지(전고체),3.96,357550,석경에이티 *,테마 편입 사유,51400.0,"상승  1,200",2.39,51300.0,51400.0,7098.0,360.0,4681.0,,,0.825888,-1.71385056,"5,872.34",377.56,6.87,2026-04-08 16:01:24
472,2차전지(전고체),3.96,277880,티에스아이 *,테마 편입 사유,5050.0,상승  110,2.23,5030.0,5050.0,111005.0,557.0,138032.0,,,0.825888,-1.71385056,"5,872.34",377.56,6.87,2026-04-08 16:01:24
472,2차전지(전고체),3.96,055490,테이팩스,테마 편입 사유,16310.0,상승  350,2.19,16310.0,16390.0,21876.0,355.0,22369.0,,,0.825888,-1.71385056,"5,872.34",377.56,6.87,2026-04-08 16:01:24
472,2차전지(전고체),3.96,452200,민테크 *,테마 편입 사유,2340.0,상승  50,2.18,2335.0,2340.0,51960.0,122.0,50349.0,,,0.825888,-1.71385056,"5,872.34",377.56,6.87,2026-04-08 16:01:24
472,2차전지(전고체),3.96,278280,천보 *,테마 편입 사유,53800.0,"상승  1,100",2.09,53800.0,53900.0,76872.0,4119.0,114662.0,,,0.825888,-1.71385056,"5,872.34",377.56,6.87,2026-04-08 16:01:24
472,2차전지(전고체),3.96,317330,덕산테코피아 *,테마 편입 사유,17030.0,상승  340,2.04,17030.0,17070.0,261723.0,4422.0,260269.0,,,0.825888,-1.71385056,"5,872.34",377.56,6.87,2026-04-08 16:01:24
472,2차전지(전고체),3.96,361610,SK아이이테크놀로지,테마 편입 사유,22350.0,상승  300,1.36,22350.0,22400.0,174066.0,3898.0,174583.0,,,0.825888,-1.71385056,"5,872.34",377.56,6.87,2026-04-08 16:01:24
472,2차전지(전고체),3.96,373220,LG에너지솔루션,테마 편입 사유,406000.0,"하락  2,500",-0.61,405500.0,406000.0,521932.0,211682.0,311134.0,,,0.825888,-1.71385056,"5,872.34",377.56,6.87,2026-04-08 16:01:24
472,2차전지(전고체),3.96,020150,롯데에너지머티리얼즈,테마 편입 사유,45100.0,하락  400,-0.88,45100.0,45300.0,390619.0,17606.0,488345.0,,,0.825888,-1.71385056,"5,872.34",377.56,6.87,2026-04-08 16:01:24
472,2차전지(전고체),3.96,096770,SK이노베이션,테마 편입 사유,120400.0,"하락  1,400",-1.15,120300.0,120400.0,807415.0,96313.0,690065.0,,,0.825888,-1.71385056,"5,872.34",377.56,6.87,2026-04-08 16:01:24
585,김밥(냉동김밥 등),0.39,003960,사조대림,테마 편입 사유,32000.0,상승  550,1.75,32000.0,32050.0,3101.0,99.0,1779.0,,,0.293976,-1.62961512,"5,872.34",377.56,6.87,2026-04-08 16:01:24
585,김밥(냉동김밥 등),0.39,103840,우양 *,테마 편입 사유,3130.0,상승  50,1.62,3130.0,3135.0,72712.0,226.0,68564.0,,,0.293976,-1.62961512,"5,872.34",377.56,6.87,2026-04-08 16:01:24
585,김밥(냉동김밥 등),0.39,011150,CJ씨푸드,테마 편입 사유,2685.0,상승  30,1.13,2680.0,2685.0,149938.0,401.0,61394.0,,,0.293976,-1.62961512,"5,872.34",377.56,6.87,2026-04-08 16:01:24
585,김밥(냉동김밥 등),0.39,017810,풀무원,테마 편입 사유,12010.0,상승  110,0.92,12010.0,12020.0,24876.0,298.0,22161.0,,,0.293976,-1.62961512,"5,872.34",377.56,6.87,2026-04-08 16:01:24
585,김밥(냉동김밥 등),0.39,003680,한성기업,테마 편입 사유,5040.0,보합0,0.0,5040.0,5060.0,9511.0,47.0,21070.0,,,0.293976,-1.62961512,"5,872.34",377.56,6.87,2026-04-08 16:01:24
585,김밥(냉동김밥 등),0.39,276730,한울앤제주 *,테마 편입 사유,843.0,하락  27,-3.1,843.0,845.0,562031.0,516.0,437442.0,,,0.293976,-1.62961512,"5,872.34",377.56,6.87,2026-04-08 16:01:24
511,니켈,0.88,051910,LG화학,테마 편입 사유,344500.0,"상승  21,000",6.49,344000.0,344500.0,373892.0,127175.0,313215.0,,,0.35488,-1.5580256000000001,"5,872.34",377.56,6.87,2026-04-08 16:01:24
511,니켈,0.88,004560,현대비앤지스틸,테마 편입 사유,15760.0,상승  860,5.77,15750.0,15760.0,86036.0,1343.0,66154.0,,,0.35488,-1.5580256000000001,"5,872.34",377.56,6.87,2026-04-08 16:01:24
511,니켈,0.88,005490,POSCO홀딩스,테마 편입 사유,362500.0,"상승  17,000",4.92,362000.0,362500.0,454015.0,162722.0,272984.0,,,0.35488,-1.5580256000000001,"5,872.34",377.56,6.87,2026-04-08 16:01:24
511,니켈,0.88,450080,에코프로머티,테마 편입 사유,76600.0,"상승  3,500",4.79,76500.0,76600.0,2276160.0,171368.0,7126465.0,,,0.35488,-1.5580256000000001,"5,872.34",377.56,6.87,2026-04-08 16:01:24
511,니켈,0.88,377330,이지트로닉스 *,테마 편입 사유,3460.0,상승  95,2.82,3425.0,3460.0,13113.0,45.0,24129.0,,,0.35488,-1.5580256000000001,"5,872.34",377.56,6.87,2026-04-08 16:01:24
511,니켈,0.88,009190,대양금속,테마 편입 사유,1386.0,상승  26,1.91,1385.0,1386.0,155361.0,214.0,158142.0,,,0.35488,-1.5580256000000001,"5,872.34",377.56,6.87,2026-04-08 16:01:24
511,니켈,0.88,263770,유에스티 *,테마 편입 사유,2020.0,상승  25,1.25,2015.0,2020.0,35958.0,72.0,32147.0,,,0.35488,-1.5580256000000001,"5,872.34",377.56,6.87,2026-04-08 16:01:24
511,니켈,0.88,032560,황금에스티,테마 편입 사유,5970.0,상승  70,1.19,5970.0,5990.0,29780.0,177.0,36541.0,,,0.35488,-1.5580256000000001,"5,872.34",377.56,6.87,2026-04-08 16:01:24
511,니켈,0.88,081150,티플랙스 *,테마 편입 사유,3430.0,상승  5,0.15,3425.0,3430.0,619830.0,2137.0,540777.0,,,0.35488,-1.5580256000000001,"5,872.34",377.56,6.87,2026-04-08 16:01:24
511,니켈,0.88,080010,이상네트웍스 *,테마 편입 사유,6440.0,하락  20,-0.31,6440.0,6470.0,10881.0,70.0,4413.0,,,0.35488,-1.5580256000000001,"5,872.34",377.56,6.87,2026-04-08 16:01:24
511,니켈,0.88,373220,LG에너지솔루션,테마 편입 사유,406000.0,"하락  2,500",-0.61,405500.0,406000.0,521932.0,211682.0,311134.0,,,0.35488,-1.5580256000000001,"5,872.34",377.56,6.87,2026-04-08 16:01:24
511,니켈,0.88,011230,삼화전자,테마 편입 사유,2480.0,하락  75,-2.94,2480.0,2490.0,207387.0,514.0,76659.0,,,0.35488,-1.5580256000000001,"5,872.34",377.56,6.87,2026-04-08 16:01:24
511,니켈,0.88,047050,포스코인터내셔널,테마 편입 사유,73400.0,"하락  3,300",-4.3,73400.0,73500.0,1660870.0,121847.0,928357.0,,,0.35488,-1.5580256000000001,"5,872.34",377.56,6.87,2026-04-08 16:01:24
511,니켈,0.88,001120,LX인터내셔널,테마 편입 사유,46150.0,"하락  4,450",-8.79,46100.0,46150.0,693731.0,32148.0,274580.0,,,0.35488,-1.5580256000000001,"5,872.34",377.56,6.87,2026-04-08 16:01:24
329,전력저장장치(ESS),3.97,298040,효성중공업,테마 편입 사유,2930000.0,"상승  320,000",12.26,2929000.0,2930000.0,72386.0,210053.0,29625.0,,,0.803023,-1.5467680100000005,"5,872.34",377.56,6.87,2026-04-08 16:01:24
329,전력저장장치(ESS),3.97,267260,HD현대일렉트릭,테마 편입 사유,980000.0,"상승  89,000",9.99,980000.0,981000.0,156758.0,153400.0,58022.0,,,0.803023,-1.5467680100000005,"5,872.34",377.56,6.87,2026-04-08 16:01:24
329,전력저장장치(ESS),3.97,066570,LG전자,테마 편입 사유,116700.0,"상승  9,600",8.96,116700.0,116800.0,1193144.0,137608.0,1090464.0,,,0.803023,-1.5467680100000005,"5,872.34",377.56,6.87,2026-04-08 16:01:24
329,전력저장장치(ESS),3.97,130660,한전산업,테마 편입 사유,19380.0,"상승  1,480",8.27,19380.0,19390.0,616562.0,11774.0,223762.0,,,0.803023,-1.5467680100000005,"5,872.34",377.56,6.87,2026-04-08 16:01:24
329,전력저장장치(ESS),3.97,009470,삼화전기,테마 편입 사유,37950.0,"상승  2,850",8.12,37900.0,37950.0,59929.0,2235.0,44509.0,,,0.803023,-1.5467680100000005,"5,872.34",377.56,6.87,2026-04-08 16:01:24
329,전력저장장치(ESS),3.97,217820,원익피앤이 *,테마 편입 사유,3140.0,상승  230,7.9,3140.0,3145.0,293793.0,905.0,200424.0,,,0.803023,-1.5467680100000005,"5,872.34",377.56,6.87,2026-04-08 16:01:24
329,전력저장장치(ESS),3.97,140670,알에스오토메이션 *,테마 편입 사유,16420.0,"상승  1,180",7.74,16420.0,16430.0,163061.0,2626.0,132566.0,,,0.803023,-1.5467680100000005,"5,872.34",377.56,6.87,2026-04-08 16:01:24
329,전력저장장치(ESS),3.97,001820,삼화콘덴서,테마 편입 사유,60100.0,"상승  4,300",7.71,60000.0,60100.0,287691.0,17055.0,303517.0,,,0.803023,-1.5467680100000005,"5,872.34",377.56,6.87,2026-04-08 16:01:24
329,전력저장장치(ESS),3.97,222080,씨아이에스 *,테마 편입 사유,12590.0,상승  850,7.24,12580.0,12590.0,1781196.0,22113.0,3876391.0,,,0.803023,-1.5467680100000005,"5,872.34",377.56,6.87,2026-04-08 16:01:24
329,전력저장장치(ESS),3.97,290550,디케이티 *,테마 편입 사유,18330.0,"상승  1,200",7.01,18330.0,18340.0,625699.0,11311.0,502675.0,,,0.803023,-1.5467680100000005,"5,872.34",377.56,6.87,2026-04-08 16:01:24
329,전력저장장치(ESS),3.97,416180,신성에스티 *,테마 편입 사유,34650.0,"상승  2,000",6.13,34550.0,34650.0,44934.0,1542.0,34779.0,,,0.803023,-1.5467680100000005,"5,872.34",377.56,6.87,2026-04-08 16:01:24
329,전력저장장치(ESS),3.97,022100,포스코DX,테마 편입 사유,32550.0,"상승  1,850",6.03,32500.0,32550.0,493578.0,15875.0,357062.0,,,0.803023,-1.5467680100000005,"5,872.34",377.56,6.87,2026-04-08 16:01:24
329,전력저장장치(ESS),3.97,047310,파워로직스 *,테마 편입 사유,4735.0,상승  260,5.81,4735.0,4740.0,165718.0,778.0,124612.0,,,0.803023,-1.5467680100000005,"5,872.34",377.56,6.87,2026-04-08 16:01:24
329,전력저장장치(ESS),3.97,348370,엔켐 *,테마 편입 사유,37150.0,"상승  1,900",5.39,37100.0,37150.0,345987.0,12668.0,412807.0,,,0.803023,-1.5467680100000005,"5,872.34",377.56,6.87,2026-04-08 16:01:24
329,전력저장장치(ESS),3.97,089980,상아프론테크 *,테마 편입 사유,23850.0,"상승  1,150",5.07,23800.0,23850.0,101708.0,2413.0,156152.0,,,0.803023,-1.5467680100000005,"5,872.34",377.56,6.87,2026-04-08 16:01:24
329,전력저장장치(ESS),3.97,054210,이랜텍 *,테마 편입 사유,10070.0,상승  450,4.68,10060.0,10070.0,242251.0,2430.0,151675.0,,,0.803023,-1.5467680100000005,"5,872.34",377.56,6.87,2026-04-08 16:01:24
329,전력저장장치(ESS),3.97,137400,피엔티 *,테마 편입 사유,49450.0,"상승  2,150",4.55,49450.0,49500.0,164084.0,8043.0,215482.0,,,0.803023,-1.5467680100000005,"5,872.34",377.56,6.87,2026-04-08 16:01:24
329,전력저장장치(ESS),3.97,178320,서진시스템 *,테마 편입 사유,44350.0,"상승  1,750",4.11,44300.0,44350.0,1281122.0,56770.0,1410398.0,,,0.803023,-1.5467680100000005,"5,872.34",377.56,6.87,2026-04-08 16:01:24
329,전력저장장치(ESS),3.97,241690,유니테크노 *,테마 편입 사유,3620.0,상승  140,4.02,3610.0,3620.0,84445.0,304.0,67277.0,,,0.803023,-1.5467680100000005,"5,872.34",377.56,6.87,2026-04-08 16:01:24
329,전력저장장치(ESS),3.97,054090,삼진엘앤디 *,테마 편입 사유,1080.0,상승  40,3.85,1080.0,1081.0,970222.0,1029.0,3208368.0,,,0.803023,-1.5467680100000005,"5,872.34",377.56,6.87,2026-04-08 16:01:24
329,전력저장장치(ESS),3.97,125210,아모그린텍 *,테마 편입 사유,8820.0,상승  320,3.76,8810.0,8820.0,206375.0,1801.0,300803.0,,,0.803023,-1.5467680100000005,"5,872.34",377.56,6.87,2026-04-08 16:01:24
329,전력저장장치(ESS),3.97,493330,지에프아이 *,테마 편입 사유,14570.0,상승  520,3.7,14500.0,14570.0,115450.0,1689.0,208919.0,,,0.803023,-1.5467680100000005,"5,872.34",377.56,6.87,2026-04-08 16:01:24
329,전력저장장치(ESS),3.97,388050,지투파워 *,테마 편입 사유,12600.0,상승  430,3.53,12600.0,12610.0,1303444.0,16466.0,2055968.0,,,0.803023,-1.5467680100000005,"5,872.34",377.56,6.87,2026-04-08 16:01:24
329,전력저장장치(ESS),3.97,006400,삼성SDI,테마 편입 사유,471500.0,"상승  15,000",3.29,471000.0,471500.0,821542.0,382075.0,759485.0,,,0.803023,-1.5467680100000005,"5,872.34",377.56,6.87,2026-04-08 16:01:24
329,전력저장장치(ESS),3.97,259630,엠플러스 *,테마 편입 사유,13140.0,상승  350,2.74,13140.0,13150.0,140228.0,1836.0,115994.0,,,0.803023,-1.5467680100000005,"5,872.34",377.56,6.87,2026-04-08 16:01:24
329,전력저장장치(ESS),3.97,004490,세방전지,테마 편입 사유,61100.0,"상승  1,500",2.52,61100.0,61200.0,50746.0,3103.0,31124.0,,,0.803023,-1.5467680100000005,"5,872.34",377.56,6.87,2026-04-08 16:01:24
329,전력저장장치(ESS),3.97,082920,비츠로셀 *,테마 편입 사유,38850.0,상승  900,2.37,38800.0,38850.0,1633004.0,62291.0,504076.0,,,0.803023,-1.5467680100000005,"5,872.34",377.56,6.87,2026-04-08 16:01:24
329,전력저장장치(ESS),3.97,024900,디와이덕양,테마 편입 사유,2030.0,상승  43,2.16,2025.0,2030.0,89135.0,180.0,219286.0,,,0.803023,-1.5467680100000005,"5,872.34",377.56,6.87,2026-04-08 16:01:24
329,전력저장장치(ESS),3.97,322000,HD현대에너지솔루션,테마 편입 사유,171400.0,"상승  2,600",1.54,171300.0,171400.0,1173137.0,197201.0,1248464.0,,,0.803023,-1.5467680100000005,"5,872.34",377.56,6.87,2026-04-08 16:01:24
329,전력저장장치(ESS),3.97,273640,와이엠텍 *,테마 편입 사유,7390.0,상승  80,1.09,7360.0,7390.0,20033.0,147.0,22435.0,,,0.803023,-1.5467680100000005,"5,872.34",377.56,6.87,2026-04-08 16:01:24
329,전력저장장치(ESS),3.97,282720,금양그린파워 *,테마 편입 사유,15340.0,상승  150,0.99,15340.0,15350.0,365504.0,5559.0,319801.0,,,0.803023,-1.5467680100000005,"5,872.34",377.56,6.87,2026-04-08 16:01:24
329,전력저장장치(ESS),3.97,107640,한중엔시에스 *,테마 편입 사유,49250.0,상승  200,0.41,49200.0,49250.0,270846.0,13306.0,198329.0,,,0.803023,-1.5467680100000005,"5,872.34",377.56,6.87,2026-04-08 16:01:24
329,전력저장장치(ESS),3.97,010120,LS ELECTRIC,테마 편입 사유,788000.0,보합0,0.0,0.0,0.0,0.0,0.0,122309.0,,,0.803023,-1.5467680100000005,"5,872.34",377.56,6.87,2026-04-08 16:01:24
329,전력저장장치(ESS),3.97,373220,LG에너지솔루션,테마 편입 사유,406000.0,"하락  2,500",-0.61,405500.0,406000.0,521932.0,211682.0,311134.0,,,0.803023,-1.5467680100000005,"5,872.34",377.56,6.87,2026-04-08 16:01:24
329,전력저장장치(ESS),3.97,453450,그리드위즈 *,테마 편입 사유,19830.0,하락  160,-0.8,19830.0,19840.0,174171.0,3493.0,213572.0,,,0.803023,-1.5467680100000005,"5,872.34",377.56,6.87,2026-04-08 16:01:24
329,전력저장장치(ESS),3.97,475150,SK이터닉스,테마 편입 사유,57900.0,하락  600,-1.03,57800.0,57900.0,1874679.0,107368.0,2125006.0,,,0.803023,-1.5467680100000005,"5,872.34",377.56,6.87,2026-04-08 16:01:24
329,전력저장장치(ESS),3.97,096770,SK이노베이션,테마 편입 사유,120400.0,"하락  1,400",-1.15,120300.0,120400.0,807415.0,96313.0,690065.0,,,0.803023,-1.5467680100000005,"5,872.34",377.56,6.87,2026-04-08 16:01:24
329,전력저장장치(ESS),3.97,126340,비나텍 *,테마 편입 사유,100900.0,"하락  2,400",-2.32,100900.0,101000.0,405305.0,39558.0,187252.0,,,0.803023,-1.5467680100000005,"5,872.34",377.56,6.87,2026-04-08 16:01:24
329,전력저장장치(ESS),3.97,011930,신성이엔지,테마 편입 사유,3355.0,하락  80,-2.33,3350.0,3355.0,32241652.0,110193.0,66610365.0,,,0.803023,-1.5467680100000005,"5,872.34",377.56,6.87,2026-04-08 16:01:24
79,자원개발,1.66,028260,삼성물산,테마 편입 사유,309000.0,"상승  35,000",12.77,308500.0,309000.0,776090.0,236578.0,362411.0,,,0.461804,-1.5125934800000003,"5,872.34",377.56,6.87,2026-04-08 16:01:24
79,자원개발,1.66,001250,GS글로벌,테마 편입 사유,3760.0,상승  320,9.3,3760.0,3765.0,22207847.0,81675.0,7186017.0,,,0.461804,-1.5125934800000003,"5,872.34",377.56,6.87,2026-04-08 16:01:24
79,자원개발,1.66,128820,대성산업,테마 편입 사유,6990.0,상승  530,8.2,6980.0,6990.0,586777.0,4045.0,220372.0,,,0.461804,-1.5125934800000003,"5,872.34",377.56,6.87,2026-04-08 16:01:24
79,자원개발,1.66,078930,GS,테마 편입 사유,68600.0,"상승  4,000",6.19,68500.0,68600.0,291249.0,19786.0,147096.0,,,0.461804,-1.5125934800000003,"5,872.34",377.56,6.87,2026-04-08 16:01:24
79,자원개발,1.66,036460,한국가스공사,테마 편입 사유,36150.0,"상승  1,350",3.88,36150.0,36200.0,319241.0,11531.0,128050.0,,,0.461804,-1.5125934800000003,"5,872.34",377.56,6.87,2026-04-08 16:01:24
79,자원개발,1.66,011760,현대코퍼레이션,테마 편입 사유,27350.0,상승  500,1.86,27350.0,27400.0,71009.0,1942.0,74186.0,,,0.461804,-1.5125934800000003,"5,872.34",377.56,6.87,2026-04-08 16:01:24
79,자원개발,1.66,037950,엘컴텍 *,테마 편입 사유,721.0,상승  13,1.84,721.0,722.0,185080.0,133.0,286470.0,,,0.461804,-1.5125934800000003,"5,872.34",377.56,6.87,2026-04-08 16:01:24
79,자원개발,1.66,017390,서울가스,테마 편입 사유,62000.0,상승  900,1.47,62000.0,62200.0,10825.0,669.0,11006.0,,,0.461804,-1.5125934800000003,"5,872.34",377.56,6.87,2026-04-08 16:01:24
79,자원개발,1.66,051780,큐로홀딩스 *,테마 편입 사유,725.0,상승  3,0.42,723.0,725.0,73260.0,54.0,60886.0,,,0.461804,-1.5125934800000003,"5,872.34",377.56,6.87,2026-04-08 16:01:24
79,자원개발,1.66,096770,SK이노베이션,테마 편입 사유,120400.0,"하락  1,400",-1.15,120300.0,120400.0,807415.0,96313.0,690065.0,,,0.461804,-1.5125934800000003,"5,872.34",377.56,6.87,2026-04-08 16:01:24
79,자원개발,1.66,065170,비엘팜텍 *,테마 편입 사유,2630.0,하락  90,-3.31,2630.0,2635.0,884809.0,2381.0,731015.0,,,0.461804,-1.5125934800000003,"5,872.34",377.56,6.87,2026-04-08 16:01:24
79,자원개발,1.66,047050,포스코인터내셔널,테마 편입 사유,73400.0,"하락  3,300",-4.3,73400.0,73500.0,1660870.0,121847.0,928357.0,,,0.461804,-1.5125934800000003,"5,872.34",377.56,6.87,2026-04-08 16:01:24
79,자원개발,1.66,065420,에스아이리소스 *,테마 편입 사유,240.0,하락  13,-5.14,240.0,241.0,4762611.0,1111.0,5180498.0,,,0.461804,-1.5125934800000003,"5,872.34",377.56,6.87,2026-04-08 16:01:24
79,자원개발,1.66,001120,LX인터내셔널,테마 편입 사유,46150.0,"하락  4,450",-8.79,46100.0,46150.0,693731.0,32148.0,274580.0,,,0.461804,-1.5125934800000003,"5,872.34",377.56,6.87,2026-04-08 16:01:24
49,인터넷 대표주,2.99,035720,카카오,테마 편입 사유,47850.0,"상승  1,450",3.13,47850.0,47900.0,1615185.0,77275.0,1991813.0,,,0.654288,-1.5049585599999995,"5,872.34",377.56,6.87,2026-04-08 16:01:24
49,인터넷 대표주,2.99,035420,NAVER,테마 편입 사유,201500.0,"상승  5,600",2.86,201500.0,202000.0,699966.0,141087.0,668729.0,,,0.654288,-1.5049585599999995,"5,872.34",377.56,6.87,2026-04-08 16:01:24
52,교육/온라인 교육,0.74,215100,로보로보 *,테마 편입 사유,6910.0,상승  450,6.97,6910.0,6920.0,262214.0,1782.0,113305.0,,,0.298331,-1.3095339700000002,"5,872.34",377.56,6.87,2026-04-08 16:01:24
52,교육/온라인 교육,0.74,072130,유엔젤,테마 편입 사유,5400.0,상승  230,4.45,5390.0,5400.0,187632.0,994.0,77141.0,,,0.298331,-1.3095339700000002,"5,872.34",377.56,6.87,2026-04-08 16:01:24
52,교육/온라인 교육,0.74,012030,DB,테마 편입 사유,1690.0,상승  70,4.32,1688.0,1690.0,494396.0,828.0,499369.0,,,0.298331,-1.3095339700000002,"5,872.34",377.56,6.87,2026-04-08 16:01:24
52,교육/온라인 교육,0.74,100220,비상교육,테마 편입 사유,6000.0,상승  210,3.63,5980.0,6000.0,93644.0,554.0,28507.0,,,0.298331,-1.3095339700000002,"5,872.34",377.56,6.87,2026-04-08 16:01:24
52,교육/온라인 교육,0.74,067280,멀티캠퍼스 *,테마 편입 사유,28050.0,상승  750,2.75,28000.0,28050.0,10850.0,301.0,11117.0,,,0.298331,-1.3095339700000002,"5,872.34",377.56,6.87,2026-04-08 16:01:24
52,교육/온라인 교육,0.74,032850,비트컴퓨터 *,테마 편입 사유,5430.0,상승  130,2.45,5420.0,5430.0,183230.0,989.0,75269.0,,,0.298331,-1.3095339700000002,"5,872.34",377.56,6.87,2026-04-08 16:01:24
52,교육/온라인 교육,0.74,133750,메가엠디 *,테마 편입 사유,1812.0,상승  28,1.57,1809.0,1812.0,18996.0,34.0,11990.0,,,0.298331,-1.3095339700000002,"5,872.34",377.56,6.87,2026-04-08 16:01:24
52,교육/온라인 교육,0.74,072870,메가스터디 *,테마 편입 사유,12350.0,상승  190,1.56,12250.0,12350.0,75456.0,924.0,17294.0,,,0.298331,-1.3095339700000002,"5,872.34",377.56,6.87,2026-04-08 16:01:24
52,교육/온라인 교육,0.74,068290,삼성출판사,테마 편입 사유,8950.0,상승  130,1.47,8950.0,9000.0,14147.0,127.0,7221.0,,,0.298331,-1.3095339700000002,"5,872.34",377.56,6.87,2026-04-08 16:01:24
52,교육/온라인 교육,0.74,053290,NE능률 *,테마 편입 사유,2205.0,상승  30,1.38,2205.0,2215.0,45405.0,100.0,69307.0,,,0.298331,-1.3095339700000002,"5,872.34",377.56,6.87,2026-04-08 16:01:24
52,교육/온라인 교육,0.74,289010,아이스크림에듀 *,테마 편입 사유,1585.0,상승  20,1.28,1584.0,1585.0,38928.0,61.0,22622.0,,,0.298331,-1.3095339700000002,"5,872.34",377.56,6.87,2026-04-08 16:01:24
52,교육/온라인 교육,0.74,096240,크레버스 *,테마 편입 사유,10400.0,상승  100,0.97,10400.0,10460.0,20909.0,218.0,23523.0,,,0.298331,-1.3095339700000002,"5,872.34",377.56,6.87,2026-04-08 16:01:24
52,교육/온라인 교육,0.74,057030,YBM넷 *,테마 편입 사유,2750.0,상승  25,0.92,2750.0,2755.0,16640.0,45.0,54753.0,,,0.298331,-1.3095339700000002,"5,872.34",377.56,6.87,2026-04-08 16:01:24
52,교육/온라인 교육,0.74,049470,비트플래닛 *,테마 편입 사유,622.0,상승  4,0.65,619.0,622.0,448970.0,281.0,244969.0,,,0.298331,-1.3095339700000002,"5,872.34",377.56,6.87,2026-04-08 16:01:24
52,교육/온라인 교육,0.74,317530,캐리소프트 *,테마 편입 사유,3935.0,상승  25,0.64,3930.0,3935.0,3957.0,16.0,6692.0,,,0.298331,-1.3095339700000002,"5,872.34",377.56,6.87,2026-04-08 16:01:24
52,교육/온라인 교육,0.74,040420,정상제이엘에스 *,테마 편입 사유,5870.0,상승  30,0.51,5850.0,5870.0,17163.0,100.0,9064.0,,,0.298331,-1.3095339700000002,"5,872.34",377.56,6.87,2026-04-08 16:01:24
52,교육/온라인 교육,0.74,095720,웅진씽크빅,테마 편입 사유,1053.0,상승  3,0.29,1053.0,1059.0,154682.0,165.0,48216.0,,,0.298331,-1.3095339700000002,"5,872.34",377.56,6.87,2026-04-08 16:01:24
52,교육/온라인 교육,0.74,068930,디지털대성 *,테마 편입 사유,8050.0,상승  20,0.25,8040.0,8050.0,30002.0,240.0,17800.0,,,0.298331,-1.3095339700000002,"5,872.34",377.56,6.87,2026-04-08 16:01:24
52,교육/온라인 교육,0.74,461300,아이스크림미디어 *,테마 편입 사유,15490.0,상승  10,0.06,15490.0,15550.0,180937.0,2753.0,20120.0,,,0.298331,-1.3095339700000002,"5,872.34",377.56,6.87,2026-04-08 16:01:24
52,교육/온라인 교육,0.74,019680,대교,테마 편입 사유,1527.0,하락  6,-0.39,1520.0,1527.0,174934.0,266.0,49575.0,,,0.298331,-1.3095339700000002,"5,872.34",377.56,6.87,2026-04-08 16:01:24
52,교육/온라인 교육,0.74,134060,이퓨쳐 *,테마 편입 사유,4100.0,하락  30,-0.73,4100.0,4135.0,6954.0,29.0,3232.0,,,0.298331,-1.3095339700000002,"5,872.34",377.56,6.87,2026-04-08 16:01:24
52,교육/온라인 교육,0.74,339950,아이비김영 *,테마 편입 사유,2450.0,하락  20,-0.81,2435.0,2450.0,179050.0,439.0,119957.0,,,0.298331,-1.3095339700000002,"5,872.34",377.56,6.87,2026-04-08 16:01:24
52,교육/온라인 교육,0.74,215200,메가스터디교육 *,테마 편입 사유,45600.0,하락  650,-1.41,45600.0,45950.0,48154.0,2253.0,23350.0,,,0.298331,-1.3095339700000002,"5,872.34",377.56,6.87,2026-04-08 16:01:24
52,교육/온라인 교육,0.74,084440,유비온 *,테마 편입 사유,1023.0,하락  25,-2.39,1023.0,1027.0,130489.0,132.0,1232442.0,,,0.298331,-1.3095339700000002,"5,872.34",377.56,6.87,2026-04-08 16:01:24
52,교육/온라인 교육,0.74,475580,에이럭스 *,테마 편입 사유,12220.0,하락  350,-2.78,12220.0,12230.0,1173530.0,14750.0,433513.0,,,0.298331,-1.3095339700000002,"5,872.34",377.56,6.87,2026-04-08 16:01:24
52,교육/온라인 교육,0.74,035290,골드앤에스 *,테마 편입 사유,644.0,하락  25,-3.74,644.0,645.0,741200.0,494.0,3269005.0,,,0.298331,-1.3095339700000002,"5,872.34",377.56,6.87,2026-04-08 16:01:24
52,교육/온라인 교육,0.74,373160,데이원컴퍼니 *,테마 편입 사유,4835.0,하락  195,-3.88,4835.0,4850.0,58161.0,285.0,19022.0,,,0.298331,-1.3095339700000002,"5,872.34",377.56,6.87,2026-04-08 16:01:24
82,태풍 및 장마,0.58,000490,대동,테마 편입 사유,9870.0,상승  620,6.7,9870.0,9880.0,464095.0,4515.0,230721.0,,,0.262217,-1.2214307899999999,"5,872.34",377.56,6.87,2026-04-08 16:01:24
82,태풍 및 장마,0.58,004000,롯데정밀화학,테마 편입 사유,50600.0,"상승  2,100",4.33,50400.0,50600.0,73245.0,3674.0,43103.0,,,0.262217,-1.2214307899999999,"5,872.34",377.56,6.87,2026-04-08 16:01:24
82,태풍 및 장마,0.58,043200,파루 *,테마 편입 사유,995.0,상승  32,3.32,994.0,995.0,793843.0,789.0,1086602.0,,,0.262217,-1.2214307899999999,"5,872.34",377.56,6.87,2026-04-08 16:01:24
82,태풍 및 장마,0.58,101670,하이드로리튬 *,테마 편입 사유,2120.0,상승  65,3.16,2115.0,2120.0,1461577.0,3073.0,1574535.0,,,0.262217,-1.2214307899999999,"5,872.34",377.56,6.87,2026-04-08 16:01:24
82,태풍 및 장마,0.58,060150,인선이엔티 *,테마 편입 사유,4100.0,상승  40,0.99,4100.0,4110.0,91950.0,377.0,72760.0,,,0.262217,-1.2214307899999999,"5,872.34",377.56,6.87,2026-04-08 16:01:24
82,태풍 및 장마,0.58,060260,뉴보텍 *,테마 편입 사유,1440.0,상승  9,0.63,1440.0,1459.0,245021.0,351.0,152477.0,,,0.262217,-1.2214307899999999,"5,872.34",377.56,6.87,2026-04-08 16:01:24
82,태풍 및 장마,0.58,007590,동방아그로,테마 편입 사유,5910.0,하락  10,-0.17,5910.0,5920.0,2730.0,16.0,1275.0,,,0.262217,-1.2214307899999999,"5,872.34",377.56,6.87,2026-04-08 16:01:24
82,태풍 및 장마,0.58,002100,경농,테마 편입 사유,9620.0,하락  160,-1.64,9610.0,9620.0,133939.0,1291.0,83519.0,,,0.262217,-1.2214307899999999,"5,872.34",377.56,6.87,2026-04-08 16:01:24
82,태풍 및 장마,0.58,025860,남해화학,테마 편입 사유,7820.0,하락  400,-4.87,7820.0,7830.0,1728265.0,13544.0,1008346.0,,,0.262217,-1.2214307899999999,"5,872.34",377.56,6.87,2026-04-08 16:01:24
82,태풍 및 장마,0.58,001550,조비,테마 편입 사유,14600.0,"하락  1,050",-6.71,14590.0,14600.0,320193.0,4683.0,237866.0,,,0.262217,-1.2214307899999999,"5,872.34",377.56,6.87,2026-04-08 16:01:24
590,2026 상반기 신규상장,2.26,493280,아이엠바이오로직스 *,테마 편입 사유,50500.0,"상승  6,900",15.83,50500.0,50600.0,280450.0,13865.0,141753.0,,,0.5,-1.1750000000000003,"5,872.34",377.56,6.87,2026-04-08 16:01:24
590,2026 상반기 신규상장,2.26,0082N0,카나프테라퓨틱스 *,테마 편입 사유,36000.0,"상승  2,750",8.27,35950.0,36000.0,185164.0,6656.0,187339.0,,,0.5,-1.1750000000000003,"5,872.34",377.56,6.87,2026-04-08 16:01:24
590,2026 상반기 신규상장,2.26,458350,에스팀 *,테마 편입 사유,8910.0,상승  410,4.82,8910.0,8920.0,204763.0,1804.0,309094.0,,,0.5,-1.1750000000000003,"5,872.34",377.56,6.87,2026-04-08 16:01:24
590,2026 상반기 신규상장,2.26,279570,케이뱅크,테마 편입 사유,6220.0,상승  270,4.54,6210.0,6220.0,3853091.0,23774.0,3311763.0,,,0.5,-1.1750000000000003,"5,872.34",377.56,6.87,2026-04-08 16:01:24
590,2026 상반기 신규상장,2.26,0001A0,덕양에너젠 *,테마 편입 사유,16890.0,상승  700,4.32,16890.0,16900.0,187203.0,3140.0,147820.0,,,0.5,-1.1750000000000003,"5,872.34",377.56,6.87,2026-04-08 16:01:24
590,2026 상반기 신규상장,2.26,0011A0,액스비스 *,테마 편입 사유,24050.0,상승  900,3.89,24050.0,24100.0,134650.0,3256.0,82393.0,,,0.5,-1.1750000000000003,"5,872.34",377.56,6.87,2026-04-08 16:01:24
590,2026 상반기 신규상장,2.26,493330,지에프아이 *,테마 편입 사유,14570.0,상승  520,3.7,14500.0,14570.0,115450.0,1689.0,208919.0,,,0.5,-1.1750000000000003,"5,872.34",377.56,6.87,2026-04-08 16:01:24
590,2026 상반기 신규상장,2.26,0004V0,엔비알모션 *,테마 편입 사유,19270.0,상승  600,3.21,19270.0,19280.0,679555.0,13216.0,1063041.0,,,0.5,-1.1750000000000003,"5,872.34",377.56,6.87,2026-04-08 16:01:24
590,2026 상반기 신규상장,2.26,394420,리센스메디컬 *,테마 편입 사유,24200.0,상승  600,2.54,24150.0,24200.0,2389549.0,57762.0,4723738.0,,,0.5,-1.1750000000000003,"5,872.34",377.56,6.87,2026-04-08 16:01:24
590,2026 상반기 신규상장,2.26,0088M0,메쥬 *,테마 편입 사유,30350.0,상승  300,1.0,30350.0,30450.0,367656.0,11341.0,697432.0,,,0.5,-1.1750000000000003,"5,872.34",377.56,6.87,2026-04-08 16:01:24
590,2026 상반기 신규상장,2.26,0130D0,신한제17호스팩 *,테마 편입 사유,2015.0,상승  5,0.25,2015.0,2020.0,70225.0,141.0,122119.0,,,0.5,-1.1750000000000003,"5,872.34",377.56,6.87,2026-04-08 16:01:24
590,2026 상반기 신규상장,2.26,0132G0,교보20호스팩 *,테마 편입 사유,2010.0,상승  5,0.25,2010.0,2015.0,193142.0,388.0,291364.0,,,0.5,-1.1750000000000003,"5,872.34",377.56,6.87,2026-04-08 16:01:24
590,2026 상반기 신규상장,2.26,0115H0,삼성스팩13호 *,테마 편입 사유,2015.0,하락  5,-0.25,2015.0,2025.0,66287.0,134.0,43845.0,,,0.5,-1.1750000000000003,"5,872.34",377.56,6.87,2026-04-08 16:01:24
590,2026 상반기 신규상장,2.26,0130H0,엔에이치스팩33호 *,테마 편입 사유,2015.0,하락  15,-0.74,2015.0,2020.0,175999.0,356.0,164014.0,,,0.5,-1.1750000000000003,"5,872.34",377.56,6.87,2026-04-08 16:01:24
590,2026 상반기 신규상장,2.26,0007J0,인벤테라 *,테마 편입 사유,26100.0,하락  700,-2.61,26100.0,26150.0,1070741.0,29097.0,2486343.0,,,0.5,-1.1750000000000003,"5,872.34",377.56,6.87,2026-04-08 16:01:24
590,2026 상반기 신규상장,2.26,0010F0,보원케미칼 *,테마 편입 사유,9650.0,하락  470,-4.64,9650.0,9660.0,10350356.0,108610.0,30353546.0,,,0.5,-1.1750000000000003,"5,872.34",377.56,6.87,2026-04-08 16:01:24
590,2026 상반기 신규상장,2.26,408470,한패스 *,테마 편입 사유,17840.0,"하락  1,130",-5.96,17840.0,17850.0,1136672.0,21494.0,6067165.0,,,0.5,-1.1750000000000003,"5,872.34",377.56,6.87,2026-04-08 16:01:24
563,낙태/피임,1.47,004310,현대약품,테마 편입 사유,8730.0,상승  330,3.93,8720.0,8730.0,308143.0,2665.0,243735.0,,,0.373161,-1.0936160700000002,"5,872.34",377.56,6.87,2026-04-08 16:01:24
563,낙태/피임,1.47,260660,알리코제약 *,테마 편입 사유,3315.0,상승  45,1.38,3315.0,3345.0,28959.0,96.0,60340.0,,,0.373161,-1.0936160700000002,"5,872.34",377.56,6.87,2026-04-08 16:01:24
563,낙태/피임,1.47,204840,지엘팜텍 *,테마 편입 사유,1027.0,상승  4,0.39,1025.0,1027.0,117233.0,120.0,91191.0,,,0.373161,-1.0936160700000002,"5,872.34",377.56,6.87,2026-04-08 16:01:24
563,낙태/피임,1.47,017180,명문제약,테마 편입 사유,1807.0,상승  3,0.17,1807.0,1808.0,51417.0,92.0,17633.0,,,0.373161,-1.0936160700000002,"5,872.34",377.56,6.87,2026-04-08 16:01:24
63,제지,-0.51,034810,해성산업 *,테마 편입 사유,7680.0,상승  440,6.08,7660.0,7680.0,42097.0,315.0,13264.0,,,0.083505,-1.0836793500000002,"5,872.34",377.56,6.87,2026-04-08 16:01:24
63,제지,-0.51,009200,무림페이퍼,테마 편입 사유,2040.0,상승  10,0.49,2035.0,2040.0,369989.0,747.0,205730.0,,,0.083505,-1.0836793500000002,"5,872.34",377.56,6.87,2026-04-08 16:01:24
63,제지,-0.51,001020,페이퍼코리아,테마 편입 사유,612.0,상승  2,0.33,612.0,614.0,160275.0,98.0,38745.0,,,0.083505,-1.0836793500000002,"5,872.34",377.56,6.87,2026-04-08 16:01:24
63,제지,-0.51,002870,신풍,테마 편입 사유,1167.0,상승  1,0.09,1167.0,1169.0,267462.0,318.0,145772.0,,,0.083505,-1.0836793500000002,"5,872.34",377.56,6.87,2026-04-08 16:01:24
63,제지,-0.51,004540,깨끗한나라,테마 편입 사유,2060.0,보합0,0.0,2045.0,2060.0,158067.0,322.0,216595.0,,,0.083505,-1.0836793500000002,"5,872.34",377.56,6.87,2026-04-08 16:01:24
63,제지,-0.51,009770,삼정펄프,테마 편입 사유,31700.0,보합0,0.0,31500.0,31700.0,4169.0,130.0,1590.0,,,0.083505,-1.0836793500000002,"5,872.34",377.56,6.87,2026-04-08 16:01:24
63,제지,-0.51,078130,국일제지 *,테마 편입 사유,310.0,보합0,0.0,310.0,311.0,725641.0,225.0,616580.0,,,0.083505,-1.0836793500000002,"5,872.34",377.56,6.87,2026-04-08 16:01:24
63,제지,-0.51,027970,한국제지,테마 편입 사유,798.0,하락  5,-0.62,797.0,798.0,302133.0,239.0,186473.0,,,0.083505,-1.0836793500000002,"5,872.34",377.56,6.87,2026-04-08 16:01:24
63,제지,-0.51,002310,아세아제지,테마 편입 사유,9090.0,하락  140,-1.52,9080.0,9090.0,408594.0,3656.0,225910.0,,,0.083505,-1.0836793500000002,"5,872.34",377.56,6.87,2026-04-08 16:01:24
63,제지,-0.51,002200,한국수출포장,테마 편입 사유,2795.0,하락  45,-1.58,2795.0,2800.0,219000.0,614.0,227096.0,,,0.083505,-1.0836793500000002,"5,872.34",377.56,6.87,2026-04-08 16:01:24
63,제지,-0.51,213500,한솔제지,테마 편입 사유,8540.0,하락  140,-1.61,8530.0,8540.0,205885.0,1759.0,183223.0,,,0.083505,-1.0836793500000002,"5,872.34",377.56,6.87,2026-04-08 16:01:24
63,제지,-0.51,001810,무림SP *,테마 편입 사유,1561.0,하락  35,-2.19,1559.0,1561.0,56544.0,88.0,215808.0,,,0.083505,-1.0836793500000002,"5,872.34",377.56,6.87,2026-04-08 16:01:24
63,제지,-0.51,009580,무림P&P,테마 편입 사유,2630.0,하락  80,-2.95,2630.0,2645.0,448282.0,1178.0,222849.0,,,0.083505,-1.0836793500000002,"5,872.34",377.56,6.87,2026-04-08 16:01:24
63,제지,-0.51,009460,한창제지,테마 편입 사유,537.0,하락  20,-3.59,536.0,537.0,813916.0,436.0,790893.0,,,0.083505,-1.0836793500000002,"5,872.34",377.56,6.87,2026-04-08 16:01:24
488,웹툰,2.42,084180,수성웹툰 *,테마 편입 사유,1154.0,상승  59,5.39,1154.0,1158.0,370390.0,424.0,531423.0,,,0.504862,-1.0484019400000002,"5,872.34",377.56,6.87,2026-04-08 16:01:24
488,웹툰,2.42,067000,조이시티 *,테마 편입 사유,2350.0,상승  105,4.68,2350.0,2355.0,310534.0,729.0,405798.0,,,0.504862,-1.0484019400000002,"5,872.34",377.56,6.87,2026-04-08 16:01:24
488,웹툰,2.42,181710,NHN,테마 편입 사유,37150.0,"상승  1,600",4.5,37050.0,37150.0,50969.0,1878.0,29296.0,,,0.504862,-1.0484019400000002,"5,872.34",377.56,6.87,2026-04-08 16:01:24
488,웹툰,2.42,201490,미투온 *,테마 편입 사유,2985.0,상승  105,3.65,2985.0,2990.0,1004989.0,3025.0,1580300.0,,,0.504862,-1.0484019400000002,"5,872.34",377.56,6.87,2026-04-08 16:01:24
488,웹툰,2.42,263720,디앤씨미디어 *,테마 편입 사유,11880.0,상승  390,3.39,11790.0,11880.0,22847.0,269.0,9685.0,,,0.504862,-1.0484019400000002,"5,872.34",377.56,6.87,2026-04-08 16:01:24
488,웹툰,2.42,035720,카카오,테마 편입 사유,47850.0,"상승  1,450",3.13,47850.0,47900.0,1615185.0,77275.0,1991813.0,,,0.504862,-1.0484019400000002,"5,872.34",377.56,6.87,2026-04-08 16:01:24
488,웹툰,2.42,035420,NAVER,테마 편입 사유,201500.0,"상승  5,600",2.86,201500.0,202000.0,699966.0,141087.0,668729.0,,,0.504862,-1.0484019400000002,"5,872.34",377.56,6.87,2026-04-08 16:01:24
488,웹툰,2.42,239340,이스트에이드 *,테마 편입 사유,1446.0,상승  39,2.77,1445.0,1446.0,25822.0,37.0,46547.0,,,0.504862,-1.0484019400000002,"5,872.34",377.56,6.87,2026-04-08 16:01:24
488,웹툰,2.42,432430,와이랩 *,테마 편입 사유,3040.0,상승  65,2.18,3025.0,3040.0,10207.0,31.0,23028.0,,,0.504862,-1.0484019400000002,"5,872.34",377.56,6.87,2026-04-08 16:01:24
488,웹툰,2.42,207760,미스터블루 *,테마 편입 사유,1007.0,상승  21,2.13,1007.0,1008.0,183093.0,183.0,213933.0,,,0.504862,-1.0484019400000002,"5,872.34",377.56,6.87,2026-04-08 16:01:24
488,웹툰,2.42,417180,핑거스토리 *,테마 편입 사유,1520.0,상승  30,2.01,1520.0,1523.0,19603.0,30.0,35633.0,,,0.504862,-1.0484019400000002,"5,872.34",377.56,6.87,2026-04-08 16:01:24
488,웹툰,2.42,236810,엔비티 *,테마 편입 사유,1795.0,상승  35,1.99,1794.0,1795.0,21470.0,38.0,20230.0,,,0.504862,-1.0484019400000002,"5,872.34",377.56,6.87,2026-04-08 16:01:24
488,웹툰,2.42,020120,키다리스튜디오,테마 편입 사유,3310.0,상승  30,0.91,3310.0,3315.0,316591.0,1063.0,79748.0,,,0.504862,-1.0484019400000002,"5,872.34",377.56,6.87,2026-04-08 16:01:24
488,웹툰,2.42,048910,대원미디어 *,테마 편입 사유,7350.0,상승  50,0.68,7340.0,7350.0,53750.0,394.0,31490.0,,,0.504862,-1.0484019400000002,"5,872.34",377.56,6.87,2026-04-08 16:01:24
488,웹툰,2.42,134580,탑코미디어 *,테마 편입 사유,1550.0,하락  63,-3.91,1550.0,1562.0,105232.0,164.0,43056.0,,,0.504862,-1.0484019400000002,"5,872.34",377.56,6.87,2026-04-08 16:01:24
60,육계,0.29,035810,이지홀딩스 *,테마 편입 사유,5710.0,상승  140,2.51,5700.0,5710.0,243818.0,1386.0,228166.0,,,0.179797,-0.9452053900000001,"5,872.34",377.56,6.87,2026-04-08 16:01:24
60,육계,0.29,066360,체리부로 *,테마 편입 사유,1135.0,상승  22,1.98,1134.0,1135.0,149119.0,168.0,161699.0,,,0.179797,-0.9452053900000001,"5,872.34",377.56,6.87,2026-04-08 16:01:24
60,육계,0.29,088910,동우팜투테이블 *,테마 편입 사유,2400.0,상승  25,1.05,2400.0,2410.0,66656.0,160.0,37761.0,,,0.179797,-0.9452053900000001,"5,872.34",377.56,6.87,2026-04-08 16:01:24
60,육계,0.29,339770,교촌에프앤비,테마 편입 사유,4160.0,상승  30,0.73,4160.0,4170.0,103433.0,431.0,36232.0,,,0.179797,-0.9452053900000001,"5,872.34",377.56,6.87,2026-04-08 16:01:24
60,육계,0.29,195500,마니커에프앤지 *,테마 편입 사유,2625.0,상승  5,0.19,2625.0,2630.0,43782.0,115.0,17811.0,,,0.179797,-0.9452053900000001,"5,872.34",377.56,6.87,2026-04-08 16:01:24
60,육계,0.29,290720,푸드나무 *,테마 편입 사유,3355.0,상승  5,0.15,3350.0,3355.0,44927.0,150.0,144794.0,,,0.179797,-0.9452053900000001,"5,872.34",377.56,6.87,2026-04-08 16:01:24
60,육계,0.29,027740,마니커,테마 편입 사유,810.0,하락  4,-0.49,809.0,810.0,215254.0,174.0,125732.0,,,0.179797,-0.9452053900000001,"5,872.34",377.56,6.87,2026-04-08 16:01:24
60,육계,0.29,136480,하림 *,테마 편입 사유,3160.0,하락  30,-0.94,3160.0,3170.0,733634.0,2328.0,450147.0,,,0.179797,-0.9452053900000001,"5,872.34",377.56,6.87,2026-04-08 16:01:24
60,육계,0.29,027710,팜스토리 *,테마 편입 사유,1342.0,하락  35,-2.54,1341.0,1342.0,1593632.0,2135.0,1357717.0,,,0.179797,-0.9452053900000001,"5,872.34",377.56,6.87,2026-04-08 16:01:24
105,사료,-0.68,003310,대주산업 *,테마 편입 사유,3540.0,상승  155,4.58,3535.0,3540.0,1344115.0,4790.0,648557.0,,,0.029914,-0.8855091800000001,"5,872.34",377.56,6.87,2026-04-08 16:01:24
105,사료,-0.68,136490,선진,테마 편입 사유,10300.0,상승  400,4.04,10300.0,10320.0,81786.0,837.0,62349.0,,,0.029914,-0.8855091800000001,"5,872.34",377.56,6.87,2026-04-08 16:01:24
105,사료,-0.68,035810,이지홀딩스 *,테마 편입 사유,5710.0,상승  140,2.51,5700.0,5710.0,243818.0,1386.0,228166.0,,,0.029914,-0.8855091800000001,"5,872.34",377.56,6.87,2026-04-08 16:01:24
105,사료,-0.68,060590,씨티씨바이오 *,테마 편입 사유,3710.0,상승  90,2.49,3710.0,3715.0,42169.0,156.0,57261.0,,,0.029914,-0.8855091800000001,"5,872.34",377.56,6.87,2026-04-08 16:01:24
105,사료,-0.68,036580,팜스코,테마 편입 사유,3330.0,상승  80,2.46,3330.0,3335.0,60062.0,199.0,250117.0,,,0.029914,-0.8855091800000001,"5,872.34",377.56,6.87,2026-04-08 16:01:24
105,사료,-0.68,018620,우진비앤지 *,테마 편입 사유,725.0,상승  3,0.42,725.0,729.0,54633.0,40.0,37494.0,,,0.029914,-0.8855091800000001,"5,872.34",377.56,6.87,2026-04-08 16:01:24
105,사료,-0.68,001790,대한제당,테마 편입 사유,2975.0,보합0,0.0,2970.0,2975.0,247470.0,736.0,242935.0,,,0.029914,-0.8855091800000001,"5,872.34",377.56,6.87,2026-04-08 16:01:24
105,사료,-0.68,353810,이지바이오 *,테마 편입 사유,7400.0,하락  10,-0.13,7380.0,7400.0,191309.0,1411.0,179833.0,,,0.029914,-0.8855091800000001,"5,872.34",377.56,6.87,2026-04-08 16:01:24
105,사료,-0.68,006980,우성,테마 편입 사유,22350.0,하락  100,-0.45,22300.0,22350.0,9069.0,205.0,9187.0,,,0.029914,-0.8855091800000001,"5,872.34",377.56,6.87,2026-04-08 16:01:24
105,사료,-0.68,025880,케이씨피드 *,테마 편입 사유,2890.0,하락  15,-0.52,2885.0,2890.0,108838.0,314.0,108860.0,,,0.029914,-0.8855091800000001,"5,872.34",377.56,6.87,2026-04-08 16:01:24
105,사료,-0.68,368970,오에스피 *,테마 편입 사유,1867.0,하락  23,-1.22,1867.0,1890.0,43275.0,82.0,39262.0,,,0.029914,-0.8855091800000001,"5,872.34",377.56,6.87,2026-04-08 16:01:24
105,사료,-0.68,008040,사조동아원,테마 편입 사유,1002.0,하락  13,-1.28,1002.0,1004.0,383080.0,384.0,397355.0,,,0.029914,-0.8855091800000001,"5,872.34",377.56,6.87,2026-04-08 16:01:24
105,사료,-0.68,179530,애드바이오텍 *,테마 편입 사유,2920.0,하락  55,-1.85,2920.0,2930.0,208203.0,601.0,217757.0,,,0.029914,-0.8855091800000001,"5,872.34",377.56,6.87,2026-04-08 16:01:24
105,사료,-0.68,027710,팜스토리 *,테마 편입 사유,1342.0,하락  35,-2.54,1341.0,1342.0,1593632.0,2135.0,1357717.0,,,0.029914,-0.8855091800000001,"5,872.34",377.56,6.87,2026-04-08 16:01:24
105,사료,-0.68,218150,미래생명자원 *,테마 편입 사유,2965.0,하락  100,-3.26,2965.0,2970.0,446461.0,1325.0,344247.0,,,0.029914,-0.8855091800000001,"5,872.34",377.56,6.87,2026-04-08 16:01:24
105,사료,-0.68,002140,고려산업,테마 편입 사유,2645.0,하락  95,-3.47,2645.0,2650.0,575716.0,1525.0,301651.0,,,0.029914,-0.8855091800000001,"5,872.34",377.56,6.87,2026-04-08 16:01:24
105,사료,-0.68,002680,한탑 *,테마 편입 사유,725.0,하락  35,-4.61,723.0,725.0,447817.0,325.0,425934.0,,,0.029914,-0.8855091800000001,"5,872.34",377.56,6.87,2026-04-08 16:01:24
105,사료,-0.68,005860,한일사료 *,테마 편입 사유,3790.0,하락  390,-9.33,3790.0,3795.0,4539992.0,17091.0,5207887.0,,,0.029914,-0.8855091800000001,"5,872.34",377.56,6.87,2026-04-08 16:01:24
500,폐배터리,3.47,010780,아이에스동서,테마 편입 사유,28650.0,"상승  2,400",9.14,28350.0,28650.0,98491.0,2790.0,63269.0,,,0.624483,-0.8201982099999996,"5,872.34",377.56,6.87,2026-04-08 16:01:24
500,폐배터리,3.47,217820,원익피앤이 *,테마 편입 사유,3140.0,상승  230,7.9,3140.0,3145.0,293793.0,905.0,200424.0,,,0.624483,-0.8201982099999996,"5,872.34",377.56,6.87,2026-04-08 16:01:24
500,폐배터리,3.47,005380,현대차,테마 편입 사유,508000.0,"상승  35,000",7.4,507000.0,508000.0,1289461.0,646774.0,704114.0,,,0.624483,-0.8201982099999996,"5,872.34",377.56,6.87,2026-04-08 16:01:24
500,폐배터리,3.47,047310,파워로직스 *,테마 편입 사유,4735.0,상승  260,5.81,4735.0,4740.0,165718.0,778.0,124612.0,,,0.624483,-0.8201982099999996,"5,872.34",377.56,6.87,2026-04-08 16:01:24
500,폐배터리,3.47,086520,에코프로 *,테마 편입 사유,153100.0,"상승  8,300",5.73,153000.0,153100.0,1297197.0,196681.0,1853180.0,,,0.624483,-0.8201982099999996,"5,872.34",377.56,6.87,2026-04-08 16:01:24
500,폐배터리,3.47,299030,하나기술 *,테마 편입 사유,26600.0,"상승  1,400",5.56,26600.0,26650.0,32034.0,842.0,47887.0,,,0.624483,-0.8201982099999996,"5,872.34",377.56,6.87,2026-04-08 16:01:24
500,폐배터리,3.47,267320,나인테크 *,테마 편입 사유,3090.0,상승  155,5.28,3090.0,3100.0,743166.0,2270.0,597470.0,,,0.624483,-0.8201982099999996,"5,872.34",377.56,6.87,2026-04-08 16:01:24
500,폐배터리,3.47,005490,POSCO홀딩스,테마 편입 사유,362500.0,"상승  17,000",4.92,362000.0,362500.0,454015.0,162722.0,272984.0,,,0.624483,-0.8201982099999996,"5,872.34",377.56,6.87,2026-04-08 16:01:24
500,폐배터리,3.47,256940,킵스파마 *,테마 편입 사유,7810.0,상승  340,4.55,7780.0,7810.0,64899.0,503.0,54382.0,,,0.624483,-0.8201982099999996,"5,872.34",377.56,6.87,2026-04-08 16:01:24
500,폐배터리,3.47,005420,코스모화학,테마 편입 사유,15970.0,상승  590,3.84,15960.0,15970.0,189812.0,3002.0,436935.0,,,0.624483,-0.8201982099999996,"5,872.34",377.56,6.87,2026-04-08 16:01:24
500,폐배터리,3.47,107600,새빗켐 *,테마 편입 사유,27900.0,"상승  1,000",3.72,27900.0,28000.0,57104.0,1576.0,403791.0,,,0.624483,-0.8201982099999996,"5,872.34",377.56,6.87,2026-04-08 16:01:24
500,폐배터리,3.47,076080,웰크론한텍 *,테마 편입 사유,1232.0,상승  41,3.44,1230.0,1232.0,264481.0,334.0,51270.0,,,0.624483,-0.8201982099999996,"5,872.34",377.56,6.87,2026-04-08 16:01:24
500,폐배터리,3.47,377330,이지트로닉스 *,테마 편입 사유,3460.0,상승  95,2.82,3425.0,3460.0,13113.0,45.0,24129.0,,,0.624483,-0.8201982099999996,"5,872.34",377.56,6.87,2026-04-08 16:01:24
500,폐배터리,3.47,004250,NPC,테마 편입 사유,3925.0,상승  65,1.68,3915.0,3925.0,68995.0,269.0,62722.0,,,0.624483,-0.8201982099999996,"5,872.34",377.56,6.87,2026-04-08 16:01:24
500,폐배터리,3.47,265560,영화테크 *,테마 편입 사유,8690.0,상승  130,1.52,8650.0,8690.0,35857.0,309.0,38964.0,,,0.624483,-0.8201982099999996,"5,872.34",377.56,6.87,2026-04-08 16:01:24
500,폐배터리,3.47,060150,인선이엔티 *,테마 편입 사유,4100.0,상승  40,0.99,4100.0,4110.0,91950.0,377.0,72760.0,,,0.624483,-0.8201982099999996,"5,872.34",377.56,6.87,2026-04-08 16:01:24
500,폐배터리,3.47,373220,LG에너지솔루션,테마 편입 사유,406000.0,"하락  2,500",-0.61,405500.0,406000.0,521932.0,211682.0,311134.0,,,0.624483,-0.8201982099999996,"5,872.34",377.56,6.87,2026-04-08 16:01:24
500,폐배터리,3.47,365340,성일하이텍 *,테마 편입 사유,66000.0,하락  500,-0.75,66000.0,66100.0,168186.0,11065.0,302605.0,,,0.624483,-0.8201982099999996,"5,872.34",377.56,6.87,2026-04-08 16:01:24
500,폐배터리,3.47,096770,SK이노베이션,테마 편입 사유,120400.0,"하락  1,400",-1.15,120300.0,120400.0,807415.0,96313.0,690065.0,,,0.624483,-0.8201982099999996,"5,872.34",377.56,6.87,2026-04-08 16:01:24
500,폐배터리,3.47,017860,DS단석,테마 편입 사유,18800.0,하락  450,-2.34,18800.0,18810.0,175071.0,3295.0,199503.0,,,0.624483,-0.8201982099999996,"5,872.34",377.56,6.87,2026-04-08 16:01:24
489,카카오뱅크(kakao BANK),2.77,071050,한국금융지주,테마 편입 사유,239000.0,"상승  26,000",12.21,238500.0,239000.0,363231.0,85428.0,190124.0,,,0.519386,-0.7981818199999999,"5,872.34",377.56,6.87,2026-04-08 16:01:24
489,카카오뱅크(kakao BANK),2.77,105560,KB금융,테마 편입 사유,156000.0,"상승  9,300",6.34,155900.0,156000.0,1250361.0,196527.0,684382.0,,,0.519386,-0.7981818199999999,"5,872.34",377.56,6.87,2026-04-08 16:01:24
489,카카오뱅크(kakao BANK),2.77,323410,카카오뱅크,테마 편입 사유,24850.0,"상승  1,200",5.07,24850.0,24900.0,985979.0,24459.0,723528.0,,,0.519386,-0.7981818199999999,"5,872.34",377.56,6.87,2026-04-08 16:01:24
489,카카오뱅크(kakao BANK),2.77,203650,드림시큐리티 *,테마 편입 사유,1653.0,상승  76,4.82,1653.0,1654.0,985939.0,1625.0,282345.0,,,0.519386,-0.7981818199999999,"5,872.34",377.56,6.87,2026-04-08 16:01:24
489,카카오뱅크(kakao BANK),2.77,205100,엑셈 *,테마 편입 사유,1774.0,상승  58,3.38,1774.0,1782.0,236497.0,420.0,317843.0,,,0.519386,-0.7981818199999999,"5,872.34",377.56,6.87,2026-04-08 16:01:24
489,카카오뱅크(kakao BANK),2.77,035720,카카오,테마 편입 사유,47850.0,"상승  1,450",3.13,47850.0,47900.0,1615185.0,77275.0,1991813.0,,,0.519386,-0.7981818199999999,"5,872.34",377.56,6.87,2026-04-08 16:01:24
489,카카오뱅크(kakao BANK),2.77,053280,예스24 *,테마 편입 사유,3450.0,상승  35,1.02,3445.0,3450.0,23184.0,80.0,12183.0,,,0.519386,-0.7981818199999999,"5,872.34",377.56,6.87,2026-04-08 16:01:24
489,카카오뱅크(kakao BANK),2.77,039290,인포뱅크 *,테마 편입 사유,4740.0,상승  40,0.85,4740.0,4745.0,32288.0,152.0,323255.0,,,0.519386,-0.7981818199999999,"5,872.34",377.56,6.87,2026-04-08 16:01:24
489,카카오뱅크(kakao BANK),2.77,016450,한세예스24홀딩스,테마 편입 사유,4315.0,상승  35,0.82,4315.0,4330.0,14619.0,63.0,24120.0,,,0.519386,-0.7981818199999999,"5,872.34",377.56,6.87,2026-04-08 16:01:24
489,카카오뱅크(kakao BANK),2.77,053350,이니텍 *,테마 편입 사유,3050.0,보합0,0.0,3050.0,3055.0,44808.0,138.0,41424.0,,,0.519386,-0.7981818199999999,"5,872.34",377.56,6.87,2026-04-08 16:01:24
489,카카오뱅크(kakao BANK),2.77,131370,알서포트 *,테마 편입 사유,2400.0,하락  185,-7.16,2395.0,2400.0,1517087.0,3666.0,2370455.0,,,0.519386,-0.7981818199999999,"5,872.34",377.56,6.87,2026-04-08 16:01:24
534,페라이트,1.03,009470,삼화전기,테마 편입 사유,37950.0,"상승  2,850",8.12,37900.0,37950.0,59929.0,2235.0,44509.0,,,0.261044,-0.76337228,"5,872.34",377.56,6.87,2026-04-08 16:01:24
534,페라이트,1.03,004710,한솔테크닉스,테마 편입 사유,4870.0,상승  250,5.41,4870.0,4895.0,149923.0,720.0,100551.0,,,0.261044,-0.76337228,"5,872.34",377.56,6.87,2026-04-08 16:01:24
534,페라이트,1.03,095500,미래나노텍 *,테마 편입 사유,9650.0,상승  490,5.35,9640.0,9650.0,185433.0,1766.0,215350.0,,,0.261044,-0.76337228,"5,872.34",377.56,6.87,2026-04-08 16:01:24
534,페라이트,1.03,125210,아모그린텍 *,테마 편입 사유,8820.0,상승  320,3.76,8810.0,8820.0,206375.0,1801.0,300803.0,,,0.261044,-0.76337228,"5,872.34",377.56,6.87,2026-04-08 16:01:24
534,페라이트,1.03,263810,상신전자 *,테마 편입 사유,2810.0,상승  50,1.81,2805.0,2810.0,44312.0,124.0,230684.0,,,0.261044,-0.76337228,"5,872.34",377.56,6.87,2026-04-08 16:01:24
534,페라이트,1.03,079190,케스피온 *,테마 편입 사유,330.0,상승  5,1.54,330.0,331.0,2246844.0,774.0,3417065.0,,,0.261044,-0.76337228,"5,872.34",377.56,6.87,2026-04-08 16:01:24
534,페라이트,1.03,101240,씨큐브 *,테마 편입 사유,3840.0,상승  40,1.05,3835.0,3840.0,11777.0,45.0,15746.0,,,0.261044,-0.76337228,"5,872.34",377.56,6.87,2026-04-08 16:01:24
534,페라이트,1.03,037370,EG *,테마 편입 사유,5090.0,상승  40,0.79,5060.0,5090.0,15664.0,79.0,18683.0,,,0.261044,-0.76337228,"5,872.34",377.56,6.87,2026-04-08 16:01:24
534,페라이트,1.03,007770,한일화학 *,테마 편입 사유,7770.0,상승  50,0.65,7760.0,7850.0,13598.0,103.0,3592.0,,,0.261044,-0.76337228,"5,872.34",377.56,6.87,2026-04-08 16:01:24
534,페라이트,1.03,015890,태경산업,테마 편입 사유,4885.0,보합0,0.0,4885.0,4890.0,46340.0,226.0,122231.0,,,0.261044,-0.76337228,"5,872.34",377.56,6.87,2026-04-08 16:01:24
534,페라이트,1.03,148250,알엔투테크놀로지 *,테마 편입 사유,3535.0,하락  15,-0.42,3535.0,3540.0,435492.0,1554.0,372684.0,,,0.261044,-0.76337228,"5,872.34",377.56,6.87,2026-04-08 16:01:24
534,페라이트,1.03,047400,유니온머티리얼,테마 편입 사유,1590.0,하락  40,-2.45,1588.0,1590.0,624619.0,997.0,342142.0,,,0.261044,-0.76337228,"5,872.34",377.56,6.87,2026-04-08 16:01:24
534,페라이트,1.03,011230,삼화전자,테마 편입 사유,2480.0,하락  75,-2.94,2480.0,2490.0,207387.0,514.0,76659.0,,,0.261044,-0.76337228,"5,872.34",377.56,6.87,2026-04-08 16:01:24
534,페라이트,1.03,357580,아모센스 *,테마 편입 사유,13670.0,"하락  1,230",-8.26,13650.0,13670.0,866347.0,12096.0,518025.0,,,0.261044,-0.76337228,"5,872.34",377.56,6.87,2026-04-08 16:01:24
323,셰일가스(Shale Gas),3.42,101170,우림피티에스 *,테마 편입 사유,13580.0,"상승  1,350",11.04,13530.0,13580.0,175660.0,2320.0,69670.0,,,0.603403,-0.7253786099999999,"5,872.34",377.56,6.87,2026-04-08 16:01:24
323,셰일가스(Shale Gas),3.42,100840,SNT에너지,테마 편입 사유,55800.0,"상승  5,100",10.06,55700.0,55800.0,759246.0,41513.0,430100.0,,,0.603403,-0.7253786099999999,"5,872.34",377.56,6.87,2026-04-08 16:01:24
323,셰일가스(Shale Gas),3.42,015760,한국전력,테마 편입 사유,43900.0,"상승  4,000",10.03,43900.0,43950.0,3925621.0,172713.0,1944785.0,,,0.603403,-0.7253786099999999,"5,872.34",377.56,6.87,2026-04-08 16:01:24
323,셰일가스(Shale Gas),3.42,034020,두산에너빌리티,테마 편입 사유,101200.0,"상승  6,300",6.64,101200.0,101300.0,4010457.0,403209.0,2102382.0,,,0.603403,-0.7253786099999999,"5,872.34",377.56,6.87,2026-04-08 16:01:24
323,셰일가스(Shale Gas),3.42,083650,비에이치아이 *,테마 편입 사유,94700.0,"상승  4,900",5.46,94700.0,94800.0,375633.0,35472.0,228318.0,,,0.603403,-0.7253786099999999,"5,872.34",377.56,6.87,2026-04-08 16:01:24
323,셰일가스(Shale Gas),3.42,036460,한국가스공사,테마 편입 사유,36150.0,"상승  1,350",3.88,36150.0,36200.0,319241.0,11531.0,128050.0,,,0.603403,-0.7253786099999999,"5,872.34",377.56,6.87,2026-04-08 16:01:24
323,셰일가스(Shale Gas),3.42,017960,한국카본,테마 편입 사유,44000.0,"상승  1,300",3.04,43950.0,44000.0,493804.0,21479.0,612734.0,,,0.603403,-0.7253786099999999,"5,872.34",377.56,6.87,2026-04-08 16:01:24
323,셰일가스(Shale Gas),3.42,017940,E1,테마 편입 사유,96700.0,상승  900,0.94,96700.0,96800.0,19791.0,1898.0,11563.0,,,0.603403,-0.7253786099999999,"5,872.34",377.56,6.87,2026-04-08 16:01:24
323,셰일가스(Shale Gas),3.42,002360,SH에너지화학,테마 편입 사유,410.0,하락  14,-3.3,409.0,410.0,2323616.0,938.0,2124798.0,,,0.603403,-0.7253786099999999,"5,872.34",377.56,6.87,2026-04-08 16:01:24
323,셰일가스(Shale Gas),3.42,047050,포스코인터내셔널,테마 편입 사유,73400.0,"하락  3,300",-4.3,73400.0,73500.0,1660870.0,121847.0,928357.0,,,0.603403,-0.7253786099999999,"5,872.34",377.56,6.87,2026-04-08 16:01:24
323,셰일가스(Shale Gas),3.42,018670,SK가스,테마 편입 사유,243000.0,"하락  15,000",-5.81,242500.0,243000.0,59412.0,14418.0,36099.0,,,0.603403,-0.7253786099999999,"5,872.34",377.56,6.87,2026-04-08 16:01:24
435,재택근무/스마트워크,1.3,038680,에스넷 *,테마 편입 사유,4040.0,상승  355,9.63,4040.0,4050.0,3879479.0,16048.0,382193.0,,,0.287755,-0.67687685,"5,872.34",377.56,6.87,2026-04-08 16:01:24
435,재택근무/스마트워크,1.3,181710,NHN,테마 편입 사유,37150.0,"상승  1,600",4.5,37050.0,37150.0,50969.0,1878.0,29296.0,,,0.287755,-0.67687685,"5,872.34",377.56,6.87,2026-04-08 16:01:24
435,재택근무/스마트워크,1.3,041020,폴라리스오피스 *,테마 편입 사유,4300.0,상승  150,3.61,4295.0,4300.0,1143676.0,4944.0,340024.0,,,0.287755,-0.67687685,"5,872.34",377.56,6.87,2026-04-08 16:01:24
435,재택근무/스마트워크,1.3,033320,제이씨현시스템 *,테마 편입 사유,4800.0,상승  150,3.23,4800.0,4805.0,239146.0,1140.0,154174.0,,,0.287755,-0.67687685,"5,872.34",377.56,6.87,2026-04-08 16:01:24
435,재택근무/스마트워크,1.3,173130,오파스넷 *,테마 편입 사유,7450.0,상승  230,3.19,7440.0,7450.0,86450.0,642.0,81652.0,,,0.287755,-0.67687685,"5,872.34",377.56,6.87,2026-04-08 16:01:24
435,재택근무/스마트워크,1.3,290270,휴네시온 *,테마 편입 사유,3515.0,상승  80,2.33,3510.0,3515.0,49483.0,174.0,25068.0,,,0.287755,-0.67687685,"5,872.34",377.56,6.87,2026-04-08 16:01:24
435,재택근무/스마트워크,1.3,150900,파수 *,테마 편입 사유,3450.0,상승  50,1.47,3440.0,3450.0,51173.0,176.0,11901.0,,,0.287755,-0.67687685,"5,872.34",377.56,6.87,2026-04-08 16:01:24
435,재택근무/스마트워크,1.3,094280,효성ITX,테마 편입 사유,12370.0,상승  100,0.81,12370.0,12400.0,11680.0,144.0,4439.0,,,0.287755,-0.67687685,"5,872.34",377.56,6.87,2026-04-08 16:01:24
435,재택근무/스마트워크,1.3,042500,링네트 *,테마 편입 사유,4045.0,상승  20,0.5,4040.0,4045.0,184778.0,745.0,158154.0,,,0.287755,-0.67687685,"5,872.34",377.56,6.87,2026-04-08 16:01:24
435,재택근무/스마트워크,1.3,060850,영림원소프트랩 *,테마 편입 사유,6060.0,상승  20,0.33,6050.0,6060.0,4198.0,25.0,6430.0,,,0.287755,-0.67687685,"5,872.34",377.56,6.87,2026-04-08 16:01:24
435,재택근무/스마트워크,1.3,012510,더존비즈온,테마 편입 사유,119200.0,하락  100,-0.08,119200.0,119500.0,36423.0,4345.0,10856.0,,,0.287755,-0.67687685,"5,872.34",377.56,6.87,2026-04-08 16:01:24
435,재택근무/스마트워크,1.3,189690,포시에스 *,테마 편입 사유,1958.0,하락  2,-0.1,1958.0,1960.0,40611.0,79.0,47375.0,,,0.287755,-0.67687685,"5,872.34",377.56,6.87,2026-04-08 16:01:24
435,재택근무/스마트워크,1.3,036630,세종텔레콤 *,테마 편입 사유,11130.0,하락  20,-0.18,11130.0,11150.0,74510.0,848.0,57438.0,,,0.287755,-0.67687685,"5,872.34",377.56,6.87,2026-04-08 16:01:24
435,재택근무/스마트워크,1.3,258790,소프트캠프 *,테마 편입 사유,1325.0,하락  5,-0.38,1322.0,1325.0,87929.0,117.0,85204.0,,,0.287755,-0.67687685,"5,872.34",377.56,6.87,2026-04-08 16:01:24
435,재택근무/스마트워크,1.3,067010,이씨에스 *,테마 편입 사유,2230.0,하락  20,-0.89,2230.0,2245.0,36472.0,81.0,42617.0,,,0.287755,-0.67687685,"5,872.34",377.56,6.87,2026-04-08 16:01:24
435,재택근무/스마트워크,1.3,131370,알서포트 *,테마 편입 사유,2400.0,하락  185,-7.16,2395.0,2400.0,1517087.0,3666.0,2370455.0,,,0.287755,-0.67687685,"5,872.34",377.56,6.87,2026-04-08 16:01:24
16,구제역/광우병 수혜,0.48,025870,신라에스지 *,테마 편입 사유,4590.0,상승  160,3.61,4525.0,4590.0,6424.0,29.0,13228.0,,,0.168139,-0.6751149300000001,"5,872.34",377.56,6.87,2026-04-08 16:01:24
16,구제역/광우병 수혜,0.48,007160,사조산업,테마 편입 사유,53200.0,"상승  1,700",3.3,53000.0,53200.0,5689.0,303.0,2172.0,,,0.168139,-0.6751149300000001,"5,872.34",377.56,6.87,2026-04-08 16:01:24
16,구제역/광우병 수혜,0.48,006040,동원산업,테마 편입 사유,38250.0,"상승  1,000",2.68,38250.0,38300.0,46909.0,1797.0,37937.0,,,0.168139,-0.6751149300000001,"5,872.34",377.56,6.87,2026-04-08 16:01:24
16,구제역/광우병 수혜,0.48,035810,이지홀딩스 *,테마 편입 사유,5710.0,상승  140,2.51,5700.0,5710.0,243818.0,1386.0,228166.0,,,0.168139,-0.6751149300000001,"5,872.34",377.56,6.87,2026-04-08 16:01:24
16,구제역/광우병 수혜,0.48,036480,대성미생물 *,테마 편입 사유,7560.0,상승  170,2.3,7550.0,7560.0,27273.0,203.0,25706.0,,,0.168139,-0.6751149300000001,"5,872.34",377.56,6.87,2026-04-08 16:01:24
16,구제역/광우병 수혜,0.48,003960,사조대림,테마 편입 사유,32000.0,상승  550,1.75,32000.0,32050.0,3101.0,99.0,1779.0,,,0.168139,-0.6751149300000001,"5,872.34",377.56,6.87,2026-04-08 16:01:24
16,구제역/광우병 수혜,0.48,030720,동원수산,테마 편입 사유,6030.0,상승  90,1.52,6030.0,6040.0,30360.0,182.0,31483.0,,,0.168139,-0.6751149300000001,"5,872.34",377.56,6.87,2026-04-08 16:01:24
16,구제역/광우병 수혜,0.48,011150,CJ씨푸드,테마 편입 사유,2685.0,상승  30,1.13,2680.0,2685.0,149938.0,401.0,61394.0,,,0.168139,-0.6751149300000001,"5,872.34",377.56,6.87,2026-04-08 16:01:24
16,구제역/광우병 수혜,0.48,088910,동우팜투테이블 *,테마 편입 사유,2400.0,상승  25,1.05,2400.0,2410.0,66656.0,160.0,37761.0,,,0.168139,-0.6751149300000001,"5,872.34",377.56,6.87,2026-04-08 16:01:24
16,구제역/광우병 수혜,0.48,014580,태경비케이,테마 편입 사유,4475.0,상승  45,1.02,4465.0,4475.0,94956.0,423.0,77369.0,,,0.168139,-0.6751149300000001,"5,872.34",377.56,6.87,2026-04-08 16:01:24
16,구제역/광우병 수혜,0.48,004970,신라교역,테마 편입 사유,9580.0,상승  80,0.84,9540.0,9580.0,17762.0,169.0,3001.0,,,0.168139,-0.6751149300000001,"5,872.34",377.56,6.87,2026-04-08 16:01:24
16,구제역/광우병 수혜,0.48,208140,정다운 *,테마 편입 사유,2470.0,상승  20,0.82,2465.0,2470.0,48181.0,119.0,61778.0,,,0.168139,-0.6751149300000001,"5,872.34",377.56,6.87,2026-04-08 16:01:24
16,구제역/광우병 수혜,0.48,006090,사조오양,테마 편입 사유,8210.0,상승  40,0.49,8210.0,8240.0,3724.0,30.0,657.0,,,0.168139,-0.6751149300000001,"5,872.34",377.56,6.87,2026-04-08 16:01:24
16,구제역/광우병 수혜,0.48,018620,우진비앤지 *,테마 편입 사유,725.0,상승  3,0.42,725.0,729.0,54633.0,40.0,37494.0,,,0.168139,-0.6751149300000001,"5,872.34",377.56,6.87,2026-04-08 16:01:24
16,구제역/광우병 수혜,0.48,003680,한성기업,테마 편입 사유,5040.0,보합0,0.0,5040.0,5060.0,9511.0,47.0,21070.0,,,0.168139,-0.6751149300000001,"5,872.34",377.56,6.87,2026-04-08 16:01:24
16,구제역/광우병 수혜,0.48,006980,우성,테마 편입 사유,22350.0,하락  100,-0.45,22300.0,22350.0,9069.0,205.0,9187.0,,,0.168139,-0.6751149300000001,"5,872.34",377.56,6.87,2026-04-08 16:01:24
16,구제역/광우병 수혜,0.48,027740,마니커,테마 편입 사유,810.0,하락  4,-0.49,809.0,810.0,215254.0,174.0,125732.0,,,0.168139,-0.6751149300000001,"5,872.34",377.56,6.87,2026-04-08 16:01:24
16,구제역/광우병 수혜,0.48,136480,하림 *,테마 편입 사유,3160.0,하락  30,-0.94,3160.0,3170.0,733634.0,2328.0,450147.0,,,0.168139,-0.6751149300000001,"5,872.34",377.56,6.87,2026-04-08 16:01:24
16,구제역/광우병 수혜,0.48,027710,팜스토리 *,테마 편입 사유,1342.0,하락  35,-2.54,1341.0,1342.0,1593632.0,2135.0,1357717.0,,,0.168139,-0.6751149300000001,"5,872.34",377.56,6.87,2026-04-08 16:01:24
16,구제역/광우병 수혜,0.48,005860,한일사료 *,테마 편입 사유,3790.0,하락  390,-9.33,3790.0,3795.0,4539992.0,17091.0,5207887.0,,,0.168139,-0.6751149300000001,"5,872.34",377.56,6.87,2026-04-08 16:01:24
402,아스콘(아스팔트 콘크리트),0.29,023410,유진기업 *,테마 편입 사유,4165.0,상승  275,7.07,4165.0,4170.0,469972.0,1916.0,177974.0,,,0.134931,-0.63697597,"5,872.34",377.56,6.87,2026-04-08 16:01:24
402,아스콘(아스팔트 콘크리트),0.29,255220,SG *,테마 편입 사유,2865.0,상승  115,4.18,2865.0,2870.0,11652630.0,33281.0,2426906.0,,,0.134931,-0.63697597,"5,872.34",377.56,6.87,2026-04-08 16:01:24
402,아스콘(아스팔트 콘크리트),0.29,031820,아이티센씨티에스,테마 편입 사유,701.0,상승  20,2.94,700.0,701.0,602938.0,420.0,696445.0,,,0.134931,-0.63697597,"5,872.34",377.56,6.87,2026-04-08 16:01:24
402,아스콘(아스팔트 콘크리트),0.29,060560,HC홈센타 *,테마 편입 사유,865.0,상승  16,1.88,864.0,865.0,278825.0,238.0,218106.0,,,0.134931,-0.63697597,"5,872.34",377.56,6.87,2026-04-08 16:01:24
402,아스콘(아스팔트 콘크리트),0.29,013810,스페코 *,테마 편입 사유,2880.0,상승  40,1.41,2880.0,2900.0,420089.0,1203.0,290155.0,,,0.134931,-0.63697597,"5,872.34",377.56,6.87,2026-04-08 16:01:24
402,아스콘(아스팔트 콘크리트),0.29,225530,HC보광산업 *,테마 편입 사유,4055.0,상승  35,0.87,4055.0,4080.0,100040.0,406.0,142235.0,,,0.134931,-0.63697597,"5,872.34",377.56,6.87,2026-04-08 16:01:24
402,아스콘(아스팔트 콘크리트),0.29,048830,엔피케이 *,테마 편입 사유,1049.0,하락  5,-0.47,1044.0,1049.0,101764.0,106.0,127436.0,,,0.134931,-0.63697597,"5,872.34",377.56,6.87,2026-04-08 16:01:24
402,아스콘(아스팔트 콘크리트),0.29,014530,극동유화,테마 편입 사유,3765.0,하락  190,-4.8,3765.0,3790.0,1085696.0,4084.0,1125013.0,,,0.134931,-0.63697597,"5,872.34",377.56,6.87,2026-04-08 16:01:24
402,아스콘(아스팔트 콘크리트),0.29,004090,한국석유,테마 편입 사유,15300.0,"하락  1,790",-10.47,15300.0,15310.0,1304442.0,19981.0,3521322.0,,,0.134931,-0.63697597,"5,872.34",377.56,6.87,2026-04-08 16:01:24
385,키오스크(KIOSK),2.75,089150,케이씨티 *,테마 편입 사유,3735.0,상승  255,7.33,3735.0,3740.0,1212322.0,4477.0,638928.0,,,0.492421,-0.63293227,"5,872.34",377.56,6.87,2026-04-08 16:01:24
385,키오스크(KIOSK),2.75,094940,푸른기술 *,테마 편입 사유,9700.0,상승  550,6.01,9650.0,9700.0,97051.0,929.0,51123.0,,,0.492421,-0.63293227,"5,872.34",377.56,6.87,2026-04-08 16:01:24
385,키오스크(KIOSK),2.75,115500,케이씨에스 *,테마 편입 사유,9360.0,상승  310,3.43,9360.0,9370.0,543875.0,5255.0,70859.0,,,0.492421,-0.63293227,"5,872.34",377.56,6.87,2026-04-08 16:01:24
385,키오스크(KIOSK),2.75,052600,한네트 *,테마 편입 사유,3765.0,상승  100,2.73,3745.0,3765.0,98062.0,368.0,88567.0,,,0.492421,-0.63293227,"5,872.34",377.56,6.87,2026-04-08 16:01:24
385,키오스크(KIOSK),2.75,004920,씨아이테크,테마 편입 사유,1082.0,상승  25,2.37,1068.0,1082.0,145985.0,155.0,60393.0,,,0.492421,-0.63293227,"5,872.34",377.56,6.87,2026-04-08 16:01:24
385,키오스크(KIOSK),2.75,105760,포스뱅크 *,테마 편입 사유,5390.0,상승  120,2.28,5380.0,5390.0,47363.0,253.0,26741.0,,,0.492421,-0.63293227,"5,872.34",377.56,6.87,2026-04-08 16:01:24
385,키오스크(KIOSK),2.75,063570,NICE인프라 *,테마 편입 사유,3975.0,상승  50,1.27,3965.0,3975.0,50716.0,201.0,8629.0,,,0.492421,-0.63293227,"5,872.34",377.56,6.87,2026-04-08 16:01:24
385,키오스크(KIOSK),2.75,136540,윈스테크넷 *,테마 편입 사유,11300.0,상승  100,0.89,11290.0,11300.0,11004.0,124.0,20429.0,,,0.492421,-0.63293227,"5,872.34",377.56,6.87,2026-04-08 16:01:24
385,키오스크(KIOSK),2.75,101140,인바이오젠,테마 편입 사유,8200.0,상승  50,0.61,8190.0,8200.0,13600.0,111.0,18237.0,,,0.492421,-0.63293227,"5,872.34",377.56,6.87,2026-04-08 16:01:24
385,키오스크(KIOSK),2.75,177830,파버나인 *,테마 편입 사유,2765.0,상승  15,0.55,2760.0,2765.0,18814.0,52.0,10028.0,,,0.492421,-0.63293227,"5,872.34",377.56,6.87,2026-04-08 16:01:24
379,항공기부품,3.35,274090,켄코아에어로스페이스 *,테마 편입 사유,20400.0,"상승  2,200",12.09,20300.0,20400.0,415061.0,8176.0,223916.0,,,0.563288,-0.5197885599999998,"5,872.34",377.56,6.87,2026-04-08 16:01:24
379,항공기부품,3.35,003490,대한항공,테마 편입 사유,24950.0,"상승  1,850",8.01,24900.0,24950.0,2838015.0,70402.0,850872.0,,,0.563288,-0.5197885599999998,"5,872.34",377.56,6.87,2026-04-08 16:01:24
379,항공기부품,3.35,067390,아스트 *,테마 편입 사유,760.0,상승  54,7.65,759.0,760.0,1862544.0,1386.0,598612.0,,,0.563288,-0.5197885599999998,"5,872.34",377.56,6.87,2026-04-08 16:01:24
379,항공기부품,3.35,034020,두산에너빌리티,테마 편입 사유,101200.0,"상승  6,300",6.64,101200.0,101300.0,4010457.0,403209.0,2102382.0,,,0.563288,-0.5197885599999998,"5,872.34",377.56,6.87,2026-04-08 16:01:24
379,항공기부품,3.35,011210,현대위아,테마 편입 사유,79800.0,"상승  4,200",5.56,79800.0,79900.0,110024.0,8702.0,82956.0,,,0.563288,-0.5197885599999998,"5,872.34",377.56,6.87,2026-04-08 16:01:24
379,항공기부품,3.35,017960,한국카본,테마 편입 사유,44000.0,"상승  1,300",3.04,43950.0,44000.0,493804.0,21479.0,612734.0,,,0.563288,-0.5197885599999998,"5,872.34",377.56,6.87,2026-04-08 16:01:24
379,항공기부품,3.35,046120,오르비텍 *,테마 편입 사유,10820.0,상승  250,2.37,10820.0,10830.0,3480038.0,38032.0,3486931.0,,,0.563288,-0.5197885599999998,"5,872.34",377.56,6.87,2026-04-08 16:01:24
379,항공기부품,3.35,221840,하이즈항공 *,테마 편입 사유,2600.0,상승  60,2.36,2595.0,2600.0,32057.0,83.0,55693.0,,,0.563288,-0.5197885599999998,"5,872.34",377.56,6.87,2026-04-08 16:01:24
379,항공기부품,3.35,047810,한국항공우주,테마 편입 사유,190400.0,"상승  4,100",2.2,190300.0,190400.0,590829.0,111743.0,466845.0,,,0.563288,-0.5197885599999998,"5,872.34",377.56,6.87,2026-04-08 16:01:24
379,항공기부품,3.35,215090,솔디펜스 *,테마 편입 사유,2655.0,상승  30,1.14,2655.0,2680.0,101618.0,271.0,69071.0,,,0.563288,-0.5197885599999998,"5,872.34",377.56,6.87,2026-04-08 16:01:24
379,항공기부품,3.35,079550,LIG넥스원,테마 편입 사유,833000.0,"상승  6,000",0.73,833000.0,834000.0,412630.0,340466.0,471547.0,,,0.563288,-0.5197885599999998,"5,872.34",377.56,6.87,2026-04-08 16:01:24
379,항공기부품,3.35,095190,이엠코리아 *,테마 편입 사유,2380.0,상승  5,0.21,2375.0,2380.0,224403.0,535.0,216139.0,,,0.563288,-0.5197885599999998,"5,872.34",377.56,6.87,2026-04-08 16:01:24
379,항공기부품,3.35,005870,휴니드,테마 편입 사유,8360.0,하락  140,-1.65,8350.0,8360.0,291205.0,2439.0,223297.0,,,0.563288,-0.5197885599999998,"5,872.34",377.56,6.87,2026-04-08 16:01:24
379,항공기부품,3.35,012450,한화에어로스페이스,테마 편입 사유,1484000.0,"하락  53,000",-3.45,1481000.0,1484000.0,286944.0,423221.0,273390.0,,,0.563288,-0.5197885599999998,"5,872.34",377.56,6.87,2026-04-08 16:01:24
285,마스크,0.79,047770,코데즈컴바인 *,테마 편입 사유,4755.0,상승  260,5.78,4755.0,4760.0,2326207.0,11223.0,1949041.0,,,0.185793,-0.48639791,"5,872.34",377.56,6.87,2026-04-08 16:01:24
285,마스크,0.79,294140,레몬 *,테마 편입 사유,3350.0,상승  180,5.68,3345.0,3350.0,53077.0,174.0,45382.0,,,0.185793,-0.48639791,"5,872.34",377.56,6.87,2026-04-08 16:01:24
285,마스크,0.79,001520,동양,테마 편입 사유,783.0,상승  42,5.67,783.0,784.0,647914.0,501.0,391162.0,,,0.185793,-0.48639791,"5,872.34",377.56,6.87,2026-04-08 16:01:24
285,마스크,0.79,034940,조아제약 *,테마 편입 사유,895.0,상승  25,2.87,890.0,894.0,38052.0,34.0,35742.0,,,0.185793,-0.48639791,"5,872.34",377.56,6.87,2026-04-08 16:01:24
285,마스크,0.79,002070,비비안,테마 편입 사유,382.0,상승  10,2.69,381.0,382.0,665599.0,255.0,257012.0,,,0.185793,-0.48639791,"5,872.34",377.56,6.87,2026-04-08 16:01:24
285,마스크,0.79,142280,녹십자엠에스 *,테마 편입 사유,3670.0,상승  90,2.51,3655.0,3670.0,48915.0,179.0,28351.0,,,0.185793,-0.48639791,"5,872.34",377.56,6.87,2026-04-08 16:01:24
285,마스크,0.79,079980,휴비스,테마 편입 사유,3270.0,상승  80,2.51,3265.0,3270.0,800550.0,2598.0,1333753.0,,,0.185793,-0.48639791,"5,872.34",377.56,6.87,2026-04-08 16:01:24
285,마스크,0.79,018250,애경산업,테마 편입 사유,14370.0,상승  300,2.13,14370.0,14380.0,32983.0,472.0,40951.0,,,0.185793,-0.48639791,"5,872.34",377.56,6.87,2026-04-08 16:01:24
285,마스크,0.79,001060,JW중외제약,테마 편입 사유,29200.0,상승  600,2.1,29200.0,29250.0,35743.0,1045.0,35946.0,,,0.185793,-0.48639791,"5,872.34",377.56,6.87,2026-04-08 16:01:24
285,마스크,0.79,065950,웰크론 *,테마 편입 사유,1528.0,상승  27,1.8,1526.0,1528.0,50768.0,77.0,49834.0,,,0.185793,-0.48639791,"5,872.34",377.56,6.87,2026-04-08 16:01:24
285,마스크,0.79,013990,아가방컴퍼니 *,테마 편입 사유,4730.0,상승  65,1.39,4730.0,4750.0,134614.0,638.0,84937.0,,,0.185793,-0.48639791,"5,872.34",377.56,6.87,2026-04-08 16:01:24
285,마스크,0.79,108230,톱텍 *,테마 편입 사유,4295.0,상승  55,1.3,4295.0,4300.0,61168.0,263.0,74166.0,,,0.185793,-0.48639791,"5,872.34",377.56,6.87,2026-04-08 16:01:24
285,마스크,0.79,002720,국제약품,테마 편입 사유,4790.0,상승  50,1.05,4780.0,4790.0,117093.0,561.0,137925.0,,,0.185793,-0.48639791,"5,872.34",377.56,6.87,2026-04-08 16:01:24
285,마스크,0.79,263020,디케이앤디 *,테마 편입 사유,3165.0,상승  15,0.48,3160.0,3165.0,54110.0,170.0,55994.0,,,0.185793,-0.48639791,"5,872.34",377.56,6.87,2026-04-08 16:01:24
285,마스크,0.79,372910,한컴라이프케어,테마 편입 사유,2365.0,상승  10,0.42,2360.0,2365.0,136908.0,323.0,74913.0,,,0.185793,-0.48639791,"5,872.34",377.56,6.87,2026-04-08 16:01:24
285,마스크,0.79,012690,모나리자,테마 편입 사유,2195.0,보합0,0.0,2195.0,2210.0,330040.0,727.0,509122.0,,,0.185793,-0.48639791,"5,872.34",377.56,6.87,2026-04-08 16:01:24
285,마스크,0.79,004540,깨끗한나라,테마 편입 사유,2060.0,보합0,0.0,2045.0,2060.0,158067.0,322.0,216595.0,,,0.185793,-0.48639791,"5,872.34",377.56,6.87,2026-04-08 16:01:24
285,마스크,0.79,352700,씨앤투스 *,테마 편입 사유,1984.0,하락  7,-0.35,1983.0,1984.0,30868.0,61.0,23973.0,,,0.185793,-0.48639791,"5,872.34",377.56,6.87,2026-04-08 16:01:24
285,마스크,0.79,083550,케이엠 *,테마 편입 사유,3535.0,하락  35,-0.98,3530.0,3535.0,17122.0,61.0,19177.0,,,0.185793,-0.48639791,"5,872.34",377.56,6.87,2026-04-08 16:01:24
285,마스크,0.79,014100,메디앙스 *,테마 편입 사유,1642.0,하락  23,-1.38,1642.0,1670.0,25683.0,43.0,32229.0,,,0.185793,-0.48639791,"5,872.34",377.56,6.87,2026-04-08 16:01:24
285,마스크,0.79,045520,크린앤사이언스 *,테마 편입 사유,3340.0,하락  65,-1.91,3340.0,3360.0,15938.0,54.0,47902.0,,,0.185793,-0.48639791,"5,872.34",377.56,6.87,2026-04-08 16:01:24
285,마스크,0.79,086450,동국제약 *,테마 편입 사유,27750.0,"하락  1,050",-3.65,27750.0,27800.0,1346563.0,36960.0,807790.0,,,0.185793,-0.48639791,"5,872.34",377.56,6.87,2026-04-08 16:01:24
285,마스크,0.79,042040,케이피엠테크 *,테마 편입 사유,134.0,하락  18,-11.84,134.0,135.0,5864454.0,786.0,731584.0,,,0.185793,-0.48639791,"5,872.34",377.56,6.87,2026-04-08 16:01:24
560,냉각시스템(액침냉각 등),5.13,034730,SK,테마 편입 사유,342000.0,"상승  29,500",9.44,342000.0,342500.0,215027.0,72714.0,113165.0,,,0.816544,-0.4796572800000005,"5,872.34",377.56,6.87,2026-04-08 16:01:24
560,냉각시스템(액침냉각 등),5.13,083450,GST *,테마 편입 사유,29550.0,"상승  2,450",9.04,29500.0,29550.0,433441.0,12660.0,439503.0,,,0.816544,-0.4796572800000005,"5,872.34",377.56,6.87,2026-04-08 16:01:24
560,냉각시스템(액침냉각 등),5.13,066570,LG전자,테마 편입 사유,116700.0,"상승  9,600",8.96,116700.0,116800.0,1193144.0,137608.0,1090464.0,,,0.816544,-0.4796572800000005,"5,872.34",377.56,6.87,2026-04-08 16:01:24
560,냉각시스템(액침냉각 등),5.13,053080,케이엔솔 *,테마 편입 사유,11120.0,상승  820,7.96,11120.0,11130.0,158898.0,1730.0,49739.0,,,0.816544,-0.4796572800000005,"5,872.34",377.56,6.87,2026-04-08 16:01:24
560,냉각시스템(액침냉각 등),5.13,060310,3S *,테마 편입 사유,1315.0,상승  93,7.61,1314.0,1315.0,380073.0,496.0,185651.0,,,0.816544,-0.4796572800000005,"5,872.34",377.56,6.87,2026-04-08 16:01:24
560,냉각시스템(액침냉각 등),5.13,036200,유니셈 *,테마 편입 사유,9470.0,상승  620,7.01,9470.0,9480.0,164651.0,1535.0,103175.0,,,0.816544,-0.4796572800000005,"5,872.34",377.56,6.87,2026-04-08 16:01:24
560,냉각시스템(액침냉각 등),5.13,078930,GS,테마 편입 사유,68600.0,"상승  4,000",6.19,68500.0,68600.0,291249.0,19786.0,147096.0,,,0.816544,-0.4796572800000005,"5,872.34",377.56,6.87,2026-04-08 16:01:24
560,냉각시스템(액침냉각 등),5.13,396470,워트 *,테마 편입 사유,7030.0,상승  300,4.46,7020.0,7030.0,71173.0,499.0,37346.0,,,0.816544,-0.4796572800000005,"5,872.34",377.56,6.87,2026-04-08 16:01:24
560,냉각시스템(액침냉각 등),5.13,107640,한중엔시에스 *,테마 편입 사유,49250.0,상승  200,0.41,49200.0,49250.0,270846.0,13306.0,198329.0,,,0.816544,-0.4796572800000005,"5,872.34",377.56,6.87,2026-04-08 16:01:24
560,냉각시스템(액침냉각 등),5.13,096770,SK이노베이션,테마 편입 사유,120400.0,"하락  1,400",-1.15,120300.0,120400.0,807415.0,96313.0,690065.0,,,0.816544,-0.4796572800000005,"5,872.34",377.56,6.87,2026-04-08 16:01:24
560,냉각시스템(액침냉각 등),5.13,012450,한화에어로스페이스,테마 편입 사유,1484000.0,"하락  53,000",-3.45,1481000.0,1484000.0,286944.0,423221.0,273390.0,,,0.816544,-0.4796572800000005,"5,872.34",377.56,6.87,2026-04-08 16:01:24
284,기업인수목적회사(SPAC),-0.11,481890,엔에이치스팩31호 *,테마 편입 사유,2110.0,상승  15,0.72,2110.0,2115.0,1739.0,4.0,12076.0,,,0.053159,-0.47520232999999995,"5,872.34",377.56,6.87,2026-04-08 16:01:24
284,기업인수목적회사(SPAC),-0.11,0041L0,하나35호스팩 *,테마 편입 사유,2010.0,상승  10,0.5,2005.0,2010.0,36473.0,73.0,10798.0,,,0.053159,-0.47520232999999995,"5,872.34",377.56,6.87,2026-04-08 16:01:24
284,기업인수목적회사(SPAC),-0.11,0101C0,하나36호스팩 *,테마 편입 사유,2010.0,상승  10,0.5,2000.0,2010.0,1137.0,2.0,2530.0,,,0.053159,-0.47520232999999995,"5,872.34",377.56,6.87,2026-04-08 16:01:24
284,기업인수목적회사(SPAC),-0.11,0096B0,삼성스팩12호 *,테마 편입 사유,2020.0,상승  10,0.5,2010.0,2020.0,32780.0,66.0,17670.0,,,0.053159,-0.47520232999999995,"5,872.34",377.56,6.87,2026-04-08 16:01:24
284,기업인수목적회사(SPAC),-0.11,473000,에스케이증권제12호스팩 *,테마 편입 사유,2065.0,상승  10,0.49,2055.0,2060.0,1.0,0.0,22.0,,,0.053159,-0.47520232999999995,"5,872.34",377.56,6.87,2026-04-08 16:01:24
284,기업인수목적회사(SPAC),-0.11,488060,유진스팩11호 *,테마 편입 사유,2055.0,상승  10,0.49,2045.0,2055.0,8649.0,18.0,323.0,,,0.053159,-0.47520232999999995,"5,872.34",377.56,6.87,2026-04-08 16:01:24
284,기업인수목적회사(SPAC),-0.11,471050,대신밸런스제17호스팩 *,테마 편입 사유,2115.0,상승  10,0.48,2110.0,2115.0,28194.0,59.0,458.0,,,0.053159,-0.47520232999999995,"5,872.34",377.56,6.87,2026-04-08 16:01:24
284,기업인수목적회사(SPAC),-0.11,467930,IBKS제23호스팩 *,테마 편입 사유,2260.0,상승  10,0.44,2255.0,2260.0,14782.0,33.0,13521.0,,,0.053159,-0.47520232999999995,"5,872.34",377.56,6.87,2026-04-08 16:01:24
284,기업인수목적회사(SPAC),-0.11,0037T0,KB제32호스팩 *,테마 편입 사유,2020.0,상승  5,0.25,2010.0,2020.0,2655.0,5.0,1904.0,,,0.053159,-0.47520232999999995,"5,872.34",377.56,6.87,2026-04-08 16:01:24
284,기업인수목적회사(SPAC),-0.11,0132G0,교보20호스팩 *,테마 편입 사유,2010.0,상승  5,0.25,2010.0,2015.0,193142.0,388.0,291364.0,,,0.053159,-0.47520232999999995,"5,872.34",377.56,6.87,2026-04-08 16:01:24
284,기업인수목적회사(SPAC),-0.11,0130D0,신한제17호스팩 *,테마 편입 사유,2015.0,상승  5,0.25,2015.0,2020.0,70225.0,141.0,122119.0,,,0.053159,-0.47520232999999995,"5,872.34",377.56,6.87,2026-04-08 16:01:24
284,기업인수목적회사(SPAC),-0.11,0099W0,미래에셋비전스팩11호 *,테마 편입 사유,2005.0,상승  5,0.25,2000.0,2005.0,2212.0,4.0,19722.0,,,0.053159,-0.47520232999999995,"5,872.34",377.56,6.87,2026-04-08 16:01:24
284,기업인수목적회사(SPAC),-0.11,482680,미래에셋비전스팩7호 *,테마 편입 사유,2035.0,상승  5,0.25,2030.0,2035.0,374.0,1.0,4.0,,,0.053159,-0.47520232999999995,"5,872.34",377.56,6.87,2026-04-08 16:01:24
284,기업인수목적회사(SPAC),-0.11,493790,유안타제17호스팩 *,테마 편입 사유,2015.0,상승  5,0.25,2015.0,2020.0,3775.0,8.0,190.0,,,0.053159,-0.47520232999999995,"5,872.34",377.56,6.87,2026-04-08 16:01:24
284,기업인수목적회사(SPAC),-0.11,468760,유진스팩10호 *,테마 편입 사유,2095.0,상승  5,0.24,2090.0,2095.0,4.0,0.0,34.0,,,0.053159,-0.47520232999999995,"5,872.34",377.56,6.87,2026-04-08 16:01:24
284,기업인수목적회사(SPAC),-0.11,0044K0,삼성스팩10호 *,테마 편입 사유,2055.0,상승  5,0.24,2040.0,2055.0,3154.0,6.0,5129.0,,,0.053159,-0.47520232999999995,"5,872.34",377.56,6.87,2026-04-08 16:01:24
284,기업인수목적회사(SPAC),-0.11,477380,미래에셋비전스팩4호 *,테마 편입 사유,2075.0,상승  5,0.24,2070.0,2075.0,1092.0,2.0,9906.0,,,0.053159,-0.47520232999999995,"5,872.34",377.56,6.87,2026-04-08 16:01:24
284,기업인수목적회사(SPAC),-0.11,474930,신한제13호스팩 *,테마 편입 사유,2125.0,상승  5,0.24,2120.0,2130.0,1938.0,4.0,408.0,,,0.053159,-0.47520232999999995,"5,872.34",377.56,6.87,2026-04-08 16:01:24
284,기업인수목적회사(SPAC),-0.11,482690,대신밸런스제19호스팩 *,테마 편입 사유,2160.0,상승  5,0.23,2135.0,2160.0,2633.0,6.0,103.0,,,0.053159,-0.47520232999999995,"5,872.34",377.56,6.87,2026-04-08 16:01:24
284,기업인수목적회사(SPAC),-0.11,0088D0,메리츠제1호스팩 *,테마 편입 사유,2210.0,상승  5,0.23,2200.0,2210.0,19505.0,43.0,30992.0,,,0.053159,-0.47520232999999995,"5,872.34",377.56,6.87,2026-04-08 16:01:24
284,기업인수목적회사(SPAC),-0.11,474490,유안타제16호스팩 *,테마 편입 사유,2042.0,상승  2,0.1,2040.0,2045.0,1933.0,4.0,1002.0,,,0.053159,-0.47520232999999995,"5,872.34",377.56,6.87,2026-04-08 16:01:24
284,기업인수목적회사(SPAC),-0.11,498390,한화플러스제5호스팩 *,테마 편입 사유,2030.0,보합0,0.0,2030.0,2040.0,16371.0,33.0,6158.0,,,0.053159,-0.47520232999999995,"5,872.34",377.56,6.87,2026-04-08 16:01:24
284,기업인수목적회사(SPAC),-0.11,487360,신한제14호스팩 *,테마 편입 사유,2050.0,보합0,0.0,2045.0,2050.0,53621.0,110.0,7012.0,,,0.053159,-0.47520232999999995,"5,872.34",377.56,6.87,2026-04-08 16:01:24
284,기업인수목적회사(SPAC),-0.11,469900,하나31호스팩 *,테마 편입 사유,2065.0,보합0,0.0,2060.0,2065.0,23688.0,49.0,72.0,,,0.053159,-0.47520232999999995,"5,872.34",377.56,6.87,2026-04-08 16:01:24
284,기업인수목적회사(SPAC),-0.11,0004Y0,디비금융제14호스팩 *,테마 편입 사유,2055.0,보합0,0.0,2050.0,2055.0,388.0,1.0,4853.0,,,0.053159,-0.47520232999999995,"5,872.34",377.56,6.87,2026-04-08 16:01:24
284,기업인수목적회사(SPAC),-0.11,472230,에스케이증권제11호스팩 *,테마 편입 사유,2065.0,보합0,0.0,2060.0,2065.0,714.0,1.0,53.0,,,0.053159,-0.47520232999999995,"5,872.34",377.56,6.87,2026-04-08 16:01:24
284,기업인수목적회사(SPAC),-0.11,473050,유안타제15호스팩 *,테마 편입 사유,2055.0,보합0,0.0,2050.0,2060.0,5241.0,11.0,6547.0,,,0.053159,-0.47520232999999995,"5,872.34",377.56,6.87,2026-04-08 16:01:24
284,기업인수목적회사(SPAC),-0.11,473950,에스케이증권제13호스팩 *,테마 편입 사유,2035.0,보합0,0.0,2030.0,2035.0,516.0,1.0,304.0,,,0.053159,-0.47520232999999995,"5,872.34",377.56,6.87,2026-04-08 16:01:24
284,기업인수목적회사(SPAC),-0.11,475250,하나33호스팩 *,테마 편입 사유,2095.0,보합0,0.0,2090.0,2095.0,12.0,0.0,210.0,,,0.053159,-0.47520232999999995,"5,872.34",377.56,6.87,2026-04-08 16:01:24
284,기업인수목적회사(SPAC),-0.11,477760,DB금융스팩12호 *,테마 편입 사유,2230.0,보합0,0.0,0.0,0.0,0.0,0.0,0.0,,,0.053159,-0.47520232999999995,"5,872.34",377.56,6.87,2026-04-08 16:01:24
284,기업인수목적회사(SPAC),-0.11,492220,KB제31호스팩 *,테마 편입 사유,2060.0,보합0,0.0,2055.0,2060.0,309.0,1.0,127.0,,,0.053159,-0.47520232999999995,"5,872.34",377.56,6.87,2026-04-08 16:01:24
284,기업인수목적회사(SPAC),-0.11,478110,이베스트스팩6호 *,테마 편입 사유,2025.0,보합0,0.0,2025.0,2030.0,3292.0,7.0,1502.0,,,0.053159,-0.47520232999999995,"5,872.34",377.56,6.87,2026-04-08 16:01:24
284,기업인수목적회사(SPAC),-0.11,489480,키움제11호스팩 *,테마 편입 사유,2050.0,보합0,0.0,2045.0,2050.0,10671.0,22.0,6672.0,,,0.053159,-0.47520232999999995,"5,872.34",377.56,6.87,2026-04-08 16:01:24
284,기업인수목적회사(SPAC),-0.11,489210,교보17호스팩 *,테마 편입 사유,2110.0,보합0,0.0,2100.0,2110.0,2552.0,5.0,5169.0,,,0.053159,-0.47520232999999995,"5,872.34",377.56,6.87,2026-04-08 16:01:24
284,기업인수목적회사(SPAC),-0.11,482520,교보16호스팩 *,테마 편입 사유,2095.0,보합0,0.0,0.0,0.0,0.0,0.0,0.0,,,0.053159,-0.47520232999999995,"5,872.34",377.56,6.87,2026-04-08 16:01:24
284,기업인수목적회사(SPAC),-0.11,487720,키움제10호스팩 *,테마 편입 사유,2075.0,보합0,0.0,2065.0,2075.0,2066.0,4.0,28310.0,,,0.053159,-0.47520232999999995,"5,872.34",377.56,6.87,2026-04-08 16:01:24
284,기업인수목적회사(SPAC),-0.11,486630,KB제30호스팩 *,테마 편입 사유,2080.0,보합0,0.0,2070.0,2080.0,2259.0,5.0,202.0,,,0.053159,-0.47520232999999995,"5,872.34",377.56,6.87,2026-04-08 16:01:24
284,기업인수목적회사(SPAC),-0.11,0041B0,교보18호스팩 *,테마 편입 사유,2070.0,보합0,0.0,2065.0,2070.0,69.0,0.0,7054.0,,,0.053159,-0.47520232999999995,"5,872.34",377.56,6.87,2026-04-08 16:01:24
284,기업인수목적회사(SPAC),-0.11,0071M0,삼성스팩11호 *,테마 편입 사유,2025.0,보합0,0.0,2015.0,2025.0,20766.0,42.0,153.0,,,0.053159,-0.47520232999999995,"5,872.34",377.56,6.87,2026-04-08 16:01:24
284,기업인수목적회사(SPAC),-0.11,0072Z0,KB제33호스팩 *,테마 편입 사유,2000.0,보합0,0.0,1999.0,2000.0,6150.0,12.0,36364.0,,,0.053159,-0.47520232999999995,"5,872.34",377.56,6.87,2026-04-08 16:01:24
284,기업인수목적회사(SPAC),-0.11,0091W0,신영스팩11호 *,테마 편입 사유,2065.0,보합0,0.0,2060.0,2065.0,1636.0,3.0,26985.0,,,0.053159,-0.47520232999999995,"5,872.34",377.56,6.87,2026-04-08 16:01:24
284,기업인수목적회사(SPAC),-0.11,0093G0,미래에셋비전스팩8호 *,테마 편입 사유,2000.0,보합0,0.0,2000.0,2005.0,6422.0,13.0,466.0,,,0.053159,-0.47520232999999995,"5,872.34",377.56,6.87,2026-04-08 16:01:24
284,기업인수목적회사(SPAC),-0.11,0096D0,미래에셋비전스팩9호 *,테마 편입 사유,2000.0,보합0,0.0,2000.0,2005.0,18732.0,37.0,2078.0,,,0.053159,-0.47520232999999995,"5,872.34",377.56,6.87,2026-04-08 16:01:24
284,기업인수목적회사(SPAC),-0.11,0068Y0,비엔케이제3호스팩 *,테마 편입 사유,2020.0,보합0,0.0,2015.0,2025.0,22456.0,45.0,12829.0,,,0.053159,-0.47520232999999995,"5,872.34",377.56,6.87,2026-04-08 16:01:24
284,기업인수목적회사(SPAC),-0.11,0098T0,교보19호스팩 *,테마 편입 사유,2050.0,보합0,0.0,2050.0,2055.0,3168.0,6.0,1480.0,,,0.053159,-0.47520232999999995,"5,872.34",377.56,6.87,2026-04-08 16:01:24
284,기업인수목적회사(SPAC),-0.11,0099X0,IBKS제25호스팩 *,테마 편입 사유,2200.0,보합0,0.0,2195.0,2200.0,11194.0,25.0,27313.0,,,0.053159,-0.47520232999999995,"5,872.34",377.56,6.87,2026-04-08 16:01:24
284,기업인수목적회사(SPAC),-0.11,0054V0,엔에이치스팩32호 *,테마 편입 사유,2060.0,보합0,0.0,2060.0,2065.0,2931.0,6.0,10216.0,,,0.053159,-0.47520232999999995,"5,872.34",377.56,6.87,2026-04-08 16:01:24
284,기업인수목적회사(SPAC),-0.11,0041J0,엘에스스팩1호 *,테마 편입 사유,2010.0,보합0,0.0,2010.0,2015.0,6005.0,12.0,9905.0,,,0.053159,-0.47520232999999995,"5,872.34",377.56,6.87,2026-04-08 16:01:24
284,기업인수목적회사(SPAC),-0.11,452670,상상인제4호스팩 *,테마 편입 사유,2095.0,보합0,0.0,2095.0,2100.0,30261.0,63.0,92818.0,,,0.053159,-0.47520232999999995,"5,872.34",377.56,6.87,2026-04-08 16:01:24
284,기업인수목적회사(SPAC),-0.11,465320,교보15호스팩 *,테마 편입 사유,2335.0,보합0,0.0,0.0,0.0,0.0,0.0,0.0,,,0.053159,-0.47520232999999995,"5,872.34",377.56,6.87,2026-04-08 16:01:24
284,기업인수목적회사(SPAC),-0.11,455310,한화플러스제4호스팩 *,테마 편입 사유,2100.0,보합0,0.0,2100.0,2105.0,99257.0,208.0,427145.0,,,0.053159,-0.47520232999999995,"5,872.34",377.56,6.87,2026-04-08 16:01:24
284,기업인수목적회사(SPAC),-0.11,464440,한국제13호스팩 *,테마 편입 사유,2090.0,보합0,0.0,2085.0,2090.0,4276.0,9.0,538.0,,,0.053159,-0.47520232999999995,"5,872.34",377.56,6.87,2026-04-08 16:01:24
284,기업인수목적회사(SPAC),-0.11,457630,대신밸런스제16호스팩 *,테마 편입 사유,2095.0,보합0,0.0,2095.0,2100.0,111190.0,233.0,162337.0,,,0.053159,-0.47520232999999995,"5,872.34",377.56,6.87,2026-04-08 16:01:24
284,기업인수목적회사(SPAC),-0.11,462020,에이치엠씨제6호스팩 *,테마 편입 사유,2090.0,보합0,0.0,2090.0,2095.0,20114.0,42.0,6962.0,,,0.053159,-0.47520232999999995,"5,872.34",377.56,6.87,2026-04-08 16:01:24
284,기업인수목적회사(SPAC),-0.11,452980,신한제11호스팩 *,테마 편입 사유,2095.0,보합0,0.0,2095.0,2100.0,253260.0,531.0,157486.0,,,0.053159,-0.47520232999999995,"5,872.34",377.56,6.87,2026-04-08 16:01:24
284,기업인수목적회사(SPAC),-0.11,472220,신영스팩10호 *,테마 편입 사유,2155.0,하락  5,-0.23,2150.0,2155.0,1625.0,3.0,6.0,,,0.053159,-0.47520232999999995,"5,872.34",377.56,6.87,2026-04-08 16:01:24
284,기업인수목적회사(SPAC),-0.11,478440,미래에셋비전스팩6호 *,테마 편입 사유,2060.0,하락  5,-0.24,2060.0,2065.0,1155.0,2.0,522.0,,,0.053159,-0.47520232999999995,"5,872.34",377.56,6.87,2026-04-08 16:01:24
284,기업인수목적회사(SPAC),-0.11,464680,KB제27호스팩 *,테마 편입 사유,2080.0,하락  5,-0.24,2080.0,2085.0,27274.0,57.0,104327.0,,,0.053159,-0.47520232999999995,"5,872.34",377.56,6.87,2026-04-08 16:01:24
284,기업인수목적회사(SPAC),-0.11,479880,한국제15호스팩 *,테마 편입 사유,2045.0,하락  5,-0.24,2045.0,2050.0,12166.0,25.0,1448.0,,,0.053159,-0.47520232999999995,"5,872.34",377.56,6.87,2026-04-08 16:01:24
284,기업인수목적회사(SPAC),-0.11,489730,디비금융제13호스팩 *,테마 편입 사유,2090.0,하락  5,-0.24,2080.0,2090.0,531.0,1.0,6277.0,,,0.053159,-0.47520232999999995,"5,872.34",377.56,6.87,2026-04-08 16:01:24
284,기업인수목적회사(SPAC),-0.11,487830,신한제15호스팩 *,테마 편입 사유,2075.0,하락  5,-0.24,2065.0,2075.0,317.0,1.0,5100.0,,,0.053159,-0.47520232999999995,"5,872.34",377.56,6.87,2026-04-08 16:01:24
284,기업인수목적회사(SPAC),-0.11,477470,미래에셋비전스팩5호 *,테마 편입 사유,2110.0,하락  5,-0.24,2105.0,2110.0,255.0,1.0,1992.0,,,0.053159,-0.47520232999999995,"5,872.34",377.56,6.87,2026-04-08 16:01:24
284,기업인수목적회사(SPAC),-0.11,469880,하나30호스팩 *,테마 편입 사유,2075.0,하락  5,-0.24,2075.0,2080.0,4514.0,9.0,3007.0,,,0.053159,-0.47520232999999995,"5,872.34",377.56,6.87,2026-04-08 16:01:24
284,기업인수목적회사(SPAC),-0.11,474660,신한제12호스팩 *,테마 편입 사유,2055.0,하락  5,-0.24,2050.0,2055.0,2837.0,6.0,1.0,,,0.053159,-0.47520232999999995,"5,872.34",377.56,6.87,2026-04-08 16:01:24
284,기업인수목적회사(SPAC),-0.11,475240,하나32호스팩 *,테마 편입 사유,2105.0,하락  5,-0.24,2100.0,2105.0,999.0,2.0,65.0,,,0.053159,-0.47520232999999995,"5,872.34",377.56,6.87,2026-04-08 16:01:24
284,기업인수목적회사(SPAC),-0.11,0105P0,유진스팩12호 *,테마 편입 사유,2005.0,하락  5,-0.25,2000.0,2005.0,33176.0,66.0,25010.0,,,0.053159,-0.47520232999999995,"5,872.34",377.56,6.87,2026-04-08 16:01:24
284,기업인수목적회사(SPAC),-0.11,496070,신한제16호스팩 *,테마 편입 사유,2025.0,하락  5,-0.25,2025.0,2030.0,598.0,1.0,523.0,,,0.053159,-0.47520232999999995,"5,872.34",377.56,6.87,2026-04-08 16:01:24
284,기업인수목적회사(SPAC),-0.11,0097F0,미래에셋비전스팩10호 *,테마 편입 사유,2000.0,하락  5,-0.25,2000.0,2005.0,18169.0,36.0,512.0,,,0.053159,-0.47520232999999995,"5,872.34",377.56,6.87,2026-04-08 16:01:24
284,기업인수목적회사(SPAC),-0.11,0115H0,삼성스팩13호 *,테마 편입 사유,2015.0,하락  5,-0.25,2015.0,2025.0,66287.0,134.0,43845.0,,,0.053159,-0.47520232999999995,"5,872.34",377.56,6.87,2026-04-08 16:01:24
284,기업인수목적회사(SPAC),-0.11,477340,에이치엠씨제7호스팩 *,테마 편입 사유,2030.0,하락  5,-0.25,2025.0,2035.0,8084.0,16.0,902.0,,,0.053159,-0.47520232999999995,"5,872.34",377.56,6.87,2026-04-08 16:01:24
284,기업인수목적회사(SPAC),-0.11,478390,KB제29호스팩 *,테마 편입 사유,2072.0,하락  8,-0.38,2070.0,2075.0,256.0,1.0,18.0,,,0.053159,-0.47520232999999995,"5,872.34",377.56,6.87,2026-04-08 16:01:24
284,기업인수목적회사(SPAC),-0.11,484130,하나34호스팩 *,테마 편입 사유,2075.0,하락  10,-0.48,2065.0,2075.0,1190.0,2.0,2.0,,,0.053159,-0.47520232999999995,"5,872.34",377.56,6.87,2026-04-08 16:01:24
284,기업인수목적회사(SPAC),-0.11,466690,키움히어로제1호스팩 *,테마 편입 사유,2040.0,하락  10,-0.49,2035.0,2040.0,10042.0,20.0,4230.0,,,0.053159,-0.47520232999999995,"5,872.34",377.56,6.87,2026-04-08 16:01:24
284,기업인수목적회사(SPAC),-0.11,0130H0,엔에이치스팩33호 *,테마 편입 사유,2015.0,하락  15,-0.74,2015.0,2020.0,175999.0,356.0,164014.0,,,0.053159,-0.47520232999999995,"5,872.34",377.56,6.87,2026-04-08 16:01:24
284,기업인수목적회사(SPAC),-0.11,451700,엔에이치스팩29호 *,테마 편입 사유,2405.0,하락  20,-0.82,2395.0,2405.0,333249.0,810.0,373167.0,,,0.053159,-0.47520232999999995,"5,872.34",377.56,6.87,2026-04-08 16:01:24
284,기업인수목적회사(SPAC),-0.11,469480,IBKS제24호스팩 *,테마 편입 사유,2175.0,하락  25,-1.14,2165.0,2175.0,20140.0,44.0,6.0,,,0.053159,-0.47520232999999995,"5,872.34",377.56,6.87,2026-04-08 16:01:24
284,기업인수목적회사(SPAC),-0.11,466910,엔에이치스팩30호 *,테마 편입 사유,4535.0,하락  395,-8.01,4530.0,4535.0,419956.0,1989.0,152896.0,,,0.053159,-0.47520232999999995,"5,872.34",377.56,6.87,2026-04-08 16:01:24
583,2025 하반기 신규상장,3.01,388210,씨엠티엑스 *,테마 편입 사유,128000.0,"상승  12,800",11.11,128000.0,128100.0,103239.0,13058.0,91421.0,,,0.499296,-0.42016352000000046,"5,872.34",377.56,6.87,2026-04-08 16:01:24
583,2025 하반기 신규상장,3.01,490470,세미파이브 *,테마 편입 사유,25300.0,"상승  2,250",9.76,25300.0,25350.0,515392.0,12715.0,475747.0,,,0.499296,-0.42016352000000046,"5,872.34",377.56,6.87,2026-04-08 16:01:24
583,2025 하반기 신규상장,3.01,234030,싸이닉솔루션 *,테마 편입 사유,6900.0,상승  610,9.7,6860.0,6900.0,213812.0,1432.0,116441.0,,,0.499296,-0.42016352000000046,"5,872.34",377.56,6.87,2026-04-08 16:01:24
583,2025 하반기 신규상장,3.01,125490,한라캐스트 *,테마 편입 사유,14340.0,"상승  1,140",8.64,14340.0,14350.0,722666.0,10252.0,618654.0,,,0.499296,-0.42016352000000046,"5,872.34",377.56,6.87,2026-04-08 16:01:24
583,2025 하반기 신규상장,3.01,475230,엔알비 *,테마 편입 사유,22050.0,"상승  1,600",7.82,22000.0,22050.0,182796.0,3985.0,102304.0,,,0.499296,-0.42016352000000046,"5,872.34",377.56,6.87,2026-04-08 16:01:24
583,2025 하반기 신규상장,3.01,0015G0,그린광학 *,테마 편입 사유,30400.0,"상승  2,150",7.61,30400.0,30450.0,243605.0,7269.0,131855.0,,,0.499296,-0.42016352000000046,"5,872.34",377.56,6.87,2026-04-08 16:01:24
583,2025 하반기 신규상장,3.01,478340,나라스페이스테크놀로지 *,테마 편입 사유,33000.0,"상승  2,250",7.32,32950.0,33000.0,286926.0,9303.0,398090.0,,,0.499296,-0.42016352000000046,"5,872.34",377.56,6.87,2026-04-08 16:01:24
583,2025 하반기 신규상장,3.01,950250,테라뷰 *,테마 편입 사유,6840.0,상승  460,7.21,6840.0,6850.0,627115.0,4245.0,640687.0,,,0.499296,-0.42016352000000046,"5,872.34",377.56,6.87,2026-04-08 16:01:24
583,2025 하반기 신규상장,3.01,217590,티엠씨,테마 편입 사유,21750.0,"상승  1,300",6.36,21700.0,21750.0,527247.0,11158.0,553747.0,,,0.499296,-0.42016352000000046,"5,872.34",377.56,6.87,2026-04-08 16:01:24
583,2025 하반기 신규상장,3.01,331740,아우토크립트 *,테마 편입 사유,15280.0,상승  900,6.26,15280.0,15330.0,72108.0,1093.0,102524.0,,,0.499296,-0.42016352000000046,"5,872.34",377.56,6.87,2026-04-08 16:01:24
583,2025 하반기 신규상장,3.01,0009K0,에임드바이오 *,테마 편입 사유,48050.0,"상승  2,750",6.07,48000.0,48050.0,211496.0,10129.0,142031.0,,,0.499296,-0.42016352000000046,"5,872.34",377.56,6.87,2026-04-08 16:01:24
583,2025 하반기 신규상장,3.01,476830,알지노믹스 *,테마 편입 사유,186800.0,"상승  10,400",5.9,186700.0,186800.0,323278.0,60545.0,286216.0,,,0.499296,-0.42016352000000046,"5,872.34",377.56,6.87,2026-04-08 16:01:24
583,2025 하반기 신규상장,3.01,061090,세나테크놀로지 *,테마 편입 사유,38950.0,"상승  2,150",5.84,38800.0,38950.0,19183.0,739.0,12523.0,,,0.499296,-0.42016352000000046,"5,872.34",377.56,6.87,2026-04-08 16:01:24
583,2025 하반기 신규상장,3.01,0015S0,페스카로 *,테마 편입 사유,15280.0,상승  840,5.82,15270.0,15280.0,74801.0,1131.0,55462.0,,,0.499296,-0.42016352000000046,"5,872.34",377.56,6.87,2026-04-08 16:01:24
583,2025 하반기 신규상장,3.01,380550,뉴로핏 *,테마 편입 사유,19220.0,"상승  1,040",5.72,19200.0,19220.0,163775.0,3121.0,115008.0,,,0.499296,-0.42016352000000046,"5,872.34",377.56,6.87,2026-04-08 16:01:24
583,2025 하반기 신규상장,3.01,494120,큐리오시스 *,테마 편입 사유,55000.0,"상승  2,900",5.57,55000.0,55200.0,63404.0,3463.0,52094.0,,,0.499296,-0.42016352000000046,"5,872.34",377.56,6.87,2026-04-08 16:01:24
583,2025 하반기 신규상장,3.01,012210,삼미금속 *,테마 편입 사유,14050.0,상승  720,5.4,14040.0,14050.0,277725.0,3877.0,305851.0,,,0.499296,-0.42016352000000046,"5,872.34",377.56,6.87,2026-04-08 16:01:24
583,2025 하반기 신규상장,3.01,488900,비츠로넥스텍 *,테마 편입 사유,17730.0,상승  880,5.22,17720.0,17730.0,140141.0,2449.0,114550.0,,,0.499296,-0.42016352000000046,"5,872.34",377.56,6.87,2026-04-08 16:01:24
583,2025 하반기 신규상장,3.01,469610,이노테크 *,테마 편입 사유,18680.0,상승  890,5.0,18680.0,18690.0,30130.0,559.0,26034.0,,,0.499296,-0.42016352000000046,"5,872.34",377.56,6.87,2026-04-08 16:01:24
583,2025 하반기 신규상장,3.01,0013V0,삼진식품 *,테마 편입 사유,7600.0,상승  350,4.83,7570.0,7600.0,100199.0,757.0,129445.0,,,0.499296,-0.42016352000000046,"5,872.34",377.56,6.87,2026-04-08 16:01:24
583,2025 하반기 신규상장,3.01,403850,더핑크퐁컴퍼니 *,테마 편입 사유,16230.0,상승  740,4.78,16130.0,16230.0,33230.0,531.0,20138.0,,,0.499296,-0.42016352000000046,"5,872.34",377.56,6.87,2026-04-08 16:01:24
583,2025 하반기 신규상장,3.01,491000,리브스메드 *,테마 편입 사유,66600.0,"상승  3,000",4.72,66600.0,66700.0,258580.0,17159.0,278707.0,,,0.499296,-0.42016352000000046,"5,872.34",377.56,6.87,2026-04-08 16:01:24
583,2025 하반기 신규상장,3.01,464490,쿼드메디슨 *,테마 편입 사유,13850.0,상승  600,4.53,13810.0,13850.0,44494.0,610.0,68130.0,,,0.499296,-0.42016352000000046,"5,872.34",377.56,6.87,2026-04-08 16:01:24
583,2025 하반기 신규상장,3.01,0008Z0,에스엔시스 *,테마 편입 사유,32600.0,"상승  1,400",4.49,32550.0,32600.0,41759.0,1350.0,54676.0,,,0.499296,-0.42016352000000046,"5,872.34",377.56,6.87,2026-04-08 16:01:24
583,2025 하반기 신규상장,3.01,014950,삼익제약 *,테마 편입 사유,9820.0,상승  420,4.47,9810.0,9820.0,30501.0,298.0,53492.0,,,0.499296,-0.42016352000000046,"5,872.34",377.56,6.87,2026-04-08 16:01:24
583,2025 하반기 신규상장,3.01,488280,에스투더블유 *,테마 편입 사유,14300.0,상승  600,4.38,14270.0,14300.0,41997.0,599.0,39343.0,,,0.499296,-0.42016352000000046,"5,872.34",377.56,6.87,2026-04-08 16:01:24
583,2025 하반기 신규상장,3.01,459550,알트 *,테마 편입 사유,2775.0,상승  115,4.32,2775.0,2780.0,251651.0,693.0,198614.0,,,0.499296,-0.42016352000000046,"5,872.34",377.56,6.87,2026-04-08 16:01:24
583,2025 하반기 신규상장,3.01,484120,도우인시스 *,테마 편입 사유,19160.0,상승  790,4.3,19140.0,19160.0,8936.0,168.0,7091.0,,,0.499296,-0.42016352000000046,"5,872.34",377.56,6.87,2026-04-08 16:01:24
583,2025 하반기 신규상장,3.01,0015N0,아로마티카 *,테마 편입 사유,9750.0,상승  390,4.17,9750.0,9760.0,237052.0,2315.0,496312.0,,,0.499296,-0.42016352000000046,"5,872.34",377.56,6.87,2026-04-08 16:01:24
583,2025 하반기 신규상장,3.01,0010V0,제이피아이헬스케어 *,테마 편입 사유,11970.0,상승  470,4.09,11960.0,11970.0,13950.0,164.0,8476.0,,,0.499296,-0.42016352000000046,"5,872.34",377.56,6.87,2026-04-08 16:01:24
583,2025 하반기 신규상장,3.01,486990,노타 *,테마 편입 사유,35050.0,"상승  1,250",3.7,35000.0,35050.0,228544.0,7982.0,174216.0,,,0.499296,-0.42016352000000046,"5,872.34",377.56,6.87,2026-04-08 16:01:24
583,2025 하반기 신규상장,3.01,463020,뉴엔AI *,테마 편입 사유,12120.0,상승  410,3.5,12120.0,12210.0,23947.0,291.0,35382.0,,,0.499296,-0.42016352000000046,"5,872.34",377.56,6.87,2026-04-08 16:01:24
583,2025 하반기 신규상장,3.01,261520,이지스 *,테마 편입 사유,8070.0,상승  250,3.2,8030.0,8070.0,45341.0,365.0,31664.0,,,0.499296,-0.42016352000000046,"5,872.34",377.56,6.87,2026-04-08 16:01:24
583,2025 하반기 신규상장,3.01,456160,지투지바이오 *,테마 편입 사유,68000.0,"상승  1,700",2.56,68000.0,68100.0,227169.0,15359.0,176202.0,,,0.499296,-0.42016352000000046,"5,872.34",377.56,6.87,2026-04-08 16:01:24
583,2025 하반기 신규상장,3.01,468530,프로티나 *,테마 편입 사유,57800.0,상승  900,1.58,57800.0,57900.0,226959.0,13131.0,161910.0,,,0.499296,-0.42016352000000046,"5,872.34",377.56,6.87,2026-04-08 16:01:24
583,2025 하반기 신규상장,3.01,462310,뉴키즈온 *,테마 편입 사유,4300.0,상승  55,1.3,4250.0,4300.0,11958.0,51.0,20995.0,,,0.499296,-0.42016352000000046,"5,872.34",377.56,6.87,2026-04-08 16:01:24
583,2025 하반기 신규상장,3.01,317450,명인제약,테마 편입 사유,56900.0,상승  600,1.07,56900.0,57000.0,25196.0,1434.0,54843.0,,,0.499296,-0.42016352000000046,"5,872.34",377.56,6.87,2026-04-08 16:01:24
583,2025 하반기 신규상장,3.01,342870,오아 *,테마 편입 사유,6410.0,상승  40,0.63,6370.0,6410.0,9170.0,59.0,2859.0,,,0.499296,-0.42016352000000046,"5,872.34",377.56,6.87,2026-04-08 16:01:24
583,2025 하반기 신규상장,3.01,439260,대한조선,테마 편입 사유,88800.0,상승  500,0.57,88700.0,88800.0,170030.0,15258.0,103368.0,,,0.499296,-0.42016352000000046,"5,872.34",377.56,6.87,2026-04-08 16:01:24
583,2025 하반기 신규상장,3.01,0101C0,하나36호스팩 *,테마 편입 사유,2010.0,상승  10,0.5,2000.0,2010.0,1137.0,2.0,2530.0,,,0.499296,-0.42016352000000046,"5,872.34",377.56,6.87,2026-04-08 16:01:24
583,2025 하반기 신규상장,3.01,0041L0,하나35호스팩 *,테마 편입 사유,2010.0,상승  10,0.5,2005.0,2010.0,36473.0,73.0,10798.0,,,0.499296,-0.42016352000000046,"5,872.34",377.56,6.87,2026-04-08 16:01:24
583,2025 하반기 신규상장,3.01,0096B0,삼성스팩12호 *,테마 편입 사유,2020.0,상승  10,0.5,2010.0,2020.0,32780.0,66.0,17670.0,,,0.499296,-0.42016352000000046,"5,872.34",377.56,6.87,2026-04-08 16:01:24
583,2025 하반기 신규상장,3.01,397810,애드포러스 *,테마 편입 사유,6160.0,상승  30,0.49,6160.0,6230.0,11049.0,68.0,16463.0,,,0.499296,-0.42016352000000046,"5,872.34",377.56,6.87,2026-04-08 16:01:24
583,2025 하반기 신규상장,3.01,0037T0,KB제32호스팩 *,테마 편입 사유,2020.0,상승  5,0.25,2010.0,2020.0,2655.0,5.0,1904.0,,,0.499296,-0.42016352000000046,"5,872.34",377.56,6.87,2026-04-08 16:01:24
583,2025 하반기 신규상장,3.01,0099W0,미래에셋비전스팩11호 *,테마 편입 사유,2005.0,상승  5,0.25,2000.0,2005.0,2212.0,4.0,19722.0,,,0.499296,-0.42016352000000046,"5,872.34",377.56,6.87,2026-04-08 16:01:24
583,2025 하반기 신규상장,3.01,0044K0,삼성스팩10호 *,테마 편입 사유,2055.0,상승  5,0.24,2040.0,2055.0,3154.0,6.0,5129.0,,,0.499296,-0.42016352000000046,"5,872.34",377.56,6.87,2026-04-08 16:01:24
583,2025 하반기 신규상장,3.01,0088D0,메리츠제1호스팩 *,테마 편입 사유,2210.0,상승  5,0.23,2200.0,2210.0,19505.0,43.0,30992.0,,,0.499296,-0.42016352000000046,"5,872.34",377.56,6.87,2026-04-08 16:01:24
583,2025 하반기 신규상장,3.01,0030R0,대신밸류리츠,테마 편입 사유,4350.0,상승  5,0.12,4315.0,4350.0,64397.0,277.0,41371.0,,,0.499296,-0.42016352000000046,"5,872.34",377.56,6.87,2026-04-08 16:01:24
583,2025 하반기 신규상장,3.01,0072Z0,KB제33호스팩 *,테마 편입 사유,2000.0,보합0,0.0,1999.0,2000.0,6150.0,12.0,36364.0,,,0.499296,-0.42016352000000046,"5,872.34",377.56,6.87,2026-04-08 16:01:24
583,2025 하반기 신규상장,3.01,0004Y0,디비금융제14호스팩 *,테마 편입 사유,2055.0,보합0,0.0,2050.0,2055.0,388.0,1.0,4853.0,,,0.499296,-0.42016352000000046,"5,872.34",377.56,6.87,2026-04-08 16:01:24
583,2025 하반기 신규상장,3.01,0041B0,교보18호스팩 *,테마 편입 사유,2070.0,보합0,0.0,2065.0,2070.0,69.0,0.0,7054.0,,,0.499296,-0.42016352000000046,"5,872.34",377.56,6.87,2026-04-08 16:01:24
583,2025 하반기 신규상장,3.01,0041J0,엘에스스팩1호 *,테마 편입 사유,2010.0,보합0,0.0,2010.0,2015.0,6005.0,12.0,9905.0,,,0.499296,-0.42016352000000046,"5,872.34",377.56,6.87,2026-04-08 16:01:24
583,2025 하반기 신규상장,3.01,0054V0,엔에이치스팩32호 *,테마 편입 사유,2060.0,보합0,0.0,2060.0,2065.0,2931.0,6.0,10216.0,,,0.499296,-0.42016352000000046,"5,872.34",377.56,6.87,2026-04-08 16:01:24
583,2025 하반기 신규상장,3.01,0068Y0,비엔케이제3호스팩 *,테마 편입 사유,2020.0,보합0,0.0,2015.0,2025.0,22456.0,45.0,12829.0,,,0.499296,-0.42016352000000046,"5,872.34",377.56,6.87,2026-04-08 16:01:24
583,2025 하반기 신규상장,3.01,0071M0,삼성스팩11호 *,테마 편입 사유,2025.0,보합0,0.0,2015.0,2025.0,20766.0,42.0,153.0,,,0.499296,-0.42016352000000046,"5,872.34",377.56,6.87,2026-04-08 16:01:24
583,2025 하반기 신규상장,3.01,0091W0,신영스팩11호 *,테마 편입 사유,2065.0,보합0,0.0,2060.0,2065.0,1636.0,3.0,26985.0,,,0.499296,-0.42016352000000046,"5,872.34",377.56,6.87,2026-04-08 16:01:24
583,2025 하반기 신규상장,3.01,0093G0,미래에셋비전스팩8호 *,테마 편입 사유,2000.0,보합0,0.0,2000.0,2005.0,6422.0,13.0,466.0,,,0.499296,-0.42016352000000046,"5,872.34",377.56,6.87,2026-04-08 16:01:24
583,2025 하반기 신규상장,3.01,0096D0,미래에셋비전스팩9호 *,테마 편입 사유,2000.0,보합0,0.0,2000.0,2005.0,18732.0,37.0,2078.0,,,0.499296,-0.42016352000000046,"5,872.34",377.56,6.87,2026-04-08 16:01:24
583,2025 하반기 신규상장,3.01,0098T0,교보19호스팩 *,테마 편입 사유,2050.0,보합0,0.0,2050.0,2055.0,3168.0,6.0,1480.0,,,0.499296,-0.42016352000000046,"5,872.34",377.56,6.87,2026-04-08 16:01:24
583,2025 하반기 신규상장,3.01,0099X0,IBKS제25호스팩 *,테마 편입 사유,2200.0,보합0,0.0,2195.0,2200.0,11194.0,25.0,27313.0,,,0.499296,-0.42016352000000046,"5,872.34",377.56,6.87,2026-04-08 16:01:24
583,2025 하반기 신규상장,3.01,318060,그래피 *,테마 편입 사유,38100.0,하락  50,-0.13,38050.0,38100.0,289123.0,10924.0,144281.0,,,0.499296,-0.42016352000000046,"5,872.34",377.56,6.87,2026-04-08 16:01:24
583,2025 하반기 신규상장,3.01,0097F0,미래에셋비전스팩10호 *,테마 편입 사유,2000.0,하락  5,-0.25,2000.0,2005.0,18169.0,36.0,512.0,,,0.499296,-0.42016352000000046,"5,872.34",377.56,6.87,2026-04-08 16:01:24
583,2025 하반기 신규상장,3.01,0105P0,유진스팩12호 *,테마 편입 사유,2005.0,하락  5,-0.25,2000.0,2005.0,33176.0,66.0,25010.0,,,0.499296,-0.42016352000000046,"5,872.34",377.56,6.87,2026-04-08 16:01:24
583,2025 하반기 신규상장,3.01,466690,키움히어로제1호스팩 *,테마 편입 사유,2040.0,하락  10,-0.49,2035.0,2040.0,10042.0,20.0,4230.0,,,0.499296,-0.42016352000000046,"5,872.34",377.56,6.87,2026-04-08 16:01:24
583,2025 하반기 신규상장,3.01,0007C0,아크릴 *,테마 편입 사유,37400.0,하락  250,-0.66,37400.0,37450.0,601505.0,22863.0,3697282.0,,,0.499296,-0.42016352000000046,"5,872.34",377.56,6.87,2026-04-08 16:01:24
583,2025 하반기 신규상장,3.01,484590,삼양컴텍 *,테마 편입 사유,11900.0,하락  220,-1.82,11900.0,11910.0,310043.0,3690.0,189818.0,,,0.499296,-0.42016352000000046,"5,872.34",377.56,6.87,2026-04-08 16:01:24
417,아프리카 돼지열병(ASF),1.1,331920,셀레믹스 *,테마 편입 사유,14000.0,"상승  1,020",7.86,13990.0,14000.0,165827.0,2246.0,71613.0,,,0.219328,-0.4067833599999999,"5,872.34",377.56,6.87,2026-04-08 16:01:24
417,아프리카 돼지열병(ASF),1.1,198440,강동씨앤엘 *,테마 편입 사유,1180.0,상승  59,5.26,1180.0,1181.0,335702.0,394.0,33337.0,,,0.219328,-0.4067833599999999,"5,872.34",377.56,6.87,2026-04-08 16:01:24
417,아프리카 돼지열병(ASF),1.1,136490,선진,테마 편입 사유,10300.0,상승  400,4.04,10300.0,10320.0,81786.0,837.0,62349.0,,,0.219328,-0.4067833599999999,"5,872.34",377.56,6.87,2026-04-08 16:01:24
417,아프리카 돼지열병(ASF),1.1,025870,신라에스지 *,테마 편입 사유,4590.0,상승  160,3.61,4525.0,4590.0,6424.0,29.0,13228.0,,,0.219328,-0.4067833599999999,"5,872.34",377.56,6.87,2026-04-08 16:01:24
417,아프리카 돼지열병(ASF),1.1,043200,파루 *,테마 편입 사유,995.0,상승  32,3.32,994.0,995.0,793843.0,789.0,1086602.0,,,0.219328,-0.4067833599999999,"5,872.34",377.56,6.87,2026-04-08 16:01:24
417,아프리카 돼지열병(ASF),1.1,086060,진바이오텍 *,테마 편입 사유,4835.0,상승  130,2.76,4785.0,4835.0,22116.0,106.0,17931.0,,,0.219328,-0.4067833599999999,"5,872.34",377.56,6.87,2026-04-08 16:01:24
417,아프리카 돼지열병(ASF),1.1,035810,이지홀딩스 *,테마 편입 사유,5710.0,상승  140,2.51,5700.0,5710.0,243818.0,1386.0,228166.0,,,0.219328,-0.4067833599999999,"5,872.34",377.56,6.87,2026-04-08 16:01:24
417,아프리카 돼지열병(ASF),1.1,060590,씨티씨바이오 *,테마 편입 사유,3710.0,상승  90,2.49,3710.0,3715.0,42169.0,156.0,57261.0,,,0.219328,-0.4067833599999999,"5,872.34",377.56,6.87,2026-04-08 16:01:24
417,아프리카 돼지열병(ASF),1.1,036580,팜스코,테마 편입 사유,3330.0,상승  80,2.46,3330.0,3335.0,60062.0,199.0,250117.0,,,0.219328,-0.4067833599999999,"5,872.34",377.56,6.87,2026-04-08 16:01:24
417,아프리카 돼지열병(ASF),1.1,036480,대성미생물 *,테마 편입 사유,7560.0,상승  170,2.3,7550.0,7560.0,27273.0,203.0,25706.0,,,0.219328,-0.4067833599999999,"5,872.34",377.56,6.87,2026-04-08 16:01:24
417,아프리카 돼지열병(ASF),1.1,110020,전진바이오팜 *,테마 편입 사유,2350.0,상승  50,2.17,2350.0,2355.0,42663.0,99.0,57317.0,,,0.219328,-0.4067833599999999,"5,872.34",377.56,6.87,2026-04-08 16:01:24
417,아프리카 돼지열병(ASF),1.1,044960,이글벳 *,테마 편입 사유,3800.0,상승  65,1.74,3780.0,3800.0,57859.0,219.0,19034.0,,,0.219328,-0.4067833599999999,"5,872.34",377.56,6.87,2026-04-08 16:01:24
417,아프리카 돼지열병(ASF),1.1,054670,대한뉴팜 *,테마 편입 사유,7070.0,상승  120,1.73,7060.0,7070.0,70479.0,494.0,50028.0,,,0.219328,-0.4067833599999999,"5,872.34",377.56,6.87,2026-04-08 16:01:24
417,아프리카 돼지열병(ASF),1.1,041960,코미팜 *,테마 편입 사유,7860.0,상승  120,1.55,7860.0,7870.0,278029.0,2172.0,203378.0,,,0.219328,-0.4067833599999999,"5,872.34",377.56,6.87,2026-04-08 16:01:24
417,아프리카 돼지열병(ASF),1.1,073560,우리손에프앤지 *,테마 편입 사유,1645.0,상승  21,1.29,1643.0,1645.0,135593.0,222.0,89050.0,,,0.219328,-0.4067833599999999,"5,872.34",377.56,6.87,2026-04-08 16:01:24
417,아프리카 돼지열병(ASF),1.1,153710,옵티팜 *,테마 편입 사유,5120.0,상승  60,1.19,5120.0,5130.0,18003.0,92.0,27315.0,,,0.219328,-0.4067833599999999,"5,872.34",377.56,6.87,2026-04-08 16:01:24
417,아프리카 돼지열병(ASF),1.1,088910,동우팜투테이블 *,테마 편입 사유,2400.0,상승  25,1.05,2400.0,2410.0,66656.0,160.0,37761.0,,,0.219328,-0.4067833599999999,"5,872.34",377.56,6.87,2026-04-08 16:01:24
417,아프리카 돼지열병(ASF),1.1,014580,태경비케이,테마 편입 사유,4475.0,상승  45,1.02,4465.0,4475.0,94956.0,423.0,77369.0,,,0.219328,-0.4067833599999999,"5,872.34",377.56,6.87,2026-04-08 16:01:24
417,아프리카 돼지열병(ASF),1.1,188260,세니젠 *,테마 편입 사유,1646.0,상승  16,0.98,1642.0,1646.0,27125.0,44.0,118637.0,,,0.219328,-0.4067833599999999,"5,872.34",377.56,6.87,2026-04-08 16:01:24
417,아프리카 돼지열병(ASF),1.1,033250,체시스,테마 편입 사유,971.0,상승  8,0.83,971.0,974.0,168651.0,163.0,198998.0,,,0.219328,-0.4067833599999999,"5,872.34",377.56,6.87,2026-04-08 16:01:24
417,아프리카 돼지열병(ASF),1.1,208140,정다운 *,테마 편입 사유,2470.0,상승  20,0.82,2465.0,2470.0,48181.0,119.0,61778.0,,,0.219328,-0.4067833599999999,"5,872.34",377.56,6.87,2026-04-08 16:01:24
417,아프리카 돼지열병(ASF),1.1,018620,우진비앤지 *,테마 편입 사유,725.0,상승  3,0.42,725.0,729.0,54633.0,40.0,37494.0,,,0.219328,-0.4067833599999999,"5,872.34",377.56,6.87,2026-04-08 16:01:24
417,아프리카 돼지열병(ASF),1.1,900340,윙입푸드 *,테마 편입 사유,620.0,보합0,0.0,620.0,621.0,121306.0,75.0,78615.0,,,0.219328,-0.4067833599999999,"5,872.34",377.56,6.87,2026-04-08 16:01:24
417,아프리카 돼지열병(ASF),1.1,072020,중앙백신 *,테마 편입 사유,9130.0,하락  10,-0.11,9130.0,9160.0,20510.0,188.0,16056.0,,,0.219328,-0.4067833599999999,"5,872.34",377.56,6.87,2026-04-08 16:01:24
417,아프리카 돼지열병(ASF),1.1,353810,이지바이오 *,테마 편입 사유,7400.0,하락  10,-0.13,7380.0,7400.0,191309.0,1411.0,179833.0,,,0.219328,-0.4067833599999999,"5,872.34",377.56,6.87,2026-04-08 16:01:24
417,아프리카 돼지열병(ASF),1.1,006980,우성,테마 편입 사유,22350.0,하락  100,-0.45,22300.0,22350.0,9069.0,205.0,9187.0,,,0.219328,-0.4067833599999999,"5,872.34",377.56,6.87,2026-04-08 16:01:24
417,아프리카 돼지열병(ASF),1.1,027740,마니커,테마 편입 사유,810.0,하락  4,-0.49,809.0,810.0,215254.0,174.0,125732.0,,,0.219328,-0.4067833599999999,"5,872.34",377.56,6.87,2026-04-08 16:01:24
417,아프리카 돼지열병(ASF),1.1,136480,하림 *,테마 편입 사유,3160.0,하락  30,-0.94,3160.0,3170.0,733634.0,2328.0,450147.0,,,0.219328,-0.4067833599999999,"5,872.34",377.56,6.87,2026-04-08 16:01:24
417,아프리카 돼지열병(ASF),1.1,027710,팜스토리 *,테마 편입 사유,1342.0,하락  35,-2.54,1341.0,1342.0,1593632.0,2135.0,1357717.0,,,0.219328,-0.4067833599999999,"5,872.34",377.56,6.87,2026-04-08 16:01:24
417,아프리카 돼지열병(ASF),1.1,218150,미래생명자원 *,테마 편입 사유,2965.0,하락  100,-3.26,2965.0,2970.0,446461.0,1325.0,344247.0,,,0.219328,-0.4067833599999999,"5,872.34",377.56,6.87,2026-04-08 16:01:24
417,아프리카 돼지열병(ASF),1.1,005860,한일사료 *,테마 편입 사유,3790.0,하락  390,-9.33,3790.0,3795.0,4539992.0,17091.0,5207887.0,,,0.219328,-0.4067833599999999,"5,872.34",377.56,6.87,2026-04-08 16:01:24
464,콜드체인(저온 유통),1.95,083450,GST *,테마 편입 사유,29550.0,"상승  2,450",9.04,29500.0,29550.0,433441.0,12660.0,439503.0,,,0.341238,-0.39430506,"5,872.34",377.56,6.87,2026-04-08 16:01:24
464,콜드체인(저온 유통),1.95,096350,대창솔루션 *,테마 편입 사유,3040.0,상승  185,6.48,3035.0,3040.0,943209.0,2832.0,811230.0,,,0.341238,-0.39430506,"5,872.34",377.56,6.87,2026-04-08 16:01:24
464,콜드체인(저온 유통),1.95,000640,동아쏘시오홀딩스,테마 편입 사유,95100.0,"상승  3,600",3.93,95000.0,95100.0,15333.0,1450.0,9305.0,,,0.341238,-0.39430506,"5,872.34",377.56,6.87,2026-04-08 16:01:24
464,콜드체인(저온 유통),1.95,068330,일신바이오 *,테마 편입 사유,1406.0,상승  46,3.38,1405.0,1406.0,261441.0,365.0,147983.0,,,0.341238,-0.39430506,"5,872.34",377.56,6.87,2026-04-08 16:01:24
464,콜드체인(저온 유통),1.95,119830,아이텍 *,테마 편입 사유,5990.0,상승  120,2.04,5960.0,5990.0,135422.0,810.0,156857.0,,,0.341238,-0.39430506,"5,872.34",377.56,6.87,2026-04-08 16:01:24
464,콜드체인(저온 유통),1.95,144510,지씨셀 *,테마 편입 사유,23100.0,상승  450,1.99,23100.0,23150.0,25863.0,596.0,22929.0,,,0.341238,-0.39430506,"5,872.34",377.56,6.87,2026-04-08 16:01:24
464,콜드체인(저온 유통),1.95,038070,서린바이오 *,테마 편입 사유,6170.0,상승  120,1.98,6160.0,6170.0,19661.0,120.0,17908.0,,,0.341238,-0.39430506,"5,872.34",377.56,6.87,2026-04-08 16:01:24
464,콜드체인(저온 유통),1.95,115450,HLB테라퓨틱스 *,테마 편입 사유,3080.0,상승  35,1.15,3075.0,3080.0,512478.0,1586.0,407520.0,,,0.341238,-0.39430506,"5,872.34",377.56,6.87,2026-04-08 16:01:24
464,콜드체인(저온 유통),1.95,014130,한익스프레스,테마 편입 사유,2615.0,상승  10,0.38,2610.0,2615.0,32140.0,83.0,33099.0,,,0.341238,-0.39430506,"5,872.34",377.56,6.87,2026-04-08 16:01:24
464,콜드체인(저온 유통),1.95,131220,대한과학 *,테마 편입 사유,4525.0,상승  15,0.33,4525.0,4555.0,8958.0,41.0,8459.0,,,0.341238,-0.39430506,"5,872.34",377.56,6.87,2026-04-08 16:01:24
464,콜드체인(저온 유통),1.95,246960,SCL사이언스 *,테마 편입 사유,2165.0,하락  40,-1.81,2165.0,2170.0,55764.0,123.0,50183.0,,,0.341238,-0.39430506,"5,872.34",377.56,6.87,2026-04-08 16:01:24
464,콜드체인(저온 유통),1.95,006890,태경케미컬,테마 편입 사유,8270.0,하락  480,-5.49,8260.0,8270.0,416136.0,3437.0,556781.0,,,0.341238,-0.39430506,"5,872.34",377.56,6.87,2026-04-08 16:01:24
422,日 수출 규제(국산화 등),4.04,101490,에스앤에스텍 *,테마 편입 사유,90700.0,"상승  11,800",14.96,90600.0,90700.0,462472.0,40930.0,137439.0,,,0.643653,-0.38189611000000045,"5,872.34",377.56,6.87,2026-04-08 16:01:24
422,日 수출 규제(국산화 등),4.04,482630,삼양엔씨켐 *,테마 편입 사유,16660.0,"상승  1,360",8.89,16660.0,16670.0,317943.0,5239.0,160801.0,,,0.643653,-0.38189611000000045,"5,872.34",377.56,6.87,2026-04-08 16:01:24
422,日 수출 규제(국산화 등),4.04,009830,한화솔루션,테마 편입 사유,40300.0,"상승  3,150",8.48,40250.0,40300.0,3960120.0,156812.0,1846968.0,,,0.643653,-0.38189611000000045,"5,872.34",377.56,6.87,2026-04-08 16:01:24
422,日 수출 규제(국산화 등),4.04,019540,일지테크 *,테마 편입 사유,6840.0,상승  510,8.06,6830.0,6840.0,355495.0,2396.0,194314.0,,,0.643653,-0.38189611000000045,"5,872.34",377.56,6.87,2026-04-08 16:01:24
422,日 수출 규제(국산화 등),4.04,357780,솔브레인 *,테마 편입 사유,412000.0,"상승  30,500",7.99,411500.0,412000.0,72539.0,29660.0,19288.0,,,0.643653,-0.38189611000000045,"5,872.34",377.56,6.87,2026-04-08 16:01:24
422,日 수출 규제(국산화 등),4.04,220260,켐트로스 *,테마 편입 사유,5480.0,상승  370,7.24,5480.0,5490.0,258728.0,1396.0,172079.0,,,0.643653,-0.38189611000000045,"5,872.34",377.56,6.87,2026-04-08 16:01:24
422,日 수출 규제(국산화 등),4.04,005290,동진쎄미켐 *,테마 편입 사유,47900.0,"상승  3,150",7.04,47850.0,47900.0,1292373.0,61054.0,690785.0,,,0.643653,-0.38189611000000045,"5,872.34",377.56,6.87,2026-04-08 16:01:24
422,日 수출 규제(국산화 등),4.04,272290,이녹스첨단소재 *,테마 편입 사유,31150.0,"상승  2,050",7.04,31150.0,31200.0,201070.0,6204.0,129438.0,,,0.643653,-0.38189611000000045,"5,872.34",377.56,6.87,2026-04-08 16:01:24
422,日 수출 규제(국산화 등),4.04,371950,풍원정밀 *,테마 편입 사유,11710.0,상승  710,6.45,11700.0,11710.0,64861.0,744.0,625182.0,,,0.643653,-0.38189611000000045,"5,872.34",377.56,6.87,2026-04-08 16:01:24
422,日 수출 규제(국산화 등),4.04,004430,송원산업,테마 편입 사유,9180.0,상승  350,3.96,9180.0,9190.0,92352.0,843.0,115416.0,,,0.643653,-0.38189611000000045,"5,872.34",377.56,6.87,2026-04-08 16:01:24
422,日 수출 규제(국산화 등),4.04,079810,디이엔티 *,테마 편입 사유,4655.0,상승  170,3.79,4655.0,4665.0,233380.0,1077.0,573305.0,,,0.643653,-0.38189611000000045,"5,872.34",377.56,6.87,2026-04-08 16:01:24
422,日 수출 규제(국산화 등),4.04,012610,경인양행,테마 편입 사유,4110.0,상승  140,3.53,4105.0,4110.0,192286.0,788.0,154696.0,,,0.643653,-0.38189611000000045,"5,872.34",377.56,6.87,2026-04-08 16:01:24
422,日 수출 규제(국산화 등),4.04,013310,아진산업 *,테마 편입 사유,3130.0,상승  100,3.3,3125.0,3130.0,234375.0,726.0,181403.0,,,0.643653,-0.38189611000000045,"5,872.34",377.56,6.87,2026-04-08 16:01:24
422,日 수출 규제(국산화 등),4.04,178920,PI첨단소재,테마 편입 사유,22600.0,상승  700,3.2,22600.0,22650.0,168144.0,3783.0,251588.0,,,0.643653,-0.38189611000000045,"5,872.34",377.56,6.87,2026-04-08 16:01:24
422,日 수출 규제(국산화 등),4.04,171010,램테크놀러지 *,테마 편입 사유,3200.0,상승  70,2.24,3195.0,3200.0,31394.0,100.0,20062.0,,,0.643653,-0.38189611000000045,"5,872.34",377.56,6.87,2026-04-08 16:01:24
422,日 수출 규제(국산화 등),4.04,046970,우리로 *,테마 편입 사유,7160.0,상승  90,1.27,7160.0,7170.0,11396293.0,81657.0,28008539.0,,,0.643653,-0.38189611000000045,"5,872.34",377.56,6.87,2026-04-08 16:01:24
422,日 수출 규제(국산화 등),4.04,008730,율촌화학,테마 편입 사유,25400.0,상승  300,1.2,25400.0,25450.0,70487.0,1799.0,83418.0,,,0.643653,-0.38189611000000045,"5,872.34",377.56,6.87,2026-04-08 16:01:24
422,日 수출 규제(국산화 등),4.04,093370,후성,테마 편입 사유,9710.0,하락  160,-1.62,9710.0,9720.0,4412155.0,42234.0,5111476.0,,,0.643653,-0.38189611000000045,"5,872.34",377.56,6.87,2026-04-08 16:01:24
422,日 수출 규제(국산화 등),4.04,014970,삼륭물산 *,테마 편입 사유,7580.0,하락  340,-4.29,7580.0,7600.0,506546.0,3776.0,1004733.0,,,0.643653,-0.38189611000000045,"5,872.34",377.56,6.87,2026-04-08 16:01:24
422,日 수출 규제(국산화 등),4.04,042040,케이피엠테크 *,테마 편입 사유,134.0,하락  18,-11.84,134.0,135.0,5864454.0,786.0,731584.0,,,0.643653,-0.38189611000000045,"5,872.34",377.56,6.87,2026-04-08 16:01:24
310,리츠(REITs),0.65,348950,제이알글로벌리츠,테마 편입 사유,1759.0,상승  72,4.27,1758.0,1759.0,713784.0,1236.0,518587.0,,,0.148746,-0.37188502,"5,872.34",377.56,6.87,2026-04-08 16:01:24
310,리츠(REITs),0.65,396690,미래에셋글로벌리츠,테마 편입 사유,2360.0,상승  50,2.16,2350.0,2360.0,50495.0,117.0,67526.0,,,0.148746,-0.37188502,"5,872.34",377.56,6.87,2026-04-08 16:01:24
310,리츠(REITs),0.65,404990,신한서부티엔디리츠,테마 편입 사유,4140.0,상승  55,1.35,4140.0,4145.0,142050.0,582.0,125559.0,,,0.148746,-0.37188502,"5,872.34",377.56,6.87,2026-04-08 16:01:24
310,리츠(REITs),0.65,451800,한화리츠,테마 편입 사유,5370.0,상승  70,1.32,5370.0,5380.0,135622.0,726.0,126112.0,,,0.148746,-0.37188502,"5,872.34",377.56,6.87,2026-04-08 16:01:24
310,리츠(REITs),0.65,481850,신한글로벌액티브리츠,테마 편입 사유,1115.0,상승  12,1.09,1113.0,1115.0,80752.0,89.0,59990.0,,,0.148746,-0.37188502,"5,872.34",377.56,6.87,2026-04-08 16:01:24
310,리츠(REITs),0.65,400760,NH올원리츠,테마 편입 사유,3330.0,상승  30,0.91,3320.0,3330.0,136349.0,452.0,114329.0,,,0.148746,-0.37188502,"5,872.34",377.56,6.87,2026-04-08 16:01:24
310,리츠(REITs),0.65,357120,코람코라이프인프라리츠,테마 편입 사유,4610.0,상승  40,0.88,4605.0,4610.0,77696.0,357.0,35409.0,,,0.148746,-0.37188502,"5,872.34",377.56,6.87,2026-04-08 16:01:24
310,리츠(REITs),0.65,330590,롯데리츠,테마 편입 사유,4730.0,상승  40,0.85,4730.0,4735.0,230632.0,1086.0,126877.0,,,0.148746,-0.37188502,"5,872.34",377.56,6.87,2026-04-08 16:01:24
310,리츠(REITs),0.65,417310,코람코더원리츠,테마 편입 사유,9770.0,상승  80,0.83,9740.0,9770.0,94083.0,917.0,51461.0,,,0.148746,-0.37188502,"5,872.34",377.56,6.87,2026-04-08 16:01:24
310,리츠(REITs),0.65,334890,이지스밸류플러스리츠,테마 편입 사유,4250.0,상승  20,0.47,4240.0,4250.0,94045.0,398.0,106860.0,,,0.148746,-0.37188502,"5,872.34",377.56,6.87,2026-04-08 16:01:24
310,리츠(REITs),0.65,357250,미래에셋맵스리츠,테마 편입 사유,2390.0,상승  10,0.42,2390.0,2400.0,32062.0,76.0,29575.0,,,0.148746,-0.37188502,"5,872.34",377.56,6.87,2026-04-08 16:01:24
310,리츠(REITs),0.65,377190,디앤디플랫폼리츠,테마 편입 사유,3020.0,상승  10,0.33,3015.0,3020.0,95500.0,287.0,106334.0,,,0.148746,-0.37188502,"5,872.34",377.56,6.87,2026-04-08 16:01:24
310,리츠(REITs),0.65,088260,이리츠코크렙,테마 편입 사유,4865.0,상승  10,0.21,4850.0,4865.0,38149.0,185.0,19280.0,,,0.148746,-0.37188502,"5,872.34",377.56,6.87,2026-04-08 16:01:24
310,리츠(REITs),0.65,448730,삼성FN리츠,테마 편입 사유,5580.0,상승  10,0.18,5550.0,5580.0,88441.0,490.0,43754.0,,,0.148746,-0.37188502,"5,872.34",377.56,6.87,2026-04-08 16:01:24
310,리츠(REITs),0.65,293940,신한알파리츠,테마 편입 사유,5780.0,상승  10,0.17,5780.0,5790.0,178185.0,1028.0,102852.0,,,0.148746,-0.37188502,"5,872.34",377.56,6.87,2026-04-08 16:01:24
310,리츠(REITs),0.65,357430,마스턴프리미어리츠,테마 편입 사유,1423.0,상승  2,0.14,1421.0,1423.0,31087.0,44.0,19463.0,,,0.148746,-0.37188502,"5,872.34",377.56,6.87,2026-04-08 16:01:24
310,리츠(REITs),0.65,0030R0,대신밸류리츠,테마 편입 사유,4350.0,상승  5,0.12,4315.0,4350.0,64397.0,277.0,41371.0,,,0.148746,-0.37188502,"5,872.34",377.56,6.87,2026-04-08 16:01:24
310,리츠(REITs),0.65,145270,케이탑리츠,테마 편입 사유,907.0,상승  1,0.11,907.0,908.0,12353.0,11.0,20587.0,,,0.148746,-0.37188502,"5,872.34",377.56,6.87,2026-04-08 16:01:24
310,리츠(REITs),0.65,365550,ESR켄달스퀘어리츠,테마 편입 사유,4480.0,보합0,0.0,4480.0,4485.0,233903.0,1047.0,151732.0,,,0.148746,-0.37188502,"5,872.34",377.56,6.87,2026-04-08 16:01:24
310,리츠(REITs),0.65,432320,KB스타리츠,테마 편입 사유,2240.0,보합0,0.0,2240.0,2245.0,283444.0,639.0,321901.0,,,0.148746,-0.37188502,"5,872.34",377.56,6.87,2026-04-08 16:01:24
310,리츠(REITs),0.65,350520,이지스레지던스리츠,테마 편입 사유,3870.0,하락  5,-0.13,3865.0,3870.0,110425.0,429.0,110917.0,,,0.148746,-0.37188502,"5,872.34",377.56,6.87,2026-04-08 16:01:24
310,리츠(REITs),0.65,395400,SK리츠,테마 편입 사유,6340.0,하락  10,-0.16,6320.0,6340.0,195874.0,1242.0,204961.0,,,0.148746,-0.37188502,"5,872.34",377.56,6.87,2026-04-08 16:01:24
310,리츠(REITs),0.65,338100,NH프라임리츠,테마 편입 사유,4700.0,하락  30,-0.63,4700.0,4730.0,77738.0,367.0,103965.0,,,0.148746,-0.37188502,"5,872.34",377.56,6.87,2026-04-08 16:01:24
228,국내 상장 중국기업,1.83,900120,씨엑스아이 *,테마 편입 사유,392.0,상승  17,4.53,390.0,392.0,225558.0,87.0,276335.0,,,0.317304,-0.34987847999999966,"5,872.34",377.56,6.87,2026-04-08 16:01:24
228,국내 상장 중국기업,1.83,900290,GRT *,테마 편입 사유,5390.0,상승  210,4.05,5390.0,5400.0,306023.0,1660.0,244980.0,,,0.317304,-0.34987847999999966,"5,872.34",377.56,6.87,2026-04-08 16:01:24
228,국내 상장 중국기업,1.83,900300,오가닉티코스메틱 *,테마 편입 사유,103.0,상승  4,4.04,102.0,103.0,2048392.0,207.0,5276514.0,,,0.317304,-0.34987847999999966,"5,872.34",377.56,6.87,2026-04-08 16:01:24
228,국내 상장 중국기업,1.83,900270,헝셩그룹 *,테마 편입 사유,1013.0,상승  38,3.9,1010.0,1013.0,333503.0,332.0,195976.0,,,0.317304,-0.34987847999999966,"5,872.34",377.56,6.87,2026-04-08 16:01:24
228,국내 상장 중국기업,1.83,032580,피델릭스 *,테마 편입 사유,1073.0,상승  37,3.57,1064.0,1073.0,207664.0,224.0,132136.0,,,0.317304,-0.34987847999999966,"5,872.34",377.56,6.87,2026-04-08 16:01:24
228,국내 상장 중국기업,1.83,900070,글로벌에스엠 *,테마 편입 사유,515.0,상승  16,3.21,514.0,515.0,113426.0,58.0,174720.0,,,0.317304,-0.34987847999999966,"5,872.34",377.56,6.87,2026-04-08 16:01:24
228,국내 상장 중국기업,1.83,900110,이스트아시아홀딩스 *,테마 편입 사유,758.0,상승  8,1.07,757.0,760.0,128059.0,97.0,42985.0,,,0.317304,-0.34987847999999966,"5,872.34",377.56,6.87,2026-04-08 16:01:24
228,국내 상장 중국기업,1.83,900260,로스웰 *,테마 편입 사유,1642.0,상승  8,0.49,1642.0,1647.0,8942.0,15.0,10366.0,,,0.317304,-0.34987847999999966,"5,872.34",377.56,6.87,2026-04-08 16:01:24
228,국내 상장 중국기업,1.83,900340,윙입푸드 *,테마 편입 사유,620.0,보합0,0.0,620.0,621.0,121306.0,75.0,78615.0,,,0.317304,-0.34987847999999966,"5,872.34",377.56,6.87,2026-04-08 16:01:24
228,국내 상장 중국기업,1.83,900310,컬러레이 *,테마 편입 사유,490.0,하락  3,-0.61,490.0,492.0,31167.0,15.0,90105.0,,,0.317304,-0.34987847999999966,"5,872.34",377.56,6.87,2026-04-08 16:01:24
228,국내 상장 중국기업,1.83,900250,크리스탈신소재 *,테마 편입 사유,516.0,하락  22,-4.09,516.0,517.0,1821193.0,933.0,709962.0,,,0.317304,-0.34987847999999966,"5,872.34",377.56,6.87,2026-04-08 16:01:24
290,"스포츠행사 수혜(올림픽, 월드컵 등)",0.61,035810,이지홀딩스 *,테마 편입 사유,5710.0,상승  140,2.51,5700.0,5710.0,243818.0,1386.0,228166.0,,,0.139531,-0.3485779699999999,"5,872.34",377.56,6.87,2026-04-08 16:01:24
290,"스포츠행사 수혜(올림픽, 월드컵 등)",0.61,034120,SBS,테마 편입 사유,15080.0,상승  310,2.1,15080.0,15090.0,17679.0,266.0,56224.0,,,0.139531,-0.3485779699999999,"5,872.34",377.56,6.87,2026-04-08 16:01:24
290,"스포츠행사 수혜(올림픽, 월드컵 등)",0.61,067160,SOOP *,테마 편입 사유,58200.0,"상승  1,000",1.75,58200.0,58300.0,72544.0,4271.0,27554.0,,,0.139531,-0.3485779699999999,"5,872.34",377.56,6.87,2026-04-08 16:01:24
290,"스포츠행사 수혜(올림픽, 월드컵 등)",0.61,000140,하이트진로홀딩스,테마 편입 사유,9120.0,상승  140,1.56,9120.0,9160.0,18280.0,166.0,6557.0,,,0.139531,-0.3485779699999999,"5,872.34",377.56,6.87,2026-04-08 16:01:24
290,"스포츠행사 수혜(올림픽, 월드컵 등)",0.61,088910,동우팜투테이블 *,테마 편입 사유,2400.0,상승  25,1.05,2400.0,2410.0,66656.0,160.0,37761.0,,,0.139531,-0.3485779699999999,"5,872.34",377.56,6.87,2026-04-08 16:01:24
290,"스포츠행사 수혜(올림픽, 월드컵 등)",0.61,000080,하이트진로,테마 편입 사유,16850.0,상승  80,0.48,16850.0,16860.0,133498.0,2254.0,79177.0,,,0.139531,-0.3485779699999999,"5,872.34",377.56,6.87,2026-04-08 16:01:24
290,"스포츠행사 수혜(올림픽, 월드컵 등)",0.61,027740,마니커,테마 편입 사유,810.0,하락  4,-0.49,809.0,810.0,215254.0,174.0,125732.0,,,0.139531,-0.3485779699999999,"5,872.34",377.56,6.87,2026-04-08 16:01:24
290,"스포츠행사 수혜(올림픽, 월드컵 등)",0.61,136480,하림 *,테마 편입 사유,3160.0,하락  30,-0.94,3160.0,3170.0,733634.0,2328.0,450147.0,,,0.139531,-0.3485779699999999,"5,872.34",377.56,6.87,2026-04-08 16:01:24
290,"스포츠행사 수혜(올림픽, 월드컵 등)",0.61,027710,팜스토리 *,테마 편입 사유,1342.0,하락  35,-2.54,1341.0,1342.0,1593632.0,2135.0,1357717.0,,,0.139531,-0.3485779699999999,"5,872.34",377.56,6.87,2026-04-08 16:01:24
227,전기차,3.52,010690,화신,테마 편입 사유,11740.0,"상승  1,140",10.75,11730.0,11740.0,253510.0,2899.0,96343.0,,,0.560405,-0.3299823500000003,"5,872.34",377.56,6.87,2026-04-08 16:01:24
227,전기차,3.52,012860,모베이스전자 *,테마 편입 사유,3820.0,상승  355,10.25,3815.0,3820.0,2227807.0,8330.0,1109970.0,,,0.560405,-0.3299823500000003,"5,872.34",377.56,6.87,2026-04-08 16:01:24
227,전기차,3.52,066570,LG전자,테마 편입 사유,116700.0,"상승  9,600",8.96,116700.0,116800.0,1193144.0,137608.0,1090464.0,,,0.560405,-0.3299823500000003,"5,872.34",377.56,6.87,2026-04-08 16:01:24
227,전기차,3.52,417010,나노팀 *,테마 편입 사유,9750.0,상승  790,8.82,9720.0,9750.0,210023.0,2007.0,143326.0,,,0.560405,-0.3299823500000003,"5,872.34",377.56,6.87,2026-04-08 16:01:24
227,전기차,3.52,092220,KEC,테마 편입 사유,1466.0,상승  115,8.51,1466.0,1467.0,9290599.0,13485.0,10712258.0,,,0.560405,-0.3299823500000003,"5,872.34",377.56,6.87,2026-04-08 16:01:24
227,전기차,3.52,212560,네오오토 *,테마 편입 사유,7800.0,상승  590,8.18,7750.0,7800.0,94153.0,728.0,60894.0,,,0.560405,-0.3299823500000003,"5,872.34",377.56,6.87,2026-04-08 16:01:24
227,전기차,3.52,009470,삼화전기,테마 편입 사유,37950.0,"상승  2,850",8.12,37900.0,37950.0,59929.0,2235.0,44509.0,,,0.560405,-0.3299823500000003,"5,872.34",377.56,6.87,2026-04-08 16:01:24
227,전기차,3.52,217820,원익피앤이 *,테마 편입 사유,3140.0,상승  230,7.9,3140.0,3145.0,293793.0,905.0,200424.0,,,0.560405,-0.3299823500000003,"5,872.34",377.56,6.87,2026-04-08 16:01:24
227,전기차,3.52,354320,알멕 *,테마 편입 사유,62000.0,"상승  4,500",7.83,61900.0,62000.0,257141.0,15587.0,122452.0,,,0.560405,-0.3299823500000003,"5,872.34",377.56,6.87,2026-04-08 16:01:24
227,전기차,3.52,053700,삼보모터스 *,테마 편입 사유,5940.0,상승  430,7.8,5940.0,5950.0,251793.0,1470.0,154310.0,,,0.560405,-0.3299823500000003,"5,872.34",377.56,6.87,2026-04-08 16:01:24
227,전기차,3.52,001820,삼화콘덴서,테마 편입 사유,60100.0,"상승  4,300",7.71,60000.0,60100.0,287691.0,17055.0,303517.0,,,0.560405,-0.3299823500000003,"5,872.34",377.56,6.87,2026-04-08 16:01:24
227,전기차,3.52,003720,삼영,테마 편입 사유,7390.0,상승  520,7.57,7380.0,7390.0,759706.0,5522.0,527781.0,,,0.560405,-0.3299823500000003,"5,872.34",377.56,6.87,2026-04-08 16:01:24
227,전기차,3.52,396300,세아메카닉스 *,테마 편입 사유,4010.0,상승  280,7.51,4000.0,4010.0,478632.0,1908.0,490022.0,,,0.560405,-0.3299823500000003,"5,872.34",377.56,6.87,2026-04-08 16:01:24
227,전기차,3.52,005380,현대차,테마 편입 사유,508000.0,"상승  35,000",7.4,507000.0,508000.0,1289461.0,646774.0,704114.0,,,0.560405,-0.3299823500000003,"5,872.34",377.56,6.87,2026-04-08 16:01:24
227,전기차,3.52,222080,씨아이에스 *,테마 편입 사유,12590.0,상승  850,7.24,12580.0,12590.0,1781196.0,22113.0,3876391.0,,,0.560405,-0.3299823500000003,"5,872.34",377.56,6.87,2026-04-08 16:01:24
227,전기차,3.52,417200,LS머트리얼즈 *,테마 편입 사유,20350.0,"상승  1,340",7.05,20350.0,20400.0,2069903.0,41547.0,1774508.0,,,0.560405,-0.3299823500000003,"5,872.34",377.56,6.87,2026-04-08 16:01:24
227,전기차,3.52,204320,HL만도,테마 편입 사유,50900.0,"상승  3,100",6.49,50800.0,50900.0,388970.0,19561.0,184150.0,,,0.560405,-0.3299823500000003,"5,872.34",377.56,6.87,2026-04-08 16:01:24
227,전기차,3.52,051910,LG화학,테마 편입 사유,344500.0,"상승  21,000",6.49,344000.0,344500.0,373892.0,127175.0,313215.0,,,0.560405,-0.3299823500000003,"5,872.34",377.56,6.87,2026-04-08 16:01:24
227,전기차,3.52,122350,삼기 *,테마 편입 사유,1489.0,상승  88,6.28,1484.0,1489.0,160140.0,235.0,112966.0,,,0.560405,-0.3299823500000003,"5,872.34",377.56,6.87,2026-04-08 16:01:24
227,전기차,3.52,018880,한온시스템,테마 편입 사유,3950.0,상승  230,6.18,3945.0,3950.0,7194980.0,27992.0,5589675.0,,,0.560405,-0.3299823500000003,"5,872.34",377.56,6.87,2026-04-08 16:01:24
227,전기차,3.52,416180,신성에스티 *,테마 편입 사유,34650.0,"상승  2,000",6.13,34550.0,34650.0,44934.0,1542.0,34779.0,,,0.560405,-0.3299823500000003,"5,872.34",377.56,6.87,2026-04-08 16:01:24
227,전기차,3.52,452190,한빛레이저 *,테마 편입 사유,4245.0,상승  245,6.13,4230.0,4245.0,163449.0,686.0,87829.0,,,0.560405,-0.3299823500000003,"5,872.34",377.56,6.87,2026-04-08 16:01:24
227,전기차,3.52,092200,디아이씨,테마 편입 사유,8360.0,상승  460,5.82,8350.0,8360.0,273637.0,2255.0,205239.0,,,0.560405,-0.3299823500000003,"5,872.34",377.56,6.87,2026-04-08 16:01:24
227,전기차,3.52,047310,파워로직스 *,테마 편입 사유,4735.0,상승  260,5.81,4735.0,4740.0,165718.0,778.0,124612.0,,,0.560405,-0.3299823500000003,"5,872.34",377.56,6.87,2026-04-08 16:01:24
227,전기차,3.52,105550,엣지파운드리 *,테마 편입 사유,1185.0,상승  65,5.8,1185.0,1186.0,405816.0,470.0,443978.0,,,0.560405,-0.3299823500000003,"5,872.34",377.56,6.87,2026-04-08 16:01:24
227,전기차,3.52,114190,강원에너지 *,테마 편입 사유,13890.0,상승  760,5.79,13890.0,13900.0,202063.0,2756.0,354017.0,,,0.560405,-0.3299823500000003,"5,872.34",377.56,6.87,2026-04-08 16:01:24
227,전기차,3.52,160190,하이젠알앤엠 *,테마 편입 사유,35800.0,"상승  1,900",5.6,35800.0,35900.0,127750.0,4524.0,104574.0,,,0.560405,-0.3299823500000003,"5,872.34",377.56,6.87,2026-04-08 16:01:24
227,전기차,3.52,000270,기아,테마 편입 사유,159200.0,"상승  8,400",5.57,159200.0,159300.0,1134543.0,179417.0,719002.0,,,0.560405,-0.3299823500000003,"5,872.34",377.56,6.87,2026-04-08 16:01:24
227,전기차,3.52,011210,현대위아,테마 편입 사유,79800.0,"상승  4,200",5.56,79800.0,79900.0,110024.0,8702.0,82956.0,,,0.560405,-0.3299823500000003,"5,872.34",377.56,6.87,2026-04-08 16:01:24
227,전기차,3.52,009900,명신산업,테마 편입 사유,9720.0,상승  500,5.42,9710.0,9720.0,191069.0,1840.0,171944.0,,,0.560405,-0.3299823500000003,"5,872.34",377.56,6.87,2026-04-08 16:01:24
227,전기차,3.52,348370,엔켐 *,테마 편입 사유,37150.0,"상승  1,900",5.39,37100.0,37150.0,345987.0,12668.0,412807.0,,,0.560405,-0.3299823500000003,"5,872.34",377.56,6.87,2026-04-08 16:01:24
227,전기차,3.52,024910,경창산업 *,테마 편입 사유,2095.0,상승  106,5.33,2085.0,2095.0,291621.0,606.0,290138.0,,,0.560405,-0.3299823500000003,"5,872.34",377.56,6.87,2026-04-08 16:01:24
227,전기차,3.52,000240,한국앤컴퍼니,테마 편입 사유,24000.0,"상승  1,200",5.26,23950.0,24000.0,215032.0,5145.0,174950.0,,,0.560405,-0.3299823500000003,"5,872.34",377.56,6.87,2026-04-08 16:01:24
227,전기차,3.52,011790,SKC,테마 편입 사유,96100.0,"상승  4,800",5.26,96000.0,96100.0,174610.0,16647.0,218251.0,,,0.560405,-0.3299823500000003,"5,872.34",377.56,6.87,2026-04-08 16:01:24
227,전기차,3.52,089980,상아프론테크 *,테마 편입 사유,23850.0,"상승  1,150",5.07,23800.0,23850.0,101708.0,2413.0,156152.0,,,0.560405,-0.3299823500000003,"5,872.34",377.56,6.87,2026-04-08 16:01:24
227,전기차,3.52,066590,스모트로닉 *,테마 편입 사유,2605.0,상승  125,5.04,2600.0,2605.0,92928.0,240.0,175434.0,,,0.560405,-0.3299823500000003,"5,872.34",377.56,6.87,2026-04-08 16:01:24
227,전기차,3.52,452400,이닉스 *,테마 편입 사유,8700.0,상승  410,4.95,8690.0,8700.0,27182.0,231.0,10703.0,,,0.560405,-0.3299823500000003,"5,872.34",377.56,6.87,2026-04-08 16:01:24
227,전기차,3.52,043260,성호전자 *,테마 편입 사유,42600.0,"상승  2,000",4.93,42600.0,42650.0,1376956.0,59950.0,1055347.0,,,0.560405,-0.3299823500000003,"5,872.34",377.56,6.87,2026-04-08 16:01:24
227,전기차,3.52,463480,모티브링크 *,테마 편입 사유,7270.0,상승  340,4.91,7260.0,7270.0,110301.0,796.0,124374.0,,,0.560405,-0.3299823500000003,"5,872.34",377.56,6.87,2026-04-08 16:01:24
227,전기차,3.52,123040,엠에스오토텍 *,테마 편입 사유,2275.0,상승  105,4.84,2260.0,2275.0,184870.0,419.0,126981.0,,,0.560405,-0.3299823500000003,"5,872.34",377.56,6.87,2026-04-08 16:01:24
227,전기차,3.52,115160,휴맥스 *,테마 편입 사유,721.0,상승  33,4.8,719.0,721.0,234746.0,165.0,64402.0,,,0.560405,-0.3299823500000003,"5,872.34",377.56,6.87,2026-04-08 16:01:24
227,전기차,3.52,012330,현대모비스,테마 편입 사유,407000.0,"상승  17,000",4.36,406500.0,407000.0,333379.0,134553.0,190610.0,,,0.560405,-0.3299823500000003,"5,872.34",377.56,6.87,2026-04-08 16:01:24
227,전기차,3.52,170030,현대공업 *,테마 편입 사유,5530.0,상승  230,4.34,5530.0,5540.0,50276.0,275.0,33609.0,,,0.560405,-0.3299823500000003,"5,872.34",377.56,6.87,2026-04-08 16:01:24
227,전기차,3.52,014910,성문전자,테마 편입 사유,1674.0,상승  69,4.3,1674.0,1675.0,286604.0,476.0,216015.0,,,0.560405,-0.3299823500000003,"5,872.34",377.56,6.87,2026-04-08 16:01:24
227,전기차,3.52,003620,KG모빌리티,테마 편입 사유,3525.0,상승  145,4.29,3525.0,3530.0,757846.0,2650.0,389587.0,,,0.560405,-0.3299823500000003,"5,872.34",377.56,6.87,2026-04-08 16:01:24
227,전기차,3.52,012200,계양전기,테마 편입 사유,6460.0,상승  260,4.19,6460.0,6470.0,526374.0,3419.0,644429.0,,,0.560405,-0.3299823500000003,"5,872.34",377.56,6.87,2026-04-08 16:01:24
227,전기차,3.52,023810,인팩,테마 편입 사유,7970.0,상승  320,4.18,7960.0,7970.0,21465.0,169.0,24421.0,,,0.560405,-0.3299823500000003,"5,872.34",377.56,6.87,2026-04-08 16:01:24
227,전기차,3.52,178320,서진시스템 *,테마 편입 사유,44350.0,"상승  1,750",4.11,44300.0,44350.0,1281122.0,56770.0,1410398.0,,,0.560405,-0.3299823500000003,"5,872.34",377.56,6.87,2026-04-08 16:01:24
227,전기차,3.52,0011A0,액스비스 *,테마 편입 사유,24050.0,상승  900,3.89,24050.0,24100.0,134650.0,3256.0,82393.0,,,0.560405,-0.3299823500000003,"5,872.34",377.56,6.87,2026-04-08 16:01:24
227,전기차,3.52,002230,피에스텍 *,테마 편입 사유,9650.0,상승  360,3.88,9640.0,9650.0,247200.0,2400.0,191994.0,,,0.560405,-0.3299823500000003,"5,872.34",377.56,6.87,2026-04-08 16:01:24
227,전기차,3.52,336370,솔루스첨단소재,테마 편입 사유,9510.0,상승  350,3.82,9500.0,9510.0,285311.0,2671.0,465945.0,,,0.560405,-0.3299823500000003,"5,872.34",377.56,6.87,2026-04-08 16:01:24
227,전기차,3.52,125210,아모그린텍 *,테마 편입 사유,8820.0,상승  320,3.76,8810.0,8820.0,206375.0,1801.0,300803.0,,,0.560405,-0.3299823500000003,"5,872.34",377.56,6.87,2026-04-08 16:01:24
227,전기차,3.52,041930,동아화성 *,테마 편입 사유,6160.0,상승  220,3.7,6140.0,6160.0,18772.0,115.0,34388.0,,,0.560405,-0.3299823500000003,"5,872.34",377.56,6.87,2026-04-08 16:01:24
227,전기차,3.52,005070,코스모신소재,테마 편입 사유,53900.0,"상승  1,900",3.65,53900.0,54000.0,227128.0,12074.0,354998.0,,,0.560405,-0.3299823500000003,"5,872.34",377.56,6.87,2026-04-08 16:01:24
227,전기차,3.52,419050,삼기에너지솔루션즈 *,테마 편입 사유,1582.0,상승  54,3.53,1582.0,1583.0,239311.0,377.0,107683.0,,,0.560405,-0.3299823500000003,"5,872.34",377.56,6.87,2026-04-08 16:01:24
227,전기차,3.52,064960,SNT모티브,테마 편입 사유,34300.0,"상승  1,150",3.47,34300.0,34350.0,42253.0,1439.0,27833.0,,,0.560405,-0.3299823500000003,"5,872.34",377.56,6.87,2026-04-08 16:01:24
227,전기차,3.52,361670,삼영에스앤씨 *,테마 편입 사유,3200.0,상승  105,3.39,3200.0,3210.0,12879.0,41.0,5808.0,,,0.560405,-0.3299823500000003,"5,872.34",377.56,6.87,2026-04-08 16:01:24
227,전기차,3.52,013310,아진산업 *,테마 편입 사유,3130.0,상승  100,3.3,3125.0,3130.0,234375.0,726.0,181403.0,,,0.560405,-0.3299823500000003,"5,872.34",377.56,6.87,2026-04-08 16:01:24
227,전기차,3.52,006400,삼성SDI,테마 편입 사유,471500.0,"상승  15,000",3.29,471000.0,471500.0,821542.0,382075.0,759485.0,,,0.560405,-0.3299823500000003,"5,872.34",377.56,6.87,2026-04-08 16:01:24
227,전기차,3.52,308170,씨티알모빌리티,테마 편입 사유,5110.0,상승  160,3.23,5070.0,5110.0,14519.0,73.0,11491.0,,,0.560405,-0.3299823500000003,"5,872.34",377.56,6.87,2026-04-08 16:01:24
227,전기차,3.52,900070,글로벌에스엠 *,테마 편입 사유,515.0,상승  16,3.21,514.0,515.0,113426.0,58.0,174720.0,,,0.560405,-0.3299823500000003,"5,872.34",377.56,6.87,2026-04-08 16:01:24
227,전기차,3.52,013870,지엠비코리아,테마 편입 사유,5020.0,상승  140,2.87,5020.0,5050.0,56438.0,283.0,48919.0,,,0.560405,-0.3299823500000003,"5,872.34",377.56,6.87,2026-04-08 16:01:24
227,전기차,3.52,214330,금호에이치티,테마 편입 사유,398.0,상승  11,2.84,397.0,398.0,1924172.0,757.0,1351211.0,,,0.560405,-0.3299823500000003,"5,872.34",377.56,6.87,2026-04-08 16:01:24
227,전기차,3.52,377330,이지트로닉스 *,테마 편입 사유,3460.0,상승  95,2.82,3425.0,3460.0,13113.0,45.0,24129.0,,,0.560405,-0.3299823500000003,"5,872.34",377.56,6.87,2026-04-08 16:01:24
227,전기차,3.52,259630,엠플러스 *,테마 편입 사유,13140.0,상승  350,2.74,13140.0,13150.0,140228.0,1836.0,115994.0,,,0.560405,-0.3299823500000003,"5,872.34",377.56,6.87,2026-04-08 16:01:24
227,전기차,3.52,215360,우리산업 *,테마 편입 사유,8520.0,상승  210,2.53,8460.0,8520.0,22383.0,189.0,16841.0,,,0.560405,-0.3299823500000003,"5,872.34",377.56,6.87,2026-04-08 16:01:24
227,전기차,3.52,080470,성창오토텍 *,테마 편입 사유,4000.0,상승  95,2.43,3990.0,4000.0,13858.0,55.0,14842.0,,,0.560405,-0.3299823500000003,"5,872.34",377.56,6.87,2026-04-08 16:01:24
227,전기차,3.52,023800,인지컨트롤스,테마 편입 사유,6830.0,상승  160,2.4,6820.0,6830.0,52278.0,356.0,74538.0,,,0.560405,-0.3299823500000003,"5,872.34",377.56,6.87,2026-04-08 16:01:24
227,전기차,3.52,024900,디와이덕양,테마 편입 사유,2030.0,상승  43,2.16,2025.0,2030.0,89135.0,180.0,219286.0,,,0.560405,-0.3299823500000003,"5,872.34",377.56,6.87,2026-04-08 16:01:24
227,전기차,3.52,017370,우신시스템,테마 편입 사유,5750.0,상승  110,1.95,5750.0,5770.0,40133.0,229.0,33632.0,,,0.560405,-0.3299823500000003,"5,872.34",377.56,6.87,2026-04-08 16:01:24
227,전기차,3.52,234100,폴라리스세원 *,테마 편입 사유,1023.0,상승  19,1.89,1023.0,1026.0,226483.0,231.0,207137.0,,,0.560405,-0.3299823500000003,"5,872.34",377.56,6.87,2026-04-08 16:01:24
227,전기차,3.52,033310,엠투엔 *,테마 편입 사유,1882.0,상승  32,1.73,1875.0,1882.0,52359.0,98.0,40125.0,,,0.560405,-0.3299823500000003,"5,872.34",377.56,6.87,2026-04-08 16:01:24
227,전기차,3.52,265560,영화테크 *,테마 편입 사유,8690.0,상승  130,1.52,8650.0,8690.0,35857.0,309.0,38964.0,,,0.560405,-0.3299823500000003,"5,872.34",377.56,6.87,2026-04-08 16:01:24
227,전기차,3.52,009320,아진전자부품,테마 편입 사유,1010.0,상승  14,1.41,1008.0,1010.0,206893.0,208.0,69804.0,,,0.560405,-0.3299823500000003,"5,872.34",377.56,6.87,2026-04-08 16:01:24
227,전기차,3.52,355150,코스텍시스 *,테마 편입 사유,22750.0,상승  300,1.34,22750.0,22900.0,213640.0,4843.0,142203.0,,,0.560405,-0.3299823500000003,"5,872.34",377.56,6.87,2026-04-08 16:01:24
227,전기차,3.52,051490,나라엠앤디 *,테마 편입 사유,3545.0,상승  45,1.29,3540.0,3545.0,19205.0,68.0,31002.0,,,0.560405,-0.3299823500000003,"5,872.34",377.56,6.87,2026-04-08 16:01:24
227,전기차,3.52,263770,유에스티 *,테마 편입 사유,2020.0,상승  25,1.25,2015.0,2020.0,35958.0,72.0,32147.0,,,0.560405,-0.3299823500000003,"5,872.34",377.56,6.87,2026-04-08 16:01:24
227,전기차,3.52,085910,네오티스 *,테마 편입 사유,21450.0,상승  250,1.18,21450.0,21500.0,289385.0,6192.0,168882.0,,,0.560405,-0.3299823500000003,"5,872.34",377.56,6.87,2026-04-08 16:01:24
227,전기차,3.52,273640,와이엠텍 *,테마 편입 사유,7390.0,상승  80,1.09,7360.0,7390.0,20033.0,147.0,22435.0,,,0.560405,-0.3299823500000003,"5,872.34",377.56,6.87,2026-04-08 16:01:24
227,전기차,3.52,243840,신흥에스이씨 *,테마 편입 사유,8090.0,상승  70,0.87,8080.0,8090.0,734019.0,5898.0,659836.0,,,0.560405,-0.3299823500000003,"5,872.34",377.56,6.87,2026-04-08 16:01:24
227,전기차,3.52,025540,한국단자,테마 편입 사유,75500.0,상승  600,0.8,75400.0,75500.0,29187.0,2189.0,24279.0,,,0.560405,-0.3299823500000003,"5,872.34",377.56,6.87,2026-04-08 16:01:24
227,전기차,3.52,140520,대창스틸 *,테마 편입 사유,2140.0,상승  15,0.71,2135.0,2140.0,18595.0,39.0,8493.0,,,0.560405,-0.3299823500000003,"5,872.34",377.56,6.87,2026-04-08 16:01:24
227,전기차,3.52,900260,로스웰 *,테마 편입 사유,1642.0,상승  8,0.49,1642.0,1647.0,8942.0,15.0,10366.0,,,0.560405,-0.3299823500000003,"5,872.34",377.56,6.87,2026-04-08 16:01:24
227,전기차,3.52,107640,한중엔시에스 *,테마 편입 사유,49250.0,상승  200,0.41,49200.0,49250.0,270846.0,13306.0,198329.0,,,0.560405,-0.3299823500000003,"5,872.34",377.56,6.87,2026-04-08 16:01:24
227,전기차,3.52,081150,티플랙스 *,테마 편입 사유,3430.0,상승  5,0.15,3425.0,3430.0,619830.0,2137.0,540777.0,,,0.560405,-0.3299823500000003,"5,872.34",377.56,6.87,2026-04-08 16:01:24
227,전기차,3.52,058430,포스코스틸리온,테마 편입 사유,48000.0,보합0,0.0,0.0,0.0,0.0,0.0,72206.0,,,0.560405,-0.3299823500000003,"5,872.34",377.56,6.87,2026-04-08 16:01:24
227,전기차,3.52,038880,아이에이 *,테마 편입 사유,135.0,보합0,0.0,0.0,0.0,0.0,0.0,10693067.0,,,0.560405,-0.3299823500000003,"5,872.34",377.56,6.87,2026-04-08 16:01:24
227,전기차,3.52,010120,LS ELECTRIC,테마 편입 사유,788000.0,보합0,0.0,0.0,0.0,0.0,0.0,122309.0,,,0.560405,-0.3299823500000003,"5,872.34",377.56,6.87,2026-04-08 16:01:24
227,전기차,3.52,066970,엘앤에프,테마 편입 사유,184100.0,하락  900,-0.49,184000.0,184100.0,1205873.0,222302.0,2190888.0,,,0.560405,-0.3299823500000003,"5,872.34",377.56,6.87,2026-04-08 16:01:24
227,전기차,3.52,373220,LG에너지솔루션,테마 편입 사유,406000.0,"하락  2,500",-0.61,405500.0,406000.0,521932.0,211682.0,311134.0,,,0.560405,-0.3299823500000003,"5,872.34",377.56,6.87,2026-04-08 16:01:24
227,전기차,3.52,096770,SK이노베이션,테마 편입 사유,120400.0,"하락  1,400",-1.15,120300.0,120400.0,807415.0,96313.0,690065.0,,,0.560405,-0.3299823500000003,"5,872.34",377.56,6.87,2026-04-08 16:01:24
227,전기차,3.52,012340,뉴인텍 *,테마 편입 사유,287.0,하락  5,-1.71,287.0,289.0,1183347.0,351.0,954028.0,,,0.560405,-0.3299823500000003,"5,872.34",377.56,6.87,2026-04-08 16:01:24
227,전기차,3.52,090150,아이윈 *,테마 편입 사유,770.0,하락  16,-2.04,770.0,774.0,146579.0,114.0,150494.0,,,0.560405,-0.3299823500000003,"5,872.34",377.56,6.87,2026-04-08 16:01:24
227,전기차,3.52,198940,한주라이트메탈 *,테마 편입 사유,657.0,하락  14,-2.09,657.0,659.0,480209.0,318.0,392609.0,,,0.560405,-0.3299823500000003,"5,872.34",377.56,6.87,2026-04-08 16:01:24
227,전기차,3.52,011230,삼화전자,테마 편입 사유,2480.0,하락  75,-2.94,2480.0,2490.0,207387.0,514.0,76659.0,,,0.560405,-0.3299823500000003,"5,872.34",377.56,6.87,2026-04-08 16:01:24
227,전기차,3.52,091580,상신이디피 *,테마 편입 사유,22300.0,"하락  1,000",-4.29,22250.0,22300.0,801634.0,17849.0,409263.0,,,0.560405,-0.3299823500000003,"5,872.34",377.56,6.87,2026-04-08 16:01:24
227,전기차,3.52,024740,한일단조 *,테마 편입 사유,2870.0,하락  130,-4.33,2865.0,2870.0,1563333.0,4482.0,1229616.0,,,0.560405,-0.3299823500000003,"5,872.34",377.56,6.87,2026-04-08 16:01:24
227,전기차,3.52,355690,에이텀 *,테마 편입 사유,5140.0,하락  260,-4.81,5120.0,5140.0,121420.0,638.0,147888.0,,,0.560405,-0.3299823500000003,"5,872.34",377.56,6.87,2026-04-08 16:01:24
227,전기차,3.52,038110,에코플라스틱 *,테마 편입 사유,3510.0,하락  490,-12.25,3510.0,3525.0,7133235.0,25739.0,21456078.0,,,0.560405,-0.3299823500000003,"5,872.34",377.56,6.87,2026-04-08 16:01:24
445,2차전지(장비),4.01,078150,HB테크놀러지 *,테마 편입 사유,2310.0,상승  205,9.74,2305.0,2310.0,3424810.0,7724.0,1315935.0,,,0.623215,-0.2714870500000002,"5,872.34",377.56,6.87,2026-04-08 16:01:24
445,2차전지(장비),4.01,161580,필옵틱스 *,테마 편입 사유,39900.0,"상승  3,500",9.62,39850.0,39900.0,235827.0,9242.0,143546.0,,,0.623215,-0.2714870500000002,"5,872.34",377.56,6.87,2026-04-08 16:01:24
445,2차전지(장비),4.01,168360,펨트론 *,테마 편입 사유,21150.0,"상승  1,850",9.59,21100.0,21150.0,111607.0,2329.0,49908.0,,,0.623215,-0.2714870500000002,"5,872.34",377.56,6.87,2026-04-08 16:01:24
445,2차전지(장비),4.01,469750,아이비젼웍스 *,테마 편입 사유,1135.0,상승  95,9.13,1132.0,1135.0,285941.0,317.0,133971.0,,,0.623215,-0.2714870500000002,"5,872.34",377.56,6.87,2026-04-08 16:01:24
445,2차전지(장비),4.01,089890,코세스 *,테마 편입 사유,22400.0,"상승  1,700",8.21,22350.0,22400.0,138760.0,3037.0,119069.0,,,0.623215,-0.2714870500000002,"5,872.34",377.56,6.87,2026-04-08 16:01:24
445,2차전지(장비),4.01,217820,원익피앤이 *,테마 편입 사유,3140.0,상승  230,7.9,3140.0,3145.0,293793.0,905.0,200424.0,,,0.623215,-0.2714870500000002,"5,872.34",377.56,6.87,2026-04-08 16:01:24
445,2차전지(장비),4.01,081180,쎄크 *,테마 편입 사유,12210.0,상승  870,7.67,12190.0,12210.0,71952.0,866.0,47637.0,,,0.623215,-0.2714870500000002,"5,872.34",377.56,6.87,2026-04-08 16:01:24
445,2차전지(장비),4.01,222080,씨아이에스 *,테마 편입 사유,12590.0,상승  850,7.24,12580.0,12590.0,1781196.0,22113.0,3876391.0,,,0.623215,-0.2714870500000002,"5,872.34",377.56,6.87,2026-04-08 16:01:24
445,2차전지(장비),4.01,432470,케이엔에스 *,테마 편입 사유,13210.0,상승  860,6.96,13210.0,13220.0,39811.0,519.0,37591.0,,,0.623215,-0.2714870500000002,"5,872.34",377.56,6.87,2026-04-08 16:01:24
445,2차전지(장비),4.01,110990,디아이티 *,테마 편입 사유,20050.0,"상승  1,200",6.37,20000.0,20050.0,118315.0,2334.0,95208.0,,,0.623215,-0.2714870500000002,"5,872.34",377.56,6.87,2026-04-08 16:01:24
445,2차전지(장비),4.01,452190,한빛레이저 *,테마 편입 사유,4245.0,상승  245,6.13,4230.0,4245.0,163449.0,686.0,87829.0,,,0.623215,-0.2714870500000002,"5,872.34",377.56,6.87,2026-04-08 16:01:24
445,2차전지(장비),4.01,114190,강원에너지 *,테마 편입 사유,13890.0,상승  760,5.79,13890.0,13900.0,202063.0,2756.0,354017.0,,,0.623215,-0.2714870500000002,"5,872.34",377.56,6.87,2026-04-08 16:01:24
445,2차전지(장비),4.01,299030,하나기술 *,테마 편입 사유,26600.0,"상승  1,400",5.56,26600.0,26650.0,32034.0,842.0,47887.0,,,0.623215,-0.2714870500000002,"5,872.34",377.56,6.87,2026-04-08 16:01:24
445,2차전지(장비),4.01,056190,에스에프에이 *,테마 편입 사유,27700.0,"상승  1,400",5.32,27700.0,27750.0,74503.0,2065.0,53827.0,,,0.623215,-0.2714870500000002,"5,872.34",377.56,6.87,2026-04-08 16:01:24
445,2차전지(장비),4.01,267320,나인테크 *,테마 편입 사유,3090.0,상승  155,5.28,3090.0,3100.0,743166.0,2270.0,597470.0,,,0.623215,-0.2714870500000002,"5,872.34",377.56,6.87,2026-04-08 16:01:24
445,2차전지(장비),4.01,251630,브이원텍 *,테마 편입 사유,5420.0,상승  260,5.04,5410.0,5420.0,65697.0,350.0,28777.0,,,0.623215,-0.2714870500000002,"5,872.34",377.56,6.87,2026-04-08 16:01:24
445,2차전지(장비),4.01,480370,씨케이솔루션,테마 편입 사유,1996.0,상승  94,4.94,1996.0,2000.0,352197.0,704.0,152277.0,,,0.623215,-0.2714870500000002,"5,872.34",377.56,6.87,2026-04-08 16:01:24
445,2차전지(장비),4.01,282880,코윈테크 *,테마 편입 사유,14340.0,상승  640,4.67,14340.0,14350.0,78187.0,1103.0,27250.0,,,0.623215,-0.2714870500000002,"5,872.34",377.56,6.87,2026-04-08 16:01:24
445,2차전지(장비),4.01,137400,피엔티 *,테마 편입 사유,49450.0,"상승  2,150",4.55,49450.0,49500.0,164084.0,8043.0,215482.0,,,0.623215,-0.2714870500000002,"5,872.34",377.56,6.87,2026-04-08 16:01:24
445,2차전지(장비),4.01,302430,이노메트리 *,테마 편입 사유,6800.0,상승  290,4.45,6740.0,6810.0,31919.0,215.0,16981.0,,,0.623215,-0.2714870500000002,"5,872.34",377.56,6.87,2026-04-08 16:01:24
445,2차전지(장비),4.01,320000,한울반도체 *,테마 편입 사유,1511.0,상승  63,4.35,1505.0,1511.0,256136.0,386.0,124465.0,,,0.623215,-0.2714870500000002,"5,872.34",377.56,6.87,2026-04-08 16:01:24
445,2차전지(장비),4.01,378340,필에너지 *,테마 편입 사유,15620.0,상승  640,4.27,15590.0,15620.0,97442.0,1497.0,95907.0,,,0.623215,-0.2714870500000002,"5,872.34",377.56,6.87,2026-04-08 16:01:24
445,2차전지(장비),4.01,413390,엠오티 *,테마 편입 사유,8330.0,상승  330,4.13,8320.0,8330.0,63308.0,521.0,76509.0,,,0.623215,-0.2714870500000002,"5,872.34",377.56,6.87,2026-04-08 16:01:24
445,2차전지(장비),4.01,382480,지아이텍 *,테마 편입 사유,2400.0,상승  90,3.9,2395.0,2400.0,370867.0,884.0,201593.0,,,0.623215,-0.2714870500000002,"5,872.34",377.56,6.87,2026-04-08 16:01:24
445,2차전지(장비),4.01,079810,디이엔티 *,테마 편입 사유,4655.0,상승  170,3.79,4655.0,4665.0,233380.0,1077.0,573305.0,,,0.623215,-0.2714870500000002,"5,872.34",377.56,6.87,2026-04-08 16:01:24
445,2차전지(장비),4.01,382840,원준 *,테마 편입 사유,8650.0,상승  300,3.59,8650.0,8660.0,59293.0,509.0,61086.0,,,0.623215,-0.2714870500000002,"5,872.34",377.56,6.87,2026-04-08 16:01:24
445,2차전지(장비),4.01,065130,탑엔지니어링 *,테마 편입 사유,3115.0,상승  105,3.49,3105.0,3115.0,28329.0,88.0,9847.0,,,0.623215,-0.2714870500000002,"5,872.34",377.56,6.87,2026-04-08 16:01:24
445,2차전지(장비),4.01,032680,소프트센 *,테마 편입 사유,240.0,상승  8,3.45,238.0,240.0,508891.0,121.0,773645.0,,,0.623215,-0.2714870500000002,"5,872.34",377.56,6.87,2026-04-08 16:01:24
445,2차전지(장비),4.01,076080,웰크론한텍 *,테마 편입 사유,1232.0,상승  41,3.44,1230.0,1232.0,264481.0,334.0,51270.0,,,0.623215,-0.2714870500000002,"5,872.34",377.56,6.87,2026-04-08 16:01:24
445,2차전지(장비),4.01,083930,아바코 *,테마 편입 사유,13480.0,상승  430,3.3,13440.0,13480.0,64316.0,860.0,51108.0,,,0.623215,-0.2714870500000002,"5,872.34",377.56,6.87,2026-04-08 16:01:24
445,2차전지(장비),4.01,241790,티이엠씨씨엔에스 *,테마 편입 사유,7530.0,상승  240,3.29,7520.0,7530.0,40565.0,303.0,16095.0,,,0.623215,-0.2714870500000002,"5,872.34",377.56,6.87,2026-04-08 16:01:24
445,2차전지(장비),4.01,372170,윤성에프앤씨 *,테마 편입 사유,29900.0,상승  900,3.1,29850.0,29900.0,15286.0,455.0,21549.0,,,0.623215,-0.2714870500000002,"5,872.34",377.56,6.87,2026-04-08 16:01:24
445,2차전지(장비),4.01,455180,케이지에이 *,테마 편입 사유,2840.0,상승  80,2.9,2840.0,2850.0,52939.0,150.0,28652.0,,,0.623215,-0.2714870500000002,"5,872.34",377.56,6.87,2026-04-08 16:01:24
445,2차전지(장비),4.01,290670,대보마그네틱 *,테마 편입 사유,11030.0,상승  310,2.89,11030.0,11040.0,11052.0,121.0,19687.0,,,0.623215,-0.2714870500000002,"5,872.34",377.56,6.87,2026-04-08 16:01:24
445,2차전지(장비),4.01,259630,엠플러스 *,테마 편입 사유,13140.0,상승  350,2.74,13140.0,13150.0,140228.0,1836.0,115994.0,,,0.623215,-0.2714870500000002,"5,872.34",377.56,6.87,2026-04-08 16:01:24
445,2차전지(장비),4.01,254120,자비스 *,테마 편입 사유,1210.0,상승  32,2.72,1207.0,1210.0,98955.0,119.0,55589.0,,,0.623215,-0.2714870500000002,"5,872.34",377.56,6.87,2026-04-08 16:01:24
445,2차전지(장비),4.01,277880,티에스아이 *,테마 편입 사유,5050.0,상승  110,2.23,5030.0,5050.0,111005.0,557.0,138032.0,,,0.623215,-0.2714870500000002,"5,872.34",377.56,6.87,2026-04-08 16:01:24
445,2차전지(장비),4.01,452200,민테크 *,테마 편입 사유,2340.0,상승  50,2.18,2335.0,2340.0,51960.0,122.0,50349.0,,,0.623215,-0.2714870500000002,"5,872.34",377.56,6.87,2026-04-08 16:01:24
445,2차전지(장비),4.01,017370,우신시스템,테마 편입 사유,5750.0,상승  110,1.95,5750.0,5770.0,40133.0,229.0,33632.0,,,0.623215,-0.2714870500000002,"5,872.34",377.56,6.87,2026-04-08 16:01:24
445,2차전지(장비),4.01,333620,엔시스 *,테마 편입 사유,6060.0,상승  110,1.85,6050.0,6060.0,103281.0,624.0,1557449.0,,,0.623215,-0.2714870500000002,"5,872.34",377.56,6.87,2026-04-08 16:01:24
445,2차전지(장비),4.01,257370,피엔티엠에스 *,테마 편입 사유,3405.0,상승  60,1.79,3390.0,3405.0,23186.0,79.0,63434.0,,,0.623215,-0.2714870500000002,"5,872.34",377.56,6.87,2026-04-08 16:01:24
445,2차전지(장비),4.01,108230,톱텍 *,테마 편입 사유,4295.0,상승  55,1.3,4295.0,4300.0,61168.0,263.0,74166.0,,,0.623215,-0.2714870500000002,"5,872.34",377.56,6.87,2026-04-08 16:01:24
445,2차전지(장비),4.01,262260,에이프로 *,테마 편입 사유,5000.0,상승  30,0.6,5000.0,5020.0,40356.0,202.0,37455.0,,,0.623215,-0.2714870500000002,"5,872.34",377.56,6.87,2026-04-08 16:01:24
445,2차전지(장비),4.01,131760,파인텍 *,테마 편입 사유,633.0,보합0,0.0,626.0,633.0,148868.0,93.0,168655.0,,,0.623215,-0.2714870500000002,"5,872.34",377.56,6.87,2026-04-08 16:01:24
445,2차전지(장비),4.01,148930,에이치와이티씨 *,테마 편입 사유,2925.0,하락  10,-0.34,2925.0,2945.0,20110.0,59.0,32663.0,,,0.623215,-0.2714870500000002,"5,872.34",377.56,6.87,2026-04-08 16:01:24
445,2차전지(장비),4.01,109740,디에스케이 *,테마 편입 사유,5170.0,하락  230,-4.26,5160.0,5170.0,98366.0,507.0,34340.0,,,0.623215,-0.2714870500000002,"5,872.34",377.56,6.87,2026-04-08 16:01:24
445,2차전지(장비),4.01,129920,대성하이텍 *,테마 편입 사유,10430.0,하락  970,-8.51,10430.0,10440.0,425243.0,4681.0,592703.0,,,0.623215,-0.2714870500000002,"5,872.34",377.56,6.87,2026-04-08 16:01:24
496,골프,1.52,100120,뷰웍스 *,테마 편입 사유,27100.0,"상승  2,750",11.29,26900.0,27100.0,223007.0,5814.0,66211.0,,,0.257391,-0.2482761699999998,"5,872.34",377.56,6.87,2026-04-08 16:01:24
496,골프,1.52,300120,라온피플 *,테마 편입 사유,990.0,상승  55,5.88,989.0,990.0,293220.0,281.0,556261.0,,,0.257391,-0.2482761699999998,"5,872.34",377.56,6.87,2026-04-08 16:01:24
496,골프,1.52,019010,베뉴지 *,테마 편입 사유,5230.0,상승  220,4.39,5210.0,5230.0,245502.0,1282.0,98674.0,,,0.257391,-0.2482761699999998,"5,872.34",377.56,6.87,2026-04-08 16:01:24
496,골프,1.52,025980,아난티 *,테마 편입 사유,7190.0,상승  300,4.35,7180.0,7190.0,1554943.0,11245.0,1645277.0,,,0.257391,-0.2482761699999998,"5,872.34",377.56,6.87,2026-04-08 16:01:24
496,골프,1.52,122450,KX *,테마 편입 사유,3085.0,상승  95,3.18,3080.0,3085.0,29771.0,91.0,37814.0,,,0.257391,-0.2482761699999998,"5,872.34",377.56,6.87,2026-04-08 16:01:24
496,골프,1.52,069640,한세엠케이,테마 편입 사유,628.0,상승  19,3.12,628.0,634.0,52318.0,32.0,25579.0,,,0.257391,-0.2482761699999998,"5,872.34",377.56,6.87,2026-04-08 16:01:24
496,골프,1.52,070960,모나용평,테마 편입 사유,3060.0,상승  80,2.68,3045.0,3060.0,101703.0,306.0,271160.0,,,0.257391,-0.2482761699999998,"5,872.34",377.56,6.87,2026-04-08 16:01:24
496,골프,1.52,110790,크리스에프앤씨 *,테마 편입 사유,3990.0,상승  100,2.57,3970.0,3990.0,14073.0,55.0,20936.0,,,0.257391,-0.2482761699999998,"5,872.34",377.56,6.87,2026-04-08 16:01:24
496,골프,1.52,067900,와이엔텍 *,테마 편입 사유,6870.0,상승  160,2.38,6870.0,6880.0,58525.0,403.0,44310.0,,,0.257391,-0.2482761699999998,"5,872.34",377.56,6.87,2026-04-08 16:01:24
496,골프,1.52,121440,골프존홀딩스 *,테마 편입 사유,4940.0,상승  110,2.28,4930.0,4940.0,60632.0,297.0,12719.0,,,0.257391,-0.2482761699999998,"5,872.34",377.56,6.87,2026-04-08 16:01:24
496,골프,1.52,215000,골프존 *,테마 편입 사유,49100.0,상승  150,0.31,49100.0,49250.0,20027.0,993.0,17166.0,,,0.257391,-0.2482761699999998,"5,872.34",377.56,6.87,2026-04-08 16:01:24
496,골프,1.52,081660,미스토홀딩스,테마 편입 사유,41650.0,상승  100,0.24,41500.0,41650.0,240624.0,10025.0,105643.0,,,0.257391,-0.2482761699999998,"5,872.34",377.56,6.87,2026-04-08 16:01:24
496,골프,1.52,111710,남화산업 *,테마 편입 사유,3945.0,하락  20,-0.5,3945.0,3970.0,12508.0,50.0,2846.0,,,0.257391,-0.2482761699999998,"5,872.34",377.56,6.87,2026-04-08 16:01:24
496,골프,1.52,365900,브이씨 *,테마 편입 사유,3120.0,하락  60,-1.89,3120.0,3155.0,3075.0,10.0,4738.0,,,0.257391,-0.2482761699999998,"5,872.34",377.56,6.87,2026-04-08 16:01:24
496,골프,1.52,308100,형지글로벌 *,테마 편입 사유,1009.0,하락  213,-17.43,1009.0,1013.0,5612145.0,6394.0,10408464.0,,,0.257391,-0.2482761699999998,"5,872.34",377.56,6.87,2026-04-08 16:01:24
520,피팅(관이음쇠)/밸브,5.43,039610,화성밸브 *,테마 편입 사유,9420.0,"상승  1,760",22.98,9420.0,9430.0,5747748.0,55087.0,34771.0,,,0.824895,-0.23702865000000095,"5,872.34",377.56,6.87,2026-04-08 16:01:24
520,피팅(관이음쇠)/밸브,5.43,086670,비엠티 *,테마 편입 사유,15720.0,"상승  1,300",9.02,15720.0,15740.0,158024.0,2423.0,58383.0,,,0.824895,-0.23702865000000095,"5,872.34",377.56,6.87,2026-04-08 16:01:24
520,피팅(관이음쇠)/밸브,5.43,105740,디케이락 *,테마 편입 사유,10000.0,상승  560,5.93,9990.0,10000.0,321190.0,3201.0,115934.0,,,0.824895,-0.23702865000000095,"5,872.34",377.56,6.87,2026-04-08 16:01:24
520,피팅(관이음쇠)/밸브,5.43,073010,케이에스피 *,테마 편입 사유,3565.0,상승  140,4.09,3555.0,3565.0,133970.0,475.0,209216.0,,,0.824895,-0.23702865000000095,"5,872.34",377.56,6.87,2026-04-08 16:01:24
520,피팅(관이음쇠)/밸브,5.43,025550,한국선재 *,테마 편입 사유,3290.0,상승  115,3.62,3280.0,3290.0,73345.0,239.0,76470.0,,,0.824895,-0.23702865000000095,"5,872.34",377.56,6.87,2026-04-08 16:01:24
520,피팅(관이음쇠)/밸브,5.43,452280,한선엔지니어링 *,테마 편입 사유,12960.0,상승  260,2.05,12960.0,12970.0,287279.0,3774.0,373547.0,,,0.824895,-0.23702865000000095,"5,872.34",377.56,6.87,2026-04-08 16:01:24
520,피팅(관이음쇠)/밸브,5.43,013030,하이록코리아 *,테마 편입 사유,38550.0,상승  500,1.31,38550.0,38600.0,97876.0,3723.0,152397.0,,,0.824895,-0.23702865000000095,"5,872.34",377.56,6.87,2026-04-08 16:01:24
520,피팅(관이음쇠)/밸브,5.43,023160,태광 *,테마 편입 사유,41000.0,상승  50,0.12,41000.0,41050.0,854881.0,34084.0,509843.0,,,0.824895,-0.23702865000000095,"5,872.34",377.56,6.87,2026-04-08 16:01:24
520,피팅(관이음쇠)/밸브,5.43,014620,성광벤드 *,테마 편입 사유,38650.0,하락  100,-0.26,38600.0,38650.0,614611.0,23251.0,360089.0,,,0.824895,-0.23702865000000095,"5,872.34",377.56,6.87,2026-04-08 16:01:24
76,여름,1.04,067170,오텍 *,테마 편입 사유,2185.0,상승  328,17.66,2185.0,2190.0,8603178.0,19654.0,63495.0,,,0.179819,-0.19535652999999997,"5,872.34",377.56,6.87,2026-04-08 16:01:24
76,여름,1.04,060310,3S *,테마 편입 사유,1315.0,상승  93,7.61,1314.0,1315.0,380073.0,496.0,185651.0,,,0.179819,-0.19535652999999997,"5,872.34",377.56,6.87,2026-04-08 16:01:24
76,여름,1.04,051900,LG생활건강,테마 편입 사유,247000.0,"상승  11,000",4.66,247000.0,247500.0,54278.0,13270.0,40558.0,,,0.179819,-0.19535652999999997,"5,872.34",377.56,6.87,2026-04-08 16:01:24
76,여름,1.04,284740,쿠쿠홈시스,테마 편입 사유,23400.0,상승  700,3.08,23400.0,23550.0,6933.0,161.0,17160.0,,,0.179819,-0.19535652999999997,"5,872.34",377.56,6.87,2026-04-08 16:01:24
76,여름,1.04,001530,DI동일,테마 편입 사유,22000.0,상승  650,3.04,21950.0,22000.0,60594.0,1318.0,24180.0,,,0.179819,-0.19535652999999997,"5,872.34",377.56,6.87,2026-04-08 16:01:24
76,여름,1.04,035810,이지홀딩스 *,테마 편입 사유,5710.0,상승  140,2.51,5700.0,5710.0,243818.0,1386.0,228166.0,,,0.179819,-0.19535652999999997,"5,872.34",377.56,6.87,2026-04-08 16:01:24
76,여름,1.04,042110,에스씨디 *,테마 편입 사유,1476.0,상승  34,2.36,1475.0,1476.0,378430.0,553.0,340946.0,,,0.179819,-0.19535652999999997,"5,872.34",377.56,6.87,2026-04-08 16:01:24
76,여름,1.04,280360,롯데웰푸드,테마 편입 사유,111900.0,"상승  2,300",2.1,111800.0,111900.0,10955.0,1227.0,5749.0,,,0.179819,-0.19535652999999997,"5,872.34",377.56,6.87,2026-04-08 16:01:24
76,여름,1.04,044340,위닉스 *,테마 편입 사유,4900.0,상승  100,2.08,4885.0,4900.0,16427.0,80.0,16307.0,,,0.179819,-0.19535652999999997,"5,872.34",377.56,6.87,2026-04-08 16:01:24
76,여름,1.04,043340,에쎈테크 *,테마 편입 사유,557.0,상승  11,2.01,556.0,557.0,416148.0,227.0,794757.0,,,0.179819,-0.19535652999999997,"5,872.34",377.56,6.87,2026-04-08 16:01:24
76,여름,1.04,267790,배럴 *,테마 편입 사유,3565.0,상승  55,1.57,3535.0,3565.0,11099.0,39.0,14779.0,,,0.179819,-0.19535652999999997,"5,872.34",377.56,6.87,2026-04-08 16:01:24
76,여름,1.04,005180,빙그레,테마 편입 사유,72300.0,상승  900,1.26,72200.0,72300.0,25489.0,1843.0,13194.0,,,0.179819,-0.19535652999999997,"5,872.34",377.56,6.87,2026-04-08 16:01:24
76,여름,1.04,088910,동우팜투테이블 *,테마 편입 사유,2400.0,상승  25,1.05,2400.0,2410.0,66656.0,160.0,37761.0,,,0.179819,-0.19535652999999997,"5,872.34",377.56,6.87,2026-04-08 16:01:24
76,여름,1.04,005300,롯데칠성,테마 편입 사유,115200.0,"상승  1,200",1.05,115200.0,115300.0,11937.0,1378.0,9576.0,,,0.179819,-0.19535652999999997,"5,872.34",377.56,6.87,2026-04-08 16:01:24
76,여름,1.04,071840,롯데하이마트,테마 편입 사유,7720.0,상승  70,0.92,7720.0,7760.0,14128.0,109.0,6864.0,,,0.179819,-0.19535652999999997,"5,872.34",377.56,6.87,2026-04-08 16:01:24
76,여름,1.04,037070,파세코 *,테마 편입 사유,8450.0,상승  50,0.6,8440.0,8450.0,79182.0,667.0,72425.0,,,0.179819,-0.19535652999999997,"5,872.34",377.56,6.87,2026-04-08 16:01:24
76,여름,1.04,021240,코웨이,테마 편입 사유,78200.0,상승  400,0.51,78200.0,78300.0,250400.0,19636.0,598258.0,,,0.179819,-0.19535652999999997,"5,872.34",377.56,6.87,2026-04-08 16:01:24
76,여름,1.04,000080,하이트진로,테마 편입 사유,16850.0,상승  80,0.48,16850.0,16860.0,133498.0,2254.0,79177.0,,,0.179819,-0.19535652999999997,"5,872.34",377.56,6.87,2026-04-08 16:01:24
76,여름,1.04,002700,신일전자,테마 편입 사유,1381.0,상승  6,0.44,1381.0,1383.0,510115.0,702.0,250330.0,,,0.179819,-0.19535652999999997,"5,872.34",377.56,6.87,2026-04-08 16:01:24
76,여름,1.04,000890,보해양조,테마 편입 사유,427.0,하락  1,-0.23,427.0,428.0,596937.0,255.0,990622.0,,,0.179819,-0.19535652999999997,"5,872.34",377.56,6.87,2026-04-08 16:01:24
76,여름,1.04,027740,마니커,테마 편입 사유,810.0,하락  4,-0.49,809.0,810.0,215254.0,174.0,125732.0,,,0.179819,-0.19535652999999997,"5,872.34",377.56,6.87,2026-04-08 16:01:24
76,여름,1.04,136480,하림 *,테마 편입 사유,3160.0,하락  30,-0.94,3160.0,3170.0,733634.0,2328.0,450147.0,,,0.179819,-0.19535652999999997,"5,872.34",377.56,6.87,2026-04-08 16:01:24
76,여름,1.04,093370,후성,테마 편입 사유,9710.0,하락  160,-1.62,9710.0,9720.0,4412155.0,42234.0,5111476.0,,,0.179819,-0.19535652999999997,"5,872.34",377.56,6.87,2026-04-08 16:01:24
76,여름,1.04,027710,팜스토리 *,테마 편입 사유,1342.0,하락  35,-2.54,1341.0,1342.0,1593632.0,2135.0,1357717.0,,,0.179819,-0.19535652999999997,"5,872.34",377.56,6.87,2026-04-08 16:01:24
76,여름,1.04,276730,한울앤제주 *,테마 편입 사유,843.0,하락  27,-3.1,843.0,845.0,562031.0,516.0,437442.0,,,0.179819,-0.19535652999999997,"5,872.34",377.56,6.87,2026-04-08 16:01:24
76,여름,1.04,025860,남해화학,테마 편입 사유,7820.0,하락  400,-4.87,7820.0,7830.0,1728265.0,13544.0,1008346.0,,,0.179819,-0.19535652999999997,"5,872.34",377.56,6.87,2026-04-08 16:01:24
76,여름,1.04,006890,태경케미컬,테마 편입 사유,8270.0,하락  480,-5.49,8260.0,8270.0,416136.0,3437.0,556781.0,,,0.179819,-0.19535652999999997,"5,872.34",377.56,6.87,2026-04-08 16:01:24
76,여름,1.04,001550,조비,테마 편입 사유,14600.0,"하락  1,050",-6.71,14590.0,14600.0,320193.0,4683.0,237866.0,,,0.179819,-0.19535652999999997,"5,872.34",377.56,6.87,2026-04-08 16:01:24
155,반도체 대표주(생산),9.14,000660,SK하이닉스,테마 편입 사유,1033000.0,"상승  117,000",12.77,1033000.0,1034000.0,6603509.0,6732579.0,3619929.0,,,1.35572,-0.17379640000000052,"5,872.34",377.56,6.87,2026-04-08 16:01:24
155,반도체 대표주(생산),9.14,000990,DB하이텍,테마 편입 사유,94400.0,"상승  6,600",7.52,94300.0,94400.0,561440.0,51734.0,473544.0,,,1.35572,-0.17379640000000052,"5,872.34",377.56,6.87,2026-04-08 16:01:24
155,반도체 대표주(생산),9.14,005930,삼성전자,테마 편입 사유,210500.0,"상승  14,000",7.12,210000.0,210500.0,35865614.0,7562576.0,30848053.0,,,1.35572,-0.17379640000000052,"5,872.34",377.56,6.87,2026-04-08 16:01:24
582,스테이블코인,4.4,124500,아이티센글로벌 *,테마 편입 사유,48550.0,"상승  4,800",10.97,48500.0,48550.0,257159.0,12357.0,278912.0,,,0.66569,-0.17329029999999968,"5,872.34",377.56,6.87,2026-04-08 16:01:24
582,스테이블코인,4.4,234340,헥토파이낸셜 *,테마 편입 사유,25550.0,"상승  2,450",10.61,25500.0,25550.0,931896.0,23444.0,754755.0,,,0.66569,-0.17329029999999968,"5,872.34",377.56,6.87,2026-04-08 16:01:24
582,스테이블코인,4.4,060250,NHN KCP *,테마 편입 사유,16630.0,"상승  1,350",8.84,16620.0,16630.0,915123.0,14952.0,628335.0,,,0.66569,-0.17329029999999968,"5,872.34",377.56,6.87,2026-04-08 16:01:24
582,스테이블코인,4.4,158430,아톤 *,테마 편입 사유,6090.0,상승  450,7.98,6080.0,6090.0,264514.0,1582.0,263792.0,,,0.66569,-0.17329029999999968,"5,872.34",377.56,6.87,2026-04-08 16:01:24
582,스테이블코인,4.4,064400,LG씨엔에스,테마 편입 사유,61400.0,"상승  4,300",7.53,61300.0,61400.0,515698.0,31232.0,281581.0,,,0.66569,-0.17329029999999968,"5,872.34",377.56,6.87,2026-04-08 16:01:24
582,스테이블코인,4.4,377300,카카오페이,테마 편입 사유,52500.0,"상승  3,450",7.03,52500.0,52600.0,362802.0,18872.0,258743.0,,,0.66569,-0.17329029999999968,"5,872.34",377.56,6.87,2026-04-08 16:01:24
582,스테이블코인,4.4,054920,한컴위드 *,테마 편입 사유,4870.0,상승  320,7.03,4860.0,4870.0,404145.0,1940.0,520582.0,,,0.66569,-0.17329029999999968,"5,872.34",377.56,6.87,2026-04-08 16:01:24
582,스테이블코인,4.4,462860,더즌 *,테마 편입 사유,3435.0,상승  215,6.68,3435.0,3440.0,524382.0,1770.0,744276.0,,,0.66569,-0.17329029999999968,"5,872.34",377.56,6.87,2026-04-08 16:01:24
582,스테이블코인,4.4,294570,쿠콘 *,테마 편입 사유,27350.0,"상승  1,600",6.21,27350.0,27400.0,27359.0,743.0,32779.0,,,0.66569,-0.17329029999999968,"5,872.34",377.56,6.87,2026-04-08 16:01:24
582,스테이블코인,4.4,053300,한국정보인증 *,테마 편입 사유,5800.0,상승  330,6.03,5790.0,5800.0,149087.0,854.0,199817.0,,,0.66569,-0.17329029999999968,"5,872.34",377.56,6.87,2026-04-08 16:01:24
582,스테이블코인,4.4,112040,위메이드 *,테마 편입 사유,20550.0,"상승  1,150",5.93,20550.0,20600.0,141299.0,2892.0,109876.0,,,0.66569,-0.17329029999999968,"5,872.34",377.56,6.87,2026-04-08 16:01:24
582,스테이블코인,4.4,064260,다날 *,테마 편입 사유,7480.0,상승  410,5.8,7470.0,7480.0,14869373.0,111381.0,30997228.0,,,0.66569,-0.17329029999999968,"5,872.34",377.56,6.87,2026-04-08 16:01:24
582,스테이블코인,4.4,214180,헥토이노베이션 *,테마 편입 사유,18330.0,상승  980,5.65,18290.0,18330.0,73444.0,1334.0,90118.0,,,0.66569,-0.17329029999999968,"5,872.34",377.56,6.87,2026-04-08 16:01:24
582,스테이블코인,4.4,203650,드림시큐리티 *,테마 편입 사유,1653.0,상승  76,4.82,1653.0,1654.0,985939.0,1625.0,282345.0,,,0.66569,-0.17329029999999968,"5,872.34",377.56,6.87,2026-04-08 16:01:24
582,스테이블코인,4.4,163730,핑거 *,테마 편입 사유,10100.0,상승  460,4.77,10060.0,10100.0,54081.0,543.0,55759.0,,,0.66569,-0.17329029999999968,"5,872.34",377.56,6.87,2026-04-08 16:01:24
582,스테이블코인,4.4,223310,사토시홀딩스 *,테마 편입 사유,1528.0,상승  67,4.59,1528.0,1546.0,903804.0,1482.0,30306.0,,,0.66569,-0.17329029999999968,"5,872.34",377.56,6.87,2026-04-08 16:01:24
582,스테이블코인,4.4,201490,미투온 *,테마 편입 사유,2985.0,상승  105,3.65,2985.0,2990.0,1004989.0,3025.0,1580300.0,,,0.66569,-0.17329029999999968,"5,872.34",377.56,6.87,2026-04-08 16:01:24
582,스테이블코인,4.4,035420,NAVER,테마 편입 사유,201500.0,"상승  5,600",2.86,201500.0,202000.0,699966.0,141087.0,668729.0,,,0.66569,-0.17329029999999968,"5,872.34",377.56,6.87,2026-04-08 16:01:24
582,스테이블코인,4.4,199480,뱅크웨어글로벌 *,테마 편입 사유,4700.0,상승  125,2.73,4695.0,4700.0,37314.0,173.0,47925.0,,,0.66569,-0.17329029999999968,"5,872.34",377.56,6.87,2026-04-08 16:01:24
582,스테이블코인,4.4,046440,KG모빌리언스 *,테마 편입 사유,5030.0,상승  130,2.65,5020.0,5030.0,90754.0,453.0,73932.0,,,0.66569,-0.17329029999999968,"5,872.34",377.56,6.87,2026-04-08 16:01:24
582,스테이블코인,4.4,035600,KG이니시스 *,테마 편입 사유,10510.0,상승  210,2.04,10510.0,10530.0,90587.0,953.0,53959.0,,,0.66569,-0.17329029999999968,"5,872.34",377.56,6.87,2026-04-08 16:01:24
582,스테이블코인,4.4,232830,아이티센피엔에스 *,테마 편입 사유,2600.0,상승  45,1.76,2600.0,2605.0,33450.0,87.0,33893.0,,,0.66569,-0.17329029999999968,"5,872.34",377.56,6.87,2026-04-08 16:01:24
582,스테이블코인,4.4,042510,라온시큐어 *,테마 편입 사유,8720.0,상승  140,1.63,8720.0,8780.0,53712.0,467.0,24224.0,,,0.66569,-0.17329029999999968,"5,872.34",377.56,6.87,2026-04-08 16:01:24
582,스테이블코인,4.4,205500,넥써쓰 *,테마 편입 사유,1538.0,하락  6,-0.39,1538.0,1539.0,167048.0,257.0,124166.0,,,0.66569,-0.17329029999999968,"5,872.34",377.56,6.87,2026-04-08 16:01:24
582,스테이블코인,4.4,308100,형지글로벌 *,테마 편입 사유,1009.0,하락  213,-17.43,1009.0,1013.0,5612145.0,6394.0,10408464.0,,,0.66569,-0.17329029999999968,"5,872.34",377.56,6.87,2026-04-08 16:01:24
324,일자리(취업),2.15,241520,DSC인베스트먼트 *,테마 편입 사유,13820.0,"상승  1,090",8.56,13820.0,13830.0,717506.0,9796.0,558570.0,,,0.33736,-0.16766320000000023,"5,872.34",377.56,6.87,2026-04-08 16:01:24
324,일자리(취업),2.15,246690,TS인베스트먼트 *,테마 편입 사유,1686.0,상승  114,7.25,1686.0,1687.0,486317.0,810.0,299416.0,,,0.33736,-0.16766320000000023,"5,872.34",377.56,6.87,2026-04-08 16:01:24
324,일자리(취업),2.15,027830,대성창투 *,테마 편입 사유,1495.0,상승  53,3.68,1495.0,1503.0,107121.0,160.0,59244.0,,,0.33736,-0.16766320000000023,"5,872.34",377.56,6.87,2026-04-08 16:01:24
324,일자리(취업),2.15,440320,오픈놀 *,테마 편입 사유,3260.0,상승  80,2.52,3240.0,3260.0,29531.0,95.0,26344.0,,,0.33736,-0.16766320000000023,"5,872.34",377.56,6.87,2026-04-08 16:01:24
324,일자리(취업),2.15,376980,원티드랩 *,테마 편입 사유,3405.0,상승  70,2.1,3375.0,3405.0,9812.0,33.0,8237.0,,,0.33736,-0.16766320000000023,"5,872.34",377.56,6.87,2026-04-08 16:01:24
324,일자리(취업),2.15,133750,메가엠디 *,테마 편입 사유,1812.0,상승  28,1.57,1809.0,1812.0,18996.0,34.0,11990.0,,,0.33736,-0.16766320000000023,"5,872.34",377.56,6.87,2026-04-08 16:01:24
324,일자리(취업),2.15,339950,아이비김영 *,테마 편입 사유,2450.0,하락  20,-0.81,2435.0,2450.0,179050.0,439.0,119957.0,,,0.33736,-0.16766320000000023,"5,872.34",377.56,6.87,2026-04-08 16:01:24
324,일자리(취업),2.15,143240,사람인 *,테마 편입 사유,16570.0,하락  270,-1.6,16570.0,16640.0,70313.0,1167.0,16421.0,,,0.33736,-0.16766320000000023,"5,872.34",377.56,6.87,2026-04-08 16:01:24
324,일자리(취업),2.15,373160,데이원컴퍼니 *,테마 편입 사유,4835.0,하락  195,-3.88,4835.0,4850.0,58161.0,285.0,19022.0,,,0.33736,-0.16766320000000023,"5,872.34",377.56,6.87,2026-04-08 16:01:24
276,클라우드 컴퓨팅,3.35,242040,나무기술 *,테마 편입 사유,5830.0,상승  790,15.67,5820.0,5830.0,5411927.0,31185.0,2535967.0,,,0.510725,-0.15868074999999982,"5,872.34",377.56,6.87,2026-04-08 16:01:24
276,클라우드 컴퓨팅,3.35,034730,SK,테마 편입 사유,342000.0,"상승  29,500",9.44,342000.0,342500.0,215027.0,72714.0,113165.0,,,0.510725,-0.15868074999999982,"5,872.34",377.56,6.87,2026-04-08 16:01:24
276,클라우드 컴퓨팅,3.35,017670,SK텔레콤,테마 편입 사유,89000.0,"상승  7,400",9.07,89000.0,89100.0,1998469.0,175706.0,558531.0,,,0.510725,-0.15868074999999982,"5,872.34",377.56,6.87,2026-04-08 16:01:24
276,클라우드 컴퓨팅,3.35,064400,LG씨엔에스,테마 편입 사유,61400.0,"상승  4,300",7.53,61300.0,61400.0,515698.0,31232.0,281581.0,,,0.510725,-0.15868074999999982,"5,872.34",377.56,6.87,2026-04-08 16:01:24
276,클라우드 컴퓨팅,3.35,023590,다우기술,테마 편입 사유,46900.0,"상승  2,850",6.47,46900.0,47000.0,56027.0,2628.0,25972.0,,,0.510725,-0.15868074999999982,"5,872.34",377.56,6.87,2026-04-08 16:01:24
276,클라우드 컴퓨팅,3.35,022100,포스코DX,테마 편입 사유,32550.0,"상승  1,850",6.03,32500.0,32550.0,493578.0,15875.0,357062.0,,,0.510725,-0.15868074999999982,"5,872.34",377.56,6.87,2026-04-08 16:01:24
276,클라우드 컴퓨팅,3.35,030520,한글과컴퓨터 *,테마 편입 사유,20000.0,"상승  1,130",5.99,20000.0,20100.0,199302.0,3978.0,65663.0,,,0.510725,-0.15868074999999982,"5,872.34",377.56,6.87,2026-04-08 16:01:24
276,클라우드 컴퓨팅,3.35,170790,파이오링크 *,테마 편입 사유,9700.0,상승  520,5.66,9700.0,9720.0,78101.0,747.0,19457.0,,,0.510725,-0.15868074999999982,"5,872.34",377.56,6.87,2026-04-08 16:01:24
276,클라우드 컴퓨팅,3.35,443670,에스피소프트 *,테마 편입 사유,4700.0,상승  220,4.91,4680.0,4700.0,118611.0,555.0,213248.0,,,0.510725,-0.15868074999999982,"5,872.34",377.56,6.87,2026-04-08 16:01:24
276,클라우드 컴퓨팅,3.35,072130,유엔젤,테마 편입 사유,5400.0,상승  230,4.45,5390.0,5400.0,187632.0,994.0,77141.0,,,0.510725,-0.15868074999999982,"5,872.34",377.56,6.87,2026-04-08 16:01:24
276,클라우드 컴퓨팅,3.35,012030,DB,테마 편입 사유,1690.0,상승  70,4.32,1688.0,1690.0,494396.0,828.0,499369.0,,,0.510725,-0.15868074999999982,"5,872.34",377.56,6.87,2026-04-08 16:01:24
276,클라우드 컴퓨팅,3.35,058970,엠로 *,테마 편입 사유,26950.0,"상승  1,000",3.85,26950.0,27000.0,72915.0,1972.0,35212.0,,,0.510725,-0.15868074999999982,"5,872.34",377.56,6.87,2026-04-08 16:01:24
276,클라우드 컴퓨팅,3.35,328380,솔트웨어 *,테마 편입 사유,820.0,상승  29,3.67,818.0,820.0,78551.0,64.0,55126.0,,,0.510725,-0.15868074999999982,"5,872.34",377.56,6.87,2026-04-08 16:01:24
276,클라우드 컴퓨팅,3.35,041020,폴라리스오피스 *,테마 편입 사유,4300.0,상승  150,3.61,4295.0,4300.0,1143676.0,4944.0,340024.0,,,0.510725,-0.15868074999999982,"5,872.34",377.56,6.87,2026-04-08 16:01:24
276,클라우드 컴퓨팅,3.35,205100,엑셈 *,테마 편입 사유,1774.0,상승  58,3.38,1774.0,1782.0,236497.0,420.0,317843.0,,,0.510725,-0.15868074999999982,"5,872.34",377.56,6.87,2026-04-08 16:01:24
276,클라우드 컴퓨팅,3.35,030200,KT,테마 편입 사유,61000.0,"상승  1,900",3.21,61000.0,61100.0,481562.0,29718.0,274886.0,,,0.510725,-0.15868074999999982,"5,872.34",377.56,6.87,2026-04-08 16:01:24
276,클라우드 컴퓨팅,3.35,184230,SGA솔루션즈 *,테마 편입 사유,512.0,상승  15,3.02,511.0,512.0,177256.0,89.0,511860.0,,,0.510725,-0.15868074999999982,"5,872.34",377.56,6.87,2026-04-08 16:01:24
276,클라우드 컴퓨팅,3.35,304100,솔트룩스 *,테마 편입 사유,21450.0,상승  600,2.88,21450.0,21500.0,144200.0,3151.0,41114.0,,,0.510725,-0.15868074999999982,"5,872.34",377.56,6.87,2026-04-08 16:01:24
276,클라우드 컴퓨팅,3.35,069410,엔텔스 *,테마 편입 사유,4835.0,상승  135,2.87,4835.0,4845.0,114449.0,558.0,96160.0,,,0.510725,-0.15868074999999982,"5,872.34",377.56,6.87,2026-04-08 16:01:24
276,클라우드 컴퓨팅,3.35,035420,NAVER,테마 편입 사유,201500.0,"상승  5,600",2.86,201500.0,202000.0,699966.0,141087.0,668729.0,,,0.510725,-0.15868074999999982,"5,872.34",377.56,6.87,2026-04-08 16:01:24
276,클라우드 컴퓨팅,3.35,290270,휴네시온 *,테마 편입 사유,3515.0,상승  80,2.33,3510.0,3515.0,49483.0,174.0,25068.0,,,0.510725,-0.15868074999999982,"5,872.34",377.56,6.87,2026-04-08 16:01:24
276,클라우드 컴퓨팅,3.35,053800,안랩 *,테마 편입 사유,61100.0,"상승  1,300",2.17,61000.0,61100.0,36597.0,2235.0,18932.0,,,0.510725,-0.15868074999999982,"5,872.34",377.56,6.87,2026-04-08 16:01:24
276,클라우드 컴퓨팅,3.35,018260,삼성에스디에스,테마 편입 사유,154000.0,"상승  2,700",1.78,153900.0,154000.0,239712.0,36979.0,118637.0,,,0.510725,-0.15868074999999982,"5,872.34",377.56,6.87,2026-04-08 16:01:24
276,클라우드 컴퓨팅,3.35,079940,가비아 *,테마 편입 사유,27100.0,상승  450,1.69,27050.0,27100.0,12066.0,327.0,7849.0,,,0.510725,-0.15868074999999982,"5,872.34",377.56,6.87,2026-04-08 16:01:24
276,클라우드 컴퓨팅,3.35,049480,오픈베이스 *,테마 편입 사유,2160.0,상승  30,1.41,2155.0,2160.0,190218.0,411.0,149366.0,,,0.510725,-0.15868074999999982,"5,872.34",377.56,6.87,2026-04-08 16:01:24
276,클라우드 컴퓨팅,3.35,064800,포니링크 *,테마 편입 사유,618.0,상승  8,1.31,616.0,618.0,526623.0,319.0,255353.0,,,0.510725,-0.15868074999999982,"5,872.34",377.56,6.87,2026-04-08 16:01:24
276,클라우드 컴퓨팅,3.35,220180,핸디소프트 *,테마 편입 사유,1931.0,상승  20,1.05,1931.0,1936.0,31931.0,62.0,21702.0,,,0.510725,-0.15868074999999982,"5,872.34",377.56,6.87,2026-04-08 16:01:24
276,클라우드 컴퓨팅,3.35,094280,효성ITX,테마 편입 사유,12370.0,상승  100,0.81,12370.0,12400.0,11680.0,144.0,4439.0,,,0.510725,-0.15868074999999982,"5,872.34",377.56,6.87,2026-04-08 16:01:24
276,클라우드 컴퓨팅,3.35,049470,비트플래닛 *,테마 편입 사유,622.0,상승  4,0.65,619.0,622.0,448970.0,281.0,244969.0,,,0.510725,-0.15868074999999982,"5,872.34",377.56,6.87,2026-04-08 16:01:24
276,클라우드 컴퓨팅,3.35,060850,영림원소프트랩 *,테마 편입 사유,6060.0,상승  20,0.33,6050.0,6060.0,4198.0,25.0,6430.0,,,0.510725,-0.15868074999999982,"5,872.34",377.56,6.87,2026-04-08 16:01:24
276,클라우드 컴퓨팅,3.35,010280,아이티센엔텍 *,테마 편입 사유,1145.0,보합0,0.0,0.0,0.0,0.0,0.0,1516949.0,,,0.510725,-0.15868074999999982,"5,872.34",377.56,6.87,2026-04-08 16:01:24
276,클라우드 컴퓨팅,3.35,012510,더존비즈온,테마 편입 사유,119200.0,하락  100,-0.08,119200.0,119500.0,36423.0,4345.0,10856.0,,,0.510725,-0.15868074999999982,"5,872.34",377.56,6.87,2026-04-08 16:01:24
276,클라우드 컴퓨팅,3.35,189690,포시에스 *,테마 편입 사유,1958.0,하락  2,-0.1,1958.0,1960.0,40611.0,79.0,47375.0,,,0.510725,-0.15868074999999982,"5,872.34",377.56,6.87,2026-04-08 16:01:24
276,클라우드 컴퓨팅,3.35,192250,케이사인 *,테마 편입 사유,10520.0,하락  30,-0.28,10520.0,10540.0,20110.0,212.0,30222.0,,,0.510725,-0.15868074999999982,"5,872.34",377.56,6.87,2026-04-08 16:01:24
276,클라우드 컴퓨팅,3.35,093320,케이아이엔엑스 *,테마 편입 사유,102800.0,하락  400,-0.39,102800.0,103300.0,3342.0,344.0,2129.0,,,0.510725,-0.15868074999999982,"5,872.34",377.56,6.87,2026-04-08 16:01:24
276,클라우드 컴퓨팅,3.35,307870,비투엔 *,테마 편입 사유,1143.0,하락  10,-0.87,1138.0,1143.0,423613.0,478.0,257282.0,,,0.510725,-0.15868074999999982,"5,872.34",377.56,6.87,2026-04-08 16:01:24
266,겨울,0.87,071320,지역난방공사,테마 편입 사유,74000.0,"상승  4,500",6.47,74000.0,74400.0,35496.0,2622.0,35597.0,,,0.149005,-0.15366435,"5,872.34",377.56,6.87,2026-04-08 16:01:24
266,겨울,0.87,009290,광동제약,테마 편입 사유,8450.0,상승  430,5.36,8440.0,8450.0,260728.0,2179.0,213760.0,,,0.149005,-0.15366435,"5,872.34",377.56,6.87,2026-04-08 16:01:24
266,겨울,0.87,009450,경동나비엔,테마 편입 사유,65000.0,"상승  2,800",4.5,64900.0,65000.0,51303.0,3305.0,26449.0,,,0.149005,-0.15366435,"5,872.34",377.56,6.87,2026-04-08 16:01:24
266,겨울,0.87,036460,한국가스공사,테마 편입 사유,36150.0,"상승  1,350",3.88,36150.0,36200.0,319241.0,11531.0,128050.0,,,0.149005,-0.15366435,"5,872.34",377.56,6.87,2026-04-08 16:01:24
266,겨울,0.87,000100,유한양행,테마 편입 사유,94200.0,"상승  2,800",3.06,94100.0,94200.0,205545.0,19360.0,168418.0,,,0.149005,-0.15366435,"5,872.34",377.56,6.87,2026-04-08 16:01:24
266,겨울,0.87,006280,녹십자,테마 편입 사유,142600.0,"상승  4,200",3.03,142500.0,142600.0,27783.0,3950.0,58169.0,,,0.149005,-0.15366435,"5,872.34",377.56,6.87,2026-04-08 16:01:24
266,겨울,0.87,004690,삼천리,테마 편입 사유,137900.0,"상승  2,600",1.92,137900.0,138100.0,27460.0,3760.0,8770.0,,,0.149005,-0.15366435,"5,872.34",377.56,6.87,2026-04-08 16:01:24
266,겨울,0.87,267290,경동도시가스,테마 편입 사유,22450.0,상승  350,1.58,22450.0,22500.0,9146.0,205.0,9741.0,,,0.149005,-0.15366435,"5,872.34",377.56,6.87,2026-04-08 16:01:24
266,겨울,0.87,017390,서울가스,테마 편입 사유,62000.0,상승  900,1.47,62000.0,62200.0,10825.0,669.0,11006.0,,,0.149005,-0.15366435,"5,872.34",377.56,6.87,2026-04-08 16:01:24
266,겨울,0.87,111770,영원무역,테마 편입 사유,82700.0,"상승  1,200",1.47,82400.0,82700.0,70290.0,5834.0,53717.0,,,0.149005,-0.15366435,"5,872.34",377.56,6.87,2026-04-08 16:01:24
266,겨울,0.87,000020,동화약품,테마 편입 사유,5820.0,상승  80,1.39,5810.0,5820.0,66638.0,388.0,69747.0,,,0.149005,-0.15366435,"5,872.34",377.56,6.87,2026-04-08 16:01:24
266,겨울,0.87,005610,SPC삼립,테마 편입 사유,49500.0,상승  300,0.61,49500.0,49550.0,5025.0,249.0,2516.0,,,0.149005,-0.15366435,"5,872.34",377.56,6.87,2026-04-08 16:01:24
266,겨울,0.87,037070,파세코 *,테마 편입 사유,8450.0,상승  50,0.6,8440.0,8450.0,79182.0,667.0,72425.0,,,0.149005,-0.15366435,"5,872.34",377.56,6.87,2026-04-08 16:01:24
266,겨울,0.87,002700,신일전자,테마 편입 사유,1381.0,상승  6,0.44,1381.0,1383.0,510115.0,702.0,250330.0,,,0.149005,-0.15366435,"5,872.34",377.56,6.87,2026-04-08 16:01:24
266,겨울,0.87,215000,골프존 *,테마 편입 사유,49100.0,상승  150,0.31,49100.0,49250.0,20027.0,993.0,17166.0,,,0.149005,-0.15366435,"5,872.34",377.56,6.87,2026-04-08 16:01:24
266,겨울,0.87,034590,인천도시가스,테마 편입 사유,26650.0,상승  50,0.19,26600.0,26650.0,9790.0,260.0,2321.0,,,0.149005,-0.15366435,"5,872.34",377.56,6.87,2026-04-08 16:01:24
266,겨울,0.87,008470,부스타 *,테마 편입 사유,4005.0,보합0,0.0,4000.0,4005.0,15827.0,63.0,38282.0,,,0.149005,-0.15366435,"5,872.34",377.56,6.87,2026-04-08 16:01:24
266,겨울,0.87,015360,INVENI,테마 편입 사유,81900.0,보합0,0.0,0.0,0.0,0.0,0.0,0.0,,,0.149005,-0.15366435,"5,872.34",377.56,6.87,2026-04-08 16:01:24
266,겨울,0.87,016710,대성홀딩스,테마 편입 사유,8450.0,보합0,0.0,8430.0,8450.0,34931.0,295.0,12874.0,,,0.149005,-0.15366435,"5,872.34",377.56,6.87,2026-04-08 16:01:24
266,겨울,0.87,128940,한미약품,테마 편입 사유,493500.0,"하락  13,500",-2.66,493500.0,494000.0,180967.0,89133.0,58763.0,,,0.149005,-0.15366435,"5,872.34",377.56,6.87,2026-04-08 16:01:24
266,겨울,0.87,053050,지에스이 *,테마 편입 사유,2620.0,하락  200,-7.09,2615.0,2620.0,1438881.0,3767.0,1840683.0,,,0.149005,-0.15366435,"5,872.34",377.56,6.87,2026-04-08 16:01:24
266,겨울,0.87,117580,대성에너지,테마 편입 사유,9050.0,하락  730,-7.46,9040.0,9050.0,1193854.0,10823.0,1567648.0,,,0.149005,-0.15366435,"5,872.34",377.56,6.87,2026-04-08 16:01:24
191,태양광에너지,4.13,028260,삼성물산,테마 편입 사유,309000.0,"상승  35,000",12.77,308500.0,309000.0,776090.0,236578.0,362411.0,,,0.622351,-0.14555136999999974,"5,872.34",377.56,6.87,2026-04-08 16:01:24
191,태양광에너지,4.13,036930,주성엔지니어링 *,테마 편입 사유,68000.0,"상승  7,500",12.4,67900.0,68000.0,1743076.0,116039.0,888675.0,,,0.622351,-0.14555136999999974,"5,872.34",377.56,6.87,2026-04-08 16:01:24
191,태양광에너지,4.13,002380,KCC,테마 편입 사유,518000.0,"상승  57,000",12.36,517000.0,518000.0,47896.0,24204.0,30546.0,,,0.622351,-0.14555136999999974,"5,872.34",377.56,6.87,2026-04-08 16:01:24
191,태양광에너지,4.13,003070,코오롱글로벌,테마 편입 사유,12220.0,"상승  1,320",12.11,12210.0,12220.0,306275.0,3624.0,63532.0,,,0.622351,-0.14555136999999974,"5,872.34",377.56,6.87,2026-04-08 16:01:24
191,태양광에너지,4.13,002150,도화엔지니어링,테마 편입 사유,7220.0,상승  730,11.25,7220.0,7230.0,1316506.0,9366.0,100437.0,,,0.622351,-0.14555136999999974,"5,872.34",377.56,6.87,2026-04-08 16:01:24
191,태양광에너지,4.13,015760,한국전력,테마 편입 사유,43900.0,"상승  4,000",10.03,43900.0,43950.0,3925621.0,172713.0,1944785.0,,,0.622351,-0.14555136999999974,"5,872.34",377.56,6.87,2026-04-08 16:01:24
191,태양광에너지,4.13,058730,다스코,테마 편입 사유,3975.0,상승  340,9.35,3970.0,3975.0,3432544.0,13711.0,236951.0,,,0.622351,-0.14555136999999974,"5,872.34",377.56,6.87,2026-04-08 16:01:24
191,태양광에너지,4.13,382800,지앤비에스 에코 *,테마 편입 사유,5820.0,상승  480,8.99,5820.0,5850.0,1258598.0,7183.0,1015347.0,,,0.622351,-0.14555136999999974,"5,872.34",377.56,6.87,2026-04-08 16:01:24
191,태양광에너지,4.13,009830,한화솔루션,테마 편입 사유,40300.0,"상승  3,150",8.48,40250.0,40300.0,3960120.0,156812.0,1846968.0,,,0.622351,-0.14555136999999974,"5,872.34",377.56,6.87,2026-04-08 16:01:24
191,태양광에너지,4.13,083310,엘오티베큠 *,테마 편입 사유,12900.0,"상승  1,000",8.4,12880.0,12900.0,107052.0,1360.0,51942.0,,,0.622351,-0.14555136999999974,"5,872.34",377.56,6.87,2026-04-08 16:01:24
191,태양광에너지,4.13,140670,알에스오토메이션 *,테마 편입 사유,16420.0,"상승  1,180",7.74,16420.0,16430.0,163061.0,2626.0,132566.0,,,0.622351,-0.14555136999999974,"5,872.34",377.56,6.87,2026-04-08 16:01:24
191,태양광에너지,4.13,183300,코미코 *,테마 편입 사유,118600.0,"상승  8,200",7.43,118600.0,118800.0,139261.0,16238.0,65791.0,,,0.622351,-0.14555136999999974,"5,872.34",377.56,6.87,2026-04-08 16:01:24
191,태양광에너지,4.13,109610,에스와이 *,테마 편입 사유,2945.0,상승  200,7.29,2945.0,2950.0,1010508.0,2927.0,173885.0,,,0.622351,-0.14555136999999974,"5,872.34",377.56,6.87,2026-04-08 16:01:24
191,태양광에너지,4.13,000880,한화,테마 편입 사유,123800.0,"상승  8,300",7.19,123700.0,123800.0,287938.0,35227.0,190124.0,,,0.622351,-0.14555136999999974,"5,872.34",377.56,6.87,2026-04-08 16:01:24
191,태양광에너지,4.13,003010,혜인,테마 편입 사유,5990.0,상승  400,7.16,5990.0,6000.0,608936.0,3578.0,103290.0,,,0.622351,-0.14555136999999974,"5,872.34",377.56,6.87,2026-04-08 16:01:24
191,태양광에너지,4.13,086390,유니테스트 *,테마 편입 사유,16310.0,"상승  1,040",6.81,16300.0,16310.0,136560.0,2222.0,144375.0,,,0.622351,-0.14555136999999974,"5,872.34",377.56,6.87,2026-04-08 16:01:24
191,태양광에너지,4.13,093520,매커스 *,테마 편입 사유,22950.0,"상승  1,400",6.5,22950.0,23000.0,50199.0,1141.0,31310.0,,,0.622351,-0.14555136999999974,"5,872.34",377.56,6.87,2026-04-08 16:01:24
191,태양광에너지,4.13,240810,원익IPS *,테마 편입 사유,121400.0,"상승  7,300",6.4,121300.0,121400.0,774227.0,93015.0,322259.0,,,0.622351,-0.14555136999999974,"5,872.34",377.56,6.87,2026-04-08 16:01:24
191,태양광에너지,4.13,004710,한솔테크닉스,테마 편입 사유,4870.0,상승  250,5.41,4870.0,4895.0,149923.0,720.0,100551.0,,,0.622351,-0.14555136999999974,"5,872.34",377.56,6.87,2026-04-08 16:01:24
191,태양광에너지,4.13,104040,대성파인텍 *,테마 편입 사유,684.0,상승  34,5.23,684.0,685.0,447878.0,301.0,142842.0,,,0.622351,-0.14555136999999974,"5,872.34",377.56,6.87,2026-04-08 16:01:24
191,태양광에너지,4.13,281740,레이크머티리얼즈 *,테마 편입 사유,20150.0,상승  890,4.62,20150.0,20200.0,781128.0,15663.0,714416.0,,,0.622351,-0.14555136999999974,"5,872.34",377.56,6.87,2026-04-08 16:01:24
191,태양광에너지,4.13,126720,수산인더스트리,테마 편입 사유,28700.0,"상승  1,250",4.55,28700.0,28800.0,122003.0,3500.0,42752.0,,,0.622351,-0.14555136999999974,"5,872.34",377.56,6.87,2026-04-08 16:01:24
191,태양광에너지,4.13,115530,씨엔플러스 *,테마 편입 사유,372.0,상승  15,4.2,372.0,373.0,5716921.0,2097.0,5811837.0,,,0.622351,-0.14555136999999974,"5,872.34",377.56,6.87,2026-04-08 16:01:24
191,태양광에너지,4.13,121600,나노신소재 *,테마 편입 사유,67400.0,"상승  2,600",4.01,67300.0,67400.0,90891.0,6049.0,117121.0,,,0.622351,-0.14555136999999974,"5,872.34",377.56,6.87,2026-04-08 16:01:24
191,태양광에너지,4.13,388050,지투파워 *,테마 편입 사유,12600.0,상승  430,3.53,12600.0,12610.0,1303444.0,16466.0,2055968.0,,,0.622351,-0.14555136999999974,"5,872.34",377.56,6.87,2026-04-08 16:01:24
191,태양광에너지,4.13,043200,파루 *,테마 편입 사유,995.0,상승  32,3.32,994.0,995.0,793843.0,789.0,1086602.0,,,0.622351,-0.14555136999999974,"5,872.34",377.56,6.87,2026-04-08 16:01:24
191,태양광에너지,4.13,083930,아바코 *,테마 편입 사유,13480.0,상승  430,3.3,13440.0,13480.0,64316.0,860.0,51108.0,,,0.622351,-0.14555136999999974,"5,872.34",377.56,6.87,2026-04-08 16:01:24
191,태양광에너지,4.13,078600,대주전자재료 *,테마 편입 사유,117000.0,"상승  3,600",3.17,116900.0,117000.0,275388.0,31796.0,184792.0,,,0.622351,-0.14555136999999974,"5,872.34",377.56,6.87,2026-04-08 16:01:24
191,태양광에너지,4.13,039020,이건홀딩스 *,테마 편입 사유,3230.0,상승  80,2.54,3225.0,3230.0,74119.0,238.0,35782.0,,,0.622351,-0.14555136999999974,"5,872.34",377.56,6.87,2026-04-08 16:01:24
191,태양광에너지,4.13,322000,HD현대에너지솔루션,테마 편입 사유,171400.0,"상승  2,600",1.54,171300.0,171400.0,1173137.0,197201.0,1248464.0,,,0.622351,-0.14555136999999974,"5,872.34",377.56,6.87,2026-04-08 16:01:24
191,태양광에너지,4.13,282720,금양그린파워 *,테마 편입 사유,15340.0,상승  150,0.99,15340.0,15350.0,365504.0,5559.0,319801.0,,,0.622351,-0.14555136999999974,"5,872.34",377.56,6.87,2026-04-08 16:01:24
191,태양광에너지,4.13,456040,OCI,테마 편입 사유,92600.0,상승  200,0.22,92500.0,92600.0,47416.0,4345.0,63797.0,,,0.622351,-0.14555136999999974,"5,872.34",377.56,6.87,2026-04-08 16:01:24
191,태양광에너지,4.13,099220,SDN *,테마 편입 사유,1290.0,상승  1,0.08,1289.0,1290.0,1120443.0,1446.0,1169857.0,,,0.622351,-0.14555136999999974,"5,872.34",377.56,6.87,2026-04-08 16:01:24
191,태양광에너지,4.13,060900,에이전트AI *,테마 편입 사유,345.0,보합0,0.0,0.0,0.0,0.0,0.0,0.0,,,0.622351,-0.14555136999999974,"5,872.34",377.56,6.87,2026-04-08 16:01:24
191,태양광에너지,4.13,010120,LS ELECTRIC,테마 편입 사유,788000.0,보합0,0.0,0.0,0.0,0.0,0.0,122309.0,,,0.622351,-0.14555136999999974,"5,872.34",377.56,6.87,2026-04-08 16:01:24
191,태양광에너지,4.13,042600,새로닉스 *,테마 편입 사유,20150.0,하락  100,-0.49,20150.0,20200.0,159738.0,3210.0,384774.0,,,0.622351,-0.14555136999999974,"5,872.34",377.56,6.87,2026-04-08 16:01:24
191,태양광에너지,4.13,453450,그리드위즈 *,테마 편입 사유,19830.0,하락  160,-0.8,19830.0,19840.0,174171.0,3493.0,213572.0,,,0.622351,-0.14555136999999974,"5,872.34",377.56,6.87,2026-04-08 16:01:24
191,태양광에너지,4.13,475150,SK이터닉스,테마 편입 사유,57900.0,하락  600,-1.03,57800.0,57900.0,1874679.0,107368.0,2125006.0,,,0.622351,-0.14555136999999974,"5,872.34",377.56,6.87,2026-04-08 16:01:24
191,태양광에너지,4.13,010060,OCI홀딩스,테마 편입 사유,197200.0,"하락  2,600",-1.3,197100.0,197200.0,356045.0,69052.0,282187.0,,,0.622351,-0.14555136999999974,"5,872.34",377.56,6.87,2026-04-08 16:01:24
191,태양광에너지,4.13,012340,뉴인텍 *,테마 편입 사유,287.0,하락  5,-1.71,287.0,289.0,1183347.0,351.0,954028.0,,,0.622351,-0.14555136999999974,"5,872.34",377.56,6.87,2026-04-08 16:01:24
191,태양광에너지,4.13,011930,신성이엔지,테마 편입 사유,3355.0,하락  80,-2.33,3350.0,3355.0,32241652.0,110193.0,66610365.0,,,0.622351,-0.14555136999999974,"5,872.34",377.56,6.87,2026-04-08 16:01:24
191,태양광에너지,4.13,389260,대명에너지 *,테마 편입 사유,22700.0,하락  600,-2.58,22700.0,22750.0,364679.0,8177.0,384998.0,,,0.622351,-0.14555136999999974,"5,872.34",377.56,6.87,2026-04-08 16:01:24
191,태양광에너지,4.13,095910,에스에너지 *,테마 편입 사유,1811.0,하락  99,-5.18,1811.0,1812.0,3788985.0,6781.0,7404604.0,,,0.622351,-0.14555136999999974,"5,872.34",377.56,6.87,2026-04-08 16:01:24
191,태양광에너지,4.13,050760,에스폴리텍 *,테마 편입 사유,1319.0,하락  180,-12.01,1319.0,1336.0,510245.0,689.0,1344448.0,,,0.622351,-0.14555136999999974,"5,872.34",377.56,6.87,2026-04-08 16:01:24
94,조선기자재,4.29,133820,화인베스틸,테마 편입 사유,1475.0,상승  149,11.24,1467.0,1475.0,396123.0,560.0,180577.0,,,0.644782,-0.1396523399999996,"5,872.34",377.56,6.87,2026-04-08 16:01:24
94,조선기자재,4.29,054540,삼영엠텍 *,테마 편입 사유,11430.0,"상승  1,020",9.8,11420.0,11430.0,1576413.0,18973.0,81794.0,,,0.644782,-0.1396523399999996,"5,872.34",377.56,6.87,2026-04-08 16:01:24
94,조선기자재,4.29,086670,비엠티 *,테마 편입 사유,15720.0,"상승  1,300",9.02,15720.0,15740.0,158024.0,2423.0,58383.0,,,0.644782,-0.1396523399999996,"5,872.34",377.56,6.87,2026-04-08 16:01:24
94,조선기자재,4.29,075580,세진중공업,테마 편입 사유,18100.0,"상승  1,460",8.77,18100.0,18110.0,271978.0,4792.0,114427.0,,,0.644782,-0.1396523399999996,"5,872.34",377.56,6.87,2026-04-08 16:01:24
94,조선기자재,4.29,413630,씨피시스템 *,테마 편입 사유,3730.0,상승  250,7.18,3730.0,3735.0,330398.0,1217.0,158517.0,,,0.644782,-0.1396523399999996,"5,872.34",377.56,6.87,2026-04-08 16:01:24
94,조선기자재,4.29,014940,오리엔탈정공 *,테마 편입 사유,6790.0,상승  440,6.93,6770.0,6790.0,127544.0,846.0,113406.0,,,0.644782,-0.1396523399999996,"5,872.34",377.56,6.87,2026-04-08 16:01:24
94,조선기자재,4.29,096350,대창솔루션 *,테마 편입 사유,3040.0,상승  185,6.48,3035.0,3040.0,943209.0,2832.0,811230.0,,,0.644782,-0.1396523399999996,"5,872.34",377.56,6.87,2026-04-08 16:01:24
94,조선기자재,4.29,217590,티엠씨,테마 편입 사유,21750.0,"상승  1,300",6.36,21700.0,21750.0,527247.0,11158.0,553747.0,,,0.644782,-0.1396523399999996,"5,872.34",377.56,6.87,2026-04-08 16:01:24
94,조선기자재,4.29,108380,대양전기공업 *,테마 편입 사유,25150.0,"상승  1,400",5.89,25100.0,25150.0,41054.0,1016.0,33083.0,,,0.644782,-0.1396523399999996,"5,872.34",377.56,6.87,2026-04-08 16:01:24
94,조선기자재,4.29,099410,동방선기 *,테마 편입 사유,4860.0,상승  260,5.65,4830.0,4860.0,73821.0,353.0,76121.0,,,0.644782,-0.1396523399999996,"5,872.34",377.56,6.87,2026-04-08 16:01:24
94,조선기자재,4.29,064820,케이프 *,테마 편입 사유,10840.0,상승  570,5.55,10800.0,10840.0,131108.0,1398.0,49406.0,,,0.644782,-0.1396523399999996,"5,872.34",377.56,6.87,2026-04-08 16:01:24
94,조선기자재,4.29,082740,한화엔진,테마 편입 사유,46600.0,"상승  2,450",5.55,46550.0,46600.0,370379.0,17031.0,274720.0,,,0.644782,-0.1396523399999996,"5,872.34",377.56,6.87,2026-04-08 16:01:24
94,조선기자재,4.29,012210,삼미금속 *,테마 편입 사유,14050.0,상승  720,5.4,14040.0,14050.0,277725.0,3877.0,305851.0,,,0.644782,-0.1396523399999996,"5,872.34",377.56,6.87,2026-04-08 16:01:24
94,조선기자재,4.29,382900,범한퓨얼셀 *,테마 편입 사유,29000.0,"상승  1,450",5.26,29000.0,29050.0,40883.0,1176.0,33240.0,,,0.644782,-0.1396523399999996,"5,872.34",377.56,6.87,2026-04-08 16:01:24
94,조선기자재,4.29,071970,HD현대마린엔진,테마 편입 사유,79300.0,"상승  3,800",5.03,79300.0,79400.0,162764.0,12877.0,122300.0,,,0.644782,-0.1396523399999996,"5,872.34",377.56,6.87,2026-04-08 16:01:24
94,조선기자재,4.29,092460,한라IMS *,테마 편입 사유,15460.0,상승  710,4.81,15440.0,15460.0,38468.0,589.0,23406.0,,,0.644782,-0.1396523399999996,"5,872.34",377.56,6.87,2026-04-08 16:01:24
94,조선기자재,4.29,333430,일승 *,테마 편입 사유,5520.0,상승  250,4.74,5520.0,5550.0,158977.0,873.0,93195.0,,,0.644782,-0.1396523399999996,"5,872.34",377.56,6.87,2026-04-08 16:01:24
94,조선기자재,4.29,0008Z0,에스엔시스 *,테마 편입 사유,32600.0,"상승  1,400",4.49,32550.0,32600.0,41759.0,1350.0,54676.0,,,0.644782,-0.1396523399999996,"5,872.34",377.56,6.87,2026-04-08 16:01:24
94,조선기자재,4.29,085310,엔케이,테마 편입 사유,1121.0,상승  48,4.47,1120.0,1121.0,452627.0,497.0,230442.0,,,0.644782,-0.1396523399999996,"5,872.34",377.56,6.87,2026-04-08 16:01:24
94,조선기자재,4.29,073010,케이에스피 *,테마 편입 사유,3565.0,상승  140,4.09,3555.0,3565.0,133970.0,475.0,209216.0,,,0.644782,-0.1396523399999996,"5,872.34",377.56,6.87,2026-04-08 16:01:24
94,조선기자재,4.29,033500,동성화인텍 *,테마 편입 사유,25650.0,"상승  1,000",4.06,25650.0,25700.0,174493.0,4428.0,143142.0,,,0.644782,-0.1396523399999996,"5,872.34",377.56,6.87,2026-04-08 16:01:24
94,조선기자재,4.29,101930,인화정공 *,테마 편입 사유,50100.0,"상승  1,850",3.83,50000.0,50100.0,15544.0,781.0,9492.0,,,0.644782,-0.1396523399999996,"5,872.34",377.56,6.87,2026-04-08 16:01:24
94,조선기자재,4.29,101000,KS인더스트리 *,테마 편입 사유,980.0,상승  34,3.59,976.0,980.0,172491.0,167.0,286102.0,,,0.644782,-0.1396523399999996,"5,872.34",377.56,6.87,2026-04-08 16:01:24
94,조선기자재,4.29,460930,현대힘스 *,테마 편입 사유,18550.0,상승  610,3.4,18550.0,18560.0,373129.0,6878.0,206021.0,,,0.644782,-0.1396523399999996,"5,872.34",377.56,6.87,2026-04-08 16:01:24
94,조선기자재,4.29,017960,한국카본,테마 편입 사유,44000.0,"상승  1,300",3.04,43950.0,44000.0,493804.0,21479.0,612734.0,,,0.644782,-0.1396523399999996,"5,872.34",377.56,6.87,2026-04-08 16:01:24
94,조선기자재,4.29,100090,SK오션플랜트,테마 편입 사유,26600.0,상승  750,2.9,26550.0,26600.0,3917869.0,101735.0,2803402.0,,,0.644782,-0.1396523399999996,"5,872.34",377.56,6.87,2026-04-08 16:01:24
94,조선기자재,4.29,443060,HD현대마린솔루션,테마 편입 사유,176800.0,"상승  4,800",2.79,176000.0,176800.0,95844.0,16941.0,58631.0,,,0.644782,-0.1396523399999996,"5,872.34",377.56,6.87,2026-04-08 16:01:24
94,조선기자재,4.29,044490,태웅 *,테마 편입 사유,46200.0,상승  600,1.32,46150.0,46200.0,416938.0,19278.0,411129.0,,,0.644782,-0.1396523399999996,"5,872.34",377.56,6.87,2026-04-08 16:01:24
94,조선기자재,4.29,013030,하이록코리아 *,테마 편입 사유,38550.0,상승  500,1.31,38550.0,38600.0,97876.0,3723.0,152397.0,,,0.644782,-0.1396523399999996,"5,872.34",377.56,6.87,2026-04-08 16:01:24
94,조선기자재,4.29,120030,조선선재,테마 편입 사유,98800.0,"상승  1,000",1.02,98800.0,99100.0,812.0,79.0,413.0,,,0.644782,-0.1396523399999996,"5,872.34",377.56,6.87,2026-04-08 16:01:24
94,조선기자재,4.29,077970,STX엔진,테마 편입 사유,35000.0,상승  300,0.86,35000.0,35050.0,241501.0,8460.0,178708.0,,,0.644782,-0.1396523399999996,"5,872.34",377.56,6.87,2026-04-08 16:01:24
94,조선기자재,4.29,103230,에스앤더블류 *,테마 편입 사유,3735.0,상승  5,0.13,3730.0,3735.0,13724.0,51.0,18775.0,,,0.644782,-0.1396523399999996,"5,872.34",377.56,6.87,2026-04-08 16:01:24
94,조선기자재,4.29,023160,태광 *,테마 편입 사유,41000.0,상승  50,0.12,41000.0,41050.0,854881.0,34084.0,509843.0,,,0.644782,-0.1396523399999996,"5,872.34",377.56,6.87,2026-04-08 16:01:24
94,조선기자재,4.29,014620,성광벤드 *,테마 편입 사유,38650.0,하락  100,-0.26,38600.0,38650.0,614611.0,23251.0,360089.0,,,0.644782,-0.1396523399999996,"5,872.34",377.56,6.87,2026-04-08 16:01:24
94,조선기자재,4.29,355690,에이텀 *,테마 편입 사유,5140.0,하락  260,-4.81,5120.0,5140.0,121420.0,638.0,147888.0,,,0.644782,-0.1396523399999996,"5,872.34",377.56,6.87,2026-04-08 16:01:24
144,방위산업/전쟁 및 테러,3.57,035460,기산텔레콤 *,테마 편입 사유,3510.0,상한가  810,30.0,3510.0,0.0,2333160.0,7809.0,393949.0,,,0.536835,-0.11805645000000009,"5,872.34",377.56,6.87,2026-04-08 16:01:24
144,방위산업/전쟁 및 테러,3.57,084850,아이티엠반도체 *,테마 편입 사유,14920.0,"상한가  3,440",29.97,14920.0,0.0,63669.0,950.0,284781.0,,,0.536835,-0.11805645000000009,"5,872.34",377.56,6.87,2026-04-08 16:01:24
144,방위산업/전쟁 및 테러,3.57,032820,우리기술 *,테마 편입 사유,23650.0,"상승  3,700",18.55,23650.0,23700.0,40691888.0,937750.0,11409444.0,,,0.536835,-0.11805645000000009,"5,872.34",377.56,6.87,2026-04-08 16:01:24
144,방위산업/전쟁 및 테러,3.57,010170,대한광통신 *,테마 편입 사유,14690.0,"상승  2,050",16.22,14690.0,14700.0,69514337.0,968805.0,33585943.0,,,0.536835,-0.11805645000000009,"5,872.34",377.56,6.87,2026-04-08 16:01:24
144,방위산업/전쟁 및 테러,3.57,274090,켄코아에어로스페이스 *,테마 편입 사유,20400.0,"상승  2,200",12.09,20300.0,20400.0,415061.0,8176.0,223916.0,,,0.536835,-0.11805645000000009,"5,872.34",377.56,6.87,2026-04-08 16:01:24
144,방위산업/전쟁 및 테러,3.57,088800,에이스테크 *,테마 편입 사유,4150.0,상승  435,11.71,4150.0,4160.0,4400949.0,18950.0,1065026.0,,,0.536835,-0.11805645000000009,"5,872.34",377.56,6.87,2026-04-08 16:01:24
144,방위산업/전쟁 및 테러,3.57,097230,HJ중공업,테마 편입 사유,25900.0,"상승  2,700",11.64,25850.0,25900.0,1886062.0,47569.0,810965.0,,,0.536835,-0.11805645000000009,"5,872.34",377.56,6.87,2026-04-08 16:01:24
144,방위산업/전쟁 및 테러,3.57,077360,덕산하이메탈 *,테마 편입 사유,12800.0,상승  990,8.38,12800.0,12810.0,2345912.0,29419.0,3791055.0,,,0.536835,-0.11805645000000009,"5,872.34",377.56,6.87,2026-04-08 16:01:24
144,방위산업/전쟁 및 테러,3.57,003490,대한항공,테마 편입 사유,24950.0,"상승  1,850",8.01,24900.0,24950.0,2838015.0,70402.0,850872.0,,,0.536835,-0.11805645000000009,"5,872.34",377.56,6.87,2026-04-08 16:01:24
144,방위산업/전쟁 및 테러,3.57,081180,쎄크 *,테마 편입 사유,12210.0,상승  870,7.67,12190.0,12210.0,71952.0,866.0,47637.0,,,0.536835,-0.11805645000000009,"5,872.34",377.56,6.87,2026-04-08 16:01:24
144,방위산업/전쟁 및 테러,3.57,0015G0,그린광학 *,테마 편입 사유,30400.0,"상승  2,150",7.61,30400.0,30450.0,243605.0,7269.0,131855.0,,,0.536835,-0.11805645000000009,"5,872.34",377.56,6.87,2026-04-08 16:01:24
144,방위산업/전쟁 및 테러,3.57,000880,한화,테마 편입 사유,123800.0,"상승  8,300",7.19,123700.0,123800.0,287938.0,35227.0,190124.0,,,0.536835,-0.11805645000000009,"5,872.34",377.56,6.87,2026-04-08 16:01:24
144,방위산업/전쟁 및 테러,3.57,003010,혜인,테마 편입 사유,5990.0,상승  400,7.16,5990.0,6000.0,608936.0,3578.0,103290.0,,,0.536835,-0.11805645000000009,"5,872.34",377.56,6.87,2026-04-08 16:01:24
144,방위산업/전쟁 및 테러,3.57,119500,포메탈 *,테마 편입 사유,4015.0,상승  265,7.07,4015.0,4020.0,125301.0,491.0,53366.0,,,0.536835,-0.11805645000000009,"5,872.34",377.56,6.87,2026-04-08 16:01:24
144,방위산업/전쟁 및 테러,3.57,437730,삼현 *,테마 편입 사유,48850.0,"상승  3,200",7.01,48800.0,48850.0,154399.0,7472.0,195497.0,,,0.536835,-0.11805645000000009,"5,872.34",377.56,6.87,2026-04-08 16:01:24
144,방위산업/전쟁 및 테러,3.57,321370,센서뷰 *,테마 편입 사유,2940.0,상승  180,6.52,2940.0,2945.0,12163242.0,37320.0,5436412.0,,,0.536835,-0.11805645000000009,"5,872.34",377.56,6.87,2026-04-08 16:01:24
144,방위산업/전쟁 및 테러,3.57,099320,쎄트렉아이 *,테마 편입 사유,171900.0,"상승  10,500",6.51,171800.0,171900.0,95070.0,16049.0,73144.0,,,0.536835,-0.11805645000000009,"5,872.34",377.56,6.87,2026-04-08 16:01:24
144,방위산업/전쟁 및 테러,3.57,042370,비츠로테크 *,테마 편입 사유,11460.0,상승  660,6.11,11460.0,11480.0,309962.0,3518.0,347886.0,,,0.536835,-0.11805645000000009,"5,872.34",377.56,6.87,2026-04-08 16:01:24
144,방위산업/전쟁 및 테러,3.57,108380,대양전기공업 *,테마 편입 사유,25150.0,"상승  1,400",5.89,25100.0,25150.0,41054.0,1016.0,33083.0,,,0.536835,-0.11805645000000009,"5,872.34",377.56,6.87,2026-04-08 16:01:24
144,방위산업/전쟁 및 테러,3.57,042660,한화오션,테마 편입 사유,127700.0,"상승  6,800",5.62,127600.0,127700.0,977536.0,124443.0,738425.0,,,0.536835,-0.11805645000000009,"5,872.34",377.56,6.87,2026-04-08 16:01:24
144,방위산업/전쟁 및 테러,3.57,000270,기아,테마 편입 사유,159200.0,"상승  8,400",5.57,159200.0,159300.0,1134543.0,179417.0,719002.0,,,0.536835,-0.11805645000000009,"5,872.34",377.56,6.87,2026-04-08 16:01:24
144,방위산업/전쟁 및 테러,3.57,011210,현대위아,테마 편입 사유,79800.0,"상승  4,200",5.56,79800.0,79900.0,110024.0,8702.0,82956.0,,,0.536835,-0.11805645000000009,"5,872.34",377.56,6.87,2026-04-08 16:01:24
144,방위산업/전쟁 및 테러,3.57,012210,삼미금속 *,테마 편입 사유,14050.0,상승  720,5.4,14040.0,14050.0,277725.0,3877.0,305851.0,,,0.536835,-0.11805645000000009,"5,872.34",377.56,6.87,2026-04-08 16:01:24
144,방위산업/전쟁 및 테러,3.57,361390,제노코 *,테마 편입 사유,27950.0,"상승  1,400",5.27,27900.0,27950.0,154026.0,4258.0,131406.0,,,0.536835,-0.11805645000000009,"5,872.34",377.56,6.87,2026-04-08 16:01:24
144,방위산업/전쟁 및 테러,3.57,214430,아이쓰리시스템 *,테마 편입 사유,98500.0,"상승  4,900",5.24,98500.0,98600.0,56646.0,5539.0,49703.0,,,0.536835,-0.11805645000000009,"5,872.34",377.56,6.87,2026-04-08 16:01:24
144,방위산업/전쟁 및 테러,3.57,484870,엠앤씨솔루션,테마 편입 사유,104600.0,"상승  4,400",4.39,104200.0,104600.0,46564.0,4755.0,32196.0,,,0.536835,-0.11805645000000009,"5,872.34",377.56,6.87,2026-04-08 16:01:24
144,방위산업/전쟁 및 테러,3.57,006050,국영지앤엠 *,테마 편입 사유,1434.0,상승  60,4.37,1433.0,1434.0,611850.0,871.0,322232.0,,,0.536835,-0.11805645000000009,"5,872.34",377.56,6.87,2026-04-08 16:01:24
144,방위산업/전쟁 및 테러,3.57,096630,에스코넥 *,테마 편입 사유,777.0,상승  29,3.88,776.0,777.0,353857.0,274.0,480423.0,,,0.536835,-0.11805645000000009,"5,872.34",377.56,6.87,2026-04-08 16:01:24
144,방위산업/전쟁 및 테러,3.57,009540,HD한국조선해양,테마 편입 사유,389500.0,"상승  13,500",3.59,389000.0,389500.0,218820.0,85356.0,129529.0,,,0.536835,-0.11805645000000009,"5,872.34",377.56,6.87,2026-04-08 16:01:24
144,방위산업/전쟁 및 테러,3.57,064960,SNT모티브,테마 편입 사유,34300.0,"상승  1,150",3.47,34300.0,34350.0,42253.0,1439.0,27833.0,,,0.536835,-0.11805645000000009,"5,872.34",377.56,6.87,2026-04-08 16:01:24
144,방위산업/전쟁 및 테러,3.57,003570,SNT다이내믹스,테마 편입 사유,50700.0,"상승  1,600",3.26,50600.0,50700.0,89478.0,4447.0,63459.0,,,0.536835,-0.11805645000000009,"5,872.34",377.56,6.87,2026-04-08 16:01:24
144,방위산업/전쟁 및 테러,3.57,377330,이지트로닉스 *,테마 편입 사유,3460.0,상승  95,2.82,3425.0,3460.0,13113.0,45.0,24129.0,,,0.536835,-0.11805645000000009,"5,872.34",377.56,6.87,2026-04-08 16:01:24
144,방위산업/전쟁 및 테러,3.57,218410,RFHIC *,테마 편입 사유,85100.0,"상승  2,300",2.78,85000.0,85100.0,589540.0,49775.0,298219.0,,,0.536835,-0.11805645000000009,"5,872.34",377.56,6.87,2026-04-08 16:01:24
144,방위산업/전쟁 및 테러,3.57,040300,YTN *,테마 편입 사유,3140.0,상승  80,2.61,3140.0,3145.0,62025.0,193.0,40344.0,,,0.536835,-0.11805645000000009,"5,872.34",377.56,6.87,2026-04-08 16:01:24
144,방위산업/전쟁 및 테러,3.57,090080,평화산업,테마 편입 사유,952.0,상승  23,2.48,945.0,952.0,299121.0,280.0,303207.0,,,0.536835,-0.11805645000000009,"5,872.34",377.56,6.87,2026-04-08 16:01:24
144,방위산업/전쟁 및 테러,3.57,082920,비츠로셀 *,테마 편입 사유,38850.0,상승  900,2.37,38800.0,38850.0,1633004.0,62291.0,504076.0,,,0.536835,-0.11805645000000009,"5,872.34",377.56,6.87,2026-04-08 16:01:24
144,방위산업/전쟁 및 테러,3.57,047810,한국항공우주,테마 편입 사유,190400.0,"상승  4,100",2.2,190300.0,190400.0,590829.0,111743.0,466845.0,,,0.536835,-0.11805645000000009,"5,872.34",377.56,6.87,2026-04-08 16:01:24
144,방위산업/전쟁 및 테러,3.57,015710,코콤 *,테마 편입 사유,3815.0,상승  80,2.14,3790.0,3815.0,68209.0,259.0,52544.0,,,0.536835,-0.11805645000000009,"5,872.34",377.56,6.87,2026-04-08 16:01:24
144,방위산업/전쟁 및 테러,3.57,065950,웰크론 *,테마 편입 사유,1528.0,상승  27,1.8,1526.0,1528.0,50768.0,77.0,49834.0,,,0.536835,-0.11805645000000009,"5,872.34",377.56,6.87,2026-04-08 16:01:24
144,방위산업/전쟁 및 테러,3.57,103140,풍산,테마 편입 사유,103700.0,"상승  1,600",1.57,103700.0,103800.0,478387.0,48904.0,1516762.0,,,0.536835,-0.11805645000000009,"5,872.34",377.56,6.87,2026-04-08 16:01:24
144,방위산업/전쟁 및 테러,3.57,368770,파이버프로 *,테마 편입 사유,20550.0,상승  300,1.48,20500.0,20550.0,1007463.0,20735.0,904582.0,,,0.536835,-0.11805645000000009,"5,872.34",377.56,6.87,2026-04-08 16:01:24
144,방위산업/전쟁 및 테러,3.57,013810,스페코 *,테마 편입 사유,2880.0,상승  40,1.41,2880.0,2900.0,420089.0,1203.0,290155.0,,,0.536835,-0.11805645000000009,"5,872.34",377.56,6.87,2026-04-08 16:01:24
144,방위산업/전쟁 및 테러,3.57,215090,솔디펜스 *,테마 편입 사유,2655.0,상승  30,1.14,2655.0,2680.0,101618.0,271.0,69071.0,,,0.536835,-0.11805645000000009,"5,872.34",377.56,6.87,2026-04-08 16:01:24
144,방위산업/전쟁 및 테러,3.57,077970,STX엔진,테마 편입 사유,35000.0,상승  300,0.86,35000.0,35050.0,241501.0,8460.0,178708.0,,,0.536835,-0.11805645000000009,"5,872.34",377.56,6.87,2026-04-08 16:01:24
144,방위산업/전쟁 및 테러,3.57,079550,LIG넥스원,테마 편입 사유,833000.0,"상승  6,000",0.73,833000.0,834000.0,412630.0,340466.0,471547.0,,,0.536835,-0.11805645000000009,"5,872.34",377.56,6.87,2026-04-08 16:01:24
144,방위산업/전쟁 및 테러,3.57,274400,이노시뮬레이션 *,테마 편입 사유,3710.0,상승  20,0.54,3705.0,3710.0,11930.0,44.0,5684.0,,,0.536835,-0.11805645000000009,"5,872.34",377.56,6.87,2026-04-08 16:01:24
144,방위산업/전쟁 및 테러,3.57,372910,한컴라이프케어,테마 편입 사유,2365.0,상승  10,0.42,2360.0,2365.0,136908.0,323.0,74913.0,,,0.536835,-0.11805645000000009,"5,872.34",377.56,6.87,2026-04-08 16:01:24
144,방위산업/전쟁 및 테러,3.57,448710,코츠테크놀로지 *,테마 편입 사유,19190.0,상승  70,0.37,19190.0,19200.0,123981.0,2349.0,99602.0,,,0.536835,-0.11805645000000009,"5,872.34",377.56,6.87,2026-04-08 16:01:24
144,방위산업/전쟁 및 테러,3.57,095190,이엠코리아 *,테마 편입 사유,2380.0,상승  5,0.21,2375.0,2380.0,224403.0,535.0,216139.0,,,0.536835,-0.11805645000000009,"5,872.34",377.56,6.87,2026-04-08 16:01:24
144,방위산업/전쟁 및 테러,3.57,010280,아이티센엔텍 *,테마 편입 사유,1145.0,보합0,0.0,0.0,0.0,0.0,0.0,1516949.0,,,0.536835,-0.11805645000000009,"5,872.34",377.56,6.87,2026-04-08 16:01:24
144,방위산업/전쟁 및 테러,3.57,095270,웨이브일렉트로 *,테마 편입 사유,5520.0,하락  30,-0.54,5510.0,5520.0,237816.0,1306.0,185502.0,,,0.536835,-0.11805645000000009,"5,872.34",377.56,6.87,2026-04-08 16:01:24
144,방위산업/전쟁 및 테러,3.57,272210,한화시스템,테마 편입 사유,130600.0,"하락  1,100",-0.84,130500.0,130600.0,1008429.0,131270.0,1893104.0,,,0.536835,-0.11805645000000009,"5,872.34",377.56,6.87,2026-04-08 16:01:24
144,방위산업/전쟁 및 테러,3.57,005810,풍산홀딩스,테마 편입 사유,54100.0,하락  700,-1.28,54000.0,54100.0,1334419.0,72826.0,3824540.0,,,0.536835,-0.11805645000000009,"5,872.34",377.56,6.87,2026-04-08 16:01:24
144,방위산업/전쟁 및 테러,3.57,005870,휴니드,테마 편입 사유,8360.0,하락  140,-1.65,8350.0,8360.0,291205.0,2439.0,223297.0,,,0.536835,-0.11805645000000009,"5,872.34",377.56,6.87,2026-04-08 16:01:24
144,방위산업/전쟁 및 테러,3.57,484590,삼양컴텍 *,테마 편입 사유,11900.0,하락  220,-1.82,11900.0,11910.0,310043.0,3690.0,189818.0,,,0.536835,-0.11805645000000009,"5,872.34",377.56,6.87,2026-04-08 16:01:24
144,방위산업/전쟁 및 테러,3.57,010820,퍼스텍,테마 편입 사유,7520.0,하락  140,-1.83,7520.0,7530.0,1945960.0,14432.0,2010016.0,,,0.536835,-0.11805645000000009,"5,872.34",377.56,6.87,2026-04-08 16:01:24
144,방위산업/전쟁 및 테러,3.57,064350,현대로템,테마 편입 사유,206500.0,"하락  4,500",-2.13,206500.0,207000.0,845448.0,175224.0,735486.0,,,0.536835,-0.11805645000000009,"5,872.34",377.56,6.87,2026-04-08 16:01:24
144,방위산업/전쟁 및 테러,3.57,327260,RF머트리얼즈 *,테마 편입 사유,71800.0,"하락  2,000",-2.71,71800.0,71900.0,721187.0,52025.0,222508.0,,,0.536835,-0.11805645000000009,"5,872.34",377.56,6.87,2026-04-08 16:01:24
144,방위산업/전쟁 및 테러,3.57,474610,RF시스템즈 *,테마 편입 사유,10950.0,하락  320,-2.84,10940.0,10950.0,872460.0,9627.0,715027.0,,,0.536835,-0.11805645000000009,"5,872.34",377.56,6.87,2026-04-08 16:01:24
144,방위산업/전쟁 및 테러,3.57,012450,한화에어로스페이스,테마 편입 사유,1484000.0,"하락  53,000",-3.45,1481000.0,1484000.0,286944.0,423221.0,273390.0,,,0.536835,-0.11805645000000009,"5,872.34",377.56,6.87,2026-04-08 16:01:24
144,방위산업/전쟁 및 테러,3.57,024740,한일단조 *,테마 편입 사유,2870.0,하락  130,-4.33,2865.0,2870.0,1563333.0,4482.0,1229616.0,,,0.536835,-0.11805645000000009,"5,872.34",377.56,6.87,2026-04-08 16:01:24
144,방위산업/전쟁 및 테러,3.57,310870,디와이씨 *,테마 편입 사유,1637.0,하락  78,-4.55,1635.0,1637.0,558299.0,927.0,1035193.0,,,0.536835,-0.11805645000000009,"5,872.34",377.56,6.87,2026-04-08 16:01:24
144,방위산업/전쟁 및 테러,3.57,289930,웨이비스 *,테마 편입 사유,18650.0,"하락  1,340",-6.7,18650.0,18660.0,691452.0,13149.0,369474.0,,,0.536835,-0.11805645000000009,"5,872.34",377.56,6.87,2026-04-08 16:01:24
144,방위산업/전쟁 및 테러,3.57,065450,빅텍 *,테마 편입 사유,4875.0,하락  415,-7.84,4875.0,4880.0,3496201.0,17136.0,2753339.0,,,0.536835,-0.11805645000000009,"5,872.34",377.56,6.87,2026-04-08 16:01:24
144,방위산업/전쟁 및 테러,3.57,129920,대성하이텍 *,테마 편입 사유,10430.0,하락  970,-8.51,10430.0,10440.0,425243.0,4681.0,592703.0,,,0.536835,-0.11805645000000009,"5,872.34",377.56,6.87,2026-04-08 16:01:24
144,방위산업/전쟁 및 테러,3.57,140430,카티스 *,테마 편입 사유,725.0,하락  101,-12.23,725.0,727.0,11131505.0,8837.0,8506896.0,,,0.536835,-0.11805645000000009,"5,872.34",377.56,6.87,2026-04-08 16:01:24
503,2차전지(LFP/리튬인산철),3.83,054300,팬스타엔터프라이즈 *,테마 편입 사유,574.0,상승  67,13.21,574.0,575.0,1044144.0,562.0,408197.0,,,0.571104,-0.09348447999999943,"5,872.34",377.56,6.87,2026-04-08 16:01:24
503,2차전지(LFP/리튬인산철),3.83,222080,씨아이에스 *,테마 편입 사유,12590.0,상승  850,7.24,12580.0,12590.0,1781196.0,22113.0,3876391.0,,,0.571104,-0.09348447999999943,"5,872.34",377.56,6.87,2026-04-08 16:01:24
503,2차전지(LFP/리튬인산철),3.83,037030,파워넷 *,테마 편입 사유,6080.0,상승  400,7.04,6070.0,6080.0,17365232.0,108800.0,19574470.0,,,0.571104,-0.09348447999999943,"5,872.34",377.56,6.87,2026-04-08 16:01:24
503,2차전지(LFP/리튬인산철),3.83,360070,탑머티리얼 *,테마 편입 사유,17700.0,상승  840,4.98,17700.0,17780.0,37274.0,653.0,131591.0,,,0.571104,-0.09348447999999943,"5,872.34",377.56,6.87,2026-04-08 16:01:24
503,2차전지(LFP/리튬인산철),3.83,282880,코윈테크 *,테마 편입 사유,14340.0,상승  640,4.67,14340.0,14350.0,78187.0,1103.0,27250.0,,,0.571104,-0.09348447999999943,"5,872.34",377.56,6.87,2026-04-08 16:01:24
503,2차전지(LFP/리튬인산철),3.83,125210,아모그린텍 *,테마 편입 사유,8820.0,상승  320,3.76,8810.0,8820.0,206375.0,1801.0,300803.0,,,0.571104,-0.09348447999999943,"5,872.34",377.56,6.87,2026-04-08 16:01:24
503,2차전지(LFP/리튬인산철),3.83,032680,소프트센 *,테마 편입 사유,240.0,상승  8,3.45,238.0,240.0,508891.0,121.0,773645.0,,,0.571104,-0.09348447999999943,"5,872.34",377.56,6.87,2026-04-08 16:01:24
503,2차전지(LFP/리튬인산철),3.83,018290,브이티 *,테마 편입 사유,14990.0,상승  440,3.02,14990.0,15000.0,157437.0,2368.0,170808.0,,,0.571104,-0.09348447999999943,"5,872.34",377.56,6.87,2026-04-08 16:01:24
503,2차전지(LFP/리튬인산철),3.83,037370,EG *,테마 편입 사유,5090.0,상승  40,0.79,5060.0,5090.0,15664.0,79.0,18683.0,,,0.571104,-0.09348447999999943,"5,872.34",377.56,6.87,2026-04-08 16:01:24
503,2차전지(LFP/리튬인산철),3.83,066970,엘앤에프,테마 편입 사유,184100.0,하락  900,-0.49,184000.0,184100.0,1205873.0,222302.0,2190888.0,,,0.571104,-0.09348447999999943,"5,872.34",377.56,6.87,2026-04-08 16:01:24
503,2차전지(LFP/리튬인산철),3.83,373220,LG에너지솔루션,테마 편입 사유,406000.0,"하락  2,500",-0.61,405500.0,406000.0,521932.0,211682.0,311134.0,,,0.571104,-0.09348447999999943,"5,872.34",377.56,6.87,2026-04-08 16:01:24
503,2차전지(LFP/리튬인산철),3.83,096770,SK이노베이션,테마 편입 사유,120400.0,"하락  1,400",-1.15,120300.0,120400.0,807415.0,96313.0,690065.0,,,0.571104,-0.09348447999999943,"5,872.34",377.56,6.87,2026-04-08 16:01:24
59,광고,1.27,214270,FSN *,테마 편입 사유,2205.0,상승  125,6.01,2205.0,2210.0,329784.0,705.0,196159.0,,,0.196435,-0.07950845000000006,"5,872.34",377.56,6.87,2026-04-08 16:01:24
59,광고,1.27,048550,SM C&C *,테마 편입 사유,1122.0,상승  54,5.06,1118.0,1122.0,184677.0,204.0,60945.0,,,0.196435,-0.07950845000000006,"5,872.34",377.56,6.87,2026-04-08 16:01:24
59,광고,1.27,037270,YG PLUS,테마 편입 사유,5140.0,상승  215,4.37,5140.0,5150.0,306839.0,1579.0,330304.0,,,0.196435,-0.07950845000000006,"5,872.34",377.56,6.87,2026-04-08 16:01:24
59,광고,1.27,263700,케어랩스 *,테마 편입 사유,2270.0,상승  85,3.89,2265.0,2270.0,18531.0,42.0,52538.0,,,0.196435,-0.07950845000000006,"5,872.34",377.56,6.87,2026-04-08 16:01:24
59,광고,1.27,050090,비케이홀딩스 *,테마 편입 사유,770.0,상승  24,3.22,770.0,774.0,83928.0,64.0,64209.0,,,0.196435,-0.07950845000000006,"5,872.34",377.56,6.87,2026-04-08 16:01:24
59,광고,1.27,273060,와이즈버즈 *,테마 편입 사유,983.0,상승  21,2.18,983.0,986.0,127248.0,126.0,84927.0,,,0.196435,-0.07950845000000006,"5,872.34",377.56,6.87,2026-04-08 16:01:24
59,광고,1.27,236810,엔비티 *,테마 편입 사유,1795.0,상승  35,1.99,1794.0,1795.0,21470.0,38.0,20230.0,,,0.196435,-0.07950845000000006,"5,872.34",377.56,6.87,2026-04-08 16:01:24
59,광고,1.27,363260,모비데이즈 *,테마 편입 사유,1417.0,상승  23,1.65,1417.0,1418.0,178339.0,251.0,185934.0,,,0.196435,-0.07950845000000006,"5,872.34",377.56,6.87,2026-04-08 16:01:24
59,광고,1.27,351870,차이커뮤니케이션 *,테마 편입 사유,3840.0,상승  60,1.59,3795.0,3830.0,8419.0,32.0,6072.0,,,0.196435,-0.07950845000000006,"5,872.34",377.56,6.87,2026-04-08 16:01:24
59,광고,1.27,321820,아티스트컴퍼니 *,테마 편입 사유,3515.0,상승  55,1.59,3480.0,3515.0,26700.0,94.0,17891.0,,,0.196435,-0.07950845000000006,"5,872.34",377.56,6.87,2026-04-08 16:01:24
59,광고,1.27,214320,이노션,테마 편입 사유,17860.0,상승  240,1.36,17860.0,17890.0,88980.0,1588.0,85095.0,,,0.196435,-0.07950845000000006,"5,872.34",377.56,6.87,2026-04-08 16:01:24
59,광고,1.27,216050,인크로스 *,테마 편입 사유,6470.0,상승  80,1.25,6460.0,6470.0,46897.0,303.0,49492.0,,,0.196435,-0.07950845000000006,"5,872.34",377.56,6.87,2026-04-08 16:01:24
59,광고,1.27,010470,오리콤 *,테마 편입 사유,5830.0,상승  70,1.22,5780.0,5830.0,20034.0,116.0,8854.0,,,0.196435,-0.07950845000000006,"5,872.34",377.56,6.87,2026-04-08 16:01:24
59,광고,1.27,089600,KT나스미디어 *,테마 편입 사유,11450.0,상승  130,1.15,11450.0,11490.0,7425.0,85.0,11055.0,,,0.196435,-0.07950845000000006,"5,872.34",377.56,6.87,2026-04-08 16:01:24
59,광고,1.27,362990,드림인사이트 *,테마 편입 사유,1524.0,상승  16,1.06,1510.0,1525.0,20846.0,32.0,18143.0,,,0.196435,-0.07950845000000006,"5,872.34",377.56,6.87,2026-04-08 16:01:24
59,광고,1.27,443250,레뷰코퍼레이션 *,테마 편입 사유,8850.0,상승  90,1.03,8760.0,8850.0,25625.0,226.0,64304.0,,,0.196435,-0.07950845000000006,"5,872.34",377.56,6.87,2026-04-08 16:01:24
59,광고,1.27,030000,제일기획,테마 편입 사유,19380.0,상승  190,0.99,19380.0,19390.0,364571.0,7090.0,388816.0,,,0.196435,-0.07950845000000006,"5,872.34",377.56,6.87,2026-04-08 16:01:24
59,광고,1.27,123570,이엠넷 *,테마 편입 사유,1881.0,상승  13,0.7,1881.0,1882.0,5678.0,11.0,5250.0,,,0.196435,-0.07950845000000006,"5,872.34",377.56,6.87,2026-04-08 16:01:24
59,광고,1.27,397810,애드포러스 *,테마 편입 사유,6160.0,상승  30,0.49,6160.0,6230.0,11049.0,68.0,16463.0,,,0.196435,-0.07950845000000006,"5,872.34",377.56,6.87,2026-04-08 16:01:24
59,광고,1.27,035000,HS애드,테마 편입 사유,8210.0,상승  20,0.24,8210.0,8220.0,20529.0,168.0,4132.0,,,0.196435,-0.07950845000000006,"5,872.34",377.56,6.87,2026-04-08 16:01:24
59,광고,1.27,230360,에코마케팅 *,테마 편입 사유,16000.0,보합0,0.0,16000.0,16010.0,16346.0,262.0,7469.0,,,0.196435,-0.07950845000000006,"5,872.34",377.56,6.87,2026-04-08 16:01:24
59,광고,1.27,051160,지어소프트 *,테마 편입 사유,7800.0,하락  80,-1.02,7790.0,7800.0,45313.0,353.0,32259.0,,,0.196435,-0.07950845000000006,"5,872.34",377.56,6.87,2026-04-08 16:01:24
59,광고,1.27,237820,플레이디 *,테마 편입 사유,4555.0,하락  60,-1.3,4555.0,4560.0,18536.0,85.0,6424.0,,,0.196435,-0.07950845000000006,"5,872.34",377.56,6.87,2026-04-08 16:01:24
59,광고,1.27,127710,아시아경제 *,테마 편입 사유,1695.0,하락  55,-3.14,1688.0,1695.0,521741.0,902.0,233743.0,,,0.196435,-0.07950845000000006,"5,872.34",377.56,6.87,2026-04-08 16:01:24
59,광고,1.27,291230,엔피 *,테마 편입 사유,783.0,하락  30,-3.69,782.0,783.0,171860.0,135.0,622636.0,,,0.196435,-0.07950845000000006,"5,872.34",377.56,6.87,2026-04-08 16:01:24
42,게임,2.59,204610,티쓰리 *,테마 편입 사유,2675.0,상승  155,6.15,2660.0,2675.0,291341.0,768.0,186021.0,,,0.387229,-0.07026323000000012,"5,872.34",377.56,6.87,2026-04-08 16:01:24
42,게임,2.59,101730,위메이드맥스 *,테마 편입 사유,4920.0,상승  285,6.15,4920.0,4935.0,98392.0,485.0,60654.0,,,0.387229,-0.07026323000000012,"5,872.34",377.56,6.87,2026-04-08 16:01:24
42,게임,2.59,112040,위메이드 *,테마 편입 사유,20550.0,"상승  1,150",5.93,20550.0,20600.0,141299.0,2892.0,109876.0,,,0.387229,-0.07026323000000012,"5,872.34",377.56,6.87,2026-04-08 16:01:24
42,게임,2.59,047560,이스트소프트 *,테마 편입 사유,12930.0,상승  630,5.12,12910.0,12930.0,35500.0,456.0,36348.0,,,0.387229,-0.07026323000000012,"5,872.34",377.56,6.87,2026-04-08 16:01:24
42,게임,2.59,067000,조이시티 *,테마 편입 사유,2350.0,상승  105,4.68,2350.0,2355.0,310534.0,729.0,405798.0,,,0.387229,-0.07026323000000012,"5,872.34",377.56,6.87,2026-04-08 16:01:24
42,게임,2.59,181710,NHN,테마 편입 사유,37150.0,"상승  1,600",4.5,37050.0,37150.0,50969.0,1878.0,29296.0,,,0.387229,-0.07026323000000012,"5,872.34",377.56,6.87,2026-04-08 16:01:24
42,게임,2.59,462870,시프트업,테마 편입 사유,33400.0,"상승  1,400",4.38,33350.0,33400.0,224201.0,7235.0,105048.0,,,0.387229,-0.07026323000000012,"5,872.34",377.56,6.87,2026-04-08 16:01:24
42,게임,2.59,042420,네오위즈홀딩스 *,테마 편입 사유,22700.0,상승  900,4.13,22650.0,22700.0,7180.0,162.0,9973.0,,,0.387229,-0.07026323000000012,"5,872.34",377.56,6.87,2026-04-08 16:01:24
42,게임,2.59,293490,카카오게임즈 *,테마 편입 사유,11980.0,상승  470,4.08,11970.0,11980.0,244542.0,2921.0,164886.0,,,0.387229,-0.07026323000000012,"5,872.34",377.56,6.87,2026-04-08 16:01:24
42,게임,2.59,069080,웹젠 *,테마 편입 사유,12280.0,상승  480,4.07,12280.0,12320.0,107502.0,1330.0,46867.0,,,0.387229,-0.07026323000000012,"5,872.34",377.56,6.87,2026-04-08 16:01:24
42,게임,2.59,066910,손오공 *,테마 편입 사유,577.0,상승  22,3.96,575.0,577.0,225514.0,129.0,71105.0,,,0.387229,-0.07026323000000012,"5,872.34",377.56,6.87,2026-04-08 16:01:24
42,게임,2.59,036570,엔씨소프트,테마 편입 사유,218000.0,"상승  8,000",3.81,217500.0,218000.0,63520.0,13793.0,43798.0,,,0.387229,-0.07026323000000012,"5,872.34",377.56,6.87,2026-04-08 16:01:24
42,게임,2.59,201490,미투온 *,테마 편입 사유,2985.0,상승  105,3.65,2985.0,2990.0,1004989.0,3025.0,1580300.0,,,0.387229,-0.07026323000000012,"5,872.34",377.56,6.87,2026-04-08 16:01:24
42,게임,2.59,251270,넷마블,테마 편입 사유,50200.0,"상승  1,500",3.08,50100.0,50200.0,155600.0,7838.0,204787.0,,,0.387229,-0.07026323000000012,"5,872.34",377.56,6.87,2026-04-08 16:01:24
42,게임,2.59,035420,NAVER,테마 편입 사유,201500.0,"상승  5,600",2.86,201500.0,202000.0,699966.0,141087.0,668729.0,,,0.387229,-0.07026323000000012,"5,872.34",377.56,6.87,2026-04-08 16:01:24
42,게임,2.59,058630,엠게임 *,테마 편입 사유,5090.0,상승  110,2.21,5070.0,5090.0,42051.0,213.0,38127.0,,,0.387229,-0.07026323000000012,"5,872.34",377.56,6.87,2026-04-08 16:01:24
42,게임,2.59,078340,컴투스 *,테마 편입 사유,32800.0,상승  700,2.18,32800.0,32850.0,48315.0,1610.0,52690.0,,,0.387229,-0.07026323000000012,"5,872.34",377.56,6.87,2026-04-08 16:01:24
42,게임,2.59,052790,액토즈소프트 *,테마 편입 사유,5280.0,상승  110,2.13,5270.0,5280.0,20792.0,109.0,27417.0,,,0.387229,-0.07026323000000012,"5,872.34",377.56,6.87,2026-04-08 16:01:24
42,게임,2.59,192080,더블유게임즈,테마 편입 사유,48900.0,"상승  1,000",2.09,48900.0,48950.0,47572.0,2332.0,27366.0,,,0.387229,-0.07026323000000012,"5,872.34",377.56,6.87,2026-04-08 16:01:24
42,게임,2.59,095660,네오위즈 *,테마 편입 사유,23300.0,상승  400,1.75,23250.0,23300.0,82016.0,1927.0,30706.0,,,0.387229,-0.07026323000000012,"5,872.34",377.56,6.87,2026-04-08 16:01:24
42,게임,2.59,023770,플레이위드 *,테마 편입 사유,3080.0,상승  50,1.65,3060.0,3080.0,21151.0,64.0,20624.0,,,0.387229,-0.07026323000000012,"5,872.34",377.56,6.87,2026-04-08 16:01:24
42,게임,2.59,225570,넥슨게임즈 *,테마 편입 사유,11320.0,상승  160,1.43,11320.0,11350.0,182660.0,2068.0,98014.0,,,0.387229,-0.07026323000000012,"5,872.34",377.56,6.87,2026-04-08 16:01:24
42,게임,2.59,048910,대원미디어 *,테마 편입 사유,7350.0,상승  50,0.68,7340.0,7350.0,53750.0,394.0,31490.0,,,0.387229,-0.07026323000000012,"5,872.34",377.56,6.87,2026-04-08 16:01:24
42,게임,2.59,259960,크래프톤,테마 편입 사유,234000.0,"상승  1,000",0.43,234000.0,234500.0,108680.0,25659.0,79553.0,,,0.387229,-0.07026323000000012,"5,872.34",377.56,6.87,2026-04-08 16:01:24
42,게임,2.59,094860,네오리진 *,테마 편입 사유,1439.0,보합0,0.0,1439.0,1440.0,218124.0,309.0,101325.0,,,0.387229,-0.07026323000000012,"5,872.34",377.56,6.87,2026-04-08 16:01:24
42,게임,2.59,331520,밸로프 *,테마 편입 사유,524.0,보합0,0.0,0.0,0.0,0.0,0.0,220249.0,,,0.387229,-0.07026323000000012,"5,872.34",377.56,6.87,2026-04-08 16:01:24
42,게임,2.59,217270,넵튠 *,테마 편입 사유,3645.0,하락  5,-0.14,3640.0,3645.0,1852952.0,5995.0,165687.0,,,0.387229,-0.07026323000000012,"5,872.34",377.56,6.87,2026-04-08 16:01:24
42,게임,2.59,205500,넥써쓰 *,테마 편입 사유,1538.0,하락  6,-0.39,1538.0,1539.0,167048.0,257.0,124166.0,,,0.387229,-0.07026323000000012,"5,872.34",377.56,6.87,2026-04-08 16:01:24
42,게임,2.59,047080,한빛소프트 *,테마 편입 사유,1274.0,하락  16,-1.24,1274.0,1275.0,93129.0,118.0,62634.0,,,0.387229,-0.07026323000000012,"5,872.34",377.56,6.87,2026-04-08 16:01:24
42,게임,2.59,263750,펄어비스 *,테마 편입 사유,56500.0,하락  900,-1.57,56400.0,56500.0,1362628.0,77783.0,1500612.0,,,0.387229,-0.07026323000000012,"5,872.34",377.56,6.87,2026-04-08 16:01:24
171,비철금속,2.43,006110,삼아알미늄,테마 편입 사유,42200.0,"상승  6,050",16.74,42200.0,42250.0,2013359.0,80417.0,719382.0,,,0.359222,-0.037855139999999565,"5,872.34",377.56,6.87,2026-04-08 16:01:24
171,비철금속,2.43,354320,알멕 *,테마 편입 사유,62000.0,"상승  4,500",7.83,61900.0,62000.0,257141.0,15587.0,122452.0,,,0.359222,-0.037855139999999565,"5,872.34",377.56,6.87,2026-04-08 16:01:24
171,비철금속,2.43,010130,고려아연,테마 편입 사유,1585000.0,"상승  112,000",7.6,1585000.0,1586000.0,29374.0,46120.0,14551.0,,,0.359222,-0.037855139999999565,"5,872.34",377.56,6.87,2026-04-08 16:01:24
171,비철금속,2.43,004560,현대비앤지스틸,테마 편입 사유,15760.0,상승  860,5.77,15750.0,15760.0,86036.0,1343.0,66154.0,,,0.359222,-0.037855139999999565,"5,872.34",377.56,6.87,2026-04-08 16:01:24
171,비철금속,2.43,000670,영풍,테마 편입 사유,60800.0,"상승  3,100",5.37,60700.0,60800.0,25841.0,1568.0,19519.0,,,0.359222,-0.037855139999999565,"5,872.34",377.56,6.87,2026-04-08 16:01:24
171,비철금속,2.43,012800,대창,테마 편입 사유,1395.0,상승  70,5.28,1394.0,1395.0,1282730.0,1767.0,358768.0,,,0.359222,-0.037855139999999565,"5,872.34",377.56,6.87,2026-04-08 16:01:24
171,비철금속,2.43,009730,이렘 *,테마 편입 사유,510.0,상승  20,4.08,510.0,512.0,1493423.0,753.0,3004484.0,,,0.359222,-0.037855139999999565,"5,872.34",377.56,6.87,2026-04-08 16:01:24
171,비철금속,2.43,025820,이구산업,테마 편입 사유,5080.0,상승  195,3.99,5080.0,5090.0,334733.0,1684.0,146793.0,,,0.359222,-0.037855139999999565,"5,872.34",377.56,6.87,2026-04-08 16:01:24
171,비철금속,2.43,009520,포스코엠텍 *,테마 편입 사유,18440.0,상승  630,3.54,18430.0,18440.0,216577.0,3969.0,189000.0,,,0.359222,-0.037855139999999565,"5,872.34",377.56,6.87,2026-04-08 16:01:24
171,비철금속,2.43,021050,서원,테마 편입 사유,1234.0,상승  38,3.18,1232.0,1234.0,371849.0,455.0,208234.0,,,0.359222,-0.037855139999999565,"5,872.34",377.56,6.87,2026-04-08 16:01:24
171,비철금속,2.43,037760,쎄니트 *,테마 편입 사유,2320.0,상승  70,3.11,2315.0,2320.0,36655.0,85.0,55951.0,,,0.359222,-0.037855139999999565,"5,872.34",377.56,6.87,2026-04-08 16:01:24
171,비철금속,2.43,001530,DI동일,테마 편입 사유,22000.0,상승  650,3.04,21950.0,22000.0,60594.0,1318.0,24180.0,,,0.359222,-0.037855139999999565,"5,872.34",377.56,6.87,2026-04-08 16:01:24
171,비철금속,2.43,128660,피제이메탈 *,테마 편입 사유,3450.0,상승  70,2.07,3445.0,3450.0,574674.0,1923.0,851830.0,,,0.359222,-0.037855139999999565,"5,872.34",377.56,6.87,2026-04-08 16:01:24
171,비철금속,2.43,009190,대양금속,테마 편입 사유,1386.0,상승  26,1.91,1385.0,1386.0,155361.0,214.0,158142.0,,,0.359222,-0.037855139999999565,"5,872.34",377.56,6.87,2026-04-08 16:01:24
171,비철금속,2.43,103140,풍산,테마 편입 사유,103700.0,"상승  1,600",1.57,103700.0,103800.0,478387.0,48904.0,1516762.0,,,0.359222,-0.037855139999999565,"5,872.34",377.56,6.87,2026-04-08 16:01:24
171,비철금속,2.43,032560,황금에스티,테마 편입 사유,5970.0,상승  70,1.19,5970.0,5990.0,29780.0,177.0,36541.0,,,0.359222,-0.037855139999999565,"5,872.34",377.56,6.87,2026-04-08 16:01:24
171,비철금속,2.43,060480,국일신동 *,테마 편입 사유,1716.0,상승  8,0.47,1715.0,1716.0,65452.0,112.0,183865.0,,,0.359222,-0.037855139999999565,"5,872.34",377.56,6.87,2026-04-08 16:01:24
171,비철금속,2.43,081150,티플랙스 *,테마 편입 사유,3430.0,상승  5,0.15,3425.0,3430.0,619830.0,2137.0,540777.0,,,0.359222,-0.037855139999999565,"5,872.34",377.56,6.87,2026-04-08 16:01:24
171,비철금속,2.43,015890,태경산업,테마 편입 사유,4885.0,보합0,0.0,4885.0,4890.0,46340.0,226.0,122231.0,,,0.359222,-0.037855139999999565,"5,872.34",377.56,6.87,2026-04-08 16:01:24
171,비철금속,2.43,186230,그린플러스 *,테마 편입 사유,4645.0,하락  10,-0.21,4640.0,4645.0,34383.0,161.0,31227.0,,,0.359222,-0.037855139999999565,"5,872.34",377.56,6.87,2026-04-08 16:01:24
171,비철금속,2.43,005810,풍산홀딩스,테마 편입 사유,54100.0,하락  700,-1.28,54000.0,54100.0,1334419.0,72826.0,3824540.0,,,0.359222,-0.037855139999999565,"5,872.34",377.56,6.87,2026-04-08 16:01:24
171,비철금속,2.43,198940,한주라이트메탈 *,테마 편입 사유,657.0,하락  14,-2.09,657.0,659.0,480209.0,318.0,392609.0,,,0.359222,-0.037855139999999565,"5,872.34",377.56,6.87,2026-04-08 16:01:24
171,비철금속,2.43,001780,알루코,테마 편입 사유,2505.0,하락  90,-3.47,2500.0,2505.0,5382738.0,13449.0,11147049.0,,,0.359222,-0.037855139999999565,"5,872.34",377.56,6.87,2026-04-08 16:01:24
171,비철금속,2.43,018470,조일알미늄,테마 편입 사유,1472.0,하락  55,-3.6,1471.0,1472.0,13476819.0,19742.0,37780985.0,,,0.359222,-0.037855139999999565,"5,872.34",377.56,6.87,2026-04-08 16:01:24
171,비철금속,2.43,008350,남선알미늄,테마 편입 사유,2060.0,하락  120,-5.5,2060.0,2065.0,68915311.0,146387.0,163765675.0,,,0.359222,-0.037855139999999565,"5,872.34",377.56,6.87,2026-04-08 16:01:24
55,보안주(정보),3.07,038680,에스넷 *,테마 편입 사유,4040.0,상승  355,9.63,4040.0,4050.0,3879479.0,16048.0,382193.0,,,0.449101,-0.015323870000000017,"5,872.34",377.56,6.87,2026-04-08 16:01:24
55,보안주(정보),3.07,158430,아톤 *,테마 편입 사유,6090.0,상승  450,7.98,6080.0,6090.0,264514.0,1582.0,263792.0,,,0.449101,-0.015323870000000017,"5,872.34",377.56,6.87,2026-04-08 16:01:24
55,보안주(정보),3.07,032190,다우데이타 *,테마 편입 사유,23850.0,"상승  1,750",7.92,23850.0,23900.0,147718.0,3534.0,45292.0,,,0.449101,-0.015323870000000017,"5,872.34",377.56,6.87,2026-04-08 16:01:24
55,보안주(정보),3.07,391710,코닉오토메이션 *,테마 편입 사유,1884.0,상승  134,7.66,1883.0,1884.0,119416.0,221.0,76641.0,,,0.449101,-0.015323870000000017,"5,872.34",377.56,6.87,2026-04-08 16:01:24
55,보안주(정보),3.07,247660,나노씨엠에스 *,테마 편입 사유,5070.0,상승  350,7.42,5070.0,5080.0,40227.0,198.0,52025.0,,,0.449101,-0.015323870000000017,"5,872.34",377.56,6.87,2026-04-08 16:01:24
55,보안주(정보),3.07,054920,한컴위드 *,테마 편입 사유,4870.0,상승  320,7.03,4860.0,4870.0,404145.0,1940.0,520582.0,,,0.449101,-0.015323870000000017,"5,872.34",377.56,6.87,2026-04-08 16:01:24
55,보안주(정보),3.07,331740,아우토크립트 *,테마 편입 사유,15280.0,상승  900,6.26,15280.0,15330.0,72108.0,1093.0,102524.0,,,0.449101,-0.015323870000000017,"5,872.34",377.56,6.87,2026-04-08 16:01:24
55,보안주(정보),3.07,053300,한국정보인증 *,테마 편입 사유,5800.0,상승  330,6.03,5790.0,5800.0,149087.0,854.0,199817.0,,,0.449101,-0.015323870000000017,"5,872.34",377.56,6.87,2026-04-08 16:01:24
55,보안주(정보),3.07,0015S0,페스카로 *,테마 편입 사유,15280.0,상승  840,5.82,15270.0,15280.0,74801.0,1131.0,55462.0,,,0.449101,-0.015323870000000017,"5,872.34",377.56,6.87,2026-04-08 16:01:24
55,보안주(정보),3.07,456010,아이씨티케이 *,테마 편입 사유,14250.0,상승  780,5.79,14240.0,14250.0,228084.0,3217.0,318278.0,,,0.449101,-0.015323870000000017,"5,872.34",377.56,6.87,2026-04-08 16:01:24
55,보안주(정보),3.07,170790,파이오링크 *,테마 편입 사유,9700.0,상승  520,5.66,9700.0,9720.0,78101.0,747.0,19457.0,,,0.449101,-0.015323870000000017,"5,872.34",377.56,6.87,2026-04-08 16:01:24
55,보안주(정보),3.07,214180,헥토이노베이션 *,테마 편입 사유,18330.0,상승  980,5.65,18290.0,18330.0,73444.0,1334.0,90118.0,,,0.449101,-0.015323870000000017,"5,872.34",377.56,6.87,2026-04-08 16:01:24
55,보안주(정보),3.07,275630,에스에스알 *,테마 편입 사유,4090.0,상승  215,5.55,4055.0,4090.0,67515.0,275.0,49441.0,,,0.449101,-0.015323870000000017,"5,872.34",377.56,6.87,2026-04-08 16:01:24
55,보안주(정보),3.07,047560,이스트소프트 *,테마 편입 사유,12930.0,상승  630,5.12,12910.0,12930.0,35500.0,456.0,36348.0,,,0.449101,-0.015323870000000017,"5,872.34",377.56,6.87,2026-04-08 16:01:24
55,보안주(정보),3.07,203650,드림시큐리티 *,테마 편입 사유,1653.0,상승  76,4.82,1653.0,1654.0,985939.0,1625.0,282345.0,,,0.449101,-0.015323870000000017,"5,872.34",377.56,6.87,2026-04-08 16:01:24
55,보안주(정보),3.07,488280,에스투더블유 *,테마 편입 사유,14300.0,상승  600,4.38,14270.0,14300.0,41997.0,599.0,39343.0,,,0.449101,-0.015323870000000017,"5,872.34",377.56,6.87,2026-04-08 16:01:24
55,보안주(정보),3.07,356680,엑스게이트 *,테마 편입 사유,7300.0,상승  300,4.29,7290.0,7300.0,281679.0,2027.0,256894.0,,,0.449101,-0.015323870000000017,"5,872.34",377.56,6.87,2026-04-08 16:01:24
55,보안주(정보),3.07,291810,핀텔 *,테마 편입 사유,2045.0,상승  77,3.91,2025.0,2045.0,16656.0,34.0,23628.0,,,0.449101,-0.015323870000000017,"5,872.34",377.56,6.87,2026-04-08 16:01:24
55,보안주(정보),3.07,333050,모코엠시스 *,테마 편입 사유,1309.0,상승  47,3.72,1308.0,1309.0,457810.0,602.0,110437.0,,,0.449101,-0.015323870000000017,"5,872.34",377.56,6.87,2026-04-08 16:01:24
55,보안주(정보),3.07,356890,싸이버원 *,테마 편입 사유,3285.0,상승  110,3.46,3265.0,3285.0,48849.0,159.0,33947.0,,,0.449101,-0.015323870000000017,"5,872.34",377.56,6.87,2026-04-08 16:01:24
55,보안주(정보),3.07,050960,수산아이앤티 *,테마 편입 사유,8960.0,상승  270,3.11,8960.0,9040.0,16276.0,147.0,2761.0,,,0.449101,-0.015323870000000017,"5,872.34",377.56,6.87,2026-04-08 16:01:24
55,보안주(정보),3.07,184230,SGA솔루션즈 *,테마 편입 사유,512.0,상승  15,3.02,511.0,512.0,177256.0,89.0,511860.0,,,0.449101,-0.015323870000000017,"5,872.34",377.56,6.87,2026-04-08 16:01:24
55,보안주(정보),3.07,411080,샌즈랩 *,테마 편입 사유,6120.0,상승  170,2.86,6100.0,6120.0,34094.0,207.0,17763.0,,,0.449101,-0.015323870000000017,"5,872.34",377.56,6.87,2026-04-08 16:01:24
55,보안주(정보),3.07,290560,파라택시스이더리움 *,테마 편입 사유,1888.0,상승  49,2.66,1845.0,1888.0,480663.0,929.0,126186.0,,,0.449101,-0.015323870000000017,"5,872.34",377.56,6.87,2026-04-08 16:01:24
55,보안주(정보),3.07,041460,한국전자인증 *,테마 편입 사유,4075.0,상승  105,2.64,4075.0,4080.0,145935.0,593.0,75149.0,,,0.449101,-0.015323870000000017,"5,872.34",377.56,6.87,2026-04-08 16:01:24
55,보안주(정보),3.07,317120,라닉스 *,테마 편입 사유,1974.0,상승  50,2.6,1972.0,1974.0,68339.0,134.0,55075.0,,,0.449101,-0.015323870000000017,"5,872.34",377.56,6.87,2026-04-08 16:01:24
55,보안주(정보),3.07,290270,휴네시온 *,테마 편입 사유,3515.0,상승  80,2.33,3510.0,3515.0,49483.0,174.0,25068.0,,,0.449101,-0.015323870000000017,"5,872.34",377.56,6.87,2026-04-08 16:01:24
55,보안주(정보),3.07,053800,안랩 *,테마 편입 사유,61100.0,"상승  1,300",2.17,61000.0,61100.0,36597.0,2235.0,18932.0,,,0.449101,-0.015323870000000017,"5,872.34",377.56,6.87,2026-04-08 16:01:24
55,보안주(정보),3.07,131090,시큐브 *,테마 편입 사유,4005.0,상승  75,1.91,4005.0,4030.0,13191.0,53.0,22047.0,,,0.449101,-0.015323870000000017,"5,872.34",377.56,6.87,2026-04-08 16:01:24
55,보안주(정보),3.07,075130,플랜티넷 *,테마 편입 사유,2230.0,상승  40,1.83,2230.0,2245.0,87410.0,194.0,25347.0,,,0.449101,-0.015323870000000017,"5,872.34",377.56,6.87,2026-04-08 16:01:24
55,보안주(정보),3.07,232830,아이티센피엔에스 *,테마 편입 사유,2600.0,상승  45,1.76,2600.0,2605.0,33450.0,87.0,33893.0,,,0.449101,-0.015323870000000017,"5,872.34",377.56,6.87,2026-04-08 16:01:24
55,보안주(정보),3.07,079940,가비아 *,테마 편입 사유,27100.0,상승  450,1.69,27050.0,27100.0,12066.0,327.0,7849.0,,,0.449101,-0.015323870000000017,"5,872.34",377.56,6.87,2026-04-08 16:01:24
55,보안주(정보),3.07,434480,모니터랩 *,테마 편입 사유,3360.0,상승  55,1.66,3355.0,3360.0,16765.0,56.0,12280.0,,,0.449101,-0.015323870000000017,"5,872.34",377.56,6.87,2026-04-08 16:01:24
55,보안주(정보),3.07,042510,라온시큐어 *,테마 편입 사유,8720.0,상승  140,1.63,8720.0,8780.0,53712.0,467.0,24224.0,,,0.449101,-0.015323870000000017,"5,872.34",377.56,6.87,2026-04-08 16:01:24
55,보안주(정보),3.07,057680,티사이언티픽 *,테마 편입 사유,586.0,상승  9,1.56,586.0,587.0,258063.0,150.0,113111.0,,,0.449101,-0.015323870000000017,"5,872.34",377.56,6.87,2026-04-08 16:01:24
55,보안주(정보),3.07,150900,파수 *,테마 편입 사유,3450.0,상승  50,1.47,3440.0,3450.0,51173.0,176.0,11901.0,,,0.449101,-0.015323870000000017,"5,872.34",377.56,6.87,2026-04-08 16:01:24
55,보안주(정보),3.07,049480,오픈베이스 *,테마 편입 사유,2160.0,상승  30,1.41,2155.0,2160.0,190218.0,411.0,149366.0,,,0.449101,-0.015323870000000017,"5,872.34",377.56,6.87,2026-04-08 16:01:24
55,보안주(정보),3.07,136540,윈스테크넷 *,테마 편입 사유,11300.0,상승  100,0.89,11290.0,11300.0,11004.0,124.0,20429.0,,,0.449101,-0.015323870000000017,"5,872.34",377.56,6.87,2026-04-08 16:01:24
55,보안주(정보),3.07,465480,인스피언 *,테마 편입 사유,5060.0,상승  40,0.8,5050.0,5060.0,9002.0,45.0,8887.0,,,0.449101,-0.015323870000000017,"5,872.34",377.56,6.87,2026-04-08 16:01:24
55,보안주(정보),3.07,049470,비트플래닛 *,테마 편입 사유,622.0,상승  4,0.65,619.0,622.0,448970.0,281.0,244969.0,,,0.449101,-0.015323870000000017,"5,872.34",377.56,6.87,2026-04-08 16:01:24
55,보안주(정보),3.07,430690,한싹 *,테마 편입 사유,3540.0,상승  20,0.57,3540.0,3550.0,26825.0,94.0,19268.0,,,0.449101,-0.015323870000000017,"5,872.34",377.56,6.87,2026-04-08 16:01:24
55,보안주(정보),3.07,197140,디지캡 *,테마 편입 사유,1895.0,상승  7,0.37,1887.0,1895.0,2940.0,6.0,5898.0,,,0.449101,-0.015323870000000017,"5,872.34",377.56,6.87,2026-04-08 16:01:24
55,보안주(정보),3.07,067920,이글루 *,테마 편입 사유,6090.0,상승  20,0.33,6080.0,6090.0,56162.0,342.0,48711.0,,,0.449101,-0.015323870000000017,"5,872.34",377.56,6.87,2026-04-08 16:01:24
55,보안주(정보),3.07,012750,에스원,테마 편입 사유,89600.0,상승  100,0.11,89600.0,89700.0,60566.0,5555.0,35605.0,,,0.449101,-0.015323870000000017,"5,872.34",377.56,6.87,2026-04-08 16:01:24
55,보안주(정보),3.07,263860,지니언스 *,테마 편입 사유,12990.0,상승  10,0.08,12990.0,13000.0,53841.0,699.0,42420.0,,,0.449101,-0.015323870000000017,"5,872.34",377.56,6.87,2026-04-08 16:01:24
55,보안주(정보),3.07,424760,벨로크 *,테마 편입 사유,1324.0,보합0,0.0,1315.0,1324.0,169241.0,220.0,114421.0,,,0.449101,-0.015323870000000017,"5,872.34",377.56,6.87,2026-04-08 16:01:24
55,보안주(정보),3.07,053350,이니텍 *,테마 편입 사유,3050.0,보합0,0.0,3050.0,3055.0,44808.0,138.0,41424.0,,,0.449101,-0.015323870000000017,"5,872.34",377.56,6.87,2026-04-08 16:01:24
55,보안주(정보),3.07,192250,케이사인 *,테마 편입 사유,10520.0,하락  30,-0.28,10520.0,10540.0,20110.0,212.0,30222.0,,,0.449101,-0.015323870000000017,"5,872.34",377.56,6.87,2026-04-08 16:01:24
55,보안주(정보),3.07,258790,소프트캠프 *,테마 편입 사유,1325.0,하락  5,-0.38,1322.0,1325.0,87929.0,117.0,85204.0,,,0.449101,-0.015323870000000017,"5,872.34",377.56,6.87,2026-04-08 16:01:24
55,보안주(정보),3.07,208350,지란지교시큐리티 *,테마 편입 사유,3115.0,하락  15,-0.48,3115.0,3125.0,53928.0,169.0,92868.0,,,0.449101,-0.015323870000000017,"5,872.34",377.56,6.87,2026-04-08 16:01:24
55,보안주(정보),3.07,286750,나노실리칸첨단소재 *,테마 편입 사유,1181.0,하락  9,-0.76,1171.0,1181.0,104171.0,122.0,131045.0,,,0.449101,-0.015323870000000017,"5,872.34",377.56,6.87,2026-04-08 16:01:24
386,수소에너지(수소차/연료전지 등),3.71,036890,진성티이씨 *,테마 편입 사유,17900.0,"상승  2,070",13.08,17900.0,17910.0,728163.0,12775.0,132677.0,,,0.542222,-0.015065139999999921,"5,872.34",377.56,6.87,2026-04-08 16:01:24
386,수소에너지(수소차/연료전지 등),3.71,298040,효성중공업,테마 편입 사유,2930000.0,"상승  320,000",12.26,2929000.0,2930000.0,72386.0,210053.0,29625.0,,,0.542222,-0.015065139999999921,"5,872.34",377.56,6.87,2026-04-08 16:01:24
386,수소에너지(수소차/연료전지 등),3.71,126880,제이엔케이글로벌 *,테마 편입 사유,3975.0,상승  365,10.11,3970.0,3975.0,434139.0,1680.0,95155.0,,,0.542222,-0.015065139999999921,"5,872.34",377.56,6.87,2026-04-08 16:01:24
386,수소에너지(수소차/연료전지 등),3.71,004020,현대제철,테마 편입 사유,37850.0,"상승  3,400",9.87,37800.0,37850.0,1481441.0,55133.0,646207.0,,,0.542222,-0.015065139999999921,"5,872.34",377.56,6.87,2026-04-08 16:01:24
386,수소에너지(수소차/연료전지 등),3.71,034730,SK,테마 편입 사유,342000.0,"상승  29,500",9.44,342000.0,342500.0,215027.0,72714.0,113165.0,,,0.542222,-0.015065139999999921,"5,872.34",377.56,6.87,2026-04-08 16:01:24
386,수소에너지(수소차/연료전지 등),3.71,086670,비엠티 *,테마 편입 사유,15720.0,"상승  1,300",9.02,15720.0,15740.0,158024.0,2423.0,58383.0,,,0.542222,-0.015065139999999921,"5,872.34",377.56,6.87,2026-04-08 16:01:24
386,수소에너지(수소차/연료전지 등),3.71,059090,미코 *,테마 편입 사유,14130.0,"상승  1,110",8.53,14130.0,14140.0,390767.0,5482.0,159187.0,,,0.542222,-0.015065139999999921,"5,872.34",377.56,6.87,2026-04-08 16:01:24
386,수소에너지(수소차/연료전지 등),3.71,009830,한화솔루션,테마 편입 사유,40300.0,"상승  3,150",8.48,40250.0,40300.0,3960120.0,156812.0,1846968.0,,,0.542222,-0.015065139999999921,"5,872.34",377.56,6.87,2026-04-08 16:01:24
386,수소에너지(수소차/연료전지 등),3.71,290520,신도기연 *,테마 편입 사유,2695.0,상승  210,8.45,2675.0,2695.0,1547115.0,4281.0,898662.0,,,0.542222,-0.015065139999999921,"5,872.34",377.56,6.87,2026-04-08 16:01:24
386,수소에너지(수소차/연료전지 등),3.71,019540,일지테크 *,테마 편입 사유,6840.0,상승  510,8.06,6830.0,6840.0,355495.0,2396.0,194314.0,,,0.542222,-0.015065139999999921,"5,872.34",377.56,6.87,2026-04-08 16:01:24
386,수소에너지(수소차/연료전지 등),3.71,053700,삼보모터스 *,테마 편입 사유,5940.0,상승  430,7.8,5940.0,5950.0,251793.0,1470.0,154310.0,,,0.542222,-0.015065139999999921,"5,872.34",377.56,6.87,2026-04-08 16:01:24
386,수소에너지(수소차/연료전지 등),3.71,120110,코오롱인더,테마 편입 사유,83300.0,"상승  5,900",7.62,83300.0,83400.0,315305.0,26215.0,243099.0,,,0.542222,-0.015065139999999921,"5,872.34",377.56,6.87,2026-04-08 16:01:24
386,수소에너지(수소차/연료전지 등),3.71,005380,현대차,테마 편입 사유,508000.0,"상승  35,000",7.4,507000.0,508000.0,1289461.0,646774.0,704114.0,,,0.542222,-0.015065139999999921,"5,872.34",377.56,6.87,2026-04-08 16:01:24
386,수소에너지(수소차/연료전지 등),3.71,096350,대창솔루션 *,테마 편입 사유,3040.0,상승  185,6.48,3035.0,3040.0,943209.0,2832.0,811230.0,,,0.542222,-0.015065139999999921,"5,872.34",377.56,6.87,2026-04-08 16:01:24
386,수소에너지(수소차/연료전지 등),3.71,110990,디아이티 *,테마 편입 사유,20050.0,"상승  1,200",6.37,20000.0,20050.0,118315.0,2334.0,95208.0,,,0.542222,-0.015065139999999921,"5,872.34",377.56,6.87,2026-04-08 16:01:24
386,수소에너지(수소차/연료전지 등),3.71,122350,삼기 *,테마 편입 사유,1489.0,상승  88,6.28,1484.0,1489.0,160140.0,235.0,112966.0,,,0.542222,-0.015065139999999921,"5,872.34",377.56,6.87,2026-04-08 16:01:24
386,수소에너지(수소차/연료전지 등),3.71,018880,한온시스템,테마 편입 사유,3950.0,상승  230,6.18,3945.0,3950.0,7194980.0,27992.0,5589675.0,,,0.542222,-0.015065139999999921,"5,872.34",377.56,6.87,2026-04-08 16:01:24
386,수소에너지(수소차/연료전지 등),3.71,336260,두산퓨얼셀,테마 편입 사유,36600.0,"상승  2,100",6.09,36550.0,36600.0,382136.0,13677.0,583374.0,,,0.542222,-0.015065139999999921,"5,872.34",377.56,6.87,2026-04-08 16:01:24
386,수소에너지(수소차/연료전지 등),3.71,105740,디케이락 *,테마 편입 사유,10000.0,상승  560,5.93,9990.0,10000.0,321190.0,3201.0,115934.0,,,0.542222,-0.015065139999999921,"5,872.34",377.56,6.87,2026-04-08 16:01:24
386,수소에너지(수소차/연료전지 등),3.71,170920,엘티씨 *,테마 편입 사유,29000.0,"상승  1,550",5.65,28750.0,29000.0,224947.0,6608.0,140218.0,,,0.542222,-0.015065139999999921,"5,872.34",377.56,6.87,2026-04-08 16:01:24
386,수소에너지(수소차/연료전지 등),3.71,000270,기아,테마 편입 사유,159200.0,"상승  8,400",5.57,159200.0,159300.0,1134543.0,179417.0,719002.0,,,0.542222,-0.015065139999999921,"5,872.34",377.56,6.87,2026-04-08 16:01:24
386,수소에너지(수소차/연료전지 등),3.71,033530,SJG세종,테마 편입 사유,7520.0,상승  390,5.47,7510.0,7520.0,107731.0,799.0,109780.0,,,0.542222,-0.015065139999999921,"5,872.34",377.56,6.87,2026-04-08 16:01:24
386,수소에너지(수소차/연료전지 등),3.71,382900,범한퓨얼셀 *,테마 편입 사유,29000.0,"상승  1,450",5.26,29000.0,29050.0,40883.0,1176.0,33240.0,,,0.542222,-0.015065139999999921,"5,872.34",377.56,6.87,2026-04-08 16:01:24
386,수소에너지(수소차/연료전지 등),3.71,089980,상아프론테크 *,테마 편입 사유,23850.0,"상승  1,150",5.07,23800.0,23850.0,101708.0,2413.0,156152.0,,,0.542222,-0.015065139999999921,"5,872.34",377.56,6.87,2026-04-08 16:01:24
386,수소에너지(수소차/연료전지 등),3.71,066590,스모트로닉 *,테마 편입 사유,2605.0,상승  125,5.04,2600.0,2605.0,92928.0,240.0,175434.0,,,0.542222,-0.015065139999999921,"5,872.34",377.56,6.87,2026-04-08 16:01:24
386,수소에너지(수소차/연료전지 등),3.71,019180,티에이치엔,테마 편입 사유,7330.0,상승  350,5.01,7310.0,7330.0,214665.0,1571.0,266758.0,,,0.542222,-0.015065139999999921,"5,872.34",377.56,6.87,2026-04-08 16:01:24
386,수소에너지(수소차/연료전지 등),3.71,013570,디와이,테마 편입 사유,4940.0,상승  235,4.99,4935.0,4940.0,116859.0,570.0,55364.0,,,0.542222,-0.015065139999999921,"5,872.34",377.56,6.87,2026-04-08 16:01:24
386,수소에너지(수소차/연료전지 등),3.71,092780,DYP,테마 편입 사유,4425.0,상승  200,4.73,4425.0,4430.0,32805.0,143.0,21781.0,,,0.542222,-0.015065139999999921,"5,872.34",377.56,6.87,2026-04-08 16:01:24
386,수소에너지(수소차/연료전지 등),3.71,025320,시노펙스 *,테마 편입 사유,6110.0,상승  270,4.62,6110.0,6120.0,770080.0,4715.0,630313.0,,,0.542222,-0.015065139999999921,"5,872.34",377.56,6.87,2026-04-08 16:01:24
386,수소에너지(수소차/연료전지 등),3.71,085310,엔케이,테마 편입 사유,1121.0,상승  48,4.47,1120.0,1121.0,452627.0,497.0,230442.0,,,0.542222,-0.015065139999999921,"5,872.34",377.56,6.87,2026-04-08 16:01:24
386,수소에너지(수소차/연료전지 등),3.71,0001A0,덕양에너젠 *,테마 편입 사유,16890.0,상승  700,4.32,16890.0,16900.0,187203.0,3140.0,147820.0,,,0.542222,-0.015065139999999921,"5,872.34",377.56,6.87,2026-04-08 16:01:24
386,수소에너지(수소차/연료전지 등),3.71,212710,아이에스티이 *,테마 편입 사유,7410.0,상승  300,4.22,7410.0,7430.0,65167.0,481.0,43825.0,,,0.542222,-0.015065139999999921,"5,872.34",377.56,6.87,2026-04-08 16:01:24
386,수소에너지(수소차/연료전지 등),3.71,136150,원일티엔아이 *,테마 편입 사유,17270.0,상승  700,4.22,17220.0,17270.0,23681.0,404.0,20369.0,,,0.542222,-0.015065139999999921,"5,872.34",377.56,6.87,2026-04-08 16:01:24
386,수소에너지(수소차/연료전지 등),3.71,382480,지아이텍 *,테마 편입 사유,2400.0,상승  90,3.9,2395.0,2400.0,370867.0,884.0,201593.0,,,0.542222,-0.015065139999999921,"5,872.34",377.56,6.87,2026-04-08 16:01:24
386,수소에너지(수소차/연료전지 등),3.71,096630,에스코넥 *,테마 편입 사유,777.0,상승  29,3.88,776.0,777.0,353857.0,274.0,480423.0,,,0.542222,-0.015065139999999921,"5,872.34",377.56,6.87,2026-04-08 16:01:24
386,수소에너지(수소차/연료전지 등),3.71,081000,일진다이아,테마 편입 사유,13200.0,상승  480,3.77,13200.0,13220.0,30009.0,394.0,25904.0,,,0.542222,-0.015065139999999921,"5,872.34",377.56,6.87,2026-04-08 16:01:24
386,수소에너지(수소차/연료전지 등),3.71,041930,동아화성 *,테마 편입 사유,6160.0,상승  220,3.7,6140.0,6160.0,18772.0,115.0,34388.0,,,0.542222,-0.015065139999999921,"5,872.34",377.56,6.87,2026-04-08 16:01:24
386,수소에너지(수소차/연료전지 등),3.71,104830,원익머트리얼즈 *,테마 편입 사유,42250.0,"상승  1,450",3.55,42150.0,42250.0,60879.0,2564.0,50919.0,,,0.542222,-0.015065139999999921,"5,872.34",377.56,6.87,2026-04-08 16:01:24
386,수소에너지(수소차/연료전지 등),3.71,064960,SNT모티브,테마 편입 사유,34300.0,"상승  1,150",3.47,34300.0,34350.0,42253.0,1439.0,27833.0,,,0.542222,-0.015065139999999921,"5,872.34",377.56,6.87,2026-04-08 16:01:24
386,수소에너지(수소차/연료전지 등),3.71,298050,HS효성첨단소재,테마 편입 사유,212500.0,"상승  7,000",3.41,212500.0,213500.0,15001.0,3187.0,8580.0,,,0.542222,-0.015065139999999921,"5,872.34",377.56,6.87,2026-04-08 16:01:24
386,수소에너지(수소차/연료전지 등),3.71,361670,삼영에스앤씨 *,테마 편입 사유,3200.0,상승  105,3.39,3200.0,3210.0,12879.0,41.0,5808.0,,,0.542222,-0.015065139999999921,"5,872.34",377.56,6.87,2026-04-08 16:01:24
386,수소에너지(수소차/연료전지 등),3.71,013310,아진산업 *,테마 편입 사유,3130.0,상승  100,3.3,3125.0,3130.0,234375.0,726.0,181403.0,,,0.542222,-0.015065139999999921,"5,872.34",377.56,6.87,2026-04-08 16:01:24
386,수소에너지(수소차/연료전지 등),3.71,010770,평화홀딩스,테마 편입 사유,3740.0,상승  110,3.03,3720.0,3740.0,28234.0,105.0,37100.0,,,0.542222,-0.015065139999999921,"5,872.34",377.56,6.87,2026-04-08 16:01:24
386,수소에너지(수소차/연료전지 등),3.71,013870,지엠비코리아,테마 편입 사유,5020.0,상승  140,2.87,5020.0,5050.0,56438.0,283.0,48919.0,,,0.542222,-0.015065139999999921,"5,872.34",377.56,6.87,2026-04-08 16:01:24
386,수소에너지(수소차/연료전지 등),3.71,377330,이지트로닉스 *,테마 편입 사유,3460.0,상승  95,2.82,3425.0,3460.0,13113.0,45.0,24129.0,,,0.542222,-0.015065139999999921,"5,872.34",377.56,6.87,2026-04-08 16:01:24
386,수소에너지(수소차/연료전지 등),3.71,215360,우리산업 *,테마 편입 사유,8520.0,상승  210,2.53,8460.0,8520.0,22383.0,189.0,16841.0,,,0.542222,-0.015065139999999921,"5,872.34",377.56,6.87,2026-04-08 16:01:24
386,수소에너지(수소차/연료전지 등),3.71,090080,평화산업,테마 편입 사유,952.0,상승  23,2.48,945.0,952.0,299121.0,280.0,303207.0,,,0.542222,-0.015065139999999921,"5,872.34",377.56,6.87,2026-04-08 16:01:24
386,수소에너지(수소차/연료전지 등),3.71,080470,성창오토텍 *,테마 편입 사유,4000.0,상승  95,2.43,3990.0,4000.0,13858.0,55.0,14842.0,,,0.542222,-0.015065139999999921,"5,872.34",377.56,6.87,2026-04-08 16:01:24
386,수소에너지(수소차/연료전지 등),3.71,023800,인지컨트롤스,테마 편입 사유,6830.0,상승  160,2.4,6820.0,6830.0,52278.0,356.0,74538.0,,,0.542222,-0.015065139999999921,"5,872.34",377.56,6.87,2026-04-08 16:01:24
386,수소에너지(수소차/연료전지 등),3.71,288620,에스퓨얼셀 *,테마 편입 사유,8950.0,상승  170,1.94,8940.0,8950.0,23963.0,214.0,17118.0,,,0.542222,-0.015065139999999921,"5,872.34",377.56,6.87,2026-04-08 16:01:24
386,수소에너지(수소차/연료전지 등),3.71,234100,폴라리스세원 *,테마 편입 사유,1023.0,상승  19,1.89,1023.0,1026.0,226483.0,231.0,207137.0,,,0.542222,-0.015065139999999921,"5,872.34",377.56,6.87,2026-04-08 16:01:24
386,수소에너지(수소차/연료전지 등),3.71,265560,영화테크 *,테마 편입 사유,8690.0,상승  130,1.52,8650.0,8690.0,35857.0,309.0,38964.0,,,0.542222,-0.015065139999999921,"5,872.34",377.56,6.87,2026-04-08 16:01:24
386,수소에너지(수소차/연료전지 등),3.71,009320,아진전자부품,테마 편입 사유,1010.0,상승  14,1.41,1008.0,1010.0,206893.0,208.0,69804.0,,,0.542222,-0.015065139999999921,"5,872.34",377.56,6.87,2026-04-08 16:01:24
386,수소에너지(수소차/연료전지 등),3.71,145990,삼양사,테마 편입 사유,44650.0,상승  600,1.36,44650.0,44850.0,10256.0,459.0,19171.0,,,0.542222,-0.015065139999999921,"5,872.34",377.56,6.87,2026-04-08 16:01:24
386,수소에너지(수소차/연료전지 등),3.71,009680,모토닉,테마 편입 사유,10680.0,상승  140,1.33,10650.0,10680.0,16826.0,179.0,9539.0,,,0.542222,-0.015065139999999921,"5,872.34",377.56,6.87,2026-04-08 16:01:24
386,수소에너지(수소차/연료전지 등),3.71,011320,유니크 *,테마 편입 사유,3870.0,상승  50,1.31,3850.0,3870.0,91061.0,349.0,39100.0,,,0.542222,-0.015065139999999921,"5,872.34",377.56,6.87,2026-04-08 16:01:24
386,수소에너지(수소차/연료전지 등),3.71,000430,대원강업,테마 편입 사유,4070.0,상승  40,0.99,4070.0,4075.0,118949.0,482.0,104374.0,,,0.542222,-0.015065139999999921,"5,872.34",377.56,6.87,2026-04-08 16:01:24
386,수소에너지(수소차/연료전지 등),3.71,037370,EG *,테마 편입 사유,5090.0,상승  40,0.79,5060.0,5090.0,15664.0,79.0,18683.0,,,0.542222,-0.015065139999999921,"5,872.34",377.56,6.87,2026-04-08 16:01:24
386,수소에너지(수소차/연료전지 등),3.71,033290,로젠 *,테마 편입 사유,2040.0,상승  15,0.74,2040.0,2050.0,57492.0,117.0,70437.0,,,0.542222,-0.015065139999999921,"5,872.34",377.56,6.87,2026-04-08 16:01:24
386,수소에너지(수소차/연료전지 등),3.71,095190,이엠코리아 *,테마 편입 사유,2380.0,상승  5,0.21,2375.0,2380.0,224403.0,535.0,216139.0,,,0.542222,-0.015065139999999921,"5,872.34",377.56,6.87,2026-04-08 16:01:24
386,수소에너지(수소차/연료전지 등),3.71,271940,일진하이솔루스,테마 편입 사유,15850.0,상승  20,0.13,15850.0,15970.0,49444.0,785.0,56487.0,,,0.542222,-0.015065139999999921,"5,872.34",377.56,6.87,2026-04-08 16:01:24
386,수소에너지(수소차/연료전지 등),3.71,010120,LS ELECTRIC,테마 편입 사유,788000.0,보합0,0.0,0.0,0.0,0.0,0.0,122309.0,,,0.542222,-0.015065139999999921,"5,872.34",377.56,6.87,2026-04-08 16:01:24
386,수소에너지(수소차/연료전지 등),3.71,138490,코오롱ENP,테마 편입 사유,15000.0,보합0,0.0,0.0,0.0,0.0,0.0,0.0,,,0.542222,-0.015065139999999921,"5,872.34",377.56,6.87,2026-04-08 16:01:24
386,수소에너지(수소차/연료전지 등),3.71,038880,아이에이 *,테마 편입 사유,135.0,보합0,0.0,0.0,0.0,0.0,0.0,10693067.0,,,0.542222,-0.015065139999999921,"5,872.34",377.56,6.87,2026-04-08 16:01:24
386,수소에너지(수소차/연료전지 등),3.71,078130,국일제지 *,테마 편입 사유,310.0,보합0,0.0,310.0,311.0,725641.0,225.0,616580.0,,,0.542222,-0.015065139999999921,"5,872.34",377.56,6.87,2026-04-08 16:01:24
386,수소에너지(수소차/연료전지 등),3.71,038870,에코바이오 *,테마 편입 사유,3055.0,하락  20,-0.65,3050.0,3055.0,196954.0,601.0,144795.0,,,0.542222,-0.015065139999999921,"5,872.34",377.56,6.87,2026-04-08 16:01:24
386,수소에너지(수소차/연료전지 등),3.71,012340,뉴인텍 *,테마 편입 사유,287.0,하락  5,-1.71,287.0,289.0,1183347.0,351.0,954028.0,,,0.542222,-0.015065139999999921,"5,872.34",377.56,6.87,2026-04-08 16:01:24
386,수소에너지(수소차/연료전지 등),3.71,064350,현대로템,테마 편입 사유,206500.0,"하락  4,500",-2.13,206500.0,207000.0,845448.0,175224.0,735486.0,,,0.542222,-0.015065139999999921,"5,872.34",377.56,6.87,2026-04-08 16:01:24
386,수소에너지(수소차/연료전지 등),3.71,126340,비나텍 *,테마 편입 사유,100900.0,"하락  2,400",-2.32,100900.0,101000.0,405305.0,39558.0,187252.0,,,0.542222,-0.015065139999999921,"5,872.34",377.56,6.87,2026-04-08 16:01:24
386,수소에너지(수소차/연료전지 등),3.71,011230,삼화전자,테마 편입 사유,2480.0,하락  75,-2.94,2480.0,2490.0,207387.0,514.0,76659.0,,,0.542222,-0.015065139999999921,"5,872.34",377.56,6.87,2026-04-08 16:01:24
386,수소에너지(수소차/연료전지 등),3.71,095910,에스에너지 *,테마 편입 사유,1811.0,하락  99,-5.18,1811.0,1812.0,3788985.0,6781.0,7404604.0,,,0.542222,-0.015065139999999921,"5,872.34",377.56,6.87,2026-04-08 16:01:24
386,수소에너지(수소차/연료전지 등),3.71,023900,풍국주정 *,테마 편입 사유,10170.0,하락  970,-8.71,10170.0,10180.0,703501.0,7290.0,6426186.0,,,0.542222,-0.015065139999999921,"5,872.34",377.56,6.87,2026-04-08 16:01:24
265,모바일게임(스마트폰),2.63,194480,데브시스터즈 *,테마 편입 사유,24150.0,"상승  2,000",9.03,24100.0,24150.0,104691.0,2467.0,148006.0,,,0.384521,-0.01165927,"5,872.34",377.56,6.87,2026-04-08 16:01:24
265,모바일게임(스마트폰),2.63,063080,컴투스홀딩스 *,테마 편입 사유,18160.0,"상승  1,270",7.52,18150.0,18160.0,43218.0,769.0,24695.0,,,0.384521,-0.01165927,"5,872.34",377.56,6.87,2026-04-08 16:01:24
265,모바일게임(스마트폰),2.63,204610,티쓰리 *,테마 편입 사유,2675.0,상승  155,6.15,2660.0,2675.0,291341.0,768.0,186021.0,,,0.384521,-0.01165927,"5,872.34",377.56,6.87,2026-04-08 16:01:24
265,모바일게임(스마트폰),2.63,101730,위메이드맥스 *,테마 편입 사유,4920.0,상승  285,6.15,4920.0,4935.0,98392.0,485.0,60654.0,,,0.384521,-0.01165927,"5,872.34",377.56,6.87,2026-04-08 16:01:24
265,모바일게임(스마트폰),2.63,112040,위메이드 *,테마 편입 사유,20550.0,"상승  1,150",5.93,20550.0,20600.0,141299.0,2892.0,109876.0,,,0.384521,-0.01165927,"5,872.34",377.56,6.87,2026-04-08 16:01:24
265,모바일게임(스마트폰),2.63,047560,이스트소프트 *,테마 편입 사유,12930.0,상승  630,5.12,12910.0,12930.0,35500.0,456.0,36348.0,,,0.384521,-0.01165927,"5,872.34",377.56,6.87,2026-04-08 16:01:24
265,모바일게임(스마트폰),2.63,067000,조이시티 *,테마 편입 사유,2350.0,상승  105,4.68,2350.0,2355.0,310534.0,729.0,405798.0,,,0.384521,-0.01165927,"5,872.34",377.56,6.87,2026-04-08 16:01:24
265,모바일게임(스마트폰),2.63,193250,링크드 *,테마 편입 사유,365.0,상승  16,4.58,365.0,366.0,89417.0,33.0,158603.0,,,0.384521,-0.01165927,"5,872.34",377.56,6.87,2026-04-08 16:01:24
265,모바일게임(스마트폰),2.63,181710,NHN,테마 편입 사유,37150.0,"상승  1,600",4.5,37050.0,37150.0,50969.0,1878.0,29296.0,,,0.384521,-0.01165927,"5,872.34",377.56,6.87,2026-04-08 16:01:24
265,모바일게임(스마트폰),2.63,462870,시프트업,테마 편입 사유,33400.0,"상승  1,400",4.38,33350.0,33400.0,224201.0,7235.0,105048.0,,,0.384521,-0.01165927,"5,872.34",377.56,6.87,2026-04-08 16:01:24
265,모바일게임(스마트폰),2.63,042420,네오위즈홀딩스 *,테마 편입 사유,22700.0,상승  900,4.13,22650.0,22700.0,7180.0,162.0,9973.0,,,0.384521,-0.01165927,"5,872.34",377.56,6.87,2026-04-08 16:01:24
265,모바일게임(스마트폰),2.63,293490,카카오게임즈 *,테마 편입 사유,11980.0,상승  470,4.08,11970.0,11980.0,244542.0,2921.0,164886.0,,,0.384521,-0.01165927,"5,872.34",377.56,6.87,2026-04-08 16:01:24
265,모바일게임(스마트폰),2.63,069080,웹젠 *,테마 편입 사유,12280.0,상승  480,4.07,12280.0,12320.0,107502.0,1330.0,46867.0,,,0.384521,-0.01165927,"5,872.34",377.56,6.87,2026-04-08 16:01:24
265,모바일게임(스마트폰),2.63,123420,위메이드플레이 *,테마 편입 사유,6930.0,상승  260,3.9,6900.0,6930.0,29225.0,201.0,17239.0,,,0.384521,-0.01165927,"5,872.34",377.56,6.87,2026-04-08 16:01:24
265,모바일게임(스마트폰),2.63,036570,엔씨소프트,테마 편입 사유,218000.0,"상승  8,000",3.81,217500.0,218000.0,63520.0,13793.0,43798.0,,,0.384521,-0.01165927,"5,872.34",377.56,6.87,2026-04-08 16:01:24
265,모바일게임(스마트폰),2.63,201490,미투온 *,테마 편입 사유,2985.0,상승  105,3.65,2985.0,2990.0,1004989.0,3025.0,1580300.0,,,0.384521,-0.01165927,"5,872.34",377.56,6.87,2026-04-08 16:01:24
265,모바일게임(스마트폰),2.63,251270,넷마블,테마 편입 사유,50200.0,"상승  1,500",3.08,50100.0,50200.0,155600.0,7838.0,204787.0,,,0.384521,-0.01165927,"5,872.34",377.56,6.87,2026-04-08 16:01:24
265,모바일게임(스마트폰),2.63,035420,NAVER,테마 편입 사유,201500.0,"상승  5,600",2.86,201500.0,202000.0,699966.0,141087.0,668729.0,,,0.384521,-0.01165927,"5,872.34",377.56,6.87,2026-04-08 16:01:24
265,모바일게임(스마트폰),2.63,058630,엠게임 *,테마 편입 사유,5090.0,상승  110,2.21,5070.0,5090.0,42051.0,213.0,38127.0,,,0.384521,-0.01165927,"5,872.34",377.56,6.87,2026-04-08 16:01:24
265,모바일게임(스마트폰),2.63,078340,컴투스 *,테마 편입 사유,32800.0,상승  700,2.18,32800.0,32850.0,48315.0,1610.0,52690.0,,,0.384521,-0.01165927,"5,872.34",377.56,6.87,2026-04-08 16:01:24
265,모바일게임(스마트폰),2.63,207760,미스터블루 *,테마 편입 사유,1007.0,상승  21,2.13,1007.0,1008.0,183093.0,183.0,213933.0,,,0.384521,-0.01165927,"5,872.34",377.56,6.87,2026-04-08 16:01:24
265,모바일게임(스마트폰),2.63,052790,액토즈소프트 *,테마 편입 사유,5280.0,상승  110,2.13,5270.0,5280.0,20792.0,109.0,27417.0,,,0.384521,-0.01165927,"5,872.34",377.56,6.87,2026-04-08 16:01:24
265,모바일게임(스마트폰),2.63,192080,더블유게임즈,테마 편입 사유,48900.0,"상승  1,000",2.09,48900.0,48950.0,47572.0,2332.0,27366.0,,,0.384521,-0.01165927,"5,872.34",377.56,6.87,2026-04-08 16:01:24
265,모바일게임(스마트폰),2.63,095660,네오위즈 *,테마 편입 사유,23300.0,상승  400,1.75,23250.0,23300.0,82016.0,1927.0,30706.0,,,0.384521,-0.01165927,"5,872.34",377.56,6.87,2026-04-08 16:01:24
265,모바일게임(스마트폰),2.63,023770,플레이위드 *,테마 편입 사유,3080.0,상승  50,1.65,3060.0,3080.0,21151.0,64.0,20624.0,,,0.384521,-0.01165927,"5,872.34",377.56,6.87,2026-04-08 16:01:24
265,모바일게임(스마트폰),2.63,225570,넥슨게임즈 *,테마 편입 사유,11320.0,상승  160,1.43,11320.0,11350.0,182660.0,2068.0,98014.0,,,0.384521,-0.01165927,"5,872.34",377.56,6.87,2026-04-08 16:01:24
265,모바일게임(스마트폰),2.63,208640,썸에이지 *,테마 편입 사유,183.0,상승  2,1.1,182.0,183.0,627882.0,113.0,449004.0,,,0.384521,-0.01165927,"5,872.34",377.56,6.87,2026-04-08 16:01:24
265,모바일게임(스마트폰),2.63,259960,크래프톤,테마 편입 사유,234000.0,"상승  1,000",0.43,234000.0,234500.0,108680.0,25659.0,79553.0,,,0.384521,-0.01165927,"5,872.34",377.56,6.87,2026-04-08 16:01:24
265,모바일게임(스마트폰),2.63,094860,네오리진 *,테마 편입 사유,1439.0,보합0,0.0,1439.0,1440.0,218124.0,309.0,101325.0,,,0.384521,-0.01165927,"5,872.34",377.56,6.87,2026-04-08 16:01:24
265,모바일게임(스마트폰),2.63,331520,밸로프 *,테마 편입 사유,524.0,보합0,0.0,0.0,0.0,0.0,0.0,220249.0,,,0.384521,-0.01165927,"5,872.34",377.56,6.87,2026-04-08 16:01:24
265,모바일게임(스마트폰),2.63,217270,넵튠 *,테마 편입 사유,3645.0,하락  5,-0.14,3640.0,3645.0,1852952.0,5995.0,165687.0,,,0.384521,-0.01165927,"5,872.34",377.56,6.87,2026-04-08 16:01:24
265,모바일게임(스마트폰),2.63,950190,고스트스튜디오 *,테마 편입 사유,8070.0,하락  30,-0.37,8070.0,8080.0,30790.0,247.0,23410.0,,,0.384521,-0.01165927,"5,872.34",377.56,6.87,2026-04-08 16:01:24
265,모바일게임(스마트폰),2.63,205500,넥써쓰 *,테마 편입 사유,1538.0,하락  6,-0.39,1538.0,1539.0,167048.0,257.0,124166.0,,,0.384521,-0.01165927,"5,872.34",377.56,6.87,2026-04-08 16:01:24
265,모바일게임(스마트폰),2.63,047080,한빛소프트 *,테마 편입 사유,1274.0,하락  16,-1.24,1274.0,1275.0,93129.0,118.0,62634.0,,,0.384521,-0.01165927,"5,872.34",377.56,6.87,2026-04-08 16:01:24
265,모바일게임(스마트폰),2.63,263750,펄어비스 *,테마 편입 사유,56500.0,하락  900,-1.57,56400.0,56500.0,1362628.0,77783.0,1500612.0,,,0.384521,-0.01165927,"5,872.34",377.56,6.87,2026-04-08 16:01:24
265,모바일게임(스마트폰),2.63,348030,모비릭스 *,테마 편입 사유,2740.0,하락  190,-6.48,2735.0,2740.0,691497.0,1907.0,5400317.0,,,0.384521,-0.01165927,"5,872.34",377.56,6.87,2026-04-08 16:01:24
