,USA,Japan,UK,France,Canada,Switzerland,Germany,Australia,Netherlands,Sweden,Denmark,Spain,Italy,Hong Kong,Singapore,Belgium,Finland,Israel,Norway,Ireland,New Zealand,Austria,Portugal,China,India,Taiwan,Korea,Brazil,Saudi Arabia,South Africa,Mexico,Indonesia,Malaysia,UAE,Thailand,Kuwait,Qatar,Poland,Chile,Turkey,Greece,Philippines,Hungary,Egypt,Czech Republic,Colombia,Peru
2000-01-31,0.7431380675426855,0.5574130315337185,0.8293785684362428,0.5888424400238441,0.572536096761792,0.7066780964665368,0.5979707903765807,0.6939183059398648,0.679101227168178,0.5962274808997998,0.39595810387441044,0.5795916197985498,0.477106668231267,0.17514874436646077,0.4254226679048013,0.4378653393343344,0.6994610203942119,0.5215008250175798,0.37699055328312947,0.6909471785513944,0.5419581103847424,0.33310235051013465,0.4150424648984178,0.4367095719229342,0.19189656682207934,0.4740022078231412,0.4467629602454487,0.4431067750033338,0.12274632870488009,0.52254844939615,0.5058138400652998,0.3249805533882941,0.31275050753712014,0.45463365902660924,0.2792040024653136,0.306961826264283,1.5,0.3159290478028521,0.25379982115141225,0.23466604449803008,0.4586429581035057,0.2349225502948354,0.6435332288716085,0.21503054567727442,0.4093906355982357,0.17515013660489429,0.5645301866257207
2000-02-29,0.7431380675426855,0.5574130315337185,0.8293785684362428,0.5888424400238441,0.572536096761792,0.7066780964665368,0.5979707903765807,0.6939183059398648,0.679101227168178,0.5962274808997998,0.39595810387441044,0.5795916197985498,0.477106668231267,0.17514874436646077,0.4254226679048013,0.4378653393343344,0.6994610203942119,0.5215008250175798,0.37699055328312947,0.6909471785513944,0.5419581103847424,0.33310235051013465,0.4150424648984178,0.4367095719229342,0.19189656682207934,0.4740022078231412,0.4467629602454487,0.4431067750033338,0.12274632870488009,0.52254844939615,0.5058138400652998,0.3249805533882941,0.31275050753712014,0.45463365902660924,0.2792040024653136,0.306961826264283,1.5,0.3159290478028521,0.25379982115141225,0.23466604449803008,0.4586429581035057,0.2349225502948354,0.6435332288716085,0.21503054567727442,0.4093906355982357,0.17515013660489429,0.5645301866257207
2000-03-31,0.7431380675426855,0.5574130315337185,0.8293785684362428,0.5888424400238441,0.572536096761792,0.7066780964665368,0.5979707903765807,0.6939183059398648,0.679101227168178,0.5962274808997998,0.39595810387441044,0.5795916197985498,0.477106668231267,0.17514874436646077,0.4254226679048013,0.4378653393343344,0.6994610203942119,0.5215008250175798,0.37699055328312947,0.6909471785513944,0.5419581103847424,0.33310235051013465,0.4150424648984178,0.4367095719229342,0.19189656682207934,0.4740022078231412,0.4467629602454487,0.4431067750033338,0.12274632870488009,0.52254844939615,0.5058138400652998,0.3249805533882941,0.31275050753712014,0.45463365902660924,0.2792040024653136,0.306961826264283,1.5,0.3159290478028521,0.25379982115141225,0.23466604449803008,0.4586429581035057,0.2349225502948354,0.6435332288716085,0.21503054567727442,0.4093906355982357,0.17515013660489429,0.5645301866257207
2000-04-28,0.7431380675426855,0.5574130315337185,0.8293785684362428,0.5888424400238441,0.572536096761792,0.7066780964665368,0.5979707903765807,0.6939183059398648,0.679101227168178,0.5962274808997998,0.39595810387441044,0.5795916197985498,0.477106668231267,0.17514874436646077,0.4254226679048013,0.4378653393343344,0.6994610203942119,0.5215008250175798,0.37699055328312947,0.6909471785513944,0.5419581103847424,0.33310235051013465,0.4150424648984178,0.4367095719229342,0.19189656682207934,0.4740022078231412,0.4467629602454487,0.4431067750033338,0.12274632870488009,0.52254844939615,0.5058138400652998,0.3249805533882941,0.31275050753712014,0.45463365902660924,0.2792040024653136,0.306961826264283,1.5,0.3159290478028521,0.25379982115141225,0.23466604449803008,0.4586429581035057,0.2349225502948354,0.6435332288716085,0.21503054567727442,0.4093906355982357,0.17515013660489429,0.5645301866257207
2000-05-31,0.7431380675426855,0.5574130315337185,0.8293785684362428,0.5888424400238441,0.572536096761792,0.7066780964665368,0.5979707903765807,0.6939183059398648,0.679101227168178,0.5962274808997998,0.39595810387441044,0.5795916197985498,0.477106668231267,0.17514874436646077,0.4254226679048013,0.4378653393343344,0.6994610203942119,0.5215008250175798,0.37699055328312947,0.6909471785513944,0.5419581103847424,0.33310235051013465,0.4150424648984178,0.4367095719229342,0.19189656682207934,0.4740022078231412,0.4467629602454487,0.4431067750033338,0.12274632870488009,0.52254844939615,0.5058138400652998,0.3249805533882941,0.31275050753712014,0.45463365902660924,0.2792040024653136,0.306961826264283,1.5,0.3159290478028521,0.25379982115141225,0.23466604449803008,0.4586429581035057,0.2349225502948354,0.6435332288716085,0.21503054567727442,0.4093906355982357,0.17515013660489429,0.5645301866257207
2000-06-30,0.7431380675426855,0.5574130315337185,0.8293785684362428,0.5888424400238441,0.572536096761792,0.7066780964665368,0.5979707903765807,0.6939183059398648,0.679101227168178,0.5962274808997998,0.39595810387441044,0.5795916197985498,0.477106668231267,0.17514874436646077,0.4254226679048013,0.4378653393343344,0.6994610203942119,0.5215008250175798,0.37699055328312947,0.6909471785513944,0.5419581103847424,0.33310235051013465,0.4150424648984178,0.4367095719229342,0.19189656682207934,0.4740022078231412,0.4467629602454487,0.4431067750033338,0.12274632870488009,0.52254844939615,0.5058138400652998,0.3249805533882941,0.31275050753712014,0.45463365902660924,0.2792040024653136,0.306961826264283,1.5,0.3159290478028521,0.25379982115141225,0.23466604449803008,0.4586429581035057,0.2349225502948354,0.6435332288716085,0.21503054567727442,0.4093906355982357,0.17515013660489429,0.5645301866257207
2000-07-31,0.7431380675426855,0.5574130315337185,0.8293785684362428,0.5888424400238441,0.572536096761792,0.7066780964665368,0.5979707903765807,0.6939183059398648,0.679101227168178,0.5962274808997998,0.39595810387441044,0.5795916197985498,0.477106668231267,0.17514874436646077,0.4254226679048013,0.4378653393343344,0.6994610203942119,0.5215008250175798,0.37699055328312947,0.6909471785513944,0.5419581103847424,0.33310235051013465,0.4150424648984178,0.4367095719229342,0.19189656682207934,0.4740022078231412,0.4467629602454487,0.4431067750033338,0.12274632870488009,0.52254844939615,0.5058138400652998,0.3249805533882941,0.31275050753712014,0.45463365902660924,0.2792040024653136,0.306961826264283,1.5,0.3159290478028521,0.25379982115141225,0.23466604449803008,0.4586429581035057,0.2349225502948354,0.6435332288716085,0.21503054567727442,0.4093906355982357,0.17515013660489429,0.5645301866257207
2000-08-31,0.7431380675426855,0.5574130315337185,0.8293785684362428,0.5888424400238441,0.572536096761792,0.7066780964665368,0.5979707903765807,0.6939183059398648,0.679101227168178,0.5962274808997998,0.39595810387441044,0.5795916197985498,0.477106668231267,0.17514874436646077,0.4254226679048013,0.4378653393343344,0.6994610203942119,0.5215008250175798,0.37699055328312947,0.6909471785513944,0.5419581103847424,0.33310235051013465,0.4150424648984178,0.4367095719229342,0.19189656682207934,0.4740022078231412,0.4467629602454487,0.4431067750033338,0.12274632870488009,0.52254844939615,0.5058138400652998,0.3249805533882941,0.31275050753712014,0.45463365902660924,0.2792040024653136,0.306961826264283,1.5,0.3159290478028521,0.25379982115141225,0.23466604449803008,0.4586429581035057,0.2349225502948354,0.6435332288716085,0.21503054567727442,0.4093906355982357,0.17515013660489429,0.5645301866257207
2000-09-29,0.7431380675426855,0.5574130315337185,0.8293785684362428,0.5888424400238441,0.572536096761792,0.7066780964665368,0.5979707903765807,0.6939183059398648,0.679101227168178,0.5962274808997998,0.39595810387441044,0.5795916197985498,0.477106668231267,0.17514874436646077,0.4254226679048013,0.4378653393343344,0.6994610203942119,0.5215008250175798,0.37699055328312947,0.6909471785513944,0.5419581103847424,0.33310235051013465,0.4150424648984178,0.4367095719229342,0.19189656682207934,0.4740022078231412,0.4467629602454487,0.4431067750033338,0.12274632870488009,0.52254844939615,0.5058138400652998,0.3249805533882941,0.31275050753712014,0.45463365902660924,0.2792040024653136,0.306961826264283,1.5,0.3159290478028521,0.25379982115141225,0.23466604449803008,0.4586429581035057,0.2349225502948354,0.6435332288716085,0.21503054567727442,0.4093906355982357,0.17515013660489429,0.5645301866257207
2000-10-31,0.7431380675426855,0.5574130315337185,0.8293785684362428,0.5888424400238441,0.572536096761792,0.7066780964665368,0.5979707903765807,0.6939183059398648,0.679101227168178,0.5962274808997998,0.39595810387441044,0.5795916197985498,0.477106668231267,0.17514874436646077,0.4254226679048013,0.4378653393343344,0.6994610203942119,0.5215008250175798,0.37699055328312947,0.6909471785513944,0.5419581103847424,0.33310235051013465,0.4150424648984178,0.4367095719229342,0.19189656682207934,0.4740022078231412,0.4467629602454487,0.4431067750033338,0.12274632870488009,0.52254844939615,0.5058138400652998,0.3249805533882941,0.31275050753712014,0.45463365902660924,0.2792040024653136,0.306961826264283,1.5,0.3159290478028521,0.25379982115141225,0.23466604449803008,0.4586429581035057,0.2349225502948354,0.6435332288716085,0.21503054567727442,0.4093906355982357,0.17515013660489429,0.5645301866257207
2000-11-30,0.7431380675426855,0.5574130315337185,0.8293785684362428,0.5888424400238441,0.572536096761792,0.7066780964665368,0.5979707903765807,0.6939183059398648,0.679101227168178,0.5962274808997998,0.39595810387441044,0.5795916197985498,0.477106668231267,0.17514874436646077,0.4254226679048013,0.4378653393343344,0.6994610203942119,0.5215008250175798,0.37699055328312947,0.6909471785513944,0.5419581103847424,0.33310235051013465,0.4150424648984178,0.4367095719229342,0.19189656682207934,0.4740022078231412,0.4467629602454487,0.4431067750033338,0.12274632870488009,0.52254844939615,0.5058138400652998,0.3249805533882941,0.31275050753712014,0.45463365902660924,0.2792040024653136,0.306961826264283,1.5,0.3159290478028521,0.25379982115141225,0.23466604449803008,0.4586429581035057,0.2349225502948354,0.6435332288716085,0.21503054567727442,0.4093906355982357,0.17515013660489429,0.5645301866257207
2000-12-29,0.7431380675426855,0.5574130315337185,0.8293785684362428,0.5888424400238441,0.572536096761792,0.7066780964665368,0.5979707903765807,0.6939183059398648,0.679101227168178,0.5962274808997998,0.39595810387441044,0.5795916197985498,0.477106668231267,0.17514874436646077,0.4254226679048013,0.4378653393343344,0.6994610203942119,0.5215008250175798,0.37699055328312947,0.6909471785513944,0.5419581103847424,0.33310235051013465,0.4150424648984178,0.4367095719229342,0.19189656682207934,0.4740022078231412,0.4467629602454487,0.4431067750033338,0.12274632870488009,0.52254844939615,0.5058138400652998,0.3249805533882941,0.31275050753712014,0.45463365902660924,0.2792040024653136,0.306961826264283,1.5,0.3159290478028521,0.25379982115141225,0.23466604449803008,0.4586429581035057,0.2349225502948354,0.6435332288716085,0.21503054567727442,0.4093906355982357,0.17515013660489429,0.5645301866257207
2001-01-31,0.7431380675426855,0.5574130315337185,0.8293785684362428,0.5888424400238441,0.572536096761792,0.7066780964665368,0.5979707903765807,0.6939183059398648,0.679101227168178,0.5962274808997998,0.39595810387441044,0.5795916197985498,0.477106668231267,0.17514874436646077,0.4254226679048013,0.4378653393343344,0.6994610203942119,0.5215008250175798,0.37699055328312947,0.6909471785513944,0.5419581103847424,0.33310235051013465,0.4150424648984178,0.4367095719229342,0.19189656682207934,0.4740022078231412,0.4467629602454487,0.4431067750033338,0.12274632870488009,0.52254844939615,0.5058138400652998,0.3249805533882941,0.31275050753712014,0.45463365902660924,0.2792040024653136,0.306961826264283,1.5,0.3159290478028521,0.25379982115141225,0.23466604449803008,0.4586429581035057,0.2349225502948354,0.6435332288716085,0.21503054567727442,0.4093906355982357,0.17515013660489429,0.5645301866257207
2001-02-28,0.7431380675426855,0.5574130315337185,0.8293785684362428,0.5888424400238441,0.572536096761792,0.7066780964665368,0.5979707903765807,0.6939183059398648,0.679101227168178,0.5962274808997998,0.39595810387441044,0.5795916197985498,0.477106668231267,0.17514874436646077,0.4254226679048013,0.4378653393343344,0.6994610203942119,0.5215008250175798,0.37699055328312947,0.6909471785513944,0.5419581103847424,0.33310235051013465,0.4150424648984178,0.4367095719229342,0.19189656682207934,0.4740022078231412,0.4467629602454487,0.4431067750033338,0.12274632870488009,0.52254844939615,0.5058138400652998,0.3249805533882941,0.31275050753712014,0.45463365902660924,0.2792040024653136,0.306961826264283,1.5,0.3159290478028521,0.25379982115141225,0.23466604449803008,0.4586429581035057,0.2349225502948354,0.6435332288716085,0.21503054567727442,0.4093906355982357,0.17515013660489429,0.5645301866257207
2001-03-30,0.7431380675426855,0.5574130315337185,0.8293785684362428,0.5888424400238441,0.572536096761792,0.7066780964665368,0.5979707903765807,0.6939183059398648,0.679101227168178,0.5962274808997998,0.39595810387441044,0.5795916197985498,0.477106668231267,0.17514874436646077,0.4254226679048013,0.4378653393343344,0.6994610203942119,0.5215008250175798,0.37699055328312947,0.6909471785513944,0.5419581103847424,0.33310235051013465,0.4150424648984178,0.4367095719229342,0.19189656682207934,0.4740022078231412,0.4467629602454487,0.4431067750033338,0.12274632870488009,0.52254844939615,0.5058138400652998,0.3249805533882941,0.31275050753712014,0.45463365902660924,0.2792040024653136,0.306961826264283,1.5,0.3159290478028521,0.25379982115141225,0.23466604449803008,0.4586429581035057,0.2349225502948354,0.6435332288716085,0.21503054567727442,0.4093906355982357,0.17515013660489429,0.5645301866257207
2001-04-30,0.7431380675426855,0.5574130315337185,0.8293785684362428,0.5888424400238441,0.572536096761792,0.7066780964665368,0.5979707903765807,0.6939183059398648,0.679101227168178,0.5962274808997998,0.39595810387441044,0.5795916197985498,0.477106668231267,0.17514874436646077,0.4254226679048013,0.4378653393343344,0.6994610203942119,0.5215008250175798,0.37699055328312947,0.6909471785513944,0.5419581103847424,0.33310235051013465,0.4150424648984178,0.4367095719229342,0.19189656682207934,0.4740022078231412,0.4467629602454487,0.4431067750033338,0.12274632870488009,0.52254844939615,0.5058138400652998,0.3249805533882941,0.31275050753712014,0.45463365902660924,0.2792040024653136,0.306961826264283,1.5,0.3159290478028521,0.25379982115141225,0.23466604449803008,0.4586429581035057,0.2349225502948354,0.6435332288716085,0.21503054567727442,0.4093906355982357,0.17515013660489429,0.5645301866257207
2001-05-31,0.7431380675426855,0.5574130315337185,0.8293785684362428,0.5888424400238441,0.572536096761792,0.7066780964665368,0.5979707903765807,0.6939183059398648,0.679101227168178,0.5962274808997998,0.39595810387441044,0.5795916197985498,0.477106668231267,0.17514874436646077,0.4254226679048013,0.4378653393343344,0.6994610203942119,0.5215008250175798,0.37699055328312947,0.6909471785513944,0.5419581103847424,0.33310235051013465,0.4150424648984178,0.4367095719229342,0.19189656682207934,0.4740022078231412,0.4467629602454487,0.4431067750033338,0.12274632870488009,0.52254844939615,0.5058138400652998,0.3249805533882941,0.31275050753712014,0.45463365902660924,0.2792040024653136,0.306961826264283,1.5,0.3159290478028521,0.25379982115141225,0.23466604449803008,0.4586429581035057,0.2349225502948354,0.6435332288716085,0.21503054567727442,0.4093906355982357,0.17515013660489429,0.5645301866257207
2001-06-29,0.7431380675426855,0.5574130315337185,0.8293785684362428,0.5888424400238441,0.572536096761792,0.7066780964665368,0.5979707903765807,0.6939183059398648,0.679101227168178,0.5962274808997998,0.39595810387441044,0.5795916197985498,0.477106668231267,0.17514874436646077,0.4254226679048013,0.4378653393343344,0.6994610203942119,0.5215008250175798,0.37699055328312947,0.6909471785513944,0.5419581103847424,0.33310235051013465,0.4150424648984178,0.4367095719229342,0.19189656682207934,0.4740022078231412,0.4467629602454487,0.4431067750033338,0.12274632870488009,0.52254844939615,0.5058138400652998,0.3249805533882941,0.31275050753712014,0.45463365902660924,0.2792040024653136,0.306961826264283,1.5,0.3159290478028521,0.25379982115141225,0.23466604449803008,0.4586429581035057,0.2349225502948354,0.6435332288716085,0.21503054567727442,0.4093906355982357,0.17515013660489429,0.5645301866257207
2001-07-31,0.7431380675426855,0.5574130315337185,0.8293785684362428,0.5888424400238441,0.572536096761792,0.7066780964665368,0.5979707903765807,0.6939183059398648,0.679101227168178,0.5962274808997998,0.39595810387441044,0.5795916197985498,0.477106668231267,0.17514874436646077,0.4254226679048013,0.4378653393343344,0.6994610203942119,0.5215008250175798,0.37699055328312947,0.6909471785513944,0.5419581103847424,0.33310235051013465,0.4150424648984178,0.4367095719229342,0.19189656682207934,0.4740022078231412,0.4467629602454487,0.4431067750033338,0.12274632870488009,0.52254844939615,0.5058138400652998,0.3249805533882941,0.31275050753712014,0.45463365902660924,0.2792040024653136,0.306961826264283,1.5,0.3159290478028521,0.25379982115141225,0.23466604449803008,0.4586429581035057,0.2349225502948354,0.6435332288716085,0.21503054567727442,0.4093906355982357,0.17515013660489429,0.5645301866257207
2001-08-31,0.7431380675426855,0.5574130315337185,0.8293785684362428,0.5888424400238441,0.572536096761792,0.7066780964665368,0.5979707903765807,0.6939183059398648,0.679101227168178,0.5962274808997998,0.39595810387441044,0.5795916197985498,0.477106668231267,0.17514874436646077,0.4254226679048013,0.4378653393343344,0.6994610203942119,0.5215008250175798,0.37699055328312947,0.6909471785513944,0.5419581103847424,0.33310235051013465,0.4150424648984178,0.4367095719229342,0.19189656682207934,0.4740022078231412,0.4467629602454487,0.4431067750033338,0.12274632870488009,0.52254844939615,0.5058138400652998,0.3249805533882941,0.31275050753712014,0.45463365902660924,0.2792040024653136,0.306961826264283,1.5,0.3159290478028521,0.25379982115141225,0.23466604449803008,0.4586429581035057,0.2349225502948354,0.6435332288716085,0.21503054567727442,0.4093906355982357,0.17515013660489429,0.5645301866257207
2001-09-28,0.7431380675426855,0.5574130315337185,0.8293785684362428,0.5888424400238441,0.572536096761792,0.7066780964665368,0.5979707903765807,0.6939183059398648,0.679101227168178,0.5962274808997998,0.39595810387441044,0.5795916197985498,0.477106668231267,0.17514874436646077,0.4254226679048013,0.4378653393343344,0.6994610203942119,0.5215008250175798,0.37699055328312947,0.6909471785513944,0.5419581103847424,0.33310235051013465,0.4150424648984178,0.4367095719229342,0.19189656682207934,0.4740022078231412,0.4467629602454487,0.4431067750033338,0.12274632870488009,0.52254844939615,0.5058138400652998,0.3249805533882941,0.31275050753712014,0.45463365902660924,0.2792040024653136,0.306961826264283,1.5,0.3159290478028521,0.25379982115141225,0.23466604449803008,0.4586429581035057,0.2349225502948354,0.6435332288716085,0.21503054567727442,0.4093906355982357,0.17515013660489429,0.5645301866257207
2001-10-31,0.7431380675426855,0.5574130315337185,0.8293785684362428,0.5888424400238441,0.572536096761792,0.7066780964665368,0.5979707903765807,0.6939183059398648,0.679101227168178,0.5962274808997998,0.39595810387441044,0.5795916197985498,0.477106668231267,0.17514874436646077,0.4254226679048013,0.4378653393343344,0.6994610203942119,0.5215008250175798,0.37699055328312947,0.6909471785513944,0.5419581103847424,0.33310235051013465,0.4150424648984178,0.4367095719229342,0.19189656682207934,0.4740022078231412,0.4467629602454487,0.4431067750033338,0.12274632870488009,0.52254844939615,0.5058138400652998,0.3249805533882941,0.31275050753712014,0.45463365902660924,0.2792040024653136,0.306961826264283,1.5,0.3159290478028521,0.25379982115141225,0.23466604449803008,0.4586429581035057,0.2349225502948354,0.6435332288716085,0.21503054567727442,0.4093906355982357,0.17515013660489429,0.5645301866257207
2001-11-30,0.7431380675426855,0.5574130315337185,0.8293785684362428,0.5888424400238441,0.572536096761792,0.7066780964665368,0.5979707903765807,0.6939183059398648,0.679101227168178,0.5962274808997998,0.39595810387441044,0.5795916197985498,0.477106668231267,0.17514874436646077,0.4254226679048013,0.4378653393343344,0.6994610203942119,0.5215008250175798,0.37699055328312947,0.6909471785513944,0.5419581103847424,0.33310235051013465,0.4150424648984178,0.4367095719229342,0.19189656682207934,0.4740022078231412,0.4467629602454487,0.4431067750033338,0.12274632870488009,0.52254844939615,0.5058138400652998,0.3249805533882941,0.31275050753712014,0.45463365902660924,0.2792040024653136,0.306961826264283,1.5,0.3159290478028521,0.25379982115141225,0.23466604449803008,0.4586429581035057,0.2349225502948354,0.6435332288716085,0.21503054567727442,0.4093906355982357,0.17515013660489429,0.5645301866257207
2001-12-31,0.7431380675426855,0.5574130315337185,0.8293785684362428,0.5888424400238441,0.572536096761792,0.7066780964665368,0.5979707903765807,0.6939183059398648,0.679101227168178,0.5962274808997998,0.39595810387441044,0.5795916197985498,0.477106668231267,0.17514874436646077,0.4254226679048013,0.4378653393343344,0.6994610203942119,0.5215008250175798,0.37699055328312947,0.6909471785513944,0.5419581103847424,0.33310235051013465,0.4150424648984178,0.4367095719229342,0.19189656682207934,0.4740022078231412,0.4467629602454487,0.4431067750033338,0.12274632870488009,0.52254844939615,0.5058138400652998,0.3249805533882941,0.31275050753712014,0.45463365902660924,0.2792040024653136,0.306961826264283,1.5,0.3159290478028521,0.25379982115141225,0.23466604449803008,0.4586429581035057,0.2349225502948354,0.6435332288716085,0.21503054567727442,0.4093906355982357,0.17515013660489429,0.5645301866257207
2002-01-31,0.7431380675426855,0.5574130315337185,0.8293785684362428,0.5888424400238441,0.572536096761792,0.7066780964665368,0.5979707903765807,0.6939183059398648,0.679101227168178,0.5962274808997998,0.39595810387441044,0.5795916197985498,0.477106668231267,0.17514874436646077,0.4254226679048013,0.4378653393343344,0.6994610203942119,0.5215008250175798,0.37699055328312947,0.6909471785513944,0.5419581103847424,0.33310235051013465,0.4150424648984178,0.4367095719229342,0.19189656682207934,0.4740022078231412,0.4467629602454487,0.4431067750033338,0.12274632870488009,0.52254844939615,0.5058138400652998,0.3249805533882941,0.31275050753712014,0.45463365902660924,0.2792040024653136,0.306961826264283,1.5,0.3159290478028521,0.25379982115141225,0.23466604449803008,0.4586429581035057,0.2349225502948354,0.6435332288716085,0.21503054567727442,0.4093906355982357,0.17515013660489429,0.5645301866257207
2002-02-28,0.7431380675426855,0.5574130315337185,0.8293785684362428,0.5888424400238441,0.572536096761792,0.7066780964665368,0.5979707903765807,0.6939183059398648,0.679101227168178,0.5962274808997998,0.39595810387441044,0.5795916197985498,0.477106668231267,0.17514874436646077,0.4254226679048013,0.4378653393343344,0.6994610203942119,0.5215008250175798,0.37699055328312947,0.6909471785513944,0.5419581103847424,0.33310235051013465,0.4150424648984178,0.4367095719229342,0.19189656682207934,0.4740022078231412,0.4467629602454487,0.4431067750033338,0.12274632870488009,0.52254844939615,0.5058138400652998,0.3249805533882941,0.31275050753712014,0.45463365902660924,0.2792040024653136,0.306961826264283,1.5,0.3159290478028521,0.25379982115141225,0.23466604449803008,0.4586429581035057,0.2349225502948354,0.6435332288716085,0.21503054567727442,0.4093906355982357,0.17515013660489429,0.5645301866257207
2002-03-28,0.7431380675426855,0.5574130315337185,0.8293785684362428,0.5888424400238441,0.572536096761792,0.7066780964665368,0.5979707903765807,0.6939183059398648,0.679101227168178,0.5962274808997998,0.39595810387441044,0.5795916197985498,0.477106668231267,0.17514874436646077,0.4254226679048013,0.4378653393343344,0.6994610203942119,0.5215008250175798,0.37699055328312947,0.6909471785513944,0.5419581103847424,0.33310235051013465,0.4150424648984178,0.4367095719229342,0.19189656682207934,0.4740022078231412,0.4467629602454487,0.4431067750033338,0.12274632870488009,0.52254844939615,0.5058138400652998,0.3249805533882941,0.31275050753712014,0.45463365902660924,0.2792040024653136,0.306961826264283,1.5,0.3159290478028521,0.25379982115141225,0.23466604449803008,0.4586429581035057,0.2349225502948354,0.6435332288716085,0.21503054567727442,0.4093906355982357,0.17515013660489429,0.5645301866257207
2002-04-30,0.7431380675426855,0.5574130315337185,0.8293785684362428,0.5888424400238441,0.572536096761792,0.7066780964665368,0.5979707903765807,0.6939183059398648,0.679101227168178,0.5962274808997998,0.39595810387441044,0.5795916197985498,0.477106668231267,0.17514874436646077,0.4254226679048013,0.4378653393343344,0.6994610203942119,0.5215008250175798,0.37699055328312947,0.6909471785513944,0.5419581103847424,0.33310235051013465,0.4150424648984178,0.4367095719229342,0.19189656682207934,0.4740022078231412,0.4467629602454487,0.4431067750033338,0.12274632870488009,0.52254844939615,0.5058138400652998,0.3249805533882941,0.31275050753712014,0.45463365902660924,0.2792040024653136,0.306961826264283,1.5,0.3159290478028521,0.25379982115141225,0.23466604449803008,0.4586429581035057,0.2349225502948354,0.6435332288716085,0.21503054567727442,0.4093906355982357,0.17515013660489429,0.5645301866257207
2002-05-31,0.7431380675426855,0.5574130315337185,0.8293785684362428,0.5888424400238441,0.572536096761792,0.7066780964665368,0.5979707903765807,0.6939183059398648,0.679101227168178,0.5962274808997998,0.39595810387441044,0.5795916197985498,0.477106668231267,0.17514874436646077,0.4254226679048013,0.4378653393343344,0.6994610203942119,0.5215008250175798,0.37699055328312947,0.6909471785513944,0.5419581103847424,0.33310235051013465,0.4150424648984178,0.4367095719229342,0.19189656682207934,0.4740022078231412,0.4467629602454487,0.4431067750033338,0.12274632870488009,0.52254844939615,0.5058138400652998,0.3249805533882941,0.31275050753712014,0.45463365902660924,0.2792040024653136,0.306961826264283,1.5,0.3159290478028521,0.25379982115141225,0.23466604449803008,0.4586429581035057,0.2349225502948354,0.6435332288716085,0.21503054567727442,0.4093906355982357,0.17515013660489429,0.5645301866257207
2002-06-28,0.7431380675426855,0.5574130315337185,0.8293785684362428,0.5888424400238441,0.572536096761792,0.7066780964665368,0.5979707903765807,0.6939183059398648,0.679101227168178,0.5962274808997998,0.39595810387441044,0.5795916197985498,0.477106668231267,0.17514874436646077,0.4254226679048013,0.4378653393343344,0.6994610203942119,0.5215008250175798,0.37699055328312947,0.6909471785513944,0.5419581103847424,0.33310235051013465,0.4150424648984178,0.4367095719229342,0.19189656682207934,0.4740022078231412,0.4467629602454487,0.4431067750033338,0.12274632870488009,0.52254844939615,0.5058138400652998,0.3249805533882941,0.31275050753712014,0.45463365902660924,0.2792040024653136,0.306961826264283,1.5,0.3159290478028521,0.25379982115141225,0.23466604449803008,0.4586429581035057,0.2349225502948354,0.6435332288716085,0.21503054567727442,0.4093906355982357,0.17515013660489429,0.5645301866257207
2002-07-31,0.7431380675426855,0.5574130315337185,0.8293785684362428,0.5888424400238441,0.572536096761792,0.7066780964665368,0.5979707903765807,0.6939183059398648,0.679101227168178,0.5962274808997998,0.39595810387441044,0.5795916197985498,0.477106668231267,0.17514874436646077,0.4254226679048013,0.4378653393343344,0.6994610203942119,0.5215008250175798,0.37699055328312947,0.6909471785513944,0.5419581103847424,0.33310235051013465,0.4150424648984178,0.4367095719229342,0.19189656682207934,0.4740022078231412,0.4467629602454487,0.4431067750033338,0.12274632870488009,0.52254844939615,0.5058138400652998,0.3249805533882941,0.31275050753712014,0.45463365902660924,0.2792040024653136,0.306961826264283,1.5,0.3159290478028521,0.25379982115141225,0.23466604449803008,0.4586429581035057,0.2349225502948354,0.6435332288716085,0.21503054567727442,0.4093906355982357,0.17515013660489429,0.5645301866257207
2002-08-30,0.7431380675426855,0.5574130315337185,0.8293785684362428,0.5888424400238441,0.572536096761792,0.7066780964665368,0.5979707903765807,0.6939183059398648,0.679101227168178,0.5962274808997998,0.39595810387441044,0.5795916197985498,0.477106668231267,0.17514874436646077,0.4254226679048013,0.4378653393343344,0.6994610203942119,0.5215008250175798,0.37699055328312947,0.6909471785513944,0.5419581103847424,0.33310235051013465,0.4150424648984178,0.4367095719229342,0.19189656682207934,0.4740022078231412,0.4467629602454487,0.4431067750033338,0.12274632870488009,0.52254844939615,0.5058138400652998,0.3249805533882941,0.31275050753712014,0.45463365902660924,0.2792040024653136,0.306961826264283,1.5,0.3159290478028521,0.25379982115141225,0.23466604449803008,0.4586429581035057,0.2349225502948354,0.6435332288716085,0.21503054567727442,0.4093906355982357,0.17515013660489429,0.5645301866257207
2002-09-30,0.7431380675426855,0.5574130315337185,0.8293785684362428,0.5888424400238441,0.572536096761792,0.7066780964665368,0.5979707903765807,0.6939183059398648,0.679101227168178,0.5962274808997998,0.39595810387441044,0.5795916197985498,0.477106668231267,0.17514874436646077,0.4254226679048013,0.4378653393343344,0.6994610203942119,0.5215008250175798,0.37699055328312947,0.6909471785513944,0.5419581103847424,0.33310235051013465,0.4150424648984178,0.4367095719229342,0.19189656682207934,0.4740022078231412,0.4467629602454487,0.4431067750033338,0.12274632870488009,0.52254844939615,0.5058138400652998,0.3249805533882941,0.31275050753712014,0.45463365902660924,0.2792040024653136,0.306961826264283,1.5,0.3159290478028521,0.25379982115141225,0.23466604449803008,0.4586429581035057,0.2349225502948354,0.6435332288716085,0.21503054567727442,0.4093906355982357,0.17515013660489429,0.5645301866257207
2002-10-31,0.7431380675426855,0.5574130315337185,0.8293785684362428,0.5888424400238441,0.572536096761792,0.7066780964665368,0.5979707903765807,0.6939183059398648,0.679101227168178,0.5962274808997998,0.39595810387441044,0.5795916197985498,0.477106668231267,0.17514874436646077,0.4254226679048013,0.4378653393343344,0.6994610203942119,0.5215008250175798,0.37699055328312947,0.6909471785513944,0.5419581103847424,0.33310235051013465,0.4150424648984178,0.4367095719229342,0.19189656682207934,0.4740022078231412,0.4467629602454487,0.4431067750033338,0.12274632870488009,0.52254844939615,0.5058138400652998,0.3249805533882941,0.31275050753712014,0.45463365902660924,0.2792040024653136,0.306961826264283,1.5,0.3159290478028521,0.25379982115141225,0.23466604449803008,0.4586429581035057,0.2349225502948354,0.6435332288716085,0.21503054567727442,0.4093906355982357,0.17515013660489429,0.5645301866257207
2002-11-29,0.7431380675426855,0.5574130315337185,0.8293785684362428,0.5888424400238441,0.572536096761792,0.7066780964665368,0.5979707903765807,0.6939183059398648,0.679101227168178,0.5962274808997998,0.39595810387441044,0.5795916197985498,0.477106668231267,0.17514874436646077,0.4254226679048013,0.4378653393343344,0.6994610203942119,0.5215008250175798,0.37699055328312947,0.6909471785513944,0.5419581103847424,0.33310235051013465,0.4150424648984178,0.4367095719229342,0.19189656682207934,0.4740022078231412,0.4467629602454487,0.4431067750033338,0.12274632870488009,0.52254844939615,0.5058138400652998,0.3249805533882941,0.31275050753712014,0.45463365902660924,0.2792040024653136,0.306961826264283,1.5,0.3159290478028521,0.25379982115141225,0.23466604449803008,0.4586429581035057,0.2349225502948354,0.6435332288716085,0.21503054567727442,0.4093906355982357,0.17515013660489429,0.5645301866257207
2002-12-31,0.7431380675426855,0.5574130315337185,0.8293785684362428,0.5888424400238441,0.572536096761792,0.7066780964665368,0.5979707903765807,0.6939183059398648,0.679101227168178,0.5962274808997998,0.39595810387441044,0.5795916197985498,0.477106668231267,0.17514874436646077,0.4254226679048013,0.4378653393343344,0.6994610203942119,0.5215008250175798,0.37699055328312947,0.6909471785513944,0.5419581103847424,0.33310235051013465,0.4150424648984178,0.4367095719229342,0.19189656682207934,0.4740022078231412,0.4467629602454487,0.4431067750033338,0.12274632870488009,0.52254844939615,0.5058138400652998,0.3249805533882941,0.31275050753712014,0.45463365902660924,0.2792040024653136,0.306961826264283,1.5,0.3159290478028521,0.25379982115141225,0.23466604449803008,0.4586429581035057,0.2349225502948354,0.6435332288716085,0.21503054567727442,0.4093906355982357,0.17515013660489429,0.5645301866257207
2003-01-31,0.7431380675426855,0.5574130315337185,0.8293785684362428,0.5888424400238441,0.572536096761792,0.7066780964665368,0.5979707903765807,0.6939183059398648,0.679101227168178,0.5962274808997998,0.39595810387441044,0.5795916197985498,0.477106668231267,0.17514874436646077,0.4254226679048013,0.4378653393343344,0.6994610203942119,0.5215008250175798,0.37699055328312947,0.6909471785513944,0.5419581103847424,0.33310235051013465,0.4150424648984178,0.4367095719229342,0.19189656682207934,0.4740022078231412,0.4467629602454487,0.4431067750033338,0.12274632870488009,0.52254844939615,0.5058138400652998,0.3249805533882941,0.31275050753712014,0.45463365902660924,0.2792040024653136,0.306961826264283,1.5,0.3159290478028521,0.25379982115141225,0.23466604449803008,0.4586429581035057,0.2349225502948354,0.6435332288716085,0.21503054567727442,0.4093906355982357,0.17515013660489429,0.5645301866257207
2003-02-28,0.7431380675426855,0.5574130315337185,0.8293785684362428,0.5888424400238441,0.572536096761792,0.7066780964665368,0.5979707903765807,0.6939183059398648,0.679101227168178,0.5962274808997998,0.39595810387441044,0.5795916197985498,0.477106668231267,0.17514874436646077,0.4254226679048013,0.4378653393343344,0.6994610203942119,0.5215008250175798,0.37699055328312947,0.6909471785513944,0.5419581103847424,0.33310235051013465,0.4150424648984178,0.4367095719229342,0.19189656682207934,0.4740022078231412,0.4467629602454487,0.4431067750033338,0.12274632870488009,0.52254844939615,0.5058138400652998,0.3249805533882941,0.31275050753712014,0.45463365902660924,0.2792040024653136,0.306961826264283,1.5,0.3159290478028521,0.25379982115141225,0.23466604449803008,0.4586429581035057,0.2349225502948354,0.6435332288716085,0.21503054567727442,0.4093906355982357,0.17515013660489429,0.5645301866257207
2003-03-31,0.7431380675426855,0.5574130315337185,0.8293785684362428,0.5888424400238441,0.572536096761792,0.7066780964665368,0.5979707903765807,0.6939183059398648,0.679101227168178,0.5962274808997998,0.39595810387441044,0.5795916197985498,0.477106668231267,0.17514874436646077,0.4254226679048013,0.4378653393343344,0.6994610203942119,0.5215008250175798,0.37699055328312947,0.6909471785513944,0.5419581103847424,0.33310235051013465,0.4150424648984178,0.4367095719229342,0.19189656682207934,0.4740022078231412,0.4467629602454487,0.4431067750033338,0.12274632870488009,0.52254844939615,0.5058138400652998,0.3249805533882941,0.31275050753712014,0.45463365902660924,0.2792040024653136,0.306961826264283,1.5,0.3159290478028521,0.25379982115141225,0.23466604449803008,0.4586429581035057,0.2349225502948354,0.6435332288716085,0.21503054567727442,0.4093906355982357,0.17515013660489429,0.5645301866257207
2003-04-30,0.7431380675426855,0.5574130315337185,0.8293785684362428,0.5888424400238441,0.572536096761792,0.7066780964665368,0.5979707903765807,0.6939183059398648,0.679101227168178,0.5962274808997998,0.39595810387441044,0.5795916197985498,0.477106668231267,0.17514874436646077,0.4254226679048013,0.4378653393343344,0.6994610203942119,0.5215008250175798,0.37699055328312947,0.6909471785513944,0.5419581103847424,0.33310235051013465,0.4150424648984178,0.4367095719229342,0.19189656682207934,0.4740022078231412,0.4467629602454487,0.4431067750033338,0.12274632870488009,0.52254844939615,0.5058138400652998,0.3249805533882941,0.31275050753712014,0.45463365902660924,0.2792040024653136,0.306961826264283,1.5,0.3159290478028521,0.25379982115141225,0.23466604449803008,0.4586429581035057,0.2349225502948354,0.6435332288716085,0.21503054567727442,0.4093906355982357,0.17515013660489429,0.5645301866257207
2003-05-30,0.7431380675426855,0.5574130315337185,0.8293785684362428,0.5888424400238441,0.572536096761792,0.7066780964665368,0.5979707903765807,0.6939183059398648,0.679101227168178,0.5962274808997998,0.39595810387441044,0.5795916197985498,0.477106668231267,0.17514874436646077,0.4254226679048013,0.4378653393343344,0.6994610203942119,0.5215008250175798,0.37699055328312947,0.6909471785513944,0.5419581103847424,0.33310235051013465,0.4150424648984178,0.4367095719229342,0.19189656682207934,0.4740022078231412,0.4467629602454487,0.4431067750033338,0.12274632870488009,0.52254844939615,0.5058138400652998,0.3249805533882941,0.31275050753712014,0.45463365902660924,0.2792040024653136,0.306961826264283,1.5,0.3159290478028521,0.25379982115141225,0.23466604449803008,0.4586429581035057,0.2349225502948354,0.6435332288716085,0.21503054567727442,0.4093906355982357,0.17515013660489429,0.5645301866257207
2003-06-30,0.7431380675426855,0.5574130315337185,0.8293785684362428,0.5888424400238441,0.572536096761792,0.7066780964665368,0.5979707903765807,0.6939183059398648,0.679101227168178,0.5962274808997998,0.39595810387441044,0.5795916197985498,0.477106668231267,0.17514874436646077,0.4254226679048013,0.4378653393343344,0.6994610203942119,0.5215008250175798,0.37699055328312947,0.6909471785513944,0.5419581103847424,0.33310235051013465,0.4150424648984178,0.4367095719229342,0.19189656682207934,0.4740022078231412,0.4467629602454487,0.4431067750033338,0.12274632870488009,0.52254844939615,0.5058138400652998,0.3249805533882941,0.31275050753712014,0.45463365902660924,0.2792040024653136,0.306961826264283,1.5,0.3159290478028521,0.25379982115141225,0.23466604449803008,0.4586429581035057,0.2349225502948354,0.6435332288716085,0.21503054567727442,0.4093906355982357,0.17515013660489429,0.5645301866257207
2003-07-31,0.7431380675426855,0.5574130315337185,0.8293785684362428,0.5888424400238441,0.572536096761792,0.7066780964665368,0.5979707903765807,0.6939183059398648,0.679101227168178,0.5962274808997998,0.39595810387441044,0.5795916197985498,0.477106668231267,0.17514874436646077,0.4254226679048013,0.4378653393343344,0.6994610203942119,0.5215008250175798,0.37699055328312947,0.6909471785513944,0.5419581103847424,0.33310235051013465,0.4150424648984178,0.4367095719229342,0.19189656682207934,0.4740022078231412,0.4467629602454487,0.4431067750033338,0.12274632870488009,0.52254844939615,0.5058138400652998,0.3249805533882941,0.31275050753712014,0.45463365902660924,0.2792040024653136,0.306961826264283,1.5,0.3159290478028521,0.25379982115141225,0.23466604449803008,0.4586429581035057,0.2349225502948354,0.6435332288716085,0.21503054567727442,0.4093906355982357,0.17515013660489429,0.5645301866257207
2003-08-29,0.7431380675426855,0.5574130315337185,0.8293785684362428,0.5888424400238441,0.572536096761792,0.7066780964665368,0.5979707903765807,0.6939183059398648,0.679101227168178,0.5962274808997998,0.39595810387441044,0.5795916197985498,0.477106668231267,0.17514874436646077,0.4254226679048013,0.4378653393343344,0.6994610203942119,0.5215008250175798,0.37699055328312947,0.6909471785513944,0.5419581103847424,0.33310235051013465,0.4150424648984178,0.4367095719229342,0.19189656682207934,0.4740022078231412,0.4467629602454487,0.4431067750033338,0.12274632870488009,0.52254844939615,0.5058138400652998,0.3249805533882941,0.31275050753712014,0.45463365902660924,0.2792040024653136,0.306961826264283,1.5,0.3159290478028521,0.25379982115141225,0.23466604449803008,0.4586429581035057,0.2349225502948354,0.6435332288716085,0.21503054567727442,0.4093906355982357,0.17515013660489429,0.5645301866257207
2003-09-30,0.7431380675426855,0.5574130315337185,0.8293785684362428,0.5888424400238441,0.572536096761792,0.7066780964665368,0.5979707903765807,0.6939183059398648,0.679101227168178,0.5962274808997998,0.39595810387441044,0.5795916197985498,0.477106668231267,0.17514874436646077,0.4254226679048013,0.4378653393343344,0.6994610203942119,0.5215008250175798,0.37699055328312947,0.6909471785513944,0.5419581103847424,0.33310235051013465,0.4150424648984178,0.4367095719229342,0.19189656682207934,0.4740022078231412,0.4467629602454487,0.4431067750033338,0.12274632870488009,0.52254844939615,0.5058138400652998,0.3249805533882941,0.31275050753712014,0.45463365902660924,0.2792040024653136,0.306961826264283,1.5,0.3159290478028521,0.25379982115141225,0.23466604449803008,0.4586429581035057,0.2349225502948354,0.6435332288716085,0.21503054567727442,0.4093906355982357,0.17515013660489429,0.5645301866257207
2003-10-31,0.7431380675426855,0.5574130315337185,0.8293785684362428,0.5888424400238441,0.572536096761792,0.7066780964665368,0.5979707903765807,0.6939183059398648,0.679101227168178,0.5962274808997998,0.39595810387441044,0.5795916197985498,0.477106668231267,0.17514874436646077,0.4254226679048013,0.4378653393343344,0.6994610203942119,0.5215008250175798,0.37699055328312947,0.6909471785513944,0.5419581103847424,0.33310235051013465,0.4150424648984178,0.4367095719229342,0.19189656682207934,0.4740022078231412,0.4467629602454487,0.4431067750033338,0.12274632870488009,0.52254844939615,0.5058138400652998,0.3249805533882941,0.31275050753712014,0.45463365902660924,0.2792040024653136,0.306961826264283,1.5,0.3159290478028521,0.25379982115141225,0.23466604449803008,0.4586429581035057,0.2349225502948354,0.6435332288716085,0.21503054567727442,0.4093906355982357,0.17515013660489429,0.5645301866257207
2003-11-28,0.7431380675426855,0.5574130315337185,0.8293785684362428,0.5888424400238441,0.572536096761792,0.7066780964665368,0.5979707903765807,0.6939183059398648,0.679101227168178,0.5962274808997998,0.39595810387441044,0.5795916197985498,0.477106668231267,0.17514874436646077,0.4254226679048013,0.4378653393343344,0.6994610203942119,0.5215008250175798,0.37699055328312947,0.6909471785513944,0.5419581103847424,0.33310235051013465,0.4150424648984178,0.4367095719229342,0.19189656682207934,0.4740022078231412,0.4467629602454487,0.4431067750033338,0.12274632870488009,0.52254844939615,0.5058138400652998,0.3249805533882941,0.31275050753712014,0.45463365902660924,0.2792040024653136,0.306961826264283,1.5,0.3159290478028521,0.25379982115141225,0.23466604449803008,0.4586429581035057,0.2349225502948354,0.6435332288716085,0.21503054567727442,0.4093906355982357,0.17515013660489429,0.5645301866257207
2003-12-31,0.7431380675426855,0.5574130315337185,0.8293785684362428,0.5888424400238441,0.572536096761792,0.7066780964665368,0.5979707903765807,0.6939183059398648,0.679101227168178,0.5962274808997998,0.39595810387441044,0.5795916197985498,0.477106668231267,0.17514874436646077,0.4254226679048013,0.4378653393343344,0.6994610203942119,0.5215008250175798,0.37699055328312947,0.6909471785513944,0.5419581103847424,0.33310235051013465,0.4150424648984178,0.4367095719229342,0.19189656682207934,0.4740022078231412,0.4467629602454487,0.4431067750033338,0.12274632870488009,0.52254844939615,0.5058138400652998,0.3249805533882941,0.31275050753712014,0.45463365902660924,0.2792040024653136,0.306961826264283,1.5,0.3159290478028521,0.25379982115141225,0.23466604449803008,0.4586429581035057,0.2349225502948354,0.6435332288716085,0.21503054567727442,0.4093906355982357,0.17515013660489429,0.5645301866257207
2004-01-30,0.7431380675426855,0.5574130315337185,0.8293785684362428,0.5888424400238441,0.572536096761792,0.7066780964665368,0.5979707903765807,0.6939183059398648,0.679101227168178,0.5962274808997998,0.39595810387441044,0.5795916197985498,0.477106668231267,0.17514874436646077,0.4254226679048013,0.4378653393343344,0.6994610203942119,0.5215008250175798,0.37699055328312947,0.6909471785513944,0.5419581103847424,0.33310235051013465,0.4150424648984178,0.4367095719229342,0.19189656682207934,0.4740022078231412,0.4467629602454487,0.4431067750033338,0.12274632870488009,0.52254844939615,0.5058138400652998,0.3249805533882941,0.31275050753712014,0.45463365902660924,0.2792040024653136,0.306961826264283,1.5,0.3159290478028521,0.25379982115141225,0.23466604449803008,0.4586429581035057,0.2349225502948354,0.6435332288716085,0.21503054567727442,0.4093906355982357,0.17515013660489429,0.5645301866257207
2004-02-27,0.7431380675426855,0.5574130315337185,0.8293785684362428,0.5888424400238441,0.572536096761792,0.7066780964665368,0.5979707903765807,0.6939183059398648,0.679101227168178,0.5962274808997998,0.39595810387441044,0.5795916197985498,0.477106668231267,0.17514874436646077,0.4254226679048013,0.4378653393343344,0.6994610203942119,0.5215008250175798,0.37699055328312947,0.6909471785513944,0.5419581103847424,0.33310235051013465,0.4150424648984178,0.4367095719229342,0.19189656682207934,0.4740022078231412,0.4467629602454487,0.4431067750033338,0.12274632870488009,0.52254844939615,0.5058138400652998,0.3249805533882941,0.31275050753712014,0.45463365902660924,0.2792040024653136,0.306961826264283,1.5,0.3159290478028521,0.25379982115141225,0.23466604449803008,0.4586429581035057,0.2349225502948354,0.6435332288716085,0.21503054567727442,0.4093906355982357,0.17515013660489429,0.5645301866257207
2004-03-31,0.7431380675426855,0.5574130315337185,0.8293785684362428,0.5888424400238441,0.572536096761792,0.7066780964665368,0.5979707903765807,0.6939183059398648,0.679101227168178,0.5962274808997998,0.39595810387441044,0.5795916197985498,0.477106668231267,0.17514874436646077,0.4254226679048013,0.4378653393343344,0.6994610203942119,0.5215008250175798,0.37699055328312947,0.6909471785513944,0.5419581103847424,0.33310235051013465,0.4150424648984178,0.4367095719229342,0.19189656682207934,0.4740022078231412,0.4467629602454487,0.4431067750033338,0.12274632870488009,0.52254844939615,0.5058138400652998,0.3249805533882941,0.31275050753712014,0.45463365902660924,0.2792040024653136,0.306961826264283,1.5,0.3159290478028521,0.25379982115141225,0.23466604449803008,0.4586429581035057,0.2349225502948354,0.6435332288716085,0.21503054567727442,0.4093906355982357,0.17515013660489429,0.5645301866257207
2004-04-30,0.7431380675426855,0.5574130315337185,0.8293785684362428,0.5888424400238441,0.572536096761792,0.7066780964665368,0.5979707903765807,0.6939183059398648,0.679101227168178,0.5962274808997998,0.39595810387441044,0.5795916197985498,0.477106668231267,0.17514874436646077,0.4254226679048013,0.4378653393343344,0.6994610203942119,0.5215008250175798,0.37699055328312947,0.6909471785513944,0.5419581103847424,0.33310235051013465,0.4150424648984178,0.4367095719229342,0.19189656682207934,0.4740022078231412,0.4467629602454487,0.4431067750033338,0.12274632870488009,0.52254844939615,0.5058138400652998,0.3249805533882941,0.31275050753712014,0.45463365902660924,0.2792040024653136,0.306961826264283,1.5,0.3159290478028521,0.25379982115141225,0.23466604449803008,0.4586429581035057,0.2349225502948354,0.6435332288716085,0.21503054567727442,0.4093906355982357,0.17515013660489429,0.5645301866257207
2004-05-28,0.7431380675426855,0.5574130315337185,0.8293785684362428,0.5888424400238441,0.572536096761792,0.7066780964665368,0.5979707903765807,0.6939183059398648,0.679101227168178,0.5962274808997998,0.39595810387441044,0.5795916197985498,0.477106668231267,0.17514874436646077,0.4254226679048013,0.4378653393343344,0.6994610203942119,0.5215008250175798,0.37699055328312947,0.6909471785513944,0.5419581103847424,0.33310235051013465,0.4150424648984178,0.4367095719229342,0.19189656682207934,0.4740022078231412,0.4467629602454487,0.4431067750033338,0.12274632870488009,0.52254844939615,0.5058138400652998,0.3249805533882941,0.31275050753712014,0.45463365902660924,0.2792040024653136,0.306961826264283,1.5,0.3159290478028521,0.25379982115141225,0.23466604449803008,0.4586429581035057,0.2349225502948354,0.6435332288716085,0.21503054567727442,0.4093906355982357,0.17515013660489429,0.5645301866257207
2004-06-30,0.7431380675426855,0.5574130315337185,0.8293785684362428,0.5888424400238441,0.572536096761792,0.7066780964665368,0.5979707903765807,0.6939183059398648,0.679101227168178,0.5962274808997998,0.39595810387441044,0.5795916197985498,0.477106668231267,0.17514874436646077,0.4254226679048013,0.4378653393343344,0.6994610203942119,0.5215008250175798,0.37699055328312947,0.6909471785513944,0.5419581103847424,0.33310235051013465,0.4150424648984178,0.4367095719229342,0.19189656682207934,0.4740022078231412,0.4467629602454487,0.4431067750033338,0.12274632870488009,0.52254844939615,0.5058138400652998,0.3249805533882941,0.31275050753712014,0.45463365902660924,0.2792040024653136,0.306961826264283,1.5,0.3159290478028521,0.25379982115141225,0.23466604449803008,0.4586429581035057,0.2349225502948354,0.6435332288716085,0.21503054567727442,0.4093906355982357,0.17515013660489429,0.5645301866257207
2004-07-30,0.7431380675426855,0.5574130315337185,0.8293785684362428,0.5888424400238441,0.572536096761792,0.7066780964665368,0.5979707903765807,0.6939183059398648,0.679101227168178,0.5962274808997998,0.39595810387441044,0.5795916197985498,0.477106668231267,0.17514874436646077,0.4254226679048013,0.4378653393343344,0.6994610203942119,0.5215008250175798,0.37699055328312947,0.6909471785513944,0.5419581103847424,0.33310235051013465,0.4150424648984178,0.4367095719229342,0.19189656682207934,0.4740022078231412,0.4467629602454487,0.4431067750033338,0.12274632870488009,0.52254844939615,0.5058138400652998,0.3249805533882941,0.31275050753712014,0.45463365902660924,0.2792040024653136,0.306961826264283,1.5,0.3159290478028521,0.25379982115141225,0.23466604449803008,0.4586429581035057,0.2349225502948354,0.6435332288716085,0.21503054567727442,0.4093906355982357,0.17515013660489429,0.5645301866257207
2004-08-31,0.7431380675426855,0.5574130315337185,0.8293785684362428,0.5888424400238441,0.572536096761792,0.7066780964665368,0.5979707903765807,0.6939183059398648,0.679101227168178,0.5962274808997998,0.39595810387441044,0.5795916197985498,0.477106668231267,0.17514874436646077,0.4254226679048013,0.4378653393343344,0.6994610203942119,0.5215008250175798,0.37699055328312947,0.6909471785513944,0.5419581103847424,0.33310235051013465,0.4150424648984178,0.4367095719229342,0.19189656682207934,0.4740022078231412,0.4467629602454487,0.4431067750033338,0.12274632870488009,0.52254844939615,0.5058138400652998,0.3249805533882941,0.31275050753712014,0.45463365902660924,0.2792040024653136,0.306961826264283,1.5,0.3159290478028521,0.25379982115141225,0.23466604449803008,0.4586429581035057,0.2349225502948354,0.6435332288716085,0.21503054567727442,0.4093906355982357,0.17515013660489429,0.5645301866257207
2004-09-30,0.7431380675426855,0.5574130315337185,0.8293785684362428,0.5888424400238441,0.572536096761792,0.7066780964665368,0.5979707903765807,0.6939183059398648,0.679101227168178,0.5962274808997998,0.39595810387441044,0.5795916197985498,0.477106668231267,0.17514874436646077,0.4254226679048013,0.4378653393343344,0.6994610203942119,0.5215008250175798,0.37699055328312947,0.6909471785513944,0.5419581103847424,0.33310235051013465,0.4150424648984178,0.4367095719229342,0.19189656682207934,0.4740022078231412,0.4467629602454487,0.4431067750033338,0.12274632870488009,0.52254844939615,0.5058138400652998,0.3249805533882941,0.31275050753712014,0.45463365902660924,0.2792040024653136,0.306961826264283,1.5,0.3159290478028521,0.25379982115141225,0.23466604449803008,0.4586429581035057,0.2349225502948354,0.6435332288716085,0.21503054567727442,0.4093906355982357,0.17515013660489429,0.5645301866257207
2004-10-29,0.7431380675426855,0.5574130315337185,0.8293785684362428,0.5888424400238441,0.572536096761792,0.7066780964665368,0.5979707903765807,0.6939183059398648,0.679101227168178,0.5962274808997998,0.39595810387441044,0.5795916197985498,0.477106668231267,0.17514874436646077,0.4254226679048013,0.4378653393343344,0.6994610203942119,0.5215008250175798,0.37699055328312947,0.6909471785513944,0.5419581103847424,0.33310235051013465,0.4150424648984178,0.4367095719229342,0.19189656682207934,0.4740022078231412,0.4467629602454487,0.4431067750033338,0.12274632870488009,0.52254844939615,0.5058138400652998,0.3249805533882941,0.31275050753712014,0.45463365902660924,0.2792040024653136,0.306961826264283,1.5,0.3159290478028521,0.25379982115141225,0.23466604449803008,0.4586429581035057,0.2349225502948354,0.6435332288716085,0.21503054567727442,0.4093906355982357,0.17515013660489429,0.5645301866257207
2004-11-30,0.7431380675426855,0.5574130315337185,0.8293785684362428,0.5888424400238441,0.572536096761792,0.7066780964665368,0.5979707903765807,0.6939183059398648,0.679101227168178,0.5962274808997998,0.39595810387441044,0.5795916197985498,0.477106668231267,0.17514874436646077,0.4254226679048013,0.4378653393343344,0.6994610203942119,0.5215008250175798,0.37699055328312947,0.6909471785513944,0.5419581103847424,0.33310235051013465,0.4150424648984178,0.4367095719229342,0.19189656682207934,0.4740022078231412,0.4467629602454487,0.4431067750033338,0.12274632870488009,0.52254844939615,0.5058138400652998,0.3249805533882941,0.31275050753712014,0.45463365902660924,0.2792040024653136,0.306961826264283,1.5,0.3159290478028521,0.25379982115141225,0.23466604449803008,0.4586429581035057,0.2349225502948354,0.6435332288716085,0.21503054567727442,0.4093906355982357,0.17515013660489429,0.5645301866257207
2004-12-31,0.7431380675426855,0.5574130315337185,0.8293785684362428,0.5888424400238441,0.572536096761792,0.7066780964665368,0.5979707903765807,0.6939183059398648,0.679101227168178,0.5962274808997998,0.39595810387441044,0.5795916197985498,0.477106668231267,0.17514874436646077,0.4254226679048013,0.4378653393343344,0.6994610203942119,0.5215008250175798,0.37699055328312947,0.6909471785513944,0.5419581103847424,0.33310235051013465,0.4150424648984178,0.4367095719229342,0.19189656682207934,0.4740022078231412,0.4467629602454487,0.4431067750033338,0.12274632870488009,0.52254844939615,0.5058138400652998,0.3249805533882941,0.31275050753712014,0.45463365902660924,0.2792040024653136,0.306961826264283,1.5,0.3159290478028521,0.25379982115141225,0.23466604449803008,0.4586429581035057,0.2349225502948354,0.6435332288716085,0.21503054567727442,0.4093906355982357,0.17515013660489429,0.5645301866257207
2005-01-31,0.7431380675426855,0.5574130315337185,0.8293785684362428,0.5888424400238441,0.572536096761792,0.7066780964665368,0.5979707903765807,0.6939183059398648,0.679101227168178,0.5962274808997998,0.39595810387441044,0.5795916197985498,0.477106668231267,0.17514874436646077,0.4254226679048013,0.4378653393343344,0.6994610203942119,0.5215008250175798,0.37699055328312947,0.6909471785513944,0.5419581103847424,0.33310235051013465,0.4150424648984178,0.4367095719229342,0.19189656682207934,0.4740022078231412,0.4467629602454487,0.4431067750033338,0.12274632870488009,0.52254844939615,0.5058138400652998,0.3249805533882941,0.31275050753712014,0.45463365902660924,0.2792040024653136,0.306961826264283,1.5,0.3159290478028521,0.25379982115141225,0.23466604449803008,0.4586429581035057,0.2349225502948354,0.6435332288716085,0.21503054567727442,0.4093906355982357,0.17515013660489429,0.5645301866257207
2005-02-28,0.7431380675426855,0.5574130315337185,0.8293785684362428,0.5888424400238441,0.572536096761792,0.7066780964665368,0.5979707903765807,0.6939183059398648,0.679101227168178,0.5962274808997998,0.39595810387441044,0.5795916197985498,0.477106668231267,0.17514874436646077,0.4254226679048013,0.4378653393343344,0.6994610203942119,0.5215008250175798,0.37699055328312947,0.6909471785513944,0.5419581103847424,0.33310235051013465,0.4150424648984178,0.4367095719229342,0.19189656682207934,0.4740022078231412,0.4467629602454487,0.4431067750033338,0.12274632870488009,0.52254844939615,0.5058138400652998,0.3249805533882941,0.31275050753712014,0.45463365902660924,0.2792040024653136,0.306961826264283,1.5,0.3159290478028521,0.25379982115141225,0.23466604449803008,0.4586429581035057,0.2349225502948354,0.6435332288716085,0.21503054567727442,0.4093906355982357,0.17515013660489429,0.5645301866257207
2005-03-31,0.7431380675426855,0.5574130315337185,0.8293785684362428,0.5888424400238441,0.572536096761792,0.7066780964665368,0.5979707903765807,0.6939183059398648,0.679101227168178,0.5962274808997998,0.39595810387441044,0.5795916197985498,0.477106668231267,0.17514874436646077,0.4254226679048013,0.4378653393343344,0.6994610203942119,0.5215008250175798,0.37699055328312947,0.6909471785513944,0.5419581103847424,0.33310235051013465,0.4150424648984178,0.4367095719229342,0.19189656682207934,0.4740022078231412,0.4467629602454487,0.4431067750033338,0.12274632870488009,0.52254844939615,0.5058138400652998,0.3249805533882941,0.31275050753712014,0.45463365902660924,0.2792040024653136,0.306961826264283,1.5,0.3159290478028521,0.25379982115141225,0.23466604449803008,0.4586429581035057,0.2349225502948354,0.6435332288716085,0.21503054567727442,0.4093906355982357,0.17515013660489429,0.5645301866257207
2005-04-29,0.7431380675426855,0.5574130315337185,0.8293785684362428,0.5888424400238441,0.572536096761792,0.7066780964665368,0.5979707903765807,0.6939183059398648,0.679101227168178,0.5962274808997998,0.39595810387441044,0.5795916197985498,0.477106668231267,0.17514874436646077,0.4254226679048013,0.4378653393343344,0.6994610203942119,0.5215008250175798,0.37699055328312947,0.6909471785513944,0.5419581103847424,0.33310235051013465,0.4150424648984178,0.4367095719229342,0.19189656682207934,0.4740022078231412,0.4467629602454487,0.4431067750033338,0.12274632870488009,0.52254844939615,0.5058138400652998,0.3249805533882941,0.31275050753712014,0.45463365902660924,0.2792040024653136,0.306961826264283,1.5,0.3159290478028521,0.25379982115141225,0.23466604449803008,0.4586429581035057,0.2349225502948354,0.6435332288716085,0.21503054567727442,0.4093906355982357,0.17515013660489429,0.5645301866257207
2005-05-31,0.7431380675426855,0.5574130315337185,0.8293785684362428,0.5888424400238441,0.572536096761792,0.7066780964665368,0.5979707903765807,0.6939183059398648,0.679101227168178,0.5962274808997998,0.39595810387441044,0.5795916197985498,0.477106668231267,0.17514874436646077,0.4254226679048013,0.4378653393343344,0.6994610203942119,0.5215008250175798,0.37699055328312947,0.6909471785513944,0.5419581103847424,0.33310235051013465,0.4150424648984178,0.4367095719229342,0.19189656682207934,0.4740022078231412,0.4467629602454487,0.4431067750033338,0.12274632870488009,0.52254844939615,0.5058138400652998,0.3249805533882941,0.31275050753712014,0.45463365902660924,0.2792040024653136,0.306961826264283,1.5,0.3159290478028521,0.25379982115141225,0.23466604449803008,0.4586429581035057,0.2349225502948354,0.6435332288716085,0.21503054567727442,0.4093906355982357,0.17515013660489429,0.5645301866257207
2005-06-30,0.7431380675426855,0.5574130315337185,0.8293785684362428,0.5888424400238441,0.572536096761792,0.7066780964665368,0.5979707903765807,0.6939183059398648,0.679101227168178,0.5962274808997998,0.39595810387441044,0.5795916197985498,0.477106668231267,0.17514874436646077,0.4254226679048013,0.4378653393343344,0.6994610203942119,0.5215008250175798,0.37699055328312947,0.6909471785513944,0.5419581103847424,0.33310235051013465,0.4150424648984178,0.4367095719229342,0.19189656682207934,0.4740022078231412,0.4467629602454487,0.4431067750033338,0.12274632870488009,0.52254844939615,0.5058138400652998,0.3249805533882941,0.31275050753712014,0.45463365902660924,0.2792040024653136,0.306961826264283,1.5,0.3159290478028521,0.25379982115141225,0.23466604449803008,0.4586429581035057,0.2349225502948354,0.6435332288716085,0.21503054567727442,0.4093906355982357,0.17515013660489429,0.5645301866257207
2005-07-29,0.7431380675426855,0.5574130315337185,0.8293785684362428,0.5888424400238441,0.572536096761792,0.7066780964665368,0.5979707903765807,0.6939183059398648,0.679101227168178,0.5962274808997998,0.39595810387441044,0.5795916197985498,0.477106668231267,0.17514874436646077,0.4254226679048013,0.4378653393343344,0.6994610203942119,0.5215008250175798,0.37699055328312947,0.6909471785513944,0.5419581103847424,0.33310235051013465,0.4150424648984178,0.4367095719229342,0.19189656682207934,0.4740022078231412,0.4467629602454487,0.4431067750033338,0.12274632870488009,0.52254844939615,0.5058138400652998,0.3249805533882941,0.31275050753712014,0.45463365902660924,0.2792040024653136,0.306961826264283,1.5,0.3159290478028521,0.25379982115141225,0.23466604449803008,0.4586429581035057,0.2349225502948354,0.6435332288716085,0.21503054567727442,0.4093906355982357,0.17515013660489429,0.5645301866257207
2005-08-31,0.7431380675426855,0.5574130315337185,0.8293785684362428,0.5888424400238441,0.572536096761792,0.7066780964665368,0.5979707903765807,0.6939183059398648,0.679101227168178,0.5962274808997998,0.39595810387441044,0.5795916197985498,0.477106668231267,0.17514874436646077,0.4254226679048013,0.4378653393343344,0.6994610203942119,0.5215008250175798,0.37699055328312947,0.6909471785513944,0.5419581103847424,0.33310235051013465,0.4150424648984178,0.4367095719229342,0.19189656682207934,0.4740022078231412,0.4467629602454487,0.4431067750033338,0.12274632870488009,0.52254844939615,0.5058138400652998,0.3249805533882941,0.31275050753712014,0.45463365902660924,0.2792040024653136,0.306961826264283,1.5,0.3159290478028521,0.25379982115141225,0.23466604449803008,0.4586429581035057,0.2349225502948354,0.6435332288716085,0.21503054567727442,0.4093906355982357,0.17515013660489429,0.5645301866257207
2005-09-30,0.7431380675426855,0.5574130315337185,0.8293785684362428,0.5888424400238441,0.572536096761792,0.7066780964665368,0.5979707903765807,0.6939183059398648,0.679101227168178,0.5962274808997998,0.39595810387441044,0.5795916197985498,0.477106668231267,0.17514874436646077,0.4254226679048013,0.4378653393343344,0.6994610203942119,0.5215008250175798,0.37699055328312947,0.6909471785513944,0.5419581103847424,0.33310235051013465,0.4150424648984178,0.4367095719229342,0.19189656682207934,0.4740022078231412,0.4467629602454487,0.4431067750033338,0.12274632870488009,0.52254844939615,0.5058138400652998,0.3249805533882941,0.31275050753712014,0.45463365902660924,0.2792040024653136,0.306961826264283,1.5,0.3159290478028521,0.25379982115141225,0.23466604449803008,0.4586429581035057,0.2349225502948354,0.6435332288716085,0.21503054567727442,0.4093906355982357,0.17515013660489429,0.5645301866257207
2005-10-31,0.7431380675426855,0.5574130315337185,0.8293785684362428,0.5888424400238441,0.572536096761792,0.7066780964665368,0.5979707903765807,0.6939183059398648,0.679101227168178,0.5962274808997998,0.39595810387441044,0.5795916197985498,0.477106668231267,0.17514874436646077,0.4254226679048013,0.4378653393343344,0.6994610203942119,0.5215008250175798,0.37699055328312947,0.6909471785513944,0.5419581103847424,0.33310235051013465,0.4150424648984178,0.4367095719229342,0.19189656682207934,0.4740022078231412,0.4467629602454487,0.4431067750033338,0.12274632870488009,0.52254844939615,0.5058138400652998,0.3249805533882941,0.31275050753712014,0.45463365902660924,0.2792040024653136,0.306961826264283,1.5,0.3159290478028521,0.25379982115141225,0.23466604449803008,0.4586429581035057,0.2349225502948354,0.6435332288716085,0.21503054567727442,0.4093906355982357,0.17515013660489429,0.5645301866257207
2005-11-30,0.7431380675426855,0.5574130315337185,0.8293785684362428,0.5888424400238441,0.572536096761792,0.7066780964665368,0.5979707903765807,0.6939183059398648,0.679101227168178,0.5962274808997998,0.39595810387441044,0.5795916197985498,0.477106668231267,0.17514874436646077,0.4254226679048013,0.4378653393343344,0.6994610203942119,0.5215008250175798,0.37699055328312947,0.6909471785513944,0.5419581103847424,0.33310235051013465,0.4150424648984178,0.4367095719229342,0.19189656682207934,0.4740022078231412,0.4467629602454487,0.4431067750033338,0.12274632870488009,0.52254844939615,0.5058138400652998,0.3249805533882941,0.31275050753712014,0.45463365902660924,0.2792040024653136,0.306961826264283,1.5,0.3159290478028521,0.25379982115141225,0.23466604449803008,0.4586429581035057,0.2349225502948354,0.6435332288716085,0.21503054567727442,0.4093906355982357,0.17515013660489429,0.5645301866257207
2005-12-30,0.7431380675426855,0.5574130315337185,0.8293785684362428,0.5888424400238441,0.572536096761792,0.7066780964665368,0.5979707903765807,0.6939183059398648,0.679101227168178,0.5962274808997998,0.39595810387441044,0.5795916197985498,0.477106668231267,0.17514874436646077,0.4254226679048013,0.4378653393343344,0.6994610203942119,0.5215008250175798,0.37699055328312947,0.6909471785513944,0.5419581103847424,0.33310235051013465,0.4150424648984178,0.4367095719229342,0.19189656682207934,0.4740022078231412,0.4467629602454487,0.4431067750033338,0.12274632870488009,0.52254844939615,0.5058138400652998,0.3249805533882941,0.31275050753712014,0.45463365902660924,0.2792040024653136,0.306961826264283,1.5,0.3159290478028521,0.25379982115141225,0.23466604449803008,0.4586429581035057,0.2349225502948354,0.6435332288716085,0.21503054567727442,0.4093906355982357,0.17515013660489429,0.5645301866257207
2006-01-31,0.7431380675426855,0.5574130315337185,0.8293785684362428,0.5888424400238441,0.572536096761792,0.7066780964665368,0.5979707903765807,0.6939183059398648,0.679101227168178,0.5962274808997998,0.39595810387441044,0.5795916197985498,0.477106668231267,0.17514874436646077,0.4254226679048013,0.4378653393343344,0.6994610203942119,0.5215008250175798,0.37699055328312947,0.6909471785513944,0.5419581103847424,0.33310235051013465,0.4150424648984178,0.4367095719229342,0.19189656682207934,0.4740022078231412,0.4467629602454487,0.4431067750033338,0.12274632870488009,0.52254844939615,0.5058138400652998,0.3249805533882941,0.31275050753712014,0.45463365902660924,0.2792040024653136,0.306961826264283,1.5,0.3159290478028521,0.25379982115141225,0.23466604449803008,0.4586429581035057,0.2349225502948354,0.6435332288716085,0.21503054567727442,0.4093906355982357,0.17515013660489429,0.5645301866257207
2006-02-28,0.7431380675426855,0.5574130315337185,0.8293785684362428,0.5888424400238441,0.572536096761792,0.7066780964665368,0.5979707903765807,0.6939183059398648,0.679101227168178,0.5962274808997998,0.39595810387441044,0.5795916197985498,0.477106668231267,0.17514874436646077,0.4254226679048013,0.4378653393343344,0.6994610203942119,0.5215008250175798,0.37699055328312947,0.6909471785513944,0.5419581103847424,0.33310235051013465,0.4150424648984178,0.4367095719229342,0.19189656682207934,0.4740022078231412,0.4467629602454487,0.4431067750033338,0.12274632870488009,0.52254844939615,0.5058138400652998,0.3249805533882941,0.31275050753712014,0.45463365902660924,0.2792040024653136,0.306961826264283,1.5,0.3159290478028521,0.25379982115141225,0.23466604449803008,0.4586429581035057,0.2349225502948354,0.6435332288716085,0.21503054567727442,0.4093906355982357,0.17515013660489429,0.5645301866257207
2006-03-31,0.7366891562043334,0.5619889578033636,0.8303964139155319,0.5906271151138276,0.5688193325697943,0.7051097247965712,0.6035986689326899,0.6978068116959598,0.6669768439674838,0.5958994640752857,0.40488226935497973,0.5691617346814464,0.47635633247363784,0.1710021630496548,0.4178608734191701,0.4349771003273986,0.6918043648322,0.5130615512596275,0.36987178135647475,0.6968597972050166,0.5498379356146017,0.37603309094307497,0.419124972002285,0.4604008387141138,0.18825690761520933,0.46920480731506875,0.45566270261728553,0.4378738543844057,0.12274632870488009,0.5274491561473517,0.5223996879925609,0.3331484434749705,0.31172050602267243,0.46303372226925615,0.26216485927372507,0.294186839883175,1.5,0.31500563351960403,0.2569029758660213,0.23026762330686595,0.4526728894193935,0.23673360015655806,0.6357566461259113,0.2191750015315648,0.41736853155030995,0.17626855156640842,0.556951225487506
2006-04-28,0.7391411343737858,0.565464045748752,0.829564174801672,0.5831791131563245,0.5665510003356351,0.6995110862754207,0.5992642377589966,0.695144242208505,0.6657058472467594,0.5894096983398783,0.42560133579269327,0.5660049659910168,0.474412048874453,0.17302258274860496,0.4185727763090464,0.4344093754001875,0.7201252071870899,0.49833381873991217,0.3652288838314003,0.6995243000417497,0.550141045904665,0.37164798545186695,0.4155559501461157,0.45480722735825735,0.18577139210188034,0.4649443156107633,0.45033309475619904,0.4405570202891931,0.12274632870488009,0.526710741005188,0.5241003675065106,0.33317883532348025,0.3064961907460217,0.5082390789789888,0.2560828977331995,0.29783265839877293,1.5,0.30997329486979436,0.25050113120923156,0.23156343589599684,0.4485078314801858,0.23062910203646417,0.641156485697207,0.21982519093078304,0.41469699482778344,0.20380750045355173,0.5508751213248776
2006-05-31,0.7410323469302638,0.5679512819930858,0.8280163052450746,0.5830387694732587,0.5641113341460459,0.6966700466274063,0.5914210600063788,0.6861952324875834,0.6445678791847644,0.5785354179149066,0.42302066710681013,0.5592595933682056,0.4718157238384006,0.16996984393259026,0.41863461025278115,0.43302647008042094,0.7176155362570434,0.48317066063829467,0.35292459371937485,0.7053286866143315,0.5302089129784487,0.36316945026916503,0.41247603401057037,0.3699453035135718,0.18669416859519214,0.45443607324218116,0.4504122656019289,0.43077491301219517,0.12274632870488009,0.5242511024865342,0.5186770408332965,0.32911555878355353,0.30502888130538386,0.4572090594719641,0.25787957415105767,0.29491681570391653,1.1363820416549364,0.30766319540150644,0.24596075887863808,0.22062005523831263,0.44436549394997893,0.22757165403187748,0.6381992419295393,0.21593638217762054,0.41474785764759514,0.19840282962690708,0.4990217363411838
2006-06-30,0.7582199320879548,0.5829898874708608,0.8370646530185658,0.5935435799702329,0.6232462278209784,0.6992689542594928,0.5899960008639836,0.7041729464152027,0.6544988421365187,0.600474811582673,0.45290571961842296,0.5578348009428326,0.47829462195176814,0.1699035381298856,0.41813461096900906,0.4298724023740973,0.7336413656779278,0.4825387305465284,0.3983816509685568,0.7051134726093371,0.5185945976020395,0.39537792309942915,0.4306772435181917,0.4060188750148026,0.20895106282607198,0.4801622104879364,0.4847349566407017,0.45392694791052507,0.12274632870488009,0.5462343356722494,0.5113006239035,0.3320910212986003,0.3043731828680585,0.4449642287763374,0.2554002778811237,0.3065531970844219,1.0804563759228203,0.32550712799663145,0.261971920048728,0.22506461102692896,0.4532090029595754,0.23443164393107924,0.6289677287598487,0.26766019968077676,0.4137972296849387,0.20750668997595947,0.4628634168092266
2006-07-31,0.7644851515958567,0.5928289095666169,0.8358035336079299,0.5932438753813303,0.6249664313263724,0.7008880727259936,0.58483478846881,0.7025092626556277,0.6752081051962423,0.6099500395498911,0.4533311751841074,0.5519970170986229,0.48006486605013454,0.15750076418570633,0.415657523749486,0.43306196931494867,0.7315550911607525,0.4777964080726219,0.3979370487169827,0.702956726543949,0.5111236567181672,0.39307340323555673,0.42968888702040053,0.4412273062779293,0.21289721763932395,0.4738863931957454,0.4863323990234995,0.45353383038004397,0.12274632870488009,0.535641302185126,0.5012434612115566,0.32797041206112826,0.3056904384311325,0.44656991916771605,0.2558617821559871,0.3054117867953329,1.0325261563074406,0.3267701148660783,0.2637598779665928,0.22489373229676896,0.4527075677447392,0.2377783009463856,0.6249751193283652,0.27398390088397995,0.40986202952131245,0.20282977958961546,0.4486052890268232
2006-08-31,0.7650168879651419,0.5918584993768111,0.8406162722947086,0.589958890161124,0.6131619446207393,0.699203678949154,0.5857949941242417,0.702098318260142,0.6811515781734,0.6088270595919931,0.45980460993383454,0.5955907675358987,0.48158368393114986,0.1587822394525458,0.4044940271964428,0.4400922822809239,0.7374014091049464,0.4836271375396817,0.4012434745065145,0.7098400698953283,0.509912864921318,0.3912024582285323,0.42578438488187037,0.42627716908548746,0.21049061641906014,0.47123203512790995,0.4794856661379409,0.43917258375290247,0.12274632870488009,0.5317180595548261,0.5021551914497635,0.32967995308842263,0.30823424721477427,0.47103282443323763,0.25558560638131606,0.30774804631432506,0.9919446926991048,0.3151707907786388,0.2617032015768486,0.22292339840100625,0.4345390987810004,0.23378828800708631,0.6182778716858714,0.27505099216828255,0.41054745842423346,0.20022872095269306,0.4093653635519769
2006-09-29,0.7631369502719842,0.5948893193075226,0.8365624171511378,0.5925647447182797,0.6128933048764494,0.7022108110846627,0.5915634757824071,0.7043525142610144,0.6873567961227988,0.6177650434262875,0.4587803915733868,0.5834552448614481,0.4794426729506881,0.15382536050040668,0.4070084698856197,0.44166718857739684,0.7196601308654681,0.48045295152195394,0.41015519497839537,0.7040620940004115,0.5158013915821552,0.39247100965148146,0.42748551401350215,0.41713745656509704,0.2101108169147471,0.48055795516135436,0.47706265237351453,0.43532842769853486,0.12274632870488009,0.5353491515545384,0.5011858155561139,0.32954945498427723,0.3079849432257899,0.4837679920493193,0.26340098198539785,0.30251593005533534,1.0054551797508031,0.3074393849365726,0.25215859651451905,0.2211548602149043,0.4358218988429096,0.23574496232156433,0.6239300538150505,0.2632065897764748,0.4230941302197519,0.19727497672302485,0.3546571411790694
2006-10-31,0.7631441115807654,0.5963925241586377,0.8355635352829425,0.5903053850401003,0.6015220230287229,0.701539937293578,0.5918759339397345,0.6948581321268299,0.6786447987614559,0.6073657069555746,0.4569450114040838,0.5840409668782935,0.48804714460695486,0.13440911562401572,0.40967292606564204,0.44162202944358514,0.711122963054383,0.4586198057867306,0.41021745316152436,0.699319578499583,0.5148553707678669,0.3981275194176681,0.4091885972535238,0.42485275088929053,0.20849271447408563,0.47878844020472977,0.4758473647813503,0.43447067204734224,0.12274632870488009,0.5367468378271393,0.5026752798580484,0.33046955498627817,0.30676968104225366,0.4670640808677563,0.262744330412128,0.3065461919086602,1.006923397146606,0.29935467103898716,0.25501652732324376,0.21851175944242948,0.43241054476395374,0.222478160820657,0.6274953914920789,0.26471779820597596,0.4215113028236492,0.1843259532089934,0.34794821247978863
2006-11-30,0.7601185027404909,0.5973308127649396,0.8282074739690582,0.5807325479105115,0.6136538846904419,0.6983883500976178,0.5933404718057713,0.6971967248791147,0.6710062179079377,0.6044050778309652,0.46544070120380415,0.5725096061119737,0.4860638331086824,0.13121133642062283,0.4097154528014758,0.4321979647627561,0.702771106898994,0.4351432819325205,0.40710979234022315,0.6928508601375374,0.5106293767580921,0.3994235743101868,0.4057970921455409,0.44496888441554644,0.2062850275698534,0.4705651089927768,0.46988688344621515,0.4290558619668411,0.12274632870488009,0.5347443452684956,0.5023286386551544,0.3332557170902893,0.3013428964962817,0.35833903396976274,0.26525546581278037,0.3022967211686877,0.979226634981349,0.2916042046691397,0.2521418976290326,0.21557562567911365,0.4299725106665336,0.21685233783015612,0.6250813023111975,0.2648269711057168,0.415964294838969,0.18609136543656202,0.3478228004929128
2006-12-29,0.7544815195839963,0.6012423766895151,0.8234303422462952,0.5802026346174403,0.6105308462385003,0.687576346235607,0.5923003547568603,0.6957470917961266,0.6653699623319376,0.5996080407170982,0.46684877476431147,0.5566576915273197,0.48404859152846963,0.12401439007402493,0.41066186237577557,0.4341883281370218,0.6995226973999472,0.42928471048377237,0.4108866522992543,0.6977027016266028,0.5011007842132599,0.40376133221718286,0.4065367257535191,0.44775222625307254,0.20430138219840366,0.4640241212607209,0.4683938538248941,0.42401215084302607,0.12274632870488009,0.5323353696848003,0.5025718908727425,0.3256143682893019,0.29903237573214136,0.3608224714092397,0.27533663897386107,0.3018285320710977,1.0249828988010854,0.2934042258360146,0.24856533556087473,0.21629410339835722,0.414321683510255,0.21525546071040774,0.6214372066955667,0.25951117220735753,0.40967552299128235,0.18222103121557154,0.3112162010440687
2007-01-31,0.7550250592769062,0.6007770491444354,0.8208099027850383,0.5774972591992902,0.6165605842169793,0.6835509249224175,0.5912543556540782,0.6940910813488178,0.662699613485746,0.5980870375513753,0.46578465557934046,0.5508335019907845,0.4782651087373658,0.123157243391983,0.4004274992502237,0.4352766803846267,0.7016694219603101,0.43384992104462794,0.4099850774595627,0.6841434797922255,0.5097875701517356,0.4005360262451844,0.4125934174635709,0.35780838324633407,0.1998506957372707,0.4629205353540072,0.4757393838732679,0.41908652280162895,0.12274632870488009,0.5252004632135234,0.5020573423161727,0.319688244727375,0.2963601256795693,0.3662030498593266,0.2802645326344318,0.3015482680734057,0.9205705876863414,0.28665964480679357,0.25158348552772475,0.22328927204831056,0.419655732077713,0.21692350547052272,0.6157876968409405,0.26296771112671424,0.42182504291199946,0.1807805753574279,0.31896516672284825
2007-02-28,0.7513166931743182,0.6026415308273388,0.822898569077487,0.5785973429926116,0.6097962765497894,0.6728873674485065,0.589358302987253,0.6941740200195502,0.6639280321392436,0.5991564961831838,0.46525411667480426,0.5487409883829419,0.4734028766360779,0.12190559396190116,0.39961867484891667,0.4355486932378978,0.7019170059361396,0.4230504663411646,0.4110451121451467,0.6793650795198259,0.4941346327351898,0.3960338097002758,0.4101242530149531,0.30680604497974817,0.19900772011147305,0.4573316933817933,0.47499037759728346,0.4172099527757624,0.12274632870488009,0.522361749617048,0.5056497108059141,0.31306709571863994,0.289696724663462,0.35327721856915095,0.2849253084956858,0.30669834154521514,0.9181697708768817,0.2783872109195302,0.24865815758158166,0.22005390302062455,0.41485194880882525,0.2045906941652917,0.6127680983030643,0.2618826288148712,0.41935711680005244,0.18226274929372593,0.32187562883053317
2007-03-30,0.7479272660070645,0.603763837975374,0.816283226993301,0.5729113470964631,0.6056666932043768,0.6676949634933231,0.591232023566949,0.6922336620461708,0.6732932677893623,0.6036176186673382,0.4685647105914217,0.5377558482528895,0.4694186688740297,0.11963165378245384,0.3939354302408586,0.4313904504477,0.7018851945186821,0.42416046425019627,0.40865374926049347,0.6526085617899583,0.49389842590110056,0.403793334483173,0.40773074197242704,0.2860635117173851,0.19682440189826825,0.46116857908229597,0.4700374276796211,0.4217719131279644,0.12274632870488009,0.5169823443188145,0.48985469302537105,0.3134369446154374,0.2888159435951645,0.18382453820156472,0.27419137121016207,0.31276670767832476,0.9584307927115032,0.28448451887076887,0.24660424311947435,0.2198961718347285,0.4208100894236514,0.20651226828356817,0.6163816360851243,0.26224830400881805,0.42301082977047694,0.1772025752378212,0.3005279293837238
2007-04-30,0.7517251732541167,0.6050323836363936,0.8075860342080381,0.5724327980652113,0.6126211177922143,0.6691216820563112,0.5984910740713165,0.6916065220016111,0.6758060104086586,0.6017820940378206,0.4669372064267352,0.5442853004063398,0.4745372514367081,0.11441165530942575,0.3827350791233045,0.4298050001096764,0.7137825986767663,0.4122854206816583,0.40070496060442823,0.6484478563856694,0.4915428109901563,0.4013313282133412,0.4057208374203321,0.22973417207201288,0.19302427728990473,0.4653202928853961,0.463034896204183,0.4159813446795205,0.12274632870488009,0.5115079662471685,0.4864258572990071,0.30582098395018403,0.2818591364232162,0.16837775478266329,0.2724992850113405,0.31270917661067554,0.9682286401995941,0.2768386205883479,0.24931854298435643,0.22230978011411334,0.4153173678139297,0.2060549231930977,0.631828994803172,0.26559829215994496,0.41793086279132574,0.16833120945276747,0.2962272507119217
2007-05-31,0.7506828297526198,0.6094708535687611,0.8068657102643532,0.5708795071691221,0.6134518630550276,0.6649624592918546,0.5997373868913821,0.6797831341647449,0.6686222356724362,0.5988540443269167,0.4625812433719949,0.5490929454748258,0.46871846771291853,0.10846898004756568,0.37880120071075485,0.42104265290768866,0.7138305391534728,0.4100237617320176,0.40049048480485977,0.6617783285167321,0.48495572491937805,0.3943654055553428,0.3990434646568334,0.22396562952143,0.19136206905817474,0.4597314593663813,0.450858371730538,0.42708223640728327,0.12274632870488009,0.5077002878475452,0.4922129233956773,0.2993736026357624,0.2770487271799985,0.16267206521807911,0.2721071427160414,0.3178977206198881,0.9919878292313559,0.2640717898833107,0.25367710375496466,0.21104607272148085,0.4158110230743762,0.2032491959774178,0.6406545359165065,0.25879734063962384,0.4142084165753921,0.17137636174961976,0.31938147009732853
2007-06-29,0.7510980479541769,0.6099789220437739,0.8198614720106376,0.5666245386880931,0.6224207960499443,0.6680950876536619,0.6086268990554794,0.6818573762942352,0.6504609698027003,0.5981334790385601,0.4525600704055497,0.5491534988352147,0.47678722434088433,0.10278364194265102,0.38144068694607053,0.4274567348525431,0.7203720896708954,0.42968019596897933,0.41195829044489096,0.6683398010006686,0.4726580611718652,0.39060673968782594,0.39984438412725387,0.28232159259051703,0.19244435047695396,0.48717104680678947,0.4553950933131199,0.41377886958660154,0.12274632870488009,0.5103639982818319,0.4930590384456666,0.30151719839045504,0.2748251022726529,0.16623545769149695,0.2602047716139078,0.3242326512784952,0.9838421123109915,0.2812337567825026,0.2545634532017981,0.20910739915714124,0.4017617687653811,0.21831021503190773,0.6930283332133538,0.257414753082761,0.41709570914490385,0.17720594058756714,0.3294269279806609
2007-07-31,0.7579039963910598,0.6114033896205463,0.8191750644112192,0.5694348894040572,0.6183237812493182,0.6690818658293345,0.5973849789722157,0.6754457824177518,0.6476794261890091,0.5984428308744821,0.4481799058341267,0.5556553660811874,0.4822761383145301,0.0987393433941402,0.375368765448358,0.4737693164843916,0.7210905142941868,0.43774057479459905,0.4109770954608267,0.6524788159874816,0.46784914023935864,0.38154876462097576,0.3919995534649981,0.25586834800098684,0.1910524317627437,0.4655179733744038,0.45138607927686536,0.40463823786775344,0.12274632870488009,0.5193295757196346,0.478304076884797,0.30324740814537593,0.2684534208176638,0.16222070838157016,0.25876211077487693,0.3189598597129938,1.0448201495920217,0.2898851316196513,0.25153678216177194,0.21177402946485255,0.40089247624935553,0.16657915161733017,0.6919131641100688,0.25539772592999205,0.41299951005097646,0.19161449706258477,0.3503160276425203
2007-08-31,0.7610463745030067,0.6119064313049217,0.8172041813662195,0.5707494806178177,0.6304353486423713,0.6748611771834532,0.6021171031195415,0.6899460763316384,0.6459180386366148,0.5993577365187954,0.4607202769901515,0.5589108402176277,0.48674178468618007,0.09517450554432592,0.3786880817039631,0.4695561692639034,0.740772669280407,0.4341632964133878,0.40930993149615985,0.65224383175478,0.46741721167885336,0.3803690286258674,0.39442262363087155,0.23927278712381164,0.18901928516638072,0.47489508653637863,0.45656635993404093,0.4070111265727704,0.12274632870488009,0.5199671460511798,0.483437918417177,0.3057181412307186,0.2688448028220463,0.16158098358045822,0.2603833847160247,0.3157954666237648,1.0453966129326908,0.28705165745300704,0.2528324997051739,0.21062343094153751,0.4136228679749968,0.1688610787664985,0.6813494388744306,0.24439275955039966,0.4105336614738698,0.19335954212967163,0.3597718874483511
2007-09-28,0.7606080261476195,0.6191055052874591,0.8289510094886008,0.5785259962020585,0.6286616511189299,0.6737430826490023,0.6056922549556023,0.6902410621851615,0.6556343471766551,0.6020804125347448,0.46825417646071804,0.5653060307428629,0.489109898279629,0.09542675080603344,0.38121401737101995,0.4861018087073911,0.7515647422394494,0.4336900667749598,0.4186750121737965,0.6462112964734952,0.4604625979913337,0.3689291445925648,0.3982807500641165,0.27263900674996216,0.18673537837764925,0.47876356840773004,0.4578840176971321,0.42159814220014846,0.12274632870488009,0.5210940067798141,0.4816356286369891,0.307781411720566,0.2842759848161147,0.18132856133855882,0.26229737025471545,0.31605822882044815,1.0967567870878014,0.28761761258403346,0.2522737055686371,0.2129495079381477,0.4141849948789752,0.16741362938015034,0.6074704707768497,0.2738244753525168,0.40751966175917304,0.18508055189956518,0.3817477398571765
2007-10-31,0.7600710078870394,0.6120360989462589,0.8267065315810858,0.5721643804938894,0.6100225827998295,0.6721538398673773,0.6038597430008307,0.6854496039633629,0.5244439824093075,0.5903912927577674,0.46940648383226136,0.5316713335670122,0.48582849001710265,0.08861497559074365,0.3765315899082697,0.4851872565490795,0.749040043731847,0.42187290222786206,0.420003177122416,0.6788204279553189,0.452240495091747,0.35580334581355916,0.4087096229016428,0.32654026716247025,0.17525084310312805,0.4847617293156834,0.4567948601749412,0.4266829274324631,0.12274632870488009,0.5223487313632631,0.48329081630326987,0.31550411364462244,0.28509206264127435,0.17499051913400568,0.2634721832769052,0.31311966579086864,1.1493312059519805,0.289634592794033,0.25221319130070247,0.21717652832393064,0.41578562615234255,0.17212862652116062,0.6111784903819595,0.2658575932996907,0.40961723991597093,0.19460664365657332,0.40617312882632844
2007-11-30,0.7656398799876203,0.611428488284297,0.8295872924712878,0.5723654756955211,0.6242264431856043,0.6819516720060055,0.6067184192144103,0.6712609722321251,0.5085046620587771,0.5865799497586531,0.48353522046784086,0.529570460407906,0.49463221834796023,0.08688956692474774,0.37260413322534425,0.47362623934521697,0.7597161496629116,0.4182393109905321,0.4207430107757966,0.6707551620872145,0.4593533979386662,0.3546772857078421,0.4005376118167935,0.32026851947692625,0.16889936882732043,0.48703782079736696,0.45696166542906425,0.4342617612439014,0.12274632870488009,0.5181761526888744,0.4841628777739783,0.3150298152221155,0.27681255170248603,0.1732687665180312,0.26338857887368444,0.307668724294711,1.1766288226157873,0.2909397829518322,0.2478480226462059,0.2109965478955604,0.41846512237242456,0.17998366948708727,0.6099128815021846,0.2598353927899886,0.4049082124987864,0.21401171202206148,0.4225370681420453
2007-12-31,0.7772022020252923,0.6166298896220984,0.8293841273220349,0.5907837461616747,0.6409053050320641,0.6831618908733056,0.6286744594853655,0.6764643490488047,0.5263981414881788,0.5934081069078105,0.500590950534106,0.5368825840937798,0.512147565863358,0.09530930721845833,0.3681539692156257,0.4703726441544805,0.7315881903635431,0.4365482530481468,0.40006653595913455,0.6564917962883149,0.41466398235553314,0.3483681040447259,0.37586529894673343,0.2820936902637903,0.16653864077849073,0.5049568456621257,0.4823085311479784,0.4626325460840291,0.12274632870488009,0.5422920116796827,0.49727725294639913,0.3059160910168611,0.29218907338010436,0.18216988519650432,0.2654494321256618,0.31808661271749916,1.145369727013523,0.31120430919298436,0.2369788487791621,0.21655925537388696,0.39279060840258834,0.1775497077853003,0.6112811794784073,0.24870473421629813,0.3974593259540629,0.12893267740430095,0.39303787314133803
2008-01-31,0.7792394829297544,0.6181456332834598,0.8324226127859404,0.5878963470245522,0.6461818037657643,0.6801384536572368,0.614117821641755,0.6830763539841593,0.515818503614165,0.5923165581335765,0.4975479229957381,0.5083980034687212,0.5147110935633689,0.10331960917831887,0.37188845859400876,0.463082403541735,0.7314326264486452,0.44405458207318754,0.39392279489836135,0.6691749101720146,0.41189578016621037,0.3390551662484074,0.3767113770684688,0.2399612236737236,0.18202246857630108,0.5124777596038276,0.488085500258174,0.4642652119417385,0.12274632870488009,0.5539489146064762,0.4994118244581846,0.3049042653730655,0.29566669979048116,0.1748589683504939,0.269579454314297,0.31321692207431107,1.08928756625275,0.3108971132852494,0.23594249816486443,0.2097919341923227,0.38602847441759186,0.18106094378455456,0.6036970599374509,0.2445802248702251,0.391635811302102,0.1291586065398703,0.3636278913618719
2008-02-29,0.7793236114790204,0.6174946075213114,0.8270600543243783,0.5916428532652772,0.6438248267572809,0.6708605597801772,0.6095746955021635,0.6675921888061104,0.5117947935314783,0.5866376104320997,0.5034857484057081,0.5074344396756247,0.5081071301600126,0.0933509434243089,0.36794160390219366,0.45972312826356904,0.7250543184850226,0.4529901722991034,0.39909506895762165,0.6609154499530963,0.40651623650099483,0.33671855678763524,0.36649057613501884,0.2506882191590635,0.1775670180666747,0.5022855950903334,0.48090058962060406,0.46183033672968354,0.12274632870488009,0.549431340785964,0.4982012857419665,0.3131028595099056,0.29739636083613746,0.16828628672733384,0.27154362151979095,0.3140020957326264,1.1202038517505395,0.31026658077108515,0.2354681127514728,0.20909381738347452,0.37602184413124873,0.17734402973801758,0.5986677147064197,0.24310540677620804,0.3908833475219994,0.11829376534246043,0.37182557893103935
2008-03-31,0.7711277279617559,0.6113651138430193,0.8275937194779558,0.5949917981694312,0.651871991593012,0.6732155293727689,0.6048018658517303,0.6846194321820113,0.5107716189032092,0.5827955688450532,0.5008903191022009,0.5116975440233996,0.5054804396939531,0.09650794620448606,0.3836771119582154,0.46196420179217834,0.7237215721561927,0.4560338253275796,0.3983913530783752,0.6681367867402994,0.4076725223064152,0.34490982491640215,0.3547933029397554,0.2763028479122856,0.18536060999245998,0.49870965778735865,0.489223659448521,0.4749902296503335,0.12274632870488009,0.5463993092565248,0.48385674654350413,0.3003393618383527,0.29957936816989483,0.16687470768179535,0.2726505414824917,0.30848536199136306,1.132065327159225,0.31163049718006686,0.2400217532606022,0.21456069101644565,0.3761443087071001,0.1762973570153589,0.6020060770277789,0.21527408863104233,0.38843838832482863,0.16524081144392871,0.3446299993246079
2008-04-30,0.7803359952621399,0.6204944419503756,0.8314394695776313,0.592846411553177,0.653586445410928,0.6746857838117151,0.6170767049533797,0.6845796091447038,0.6221614191545303,0.5903934177909016,0.5052518977614041,0.5219363036816724,0.51570288172239,0.09063068200908309,0.38646650151029005,0.4724427075002976,0.723008457377368,0.45199736227618315,0.40225101009193154,0.6719439382184005,0.2079977896054896,0.3552429448621297,0.3595688357405761,0.3140827313481434,0.18358437457476684,0.496948498207279,0.49589677564545803,0.47604378355357474,0.12274632870488009,0.5516941282207799,0.476774098839552,0.31597839975593983,0.29448266502155923,0.16587736151471758,0.2703884058790274,0.30438396294008296,1.2787247671240152,0.31921298308152557,0.2398574544071731,0.2166004772297264,0.378658625908351,0.20588242679438695,0.602133798837117,0.21789575562421334,0.3969998023651671,0.16417895724280357,0.3773504733789341
2008-05-30,0.7784620741768818,0.6195277462140771,0.8312520974511686,0.5996693270009583,0.6576837542253765,0.6714879141172242,0.6165466401191667,0.6760567100817667,0.6338917666442424,0.5908607069627223,0.5087242525666246,0.5278041384283418,0.5110603564375137,0.0926879145620872,0.37849442785011045,0.46214080798302315,0.717024088811823,0.4346903839429295,0.4059527249139982,0.6651948658705786,0.20481312426773704,0.41336685124388284,0.35707966888235326,0.3095067636371145,0.18481385183574028,0.4992580968649194,0.49222232378643377,0.4736909387438061,0.12274632870488009,0.5530829338410926,0.46213893868125877,0.3106058947865696,0.29238544039684183,0.16567539884171537,0.2661106538913108,0.3037690819112798,1.2224668994396104,0.31633099070394544,0.240604275221592,0.1955198140794579,0.3988433757506495,0.2083809843822053,0.6096020261016586,0.1972412516577307,0.39572174460655263,0.16132326441758232,0.36999251810009187
2008-06-30,0.7943195465985934,0.6299030296548698,0.8408100020919813,0.6168185365833869,0.6765828852817166,0.6830949720587487,0.621630471828204,0.6806446905354008,0.6354350802930246,0.5881715037904672,0.5022724366666028,0.5253773235811586,0.5337016360352573,0.0945519804989786,0.3971608599788424,0.4306552359629882,0.6958817525992381,0.45275199241790204,0.3753190470689671,0.6554329846479054,0.16755561354320944,0.418638839138971,0.3047494794017852,0.3722053139822774,0.19474559488328386,0.5216006091014707,0.4945830686928567,0.48654243428467475,0.12274632870488009,0.5691526624890613,0.4745197828008638,0.3108941305982492,0.30291916507694955,0.15148333439549838,0.2696380342221876,0.32382180489407864,0.9677877427177317,0.3345778037635336,0.22322125967227743,0.2330706951599074,0.4139611766450387,0.18969619136588356,0.6221327629372249,0.20988551603129135,0.3984540866736127,0.1554375283670497,0.39279588659357845
2008-07-31,0.7915419965702669,0.6308530792934581,0.8415514744910549,0.595231097681777,0.6805989683617916,0.6928973939301133,0.6261101207504336,0.6827050499472327,0.6421805929693437,0.5890376350905597,0.5069373305971798,0.5408952421756402,0.533933923916221,0.09106984491665476,0.41294085185295676,0.425399789284994,0.7250309257978546,0.4609025446262088,0.37037287288813775,0.6303969463201502,0.17225467812769996,0.4099224919509702,0.3139259817817442,0.36690434410347084,0.18916746454065916,0.5148750301761321,0.49539575503637256,0.4741466189588228,0.12274632870488009,0.5759409170991152,0.4717594289081911,0.3007826864929256,0.3059201963466847,0.14435718194429953,0.26975253088847356,0.3244016578336637,0.8812625082672136,0.3460468036081487,0.22643125687560822,0.23467761010662366,0.42833825932733416,0.19684647436300168,0.6337334049931477,0.22014972237159766,0.39621208395487567,0.14991209441721753,0.34334590989135505
2008-08-29,0.7901283785793491,0.6307190068658874,0.8461829997266738,0.5927197598048016,0.6839171125291522,0.6959167394217556,0.6248679560537074,0.6903621352569849,0.6446674078511099,0.5992002082929773,0.5100584025480303,0.5344856058759139,0.5303464938197034,0.09257267544412981,0.42444660604123136,0.42810569097076345,0.7234745400532163,0.47651559111124053,0.3691862968181653,0.6335064810116237,0.16691254857911508,0.41440755746333247,0.3014648675123372,0.41833315504954943,0.19025294889203914,0.5187278398576756,0.5017552708169515,0.4774343128089469,0.12274632870488009,0.5661828776539294,0.4833531541941944,0.301046634445549,0.30748339692774423,0.14101079990949075,0.2749732399630972,0.32258832697451045,0.84558902592936,0.3449359605903193,0.22583648225574235,0.22813457092368003,0.42787647330585993,0.19909767601003578,0.6474840951210998,0.22871488955506036,0.3975805617767377,0.15125402858696976,0.3497477397791459
2008-09-30,0.7901727400490692,0.629691523263102,0.8550722854766053,0.5914779107804216,0.6932446432030028,0.7092867940473286,0.5955259913225852,0.7014538411325868,0.6780615525792788,0.6095610858304245,0.5125703692119865,0.5499091182019923,0.5347654121037728,0.09452123339788673,0.43739239178163997,0.3980321148590057,0.6930528238930947,0.48925725871695397,0.38047702314532744,0.6074171722960877,0.1604562567917366,0.39393879800353665,0.3262987915892522,0.35866337069827886,0.19156477886066484,0.5353045125454008,0.509830954132755,0.48070175802288984,0.12274632870488009,0.574018367022632,0.48432630797462983,0.2995287013478129,0.31028900428030104,0.1325212193151081,0.2752084653918838,0.3207384792634698,0.8715606606407085,0.34376535579830236,0.22947647255933842,0.23488676947060805,0.44729355283855415,0.19589262991355075,0.6361072693363741,0.21210869730151477,0.39957839995065325,0.1579337712085505,0.3313725747616622
2008-10-31,0.8003468957594727,0.6203486364418509,0.8773197292041259,0.5883110259491593,0.6934353623321065,0.7319011336684844,0.5804945391428183,0.7264753866660797,0.6836580502070152,0.6146704989054266,0.5219861443222519,0.5327385926288752,0.5317742720804355,0.09420547842529677,0.4472740847932031,0.3792239768429099,0.712544338688881,0.5288676985737433,0.3686207115272835,0.6124167292233287,0.14667377993938485,0.3786801142262686,0.3396645993805766,0.37141054155340847,0.20130791135634107,0.5318357345067526,0.5327747990277713,0.47234084432658135,0.12274632870488009,0.579836016040816,0.47788405343799556,0.3158694619521557,0.3166808613207925,0.11328730186227623,0.2759721470978954,0.33284372998999534,0.8398218509305215,0.34825474393351785,0.22082541587512525,0.23519560490007657,0.43262635264158167,0.2022745684229506,0.611709282858546,0.21650413416167627,0.3840869352882875,0.15474116173173072,0.3194158421499731
2008-11-28,0.8113488557307728,0.611622056626496,0.8816561747424572,0.5928982800389416,0.7108007460502531,0.7295245817511156,0.6024244672136032,0.7458218796376291,0.6943993787553817,0.6335569764289799,0.5179999492666854,0.5434032537148062,0.5407381187194026,0.0890071661095438,0.4384116903163111,0.3857883875795053,0.7123269704512626,0.5579038180076902,0.34566400336587116,0.5813609190121266,0.14695531379294677,0.336790526935889,0.3693922524577428,0.34821709654576377,0.1952631788868926,0.5216901211738028,0.5275715657744838,0.46082012347172746,0.12274632870488009,0.5895565343928661,0.4797514665732156,0.3088299624013979,0.3148319114902442,0.10687946318594081,0.2680766505884907,0.3272871920358867,0.7911440034272823,0.34557602603525606,0.22407685316884116,0.2277408648388893,0.4233427979385578,0.20615281031002378,0.6034496693641767,0.20193597789277298,0.37561385102657024,0.1548336431711687,0.3442030830670345
2008-12-31,0.8054473098167727,0.6098723424484438,0.8801381300185412,0.5889548577415805,0.6999263649263341,0.7209365812921446,0.6062586722257863,0.72929688200313,0.6961603240878573,0.6280099562789602,0.5187723078371297,0.544988188683315,0.5402168784152674,0.08517936464531038,0.43631307522642027,0.381147976719043,0.7148289638882711,0.618525595921219,0.3603309829044758,0.5527860419843484,0.14425001692490888,0.3539840606013778,0.37331179485742655,0.37001764750956245,0.18583339830357778,0.5221704231141219,0.5133377368599044,0.46369799735989575,0.12274632870488009,0.5864050755914278,0.4810849106082205,0.3198647918321537,0.3160578494180125,0.10626501608552745,0.26582224174813923,0.32064312622488256,0.8366512171877174,0.351814808622912,0.22280501351500237,0.23022947515127062,0.41663393319219566,0.20535427011122698,0.6099336294533347,0.22094541146355803,0.3803782194034551,0.16440197851169266,0.42843541881997577
2009-01-30,0.8073837533572769,0.6087353664365438,0.8637424772871509,0.5915511159940101,0.6962044079714862,0.7228686472670885,0.5984875285141955,0.734729891318297,0.693918465733777,0.622397496443177,0.5327163755193324,0.538327902950906,0.5397632665090675,0.09295757674616219,0.4382656836253017,0.38179208675079074,0.6881226140385223,0.5868108178090038,0.3620375069630768,0.5585977462308529,0.15378002873711136,0.3408964600185836,0.3719795291910727,0.3042356393328633,0.19231257214062963,0.5218896320211018,0.5154016193617931,0.47517082960519175,0.12274632870488009,0.5958072914279107,0.4988008298055676,0.31271999603993395,0.321835071484673,0.09115745995139204,0.26530147292499234,0.32723868879066,0.8058993511784045,0.3503017641229349,0.21640254518816793,0.2249018342446746,0.42598348082282544,0.20038452713257351,0.585704592911601,0.20448727863046046,0.3747899163262205,0.1585470091804799,0.3613508971427698
2009-02-27,0.8087465960460946,0.6095442606687392,0.8584801810322766,0.5992548563953486,0.6948282045981098,0.7216576450273733,0.6002130058181896,0.7481178229439445,0.6942134409898009,0.631634978643721,0.5269231015608076,0.5461303609739956,0.5331053241253476,0.09054988364281837,0.4313133064341831,0.37069206614321315,0.6618490760875105,0.6045211606359512,0.36149607142811113,0.55385350815093,0.1429391571655996,0.32879632903160544,0.3701149492949535,0.2780350771905775,0.19060379914144768,0.5237977614220307,0.5170108428468916,0.4742711504958543,0.12274632870488009,0.5950320828115702,0.4935491535913139,0.3062921059066588,0.32583991265851825,0.08925632938093987,0.2655640151864672,0.316872393858338,0.8672026359580178,0.3447563469810545,0.21561041540256176,0.22107717499964857,0.4036842202580197,0.2031105359189759,0.5614393155387359,0.2110906251729182,0.3332919126449929,0.15449104319841428,0.3588224830826454
2009-03-31,0.8100396673772317,0.613099379606558,0.861175284621874,0.6001110687452581,0.7008897658329886,0.7219426377696224,0.6014579280873702,0.7514977029259091,0.6856263030244761,0.6263801908016837,0.5303711338210286,0.5629328568770212,0.5391139986632513,0.08349703017615161,0.43892959270095283,0.4189034463423183,0.6825659592193448,0.589800757063501,0.3687195011955877,0.5528918879197537,0.14849645760721508,0.3423077542728338,0.36577076275474124,0.27562455099906896,0.19580401206770048,0.5157040258906094,0.5100224046179893,0.4721977116556112,0.12274632870488009,0.6001480818706026,0.4914103166797791,0.31571749035685354,0.3292247355735212,0.09486646232027372,0.27477675632980875,0.32108162582827066,1.0184682861240757,0.342930320548527,0.21946618540105756,0.216241035928496,0.41583192153827414,0.20121546038391927,0.565161895744119,0.2030209745970061,0.3591182748006468,0.155842869606589,0.36389167093438657
2009-04-30,0.8012201365695564,0.6208374920181612,0.8411407616438906,0.5970076833850305,0.7000281691752165,0.7148033547110827,0.6131554024232585,0.7396234676425342,0.6791593375029357,0.6227091184372961,0.5295406934357764,0.5686278620692319,0.5419203481673026,0.08663265496593464,0.44090869501357266,0.4131597668688851,0.6943741570821894,0.560135470310055,0.3690810058070624,0.5339716147028101,0.1664669515428569,0.3373896243585588,0.3567700281235689,0.28609325678241476,0.1979827102161227,0.5094021839485185,0.497447398556452,0.46628878687137854,0.12274632870488009,0.5934987115430229,0.4926671558364712,0.3080244490340977,0.32638248454356594,0.1062451771992631,0.2757980627013871,0.3132222972698206,0.959085391548278,0.33758841737100015,0.21881124636637933,0.22008424467142418,0.4300484602056302,0.20203435904278108,0.5993666263958388,0.21191031910619237,0.3679995596415611,0.15940300785408354,0.3411358513646215
2009-05-29,0.8032387447084004,0.6189047841360151,0.8389925439509506,0.5945277522331865,0.7025918559613457,0.7071877301076915,0.6186880688346879,0.7372836087311162,0.6716396659406904,0.6219815654062878,0.5259879030683013,0.5651530398139734,0.5430069089628022,0.08573718927656843,0.4215343316883287,0.4197342476280277,0.6780114341350237,0.5449573038324561,0.3693362761219596,0.46303948174054205,0.15955680160239136,0.3478390235323336,0.35387939181118105,0.3102775004657205,0.18643986273729438,0.49592942719374516,0.4884976508778495,0.47037929967159553,0.12274632870488009,0.5908991984044921,0.4920053956282374,0.297406937663296,0.3209375943957536,0.1137663892694845,0.27447349251272024,0.3205504143506905,0.9575315964147461,0.3344736888430309,0.21916261395372866,0.22195959642611665,0.4197860179477843,0.20160695622995228,0.6070811771172399,0.22068172895930513,0.36699760864399256,0.1622641704377995,0.33872015724337723
2009-06-30,0.8051861885255819,0.6091996597710002,0.8278871014239981,0.5949985139230201,0.7122226338878284,0.6848855912427023,0.6014019299691388,0.7450032252410764,0.6699157118034289,0.6260191467822384,0.525467960600214,0.5743186211040846,0.5338310186604612,0.08018823803100639,0.42025951972094083,0.40773514877779055,0.6728217879235129,0.5327325630572214,0.32785980971094053,0.44562591482695635,0.16326831041172232,0.3057554587524765,0.32519000046888996,0.30702858926031096,0.1923120233679011,0.5459163076205664,0.5025590322216297,0.4529294105517552,0.12274632870488009,0.5756316940083426,0.48895404409377075,0.2976953114632215,0.3407577108910122,0.1311415663437987,0.2644675107953373,0.38164480043304533,0.9806540630829904,0.3230348458227694,0.2296867394001548,0.20797581405016805,0.44938337050464083,0.19287483495091365,0.5915199130380032,0.2180546400893102,0.3269182869692881,0.08466472622505257,0.30199441008653766
2009-07-31,0.8011903246167763,0.6133005361798266,0.825111434367937,0.5988544816884517,0.7105597225758508,0.6997041774299385,0.6213245962267969,0.7365606773315259,0.67412292285718,0.6260174806986252,0.5242152568683011,0.5875808543872182,0.53923188824287,0.08207162445165372,0.4176535421542335,0.4115040358755776,0.650558961419263,0.5217817063002035,0.3326497687051002,0.44913107416787956,0.1700350335746324,0.30753650782175274,0.3278402774883811,0.2873247240380389,0.1927044024228833,0.5403429559317995,0.5107331479052839,0.4527220799877743,0.12274632870488009,0.5750282711117285,0.48924899831394525,0.30285489479906746,0.3452131924861371,0.13626985577713535,0.2579702985085029,0.391237347950183,0.9432162965605849,0.31953027226029557,0.2318141861141452,0.21035142852639013,0.4706799128322964,0.19745073906718635,0.5962624338239584,0.21750813798606744,0.32686406181583777,0.0857929901861076,0.31825944929527505
2009-08-31,0.7987608711652218,0.609499990359988,0.8176270638741912,0.5922333688206912,0.70114122457841,0.6947762571787626,0.647223316134491,0.7274153428245104,0.6631294017518837,0.6189573129748354,0.5258989113570844,0.5837556317368745,0.5415565650557912,0.08124287085685344,0.4024641053944702,0.40857185746239133,0.6420579101173481,0.5113268733635704,0.3331958493393301,0.4229568568087451,0.16944768395562218,0.29882415152770747,0.32619347904998314,0.3252615641360303,0.1891571012187111,0.5455035218317615,0.5149774490722206,0.44634155538245507,0.12274632870488009,0.5759262730974308,0.4957028408923421,0.3044792292552622,0.3409535824635371,0.1396250907353151,0.24896976654573033,0.39714207277951036,0.9593306060725999,0.3105574085553006,0.22919701697116324,0.20865147360461705,0.4862944062767623,0.19060229783863755,0.6080910591594741,0.22087260821551627,0.32738659504070966,0.09009558331827053,0.32254643019334106
2009-09-30,0.7932940888268707,0.6052645469772819,0.8209298936922459,0.5887337522145815,0.6973823714127512,0.6974259192022412,0.6599155151266642,0.7319051173290819,0.6633073742234643,0.6104829922130066,0.5258372641453215,0.5839339369849855,0.54231741512499,0.08325403501840242,0.4032267135658715,0.4077434821241674,0.6346456060599749,0.5065152073552579,0.33476318392301363,0.41361054086417826,0.1720228247776672,0.29386783132837324,0.3196954687048497,0.3231569458490112,0.19428964090685524,0.5396549591570485,0.5213338214864566,0.44771392429241696,0.12274632870488009,0.5711725080836355,0.49326700471400287,0.3071762197305643,0.33331258515377465,0.1472250459204103,0.24795029683086026,0.38753194455451656,1.0138625422389638,0.30974354195051446,0.23390113852840944,0.2075490402946438,0.49879332517257363,0.18897274094967073,0.6146443059334196,0.22613312271001074,0.3073432438060926,0.18037317768694422,0.33579943120756234
2009-10-30,0.7983092296186851,0.6083732791046622,0.8239754067667577,0.5854829384893315,0.6919993943793407,0.7001689002499666,0.6653368868216225,0.7230627945019621,0.668530719327641,0.6089133700171648,0.5231464675796128,0.6009049577919555,0.5373054159354242,0.07921241417803883,0.4065030944920873,0.4058311635319992,0.6211367250572899,0.4931460878238211,0.33074743667769085,0.4207861124013005,0.17174770310028817,0.291174602039515,0.3239454762343401,0.31314427022731267,0.19249247237975314,0.535798669916109,0.5172223455155354,0.4375261828905312,0.12274632870488009,0.5681720304114365,0.4934145816177781,0.3046568163203041,0.3332923236645018,0.14790413041052958,0.2426697076129746,0.38526354143086305,0.9954355477701347,0.32421792274314226,0.23183321527384906,0.20765862003184996,0.5033897566944451,0.18937419542777073,0.6141989990510659,0.2395795567082226,0.30862937177524885,0.1723047553168718,0.33460638354545286
2009-11-30,0.7983167541844524,0.6116857144678822,0.8276595354278895,0.5905366505663621,0.6823040120961493,0.6962972070434165,0.6716660246613932,0.7167782178747948,0.6495844383524553,0.6035776769176624,0.5212241345396725,0.6046036753376278,0.5450300524428384,0.07567643302222793,0.4064301027953016,0.4091475805449492,0.6175096175503567,0.4991017055686057,0.3356299650849044,0.4376501350320291,0.16470646646508744,0.288587500875637,0.3245876463513081,0.27876948216604525,0.19346707165867383,0.527879892198403,0.5204859186235842,0.43880956468327925,0.12274632870488009,0.5655752626133084,0.491957013265351,0.30375012879346114,0.31685587987604863,0.14486647529710456,0.2422546551529159,0.3799840041027491,1.0622279071901282,0.3204976472945356,0.2324994617747318,0.20670352623983032,0.4888320066517048,0.18789426691890324,0.6221640642635601,0.21613903410461738,0.31035471709717827,0.1746009672222116,0.3628169611766377
2009-12-31,0.7924574841440333,0.6225123021237132,0.8310277945498263,0.6031469214487497,0.6909425407662609,0.6883449378397751,0.676698090274592,0.7257145200599433,0.6727899317823032,0.6024551177083206,0.5171014046101351,0.6044332694320076,0.5406438646892566,0.0762857751683502,0.4158912390027593,0.4093132635087286,0.6123407537102543,0.5055112751451184,0.3362424567713625,0.4522496111997162,0.16711317458843464,0.3052191493899664,0.32352951344465225,0.2799960376395351,0.19307729053664638,0.5204016837150184,0.5170750625010961,0.44973378853914475,0.12274632870488009,0.5637794935847676,0.4875687562880591,0.3194246056349808,0.3287178528643263,0.13828094397443486,0.2665286560250496,0.37622136208646256,1.156228561678639,0.30383437439805544,0.23586665087404152,0.21111245914815524,0.4723135725465542,0.1876625709017351,0.6174462861783214,0.22455647069899723,0.3098062847960861,0.18996251604866413,0.3420149834875123
2010-01-29,0.7911900639331871,0.6230759965706512,0.8239094132637256,0.5978366851417056,0.6816463677090563,0.6838763026716482,0.6700519393126689,0.7251501488488198,0.6684915919995637,0.598915497339562,0.5092652771625382,0.5880940770229219,0.5371948676302521,0.07751132452580127,0.40745862341551925,0.40664412616999634,0.618286511308468,0.49223634237437836,0.3261971790821773,0.4408538801080933,0.16241610552648275,0.30418289465424564,0.3186431555474682,0.26402186989586585,0.18522174877937664,0.5212753479188654,0.5126780724913961,0.44679227952729067,0.12274632870488009,0.5591059635117691,0.4769235195635154,0.31032850004831924,0.3226512993489327,0.13498514948285273,0.2655116810061483,0.36858020706186684,1.08008208316353,0.30135254175236376,0.2390013121417962,0.20414141538170727,0.46626081614442877,0.18210680733085946,0.6220235056504351,0.2245760612083231,0.3085316547051937,0.18812433164646963,0.2914963324656624
2010-02-26,0.7883377254945536,0.6220127687890987,0.8188293585941829,0.6007505539532225,0.6797590079974446,0.6881013386528,0.671257392973303,0.7323463610225251,0.6600494523279521,0.6011289244230265,0.5123810803419141,0.5912513418011089,0.5361245228911381,0.07877655709537477,0.41060300798578087,0.40649438091622114,0.6181962947002085,0.49335340716178905,0.320949337374375,0.4429617217520305,0.1623859133673511,0.3039230000226289,0.32035903571795493,0.2590979636497025,0.18659917392810887,0.5196013384925365,0.5072826373562913,0.44761756837730604,0.12274632870488009,0.557764479625887,0.4683177608264743,0.3042038594856981,0.3208724003161534,0.13073942120302237,0.2642642510937085,0.3889681650691774,1.0655888831037936,0.3003408606739857,0.23446824573985936,0.19610743633161598,0.45443164166845684,0.1920692005608411,0.6151031638162736,0.2475631797665229,0.3087057924382028,0.18597185865088034,0.357056211464166
2010-03-31,0.7846904135388679,0.6238751097423197,0.8116631520623556,0.6035251683651214,0.6788171766134292,0.6814358190205999,0.6734982819080793,0.7311791412124486,0.6542822318809811,0.6163484041391504,0.519144507215328,0.5919609650080244,0.5377998896735086,0.07784266788105522,0.40791115984273946,0.40345781539608166,0.6284325363671366,0.49295909002392313,0.31984753129114923,0.43323956426574584,0.16238807591522583,0.3045650947483249,0.3223596690343739,0.26723631000537673,0.19044844590793952,0.5078132147604673,0.5072451213202306,0.4480224030702766,0.12274632870488009,0.5628631877356892,0.46554958808934976,0.29550028526512717,0.3175173043323496,0.14245089122605525,0.26741246782601646,0.39188922470667,1.0913065462053348,0.30880469229188834,0.2300525478107216,0.20070826843519443,0.4559613563704247,0.1862769042573552,0.6241857597227303,0.23960703576086104,0.30712573316627917,0.1819483058443008,0.3508999234775533
2010-04-30,0.7788285057265177,0.6137793388467747,0.805491244630363,0.5958459010983561,0.6701447745758584,0.6754672423692683,0.6670185905875089,0.724506797844955,0.6560180082603305,0.6214024627318471,0.5254400719234638,0.5828743662141936,0.5333123955092993,0.07585108772498808,0.40538602058719786,0.40223803202910047,0.6030288087319295,0.4871527866290874,0.31667236897264633,0.44031010691788997,0.16188621116310856,0.3064360032572593,0.3230155846548128,0.2826677164924372,0.18832938172041655,0.5086006981300946,0.5077784397777689,0.44239538582386767,0.12274632870488009,0.555545589269434,0.47122686395100594,0.2887965558019241,0.31585430403458037,0.14451999630440554,0.26437963425435584,0.39292334250089395,1.1203970967603691,0.30468836729955756,0.22484227954812172,0.19978206939561122,0.4610596569411404,0.1849973131635406,0.6555312215699554,0.25116685386653376,0.3054795286405295,0.17567607170179142,0.3367331244427774
2010-05-28,0.7801111710017115,0.6191596506644294,0.814540768084834,0.5955162376520154,0.6796979960681689,0.6815979129755095,0.6704565327260122,0.7284877171959869,0.6624140584086051,0.6250068738708867,0.5171324835958516,0.5792070544669389,0.5272069125602006,0.07545407034595895,0.4162651706531015,0.40467109113857525,0.6050443151364038,0.47665943437074787,0.33398738130557337,0.43992128453873386,0.15468692392372482,0.3014024279839122,0.34632477717782667,0.2873609089105857,0.19055714637883056,0.5130912363949688,0.5135533906076801,0.4437263112581224,0.12274632870488009,0.5677882083542422,0.4436208110092322,0.3044841604788685,0.29648994653846444,0.12373230278108321,0.25064123280770834,0.3668655128243135,1.0947580644365913,0.3280328740825063,0.22628416323006692,0.2094584578909391,0.4119866716425553,0.18423533056544647,0.5662051222757685,0.25530331863472555,0.32573686536042895,0.18233740315473418,0.33286831828647967
2010-06-30,0.7816543298327229,0.612589068716669,0.810050597316024,0.594978451347838,0.6765432189902658,0.6859506635748572,0.6675103045417946,0.7249652071899503,0.6553857447910502,0.6288984679301457,0.5113041502902094,0.5795973986625848,0.5280323659051035,0.07602570730769806,0.41540675820273915,0.401418456385754,0.590485560839671,0.46742091136259,0.33719034623693767,0.45746962323359464,0.1534469153489283,0.3069777709384376,0.34328078569704035,0.31858523470409433,0.18763066441181595,0.5068036967099273,0.5083814695079973,0.438893264690965,0.12274632870488009,0.5637079811057335,0.4055138690760917,0.3022950317069534,0.29593490542851036,0.12083527001588376,0.2448322764978684,0.35598546779634493,1.0757075128377878,0.3258776712996757,0.22530756810065256,0.20515394261096878,0.40548800771304744,0.18095155299525081,0.5510273941767403,0.25124327061605356,0.32088784127083186,0.18244203212612836,0.33763251895481455
2010-07-30,0.7826079962340337,0.6175685969312141,0.8074925838600608,0.5962017048244287,0.6705406074604309,0.6861413187542419,0.6657762764641565,0.7237264952519273,0.6561629634996545,0.6241921936830948,0.5175592372074428,0.5939986932816819,0.5339642579028634,0.07350037855367401,0.4136852195534007,0.3998306265247098,0.5867182992983665,0.43954270653779215,0.3509243225317095,0.44883321010659455,0.15361834027246124,0.31411144002464003,0.34609466217474677,0.2945464137894592,0.18476055566673363,0.5082677709633074,0.5107648424582443,0.4380044505659624,0.12274632870488009,0.5661760913554985,0.40457673751622625,0.2967649226467757,0.2945495467831605,0.12640266851020637,0.2400589827257849,0.35994761209411347,1.121946379464918,0.33416349641407456,0.22335385866133456,0.21066521414031517,0.42639123006022445,0.18077224860737673,0.5535322329509638,0.24990360228982977,0.31940425828430397,0.18197029080662033,0.3620999786026731
2010-08-31,0.7854837527513653,0.6180309064451475,0.8081589978605245,0.5945293693959312,0.6745146347343651,0.6864633416456007,0.6620026015979384,0.7136199397956282,0.6469887535465023,0.6209072793525323,0.5238625643033354,0.5915294088864361,0.5307979355678488,0.07560832924174614,0.4128791987238975,0.3977547681154179,0.5875175834797776,0.4418445997944129,0.3536556456526645,0.41946358123288924,0.15480683469111123,0.3150597517517233,0.3458674616943152,0.26772597963954364,0.18239831567634832,0.5061845758885855,0.5083965788280083,0.4329110767411221,0.12274632870488009,0.5719082342666623,0.3988982060880789,0.2904790652281852,0.2990762216346049,0.1190057707650523,0.23554458876227216,0.36585719272354916,1.1146704276577257,0.33192958617037077,0.22154800124945095,0.20780871824717434,0.42931956689315276,0.18169246821561147,0.5470097884176389,0.2559195037757042,0.32001246194593613,0.1822284215343024,0.32445645518357147
2010-09-30,0.7828086714419251,0.6198130965940798,0.8074657511836104,0.6136656179238774,0.6750427547816574,0.6835616740257021,0.6603245157451799,0.7115729881152673,0.6482895015544848,0.6223210376905405,0.5243085177679211,0.5908225193244911,0.517844523530118,0.07884522735924944,0.4163443546544819,0.3980373253024431,0.591123110473938,0.4356108211774927,0.35489605890653986,0.41675451477531067,0.15591872789570266,0.3173539810348989,0.35183599505977375,0.2770040736057866,0.18768809024707747,0.5032474152481298,0.500075520829405,0.43757982732473505,0.12274632870488009,0.5734016557861121,0.3951987183156113,0.2884049754752085,0.29519114493154747,0.12120160222045162,0.24147804656142127,0.37229640869897396,1.109040136474301,0.33571463946869584,0.22302623435180546,0.20673641637557771,0.46567118717388223,0.17602244676890352,0.5488584922633337,0.25258497719384626,0.3220876220693625,0.18054558791707379,0.3084990989809763
2010-10-29,0.7830996342828819,0.6227887541049224,0.8093522112629375,0.6090580719571516,0.6675156868168239,0.6843009004705901,0.6624456647171821,0.7152937423841337,0.6398980909642327,0.6241017189656352,0.5049028706883161,0.588420283905028,0.5180478978160847,0.07659974387632311,0.4037395695913868,0.394747965856858,0.5931592845485574,0.41500795218667313,0.3474284444877262,0.41232559650248435,0.1563926154353398,0.3112457579370128,0.3506008048871275,0.25486375530095856,0.1877359127108644,0.5045052854193032,0.49423160873760213,0.4218156187413941,0.12274632870488009,0.5706621016300745,0.3891081226055865,0.27752811938438765,0.2936442818394714,0.11861164819195047,0.23983209134612551,0.3729733462892689,1.1250954621082576,0.33628854502855804,0.17222699197934277,0.20746304870014967,0.46160200043574856,0.16393609464517347,0.5590751224718756,0.25463815247977273,0.32233483877007973,0.17237662843046025,0.33299654782688165
2010-11-30,0.7747142020537158,0.624365511106667,0.8095223545256921,0.6075533219863225,0.657717051357617,0.6797487632291631,0.6438372465333962,0.711100584778097,0.629120019398129,0.6251918864201278,0.5022600788845012,0.574684486260087,0.5130646110360605,0.08344237774214426,0.4148681918396936,0.39230846330301516,0.5880085486861588,0.4188699992890265,0.3413736787561407,0.41221558693127586,0.1587952908655057,0.30693885930444526,0.3508195770847978,0.25030554262075216,0.1877494181780312,0.5015332743632075,0.5055456091238534,0.4190169384732776,0.12274632870488009,0.5653153353326007,0.3817508385051426,0.26287594877202797,0.2792960064144029,0.11918963554012132,0.23752877090807828,0.3720040592304673,0.1781078117026303,0.3329891205347524,0.16623173105302896,0.20669617828756576,0.4532349591169367,0.15047168310852907,0.5552189280119033,0.24786074826915916,0.32016503671911906,0.17131195886463088,0.3060870715504238
2010-12-31,0.7728272263720277,0.62147059572394,0.8083463224604727,0.6075431253342615,0.6595720858074203,0.692058369841215,0.6526861946924944,0.7115318891021412,0.6249294485425398,0.6293024654459026,0.4892348269416466,0.578229229301806,0.5070922236974873,0.08465312892109073,0.41150509683844727,0.40809942568360247,0.5867315765447876,0.40420829327171987,0.3310376598298959,0.4136415667936261,0.1591440519219421,0.30272073864176813,0.34650795364561293,0.2539347409498118,0.19672487347810266,0.5058186611675899,0.5128463396939814,0.43589486915815956,0.12274632870488009,0.5751150616960269,0.3880387798389761,0.2720649691834623,0.2891912548045545,0.11203585369063342,0.2487591397620999,0.37344247346033854,0.16279574536148095,0.3676713400438893,0.16542321063690402,0.19678869245033448,0.40419659164625643,0.15462219886893303,0.5442042360862561,0.264619226702941,0.3066158355934174,0.17050348646566313,0.2935437687109905
2011-01-31,0.7729660990226027,0.6182506463154888,0.8104790131468065,0.6098042221653689,0.6660229508944631,0.695785656933845,0.6543096270464671,0.7178206433397134,0.6211215648187635,0.6300463670965887,0.48446270739191044,0.585525246574891,0.5163219302003828,0.08627696590514385,0.41462395503423916,0.40844146454254415,0.5916069664251479,0.41447254112579457,0.34797455655765297,0.4159771392820951,0.16140599541842554,0.30597575231116986,0.34784153713535937,0.2595630892583919,0.19469002904592803,0.5106654773398408,0.5097719018273956,0.4392751173501613,0.12274632870488009,0.5692963782129821,0.3827059712908039,0.26497374563948056,0.28581934483804894,0.10773249316550068,0.24998220122944925,0.37270579325351905,0.14958614532873704,0.36550212101504326,0.16550155341839767,0.18986046578286866,0.40382380694363335,0.15062387693958243,0.5436223573205836,0.2570983690425703,0.30682903104841824,0.16883775602133455,0.2657842258476827
2011-02-28,0.7712105853668535,0.6201019111401311,0.8083222066782089,0.6098665879719696,0.6502120235598386,0.6974305449267287,0.6574239663501216,0.7192801672240096,0.6239303263602899,0.6297938079183695,0.49506677615439587,0.5779116084456334,0.5169577856887199,0.08542776938797206,0.41084318251363827,0.4079315683321369,0.5718416386006684,0.4004257532083219,0.3491802694971633,0.41751783594061953,0.16355269418798654,0.3062463827601809,0.35025872163406274,0.23555220932922658,0.1966073251043156,0.5053050540458679,0.5099346190497849,0.43591711928191257,0.12274632870488009,0.5703591934667095,0.38336068944292484,0.2708762150844426,0.28497423170152253,0.10263142411292281,0.2550526623021565,0.37422157765851555,0.12699691502131757,0.3637833506104444,0.1662175493488554,0.18928040187836448,0.40124548507016383,0.14877571728931718,0.5443989208991432,0.2605705246976032,0.3084427543145431,0.16918938172760978,0.27660620599193736
2011-03-31,0.7659103330188037,0.6155382211909658,0.8087508049488539,0.6076553597844112,0.6568797962230379,0.6914786040874894,0.6499689195435799,0.7160563750965796,0.6236616185881176,0.6154994614983749,0.5186917206275318,0.5663710762923175,0.5139793075194737,0.08256801291001056,0.4203782798600015,0.4040786554557691,0.5699662033156622,0.4020144659155568,0.3498710478608038,0.41786567098250416,0.16502674637445477,0.302331886691732,0.34875504963059534,0.2505346659851133,0.20058747624602025,0.512006835346576,0.5096196229510572,0.44254392478505944,0.12274632870488009,0.5716070099079363,0.3821731096350644,0.27728517139059355,0.28583370721819795,0.10741190416006703,0.25617429764230987,0.3741357224715386,0.12412158962068891,0.3573785248284749,0.1738189118342595,0.18356248618922258,0.4086073774574663,0.16812685414397235,0.5393042670018351,0.25483964641408813,0.3077922933522185,0.17408810514929307,0.29251744828932
2011-04-29,0.7666929649392435,0.6129415950684324,0.8058977497529672,0.6073624370879206,0.6531247414401479,0.7134829867329472,0.6527811770208586,0.718637292086631,0.6151862138653225,0.620213866973716,0.5145759831250518,0.5666351863728535,0.5140437492726146,0.08287729966117063,0.43153211371812705,0.40152107640227436,0.5721830118736329,0.3906040462633254,0.350532315722931,0.40514509588042846,0.1723552799662089,0.2972343144161883,0.3495343087166308,0.25665718367274953,0.19488453239969503,0.5136980006876866,0.5115052095146473,0.4336183749295816,0.12274632870488009,0.5760890878952032,0.3805548909854246,0.276076965196776,0.2849545659153274,0.10945146666200561,0.2540723754705292,0.37087982244771356,0.12318452402994455,0.3605453057762081,0.2205586199383423,0.18381307862245744,0.4015019375013404,0.16759141061497132,0.5465107993841642,0.24622728255617343,0.3069605789754624,0.17662737575509402,0.3103213702692665
2011-05-31,0.7699144717023781,0.615787747179753,0.7904806753219636,0.5983441394692955,0.6541984822907696,0.7122098985595599,0.6483177977862585,0.7152162183782651,0.6048854156697233,0.6222108759635175,0.5170866779547504,0.5615254492947062,0.5135276787564863,0.08239674227916409,0.4302430814662547,0.40010202596962385,0.5579961039378575,0.4114879718728383,0.353902402262126,0.3993706421018591,0.1761698862335567,0.2943398453829327,0.343454125269801,0.2737462733151071,0.19303510795605458,0.512442407499869,0.5092854292290034,0.42928586868417035,0.12274632870488009,0.5750564048574767,0.39151115566859795,0.2755405483444113,0.28619611551133656,0.10673075872286614,0.2511548863217205,0.3627538271929996,0.12260721069700509,0.3570661665274432,0.21655039508805884,0.18490111394165476,0.39327016434465945,0.16634659418238182,0.5474244513453977,0.2540848474176595,0.306491678672807,0.17599378446890745,0.2923740187608509
2011-06-30,0.7716806780876726,0.6093255628455659,0.7931575979694252,0.6048538851990739,0.6627024793008671,0.7314454308290074,0.651630826710362,0.7290067341071862,0.6120844768453177,0.6253185186730659,0.5352535423829554,0.5653580698615801,0.489133601153708,0.08318799427942361,0.4213666964581527,0.41514191347559615,0.5618631091066106,0.41079454121034475,0.36419898225459363,0.405059630152766,0.17511784104828423,0.3065082053734255,0.3375333963507555,0.25765403529667485,0.2009873253665212,0.5096615939590521,0.5076207149547091,0.4278938486113521,0.12274632870488009,0.5665381466751344,0.3934695624375445,0.27742270956954457,0.30169753324442894,0.10197393495887883,0.2515467967349424,0.3434951393303944,0.11793855937574885,0.35801518243726277,0.23063517525939087,0.19459676102821566,0.37164942254774785,0.16478331955925232,0.5528964933473809,0.24368060593241309,0.3077025566166237,0.17854362064397017,0.2603955737296839
2011-07-29,0.7760969380048885,0.6074610850895116,0.7934096439811004,0.5950040103718439,0.6564161081548336,0.7259903484285092,0.6482997032894365,0.7155135664412218,0.6120755123381247,0.6265564609036576,0.552929998814586,0.5529060315386671,0.4782270915672354,0.08478476899547487,0.4218121290087703,0.4274413348624863,0.5602790444054857,0.40573338676461707,0.3669658237738661,0.38556215756380435,0.17538295855082753,0.3029905850885751,0.3394036712564936,0.25071127583782044,0.19701127059452533,0.5070776777030764,0.49612611254347866,0.43722169344608003,0.12274632870488009,0.5639409703895659,0.3881463606297866,0.27447120489995624,0.29612063645772974,0.10271581003845252,0.24959250678304537,0.34066747501614497,0.11770148903920649,0.35977976803370665,0.2279775343978805,0.19944574360888934,0.3710929436326539,0.16317637962502557,0.5588293054252826,0.23975030497291996,0.30596149270843703,0.17860414178501186,0.24703055047638003
2011-08-31,0.7817598821962098,0.599168567450346,0.8019726452052476,0.5907937860450067,0.6627492010639461,0.7321549069139764,0.6336299501913141,0.7189338808657919,0.6153066050092509,0.6254986542150949,0.5525882406242208,0.5653617184775612,0.4689302949163305,0.08725523651667076,0.41912311401540914,0.42707582508688263,0.573426431788274,0.413892008208246,0.36823344563740784,0.2656723601882109,0.17142416506898686,0.2897381157682314,0.345237961297285,0.23173502658615863,0.19679585613159054,0.5178679960171021,0.492594525258889,0.42557399403828683,0.12274632870488009,0.5698813336050855,0.385460603301336,0.2728426439797831,0.29594952160144306,0.10390847368632944,0.24514563645927182,0.3417433403020016,0.11888439584764353,0.3618811832419574,0.22705216640615816,0.2013984064780993,0.34421665485264463,0.1625352458240269,0.5503112821879426,0.2342904727336036,0.3039614359554953,0.17989730474903684,0.2934952074175075
2011-09-30,0.7876162278422876,0.594436087717518,0.8057310938645796,0.5932204356131848,0.6726548519849626,0.74109796543243,0.6416743385939665,0.7256724385231562,0.6218897092819217,0.626434710783414,0.5618468596085501,0.579308123447081,0.4684152141445917,0.08852051085929326,0.4182222064212099,0.42725622174408534,0.5797637974542743,0.4089773926822533,0.3734112242952917,0.2634420642474531,0.17586817710491234,0.28024262330469285,0.3458414677346151,0.21911697629219706,0.19971009882115975,0.5245743532780036,0.5081446839962334,0.42595647275301424,0.12274632870488009,0.5702797893635213,0.3963893618023271,0.2746453024832932,0.30563083539354363,0.10328458136516717,0.24570546252390726,0.34026099754700634,0.11622793339667216,0.36684043561505286,0.22939860204378934,0.20541409584604037,0.34968889414425963,0.1648137196100076,0.5422724136406678,0.24483766430001808,0.303276843075592,0.17380712472707324,0.2536400939805323
2011-10-31,0.7848733952963618,0.5986492045709058,0.8035655333780901,0.601175799851813,0.6693196686379821,0.7381122556143274,0.6472871860687779,0.7231442728322173,0.627236615949666,0.6246014014172114,0.5581744433076166,0.5779551513828907,0.481113438009585,0.08617129509867259,0.42049538023782523,0.431442696147674,0.5846891686090206,0.40276822428441794,0.36856859266032416,0.18669459372939914,0.16687687893983677,0.2832801363555943,0.34189138502406985,0.2396425561285266,0.20567285505582253,0.5251581272918017,0.5058331006270165,0.42742742741621625,0.12274632870488009,0.5742233326345648,0.4113455879867067,0.27790568036607666,0.30376849017938934,0.10641877401377174,0.25770111154801034,0.34436471243145034,0.11567878379324438,0.3697786154260081,0.2294943112401694,0.1964675842082567,0.31688761744063526,0.164820768493057,0.5423346782546674,0.25064785786467797,0.30247521589104304,0.17888964533738044,0.2715684735805979
2011-11-30,0.7878322871897613,0.5994698688562405,0.8069909171190683,0.6076882223387595,0.6690897771491754,0.7403341911917868,0.6497329884807607,0.7203762170461786,0.625777839044011,0.629237429437811,0.569966302019149,0.5729654179632259,0.4876680755093235,0.08622803739880626,0.41744700389840045,0.43455950402243626,0.5815278686515758,0.4048545157533206,0.3699504907164196,0.23904989525425735,0.15402949468864074,0.2819775591193346,0.34246054468904735,0.23119589316571698,0.20491947458996615,0.5304563196691118,0.5023025534487302,0.4263031631848511,0.12274632870488009,0.57653345054318,0.3959445179041496,0.270490530351087,0.30389281219458936,0.10717559058450059,0.2482613496705375,0.346355746141382,0.11623473694897807,0.37060708107351353,0.22781835077256718,0.19962328228581447,0.3021872654978741,0.15926830648857218,0.5337601671783953,0.2434758630740083,0.30085019021041165,0.174551260940606,0.2718696378210528
2011-12-30,0.7863853074836088,0.5950113806399713,0.8125812443193258,0.6161836692602721,0.6744248064676718,0.7384677721067249,0.6493035745787965,0.7275654828204667,0.6263122025019771,0.6393453662293298,0.5707898883309148,0.5801031418896242,0.4879297039405603,0.08478883847568054,0.41814007720559265,0.43333170701913326,0.5677150443887317,0.4193739187236474,0.36577416272878865,0.24382671091987654,0.15520174859212607,0.2833765296894013,0.33455542781528236,0.2694746259172093,0.20863559977678767,0.5316735301816399,0.5052150660814291,0.4192665380816327,0.12274632870488009,0.572337445128615,0.40431690166953144,0.2704835828951687,0.2999183405519757,0.1002849001211465,0.24784790884662372,0.3519069956690409,0.11475832919442099,0.36566622536019006,0.24543310485384157,0.2065416398099286,0.2472000700906808,0.174945732561809,0.5370782034287019,0.24553599216531463,0.30141614756216206,0.18247658235971484,0.29181412306458004
2012-01-31,0.7826084157897447,0.5971190635641116,0.8045161998498453,0.6115760650851885,0.6706126558615995,0.7487209779553418,0.6513901266907913,0.724373549300378,0.6100948453075575,0.6334964641360747,0.5594247226208242,0.5756366609197172,0.4898216765824681,0.08302665162677786,0.4216891146313618,0.43463730995967065,0.558303835536538,0.42443025216823316,0.35935107600044336,0.21944055282758348,0.15961796639595305,0.28480874915275795,0.3303395283435207,0.29512418975435445,0.20646924434738329,0.5282882106417148,0.5064786824446518,0.42851890901675777,0.12274632870488009,0.5692013773069541,0.39765829027361005,0.26849977164051586,0.29946811702803466,0.10109348777304906,0.24719094428880956,0.3378099713551983,0.1150315915675694,0.36058297111981324,0.24523437262809125,0.2061494317526526,0.2555074010726882,0.19008991982252374,0.5537873591289179,0.2683683045100049,0.30398702767288105,0.17772545200974296,0.2992669578370397
2012-02-29,0.7845824020408814,0.6045667582962905,0.7981497850140342,0.6116468290090115,0.6668539362756147,0.7477988961909497,0.6533768079082566,0.7127746508596622,0.6003228080586924,0.6342184680376513,0.5722074450148951,0.5738963808688046,0.4829972838408575,0.08482726051854454,0.4183257936223977,0.4385637164097624,0.5549864361889972,0.42512805629754735,0.3637244103224951,0.1731559564521771,0.1618366098240676,0.28787401413656244,0.3390961817265432,0.2817777800615482,0.2042184576029201,0.5177630462391946,0.504213813740488,0.42089071497478264,0.12274632870488009,0.565397187178711,0.39916714798862435,0.2596267014861372,0.299364285688081,0.1036941797657936,0.2529585876568449,0.3346723169242882,0.11525816405937911,0.35485538650207615,0.24447152330752353,0.2055868234602148,0.2397521848742111,0.19044444266274502,0.5537807606513464,0.2646686080016076,0.3045596275923737,0.17687572954932754,0.2845851562827774
2012-03-30,0.7793624532134894,0.6014878460682074,0.7948195898951349,0.6114318921694348,0.6698559412749288,0.7488460542657055,0.6599689711357908,0.7173278885281957,0.5892438764726866,0.6342893767576097,0.573704865608681,0.574283598841181,0.4787965424658566,0.08627487322330997,0.41621717884275083,0.4399556268589007,0.5612569881101027,0.41257725633623116,0.36368112631909927,0.21087129766572985,0.16566753710566556,0.28546244271951327,0.34056042838597034,0.28100290734748384,0.20473957950824165,0.5198464851511151,0.5130321479547626,0.41854628337717065,0.12274632870488009,0.562344129602108,0.42332476519680756,0.26009802516526326,0.3023440902093267,0.10379658854836372,0.24788989630475042,0.3340823816126431,0.11414557448397668,0.35798934199077215,0.2442348457317416,0.2026751059291575,0.24672961879553107,0.18946401852729897,0.5536370365516138,0.2707465582127069,0.30406228304800903,0.1869882526631711,0.27759487123876025
2012-04-30,0.778937737331114,0.5964667286320312,0.7937143746897966,0.6109319035316935,0.6731942186617303,0.7444975099536572,0.6521620966790419,0.722730500584284,0.5778924484582377,0.6352404546348352,0.5871742520193081,0.5652392054255889,0.47107038992023353,0.08347989024272695,0.4180124334670033,0.4399339013332687,0.5430680867069279,0.41740331775212647,0.3609721235054183,0.2245345519875717,0.1646261435673748,0.27989112655552817,0.3478284777649568,0.2740593701557219,0.20384850823298703,0.5230109673548187,0.5225530988142196,0.41564753163111057,0.12274632870488009,0.5599577788317917,0.42668235808809973,0.2536033981171137,0.30026445306921207,0.10552379741289407,0.24530670113281589,0.3283211961956553,0.11344225018968601,0.3585566339512383,0.2451512764032034,0.1967914536163511,0.24127105653579187,0.17949482985630494,0.5556415434880783,0.2787503005972783,0.30325752764222497,0.18736973828639236,0.29839625731240105
2012-05-31,0.7811501287460634,0.5954607350342089,0.798552899543882,0.6099908580975602,0.6747719922449269,0.7483338697926151,0.6487867413915275,0.7297969463830632,0.5837576033236451,0.6326132398413111,0.5874268708959826,0.5613428980932964,0.4633301304690794,0.08411870511175543,0.4188284656514095,0.43970502597163824,0.5448049061396752,0.4176614797975551,0.35848137267362223,0.24139649944096225,0.16475675208231869,0.26588329870185745,0.33680460389605976,0.240725249502566,0.20412312251334092,0.5212809652285391,0.5204469852216977,0.41563608568202076,0.12274632870488009,0.5626494151581879,0.4312981623924084,0.2526043110806569,0.30849412259603215,0.10131793997228214,0.24142133216362463,0.3314431326964458,0.11556741687594879,0.36346608247523565,0.2457160642808397,0.2012605726262277,0.23291470211501542,0.18068641106358296,0.5652536158533145,0.26229671211417244,0.30159131049874377,0.18655305861936647,0.3001528432161024
2012-06-29,0.7869467739444118,0.5971398521378939,0.8054424131300116,0.6294160043606987,0.6811616933106018,0.7504683740261563,0.6495959942188081,0.7428811609944811,0.5673827117382988,0.6363870394201047,0.5788179861674758,0.574579182208969,0.477624236781635,0.08938450878803124,0.42336775268063376,0.45285258891889335,0.5321668448517325,0.40834042229986445,0.36453430063953296,0.24938619832916986,0.1571714837914044,0.31704252774695285,0.3070939630354498,0.2617757770997238,0.207846656089345,0.5239854867015551,0.5174038558822153,0.4187685722779068,0.12274632870488009,0.5709092239279511,0.42714095244431155,0.2548763317052747,0.2996375692235932,0.10750693289181787,0.24898152548411778,0.326674900361245,0.11580267133991223,0.37212917198376466,0.2687223016172202,0.22648252585048126,0.16557857965691558,0.19076846307456183,0.5486878843920667,0.2694097858030564,0.3037357857290449,0.21252425164658598,0.3126829402356036
2012-07-31,0.7910583600526759,0.5936855533630168,0.8062820821045601,0.6338136112108508,0.6798856458517912,0.7689551241646607,0.653494344046906,0.7477712724549855,0.5846699036656884,0.637341200214124,0.5850331978676835,0.5597965377664951,0.48476471927375925,0.09129933268964403,0.4254684404707258,0.4534952156596987,0.5384433487730538,0.42159752386340354,0.3740768241418116,0.2640635708620265,0.16406507117446797,0.32027039240644334,0.30242062320111757,0.2867265162038574,0.20803793507173304,0.5222620908018039,0.5222934355083493,0.4186037581146097,0.12274632870488009,0.5787263563488256,0.4221762949065105,0.25783136704728593,0.2962573195919664,0.11059599398759788,0.2473061303867783,0.3208231969232457,0.11517260188581573,0.3704580988150158,0.25918048615748496,0.22966017827747354,0.17030796480284724,0.19021677944699864,0.5481493675289373,0.26525947323372234,0.3039624522084006,0.2135514328016772,0.3042261912849002
2012-08-31,0.7910998941045555,0.5932159499515981,0.8105992845254856,0.6342998433800928,0.6769271834439219,0.7687104935362362,0.6631389317168734,0.7469624810123645,0.5861843345168811,0.636243936507369,0.5855019288760738,0.5634341294363064,0.4864729297792925,0.09364171748307386,0.41972192085022175,0.4563420124258724,0.544463790336183,0.41985530174647484,0.3742070147809637,0.2564980141217368,0.1632277718138526,0.3145603162917093,0.3079931211827913,0.2792757002537331,0.21074597520899024,0.5214424597006871,0.510074324804931,0.4175258307315626,0.12274632870488009,0.5805048539681645,0.4216576422798818,0.25637461732881517,0.30044088876539693,0.10776994363183377,0.2403411846503019,0.3135391684556022,0.11376948532422933,0.3764317976907375,0.2608123590864841,0.23281096820156816,0.17437270767854113,0.19004951888493807,0.5500877450113036,0.26186395891845643,0.3059962236839168,0.20876320573785234,0.30560437730074913
2012-09-28,0.7909048667499251,0.591146089371647,0.8133699208048287,0.6346831887918957,0.676569778260128,0.7699687025288295,0.6690391288315582,0.7458292437246938,0.5945046395812691,0.6357143575101967,0.5792167756128438,0.5806508727642768,0.4941078409673603,0.09500016711199077,0.41499990403920756,0.4541333217251385,0.5401174231241229,0.4322293022004519,0.3724001036407823,0.25054985611558284,0.16157170940845678,0.3080378507674342,0.30188588911439174,0.286069430387208,0.2145913922026633,0.5242887065747127,0.5093181897527188,0.41450314339106514,0.12274632870488009,0.5808340196365271,0.40743161720244625,0.2582634182519386,0.3027144623353624,0.1085225287634995,0.23751968685954486,0.3159795436985947,0.11495981055000705,0.387028309052961,0.26049344650783457,0.23361826591731094,0.1398840782003259,0.18360798191215352,0.5482397879850729,0.2572192017924004,0.3056095533399145,0.21124100816892535,0.3372080445637191
2012-10-31,0.7906569826299671,0.5917372093260317,0.8094845466343139,0.63350706762034,0.6748238335890032,0.7699749703734831,0.6576723483587318,0.7436382272529448,0.5951810112599971,0.6367504410528194,0.5813249698838393,0.5741568916096347,0.49595128311044745,0.09145820625143024,0.410895355009534,0.45318352094078396,0.542206300300857,0.42458810914057843,0.370961686794603,0.25206418645498063,0.160979340587712,0.3121255535315801,0.30053974325975397,0.3015756196626562,0.21313548845074423,0.5301004051382079,0.5053762592405521,0.4126026379649931,0.12274632870488009,0.5806278362183389,0.4157303637163684,0.25942112363961134,0.3015191726762283,0.1081865972844226,0.23127002634003907,0.31865711545323994,0.11414019163221224,0.3820774810578818,0.25255534839211424,0.24391503501636563,0.15293797588700123,0.18107889235583985,0.5522308298528926,0.26071698239104346,0.30688126899774554,0.21585956282153548,0.3338827890011013
2012-11-30,0.7904365026189278,0.595889763892073,0.8093064410527029,0.6338394437710531,0.6756489834781557,0.7694763840136507,0.6571047677218017,0.7461176286358085,0.5924179125000815,0.6394981543947099,0.5774872513963774,0.5753299893252759,0.49844221572124,0.09206869535047484,0.4108472757391448,0.4552066096832314,0.5502905151537808,0.41492452054476836,0.3706660928129422,0.239189584568313,0.1615941131357125,0.31500915626230164,0.29500801330336285,0.33687889358234635,0.2152092395313419,0.5334195890480927,0.5091163127230787,0.4138794168576521,0.12274632870488009,0.5801894441820871,0.41189235327060486,0.2529899436617642,0.30198147143023374,0.1083384458136822,0.2274635722804279,0.3218441937570438,0.11394367997425446,0.3834216709620431,0.24991529304004642,0.2518515708367599,0.16348594609437,0.17148080727481557,0.5504946231364131,0.2669642246499049,0.30545579219590246,0.21374303921569543,0.3114515600520897
2012-12-31,0.7871279275809058,0.6029247730165255,0.805225009582071,0.6375369122493779,0.6698290901049039,0.7610599152842068,0.6601352879948091,0.7484850886887564,0.5966414816214088,0.6292154118424226,0.5763518431086545,0.5790838428246733,0.49268780110145516,0.0889588832683838,0.41250792461767427,0.45844742216278483,0.5509736123400089,0.3876759222862475,0.36439367772692777,0.24871459946561128,0.16257933029884852,0.3213382756966774,0.3071568039123395,0.30143680176456833,0.21261766568563875,0.531219394898961,0.5141218103560923,0.4305645499040051,0.12274632870488009,0.5795270431402956,0.42288344317134596,0.2623051193003389,0.3012236996920502,0.10123846053918599,0.257949691480795,0.30955930727341324,0.13139291170859876,0.3781473868896862,0.2579452794889788,0.2526086171937864,0.14894323843765847,0.1666910385685587,0.4351710223546595,0.2685140538807457,0.30504278916296623,0.2112546154459329,0.26961297620108804
2013-01-31,0.7811202904805359,0.6009179237020216,0.7943614715588373,0.6368980286497304,0.6691705846774607,0.7464107181885449,0.6549588550578155,0.7502698770039888,0.6221664488931076,0.652496314694389,0.5825284002653028,0.57739043972745,0.4975849779981206,0.08941907596214696,0.4019356317925193,0.45640578407067806,0.5485871335941596,0.38350671313686496,0.38531054781122165,0.22538920144713095,0.17341600242719346,0.31692697692132715,0.3030929237038305,0.2953685625630276,0.21336484358807292,0.5221079594542825,0.5089330474767373,0.4558765736111326,0.12274632870488009,0.5727625741123588,0.448899706384964,0.26422208159608007,0.3017510067591638,0.10705355950506179,0.24817863448858166,0.3128214436928469,0.13260213507249483,0.36626098545985675,0.2577341053685143,0.2509654608607581,0.14826000145339688,0.17486469380880001,0.4429249150535035,0.27068920976182304,0.3039111347337328,0.21034260788066578,0.26099099382256125
2013-02-28,0.7833149677008543,0.5989652320080042,0.7899328889385276,0.63408704533203,0.668677525042212,0.7421178652558601,0.6510860234716659,0.75473697815374,0.5935330929806024,0.6464661616257319,0.5725124138737406,0.5682916813237161,0.48291571091777896,0.09151601993351353,0.40987879392335447,0.4586901810004893,0.5430424013638169,0.37920290836036397,0.3820701636528815,0.2315372672453495,0.16939789108104944,0.32152481185966447,0.29545097987023344,0.27792931296985485,0.21884840105184697,0.521307013756652,0.5090396441885734,0.45016356692836024,0.12274632870488009,0.5704642947461254,0.4376955801899282,0.2651705360087719,0.30188339250958146,0.10551137937752435,0.24125254162965928,0.31383787212645314,0.13267967896448887,0.36945983779843977,0.26007047103946745,0.24947597988052916,0.1522759201663923,0.17542750384670072,0.45033365672737496,0.2822020941524412,0.3047922116215195,0.21110737157796985,0.2505391944742324
2013-03-28,0.7788054175294922,0.5965934162812883,0.7889542430881491,0.6350879791834411,0.6647331063724875,0.7422426241645056,0.6559674434370565,0.7565013086746182,0.5970445240106464,0.6513297569622118,0.5664784011389711,0.5784030102695715,0.47356237485759184,0.09449474246328304,0.4102772792076417,0.4617818774536648,0.5455416051021765,0.37364146336996573,0.3815885477992573,0.23356978963591596,0.2927245427301212,0.32279309485758106,0.30122650003643386,0.2799863871435309,0.2234374421725651,0.5178219529682172,0.5034073106753292,0.4540681706556751,0.12274632870488009,0.5710026950653417,0.4313044188189228,0.26056107119133304,0.3016527129235614,0.10366311516401888,0.23556927673730818,0.3098331128394853,0.13353986876058516,0.3782193583565232,0.25886271916426473,0.25196731278126133,0.16967442703154323,0.17211318865235178,0.44783510943897864,0.2635085365224469,0.30369375163706724,0.209467085372523,0.2675170614674599
2013-04-30,0.7810857648857672,0.5955982130897441,0.7870114401006467,0.634637583689739,0.6636902627435122,0.7412758050253886,0.6476848812894369,0.7659195081470808,0.6051970767274251,0.6511539579889297,0.5780573531085923,0.5441519157906559,0.4811571307376348,0.09566938378030598,0.3983584330632843,0.46157593988795714,0.5498446547129875,0.36920549687353676,0.3857324412245164,0.22906042699855567,0.29327629558366863,0.3277483766086108,0.31087041226676615,0.2877517867295636,0.2214598821781632,0.518461846013669,0.49313682228139827,0.44549120380357826,0.12274632870488009,0.5695666284105773,0.42569840458489466,0.26126779364767144,0.30225935140048116,0.10276433199680905,0.23481540362070025,0.30730316011939124,0.13343559528194202,0.39304390008102635,0.25848385968119986,0.2508635682991783,0.15134420553136574,0.16857644384137127,0.45801419763653733,0.2679868179030023,0.30265718672311875,0.2137644230003897,0.26173239515157964
2013-05-31,0.7774500211649851,0.5976065138420372,0.7918256267025053,0.6323241194605256,0.6650252223091027,0.739708674337542,0.6502019517175316,0.7623761377654429,0.5984270016700186,0.6484471382365369,0.562558992409947,0.5713310621016258,0.4789489092181727,0.09432160426591056,0.39114296600241666,0.4624004821472527,0.5468422873171926,0.3634809447303063,0.3854755155619307,0.21797339031776244,0.22216350680952412,0.3249625758471198,0.3013806760393858,0.25466954006792014,0.2237082409298824,0.5128307831349586,0.4998822547046468,0.44890541620567964,0.12274632870488009,0.576380628021914,0.4171818965561187,0.24633629006682137,0.29637016628047375,0.1030176026219984,0.22986391874344528,0.3006145009068263,0.1327320216298756,0.3892423955008238,0.2564792059080332,0.24959468725967116,0.05555240588252708,0.16967311013598632,0.4553203227964677,0.27887365774565653,0.3028935429792114,0.21188400407630842,0.25743940814279537
2013-06-28,0.7754680583574216,0.6032206892259879,0.795935872033542,0.6286865097451677,0.6738523628766296,0.74584941914494,0.6529721170155267,0.7727487336325075,0.6270914297222612,0.6562648478959705,0.562498871490654,0.5809066388635667,0.4733106975439063,0.09878771173211856,0.3906653436468709,0.4543718505668575,0.553303703568109,0.35108601628662,0.3865595562022914,0.26183081606954584,0.23005018814190215,0.32559817625107285,0.31472687170925817,0.2767841620719594,0.2316026404524293,0.5114690719352074,0.5041473199133898,0.44904034473212806,0.12274632870488009,0.5817507802175063,0.4258432452161467,0.2622545359252786,0.29981343501013574,0.11373994540881391,0.24846838078953457,0.2970993798611871,0.13891430760731077,0.3849603809782766,0.27106817113962556,0.2465930759954486,0.04962726532764542,0.17365992072992692,0.43811109342583515,0.2523890580457118,0.30238237786599204,0.21983522318179252,0.24367792100865956
2013-07-31,0.77549429570936,0.5998290274175434,0.7948008884425488,0.6256625096550449,0.6724526367348864,0.7430951424368859,0.6491068331158728,0.7680502056038943,0.6245827961346442,0.656924561864728,0.5577879057815066,0.5860887610633857,0.4757177363276484,0.09935192511855866,0.3941925371030143,0.45703910321558067,0.5555829251014341,0.34119389339339473,0.38523215452581505,0.2709546058282083,0.22179823579389915,0.33109021816557876,0.3127113214561316,0.2765962418076752,0.23179955475988945,0.5059849336197497,0.4965525972759842,0.44939173370593927,0.12274632870488009,0.5795278481762959,0.4317406013359633,0.2640511882233273,0.296976781494477,0.11577757491095067,0.24832373242875505,0.298942966500682,0.14033072688823853,0.3781313906844008,0.26785533725579674,0.24265321591966874,0.06965399976728627,0.17577646435964417,0.4329013019867862,0.24956724977518038,0.303174959709627,0.21714909292343385,0.24007997146049462
2013-08-30,0.7751935804521681,0.6009366891593576,0.7888586319747567,0.6224888756816035,0.672366717022345,0.7393543978871507,0.641630768067828,0.7629430364109582,0.6304291257387579,0.6541268555974873,0.5545403526540653,0.5810346992591815,0.4758501578845223,0.09666250881958337,0.38958198398390986,0.4572347655479997,0.5556035946717787,0.3304350867592834,0.39266984523989473,0.26080412820098814,0.2220662005004811,0.33527356404820485,0.31321010225426893,0.26509202678320415,0.23389332151508668,0.5041728675805076,0.5069230167206192,0.45366149274062406,0.12274632870488009,0.5777989993661918,0.4311258907450037,0.26357224335377827,0.2967088366135595,0.11329274648504417,0.2431654694698769,0.3035913493928889,0.1407948351032945,0.3752400649262043,0.26661764673634686,0.2448979256877061,0.07005769085149255,0.17406707311168765,0.42286781665861367,0.16721646033278764,0.3063734436995606,0.2193035181374398,0.23220149637637308
2013-09-30,0.7709408984529375,0.5967886623381599,0.7867766493625293,0.6218583621599454,0.6711947398380896,0.7386638916062918,0.6423460845475236,0.7603987692988715,0.5950356268699394,0.6545957130840266,0.536991730443789,0.5859780834038776,0.48230154671949027,0.09700172524412475,0.3873593309445625,0.4563283771245387,0.5719625079371025,0.3166854087060635,0.38368701309456704,0.24850994515942393,0.22830064446385318,0.33573947002100213,0.32637275922388537,0.26254449651795353,0.22280241173999607,0.4995498073423944,0.50365520698665,0.4530515900649528,0.12274632870488009,0.5825187180331792,0.4277193658058248,0.26832342197491516,0.2981087863462741,0.11354787408984222,0.24085994792315127,0.3043810501330434,0.14088600340992444,0.36544391456850295,0.26651267001059215,0.24434728098282335,0.07067388999721401,0.1635710630268448,0.41715957164625017,0.1667767568516652,0.30649746951049367,0.22386707607384881,0.23922358291092272
2013-10-31,0.7723236180538926,0.5966441786744042,0.7842941327425001,0.6236995169210544,0.6726163548493516,0.7383650330918796,0.6410281278978875,0.7610698782449906,0.5989360194914086,0.6511054920621998,0.5290459250805498,0.5840853995875736,0.4957065322935697,0.09621499590534348,0.39643137054629035,0.45526091147593045,0.5859713992456832,0.3129687011461385,0.3818175994946956,0.2493703271521981,0.22198966225219438,0.3308263630525403,0.31669645428346055,0.27555375650699915,0.22510866632390228,0.4995949529963474,0.5094545673134335,0.45455167406708613,0.12274632870488009,0.5785861086874864,0.42378835241675566,0.2716383345710301,0.29600315552450435,0.11388805979269467,0.24364578160235031,0.3023113860156447,0.14079149383510167,0.3589253626279359,0.2690573454652931,0.24236675802456728,0.06781205049266288,0.1618405083850847,0.4159947645141286,0.17055900457834736,0.30928344163832705,0.2167946033777737,0.24735916612287784
2013-11-29,0.7720033050218613,0.6017545544954663,0.7810615201968907,0.6333780971160701,0.6763333661119115,0.7350383034381998,0.6526302009937914,0.7679738770656166,0.6010346284153527,0.654406030110764,0.5350110366096348,0.5851729625916579,0.488456958989268,0.09218756618194915,0.3989557445855499,0.4552983730851372,0.5747707882538268,0.3164851890286874,0.3764957382584612,0.22799572615615293,0.2271108261508174,0.31989147345658453,0.3119793839998509,0.2764160403292098,0.22546451128205883,0.4975718392960655,0.5114243912799817,0.4354740179216224,0.12274632870488009,0.581930025604252,0.4195569263725503,0.27170275837719576,0.2978403952997096,0.11224340705434735,0.24845068550661248,0.26631773125087776,0.14203317201682134,0.3568569992873906,0.26862916418693816,0.2499798995382196,0.2082134156200523,0.1680064026116433,0.5287244609306517,0.16781413580363336,0.30843701506755383,0.21717557832387083,0.24119790234483587
2013-12-31,0.7708909534476893,0.6006866607020671,0.7778443502036959,0.6348988800035746,0.6773932648810335,0.731765259383976,0.6547926302151631,0.7585834685939318,0.5964992053785048,0.6560248171529423,0.5334061281442545,0.5806237543364808,0.48208771127343736,0.09341485706893524,0.3967045211661421,0.45384437507167674,0.5724133720744822,0.30902723086095174,0.3695857327151205,0.18970627890402753,0.2286231209303063,0.3177063707918667,0.2988357098158189,0.272392647882602,0.22281883124520696,0.4945468960987262,0.51178666345989,0.4325864376381876,0.12274632870488009,0.5859156931150198,0.4189256157136674,0.2721846476010353,0.300000098565494,0.1156290387337732,0.24173147753358942,0.2667319627300608,0.1411755898952193,0.3522628136267286,0.2661560453897605,0.2535310035009109,0.20853183541931716,0.1677156476816293,0.5464695560682783,0.1630409018651515,0.3088554506472416,0.22245553153789396,0.26802269502062964
2014-01-31,0.7676711293170979,0.593466522331247,0.7699251589096405,0.6287719203886554,0.6761528848965834,0.7316017533927848,0.6512261837980009,0.7563194392873207,0.5932845064955115,0.652974786809061,0.537619308279428,0.5802574376758111,0.495339804269346,0.09401705315552746,0.3882511262458408,0.449627653144556,0.5582338184455252,0.3216444391372052,0.36552138042098964,0.1878437956166092,0.22846656295173004,0.3269207019151458,0.2905552542682079,0.25168137092462056,0.22303876465208924,0.49349778344884715,0.5027550313094759,0.4322950704551977,0.12274632870488009,0.583894401255879,0.41679114249379545,0.27455300560673696,0.29762826614609633,0.11652205665232969,0.2422249092630281,0.2661015718714697,0.1423358852440931,0.3491156244733587,0.27126447687376953,0.24978507723717408,0.21300623593728113,0.16713048602517783,0.5469347782836795,0.15842635389746532,0.3099224018661802,0.21875224658811704,0.2767841716131661
2014-02-28,0.7684525679162861,0.5946169337719396,0.7628926958072499,0.6263649533992055,0.6736454930984661,0.7284219285418528,0.6511118265502333,0.7565379171616307,0.585978144057917,0.6450841902040209,0.5459369478925286,0.5766805495884649,0.48809534677745464,0.09554124385883755,0.38672978455646617,0.4512556475406761,0.561257043573354,0.32617797687582895,0.3614835371393556,0.1989571138372317,0.23393393053273587,0.3236718331603453,0.28898283200550756,0.2571951575863646,0.2234446579378212,0.4902618320365728,0.5052630231824029,0.4348016207918555,0.12274632870488009,0.5887755629054142,0.41676043829645193,0.27151218975334335,0.29633452621431483,0.11681728696675044,0.2395914916438373,0.26812589826659217,0.14319465424355557,0.35025971977262366,0.27514900545725685,0.24743908087387917,0.21964508442500538,0.1707154426344825,0.5303744222309155,0.1498124359084803,0.3131641960161999,0.22397146295261677,0.2819446809865048
2014-03-31,0.769021767547865,0.5937142822559062,0.7637859955912963,0.623583876027151,0.6772915210615243,0.7294037610845328,0.6492987717643611,0.7599191984348125,0.5851893671415206,0.6468753514241662,0.5289328935584826,0.5765445556664501,0.4912185117570281,0.09400257362624466,0.38725142023615394,0.4489116972471699,0.5640554454754402,0.3375536877338697,0.358406192830763,0.1912596582428247,0.23578612444500036,0.3221296702135555,0.2840687846463826,0.26673665393316187,0.21553871883499623,0.49257653671126117,0.5011350043169339,0.4406343567675584,0.12274632870488009,0.5913707339472641,0.4142493207474124,0.2729922676405846,0.2954375362560467,0.12089664331872856,0.23364880145438227,0.2755971653525616,0.1329458349813874,0.3554415115822211,0.2671306993675918,0.2629387358272219,0.2178142823785079,0.16875344244830506,0.5422446320413795,0.1505929955011292,0.3116612305337419,0.22952814366957355,0.3168275342417742
2014-04-30,0.7717727272389363,0.5916190173038988,0.7723800732502405,0.6243617460747368,0.6761262894123035,0.7290829839795013,0.6485636840074172,0.7651394526871894,0.5822534078285619,0.6447822793879968,0.5323217485889431,0.5797121023828858,0.5030251560345996,0.09743476026837708,0.38629276529256856,0.44839849803079257,0.5469583742154182,0.33608279627957943,0.36490433253886284,0.2053867594419148,0.23800692243735277,0.3100734556615201,0.2869090997942034,0.2633594209157371,0.21286182563928613,0.49834886752109564,0.4973650746458038,0.43838588377919685,0.12274632870488009,0.5903973303643648,0.413862913880914,0.27401305490044603,0.294441328528406,0.1287134649956252,0.23264138716536772,0.2784626479488229,0.1274889982101924,0.3565326493262351,0.2706193325500702,0.2607995946636241,0.2650671977161084,0.1676066755784172,0.5376347321984536,0.15796926376167578,0.311886854399155,0.2376612231703206,0.3304688731183295
2014-05-30,0.772935186308836,0.5926612212313892,0.771930764815087,0.6241205933025863,0.676132593808607,0.7316233291662703,0.6508057797177946,0.7607822219364083,0.5764344947817026,0.6274146708113801,0.51868690190307,0.58020003529092,0.504234945937093,0.09689364940578757,0.3859061472859268,0.44919163200414536,0.5475391011497348,0.3377316750941438,0.3685052628953801,0.20535982924834872,0.22715848977310804,0.30875921186583755,0.2912564461087177,0.2695484237394936,0.20293659942753792,0.492806819491473,0.5011570276397902,0.4379526130452031,0.12274632870488009,0.5938051678362138,0.4102019447246223,0.27502614428346506,0.2933864297035599,0.13562083721403992,0.2273184920970463,0.28576079492592077,0.14078714221149682,0.35373687814582555,0.2671938470294796,0.265023209841627,0.2421342654945533,0.16819151044994243,0.5488393888026174,0.1578287512733047,0.31227189499265945,0.23942686115316117,0.3285771063889364
2014-06-30,0.7673098534286257,0.5897572172373402,0.7739921291138794,0.6273462466610008,0.6811878120479499,0.7322374548835515,0.6577837900170117,0.7550984588912102,0.5938572411295217,0.6356548189934302,0.5886331049892388,0.5838625865007795,0.5182592809810498,0.09629656010338238,0.3745367431803467,0.4473323234432806,0.5312004537413272,0.34491898312387537,0.3762856085670642,0.21610942472863254,0.24990467412199607,0.31016435847730767,0.288668463902373,0.2682279333509491,0.1958534515684973,0.5000855962724197,0.5049046533121407,0.4414413372737413,0.12274632870488009,0.5934765479781593,0.4138797162829951,0.2831159428842066,0.30904644775669604,0.09589849747106972,0.22695842303643368,0.2883451092421057,0.09659415938825001,0.3639607691195353,0.27920993966636537,0.2700527093437957,0.3258256661541408,0.17433739514904256,0.5600809376264846,0.15404688151237061,0.30438761446674684,0.22490386764163056,0.31189648840765144
2014-07-31,0.7742933038607785,0.5891261533497563,0.7763712425237683,0.6258741676727653,0.6871482606119388,0.7323700348428244,0.658611213294564,0.7552182151506892,0.5874485725621037,0.6491051638088985,0.5938203708798507,0.5844009779632028,0.5141956211458184,0.09500392168981502,0.3837411388095528,0.4452992317206895,0.539990139444431,0.35067136449520986,0.37713536149331833,0.2118632613637673,0.24855485404977812,0.29125600773911126,0.34045248762922653,0.26697975668202073,0.19488664652108786,0.5029061368627842,0.5028430399772645,0.44697989677157896,0.12274632870488009,0.5933361269464921,0.41791936727673923,0.286175869032097,0.30462460310062106,0.09939912633072762,0.22509144153802538,0.28887628120313463,0.09940890509755897,0.36602416231400914,0.27528172388331157,0.2731609830288451,0.32148568022897667,0.17451030747654117,0.5502356582758355,0.16229934451896486,0.297007759496261,0.22880192174442013,0.32071919346546335
2014-08-29,0.7727568951289854,0.5866303397462921,0.7742294878585582,0.6289858201761515,0.685845698053295,0.7338627040298048,0.6608885566547155,0.7518396709951787,0.5849386143250611,0.6514173713236155,0.5918845864593497,0.5848980584978606,0.5121924744176602,0.09273125495788635,0.37953858014239283,0.44686565467160955,0.5460957198649875,0.3447552267541772,0.3786381500905226,0.2183580144578966,0.2453327645243421,0.28954392714237326,0.33856336966650474,0.2547772415239063,0.19427592349121087,0.5115123892834079,0.4910466343701008,0.4489658039144899,0.12274632870488009,0.5967569518815278,0.41867353859148604,0.30388823396837455,0.30421809412486184,0.09927035063114337,0.2240087125666261,0.28798944693783834,0.096473066777326,0.36685227717336144,0.27581682165215243,0.2710342215640697,0.3213190862055038,0.1770962285811934,0.553050687250728,0.1670670155482936,0.2990493036243105,0.22730477925271297,0.3377914313185027
2014-09-30,0.7754037481302862,0.5912454290022295,0.7753260555315272,0.6345619670363922,0.6890338972939203,0.7379950942543926,0.6613675990070623,0.7553566726582864,0.5905859264934452,0.6550482794258373,0.6158516629399364,0.5879708445367307,0.522497958450222,0.09139131435467268,0.3810709144721923,0.4506744715125286,0.5527585813708411,0.3518129481309883,0.3680772850589702,0.21240870205303614,0.24265849318778035,0.2839823967561921,0.33019776589327193,0.2138644247152887,0.1906510567926209,0.5063334879339428,0.48062640834351916,0.4447043507706569,0.12274632870488009,0.6021655909764864,0.4173322695072931,0.30773984431244733,0.3036601097739486,0.10192248639244439,0.21490896117321756,0.29070067059821225,0.12466819287615616,0.3818384720180069,0.2744191856262376,0.26830680247919664,0.32101263500581545,0.20468809882346872,0.5539377271258504,0.20290319735875414,0.3005378727312165,0.23155294666970988,0.32046829770866236
2014-10-31,0.77480302138792,0.5921467353190369,0.7713634145441348,0.6292135559213975,0.6876865178167124,0.7367554529547597,0.6516833061566543,0.7606948186499334,0.586207937869143,0.6531381630927006,0.6103780684765028,0.6038392951215791,0.522355558927212,0.09340837797328379,0.38255484275018065,0.4500972189053743,0.5691241299910345,0.36139825300174744,0.36280396677160875,0.20305940874100578,0.23682323810076691,0.2822555452183884,0.3366379517414277,0.217966747161788,0.18988243184187736,0.5232138135580758,0.48195301404517554,0.44580419369944785,0.12274632870488009,0.6026674747896852,0.4169853336702706,0.3127535024456778,0.30418300203746557,0.092445037360229,0.21420402311403255,0.289550504834231,0.12434243424857344,0.382911279879889,0.2730642209634537,0.2698190766685119,0.3230599978060605,0.20579869948408644,0.5557743376999914,0.1992329791704072,0.29948846655646966,0.2399169518095924,0.32135075207057523
2014-11-28,0.7831978194067879,0.5966245222952372,0.7725867473106964,0.630846949491467,0.6958460592161225,0.7093219823474278,0.6580710922146297,0.7584140196396305,0.5813105808612213,0.6561350028023237,0.6246193356989118,0.6168977578047066,0.5135543547552426,0.09301981905140007,0.3935074222155077,0.4512970708471854,0.5754500557868946,0.37015065507501355,0.3485850565195376,0.2429409899750068,0.26365780292333746,0.28697659113780877,0.3248971186341284,0.2096502724578878,0.18688149446342345,0.528146748255691,0.4883970158717421,0.4371395239098099,0.12274632870488009,0.6019272045719427,0.41493424389567907,0.3092217759363514,0.3047370278383503,0.12842003730822474,0.22752694612825564,0.27173176756038436,0.18208822573642972,0.388325311256539,0.2745494138717715,0.2713862354726239,0.325887332718713,0.20362076018703337,0.5538441245283874,0.20460865536346304,0.299992440722898,0.23572101953931401,0.3304297612826488
2014-12-31,0.7801718720661857,0.593121432191537,0.7694364966464902,0.6279617562877653,0.6894068364882983,0.7083075205461961,0.6533552152946026,0.760319446948305,0.5859625661803166,0.6538200044290772,0.6158896573334931,0.6100482940067588,0.5081412630202524,0.08789307518600327,0.3929587629285666,0.45074659390429184,0.5754502456175018,0.37858940756010373,0.3468139759180636,0.2347185219439639,0.26534091557737427,0.27639251115975266,0.3236234332122207,0.2044351113908493,0.18134281883941597,0.5173467147304451,0.47640176034072257,0.4363045871919844,0.12274632870488009,0.6033052372064076,0.413381371638073,0.3074478916805242,0.30721418426497815,0.11531745739054584,0.22464450013940812,0.2702449309309345,0.18164532197283462,0.38994044284296586,0.2704225839919209,0.26734628213369444,0.3214526170930111,0.20358774909660118,0.5495384577721576,0.20777754520695535,0.29880408046021456,0.2401996792786464,0.28010872347633053
2015-01-30,0.7806748178205748,0.5895508247228848,0.7727311200806951,0.6299781850420838,0.6875491072886636,0.7076947204015726,0.656178563513338,0.7623515065899852,0.5759215467655893,0.656208385628497,0.6240840319771976,0.6074695846240521,0.5024623336296687,0.09130904054881221,0.3868983516079998,0.454698499541704,0.5726720545651518,0.3773453492492312,0.35412667589824703,0.2315543721037714,0.2703117802746384,0.26928826337921874,0.3214859730075264,0.20037511193490265,0.18193899872280175,0.5183050879742347,0.47347147519887395,0.435932265799466,0.12274632870488009,0.6041472358651226,0.41153931297314583,0.307070581598655,0.3040043907719408,0.11109292948338724,0.21667852811341543,0.27047248299673443,0.1801924342854615,0.3917109038882543,0.2716684436354715,0.26717393513784765,0.29917380369888597,0.20342517617454048,0.5474657581881212,0.21623430526450635,0.3001381772785543,0.23833170804115128,0.2863121141197487
2015-02-27,0.7831856600646772,0.5933725310122228,0.7690625262707776,0.6293949673268371,0.6884939980101412,0.702890529671543,0.6595673681808023,0.7617495949923393,0.5820217484057348,0.6532251182491315,0.6274702156177518,0.5969765593811266,0.5068870496751214,0.08864777606039734,0.3822134285821753,0.4540759697649079,0.5681084292371716,0.3666853036203993,0.3553861176768297,0.2600427306690132,0.26513895810362453,0.2816806686383071,0.32123245764305247,0.19251129802092662,0.1829960658612183,0.5210588553284511,0.4658239560339443,0.4392900805188836,0.12274632870488009,0.5968285517905834,0.4129537761069285,0.3129660909571583,0.30358673380213674,0.11318394623669806,0.2131388527579683,0.27266369286399134,0.1795527011850381,0.38900955421513134,0.27463508972889467,0.2618101381537955,0.2997459314047816,0.20344256712979406,0.5350298271242291,0.20613909846932102,0.3015084040121569,0.23255848376689772,0.30618992314121385
2015-03-31,0.7744843284423677,0.5936772563990025,0.765901877707282,0.6336488735647708,0.6883997390506075,0.7003711507494531,0.6620155099602533,0.7628754237497953,0.5758819180382141,0.6564673164873912,0.6387215873913064,0.6160062910578066,0.5062058304745102,0.08741942043979559,0.3830263550362686,0.4524287603944339,0.5662648506752236,0.3863634932518035,0.3549850429520078,0.23838785096127899,0.2612517380469396,0.28056415573142607,0.31547027321713755,0.1629248007795758,0.18585624407858062,0.5161381214236208,0.4633555637232208,0.4389039624422468,0.12274632870488009,0.6068828316415671,0.4129350180056205,0.29690604185977737,0.31086935611689187,0.11028529120481592,0.22177231960981003,0.26880701555373354,0.18033522970899693,0.387920689229385,0.2873345657652901,0.2684122286434775,0.30299284123855863,0.2082102966554517,0.5489960675835555,0.21322432598840332,0.30295839433356225,0.23343924348966713,0.29524176541774394
2015-04-30,0.7771179612057342,0.5950178641050079,0.7616221627415587,0.6315171034673566,0.6862735010182595,0.6968410308511239,0.6548660962082639,0.7599159397179801,0.5758197738779417,0.6459090952849101,0.64967209091253,0.6174769866849867,0.5087415807451567,0.08148560953691958,0.3853864718040483,0.4484348137372501,0.5595365553969962,0.40609301794827396,0.3519563079346781,0.24395752356736602,0.25814761929522445,0.28920915009767706,0.32418228702431995,0.16171847450000515,0.1795116934527131,0.5152350854451133,0.4551400586496765,0.43448162910325155,0.12274632870488009,0.6053470500037981,0.4210432717278946,0.2872475610435746,0.3103657778349582,0.11496319620145883,0.2194409145862388,0.27484212725132723,0.17901935395172625,0.390057960936443,0.2889605196114448,0.25960594275033283,0.3001802477787527,0.20833376895371383,0.5559459677963724,0.20733997348977515,0.3008387441243006,0.23769272657918716,0.30160120564185305
2015-05-29,0.7776656888323635,0.5965770239539702,0.7536188917882418,0.6293591208070491,0.6804680675894785,0.7030233089374851,0.6512206428510101,0.7534401952127434,0.5743708395674506,0.6475239380335517,0.6494938447462694,0.6099415707039486,0.5136306370426021,0.08118048732801571,0.3754741331529205,0.4471878152519575,0.5634145676868081,0.4042132912795239,0.3529603894602386,0.24595168981809554,0.2597509209965996,0.28804819358456846,0.32396598233442325,0.13278455102726935,0.1796748440233308,0.5209529145468847,0.4464700264673162,0.42903331401135886,0.12274632870488009,0.5997969626510212,0.43628052585105576,0.28903454014784685,0.30731662420439676,0.11251388511118668,0.21905651594107234,0.26878920072749646,0.17413030073942054,0.3845698334455756,0.2889756252876721,0.26186066714007444,0.29714647608226,0.21000492818714153,0.5662036196847149,0.21387065297312793,0.27800176126184706,0.23775981936397947,0.2833450011371523
2015-06-30,0.7802919683717379,0.5927959453539821,0.7566923736846328,0.6347466044874417,0.6806583341432871,0.7012218308935052,0.6512857311688696,0.7554868686837033,0.5838834539305444,0.6417493032580327,0.6431512537890729,0.6187503182790285,0.5243053189061493,0.08245480398706648,0.3866552746879541,0.44503696865867604,0.5606417819291964,0.4160742592700839,0.3485440796239147,0.24713247563126042,0.25712011048396527,0.24970024493234777,0.3264079578053487,0.14269090108474594,0.20011983698570313,0.5271726288325439,0.4398919017075582,0.4250029331301953,0.12274632870488009,0.6242840919192414,0.4327861568176619,0.3133188224225351,0.3062975913034555,0.12752773914035626,0.22177929752616451,0.27024324497615204,0.21357149698371589,0.39532835829264223,0.2725893227068619,0.26991607526614025,0.29143184860313526,0.224358212579901,0.5483589956469745,0.20209628032181706,0.28985283250268545,0.23102794056948084,0.2914087303716871
2015-07-31,0.7838211414144853,0.5906935715113504,0.7591493418262102,0.6284338559081879,0.6784997349540807,0.702576669742718,0.6553501992804411,0.7592462441037651,0.5866267770607375,0.6367956863966364,0.6472478863319329,0.6188997347698264,0.520472441278389,0.09065645442760387,0.3863811495633122,0.4434309376924749,0.5651671933086396,0.4413300685489933,0.34788793725928474,0.248295958496329,0.2579382454384275,0.2499136153817291,0.318058483650522,0.1538911787179844,0.19845016011493968,0.5360917410602896,0.4321935559344148,0.4241825284812113,0.1241921906974706,0.6200620470316396,0.42457764237181284,0.2866155822424872,0.3052687880838473,0.12674827799501365,0.22539331268244645,0.26693566206332126,0.21229883408330863,0.3920936401291765,0.27059021626503466,0.2659309020470508,0.29341587659482365,0.22396939324363124,0.5420708598863171,0.18404436024809223,0.28178624441969846,0.2338735706693839,0.2699605306646735
2015-08-31,0.7852449035029129,0.5876676027465251,0.7529426169951423,0.6265056996432219,0.6765763506521423,0.700590776224708,0.6496925119600939,0.7522183146797027,0.5796706525803448,0.6290420946603799,0.6395893826746253,0.6114334907924133,0.5182450170009089,0.08901069753497987,0.3815551658584323,0.4418211235043848,0.5596412863729885,0.44662701623550155,0.34171101078244775,0.25352759052361884,0.28244828817388823,0.24372329784018196,0.31841813018520143,0.17056920467160247,0.199996580041862,0.538457166295345,0.43113373018388673,0.4212035041870149,0.12612997754470906,0.6191995069264632,0.41857447987013124,0.2934428232468272,0.3079954136447425,0.12541532383966578,0.2248136182948121,0.2681798052482539,0.21448127834363068,0.3900319775623534,0.2745499441704171,0.268388868805813,0.2628459677078727,0.2263854209339689,0.5398932631866192,0.1834824299739759,0.2716243601498501,0.23265348995041052,0.2841168394502246
2015-09-30,0.7887178834493118,0.5867906466340421,0.752833111167097,0.630798307543482,0.6773600419468435,0.6961226170804061,0.6480870067805059,0.7421982789422619,0.5847704344884616,0.617440888311294,0.6442937093533422,0.6023454241364207,0.5167218100834957,0.08931827162030358,0.37644885635559716,0.4412474354267413,0.5729104414146781,0.4305349699336922,0.3321557210947251,0.25021560492702194,0.2695784176323038,0.2447239399960619,0.31586939525551666,0.1721332939566433,0.2056313999062717,0.5250245351924464,0.43885063662339424,0.4237518357536458,0.1256927172897828,0.625439479342604,0.4111123776656614,0.2849484282340243,0.30474911340761573,0.12256399212411913,0.22044032359532,0.26894226978001423,0.2252590468354962,0.3856113780920114,0.27045388521497526,0.2672244944708826,0.26249195417635834,0.2289119146005347,0.5507590941899907,0.18917180395641317,0.25889229763373994,0.23986280036051205,0.28704197047010543
2015-10-30,0.7943596940288764,0.5905860860949412,0.7488467084568013,0.6341281327542101,0.675360247547097,0.7313430830285452,0.6548782062163125,0.7438030621324457,0.5840855311429319,0.6131368785440775,0.6463905770787943,0.6030184289248082,0.5122892925482212,0.08916737441866784,0.3813003417398895,0.44493204206633113,0.581805954750169,0.43117758724728183,0.3381143600012807,0.25410656499867634,0.2754195694457001,0.24695628681737442,0.3165758026675813,0.16062534545490653,0.20402243311734952,0.5185891235116988,0.4536682201503873,0.4174406857320743,0.12754004438809033,0.6288765674771976,0.41162964282351877,0.28449569352159065,0.30246835217549844,0.11991980070941524,0.21983422716389514,0.270545897621212,0.22411290348182222,0.37908719599537277,0.27387642080993424,0.26788729622607266,0.2702021870940459,0.22610237310494102,0.5512875055604946,0.1850416328696905,0.2543782648811479,0.24300593831953432,0.29309400489077025
2015-11-30,0.795433298961307,0.5736550799756632,0.7430727172849265,0.6375288002693741,0.6715292162310912,0.7312205982971128,0.6502502911261299,0.7358491455195069,0.564067456488403,0.6088505424952496,0.6420404122006135,0.6019993325667236,0.5185632134223078,0.08953350358254113,0.37460504252467686,0.45067812081620096,0.5719915242162135,0.4288259996967591,0.3360611772443509,0.3042171886126999,0.2682845723306113,0.2544948030422081,0.31392079552280133,0.1417878865074513,0.19857668289967734,0.5157544533054133,0.4534082481886316,0.4188195773876839,0.12886700357375708,0.6412632055427996,0.43018247455033176,0.2949167146906081,0.30282006426894953,0.11427992891114383,0.21947942958847189,0.2717084683645746,0.22039964732915784,0.37928195928370834,0.27277168622675635,0.2620451411658723,0.26021129849727465,0.22529423715923644,0.5707996075357923,0.18545829630316538,0.24956137130454667,0.23745420500004552,0.2749853827336812
2015-12-31,0.7975553728877061,0.5727090413420713,0.7460642679874596,0.6377633428216216,0.6784408602559238,0.7285534191217403,0.6454957007987141,0.7529441001903647,0.5739687594326136,0.5904541661334812,0.665610474155468,0.594741249595933,0.5096033727003851,0.09137765012938419,0.37245680299102507,0.44695108540994305,0.5693068463458026,0.5064838937400019,0.3378839432988117,0.3174300995218538,0.2632871832264047,0.24997486657937157,0.32108182798909646,0.14996717094499182,0.20634601030881222,0.5105136790010846,0.4538078248085713,0.4146442903486811,0.12814441394195433,0.6699848935719763,0.42915878600294693,0.3046344846142695,0.3070810220720241,0.15596029492229987,0.2152280242991971,0.27393824462217425,0.22941207154424412,0.37764501831373437,0.27066466643434733,0.25850448214659694,0.45504398027086285,0.23233773777770506,0.564737654070929,0.19395299161797394,0.26145144880930343,0.21066082929602256,0.2798089444874968
2016-01-29,0.8037471290503023,0.5687595956442029,0.750542288395691,0.6315011393027293,0.6779179104972741,0.7259059968192949,0.6355646093295176,0.7488393007128047,0.6115865524036391,0.5885102396784653,0.6639928340492188,0.5923376920032901,0.49441733133146615,0.09455288984283701,0.36605500895964654,0.44939467247531206,0.600968709756112,0.4973414668354864,0.3398033526110031,0.3424113261723788,0.26055371895078944,0.24410536213180373,0.3248239350496709,0.17905782020698205,0.21059554545026282,0.510780446203053,0.44895016714282143,0.41401695822354184,0.13014871576744,0.6761693139875232,0.4314506600658905,0.307019257880441,0.31059082546964956,0.15452520919437437,0.21955370853951106,0.278744354681579,0.2307313783027195,0.3787205110260354,0.2716596821920043,0.26229831226863026,0.43628604609854355,0.23457823377173168,0.5689456173642584,0.1841046562248168,0.2622164651135623,0.21546277939836825,0.3023517948858304
2016-02-29,0.8040149442899156,0.565478760390889,0.7502652191648461,0.6309513174141989,0.6738631498485067,0.7196837934119243,0.6355017697694808,0.7452019087158763,0.6104955247853362,0.5839674069364836,0.6554992165111794,0.5893435926889663,0.4927055859567871,0.09570927339566038,0.40305604662771627,0.44589979958874587,0.5945475595712774,0.4901910634373668,0.3378456276811453,0.39735547033925134,0.26688774398332993,0.24258505593239174,0.3176903342744399,0.17798753475252085,0.21401442131413873,0.5073414844203861,0.4531485179691613,0.42946087819462186,0.13120871797224465,0.6694395651017317,0.4296481807736356,0.3037381309226642,0.30942323466398963,0.1631446527272051,0.22211461360631005,0.2760635892893435,0.2294671826757236,0.37930686847711126,0.2797440251439562,0.26342126265070365,0.432870994381606,0.2297116534685349,0.5595120417920577,0.18863406077007208,0.28193642304722166,0.2096217026497055,0.3822546680368192
2016-03-31,0.8011159692167676,0.5616923257012906,0.7504570268512226,0.6316404150747439,0.6731815818394539,0.7135628479451553,0.6372694494904149,0.7460347777182192,0.6116393446715471,0.5802091844834125,0.6775562644923632,0.5876697451164199,0.489428661051682,0.09854391529885333,0.4086446130393937,0.44375364852291027,0.5858812704063397,0.4738619820482013,0.3323937838917131,0.37445383380701963,0.27034372999461403,0.24368320484217382,0.34250707908064937,0.16658117291568217,0.21554649824588956,0.512361208928007,0.4566909511024321,0.43175950061246166,0.12940390886319933,0.6736579476040466,0.4315637384035297,0.30129802287023966,0.312126231553915,0.16181671498722303,0.22216570279528797,0.2748084448794967,0.2302614870563386,0.3828470323147895,0.27651602969099087,0.26581713999700685,0.4545500647569312,0.2299255289001887,0.579047646231691,0.1880154975394024,0.2871604292336234,0.2090107176076745,0.3441150300763637
2016-04-29,0.8001914459169538,0.5621532095881991,0.7534685264335502,0.6306400236283326,0.6729350794903983,0.7170737278460074,0.6357694401557447,0.7487792396443924,0.6002911281382095,0.5797053215385625,0.6900922335859897,0.592240822546428,0.48660820652547554,0.09875664623205307,0.4073023082624714,0.4449631643343026,0.5812282070293772,0.4729216201144444,0.32780886009102345,0.3809478608360899,0.27310469395733733,0.24597379059061666,0.34952317605911837,0.16687412815364613,0.21148945140986344,0.5055423505899784,0.44963845103467587,0.43436905856037433,0.12860886980201183,0.6744439556749282,0.4260122177414445,0.29657325035360943,0.31066737342434664,0.16121494928841323,0.21992249417017992,0.2703134827071244,0.22835115001722328,0.3784000902109735,0.2717989911321746,0.26399604223594053,0.45095226615641393,0.22895287066842376,0.5805060011931636,0.20803839654371034,0.2846905008294426,0.20721101316037108,0.34078444665373137
2016-05-31,0.8000748054762074,0.5615871867029597,0.7472781471926019,0.630545835873601,0.6703378179700169,0.7195828480272615,0.633723013408322,0.7446495747361408,0.5985595313377077,0.5718152878551105,0.6892388782519601,0.5878327016005467,0.4778514416253374,0.0988472780034879,0.40726301477060983,0.44443759205813727,0.581009204596015,0.4615758380409139,0.3266726497304962,0.3916508614770352,0.27702082253415067,0.23793601264157702,0.3370298568826793,0.16822623096987438,0.21381739743861053,0.5106501136431633,0.45118197842570995,0.42557956258054713,0.12962402056786643,0.7024541115195114,0.426502482426762,0.29775221781816924,0.3103088005316688,0.1575829216180619,0.2203345160200528,0.2689992872582354,0.2269006271304375,0.37669545658301185,0.2694280334245025,0.26086408476240897,0.46258841972958903,0.22941217930688615,0.5894925344395109,0.2028846261614856,0.2856014181635884,0.20041616708556007,0.34600518092216115
2016-06-30,0.7979577940720272,0.5624857882985417,0.7767070031731285,0.6324238002389879,0.6623453316913164,0.718509797534514,0.6341094112720317,0.743018703488842,0.647703611296423,0.5706402550724229,0.6547011545732311,0.574884525865867,0.49857700260172977,0.09822539468550097,0.4070699448796099,0.4441187531440958,0.575028002526077,0.5306903806933121,0.3527008064490082,0.39963135807022887,0.27508630921234006,0.2301461311654147,0.32751726374936485,0.18292893620242529,0.21628289824463026,0.521232404117849,0.44774072136440524,0.42649370639079026,0.12720394603929422,0.6893094047231748,0.4282567222924347,0.3004139013666069,0.2905449404485387,0.15789056254984069,0.2216973904919074,0.2639133692039681,0.2283987448267584,0.3724746959776156,0.26742751455820357,0.2610846054975906,0.424016271410053,0.24649446055646962,0.5745111092089284,0.20214242686048184,0.2843018134455651,0.21202635497870023,0.32893578637885923
2016-07-29,0.7975628412744541,0.5643495858836175,0.7710364410876193,0.6314594586991862,0.6593141036248638,0.7205674863744335,0.6341985327038878,0.7385458258295939,0.6593602606043634,0.563743335926927,0.6504571945696507,0.5774677049088749,0.4965016007578857,0.10143055419582682,0.40309546147771125,0.41468738333127164,0.5683841579556916,0.5459931775106549,0.3510607933135907,0.38784986302412927,0.28300304398475257,0.23451976948342815,0.32514116427476164,0.1866102500235259,0.21434686372059528,0.5261557698205755,0.44857599106076845,0.4249975863425116,0.12752865757101722,0.6831507429969157,0.42823107736723004,0.30005542337014035,0.28806786279998475,0.1608145523096437,0.21992775169896134,0.26426246274977905,0.23060148034523226,0.37810147103700564,0.2705075439774885,0.25944182457088605,0.41898653829433774,0.24129143929536082,0.5781133694907343,0.21945271616814668,0.26678517920327743,0.2139745880210175,0.32371135077898805
2016-08-31,0.7968747817255649,0.575104784658346,0.7675714476766595,0.6295476889437783,0.6610643785293724,0.7223929747854472,0.6384831972499784,0.7340273828517346,0.6635312479884515,0.5605404225701383,0.631155540055441,0.5767909247363926,0.4685209821088798,0.09731973803829745,0.39939891431794566,0.4152219722136145,0.5619042659368925,0.5106619551230551,0.35256485487219025,0.4064995485935246,0.2835855439153581,0.23447616684013647,0.32468340407187907,0.19166348762718677,0.21263227041663602,0.5242833305817767,0.46049276922909044,0.39855568255128315,0.1293639206262056,0.6856842601102416,0.42928562877993265,0.2980967670900452,0.2877620048279814,0.1615185341959486,0.22203505123884518,0.2681980429499893,0.2328181776702889,0.36481486472448127,0.26750304941088365,0.2581628665219054,0.4241075790908596,0.23718918686254747,0.5855525791752885,0.24105255229678416,0.25896540534993245,0.21574713466586357,0.30958146135451264
2016-09-30,0.7920087756484269,0.5677390439584501,0.7608941466628851,0.6303934103295822,0.6641795753956348,0.7172028478590451,0.6315394393918585,0.7328080428698857,0.6660422089819535,0.5619877548770327,0.6247801381393897,0.5742734114812812,0.4633384918710047,0.09914004312452071,0.3998519631829988,0.4265321106892087,0.5623941567194327,0.4978042994379886,0.34795404093039406,0.4599232573204815,0.27764792552021816,0.2452053946959895,0.3257387013904969,0.1991785574659459,0.21897124604695753,0.5249472167540099,0.45155407357139266,0.4202789485121918,0.1315875009015634,0.6793417511897548,0.4322514858652529,0.29526190169940986,0.2873971843712113,0.16143446921378346,0.2230664383565383,0.2710093698948835,0.23244703765937166,0.3570464084546112,0.2661539972999031,0.25837485625685297,0.41485445369012647,0.23275501605916293,0.5878695081828264,0.24833451356193534,0.2604148352006578,0.2162139919937499,0.31147034154924214
2016-10-31,0.7936272857912466,0.5695266163211431,0.7439533399238555,0.6319263233717066,0.6723623988620014,0.7148943801348456,0.630836565973318,0.7408939109752131,0.6626317275702462,0.5721995960019278,0.6066647087358746,0.5898582578854289,0.4673926106635577,0.09880755177556802,0.40097813440712754,0.41165937971681954,0.5568475111942449,0.48700912295701193,0.3434195116868452,0.45336319177968054,0.28267545209807193,0.25309522873732776,0.3257348901806933,0.19143149086870206,0.21373692884892304,0.5319502953781251,0.4669593722288507,0.42649837725028616,0.1334221546296613,0.6731390814276547,0.43231634310430594,0.2919959346862191,0.2878342999906251,0.16276940099959292,0.21768927640672517,0.2831027975734905,0.23243017111180284,0.3637017648795993,0.2678030162909643,0.25807372927596584,0.4124506799763907,0.22880946124692744,0.5931892159060247,0.26058933434241255,0.2629216000982709,0.21617901823344832,0.311332569717003
2016-11-30,0.7861339974746339,0.5749640548137503,0.7481888982555018,0.6357159270740554,0.6760184942315761,0.7160196688523077,0.6353164106994901,0.7455983320055091,0.6590336550126271,0.5770401344844341,0.605984269923199,0.5801634121943365,0.4697863187251402,0.09661077248194491,0.40957377166380077,0.4117057553470627,0.5565728845348338,0.4689045253663318,0.3388811091157386,0.5233667119594928,0.2783659040049545,0.2517258060954707,0.3264497672552669,0.18569409523680525,0.2137758418135909,0.5240167795214956,0.46790893614331436,0.428758882140639,0.12987042899397797,0.6620161634753889,0.4287885763040016,0.28102029037637616,0.29019615785615444,0.16092657402911875,0.2171413268478561,0.29099946688681355,0.23293150437852586,0.3627248786193757,0.26620010583414727,0.25776584802292957,0.4273875411664662,0.2246470564636712,0.5887529236788721,0.24923439955407362,0.2583740967238983,0.2096162800094277,0.31554152256676504
2016-12-30,0.7877224382896633,0.5761750357311427,0.7732324526449713,0.6430755181435399,0.6733586433716534,0.7081946962876126,0.6399644669599174,0.7483409826326357,0.6530818398943392,0.5773987648243101,0.6089671804551117,0.5877176787673535,0.4697840634503968,0.09473530729438513,0.41383185134623435,0.3968739213225251,0.5553495835749179,0.49088442707623947,0.33472797581208547,0.523962387473282,0.2748200936823801,0.2528630907798751,0.3307322966315841,0.18948196827752514,0.22214174364600944,0.5226302469041512,0.468767994582804,0.4258642334345533,0.2547783052286129,0.6648550355090057,0.4358785199721217,0.28379433479555916,0.28932278822663354,0.1594795459184349,0.22458041621384317,0.28554224978095977,0.22773729778562615,0.37137703182585363,0.26832055525261145,0.25499177349438046,0.42823784465463727,0.2253483706862729,0.5841348337358965,0.25090968417813,0.31746600793266033,0.21449026349726405,0.30801912097491707
2017-01-31,0.7876402365266576,0.5754469501203352,0.7677431119116027,0.6173109749296796,0.6731440738652231,0.7083954325418026,0.6334009369327152,0.7492021981249593,0.7063392593400039,0.5787723886478745,0.6067985943335874,0.5906710246151137,0.4550687300118079,0.09641898386582806,0.4142104967624969,0.3958790932819864,0.5499677738577062,0.48742508101133114,0.3378980108390034,0.558778068261328,0.27674730374675344,0.25177710687837307,0.32082306837597774,0.1959404227840431,0.21679627546452215,0.5236162773942463,0.475886239512347,0.42503564816689937,0.2572846122697591,0.6559755649972782,0.43921995154899507,0.28112011365632383,0.2876563139918009,0.16109194750913244,0.22255013996372486,0.28640854982201297,0.22839214552750045,0.37262224203004596,0.26599135069306024,0.2523676769161804,0.40568933276325037,0.22488960365796307,0.5891910138453725,0.2537770348581129,0.3162625058463422,0.21473689589713743,0.23441381835424197
2017-02-28,0.7922824977289943,0.5719862123627287,0.7653019492655682,0.6170220530625975,0.6733932603782256,0.7082991610489298,0.6319683730027854,0.7513322675666912,0.708160671304119,0.5758569628718483,0.6160400380000721,0.593381918611762,0.4632854883778424,0.09522221518040046,0.412975052585172,0.39402191449602847,0.5603395516192697,0.4734882871742211,0.3341166811775615,0.5552971816609633,0.27500634275524527,0.24783249271650198,0.31889865931161276,0.1928829760654037,0.21440153102075357,0.5197889390186011,0.4720651300818635,0.4228667073783068,0.25780578238064794,0.6541694788739947,0.4305764855327157,0.2826597033297531,0.2876710891643033,0.16182892491157336,0.22376590438958363,0.2857852011200399,0.22839221015516567,0.3679536616519732,0.2735503232979791,0.2534594473665334,0.4069070484221472,0.22360169726657447,0.5894025666291712,0.24273366966524146,0.3150430922909712,0.21391830848215768,0.22576671982825638
2017-03-31,0.786726524288356,0.5688829758934878,0.7629191679635814,0.6208367992518564,0.6775420017312717,0.7017376285109661,0.6387640358538405,0.7535762730353849,0.7102725773303504,0.583643223101061,0.6086613374581336,0.5970627507283761,0.4652938957843273,0.09844275463295464,0.4136471976155517,0.39172292758534705,0.5666863299370242,0.47534635332487324,0.33928628772401614,0.563951099503162,0.2651273447729116,0.24556197519461748,0.31994928740131023,0.19811643933399056,0.21503240817274222,0.518218561718799,0.47442996680262967,0.4195595001917168,0.25680306179469564,0.6611039041007037,0.4279643685331752,0.28506562297839205,0.28514024590054005,0.14510035033981775,0.22650189762351686,0.2682698667870802,0.23089893460634334,0.3693303028900505,0.274499225198422,0.2523018391293709,0.3949828421983735,0.22451949508915353,0.5869979227830938,0.21793703438537412,0.3242355236221297,0.2212315263281031,0.22453876513324292
2017-04-28,0.7865709492880755,0.568390636173838,0.7522680536746185,0.6185608550175505,0.6764377651228585,0.7014091748031966,0.6361203540634579,0.7560911922968508,0.7015402123701124,0.5804097484583675,0.6198450289782956,0.5866862716374196,0.4611299168685129,0.10049418674681324,0.4102609454816511,0.39223322950831313,0.5632028624532462,0.468387737393308,0.3311954981211545,0.5525886512682823,0.2684919717271377,0.24865250312985623,0.3147836784690388,0.20985723488444674,0.2096079616556775,0.5234761522826503,0.4772204304731496,0.41727456141220026,0.2563970882769339,0.6739270002347296,0.4284171183150649,0.2867150619267445,0.28346427607005525,0.14388187124982105,0.2276479035610672,0.26715529980894115,0.23164295049766137,0.3792827843963803,0.27082445473912203,0.2539594802604343,0.4077624538042158,0.22567160829528315,0.6168020483347151,0.21774910962881933,0.3163540960748716,0.2211110402180644,0.23178486020536307
2017-05-31,0.7892016197304601,0.5669240571895532,0.7559058795011149,0.6133072368197066,0.6756140906896855,0.701420946262487,0.6335317047138737,0.7466450965085994,0.702672858020625,0.577297276914952,0.6223226194079584,0.5818868482630106,0.45966731539692957,0.1003000929389512,0.41370106086791497,0.3913168993330619,0.5676355836682052,0.4470984596225817,0.33501007618428486,0.5310277368269716,0.2663665639945865,0.24992036542807802,0.3116212724311709,0.22824386750673062,0.21211624815442795,0.5250854799804838,0.4773696951889135,0.417659630927844,0.25835903785735215,0.6808423292762491,0.4280735049465721,0.2862524955703899,0.2822915322885942,0.15536402342671463,0.22746650011868239,0.26832863900742865,0.2330397809983182,0.37574170435313936,0.269037151863913,0.2535713470739195,0.4073127362838002,0.22440466987151644,0.6203721903809675,0.22401604453308074,0.3160230867724499,0.230174022525048,0.23363656909586608
2017-06-30,0.7902192134190315,0.5685470686882135,0.7585908090578154,0.6068869678589928,0.6796367238617808,0.6644123403022119,0.6355423388565752,0.7480299188743379,0.7054813142840606,0.5704697064654047,0.6227603351772126,0.5899529069780052,0.48222108810492165,0.0999866554970511,0.4121705392401199,0.38996259741860484,0.562843427288653,0.4768607040918681,0.331512610355461,0.46448861225463955,0.2665622497715225,0.25653425773344535,0.30127990589374676,0.22617821307141225,0.21865517281048377,0.5329986961829446,0.4842878295761367,0.42245343474941616,0.26660996931593306,0.6865736174172222,0.4322863920211132,0.28068348418515,0.2796134335293504,0.1657435330324858,0.22794404097075074,0.27214626652196244,0.23402981516298857,0.37760116564129775,0.2717664071084247,0.26366915352984815,0.4021602515652944,0.22978966183887903,0.6246694834589657,0.22377396690819837,0.3129883954883363,0.24587829009211873,0.2542060552925731
2017-07-31,0.7932603377378592,0.5680432604141101,0.759598006777238,0.601087422074841,0.6798640799236919,0.6648791583576039,0.6290655490310034,0.745985681793681,0.7046935751648763,0.5228566118728604,0.6206572369199602,0.5993785731599186,0.48184648055887286,0.09879863940590686,0.4140744959590749,0.3950435195911781,0.5619196433392248,0.48253853999954127,0.33134193399564044,0.45846705164199897,0.26271773803182813,0.2608611416256247,0.3053934933048522,0.24062982186882445,0.2208137498589114,0.5322876550048079,0.4855952024653287,0.421533080850351,0.2634231376585009,0.6822239765193943,0.43285225718978293,0.28263754313453615,0.28152818587680106,0.16741783000328003,0.22895937243570313,0.2773571427785078,0.23574117685321933,0.3798761522040827,0.2695496307552994,0.25991905615344857,0.39153725446513926,0.2301138431967665,0.6164400595852888,0.22698895211186543,0.3132753327687246,0.22329409879572784,0.27217556198491066
2017-08-31,0.7947315318400227,0.5640784754336025,0.757967596007741,0.5995842902748285,0.6812341847232657,0.6631029399548188,0.6247118785407699,0.741242090136266,0.7134367161825622,0.5257428220344029,0.6232328440704652,0.5998661474320859,0.48392056549045065,0.09704432304573053,0.4108232123260435,0.39399493400381663,0.5565243420343562,0.38102234129090357,0.33245242385152707,0.44787028960511177,0.2640711112189753,0.26171065586192305,0.3145026084365458,0.23813202079988927,0.21912803424806027,0.5287936767974274,0.48231330655532384,0.4174666097966071,0.2651828546226061,0.6732785535962054,0.4296591451115003,0.27953032310687864,0.28011662491985434,0.1667063868926921,0.2308273225999599,0.2808912480630422,0.23563207519334733,0.3925492160628295,0.2703440982433234,0.2595283850141897,0.39712294711073026,0.22945837840594427,0.6146085483637226,0.22629664696844431,0.31256167531102325,0.22410971012728223,0.28362403698081134
2017-09-29,0.7904970841228891,0.5644473683636009,0.7575577355592625,0.6012217288179951,0.6800660881959503,0.663888291981131,0.626469481877691,0.7388861411949839,0.7318542690307278,0.527083972954227,0.6298861969554672,0.6019018786264253,0.48408869691250517,0.09596878901304524,0.40815501899498086,0.39275298979663664,0.5541107700788628,0.3913379408389849,0.3371466317709059,0.4677252315703336,0.2556937039634519,0.26270460027367704,0.30874622543346014,0.234623154258032,0.2167554440390989,0.5254098810054668,0.49316041807791067,0.4404924990699343,0.2631173295255962,0.6761261205166856,0.42725258535333516,0.2784505423703445,0.2799188018577527,0.16602270474965652,0.22945466639590154,0.2832705615300089,0.23680006518075902,0.3888291559529498,0.2726484886556665,0.2594330992656256,0.37472674517638,0.22834776968611115,0.6090268681667342,0.20147765072519497,0.30799740795519065,0.22209512984775848,0.26906265299761206
2017-10-31,0.7937541772327102,0.5699657304925844,0.7582057857938566,0.6036281653120846,0.6836953964194966,0.6625188435613264,0.6283179503584088,0.7358638090681121,0.7321802343744169,0.5289562332182817,0.6340694910866521,0.6005543401477821,0.4745499729283799,0.09311180124984587,0.40849763379912174,0.3950345876752659,0.5465358690703295,0.3811703075505631,0.3355676574090754,0.4694095419932875,0.24535103750427809,0.2637593938892477,0.305817844700973,0.23693586974546532,0.2108457907343928,0.5310246558381023,0.49305195179414124,0.43941173471896855,0.26325989980338904,0.6833257680208032,0.41412382612005255,0.27466954790715453,0.2771975585006553,0.16483857493537163,0.22419565421134155,0.28304533291502887,0.2343995895154966,0.390920173616102,0.2712547193500944,0.2594380934244091,0.3701631290213835,0.22891790143564733,0.607250912750019,0.18271832172607458,0.3038813740954024,0.20774440396254684,0.2637712286728649
2017-11-30,0.7873353821807693,0.5678332074054576,0.7446550497061242,0.6123801124229657,0.6884916218410202,0.6635551516900777,0.6241679311197976,0.7317965363225246,0.6843019021957384,0.5270776828931913,0.6328165271017094,0.5981242606656801,0.473870660006881,0.0966785162680278,0.32041873687774386,0.3975281523819111,0.5427395255020729,0.4062311786256985,0.3347961547070202,0.6323121891032852,0.2407227241573057,0.26127840697657934,0.30953277524239425,0.2483143782681849,0.206219053857302,0.5186429014175761,0.4792236318091983,0.4459953032512781,0.2660913511176525,0.6858317335609382,0.4059535980600865,0.2763769216158695,0.2734559093039989,0.16611874290412892,0.23254277072535798,0.28447633239767584,0.23570560688262635,0.3883555456255847,0.2710442550434892,0.26218677037941357,0.37856341423300344,0.2255127208167116,0.5903948166685744,0.17436082508161077,0.303592768480761,0.20534719589914446,0.33576821997990364
2017-12-29,0.7913335917112084,0.5678997092840344,0.7411285211674942,0.623302122936298,0.6895813983700729,0.6605138479539945,0.6384029630011828,0.7237784099331058,0.6971298956791956,0.5216640540373868,0.6362488269626955,0.5911625017142234,0.4747793849771779,0.0984060597428114,0.32118649479692846,0.3958039167953729,0.5388736422197761,0.41532987938937943,0.32189206547130156,0.7153128847175364,0.2724703389248924,0.25946310871880757,0.3015962816386954,0.2509069830821962,0.2079747884784389,0.5267691731090716,0.48233756671489825,0.4468417801185807,0.2711561544657027,0.6538499605875188,0.4061957500797424,0.2777279974035129,0.29033004349094194,0.16112993081709945,0.23888745704182326,0.2873845451711783,0.23881536639481063,0.3992442175693642,0.26889212167383436,0.2626122584278655,0.4078871446998996,0.23450439478022553,0.5971661381109931,0.16105130518243804,0.301876784495805,0.203000412296087,0.3445597271788897
2018-01-31,0.7934711757407052,0.5675467595984889,0.7360986786078755,0.6264317536165274,0.6909522083858701,0.6671498181428668,0.6384446135129057,0.7233947507615368,0.6924258788556688,0.5210541766287982,0.6316825330516685,0.5938034872432009,0.47981675722515066,0.09238590374426589,0.31276758896986667,0.39410311190030534,0.5413211666577953,0.41185868021292704,0.31889979239785643,0.6926370347677964,0.2705762629874943,0.2698570358680716,0.2936904617119709,0.27222036863134036,0.211419699137178,0.5314418679719624,0.471625988424803,0.4448041470963236,0.2736793399354153,0.6531236757386907,0.40731604551591166,0.26776795349465476,0.29234334739362783,0.15544824645110988,0.23730126117409547,0.29633492706894443,0.23750442773129798,0.4009990230439194,0.2696432939499128,0.2584525893556469,0.39713076296282895,0.23031530692736052,0.5985814663136132,0.14774389712034405,0.3032632841327246,0.20302061853932507,0.32885589626638995
2018-02-28,0.7948003325492171,0.5666247209407592,0.7335219932917216,0.6233642462676459,0.691995610482439,0.680163423597114,0.6331278922052458,0.7235475447924599,0.6965444184941797,0.5256957618054438,0.629878855382495,0.5891317623591771,0.48187691214715794,0.09555556008409448,0.32068035727525523,0.3953983561078453,0.5586186020826369,0.41920121228095186,0.31849855027191276,0.6759977691931732,0.27207756214044326,0.27024564696434733,0.2941791922245355,0.2648141331419185,0.20933266450440052,0.5302791096916528,0.47316468537826467,0.44582055069338417,0.27370256443095614,0.6459495242277362,0.40176973657901166,0.2675157383217402,0.2929640137969803,0.1530686459509954,0.2423080721852207,0.3089562770295386,0.23421116696979727,0.4035410919369421,0.26745940717543704,0.2553622729326463,0.38566143203929387,0.22557971508610755,0.599184789401538,0.13607181652426278,0.30209098706775656,0.19832631451918853,0.3593905987383343
2018-03-29,0.7889064667239853,0.564141466329637,0.7331259315610135,0.6178630855676737,0.6931056711947636,0.6794827496507612,0.6199707920804641,0.7190093512912886,0.6978467772176113,0.5238569011408275,0.6245747814679632,0.5839652549100441,0.47945095019189404,0.09517740498700432,0.32277315822697206,0.395764486724465,0.5610463779239471,0.4230418392354456,0.3153733111998432,0.6698609087667753,0.26933551903416997,0.2635815488612997,0.30108170666668754,0.2571902754726197,0.21117355683149697,0.5297442678791062,0.4729383419362406,0.4404228978157523,0.27344293644933765,0.6451594956846621,0.3989537735322929,0.26443278440710266,0.3006506942333686,0.14967891997810315,0.24231754158103283,0.3133481683822261,0.23478692180705718,0.39782782786140436,0.26525340328552616,0.2481201255086847,0.3774278579765885,0.22175276912367878,0.6014199057775343,0.15948172960360096,0.30247474540707187,0.19577146434362913,0.3695052259813204
2018-04-30,0.7884683002765863,0.5663025559348976,0.735227191901736,0.6198149244095078,0.6923742257728867,0.6760529953942083,0.6193241975649757,0.7230406888836518,0.6912745526083082,0.5180361038522188,0.607576400964335,0.5840570752730004,0.4828061638950416,0.09623995064020059,0.33350087513275806,0.39532576207965514,0.5643014867225316,0.43267540379038366,0.30426432933376385,0.6836139347343553,0.27496871010564483,0.2613716674125543,0.2993136323599647,0.2629311183713032,0.2093370616727379,0.5235313966862137,0.46939838406450235,0.4434766532599137,0.27469472469906875,0.6493045109350452,0.40270359570174963,0.26307253815338993,0.30336255582036614,0.1486413700099308,0.2402961037826779,0.3113059779547159,0.2291257812707308,0.4047595153576227,0.25652862136591026,0.24977459891055304,0.39721343817717986,0.222275309126677,0.591569548536764,0.15701236686927048,0.2982699724520364,0.19746131385932655,0.3646599183678877
2018-05-31,0.786465461990829,0.565624927160191,0.7377434956305767,0.6190182654113296,0.6985691424784373,0.6708617066117059,0.6219295057038017,0.709070815838402,0.6930655347454869,0.5135174876906775,0.6097647966874068,0.5541609929308638,0.4743070811473629,0.09649575796429313,0.32606585547419253,0.39335241835299983,0.5619463416228248,0.44169425441582666,0.2998456586128636,0.7177441429257776,0.2820328076317415,0.254971022794379,0.3019832138907443,0.26497330119231055,0.20972318069469237,0.5160577670271936,0.4638182494692636,0.4502527556409327,0.2773890794239114,0.6495502061367298,0.40060466366355113,0.2606900975493019,0.3002059413729384,0.14792295113146456,0.23930786308960153,0.31105869644251527,0.2294798861819081,0.4017095208058804,0.2445242067593796,0.252034771125409,0.38581992089542055,0.2213552888695962,0.5877517451652771,0.1537994547593941,0.29965349837321925,0.19882945580406214,0.314691737426663
2018-06-29,0.7858636346900267,0.554588653876399,0.7311256453675934,0.6203489184609188,0.7004568867432589,0.683043026819318,0.6289268376776489,0.7145525557812127,0.6727839821684654,0.5126509829397767,0.5864637305175292,0.5579803863060779,0.4813299770987362,0.09830226935578767,0.3205648585885925,0.3966408791095524,0.5515925761435763,0.47040069995180395,0.31339865677565276,0.795066913786798,0.3336445849315468,0.254484679760564,0.3092678873819447,0.3028444262886798,0.2208057175068516,0.5234944304921859,0.47472052832528977,0.4598431745839229,0.2716971061364003,0.675866263165979,0.4049187294838001,0.2626353296417109,0.3004028174822498,0.15405096627363266,0.24366782806660645,0.3262425340782033,0.322557494881819,0.4037189187119146,0.24362519737241634,0.2486883887473783,0.3968592671716938,0.22649962121970074,0.5730137983031228,0.1665673033284603,0.29783783636393474,0.20762618389207466,0.3156771370925975
2018-07-31,0.7885416590623631,0.5567490399322402,0.731862508288037,0.6250744522633683,0.7037026434760262,0.6920966123783017,0.629010763030024,0.7221654538314433,0.6499865622140468,0.5099285342227956,0.5869781649476536,0.5665213252888593,0.48029021815069123,0.09953326393468036,0.316927781136793,0.40169578310090054,0.5523019352904827,0.4832187168190337,0.3124795208593953,0.8049403019833091,0.3312508719270576,0.25373741116011245,0.3172257403272779,0.3045955581769417,0.22175334417408457,0.5380303527261217,0.47402283705292164,0.4600644827694041,0.2734781459023765,0.6733491330336404,0.40512818478952095,0.2622281374906226,0.3006258911765355,0.15475547971289885,0.24658628715445258,0.3226506600339157,0.3288966389840401,0.4116383183058918,0.24641432178809575,0.24841375382219702,0.39646044172997186,0.22444820014692124,0.5765808570026535,0.17262979871047593,0.3018132994123144,0.2011785098048158,0.33658145178235505
2018-08-31,0.790375930187121,0.5575213527051316,0.7334061323614423,0.6195581422928927,0.7003843777216404,0.6882990493416776,0.6249997373029273,0.7164982752897346,0.6675579543012113,0.5099431812468231,0.6007929889370246,0.5578000140863385,0.4761932029614105,0.0989425133430473,0.3214413434084735,0.39930731991876744,0.5574889378125415,0.4654794200935876,0.3139817014560587,0.7787977501063036,0.34426220823497705,0.24440929381622833,0.32061763335194177,0.3144421015884163,0.22198850591460378,0.5449939387885384,0.4721288896263447,0.46012998414333894,0.2729903822547407,0.673064435235725,0.40484401994505015,0.26780810445743636,0.3048117238504611,0.15454657873676647,0.24363853638755656,0.31731506342168475,0.3299566362803466,0.41742357181053,0.24958650188578854,0.24292287619958347,0.37468329615917545,0.2210856107540155,0.5778878177047942,0.17526436791490227,0.30203349034095756,0.19887213108783344,0.31829802902572957
2018-09-28,0.7895987982866246,0.5609801286767049,0.7404253603072671,0.6223225728041449,0.6990442739686656,0.6937733749305229,0.6296135964496304,0.7127767056072225,0.6317327673733385,0.5098353292403148,0.6016911130657875,0.5771037117123335,0.47665119471133355,0.09753530295406283,0.32511228157996175,0.40128345925896514,0.5603784754087365,0.4583524454270035,0.3137544290218609,0.7891538963157618,0.3360086032488918,0.24869845639456498,0.3149308364203841,0.312084058914572,0.22928558840835064,0.5496830612917434,0.46986262082208646,0.471602911886243,0.27469905190444605,0.6618638266413958,0.4019728624023219,0.26897476513296154,0.3047215301219534,0.15450640550374334,0.2427367500019359,0.3190312571256771,0.3241509283815377,0.41341988794753987,0.24462642006964996,0.24795873827353943,0.3943876882185363,0.21908943500420525,0.5734492278359286,0.18135302746730955,0.30364458919331183,0.19154427039671315,0.33128615491945834
2018-10-31,0.7979427989532204,0.5620920265103473,0.7355804986521868,0.6183117713534246,0.6996863047561108,0.700375875030238,0.6021468140435489,0.7179954037817924,0.6557247277953596,0.5008770981357447,0.6045334046236268,0.5830024930678991,0.4816243997891289,0.09636113748288039,0.32162555584092617,0.39465696441190284,0.4910103971293788,0.43380260837757134,0.3145875280396089,0.7900097247000769,0.3314087603969703,0.25262829858561986,0.3124329781570601,0.30947924455622006,0.2267921061878175,0.5571773307896892,0.4872108607229001,0.4627025292346825,0.27523969223722566,0.6560188510819789,0.39924551193487984,0.2745868018439775,0.30683555748388713,0.15989312241305678,0.24251796800681288,0.32247576548013823,0.33152887657911806,0.41575567222350174,0.2447954441149267,0.24739174166052583,0.399394002743024,0.2195748052540035,0.574418429991581,0.1832334736963837,0.3013035227744862,0.19332044740643886,0.3592720845803245
2018-11-30,0.7981378050847574,0.5590792136125888,0.7387603269785213,0.6218541214558213,0.7096208674879125,0.7041491724486089,0.5989613992671992,0.7147852750157432,0.6770648407726209,0.5331060030027083,0.6184840684302865,0.5802666300783613,0.48459286951554925,0.09662920721250605,0.3186118235839745,0.392487101435506,0.48225605951095746,0.46383249407589877,0.31868919452359645,0.7829984041020858,0.3261801814397141,0.2473225617830415,0.31247694194705944,0.31695338563599734,0.22855773104410895,0.5403458191636007,0.47704197488654665,0.4567168796564949,0.27557192428513455,0.657088579720154,0.3912889149092148,0.27811300491557595,0.30608062828579746,0.15823080274757942,0.2443001833352192,0.3222279520339293,0.33322724329716813,0.41709695841788,0.24684237572145107,0.24392576830443835,0.3861164452458254,0.2199342301477203,0.5791906949244592,0.17333292630172065,0.3031546039823206,0.20628647327854308,0.333274288646907
2018-12-31,0.8012237443611662,0.5634550950324546,0.717450792500273,0.6241176639919338,0.7103739249063001,0.700583972384653,0.5967925905080256,0.7211439880530959,0.6721548391198243,0.5319873424175248,0.6149003993461309,0.5888610728463336,0.46847043493987345,0.10093251217996381,0.31849313482438957,0.3885271309411864,0.4907048295012865,0.4685474940952098,0.32109343578567623,0.8516599853478912,0.3302784403173504,0.2603819483347288,0.3139216332456583,0.31107676853541383,0.22699592747184885,0.5399440510175304,0.4789575834704846,0.452150382208052,0.2705834476778311,0.6578073227302428,0.3926584965322233,0.27558543570555544,0.30714195568298025,0.17701918696767815,0.2510910071461075,0.3353497735796081,0.3366866265414454,0.4102966975462697,0.24574242148466,0.21086488969762068,0.31470383440718597,0.22756951663695205,0.5859336495257245,0.1716565589878232,0.3094083771098791,0.21725360036091138,0.3200584529967417
2019-01-31,0.7976095433380105,0.5672445056893751,0.7225499815617967,0.6219365642518797,0.7090139631793001,0.7031542469295835,0.5995303629349437,0.7193903491789975,0.6705344857240819,0.5083499185295642,0.6090968543219037,0.5851961655059941,0.46952676846184704,0.10070960785778693,0.32049379823292656,0.3883579017806083,0.5590765060329306,0.4752888258843348,0.31605622347315104,0.8573997084176548,0.33248941699420514,0.273310136373845,0.3075984842506142,0.33053553929259294,0.23349748974286452,0.5346712976453595,0.48496657846438096,0.4388729337225604,0.27395097373542454,0.6596070098576766,0.3985476120506265,0.27207106039825985,0.30418207242224804,0.1789667694135611,0.2510374399199612,0.33508066916788204,0.33334373167524467,0.40716468396082967,0.24701279423314004,0.22048834656879815,0.3167962448572261,0.22869382123094695,0.5817304481484535,0.17600683110850168,0.3118921874568071,0.21458998046703182,0.32546615676869783
2019-02-28,0.7995310915433157,0.5660946042939131,0.7357288155965971,0.622120521542707,0.7107570929579438,0.7079920501267161,0.6019001584151282,0.7175540550419367,0.6752950206599562,0.5089556781406699,0.6169457934562028,0.5846274010759993,0.4723982667012774,0.10292936102403102,0.318507899362784,0.39046907657054925,0.5562307307060781,0.46961474839758166,0.3177738375451148,0.8662708077508867,0.34243670963696643,0.28017200902122286,0.312127899781573,0.28614252033298615,0.23452827243358793,0.533996912050332,0.48073650346526153,0.4454004758097861,0.27449293399245056,0.6560368955078133,0.39184288341828394,0.2664812618671643,0.30195118097553925,0.17929423512643064,0.25007600810947866,0.3373995296303558,0.3299430126771086,0.40386771245148606,0.24608814424540068,0.21626720975510105,0.31045380310309467,0.22329734194465903,0.5836548968883306,0.17724447670984905,0.3146209084143336,0.21356602010261244,0.3252580303209053
2019-03-29,0.798503555631509,0.5661873549551031,0.7398642935613584,0.6204044998887436,0.7114320741175827,0.7089363674548159,0.598764819386913,0.718047369194085,0.684046572841865,0.5048270781687128,0.6230106780515571,0.5747681696432253,0.4937415081531182,0.10239383993749415,0.3249187821317511,0.39135868269837876,0.5511576572527161,0.4813606581422496,0.3154983218595278,0.864823596298553,0.34372427407108413,0.2744718245017592,0.3298861792334775,0.27497756432270987,0.2336960232612842,0.5390143111902134,0.4769135834090097,0.450293693798943,0.2754271301349334,0.6612893287406587,0.3896669583006346,0.26948030172788784,0.2966028775228715,0.1737069843230732,0.24940759599787402,0.3532753544395543,0.32469804847719497,0.4050979573631058,0.24724081500931203,0.2139429102093586,0.3117138278924228,0.2295695607286454,0.5880048610752834,0.1765154465629247,0.3124638949469216,0.21517060071955144,0.32270199773208946
2019-04-30,0.8008208443328789,0.5676362055703437,0.7323740629593407,0.6190665911809701,0.7198066723435294,0.708842332112809,0.6016380413561555,0.7140313806569408,0.6869722525583218,0.5130317771254252,0.6120696796854196,0.5792304585246216,0.4919432243957893,0.10227629525382995,0.332557853660473,0.3880063624249907,0.5440203739558456,0.47735316068054595,0.31193708544678045,0.8885347192858448,0.34873037838229226,0.2775674221163517,0.326088763363439,0.28776704792443064,0.23835515146733213,0.5454732991830354,0.47779611384357534,0.44829467398500816,0.278381004113581,0.6682247606696786,0.3961491645935426,0.27128175068049043,0.2944068333547729,0.1721662499666249,0.24775983405106417,0.3539245418546665,0.33157541787435874,0.40832776151543965,0.24433285390596096,0.21468407838974565,0.3105012942101218,0.22864361259265983,0.583863286122054,0.19324221720250276,0.309567850138646,0.2158567199557972,0.3137217585835109
2019-05-31,0.8015346072193872,0.570214142597262,0.7445607547768137,0.6124725367921636,0.7185478489266925,0.7130462782609308,0.6151877501915592,0.7158425886075432,0.6846755886695668,0.4979672911418247,0.6036684154191834,0.5806242484026348,0.4933352026171523,0.10408584298098429,0.3171569823602814,0.38008984480716423,0.5510128258542537,0.5131957240158023,0.3029678762343222,0.8720294856597699,0.3481765431115639,0.26576510588360486,0.32430125885053945,0.2847519096068292,0.23773224738805146,0.5359617157928188,0.47894055663698387,0.4580793727584843,0.2830029192002007,0.6566975271803017,0.39298425528839914,0.2704584004111106,0.29988371800591285,0.17614834162933266,0.30684936917328115,0.36243762904739624,0.35484983846543455,0.4053758052153563,0.24397942034819514,0.206443808866074,0.3730175168610528,0.23808059121305092,0.6016944541752752,0.20616922092747977,0.3138651093613073,0.216302334369727,0.32189468925756687
2019-06-28,0.8016288230692707,0.5730957285657997,0.7493479478936733,0.6132518078616761,0.7202243864631274,0.7154413488164177,0.6180125256704884,0.7155405462667361,0.6849548610976914,0.5003772940364781,0.6066835617386325,0.582939622661518,0.4977820184436397,0.10564980038968817,0.32870512362710913,0.3818935377693637,0.5466693061740651,0.508835257363958,0.30708634816583513,0.8888445968313714,0.3465095523479267,0.2696269201771098,0.3248971647649316,0.2979588353523134,0.23790888914916744,0.5350400939554184,0.4843196034456388,0.46059674875935663,0.2795157471192387,0.6583159320598219,0.39463448196568657,0.2723744618306493,0.29895465357418866,0.17951727595304615,0.30524590086778525,0.36360293285227563,0.35351321283903686,0.40335532898029336,0.24594184186290025,0.199851768391197,0.36698828312158943,0.23795144987013486,0.5934435601877908,0.21441584666238225,0.3197855340758022,0.21584559073402862,0.35888753916777727
2019-07-31,0.80381790161338,0.57151679923102,0.7510686966980191,0.6122722838452936,0.7194037266079004,0.7183396523653496,0.6127022780148043,0.7119228741226061,0.7084883457145362,0.49355748090522034,0.6060369678036448,0.5826511127757219,0.498756149784354,0.10447128521343943,0.33029074365697586,0.38492421020251927,0.5556405370665296,0.4980288325904549,0.3103853718149832,0.9374624424074014,0.3570730307686754,0.270008032499651,0.3318963823722426,0.2920038959608511,0.24080780877350855,0.5379721212957681,0.49422364941209934,0.45799732874365934,0.28097686212976214,0.6538209900700825,0.3907041785118657,0.27032921853095343,0.29889807963418985,0.18189336720999827,0.29958862094356065,0.3644608318358694,0.35521978511167973,0.4032207388000586,0.25265059420147606,0.2049845041180336,0.36713482960169086,0.23755162383237044,0.5996237144789097,0.2142935727694303,0.32218643081381215,0.21389398243098778,0.32118175607967364
2019-08-30,0.8043666090666559,0.5713634853111751,0.7480773954762173,0.6156322200036104,0.7254748513086482,0.7221460512131046,0.6120558905027432,0.7124684871817722,0.7120795317934968,0.49220123313034525,0.6209476647701726,0.5757871474479386,0.5014609100459168,0.10202843202346616,0.32920381997841863,0.37783883276473945,0.5537311115416758,0.47728334281850754,0.3105664813282535,0.9796701310012514,0.3509669986732478,0.26276169281245565,0.3317142328228164,0.2970764725551142,0.24755433483920147,0.5390657258139012,0.49513101087911804,0.4524053181141337,0.2777029154755163,0.6556202238357177,0.3954382470298964,0.26535303093484663,0.29867393346817817,0.1773938982653451,0.29993438095816854,0.36477338856606556,0.3569558037173575,0.40014356925220246,0.2657216569421525,0.2014616263729065,0.3794406095506538,0.238927320344449,0.6067170941405704,0.21714593934833099,0.3203624313356985,0.21829267414967304,0.3489765667435262
2019-09-30,0.8048217654495494,0.5743125324650825,0.747745775973341,0.6213096393688873,0.7280105609457103,0.7209894853547129,0.6083640453306487,0.7129010582525791,0.6583105673181732,0.4990075431670407,0.6195277693266251,0.5859442108315922,0.5023469596070163,0.09663598592271817,0.33235072706263974,0.38014620027091606,0.5519270502257345,0.4543630836561008,0.3103607046967197,0.9611371049593891,0.3453959916791752,0.26650812159408527,0.33824552600477686,0.3015808610188858,0.2428832509722953,0.5429341651666041,0.49752619569318735,0.4529765771306142,0.27573526359551964,0.6242399759158092,0.38467082367387995,0.2651201700682322,0.296871230676423,0.17179648496014954,0.29822905483793116,0.35786786181113145,0.35390472197769524,0.4120410397429458,0.26800860279044264,0.19331768472791125,0.38954570584861514,0.23848589816480986,0.6095175517373019,0.21987408152995003,0.3170150896991628,0.21106012296647925,0.34736951747675066
2019-10-31,0.8078364202267432,0.5742158549933551,0.739607502222921,0.6210869468970084,0.7219192099613382,0.7199262123159663,0.60943851453516,0.7135019395322506,0.6606423818261541,0.4984193139129012,0.626507046310583,0.580826657866846,0.5044567898476346,0.09762636145367606,0.3338189477742516,0.3750285663992597,0.5471933671080754,0.46413128115491714,0.3090896923958838,0.9771243705971722,0.34491793215068595,0.2693203543573828,0.33800051754961535,0.3063110135354352,0.24487531456213832,0.5492609515794705,0.4963285372243653,0.4546113753111579,0.27540825469808544,0.6161972070942041,0.38593684655365573,0.2684676702935135,0.29607663098289294,0.17018365809529157,0.292396880738626,0.35696102502879584,0.35365734627282003,0.4118732041366603,0.2722823105426414,0.17572963404917938,0.39583667655574317,0.2389833611119554,0.6177398078759231,0.23116299607589272,0.31777494671114825,0.209365389143077,0.34304951569801334
2019-11-29,0.8121511972258502,0.5743946477635447,0.7332165275785608,0.6179716044413794,0.7247890588790697,0.7100951629765118,0.6089105545298803,0.718552410141241,0.6665832976461502,0.4851674789175719,0.6230754472818775,0.5764377779939726,0.49403054383493017,0.09533113170788875,0.3376039523900045,0.39814254410414635,0.5441135772380388,0.4623357191740457,0.2980041972576049,0.9780873996337595,0.3846903672984819,0.265983139956238,0.33881504522882655,0.34325788810261126,0.25964880373369253,0.5550490206344919,0.49698872116359316,0.4568108024478602,0.291337686888574,0.6326989404914636,0.38394000037071274,0.2810839580237658,0.2896756465007913,0.16590463667429123,0.3040701558557959,0.45667735311045377,0.3640630745767377,0.4067683592321263,0.2780954087470186,0.16857107642766653,0.38597477881965203,0.23590517099932154,0.6215345140069262,0.23055313852867543,0.3158198779478823,0.18829444262752087,0.3392088185121722
2019-12-31,0.8112768495915299,0.5739272085765549,0.7318884713672226,0.61901034964753,0.7224893265389772,0.709824276726461,0.6031159584514556,0.7138345602414318,0.6707486271535168,0.48531582782212185,0.6206362894834857,0.5768192833155062,0.4979546816517641,0.0827843188170281,0.33999767047483725,0.39441439661768457,0.5418910508392702,0.45175154691320557,0.29401969419092777,0.9722449000874663,0.37627111280879855,0.26828124052326324,0.34410089200932736,0.33892199491152303,0.2616419876529252,0.5584406472253418,0.5002726714896163,0.45119769449480485,0.06715295621978715,0.6388129326595978,0.3874845887377378,0.27702603865372544,0.29065518421971126,0.1631597971116434,0.30348917816734844,0.4619867003339696,0.3671052522533412,0.4029676557713784,0.27538047917626485,0.17157358575328302,0.38265060987986405,0.23793661207615477,0.62725396546554,0.24109857891415487,0.320200405964892,0.19083506993451524,0.33135432417918476
2020-01-31,0.8148134107868495,0.5757461247342642,0.7319794474959871,0.6170757109356777,0.7261580725581088,0.7106692673281819,0.6029438860870108,0.7155793134821115,0.6693923822268224,0.4795573988996094,0.6243510127658749,0.5771171053267772,0.4969133676652249,0.08475281875800961,0.3385937118513693,0.3935896379544388,0.5411337657431393,0.4695795781607023,0.29376799369111933,0.9625288836535245,0.3834951137617554,0.2622274076504372,0.3509255897131473,0.31434855508056125,0.26011545801850877,0.561546125606001,0.5063159820190607,0.44932854799640004,0.06682653744996749,0.6454859593626106,0.3901559067263846,0.2832598848944451,0.29040858943693354,0.15892414107452354,0.3016517588647744,0.4587432719971603,0.3621602004336958,0.40190202968859856,0.2706202894330542,0.15897267182494124,0.36881183870549694,0.2342873892198515,0.6342787459697496,0.24409373823020905,0.3182335619224951,0.18872230560261782,0.31780761359639914
2020-02-28,0.814707408524075,0.5804356258495073,0.7307103757636381,0.6160561105194734,0.7408755461632869,0.7100214071774792,0.6017121146589738,0.7205661561916747,0.6741775503153078,0.48204908561541404,0.6263981402654449,0.5764605946948909,0.49922204429837524,0.08281400966302417,0.33743507346010976,0.3878841344149826,0.5407692844837042,0.46237203109186026,0.2979337757530536,0.9827894192738909,0.4024419629217147,0.260928340456379,0.35181753147455486,0.31597642063154585,0.2584334510903323,0.5595273075254247,0.5098093117459129,0.45327465587881044,0.06360355646612217,0.6517389228768237,0.387732537404157,0.28640469797654716,0.28933758626353506,0.15728846311912625,0.2987671045370798,0.45932350247924564,0.3655341324383186,0.39661716765678523,0.27034472488412414,0.16113556201202633,0.35874352909730667,0.23619596554317654,0.6379934284819281,0.25470418601561995,0.31907343078391764,0.1883617762599908,0.309329987573481
2020-03-31,0.8260467879318152,0.5739812353429369,0.7540548122904822,0.6114008247540922,0.7447922946102445,0.7119594282993946,0.5918242514004048,0.7290196913558843,0.6727238912575634,0.49243595996344025,0.6389399114786888,0.5653633621759422,0.48999255107784917,0.07873985797461665,0.3411737723983244,0.38280636107233823,0.5546997018612775,0.4899981075809225,0.310593329322475,1.0260886579883293,0.433209996722128,0.2360252662478481,0.3577801957812784,0.32194915522554035,0.26112671303269497,0.5657966041535052,0.5116584325615867,0.4627958321214905,0.061331945778170194,0.6773898429653682,0.37397687915368627,0.2852550943155522,0.3050588663382825,0.1510311896851856,0.3085171462032841,0.45298992152634515,0.3646255354335259,0.397725781868836,0.27900462798559333,0.16314928775215365,0.33401437237663556,0.23278821173679048,0.6315021989893213,0.2457500621503082,0.2903720248133847,0.17645154621540987,0.27561741252518607
2020-04-30,0.8243508655650671,0.5718211252129746,0.7382943033607642,0.6075646764903703,0.7411656382833098,0.7151804626835885,0.5852823404099025,0.7183265818243043,0.6734479368564003,0.4869988780679231,0.6446307437252171,0.5583788549513631,0.48112721865386154,0.0793485086613543,0.34461935183812453,0.38373848218315215,0.5555740434939084,0.47888062405652926,0.30562946520487777,1.0661940454544496,0.42865049660710436,0.2463215777671694,0.34942880514376984,0.3204879774396407,0.26607947022420547,0.5559369195186976,0.494125653904716,0.4671067116783699,0.06354671689998305,0.6860328049883956,0.3789013465473703,0.2770739974109602,0.29882766648076664,0.14944989797721198,0.30124934792262414,0.4491626000464126,0.3565352661601986,0.3913050786770149,0.2788705234535829,0.14959211000329517,0.3334322365493693,0.2359700041034641,0.622177708630694,0.24284563874040818,0.2969970852467122,0.1740570626538776,0.3067602158940465
2020-05-29,0.8199725466069894,0.5710609975909111,0.7322661377438272,0.6025199705723201,0.739084808218115,0.7142093551418381,0.5854058882398828,0.7024700471610537,0.6750345702023752,0.47716027359354474,0.6415118250384164,0.5573777832552775,0.48181727927303986,0.07496903342363843,0.3424156226565032,0.37437555966497366,0.5541484298638563,0.5387616447045084,0.2939962327319543,1.1622143464435495,0.42251148968334484,0.24605634069273563,0.3562661353256107,0.3151735462539923,0.2653328514834021,0.544480666146589,0.4871690049584242,0.4765978873633048,0.06176025267786089,0.6767699376063144,0.38224836126232,0.27808868791946717,0.29532989588273567,0.14780331834704677,0.29708880714363795,0.4580054317538443,0.3568802339883146,0.3908191589178425,0.2709570701634601,0.1465259527893384,0.35137731221236207,0.23915582095499066,0.6293317008023652,0.24814129777134342,0.2951243994679623,0.17503669490766524,0.28776486542313057
2020-06-30,0.8199984280609477,0.5728185930003284,0.7303331679368503,0.6121360547408125,0.7556754754416652,0.7230274469387574,0.6030296050125395,0.7100101259796616,0.632886640304088,0.5098823507008201,0.6710138112611148,0.5558215848936188,0.5161543132555757,0.07451971170936095,0.33400815509946424,0.4122513249899181,0.5477776102877894,0.5688149157661658,0.2806724172963436,1.159480184066111,0.415621069172525,0.2468984266741925,0.35200561003526454,0.3300844652957381,0.2659429868143381,0.5451270014993769,0.4877333105219749,0.4923534278908255,0.07025764930639126,0.6800029216335679,0.37973978660294394,0.26521739401670746,0.29888079940283885,0.15131739610364084,0.30286881945661676,0.46068711466789314,0.337866425014746,0.3674753225991241,0.26623834556550974,0.15347461244388994,0.2515115246333523,0.2456180571498718,0.636973146472353,0.2364108556201022,0.29652718558326535,0.1535290144702691,0.25755874151824526
2020-07-31,0.8204632192322371,0.5746447511014994,0.7194530733123491,0.6115766984062274,0.7517142241256818,0.7317178036407679,0.6110383945974788,0.7015630349750763,0.631465283208547,0.5004893119351623,0.666265242911967,0.5509781594396521,0.5109794951511548,0.0690804974434969,0.33368961866271696,0.41028407898335956,0.5234558154580664,0.5694021009957325,0.2803462943800451,1.1785418565732668,0.41431422188257555,0.23996022388540791,0.3513317835337853,0.3101772745839189,0.2717298173495402,0.5743449529929762,0.4761239308583277,0.49245471606425495,0.0701143377398265,0.6848554005469949,0.3781839552091788,0.26661676337514345,0.29640132439240174,0.12336217574565095,0.29760768347831046,0.4607322824048541,0.33129718942507447,0.36524603769464614,0.26710757342176356,0.12100064718255436,0.2598753103782642,0.2505872075943232,0.6343367654478598,0.2341963967672686,0.29763214468450827,0.15906741394893176,0.31438164683794845
2020-08-31,0.8206937531090228,0.5745375465423603,0.7076227375912005,0.6106849022680535,0.7498071543950848,0.7263110418401165,0.6132994360785069,0.688703722055236,0.6338068562872964,0.49933979552710056,0.6656681582404892,0.5424105608777053,0.5145783115025967,0.07154783554122551,0.3325336831778505,0.39878601674986247,0.524515334255227,0.5414268171008706,0.2748808512156667,1.1593737075813098,0.40205349214165836,0.24259867133131596,0.34739911629638254,0.3125960952246629,0.26656020747906894,0.5622778032397908,0.4661344286715801,0.4889746070043787,0.0686253315948319,0.6838109122664219,0.3758535917114044,0.2675970523683831,0.28610031396410274,0.13137455127294276,0.29278583868292235,0.46742493502574556,0.32971362030783435,0.3668683864321815,0.26840788153923284,0.12125662224937114,0.25616922080580645,0.2459255077438098,0.6360992730449508,0.23051413548488378,0.30030571089938274,0.16723198968843672,0.4074917880029299
2020-09-30,0.816958642152211,0.5681474541174413,0.7065936655080339,0.60568496446345,0.7488267411065203,0.7281918203420176,0.6163806877230305,0.6837279346374776,0.6391427104214402,0.4901650784200126,0.6626185358668393,0.5362862270991451,0.5074408275531228,0.07020326705662128,0.33398211573739217,0.42975184351014406,0.5164622930087247,0.5295225719076097,0.28841015809724035,1.1692494054311249,0.3859219446140675,0.2356592248297199,0.34803918409334894,0.32136420793047954,0.2599551800580803,0.5716965876698309,0.4768297565743212,0.4923779458603449,0.07291946766465705,0.6841734817473664,0.3771082592649595,0.2578145565565607,0.3016843464806148,0.14629899331549065,0.28751201136817855,0.4665503530463145,0.32009299072692254,0.36035112733461694,0.27027241893655,0.12032798622005615,0.2464144429172461,0.2446074622775288,0.6285613878923996,0.22742193320197185,0.2966686408010331,0.1638046815227449,0.3529968700748601
2020-10-30,0.8121618514357537,0.5703334551413343,0.6936896963466387,0.597714910519806,0.7393519309477963,0.726093864542394,0.6007088085698343,0.6830013954793325,0.6335349490198924,0.4923158341379091,0.6580102516742442,0.5398091204031706,0.5095755363246808,0.06657423717757505,0.32487522794998774,0.4296924010532858,0.5018364993282444,0.5054259076801942,0.2848410015912266,1.1762693966900823,0.3745263996840823,0.24100202886026703,0.33847344841576604,0.32669262565055757,0.2591143791305032,0.569873199677389,0.4779768088200007,0.48947809479120696,0.0756847594192934,0.6844451044732024,0.3799103584680727,0.25975754607159734,0.2998545155264868,0.1460004609413182,0.2826160859056175,0.45907142286711444,0.3239869746157332,0.3370583550743938,0.2711804607471228,0.12133081955109691,0.23543259129063804,0.2409636306372355,0.6407528856787796,0.21863210816988127,0.292027292359169,0.16769775030285974,0.37160390627166845
2020-11-30,0.8032666057817254,0.5718604157887419,0.7026500720897982,0.6055152229901961,0.7355332833975142,0.724438274955532,0.6040673025735218,0.6819728085659242,0.547579731252155,0.4960600496388618,0.649470986406422,0.5564152303622888,0.5213031274390282,0.06957302263913348,0.33451802438973427,0.4300363467272847,0.5066734931350687,0.4828668363470348,0.27735643653969905,1.08023284170937,0.3752752297718678,0.2547760322496241,0.33301373970003934,0.31856134159234417,0.2548688895899425,0.5683630983265151,0.4781362622798044,0.5004469567134519,0.07704959288405293,0.6742867491715475,0.38680406249039895,0.25987331717048184,0.29032530046367455,0.14999105657388817,0.28739398453548964,0.45690180638660555,0.3233295468687754,0.34128491426366814,0.2753565448786719,0.12348820629927953,0.23138934550515947,0.23064215237823138,0.643503915658766,0.21004221990177604,0.30096789181034894,0.1693300712504338,0.4054053487786065
2020-12-31,0.8008314227608598,0.5812297224092825,0.6963680692071548,0.5984730308131033,0.7383954659183597,0.7154813647591906,0.6311121076158064,0.682134800876342,0.550068676049135,0.48812408988052286,0.6503245173559908,0.5543427275419812,0.5269585183121879,0.06881747872251846,0.3270063859594701,0.4206857280218515,0.5175994155434637,0.48843773669214635,0.2697284975060454,1.116360604820812,0.35126719212679697,0.22919523277303047,0.3236836714401427,0.3215263186569738,0.2949671521147149,0.5771040206082265,0.4891172996693669,0.48784994544362126,0.07933112209368115,0.6578700106905504,0.3865657592718312,0.2543439158112984,0.2827053037043009,0.15835914075889,0.2859007727321039,0.43735312554212685,0.33449008848180206,0.3270997320994056,0.2585413358768316,0.12995660905005996,0.1963746196747888,0.23653963260377403,0.6421951153087683,0.20291386822610652,0.3022479687855779,0.1796142084881151,0.4526800101883242
2021-01-29,0.791511576284367,0.5810626685906819,0.6943158645389078,0.5974437955720256,0.7538710749783492,0.7144197309703092,0.6250831791940847,0.6817288300770277,0.5500496354956596,0.49165925139327554,0.6517203123366216,0.5498074125643578,0.5273974413723845,0.06595586028153577,0.32019063131957926,0.4199744153769502,0.5205303365172771,0.4884115673157148,0.26775453528685245,1.1562275466956715,0.35614025154797047,0.22697229421140008,0.32346540502623394,0.33055585360250755,0.29062333210832675,0.5977128058322012,0.49380883594137004,0.4889899002808289,0.0805535135135135,0.6652174728409602,0.38766755976714207,0.248731470887128,0.28241835929794884,0.16288698215168648,0.281042187796296,0.43769484510983353,0.33303569906736596,0.3243525172694958,0.25878730362796437,0.11999610615752788,0.19223272129436905,0.23176093934347444,0.6421470491166006,0.20191360740392233,0.30031988058232406,0.17031650205579427,0.39861587564571654
2021-02-26,0.7860192113971937,0.5836676107078227,0.6860410487444889,0.5947880533884173,0.7464191101227896,0.7121156609845664,0.625286701973499,0.6830943793565462,0.5955006527412898,0.4927866035598353,0.6505119241994998,0.5514774253175092,0.5268429421269105,0.06671366690515326,0.3271704516953395,0.41717487501523653,0.5153992174592888,0.4999990483635932,0.2664453370721816,1.112638625541411,0.33682707400109546,0.23002768259302706,0.3326480083383228,0.3303701677260628,0.2847176785672313,0.5867897395568366,0.4925396138527589,0.4853101043104062,0.0841926864998055,0.6577026291895409,0.38354669407273567,0.23685905157282836,0.27564396511197764,0.16129239333509968,0.2802299862364071,0.4311482128987881,0.33299296854732185,0.3168092134068624,0.26532755684630727,0.12016148359956894,0.1947938730380226,0.23165182455496044,0.646095033620134,0.1961760801827153,0.3008011037669748,0.17143456248462496,0.3983341386082315
2021-03-31,0.7871038908036662,0.5820237886548207,0.6860348648690611,0.6010258855255661,0.7424678441931992,0.7179356180318416,0.6197906703963583,0.6862142196850262,0.6217452926845369,0.5013832676071991,0.6456582778438724,0.5422582816275558,0.527864304079771,0.06784277397461096,0.32096315453125634,0.4137096965569885,0.5107228515549722,0.4651730023752864,0.2685043819712104,1.1504481866934069,0.3355347572324165,0.23379240120176972,0.3352496863426099,0.32678726995559493,0.2876057668554906,0.5785024711072684,0.4831387188916022,0.48017866972673207,0.0868811436687153,0.6577766474240935,0.38747788322609644,0.23708929791030375,0.27225916824867613,0.15634390502574588,0.2778456526560609,0.42868486629003316,0.33045152928479304,0.3348989300422146,0.2721026486028383,0.11540005449634425,0.19120379418190728,0.2308489423152236,0.642863091270779,0.19786009324574577,0.30181791452176254,0.16542871372633827,0.3756895082065239
2021-04-30,0.7873150084741258,0.5828644523510924,0.6814403665321775,0.5937198252554795,0.7405299408987956,0.7168674175849638,0.6151431806437911,0.6778869879629279,0.6189602238264147,0.4858149840700259,0.6556428569876056,0.5485954767746924,0.5181270772660254,0.06772230892191139,0.32016898885163264,0.4140897384920882,0.5064789300262412,0.4560832403746043,0.26697762866298314,1.081147804404703,0.33629814721406187,0.2305997052102793,0.3146233697038778,0.3166883916090576,0.284778250350734,0.5673373934435912,0.4739904071051821,0.473819733091611,0.09080355675977941,0.6508058904486234,0.3836135408194631,0.2328768491624755,0.2730883386500731,0.15003151073210927,0.2730665481749676,0.4190880032423483,0.32730312305517406,0.3332531154094828,0.25729264484247394,0.12015400290148795,0.1917693717105021,0.22678908511051016,0.6448494640527519,0.19863496360512825,0.28294212994865164,0.16436056132528143,0.40828748366405104
2021-05-28,0.790670048441482,0.5738713005294166,0.6812772588242636,0.590853789069968,0.7489115915328429,0.7217492770451173,0.6138307314037631,0.6859043899311145,0.6215127364982217,0.5064062940709957,0.6583661588830324,0.5533784547913121,0.5191052214871695,0.0700455666594988,0.3481948175240271,0.4079925616860043,0.5097399744445924,0.4288403011373942,0.2701036141872488,1.0699141655555047,0.31851581423908504,0.24020295122115032,0.40008333027727916,0.30663492820546656,0.2871271305687725,0.5745311960594482,0.473204834160936,0.4815004565212915,0.09239000480610812,0.6554648246513773,0.3787916719822247,0.24111319993227123,0.272997192598954,0.1811677434304509,0.25904309320274177,0.40895483387435594,0.3169687010836995,0.33671984091310475,0.2443258253483737,0.1128966435074324,0.23489828091834422,0.2186053721079883,0.6532422449921299,0.17764541249768076,0.28318917044638253,0.16893426195872888,0.3802149429126117
2021-06-30,0.7899303169306878,0.5728171441780061,0.669928631568152,0.5856995877727621,0.7423282449777806,0.7266044034722925,0.6097763230930192,0.6821499642142622,0.6265669413103354,0.5020545542734884,0.6616063838340267,0.5578436739193964,0.5143015715297405,0.06730305142907335,0.3464154514480082,0.40458313865862705,0.5143103535965488,0.43231210169659795,0.2658099063416148,1.1084208938999245,0.3212807381031344,0.2343410287279304,0.393788982673209,0.3034383639986653,0.2819245048831554,0.5579101029554413,0.4685473219836088,0.48251724560835707,0.09505721495903723,0.6511705821936368,0.38246945518864395,0.23487850737946797,0.27115689311400476,0.17419231478084166,0.2546816412393174,0.4051223931797648,0.3193755175845046,0.32264342194516094,0.24346913878299417,0.11620878896196996,0.23210123031454874,0.21000590572907882,0.6511721943515343,0.16751028378821145,0.2871328668449387,0.16175699339412966,0.38128576099026784
2021-07-30,0.7952767784558874,0.5724269661691503,0.6718822298173126,0.5824282455017372,0.7443757397346209,0.7239935652953243,0.6087857270177388,0.6804866869507116,0.6404821712376718,0.48738254973961276,0.6657860658070524,0.5502028258906368,0.5066757309141972,0.0731353172739204,0.3523838063392665,0.4027591308139473,0.5172057054507425,0.44636709622359005,0.26806990587598684,1.0821769270658947,0.32362667470385964,0.23622744630623815,0.38647249517960386,0.2684650442063988,0.27621289360062434,0.5568916056196017,0.46162443261534314,0.4767378934715103,0.0955872924874618,0.642600227031627,0.3878784808925851,0.2234689363713313,0.2668778078109055,0.14057733717583104,0.2533637825074047,0.4100396299523298,0.3210990001234481,0.32295243003988977,0.2472287312921884,0.11710663214249838,0.2826505600142279,0.20220706887062248,0.6496856409274516,0.16981772413592566,0.2900659835072994,0.16423954443119934,0.3797410729104893
2021-08-31,0.7942978233431689,0.5729925411473896,0.6651817851313471,0.5885116780673718,0.7453401233833855,0.7229367731168075,0.6011401132929995,0.6772963231766647,0.6634232488857037,0.4813213437904295,0.6690781379002415,0.5495607403742973,0.5043990854897232,0.07141496373661961,0.3513517980366671,0.40171867198733513,0.5170049496652057,0.4188959855331563,0.2662896656293068,1.0988178799304698,0.320689458663713,0.23972489381347487,0.38384839154935085,0.2590893231252743,0.28220447709936686,0.5667907965519196,0.4503942024598259,0.46705782177736516,0.09830025869965317,0.5602101215543179,0.39172867575006237,0.2246959322705352,0.26844498977175224,0.1398373589014026,0.2510552800955136,0.4133335414350617,0.32877524671833264,0.3200218077351066,0.25140761857303445,0.12182520359048339,0.28224447349142545,0.20490200069117173,0.6551459833346966,0.16962976758811202,0.2897568521388914,0.17377290626988187,0.39667291569819507
2021-09-30,0.7941038647145364,0.5756001820360304,0.6739047095568113,0.5893698581826448,0.739997249246171,0.7198436678529201,0.6034873154323077,0.6715669343357762,0.6531381876328631,0.49138764421550973,0.6645301751988948,0.5453018584635602,0.5086263605971768,0.07051424514452691,0.3777467796368621,0.402897924745191,0.5201453748564788,0.4057929459457576,0.2675008942163026,1.086224482654506,0.3240525416212483,0.24699805196389205,0.3816769806104525,0.25094180864035276,0.27780902299368193,0.5612971044608744,0.4457106254211442,0.4512312561781393,0.0986393364044519,0.5668453105300639,0.38746090766864344,0.2288041100241591,0.26162399795294367,0.1408625344403669,0.2450822729076627,0.4090611092102444,0.3262484753542531,0.31753480128172695,0.25380718996720675,0.11880413016744933,0.2925542027225288,0.19799136802721928,0.6463653477159365,0.16480792004349332,0.2901278555812248,0.1728411422414614,0.3581420660805521
2021-10-29,0.7954520245416218,0.575307875822523,0.679378583111478,0.5828119427323873,0.739382129754419,0.7250943830518011,0.5967599580441196,0.669312781247911,0.6556825292399758,0.47812518165833506,0.6704995463121473,0.5490309525809398,0.5111721049168442,0.07018311574422202,0.3766566252329214,0.3884489049937819,0.5162186035414253,0.3974681599674204,0.25499141913198675,1.0602867931726778,0.32194360297391106,0.24649136544078062,0.38001932525302246,0.2517518987716256,0.27931681432675404,0.5606096619471367,0.44160260338152807,0.4538874414675119,0.09713401726545277,0.5608946460068445,0.3827237388601986,0.23438739700593988,0.26005757671203483,0.13567498894720337,0.24349171366894665,0.40373936901877794,0.3291808276502739,0.3186808317307048,0.25350185516810836,0.12043502744571043,0.2805588304863981,0.19795318421982008,0.649669626651432,0.17417228649740416,0.29087271888825184,0.1723412723819832,0.35065066480412926
2021-11-30,0.799152418184491,0.5830223616522913,0.6817551547180869,0.5768198311473504,0.7440020207115832,0.7254450173899878,0.600358915888405,0.6537586093367423,0.6604021553596332,0.4581422663720905,0.6666015846900094,0.542367853168381,0.5082422403213812,0.06979738573344016,0.378786184579065,0.3835260543216723,0.5166347657779076,0.3754707315877408,0.249255270090824,1.0500405738810268,0.3305111573992453,0.2673971438186651,0.3919085376699231,0.2243687742941186,0.2734939673998242,0.555246947596413,0.4425465889747756,0.4633652660333143,0.09712719370775474,0.5658866823661571,0.38919723040998394,0.23055172822169162,0.26264649574015975,0.13516963422344985,0.23679522230537678,0.4070548508869487,0.3292197122281431,0.316759878322857,0.25914126762014794,0.12229534953874463,0.30864202323628265,0.2046326033852102,0.6489413750449272,0.17985351255014442,0.2929723789444909,0.17404796379820867,0.33959179801841033
2021-12-31,0.8051487123854895,0.5808774292341936,0.6824969272710014,0.5863748498448689,0.7487205328558131,0.7261091482539059,0.5980757503650418,0.6525371335843431,0.6597656258801448,0.4864917320991938,0.664612652666223,0.5405681519743631,0.5092498625140847,0.07003084343967773,0.4050877640856517,0.3837469890403405,0.5226875882653872,0.4160117923471492,0.26062610089739435,1.0854068961246952,0.29295946138687895,0.27139214159605884,0.39056744801000104,0.21629009950477426,0.27777295530383483,0.5595336129078575,0.45385111282711554,0.4673455517564837,0.09822748928744861,0.569012088482593,0.39475082162911374,0.22849238831136928,0.2725036722049677,0.16785927405380163,0.234602499850011,0.4047801763891404,0.33386649313777317,0.3278283056932274,0.23923073681431234,0.12201160632035156,0.3131084642650448,0.21614600677398071,0.6438583872370743,0.18312036263648174,0.29297371066256694,0.17805673372768252,0.33385601723280783
2022-01-31,0.8126294368477769,0.5821493482720851,0.683069381251977,0.5933475001654133,0.7379622097755627,0.7279396013008538,0.6071389121171746,0.6958075391081439,0.6462612366972299,0.4998896672280187,0.6573274865786991,0.5511897300287839,0.5093013333963993,0.07050226388076003,0.3945648525357181,0.37970996968230625,0.5232192700804387,0.3862250717496067,0.27023735596486004,1.0634750409751466,0.28371257744036416,0.26992970742830313,0.39639512009154027,0.23206044779241783,0.2767695988577429,0.5729928867873446,0.4446110432330323,0.4716308711497066,0.101483961907253,0.5729092549062567,0.3923060394969283,0.2270443325906783,0.2754275845120738,0.17386186760587158,0.23469958569791527,0.4053001344666438,0.334202601856272,0.3333159820792666,0.23901278423593608,0.1244930423884948,0.3175871533903171,0.21947172638089488,0.6479152029317752,0.18276669215830904,0.2927350323749886,0.1660719245364657,0.32693104276304047
2022-02-28,0.8100520893145745,0.5786051280365706,0.6945122315441864,0.595977952050387,0.7246531123424839,0.7348183780803521,0.6006236664325062,0.6683624846857392,0.6595870776961047,0.506839623391992,0.6652050510307865,0.5543456289959734,0.5088495653305318,0.07031204118603443,0.38928220122183743,0.3844410828680519,0.5309831795391364,0.3912354564343168,0.26504343697825145,1.036051127318145,0.28772629733234373,0.2524773377126603,0.38901899503607107,0.21684777081243325,0.28013571213228405,0.5624869102781453,0.4445442001672423,0.48200112437186005,0.09616646336302312,0.5816543495851229,0.3885779483252658,0.23440521587159296,0.27836503523773987,0.17308395633490054,0.23603361191515806,0.4004674334704011,0.33477032749075547,0.3294631793633377,0.24891609850782395,0.13379654458819465,0.3173730410073444,0.22324261873998497,0.6219328936919637,0.18626150684970336,0.29084743312049477,0.16516309788007189,0.3653518345863669
2022-03-31,0.8112124280150951,0.5847890475264368,0.7124447865383506,0.59914305399977,0.727180179950325,0.7356838848924704,0.6004629318402991,0.6817511327685762,0.6648049404706265,0.49859094946571264,0.6726185622498069,0.5561652517414348,0.5051493396395745,0.07302134983843027,0.4332185138738114,0.3995912788419175,0.5340784373021852,0.3876764938091941,0.2616569834436399,0.9890192597152999,0.2820262327912135,0.2564850101153667,0.3879950394201013,0.22254069676553676,0.27925273898485375,0.5609212921594254,0.43616380401615645,0.48656138251362874,0.09651585945981662,0.5836629705511726,0.38308343758403807,0.23963966990383168,0.2786367205060329,0.17796394915806965,0.23413841600489288,0.40988464424159876,0.3395277357408456,0.3265326285871346,0.2538367823295353,0.1339424763883331,0.31261658072344406,0.22505301205589165,0.6080960840300353,0.16633742327265244,0.28962854700008167,0.17353524108648252,0.38247157272494353
2022-04-29,0.8128323948708968,0.5841604241387419,0.719391117258313,0.6043795207814274,0.719722428318011,0.7382532320644529,0.5954741814301487,0.6844569413158875,0.443671423642322,0.5065523543510134,0.6848551855677135,0.5585733528942767,0.5036488528941051,0.07208094724458934,0.41065465250878125,0.4000134279404536,0.5429392732191585,0.3700729656826737,0.26402507923492885,0.9701177601722106,0.27644106544286906,0.2515425677670436,0.38745459852150776,0.24596428988495872,0.2734661778013665,0.557811975338646,0.43401312338346065,0.4863865536612918,0.09730067199314782,0.5847502962333606,0.3771738795300894,0.2316048869720389,0.27516443205374425,0.15742534493026233,0.23350669595876025,0.40122990041489753,0.34121844152858677,0.3181297567882666,0.2500719790076437,0.13395215758115916,0.31206768174207683,0.22142644590181332,0.6025567409836314,0.16141655258171722,0.3173005048357119,0.159377404867504,0.35712256510756407
2022-05-31,0.8161630678112811,0.5875643304368794,0.7260611474291704,0.6072225434745991,0.721378604385634,0.7417984797021976,0.5951639797145071,0.6991280149313763,0.6583028994869525,0.508228653056139,0.6786845914325859,0.5568248518783547,0.5048034159386792,0.07309922383107113,0.4287320940803629,0.39937934311421225,0.5381014817544096,0.38611711713397917,0.26380530481549885,1.0172927317108313,0.28486333369494404,0.2524640029372583,0.3825041509780165,0.2349496657553393,0.2710058077971875,0.5610135278323791,0.437571755630479,0.49298666429578736,0.09030140004948543,0.5869143051090951,0.3791191748177308,0.2274192576189761,0.27802471569178566,0.14597553106089886,0.2380109955945144,0.4037590011650578,0.33442977688930714,0.31999890973235134,0.2564530785265091,0.11766197117815978,0.3133656644334884,0.22455450237234964,0.5958443055949922,0.15752199971881545,0.31327978498701964,0.17168511525812452,0.41467270223578284
2022-06-30,0.8194453903642688,0.5743495148160194,0.7396717744659644,0.5956475603186021,0.7235046110895272,0.7445430004790082,0.5996048787057767,0.7039481434946836,0.6391730018854075,0.54219845803876,0.6823498312527065,0.5575111054251929,0.5009680209508607,0.07235348627194416,0.42895760183922166,0.4325536174294779,0.5487616327783295,0.4238666603547212,0.29453371274866846,1.0034596685570396,0.2636110218515227,0.22545865321571879,0.3846700479794392,0.23393625982264513,0.2728394488343292,0.5576738684816397,0.4475531186303253,0.4970622590065283,0.09090243564759076,0.5828915017665159,0.35919890618436484,0.22521799717465818,0.2777035761197247,0.13163016255564094,0.2441447352086994,0.4245103279961164,0.36204177069956983,0.31279239739635006,0.2759503489135562,0.13003018510033656,0.36831915487283956,0.22865284761139168,0.598317678504255,0.16818979323941818,0.312245150547962,0.15030798328514644,0.4878013207738842
2022-07-29,0.8186990069675132,0.5749823332895778,0.7391210408761817,0.5876843367187728,0.7209161125796487,0.7418727569575113,0.5955799727435473,0.699015290255148,0.65269156142348,0.5344606749597296,0.6826799221543693,0.5618899116575788,0.5050544198917425,0.07632414983867247,0.44028120146462657,0.42451268451563834,0.5466485660561354,0.4172669354326577,0.28218868348210896,1.008586912614847,0.26492626297921906,0.22433558880673482,0.38933215980062164,0.2165019872925186,0.27347215168529904,0.563072954485754,0.4467454333242702,0.48646256674263577,0.09295008852144272,0.5864002312105221,0.3623912126859051,0.2298777257515674,0.2798646492470738,0.13041580984658735,0.24879316691576656,0.42292881346664,0.363923634863037,0.32472881729509523,0.2808345718870779,0.12626135010669062,0.37146796327039544,0.2313018736140619,0.601791532268161,0.16918240162138065,0.31119460163930845,0.15607837654221268,0.5153481949661707
2022-08-31,0.8190201573107385,0.5749073347771207,0.7364834659214045,0.5903962792244388,0.717643205613243,0.7374145222372438,0.5981848474839544,0.7005277933014835,0.6399811086744874,0.5431866822230275,0.6835593519344001,0.5643678820045929,0.5099218184744025,0.0738635492739011,0.42968028526377505,0.4221942783230307,0.556975817299641,0.40516352071353334,0.28595536128610954,1.0745110063852328,0.2612276786363091,0.2148859453935325,0.3906290546654389,0.23007524109880984,0.2713176856514887,0.5539602521317517,0.4417811258773169,0.47399076962161735,0.09773074001526393,0.5874572369224461,0.36578321963269117,0.23426683399550974,0.2810226121718942,0.12383134092811533,0.24462729421921167,0.4222102885311959,0.3577558633119292,0.304360387504038,0.27325620245529325,0.1317819410741056,0.3659158175547774,0.23474278446480418,0.5634752483115897,0.155571510035986,0.30768959067206,0.15674926987333215,0.4719274964492113
2022-09-30,0.8162751151009667,0.5682714921423273,0.7449479791636899,0.5901999053117586,0.7239053099231447,0.7429983489171563,0.5975847327656126,0.7046379973036426,0.636502235173686,0.5565778757210362,0.6800135435587187,0.563892529286089,0.5210819482163606,0.07450353016315873,0.4374581170603998,0.437866389037345,0.5609934316584878,0.42998889499875464,0.2852964476208513,1.0496310759098413,0.26166690280724797,0.21877621924202953,0.3958375177751276,0.22048407258967415,0.2686832948819129,0.5488020548216507,0.449094724541759,0.4850689095626983,0.0950908754152939,0.5864245097824101,0.36406120560182553,0.24214251517621405,0.27860314601639113,0.11113759226213747,0.2500744229755086,0.4285010712995292,0.37417206835939015,0.3160152016650318,0.270605223031091,0.12636307054483722,0.36549342762598297,0.22850000788158784,0.5689966226984271,0.1612480085466232,0.30904835860505414,0.1539543354770261,0.49005679495564797
2022-10-31,0.8182778352349994,0.5715768656950709,0.7455914709021721,0.5965978837369403,0.7266257894563635,0.7456454883357432,0.6069176251964384,0.7071000585658831,0.6593869661062907,0.5562746270634253,0.6825622836915287,0.570722917926867,0.5231698448526378,0.07539956050248117,0.4432825418618771,0.443881564861302,0.5575620776725179,0.44846120665103906,0.28437550941129036,1.0700426606537499,0.26762763758864655,0.226148884207537,0.38887593708784335,0.19306184922463776,0.2723012153511893,0.5498568374073581,0.4549102625887109,0.4771990399692168,0.099000926548188,0.5945806664484371,0.3716404461979666,0.24302109458950413,0.2823573241497494,0.10775145554460085,0.25181035954535963,0.44399578056330524,0.3731677728816801,0.3295590957070366,0.2728325755788205,0.12312334440177303,0.3720269363631381,0.23441667032336236,0.6083276016631494,0.18042514243708888,0.3117353115734686,0.15853786573012232,0.4618102135496697
2022-11-30,0.823190710496867,0.5740008952777158,0.7496155128537461,0.5928596168251931,0.7280463890952753,0.7441160256678234,0.6109827784432762,0.7100957378333028,0.6594525313849791,0.5405003654197705,0.6924272467797545,0.5714898325425979,0.5118103618566033,0.07397422901034066,0.44968389715708496,0.44314821694349826,0.5555349837384724,0.44936439685674534,0.28255778903684037,1.0929328252477026,0.28303943611243126,0.23791103508009098,0.39343545835405536,0.2280567321897896,0.2720565099386624,0.5578607177308037,0.4474752540581393,0.5055415518806052,0.09673622449892047,0.5923987936831181,0.37080969374953876,0.2443656520183169,0.28075467809025756,0.09945807814112777,0.252521359087247,0.44209550626343685,0.3747745533326192,0.3164684988770364,0.2655740389185026,0.1188921323607298,0.377190734838713,0.23915290328321204,0.6169770648122296,0.1873496230610707,0.3104942476853534,0.16287196969577014,0.4877644986948521
2022-12-30,0.8240585181445725,0.5713071913726219,0.736563216221544,0.5937775890440662,0.7392428422274465,0.7399804542608878,0.6067441367831299,0.7166062792726932,0.6574626560596264,0.5382702295980438,0.6978566927468505,0.5613873477514008,0.5077706809255431,0.07472592813907127,0.44358171968804344,0.43620829508186054,0.5554339503249746,0.4559885887310095,0.2802285689274535,1.2185567876200918,0.28416820545112115,0.23974108096289276,0.40433889058478983,0.23805878575882217,0.2724938276149957,0.5546366603460668,0.44345218535383163,0.515450376808236,0.09869954240530654,0.5860533373351928,0.3672434234888123,0.23017429990307878,0.2768243236307782,0.10328049442428655,0.24782126465876017,0.44192206432305575,0.37452152539729805,0.34242065073882705,0.248827064591333,0.14231286823888223,0.398006184151399,0.22846869285363774,0.6148698374413516,0.1752553243568391,0.3112333658951227,0.1253797544801568,0.45303311954268255
2023-01-31,0.8193879951258705,0.5753958476088002,0.7331182103907663,0.5915535418309068,0.7337014410488242,0.7360435153210639,0.6088351779818222,0.7167831912889154,0.6667843580937827,0.5402486308346988,0.6968695087366582,0.5645730832526656,0.5287977231919281,0.0709486767399287,0.45144385375795676,0.4354664338412639,0.5465360755656519,0.463866805410479,0.27822954528275945,1.220882513123173,0.28885873299511927,0.24278023201536936,0.3995829172989061,0.24163474049079595,0.27429590606957666,0.5645783609393127,0.4449048795764433,0.5162337173861317,0.09785169529641133,0.5937272867379464,0.37571469611309694,0.2287766803331148,0.27029485407372517,0.10272985855326934,0.2440916225485142,0.44594063417955637,0.3756057262355619,0.34164440565330384,0.2566600132382085,0.14834200788311103,0.39961445599785267,0.22708485744315984,0.6151681438070937,0.1866782708168981,0.315112922948524,0.12143771109182767,0.4688175440302276
2023-02-28,0.8207749443818945,0.574984119653403,0.7370055971369526,0.5937855573156388,0.7319462529651753,0.7307954154834714,0.6053501737578587,0.7195428441071325,0.666539407175518,0.5415239415272111,0.6967336304821771,0.5732957416186613,0.5304186270726612,0.07243564874710699,0.4548092606317921,0.43286220237576944,0.5428259160721318,0.501420216695128,0.2798154867839695,1.2360868826523352,0.29257199424595465,0.24661458334924502,0.39428659163555274,0.2202219250433581,0.27691257549924575,0.553668980419665,0.4414674821063737,0.5122110949830682,0.09444997668618164,0.594861065260574,0.37795207020805033,0.22895193837054753,0.2690859435291799,0.10393334527332923,0.24492860096281455,0.44762963213813795,0.3673208523808594,0.33919966281137587,0.2548170867650184,0.1486528582979864,0.3998048703337582,0.2244099874970334,0.6121029107910665,0.19574769208235945,0.31436483780244756,0.11153421564149942,0.45249779966007597
2023-03-31,0.8285366468703417,0.5786264520476041,0.7407206533625664,0.5895022337715681,0.7283580044685609,0.7348333403420851,0.6033108778518318,0.719967732897602,0.671151310896115,0.5529021961890798,0.7125417824825077,0.5852920640330663,0.5282374108591237,0.06990637199385859,0.4722730619748583,0.4353795522302524,0.5739366571379312,0.5066552893085186,0.2827371785966592,1.2819366665011716,0.34656869787253614,0.23461365770240472,0.3826301724354587,0.22993054211101957,0.2774121289199452,0.554647190918601,0.4384812001617105,0.5152306929987376,0.09638024731724118,0.6027853903882165,0.3619585272119218,0.22863128519660814,0.27092230033363185,0.10291447073175158,0.25518694790454843,0.4525089745882637,0.3666699828127628,0.33056462928805586,0.2386657437976769,0.15650389338409282,0.42478187364910913,0.21945979212926786,0.6107599516981136,0.1948449707808272,0.3140085724658257,0.1097259405215002,0.4686228558345191
2023-04-28,0.8328299135960406,0.5795180165545364,0.7415324121889442,0.5893053087604554,0.7317748746995982,0.7416550527723887,0.6040842786249928,0.7184726311562966,0.6748660363423844,0.5534895933439167,0.7188900690696064,0.5857435763914376,0.5284767945261135,0.07074002734163337,0.49704991683568095,0.43850130034250573,0.5670778611813522,0.500252832934283,0.28214887106783143,1.2760580004065278,0.35078438959586256,0.23927499257937518,0.383856808455439,0.22508036699136305,0.2738408413751761,0.5455548654639222,0.4424187685576143,0.5036271452142459,0.09298450212622354,0.6079605779841893,0.36263483432105603,0.23253988562669706,0.26951836205323026,0.09994546278165177,0.2590220431190512,0.44991334141876044,0.36852672384402213,0.3375025461268686,0.2362768884784357,0.15630459570980357,0.42519842739035213,0.2227792428726161,0.6125558704117816,0.18147182947800333,0.3106888829834112,0.11304737944025911,0.47722485195109404
2023-05-31,0.8350005845352041,0.5878505077367934,0.7401842617963079,0.5880838372946854,0.7332257811665839,0.7411361586640396,0.6025909971889347,0.7168742645377169,0.6870998247995894,0.5575641869887793,0.7216704496336763,0.5828599647613283,0.5249388682384922,0.06982928617686747,0.4697764971090391,0.4367341182567594,0.5668629351303021,0.4917941433554903,0.27932615368265845,1.245055920461829,0.33501367234819873,0.2337201793400955,0.383395416298051,0.21708414828528105,0.2730156379890067,0.5516106982268845,0.44729133143676175,0.488173374650665,0.09277598848467619,0.609290024108907,0.36255165388481475,0.2366191238482078,0.26993873422709846,0.09870407906644658,0.25446738634268823,0.4402173014050169,0.35946861861215307,0.33681344207146613,0.23066385393531252,0.1525044991994269,0.42019051490945625,0.22217537431342,0.6183138599931437,0.18186597783837763,0.31169678788680877,0.10676062714822943,0.43379603719173293
2023-06-30,0.8344243331732061,0.5865113212757683,0.7448435875345183,0.5817307577585413,0.7404812420765509,0.7432639335202379,0.6119820601854398,0.7239448445018402,0.682241287773142,0.5623164891618894,0.719323817323927,0.5733488663420903,0.5268400097708683,0.06985964482008969,0.4783116783798752,0.4339867130683558,0.5624985679100419,0.4780717384349758,0.28001545484152607,1.307759985201972,0.32607522573203673,0.23630702451903862,0.3839662906941414,0.2331081807582967,0.2778038323288978,0.5552394376158817,0.4498365171245902,0.47842921770175684,0.09676182079747764,0.6039428965140091,0.3764351264553873,0.24646795739739424,0.2748004259003906,0.09889040456424444,0.25852811786172647,0.43790771523742383,0.376453786472715,0.34107965434574883,0.23053284779511887,0.16222754821976842,0.4196248506187683,0.21294470798815512,0.657739396565866,0.1726577980741585,0.3136016042264849,0.11627414941944691,0.46477541725821864
2023-07-31,0.8337316652558866,0.5853990733613004,0.7443055173780543,0.5828916436274673,0.742011110809965,0.7430893321222676,0.6119569382093889,0.7221154367659003,0.6814257567522288,0.5568402580785714,0.7217208217364468,0.5802024729432244,0.5291844807303212,0.06794535010437405,0.49248496835308175,0.4414515779136212,0.5630983086587646,0.4799941578589561,0.2853687001398972,1.3313025467862365,0.32868444245677647,0.2390654168712475,0.3800739326856405,0.24747837532283998,0.2717786329518221,0.5549778972592448,0.4470659427943276,0.48465520407212137,0.09769694915033822,0.6099615680366915,0.3761983748217824,0.23524965455347263,0.27517615191379147,0.10075507238774992,0.25973929850710864,0.4369664729955658,0.37760441864474065,0.3376019461832497,0.2344454559438198,0.15927551282638927,0.4179357694492939,0.2147483870760048,0.6603546796080478,0.17154768998366482,0.3151544048515141,0.11920951150840857,0.5511358910537549
2023-08-31,0.8364889575493978,0.5826929874842877,0.7454327706464617,0.5974614523626524,0.7421428124315927,0.746788670926532,0.6127535840962477,0.7227879325881437,0.6832086919972682,0.5623103871759626,0.7435198894165782,0.5784609013372553,0.52711105754609,0.06761142251485601,0.46323400782320145,0.44400377474401387,0.5679671318538453,0.49402752520758825,0.289351124847653,1.291873046783555,0.3271705069104467,0.2373216031342573,0.3788594796199335,0.24200647370123468,0.27005758542564123,0.5523734571861391,0.4398664978754047,0.486453424024558,0.09061080112092294,0.6079218794065765,0.37200126760177193,0.22817709839121925,0.271444087713669,0.09672003775410169,0.2558624977249723,0.4298860474380339,0.3673853944453125,0.3335959364964498,0.22947642247644703,0.15091779299160252,0.4192227087719812,0.2123554201286312,0.6619151201746161,0.17701303450807915,0.3154427690073387,0.11317388611775897,0.5232349659738427
2023-09-29,0.8373228488716004,0.5791627062500733,0.7668652497295998,0.6013410192325733,0.7432564692971745,0.7427198145110772,0.6102276149826282,0.7232993999677416,0.7230401965053894,0.5512632942348036,0.7395424812678536,0.5796432309460151,0.5310921121613584,0.06459599948757702,0.4783330756787244,0.45390409460553593,0.5723953712685178,0.49179965761594424,0.28945892262653544,0.8447390554736144,0.3251388875466038,0.23867751389897515,0.4003580508091686,0.24226963425673162,0.27441469630277865,0.5490296290439004,0.46150514448758434,0.4937075459896628,0.0883884390178997,0.6511131039271051,0.345692306213618,0.22344829204981229,0.2659659475575174,0.10045499559194818,0.25657507082066305,0.43030365021873807,0.363391799955884,0.3379209713664016,0.23677393417073705,0.12685100668228735,0.43930158875429776,0.20018132656978002,0.6435734103825844,0.16961719821847596,0.3150533036352216,0.11222363749549558,0.4864390347748548
2023-10-31,0.8423632220589177,0.5793371673600399,0.7837363685332062,0.6027752179745365,0.7422084385533778,0.7406377932383196,0.6135999347168787,0.7176547732138385,0.7386292470030946,0.5525417256962559,0.7497391703604777,0.5776752818565194,0.5362481622615716,0.06608112838590656,0.4813221272441449,0.4544434913566473,0.5631285103521746,0.5186061328449694,0.2877512678988116,0.8605216479996354,0.33607053534030557,0.2458695265194778,0.3984335515581895,0.23731961993439146,0.2725701551882378,0.5554105663980129,0.4688549730879915,0.4988020384063051,0.08964808301058039,0.6688098456168659,0.3475353114222277,0.20432923222999455,0.26881270519916006,0.09676407773967659,0.261480608647956,0.4341124647790651,0.3678586022214158,0.3466953951350261,0.23371038156131851,0.12132044301543388,0.4414851564891188,0.19844211659460162,0.6413576856533294,0.15227108066142694,0.3172778457841794,0.10851298956535486,0.4841573416687592
2023-11-30,0.8451040501916869,0.58259628976223,0.7777253433785667,0.602303239347515,0.7257959796058348,0.7383592780960159,0.6215401627181567,0.7164723331133918,0.734080866682484,0.5449755497235581,0.7549645903558951,0.5811447090805667,0.5324957529366368,0.06563325419112723,0.4734835699465529,0.4485791545521024,0.5607183927536015,0.5091486625816104,0.28691644994779897,0.8010530229430193,0.3461318628008278,0.2481921877048041,0.40122194763107255,0.2348459073591678,0.27021183057409986,0.5501531579876553,0.46267337367294464,0.49480328773086024,0.09246390140458777,0.6911350358083749,0.3530592158100493,0.20017362202552638,0.26835527773451245,0.09918748715772054,0.2596648822896485,0.428669151709801,0.37212283894035364,0.3461048102150072,0.2330812891131798,0.13205429246024702,0.46080003278858817,0.20708559083758726,0.6457154240464672,0.17018472953015706,0.3177208493228246,0.11090521366246207,0.49818380934962436
2023-12-29,0.8354776908940053,0.5794663359606823,0.7667896512136814,0.5980759275960931,0.7567443461708875,0.7366789364305214,0.6270438387733951,0.7257747309925817,0.7335796381772853,0.5006777378679235,0.748466246583852,0.5763157596573651,0.5227490740554406,0.06986664917164201,0.4769953332475323,0.43639349935921834,0.7163382504691616,0.5095213423828041,0.2816338905247747,0.8021433996996497,0.34602299404247305,0.2400491505616196,0.40206571968585736,0.23273407356616937,0.2763875379637471,0.5575067510894065,0.4682919846255384,0.4945481517655418,0.09739766949643307,0.6653502535742619,0.35705945339889783,0.20093533394593696,0.26391555477920114,0.09889671613386976,0.2549653357381561,0.4269592010434403,0.37843400703159813,0.353003376535764,0.2418635473696259,0.1360263471329904,0.4524940180568739,0.20805519340020318,0.6458983455676588,0.15725005183989402,0.32017904304401157,0.12014110014345497,0.5599279822820394
2024-01-31,0.8423744601752838,0.5858065654058084,0.780933488627143,0.5981833997428764,0.7288012653285151,0.7383781992891633,0.6286367862462258,0.7300124800655481,0.7503089764367311,0.5002443653939929,0.753906523766281,0.5818934949874,0.5253120508567335,0.06823322097678065,0.4766044309708898,0.4380753474350394,0.7216217436086849,0.5230666382399166,0.2800789720274724,0.4773462335495489,0.34639850993738663,0.24292460597821455,0.4021161505187727,0.24450045974260373,0.2700485869862666,0.560447299245978,0.4668351596773134,0.4923781604897596,0.10187869649564328,0.6657070250575985,0.3590321307914067,0.20832351793541798,0.26254084678681355,0.09797159997870176,0.254607452343763,0.4285538026624058,0.37141970010549075,0.34930675182972015,0.2345482519962277,0.13752498843044997,0.4635736579898679,0.20794320705993424,0.6379282115399598,0.15901398278405726,0.3199242321359799,0.1176746512004339,0.5266656778554568
2024-02-29,0.8419080556686243,0.5897110408242061,0.7864412784399919,0.5952152586969215,0.728862633289518,0.7374035664600408,0.6212060075126508,0.7286446917342667,0.7585755288388296,0.5065370235669162,0.7489876093129647,0.5840633983985188,0.5302478941106719,0.06674022297553853,0.4855223067617248,0.4415864409877663,0.7295013483134232,0.5235448711039237,0.28065780801349743,0.5117731216765957,0.3498134835439613,0.2343478827162978,0.39684208565659107,0.2413634546414677,0.2702536848286083,0.5626019446832109,0.46850719412646963,0.48980525699999494,0.10332925927654651,0.6672644441494496,0.35470217161901335,0.20848162484963387,0.2619607131433943,0.10040171347231824,0.25536279413348895,0.42998263236184187,0.37076758503079926,0.3464980250865143,0.24015599939077223,0.13024660743439945,0.44557000805220837,0.2118623937092637,0.6403065207318235,0.1378491098019983,0.3208867755966544,0.12159511163547179,0.5512095945252856
2024-03-28,0.8354112353887728,0.5895298716312383,0.7817308299421317,0.5970371050737644,0.7245229860485198,0.7421324388574903,0.6304761107885088,0.7265528014113358,0.754163806222038,0.5020832425558439,0.7523915479648117,0.5760716937640479,0.5278152040260603,0.060174814686714706,0.49095305621214563,0.4403287096657567,0.7125238990577508,0.5353282130547178,0.27934292319504417,0.5173173230474776,0.3408364307597007,0.23597001753113614,0.39151184312905746,0.239192512969652,0.27916772249678595,0.5765162257317393,0.471818192947348,0.4827757394853824,0.10381451375655068,0.6765121101265138,0.3548684142042541,0.20847058265753407,0.26573203802950374,0.09643646025635165,0.24853663166156353,0.42935202745054046,0.3774482974814456,0.3410938575723553,0.24033359325574377,0.13575028119977292,0.4573446545677346,0.2094247893756705,0.6028205262001509,0.16024121607838768,0.3205703325741482,0.12789713228938623,0.6130488812355441
2024-04-30,0.8396909520089183,0.5920597666235128,0.7878487584683085,0.6011181618356048,0.7198983653021838,0.7426582896244057,0.6303208532341203,0.7220763459813996,0.7548717093938803,0.5046393482070327,0.7713264330340084,0.5701323300148906,0.5242965961210084,0.059301852854952694,0.5043772490999352,0.43747235923226624,0.7245298119523296,0.5224622227175688,0.265704704673863,0.524946023358946,0.35145085609281834,0.24155922648496295,0.4011775220089497,0.25046063107704164,0.2718465122706272,0.5721662003732534,0.4690940666828823,0.4923363765418641,0.1028144667938207,0.6830186264406045,0.3604449239187123,0.18775759882327359,0.26444183647877495,0.09721823399667184,0.25019477668251566,0.424229203230554,0.3722244054416814,0.347527971113616,0.23671806057802497,0.13780024788156392,0.4604888363584871,0.2077438977048006,0.6051168381867924,0.1591856032124744,0.31838563506967177,0.11906002668088536,0.6829868291003399
2024-05-31,0.8413163487273772,0.5996777100082381,0.7835822270007731,0.6009860043743199,0.7181414620884411,0.741693363565907,0.6327031546099705,0.7215716610445836,0.7639699251993173,0.5196126319798237,0.768017678150675,0.5650021686219939,0.5261386439976286,0.05852069478572062,0.5060203914941905,0.43209412636821687,0.6117526957950874,0.5475762601817586,0.2636153526960501,0.5697807193016431,0.3553253795427966,0.24329915289186282,0.3978451272648984,0.2596210188768103,0.2696963600081492,0.576242241312885,0.46252799237104125,0.48823595247088936,0.09940219181883453,0.6827593335736498,0.3575214320103773,0.17570649197461496,0.25955736583899913,0.09451502168695644,0.2481680398238555,0.4119920628511555,0.3705658720339845,0.3480054917030889,0.2362944293097119,0.14309480350895443,0.45593588611406805,0.20031869939408023,0.5941320702312269,0.15894233826204662,0.3170257813938413,0.11855403965233703,0.6632305385738246
2024-06-28,0.8447323065253175,0.5927425654956701,0.7689658719232937,0.6006199445649242,0.7184028634510334,0.7409728430558715,0.6419432249348613,0.7268971375420026,0.7705144629553173,0.52971243823194,0.7746760763080978,0.5627985524023422,0.5268229449554538,0.05450806785397979,0.4871856143938164,0.45107019416032224,0.6189984193308258,0.5831332149998595,0.2604246308679659,0.5665081522399299,0.32019764061917266,0.23015615239580853,0.40142193321244124,0.268695541102869,0.2787467357056159,0.5942328441777065,0.47685319997141173,0.4869178267848494,0.10956011795132509,0.6823229518285986,0.3544922120186802,0.18138387904791153,0.26054569557172635,0.09689211840391618,0.24401076126792337,0.4276332490644911,0.37834314540836766,0.3463860285164669,0.2394766769471031,0.14449893755477483,0.4591785288215307,0.1931963193329437,0.5967236240587637,0.16052497957523673,0.30732016682936647,0.11348962352989916,0.6220787611028762
2024-07-31,0.8394747181514455,0.5897065519878477,0.7684633025868856,0.6058483677372923,0.7186538464611812,0.7399189892902845,0.6460462576686954,0.7312097675700279,0.7651830199273915,0.5241504145100537,0.7615695323153135,0.568792392132357,0.530629682753036,0.05694812084882537,0.4760381137267902,0.45292936180193943,0.6149671561536131,0.5778657222716009,0.26557536208555965,0.4711487016585002,0.31431112973139236,0.23428654471290208,0.39744831324017044,0.2620116318431507,0.276768467255001,0.5938202297719731,0.4808686201095298,0.48760370754610316,0.11138457296421786,0.6856060345051694,0.360020297640605,0.18400264458016746,0.2615582345538056,0.10039941940786085,0.24673519174259978,0.4288146612612364,0.3794897039304878,0.3421289861803024,0.2312208683942634,0.14466832937303079,0.4642455436645581,0.19226171169128936,0.5939874582727536,0.16085228669028306,0.30982609549344037,0.12248777097998038,0.6115783018890255
2024-08-30,0.8428860273914954,0.5881143468680375,0.7722342206710355,0.6060938005642343,0.7252800289823426,0.7403473920145134,0.6500065619778029,0.7351786857825521,0.7574863052948165,0.5243891258302655,0.7665164647837317,0.5657237087328888,0.5354904645529373,0.05874993073145413,0.4801678200454452,0.452909133019684,0.6176372120550511,0.5741552855988735,0.2778329369830334,0.4653179364881651,0.3152497022047587,0.2355542967561797,0.3947786330764681,0.27077584030924684,0.2777146707599952,0.5913703833995448,0.4747646107771089,0.48243387297917334,0.11030109479251067,0.6830978049671628,0.3612751050074856,0.1801220042099677,0.272232726546131,0.1034866553181689,0.24664726605111695,0.42585862458653806,0.3807109137452381,0.33912575223668945,0.23286740715658652,0.13993656467094123,0.4612135696951053,0.19419356004606173,0.5963630611347789,0.16060819552681804,0.3096244990254853,0.1197743856914702,0.6143609628804301
2024-09-30,0.8403625809892632,0.5803925445525855,0.7549610319568737,0.6043806436851318,0.7216743224604593,0.7371523389603852,0.6510201369925924,0.7271169462120657,0.7464015133746359,0.5314610761580763,0.7460689967572148,0.5621431711850847,0.5334704467469908,0.058120990157303334,0.48017433401302123,0.4427311171063901,0.6207418820279377,0.5944133128836256,0.28145502494783514,0.46570796801334685,0.30746530511489717,0.2416151545159511,0.3961425303916789,0.2696223715463924,0.28945561495012995,0.5926900346768099,0.46338135572769923,0.5620005849890707,0.11524554154844438,0.678172132118568,0.36545006916785466,0.18847374636191244,0.2717509367019078,0.10324881812703941,0.23683943535749902,0.42467513121236017,0.3817601119555895,0.35209171311979104,0.23045754527263976,0.14563684462788085,0.44248814107228013,0.19442612919049868,0.585416714269154,0.1486186736494343,0.3102270085923572,0.11442082318285014,0.7072139876865509
2024-10-31,0.8392210591401602,0.5847552913539105,0.7704061225680404,0.6106090142874441,0.7202807670188571,0.7396624148722616,0.6539185795134901,0.7262928027874296,0.7361659013594719,0.5344734550640914,0.7506568990039537,0.5605045963620994,0.5372623927434819,0.05631627318025389,0.49283927619320694,0.4515337845711661,0.6292402668398283,0.5670329235021141,0.2848716504716526,0.4588282754843655,0.3021661849469843,0.2541972887463222,0.3854858008493869,0.2568215591761132,0.2849642664103047,0.6081456857581605,0.45896908402007436,0.5738326229870953,0.11449836735435351,0.68118579534864,0.3760357414586693,0.18357505885270245,0.2702362479910989,0.10234149230515617,0.23468501293013797,0.41165970320310613,0.37541746685602967,0.34313421814490974,0.23122512252458452,0.14064540804601192,0.10903157158654764,0.1871996299055006,0.5818085634698873,0.1419582720142503,0.31053639297533525,0.11680928679496287,0.6155530151254235
2024-11-29,0.8377527967943859,0.5794252394849949,0.7751365482391225,0.6004786320270297,0.7291747937600404,0.7392999889980602,0.6568301574439005,0.7220978009679132,0.7446828652085873,0.6060839681100643,0.746854904074117,0.5584934778569802,0.5356254305124009,0.055960852154723136,0.5283597836822185,0.45818747721756786,0.6241836429788575,0.5679080903447624,0.2877267685693212,0.4412381109374353,0.3467748539341465,0.23572460845769058,0.38556835698279335,0.2458638163299131,0.29369095036917753,0.6062410677304558,0.45629794129240303,0.5611278693438027,0.11539922414028193,0.6661595144369219,0.3626401746132232,0.17985563653874692,0.27381706248901017,0.10274140080042321,0.23226905392599928,0.41417231601683213,0.3770592580572666,0.34300185985081133,0.23052169036873196,0.13975300640794405,0.4271611947638696,0.18368441176160935,0.5896138794406739,0.14302880436280158,0.3107443005936586,0.11483263455028608,0.6228855752933139
2024-12-31,0.8418579935336005,0.582027876648459,0.7760225014079818,0.6049868353809897,0.7284947501433019,0.7375081825397581,0.6607446459052592,0.7199306256977627,0.7517099127919269,0.6027486020673649,0.7272723863402039,0.5628234430251959,0.539750988941864,0.05291936400785864,0.5260568318728349,0.46233587213629185,0.6295173259766593,0.5581139304622127,0.285794254758859,0.4565796542805782,0.3597395400883588,0.24900234711130853,0.37940592129790307,0.2596616796451183,0.29245436611594516,0.6187756290051334,0.4552201559955939,0.5557909829855069,0.11634893006586379,0.6593131962763009,0.3676391522651368,0.16898216923598708,0.27215030862429723,0.1064548216617079,0.22976339345011543,0.41367442618267614,0.37987919679092497,0.34302973818696153,0.2304054981817281,0.13875794051035897,0.43697944678424533,0.18018969202980215,0.5932265354066203,0.14282952084581707,0.31036314369818646,0.11508096996552662,0.4338024223960253
2025-01-31,0.8405153109433486,0.5829024813741704,0.7847473670021382,0.6032494315790304,0.7322980015615713,0.743011685773216,0.6674286237019329,0.7197709371199272,0.7563714347287224,0.6145559219513435,0.7284301452483075,0.5706599973815226,0.5454444117861276,0.05210483479220422,0.5368205517810856,0.46332994538147454,0.6315990555505925,0.5556219251774496,0.293093360834616,0.45564759413089323,0.35391968192304885,0.24451975901342488,0.37516670380963796,0.2659494431510606,0.2976417312967429,0.6238969028693198,0.4529934436826513,0.5626423201649531,0.1182065040899498,0.67970009066126,0.372516221129588,0.17061665571684448,0.26788472727140894,0.11243364960799054,0.23453622672651311,0.4134035256616805,0.3761972604147884,0.34816675119711343,0.23126122484975625,0.14231060148314423,0.43949251618206736,0.1786599785850966,0.5889305807806922,0.13476301730197726,0.31107130112233145,0.1192360052825525,0.48163801153829405
2025-02-28,0.8445757328239969,0.5804607549115326,0.7912578921687182,0.6059802558345484,0.7158212343557864,0.7459648547624487,0.6691873573576811,0.7113295310032867,0.7437052731283536,0.6245155889576103,0.731954289723617,0.5859435562025455,0.5514484358001639,0.05111888702105256,0.5458476573385586,0.45926744769604355,0.637596368786158,0.5399840850914034,0.2995447398110256,0.5033264266648423,0.3405318909047517,0.24437442407056087,0.3772500684562503,0.28507325487575197,0.3054708689296797,0.6055203675207655,0.4470752754880465,0.5575433716569468,0.11898050277518564,0.68367625848983,0.3751885176630997,0.17039225950767228,0.27323316716029933,0.11425825149408003,0.23726358183817262,0.4232015643342999,0.37803952066457336,0.3506707839078706,0.22891540154517187,0.14038284717823576,0.44600827700900214,0.17657643102975065,0.5761934544720595,0.13279466756078068,0.31385022227847903,0.12024019419074,0.4677102368001601
2025-03-31,0.8439127771971705,0.5755807330024876,0.7864233796177961,0.6153704697690657,0.7146885066414035,0.7432023528099635,0.6681594627493614,0.6986316679291315,0.7389945154213147,0.6021551095931138,0.7033371351676022,0.5811129009532371,0.5384754784770176,0.04935388580672208,0.540970778739345,0.4391349884323489,0.637093693220794,0.5837143356379146,0.3033641030075696,0.5171131614948783,0.3648600569493714,0.2299722092269211,0.36229480135812503,0.2922625570465808,0.3054364924770384,0.6054646510596745,0.4502389993350506,0.5404299921773158,0.12021110221380663,0.6943101039636236,0.3793647162872362,0.17396424045070694,0.26862277881096447,0.11514904583546651,0.23428398068480152,0.42637436514568194,0.3764892079764467,0.33719518280813715,0.22830322489074126,0.12935437538332548,0.4475718077690663,0.17282510883063468,0.5789728738653654,0.13427298889178924,0.3145876533619284,0.11745584475563939,0.479323478738158
2025-04-30,0.8451631133120985,0.5709416152827426,0.7863303137794986,0.615762677882229,0.7146021096425449,0.740847629226476,0.6686289149564858,0.7024495550171668,0.7404993657855657,0.6032291825390348,0.7000578649930391,0.5766185066732032,0.5360383482382853,0.050678698312593536,0.5392703474750048,0.4342145880730828,0.6354702554558834,0.5735510904631211,0.30410549108073504,0.5051103441471563,0.36796440978546885,0.21642045779509653,0.364113823764429,0.28817776350209423,0.308885140088944,0.6159494885101364,0.438371432250802,0.5353437849179229,0.12223177594650804,0.7006896625343736,0.3839324326161048,0.16783424672245725,0.27069917493697515,0.11820167515288703,0.22425769304080234,0.4181321849036257,0.37468685724919304,0.33441673727770327,0.22410650070109395,0.1277534418317942,0.44871815895423667,0.17438492450118256,0.5820977614524988,0.1376155636193389,0.3136110923582377,0.12765772904740152,0.5092841095222128
2025-05-30,0.8454702713929628,0.5750901286370803,0.7814762214063204,0.6166699219043711,0.7155919362340379,0.7311621105380489,0.6706899881476804,0.6961418666279484,0.7420256666421724,0.6088050175853413,0.7041384783313046,0.5815330681830635,0.5381133249174556,0.052105566726781474,0.5565355925800705,0.4291702259925532,0.63794343409858,0.5558199258768605,0.30123017019791565,0.5158731413503664,0.3625635949861762,0.22860436244438456,0.3535990053794953,0.2877387389484069,0.3012221846961871,0.6151080183271385,0.43412985104779617,0.5324333110711218,0.1192237367036722,0.6932132992837167,0.3836947910465759,0.16552716268870252,0.26957478749795033,0.11910982320399432,0.2345831865971027,0.4192957196777669,0.3748442762798248,0.333954349797804,0.22347506416160715,0.13080417595328508,0.4547369287909377,0.17530265194523817,0.578844199329423,0.1384505550190017,0.31139355637539856,0.12257987309472933,0.5161329488185588
2025-06-30,0.8394705022309316,0.5773927018959195,0.7905395828583032,0.6166223879397144,0.7213421280392077,0.7342347284362656,0.6731613237005213,0.7042876042061371,0.7510145523455968,0.6142211974874192,0.6925852911760335,0.598576673650416,0.5325599801150742,0.050537911370994754,0.5539960763646958,0.4510169664297336,0.635262761220304,0.4934938411974969,0.29900170889454797,0.71235273742605,0.3603639283113214,0.22859585783708145,0.3629448727507459,0.2927968864522478,0.30004105572636003,0.623689862584009,0.44217470164304934,0.5627234179318074,0.12567405870436765,0.7051353083180436,0.380238334682687,0.16107476350027936,0.268065097791844,0.13342194804894494,0.22537781020802566,0.42242504081957977,0.37537777266573297,0.3679199113821532,0.22574582597274478,0.13476593047162597,0.46320667779699626,0.19475507454758845,0.5764736762227637,0.13076016128117463,0.3120000319934813,0.12493027896134362,0.5336489615597314
2025-07-31,0.8407979382345707,0.5764594110604958,0.7974493041409398,0.6168836798880957,0.7184401207797737,0.732833264111684,0.6726821225902351,0.7024859766870887,0.7467590943895541,0.599845582419527,0.6608236065765013,0.6109943975030374,0.5408918610760208,0.05004619318096522,0.5498910167688393,0.4607932021769019,0.6239131594882039,0.4609640085125922,0.29346684330934525,0.6832690764174666,0.3639890066504426,0.2385054961187877,0.3620283443692395,0.29338429354303297,0.2985880764053424,0.6328760525290524,0.44736704651992437,0.5711774139266362,0.12518250663077837,0.7101708225740917,0.3813841176738618,0.14933301225033957,0.2643045921316209,0.14123980518721924,0.22530007625107082,0.42392582205305557,0.37808479131397066,0.37082642608861544,0.2241810211128155,0.12467599505687688,0.4712787721660356,0.19639779560938558,0.5854056222790246,0.13893714146257358,0.3126977052501622,0.13344899691337508,0.5109193745537692
2025-08-29,0.8385253814143017,0.5721859351956236,0.7922164842572987,0.6106020448852285,0.7211364833496214,0.7372266515717999,0.6775454601156699,0.6892875369263622,0.742709407781194,0.6059989105343199,0.6658691021618448,0.6150281193992728,0.5329854845962614,0.04880641295980591,0.5549644692290019,0.46012785317408117,0.6294156750800646,0.5056864781257827,0.28832387329243947,0.699518838392919,0.3507908699000944,0.23787412619505668,0.4361619715434005,0.2769157591008503,0.29885678877339855,0.6229182117120019,0.4501135056350854,0.569884885362473,0.12458958776450643,0.7187698401449031,0.3825484993997261,0.1453633870886036,0.26209751758755573,0.13734043488256498,0.21254521117161987,0.4284420533926573,0.37528980722990724,0.36318795449044544,0.23364972066853748,0.10569115164496183,0.4652873545433049,0.19843199083192864,0.5797966284479004,0.1476249286896289,0.2777314679534911,0.13484164571078924,0.5291409720373406
2025-09-30,0.8378528534869188,0.5752503976816599,0.7935125764820664,0.6151639480257273,0.7231044196725605,0.7373764507025183,0.6771450801414218,0.68083609813476,0.7651071731042896,0.6125697730380943,0.65467390941619,0.6181882724449003,0.5284785805450245,0.04650021594256164,0.5474202841104926,0.4639788885157022,0.6377946913875391,0.5139242104447956,0.2930671568102802,0.7177714119708526,0.3557057564328697,0.23906894629818545,0.43701587495559246,0.29632735963145235,0.2964778940081147,0.6395414285966604,0.4653398562195183,0.5847086143404733,0.12851054236567286,0.7590164258616424,0.38341008329933385,0.13859446688140314,0.26034382350119273,0.13497109487475534,0.2125369395131397,0.4275588538081728,0.37174179935554247,0.36210530250784567,0.23411913003507645,0.11470963075254435,0.4642459553335378,0.19458021739026055,0.5774639780769201,0.14853431234072834,0.2791324401617939,0.1351343204018422,0.5869962479296571
2025-10-31,0.8400297843274732,0.5856975157201907,0.8006722707766548,0.6132256509698816,0.7253278369031428,0.7374681636154216,0.6751302641626521,0.6808010795510868,0.7713903236592268,0.5955723292245514,0.6461716083515212,0.6177157225695513,0.5330066255587648,0.04691520288500454,0.5338269531506891,0.46931458350094324,0.6454017015405615,0.4949638268589587,0.2917830087783267,0.7106495187487484,0.35561136510872754,0.2488865509464483,0.43829017183206065,0.2825301375409255,0.29735320338765103,0.6500101610096984,0.4876943164540996,0.588711477100095,0.12500815997237977,0.7499711362921776,0.3803650607001607,0.1428472779626205,0.25738426426617345,0.1390608248334859,0.2147913136937757,0.4154166485808221,0.3744228362355428,0.3672588620748223,0.23531589418259855,0.10688199359219669,0.451992436867753,0.19810400222971536,0.5734270689507458,0.14202614272241826,0.2812931703659719,0.12510280972249585,0.5786520281208529
2025-11-28,0.8404422811799126,0.585058321491234,0.7942281406698787,0.607533931903498,0.7261232500493001,0.7332406599868044,0.6717592630386239,0.670793341793703,0.7787452045978313,0.5979824979599019,0.6489474247791561,0.6313843898220727,0.5373257543471741,0.04772183047140831,0.5161006462676647,0.4871112413900005,0.6440978626551005,0.4802769032893903,0.29284466538912096,0.7268051569150825,0.3550592112480331,0.2734916165441395,0.42937871504249775,0.2853378798792572,0.3037193534544528,0.6517947761146629,0.4850755293566176,0.6052765710474918,0.12124904502624644,0.7685420896429129,0.37819557647814755,0.14504133747282533,0.2614527407777861,0.13745505282656328,0.21656034791393758,0.41749138587651236,0.3768962175090231,0.36838711000025215,0.24845106005414164,0.10781168480071839,0.4465090997420881,0.1953128379554701,0.5728939328148087,0.15122883002734286,0.2846108188729425,0.12598625380448117,0.5856492436237821
2025-12-31,0.8402569902452206,0.5842933931087007,0.7963224721025709,0.6082995808204411,0.7293351006639301,0.732543437391501,0.6742111679423746,0.6708665860221147,0.7840057307451227,0.5977485102259442,0.6531511297892236,0.6337816050171172,0.5396887525518792,0.04788824455262022,0.5048611817048283,0.481735649028905,0.6444787200576961,0.46313635536933667,0.29311540848233936,0.811512525862098,0.3548795582541912,0.2771130448398606,0.42396467184341446,0.2698020950744849,0.30181483402914844,0.6558392959169382,0.49779739216026225,0.6126912726778175,0.12368186341192434,0.7753282030912556,0.38605708341982253,0.14409884986579366,0.26387385089061605,0.14100052511262726,0.2173908634049567,0.41928000357118034,0.38005736566577003,0.37796712283941347,0.25102768320051455,0.10877400462270656,0.4375151379159134,0.19363978589286954,0.5469961407898213,0.14260015528794057,0.2768828075586676,0.12699217417832692,0.549087330287199
2026-01-30,0.8358379524414523,0.5866826849090612,0.7967050170084284,0.6160698409108994,0.720984361212477,0.7277335129110671,0.6723429875636658,0.6690555621977313,0.8021429547144284,0.5969047376167372,0.6597457626781604,0.6418119341987643,0.538196709389584,0.04774093913180416,0.4915585360004266,0.4776992329785708,0.6405701370552431,0.4549541092300229,0.295370842527947,0.8089438817587808,0.361977410377358,0.2792409156806456,0.42922539307671276,0.2645916682706467,0.3031615030230357,0.6591447914755413,0.5080547775726778,0.6138036930886522,0.12601515090944362,0.7819996280603226,0.39506233432458465,0.14431702505205307,0.26323642036817985,0.14762202982834596,0.2193022938829548,0.4216050828397346,0.3818613410660112,0.3745444250246783,0.24745852726610632,0.11468646840775494,0.448393107787977,0.1950380822723858,0.5617455821935327,0.16146473690385502,0.2793443331813947,0.13618153079315667,0.6106942048031283
2026-02-27,0.8340027150674436,0.5870975278830163,0.8037441465968185,0.6268435294156992,0.7173018434921519,0.7335877903619378,0.6785561978759658,0.6836094224713292,0.7895601371973807,0.6103881573091732,0.6199575120908063,0.6365421360362115,0.53795140128325,0.049407753552875654,0.48208141616745814,0.46785813959582806,0.6518498011866379,0.39867582607733737,0.2982734769323562,0.7998568999771082,0.3693177689818401,0.2638163319333687,0.4242023133545342,0.2386789976856117,0.3013769948002512,0.6690406395573177,0.5230041382055811,0.6082204989803266,0.12427252004495283,0.8067751566683661,0.39260417403688286,0.14541980496680232,0.2620277274907281,0.14992846802047985,0.22229398928957683,0.42161641835004704,0.38196611267474173,0.3756661776610335,0.24698280907991943,0.11482389167825051,0.43455097202689325,0.19701777647878727,0.5625612740783809,0.15874344542138094,0.2766649221432086,0.13160279631119898,0.6404155977207565
2026-03-17,0.8340027150674436,0.5870975278830163,0.8037441465968185,0.6268435294156992,0.7173018434921519,0.7335877903619378,0.6785561978759658,0.6836094224713292,0.7895601371973807,0.6103881573091732,0.6199575120908063,0.6365421360362115,0.53795140128325,0.049407753552875654,0.48208141616745814,0.46785813959582806,0.6518498011866379,0.39867582607733737,0.2982734769323562,0.7998568999771082,0.3693177689818401,0.2638163319333687,0.4242023133545342,0.2386789976856117,0.3013769948002512,0.6690406395573177,0.5230041382055811,0.6082204989803266,0.12427252004495283,0.8067751566683661,0.39260417403688286,0.14541980496680232,0.2620277274907281,0.14992846802047985,0.22229398928957683,0.42161641835004704,0.38196611267474173,0.3756661776610335,0.24698280907991943,0.11482389167825051,0.43455097202689325,0.19701777647878727,0.5625612740783809,0.15874344542138094,0.2766649221432086,0.13160279631119898,0.6404155977207565
