종목코드,종목명,시작일 기준가,종료일 종가,대비,등락률,거래량,거래대금
"060310","3S","1229","1175","-54","-4.39","190427","219406608"
"095570","AJ네트웍스","4960","4855","-105","-2.12","343220","1650481075"
"006840","AK홀딩스","8050","7790","-260","-3.23","28241","218985575"
"054620","APS","7050","6640","-410","-5.82","309580","2006222220"
"265520","AP시스템","22750","21000","-1750","-7.69","164686","3456327900"
"211270","AP위성","16130","15410","-720","-4.46","247530","3834729775"
"139050","BF랩스","2805","2805","0","0.00","0","0"
"027410","BGF","4115","4040","-75","-1.82","266435","1062114613"
"282330","BGF리테일","115000","115500","500","0.43","58371","6692976500"
"126600","BGF에코머티리얼즈","3690","3510","-180","-4.88","127751","449326375"
"138930","BNK금융지주","18420","17830","-590","-3.20","950490","16726622625"
"001460","BYC","47550","44300","-3250","-6.83","6357","281500850"
"001465","BYC우","27550","25900","-1650","-5.99","2670","69323000"
"083790","CG인바이츠","1456","1355","-101","-6.94","171884","237390564"
"001040","CJ","183700","171600","-12100","-6.59","217303","37179097650"
"079160","CJ CGV","5030","4830","-200","-3.98","871075","4148612171"
"035760","CJ ENM","66000","65100","-900","-1.36","52568","3354234750"
"311690","CJ 바이오사이언스","8030","7740","-290","-3.61","22810","177700150"
"00104K","CJ4우(전환)","159800","149900","-9900","-6.20","20518","3053237700"
"000120","CJ대한통운","119400","108900","-10500","-8.79","143701","15354293050"
"011150","CJ씨푸드","2675","2615","-60","-2.24","224300","579662930"
"011155","CJ씨푸드1우","14740","13430","-1310","-8.89","979","13575160"
"001045","CJ우","87300","82700","-4600","-5.27","6500","536299100"
"097950","CJ제일제당","195900","190000","-5900","-3.01","72188","13560386050"
"097955","CJ제일제당 우","131300","126400","-4900","-3.73","11628","1470445800"
"051500","CJ프레시웨이","29800","28850","-950","-3.19","44345","1263811675"
"058820","CMG제약","1800","1725","-75","-4.17","781940","1332335496"
"056730","CNT85","486","478","-8","-1.65","78296","36518504"
"000480","CR홀딩스","4895","4795","-100","-2.04","26975","128541055"
"065770","CS","702","689","-13","-1.85","67875","45954254"
"083660","CSA 코스믹","285","290","5","1.75","644982","178308930"
"000590","CS홀딩스","80900","79400","-1500","-1.85","706","54950150"
"012030","DB","1883","1746","-137","-7.28","1702682","2971529211"
"477760","DB금융스팩12호","2230","2230","0","0.00","0","0"
"005830","DB손해보험","188400","180000","-8400","-4.46","351464","62682978300"
"016610","DB증권","14120","13330","-790","-5.59","330763","4347692235"
"000990","DB하이텍","90000","83200","-6800","-7.56","468699","39315032150"
"099520","DGI","1284","1284","0","0.00","0","0"
"000300","DH오토넥스","4200","4200","0","0.00","0","0"
"290120","DH오토리드","2850","2455","-395","-13.86","123030","312804860"
"025440","DH오토웨어","920","868","-52","-5.65","172261","147649053"
"001530","DI동일","22100","19920","-2180","-9.86","116960","2299916575"
"015590","DKME","515","515","0","0.00","0","0"
"000210","DL","43500","41000","-2500","-5.75","106987","4368520500"
"000215","DL우","23900","23700","-200","-0.84","6888","153248200"
"375500","DL이앤씨","45800","43350","-2450","-5.35","278650","11861791450"
"37550L","DL이앤씨2우(전환)","35000","32400","-2600","-7.43","5334","173497850"
"37550K","DL이앤씨우","23950","23050","-900","-3.76","8084","182719150"
"068790","DMS","7980","6800","-1180","-14.79","520528","3593072305"
"007340","DN오토모티브","25100","26300","1200","4.78","356087","9116601500"
"004840","DRB동일","5820","5470","-350","-6.01","15338","84384250"
"241520","DSC인베스트먼트","16500","15110","-1390","-8.42","1088321","16197239575"
"155660","DSR","4025","3995","-30","-0.75","63657","254674760"
"069730","DSR제강","4440","4405","-35","-0.79","60969","267929590"
"017860","DS단석","17370","19240","1870","10.77","1285524","25620547505"
"180400","DXVX","4075","4025","-50","-1.23","206877","820454118"
"092780","DYP","4610","4490","-120","-2.60","105153","463975280"
"017940","E1","97600","95200","-2400","-2.46","34844","3323736100"
"418620","E8","1182","1098","-84","-7.11","333271","361328756"
"245620","EDGC","415","415","0","0.00","0","0"
"037370","EG","5180","4895","-285","-5.50","52818","257674029"
"278990","EMB","3200","3200","0","0.00","508","1576100"
"365550","ESR켄달스퀘어리츠","4200","4170","-30","-0.71","265676","1094418340"
"050120","ES큐브","2605","2550","-55","-2.11","19167","48772385"
"383220","F&F","62800","60000","-2800","-4.46","95850","5665264450"
"007700","F&F홀딩스","18920","17950","-970","-5.13","32794","584360160"
"214270","FSN","2100","2195","95","4.52","1028292","2184853865"
"130500","GH신소재","2440","2360","-80","-3.28","87180","203498690"
"114090","GKL","12310","11740","-570","-4.63","213064","2492573630"
"900290","GRT","6740","6200","-540","-8.01","948362","5924854320"
"078930","GS","65600","65200","-400","-0.61","435735","28264960500"
"083450","GST","33450","29350","-4100","-12.26","636096","18647493375"
"006360","GS건설","19860","19010","-850","-4.28","790602","14770585345"
"001250","GS글로벌","2515","2520","5","0.20","3306085","8518137760"
"007070","GS리테일","18770","18460","-310","-1.65","137209","2497805280"
"078935","GS우","54200","53400","-800","-1.48","10309","539901000"
"499790","GS피앤엘","45950","43100","-2850","-6.20","108977","4650336075"
"297890","HB솔루션","2060","1906","-154","-7.48","459780","881037356"
"440290","HB인베스트먼트","2095","1983","-112","-5.35","150761","300361868"
"078150","HB테크놀러지","2070","1918","-152","-7.34","2043367","3943183335"
"225530","HC보광산업","2740","2650","-90","-3.28","89955","232072382"
"060560","HC홈센타","659","669","10","1.52","158306","102610711"
"012630","HDC","24000","23850","-150","-0.63","180754","4212796950"
"039570","HDC랩스","8100","8070","-30","-0.37","28671","229132095"
"089470","HDC현대EP","5470","5180","-290","-5.30","146097","748923790"
"294870","HDC현대산업개발","21550","20550","-1000","-4.64","130678","2682227175"
"267270","HD건설기계","126300","123100","-3200","-2.53","365384","43876235200"
"009540","HD한국조선해양","402000","400000","-2000","-0.50","277990","109430133750"
"267250","HD현대","279000","263000","-16000","-5.73","168670","44192205000"
"443060","HD현대마린솔루션","169000","169100","100","0.06","115949","19169016400"
"071970","HD현대마린엔진","78600","78400","-200","-0.25","160770","12422966150"
"322000","HD현대에너지솔루션","117100","105900","-11200","-9.56","3314287","373710984600"
"267260","HD현대일렉트릭","968000","907000","-61000","-6.30","199628","179007214000"
"329180","HD현대중공업","554000","576000","22000","3.97","362474","204006546000"
"376270","HEM파마","74600","71200","-3400","-4.56","28718","2016317700"
"097230","HJ중공업","23150","23600","450","1.94","1397021","32110540375"
"195940","HK이노엔","50900","48550","-2350","-4.62","131281","6343704625"
"014790","HL D&I","3175","3115","-60","-1.89","188953","581257645"
"028300","HLB","50800","49450","-1350","-2.66","841882","40976210725"
"003580","HLB글로벌","1960","1903","-57","-2.91","130607","245966497"
"278650","HLB바이오스텝","1221","1210","-11","-0.90","278194","332214533"
"067630","HLB생명과학","3860","3745","-115","-2.98","347026","1289401245"
"024850","HLB이노베이션","2920","2960","40","1.37","1544943","4450825888"
"187420","HLB제넥스","2555","2555","0","0.00","27051","66351880"
"047920","HLB제약","15100","14760","-340","-2.25","95539","1385364350"
"115450","HLB테라퓨틱스","2880","2860","-20","-0.69","300431","846253120"
"046210","HLB파나진","2045","1908","-137","-6.70","174436","332189923"
"196300","HLB펩","6980","7050","70","1.00","10554","72468850"
"204320","HL만도","53800","50300","-3500","-6.51","403977","19959871750"
"060980","HL홀딩스","43450","42050","-1400","-3.22","29404","1223903900"
"011200","HMM","21150","20650","-500","-2.36","2525375","52535163150"
"403870","HPSP","47850","43500","-4350","-9.09","3663326","163101749125"
"036640","HRS","5030","4950","-80","-1.59","64597","316591389"
"035000","HS애드","8500","8420","-80","-0.94","16358","136543385"
"002460","HS화성","12900","12220","-680","-5.27","12379","149486520"
"487570","HS효성","54400","53000","-1400","-2.57","23753","1230319300"
"298050","HS효성첨단소재","212000","197900","-14100","-6.65","22572","4431979550"
"467930","IBKS제23호스팩","2200","2200","0","0.00","2171","4773860"
"469480","IBKS제24호스팩","2190","2200","10","0.46","3660","8043640"
"0099X0","IBKS제25호스팩","2140","2145","5","0.23","30426","65159840"
"015360","INVENI","73800","72300","-1500","-2.03","11771","845781950"
"095340","ISC","211500","191500","-20000","-9.46","313092","59887395050"
"175330","JB금융지주","29400","28750","-650","-2.21","339922","9580552950"
"950170","JTC","4855","4720","-135","-2.78","128347","606259759"
"234080","JW생명과학","12930","12490","-440","-3.40","49380","613314915"
"067290","JW신약","2065","1955","-110","-5.33","651756","1262086832"
"001060","JW중외제약","32300","30700","-1600","-4.95","82684","2494421800"
"001067","JW중외제약2우B","57900","57400","-500","-0.86","95","5405300"
"001065","JW중외제약우","27850","26750","-1100","-3.95","208","5609000"
"096760","JW홀딩스","3970","3795","-175","-4.41","122620","466582772"
"035900","JYP Ent.","65200","62500","-2700","-4.14","215686","13279869050"
"318000","KBG","4200","4010","-190","-4.52","31941","126980890"
"008970","KBI동양철관","1664","1625","-39","-2.34","1132311","1833953239"
"024840","KBI메탈","2185","2060","-125","-5.72","1105906","2224695612"
"105560","KB금융","147400","142600","-4800","-3.26","1439220","200959570500"
"415640","KB발해인프라","9980","10020","40","0.40","121547","1209167295"
"432320","KB스타리츠","3335","2850","-485","-14.54","1434966","4207779398"
"024120","KB오토시스","3455","3440","-15","-0.43","59214","202328885"
"464680","KB제27호스팩","2095","2085","-10","-0.48","35171","73351572"
"478390","KB제29호스팩","2070","2070","0","0.00","31252","64696665"
"486630","KB제30호스팩","2060","2065","5","0.24","2151","4411755"
"492220","KB제31호스팩","2065","2060","-5","-0.24","1890","3880901"
"0037T0","KB제32호스팩","2025","2010","-15","-0.74","32269","64764219"
"0072Z0","KB제33호스팩","2015","2005","-10","-0.50","19106","38249610"
"002380","KCC","538000","493500","-44500","-8.27","29473","14438579000"
"021320","KCC건설","6220","5900","-320","-5.14","43994","257387940"
"344820","KCC글라스","26600","25500","-1100","-4.14","53019","1344106850"
"009070","KCTC","6440","6140","-300","-4.66","705945","4326668755"
"009440","KC그린홀딩스","756","756","0","0.00","0","0"
"112190","KC산업","1132","1129","-3","-0.27","53","58319"
"119650","KC코트렐","918","918","0","0.00","0","0"
"044180","KD","309","309","0","0.00","0","0"
"092220","KEC","1398","1460","62","4.43","9424686","13442902024"
"046440","KG모빌리언스","5000","4785","-215","-4.30","100927","477373872"
"003620","KG모빌리티","3505","3370","-135","-3.85","1441286","4791354456"
"016380","KG스틸","5570","5430","-140","-2.51","508716","2755150260"
"151860","KG에코솔루션","5950","6200","250","4.20","718523","4515918730"
"035600","KG이니시스","10600","10140","-460","-4.34","128068","1291923875"
"001390","KG케미칼","4925","5070","145","2.94","8236834","46619343515"
"060720","KH바텍","15310","13880","-1430","-9.34","615597","8581498090"
"001940","KISCO홀딩스","24250","23850","-400","-1.65","7582","178766850"
"058400","KNN","740","714","-26","-3.51","594781","417837144"
"025000","KPX케미칼","51000","49700","-1300","-2.55","10867","542209050"
"092230","KPX홀딩스","79200","75500","-3700","-4.67","5042","382172850"
"000040","KR모터스","377","370","-7","-1.86","177809","66385697"
"044450","KSS해운","10620","10600","-20","-0.19","554093","5845682450"
"101000","KS인더스트리","1164","1080","-84","-7.22","779030","843047228"
"030200","KT","59000","59500","500","0.85","457208","26464747720"
"033780","KT&G","154700","153600","-1100","-0.71","383462","58865915750"
"058850","KTcs","2625","2530","-95","-3.62","535711","1349055963"
"058860","KTis","2825","2755","-70","-2.48","235445","640401875"
"089600","KT나스미디어","12080","11340","-740","-6.13","58041","663704295"
"418470","KT밀리의서재","12480","11920","-560","-4.49","85263","1009749110"
"043610","KT지니뮤직","1732","1672","-60","-3.46","107978","180100281"
"122450","KX","3250","3085","-165","-5.08","139286","431272165"
"052900","KX하이텍","1222","1133","-89","-7.28","887013","1002909367"
"036560","KZ정밀","13650","13330","-320","-2.34","10384","137261000"
"061970","LB세미콘","4850","4255","-595","-12.27","542274","2337768484"
"309960","LB인베스트먼트","6300","5800","-500","-7.94","166825","960321535"
"093050","LF","20750","20550","-200","-0.96","98587","1979649470"
"003550","LG","94000","89300","-4700","-5.00","396793","35030209550"
"034220","LG디스플레이","11960","11330","-630","-5.27","5993459","66401994205"
"051900","LG생활건강","248000","249000","1000","0.40","104696","25392661250"
"051905","LG생활건강우","108600","106000","-2600","-2.39","10305","1082190100"
"064400","LG씨엔에스","64900","61600","-3300","-5.08","497886","30133167000"
"373220","LG에너지솔루션","377500","359500","-18000","-4.77","414051","147376796500"
"003555","LG우","71500","68900","-2600","-3.64","12569","857700800"
"032640","LG유플러스","15090","14720","-370","-2.45","963075","14189233750"
"011070","LG이노텍","270000","250500","-19500","-7.22","166051","41211834250"
"066570","LG전자","118000","113400","-4600","-3.90","1042771","115158124150"
"066575","LG전자우","54700","51600","-3100","-5.67","160067","8146831800"
"037560","LG헬로비전","2240","2170","-70","-3.13","235344","504843692"
"051910","LG화학","326500","300000","-26500","-8.12","582831","172373816000"
"051915","LG화학우","160000","145500","-14500","-9.06","64330","9378466350"
"079550","LIG넥스원","834000","796000","-38000","-4.56","884005","728067464000"
"225190","LK삼양","2085","1956","-129","-6.19","1700857","3274041667"
"006260","LS","249000","230500","-18500","-7.43","162510","36790404250"
"010120","LS ELECTRIC","704000","681000","-23000","-3.27","130533","85839901500"
"000680","LS네트웍스","3210","3050","-160","-4.98","220602","665347987"
"060370","LS마린솔루션","28000","26550","-1450","-5.18","282666","7353736975"
"417200","LS머트리얼즈","16920","17150","230","1.36","2599028","43017941200"
"229640","LS에코에너지","42300","39250","-3050","-7.21","135093","5251137875"
"078020","LS증권","7690","7360","-330","-4.29","311765","2269426170"
"322180","LS티라유텍","7860","7390","-470","-5.98","197158","1431803970"
"108320","LX세미콘","52700","50300","-2400","-4.55","95571","4772354525"
"001120","LX인터내셔널","39500","41550","2050","5.19","362128","15160222350"
"108670","LX하우시스","28950","27700","-1250","-4.32","55316","1520052600"
"108675","LX하우시스우","15970","15390","-580","-3.63","7059","109246750"
"383800","LX홀딩스","8250","8110","-140","-1.70","178749","1415972605"
"38380K","LX홀딩스1우","8370","7980","-390","-4.66","4150","32890630"
"476080","M83","6660","6280","-380","-5.71","63983","394012070"
"086960","MDS테크","1216","1139","-77","-6.33","1307445","1478105181"
"023150","MH에탄올","4115","4050","-65","-1.58","22070","90158227"
"035420","NAVER","222500","218500","-4000","-1.80","940462","200834309500"
"160550","NEW","1832","1734","-98","-5.35","96931","168230114"
"053290","NE능률","1876","1930","54","2.88","59486","116077654"
"181710","NHN","36600","37000","400","1.09","94438","3440752075"
"060250","NHN KCP","20250","19730","-520","-2.57","960765","18201483430"
"104200","NHN벅스","4985","4795","-190","-3.81","153214","719281161"
"400760","NH올원리츠","3175","3105","-70","-2.20","149125","460710267"
"005940","NH투자증권","32200","30550","-1650","-5.12","914249","27348886350"
"005945","NH투자증권우","24950","23850","-1100","-4.41","215373","5057959775"
"338100","NH프라임리츠","4650","4580","-70","-1.51","65806","301085884"
"034310","NICE","13470","13120","-350","-2.60","36183","472319550"
"063570","NICE인프라","4125","4000","-125","-3.03","42068","166857195"
"030190","NICE평가정보","16550","16580","30","0.18","113477","1843249510"
"008260","NI스틸","3510","3370","-140","-3.99","122888","413076661"
"004250","NPC","3685","3610","-75","-2.04","53647","191262865"
"004255","NPC우","2410","2345","-65","-2.70","5202","12311805"
"222160","NPX","8040","8040","0","0.00","0","0"
"456040","OCI","83300","77900","-5400","-6.48","39851","3087526600"
"010060","OCI홀딩스","151500","146500","-5000","-3.30","169201","24681297500"
"178920","PI첨단소재","19150","18450","-700","-3.66","168833","3060623000"
"001340","PKC","6900","6620","-280","-4.06","515010","3388756390"
"024940","PN풍년","4590","4380","-210","-4.58","50545","221719375"
"005490","POSCO홀딩스","353500","336000","-17500","-4.95","461460","152786690500"
"332570","PS일렉트로닉스","5060","4800","-260","-5.14","758095","3552171735"
"218410","RFHIC","71500","63200","-8300","-11.61","806089","51603875400"
"327260","RF머트리얼즈","51900","46800","-5100","-9.83","377298","17180751250"
"474610","RF시스템즈","7380","7410","30","0.41","2116654","16051973650"
"091340","S&K폴리텍","2225","2150","-75","-3.37","28884","62202485"
"010950","S-Oil","129700","128700","-1000","-0.77","2642463","346829893050"
"010955","S-Oil우","58500","57400","-1100","-1.88","92933","5426057300"
"419530","SAMG엔터","33700","32300","-1400","-4.15","54047","1722399225"
"019550","SBI인베스트먼트","707","679","-28","-3.96","984342","658368306"
"034120","SBS","17090","16210","-880","-5.15","27708","449149910"
"003080","SB성보","2680","2645","-35","-1.31","14070","37249885"
"246960","SCL사이언스","1860","1799","-61","-3.28","60024","107969643"
"099220","SDN","1194","1163","-31","-2.60","666458","762418134"
"036540","SFA반도체","7500","6780","-720","-9.60","4133767","28184311265"
"255220","SG","2720","2550","-170","-6.25","2596353","6550431439"
"040610","SG&G","1921","1815","-106","-5.52","195101","353776367"
"184230","SGA솔루션즈","585","536","-49","-8.38","869575","463243363"
"016250","SGC E&C","18200","17090","-1110","-6.10","25681","439629700"
"005090","SGC에너지","49250","50300","1050","2.13","491532","24778343850"
"001380","SG글로벌","1453","1365","-88","-6.06","248553","338028724"
"004060","SG세계물산","591","550","-41","-6.94","6023619","3245595495"
"001770","SHD","16940","16400","-540","-3.19","1785","29420040"
"002360","SH에너지화학","420","446","26","6.19","36778701","17830871455"
"009160","SIMPAC","5100","4880","-220","-4.31","131556","645313340"
"033530","SJG세종","8740","8230","-510","-5.84","249275","2019613500"
"123700","SJM","3590","3440","-150","-4.18","88516","303662750"
"025530","SJM홀딩스","3600","3465","-135","-3.75","24018","82261095"
"034730","SK","358500","329000","-29500","-8.23","196513","63744160000"
"357880","SKAI","2580","2575","-5","-0.19","3514321","9008323580"
"011790","SKC","103600","96800","-6800","-6.56","255678","24477914650"
"018670","SK가스","231500","241000","9500","4.10","136684","33345569500"
"001740","SK네트웍스","5240","5010","-230","-4.39","750749","3731123242"
"006120","SK디스커버리","55100","53000","-2100","-3.81","46817","2552169250"
"006125","SK디스커버리우","37900","37400","-500","-1.32","3236","120585200"
"210980","SK디앤디","12850","12740","-110","-0.86","30692","385818090"
"395400","SK리츠","5710","5690","-20","-0.35","340075","1905981115"
"302440","SK바이오사이언스","43750","41450","-2300","-5.26","147954","6098556150"
"326030","SK바이오팜","102900","98100","-4800","-4.66","210458","20351421200"
"402340","SK스퀘어","553000","509000","-44000","-7.96","742409","369110846900"
"260870","SK시그넷","9390","9000","-390","-4.15","4664","41548030"
"361610","SK아이이테크놀로지","23450","22300","-1150","-4.90","224878","4867950900"
"100090","SK오션플랜트","18580","17840","-740","-3.98","376131","6772958570"
"03473K","SK우","257000","237500","-19500","-7.59","5268","1235348250"
"096770","SK이노베이션","124900","118200","-6700","-5.36","1018646","123624782550"
"096775","SK이노베이션우","76400","74000","-2400","-3.14","9989","739051550"
"475150","SK이터닉스","27300","28900","1600","5.86","1901268","53088362825"
"001510","SK증권","1931","1709","-222","-11.50","43291016","74904127869"
"001515","SK증권우","3270","3040","-230","-7.03","38576","119139980"
"285130","SK케미칼","59200","55200","-4000","-6.76","43341","2375425250"
"28513K","SK케미칼우","27550","26300","-1250","-4.54","8979","233989125"
"017670","SK텔레콤","76500","75800","-700","-0.92","996566","73824973550"
"000660","SK하이닉스","924000","836000","-88000","-9.52","7253621","6026259948840"
"048550","SM C&C","1130","1095","-35","-3.10","225977","245160530"
"063440","SM Life Design","1499","1441","-58","-3.87","132211","188952531"
"003570","SNT다이내믹스","48550","47800","-750","-1.54","138217","6571735025"
"064960","SNT모티브","33750","32350","-1400","-4.15","101545","3247876950"
"100840","SNT에너지","41050","42300","1250","3.05","274093","11577795275"
"036530","SNT홀딩스","57700","55500","-2200","-3.81","18336","1011407800"
"067160","SOOP","65200","65200","0","0.00","82451","5332145700"
"005610","SPC삼립","50900","49600","-1300","-2.55","10666","529269350"
"011810","STX","3530","3530","0","0.00","0","0"
"465770","STX그린로지스","7170","7200","30","0.42","910195","6694889210"
"077970","STX엔진","29600","31900","2300","7.77","540064","17004961925"
"002820","SUN&L","2180","2165","-15","-0.69","60895","129727455"
"289080","SV인베스트먼트","3515","3210","-305","-8.68","1280232","4113471272"
"084870","TBH글로벌","2030","1906","-124","-6.11","36524","70048930"
"002710","TCC스틸","14270","13420","-850","-5.96","144037","1926658210"
"013720","THE CUBE&","722","690","-32","-4.43","266591","182058065"
"089230","THE E&M","1345","1620","275","20.45","2309385","3526361691"
"032540","TJ미디어","6440","6210","-230","-3.57","16877","106568320"
"069260","TKG휴켐스","17420","17350","-70","-0.40","140444","2441096815"
"007980","TP","1879","1771","-108","-5.75","469526","830976283"
"048770","TPC","3100","3030","-70","-2.26","116472","346053337"
"246690","TS인베스트먼트","1876","1725","-151","-8.05","733794","1257223193"
"317240","TS트릴리온","331","319","-12","-3.63","1044679","331313896"
"002900","TYM","6730","6500","-230","-3.42","510159","3266461760"
"024070","WISCOM","1863","1850","-13","-0.70","14381","26633159"
"057030","YBM넷","2735","2755","20","0.73","52917","141852667"
"037270","YG PLUS","6340","5990","-350","-5.52","617353","3656907605"
"040300","YTN","3325","3185","-140","-4.21","133670","427054079"
"051390","YW","4040","3920","-120","-2.97","23395","93133330"
"052220","iMBC","3165","3070","-95","-3.00","122869","371769981"
"139130","iM금융지주","17050","16550","-500","-2.93","760580","12516370645"
"079940","가비아","29900","29200","-700","-2.34","7535","217190650"
"078890","가온그룹","6970","6240","-730","-10.47","399827","2507095565"
"000500","가온전선","100300","92700","-7600","-7.58","37397","3436378550"
"399720","가온칩스","63500","58100","-5400","-8.50","117208","6799874650"
"296520","가이아코퍼레이션","426","364","-62","-14.55","1","364"
"036620","감성코퍼레이션","5830","5690","-140","-2.40","493284","2758022620"
"000860","강남제비스코","15880","14860","-1020","-6.42","73872","1109527620"
"198440","강동씨앤엘","1075","1045","-30","-2.79","94118","98244118"
"217730","강스템바이오텍","2010","2215","205","10.20","2830087","6202049261"
"035250","강원랜드","18080","17750","-330","-1.83","658575","11610821030"
"114190","강원에너지","13810","13300","-510","-3.69","317864","4404058080"
"094480","갤럭시아머니트리","8830","8240","-590","-6.68","341805","2811800305"
"011420","갤럭시아에스엠","1787","1720","-67","-3.75","155187","262814394"
"039240","경남스틸","2500","2440","-60","-2.40","161404","387837390"
"053950","경남제약","671","629","-42","-6.26","553236","349043249"
"002100","경농","9450","9640","190","2.01","4274864","46752654070"
"009450","경동나비엔","61400","61100","-300","-0.49","46168","2768470600"
"267290","경동도시가스","22200","21700","-500","-2.25","43730","950957100"
"012320","경동인베스트","90300","84100","-6200","-6.87","23134","1934649800"
"011040","경동제약","5500","5330","-170","-3.09","57322","305361320"
"000050","경방","9290","8780","-510","-5.49","89032","771460035"
"214390","경보제약","5560","5310","-250","-4.50","44703","236548510"
"012610","경인양행","4155","3930","-225","-5.42","243929","951959148"
"009140","경인전자","20950","20650","-300","-1.43","1904","39305750"
"024910","경창산업","1917","1794","-123","-6.42","172664","310869613"
"013580","계룡건설","26000","24550","-1450","-5.58","60951","1489027500"
"012200","계양전기","7580","7100","-480","-6.33","494052","3489114295"
"012205","계양전기우","5900","5470","-430","-7.29","31311","170324810"
"002140","고려산업","2745","2835","90","3.28","13227280","41102594479"
"049720","고려신용정보","10300","10270","-30","-0.29","109288","1111668480"
"010130","고려아연","1752000","1596000","-156000","-8.90","48063","76375314500"
"002240","고려제강","21000","20150","-850","-4.05","31645","637144735"
"014570","고려제약","3950","3825","-125","-3.16","12818","49209065"
"348150","고바이오랩","4670","4420","-250","-5.35","52138","228027799"
"950190","고스트스튜디오","8120","7800","-320","-3.94","24949","192744380"
"098460","고영","33100","29500","-3600","-10.88","3257821","98509513850"
"035290","골드앤에스","584","555","-29","-4.97","110669","62819458"
"215000","골프존","50900","49650","-1250","-2.46","23546","1149877875"
"121440","골프존홀딩스","4955","4810","-145","-2.93","81142","380459595"
"366030","공구우먼","5480","5480","0","0.00","209583","1143086095"
"009290","광동제약","8820","8830","10","0.11","704303","6138110605"
"086220","광동헬스바이오","1420","1395","-25","-1.76","80","111705"
"017040","광명전기","1330","1282","-48","-3.61","378071","478600141"
"029480","광무","2440","2345","-95","-3.89","119574","271662785"
"017900","광전자","1935","1857","-78","-4.03","60557","111826325"
"037710","광주신세계","37400","36650","-750","-2.01","11545","421134175"
"026910","광진실업","1986","1929","-57","-2.87","16061","31724137"
"465320","교보15호스팩","2335","2335","0","0.00","0","0"
"482520","교보16호스팩","2095","2095","0","0.00","0","0"
"489210","교보17호스팩","2150","2150","0","0.00","2639","5568650"
"0041B0","교보18호스팩","2085","2070","-15","-0.72","761","1572350"
"0098T0","교보19호스팩","2060","2055","-5","-0.24","8963","18422270"
"030610","교보증권","12730","12070","-660","-5.18","209790","2491136575"
"339770","교촌에프앤비","4225","4060","-165","-3.91","198820","808123338"
"053270","구영테크","2270","2155","-115","-5.07","136221","290761123"
"007690","국도화학","35500","35300","-200","-0.56","21421","736505850"
"066620","국보디자인","22600","21600","-1000","-4.42","10734","241347550"
"043650","국순당","4085","3925","-160","-3.92","104551","412140430"
"006050","국영지앤엠","1290","1265","-25","-1.94","125443","155612532"
"060480","국일신동","1515","1504","-11","-0.73","34695","51976857"
"078130","국일제지","304","293","-11","-3.62","683288","196886721"
"307750","국전약품","4160","4005","-155","-3.73","1472440","5738606747"
"002720","국제약품","4945","4875","-70","-1.42","403119","1946966316"
"035080","그래디언트","10070","9600","-470","-4.67","32690","310710410"
"318060","그래피","49300","45650","-3650","-7.40","240410","10738351425"
"453450","그리드위즈","18830","17610","-1220","-6.48","117023","2069991820"
"204020","그리티","2005","1906","-99","-4.94","94559","181307302"
"0015G0","그린광학","41350","37550","-3800","-9.19","690340","26725476750"
"402490","그린리소스","11860","10340","-1520","-12.82","1157894","12149172005"
"114450","그린생명과학","2600","2425","-175","-6.73","148627","357011982"
"083420","그린케미칼","5550","5320","-230","-4.14","78833","417981835"
"186230","그린플러스","4600","4485","-115","-2.50","65150","290048917"
"014530","극동유화","4285","4600","315","7.35","15985414","80229264356"
"900070","글로벌에스엠","498","506","8","1.61","368533","182429545"
"204620","글로벌텍스프리","4450","4160","-290","-6.52","1351322","5603449320"
"019660","글로본","2305","2440","135","5.86","44394","101509730"
"014280","금강공업","5040","4965","-75","-1.49","148369","736742432"
"014285","금강공업우","6920","6670","-250","-3.61","3387","22654200"
"053260","금강철강","4250","4120","-130","-3.06","44007","180908395"
"008870","금비","46150","45050","-1100","-2.38","1490","67289325"
"001570","금양","9900","9900","0","0.00","0","0"
"282720","금양그린파워","13930","13140","-790","-5.67","354399","4750214200"
"002990","금호건설","4630","4495","-135","-2.92","155771","693301364"
"002995","금호건설우","13680","13200","-480","-3.51","2407","31464910"
"011780","금호석유화학","122500","114100","-8400","-6.86","144811","16311611450"
"011785","금호석유화학우","61600","57500","-4100","-6.66","15472","888161700"
"214330","금호에이치티","480","447","-33","-6.88","792928","356231852"
"001210","금호전기","817","787","-30","-3.67","759449","580549076"
"073240","금호타이어","5960","5820","-140","-2.35","997686","5691127795"
"036190","금화피에스시","34200","33500","-700","-2.05","20098","668817700"
"049080","기가레인","460","436","-24","-5.22","382410","167499548"
"420770","기가비스","71300","63200","-8100","-11.36","96356","6122083900"
"035460","기산텔레콤","2050","1968","-82","-4.00","94765","187896211"
"092440","기신정기","2245","2160","-85","-3.79","61749","133424573"
"000270","기아","167000","153400","-13600","-8.14","1846031","281529388800"
"024110","기업은행","23650","22800","-850","-3.59","1717778","38509353375"
"013700","까뮤이앤씨","1236","1250","14","1.13","68291","84542092"
"004540","깨끗한나라","1880","1851","-29","-1.54","110978","204214578"
"004545","깨끗한나라우","10240","9990","-250","-2.44","706","7077900"
"407400","꿈비","4315","4005","-310","-7.18","116295","468549706"
"187790","나노","4900","4730","-170","-3.47","522424","2391437545"
"121600","나노신소재","68700","63800","-4900","-7.13","128478","8087733900"
"286750","나노실리칸첨단소재","1435","1370","-65","-4.53","49757","66601589"
"247660","나노씨엠에스","3910","3660","-250","-6.39","20878","77601195"
"039860","나노엔텍","6630","6240","-390","-5.88","1044377","6364532285"
"091970","나노캠텍","624","600","-24","-3.85","4420727","2816474609"
"417010","나노팀","10550","9740","-810","-7.68","322082","3132834260"
"244880","나눔테크","1998","1979","-19","-0.95","204","387826"
"405920","나라셀라","2330","2480","150","6.44","14117","33645686"
"478340","나라스페이스테크놀로지","40250","38350","-1900","-4.72","259359","9801691100"
"051490","나라엠앤디","3680","3490","-190","-5.16","61399","213229280"
"137080","나래나노텍","4325","4410","85","1.97","32104","137908137"
"190510","나무가","19390","17980","-1410","-7.27","101172","1805372685"
"242040","나무기술","4885","4600","-285","-5.83","3740259","17211404506"
"293580","나우IB","1996","1827","-169","-8.47","1561081","2837442637"
"459510","나우로보틱스","23250","21950","-1300","-5.59","96456","2085356925"
"257990","나우코스","8300","8300","0","0.00","23482","194900600"
"138610","나이벡","29800","28400","-1400","-4.70","47674","1326342400"
"130580","나이스디앤비","5820","5600","-220","-3.78","11622","65653340"
"036800","나이스정보통신","25250","23900","-1350","-5.35","12398","293601050"
"267320","나인테크","3350","3075","-275","-8.21","1199000","3694170123"
"001260","남광토건","8420","8080","-340","-4.04","23311","185719160"
"008350","남선알미늄","1341","1425","84","6.26","61977769","91954337751"
"008355","남선알미우","12810","12960","150","1.17","5789","77258350"
"004270","남성","755","737","-18","-2.38","27817","21061430"
"003920","남양유업","49150","48100","-1050","-2.14","11659","554271050"
"003925","남양유업우","33800","33000","-800","-2.37","4637","151498900"
"025860","남해화학","7590","8920","1330","17.52","13233444","124406427460"
"111710","남화산업","3905","3805","-100","-2.56","23187","87354407"
"091590","남화토건","3630","3480","-150","-4.13","25686","89839415"
"168330","내츄럴엔도텍","2590","2420","-170","-6.56","93000","223163627"
"094860","네오리진","1318","1403","85","6.45","308168","428677060"
"253590","네오셈","18410","17040","-1370","-7.44","2118559","36637660015"
"212560","네오오토","8510","7850","-660","-7.76","134635","1046020490"
"095660","네오위즈","27800","27800","0","0.00","182585","4979742700"
"042420","네오위즈홀딩스","25150","24150","-1000","-3.98","15754","372468300"
"950220","네오이뮨텍","545","514","-31","-5.69","1162188","590317276"
"311390","네오크레마","4875","4675","-200","-4.10","96440","440572379"
"085910","네오티스","17870","16690","-1180","-6.60","314668","5181942400"
"092730","네오팜","17790","17160","-630","-3.54","27511","469759620"
"290660","네오펙트","852","802","-50","-5.87","739663","595434262"
"153460","네이블","6750","6690","-60","-0.89","2003","13336730"
"007390","네이처셀","19850","19200","-650","-3.27","385158","7249760185"
"033640","네패스","17280","15550","-1730","-10.01","140805","2207918745"
"330860","네패스아크","19260","17000","-2260","-11.73","114175","1965493045"
"351320","넥사다이내믹스","1125","1035","-90","-8.00","139602","145523223"
"005720","넥센","6780","6640","-140","-2.06","66678","432871110"
"005725","넥센우","4460","4330","-130","-2.91","4633","19753625"
"002350","넥센타이어","7530","7410","-120","-1.59","232943","1668786605"
"002355","넥센타이어1우B","4210","4010","-200","-4.75","45277","183450917"
"089140","넥스턴앤롤코리아","2335","2175","-160","-6.85","44599","98041475"
"389650","넥스트바이오메디컬","75700","70000","-5700","-7.53","87876","6206734600"
"137940","넥스트아이","220","206","-14","-6.36","435854","91311117"
"396270","넥스트칩","3000","2785","-215","-7.17","463809","1280959575"
"348210","넥스틴","84700","78400","-6300","-7.44","109808","8506883650"
"092790","넥스틸","11000","11180","180","1.64","334561","3704484745"
"225570","넥슨게임즈","11170","11140","-30","-0.27","213007","2313264350"
"205500","넥써쓰","1577","1463","-114","-7.23","172839","253849983"
"217270","넵튠","4270","4195","-75","-1.76","98077","404374430"
"251270","넷마블","54000","55200","1200","2.22","617152","33563470500"
"317860","노드메이슨","4595","4685","90","1.96","80","374800"
"104620","노랑풍선","4630","4325","-305","-6.59","143754","620909473"
"090350","노루페인트","8550","8200","-350","-4.09","183193","1495850405"
"090355","노루페인트우","12860","12500","-360","-2.80","581","7249430"
"000320","노루홀딩스","22600","21350","-1250","-5.53","28125","591067600"
"000325","노루홀딩스우","29700","28000","-1700","-5.72","827","23178200"
"473980","노머스","17650","16280","-1370","-7.76","72242","1170987945"
"194700","노바렉스","12740","12310","-430","-3.38","54402","660741940"
"285490","노바텍","23950","22400","-1550","-6.47","89501","2005833900"
"145170","노브랜드","3655","3515","-140","-3.83","35066","121868410"
"229500","노브메타파마","9140","8890","-250","-2.74","10542","92303770"
"106520","노블엠앤비","411","411","0","0.00","0","0"
"376930","노을","1594","1434","-160","-10.04","708443","1035389358"
"486990","노타","33450","31200","-2250","-6.73","147156","4594028400"
"006280","녹십자","152100","144200","-7900","-5.19","31291","4469807800"
"142280","녹십자엠에스","3635","3520","-115","-3.16","70247","243643115"
"234690","녹십자웰빙","9470","8950","-520","-5.49","125720","1117746560"
"005250","녹십자홀딩스","14050","13470","-580","-4.13","116124","1551842235"
"005257","녹십자홀딩스2우","23500","22400","-1100","-4.68","978","21951500"
"004370","농심","394500","386500","-8000","-2.03","22688","8679970750"
"072710","농심홀딩스","93800","90700","-3100","-3.30","12910","1168520300"
"054050","농우바이오","7960","8180","220","2.76","821746","6876677170"
"069140","누리플랜","2100","2080","-20","-0.95","144627","297159192"
"040160","누리플렉스","9250","9000","-250","-2.70","69531","617673965"
"332290","누보","1265","1369","104","8.22","26177638","38721163596"
"348340","뉴로메카","74700","69700","-5000","-6.69","302449","20806078850"
"380550","뉴로핏","23900","22000","-1900","-7.95","349482","7590244700"
"060260","뉴보텍","1030","1019","-11","-1.07","40291","40537934"
"463020","뉴엔AI","12560","11800","-760","-6.05","57236","662299150"
"123840","뉴온","699","652","-47","-6.72","245941","160583399"
"012340","뉴인텍","558","517","-41","-7.35","787039","408920339"
"462310","뉴키즈온","3910","3700","-210","-5.37","15550","57356940"
"270870","뉴트리","4280","4095","-185","-4.32","39973","161599302"
"144960","뉴파워프라즈마","5820","5410","-410","-7.04","344446","1829416850"
"085670","뉴프렉스","5050","4750","-300","-5.94","337996","1591900409"
"064260","다날","7670","7150","-520","-6.78","1912372","13521486130"
"340360","다보링크","1585","1570","-15","-0.95","581596","903224203"
"039560","다산네트웍스","3800","3570","-230","-6.05","234056","832288172"
"208860","다산디엠씨","1473","1351","-122","-8.28","119862","164166445"
"154040","다산솔루에타","1100","1053","-47","-4.27","55358","58945151"
"058730","다스코","3330","3195","-135","-4.05","202104","639331681"
"030210","다올투자증권","4575","4330","-245","-5.36","392867","1676466798"
"023590","다우기술","50200","47300","-2900","-5.78","87994","4124773000"
"032190","다우데이타","24400","23900","-500","-2.05","209488","4851911350"
"323350","다원넥스뷰","13200","11730","-1470","-11.14","336121","3780588665"
"068240","다원시스","2315","2315","0","0.00","627167","1390792404"
"145210","다이나믹디자인","353","316","-37","-10.48","381518","123076259"
"483650","달바글로벌","150300","140100","-10200","-6.79","57542","8055450500"
"464580","닷밀","2150","2015","-135","-6.28","83311","166877580"
"019680","대교","1539","1483","-56","-3.64","52178","78039240"
"019685","대교우B","1039","1021","-18","-1.73","28323","28950087"
"006370","대구백화점","4625","4515","-110","-2.38","39976","177446800"
"008060","대덕","11880","11440","-440","-3.70","126553","1422341370"
"00806K","대덕1우","9440","9260","-180","-1.91","9284","91970780"
"353200","대덕전자","66700","60200","-6500","-9.75","1205058","73529112350"
"35320K","대덕전자1우","16550","15740","-810","-4.89","16093","248592825"
"000490","대동","10090","9800","-290","-2.87","302515","2910730290"
"178600","대동고려삼","2195","2295","100","4.56","4","8860"
"020400","대동금속","6570","6450","-120","-1.83","24708","157631135"
"008830","대동기어","21200","19750","-1450","-6.84","279329","5493037935"
"048470","대동스틸","3160","3105","-55","-1.74","70345","216861379"
"008110","대동전자","15040","15040","0","0.00","0","0"
"004780","대륙제관","3860","3765","-95","-2.46","26549","98112179"
"005750","대림바스","4810","4590","-220","-4.57","42372","195142674"
"017650","대림제지","9380","8850","-530","-5.65","30997","274248500"
"006570","대림통상","2055","2065","10","0.49","10061","20220610"
"389260","대명에너지","17500","18120","620","3.54","767860","14880789450"
"317850","대모","8140","7910","-230","-2.83","77630","604296660"
"290670","대보마그네틱","11800","10950","-850","-7.20","18375","201010265"
"078140","대봉엘에스","11000","10280","-720","-6.55","35297","362025605"
"065150","대산F&B","145","145","0","0.00","0","0"
"001680","대상","20650","20100","-550","-2.66","164846","3299157495"
"001685","대상우","16910","16580","-330","-1.95","19867","328327325"
"084690","대상홀딩스","9340","9090","-250","-2.68","101092","906522240"
"084695","대상홀딩스우","13630","13460","-170","-1.25","4686","62039640"
"036480","대성미생물","6340","6250","-90","-1.42","29788","190905350"
"128820","대성산업","8430","8470","40","0.47","5694643","51134345050"
"117580","대성에너지","11870","14390","2520","21.23","20769786","303122398635"
"027830","대성창투","1482","1423","-59","-3.98","326633","461267414"
"104040","대성파인텍","671","631","-40","-5.96","358947","222392968"
"129920","대성하이텍","6980","6840","-140","-2.01","257662","1770143210"
"016710","대성홀딩스","9110","8880","-230","-2.52","85663","758566460"
"457630","대신밸런스제16호스팩","2095","2095","0","0.00","29167","61135926"
"471050","대신밸런스제17호스팩","2150","2145","-5","-0.23","11017","23635200"
"482690","대신밸런스제19호스팩","2165","2165","0","0.00","7443","16077835"
"0030R0","대신밸류리츠","4400","4355","-45","-1.02","31256","135393383"
"020180","대신정보통신","991","972","-19","-1.92","279768","271831460"
"003540","대신증권","40000","37800","-2200","-5.50","156611","5818990525"
"003547","대신증권2우B","25000","24200","-800","-3.20","30914","735851450"
"003545","대신증권우","26000","25100","-900","-3.46","100040","2486275525"
"045390","대아티아이","4450","4175","-275","-6.18","978446","4079781080"
"009190","대양금속","1159","1139","-20","-1.73","142977","163216376"
"108380","대양전기공업","28350","27850","-500","-1.76","41008","1115493400"
"014160","대영포장","1029","1006","-23","-2.24","263381","263094883"
"047040","대우건설","8770","8810","40","0.46","10560645","89084095490"
"003090","대웅","23600","22100","-1500","-6.36","138105","3042584975"
"069620","대웅제약","169800","162100","-7700","-4.53","30267","4865860050"
"007680","대원","4190","4125","-65","-1.55","7857","32035710"
"000430","대원강업","4095","3795","-300","-7.33","215973","822433962"
"048910","대원미디어","7660","7300","-360","-4.70","42435","306317400"
"005710","대원산업","12750","12240","-510","-4.00","78381","946421490"
"006340","대원전선","5520","5170","-350","-6.34","4097060","20929252765"
"006345","대원전선우","4120","3940","-180","-4.37","48094","187378450"
"003220","대원제약","10700","10190","-510","-4.77","79041","805533975"
"024890","대원화성","794","744","-50","-6.30","308083","226062751"
"002880","대유에이텍","948","921","-27","-2.85","176633","160654169"
"120240","대정화금","13620","13250","-370","-2.72","30335","402806075"
"003310","대주산업","3865","3850","-15","-0.39","5478616","21848718642"
"114920","대주이엔티","3000","3000","0","0.00","11","33420"
"078600","대주전자재료","118800","116000","-2800","-2.36","608617","69691997650"
"393970","대진첨단소재","2825","2825","0","0.00","0","0"
"012800","대창","1400","1335","-65","-4.64","1062067","1406348320"
"015230","대창단조","6220","6000","-220","-3.54","63295","378097285"
"096350","대창솔루션","2115","2030","-85","-4.02","687293","1417004476"
"140520","대창스틸","1999","1992","-7","-0.35","55564","108219695"
"131220","대한과학","4520","4425","-95","-2.10","16673","73552150"
"010170","대한광통신","4765","4245","-520","-10.91","11194523","46722818452"
"054670","대한뉴팜","6560","6710","150","2.29","978056","6784491090"
"001070","대한방직","6700","6580","-120","-1.79","31110","203190940"
"023910","대한약품","29400","28950","-450","-1.53","13781","394750900"
"006650","대한유화","123800","121500","-2300","-1.86","155757","18143975950"
"001440","대한전선","30250","28750","-1500","-4.96","3450191","97430257650"
"084010","대한제강","11090","10750","-340","-3.07","58974","625184740"
"001790","대한제당","2740","2710","-30","-1.09","549917","1487871858"
"001795","대한제당우","2360","2335","-25","-1.06","43245","100479840"
"001130","대한제분","148500","146800","-1700","-1.14","4658","669087500"
"439260","대한조선","102600","106700","4100","4.00","607914","63548957850"
"003490","대한항공","24500","22400","-2100","-8.57","4302046","96305936050"
"003495","대한항공우","23700","22400","-1300","-5.49","9052","204116025"
"005880","대한해운","2275","2155","-120","-5.27","21853857","48913509804"
"003830","대한화섬","121600","122100","500","0.41","621","71333000"
"016090","대현","1665","1628","-37","-2.22","166953","269680954"
"069460","대호에이엘","560","520","-40","-7.14","2140738","1105771791"
"021040","대호특수강","1134","1117","-17","-1.50","99746","113778978"
"021045","대호특수강우","2785","2775","-10","-0.36","1631","4308690"
"067080","대화제약","14290","13630","-660","-4.62","70094","948874625"
"298540","더네이쳐홀딩스","7340","7070","-270","-3.68","44015","309745005"
"032860","더라미","1288","1290","2","0.16","238929","295210173"
"475560","더본코리아","21700","20950","-750","-3.46","20680","431513325"
"192080","더블유게임즈","50000","48800","-1200","-2.40","87614","4259316925"
"393890","더블유씨피","9990","9990","0","0.00","804139","7930297875"
"299170","더블유에스아이","2790","2650","-140","-5.02","704625","1854020454"
"012510","더존비즈온","118700","118900","200","0.17","304121","36130175150"
"462860","더즌","3880","3665","-215","-5.54","441500","1595478990"
"224060","더코디","3075","2850","-225","-7.32","40979","119170545"
"302920","더콘텐츠온","3200","3300","100","3.13","1","3300"
"043090","더테크놀로지","380","380","0","0.00","0","0"
"403850","더핑크퐁컴퍼니","18020","17350","-670","-3.72","54840","945526990"
"213420","덕산네오룩스","39050","38150","-900","-2.30","216410","8127997425"
"317330","덕산테코피아","17790","16500","-1290","-7.25","164733","2715798065"
"077360","덕산하이메탈","11850","10900","-950","-8.02","1319410","14085377485"
"004830","덕성","4625","4455","-170","-3.68","91514","401263526"
"004835","덕성우","6090","5880","-210","-3.45","6320","36624550"
"090410","덕신이피씨","1210","1134","-76","-6.28","294522","334949742"
"0001A0","덕양에너젠","19750","18000","-1750","-8.86","974352","18270442885"
"263600","덕우전자","5480","5060","-420","-7.66","72254","364146500"
"194480","데브시스터즈","39850","40850","1000","2.51","125855","4989438725"
"373160","데이원컴퍼니","4150","3915","-235","-5.66","33759","133338080"
"263800","데이타솔루션","4595","4455","-140","-3.05","75033","325607265"
"199150","데이터스트림즈","2700","2695","-5","-0.19","3241","8624910"
"206560","덱스터","3095","2920","-175","-5.65","155721","452661072"
"261200","덴티스","4170","3860","-310","-7.43","242522","954174596"
"145720","덴티움","50200","49400","-800","-1.59","35852","1736726450"
"227420","도부","777","882","105","13.51","2173","1516987"
"484120","도우인시스","19570","18020","-1550","-7.92","22955","417640280"
"067990","도이치모터스","4255","4180","-75","-1.76","69031","284438210"
"002150","도화엔지니어링","6220","6010","-210","-3.38","84596","505224320"
"006620","동구바이오제약","5380","5110","-270","-5.02","112042","572583250"
"100130","동국S&C","2070","1951","-119","-5.75","221168","432372639"
"005160","동국산업","2820","2660","-160","-5.67","154203","406493955"
"303810","동국생명과학","3550","3375","-175","-4.93","238314","801055547"
"460850","동국씨엠","5670","5580","-90","-1.59","58859","323451105"
"075970","동국알앤에스","2145","2185","40","1.86","77593","163910872"
"460860","동국제강","9320","8840","-480","-5.15","182681","1594855045"
"086450","동국제약","19840","18860","-980","-4.94","230846","4313548330"
"001230","동국홀딩스","9530","9550","20","0.21","193013","1787661465"
"023450","동남합성","30950","30600","-350","-1.13","179","5486100"
"004140","동방","2710","2755","45","1.66","8043024","22808204509"
"240550","동방메디컬","7040","6410","-630","-8.95","236163","1531375405"
"099410","동방선기","5210","5100","-110","-2.11","157557","785644085"
"007590","동방아그로","5870","5810","-60","-1.02","82033","493086645"
"005960","동부건설","7950","7490","-460","-5.79","182700","1345403640"
"005965","동부건설우","18790","18220","-570","-3.03","658","11918040"
"026960","동서","25500","25150","-350","-1.37","89159","2218218375"
"002210","동성제약","973","973","0","0.00","0","0"
"102260","동성케미컬","4125","4000","-125","-3.03","116362","463454685"
"033500","동성화인텍","24800","26100","1300","5.24","569856","14439162100"
"025950","동신건설","15850","15100","-750","-4.73","32346","485806430"
"000640","동아쏘시오홀딩스","106900","104900","-2000","-1.87","9431","978833200"
"170900","동아에스티","49350","47550","-1800","-3.65","17689","841422700"
"088130","동아엘텍","10170","9570","-600","-5.90","642120","6182378405"
"028100","동아지질","16430","15470","-960","-5.84","49473","771965560"
"041930","동아화성","6430","6060","-370","-5.75","67047","405915710"
"001520","동양","881","818","-63","-7.15","1223384","1002588667"
"001527","동양2우B","8990","8850","-140","-1.56","431","3720900"
"084670","동양고속","44300","41250","-3050","-6.88","30165","1229822050"
"082640","동양생명","8000","8330","330","4.13","932502","7619399760"
"060380","동양에스텍","1405","1365","-40","-2.85","27306","37439557"
"001525","동양우","4500","4330","-170","-3.78","9842","42049535"
"079960","동양이엔피","28500","28300","-200","-0.70","35578","979409600"
"228340","동양파일","2415","2270","-145","-6.00","77681","169945796"
"088910","동우팜투테이블","2355","2410","55","2.34","279472","650088703"
"094170","동운아나텍","27850","25400","-2450","-8.80","150682","3785550425"
"013120","동원개발","2965","2860","-105","-3.54","176975","504327303"
"018500","동원금속","1505","1427","-78","-5.18","251700","357999255"
"006040","동원산업","38750","36950","-1800","-4.65","65123","2407110900"
"030720","동원수산","5770","5570","-200","-3.47","20069","112618580"
"014820","동원시스템즈","24550","23500","-1050","-4.28","26918","628012800"
"014825","동원시스템즈우","16480","16270","-210","-1.27","149","2432010"
"111380","동인기연","14580","14010","-570","-3.91","11116","153271110"
"163560","동일고무벨트","6810","6520","-290","-4.26","24163","157400800"
"109860","동일금속","7220","7080","-140","-1.94","1963","13939710"
"032960","동일기연","15820","15590","-230","-1.45","41121","622064080"
"004890","동일산업","38000","37200","-800","-2.11","908","33748200"
"023790","동일스틸럭스","1001","947","-54","-5.39","137100","127165660"
"002690","동일제강","1505","1446","-59","-3.92","72248","104300743"
"005290","동진쎄미켐","55000","49350","-5650","-10.27","755044","37662476975"
"025900","동화기업","10200","9470","-730","-7.16","170413","1604131470"
"000020","동화약품","6170","5970","-200","-3.24","64768","384641990"
"000150","두산","1050000","980000","-70000","-6.67","75409","72163528000"
"000157","두산2우B","465000","439000","-26000","-5.59","1095","480257750"
"454910","두산로보틱스","91100","85500","-5600","-6.15","335021","28234498600"
"241560","두산밥캣","59400","56700","-2700","-4.55","460817","25904524250"
"034020","두산에너빌리티","98000","96200","-1800","-1.84","7957034","755264928950"
"000155","두산우","519000","482000","-37000","-7.13","22634","10729609750"
"131970","두산테스나","68600","63100","-5500","-8.02","296634","18783945400"
"336260","두산퓨얼셀","40350","37750","-2600","-6.44","437977","16396206525"
"33626K","두산퓨얼셀1우","7750","7250","-500","-6.45","39364","281875090"
"33626L","두산퓨얼셀2우B","9980","9420","-560","-5.61","2213","20614430"
"016740","두올","4275","4190","-85","-1.99","126705","520859615"
"073190","듀오백","1123","1160","37","3.29","55039","62314637"
"176750","듀켐바이오","9700","9150","-550","-5.67","50143","454908300"
"030350","드래곤플라이","973","973","0","0.00","0","0"
"203650","드림시큐리티","1522","1440","-82","-5.39","331576","477992848"
"223250","드림씨아이에스","5400","5040","-360","-6.67","162551","814029245"
"060570","드림어스컴퍼니","1198","1114","-84","-7.01","121518","136622322"
"362990","드림인사이트","1498","1494","-4","-0.27","24439","36432270"
"192650","드림텍","6870","6550","-320","-4.66","328524","2137137880"
"016670","디모아","3700","3655","-45","-1.22","11053","40368020"
"187870","디바이스","18780","16910","-1870","-9.96","51668","877565235"
"489730","디비금융제13호스팩","2085","2090","5","0.24","3210","6694060"
"0004Y0","디비금융제14호스팩","2090","2080","-10","-0.48","5430","11295010"
"024090","디씨엠","11900","11830","-70","-0.59","6094","70523880"
"003160","디아이","35500","31150","-4350","-12.25","432043","13466713800"
"092200","디아이씨","9460","8990","-470","-4.97","750427","6584547130"
"110990","디아이티","24550","21400","-3150","-12.83","268415","5780364075"
"263690","디알젬","5150","4965","-185","-3.59","33134","163830275"
"214680","디알텍","1909","1814","-95","-4.98","601143","1082625743"
"347850","디앤디파마텍","83900","78900","-5000","-5.96","420800","33077375200"
"377190","디앤디플랫폼리츠","3040","2950","-90","-2.96","216970","639391390"
"263720","디앤씨미디어","11670","11050","-620","-5.31","21832","242026225"
"376300","디어유","37200","35750","-1450","-3.90","89630","3171280050"
"109740","디에스케이","6500","6420","-80","-1.23","133227","809367420"
"031860","디에이치엑스컴퍼니","366","475","109","29.78","1707834","805848615"
"196490","디에이테크놀로지","203","203","0","0.00","0","0"
"066900","디에이피","1716","1584","-132","-7.69","18882","29899858"
"092070","디엔에프","21800","19260","-2540","-11.65","175587","3456187850"
"039840","디오","16750","16040","-710","-4.24","16004","256086620"
"013570","디와이","4885","4730","-155","-3.17","88572","414519755"
"024900","디와이덕양","2045","1935","-110","-5.38","157653","304897475"
"219550","디와이디","1255","1230","-25","-1.99","109168","134616977"
"310870","디와이씨","1696","1775","79","4.66","21867680","42134388612"
"210540","디와이파워","13580","13200","-380","-2.80","55974","734369130"
"104460","디와이피엔에프","14280","14280","0","0.00","44525","615014885"
"079810","디이엔티","4410","4180","-230","-5.22","153008","621768643"
"113810","디젠스","789","750","-39","-4.94","592191","431086640"
"043360","디지아이","2525","2395","-130","-5.15","21701","52790725"
"197140","디지캡","2075","2025","-50","-2.41","19451","38435603"
"068930","디지털대성","8860","8810","-50","-0.56","40575","349226030"
"033130","디지틀조선","2830","2715","-115","-4.06","531807","1444009527"
"105740","디케이락","9050","9090","40","0.44","142508","1266396295"
"263020","디케이앤디","2885","2780","-105","-3.64","74984","208866848"
"290550","디케이티","14680","14240","-440","-3.00","855724","11947179840"
"066670","디티씨","2755","2635","-120","-4.36","39125","101742980"
"187220","디티앤씨","2615","2495","-120","-4.59","38167","94047050"
"383930","디티앤씨알오","2830","2865","35","1.24","116407","330125273"
"131180","딜리","930","922","-8","-0.86","27047","24785195"
"315640","딥노이드","3415","3175","-240","-7.03","331554","1054019836"
"317120","라닉스","1883","1766","-117","-6.21","115343","204149641"
"462510","라메디텍","4650","4200","-450","-9.68","48142","203021710"
"232680","라온로보틱스","14800","13790","-1010","-6.82","232639","3185045805"
"042510","라온시큐어","8510","8590","80","0.94","92784","777706080"
"418420","라온텍","6240","5690","-550","-8.81","303236","1754198845"
"300120","라온피플","1089","958","-131","-12.03","1697410","1662819349"
"171120","라이온켐텍","2065","2005","-60","-2.91","101806","204693577"
"388790","라이콤","3215","2945","-270","-8.40","715313","2076983346"
"214260","라파스","10750","9880","-870","-8.09","30336","302124080"
"403360","라피치","7500","7800","300","4.00","11","86000"
"171010","램테크놀러지","3385","3185","-200","-5.91","79394","249216165"
"084650","랩지노믹스","1454","1400","-54","-3.71","387955","540349792"
"217500","러셀","2860","2695","-165","-5.77","342993","916441855"
"092590","럭스피아","829","830","1","0.12","40","30864"
"266170","레드우즈","2645","2250","-395","-14.93","42","103050"
"038390","레드캡투어","11560","11550","-10","-0.09","122086","1402752140"
"294140","레몬","4045","3865","-180","-4.45","180692","674597310"
"443250","레뷰코퍼레이션","11360","11820","460","4.05","58281","670436365"
"228670","레이","5350","5020","-330","-6.17","117026","582583830"
"228850","레이언스","6270","6000","-270","-4.31","55851","330108455"
"412350","레이저쎌","4240","3995","-245","-5.78","1046902","4204638733"
"199550","레이저옵텍","5030","4835","-195","-3.88","27510","131369380"
"281740","레이크머티리얼즈","22500","20900","-1600","-7.11","925472","19090997635"
"277810","레인보우로보틱스","832000","739000","-93000","-11.18","250241","184625301000"
"215100","로보로보","7740","7330","-410","-5.30","343221","2458415810"
"090360","로보스타","69500","64500","-5000","-7.19","76540","4881009000"
"238500","로보쓰리에이아이","190","190","0","0.00","0","0"
"108490","로보티즈","250500","233000","-17500","-6.99","157218","36021221750"
"900260","로스웰","1671","1632","-39","-2.33","22494","36080328"
"033290","로젠","1977","1866","-111","-5.61","129488","242938805"
"223220","로지스몬","2415","2500","85","3.52","29169","71090225"
"067730","로지시스","2395","2310","-85","-3.55","30883","71203230"
"071280","로체시스템즈","9100","8220","-880","-9.67","88686","731733505"
"376900","로킷헬스케어","77500","68400","-9100","-11.74","453307","30785059000"
"214610","롤링스톤","2655","2595","-60","-2.26","19976","51412383"
"032350","롯데관광개발","19060","18140","-920","-4.83","900460","16186089960"
"089860","롯데렌탈","31700","31450","-250","-0.79","41443","1283093250"
"330590","롯데리츠","4435","4445","10","0.23","306565","1342904560"
"000400","롯데손해보험","2150","2075","-75","-3.49","887663","1794533385"
"023530","롯데쇼핑","96800","92000","-4800","-4.96","104335","9481555550"
"020150","롯데에너지머티리얼즈","41000","37550","-3450","-8.41","203631","7519861875"
"280360","롯데웰푸드","113100","110300","-2800","-2.48","15081","1653633600"
"286940","롯데이노베이트","21600","20550","-1050","-4.86","26231","535174550"
"004000","롯데정밀화학","45450","48000","2550","5.61","487588","24255230450"
"004990","롯데지주","31700","29850","-1850","-5.84","275339","8128334700"
"00499K","롯데지주우","29800","28650","-1150","-3.86","932","26686900"
"005300","롯데칠성","125300","121300","-4000","-3.19","21688","2626325650"
"005305","롯데칠성우","84300","83000","-1300","-1.54","1968","158309200"
"011170","롯데케미칼","75400","71200","-4200","-5.57","263758","18525010500"
"071840","롯데하이마트","7820","7740","-80","-1.02","40215","305362910"
"328130","루닛","36100","35450","-650","-1.80","145388","5075438800"
"038060","루멘스","714","718","4","0.56","179361","124483190"
"474170","루미르","15670","14750","-920","-5.87","343241","5006503165"
"162120","루켄테크놀러지스","2490","2390","-100","-4.02","9578","22634945"
"253610","루트락","1147","1036","-111","-9.68","617","611400"
"141080","리가켐바이오","199200","190300","-8900","-4.47","343059","64322699700"
"058470","리노공업","127000","118200","-8800","-6.93","1265274","149744154700"
"016100","리더스코스메틱","1664","1666","2","0.12","67382","107279264"
"012700","리드코프","3735","3685","-50","-1.34","334908","1253688760"
"302550","리메드","3180","3080","-100","-3.14","181427","552529050"
"491000","리브스메드","91300","83200","-8100","-8.87","755913","64801124700"
"073570","리튬포어스","597","552","-45","-7.54","352740","191236310"
"377450","리파인","11850","11220","-630","-5.32","49658","553304880"
"277070","린드먼아시아","4090","3985","-105","-2.57","11350","44867380"
"042500","링네트","3700","3610","-90","-2.43","115359","412879585"
"193250","링크드","358","340","-18","-5.03","221360","74258618"
"474650","링크솔루션","74500","67600","-6900","-9.26","135010","9184881900"
"219420","링크제니시스","4830","4600","-230","-4.76","91282","414676310"
"439090","마녀공장","11960","11160","-800","-6.69","55111","618815210"
"027740","마니커","824","806","-18","-2.18","712013","557942208"
"195500","마니커에프앤지","2755","2700","-55","-2.00","81998","219463005"
"357430","마스턴프리미어리츠","1495","1460","-35","-2.34","79260","115907466"
"377480","마음AI","14920","14010","-910","-6.10","68370","947129945"
"305090","마이크로디지탈","7220","6960","-260","-3.60","132107","887254925"
"448780","마이크로엔엑스","1683","1789","106","6.30","172","272814"
"098120","마이크로컨텍솔","31000","27700","-3300","-10.65","248184","6862029625"
"424980","마이크로투나노","12630","11650","-980","-7.76","60572","696037420"
"038290","마크로젠","17070","16380","-690","-4.04","51034","831355890"
"001080","만호제강","5440","5010","-430","-7.90","232781","1258686290"
"267980","매일유업","37300","36600","-700","-1.88","6909","252465950"
"005990","매일홀딩스","10940","10750","-190","-1.74","4515","48317060"
"093520","매커스","26900","24350","-2550","-9.48","84235","2039819825"
"088980","맥쿼리인프라","11380","11240","-140","-1.23","2162829","24234168195"
"094800","맵스리얼티","6700","6620","-80","-1.19","74713","488294785"
"179720","머니무브","12500","12500","0","0.00","0","0"
"100590","머큐리","3470","3220","-250","-7.20","68834","222517810"
"067280","멀티캠퍼스","28700","27800","-900","-3.14","11683","322331575"
"072870","메가스터디","11350","11010","-340","-3.00","48801","537436475"
"215200","메가스터디교육","46400","45300","-1100","-2.37","42033","1901100600"
"133750","메가엠디","1835","1835","0","0.00","68632","125652668"
"446540","메가터치","3710","3630","-80","-2.16","118505","417648540"
"235980","메드팩토","5090","4800","-290","-5.70","176469","836543085"
"200580","메디쎄이","11800","11250","-550","-4.66","1046","11898320"
"041920","메디아나","19760","18910","-850","-4.30","138326","2622531150"
"233250","메디안디노스틱","9800","9800","0","0.00","0","0"
"014100","메디앙스","1660","1667","7","0.42","25099","40262716"
"236340","메디젠휴먼케어","1605","1605","0","0.00","377","664920"
"054180","메디콕스","2295","2295","0","0.00","0","0"
"086900","메디톡스","122900","120700","-2200","-1.79","38795","4605006500"
"078160","메디포스트","23200","21150","-2050","-8.84","238945","5048526800"
"138040","메리츠금융지주","114400","111500","-2900","-2.53","299419","32972123350"
"0088D0","메리츠제1호스팩","2165","2155","-10","-0.46","12442","26755220"
"408920","메쎄이상","3205","3025","-180","-5.62","161723","488960797"
"021880","메이슨캐피탈","244","239","-5","-2.05","236580","55771743"
"140410","메지온","125100","127000","1900","1.52","198428","24177419250"
"241770","메카로","29850","27000","-2850","-9.55","50177","1361396300"
"090370","메타랩스","1501","1407","-94","-6.26","110507","154821725"
"059210","메타바이오메드","4760","4405","-355","-7.46","317961","1401753813"
"118000","메타케어","309","257","-52","-16.83","8293831","1995115297"
"058110","멕아이씨에스","1670","1614","-56","-3.35","45582","72419253"
"072770","멤레이비티","808","757","-51","-6.31","230129","176431761"
"017180","명문제약","1780","1687","-93","-5.22","93754","159410833"
"009900","명신산업","9290","8630","-660","-7.10","354989","3028791950"
"317450","명인제약","62000","58800","-3200","-5.16","25787","1511680250"
"012690","모나리자","2035","1960","-75","-3.69","138181","271133656"
"005360","모나미","1691","1669","-22","-1.30","99300","161317727"
"070960","모나용평","3065","2985","-80","-2.61","89313","265384447"
"434480","모니터랩","3470","3335","-135","-3.89","63342","207827167"
"080420","모다이노칩","2025","1885","-140","-6.91","87032","165762042"
"417970","모델솔루션","18900","18010","-890","-4.71","56149","993471435"
"080160","모두투어","11820","11440","-380","-3.21","149684","1687863695"
"087260","모바일어플라이언스","1872","1830","-42","-2.24","238741","420357145"
"101330","모베이스","5220","5050","-170","-3.26","405700","1988913132"
"012860","모베이스전자","4055","3740","-315","-7.77","2830515","10411034764"
"363260","모비데이즈","1505","1460","-45","-2.99","87879","127426053"
"348030","모비릭스","2650","2585","-65","-2.45","7305","18760295"
"250060","모비스","4505","4305","-200","-4.44","691528","2919360368"
"288980","모아데이타","649","614","-35","-5.39","277845","170117505"
"142760","모아라이프플러스","665","622","-43","-6.47","188893","117651392"
"033200","모아텍","3660","3420","-240","-6.56","23484","79696250"
"333050","모코엠시스","1175","1198","23","1.96","96495","112519733"
"009680","모토닉","10600","10280","-320","-3.02","32887","335035885"
"118990","모트렉스","8340","7740","-600","-7.19","278374","2143695505"
"463480","모티브링크","7260","6700","-560","-7.71","81433","542472580"
"006920","모헨즈","5620","5210","-410","-7.30","1778590","9386561555"
"009580","무림P&P","2535","2430","-105","-4.14","89495","217110480"
"001810","무림SP","1383","1343","-40","-2.89","22634","30401464"
"009200","무림페이퍼","2060","1921","-139","-6.75","303931","586893685"
"322970","무진메디","2005","2190","185","9.23","4376","9262700"
"033920","무학","9140","8920","-220","-2.41","121628","1074740645"
"008420","문배철강","2125","2040","-85","-4.00","167999","344406095"
"279600","미디어젠","4960","5060","100","2.02","4054","20819865"
"095500","미래나노텍","10000","9160","-840","-8.40","127327","1166811620"
"254490","미래반도체","20150","18220","-1930","-9.58","250935","4590432775"
"025560","미래산업","14080","12820","-1260","-8.95","75893","968047975"
"218150","미래생명자원","3360","3470","110","3.27","13397089","53128608364"
"007120","미래아이앤지","1352","1350","-2","-0.15","143087","187663444"
"396690","미래에셋글로벌리츠","2505","2450","-55","-2.20","75232","183949468"
"357250","미래에셋맵스리츠","2490","2425","-65","-2.61","65143","157828633"
"100790","미래에셋벤처투자","22300","20850","-1450","-6.50","1053072","21536679285"
"0097F0","미래에셋비전스팩10호","2010","1998","-12","-0.60","24552","49150967"
"0099W0","미래에셋비전스팩11호","2015","1998","-17","-0.84","27207","54448834"
"477380","미래에셋비전스팩4호","2095","2085","-10","-0.48","21109","43718788"
"477470","미래에셋비전스팩5호","2125","2085","-40","-1.88","25318","52827380"
"478440","미래에셋비전스팩6호","2050","2060","10","0.49","12683","26061275"
"482680","미래에셋비전스팩7호","2045","2045","0","0.00","29214","59544280"
"0093G0","미래에셋비전스팩8호","2010","2005","-5","-0.25","10920","21895770"
"0096D0","미래에셋비전스팩9호","2010","2010","0","0.00","27718","55581000"
"085620","미래에셋생명","14570","14400","-170","-1.17","752299","10374122875"
"006800","미래에셋증권","67100","64200","-2900","-4.32","4665736","286121089150"
"00680K","미래에셋증권2우B","21150","20150","-1000","-4.73","1019807","19821859770"
"006805","미래에셋증권우","23450","21950","-1500","-6.40","244317","5207033875"
"208890","미래엔에듀파트너","1080","1080","0","0.00","0","0"
"049950","미래컴퍼니","16360","14950","-1410","-8.62","85537","1267355750"
"207760","미스터블루","1094","1041","-53","-4.84","406229","419348099"
"081660","미스토홀딩스","48500","48200","-300","-0.62","106303","5073779425"
"002840","미원상사","142100","140000","-2100","-1.48","3151","434751200"
"268280","미원에스씨","128900","124600","-4300","-3.34","1579","194054400"
"107590","미원홀딩스","67000","65700","-1300","-1.94","227","14989300"
"134380","미원화학","109500","105000","-4500","-4.11","1287","135395300"
"351020","미쥬","8390","8150","-240","-2.86","70","570500"
"003650","미창석유","128000","122100","-5900","-4.61","11086","1376126750"
"059090","미코","15080","13770","-1310","-8.69","328608","4514429670"
"201490","미투온","3310","3120","-190","-5.74","389837","1200601829"
"475460","미트박스","7500","7700","200","2.67","77622","594627330"
"452200","민테크","2215","2085","-130","-5.87","77780","161521526"
"206640","바디텍메드","12100","11340","-760","-6.28","129276","1444423655"
"018700","바른손","664","649","-15","-2.26","95885","62532197"
"035620","바른손이앤에이","272","268","-4","-1.47","417352","108103182"
"354390","바스칸바이오제약","3875","3695","-180","-4.65","1339","4846460"
"053030","바이넥스","13840","12990","-850","-6.14","229099","2955488150"
"301300","바이브컴퍼니","2400","2270","-130","-5.42","37723","85586820"
"377740","바이오노트","5460","5330","-130","-2.38","109478","575957070"
"064550","바이오니아","12620","12070","-550","-4.36","169115","1980945070"
"314930","바이오다인","12150","11390","-760","-6.26","106791","1186776880"
"489460","바이오비쥬","9560","9090","-470","-4.92","85067","758872780"
"086820","바이오솔루션","11650","11770","120","1.03","423373","4855641390"
"038460","바이오스마트","4780","4575","-205","-4.29","361984","1647403271"
"251120","바이오에프디엔씨","14030","13410","-620","-4.42","24100","321865005"
"199730","바이오인프라","3535","3465","-70","-1.98","11912","41744195"
"266470","바이오인프라생명과학","181","160","-21","-11.60","40519","6420616"
"289170","바이오텐","3220","3695","475","14.75","1","3695"
"086040","바이오톡스텍","3445","3200","-245","-7.11","140391","446318075"
"188040","바이오포트","6270","5920","-350","-5.58","30896","182114740"
"199290","바이오프로테크","373","375","2","0.54","484","184610"
"099430","바이오플러스","5080","4895","-185","-3.64","349380","1674445353"
"032980","바이온","604","604","0","0.00","0","0"
"308080","바이젠셀","5580","5300","-280","-5.02","296802","1548368525"
"043150","바텍","23400","22500","-900","-3.85","54955","1229015400"
"323990","박셀바이오","8420","7830","-590","-7.01","208179","1634164275"
"003610","방림","5450","5150","-300","-5.50","58546","303387800"
"267790","배럴","3570","3455","-115","-3.22","20254","70750303"
"046310","백금T&A","3265","3095","-170","-5.21","194115","605011350"
"035150","백산","13100","12900","-200","-1.53","52705","674085260"
"331520","밸로프","571","560","-11","-1.93","267095","144646100"
"199480","뱅크웨어글로벌","4715","4465","-250","-5.30","54573","240738220"
"438700","버넥트","3200","2970","-230","-7.19","49435","147478361"
"066410","버킷스튜디오","1153","1153","0","0.00","0","0"
"002410","범양건영","1935","1935","0","0.00","0","0"
"382900","범한퓨얼셀","29400","27900","-1500","-5.10","36140","995472125"
"206400","베노티앤알","1178","1141","-37","-3.14","210717","238249976"
"019010","베뉴지","5020","4650","-370","-7.37","274679","1264892415"
"177350","베셀","1047","1014","-33","-3.15","214801","219726642"
"457600","벡트","1912","1889","-23","-1.20","31787","60264859"
"424760","벨로크","1002","1000","-2","-0.20","205470","210345077"
"007210","벽산","1880","1797","-83","-4.41","255902","452802800"
"250000","보라티알","7960","7920","-40","-0.50","16231","127433870"
"002760","보락","1170","1175","5","0.43","343525","395418927"
"003850","보령","9470","9120","-350","-3.70","135894","1231304175"
"310210","보로노이","329500","314500","-15000","-4.55","83242","25741264000"
"006910","보성파워텍","9730","9240","-490","-5.04","4892472","45953830820"
"000890","보해양조","464","449","-15","-3.23","596628","266239282"
"226340","본느","398","380","-18","-4.52","316132","120361912"
"496320","본시스템즈","583000","612000","29000","4.97","0","0"
"206950","볼빅","1795","1795","0","0.00","0","0"
"003000","부광약품","5140","4945","-195","-3.79","1067523","5163698593"
"001270","부국증권","78800","73600","-5200","-6.60","24599","1769162100"
"001275","부국증권우","33800","32850","-950","-2.81","4446","145467550"
"026940","부국철강","1968","1926","-42","-2.13","76228","145476641"
"014470","부방","1356","1327","-29","-2.14","68307","89608194"
"011390","부산산업","79400","73900","-5500","-6.93","8071","592200050"
"005030","부산주공","486","486","0","0.00","0","0"
"008470","부스타","3615","3670","55","1.52","13573","49280405"
"338220","뷰노","17150","16040","-1110","-6.47","90378","1432831695"
"100120","뷰웍스","25100","24000","-1100","-4.38","53528","1282380325"
"406820","뷰티스킨","2300","2100","-200","-8.70","77361","161176295"
"099390","브레인즈컴퍼니","4180","3950","-230","-5.50","28031","109585350"
"064480","브리지텍","4840","4445","-395","-8.16","317431","1414936174"
"365900","브이씨","3100","2795","-305","-9.84","6577","19023935"
"089970","브이엠","43400","39900","-3500","-8.06","562540","22366956700"
"251630","브이원텍","6200","5730","-470","-7.58","75977","431550850"
"018290","브이티","15320","14510","-810","-5.29","547339","7862225355"
"478560","블랙야크아이앤씨","3195","2995","-200","-6.26","71375","216335275"
"006740","블루산업개발","550","519","-31","-5.64","199309","103883256"
"439580","블루엠텍","3640","3445","-195","-5.36","255852","872933470"
"033560","블루콤","3085","3030","-55","-1.78","38899","117203800"
"191600","블루탑","7290","7040","-250","-3.43","2","13240"
"369370","블리츠웨이엔터테인먼트","1038","986","-52","-5.01","801166","851366334"
"126340","비나텍","134600","125000","-9600","-7.13","126231","15559339900"
"121800","비덴트","3320","3320","0","0.00","0","0"
"082800","비보존 제약","3970","3625","-345","-8.69","430932","1587864329"
"318410","비비씨","7080","7050","-30","-0.42","20314","137577345"
"002070","비비안","496","485","-11","-2.22","194601","93245380"
"100220","비상교육","5270","5140","-130","-2.47","29375","147877920"
"419540","비스토스","918","844","-74","-8.06","101261","85440342"
"146320","비씨엔씨","15600","13410","-2190","-14.04","148513","2012735630"
"200780","비씨월드제약","5340","5030","-310","-5.81","23909","118961515"
"413640","비아이매트릭스","8370","8010","-360","-4.30","48950","387421340"
"141000","비아트론","9140","8550","-590","-6.46","78759","667312040"
"090460","비에이치","16850","15750","-1100","-6.53","295596","4700273745"
"083650","비에이치아이","94800","97700","2900","3.06","983045","94679667750"
"473370","비엔케이제2호스팩","2650","2625","-25","-0.94","83583","215835335"
"0068Y0","비엔케이제3호스팩","2040","2027","-13","-0.64","11132","22656363"
"065170","비엘팜텍","2985","3015","30","1.01","3436065","10656515449"
"086670","비엠티","13360","12600","-760","-5.69","50958","638764070"
"230980","비유테크놀러지","229","229","0","0.00","0","0"
"488900","비츠로넥스텍","17200","15850","-1350","-7.85","189101","2972117190"
"082920","비츠로셀","21650","20050","-1600","-7.39","277837","5539110160"
"054220","비츠로시스","681","653","-28","-4.11","951119","608899857"
"042370","비츠로테크","10090","9540","-550","-5.45","365679","3518510720"
"050090","비케이홀딩스","652","679","27","4.14","107154","71269145"
"148780","비큐AI","1212","1095","-117","-9.65","291222","316964544"
"307870","비투엔","750","653","-97","-12.93","1537068","1000637268"
"377030","비트맥스","1085","1019","-66","-6.08","398553","400125589"
"032850","비트컴퓨터","5270","5040","-230","-4.36","115574","586191315"
"049470","비트플래닛","658","618","-40","-6.08","522148","317309395"
"238200","비피도","2845","2760","-85","-2.99","34722","93108050"
"093190","빅솔론","7660","7540","-120","-1.57","29752","225172950"
"065450","빅텍","5880","5390","-490","-8.33","7182922","42102780015"
"044480","빌리언스","204","200","-4","-1.96","1223638","236964567"
"005180","빙그레","76400","73500","-2900","-3.80","38072","2809982200"
"069540","빛과전자","1010","974","-36","-3.56","1092826","1054052002"
"072950","빛샘전자","6960","6390","-570","-8.19","165531","1076536245"
"451250","삐아","8550","8230","-320","-3.74","38883","324178010"
"143240","사람인","13580","13400","-180","-1.33","10416","138413030"
"466410","사이냅소프트","11100","10700","-400","-3.60","27971","294932920"
"003960","사조대림","33700","32100","-1600","-4.75","13524","434496450"
"008040","사조동아원","1116","1141","25","2.24","9972185","11733490758"
"007160","사조산업","53700","50400","-3300","-6.15","16288","824554350"
"014710","사조씨푸드","7900","7350","-550","-6.96","41802","305018215"
"006090","사조오양","8290","8060","-230","-2.77","17853","143119320"
"223310","사토시홀딩스","1449","1350","-99","-6.83","104126","140771957"
"452430","사피엔반도체","32400","30000","-2400","-7.41","120005","3549636050"
"419120","산돌","3950","3805","-145","-3.67","77212","291192087"
"062040","산일전기","146800","138400","-8400","-5.72","155428","21191414750"
"122350","삼기","1549","1461","-88","-5.68","264693","381686910"
"419050","삼기에너지솔루션즈","1603","1514","-89","-5.55","199913","300529552"
"014970","삼륭물산","6230","5860","-370","-5.94","40774","238494885"
"018310","삼목에스폼","18380","17870","-510","-2.77","19219","340866480"
"012210","삼미금속","14400","15670","1270","8.82","1765803","28399119540"
"053700","삼보모터스","6930","6620","-310","-4.47","535438","3478103710"
"009620","삼보산업","1584","1540","-44","-2.78","139694","211570137"
"023600","삼보판지","9800","9330","-470","-4.80","18386","171466430"
"001470","삼부토건","347","347","0","0.00","0","0"
"028050","삼성E&A","33450","32900","-550","-1.64","1472514","47936492090"
"448730","삼성FN리츠","5250","5190","-60","-1.14","81177","411477767"
"006400","삼성SDI","410500","389000","-21500","-5.24","754807","289850267750"
"006405","삼성SDI우","242000","222000","-20000","-8.26","20000","4386097000"
"006660","삼성공조","12140","11400","-740","-6.10","50420","569064955"
"028260","삼성물산","283500","270500","-13000","-4.59","423716","110948557250"
"02826K","삼성물산우B","178600","169300","-9300","-5.21","12135","1992524450"
"207940","삼성바이오로직스","1644000","1579000","-65000","-3.95","56445","88200926500"
"032830","삼성생명","210000","200500","-9500","-4.52","339266","66279510950"
"0044K0","삼성스팩10호","2060","2050","-10","-0.49","25485","52042775"
"0071M0","삼성스팩11호","2030","2030","0","0.00","15667","31719949"
"0096B0","삼성스팩12호","2020","2015","-5","-0.25","63739","128490341"
"0115H0","삼성스팩13호","2060","2045","-15","-0.73","155975","317641093"
"018260","삼성에스디에스","163900","158600","-5300","-3.23","252096","39602142800"
"0126Z0","삼성에피스홀딩스","544000","510000","-34000","-6.25","84696","42494848000"
"009150","삼성전기","404500","382000","-22500","-5.56","689302","256383023250"
"009155","삼성전기우","162900","151100","-11800","-7.24","39704","5929732900"
"005930","삼성전자","188200","173500","-14700","-7.81","43066020","7376525851300"
"005935","삼성전자우","128000","121500","-6500","-5.08","4748155","561922750250"
"001360","삼성제약","1864","1760","-104","-5.58","661332","1149901693"
"010140","삼성중공업","27600","28550","950","3.44","9475420","267048988825"
"016360","삼성증권","95900","91600","-4300","-4.48","555417","49821679050"
"068290","삼성출판사","9420","8850","-570","-6.05","22751","201958460"
"029780","삼성카드","59300","58200","-1100","-1.85","98058","5590721850"
"000810","삼성화재","496500","474500","-22000","-4.43","126683","59009179750"
"000815","삼성화재우","393500","382500","-11000","-2.80","20657","7883894500"
"006110","삼아알미늄","31850","30800","-1050","-3.30","355384","11550651625"
"009300","삼아제약","15730","15340","-390","-2.48","5918","90651400"
"0120G0","삼양바이오팜","92700","85000","-7700","-8.31","51568","4348411250"
"145990","삼양사","47000","45100","-1900","-4.04","19249","863607025"
"145995","삼양사우","35450","34400","-1050","-2.96","870","29955600"
"003230","삼양식품","1058000","1022000","-36000","-3.40","46541","47070848500"
"482630","삼양엔씨켐","19150","17150","-2000","-10.44","92778","1595251500"
"484590","삼양컴텍","14540","14650","110","0.76","1852172","27713413190"
"036670","삼양케이씨아이","6030","5830","-200","-3.32","26846","155726495"
"002170","삼양통상","58000","56300","-1700","-2.93","5321","295276700"
"272550","삼양패키징","11500","11200","-300","-2.61","27594","307258590"
"000070","삼양홀딩스","70500","68200","-2300","-3.26","25554","1720107650"
"003720","삼영","7340","6980","-360","-4.90","867475","5942926440"
"002810","삼영무역","19740","18950","-790","-4.00","26950","504859915"
"361670","삼영에스앤씨","2800","2800","0","0.00","15974","42644015"
"054540","삼영엠텍","11870","11540","-330","-2.78","256939","2947259095"
"065570","삼영이엔씨","764","764","0","0.00","0","0"
"005680","삼영전자","11780","11340","-440","-3.74","58796","665960270"
"023000","삼원강재","2340","2340","0","0.00","23125","53034683"
"004380","삼익THK","9960","9960","0","0.00","0","0"
"002450","삼익악기","1158","1130","-28","-2.42","199327","222176471"
"014950","삼익제약","12010","11260","-750","-6.24","72692","806049265"
"032280","삼일","1399","1381","-18","-1.29","32357","44478721"
"002290","삼일기업공사","3720","3750","30","0.81","67883","250390042"
"004440","삼일씨엔에스","5710","5380","-330","-5.78","29715","157413120"
"000520","삼일제약","10520","9850","-670","-6.37","217892","2130879985"
"009770","삼정펄프","33900","33450","-450","-1.33","3327","108532550"
"037460","삼지전자","21000","19870","-1130","-5.38","209920","4084806360"
"032750","삼진","3320","3270","-50","-1.51","23686","75846440"
"0013V0","삼진식품","8790","8150","-640","-7.28","258003","2087336550"
"054090","삼진엘앤디","708","684","-24","-3.39","122722","81701979"
"005500","삼진제약","18180","17380","-800","-4.40","51079","884614120"
"000250","삼천당제약","764000","767000","3000","0.39","305404","228953703500"
"004690","삼천리","137900","131900","-6000","-4.35","15289","2025073850"
"024950","삼천리자전거","4120","4120","0","0.00","0","0"
"038500","삼표시멘트","14770","13770","-1000","-6.77","4038103","56598992015"
"437730","삼현","56300","52100","-4200","-7.46","278413","14555566300"
"017480","삼현철강","4615","4510","-105","-2.28","14765","66336000"
"010960","삼호개발","3865","3805","-60","-1.55","76056","286016760"
"046390","삼화네트웍스","813","842","29","3.57","237146","193516187"
"004450","삼화왕관","28000","27200","-800","-2.86","2734","74730700"
"009470","삼화전기","41100","37150","-3950","-9.61","110481","4111780550"
"011230","삼화전자","2465","2275","-190","-7.71","132154","309092192"
"001820","삼화콘덴서","47400","43350","-4050","-8.54","171039","7340300750"
"000390","삼화페인트","10120","9470","-650","-6.42","11782354","119080868320"
"027580","상보","572","537","-35","-6.12","242605","129028522"
"038540","상상인","2145","2150","5","0.23","154517","327910425"
"452670","상상인제4호스팩","2100","2095","-5","-0.24","27439","57482067"
"001290","상상인증권","1330","1190","-140","-10.53","3387337","3976075691"
"041650","상신브레이크","2575","2470","-105","-4.08","50534","123703188"
"091580","상신이디피","15500","14900","-600","-3.87","117667","1719275355"
"263810","상신전자","3045","3005","-40","-1.31","92969","273875500"
"089980","상아프론테크","22300","20950","-1350","-6.05","85998","1780161425"
"042940","상지건설","8650","8200","-450","-5.20","73386","595462125"
"042600","새로닉스","12780","11800","-980","-7.67","41834","488679385"
"075180","새론오토모티브","3190","3100","-90","-2.82","15531","48254185"
"107600","새빗켐","27850","25200","-2650","-9.52","30134","764800200"
"411080","샌즈랩","6090","5860","-230","-3.78","52238","301515630"
"252990","샘씨엔에스","10920","9690","-1230","-11.26","851324","8230909725"
"007540","샘표","56300","56100","-200","-0.36","82033","4695660900"
"248170","샘표식품","27800","27050","-750","-2.70","45084","1233532900"
"378800","샤페론","1808","1679","-129","-7.13","728852","1214566221"
"294630","서남","4150","3880","-270","-6.51","756118","2907553889"
"038070","서린바이오","6370","6110","-260","-4.08","40609","246687690"
"006730","서부T&D","14640","14150","-490","-3.35","684581","9500687965"
"079650","서산","1417","1397","-20","-1.41","11476","15978342"
"100660","서암기계공업","4370","4190","-180","-4.12","99417","412500025"
"007860","서연","9930","8970","-960","-9.67","150190","1360017230"
"200880","서연이화","14010","12940","-1070","-7.64","180523","2327071680"
"019770","서연탑메탈","3855","3770","-85","-2.20","60850","227626645"
"017390","서울가스","67500","71700","4200","6.22","155437","11383861950"
"043710","서울리거","898","885","-13","-1.45","48049","41917790"
"092190","서울바이오시스","4045","3865","-180","-4.45","154836","580824295"
"046890","서울반도체","10220","9470","-750","-7.34","817717","7606590500"
"031210","서울보증보험","55200","54200","-1000","-1.81","75873","4096906450"
"004410","서울식품","217","196","-21","-9.68","28051958","5676826902"
"004415","서울식품우","1157","1142","-15","-1.30","37222","42842249"
"063170","서울옥션","8380","7480","-900","-10.74","284222","2128707375"
"027040","서울전자통신","260","279","19","7.31","1259060","349535082"
"018680","서울제약","2635","2580","-55","-2.09","15908","39413420"
"036120","서울평가정보","2155","2160","5","0.23","306973","666793710"
"021050","서원","1302","1275","-27","-2.07","588776","743979713"
"093920","서원인텍","5080","4935","-145","-2.85","70036","345151432"
"189860","서전기전","4430","4370","-60","-1.35","129618","554892275"
"178320","서진시스템","46650","45550","-1100","-2.36","1750811","78684893925"
"122690","서진오토모티브","2570","2430","-140","-5.45","145937","346966314"
"140070","서플러스글로벌","1940","1859","-81","-4.18","42880","79204689"
"011370","서한","1047","1015","-32","-3.06","747521","753896423"
"065710","서호전기","49200","46800","-2400","-4.88","13012","607754250"
"008490","서흥","21650","20250","-1400","-6.47","15174","307301075"
"035890","서희건설","1623","1623","0","0.00","0","0"
"357550","석경에이티","55200","51300","-3900","-7.07","8779","448001700"
"003100","선광","21600","21500","-100","-0.46","63728","1345285325"
"007610","선도전기","3000","3000","0","0.00","0","0"
"067370","선바이오","5310","5020","-290","-5.46","12328","61943175"
"217620","선샤인푸드","3810","3810","0","0.00","0","0"
"171090","선익시스템","127100","122200","-4900","-3.86","170138","20327372750"
"136490","선진","11130","10770","-360","-3.23","98290","1051711760"
"086710","선진뷰티사이언스","9020","8630","-390","-4.32","38045","325440090"
"014620","성광벤드","33800","35850","2050","6.07","628732","21773149000"
"037350","성도이엔지","11400","10330","-1070","-9.39","570015","5873813065"
"014910","성문전자","1705","1617","-88","-5.16","324977","510855916"
"014915","성문전자우","4305","4250","-55","-1.28","2404","10333910"
"004980","성신양회","9530","9180","-350","-3.67","105734","969979625"
"004985","성신양회우","10710","10520","-190","-1.77","5965","62047350"
"011300","성안머티리얼스","347","320","-27","-7.78","938218","300721502"
"458650","성우","12500","11630","-870","-6.96","106981","1238311505"
"081580","성우전자","3085","3060","-25","-0.81","191522","581012437"
"045300","성우테크론","2890","2800","-90","-3.11","37446","104432350"
"015750","성우하이텍","8140","7690","-450","-5.53","1004435","7587921535"
"365340","성일하이텍","58000","55200","-2800","-4.83","61942","3373216750"
"000180","성창기업지주","1580","1526","-54","-3.42","157942","238615297"
"080470","성창오토텍","4060","3880","-180","-4.43","19545","75195625"
"043260","성호전자","37600","38500","900","2.39","2932711","108390242250"
"148150","세경하이테크","4335","4015","-320","-7.38","207362","835771065"
"002420","세기상사","5660","5600","-60","-1.06","358359","2056933280"
"061090","세나테크놀로지","37700","35800","-1900","-5.04","15884","562966200"
"188260","세니젠","1625","1624","-1","-0.06","18964","30750015"
"053060","세동","1232","1158","-74","-6.01","113082","130992621"
"340440","세림B&G","1237","1150","-87","-7.03","55524","65560312"
"017510","세명전기","9330","8740","-590","-6.32","336148","2907454800"
"490470","세미파이브","24350","21450","-2900","-11.91","406557","8720579000"
"004360","세방","14790","14200","-590","-3.99","69429","982854590"
"004365","세방우","9320","9080","-240","-2.58","7906","71596100"
"004490","세방전지","62000","57900","-4100","-6.61","45808","2642325800"
"011560","세보엠이씨","18500","17150","-1350","-7.30","84562","1434286390"
"267080","세븐브로이맥주","486","486","0","0.00","0","0"
"396300","세아메카닉스","3950","3690","-260","-6.58","322983","1179563899"
"001430","세아베스틸지주","61900","58500","-3400","-5.49","374642","21364292700"
"306200","세아제강","125700","132500","6800","5.41","22995","2969167050"
"003030","세아제강지주","130700","134700","4000","3.06","28477","3751946700"
"058650","세아홀딩스","159500","157400","-2100","-1.32","8488","1330392400"
"013000","세우글로벌","1128","1110","-18","-1.60","29623","32736309"
"100700","세운메디칼","2460","2430","-30","-1.22","86484","208458585"
"024830","세원물산","11570","10740","-830","-7.17","36970","400971850"
"021820","세원정공","16060","14470","-1590","-9.90","42527","627530140"
"067830","세이브존I&C","2965","2790","-175","-5.90","104939","291962210"
"258830","세종메디칼","412","412","0","0.00","0","0"
"036630","세종텔레콤","7770","7260","-510","-6.56","12627","92109560"
"039310","세중","1441","1488","47","3.26","380115","556285689"
"075580","세진중공업","16160","16180","20","0.12","229562","3666548600"
"067770","세진티에스","1962","1918","-44","-2.24","13686","26596191"
"053450","세코닉스","5320","5030","-290","-5.45","129757","647697785"
"222810","세토피아","87","70","-17","-19.54","5174906","374994354"
"252500","세화피앤씨","803","782","-21","-2.62","107039","82210385"
"321370","센서뷰","2690","2850","160","5.95","25251896","75982947280"
"347000","센코","2200","2100","-100","-4.55","160229","335127347"
"331920","셀레믹스","5080","5350","270","5.31","310712","1625076365"
"352770","셀레스트라","5250","5250","0","0.00","0","0"
"471820","셀로맥스사이언스","5060","4920","-140","-2.77","31848","154553220"
"049180","셀루메드","1150","1050","-100","-8.70","582504","606791265"
"299660","셀리드","2555","2435","-120","-4.70","183785","441899121"
"108860","셀바스AI","10230","9730","-500","-4.89","167710","1607998155"
"208370","셀바스헬스케어","4450","4245","-205","-4.61","168167","701432667"
"318160","셀바이오휴먼텍","7030","6680","-350","-4.98","48068","317138700"
"308430","셀비온","28000","26800","-1200","-4.29","95769","2544668150"
"068270","셀트리온","212500","204000","-8500","-4.00","701450","140959754050"
"068760","셀트리온제약","64600","62500","-2100","-3.25","129601","7981849500"
"068940","셀피글로벌","778","778","0","0.00","0","0"
"007720","소노스퀘어","524","506","-18","-3.44","277630","140340829"
"290690","소룩스","2990","2970","-20","-0.67","379711","1097788952"
"950200","소마젠","3540","3350","-190","-5.37","33165","109585115"
"032680","소프트센","261","243","-18","-6.90","1273817","307960694"
"032685","소프트센우","6220","6030","-190","-3.05","394","2360080"
"258790","소프트캠프","1185","1133","-52","-4.39","69171","79484656"
"066910","손오공","681","639","-42","-6.17","267547","173224171"
"215090","솔디펜스","3110","2915","-195","-6.27","323086","957486966"
"336370","솔루스첨단소재","8380","7860","-520","-6.21","287593","2226877230"
"33637K","솔루스첨단소재1우","2000","1913","-87","-4.35","13023","25094663"
"33637L","솔루스첨단소재2우B","3425","3290","-135","-3.94","3453","11509565"
"248070","솔루엠","17370","16500","-870","-5.01","163779","2686344825"
"035610","솔본","3820","3650","-170","-4.45","44135","161873090"
"357780","솔브레인","501000","469500","-31500","-6.29","65924","30740890250"
"036830","솔브레인홀딩스","54800","49900","-4900","-8.94","73739","3673568475"
"304100","솔트룩스","22100","21100","-1000","-4.52","87791","1806532150"
"328380","솔트웨어","738","700","-38","-5.15","95078","66072524"
"004430","송원산업","8870","8550","-320","-3.61","133133","1132857075"
"086980","쇼박스","2915","2775","-140","-4.80","1118777","3122017339"
"017550","수산세보틱스","1802","1754","-48","-2.66","292412","508062873"
"050960","수산아이앤티","8810","8380","-430","-4.88","13652","116288210"
"126720","수산인더스트리","25200","23900","-1300","-5.16","81624","1951705800"
"084180","수성웹툰","1719","1603","-116","-6.75","127872","205456714"
"253840","수젠텍","5040","4845","-195","-3.87","110496","531689757"
"185190","수프로","849","900","51","6.01","1","900"
"298830","슈어소프트테크","7360","6920","-440","-5.98","709404","4866575960"
"236200","슈프리마","46350","44900","-1450","-3.13","37319","1643547850"
"094840","슈프리마에이치큐","6740","6610","-130","-1.93","43324","286077850"
"192440","슈피겐코리아","24300","23750","-550","-2.26","9818","230321625"
"424960","스마트레이더시스템","6670","6150","-520","-7.80","144364","888716450"
"099440","스맥","5570","5270","-300","-5.39","783324","4056760790"
"053210","스카이라이프","5010","4935","-75","-1.50","80848","396520518"
"276040","스코넥","744","710","-34","-4.57","241829","168633949"
"204210","스타에스엠리츠","2035","2035","0","0.00","0","0"
"060240","스타코링크","1976","1976","0","0.00","0","0"
"115570","스타플렉스","2875","2720","-155","-5.39","12221","33679510"
"078860","스테이지원엔터","387","426","39","10.08","680222","273986706"
"330730","스톤브릿지벤처스","5850","5440","-410","-7.01","112917","608960020"
"352090","스톰테크","3600","3500","-100","-2.78","41209","143225794"
"253450","스튜디오드래곤","40950","40800","-150","-0.37","89707","3561612275"
"408900","스튜디오미르","2350","2260","-90","-3.83","157199","350859600"
"204630","스튜디오산타클로스","4650","1300","-3350","-72.04","3732592","2958130044"
"415380","스튜디오삼익","2065","2020","-45","-2.18","47577","94514205"
"026890","스틱인베스트먼트","10490","9890","-600","-5.72","137808","1346743740"
"013810","스페코","2995","2865","-130","-4.34","994512","3017761948"
"347700","스피어","46300","47900","1600","3.46","1682829","77799695925"
"049830","승일","7550","7470","-80","-1.06","1326","9872160"
"020710","시공테크","3835","3655","-180","-4.69","136017","494437915"
"033170","시그네틱스","811","748","-63","-7.77","426865","321091877"
"048870","시너지이노베이션","2080","1999","-81","-3.89","307470","605086585"
"025320","시노펙스","5890","5600","-290","-4.92","1416134","7701281575"
"134790","시디즈","19490","19210","-280","-1.44","1292","24836760"
"340810","시선AI","2620","2420","-200","-7.63","176657","431453850"
"269620","시스웍","889","889","0","0.00","0","0"
"056090","시지메드텍","2755","2455","-300","-10.89","5474419","13648594464"
"429270","시지트로닉스","3735","3515","-220","-5.89","46675","163122538"
"418250","시큐레터","6550","6550","0","0.00","0","0"
"131090","시큐브","3815","3720","-95","-2.49","12261","45963060"
"462870","시프트업","31550","30700","-850","-2.69","72084","2168551825"
"016590","신대양제지","13580","12720","-860","-6.33","44380","558275760"
"290520","신도기연","1675","1713","38","2.27","18281","30918859"
"029530","신도리코","54900","53500","-1400","-2.55","19448","1025006650"
"004970","신라교역","9650","9490","-160","-1.66","22703","211892830"
"001000","신라섬유","2060","1961","-99","-4.81","106737","211468472"
"025870","신라에스지","4610","4385","-225","-4.88","18838","81974785"
"215600","신라젠","3460","3265","-195","-5.64","1011176","3285404238"
"065350","신성델타테크","61700","63100","1400","2.27","171425","10258204100"
"416180","신성에스티","35400","32700","-2700","-7.63","65351","2123325425"
"011930","신성이엔지","2310","2100","-210","-9.09","10816159","23424933843"
"004170","신세계","334000","313000","-21000","-6.29","74162","22886520000"
"035510","신세계 I&C","16150","15140","-1010","-6.25","108540","1638999020"
"031430","신세계인터내셔날","12350","11970","-380","-3.08","97997","1159527800"
"031440","신세계푸드","48350","47900","-450","-0.93","2736","131200000"
"006880","신송홀딩스","6980","7000","20","0.29","2563194","19228603190"
"162300","신스틸","1605","1515","-90","-5.61","54619","82768399"
"002800","신신제약","5680","5430","-250","-4.40","69587","371677105"
"472220","신영스팩10호","2185","2175","-10","-0.46","3062","6631555"
"0091W0","신영스팩11호","2085","2075","-10","-0.48","13161","27215080"
"005800","신영와코루","16860","16210","-650","-3.86","14949","241750500"
"001720","신영증권","194000","180400","-13600","-7.01","29915","5253723700"
"009270","신원","1411","1321","-90","-6.38","769283","1021615179"
"017000","신원종합개발","2980","2800","-180","-6.04","122741","335833670"
"002700","신일전자","1358","1327","-31","-2.28","327857","432594524"
"012790","신일제약","6090","5990","-100","-1.64","44042","261940610"
"138070","신진에스엠","1792","1759","-33","-1.84","24201","42668907"
"226330","신테카바이오","3105","2905","-200","-6.44","295842","851810444"
"002870","신풍","1125","1211","86","7.64","729978","894619269"
"019170","신풍제약","11030","10500","-530","-4.81","119218","1227984900"
"019175","신풍제약우","16580","15920","-660","-3.98","7611","124108930"
"481850","신한글로벌액티브리츠","1136","1105","-31","-2.73","119190","131446025"
"404990","신한서부티엔디리츠","4300","4280","-20","-0.47","168664","709613729"
"293940","신한알파리츠","5640","5580","-60","-1.06","254814","1406930940"
"452980","신한제11호스팩","2095","2095","0","0.00","13856","29033425"
"474660","신한제12호스팩","2100","2100","0","0.00","0","0"
"474930","신한제13호스팩","2190","2175","-15","-0.68","6846","14836010"
"487360","신한제14호스팩","2100","2085","-15","-0.71","13158","27516770"
"487830","신한제15호스팩","2060","2070","10","0.49","3101","6389370"
"496070","신한제16호스팩","2040","2045","5","0.25","1424","2911985"
"055550","신한지주","91800","88500","-3300","-3.59","1991947","174732375795"
"056700","신화인터텍","1800","1760","-40","-2.22","39159","68341283"
"187270","신화콘텍","3470","3275","-195","-5.62","49082","161804560"
"004080","신흥","13720","13720","0","0.00","7468","102349480"
"243840","신흥에스이씨","5860","5530","-330","-5.63","292250","1612918350"
"257720","실리콘투","40050","36150","-3900","-9.74","661459","23954001425"
"222800","심텍","57000","51800","-5200","-9.12","636246","33048188750"
"036710","심텍홀딩스","2635","2370","-265","-10.06","380232","886378165"
"444530","심플랫폼","6120","5630","-490","-8.01","36273","203846105"
"234030","싸이닉솔루션","7370","6790","-580","-7.87","327903","2192823030"
"160980","싸이맥스","23050","20000","-3050","-13.23","318649","6447991340"
"356890","싸이버원","3230","3065","-165","-5.11","60241","183858270"
"217330","싸이토젠","4640","4380","-260","-5.60","239523","1029296104"
"004770","써니전자","1650","1555","-95","-5.76","372436","577945310"
"217320","썬테크","3500","3500","0","0.00","10","35000"
"208640","썸에이지","212","191","-21","-9.91","719379","138216453"
"222420","쎄노텍","1355","1292","-63","-4.65","467871","597394318"
"037760","쎄니트","1834","1835","1","0.05","18100","33203380"
"081180","쎄크","12920","11440","-1480","-11.46","170137","1953894685"
"099320","쎄트렉아이","182600","172900","-9700","-5.31","152709","26551854450"
"049960","쎌바이오텍","14070","13600","-470","-3.34","22661","307581530"
"088280","쏘닉스","2030","2025","-5","-0.25","87278","172305231"
"403550","쏘카","11420","11400","-20","-0.18","10159","113290180"
"050890","쏠리드","8280","7910","-370","-4.47","1279723","10091316935"
"394800","쓰리빌리언","14210","13070","-1140","-8.02","227961","2945500870"
"177900","쓰리에이로직스","5840","5390","-450","-7.71","57945","313088775"
"475400","씨메스","31750","30300","-1450","-4.57","81650","2423417950"
"109670","씨싸이트","5670","5210","-460","-8.11","17546","92780410"
"066790","씨씨에스","1493","1493","0","0.00","0","0"
"222080","씨아이에스","15100","14900","-200","-1.32","5912097","86621032875"
"004920","씨아이테크","1114","1107","-7","-0.63","47958","52435009"
"236030","씨알푸드","1779","1779","0","0.00","42","67688"
"103660","씨앗","1000","1069","69","6.90","203","183469"
"352480","씨앤씨인터내셔널","27700","26350","-1350","-4.87","20410","534922000"
"245450","씨앤에스링크","1897","1999","102","5.38","11","21989"
"264660","씨앤지하이테크","18370","16790","-1580","-8.60","123101","2068094110"
"352700","씨앤투스","1946","2010","64","3.29","63964","125767529"
"458870","씨어스테크놀로지","122900","129700","6800","5.53","84468","10826345250"
"297090","씨에스베어링","6830","6400","-430","-6.30","407837","2661496415"
"112610","씨에스윈드","52000","49550","-2450","-4.71","619682","31236920850"
"900120","씨엑스아이","412","401","-11","-2.67","134845","53067001"
"359090","씨엔알리서치","823","805","-18","-2.19","77481","61751840"
"115530","씨엔플러스","271","257","-14","-5.17","371039","94606773"
"388210","씨엠티엑스","150200","136000","-14200","-9.45","169837","23044604400"
"115480","씨유메디칼","529","506","-23","-4.35","116448","58063755"
"376290","씨유테크","2710","2695","-15","-0.55","11726","31377845"
"189330","씨이랩","3935","3660","-275","-6.99","42677","156079629"
"096530","씨젠","23600","22350","-1250","-5.30","284818","6288977100"
"480370","씨케이솔루션","2900","2710","-190","-6.55","93226","252518520"
"101240","씨큐브","3855","3760","-95","-2.46","18248","68201600"
"060590","씨티씨바이오","3995","3870","-125","-3.13","114286","434586898"
"308170","씨티알모빌리티","5390","5090","-300","-5.57","24422","123894895"
"260930","씨티케이","3830","3705","-125","-3.26","22279","82048884"
"413630","씨피시스템","3925","3615","-310","-7.90","401735","1454679142"
"013990","아가방컴퍼니","4945","4880","-65","-1.31","564731","2722141973"
"123860","아나패스","15640","14710","-930","-5.95","42361","629068450"
"025980","아난티","8370","7900","-470","-5.62","1600452","12482971495"
"008700","아남전자","1209","1148","-61","-5.05","282399","325520348"
"0015N0","아로마티카","10680","10060","-620","-5.81","278052","2723451750"
"125210","아모그린텍","7080","6730","-350","-4.94","79065","523165360"
"090430","아모레퍼시픽","131600","128100","-3500","-2.66","175790","22271950250"
"090435","아모레퍼시픽우","47050","44550","-2500","-5.31","44168","1966214050"
"002790","아모레퍼시픽홀딩스","27200","25900","-1300","-4.78","103642","2670198350"
"00279K","아모레퍼시픽홀딩스3우C","23600","22650","-950","-4.03","11478","259842500"
"002795","아모레퍼시픽홀딩스우","12500","11980","-520","-4.16","15632","187178850"
"357580","아모센스","16110","14150","-1960","-12.17","192961","2788936985"
"052710","아모텍","12200","11600","-600","-4.92","296146","3394008965"
"074430","아미노로직스","1394","1366","-28","-2.01","329485","446959278"
"092040","아미코젠","1340","1279","-61","-4.55","975546","1234545418"
"083930","아바코","14670","13750","-920","-6.27","125653","1732645745"
"149950","아바텍","9900","9400","-500","-5.05","26823","251037890"
"036010","아비코전자","8140","7310","-830","-10.20","99256","731143980"
"002030","아세아","284500","284500","0","0.00","2140","594095000"
"183190","아세아시멘트","11810","11350","-460","-3.90","130369","1473886440"
"002310","아세아제지","9430","9070","-360","-3.82","379318","3390285120"
"050860","아세아텍","2090","2050","-40","-1.91","69855","141152365"
"012170","아센디오","1393","1248","-145","-10.41","100813","127807946"
"136410","아셈스","8020","7660","-360","-4.49","29321","221198485"
"246720","아스타","7480","7450","-30","-0.40","23990","172085360"
"450950","아스테라시스","12200","11380","-820","-6.72","115465","1285254775"
"067390","아스트","806","733","-73","-9.06","2741327","2043568206"
"159010","아스플로","5250","4845","-405","-7.71","133521","644250591"
"127710","아시아경제","1211","1184","-27","-2.23","86970","104346921"
"267850","아시아나IDT","10130","9830","-300","-2.96","20478","200284530"
"020560","아시아나항공","7050","6670","-380","-5.39","129594","867015490"
"154030","아시아종묘","2020","2250","230","11.39","2542023","5748954505"
"227610","아우딘퓨쳐스","666","653","-13","-1.95","27829","17998392"
"331740","아우토크립트","19090","16780","-2310","-12.10","234732","3981501320"
"143160","아이디스","17640","16940","-700","-3.97","25068","427620680"
"054800","아이디스홀딩스","14730","14250","-480","-3.26","17802","253761990"
"332370","아이디피","4835","4570","-265","-5.48","9855","45346021"
"066430","아이로보틱스","2495","2500","5","0.20","456204","1094941526"
"122900","아이마켓코리아","7620","7470","-150","-1.97","85350","634339460"
"339950","아이비김영","2670","2685","15","0.56","406740","1072360283"
"469750","아이비젼웍스","1149","1053","-96","-8.36","317878","334933443"
"460470","아이빔테크놀로지","3240","3025","-215","-6.64","47713","143435840"
"099190","아이센스","22100","20900","-1200","-5.43","265632","5439532200"
"461300","아이스크림미디어","15070","14850","-220","-1.46","56253","867974920"
"289010","아이스크림에듀","1548","1480","-68","-4.39","32444","48359427"
"214430","아이쓰리시스템","103600","97000","-6600","-6.37","73249","7053788200"
"040910","아이씨디","5160","5110","-50","-0.97","95698","478557795"
"368600","아이씨에이치","709","658","-51","-7.19","195092","128848292"
"456010","아이씨티케이","15330","13800","-1530","-9.98","337750","4653608690"
"052860","아이앤씨","3550","3295","-255","-7.18","176671","601549217"
"464500","아이언디바이스","3355","3040","-315","-9.39","157036","483051665"
"010780","아이에스동서","29000","27900","-1100","-3.79","90668","2531250875"
"212710","아이에스티이","8370","7770","-600","-7.17","131784","1012457795"
"038880","아이에이","134","130","-4","-2.99","5012393","616563406"
"307180","아이엘","5290","3900","-1390","-26.28","9857689","38989156075"
"403810","아이엘로보틱스","2295","2125","-170","-7.41","23220","46550977"
"101390","아이엠","396","396","0","0.00","0","0"
"461030","아이엠비디엑스","6850","6490","-360","-5.26","62865","404038980"
"456570","아이엠지티","20350","22400","2050","10.07","10964","230790300"
"451220","아이엠티","13230","11700","-1530","-11.56","167405","2010023890"
"447690","아이오바이오","3350","3760","410","12.24","738","2580060"
"090150","아이윈","737","733","-4","-0.54","222953","160136985"
"031310","아이즈비전","1386","1353","-33","-2.38","56724","75876186"
"462980","아이지넷","2305","2180","-125","-5.42","119350","262958993"
"185490","아이진","1308","1390","82","6.27","528417","723002494"
"059100","아이컴포넌트","5470","5210","-260","-4.75","57479","292715470"
"149010","아이케이세미콘","3540","3530","-10","-0.28","4267","14486740"
"262840","아이퀘스트","1777","1776","-1","-0.06","76865","135758152"
"175250","아이큐어","2170","2170","0","0.00","0","0"
"052460","아이크래프트","3045","2905","-140","-4.60","73318","213621830"
"119830","아이텍","8400","7880","-520","-6.19","351744","2769559875"
"052770","아이톡시","498","455","-43","-8.63","548744","251401751"
"124500","아이티센글로벌","59600","55900","-3700","-6.21","344542","18554668250"
"031820","아이티센씨티에스","788","738","-50","-6.35","937449","688985959"
"010280","아이티센엔텍","1094","1017","-77","-7.04","811020","818746204"
"243870","아이티센코어","12500","11500","-1000","-8.00","71","866500"
"232830","아이티센피엔에스","2420","2435","15","0.62","110232","263209355"
"372800","아이티아이즈","4340","4075","-265","-6.11","25916","104752960"
"084850","아이티엠반도체","9820","9800","-20","-0.20","41389","382636330"
"309710","아이티켐","31400","34100","2700","8.60","670116","22867590925"
"114840","아이패밀리에스씨","11730","10810","-920","-7.84","100322","1079581870"
"027360","아주IB투자","5590","5080","-510","-9.12","4258587","21342127689"
"139990","아주스틸","2975","2950","-25","-0.84","19844","57533814"
"032080","아즈텍WB","1308","1263","-45","-3.44","24627","30668243"
"013310","아진산업","3130","2920","-210","-6.71","406509","1182803314"
"059120","아진엑스텍","7510","6800","-710","-9.45","371601","2554419610"
"009320","아진전자부품","1024","1014","-10","-0.98","177091","173585203"
"0007C0","아크릴","34500","32550","-1950","-5.65","162135","5115369200"
"203690","아크솔루션스","4425","4425","0","0.00","0","0"
"158430","아톤","6450","6090","-360","-5.58","340911","2039654625"
"200350","아티스트스튜디오","4225","4160","-65","-1.54","42728","173725222"
"321820","아티스트컴퍼니","3250","3175","-75","-2.31","27045","83490264"
"149300","아퓨어스","36","37","1","2.78","11803","424987"
"102950","아하","1540","1539","-1","-0.06","27889","39940920"
"001540","안국약품","7940","7760","-180","-2.27","34729","267204550"
"053800","안랩","63100","63700","600","0.95","55737","3474770050"
"251280","안지오랩","2390","2365","-25","-1.05","135","307865"
"065660","안트로젠","43300","42800","-500","-1.15","75555","3106478450"
"297570","알로이스","1454","1439","-15","-1.03","207027","296633334"
"001780","알루코","2075","2010","-65","-3.13","902191","1838609932"
"260660","알리코제약","3465","3275","-190","-5.48","50470","163675542"
"354320","알멕","53700","48300","-5400","-10.06","136080","6628022575"
"361570","알비더블유","2085","2040","-45","-2.16","256517","529488155"
"131370","알서포트","2125","2095","-30","-1.41","96426","199343624"
"140670","알에스오토메이션","21050","19200","-1850","-8.79","498649","9487395545"
"096610","알에프세미","2965","2965","0","0.00","0","0"
"061040","알에프텍","1805","1667","-138","-7.65","256764","432611526"
"148250","알엔투테크놀로지","2700","2560","-140","-5.19","33135","85338085"
"123010","알엔티엑스","791","689","-102","-12.90","429393","300833724"
"476830","알지노믹스","164200","170300","6100","3.71","736443","123258209950"
"347860","알체라","1552","1497","-55","-3.54","198499","291423717"
"196170","알테오젠","373000","366500","-6500","-1.74","310934","111443650250"
"123750","알톤","2100","2340","240","11.43","962423","2264467741"
"459550","알트","3250","3010","-240","-7.38","461925","1389359178"
"085810","알티캐스트","553","524","-29","-5.24","215688","111722511"
"043100","알파AI","1263","1120","-143","-11.32","380949","440728349"
"117670","알파칩스","17020","16060","-960","-5.64","29009","465515885"
"314140","알피바이오","6740","6600","-140","-2.08","33914","218708520"
"291650","압타머사이언스","1405","1427","22","1.57","381591","532790399"
"293780","압타바이오","6900","6620","-280","-4.06","87980","570467575"
"018250","애경산업","14170","14030","-140","-0.99","38393","531232420"
"161000","애경케미칼","10260","9600","-660","-6.43","138356","1337187780"
"390110","애니메디솔루션","540","520","-20","-3.70","2013","973182"
"310200","애니플러스","3220","3040","-180","-5.59","340588","1026898126"
"179530","애드바이오텍","1510","1568","58","3.84","99127","147581150"
"397810","애드포러스","6500","6030","-470","-7.23","26945","164011800"
"900100","애머릿지","414","394","-20","-4.83","151461","62529355"
"0011A0","액스비스","11500","46000","34500","300.00","3073528","140807498200"
"052790","액토즈소프트","5380","5300","-80","-1.49","7112","37399500"
"290740","액트로","24550","21950","-2600","-10.59","231802","5017411450"
"238090","앤디포스","2890","2830","-60","-2.08","481566","1424499031"
"138360","앤로보틱스","1791","1720","-71","-3.96","921331","1528449616"
"092600","앤씨앤","663","593","-70","-10.56","73948","44228872"
"129890","앱코","907","880","-27","-2.98","227252","197907562"
"174900","앱클론","66500","63100","-3400","-5.11","380507","23709836150"
"109960","앱토크롬","164","158","-6","-3.66","403212","64331613"
"270520","앱튼","207","205","-2","-0.97","1266304","253580027"
"255440","야스","10370","9890","-480","-4.63","73457","717239670"
"030960","양지사","7950","7570","-380","-4.78","116837","887749435"
"102120","어보브반도체","11730","10860","-870","-7.42","419559","4541319980"
"238120","얼라인드","4615","4375","-240","-5.20","75892","326729735"
"224810","엄지하우스","2520","2145","-375","-14.88","1","2145"
"019990","에너토크","8350","8030","-320","-3.83","141775","1137377415"
"011090","에넥스","459","449","-10","-2.18","118433","53401606"
"435570","에르코스","11860","10610","-1250","-10.54","80448","873490190"
"270660","에브리봇","18820","17270","-1550","-8.24","88219","1513548175"
"038680","에스넷","3045","2965","-80","-2.63","45840","134661485"
"137310","에스디바이오센서","7590","7320","-270","-3.56","293846","2118894835"
"217480","에스디생명공학","499","499","0","0.00","0","0"
"121890","에스디시스템","1485","1403","-82","-5.52","82201","114485257"
"304360","에스바이오메딕스","36200","33950","-2250","-6.22","113803","3775450400"
"389500","에스비비테크","54400","50700","-3700","-6.80","108695","5402828750"
"042110","에스씨디","1305","1319","14","1.07","274442","354176008"
"298060","에스씨엠생명과학","860","823","-37","-4.30","71704","58226997"
"065420","에스아이리소스","176","179","3","1.70","13667570","2780911323"
"270210","에스알바이오텍","32100","32350","250","0.78","1946","61990750"
"103230","에스앤더블류","3480","3550","70","2.01","36087","123136985"
"260970","에스앤디","54000","50900","-3100","-5.74","36904","1867187700"
"101490","에스앤에스텍","93700","84500","-9200","-9.82","358812","30313743800"
"095910","에스에너지","1579","2050","471","29.83","18783376","37063529106"
"275630","에스에스알","2315","2340","25","1.08","9887","22512825"
"031330","에스에이엠티","4870","4585","-285","-5.85","1386896","6278115159"
"060540","에스에이티","1255","1207","-48","-3.82","62844","75943308"
"056190","에스에프에이","31200","29800","-1400","-4.49","119859","3528276075"
"0008Z0","에스엔시스","29200","28850","-350","-1.20","29601","831455425"
"005850","에스엘","68200","61800","-6400","-9.38","260801","15878176200"
"246250","에스엘에스바이오","1969","1969","0","0.00","0","0"
"041510","에스엠","104700","102400","-2300","-2.20","101533","10231178900"
"010580","에스엠벡셀","2005","1932","-73","-3.64","102126","195455516"
"460870","에스엠씨지","3135","3035","-100","-3.19","95272","282382005"
"007820","에스엠코어","5120","4995","-125","-2.44","255016","1236138277"
"464080","에스오에스랩","16060","14980","-1080","-6.72","368746","5440034420"
"109610","에스와이","2700","2585","-115","-4.26","429547","1089021227"
"365330","에스와이스틸텍","3300","3135","-165","-5.00","686138","2124713081"
"012750","에스원","83800","83300","-500","-0.60","53916","4443378100"
"306040","에스제이그룹","9310","8920","-390","-4.19","187265","1689736670"
"217910","에스제이켐","336","348","12","3.57","427","130888"
"398120","에스지헬스케어","4165","3975","-190","-4.56","103277","404993178"
"457940","에스케이증권제10호스팩","2105","2105","0","0.00","84001","176823855"
"472230","에스케이증권제11호스팩","2070","2060","-10","-0.48","94","193630"
"473000","에스케이증권제12호스팩","2060","2055","-5","-0.24","184","378195"
"473950","에스케이증권제13호스팩","2055","2040","-15","-0.73","27922","56850385"
"475660","에스켐","6510","5980","-530","-8.14","35069","213256670"
"096630","에스코넥","861","820","-41","-4.76","586524","475712611"
"069510","에스텍","15040","14250","-790","-5.25","16546","236410075"
"488280","에스투더블유","17140","15920","-1220","-7.12","80899","1277911230"
"234300","에스트래픽","3410","3310","-100","-2.93","109602","359974545"
"039440","에스티아이","36800","32800","-4000","-10.87","334737","10847703150"
"098660","에스티오","1454","1435","-19","-1.31","5691","8122639"
"052020","에스티큐브","11050","10450","-600","-5.43","924781","9840149560"
"237690","에스티팜","160000","162100","2100","1.31","319537","51325735300"
"458350","에스팀","34000","23800","-10200","-30.00","16298157","574266634925"
"050760","에스폴리텍","1143","1113","-30","-2.62","19693","22079478"
"288620","에스퓨얼셀","8840","8570","-270","-3.05","42570","358973415"
"443670","에스피소프트","4725","4320","-405","-8.57","125607","550185285"
"317830","에스피시스템스","10930","10170","-760","-6.95","119686","1214555230"
"058610","에스피지","131400","128100","-3300","-2.51","286698","35798212300"
"043340","에쎈테크","487","451","-36","-7.39","305907","139475654"
"023960","에쓰씨엔지니어링","1444","1391","-53","-3.67","218046","293506684"
"163280","에어레인","7120","6230","-890","-12.50","287264","1814127690"
"298690","에어부산","1752","1672","-80","-4.57","369852","618078272"
"200710","에이디테크놀로지","44000","39000","-5000","-11.36","257570","9986287675"
"475580","에이럭스","9410","8740","-670","-7.12","174280","1531840365"
"096690","에이루트","1420","1389","-31","-2.18","123640","166553639"
"140910","에이리츠","3130","3130","0","0.00","0","0"
"078520","에이블씨엔씨","10450","9790","-660","-6.32","133597","1299767395"
"298380","에이비엘바이오","190300","189700","-600","-0.32","716121","133443158800"
"203400","에이비온","2885","2660","-225","-7.80","762452","2025468730"
"195990","에이비프로바이오","140","140","0","0.00","0","0"
"003800","에이스침대","34000","33100","-900","-2.65","10331","343414675"
"088800","에이스테크","2750","2540","-210","-7.64","199732","505462515"
"241840","에이스토리","5740","5610","-130","-2.26","28487","155863450"
"364950","에이아이코리아","6090","5460","-630","-10.34","108797","602780510"
"453860","에이에스텍","14390","13880","-510","-3.54","15696","212601030"
"312610","에이에프더블류","1049","1038","-11","-1.05","28907","30204051"
"015260","에이엔피","592","769","177","29.90","4623977","3221377223"
"172670","에이엘티","11700","10430","-1270","-10.85","114934","1205919965"
"234070","에이원알폼","927","923","-4","-0.43","0","0"
"481070","에이유브랜즈","18580","17500","-1080","-5.81","50891","877275385"
"060900","에이전트AI","285","278","-7","-2.46","655052","170068693"
"445090","에이직랜드","28750","26000","-2750","-9.57","60056","1562672100"
"295310","에이치브이엠","79000","79800","800","1.01","183962","14260781050"
"072990","에이치시티","5650","5010","-640","-11.33","343326","1708824415"
"044990","에이치엔에스하이텍","15490","14690","-800","-5.16","46148","674613470"
"239610","에이치엘사이언스","7900","7630","-270","-3.42","2130","16350540"
"036170","에이치엠넥스","3300","3455","155","4.70","4308397","14589273798"
"462020","에이치엠씨제6호스팩","2095","2092","-3","-0.14","12568","26292396"
"477340","에이치엠씨제7호스팩","2035","2035","0","0.00","4444","9043585"
"148930","에이치와이티씨","2845","2755","-90","-3.16","17167","46896640"
"044780","에이치케이","1348","1332","-16","-1.19","27822","35993863"
"357230","에이치피오","2385","2350","-35","-1.47","76420","178171622"
"355690","에이텀","5250","5470","220","4.19","61585","321109205"
"071670","에이테크솔루션","9110","8550","-560","-6.15","50214","426064470"
"045660","에이텍","9780","9260","-520","-5.32","40366","372279530"
"224110","에이텍모빌리티","9160","8710","-450","-4.91","40577","354520150"
"021080","에이티넘인베스트","3240","2975","-265","-8.18","400132","1183898506"
"200470","에이팩트","8600","7510","-1090","-12.67","1210495","9163896415"
"207490","에이펙스인텍","6600","6600","0","0.00","1","6600"
"262260","에이프로","5060","4700","-360","-7.11","76232","359566290"
"007460","에이프로젠","337","317","-20","-5.93","4252140","1329071335"
"003060","에이프로젠바이오로직스","294","277","-17","-5.78","865366","241672856"
"397030","에이프릴바이오","66500","61400","-5100","-7.67","201564","12419880950"
"244920","에이플러스에셋","12830","12480","-350","-2.73","56261","691687310"
"278470","에이피알","306000","296500","-9500","-3.10","279116","81782122750"
"0009K0","에임드바이오","65300","62700","-2600","-3.98","690434","42448381000"
"230240","에치에프알","17000","15200","-1800","-10.59","219363","3344656490"
"159910","에코글로우","605","616","11","1.82","274600","164413487"
"230360","에코마케팅","15820","15870","50","0.32","30190","478489725"
"038870","에코바이오","2780","2735","-45","-1.62","276595","781619336"
"097780","에코볼트","784","749","-35","-4.46","101507","76633390"
"448280","에코아이","10950","10330","-620","-5.66","19849","205149780"
"101360","에코앤드림","19400","18410","-990","-5.10","115540","2092222525"
"128540","에코캡","2015","1914","-101","-5.01","124452","236562149"
"086520","에코프로","170000","163800","-6200","-3.65","2602659","418661915300"
"450080","에코프로머티","70800","65700","-5100","-7.20","1371960","90119184150"
"247540","에코프로비엠","202500","202500","0","0.00","907354","179476019050"
"383310","에코프로에이치엔","35650","33750","-1900","-5.33","232488","7763720825"
"038110","에코플라스틱","2985","2860","-125","-4.19","517136","1451258013"
"073540","에프알텍","1972","1933","-39","-1.98","25381","48746337"
"064850","에프앤가이드","19080","17650","-1430","-7.49","122197","2172004190"
"036810","에프에스티","39500","35000","-4500","-11.39","353801","12307492475"
"173940","에프엔씨엔터","3605","3550","-55","-1.53","5709","20006920"
"083500","에프엔에스테크","15450","13740","-1710","-11.07","138828","1909286305"
"446440","에피바이오텍","14450","14450","0","0.00","1","14450"
"054940","엑사이엔씨","636","618","-18","-2.83","204329","124589028"
"950130","엑세스바이오","3010","2920","-90","-2.99","91797","259484710"
"373110","엑셀세라퓨틱스","1431","1351","-80","-5.59","82129","111552678"
"205100","엑셈","1825","1758","-67","-3.67","331219","575688797"
"356680","엑스게이트","6860","6340","-520","-7.58","174846","1110460195"
"070300","엑스큐어","1527","1514","-13","-0.85","79759","117065378"
"317770","엑스페릭스","3370","3100","-270","-8.01","431469","1328396587"
"373200","엑스플러스","822","793","-29","-3.53","1152887","886816941"
"069920","엑시온그룹","610","568","-42","-6.89","188248","105050167"
"092870","엑시콘","30850","27300","-3550","-11.51","482816","13129062575"
"019490","엑시큐어하이트론","541","541","0","0.00","0","0"
"059180","엔더블유시","4830","4830","0","0.00","0","0"
"317870","엔바이오니아","9130","8520","-610","-6.68","23154","197459780"
"067570","엔브이에이치코리아","2295","2185","-110","-4.79","143197","312761527"
"0004V0","엔비알모션","20500","18710","-1790","-8.73","393493","7194641020"
"236810","엔비티","1900","1837","-63","-3.32","35119","63126819"
"140610","엔솔바이오사이언스","14120","14170","50","0.35","17281","243975930"
"333620","엔시스","5960","5710","-250","-4.19","33124","187760690"
"101400","엔시트론","499","488","-11","-2.20","1044450","502718602"
"036570","엔씨소프트","214500","213500","-1000","-0.47","152153","31591560450"
"475230","엔알비","25000","23850","-1150","-4.60","150360","3437073825"
"238170","엔에스엠","791","791","0","0.00","0","0"
"224760","엔에스컴퍼니","2720","2720","0","0.00","0","0"
"451700","엔에이치스팩29호","2180","2120","-60","-2.75","308012","651243050"
"466910","엔에이치스팩30호","3660","3495","-165","-4.51","141321","491807706"
"481890","엔에이치스팩31호","2130","2120","-10","-0.47","436","919895"
"0054V0","엔에이치스팩32호","2050","2035","-15","-0.73","34609","70142905"
"265740","엔에프씨","9350","9070","-280","-2.99","506732","4619793870"
"354200","엔젠바이오","2035","1954","-81","-3.98","206584","398666368"
"455900","엔젤로보틱스","29050","26800","-2250","-7.75","120146","3178124900"
"419080","엔젯","5740","5500","-240","-4.18","88963","492680635"
"093510","엔지브이아이","828","952","124","14.98","1","952"
"183490","엔지켐생명과학","1102","1039","-63","-5.72","260159","270902216"
"085310","엔케이","1013","996","-17","-1.68","5710045","6043232020"
"182400","엔케이맥스","3670","3670","0","0.00","0","0"
"348370","엔켐","64000","60000","-4000","-6.25","329494","19390255550"
"069410","엔텔스","4390","4160","-230","-5.24","28382","117490706"
"227950","엔투텍","508","470","-38","-7.48","1452304","674871864"
"291230","엔피","657","607","-50","-7.61","151970","93682970"
"048830","엔피케이","850","822","-28","-3.29","47145","39051119"
"096870","엘디티","2170","2070","-100","-4.61","46123","95377695"
"276240","엘리비젼","355","315","-40","-11.27","3001","1200315"
"900140","엘브이엠씨홀딩스","1433","1330","-103","-7.19","1156591","1543312526"
"290650","엘앤씨바이오","88100","82000","-6100","-6.92","192284","15701535600"
"066970","엘앤에프","118600","113000","-5600","-4.72","412446","46716432250"
"156100","엘앤케이바이오","10070","9990","-80","-0.79","544213","5330537725"
"0041J0","엘에스스팩1호","2025","2025","0","0.00","11170","22584376"
"311060","엘에이티","3895","3895","0","0.00","1099","4275855"
"073110","엘엠에스","5170","5020","-150","-2.90","8436","41944840"
"083310","엘오티베큠","13400","12090","-1310","-9.78","173435","2108266155"
"037950","엘컴텍","758","715","-43","-5.67","432418","308968428"
"489500","엘케이켐","36000","33300","-2700","-7.50","151867","5041707400"
"170920","엘티씨","22400","19890","-2510","-11.21","475749","9351139745"
"058630","엠게임","5130","5060","-70","-1.36","98182","489191435"
"226590","엠디바이스","27350","24400","-2950","-10.79","297155","7390382225"
"058970","엠로","36350","34450","-1900","-5.23","72075","2440668825"
"169330","엠브레인","1864","1827","-37","-1.98","16744","30456738"
"097520","엠씨넥스","23850","22100","-1750","-7.34","80399","1775465650"
"373170","엠아이큐브솔루션","2600","2265","-335","-12.88","157740","362594417"
"179290","엠아이텍","6860","6680","-180","-2.62","257437","1644090390"
"484870","엠앤씨솔루션","134200","135300","1100","0.82","54662","7341474550"
"009780","엠에스씨","7340","7070","-270","-3.68","29070","203370255"
"123040","엠에스오토텍","2590","2430","-160","-6.18","384242","923596428"
"432980","엠에프씨","3545","3560","15","0.42","11084","38575245"
"413390","엠오티","8270","7660","-610","-7.38","91311","698797910"
"032790","엠젠솔루션","660","647","-13","-1.97","178217","109645603"
"033160","엠케이전자","9640","8800","-840","-8.71","215833","1893641210"
"347890","엠투아이","5670","5340","-330","-5.82","51847","276926020"
"033310","엠투엔","1795","1717","-78","-4.35","98536","170085385"
"259630","엠플러스","12560","12000","-560","-4.46","230603","2757037295"
"105550","엣지파운드리","1312","1264","-48","-3.66","383555","480409982"
"060850","영림원소프트랩","6050","5910","-140","-2.31","16257","94611215"
"014440","영보화학","4750","4680","-70","-1.47","35829","165175333"
"143540","영우디에스피","1211","1125","-86","-7.10","253423","285313197"
"111770","영원무역","96300","91500","-4800","-4.98","121220","11050260950"
"009970","영원무역홀딩스","230500","221000","-9500","-4.12","12926","2854059000"
"003520","영진약품","1891","1814","-77","-4.07","550713","995189740"
"000670","영풍","56000","51100","-4900","-8.75","44517","2278915800"
"012280","영화금속","1070","1012","-58","-5.42","469124","475664753"
"265560","영화테크","8690","8310","-380","-4.37","46811","385536390"
"012160","영흥","559","550","-9","-1.61","161097","86450740"
"036000","예림당","3005","2900","-105","-3.49","57288","163384508"
"250930","예선테크","330","312","-18","-5.45","394658","124594063"
"053280","예스24","3500","3440","-60","-1.71","80011","273104122"
"122640","예스티","24100","21900","-2200","-9.13","284866","6114338600"
"476040","오가노이드사이언스","28450","25600","-2850","-10.02","108521","2784770125"
"900300","오가닉티코스메틱","120","116","-4","-3.33","3776575","434409211"
"212310","오건에코텍","635","635","0","0.00","0","0"
"045060","오공","2245","2165","-80","-3.56","54737","118615146"
"192410","오늘이엔엠","1162","1162","0","0.00","0","0"
"080520","오디텍","3000","2995","-5","-0.17","12527","36737005"
"007310","오뚜기","367000","357500","-9500","-2.59","6473","2304813500"
"039830","오로라","12370","11250","-1120","-9.05","51474","581669980"
"322310","오로스테크놀로지","29250","26300","-2950","-10.09","275475","7269704425"
"046120","오르비텍","5400","5130","-270","-5.00","905730","4654588005"
"475830","오름테라퓨틱","117300","105300","-12000","-10.23","278405","29293117600"
"014940","오리엔탈정공","6880","6750","-130","-1.89","191464","1268811665"
"002630","오리엔트바이오","581","546","-35","-6.02","1191359","646453668"
"065500","오리엔트정공","2540","2350","-190","-7.48","741724","1747433913"
"271560","오리온","126500","126000","-500","-0.40","118571","14842043350"
"001800","오리온홀딩스","22850","23300","450","1.97","229798","5356709275"
"010470","오리콤","5700","5650","-50","-0.88","24522","137008290"
"417860","오브젠","9490","8540","-950","-10.01","32245","273329520"
"352910","오비고","4350","4140","-210","-4.83","45967","189337135"
"053980","오상자이엘","3300","3230","-70","-2.12","100022","318997604"
"036220","오상헬스케어","10320","9990","-330","-3.20","16083","159115940"
"052420","오성첨단소재","1407","1295","-112","-7.96","952353","1240267670"
"332190","오션스바이오","1021","1174","153","14.99","956","1013797"
"052300","오션인더블유","1989","1925","-64","-3.22","128650","234597732"
"039200","오스코텍","51400","50500","-900","-1.75","250900","12374030225"
"226400","오스테오닉","6180","6150","-30","-0.49","251519","1490655535"
"031510","오스템","1019","1009","-10","-0.98","92070","91804685"
"342870","오아","7010","6530","-480","-6.85","18704","123262245"
"368970","오에스피","1579","1540","-39","-2.47","73392","115911462"
"138080","오이솔루션","22150","19860","-2290","-10.34","471414","9298722570"
"080580","오킨스전자","17120","15590","-1530","-8.94","650516","10172673760"
"067170","오텍","1803","1753","-50","-2.77","46635","81032274"
"353590","오토앤","2880","2630","-250","-8.68","28795","76455315"
"173130","오파스넷","7250","6910","-340","-4.69","67194","462889910"
"440320","오픈놀","3550","3360","-190","-5.35","40405","133697615"
"049480","오픈베이스","2160","2080","-80","-3.70","168902","348475760"
"394280","오픈엣지테크놀로지","14710","13500","-1210","-8.23","187341","2505285120"
"476060","온코닉테라퓨틱스","20000","18800","-1200","-6.00","627183","11521374650"
"382150","온코크로스","7030","6600","-430","-6.12","101316","658266465"
"005320","온타이드","563","528","-35","-6.22","476490","247926660"
"244460","올리패스","1651","1651","0","0.00","0","0"
"226950","올릭스","207000","203000","-4000","-1.93","406000","82266707150"
"057540","옴니시스템","835","805","-30","-3.59","185386","147331042"
"131030","옵투스제약","10560","10160","-400","-3.79","307137","3074321880"
"082210","옵트론텍","2090","1900","-190","-9.09","132585","252711907"
"109080","옵티시스","8670","8390","-280","-3.23","50603","415432610"
"380540","옵티코어","3610","3270","-340","-9.42","1868246","6152510277"
"153710","옵티팜","5090","5010","-80","-1.57","23811","118281495"
"432430","와이랩","3190","3065","-125","-3.92","32523","98135490"
"338840","와이바이오로직스","23950","22950","-1000","-4.18","116229","2615289700"
"122990","와이솔","6920","6790","-130","-1.88","98478","661817330"
"232140","와이씨","22100","19990","-2110","-9.55","1563456","31478867945"
"112290","와이씨켐","24700","22700","-2000","-8.10","200762","4527431350"
"065530","와이어블","1282","1240","-42","-3.28","47600","59069120"
"067900","와이엔텍","7090","6820","-270","-3.81","147110","989644475"
"007530","와이엠","2490","2430","-60","-2.41","32097","78139205"
"155650","와이엠씨","3685","3565","-120","-3.26","23850","83636630"
"273640","와이엠텍","7200","6800","-400","-5.56","41682","280388300"
"251370","와이엠티","13160","12200","-960","-7.29","199250","2453220540"
"209640","와이제이링크","3685","3500","-185","-5.02","431018","1489063350"
"096250","와이즈넛","9990","9340","-650","-6.51","52455","487795920"
"273060","와이즈버즈","1169","1080","-89","-7.61","433591","462665262"
"019210","와이지-원","9410","9110","-300","-3.19","628588","5614893615"
"122870","와이지엔터테인먼트","69500","64700","-4800","-6.91","284105","18146176150"
"011690","와이투솔루션","6990","6600","-390","-5.58","841354","5414918820"
"079000","와토스코리아","9100","9400","300","3.30","52697","483551140"
"403490","우듬지팜","1285","1248","-37","-2.88","251490","309995049"
"316140","우리금융지주","33050","31550","-1500","-4.54","2923079","90873232025"
"032820","우리기술","17230","17300","70","0.41","42966057","757257506420"
"041190","우리기술투자","6940","6670","-270","-3.89","1117514","7215576965"
"115440","우리넷","6930","6540","-390","-5.63","168247","1096835250"
"046970","우리로","1360","1293","-67","-4.93","651094","835311973"
"082850","우리바이오","1748","1655","-93","-5.32","117880","193370133"
"215360","우리산업","8620","8190","-430","-4.99","51863","421974350"
"072470","우리산업홀딩스","4250","3975","-275","-6.47","259123","1011017755"
"073560","우리손에프앤지","1891","1735","-156","-8.25","578099","996092935"
"037400","우리엔터프라이즈","932","917","-15","-1.61","114705","104584852"
"153490","우리이앤엘","760","775","15","1.97","179423","135059190"
"101170","우림피티에스","14520","13840","-680","-4.68","191378","2589474995"
"006980","우성","21400","20800","-600","-2.80","14760","309292050"
"066590","우수AMS","2830","2690","-140","-4.95","170777","452721985"
"017370","우신시스템","5990","5780","-210","-3.51","86967","497146935"
"103840","우양","3020","2945","-75","-2.48","160543","466366820"
"101970","우양에이치씨","12070","11950","-120","-0.99","10790","126628190"
"046940","우원개발","4610","4215","-395","-8.57","218979","919199932"
"215380","우정바이오","2735","2685","-50","-1.83","4555006","12497145724"
"065680","우주일렉트로","28950","26400","-2550","-8.81","7908","211456600"
"105840","우진","23250","22400","-850","-3.66","603736","13760119000"
"018620","우진비앤지","714","693","-21","-2.94","127564","88917833"
"010400","우진아이엔에스","3705","3675","-30","-0.81","27825","101313195"
"457550","우진엔텍","26050","24550","-1500","-5.76","177049","4357478425"
"049800","우진플라임","2510","2445","-65","-2.59","38017","91036372"
"016880","웅진","2030","1920","-110","-5.42","642448","1223792144"
"095720","웅진씽크빅","1063","1020","-43","-4.05","135028","136328766"
"396470","워트","6940","6310","-630","-9.08","104852","666712280"
"005820","원림","16010","15920","-90","-0.56","891","13796285"
"307280","원바이오젠","7230","6910","-320","-4.43","44415","306234120"
"032940","원익","11350","10100","-1250","-11.01","221502","2237470395"
"240810","원익IPS","137800","124300","-13500","-9.80","748304","93659848000"
"074600","원익QnC","36850","34650","-2200","-5.97","820813","28229006125"
"104830","원익머트리얼즈","49000","45000","-4000","-8.16","68026","3047864150"
"014190","원익큐브","1911","1783","-128","-6.70","240004","423449911"
"217820","원익피앤이","3490","3190","-300","-8.60","297519","946991380"
"030530","원익홀딩스","32200","30400","-1800","-5.59","925230","27863657550"
"012620","원일특강","8610","8390","-220","-2.56","12932","107254025"
"136150","원일티엔아이","15900","15150","-750","-4.72","33870","513014930"
"382840","원준","9350","8740","-610","-6.52","114783","996504800"
"336570","원텍","7290","6940","-350","-4.80","389687","2670290990"
"376980","원티드랩","3545","3450","-95","-2.68","33018","112425790"
"122830","원포유","1537","1520","-17","-1.11","5853","8527672"
"008370","원풍","4840","4805","-35","-0.72","8485","40809505"
"008290","원풍물산","322","328","6","1.86","347507","111951758"
"101160","월덱스","31150","28500","-2650","-8.51","139811","3965570825"
"336060","웨이버스","945","922","-23","-2.43","153195","141893941"
"095270","웨이브일렉트로","5990","5600","-390","-6.51","732127","4448322735"
"289930","웨이비스","17320","16180","-1140","-6.58","226534","3782708400"
"065950","웰크론","1619","1529","-90","-5.56","69291","106255827"
"076080","웰크론한텍","1089","1061","-28","-2.57","102885","108870074"
"043590","웰킵스하이텍","612","606","-6","-0.98","120482","72050176"
"196700","웹스","2540","2375","-165","-6.50","241339","569689825"
"069080","웹젠","12730","12610","-120","-0.94","129267","1601755240"
"053580","웹케시","8440","8100","-340","-4.03","42239","337421010"
"479960","위너스","9300","8620","-680","-7.31","12802","110799495"
"377460","위니아에이드","4080","4080","0","0.00","0","0"
"044340","위닉스","4860","4625","-235","-4.84","46074","212244030"
"330350","위더스제약","8720","8170","-550","-6.31","231385","1878491535"
"348350","위드텍","9530","8790","-740","-7.76","46870","412716725"
"112040","위메이드","23400","23200","-200","-0.85","135748","3071028550"
"101730","위메이드맥스","5590","5670","80","1.43","112835","616079845"
"123420","위메이드플레이","6930","6600","-330","-4.76","90701","585939780"
"065370","위세아이텍","4795","4495","-300","-6.26","37953","167138145"
"140660","위월드","1699","1700","1","0.06","1","1700"
"038620","위즈코프","607","640","33","5.44","3964704","2547277111"
"299900","위지윅스튜디오","446","417","-29","-6.50","760575","314359913"
"036090","위지트","655","614","-41","-6.26","637932","392668525"
"459100","위츠","5850","5460","-390","-6.67","59263","315877895"
"136540","윈스테크넷","11150","11140","-10","-0.09","30968","343311505"
"097800","윈팩","441","402","-39","-8.84","546566","221816888"
"192390","윈하이텍","2020","1890","-130","-6.44","38540","72490136"
"008600","윌비스","263","263","0","0.00","0","0"
"335870","윙스풋","2025","2010","-15","-0.74","24224","49315564"
"900340","윙입푸드","636","617","-19","-2.99","107045","65874210"
"033270","유나이티드제약","19830","19170","-660","-3.33","34713","662185705"
"014830","유니드","78600","84500","5900","7.51","208105","17775487750"
"446070","유니드비티플러스","2945","2860","-85","-2.89","36206","103055250"
"036200","유니셈","10720","9650","-1070","-9.98","339086","3288393055"
"018000","유니슨","1185","1129","-56","-4.73","2862082","3240640195"
"000910","유니온","4190","4170","-20","-0.48","181874","762478192"
"047400","유니온머티리얼","1449","1424","-25","-1.73","424733","605459916"
"203450","유니온바이오메트릭스","3090","3035","-55","-1.78","42506","126313585"
"011330","유니켐","631","620","-11","-1.74","9846277","6170326296"
"077500","유니퀘스트","6340","5820","-520","-8.20","222813","1301390670"
"011320","유니크","3850","3670","-180","-4.68","43215","157415255"
"086390","유니테스트","20700","18660","-2040","-9.86","429229","8070336765"
"241690","유니테크노","3800","3595","-205","-5.39","130381","467001972"
"142210","유니트론텍","5570","5190","-380","-6.82","190785","984412265"
"121060","유니포인트","524","526","2","0.38","11","5786"
"389680","유디엠텍","690","649","-41","-5.94","916346","583234897"
"088340","유라클","12100","11400","-700","-5.79","31758","361422610"
"048430","유라테크","7770","7420","-350","-4.50","28965","214409900"
"206650","유바이오로직스","14460","14130","-330","-2.28","366542","5056862320"
"089850","유비벨록스","5070","4940","-130","-2.56","29777","143692397"
"495810","유비씨","13120","13120","0","0.00","0","0"
"084440","유비온","954","1007","53","5.56","108604","106122803"
"032620","유비케어","3865","3740","-125","-3.23","317264","1178343167"
"264450","유비쿼스","12450","11730","-720","-5.78","89825","1049494950"
"078070","유비쿼스홀딩스","11210","10610","-600","-5.35","85236","911394440"
"002920","유성기업","2040","2030","-10","-0.49","129698","256951321"
"024800","유성티엔에스","3950","3795","-155","-3.92","112149","420464429"
"000700","유수홀딩스","6080","5950","-130","-2.14","23828","141715905"
"054930","유신","22100","21000","-1100","-4.98","29596","617426700"
"069330","유아이디","947","920","-27","-2.85","49987","46742808"
"049520","유아이엘","3915","3810","-105","-2.68","187371","705620390"
"444920","유안타제11호스팩","2105","2100","-5","-0.24","113991","239288270"
"473050","유안타제15호스팩","2060","2060","0","0.00","1157","2384535"
"474490","유안타제16호스팩","2050","2050","0","0.00","6366","12997375"
"493790","유안타제17호스팩","2020","2015","-5","-0.25","1700","3431405"
"003470","유안타증권","4965","4765","-200","-4.03","960470","4483641104"
"003475","유안타증권우","4525","4320","-205","-4.53","136785","585977784"
"263770","유에스티","1984","1894","-90","-4.54","80075","151744898"
"337840","유엑스엔","7960","7900","-60","-0.75","550","4363120"
"072130","유엔젤","4695","4720","25","0.53","69126","320918855"
"000220","유유제약","4330","4200","-130","-3.00","91562","381624815"
"000225","유유제약1우","4640","4470","-170","-3.66","11159","49580250"
"000227","유유제약2우B","10310","10220","-90","-0.87","571","5778290"
"388720","유일로보틱스","111700","107100","-4600","-4.12","101991","10770673000"
"340930","유일에너테크","1085","1002","-83","-7.65","1185118","1190034333"
"023410","유진기업","4215","4080","-135","-3.20","320083","1289656729"
"056080","유진로봇","32100","29550","-2550","-7.94","580300","17029025200"
"468760","유진스팩10호","2100","2095","-5","-0.24","5395","11329135"
"488060","유진스팩11호","2065","2050","-15","-0.73","2147","4401470"
"0105P0","유진스팩12호","2030","2020","-10","-0.49","33499","67499437"
"084370","유진테크","148000","133900","-14100","-9.53","223768","30015319450"
"240600","유진테크놀로지","3050","2955","-95","-3.11","26055","76578696"
"001200","유진투자증권","4970","4735","-235","-4.73","1574702","7238154713"
"221800","유투바이오","21900","22900","1000","4.57","1308746","29917548810"
"179900","유티아이","20900","20350","-550","-2.63","77978","1559694775"
"263050","유틸렉스","959","959","0","0.00","0","0"
"000100","유한양행","99300","96400","-2900","-2.92","292902","27850696050"
"000105","유한양행우","88600","85000","-3600","-4.06","2890","243175900"
"003460","유화증권","3780","3530","-250","-6.61","330286","1161592274"
"003465","유화증권우","3575","3455","-120","-3.36","21711","74855750"
"191410","육일씨엔에쓰","2910","2715","-195","-6.70","203748","554799645"
"372170","윤성에프앤씨","31500","28900","-2600","-8.25","21697","622832850"
"146060","율촌","1569","1522","-47","-3.00","182597","273895326"
"008730","율촌화학","25000","23700","-1300","-5.20","59660","1408260100"
"008250","이건산업","3865","3810","-55","-1.42","38797","143836178"
"039020","이건홀딩스","3140","3000","-140","-4.46","131109","394019185"
"025820","이구산업","5150","4920","-230","-4.47","348599","1705881063"
"067920","이글루","5690","5790","100","1.76","129297","730756940"
"044960","이글벳","3950","3815","-135","-3.42","98324","372582970"
"303530","이노뎁","4100","4055","-45","-1.10","32633","128381332"
"296640","이노룰스","7440","7400","-40","-0.54","142521","1070465230"
"302430","이노메트리","6390","5990","-400","-6.26","57281","342590285"
"279060","이노벡스","115","115","0","0.00","0","0"
"214320","이노션","19300","18900","-400","-2.07","120545","2275391870"
"462350","이노스페이스","17560","16890","-670","-3.82","421397","7059754700"
"274400","이노시뮬레이션","3445","3335","-110","-3.19","19235","63415968"
"073490","이노와이어리스","34350","31400","-2950","-8.59","121315","3793790375"
"215790","이노인스트루먼트","330","296","-34","-10.30","477576","140378446"
"344860","이노진","1432","1410","-22","-1.54","76798","107909729"
"469610","이노테크","20300","18650","-1650","-8.13","74796","1383310670"
"088390","이녹스","13200","11750","-1450","-10.98","100220","1190411940"
"272290","이녹스첨단소재","35400","32350","-3050","-8.62","384800","12431406975"
"053350","이니텍","2965","2845","-120","-4.05","114955","324368690"
"452400","이닉스","9100","8420","-680","-7.47","38648","324467120"
"264850","이랜시스","6980","6420","-560","-8.02","480174","3078368985"
"054210","이랜텍","10510","9890","-620","-5.90","237240","2337081605"
"009730","이렘","639","654","15","2.35","639440","413252324"
"065440","이루온","1323","1260","-63","-4.76","130215","162968826"
"088260","이리츠코크렙","4780","4650","-130","-2.72","67415","313215072"
"139480","이마트","92600","92400","-200","-0.22","196980","17731834650"
"424870","이뮨온시아","7680","7310","-370","-4.82","196688","1414044870"
"115610","이미지스","1354","1275","-79","-5.83","593718","734672125"
"478110","이베스트스팩6호","2040","2035","-5","-0.25","6748","13710555"
"131400","이브이첨단소재","1543","1436","-107","-6.93","550443","791190929"
"208850","이비테크","5000","5000","0","0.00","2","9700"
"351330","이삭엔지니어링","7690","7290","-400","-5.20","50516","365971440"
"080010","이상네트웍스","6930","6740","-190","-2.74","2247","15035340"
"379390","이성씨엔아이","4970","4995","25","0.50","1","4995"
"457190","이수스페셜티케미컬","105100","96100","-9000","-8.56","378903","36316030650"
"086890","이수앱지스","5060","4820","-240","-4.74","138334","666337580"
"007660","이수페타시스","114600","103600","-11000","-9.60","1095027","111957659800"
"005950","이수화학","8340","7830","-510","-6.12","234300","1813675320"
"015020","이스타코","480","464","-16","-3.33","154297","71164502"
"047560","이스트소프트","13250","12840","-410","-3.09","100993","1261988205"
"900110","이스트아시아홀딩스","809","812","3","0.37","56310","45669245"
"239340","이스트에이드","1340","1260","-80","-5.97","22926","29177755"
"067010","이씨에스","2225","2165","-60","-2.70","18162","39165820"
"456070","이엔셀","16190","15000","-1190","-7.35","126559","1907764725"
"102710","이엔에프테크놀로지","59300","53400","-5900","-9.95","114847","6176072550"
"074610","이엔플러스","5110","5110","0","0.00","0","0"
"041520","이엘씨","7680","7350","-330","-4.30","19189","141308640"
"063760","이엘피","2580","2540","-40","-1.55","26927","67675020"
"123570","이엠넷","1926","1904","-22","-1.14","24275","46014345"
"083470","이엠앤아이","724","718","-6","-0.83","145868","105250560"
"095190","이엠코리아","2255","2200","-55","-2.44","246052","539343255"
"091120","이엠텍","6440","6270","-170","-2.64","81954","505577995"
"232530","이엠티","5120","5310","190","3.71","5508","29001780"
"102460","이연제약","10450","10150","-300","-2.87","60608","604633740"
"039030","이오테크닉스","453000","413000","-40000","-8.83","181856","75639460500"
"294090","이오플로우","1490","1490","0","0.00","0","0"
"088290","이원컴포텍","601","595","-6","-1.00","86540","50973463"
"084680","이월드","1618","1550","-68","-4.20","298000","460304737"
"353810","이지바이오","7070","6900","-170","-2.40","348010","2363190820"
"261520","이지스","9100","8520","-580","-6.37","138231","1139851370"
"350520","이지스레지던스리츠","3760","3670","-90","-2.39","80465","295952591"
"334890","이지스밸류플러스리츠","4100","4020","-80","-1.95","133130","531296394"
"099750","이지케어텍","8510","8150","-360","-4.23","39677","326423160"
"377330","이지트로닉스","3000","2810","-190","-6.33","14940","43123875"
"035810","이지홀딩스","7630","6250","-1380","-18.09","1671892","10425832165"
"092130","이크레더블","15170","14950","-220","-1.45","15885","237259485"
"134060","이퓨쳐","4050","3930","-120","-2.96","4533","17778380"
"001840","이화공영","2215","2215","0","0.00","0","0"
"000760","이화산업","15930","15270","-660","-4.14","6247","94010200"
"014990","인디에프","806","760","-46","-5.71","199767","150492591"
"041830","인바디","28900","28550","-350","-1.21","33831","946975150"
"352940","인바이오","2000","2050","50","2.50","102527","219634511"
"101140","인바이오젠","9100","8770","-330","-3.63","10345","88995080"
"216400","인바이츠바이오코아","3600","3780","180","5.00","2","7570"
"079950","인베니아","1221","1051","-170","-13.92","531099","561473608"
"389470","인벤티지랩","95500","90700","-4800","-5.03","261247","23862582100"
"277410","인산가","1100","1067","-33","-3.00","160306","171967785"
"060150","인선이엔티","4095","3970","-125","-3.05","109550","431127165"
"033230","인성정보","1536","1488","-48","-3.13","287169","420580066"
"450520","인스웨이브","2805","2595","-210","-7.49","51533","132924360"
"006490","인스코비","457","429","-28","-6.13","738038","306530263"
"465480","인스피언","5170","4905","-265","-5.13","68592","336548438"
"037330","인지디스플레","1397","1353","-44","-3.15","60154","79548689"
"100030","인지소프트","19920","18840","-1080","-5.42","7483","139752900"
"023800","인지컨트롤스","6610","6230","-380","-5.75","121245","748644480"
"034590","인천도시가스","26750","26500","-250","-0.93","5470","144667000"
"211050","인카금융서비스","13700","13660","-40","-0.29","266550","3643759315"
"083640","인콘","400","391","-9","-2.25","1256371","474864368"
"064090","인크레더블버즈","798","798","0","0.00","0","0"
"216050","인크로스","7210","7050","-160","-2.22","62145","436382500"
"049070","인탑스","17930","17350","-580","-3.23","146970","2533288520"
"311960","인터로이드","1589","1400","-189","-11.89","773","1189477"
"119610","인터로조","17270","16200","-1070","-6.20","87644","1423447540"
"017250","인터엠","1033","1006","-27","-2.61","68266","69809954"
"129260","인터지스","2555","2485","-70","-2.74","113352","282281545"
"051370","인터플렉스","11920","11220","-700","-5.87","134731","1487775395"
"064290","인텍플러스","15380","13610","-1770","-11.51","248718","3409041560"
"189300","인텔리안테크","123800","120100","-3700","-2.99","265167","31325886700"
"287840","인투셀","42900","39500","-3400","-7.93","122441","4796183700"
"048530","인트론바이오","6450","5480","-970","-15.04","1288131","7206184280"
"023810","인팩","7870","7380","-490","-6.23","35327","260920610"
"115310","인포바인","78500","72200","-6300","-8.03","10009","714551400"
"039290","인포뱅크","4500","4215","-285","-6.33","19203","81929440"
"071200","인피니트헬스케어","6450","6260","-190","-2.95","94479","576484245"
"101930","인화정공","43900","43850","-50","-0.11","8562","365642200"
"249420","일동제약","33150","30850","-2300","-6.94","212439","6494094775"
"000230","일동홀딩스","10800","10150","-650","-6.02","43362","436149530"
"013360","일성건설","1679","1617","-62","-3.69","196966","313473905"
"003120","일성아이에스","22900","21800","-1100","-4.80","7675","164660050"
"333430","일승","5330","5420","90","1.69","7753608","45550848325"
"068330","일신바이오","1501","1419","-82","-5.46","227868","325460815"
"003200","일신방직","13240","12460","-780","-5.89","42340","528052970"
"007110","일신석재","1674","1549","-125","-7.47","803064","1246165034"
"007570","일양약품","13050","13050","0","0.00","0","0"
"007575","일양약품우","12980","12980","0","0.00","0","0"
"178780","일월지엠엘","2565","2565","0","0.00","13325","33228205"
"008500","일정실업","3110","2820","-290","-9.32","62592","177220770"
"019540","일지테크","4835","4485","-350","-7.24","119393","531881630"
"081000","일진다이아","14280","13520","-760","-5.32","44262","598487965"
"020760","일진디스플","902","902","0","0.00","0","0"
"103590","일진전기","82100","77400","-4700","-5.72","374293","28483859800"
"094820","일진파워","17260","16600","-660","-3.82","324390","5337089035"
"271940","일진하이솔루스","18870","17350","-1520","-8.06","128155","2226792025"
"015860","일진홀딩스","8000","7550","-450","-5.63","183579","1367262460"
"226320","잇츠한불","10390","9950","-440","-4.23","23691","235315080"
"950140","잉글우드랩","12470","12310","-160","-1.28","271983","3347885355"
"049550","잉크테크","3195","3150","-45","-1.41","33866","103343742"
"389020","자람테크놀로지","46300","43200","-3100","-6.70","122525","5329258675"
"254120","자비스","1200","1100","-100","-8.33","167027","185063668"
"043910","자연과환경","512","481","-31","-6.05","734200","353950888"
"234920","자이글","5310","5310","0","0.00","0","0"
"289220","자이언트스텝","3365","3145","-220","-6.54","61468","193286895"
"317400","자이에스앤디","4375","4205","-170","-3.89","100499","419066155"
"033240","자화전자","39950","38850","-1100","-2.75","205430","7773100625"
"049630","재영솔루텍","3095","2980","-115","-3.72","3821699","11213197232"
"417840","저스템","6360","5840","-520","-8.18","557602","3248044715"
"000950","전방","37650","35200","-2450","-6.51","1175","41496200"
"079900","전진건설로봇","53000","49800","-3200","-6.04","79073","3878496625"
"110020","전진바이오팜","1995","1902","-93","-4.66","32741","63494742"
"208140","정다운","2730","2525","-205","-7.51","369191","927048220"
"040420","정상제이엘에스","5750","5720","-30","-0.52","32595","185454640"
"045510","정원엔시스","706","711","5","0.71","74025","52204452"
"217190","제너셈","6230","5710","-520","-8.35","229456","1312883305"
"095700","제넥신","5080","4860","-220","-4.33","570911","2828621226"
"122310","제노레이","4070","4005","-65","-1.60","18665","73490876"
"361390","제노코","26600","25250","-1350","-5.08","181206","4583834550"
"066830","제노텍","1019","990","-29","-2.85","439","436911"
"225220","제놀루션","1663","1616","-47","-2.83","38511","62114165"
"123330","제닉","22900","22350","-550","-2.40","239735","5309023075"
"381620","제닉스로보틱스","10980","10140","-840","-7.65","152401","1536018330"
"159580","제로투세븐","3715","3540","-175","-4.71","66136","232489337"
"147830","제룡산업","7160","6980","-180","-2.51","232763","1586818880"
"033100","제룡전기","50100","47850","-2250","-4.49","179345","8471207450"
"079370","제우스","18210","16480","-1730","-9.50","742471","12162252585"
"054950","제이브이엠","25300","24300","-1000","-3.95","50446","1222975200"
"023440","제이스코홀딩스","774","730","-44","-5.68","478911","349791459"
"090470","제이스텍","7880","7460","-420","-5.33","199736","1491898775"
"137950","제이씨케미칼","3520","4575","1055","29.97","7592623","32511561248"
"033320","제이씨현시스템","4530","4220","-310","-6.84","588735","2594244738"
"417500","제이아이테크","4710","4190","-520","-11.04","931764","3963802123"
"348950","제이알글로벌리츠","1796","1642","-154","-8.57","3249842","5358528874"
"204270","제이앤티씨","19260","18240","-1020","-5.30","220723","3943471695"
"127120","제이에스링크","39650","37650","-2000","-5.04","259611","9537204100"
"194370","제이에스코퍼레이션","11850","11040","-810","-6.84","163889","1798398800"
"026040","제이에스티나","3160","2970","-190","-6.01","99041","288696450"
"452160","제이엔비","5480","5270","-210","-3.83","32174","161719772"
"126880","제이엔케이글로벌","3670","3600","-70","-1.91","84344","300796975"
"322510","제이엘케이","7350","6890","-460","-6.26","358183","2461575985"
"254160","제이엠멀티","4140","4140","0","0.00","1","4140"
"033050","제이엠아이","894","880","-14","-1.57","37725","32690592"
"094970","제이엠티","2710","2570","-140","-5.17","187443","479442930"
"418550","제이오","7900","7220","-680","-8.61","105817","766775200"
"060230","제이케이시냅스","1842","1842","0","0.00","0","0"
"420570","제이투케이바이오","7750","7350","-400","-5.16","14861","109945600"
"089790","제이티","6160","5520","-640","-10.39","178878","989677945"
"0010V0","제이피아이헬스케어","12300","11600","-700","-5.69","25805","297049880"
"030000","제일기획","20200","20250","50","0.25","495684","9987263905"
"271980","제일약품","14450","13730","-720","-4.98","49520","674168370"
"412540","제일엠앤에스","3935","3935","0","0.00","0","0"
"001560","제일연마","10960","10320","-640","-5.84","11630","120639800"
"199820","제일일렉트릭","9390","8920","-470","-5.01","242016","2135788755"
"038010","제일테크노스","5950","5690","-260","-4.37","26970","153304280"
"002620","제일파마홀딩스","8790","8510","-280","-3.19","30087","256297710"
"080220","제주반도체","45900","41150","-4750","-10.35","2188281","90619343150"
"006220","제주은행","14280","13250","-1030","-7.21","302913","4004800380"
"089590","제주항공","5290","4925","-365","-6.90","695066","3433140489"
"216080","제테마","8800","8430","-370","-4.20","270251","2249898505"
"337930","젝시믹스","4720","4360","-360","-7.63","361077","1578740608"
"229000","젠큐릭스","3910","3740","-170","-4.35","9517523","36338458203"
"082270","젬백스","43550","41900","-1650","-3.79","249968","10156913175"
"004910","조광페인트","4925","4630","-295","-5.99","65015","303022912"
"004700","조광피혁","63500","60200","-3300","-5.20","5151","305521500"
"001550","조비","14590","16330","1740","11.93","2492847","43791317640"
"462520","조선내화","13910","13530","-380","-2.73","11574","156591460"
"120030","조선선재","100800","98500","-2300","-2.28","3064","300419500"
"034940","조아제약","871","827","-44","-5.05","106497","87601749"
"067000","조이시티","2465","2295","-170","-6.90","441726","1016059742"
"309930","조이웍스앤코","895","927","32","3.58","91147","76661576"
"018470","조일알미늄","1203","1214","11","0.91","5397252","6732654408"
"002600","조흥","154900","154200","-700","-0.45","211","32493100"
"185750","종근당","85600","83000","-2600","-3.04","27558","2257524900"
"063160","종근당바이오","19990","19330","-660","-3.30","11111","210731580"
"001630","종근당홀딩스","49000","47500","-1500","-3.06","5731","269850125"
"033340","좋은사람들","1954","1803","-151","-7.73","2386796","4281602069"
"036930","주성엔지니어링","67100","59900","-7200","-10.73","1668107","101664906350"
"109070","주성코퍼레이션","799","794","-5","-0.63","188437","147290152"
"044380","주연테크","328","322","-6","-1.83","115692","37641442"
"072020","중앙백신","9230","9040","-190","-2.06","30418","273892615"
"000440","중앙에너비스","29150","32400","3250","11.15","3963236","140007202225"
"051980","중앙첨단소재","1904","1749","-155","-8.14","1749019","3018010302"
"228760","지노믹트리","19160","18000","-1160","-6.05","88034","1573546480"
"314130","지놈앤컴퍼니","7030","6330","-700","-9.96","438276","2759615015"
"013890","지누스","11490","11010","-480","-4.18","72417","781457745"
"389030","지니너스","4225","4840","615","14.56","4889264","22477589066"
"263860","지니언스","14500","13840","-660","-4.55","40529","555979235"
"303030","지니틱스","572","593","21","3.67","118269","66073164"
"036180","지더블유바이텍","24","17","-7","-29.17","24402929","440435528"
"208350","지란지교시큐리티","2710","2715","5","0.18","17811","47560550"
"446840","지슨","1465","1366","-99","-6.76","134493","185118630"
"144510","지씨셀","26100","24200","-1900","-7.28","53744","1291619750"
"340450","지씨지놈","7410","6950","-460","-6.21","223850","1535185150"
"306620","지아이에스","2800","2620","-180","-6.43","526484","1378309081"
"358570","지아이이노베이션","15200","13960","-1240","-8.16","633772","8709020860"
"382480","지아이텍","2365","2290","-75","-3.17","202478","451890401"
"382800","지앤비에스 에코","3685","3465","-220","-5.97","199256","691597722"
"299480","지앤이헬스케어","380","380","0","0.00","1","380"
"051160","지어소프트","7400","7220","-180","-2.43","77230","554539370"
"053050","지에스이","3260","3560","300","9.20","46064050","178024952770"
"076340","지에이이노더스","4685","4410","-275","-5.87","1","4410"
"388610","지에프씨생명과학","10190","9520","-670","-6.58","43011","408557390"
"493330","지에프아이","14890","14190","-700","-4.70","41270","570514700"
"119850","지엔씨에너지","37050","34950","-2100","-5.67","166339","5774628875"
"065060","지엔코","569","544","-25","-4.39","59020","32232359"
"204840","지엘팜텍","1085","1040","-45","-4.15","293143","306521081"
"013870","지엠비코리아","5100","5000","-100","-1.96","100739","496739192"
"071320","지역난방공사","87200","83500","-3700","-4.24","33857","2816146800"
"311320","지오엘리먼트","6850","6400","-450","-6.57","54732","352370500"
"456160","지투지바이오","103400","95600","-7800","-7.54","463716","44059420600"
"388050","지투파워","10730","10100","-630","-5.87","691213","7014212750"
"088790","진도","2300","2220","-80","-3.48","45261","100313095"
"018120","진로발효","17530","17510","-20","-0.11","2889","50111160"
"109820","진매트릭스","2220","2140","-80","-3.60","106210","225590754"
"086060","진바이오텍","5130","5030","-100","-1.95","107233","534979340"
"036890","진성티이씨","14130","13180","-950","-6.72","135217","1774018495"
"363250","진시스템","4850","4860","10","0.21","99524","478685420"
"003780","진양산업","5900","5280","-620","-10.51","400797","2103732295"
"007370","진양제약","4700","4515","-185","-3.94","43992","198056285"
"010640","진양폴리","2570","2380","-190","-7.39","110263","260710888"
"100250","진양홀딩스","3020","2970","-50","-1.66","128270","378432562"
"051630","진양화학","2180","2040","-140","-6.42","131711","262441804"
"272450","진에어","6380","5970","-410","-6.43","295996","1783379880"
"285800","진영","1319","1339","20","1.52","188049","253490620"
"011000","진원생명과학","1084","1040","-44","-4.06","687103","710718601"
"250030","진코스텍","13760","13000","-760","-5.52","2709","35929970"
"002780","진흥기업","734","702","-32","-4.36","477755","334675262"
"002787","진흥기업2우B","7890","8170","280","3.55","67","543850"
"002785","진흥기업우B","3400","3355","-45","-1.32","822","2754340"
"233990","질경이","1850","1980","130","7.03","4506","8921143"
"025620","차AI헬스케어","9570","8920","-650","-6.79","32050","284265920"
"085660","차바이오텍","19800","18320","-1480","-7.47","576322","10569321190"
"261780","차백신연구소","2710","2575","-135","-4.98","82352","214010005"
"351870","차이커뮤니케이션","3965","4025","60","1.51","23696","92056580"
"009310","참엔지니어링","1140","1054","-86","-7.54","164924","170251927"
"094850","참좋은여행","5170","4865","-305","-5.90","66939","324511031"
"368030","창대정밀","8580","8580","0","0.00","0","0"
"004650","창해에탄올","9510","9390","-120","-1.26","38890","363824190"
"278280","천보","49450","45950","-3500","-7.08","70129","3208552375"
"000650","천일고속","243000","232000","-11000","-4.53","4310","978669000"
"362320","청담글로벌","5100","4910","-190","-3.73","143200","693955370"
"066360","체리부로","1044","1019","-25","-2.39","479228","484384932"
"033250","체시스","986","976","-10","-1.01","809093","802862083"
"047820","초록뱀미디어","4280","4065","-215","-5.02","99126","400879107"
"094360","칩스앤미디어","16590","15260","-1330","-8.02","111622","1699296950"
"016920","카스","946","946","0","0.00","130317","119934752"
"284620","카이노스메드","1087","1087","0","0.00","0","0"
"035720","카카오","53600","50400","-3200","-5.97","2045023","101756073625"
"293490","카카오게임즈","13380","13200","-180","-1.35","279566","3622496830"
"323410","카카오뱅크","24100","23750","-350","-1.45","1014457","23434383425"
"377300","카카오페이","61600","59000","-2600","-4.22","411878","23811996550"
"140430","카티스","680","622","-58","-8.53","336825","212865613"
"042000","카페24","28650","28300","-350","-1.22","140736","3889742800"
"006380","카프로","3660","3660","0","0.00","0","0"
"313760","캐리","624","552","-72","-11.54","329485","179307684"
"317530","캐리소프트","4380","4375","-5","-0.11","37180","156479095"
"071850","캐스텍코리아","1455","1450","-5","-0.34","3141","4518427"
"198080","캐프","2285","2150","-135","-5.91","276781","596432617"
"210120","캔버스엔","1428","1354","-74","-5.18","357681","488040309"
"050110","캠시스","2165","1977","-188","-8.68","164119","327707657"
"452300","캡스톤파트너스","3305","3220","-85","-2.57","145680","453249045"
"451760","컨텍","17250","16150","-1100","-6.38","313174","5148016910"
"900310","컬러레이","500","469","-31","-6.20","59881","28472272"
"078340","컴투스","33500","35100","1600","4.78","102929","3481591950"
"063080","컴투스홀딩스","18510","18100","-410","-2.22","28718","508139270"
"307930","컴퍼니케이","6940","6590","-350","-5.04","98778","637203480"
"079190","케스피온","423","396","-27","-6.38","180105","71073140"
"263700","케어랩스","2535","2370","-165","-6.51","66655","158375039"
"214370","케어젠","129500","130000","500","0.39","138139","17383234400"
"221980","케이디켐","10380","10220","-160","-1.54","408","4172830"
"038530","케이바이오","346","337","-9","-2.60","2623560","869476990"
"279570","케이뱅크","7750","6930","-820","-10.58","17595540","124284083380"
"001620","케이비아이동국실업","750","691","-59","-7.87","1345726","910527395"
"192250","케이사인","10020","10030","10","0.10","49642","491813460"
"431190","케이쓰리아이","4340","4055","-285","-6.57","27595","114634560"
"029460","케이씨","32250","30150","-2100","-6.51","51650","1546281275"
"115500","케이씨에스","8630","8330","-300","-3.48","68047","562139570"
"281820","케이씨텍","47600","41400","-6200","-13.03","210234","8676082750"
"089150","케이씨티","2315","2235","-80","-3.46","65686","145600525"
"025880","케이씨피드","2850","2900","50","1.75","4679409","14571858888"
"093320","케이아이엔엑스","110000","108000","-2000","-1.82","6267","664004000"
"093640","케이알엠","4555","5240","685","15.04","1030335","5192468324"
"073010","케이에스피","3690","3530","-160","-4.34","304388","1073931518"
"105330","케이엔더블유","6250","6160","-90","-1.44","82784","498181790"
"053080","케이엔솔","13520","12570","-950","-7.03","193698","2458713205"
"199430","케이엔알시스템","28300","25300","-3000","-10.60","106376","2680788475"
"432470","케이엔에스","15640","13990","-1650","-10.55","253349","3597256485"
"272110","케이엔제이","33950","29900","-4050","-11.93","231156","6863009025"
"039420","케이엘넷","2760","2770","10","0.36","56884","155697696"
"083550","케이엠","3480","3400","-80","-2.30","21163","71701595"
"032500","케이엠더블유","18100","16780","-1320","-7.29","239375","3982602725"
"225430","케이엠제약","381","351","-30","-7.87","297539","105931063"
"102370","케이옥션","3685","3380","-305","-8.28","161353","547603921"
"068100","케이웨더","2875","2735","-140","-4.87","27576","74255863"
"106080","케이이엠텍","356","297","-59","-16.57","1796021","537546468"
"455180","케이지에이","2910","2770","-140","-4.81","54434","148263025"
"381970","케이카","14310","13720","-590","-4.12","197086","2716191780"
"145270","케이탑리츠","902","896","-6","-0.67","116659","103836225"
"036030","케이티알파","4710","4490","-220","-4.67","67891","303570594"
"064820","케이프","10200","9650","-550","-5.39","115577","1117189615"
"024880","케이피에프","6020","5910","-110","-1.83","187830","1104316400"
"042040","케이피엠테크","165","160","-5","-3.03","411781","65200756"
"054410","케이피티유","3410","3350","-60","-1.76","21757","73830585"
"258610","케일럼","1127","1090","-37","-3.28","56551","60487149"
"274090","켄코아에어로스페이스","20150","19660","-490","-2.43","331091","6435694035"
"402420","켈스","1680","1680","0","0.00","0","0"
"089010","켐트로닉스","29650","27000","-2650","-8.94","206428","5513421475"
"220260","켐트로스","5580","5240","-340","-6.09","315909","1643075935"
"176590","코나솔","2900","2690","-210","-7.24","473","1250340"
"052400","코나아이","64200","60200","-4000","-6.23","88514","5249342300"
"402030","코난테크놀로지","18300","17070","-1230","-6.72","41881","706156705"
"391710","코닉오토메이션","1924","1794","-130","-6.76","187299","333140525"
"046070","코다코","10280","10280","0","0.00","0","0"
"047770","코데즈컴바인","4625","4150","-475","-10.27","1550629","6397207143"
"080530","코디","916","891","-25","-2.73","72400","64175359"
"417310","코람코더원리츠","9270","9220","-50","-0.54","99107","908290665"
"357120","코람코라이프인프라리츠","4525","4450","-75","-1.66","136220","600829896"
"104540","코렌텍","6060","5600","-460","-7.59","36600","206194915"
"027050","코리아나","1918","1776","-142","-7.40","198769","353608469"
"007815","코리아써우","15870","13990","-1880","-11.85","9866","137046390"
"007810","코리아써키트","55200","48700","-6500","-11.78","324270","15610412300"
"00781K","코리아써키트2우B","12290","11400","-890","-7.24","939","10757400"
"190650","코리아에셋투자증권","8660","8180","-480","-5.54","34998","282636990"
"123410","코리아에프티","7600","7200","-400","-5.26","309185","2172787580"
"003690","코리안리","12790","12540","-250","-1.95","239347","2987368265"
"036690","코맥스","2885","2885","0","0.00","0","0"
"049430","코메론","15360","15960","600","3.91","73557","1157289830"
"183300","코미코","108500","97000","-11500","-10.60","130148","12675591450"
"041960","코미팜","8350","7910","-440","-5.27","403537","3202090405"
"089890","코세스","25900","22500","-3400","-13.13","239007","5281488575"
"360350","코셈","9130","9210","80","0.88","68589","625290880"
"189350","코셋","1469","1454","-15","-1.02","236","300318"
"082660","코스나인","480","480","0","0.00","0","0"
"192820","코스맥스","168900","164000","-4900","-2.90","50957","8321832800"
"044820","코스맥스비티아이","13620","13350","-270","-1.98","37031","483996540"
"222040","코스맥스엔비티","3350","3220","-130","-3.88","28244","91127235"
"241710","코스메카코리아","76600","72700","-3900","-5.09","51130","3688497000"
"005070","코스모신소재","52900","49100","-3800","-7.18","287755","13960657600"
"005420","코스모화학","15450","14320","-1130","-7.31","236736","3345292075"
"355150","코스텍시스","16040","14260","-1780","-11.10","151478","2159463915"
"169670","코스텍시스템","4700","4800","100","2.13","92","432600"
"071950","코아스","2065","1886","-179","-8.67","95014","176746020"
"166480","코아스템켐온","2785","2600","-185","-6.64","535209","1375590822"
"045970","코아시아","5070","4545","-525","-10.36","232695","1069799746"
"196450","코아시아씨엠","1274","1208","-66","-5.18","152153","182271059"
"384470","코어라인소프트","3225","3085","-140","-4.34","79008","240644210"
"002020","코오롱","59000","56600","-2400","-4.07","76660","4312854550"
"138490","코오롱ENP","11770","11000","-770","-6.54","133271","1404902635"
"003070","코오롱글로벌","9890","9590","-300","-3.03","39956","380343900"
"003075","코오롱글로벌우","15740","15170","-570","-3.62","1132","17396580"
"102940","코오롱생명과학","60600","56800","-3800","-6.27","58293","3335012300"
"002025","코오롱우","27650","26400","-1250","-4.52","7147","189155025"
"120110","코오롱인더","62900","57500","-5400","-8.59","359598","20238237650"
"120115","코오롱인더우","27700","26000","-1700","-6.14","21637","559472975"
"950160","코오롱티슈진","113000","103600","-9400","-8.32","1008829","107653470750"
"021240","코웨이","75200","72200","-3000","-3.99","318961","22820635950"
"056360","코위버","5010","4775","-235","-4.69","75323","357837565"
"282880","코윈테크","15270","14300","-970","-6.35","85279","1213346995"
"121850","코이즈","2290","2180","-110","-4.80","82314","175428660"
"448710","코츠테크놀로지","21800","22100","300","1.38","1020427","23512973200"
"126730","코칩","19220","17410","-1810","-9.42","87035","1513290905"
"015710","코콤","3650","3535","-115","-3.15","58612","205725884"
"052330","코텍","9730","9410","-320","-3.29","53874","505519715"
"322780","코퍼스코리아","326","326","0","0.00","288780","92247799"
"036420","콘텐트리중앙","6620","6370","-250","-3.78","69529","433931640"
"200130","콜마비앤에이치","12290","12260","-30","-0.24","87684","1051623720"
"024720","콜마홀딩스","9230","8850","-380","-4.12","59501","522332860"
"294570","쿠콘","31200","29350","-1850","-5.93","42135","1212462700"
"192400","쿠쿠홀딩스","28150","27450","-700","-2.49","27179","742954375"
"284740","쿠쿠홈시스","24100","23450","-650","-2.70","21076","490998125"
"464490","쿼드메디슨","16220","14900","-1320","-8.14","257835","3848528785"
"317690","퀀타매트릭스","3820","3630","-190","-4.97","114551","414548422"
"432720","퀄리타스반도체","12570","11450","-1120","-8.91","158113","1809580530"
"456190","큐라켐","7000","7000","0","0.00","0","0"
"365270","큐라클","16650","16450","-200","-1.20","326017","5218769750"
"348080","큐라티스","1267","1207","-60","-4.74","940707","1235280330"
"060280","큐렉소","16190","15650","-540","-3.34","1024656","15911263475"
"372320","큐로셀","52800","48700","-4100","-7.77","99236","4830620750"
"051780","큐로홀딩스","814","717","-97","-11.92","151351","116082415"
"115180","큐리언트","41200","40600","-600","-1.46","511205","20356911500"
"494120","큐리오시스","76000","67900","-8100","-10.66","100282","6851881100"
"445680","큐리옥스바이오시스템즈","110300","93700","-16600","-15.05","253091","23753918900"
"182360","큐브엔터","11340","10550","-790","-6.97","30149","317886640"
"405100","큐알티","16850","15180","-1670","-9.91","102335","1545493950"
"066310","큐에스아이","8490","7920","-570","-6.71","104712","824789255"
"136660","큐엠씨","2095","2200","105","5.01","469","852249"
"016600","큐캐피탈","325","318","-7","-2.15","2383070","743599287"
"355390","크라우드웍스","2645","2475","-170","-6.43","94593","230769844"
"264900","크라운제과","8450","8390","-60","-0.71","15351","126304920"
"26490K","크라운제과우","8910","8890","-20","-0.22","4232","36455460"
"005740","크라운해태홀딩스","6640","6500","-140","-2.11","38338","245396040"
"005745","크라운해태홀딩스우","7310","7200","-110","-1.50","681","4923590"
"259960","크래프톤","226000","218500","-7500","-3.32","190493","40969198500"
"096240","크레버스","11440","11230","-210","-1.84","54241","613975180"
"040350","크레오에스지","767","719","-48","-6.26","266966","190573386"
"215570","크로넥스","1587","1499","-88","-5.55","1958","2823473"
"110790","크리스에프앤씨","3970","3950","-20","-0.50","31881","124373335"
"900250","크리스탈신소재","579","548","-31","-5.35","476061","258798868"
"045520","크린앤사이언스","3205","3110","-95","-2.96","12157","37362820"
"214150","클래시스","55300","53200","-2100","-3.80","200396","10489688450"
"466100","클로봇","61600","57600","-4000","-6.49","257287","14754001300"
"237880","클리오","11950","11300","-650","-5.44","45621","514396295"
"139670","키네마스터","1929","1852","-77","-3.99","67562","122160958"
"020120","키다리스튜디오","3475","3350","-125","-3.60","176369","580430185"
"475430","키스트론","4320","4125","-195","-4.51","74902","308332236"
"487720","키움제10호스팩","2080","2060","-20","-0.96","26","53610"
"489480","키움제11호스팩","2095","2090","-5","-0.24","1483","3088160"
"039490","키움증권","435500","415000","-20500","-4.71","152232","60772937250"
"466690","키움히어로제1호스팩","2060","2050","-10","-0.49","24637","50379155"
"054780","키이스트","2390","2260","-130","-5.44","56479","126148850"
"256940","킵스파마","8170","7480","-690","-8.45","117708","876861160"
"336040","타스컴","4200","4100","-100","-2.38","33","132500"
"219130","타이거일렉","28850","27050","-1800","-6.24","50160","1353892950"
"346010","타이드","1298","1297","-1","-0.08","0","0"
"318660","타임기술","3655","4195","540","14.77","4576","18360550"
"476710","타조이엔터테인먼트","16450","16450","0","0.00","0","0"
"434190","탈로스","4190","4160","-30","-0.72","15","61260"
"336680","탑런토탈솔루션","3765","3590","-175","-4.65","47601","170849890"
"360070","탑머티리얼","18010","17000","-1010","-5.61","43368","723408940"
"180060","탑선","7370","7290","-80","-1.09","5829","41534040"
"065130","탑엔지니어링","3140","2960","-180","-5.73","68581","202538746"
"134580","탑코미디어","1717","1687","-30","-1.75","36508","60034856"
"014580","태경비케이","4435","4445","10","0.23","2640706","12271226651"
"015890","태경산업","4810","4720","-90","-1.87","183722","875476658"
"006890","태경케미컬","8950","9000","50","0.56","4190849","41939627495"
"023160","태광","25700","29200","3500","13.62","1217526","34686014375"
"003240","태광산업","1220000","1164000","-56000","-4.59","4318","4908872000"
"011280","태림포장","1901","1838","-63","-3.31","182271","332732304"
"323280","태성","76900","75300","-1600","-2.08","551592","41271403250"
"053620","태양","6700","6600","-100","-1.49","3013","19853440"
"052960","태양3C","3365","3345","-20","-0.59","312","951715"
"004100","태양금속","2845","2750","-95","-3.34","567450","1549756190"
"004105","태양금속우","3615","3630","15","0.41","35840","124299330"
"116100","태양기계","541","578","37","6.84","15","8672"
"009410","태영건설","1744","1639","-105","-6.02","527941","864858122"
"009415","태영건설우","6040","5650","-390","-6.46","5119","29544640"
"044490","태웅","37550","40100","2550","6.79","851776","33359948400"
"124560","태웅로직스","2770","2720","-50","-1.81","318750","864883608"
"001420","태원물산","2830","2710","-120","-4.24","5524","15137445"
"191420","테고사이언스","12920","11620","-1300","-10.06","52732","615291000"
"950250","테라뷰","6720","6050","-670","-9.97","701855","4219547160"
"073640","테라사이언스","654","654","0","0.00","0","0"
"066700","테라젠이텍스","2590","2515","-75","-2.90","77208","192905552"
"095610","테스","77100","67800","-9300","-12.06","369549","25251114150"
"055490","테이팩스","15000","14240","-760","-5.07","24212","344420990"
"064520","테크엘","1620","1586","-34","-2.10","27914","42899221"
"089030","테크윙","71100","68500","-2600","-3.66","5487513","373920775400"
"258050","테크트랜스","391","445","54","13.81","10553","4208743"
"054450","텔레칩스","13100","12070","-1030","-7.86","126541","1534782745"
"078000","텔코웨어","17800","17240","-560","-3.15","23701","403544000"
"200230","텔콘RF제약","756","698","-58","-7.67","593673","415314642"
"214420","토니모리","6970","6460","-510","-7.32","220772","1424171545"
"393210","토마토시스템","4535","4210","-325","-7.17","92233","387629619"
"475960","토모큐브","59600","54500","-5100","-8.56","215932","11581114700"
"215480","토박스코리아","2095","2105","10","0.48","33009","68749703"
"051360","토비스","14410","13930","-480","-3.33","135146","1861400320"
"045340","토탈소프트","7050","7100","50","0.71","85582","591546260"
"108230","톱텍","4225","4000","-225","-5.33","145783","581354185"
"079970","투비소프트","596","596","0","0.00","0","0"
"199800","툴젠","48650","45550","-3100","-6.37","21474","968344900"
"417790","트루엔","7360","7080","-280","-3.80","35985","254862880"
"290090","트윔","5610","5440","-170","-3.03","9049","49125005"
"026150","특수건설","6420","6040","-380","-5.92","101859","618575415"
"464280","티디에스팜","9200","8570","-630","-6.85","28075","242443830"
"117730","티로보틱스","21800","20050","-1750","-8.03","232768","4642585065"
"033830","티비씨","590","570","-20","-3.39","147931","84471712"
"057680","티사이언티픽","650","626","-24","-3.69","469401","281996991"
"204610","티쓰리","2375","2460","85","3.58","744206","1792015393"
"125020","티씨머티리얼즈","6460","5910","-550","-8.51","2662219","16165637265"
"064760","티씨케이","260000","226000","-34000","-13.08","137962","31165051250"
"246710","티앤알바이오팹","3205","2900","-305","-9.52","634522","1842539855"
"340570","티앤엘","50500","49150","-1350","-2.67","60895","2958274750"
"043220","티에스넥스젠","1710","1710","0","0.00","0","0"
"277880","티에스아이","5350","5030","-320","-5.98","83624","420904785"
"131290","티에스이","106100","97500","-8600","-8.11","115076","11116670700"
"019180","티에이치엔","7460","6800","-660","-8.85","272478","1844976020"
"425420","티에프이","45050","40550","-4500","-9.99","109690","4464945400"
"484810","티엑스알로보틱스","15810","14710","-1100","-6.96","65451","943243325"
"131100","티엔엔터테인먼트","1317","1319","2","0.15","44665","56144883"
"356860","티엘비","60600","56200","-4400","-7.26","183162","10228853050"
"413300","티엘엔지니어링","2415","2575","160","6.63","21","46230"
"217590","티엠씨","13230","12250","-980","-7.41","63716","779652630"
"363280","티와이홀딩스","2845","2745","-100","-3.51","79735","213504600"
"36328K","티와이홀딩스우","4080","3975","-105","-2.57","3621","14319710"
"321550","티움바이오","6790","6740","-50","-0.74","296000","1947021500"
"091810","티웨이항공","1189","1072","-117","-9.84","3616016","3827687634"
"004870","티웨이홀딩스","364","337","-27","-7.42","353549","119492228"
"425040","티이엠씨","9500","8610","-890","-9.37","360160","3184298255"
"241790","티이엠씨씨엔에스","7080","6600","-480","-6.78","53959","353368600"
"022220","티케이지애강","526","521","-5","-0.95","61749","31944918"
"104480","티케이케미칼","1876","1796","-80","-4.26","409806","739346563"
"081150","티플랙스","2955","3060","105","3.55","249537","749166570"
"130740","티피씨글로벌","2130","2020","-110","-5.16","73509","148866222"
"217880","틸론","1394","1293","-101","-7.25","1590","1965240"
"084730","팅크웨어","8250","7830","-420","-5.09","35614","277253265"
"440110","파두","71000","64200","-6800","-9.58","1987992","125448833550"
"034230","파라다이스","16960","15900","-1060","-6.25","532427","8384183755"
"290560","파라택시스이더리움","1645","1560","-85","-5.17","92287","141728937"
"288330","파라택시스코리아","826","745","-81","-9.81","304086","227536677"
"033540","파라텍","1136","1130","-6","-0.53","859437","931926095"
"388870","파로스아이바이오","8740","8700","-40","-0.46","173067","1482697255"
"043200","파루","990","918","-72","-7.27","1989989","1907203444"
"214450","파마리서치","333000","315500","-17500","-5.26","74929","23239249000"
"217950","파마리서치바이오","31450","31750","300","0.95","4421","135598900"
"005690","파미셀","14500","13430","-1070","-7.38","672130","8885189735"
"177830","파버나인","2760","2685","-75","-2.72","123803","326997970"
"037070","파세코","8250","8300","50","0.61","82912","660979640"
"150900","파수","3520","3340","-180","-5.11","51470","169739685"
"037030","파워넷","2750","2630","-120","-4.36","335848","885015630"
"047310","파워로직스","5480","5080","-400","-7.30","388967","1960361965"
"368770","파이버프로","14450","14480","30","0.21","795028","11296734830"
"170790","파이오링크","8030","7780","-250","-3.11","27348","211731160"
"049120","파인디앤씨","466","501","35","7.51","214021","102585590"
"038950","파인디지털","3030","3065","35","1.16","1151","3433250"
"387570","파인메딕스","6680","6470","-210","-3.14","8020","51211350"
"441270","파인엠텍","8590","8000","-590","-6.87","281145","2214920755"
"106240","파인테크닉스","2135","2040","-95","-4.45","164734","333976035"
"131760","파인텍","687","646","-41","-5.97","471864","313089343"
"065690","파커스","1373","1299","-74","-5.39","48104","62374625"
"140860","파크시스템스","280000","265500","-14500","-5.18","25232","6512060000"
"091700","파트론","7850","7500","-350","-4.46","267036","1987622180"
"202960","판도라티비","684","680","-4","-0.58","2478","1616263"
"032800","판타지오","325","323","-2","-0.62","191272","60715652"
"318010","팜스빌","3505","3385","-120","-3.42","18604","62529740"
"036580","팜스코","3460","3340","-120","-3.47","282541","964288387"
"027710","팜스토리","1376","1404","28","2.03","44207174","67906706587"
"004720","팜젠사이언스","3710","3560","-150","-4.04","50403","179057760"
"266350","팡스카이","398","398","0","0.00","0","0"
"225590","패션플랫폼","873","850","-23","-2.63","68504","56624828"
"054300","팬스타엔터프라이즈","663","610","-53","-7.99","1440004","877083795"
"068050","팬엔터테인먼트","1626","1508","-118","-7.26","93275","143469778"
"028670","팬오션","5250","5000","-250","-4.76","7486519","37324491378"
"222110","팬젠","4975","4955","-20","-0.40","18434","90861605"
"271830","팸텍","1528","1448","-80","-5.24","127099","182525112"
"010820","퍼스텍","9020","8660","-360","-3.99","10469295","97134198485"
"016800","퍼시스","39700","38550","-1150","-2.90","670","25704550"
"263750","펄어비스","58800","66100","7300","12.41","2019298","127661481450"
"251970","펌텍코리아","48800","47200","-1600","-3.28","44307","2054943050"
"0015S0","페스카로","17340","16190","-1150","-6.63","154238","2428641465"
"001020","페이퍼코리아","727","683","-44","-6.05","362312","249085593"
"327610","펨토바이오메드","799","890","91","11.39","54","46984"
"168360","펨트론","23300","21350","-1950","-8.37","229950","4833131975"
"087010","펩트론","263000","285000","22000","8.37","603867","171657068250"
"090080","평화산업","912","882","-30","-3.29","178472","155864636"
"010770","평화홀딩스","3935","3755","-180","-4.57","67416","250637595"
"064800","포니링크","755","710","-45","-5.96","378941","265943667"
"119500","포메탈","4370","4245","-125","-2.86","238444","997423121"
"389140","포바이포","9510","8710","-800","-8.41","373574","3251039540"
"105760","포스뱅크","4960","4760","-200","-4.03","82100","389409732"
"022100","포스코DX","33650","31700","-1950","-5.79","470722","14692579775"
"058430","포스코스틸리온","45500","43200","-2300","-5.05","32549","1409307225"
"009520","포스코엠텍","18500","17500","-1000","-5.41","175499","3045418960"
"047050","포스코인터내셔널","73300","76600","3300","4.50","5457804","436262124850"
"003670","포스코퓨처엠","215500","202500","-13000","-6.03","348100","69635350650"
"189690","포시에스","1891","1820","-71","-3.75","37060","67446315"
"318020","포인트모바일","3310","3265","-45","-1.36","36521","116578745"
"256630","포인트엔지니어링","1057","1034","-23","-2.18","29700","30243012"
"331380","포커스에이아이","2990","2800","-190","-6.35","333843","915446725"
"208710","포톤","1940","1820","-120","-6.19","43621","79472404"
"472850","폰드그룹","5560","5140","-420","-7.55","78949","405620870"
"039980","폴라리스AI","1349","1278","-71","-5.26","534400","672894301"
"041910","폴라리스AI파마","6320","6090","-230","-3.64","127059","770268230"
"234100","폴라리스세원","1028","957","-71","-6.91","653303","625108598"
"041020","폴라리스오피스","3760","3715","-45","-1.20","565727","2026028074"
"114630","폴라리스우노","504","492","-12","-2.38","287710","139446952"
"290720","푸드나무","2300","2240","-60","-2.61","39004","88108450"
"005670","푸드웰","5730","5550","-180","-3.14","57412","317494710"
"094940","푸른기술","9500","8950","-550","-5.79","145260","1289766695"
"007330","푸른저축은행","11400","11400","0","0.00","0","0"
"017810","풀무원","12030","11590","-440","-3.66","50892","588144355"
"093380","풍강","2620","2630","10","0.38","26053","68874357"
"023900","풍국주정","9570","9750","180","1.88","2613121","27790880225"
"103140","풍산","121200","114100","-7100","-5.86","627957","73637312800"
"005810","풍산홀딩스","39900","39100","-800","-2.01","58582","2301256650"
"371950","풍원정밀","15070","14130","-940","-6.24","127685","1760847380"
"370090","퓨런티어","12580","12170","-410","-3.26","102650","1252656620"
"445180","퓨릿","10030","9060","-970","-9.67","111133","1024969360"
"341170","퓨쳐메디신","1683","1598","-85","-5.05","35301","53600303"
"220100","퓨쳐켐","20050","19080","-970","-4.84","134213","2504735575"
"035200","프럼파스트","3400","3310","-90","-2.65","63751","209641640"
"334970","프레스티지바이오로직스","2600","2475","-125","-4.81","94733","235604355"
"950210","프레스티지바이오파마","10010","9570","-440","-4.40","100642","955765060"
"227100","프로브잇","612","612","0","0.00","0","0"
"321260","프로이천","1596","1499","-97","-6.08","119006","176345707"
"296160","프로젠","6540","6550","10","0.15","16720","108438860"
"053610","프로텍","59100","54500","-4600","-7.78","101092","5446223700"
"468530","프로티나","78100","71000","-7100","-9.09","134411","9444438050"
"303360","프로티아","4960","4730","-230","-4.64","32229","151454285"
"377220","프롬바이오","1179","1155","-24","-2.04","117161","130879874"
"335810","프리시젼바이오","2280","2140","-140","-6.14","27557","59084149"
"053160","프리엠스","7590","7340","-250","-3.29","63230","459470520"
"405000","플라즈맵","6800","6620","-180","-2.65","4326","29012140"
"041590","플래스크","2370","2370","0","0.00","0","0"
"367000","플래티어","3690","3520","-170","-4.61","5785","20183260"
"075130","플랜티넷","2135","2065","-70","-3.28","87436","179204272"
"222670","플럼라인생명과학","4635","4635","0","0.00","0","0"
"009810","플레이그램","1036","1050","14","1.35","31823","32639418"
"237820","플레이디","4060","3970","-90","-2.22","17827","70092099"
"023770","플레이위드","2730","2730","0","0.00","9294","24772655"
"019570","플루토스","351","350","-1","-0.28","651610","222625749"
"300080","플리토","11850","11170","-680","-5.74","87829","963452090"
"033790","피노","5620","5070","-550","-9.79","382662","1954794835"
"032580","피델릭스","1018","956","-62","-6.09","175958","165944453"
"051380","피씨디렉트","1926","1906","-20","-1.04","499910","989505808"
"241820","피씨엘","6040","6040","0","0.00","0","0"
"452450","피아이이","5560","5190","-370","-6.65","272243","1403425990"
"237750","피앤씨테크","4485","4570","85","1.90","40956","180969515"
"460940","피앤에스로보틱스","8660","7920","-740","-8.55","137505","1090655000"
"319660","피에스케이","71400","61000","-10400","-14.57","631780","39254343650"
"031980","피에스케이홀딩스","117300","116300","-1000","-0.85","365583","42213955050"
"002230","피에스텍","10900","10650","-250","-2.29","301769","3228678525"
"043370","피에이치에이","12330","11480","-850","-6.89","46615","531631400"
"239890","피엔에이치테크","4860","4515","-345","-7.10","69483","314511676"
"347740","피엔케이피부임상연구센타","2130","2045","-85","-3.99","162159","329771584"
"137400","피엔티","50800","49000","-1800","-3.54","246855","11879346425"
"257370","피엔티엠에스","3280","3060","-220","-6.71","35810","108301878"
"147760","피엠티","4430","3860","-570","-12.87","116275","454017445"
"128660","피제이메탈","3285","3265","-20","-0.61","592167","1946322640"
"006140","피제이전자","6800","6580","-220","-3.24","83189","539457070"
"376180","피코그램","2420","2335","-85","-3.51","78640","183028705"
"304840","피플바이오","756","718","-38","-5.03","76733","54657529"
"087600","픽셀플러스","5950","5880","-70","-1.18","10893","61338180"
"291810","핀텔","2160","2030","-130","-6.02","44414","89367613"
"378340","필에너지","14580","13620","-960","-6.58","82042","1104013440"
"161580","필옵틱스","47800","44350","-3450","-7.22","299018","13096469200"
"347770","핌스","994","994","0","0.00","140331","136839896"
"163730","핑거","9890","9450","-440","-4.45","62651","586522170"
"417180","핑거스토리","1657","1548","-109","-6.58","75468","118366349"
"469880","하나30호스팩","2085","2087","2","0.10","10849","22619387"
"469900","하나31호스팩","2115","2095","-20","-0.95","4595","9626530"
"475240","하나32호스팩","2135","2120","-15","-0.70","8229","17353740"
"475250","하나33호스팩","2115","2100","-15","-0.71","4861","10173000"
"484130","하나34호스팩","2060","2060","0","0.00","3112","6383165"
"0041L0","하나35호스팩","2010","2000","-10","-0.50","17069","34178357"
"0101C0","하나36호스팩","2005","1999","-6","-0.30","30595","61106793"
"086790","하나금융지주","110300","107900","-2400","-2.18","1104013","116507990100"
"299030","하나기술","28600","26250","-2350","-8.22","80006","2078296775"
"067310","하나마이크론","36150","31950","-4200","-11.62","1821062","58755728175"
"166090","하나머티리얼즈","68100","61800","-6300","-9.25","319396","19735121900"
"293480","하나제약","9790","9340","-450","-4.60","68395","638225520"
"039130","하나투어","41950","39200","-2750","-6.56","241374","9494962175"
"136480","하림","3135","3125","-10","-0.32","940458","2929423572"
"003380","하림지주","16100","15520","-580","-3.60","1563192","23679476820"
"450330","하스","6690","6220","-470","-7.03","34189","213261290"
"101670","하이드로리튬","1933","1810","-123","-6.36","501850","906153312"
"365590","하이딥","2205","2185","-20","-0.91","104730","221051410"
"149980","하이로닉","5090","5090","0","0.00","0","0"
"013030","하이록코리아","35850","35250","-600","-1.67","51557","1800550500"
"352820","하이브","353000","346000","-7000","-1.98","236269","79599625250"
"126700","하이비젼시스템","17320","16270","-1050","-6.06","207635","3323198800"
"071090","하이스틸","3545","3565","20","0.56","223393","783662633"
"160190","하이젠알앤엠","59300","55600","-3700","-6.24","66119","3610400250"
"221840","하이즈항공","2645","2495","-150","-5.67","59558","146942655"
"106190","하이텍팜","15700","14500","-1200","-7.64","32455","470576665"
"000080","하이트진로","16430","16620","190","1.16","218092","3553554530"
"000087","하이트진로2우B","14070","14000","-70","-0.50","1719","23999045"
"000140","하이트진로홀딩스","9210","8900","-310","-3.37","31376","277789465"
"000145","하이트진로홀딩스우","11550","11240","-310","-2.68","984","10919120"
"065650","하이퍼코퍼레이션","1803","1779","-24","-1.33","44583","77377064"
"066130","하츠","4130","3955","-175","-4.24","46292","183767429"
"152550","한국ANKOR유전","490","459","-31","-6.33","148352391","78418420055"
"004590","한국가구","4580","4565","-15","-0.33","101731","460736591"
"036460","한국가스공사","36900","36300","-600","-1.63","636743","23398630425"
"039340","한국경제TV","4620","4570","-50","-1.08","15434","69252555"
"005430","한국공항","60000","56700","-3300","-5.50","19511","1113034650"
"071050","한국금융지주","230000","218000","-12000","-5.22","333305","70687200000"
"071055","한국금융지주우","164300","158000","-6300","-3.83","28693","4420556100"
"034950","한국기업평가","101200","100100","-1100","-1.09","1705","169960850"
"010040","한국내화","2000","1953","-47","-2.35","51236","99526721"
"025540","한국단자","70700","68100","-2600","-3.68","42514","2861832800"
"222980","한국맥널티","2630","2520","-110","-4.18","16919","43047665"
"010100","한국무브넥스","4680","4370","-310","-6.62","393574","1698931579"
"331660","한국미라클피플사","15560","15560","0","0.00","0","0"
"256840","한국비엔씨","4060","3855","-205","-5.05","735051","2820111990"
"219750","한국비티비","813","801","-12","-1.48","69381","55313179"
"004090","한국석유","23250","22800","-450","-1.94","908187","22548317550"
"025550","한국선재","3180","3075","-105","-3.30","86476","263517860"
"002200","한국수출포장","3115","3065","-50","-1.61","190300","582493790"
"002960","한국쉘석유","527000","532000","5000","0.95","9314","4925537000"
"017890","한국알콜","11680","11310","-370","-3.17","93841","1051387925"
"000240","한국앤컴퍼니","26000","24900","-1100","-4.23","101862","2488400150"
"080720","한국유니온제약","2725","2725","0","0.00","0","0"
"123890","한국자산신탁","2785","2720","-65","-2.33","605918","1626373112"
"015760","한국전력","48800","44800","-4000","-8.20","5198826","230765902750"
"041460","한국전자인증","3905","3715","-190","-4.87","135799","499499655"
"006200","한국전자홀딩스","803","771","-32","-3.99","285338","216913129"
"101680","한국정밀기계","2470","2375","-95","-3.85","25481","60385185"
"039740","한국정보공학","3055","2970","-85","-2.78","17406","51548190"
"053300","한국정보인증","6110","5740","-370","-6.06","174933","1000293445"
"025770","한국정보통신","7830","7590","-240","-3.07","46032","346342945"
"458610","한국제12호스팩","2095","2095","0","0.00","85333","178742000"
"464440","한국제13호스팩","2090","2090","0","0.00","8440","17600575"
"479880","한국제15호스팩","2080","2065","-15","-0.72","6442","13259685"
"027970","한국제지","798","763","-35","-4.39","83255","64106271"
"023350","한국종합기술","4465","4300","-165","-3.70","33680","143681404"
"025890","한국주강","1585","1547","-38","-2.40","33284","50486690"
"000970","한국주철관","6720","6600","-120","-1.79","54205","356366070"
"104700","한국철강","9600","9170","-430","-4.48","18627","170908230"
"062970","한국첨단소재","2380","2175","-205","-8.61","543938","1173634741"
"017960","한국카본","41800","44750","2950","7.06","2285104","101291311600"
"023760","한국캐피탈","1048","1008","-40","-3.82","409778","411623454"
"054040","한국컴퓨터","5100","4820","-280","-5.49","126608","611586559"
"161890","한국콜마","70000","66300","-3700","-5.29","108298","7123958200"
"021650","한국큐빅","2190","2200","10","0.46","13605","29628248"
"161390","한국타이어앤테크놀로지","59300","57000","-2300","-3.88","648340","36357336650"
"034830","한국토지신탁","1423","1386","-37","-2.60","1636514","2220385813"
"007280","한국특강","1349","1332","-17","-1.26","37797","50012069"
"032300","한국파마","12740","12130","-610","-4.79","33464","403910140"
"037230","한국팩키지","1876","1799","-77","-4.10","20498","36691396"
"448900","한국피아이엠","150000","135000","-15000","-10.00","190787","25399003900"
"047810","한국항공우주","183300","174100","-9200","-5.02","863366","150462117750"
"123690","한국화장품","8660","8050","-610","-7.04","166975","1344455410"
"003350","한국화장품제조","52100","47400","-4700","-9.02","37341","1762459575"
"030520","한글과컴퓨터","20300","19900","-400","-1.97","141896","2737870160"
"052600","한네트","3275","3200","-75","-2.29","24576","77995280"
"011500","한농화성","23950","22600","-1350","-5.64","389491","8695415350"
"002390","한독","10580","10150","-430","-4.06","26515","267930225"
"256150","한독크린텍","5180","5080","-100","-1.93","10841","55015450"
"092460","한라IMS","14570","14600","30","0.21","63181","905823340"
"125490","한라캐스트","15930","14690","-1240","-7.78","763596","11028248645"
"053690","한미글로벌","18450","17310","-1140","-6.18","121265","2084207795"
"042700","한미반도체","333500","305000","-28500","-8.55","1519978","460941729250"
"008930","한미사이언스","39400","37200","-2200","-5.58","154876","5658924875"
"128940","한미약품","516000","481500","-34500","-6.69","109156","51946443500"
"452190","한빛레이저","4130","3850","-280","-6.78","205208","789254100"
"047080","한빛소프트","1175","1130","-45","-3.83","70275","79745928"
"009240","한샘","42950","40600","-2350","-5.47","59854","2426207175"
"452280","한선엔지니어링","9290","8840","-450","-4.84","151389","1332070845"
"020000","한섬","24200","23600","-600","-2.48","180090","4223136300"
"003680","한성기업","5090","5000","-90","-1.77","25920","130515405"
"066980","한성크린텍","1320","1250","-70","-5.30","437451","547450507"
"105630","한세실업","12810","12440","-370","-2.89","85928","1061940665"
"069640","한세엠케이","584","574","-10","-1.71","8491","4871585"
"016450","한세예스24홀딩스","4760","4670","-90","-1.89","109738","501782312"
"009180","한솔로지스틱스","2940","2935","-5","-0.17","355046","1021942452"
"114810","한솔아이원스","14800","13760","-1040","-7.03","507992","6906477530"
"070590","한솔인티큐브","1791","1813","22","1.23","28842","52083291"
"213500","한솔제지","8350","8090","-260","-3.11","108971","880401120"
"014680","한솔케미칼","310000","284000","-26000","-8.39","66883","18856441750"
"004710","한솔테크닉스","5750","5250","-500","-8.70","305392","1594296790"
"004150","한솔홀딩스","3255","3180","-75","-2.30","191190","592953630"
"025750","한솔홈데코","592","567","-25","-4.22","563499","318807995"
"042520","한스바이오메드","50700","44250","-6450","-12.72","172504","7734148525"
"004960","한신공영","12880","12170","-710","-5.51","77836","932469775"
"011700","한신기계","4385","4240","-145","-3.31","654798","2750923346"
"430690","한싹","3825","3675","-150","-3.92","45950","164367829"
"078350","한양디지텍","24950","22200","-2750","-11.02","174600","3853362100"
"045100","한양이엔지","31150","28400","-2750","-8.83","123275","3485644050"
"001750","한양증권","23650","22800","-850","-3.59","39843","896282800"
"001755","한양증권우","22450","21900","-550","-2.45","692","14973700"
"018880","한온시스템","4140","3925","-215","-5.19","8526680","33014030099"
"009420","한올바이오파마","55400","52200","-3200","-5.78","219926","11330458600"
"320000","한울반도체","1767","1734","-33","-1.87","142961","240421509"
"091440","한울소재과학","2880","3035","155","5.38","182465","531723305"
"276730","한울앤제주","792","731","-61","-7.70","73624","52950579"
"014130","한익스프레스","2775","2680","-95","-3.42","38662","102016200"
"024740","한일단조","3720","3945","225","6.05","26265977","113668703041"
"005860","한일사료","4110","4545","435","10.58","40561503","204366686729"
"300720","한일시멘트","16640","16190","-450","-2.70","79770","1281192960"
"002220","한일철강","4025","3770","-255","-6.34","244170","907918255"
"003300","한일홀딩스","16830","16590","-240","-1.43","36447","605090125"
"007770","한일화학","7480","7650","170","2.27","6373","47433900"
"051600","한전KPS","55200","54400","-800","-1.45","173659","9327162900"
"052690","한전기술","155400","147700","-7700","-4.95","251463","36968528700"
"130660","한전산업","21100","19580","-1520","-7.20","1182231","23436373555"
"198940","한주라이트메탈","632","592","-40","-6.33","206582","122226191"
"058450","한주에이알티","522","428","-94","-18.01","796232","390889010"
"107640","한중엔시에스","51300","47700","-3600","-7.02","227935","10931747500"
"002320","한진","19670","18640","-1030","-5.24","38228","713994120"
"003480","한진중공업홀딩스","4815","4520","-295","-6.13","72810","330226404"
"180640","한진칼","123700","114000","-9700","-7.84","125451","14248060850"
"18064K","한진칼우","37100","33900","-3200","-8.63","9236","313919950"
"005110","한창","1254","1254","0","0.00","0","0"
"079170","한창산업","6610","6670","60","0.91","233767","1588692300"
"009460","한창제지","499","479","-20","-4.01","291738","140773284"
"372910","한컴라이프케어","2605","2550","-55","-2.11","205406","517607630"
"054920","한컴위드","4455","4220","-235","-5.27","419051","1744531507"
"457370","한켐","8890","8700","-190","-2.14","87689","760199190"
"002680","한탑","818","805","-13","-1.59","15971368","14729074108"
"098070","한텍","33750","35300","1550","4.59","139758","4877579975"
"000880","한화","132600","123500","-9100","-6.86","287609","35040723500"
"00088K","한화3우B","51600","47450","-4150","-8.04","70571","3285543700"
"452260","한화갤러리아","2900","2685","-215","-7.41","3954105","10592079532"
"45226K","한화갤러리아우","8320","7460","-860","-10.34","46371","351998130"
"451800","한화리츠","5090","5020","-70","-1.38","213823","1059661635"
"489790","한화비전","85800","79500","-6300","-7.34","824595","64260465550"
"088350","한화생명","4950","4615","-335","-6.77","8678075","39514062443"
"000370","한화손해보험","7250","6940","-310","-4.28","684018","4660121430"
"009830","한화솔루션","51800","50500","-1300","-2.51","4987491","250311852125"
"009835","한화솔루션우","30450","29300","-1150","-3.78","38848","1129660250"
"272210","한화시스템","158900","162700","3800","2.39","4891628","804247522200"
"012450","한화에어로스페이스","1481000","1434000","-47000","-3.17","564231","809437107500"
"082740","한화엔진","48400","48050","-350","-0.72","448008","21275842775"
"042660","한화오션","126700","123700","-3000","-2.37","1821801","225780271050"
"003530","한화투자증권","7600","6950","-650","-8.55","4276177","29225441010"
"003535","한화투자증권우","8900","8230","-670","-7.53","37145","298497970"
"455310","한화플러스제4호스팩","2095","2095","0","0.00","38984","81735515"
"498390","한화플러스제5호스팩","2040","2030","-10","-0.49","1660","3374853"
"195870","해성디에스","58300","50700","-7600","-13.04","170036","8620186800"
"034810","해성산업","7700","7300","-400","-5.19","35136","254496225"
"03481K","해성산업1우","7510","7320","-190","-2.53","3935","28199350"
"059270","해성에어로보틱스","11120","10550","-570","-5.13","199839","2063120455"
"076610","해성옵틱스","1086","1085","-1","-0.09","1408163","1459756945"
"101530","해태제과식품","6500","6400","-100","-1.54","50199","313378480"
"220180","핸디소프트","1995","1970","-25","-1.25","13052","25440298"
"143210","핸즈코퍼레이션","1015","1004","-11","-1.08","20244","20302529"
"900270","헝셩그룹","138","138","0","0.00","0","0"
"214180","헥토이노베이션","21000","19670","-1330","-6.33","239415","4678656115"
"234340","헥토파이낸셜","34500","34850","350","1.01","1655799","56085884750"
"084990","헬릭스미스","6400","5990","-410","-6.41","268687","1572868590"
"187660","현대ADM","15540","17380","1840","11.84","27440084","465994122375"
"000720","현대건설","156800","146400","-10400","-6.63","1584152","227400984600"
"000725","현대건설우","68900","64600","-4300","-6.24","10371","667864400"
"170030","현대공업","6000","5610","-390","-6.50","138220","774941880"
"453340","현대그린푸드","15800","15530","-270","-1.71","45638","702754600"
"086280","현대글로비스","243500","226500","-17000","-6.98","277189","61923108750"
"064350","현대로템","233000","215000","-18000","-7.73","1397778","301617702000"
"079430","현대리바트","7180","6800","-380","-5.29","84068","567617775"
"012330","현대모비스","444000","409000","-35000","-7.88","421928","169677873500"
"319400","현대무벡스","31800","29600","-2200","-6.92","962852","28362692050"
"048410","현대바이오","15250","15410","160","1.05","5678194","89616300230"
"052260","현대바이오랜드","4165","4025","-140","-3.36","86297","345896182"
"069960","현대백화점","89500","84700","-4800","-5.36","107249","8998133450"
"004560","현대비앤지스틸","18300","17810","-490","-2.68","201746","3466170150"
"016790","현대사료","994","994","0","0.00","0","0"
"004310","현대약품","10000","9260","-740","-7.40","959343","8782168440"
"041440","현대에버다임","8070","7850","-220","-2.73","181464","1403737875"
"039010","현대에이치티","8570","8020","-550","-6.42","80336","645030060"
"017800","현대엘리베이터","87000","86200","-800","-0.92","312338","26423662200"
"307950","현대오토에버","409000","383500","-25500","-6.23","103050","38551494750"
"011210","현대위아","91300","82500","-8800","-9.64","236072","19190567650"
"090850","현대이지웰","6370","6130","-240","-3.77","119167","728366195"
"004020","현대제철","39750","36900","-2850","-7.17","1354175","49225034550"
"005440","현대지에프홀딩스","14510","13960","-550","-3.79","360952","4974392730"
"005380","현대차","553000","507000","-46000","-8.32","1913094","957042736818"
"005387","현대차2우B","275500","252000","-23500","-8.53","251616","63004921750"
"005389","현대차3우B","258000","239000","-19000","-7.36","29810","7049934750"
"005385","현대차우","273500","253500","-20000","-7.31","178911","44553712750"
"001500","현대차증권","11390","10850","-540","-4.74","305036","3233935110"
"011760","현대코퍼레이션","25250","23900","-1350","-5.35","75140","1772227100"
"227840","현대코퍼레이션홀딩스","12050","11510","-540","-4.48","59737","688849540"
"126560","현대퓨처넷","3280","3240","-40","-1.22","99658","319933080"
"001450","현대해상","30850","29850","-1000","-3.24","420179","12404055875"
"057050","현대홈쇼핑","77500","74100","-3400","-4.39","41124","3054703800"
"460930","현대힘스","17250","16980","-270","-1.57","184140","3065206125"
"092300","현우산업","3115","2970","-145","-4.65","172626","510908320"
"011080","형지I&C","506","469","-37","-7.31","331028","154749027"
"308100","형지글로벌","1002","917","-85","-8.48","235952","217292357"
"093240","형지엘리트","1085","1010","-75","-6.91","949867","956476235"
"003010","혜인","5260","5050","-210","-3.99","80405","405136285"
"111110","호전실업","7630","7320","-310","-4.06","48269","356146590"
"008770","호텔신라","42050","40400","-1650","-3.92","280202","11226220925"
"008775","호텔신라우","33650","32500","-1150","-3.42","1466","47276050"
"064240","홈캐스트","1909","1859","-50","-2.62","92729","168714862"
"039610","화성밸브","7730","7550","-180","-2.33","72880","546192735"
"378850","화승알앤에이","3580","3450","-130","-3.63","92094","316008140"
"241590","화승엔터프라이즈","5030","4700","-330","-6.56","195876","915700107"
"006060","화승인더","3350","3215","-135","-4.03","164441","527171012"
"013520","화승코퍼레이션","3055","3020","-35","-1.15","366896","1089349240"
"010690","화신","12800","11880","-920","-7.19","438346","5053903345"
"126640","화신정공","1481","1420","-61","-4.12","315391","445229998"
"133820","화인베스틸","1348","1303","-45","-3.34","41222","53720643"
"127980","화인써키트","5050","4960","-90","-1.78","5786","28679990"
"061250","화일약품","1006","970","-36","-3.58","379835","362469595"
"010660","화천기계","5850","5770","-80","-1.37","408650","2341382520"
"000850","화천기공","36900","36000","-900","-2.44","3540","124629950"
"016580","환인제약","10440","10110","-330","-3.16","40024","403036935"
"032560","황금에스티","5920","5730","-190","-3.21","40717","232478970"
"004800","효성","146200","134200","-12000","-8.21","41441","5541884750"
"094280","효성ITX","12290","12120","-170","-1.38","23984","288182095"
"097870","효성오앤비","6160","6720","560","9.09","4498911","33345609090"
"298040","효성중공업","2478000","2389000","-89000","-3.59","39870","93420989500"
"298020","효성티앤씨","327000","305500","-21500","-6.57","36972","10985767000"
"298000","효성화학","38900","38900","0","0.00","0","0"
"093370","후성","7340","6820","-520","-7.08","533388","3588439215"
"290270","휴네시온","3500","3430","-70","-2.00","15198","51674850"
"005870","휴니드","9150","8490","-660","-7.21","1014853","9041466715"
"353190","휴럼","717","691","-26","-3.63","172505","116634888"
"090710","휴림로봇","12860","11940","-920","-7.15","5537663","65594041900"
"078590","휴림에이텍","630","590","-40","-6.35","905068","529285176"
"205470","휴마시스","753","706","-47","-6.24","1111411","785479480"
"115160","휴맥스","699","669","-30","-4.29","174526","116203969"
"028080","휴맥스홀딩스","1557","1489","-68","-4.37","22719","33578883"
"175140","휴먼테크놀로지","3765","3500","-265","-7.04","222593","801055890"
"200670","휴메딕스","37150","35950","-1200","-3.23","72406","2543184475"
"079980","휴비스","2535","2420","-115","-4.54","136330","328003585"
"065510","휴비츠","8360","8200","-160","-1.91","81627","653913950"
"005010","휴스틸","4425","4605","180","4.07","2651188","12158387159"
"263920","휴엠앤씨","4145","4185","40","0.97","17102","69797347"
"243070","휴온스","26300","25200","-1100","-4.18","29087","732485350"
"084110","휴온스글로벌","63000","63900","900","1.43","87040","5413804050"
"145020","휴젤","261500","249500","-12000","-4.59","43402","10730062000"
"024060","흥구석유","27600","27950","350","1.27","15488479","486406177000"
"010240","흥국","5120","4980","-140","-2.73","40624","202099990"
"189980","흥국에프엔비","1705","1639","-66","-3.87","178272","290800139"
"000540","흥국화재","4785","4525","-260","-5.43","276431","1229864730"
"000545","흥국화재우","7050","6770","-280","-3.97","7088","47759820"
"003280","흥아해운","2550","2450","-100","-3.92","78665365","214807261566"
"037440","희림","4030","3790","-240","-5.96","59194","224839408"
"238490","힘스","2845","2735","-110","-3.87","50098","135315973"