종목코드,종목명,시작일 기준가,종료일 종가,대비,등락률,거래량,거래대금
"060310","3S","1107","1194","87","7.86","542249","635260949"
"095570","AJ네트웍스","4710","4940","230","4.88","369333","1829093519"
"006840","AK홀딩스","7860","8010","150","1.91","30786","244237000"
"054620","APS","6530","7250","720","11.03","751825","5609607515"
"265520","AP시스템","19300","21600","2300","11.92","145338","3109635750"
"211270","AP위성","13700","15420","1720","12.55","471767","7314869750"
"139050","BF랩스","2805","2805","0","0.00","0","0"
"027410","BGF","4000","4200","200","5.00","249586","1030175072"
"282330","BGF리테일","111900","115300","3400","3.04","73334","8441470750"
"126600","BGF에코머티리얼즈","3375","3700","325","9.63","194230","702967636"
"138930","BNK금융지주","17640","18800","1160","6.58","1147711","21414533465"
"001460","BYC","43600","47800","4200","9.63","8380","392977975"
"001465","BYC우","26300","27100","800","3.04","3456","93097350"
"083790","CG인바이츠","1274","1407","133","10.44","279240","374077422"
"001040","CJ","187600","184000","-3600","-1.92","296214","55060163550"
"079160","CJ CGV","4850","5100","250","5.15","804085","4084217680"
"035760","CJ ENM","60900","64500","3600","5.91","129316","8386254350"
"311690","CJ 바이오사이언스","7420","8060","640","8.63","9553","76093740"
"00104K","CJ4우(전환)","165000","160900","-4100","-2.48","22110","3579463900"
"000120","CJ대한통운","110500","114200","3700","3.35","115578","13166718700"
"011150","CJ씨푸드","2555","2695","140","5.48","289056","774538957"
"011155","CJ씨푸드1우","14350","14750","400","2.79","1084","15757940"
"001045","CJ우","84200","88000","3800","4.51","6549","576116900"
"097950","CJ제일제당","190300","197100","6800","3.57","82706","16291021650"
"097955","CJ제일제당 우","128700","131100","2400","1.86","9283","1222446000"
"051500","CJ프레시웨이","29600","30200","600","2.03","82101","2459696625"
"058820","CMG제약","1675","1812","137","8.18","1442261","2583967873"
"056730","CNT85","458","473","15","3.28","77155","36048475"
"000480","CR홀딩스","4690","4855","165","3.52","42758","206558912"
"065770","CS","615","687","72","11.71","112383","74779932"
"083660","CSA 코스믹","260","270","10","3.85","928864","257236427"
"000590","CS홀딩스","77300","80000","2700","3.49","2385","190094750"
"012030","DB","1699","1910","211","12.42","2920293","5488697023"
"477760","DB금융스팩12호","2230","2230","0","0.00","0","0"
"005830","DB손해보험","175500","190600","15100","8.60","317938","59509441349"
"016610","DB증권","12700","14120","1420","11.18","146396","2050774920"
"000990","DB하이텍","77300","95000","17700","22.90","535924","48556885550"
"099520","DGI","1284","1284","0","0.00","0","0"
"000300","DH오토넥스","4200","4200","0","0.00","0","0"
"290120","DH오토리드","2690","2815","125","4.65","84123","236066184"
"025440","DH오토웨어","825","898","73","8.85","252059","226626151"
"001530","DI동일","20200","22150","1950","9.65","41250","907607675"
"015590","DKME","515","515","0","0.00","0","0"
"000210","DL","40150","42300","2150","5.35","132001","5596228675"
"000215","DL우","22550","23400","850","3.77","6801","159251475"
"375500","DL이앤씨","41650","44600","2950","7.08","285491","12801703050"
"37550L","DL이앤씨2우(전환)","33450","35450","2000","5.98","1680","59108450"
"37550K","DL이앤씨우","22100","23550","1450","6.56","12940","308798150"
"068790","DMS","6330","6330","0","0.00","0","0"
"007340","DN오토모티브","23350","24500","1150","4.93","288068","7048939075"
"004840","DRB동일","5500","5750","250","4.55","60769","345347045"
"241520","DSC인베스트먼트","13320","16310","2990","22.45","1914043","30680017680"
"155660","DSR","3770","3985","215","5.70","77728","304482366"
"069730","DSR제강","3910","4450","540","13.81","242814","1044802541"
"017860","DS단석","15610","17170","1560","9.99","120933","2039843045"
"180400","DXVX","3745","4035","290","7.74","384714","1545896815"
"092780","DYP","4200","4610","410","9.76","152402","691628855"
"017940","E1","93000","99300","6300","6.77","42353","4124204750"
"418620","E8","1143","1233","90","7.87","191191","228057237"
"245620","EDGC","415","415","0","0.00","0","0"
"037370","EG","4710","5070","360","7.64","46872","237520435"
"278990","EMB","3190","3200","10","0.31","1","3200"
"365550","ESR켄달스퀘어리츠","4105","4225","120","2.92","590901","2498898822"
"050120","ES큐브","2385","2600","215","9.01","18785","48541485"
"383220","F&F","62400","63500","1100","1.76","98483","6270940450"
"007700","F&F홀딩스","17630","18860","1230","6.98","36547","684294200"
"214270","FSN","2045","2300","255","12.47","1176114","2678300070"
"130500","GH신소재","2340","2455","115","4.91","136139","331171199"
"114090","GKL","12250","12910","660","5.39","510686","6474045020"
"900290","GRT","5460","6040","580","10.62","1129572","6779077520"
"078930","GS","61400","66600","5200","8.47","557169","36589746800"
"083450","GST","26500","30200","3700","13.96","533719","16035078450"
"006360","GS건설","18750","19550","800","4.27","855356","16920749280"
"001250","GS글로벌","2370","2500","130","5.49","815974","2026960043"
"007070","GS리테일","18660","18960","300","1.61","403248","7656951615"
"078935","GS우","50700","53800","3100","6.11","11139","596698200"
"499790","GS피앤엘","45300","46650","1350","2.98","176670","8303341575"
"297890","HB솔루션","1802","2030","228","12.65","487334","964042079"
"440290","HB인베스트먼트","1975","2115","140","7.09","223486","469885483"
"078150","HB테크놀러지","1715","1949","234","13.64","2246053","4313575115"
"225530","HC보광산업","2665","2800","135","5.07","51341","144728365"
"060560","HC홈센타","644","694","50","7.76","173457","117076220"
"012630","HDC","22600","24350","1750","7.74","294737","6964639975"
"039570","HDC랩스","8090","8140","50","0.62","59581","484970030"
"089470","HDC현대EP","5150","5510","360","6.99","214300","1172254280"
"294870","HDC현대산업개발","20450","20900","450","2.20","431907","9087105475"
"267270","HD건설기계","118300","126600","8300","7.02","458018","58816047050"
"009540","HD한국조선해양","379000","407000","28000","7.39","287942","117444573000"
"267250","HD현대","261500","275000","13500","5.16","290630","80132737750"
"443060","HD현대마린솔루션","159100","173100","14000","8.80","206711","35614015850"
"071970","HD현대마린엔진","72100","79100","7000","9.71","196964","15714818550"
"322000","HD현대에너지솔루션","77800","90100","12300","15.81","1096121","98827007300"
"267260","HD현대일렉트릭","871000","984000","113000","12.97","220416","217940188600"
"329180","HD현대중공업","511000","559000","48000","9.39","251920","139996537500"
"376270","HEM파마","64900","72500","7600","11.71","38631","2744557400"
"097230","HJ중공업","19340","22650","3310","17.11","1652494","37033814350"
"195940","HK이노엔","45550","48900","3350","7.35","348118","17189478775"
"014790","HL D&I","3165","3280","115","3.63","119863","399285837"
"028300","HLB","45700","50600","4900","10.72","1518697","76722319250"
"003580","HLB글로벌","1767","1949","182","10.30","182831","352838082"
"278650","HLB바이오스텝","1099","1232","133","12.10","390399","465741968"
"067630","HLB생명과학","3340","3790","450","13.47","515142","1898974146"
"024850","HLB이노베이션","2515","2875","360","14.31","1639460","4622897935"
"187420","HLB제넥스","2350","2535","185","7.87","55059","135921663"
"047920","HLB제약","13880","15250","1370","9.87","132920","1996135915"
"115450","HLB테라퓨틱스","2545","2805","260","10.22","478561","1313346246"
"046210","HLB파나진","1713","1939","226","13.19","190577","359401279"
"196300","HLB펩","6750","7040","290","4.30","24024","167768460"
"204320","HL만도","48000","53900","5900","12.29","558781","29889275950"
"060980","HL홀딩스","40700","42900","2200","5.41","46042","1991047275"
"011200","HMM","20500","21250","750","3.66","5207570","110263268625"
"403870","HPSP","37950","44950","7000","18.45","5224317","232365895900"
"036640","HRS","4770","4965","195","4.09","86771","430048980"
"035000","HS애드","8170","8580","410","5.02","19843","167161315"
"002460","HS화성","12300","12800","500","4.07","24040","304489870"
"487570","HS효성","53200","57300","4100","7.71","30329","1732415400"
"298050","HS효성첨단소재","195300","209000","13700","7.01","25783","5395717500"
"467930","IBKS제23호스팩","2190","2180","-10","-0.46","7356","15971385"
"469480","IBKS제24호스팩","2195","2190","-5","-0.23","7044","15246215"
"0099X0","IBKS제25호스팩","2130","2140","10","0.47","15756","33645084"
"015360","INVENI","71200","75000","3800","5.34","11738","864172050"
"095340","ISC","163900","202000","38100","23.25","438360","86353007400"
"175330","JB금융지주","28300","29250","950","3.36","749792","22135954325"
"950170","JTC","4460","4610","150","3.36","178229","822725183"
"234080","JW생명과학","12200","12930","730","5.98","71015","909377540"
"067290","JW신약","1900","2080","180","9.47","735464","1523632104"
"001060","JW중외제약","30050","32800","2750","9.15","133254","4345123850"
"001067","JW중외제약2우B","57500","58000","500","0.87","7","405600"
"001065","JW중외제약우","26400","27850","1450","5.49","795","21228600"
"096760","JW홀딩스","3670","4015","345","9.40","134963","527258329"
"035900","JYP Ent.","58100","61600","3500","6.02","429279","26634754550"
"318000","KBG","3805","3900","95","2.50","49838","194480530"
"008970","KBI동양철관","1459","1611","152","10.42","1755945","2799356981"
"024840","KBI메탈","1934","2170","236","12.20","1639345","3521222691"
"105560","KB금융","137700","149000","11300","8.21","1934617","289366519500"
"415640","KB발해인프라","9760","10020","260","2.66","225561","2256129555"
"432320","KB스타리츠","3105","3365","260","8.37","216939","717979750"
"024120","KB오토시스","3330","3435","105","3.15","59070","202270869"
"464680","KB제27호스팩","2085","2080","-5","-0.24","6895","14373666"
"478390","KB제29호스팩","2070","2085","15","0.72","2863","5916805"
"486630","KB제30호스팩","2050","2055","5","0.24","2030","4175080"
"492220","KB제31호스팩","2070","2070","0","0.00","5384","11079210"
"0037T0","KB제32호스팩","2030","2030","0","0.00","20510","41507152"
"0072Z0","KB제33호스팩","2005","2010","5","0.25","6889","13819492"
"002380","KCC","495000","539000","44000","8.89","47124","25414159500"
"021320","KCC건설","5950","6280","330","5.55","56672","355711865"
"344820","KCC글라스","26000","26950","950","3.65","67472","1801437025"
"009070","KCTC","5830","6280","450","7.72","1187362","7483897540"
"009440","KC그린홀딩스","756","756","0","0.00","0","0"
"112190","KC산업","1119","1135","16","1.43","10","11219"
"119650","KC코트렐","918","918","0","0.00","0","0"
"044180","KD","238","309","71","29.83","2673337","783768555"
"092220","KEC","1150","1424","274","23.83","22544157","30681734421"
"046440","KG모빌리언스","4700","5120","420","8.94","230831","1151773172"
"003620","KG모빌리티","3280","3510","230","7.01","2177270","7679587343"
"016380","KG스틸","5330","5580","250","4.69","354569","1972117155"
"151860","KG에코솔루션","5540","5870","330","5.96","167687","989585295"
"035600","KG이니시스","9990","10670","680","6.81","245825","2581844800"
"001390","KG케미칼","4570","4985","415","9.08","460007","2272366040"
"060720","KH바텍","13600","15300","1700","12.50","594332","9043792780"
"001940","KISCO홀딩스","23000","24450","1450","6.30","6979","169767525"
"058400","KNN","689","739","50","7.26","413839","300985186"
"025000","KPX케미칼","50000","51100","1100","2.20","9313","482014400"
"092230","KPX홀딩스","76100","80000","3900","5.12","5062","400422350"
"000040","KR모터스","352","365","13","3.69","170803","62296095"
"044450","KSS해운","10530","10910","380","3.61","2957170","32334553515"
"101000","KS인더스트리","985","1044","59","5.99","673116","706464356"
"030200","KT","54900","57800","2900","5.28","545551","32089859943"
"033780","KT&G","151600","156600","5000","3.30","506566","79856405950"
"058850","KTcs","2505","2645","140","5.59","372437","977807965"
"058860","KTis","2695","2845","150","5.57","389273","1097690515"
"089600","KT나스미디어","11450","11890","440","3.84","69734","827457180"
"418470","KT밀리의서재","12010","12640","630","5.25","142784","1782118640"
"043610","KT지니뮤직","1654","1691","37","2.24","204113","343803682"
"122450","KX","3000","3230","230","7.67","97203","309779402"
"052900","KX하이텍","1050","1258","208","19.81","2147452","2567330691"
"036560","KZ정밀","12510","13490","980","7.83","26261","348764490"
"061970","LB세미콘","4005","4500","495","12.36","542560","2402076975"
"309960","LB인베스트먼트","5640","6400","760","13.48","205796","1288263120"
"093050","LF","20000","20450","450","2.25","40080","825642000"
"003550","LG","91300","96800","5500","6.02","538142","51680083100"
"034220","LG디스플레이","11000","11630","630","5.73","8076314","94679409460"
"051900","LG생활건강","225000","235500","10500","4.67","76429","18128661750"
"051905","LG생활건강우","106000","107400","1400","1.32","11437","1238654000"
"064400","LG씨엔에스","57900","62700","4800","8.29","836857","52735443600"
"373220","LG에너지솔루션","347500","371500","24000","6.91","541523","202663651500"
"003555","LG우","68800","71800","3000","4.36","25045","1803835250"
"032640","LG유플러스","14580","15010","430","2.95","1555269","23630753550"
"011070","LG이노텍","246000","263500","17500","7.11","260846","69377507000"
"066570","LG전자","109000","115400","6400","5.87","1954025","229523871700"
"066575","LG전자우","50100","54000","3900","7.78","222902","12170491450"
"037560","LG헬로비전","2130","2260","130","6.10","220796","492217496"
"051910","LG화학","307000","324500","17500","5.70","550806","181157036500"
"051915","LG화학우","148300","159800","11500","7.75","60529","9824703100"
"079550","LIG넥스원","619000","763000","144000","23.26","2017202","1476874571000"
"225190","LK삼양","1830","2180","350","19.13","5485774","12246494807"
"006260","LS","233000","249500","16500","7.08","234629","58815018500"
"010120","LS ELECTRIC","626000","701000","75000","11.98","197106","140297146000"
"000680","LS네트웍스","2945","3170","225","7.64","373002","1164948477"
"060370","LS마린솔루션","25100","27500","2400","9.56","339497","9408130625"
"417200","LS머트리얼즈","13150","15060","1910","14.52","1698081","25380664275"
"229640","LS에코에너지","37950","41800","3850","10.14","158689","6636203400"
"078020","LS증권","6700","7500","800","11.94","524456","3905493735"
"322180","LS티라유텍","6890","7820","930","13.50","481997","3789705655"
"108320","LX세미콘","47200","51600","4400","9.32","141390","7255947200"
"001120","LX인터내셔널","38500","39750","1250","3.25","177505","7142539175"
"108670","LX하우시스","27900","29100","1200","4.30","42531","1233229775"
"108675","LX하우시스우","15550","16180","630","4.05","5148","83533440"
"383800","LX홀딩스","7800","8260","460","5.90","212125","1743619660"
"38380K","LX홀딩스1우","7820","8070","250","3.20","6759","54714280"
"476080","M83","5760","6470","710","12.33","112814","716965995"
"086960","MDS테크","1100","1221","121","11.00","1721573","2086562090"
"023150","MH에탄올","3990","4150","160","4.01","21367","87629005"
"035420","NAVER","208000","220000","12000","5.77","1671549","370724847500"
"160550","NEW","1700","1810","110","6.47","150017","268977923"
"053290","NE능률","1820","1939","119","6.54","47425","90169212"
"181710","NHN","33200","35250","2050","6.17","82714","2892507975"
"060250","NHN KCP","16610","19880","3270","19.69","2013364","39789328805"
"104200","NHN벅스","4695","5300","605","12.89","169982","892679750"
"400760","NH올원리츠","3060","3150","90","2.94","121049","380569031"
"005940","NH투자증권","28800","32050","3250","11.28","1355564","43751052400"
"005945","NH투자증권우","22050","24450","2400","10.88","134112","3255526600"
"338100","NH프라임리츠","4570","4635","65","1.42","106428","492063811"
"034310","NICE","13220","13880","660","4.99","120935","1643515295"
"063570","NICE인프라","3810","4040","230","6.04","74481","297207868"
"030190","NICE평가정보","15630","16430","800","5.12","65510","1073272310"
"008260","NI스틸","3350","3525","175","5.22","151441","528641304"
"004250","NPC","3570","3705","135","3.78","69750","257223425"
"004255","NPC우","2310","2410","100","4.33","20288","47661020"
"222160","NPX","8040","8040","0","0.00","0","0"
"456040","OCI","73800","80500","6700","9.08","62022","4969362900"
"010060","OCI홀딩스","120600","131300","10700","8.87","103352","13642871000"
"178920","PI첨단소재","16620","18390","1770","10.65","204193","3727434105"
"001340","PKC","5810","6490","680","11.70","470746","2977126575"
"024940","PN풍년","4180","4600","420","10.05","93593","425920224"
"005490","POSCO홀딩스","321500","346500","25000","7.78","684573","238484274250"
"332570","PS일렉트로닉스","4425","5040","615","13.90","1252405","6228823069"
"218410","RFHIC","57000","67200","10200","17.89","822357","54222840650"
"327260","RF머트리얼즈","42300","48650","6350","15.01","288228","13706860700"
"474610","RF시스템즈","5560","6320","760","13.67","650044","4069318805"
"091340","S&K폴리텍","2065","2205","140","6.78","57020","124406493"
"010950","S-Oil","126500","134700","8200","6.48","5004431","637060074250"
"010955","S-Oil우","58300","58600","300","0.51","160544","9240594650"
"419530","SAMG엔터","28950","31500","2550","8.81","85097","2642606875"
"019550","SBI인베스트먼트","676","721","45","6.66","1054379","758175729"
"034120","SBS","16490","17000","510","3.09","37571","636676300"
"003080","SB성보","2620","2650","30","1.15","18314","48342562"
"246960","SCL사이언스","1774","1890","116","6.54","40467","75714455"
"099220","SDN","1000","1126","126","12.60","1013610","1109893291"
"036540","SFA반도체","6030","7060","1030","17.08","7243734","50949502310"
"255220","SG","2465","2660","195","7.91","2953203","7900119037"
"040610","SG&G","1820","1940","120","6.59","201821","385622850"
"184230","SGA솔루션즈","540","570","30","5.56","634553","358320948"
"016250","SGC E&C","16880","18200","1320","7.82","22469","406997100"
"005090","SGC에너지","39100","44550","5450","13.94","235318","10357483200"
"001380","SG글로벌","1341","1485","144","10.74","239106","349219389"
"004060","SG세계물산","570","609","39","6.84","11411098","6960849284"
"001770","SHD","16250","17010","760","4.68","7886","128894495"
"002360","SH에너지화학","550","453","-97","-17.64","38275906","18220163869"
"009160","SIMPAC","4800","4985","185","3.85","155195","777073140"
"033530","SJG세종","7650","8680","1030","13.46","373669","3205777530"
"123700","SJM","3405","3600","195","5.73","30618","110364578"
"025530","SJM홀딩스","3465","3630","165","4.76","34885","126217560"
"034730","SK","330000","359500","29500","8.94","374226","136237999954"
"357880","SKAI","2275","2445","170","7.47","3910548","9561364570"
"011790","SKC","88000","99200","11200","12.73","320286","31565661500"
"018670","SK가스","217500","238000","20500","9.43","49412","11349406500"
"001740","SK네트웍스","5000","5340","340","6.80","1157555","6157346655"
"006120","SK디스커버리","50400","54100","3700","7.34","24294","1293277550"
"006125","SK디스커버리우","35800","37000","1200","3.35","8279","303190850"
"210980","SK디앤디","12160","12620","460","3.78","66563","833254020"
"395400","SK리츠","5440","5720","280","5.15","541998","3078143435"
"302440","SK바이오사이언스","41400","44250","2850","6.88","161034","7106375975"
"326030","SK바이오팜","97500","106600","9100","9.33","293201","30779241850"
"402340","SK스퀘어","507000","566000","59000","11.64","782233","449905195000"
"260870","SK시그넷","8650","9260","610","7.05","11807","106977780"
"361610","SK아이이테크놀로지","20500","22700","2200","10.73","266450","6016452800"
"100090","SK오션플랜트","15250","16980","1730","11.34","411226","6923278845"
"03473K","SK우","236000","257000","21000","8.90","6974","1793027000"
"096770","SK이노베이션","109000","126500","17500","16.06","2015029","249412226450"
"096775","SK이노베이션우","69900","76400","6500","9.30","23299","1764370700"
"475150","SK이터닉스","21550","23950","2400","11.14","760054","18103267450"
"001510","SK증권","1485","1743","258","17.37","97436017","174321443058"
"001515","SK증권우","2740","3090","350","12.77","228208","728922895"
"285130","SK케미칼","54800","59400","4600","8.39","52430","3110200100"
"28513K","SK케미칼우","25600","26950","1350","5.27","4506","121488875"
"017670","SK텔레콤","70300","77900","7600","10.81","1756072","135555177650"
"000660","SK하이닉스","849000","941000","92000","10.84","6442459","6193801312000"
"048550","SM C&C","1031","1129","98","9.51","354764","390450773"
"063440","SM Life Design","1392","1483","91","6.54","176108","259944557"
"003570","SNT다이내믹스","48000","49900","1900","3.96","167401","8434652150"
"064960","SNT모티브","31200","33200","2000","6.41","74236","2455898225"
"100840","SNT에너지","35850","40150","4300","11.99","234288","9349670275"
"036530","SNT홀딩스","52700","56300","3600","6.83","25026","1423748450"
"067160","SOOP","60900","64500","3600","5.91","102671","6664557550"
"005610","SPC삼립","49450","50900","1450","2.93","8269","421319500"
"011810","STX","3530","3530","0","0.00","0","0"
"465770","STX그린로지스","8350","7530","-820","-9.82","4046583","31115807020"
"077970","STX엔진","26100","29800","3700","14.18","227803","6715902950"
"002820","SUN&L","2150","2240","90","4.19","74697","164006420"
"289080","SV인베스트먼트","3065","3505","440","14.36","2236881","7900082654"
"084870","TBH글로벌","1780","1879","99","5.56","64777","121681511"
"002710","TCC스틸","11930","13330","1400","11.74","139426","1865708000"
"013720","THE CUBE&","652","726","74","11.35","418612","298602913"
"089230","THE E&M","1377","1372","-5","-0.36","879952","1217263554"
"032540","TJ미디어","6310","6290","-20","-0.32","92169","586263940"
"069260","TKG휴켐스","16900","18030","1130","6.69","161717","2909002425"
"007980","TP","1734","1873","139","8.02","404400","745815243"
"048770","TPC","2755","3155","400","14.52","182150","561301384"
"246690","TS인베스트먼트","1628","1850","222","13.64","1071373","1966069120"
"317240","TS트릴리온","320","344","24","7.50","1435805","495177712"
"002900","TYM","5950","6640","690","11.60","472424","3112676840"
"024070","WISCOM","1830","1851","21","1.15","26762","49778966"
"057030","YBM넷","2640","2730","90","3.41","86594","233175913"
"037270","YG PLUS","5640","6210","570","10.11","1139292","6996355790"
"040300","YTN","3055","3400","345","11.29","301057","995599340"
"051390","YW","3935","4015","80","2.03","19073","76716125"
"052220","iMBC","2900","3215","315","10.86","315738","973951351"
"139130","iM금융지주","16280","17250","970","5.96","1367341","23568481145"
"079940","가비아","26800","29850","3050","11.38","10131","295028450"
"078890","가온그룹","6630","6780","150","2.26","1157757","7934707765"
"000500","가온전선","87600","95100","7500","8.56","55336","5332395300"
"399720","가온칩스","52800","60500","7700","14.58","148434","9085435150"
"296520","가이아코퍼레이션","500","426","-74","-14.80","1","426"
"036620","감성코퍼레이션","5160","5530","370","7.17","1443630","7940182345"
"000860","강남제비스코","15410","15880","470","3.05","65560","1040384850"
"198440","강동씨앤엘","1033","1076","43","4.16","104997","111256949"
"217730","강스템바이오텍","1819","1969","150","8.25","692052","1357334382"
"035250","강원랜드","17370","17830","460","2.65","832303","14939288845"
"114190","강원에너지","11370","12800","1430","12.58","198599","2517084105"
"094480","갤럭시아머니트리","7720","8800","1080","13.99","691894","6078541460"
"011420","갤럭시아에스엠","1602","1764","162","10.11","188461","326984750"
"039240","경남스틸","2370","2490","120","5.06","233271","572876580"
"053950","경남제약","623","672","49","7.87","1574878","1047152023"
"002100","경농","8960","9380","420","4.69","81796","762394710"
"009450","경동나비엔","55100","59900","4800","8.71","57670","3433504650"
"267290","경동도시가스","21700","22350","650","3.00","35374","780959250"
"012320","경동인베스트","79700","87800","8100","10.16","30529","2641240900"
"011040","경동제약","5290","5550","260","4.91","67133","369245515"
"000050","경방","8450","9230","780","9.23","174484","1603144820"
"214390","경보제약","5210","5580","370","7.10","37711","207818540"
"012610","경인양행","3685","4090","405","10.99","554309","2249734105"
"009140","경인전자","20200","20900","700","3.47","3905","80760900"
"024910","경창산업","1733","1937","204","11.77","391260","740682966"
"013580","계룡건설","24200","26150","1950","8.06","111507","2891563750"
"012200","계양전기","6780","7620","840","12.39","1306600","9995010040"
"012205","계양전기우","5530","6050","520","9.40","70818","425839660"
"002140","고려산업","2870","2840","-30","-1.05","6686706","18814409511"
"049720","고려신용정보","10120","10410","290","2.87","92777","953575155"
"010130","고려아연","1632000","1759000","127000","7.78","32605","58401429500"
"002240","고려제강","20650","21400","750","3.63","61304","1308353800"
"014570","고려제약","3765","3945","180","4.78","21167","82841285"
"348150","고바이오랩","4190","4605","415","9.90","80297","363590198"
"950190","고스트스튜디오","7560","7870","310","4.10","35829","281760065"
"098460","고영","25550","30600","5050","19.77","4503157","135914064125"
"035290","골드앤에스","574","583","9","1.57","230510","134148199"
"215000","골프존","48550","51600","3050","6.28","41558","2139664050"
"121440","골프존홀딩스","4715","4950","235","4.98","48382","237187560"
"366030","공구우먼","4680","5220","540","11.54","158509","805831120"
"009290","광동제약","7630","8260","630","8.26","1036276","8499096625"
"086220","광동헬스바이오","1419","1469","50","3.52","322","408412"
"017040","광명전기","1200","1333","133","11.08","574191","756407192"
"029480","광무","2120","2330","210","9.91","195835","454700515"
"017900","광전자","1763","1881","118","6.69","129826","242261081"
"037710","광주신세계","35150","37600","2450","6.97","30717","1149299550"
"026910","광진실업","1946","1980","34","1.75","24228","47778403"
"465320","교보15호스팩","2335","2335","0","0.00","0","0"
"482520","교보16호스팩","2095","2095","0","0.00","0","0"
"489210","교보17호스팩","2140","2150","10","0.47","1382","2959070"
"0041B0","교보18호스팩","2085","2070","-15","-0.72","1882","3899350"
"0098T0","교보19호스팩","2055","2060","5","0.24","43967","90743885"
"030610","교보증권","11600","12740","1140","9.83","197672","2512489410"
"339770","교촌에프앤비","4090","4260","170","4.16","205732","870154812"
"053270","구영테크","2110","2280","170","8.06","221895","499391271"
"007690","국도화학","34250","36100","1850","5.40","16585","594406650"
"066620","국보디자인","21250","22900","1650","7.76","8089","181770575"
"043650","국순당","3910","4110","200","5.12","554494","2316390534"
"006050","국영지앤엠","1199","1287","88","7.34","321243","409152732"
"060480","국일신동","1494","1524","30","2.01","52588","80347459"
"078130","국일제지","274","293","19","6.93","1392752","405467761"
"307750","국전약품","4010","4250","240","5.99","5402720","22759496462"
"002720","국제약품","4690","4990","300","6.40","1063929","5306258090"
"035080","그래디언트","9380","10030","650","6.93","47011","467545750"
"318060","그래피","44200","48150","3950","8.94","220965","10720865175"
"453450","그리드위즈","16000","18420","2420","15.13","143919","2576866795"
"204020","그리티","1932","2040","108","5.59","89669","180870643"
"0015G0","그린광학","33900","41250","7350","21.68","1162748","46281599025"
"402490","그린리소스","10810","12090","1280","11.84","4062480","49299621480"
"114450","그린생명과학","2340","2570","230","9.83","224500","563645690"
"083420","그린케미칼","5100","5500","400","7.84","68861","376819780"
"186230","그린플러스","4460","4560","100","2.24","56614","255691759"
"014530","극동유화","5990","4910","-1080","-18.03","31927944","169939123471"
"900070","글로벌에스엠","479","518","39","8.14","503468","258941428"
"204620","글로벌텍스프리","4095","4355","260","6.35","1174343","5109517843"
"019660","글로본","2260","2320","60","2.65","25304","57973420"
"014280","금강공업","4655","5030","375","8.06","231712","1160829810"
"014285","금강공업우","6460","6750","290","4.49","5630","38414890"
"053260","금강철강","3840","4065","225","5.86","45515","183523964"
"008870","금비","45600","46650","1050","2.30","1058","49381625"
"001570","금양","9900","9900","0","0.00","0","0"
"282720","금양그린파워","10750","12350","1600","14.88","130572","1572475515"
"002990","금호건설","4150","4415","265","6.39","272516","1204672094"
"002995","금호건설우","13300","13700","400","3.01","3915","53672880"
"011780","금호석유화학","120700","122000","1300","1.08","286049","35162282900"
"011785","금호석유화학우","59200","61000","1800","3.04","14632","898205500"
"214330","금호에이치티","472","483","11","2.33","817364","397541910"
"001210","금호전기","770","822","52","6.75","1168480","953027042"
"073240","금호타이어","5690","6040","350","6.15","1060739","6395088790"
"036190","금화피에스시","31650","33150","1500","4.74","14788","491424750"
"049080","기가레인","402","447","45","11.19","441783","197984659"
"420770","기가비스","64700","71300","6600","10.20","139958","9919778750"
"035460","기산텔레콤","1975","2085","110","5.57","84762","175930126"
"092440","기신정기","2185","2265","80","3.66","23829","53118390"
"000270","기아","156700","166400","9700","6.19","2697408","453920189350"
"024110","기업은행","22400","23800","1400","6.25","1820155","43450465425"
"013700","까뮤이앤씨","1164","1210","46","3.95","90139","108908109"
"004540","깨끗한나라","1802","1902","100","5.55","131282","247336527"
"004545","깨끗한나라우","10020","10370","350","3.49","841","8720570"
"407400","꿈비","3950","4310","360","9.11","148772","634117540"
"187790","나노","4060","4510","450","11.08","784949","3486258441"
"121600","나노신소재","53400","62000","8600","16.10","189292","11776691850"
"286750","나노실리칸첨단소재","1274","1390","116","9.11","103438","144143835"
"247660","나노씨엠에스","3505","3710","205","5.85","25027","91688249"
"039860","나노엔텍","5360","6350","990","18.47","2665658","16737116145"
"091970","나노캠텍","480","480","0","0.00","374846","186047704"
"417010","나노팀","8730","10620","1890","21.65","934123","9729575160"
"244880","나눔테크","1989","1998","9","0.45","1","1998"
"405920","나라셀라","2235","2270","35","1.57","15331","35439345"
"478340","나라스페이스테크놀로지","34100","40100","6000","17.60","527510","21090728625"
"051490","나라엠앤디","3400","3615","215","6.32","55795","202106305"
"137080","나래나노텍","3830","3985","155","4.05","13758","56176910"
"190510","나무가","17500","19550","2050","11.71","136818","2649112020"
"242040","나무기술","3310","4300","990","29.91","3324015","13619868006"
"293580","나우IB","1735","2025","290","16.71","2765554","5483783115"
"459510","나우로보틱스","20300","22400","2100","10.34","193045","4431827025"
"257990","나우코스","8300","8300","0","0.00","13177","114002080"
"138610","나이벡","26350","29400","3050","11.57","92502","2675820850"
"130580","나이스디앤비","5470","5740","270","4.94","11051","62503550"
"036800","나이스정보통신","24650","26150","1500","6.09","13654","347476200"
"267320","나인테크","2740","3200","460","16.79","1885404","5904348974"
"001260","남광토건","7690","8350","660","8.58","42818","354726060"
"008350","남선알미늄","1206","1410","204","16.92","67757649","93084676000"
"008355","남선알미우","12310","13340","1030","8.37","15023","198683530"
"004270","남성","697","725","28","4.02","124747","89237302"
"003920","남양유업","46050","48650","2600","5.65","15681","766784875"
"003925","남양유업우","32150","34150","2000","6.22","6510","218326250"
"025860","남해화학","7010","7370","360","5.14","1332358","9756518245"
"111710","남화산업","3985","4005","20","0.50","12000","47490694"
"091590","남화토건","3490","3595","105","3.01","33754","120327020"
"168330","내츄럴엔도텍","2385","2600","215","9.01","54623","138529245"
"094860","네오리진","1134","1250","116","10.23","207475","256697594"
"253590","네오셈","13550","15820","2270","16.75","1855731","29161161645"
"212560","네오오토","7730","8500","770","9.96","318735","2710903520"
"095660","네오위즈","23000","24000","1000","4.35","177076","4258216150"
"042420","네오위즈홀딩스","22400","24000","1600","7.14","32181","757437250"
"950220","네오이뮨텍","492","523","31","6.30","1295055","678113030"
"311390","네오크레마","4400","4785","385","8.75","84519","400570957"
"085910","네오티스","17360","18400","1040","5.99","453425","8395641135"
"092730","네오팜","16950","17870","920","5.43","53124","938266190"
"290660","네오펙트","680","801","121","17.79","1240475","963709130"
"153460","네이블","6810","6760","-50","-0.73","21386","145605730"
"007390","네이처셀","18150","19770","1620","8.93","678122","13382382055"
"033640","네패스","14670","16310","1640","11.18","157620","2564727460"
"330860","네패스아크","15600","18070","2470","15.83","130635","2313020140"
"351320","넥사다이내믹스","863","963","100","11.59","212151","194891493"
"005720","넥센","6330","6640","310","4.90","69932","462863870"
"005725","넥센우","4460","4475","15","0.34","5852","26226525"
"002350","넥센타이어","7560","7830","270","3.57","174068","1360681600"
"002355","넥센타이어1우B","4095","4205","110","2.69","35434","149778045"
"089140","넥스턴앤롤코리아","2140","2305","165","7.71","55272","125627045"
"389650","넥스트바이오메디컬","60900","66400","5500","9.03","61832","4147383650"
"137940","넥스트아이","179","198","19","10.61","616439","119717545"
"396270","넥스트칩","2640","2950","310","11.74","657266","1963004367"
"348210","넥스틴","71100","79900","8800","12.38","209100","16749006550"
"092790","넥스틸","9910","10750","840","8.48","158053","1683615575"
"225570","넥슨게임즈","10440","11120","680","6.51","405981","4498286525"
"205500","넥써쓰","1544","1559","15","0.97","317468","497946295"
"217270","넵튠","4050","4265","215","5.31","141382","596751067"
"251270","넷마블","45750","48500","2750","6.01","588777","27749736925"
"317860","노드메이슨","4600","4600","0","0.00","2","9200"
"104620","노랑풍선","4335","4645","310","7.15","147236","678032970"
"090350","노루페인트","7700","8310","610","7.92","164315","1346726255"
"090355","노루페인트우","12070","12570","500","4.14","1862","22975670"
"000320","노루홀딩스","21200","22600","1400","6.60","32186","726139600"
"000325","노루홀딩스우","27700","29200","1500","5.42","722","21025850"
"473980","노머스","15860","17360","1500","9.46","149847","2579750590"
"194700","노바렉스","11940","12690","750","6.28","78744","975632270"
"285490","노바텍","20400","22950","2550","12.50","178233","4031763475"
"145170","노브랜드","3300","3610","310","9.39","97579","341261292"
"229500","노브메타파마","9120","9170","50","0.55","4757","43103760"
"106520","노블엠앤비","411","411","0","0.00","0","0"
"376930","노을","1489","1656","167","11.22","554203","897165312"
"486990","노타","29200","32250","3050","10.45","238503","7743830575"
"006280","녹십자","138700","149600","10900","7.86","61620","9219570750"
"142280","녹십자엠에스","3255","3555","300","9.22","88298","306308176"
"234690","녹십자웰빙","8680","9500","820","9.45","182215","1715848990"
"005250","녹십자홀딩스","13730","14330","600","4.37","110258","1580708370"
"005257","녹십자홀딩스2우","22600","23100","500","2.21","932","21411400"
"004370","농심","387000","397000","10000","2.58","33355","13290058000"
"072710","농심홀딩스","87900","92700","4800","5.46","14121","1307571200"
"054050","농우바이오","7620","7950","330","4.33","68150","541395570"
"069140","누리플랜","2010","2115","105","5.22","163660","345000925"
"040160","누리플렉스","8000","8800","800","10.00","95222","835345315"
"332290","누보","1177","1222","45","3.82","795794","966887476"
"348340","뉴로메카","63900","70700","6800","10.64","542690","38717425800"
"380550","뉴로핏","20450","23650","3200","15.65","867560","20481927175"
"060260","뉴보텍","913","1050","137","15.01","121184","120610678"
"463020","뉴엔AI","11100","12410","1310","11.80","139737","1691086750"
"123840","뉴온","644","673","29","4.50","44821","30236277"
"012340","뉴인텍","528","574","46","8.71","580966","335253271"
"462310","뉴키즈온","3630","3920","290","7.99","110382","421314025"
"270870","뉴트리","4000","4285","285","7.13","18146","76820070"
"144960","뉴파워프라즈마","4975","5590","615","12.36","375352","2052939150"
"085670","뉴프렉스","4590","5180","590","12.85","376334","1906861205"
"064260","다날","6440","7580","1140","17.70","7648852","59160489390"
"340360","다보링크","1503","1550","47","3.13","402931","624384199"
"039560","다산네트웍스","3250","3620","370","11.38","298031","1064120015"
"208860","다산디엠씨","1349","1472","123","9.12","79784","117506745"
"154040","다산솔루에타","1020","1077","57","5.59","63744","66286393"
"058730","다스코","2920","3145","225","7.71","279101","869868123"
"030210","다올투자증권","4100","4580","480","11.71","621285","2756827438"
"023590","다우기술","44150","50800","6650","15.06","121479","6109400550"
"032190","다우데이타","21200","23750","2550","12.03","303538","7265263475"
"323350","다원넥스뷰","11500","12700","1200","10.43","423317","5315688815"
"068240","다원시스","2540","2540","0","0.00","0","0"
"145210","다이나믹디자인","323","350","27","8.36","477869","164421846"
"483650","달바글로벌","141500","149400","7900","5.58","113712","17083951500"
"464580","닷밀","1920","2195","275","14.32","283705","615913469"
"019680","대교","1510","1553","43","2.85","79498","122116936"
"019685","대교우B","1046","1050","4","0.38","23462","24402392"
"006370","대구백화점","4230","4370","140","3.31","32043","141122840"
"008060","대덕","10550","11440","890","8.44","91587","1034195115"
"00806K","대덕1우","9100","9380","280","3.08","5447","50851820"
"353200","대덕전자","49900","59300","9400","18.84","1223616","72270157850"
"35320K","대덕전자1우","14100","15560","1460","10.35","29068","450737990"
"000490","대동","9200","9960","760","8.26","562611","5567919455"
"178600","대동고려삼","2280","2200","-80","-3.51","1","2200"
"020400","대동금속","6040","6540","500","8.28","44684","291694270"
"008830","대동기어","18300","20750","2450","13.39","456433","9375931280"
"048470","대동스틸","2805","3055","250","8.91","63546","191653370"
"008110","대동전자","15040","15040","0","0.00","0","0"
"004780","대륙제관","3780","3870","90","2.38","24642","94803244"
"005750","대림바스","4620","4820","200","4.33","70681","340983592"
"017650","대림제지","9150","9350","200","2.19","32766","304443165"
"006570","대림통상","1914","2055","141","7.37","30366","60981513"
"389260","대명에너지","14000","15580","1580","11.29","161048","2453118960"
"317850","대모","7200","8000","800","11.11","137676","1083330315"
"290670","대보마그네틱","10110","11310","1200","11.87","44620","486919070"
"078140","대봉엘에스","9930","10660","730","7.35","48623","511371690"
"065150","대산F&B","145","145","0","0.00","0","0"
"001680","대상","20400","20850","450","2.21","221511","4623743350"
"001685","대상우","16680","17000","320","1.92","8253","140729510"
"084690","대상홀딩스","8900","9340","440","4.94","125412","1165818375"
"084695","대상홀딩스우","12640","13350","710","5.62","10705","144355080"
"036480","대성미생물","6170","6400","230","3.73","47761","301339230"
"128820","대성산업","9130","9200","70","0.77","7207903","65544070120"
"117580","대성에너지","13580","12700","-880","-6.48","18836902","245312339490"
"027830","대성창투","1373","1465","92","6.70","613691","894946775"
"104040","대성파인텍","600","660","60","10.00","930673","580561014"
"129920","대성하이텍","6000","6850","850","14.17","296802","2012385950"
"016710","대성홀딩스","8650","8930","280","3.24","50547","450625385"
"457630","대신밸런스제16호스팩","2100","2095","-5","-0.24","94899","198852150"
"471050","대신밸런스제17호스팩","2155","2155","0","0.00","4990","10746610"
"482690","대신밸런스제19호스팩","2180","2180","0","0.00","4380","9471605"
"0030R0","대신밸류리츠","4320","4410","90","2.08","38088","168350981"
"020180","대신정보통신","927","978","51","5.50","509778","496374443"
"003540","대신증권","36050","39900","3850","10.68","246061","9897171500"
"003547","대신증권2우B","22450","24950","2500","11.14","60490","1494827700"
"003545","대신증권우","23700","26000","2300","9.70","141415","3659912050"
"045390","대아티아이","3980","4370","390","9.80","1632237","7074642726"
"009190","대양금속","1105","1170","65","5.88","314928","364013041"
"108380","대양전기공업","25450","27850","2400","9.43","68725","1874768600"
"014160","대영포장","940","1002","62","6.60","895510","900048984"
"047040","대우건설","7550","8540","990","13.11","16756234","145899822100"
"003090","대웅","22050","23150","1100","4.99","155334","3613623700"
"069620","대웅제약","156000","166000","10000","6.41","35208","5838367800"
"007680","대원","3980","4125","145","3.64","11711","48273553"
"000430","대원강업","3775","4035","260","6.89","243084","969824501"
"048910","대원미디어","6980","7440","460","6.59","87191","647624280"
"005710","대원산업","13300","14160","860","6.47","38516","543760590"
"006340","대원전선","5000","5430","430","8.60","8933028","49238547105"
"006345","대원전선우","3725","4015","290","7.79","123882","495466365"
"003220","대원제약","10240","10750","510","4.98","48818","521651590"
"024890","대원화성","734","803","69","9.40","143531","111059995"
"002880","대유에이텍","920","957","37","4.02","108309","103194671"
"120240","대정화금","12600","13150","550","4.37","27514","359593670"
"003310","대주산업","3465","3775","310","8.95","1901781","7231900347"
"114920","대주이엔티","2690","2680","-10","-0.37","181","421550"
"078600","대주전자재료","77700","96400","18700","24.07","660642","63262395550"
"393970","대진첨단소재","2455","2760","305","12.42","472290","1289662645"
"012800","대창","1298","1419","121","9.32","1184977","1664153004"
"015230","대창단조","6010","6380","370","6.16","101854","640215160"
"096350","대창솔루션","1849","2055","206","11.14","667072","1366338684"
"140520","대창스틸","1953","2010","57","2.92","95356","191432277"
"131220","대한과학","4300","4545","245","5.70","38632","173287004"
"010170","대한광통신","3800","4770","970","25.53","22520645","103186615770"
"054670","대한뉴팜","6380","6640","260","4.08","405460","2685177645"
"001070","대한방직","6300","6670","370","5.87","30445","200799260"
"023910","대한약품","28200","29450","1250","4.43","21577","633766050"
"006650","대한유화","133600","133400","-200","-0.15","135192","18512322750"
"001440","대한전선","26050","29150","3100","11.90","6260756","185233630525"
"084010","대한제강","10620","11240","620","5.84","91241","1022781620"
"001790","대한제당","2660","2755","95","3.57","390178","1067371165"
"001795","대한제당우","2290","2330","40","1.75","43079","100419099"
"001130","대한제분","143100","150400","7300","5.10","6965","1036437400"
"439260","대한조선","92200","103200","11000","11.93","979714","99549980100"
"003490","대한항공","23200","24500","1300","5.60","3622054","88543046525"
"003495","대한항공우","22600","23800","1200","5.31","10710","254271100"
"005880","대한해운","2230","2420","190","8.52","73577259","171106208986"
"003830","대한화섬","116900","120600","3700","3.17","1451","171709000"
"016090","대현","1615","1676","61","3.78","88460","147541331"
"069460","대호에이엘","517","579","62","11.99","1986070","1117682298"
"021040","대호특수강","1047","1139","92","8.79","52867","59501571"
"021045","대호특수강우","2650","2745","95","3.58","989","2649950"
"067080","대화제약","12650","13900","1250","9.88","192989","2669310345"
"298540","더네이쳐홀딩스","7300","7280","-20","-0.27","83504","607490215"
"032860","더라미","1212","1310","98","8.09","92441","120582618"
"475560","더본코리아","20800","21800","1000","4.81","23754","515765150"
"192080","더블유게임즈","47300","49250","1950","4.12","88756","4340787000"
"393890","더블유씨피","7840","9010","1170","14.92","789991","6997832985"
"299170","더블유에스아이","2395","2700","305","12.73","1155873","3075789655"
"012510","더존비즈온","118400","118500","100","0.08","247017","29266800200"
"462860","더즌","3395","3860","465","13.70","1076262","4117652973"
"224060","더코디","3310","3370","60","1.81","158555","555909465"
"302920","더콘텐츠온","3300","3300","0","0.00","1","3300"
"043090","더테크놀로지","380","380","0","0.00","0","0"
"403850","더핑크퐁컴퍼니","16900","18140","1240","7.34","124466","2234539765"
"213420","덕산네오룩스","34000","37400","3400","10.00","259576","9755496025"
"317330","덕산테코피아","14330","16550","2220","15.49","164447","2667252505"
"077360","덕산하이메탈","9650","11190","1540","15.96","2183269","24017860935"
"004830","덕성","4230","4545","315","7.45","360266","1607037454"
"004835","덕성우","5680","5960","280","4.93","19559","116989080"
"090410","덕신이피씨","1122","1215","93","8.29","246245","294798017"
"0001A0","덕양에너젠","17170","19130","1960","11.42","920786","17368547800"
"263600","덕우전자","4765","5340","575","12.07","98708","524989765"
"194480","데브시스터즈","34500","39450","4950","14.35","189735","7343923125"
"373160","데이원컴퍼니","3985","4155","170","4.27","13937","57349025"
"263800","데이타솔루션","4115","4615","500","12.15","125262","563146169"
"199150","데이터스트림즈","2895","2890","-5","-0.17","277","767295"
"206560","덱스터","2825","3130","305","10.80","161243","487352950"
"261200","덴티스","3545","3895","350","9.87","58027","222231221"
"145720","덴티움","44100","50400","6300","14.29","123099","6167127450"
"227420","도부","721","827","106","14.70","4","3308"
"484120","도우인시스","18070","19710","1640","9.08","12768","250826270"
"067990","도이치모터스","4050","4230","180","4.44","112457","475053205"
"002150","도화엔지니어링","5930","6190","260","4.38","108711","669581765"
"006620","동구바이오제약","4765","5210","445","9.34","233511","1201140105"
"100130","동국S&C","1770","1929","159","8.98","246498","461161813"
"005160","동국산업","2500","2730","230","9.20","124738","337298035"
"303810","동국생명과학","3270","3595","325","9.94","242755","855372320"
"460850","동국씨엠","5260","5610","350","6.65","109882","611765420"
"075970","동국알앤에스","2015","2120","105","5.21","90741","190706749"
"460860","동국제강","8200","8710","510","6.22","471049","4089880185"
"086450","동국제약","17620","18700","1080","6.13","382616","7238657135"
"001230","동국홀딩스","8550","9220","670","7.84","314362","2891638770"
"023450","동남합성","30500","30950","450","1.48","2031","61861700"
"004140","동방","2510","2675","165","6.57","2430674","6433338029"
"240550","동방메디컬","6620","7050","430","6.50","192911","1359595250"
"099410","동방선기","4450","5150","700","15.73","202328","1022521183"
"007590","동방아그로","5760","5850","90","1.56","12627","73486600"
"005960","동부건설","7900","8500","600","7.59","267092","2252254030"
"005965","동부건설우","17840","18880","1040","5.83","1398","26562520"
"026960","동서","24650","25450","800","3.25","146310","3742119750"
"002210","동성제약","973","973","0","0.00","0","0"
"102260","동성케미컬","3990","4155","165","4.14","121785","506960115"
"033500","동성화인텍","25050","26850","1800","7.19","298379","8109189350"
"025950","동신건설","14500","16080","1580","10.90","66641","1046848190"
"000640","동아쏘시오홀딩스","105400","107700","2300","2.18","25219","2729310050"
"170900","동아에스티","46900","48450","1550","3.30","28058","1357516750"
"088130","동아엘텍","8230","9100","870","10.57","549091","5057381500"
"028100","동아지질","16300","17300","1000","6.13","42673","725512995"
"041930","동아화성","5770","6360","590","10.23","43751","272850160"
"001520","동양","831","889","58","6.98","1507773","1328949237"
"001527","동양2우B","8420","8160","-260","-3.09","2239","19050440"
"084670","동양고속","40100","44300","4200","10.47","55103","2413926825"
"082640","동양생명","6700","7250","550","8.21","398427","2877376535"
"060380","동양에스텍","1287","1355","68","5.28","87148","115537757"
"001525","동양우","4255","4485","230","5.41","3597","16088890"
"079960","동양이엔피","27000","28500","1500","5.56","60816","1733894500"
"228340","동양파일","2050","2255","205","10.00","58043","128999376"
"088910","동우팜투테이블","2235","2385","150","6.71","347749","830332735"
"094170","동운아나텍","24850","28500","3650","14.69","186200","5220105550"
"013120","동원개발","2850","2970","120","4.21","280657","833021212"
"018500","동원금속","1400","1504","104","7.43","341945","509494480"
"006040","동원산업","37600","39000","1400","3.72","108509","4268163850"
"030720","동원수산","5550","5770","220","3.96","31628","180438325"
"014820","동원시스템즈","22900","24400","1500","6.55","34024","822972675"
"014825","동원시스템즈우","15900","16750","850","5.35","1209","19577350"
"111380","동인기연","13620","14440","820","6.02","9109","129783150"
"163560","동일고무벨트","6350","6760","410","6.46","72293","483577475"
"109860","동일금속","7000","7150","150","2.14","8733","62483510"
"032960","동일기연","15280","15740","460","3.01","24496","377469790"
"004890","동일산업","37100","38050","950","2.56","2232","84832150"
"023790","동일스틸럭스","900","1004","104","11.56","303954","299454242"
"002690","동일제강","1527","1532","5","0.33","61621","94906000"
"005290","동진쎄미켐","45150","51700","6550","14.51","1079173","55950404325"
"025900","동화기업","7960","9230","1270","15.95","287219","2655650765"
"000020","동화약품","5660","6110","450","7.95","150436","903431000"
"000150","두산","963000","1073000","110000","11.42","128240","139537546000"
"000157","두산2우B","410000","464000","54000","13.17","2146","1004226500"
"454910","두산로보틱스","80600","90600","10000","12.41","491497","44711425000"
"241560","두산밥캣","53100","57200","4100","7.72","718457","41061943300"
"034020","두산에너빌리티","80600","90500","9900","12.28","6781072","618458039100"
"000155","두산우","467000","508000","41000","8.78","29236","15195878500"
"131970","두산테스나","54300","61700","7400","13.63","330290","20531697150"
"336260","두산퓨얼셀","32750","38050","5300","16.18","827002","30750794875"
"33626K","두산퓨얼셀1우","6460","7200","740","11.46","68664","483690140"
"33626L","두산퓨얼셀2우B","8650","9660","1010","11.68","4552","41877630"
"016740","두올","4050","4285","235","5.80","196734","830457206"
"073190","듀오백","1100","1120","20","1.82","102246","113683012"
"176750","듀켐바이오","8630","9450","820","9.50","83318","781392655"
"030350","드래곤플라이","973","973","0","0.00","0","0"
"203650","드림시큐리티","1422","1511","89","6.26","446883","675860119"
"223250","드림씨아이에스","4795","5470","675","14.08","219029","1167078795"
"060570","드림어스컴퍼니","1098","1191","93","8.47","97011","113295852"
"362990","드림인사이트","1469","1510","41","2.79","41102","61408831"
"192650","드림텍","6480","6780","300","4.63","586920","3975080865"
"016670","디모아","3550","3695","145","4.08","20913","76505986"
"187870","디바이스","16420","18290","1870","11.39","56099","1000250135"
"489730","디비금융제13호스팩","2110","2105","-5","-0.24","9297","19463035"
"0004Y0","디비금융제14호스팩","2080","2085","5","0.24","10750","22396905"
"024090","디씨엠","11900","11980","80","0.67","10941","131013970"
"003160","디아이","27100","33800","6700","24.72","659670","21606320375"
"092200","디아이씨","8090","9290","1200","14.83","933203","8584884255"
"110990","디아이티","19000","20950","1950","10.26","200174","4210560875"
"263690","디알젬","4905","5150","245","4.99","35671","183008230"
"214680","디알텍","1742","1925","183","10.51","638261","1216838996"
"347850","디앤디파마텍","70000","82200","12200","17.43","836709","68957608600"
"377190","디앤디플랫폼리츠","2935","3025","90","3.07","480262","1442957869"
"263720","디앤씨미디어","10680","11320","640","5.99","31447","351605860"
"376300","디어유","31800","34200","2400","7.55","222182","7589959275"
"109740","디에스케이","6170","6420","250","4.05","50004","323152890"
"031860","디에이치엑스컴퍼니","265","282","17","6.42","335936","95304176"
"196490","디에이테크놀로지","203","203","0","0.00","0","0"
"066900","디에이피","1724","1731","7","0.41","27150","47238858"
"092070","디엔에프","18210","21350","3140","17.24","180673","3764071610"
"039840","디오","16000","17000","1000","6.25","94794","1597674130"
"013570","디와이","4415","4780","365","8.27","187231","895453434"
"024900","디와이덕양","1885","2050","165","8.75","171635","345266569"
"219550","디와이디","1280","1333","53","4.14","76542","103071079"
"310870","디와이씨","1290","1305","15","1.16","203412","264603783"
"210540","디와이파워","12870","13330","460","3.57","161146","2153283900"
"104460","디와이피엔에프","13000","14100","1100","8.46","62052","864408750"
"079810","디이엔티","3850","4270","420","10.91","201559","849199542"
"113810","디젠스","714","782","68","9.52","1321013","1027588890"
"043360","디지아이","2485","2525","40","1.61","31934","80794415"
"197140","디지캡","2075","2095","20","0.96","36531","74110432"
"068930","디지털대성","8390","8800","410","4.89","98584","869059820"
"033130","디지틀조선","2350","2690","340","14.47","1060727","2757507225"
"105740","디케이락","8280","8880","600","7.25","277887","2454289775"
"263020","디케이앤디","2690","2830","140","5.20","90518","254904950"
"290550","디케이티","10230","12200","1970","19.26","941647","11243669210"
"066670","디티씨","2560","2700","140","5.47","31895","86924233"
"187220","디티앤씨","2285","2595","310","13.57","127877","323727404"
"383930","디티앤씨알오","2680","2755","75","2.80","51407","143343285"
"131180","딜리","887","906","19","2.14","47753","43137257"
"315640","딥노이드","2960","3425","465","15.71","582283","1972841521"
"317120","라닉스","1641","1853","212","12.92","117329","212511037"
"462510","라메디텍","4100","4680","580","14.15","46870","213675405"
"232680","라온로보틱스","12700","14650","1950","15.35","352060","5090802300"
"042510","라온시큐어","7750","8470","720","9.29","154839","1279125985"
"418420","라온텍","5140","6090","950","18.48","332461","1973596950"
"300120","라온피플","1406","1549","143","10.17","236714","356795891"
"171120","라이온켐텍","1998","2050","52","2.60","79903","163519640"
"388790","라이콤","2860","3260","400","13.99","542063","1721713496"
"214260","라파스","9460","10290","830","8.77","49779","503625750"
"403360","라피치","8370","7800","-570","-6.81","1499","11461850"
"171010","램테크놀러지","2995","3350","355","11.85","157636","502320258"
"084650","랩지노믹스","1310","1442","132","10.08","955255","1337887265"
"217500","러셀","2575","2920","345","13.40","481382","1367783813"
"092590","럭스피아","837","838","1","0.12","2","1550"
"266170","레드우즈","2085","2395","310","14.87","1","2395"
"038390","레드캡투어","10850","11450","600","5.53","68366","775714480"
"294140","레몬","3215","3740","525","16.33","332692","1196493670"
"443250","레뷰코퍼레이션","10150","10960","810","7.98","55833","596405940"
"228670","레이","4740","5340","600","12.66","79964","419985845"
"228850","레이언스","5680","6250","570","10.04","414028","2577426520"
"412350","레이저쎌","3080","4000","920","29.87","1204417","4622945558"
"199550","레이저옵텍","4560","4915","355","7.79","71309","350580620"
"281740","레이크머티리얼즈","18000","20600","2600","14.44","1619845","33452512700"
"277810","레인보우로보틱스","704000","837000","133000","18.89","382059","320524672000"
"215100","로보로보","6860","7750","890","12.97","614003","4727945285"
"090360","로보스타","58900","68100","9200","15.62","121072","8190924400"
"238500","로보쓰리에이아이","190","190","0","0.00","0","0"
"108490","로보티즈","207500","235000","27500","13.25","306731","73257871500"
"900260","로스웰","1718","1634","-84","-4.89","83642","139851567"
"033290","로젠","1887","1992","105","5.56","163710","321490804"
"223220","로지스몬","2100","2415","315","15.00","18994","43081907"
"067730","로지시스","2245","2405","160","7.13","38569","90022926"
"071280","로체시스템즈","7830","8810","980","12.52","101151","882265755"
"376900","로킷헬스케어","64700","72800","8100","12.52","510714","37408565650"
"214610","롤링스톤","2525","2525","0","0.00","11427","29670170"
"032350","롯데관광개발","18990","19290","300","1.58","1230167","24006331825"
"089860","롯데렌탈","31750","31650","-100","-0.31","143868","4562978650"
"330590","롯데리츠","4320","4590","270","6.25","585610","2676871862"
"000400","롯데손해보험","1918","2060","142","7.40","2001034","4159365317"
"023530","롯데쇼핑","92100","96000","3900","4.23","148382","14229191400"
"020150","롯데에너지머티리얼즈","33250","37250","4000","12.03","317870","11817135225"
"280360","롯데웰푸드","113700","116100","2400","2.11","16752","1957046600"
"286940","롯데이노베이트","19950","21450","1500","7.52","28548","599865650"
"004000","롯데정밀화학","41950","44600","2650","6.32","73477","3279368750"
"004990","롯데지주","29600","31400","1800","6.08","359237","11236172500"
"00499K","롯데지주우","27750","29750","2000","7.21","1368","40205450"
"005300","롯데칠성","121000","125300","4300","3.55","22569","2834950850"
"005305","롯데칠성우","81500","83600","2100","2.58","2345","195504700"
"011170","롯데케미칼","71800","73000","1200","1.67","381417","28329368700"
"071840","롯데하이마트","7620","7900","280","3.67","51047","403909400"
"328130","루닛","33200","36100","2900","8.73","340770","12422434675"
"038060","루멘스","646","718","72","11.15","684241","478625569"
"474170","루미르","13000","14910","1910","14.69","804525","11908884775"
"162120","루켄테크놀러지스","2470","2495","25","1.01","182","455810"
"253610","루트락","995","1000","5","0.50","1002","992143"
"141080","리가켐바이오","161900","190000","28100","17.36","606243","114263869150"
"058470","리노공업","100900","121400","20500","20.32","2584339","309466762700"
"016100","리더스코스메틱","1426","1690","264","18.51","298097","480448881"
"012700","리드코프","3510","3655","145","4.13","186559","676238441"
"302550","리메드","2915","3175","260","8.92","313474","988553439"
"491000","리브스메드","67200","78600","11400","16.96","581127","44265832100"
"073570","리튬포어스","529","598","69","13.04","378471","220611656"
"377450","리파인","11140","11660","520","4.67","65023","756691865"
"277070","린드먼아시아","4050","4050","0","0.00","280838","1124941352"
"042500","링네트","3480","3680","200","5.75","153751","561624775"
"193250","링크드","347","345","-2","-0.58","466158","163506129"
"474650","링크솔루션","65400","72800","7400","11.31","283884","20664845400"
"219420","링크제니시스","4395","4930","535","12.17","82400","391987705"
"439090","마녀공장","11110","11940","830","7.47","77420","911442010"
"027740","마니커","768","817","49","6.38","435246","352271617"
"195500","마니커에프앤지","2655","2715","60","2.26","132972","359012297"
"357430","마스턴프리미어리츠","1474","1500","26","1.76","35099","52542528"
"377480","마음AI","13140","14800","1660","12.63","108429","1601640295"
"305090","마이크로디지탈","6660","7250","590","8.86","212992","1503678700"
"448780","마이크로엔엑스","1890","1980","90","4.76","2","4105"
"098120","마이크로컨텍솔","25150","29650","4500","17.89","261341","7596010625"
"424980","마이크로투나노","10680","12230","1550","14.51","126852","1536748255"
"038290","마크로젠","15320","16720","1400","9.14","62046","1021158665"
"001080","만호제강","54400","54400","0","0.00","0","0"
"267980","매일유업","36350","37250","900","2.48","5319","199451400"
"005990","매일홀딩스","10220","10930","710","6.95","6433","69402125"
"093520","매커스","24250","28000","3750","15.46","167020","4550133425"
"088980","맥쿼리인프라","11110","11360","250","2.25","2704706","30598669725"
"094800","맵스리얼티","6270","6670","400","6.38","263313","1742532955"
"179720","머니무브","12500","12500","0","0.00","0","0"
"100590","머큐리","3145","3400","255","8.11","64845","217056808"
"067280","멀티캠퍼스","26900","28300","1400","5.20","18438","515052150"
"072870","메가스터디","10810","11220","410","3.79","69563","781253255"
"215200","메가스터디교육","43700","44550","850","1.95","68357","3096823600"
"133750","메가엠디","1758","1795","37","2.10","37014","67889701"
"446540","메가터치","3285","3720","435","13.24","201428","730909428"
"235980","메드팩토","4700","5210","510","10.85","176147","907587560"
"200580","메디쎄이","11000","11420","420","3.82","630","7159330"
"041920","메디아나","17410","19760","2350","13.50","322952","6295494435"
"233250","메디안디노스틱","9600","9800","200","2.08","6","57800"
"014100","메디앙스","1525","1586","61","4.00","87771","139658016"
"236340","메디젠휴먼케어","1840","1605","-235","-12.77","271","520240"
"054180","메디콕스","2295","2295","0","0.00","0","0"
"086900","메디톡스","113000","120700","7700","6.81","76728","9261946100"
"078160","메디포스트","18500","21500","3000","16.22","349167","7356637365"
"138040","메리츠금융지주","109800","115800","6000","5.46","398716","45996692500"
"0088D0","메리츠제1호스팩","2140","2140","0","0.00","27704","59278405"
"408920","메쎄이상","3205","3255","50","1.56","87640","286793849"
"021880","메이슨캐피탈","235","247","12","5.11","273261","66935360"
"140410","메지온","115700","128600","12900","11.15","262545","34202283350"
"241770","메카로","26850","29450","2600","9.68","60828","1796123800"
"090370","메타랩스","1417","1466","49","3.46","101344","151968984"
"059210","메타바이오메드","4385","4600","215","4.90","247445","1159564518"
"118000","메타케어","302","317","15","4.97","989145","312449196"
"058110","멕아이씨에스","1486","1650","164","11.04","90421","145412489"
"072770","멤레이비티","718","788","70","9.75","538502","411239254"
"017180","명문제약","1710","1786","76","4.44","265502","471658939"
"009900","명신산업","8600","9140","540","6.28","507938","4647204535"
"317450","명인제약","57200","61000","3800","6.64","44621","2697798100"
"012690","모나리자","1961","2045","84","4.28","121670","245732754"
"005360","모나미","1627","1708","81","4.98","69270","116567682"
"070960","모나용평","2865","2995","130","4.54","85730","258517193"
"434480","모니터랩","3135","3485","350","11.16","90944","305989223"
"080420","모다이노칩","1810","1976","166","9.17","13227","25331822"
"417970","모델솔루션","16250","18800","2550","15.69","90190","1682268160"
"080160","모두투어","11100","11680","580","5.23","187505","2199682755"
"087260","모바일어플라이언스","1720","1839","119","6.92","268967","497615621"
"101330","모베이스","4530","5210","680","15.01","661139","3346258005"
"012860","모베이스전자","3600","4060","460","12.78","5392012","22051321028"
"363260","모비데이즈","1387","1504","117","8.44","268935","397715338"
"348030","모비릭스","2600","2650","50","1.92","14141","37178705"
"250060","모비스","4050","4620","570","14.07","994156","4552979012"
"288980","모아데이타","605","649","44","7.27","323166","212653704"
"142760","모아라이프플러스","652","689","37","5.67","300720","207988427"
"033200","모아텍","3375","3650","275","8.15","18960","67102415"
"333050","모코엠시스","1020","1046","26","2.55","213992","224347422"
"009680","모토닉","9970","10650","680","6.82","36100","376805255"
"118990","모트렉스","7620","8420","800","10.50","286946","2364926465"
"463480","모티브링크","6360","7230","870","13.68","115664","808629040"
"006920","모헨즈","4640","5130","490","10.56","8139701","43663301805"
"009580","무림P&P","2365","2435","70","2.96","89274","217707094"
"001810","무림SP","1321","1350","29","2.20","21541","29121073"
"009200","무림페이퍼","1936","2030","94","4.86","278637","559709972"
"322970","무진메디","2125","2165","40","1.88","1622","3393850"
"033920","무학","9000","9210","210","2.33","80174","743984290"
"008420","문배철강","2010","2095","85","4.23","165090","342913920"
"279600","미디어젠","4930","5120","190","3.85","1945","9985550"
"095500","미래나노텍","8770","9700","930","10.60","239038","2292863275"
"254490","미래반도체","16210","18800","2590","15.98","303638","5648555935"
"025560","미래산업","12070","13900","1830","15.16","65007","894884495"
"218150","미래생명자원","3390","3395","5","0.15","4016702","13559459182"
"007120","미래아이앤지","1140","1264","124","10.88","153210","188394512"
"396690","미래에셋글로벌리츠","2450","2510","60","2.45","45588","113619936"
"357250","미래에셋맵스리츠","2415","2470","55","2.28","46498","114859622"
"100790","미래에셋벤처투자","17700","21300","3600","20.34","2580299","54946233060"
"0097F0","미래에셋비전스팩10호","1999","2005","6","0.30","46500","93106650"
"0099W0","미래에셋비전스팩11호","2005","2010","5","0.25","23544","47225900"
"477380","미래에셋비전스팩4호","2095","2095","0","0.00","20832","43422595"
"477470","미래에셋비전스팩5호","2125","2135","10","0.47","3017","6392778"
"478440","미래에셋비전스팩6호","2055","2045","-10","-0.49","5000","10243135"
"482680","미래에셋비전스팩7호","2040","2050","10","0.49","10399","21283365"
"0093G0","미래에셋비전스팩8호","2005","2010","5","0.25","14186","28469760"
"0096D0","미래에셋비전스팩9호","2005","2015","10","0.50","13023","26241125"
"085620","미래에셋생명","10440","13570","3130","29.98","291480","3955383600"
"006800","미래에셋증권","56500","65200","8700","15.40","7098153","472083133700"
"00680K","미래에셋증권2우B","18360","20800","2440","13.29","1341875","28253286730"
"006805","미래에셋증권우","19850","22700","2850","14.36","345190","7950590400"
"208890","미래엔에듀파트너","1080","1080","0","0.00","0","0"
"049950","미래컴퍼니","13680","15700","2020","14.77","135920","2106611985"
"207760","미스터블루","965","1079","114","11.81","713685","751237321"
"081660","미스토홀딩스","47000","48100","1100","2.34","126222","6033334925"
"002840","미원상사","130000","139400","9400","7.23","4711","648670000"
"268280","미원에스씨","125000","128600","3600","2.88","1877","238396900"
"107590","미원홀딩스","68700","67600","-1100","-1.60","498","33768600"
"134380","미원화학","106900","110000","3100","2.90","686","75289000"
"351020","미쥬","7090","8150","1060","14.95","1","8150"
"003650","미창석유","122500","130400","7900","6.45","18073","2299175950"
"059090","미코","12510","14030","1520","12.15","524361","7418677120"
"201490","미투온","2855","3250","395","13.84","830328","2668111248"
"475460","미트박스","6730","7350","620","9.21","46070","329765960"
"452200","민테크","1935","2145","210","10.85","127501","265140187"
"206640","바디텍메드","11500","12370","870","7.57","159810","1961093890"
"018700","바른손","679","657","-22","-3.24","243792","162340425"
"035620","바른손이앤에이","262","274","12","4.58","344752","93176917"
"354390","바스칸바이오제약","3800","3900","100","2.63","7802","28320005"
"053030","바이넥스","12820","13600","780","6.08","539850","7472935290"
"301300","바이브컴퍼니","2100","2335","235","11.19","64799","149276925"
"377740","바이오노트","5110","5500","390","7.63","115595","629632300"
"064550","바이오니아","10530","12020","1490","14.15","215218","2512918025"
"314930","바이오다인","11020","12180","1160","10.53","99620","1196520420"
"489460","바이오비쥬","8650","9490","840","9.71","108870","1025215570"
"086820","바이오솔루션","9430","10100","670","7.10","357312","3520868780"
"038460","바이오스마트","4360","4630","270","6.19","805328","3732654457"
"251120","바이오에프디엔씨","12910","14000","1090","8.44","40784","558194990"
"199730","바이오인프라","3260","3440","180","5.52","19450","65659415"
"266470","바이오인프라생명과학","188","198","10","5.32","5449","1091476"
"289170","바이오텐","3300","3785","485","14.70","61","180905"
"086040","바이오톡스텍","2850","3390","540","18.95","409676","1383987219"
"188040","바이오포트","5580","5840","260","4.66","96408","565035930"
"199290","바이오프로테크","375","372","-3","-0.80","5023","1614606"
"099430","바이오플러스","4550","4995","445","9.78","481655","2368492324"
"032980","바이온","604","604","0","0.00","0","0"
"308080","바이젠셀","5080","5580","500","9.84","700624","3844103490"
"043150","바텍","22500","23250","750","3.33","164327","3840110750"
"323990","박셀바이오","7690","8390","700","9.10","282186","2318941220"
"003610","방림","5230","5600","370","7.07","76205","418603720"
"267790","배럴","3380","3525","145","4.29","8672","30213908"
"046310","백금T&A","3150","3190","40","1.27","135458","446051661"
"035150","백산","12620","13320","700","5.55","24946","329690175"
"331520","밸로프","502","555","53","10.56","456104","244662413"
"199480","뱅크웨어글로벌","4205","4640","435","10.34","98018","454095388"
"438700","버넥트","2915","3165","250","8.58","82247","259238730"
"066410","버킷스튜디오","1153","1153","0","0.00","0","0"
"002410","범양건영","1935","1935","0","0.00","0","0"
"382900","범한퓨얼셀","24400","27650","3250","13.32","70816","1938021350"
"206400","베노티앤알","1209","1220","11","0.91","164933","196693496"
"019010","베뉴지","4945","5280","335","6.77","237014","1258835945"
"177350","베셀","956","1048","92","9.62","180780","183856010"
"457600","벡트","1747","1898","151","8.64","34985","64699701"
"424760","벨로크","887","960","73","8.23","77926","73948588"
"007210","벽산","1796","1880","84","4.68","369718","693396154"
"250000","보라티알","7780","8020","240","3.08","33028","263039355"
"002760","보락","1074","1163","89","8.29","421319","484316754"
"003850","보령","8750","9490","740","8.46","185947","1738823515"
"310210","보로노이","275500","316500","41000","14.88","190548","60176774000"
"006910","보성파워텍","8250","9660","1410","17.09","8395485","80524254710"
"000890","보해양조","446","468","22","4.93","884505","414227963"
"226340","본느","423","416","-7","-1.65","486391","205141702"
"496320","본시스템즈","534000","563000","29000","5.43","0","0"
"206950","볼빅","1795","1795","0","0.00","0","0"
"003000","부광약품","4430","4935","505","11.40","1666993","8061609625"
"001270","부국증권","67900","77200","9300","13.70","60402","4639835950"
"001275","부국증권우","31000","33500","2500","8.06","8650","288596600"
"026940","부국철강","1890","1970","80","4.23","57711","113159015"
"014470","부방","1262","1358","96","7.61","157488","212111239"
"011390","부산산업","70600","78000","7400","10.48","9754","735307350"
"005030","부산주공","486","486","0","0.00","0","0"
"008470","부스타","3595","3610","15","0.42","86129","306646815"
"338220","뷰노","15220","17300","2080","13.67","108404","1863704770"
"100120","뷰웍스","22500","24950","2450","10.89","74531","1838764275"
"406820","뷰티스킨","2065","2260","195","9.44","184559","397763914"
"099390","브레인즈컴퍼니","3915","4060","145","3.70","35137","143554070"
"064480","브리지텍","5190","4980","-210","-4.05","813095","4135412466"
"365900","브이씨","2935","2995","60","2.04","11780","34782305"
"089970","브이엠","32750","39450","6700","20.46","653585","25378671400"
"251630","브이원텍","5620","6160","540","9.61","176938","1087267490"
"018290","브이티","14310","15330","1020","7.13","710370","10877881925"
"478560","블랙야크아이앤씨","3050","3245","195","6.39","89539","289215869"
"006740","블루산업개발","533","530","-3","-0.56","498417","267373358"
"439580","블루엠텍","3295","3675","380","11.53","433337","1565312884"
"033560","블루콤","2830","3010","180","6.36","49382","146794270"
"191600","블루탑","7390","7290","-100","-1.35","0","0"
"369370","블리츠웨이엔터테인먼트","1088","799","-289","-26.56","4006108","3502687959"
"126340","비나텍","105200","121000","15800","15.02","101020","12134439450"
"121800","비덴트","3320","3320","0","0.00","0","0"
"082800","비보존 제약","3690","4015","325","8.81","286958","1147462424"
"318410","비비씨","6620","7090","470","7.10","28491","194948220"
"002070","비비안","470","500","30","6.38","157742","77330922"
"100220","비상교육","4850","5180","330","6.80","30264","156305050"
"419540","비스토스","818","856","38","4.65","163129","138064287"
"146320","비씨엔씨","13160","14690","1530","11.63","60793","885259810"
"200780","비씨월드제약","4975","5780","805","16.18","84216","467562615"
"413640","비아이매트릭스","7700","8220","520","6.75","77302","629369630"
"141000","비아트론","8290","9080","790","9.53","115931","1044119230"
"090460","비에이치","15130","16400","1270","8.39","510768","8177954080"
"083650","비에이치아이","74500","80800","6300","8.46","681548","56310788650"
"473370","비엔케이제2호스팩","2550","2650","100","3.92","85604","224271535"
"0068Y0","비엔케이제3호스팩","2025","2025","0","0.00","11843","24013255"
"065170","비엘팜텍","3080","3145","65","2.11","3972298","13125438666"
"086670","비엠티","11280","12100","820","7.27","51670","629803310"
"230980","비유테크놀러지","229","229","0","0.00","0","0"
"488900","비츠로넥스텍","14790","17250","2460","16.63","259897","4393575315"
"082920","비츠로셀","19200","20900","1700","8.85","333200","6842292660"
"054220","비츠로시스","600","640","40","6.67","2055130","1349927032"
"042370","비츠로테크","8640","9540","900","10.42","425622","4063234415"
"050090","비케이홀딩스","607","645","38","6.26","164976","103375959"
"148780","비큐AI","1060","1232","172","16.23","351249","423370946"
"307870","비투엔","734","745","11","1.50","1035744","791368841"
"377030","비트맥스","977","1084","107","10.95","648419","695542635"
"032850","비트컴퓨터","5030","5230","200","3.98","179179","936224715"
"049470","비트플래닛","570","653","83","14.56","713299","455069019"
"238200","비피도","2815","2875","60","2.13","46553","128830835"
"093190","빅솔론","7410","7900","490","6.61","53503","422313020"
"065450","빅텍","5220","5600","380","7.28","21938137","122804276379"
"044480","빌리언스","186","208","22","11.83","581894","117982890"
"005180","빙그레","74000","77400","3400","4.59","44215","3406879350"
"069540","빛과전자","891","1003","112","12.57","2333685","2332781164"
"072950","빛샘전자","5880","6450","570","9.69","120952","761218785"
"451250","삐아","7640","8260","620","8.12","99063","805068635"
"143240","사람인","12850","13410","560","4.36","15975","214371690"
"466410","사이냅소프트","10010","10830","820","8.19","20725","220196800"
"003960","사조대림","32850","34300","1450","4.41","17954","609940125"
"008040","사조동아원","1054","1118","64","6.07","2073028","2259861946"
"007160","사조산업","51300","55300","4000","7.80","7353","399718500"
"014710","사조씨푸드","7330","7950","620","8.46","52566","414060980"
"006090","사조오양","8000","8390","390","4.88","6278","51932710"
"223310","사토시홀딩스","1250","1439","189","15.12","215307","300236841"
"452430","사피엔반도체","27250","31000","3750","13.76","70534","2182376900"
"419120","산돌","3500","3845","345","9.86","105323","396942208"
"062040","산일전기","128000","143500","15500","12.11","291397","42450741750"
"122350","삼기","1378","1542","164","11.90","346374","529948685"
"419050","삼기에너지솔루션즈","1441","1589","148","10.27","314220","491399615"
"014970","삼륭물산","5560","6000","440","7.91","71372","423088320"
"018310","삼목에스폼","17890","18330","440","2.46","29119","534599610"
"012210","삼미금속","12340","14050","1710","13.86","347144","4916293530"
"053700","삼보모터스","6050","6830","780","12.89","671203","4562248695"
"009620","삼보산업","1439","1564","125","8.69","173047","267861388"
"023600","삼보판지","9470","9780","310","3.27","65353","636349900"
"001470","삼부토건","347","347","0","0.00","0","0"
"028050","삼성E&A","30900","33150","2250","7.28","918106","30420629275"
"448730","삼성FN리츠","4855","5170","315","6.49","180867","930970480"
"006400","삼성SDI","351000","392500","41500","11.82","1008865","400380804000"
"006405","삼성SDI우","202000","235500","33500","16.58","24771","5882652500"
"006660","삼성공조","10950","12070","1120","10.23","96389","1139595070"
"028260","삼성물산","272000","293000","21000","7.72","644944","189892758301"
"02826K","삼성물산우B","165600","183500","17900","10.81","12025","2180568200"
"207940","삼성바이오로직스","1516000","1647000","131000","8.64","70178","114000381500"
"032830","삼성생명","197500","214000","16500","8.35","542592","116209853250"
"0044K0","삼성스팩10호","2055","2055","0","0.00","11808","24235295"
"0071M0","삼성스팩11호","2015","2030","15","0.74","25449","51489728"
"0096B0","삼성스팩12호","2005","2020","15","0.75","61243","123262669"
"0115H0","삼성스팩13호","2010","2025","15","0.75","260207","526495206"
"018260","삼성에스디에스","156200","166900","10700","6.85","323081","53821731150"
"0126Z0","삼성에피스홀딩스","525000","561000","36000","6.86","76218","42925581500"
"009150","삼성전기","362500","401500","39000","10.76","1220260","506776622250"
"009155","삼성전기우","144000","160900","16900","11.74","65195","10701085700"
"005930","삼성전자","172200","191600","19400","11.27","53959129","10462445865266"
"005935","삼성전자우","114800","128600","13800","12.02","7452749","958359623560"
"001360","삼성제약","1633","1803","170","10.41","1569473","2801315669"
"010140","삼성중공업","23500","27200","3700","15.74","7460215","200855600500"
"016360","삼성증권","88000","95200","7200","8.18","815121","78699364350"
"068290","삼성출판사","8640","9380","740","8.56","34660","318978830"
"029780","삼성카드","57300","59500","2200","3.84","126319","7554181850"
"000810","삼성화재","468000","491500","23500","5.02","123569","60884841500"
"000815","삼성화재우","376500","389500","13000","3.45","23862","9383997250"
"006110","삼아알미늄","24700","30350","5650","22.87","402122","11941351575"
"009300","삼아제약","15070","15650","580","3.85","10553","164273990"
"0120G0","삼양바이오팜","76200","87800","11600","15.22","81120","6909518950"
"145990","삼양사","45100","48100","3000","6.65","17182","815516300"
"145995","삼양사우","34600","35400","800","2.31","467","16498350"
"003230","삼양식품","1040000","1060000","20000","1.92","74891","80212181500"
"482630","삼양엔씨켐","16140","17940","1800","11.15","147987","2658323395"
"484590","삼양컴텍","12660","13900","1240","9.79","2811458","38320473445"
"036670","삼양케이씨아이","5750","6070","320","5.57","10438","62588320"
"002170","삼양통상","55700","58000","2300","4.13","3223","184874700"
"272550","삼양패키징","11260","11750","490","4.35","37923","439707595"
"000070","삼양홀딩스","68100","71800","3700","5.43","26429","1882539400"
"003720","삼영","6500","7230","730","11.23","1020669","7272879575"
"002810","삼영무역","18650","20050","1400","7.51","47429","937487955"
"361670","삼영에스앤씨","2745","2800","55","2.00","30758","85812765"
"054540","삼영엠텍","10300","11950","1650","16.02","383829","4520752730"
"065570","삼영이엔씨","764","764","0","0.00","0","0"
"005680","삼영전자","11070","11770","700","6.32","70262","820464765"
"023000","삼원강재","2265","2375","110","4.86","64084","149038467"
"004380","삼익THK","9960","9960","0","0.00","0","0"
"002450","삼익악기","1129","1160","31","2.75","316426","362366355"
"014950","삼익제약","10910","12020","1110","10.17","96154","1126701130"
"032280","삼일","1328","1404","76","5.72","55635","76051421"
"002290","삼일기업공사","3490","3710","220","6.30","97919","359780458"
"004440","삼일씨엔에스","5100","5350","250","4.90","27685","147594300"
"000520","삼일제약","9580","10510","930","9.71","296502","3076123480"
"009770","삼정펄프","33250","33750","500","1.50","6332","213348975"
"037460","삼지전자","19410","21350","1940","9.99","130069","2765592825"
"032750","삼진","3100","3305","205","6.61","31885","103161985"
"0013V0","삼진식품","8160","8920","760","9.31","320426","2856895755"
"054090","삼진엘앤디","628","699","71","11.31","110433","75503715"
"005500","삼진제약","17240","18120","880","5.10","40007","715633395"
"000250","삼천당제약","645000","796000","151000","23.41","441740","349081035500"
"004690","삼천리","132000","136200","4200","3.18","17560","2401823100"
"024950","삼천리자전거","4120","4120","0","0.00","0","0"
"038500","삼표시멘트","13160","14330","1170","8.89","5338830","79115551020"
"437730","삼현","42800","49550","6750","15.77","340847","16888801150"
"017480","삼현철강","4355","4610","255","5.86","67478","310326779"
"010960","삼호개발","3740","3960","220","5.88","95821","376059357"
"046390","삼화네트웍스","718","800","82","11.42","475826","374939419"
"004450","삼화왕관","27800","27800","0","0.00","7911","219969325"
"009470","삼화전기","33650","39200","5550","16.49","130025","5035292675"
"011230","삼화전자","2210","2395","185","8.37","241776","572495795"
"001820","삼화콘덴서","40100","45300","5200","12.97","414898","18836225075"
"000390","삼화페인트","7150","7790","640","8.95","747504","5830208670"
"027580","상보","515","565","50","9.71","491191","272949645"
"038540","상상인","1900","2100","200","10.53","151892","312817200"
"452670","상상인제4호스팩","2095","2097","2","0.10","13762","28864949"
"001290","상상인증권","1017","1175","158","15.54","7136078","8618576881"
"041650","상신브레이크","2455","2580","125","5.09","47772","122069015"
"091580","상신이디피","12990","14610","1620","12.47","172420","2511148615"
"263810","상신전자","2875","3025","150","5.22","88198","262669389"
"089980","상아프론테크","19090","21700","2610","13.67","127414","2705083200"
"042940","상지건설","7890","8800","910","11.53","114284","987708470"
"042600","새로닉스","10160","11500","1340","13.19","55451","621180080"
"075180","새론오토모티브","3165","3205","40","1.26","4838","15291610"
"107600","새빗켐","23000","26400","3400","14.78","43819","1167260375"
"411080","샌즈랩","5310","6000","690","12.99","106536","626655895"
"252990","샘씨엔에스","9060","10280","1220","13.47","1909169","19543930140"
"007540","샘표","52700","56600","3900","7.40","38404","2156473200"
"248170","샘표식품","26350","27950","1600","6.07","23904","660524625"
"378800","샤페론","1606","1747","141","8.78","710719","1234607197"
"294630","서남","3420","3900","480","14.04","1138777","4433448269"
"038070","서린바이오","6070","6350","280","4.61","61331","387198225"
"006730","서부T&D","13540","14130","590","4.36","1372659","19377609050"
"079650","서산","1426","1433","7","0.49","44954","64335240"
"100660","서암기계공업","3905","4310","405","10.37","60682","257778412"
"007860","서연","8950","9800","850","9.50","122644","1194382050"
"200880","서연이화","12600","13880","1280","10.16","215598","2968132425"
"019770","서연탑메탈","3705","3855","150","4.05","69471","265115323"
"017390","서울가스","66500","66800","300","0.45","87120","5730733150"
"043710","서울리거","799","872","73","9.14","69005","58010650"
"092190","서울바이오시스","3310","3820","510","15.41","351301","1308939525"
"046890","서울반도체","8400","9830","1430","17.02","2743562","26308522700"
"031210","서울보증보험","52300","56300","4000","7.65","63265","3529000900"
"004410","서울식품","185","194","9","4.86","42031391","8369966246"
"004415","서울식품우","1124","1157","33","2.94","15837","18560717"
"063170","서울옥션","7430","8060","630","8.48","175220","1393564430"
"027040","서울전자통신","244","262","18","7.38","458309","116164461"
"018680","서울제약","2400","2520","120","5.00","13344","33236647"
"036120","서울평가정보","2020","2130","110","5.45","358106","752754595"
"021050","서원","1217","1303","86","7.07","973385","1271480004"
"093920","서원인텍","4870","5080","210","4.31","70372","353384815"
"189860","서전기전","3755","4270","515","13.72","136289","565603935"
"178320","서진시스템","37400","46450","9050","24.20","3377630","153056086050"
"122690","서진오토모티브","2295","2570","275","11.98","170702","428139361"
"140070","서플러스글로벌","1809","1884","75","4.15","67331","126052360"
"011370","서한","1003","1055","52","5.18","386097","407384406"
"065710","서호전기","44700","49600","4900","10.96","20318","988796425"
"008490","서흥","20100","21650","1550","7.71","12003","256867875"
"035890","서희건설","1623","1623","0","0.00","0","0"
"357550","석경에이티","49500","54000","4500","9.09","12405","661741200"
"003100","선광","19980","21450","1470","7.36","52903","1111651425"
"007610","선도전기","3000","3000","0","0.00","0","0"
"067370","선바이오","4945","5400","455","9.20","30270","159570720"
"217620","선샤인푸드","3810","3810","0","0.00","0","0"
"171090","선익시스템","108900","121500","12600","11.57","260272","31421377300"
"136490","선진","10470","11120","650","6.21","144775","1610954325"
"086710","선진뷰티사이언스","8300","8900","600","7.23","49447","437925270"
"014620","성광벤드","30000","32800","2800","9.33","245955","8094670200"
"037350","성도이엔지","9920","10800","880","8.87","743288","8059551995"
"014910","성문전자","1505","1681","176","11.69","501905","824567782"
"014915","성문전자우","4200","4355","155","3.69","2123","9138710"
"004980","성신양회","8800","9550","750","8.52","151356","1430095480"
"004985","성신양회우","10250","10680","430","4.20","5189","55083170"
"011300","성안머티리얼스","330","363","33","10.00","812656","287625463"
"458650","성우","11000","12140","1140","10.36","181462","2174273910"
"081580","성우전자","2820","3100","280","9.93","415305","1259083903"
"045300","성우테크론","2675","2800","125","4.67","43495","122396710"
"015750","성우하이텍","6840","7750","910","13.30","1143503","8814885335"
"365340","성일하이텍","48350","54500","6150","12.72","112148","6145139750"
"000180","성창기업지주","1540","1560","20","1.30","199832","311497152"
"080470","성창오토텍","3750","4110","360","9.60","31149","126639112"
"043260","성호전자","25650","30900","5250","20.47","2376911","70284227400"
"148150","세경하이테크","3995","4260","265","6.63","184099","784469749"
"002420","세기상사","5660","5620","-40","-0.71","448296","2563262465"
"061090","세나테크놀로지","33950","37950","4000","11.78","20509","764433925"
"188260","세니젠","1570","1600","30","1.91","405475","721791905"
"053060","세동","1162","1225","63","5.42","105783","129701707"
"340440","세림B&G","1110","1208","98","8.83","83463","98708746"
"017510","세명전기","8200","9250","1050","12.80","479407","4415328530"
"490470","세미파이브","20500","23650","3150","15.37","334524","7749956650"
"004360","세방","13890","14680","790","5.69","65490","957001485"
"004365","세방우","9080","9410","330","3.63","5180","48371990"
"004490","세방전지","58300","62200","3900","6.69","68091","4195186650"
"011560","세보엠이씨","16830","17870","1040","6.18","85892","1501040365"
"267080","세븐브로이맥주","486","486","0","0.00","0","0"
"396300","세아메카닉스","3335","3910","575","17.24","805322","3100522696"
"001430","세아베스틸지주","58500","61000","2500","4.27","365549","22540326100"
"306200","세아제강","117000","123500","6500","5.56","8989","1108509500"
"003030","세아제강지주","121700","126000","4300","3.53","16977","2172353700"
"058650","세아홀딩스","142600","146900","4300","3.02","5781","851476650"
"013000","세우글로벌","1031","1120","89","8.63","94329","102561383"
"100700","세운메디칼","2380","2475","95","3.99","131959","326397997"
"024830","세원물산","11210","11880","670","5.98","7745","91465080"
"021820","세원정공","14580","16330","1750","12.00","17729","289096255"
"067830","세이브존I&C","2800","2990","190","6.79","159532","471575520"
"258830","세종메디칼","412","412","0","0.00","0","0"
"036630","세종텔레콤","6940","8000","1060","15.27","59367","456728360"
"039310","세중","1256","1280","24","1.91","31019","39301393"
"075580","세진중공업","14800","16440","1640","11.08","343067","5605839370"
"067770","세진티에스","1953","1962","9","0.46","67988","133720465"
"053450","세코닉스","4820","5280","460","9.54","210197","1098552580"
"222810","세토피아","5400","110","-5290","-97.96","12600206","1735885780"
"252500","세화피앤씨","737","797","60","8.14","291358","230670510"
"321370","센서뷰","1800","2070","270","15.00","4183004","8434191326"
"347000","센코","2065","2195","130","6.30","174754","378840465"
"331920","셀레믹스","4665","4960","295","6.32","104494","512789072"
"352770","셀레스트라","5250","5250","0","0.00","0","0"
"471820","셀로맥스사이언스","4800","5130","330","6.88","42087","214128005"
"049180","셀루메드","1033","1160","127","12.29","1021800","1178075000"
"299660","셀리드","2315","2540","225","9.72","375788","939956747"
"108860","셀바스AI","9330","10160","830","8.90","364375","3742794025"
"208370","셀바스헬스케어","3950","4480","530","13.42","467797","2055944049"
"318160","셀바이오휴먼텍","6350","6730","380","5.98","31756","215125500"
"308430","셀비온","23050","26200","3150","13.67","114914","2973766850"
"068270","셀트리온","197400","211500","14100","7.14","917410","193482169750"
"068760","셀트리온제약","57700","62800","5100","8.84","238776","15099023700"
"068940","셀피글로벌","778","778","0","0.00","0","0"
"007720","소노스퀘어","514","536","22","4.28","602053","313887533"
"290690","소룩스","2720","3080","360","13.24","686539","2082411942"
"950200","소마젠","3340","3550","210","6.29","51858","182159978"
"032680","소프트센","250","258","8","3.20","1534582","401266352"
"032685","소프트센우","6200","6200","0","0.00","1223","7554670"
"258790","소프트캠프","1070","1175","105","9.81","101996","119410312"
"066910","손오공","606","662","56","9.24","208133","136616448"
"215090","솔디펜스","2700","2940","240","8.89","384628","1107212383"
"336370","솔루스첨단소재","7090","7950","860","12.13","368173","2879704585"
"33637K","솔루스첨단소재1우","1894","1989","95","5.02","28672","56144235"
"33637L","솔루스첨단소재2우B","3145","3265","120","3.82","7652","24932330"
"248070","솔루엠","16130","16960","830","5.15","242832","4095580575"
"035610","솔본","3590","3775","185","5.15","69144","259615550"
"357780","솔브레인","366000","475500","109500","29.92","111025","49055800500"
"036830","솔브레인홀딩스","43900","51400","7500","17.08","219601","10951478350"
"304100","솔트룩스","19430","22100","2670","13.74","174232","3852050475"
"328380","솔트웨어","681","720","39","5.73","164308","116569479"
"004430","송원산업","8510","8910","400","4.70","91089","806659040"
"086980","쇼박스","2595","2750","155","5.97","915340","2505930558"
"017550","수산세보틱스","1695","1809","114","6.73","534816","963998180"
"050960","수산아이앤티","8300","8890","590","7.11","18563","162270955"
"126720","수산인더스트리","23300","25150","1850","7.94","63211","1583856775"
"084180","수성웹툰","1600","1756","156","9.75","59918","102661495"
"253840","수젠텍","4600","5100","500","10.87","262120","1310684075"
"185190","수프로","897","998","101","11.26","25","24321"
"298830","슈어소프트테크","6300","7100","800","12.70","1523385","10860122590"
"236200","슈프리마","43200","47100","3900","9.03","55858","2588471950"
"094840","슈프리마에이치큐","6250","6730","480","7.68","27818","182440280"
"192440","슈피겐코리아","22850","23650","800","3.50","10610","249196600"
"424960","스마트레이더시스템","5900","6510","610","10.34","117623","765921315"
"099440","스맥","4805","5650","845","17.59","4516998","25198741950"
"053210","스카이라이프","4860","5040","180","3.70","84561","421786148"
"276040","스코넥","702","739","37","5.27","299041","219759237"
"204210","스타에스엠리츠","2035","2035","0","0.00","0","0"
"060240","스타코링크","1976","1976","0","0.00","0","0"
"115570","스타플렉스","2705","2880","175","6.47","16929","48596155"
"078860","스테이지원엔터","358","419","61","17.04","1101954","441673661"
"330730","스톤브릿지벤처스","5240","5850","610","11.64","86991","498326320"
"352090","스톰테크","3390","3540","150","4.42","56909","200226019"
"253450","스튜디오드래곤","37500","38900","1400","3.73","190807","7508006350"
"408900","스튜디오미르","2095","2325","230","10.98","209177","471325241"
"204630","스튜디오산타클로스","4650","4650","0","0.00","0","0"
"415380","스튜디오삼익","1834","2030","196","10.69","132673","262691211"
"026890","스틱인베스트먼트","10250","10950","700","6.83","91160","999728930"
"013810","스페코","2710","2830","120","4.43","1390888","3951077471"
"347700","스피어","35300","45850","10550","29.89","2478723","112428084925"
"049830","승일","7360","7490","130","1.77","1712","12819250"
"020710","시공테크","3595","3930","335","9.32","331899","1288805314"
"033170","시그네틱스","694","806","112","16.14","725136","569346556"
"048870","시너지이노베이션","1928","2090","162","8.40","462664","945199823"
"025320","시노펙스","5400","5830","430","7.96","1244364","7357917620"
"134790","시디즈","18770","19590","820","4.37","3199","62660960"
"340810","시선AI","2400","2590","190","7.92","178636","458003719"
"269620","시스웍","889","889","0","0.00","0","0"
"056090","시지메드텍","2925","3140","215","7.35","9642878","29402961098"
"429270","시지트로닉스","3405","3590","185","5.43","94721","339813435"
"418250","시큐레터","6550","6550","0","0.00","0","0"
"131090","시큐브","3785","3845","60","1.59","21675","83295050"
"462870","시프트업","28200","30200","2000","7.09","108224","3215992250"
"016590","신대양제지","12310","13220","910","7.39","33998","450465145"
"290520","신도기연","1601","1665","64","4.00","29926","49996473"
"029530","신도리코","50700","53900","3200","6.31","20651","1100631850"
"004970","신라교역","9500","9570","70","0.74","19095","181695240"
"001000","신라섬유","1990","2110","120","6.03","103662","213128040"
"025870","신라에스지","4390","4675","285","6.49","17406","78722442"
"215600","신라젠","3070","3385","315","10.26","1072584","3584640383"
"065350","신성델타테크","55900","61200","5300","9.48","288813","17837713950"
"416180","신성에스티","29800","33700","3900","13.09","88340","2978547325"
"011930","신성이엔지","1854","2165","311","16.77","13830491","29856215276"
"004170","신세계","320000","337500","17500","5.47","65241","22053518750"
"035510","신세계 I&C","14870","16070","1200","8.07","235173","3771557765"
"031430","신세계인터내셔날","11450","12450","1000","8.73","111116","1365787645"
"031440","신세계푸드","47900","48300","400","0.84","4437","215084300"
"006880","신송홀딩스","6490","6740","250","3.85","147448","986185310"
"162300","신스틸","1487","1586","99","6.66","50824","79792082"
"002800","신신제약","5190","5650","460","8.86","87393","484236930"
"472220","신영스팩10호","2185","2185","0","0.00","6924","14973390"
"0091W0","신영스팩11호","2065","2080","15","0.73","15195","31497335"
"005800","신영와코루","15440","16390","950","6.15","8401","136391825"
"001720","신영증권","169700","188700","19000","11.20","62232","11749497150"
"009270","신원","1296","1390","94","7.25","678942","932408544"
"017000","신원종합개발","2735","2980","245","8.96","94655","277603655"
"002700","신일전자","1281","1343","62","4.84","657670","875581138"
"012790","신일제약","5750","6090","340","5.91","85836","516617680"
"138070","신진에스엠","1716","1734","18","1.05","281733","493960153"
"226330","신테카바이오","2895","3200","305","10.54","278064","873922572"
"002870","신풍","1042","1143","101","9.69","119915","133630130"
"019170","신풍제약","10150","11100","950","9.36","185608","2043727280"
"019175","신풍제약우","15000","17100","2100","14.00","26814","429535500"
"481850","신한글로벌액티브리츠","1116","1138","22","1.97","98270","111133093"
"404990","신한서부티엔디리츠","4135","4350","215","5.20","207568","890113774"
"293940","신한알파리츠","5460","5680","220","4.03","398183","2247863205"
"452980","신한제11호스팩","2100","2100","0","0.00","14508","30467740"
"474660","신한제12호스팩","2100","2100","0","0.00","0","0"
"474930","신한제13호스팩","2195","2190","-5","-0.23","8437","18444040"
"487360","신한제14호스팩","2085","2085","0","0.00","693","1444410"
"487830","신한제15호스팩","2060","2060","0","0.00","2320","4781610"
"496070","신한제16호스팩","2030","2040","10","0.49","1304","2662540"
"055550","신한지주","88800","92900","4100","4.62","2972109","277909334540"
"056700","신화인터텍","1701","1772","71","4.17","79830","141344667"
"187270","신화콘텍","3185","3415","230","7.22","51827","175551315"
"004080","신흥","13680","13700","20","0.15","6219","85207720"
"243840","신흥에스이씨","5020","5570","550","10.96","356203","1954993610"
"257720","실리콘투","35950","38750","2800","7.79","606352","23652212025"
"222800","심텍","43150","50000","6850","15.87","642138","32165023400"
"036710","심텍홀딩스","2245","2420","175","7.80","327348","788912721"
"444530","심플랫폼","5320","5990","670","12.59","42457","250225555"
"234030","싸이닉솔루션","6550","7410","860","13.13","596827","4369725840"
"160980","싸이맥스","19420","22800","3380","17.40","529105","11697755475"
"356890","싸이버원","2920","3255","335","11.47","99837","315923097"
"217330","싸이토젠","4435","4875","440","9.92","364474","1742435188"
"004770","써니전자","1418","1518","100","7.05","441356","662801060"
"217320","썬테크","3300","3400","100","3.03","1","3400"
"208640","썸에이지","181","198","17","9.39","665394","129065748"
"222420","쎄노텍","1185","1340","155","13.08","578205","779094859"
"037760","쎄니트","1839","1855","16","0.87","145772","269452428"
"081180","쎄크","10850","12520","1670","15.39","262453","3208541135"
"099320","쎄트렉아이","151700","182600","30900","20.37","240664","43561555500"
"049960","쎌바이오텍","13350","13960","610","4.57","42000","581990470"
"088280","쏘닉스","1884","2010","126","6.69","106753","210748351"
"403550","쏘카","11250","11450","200","1.78","7313","83599020"
"050890","쏠리드","7000","7880","880","12.57","2542199","20038305015"
"394800","쓰리빌리언","12120","13770","1650","13.61","332233","4505994910"
"177900","쓰리에이로직스","5030","5760","730","14.51","88213","496843125"
"475400","씨메스","27400","31350","3950","14.42","104600","3249265750"
"109670","씨싸이트","5000","5320","320","6.40","22826","121450440"
"066790","씨씨에스","1493","1493","0","0.00","0","0"
"222080","씨아이에스","11180","12910","1730","15.47","3947087","51041607205"
"004920","씨아이테크","981","1068","87","8.87","206850","214226026"
"236030","씨알푸드","1800","1799","-1","-0.06","52","84898"
"103660","씨앗","1100","1054","-46","-4.18","121","133924"
"352480","씨앤씨인터내셔널","24700","27000","2300","9.31","45980","1265566025"
"245450","씨앤에스링크","1800","1800","0","0.00","1","1800"
"264660","씨앤지하이테크","15650","17640","1990","12.72","184041","3188734415"
"352700","씨앤투스","1918","1923","5","0.26","94618","181973672"
"458870","씨어스테크놀로지","109000","120500","11500","10.55","99888","12042065450"
"297090","씨에스베어링","5560","6230","670","12.05","238592","1450053750"
"112610","씨에스윈드","42400","46500","4100","9.67","358075","16571980075"
"900120","씨엑스아이","406","406","0","0.00","267105","109830948"
"359090","씨엔알리서치","740","794","54","7.30","310455","239851888"
"115530","씨엔플러스","266","271","5","1.88","696211","189145071"
"388210","씨엠티엑스","119800","136500","16700","13.94","183073","24755142600"
"115480","씨유메디칼","469","500","31","6.61","343322","169653687"
"376290","씨유테크","2620","2720","100","3.82","32209","86256480"
"189330","씨이랩","3475","3825","350","10.07","67213","256172250"
"096530","씨젠","22000","23750","1750","7.95","450080","10756441925"
"480370","씨케이솔루션","2765","2915","150","5.42","182749","530098673"
"101240","씨큐브","3600","3805","205","5.69","62494","237427137"
"060590","씨티씨바이오","3635","4000","365","10.04","111841","437580426"
"308170","씨티알모빌리티","4985","5490","505","10.13","45587","241585940"
"260930","씨티케이","3560","3770","210","5.90","47842","178495750"
"413630","씨피시스템","3435","3915","480","13.97","668470","2625236565"
"013990","아가방컴퍼니","4490","4930","440","9.80","669351","3253550602"
"123860","아나패스","14320","15290","970","6.77","59846","897642495"
"025980","아난티","7120","8130","1010","14.19","2637698","21120673940"
"008700","아남전자","1117","1204","87","7.79","483399","572203576"
"0015N0","아로마티카","10020","11040","1020","10.18","721425","7962051680"
"125210","아모그린텍","6110","6900","790","12.93","140100","952077040"
"090430","아모레퍼시픽","125400","130200","4800","3.83","283988","37398597500"
"090435","아모레퍼시픽우","43550","46050","2500","5.74","46412","2157228400"
"002790","아모레퍼시픽홀딩스","25500","27000","1500","5.88","197836","5361085475"
"00279K","아모레퍼시픽홀딩스3우C","22200","23400","1200","5.41","14913","348729875"
"002795","아모레퍼시픽홀딩스우","11850","12380","530","4.47","15665","193702880"
"357580","아모센스","14080","15050","970","6.89","154086","2334045605"
"052710","아모텍","10070","11500","1430","14.20","560510","6388364115"
"074430","아미노로직스","1299","1393","94","7.24","288179","396953508"
"092040","아미코젠","1175","1312","137","11.66","1315384","1682945104"
"083930","아바코","12650","14040","1390","10.99","188177","2607300435"
"149950","아바텍","8630","9770","1140","13.21","51418","485446140"
"036010","아비코전자","6920","7780","860","12.43","98531","758381330"
"002030","아세아","277500","284000","6500","2.34","2637","737641000"
"183190","아세아시멘트","11290","11790","500","4.43","83070","975702600"
"002310","아세아제지","9250","9180","-70","-0.76","596097","5523535440"
"050860","아세아텍","1956","2025","69","3.53","69947","140826233"
"012170","아센디오","1263","1357","94","7.44","89859","117671324"
"136410","아셈스","7280","7900","620","8.52","36089","280407190"
"246720","아스타","6550","7700","1150","17.56","90746","665870340"
"450950","아스테라시스","11400","12250","850","7.46","94149","1139744600"
"067390","아스트","770","797","27","3.51","3442129","2826682118"
"159010","아스플로","4565","5000","435","9.53","150873","766839905"
"127710","아시아경제","1136","1201","65","5.72","279453","338178998"
"267850","아시아나IDT","9600","10470","870","9.06","26877","268896025"
"020560","아시아나항공","6770","7060","290","4.28","122370","864016735"
"154030","아시아종묘","1925","1994","69","3.58","87480","174387368"
"227610","아우딘퓨쳐스","605","660","55","9.09","74984","48585895"
"331740","아우토크립트","15900","18070","2170","13.65","177215","3149166945"
"143160","아이디스","16700","17540","840","5.03","21672","379563540"
"054800","아이디스홀딩스","13600","14710","1110","8.16","13847","203381090"
"332370","아이디피","4380","4695","315","7.19","14359","67807990"
"066430","아이로보틱스","2335","2550","215","9.21","610878","1526963076"
"122900","아이마켓코리아","7270","7620","350","4.81","67382","507167760"
"339950","아이비김영","2390","2630","240","10.04","764954","1982499866"
"469750","아이비젼웍스","991","1115","124","12.51","378951","414741220"
"460470","아이빔테크놀로지","2880","3170","290","10.07","62557","193566231"
"099190","아이센스","19900","21450","1550","7.79","402480","8629601300"
"461300","아이스크림미디어","14570","15480","910","6.25","57705","879873610"
"289010","아이스크림에듀","1440","1560","120","8.33","109011","163598845"
"214430","아이쓰리시스템","89400","98300","8900","9.96","107827","10362145500"
"040910","아이씨디","4485","5090","605","13.49","92190","464108985"
"368600","아이씨에이치","629","662","33","5.25","285009","186983111"
"456010","아이씨티케이","12960","15040","2080","16.05","414469","6089159175"
"052860","아이앤씨","3000","3400","400","13.33","131902","437878595"
"464500","아이언디바이스","2790","3205","415","14.87","205038","637230542"
"010780","아이에스동서","27100","28000","900","3.32","97861","2764684725"
"212710","아이에스티이","7030","8090","1060","15.08","186484","1493756285"
"038880","아이에이","119","134","15","12.61","2945313","382826078"
"307180","아이엘","5880","7550","1670","28.40","2191376","15829538400"
"403810","아이엘로보틱스","2190","2410","220","10.05","24289","57308920"
"101390","아이엠","396","396","0","0.00","0","0"
"461030","아이엠비디엑스","6070","6900","830","13.67","122433","821214480"
"456570","아이엠지티","19790","20300","510","2.58","1882","37352580"
"451220","아이엠티","10520","12540","2020","19.20","194598","2361163085"
"447690","아이오바이오","3490","3930","440","12.61","102","308900"
"090150","아이윈","716","748","32","4.47","365633","270598553"
"031310","아이즈비전","1310","1370","60","4.58","176579","239281477"
"462980","아이지넷","2150","2270","120","5.58","282334","637431741"
"185490","아이진","1193","1257","64","5.36","150277","190545225"
"059100","아이컴포넌트","4895","5190","295","6.03","80811","419658270"
"149010","아이케이세미콘","3995","3990","-5","-0.13","363","1424610"
"262840","아이퀘스트","1638","1757","119","7.26","171949","298468170"
"175250","아이큐어","2170","2170","0","0.00","0","0"
"052460","아이크래프트","2820","3065","245","8.69","95685","292802490"
"119830","아이텍","7410","8010","600","8.10","585151","4653104495"
"052770","아이톡시","604","539","-65","-10.76","3835999","2363123153"
"124500","아이티센글로벌","47900","60800","12900","26.93","719902","40870040300"
"031820","아이티센씨티에스","714","798","84","11.76","2130922","1660664740"
"010280","아이티센엔텍","1009","1114","105","10.41","700248","760964076"
"243870","아이티센코어","9980","11290","1310","13.13","3867","38143650"
"232830","아이티센피엔에스","1931","2325","394","20.40","188568","423792900"
"372800","아이티아이즈","4015","4245","230","5.73","34568","146161790"
"084850","아이티엠반도체","9000","9680","680","7.56","65195","619002850"
"309710","아이티켐","25950","28800","2850","10.98","136521","3922101675"
"114840","아이패밀리에스씨","11040","11730","690","6.25","63227","740630465"
"027360","아주IB투자","4295","5300","1005","23.40","10971908","57180891541"
"139990","아주스틸","2910","3000","90","3.09","39408","117716065"
"032080","아즈텍WB","1186","1269","83","7.00","49078","61678147"
"013310","아진산업","2860","3160","300","10.49","595662","1827032794"
"059120","아진엑스텍","6230","7310","1080","17.34","561461","4018264335"
"009320","아진전자부품","931","1008","77","8.27","229452","229388296"
"0007C0","아크릴","29500","33650","4150","14.07","366888","12249522600"
"203690","아크솔루션스","4425","4425","0","0.00","0","0"
"158430","아톤","5600","6330","730","13.04","560871","3499905765"
"200350","아티스트스튜디오","3895","4085","190","4.88","53388","216203997"
"321820","아티스트컴퍼니","2940","3170","230","7.82","51566","159754202"
"149300","아퓨어스","38","37","-1","-2.63","47312","1583059"
"102950","아하","1584","1520","-64","-4.04","13368","20825719"
"001540","안국약품","7280","7810","530","7.28","86509","668197305"
"053800","안랩","58000","61300","3300","5.69","90487","5555156050"
"251280","안지오랩","2175","2225","50","2.30","395","876035"
"065660","안트로젠","37200","41700","4500","12.10","116167","4740890400"
"297570","알로이스","1341","1409","68","5.07","319759","436327999"
"001780","알루코","1922","2100","178","9.26","2026082","4193493921"
"260660","알리코제약","3145","3500","355","11.29","104276","352500270"
"354320","알멕","44000","56000","12000","27.27","399934","21346527925"
"361570","알비더블유","1854","2010","156","8.41","304897","613971749"
"131370","알서포트","2000","2110","110","5.50","181340","380956846"
"140670","알에스오토메이션","17260","20300","3040","17.61","597723","11983443455"
"096610","알에프세미","2965","2965","0","0.00","0","0"
"061040","알에프텍","1658","1818","160","9.65","591786","1063105043"
"148250","알엔투테크놀로지","2420","2625","205","8.47","70540","177570374"
"123010","알엔티엑스","734","780","46","6.27","466100","363353225"
"476830","알지노믹스","116300","151100","34800","29.92","498376","72664286350"
"347860","알체라","1372","1550","178","12.97","387555","592704212"
"196170","알테오젠","332000","372000","40000","12.05","641312","239279641000"
"123750","알톤","1983","2070","87","4.39","310560","651433041"
"459550","알트","3005","3280","275","9.15","553077","1799025204"
"085810","알티캐스트","535","556","21","3.93","235203","131109910"
"043100","알파AI","1151","1248","97","8.43","484281","601262865"
"117670","알파칩스","13550","15880","2330","17.20","36576","577089155"
"314140","알피바이오","6300","6660","360","5.71","18228","119482370"
"291650","압타머사이언스","1292","1329","37","2.86","295663","397042522"
"293780","압타바이오","6110","6860","750","12.27","236251","1570311555"
"018250","애경산업","13310","14320","1010","7.59","111722","1587684255"
"161000","애경케미칼","8910","9690","780","8.75","234232","2274017800"
"390110","애니메디솔루션","615","523","-92","-14.96","28292","15676775"
"310200","애니플러스","2945","3175","230","7.81","332618","1035308416"
"179530","애드바이오텍","1350","1495","145","10.74","93043","134913801"
"397810","애드포러스","6000","6300","300","5.00","33122","210059000"
"900100","애머릿지","365","393","28","7.67","316923","124191313"
"052790","액토즈소프트","4985","5360","375","7.52","20076","106446440"
"290740","액트로","26200","26600","400","1.53","375459","10040891050"
"238090","앤디포스","2915","2655","-260","-8.92","1061702","2747341580"
"138360","앤로보틱스","1690","1851","161","9.53","770980","1441735652"
"092600","앤씨앤","599","640","41","6.84","51643","32534957"
"129890","앱코","835","923","88","10.54","586437","516406640"
"174900","앱클론","52600","61700","9100","17.30","342564","20699180850"
"109960","앱토크롬","150","158","8","5.33","616423","96555610"
"270520","앱튼","183","212","29","15.85","2714993","560738087"
"255440","야스","8930","9500","570","6.38","48512","469952935"
"030960","양지사","7720","8040","320","4.15","158020","1261375235"
"102120","어보브반도체","9920","11500","1580","15.93","590867","6638968405"
"238120","얼라인드","4220","4645","425","10.07","177826","800539163"
"224810","엄지하우스","2215","2230","15","0.68","1","2230"
"019990","에너토크","7100","8170","1070","15.07","263381","2120474025"
"011090","에넥스","420","455","35","8.33","340190","154580578"
"435570","에르코스","11120","12040","920","8.27","65264","776486805"
"270660","에브리봇","16800","18620","1820","10.83","140403","2619141540"
"038680","에스넷","2860","3050","190","6.64","56969","172133660"
"137310","에스디바이오센서","7260","7770","510","7.02","176453","1359518925"
"217480","에스디생명공학","499","499","0","0.00","0","0"
"121890","에스디시스템","1334","1450","116","8.70","85666","121419664"
"304360","에스바이오메딕스","32300","35800","3500","10.84","59980","2142427875"
"389500","에스비비테크","46150","52800","6650","14.41","168746","8822655600"
"042110","에스씨디","1240","1295","55","4.44","108616","138790746"
"298060","에스씨엠생명과학","808","866","58","7.18","114518","95950381"
"065420","에스아이리소스","173","177","4","2.31","561013","98563329"
"270210","에스알바이오텍","28450","28950","500","1.76","799","23090050"
"103230","에스앤더블류","3360","3455","95","2.83","28301","98252086"
"260970","에스앤디","52300","53800","1500","2.87","37876","2042417050"
"101490","에스앤에스텍","79900","92400","12500","15.64","500215","46002861750"
"095910","에스에너지","1092","1215","123","11.26","515216","621304799"
"275630","에스에스알","2200","2290","90","4.09","16660","37792878"
"031330","에스에이엠티","4455","4960","505","11.34","1039245","5132296659"
"060540","에스에이티","1192","1245","53","4.45","59997","74012601"
"056190","에스에프에이","27700","30000","2300","8.30","211777","6461939225"
"0008Z0","에스엔시스","26150","28700","2550","9.75","32960","934469775"
"005850","에스엘","59900","66000","6100","10.18","259624","17121582950"
"246250","에스엘에스바이오","1969","1969","0","0.00","0","0"
"041510","에스엠","95900","98600","2700","2.82","250902","24948651900"
"010580","에스엠벡셀","1832","2010","178","9.72","216927","430412804"
"460870","에스엠씨지","2715","3025","310","11.42","122443","362094573"
"007820","에스엠코어","4480","5090","610","13.62","318992","1602777749"
"464080","에스오에스랩","14040","16050","2010","14.32","662116","10601944020"
"109610","에스와이","2510","2715","205","8.17","441663","1188616269"
"365330","에스와이스틸텍","3025","3230","205","6.78","828659","2712303432"
"012750","에스원","80900","83200","2300","2.84","90810","7547390000"
"306040","에스제이그룹","8480","9200","720","8.49","238703","2192771850"
"217910","에스제이켐","338","342","4","1.18","13","4336"
"398120","에스지헬스케어","3300","3755","455","13.79","157068","577245325"
"457940","에스케이증권제10호스팩","2110","2105","-5","-0.24","94968","199907640"
"472230","에스케이증권제11호스팩","2065","2070","5","0.24","6586","13586400"
"473000","에스케이증권제12호스팩","2055","2065","10","0.49","1221","2519915"
"473950","에스케이증권제13호스팩","2040","2055","15","0.74","11","22490"
"475660","에스켐","6010","6230","220","3.66","35069","219939880"
"096630","에스코넥","772","857","85","11.01","868747","729627373"
"069510","에스텍","14230","14540","310","2.18","20200","295062555"
"488280","에스투더블유","15000","17070","2070","13.80","114035","1909000435"
"234300","에스트래픽","3260","3395","135","4.14","108776","369260644"
"039440","에스티아이","29250","34850","5600","19.15","395751","13585844175"
"098660","에스티오","1514","1456","-58","-3.83","19780","29364761"
"052020","에스티큐브","7950","8770","820","10.31","548298","4766561760"
"237690","에스티팜","131500","148800","17300","13.16","264741","39203404750"
"050760","에스폴리텍","1112","1147","35","3.15","42136","47862450"
"288620","에스퓨얼셀","7670","8500","830","10.82","57112","479435430"
"443670","에스피소프트","4365","4715","350","8.02","178163","830913463"
"317830","에스피시스템스","9110","10550","1440","15.81","238346","2494986820"
"058610","에스피지","108400","126900","18500","17.07","535950","68422268200"
"043340","에쎈테크","521","520","-1","-0.19","627495","331940469"
"023960","에쓰씨엔지니어링","1301","1414","113","8.69","178245","249798082"
"163280","에어레인","12440","13990","1550","12.46","139664","1922239490"
"298690","에어부산","1687","1769","82","4.86","301019","525529341"
"200710","에이디테크놀로지","35000","40000","5000","14.29","247434","9914832950"
"475580","에이럭스","8270","8910","640","7.74","170621","1514839930"
"096690","에이루트","1302","1410","108","8.29","53332","75060976"
"140910","에이리츠","3130","3130","0","0.00","0","0"
"078520","에이블씨엔씨","9560","10210","650","6.80","178609","1826937980"
"298380","에이비엘바이오","152900","177100","24200","15.83","896432","160011068050"
"203400","에이비온","2500","2825","325","13.00","1221710","3431948085"
"195990","에이비프로바이오","140","140","0","0.00","0","0"
"003800","에이스침대","33450","34600","1150","3.44","11382","390433800"
"088800","에이스테크","2400","2695","295","12.29","229224","604618230"
"241840","에이스토리","5150","5660","510","9.90","78798","427538330"
"364950","에이아이코리아","5530","6080","550","9.95","104093","616692240"
"453860","에이에스텍","13660","14660","1000","7.32","12681","179961940"
"312610","에이에프더블류","894","970","76","8.50","61193","58323800"
"015260","에이엔피","433","562","129","29.79","902719","482710396"
"172670","에이엘티","10630","11780","1150","10.82","127029","1496439275"
"234070","에이원알폼","909","928","19","2.09","1","928"
"481070","에이유브랜즈","16580","17770","1190","7.18","74059","1279477170"
"060900","에이전트AI","275","292","17","6.18","399677","116303647"
"445090","에이직랜드","23700","27450","3750","15.82","108176","2911408725"
"295310","에이치브이엠","64800","76900","12100","18.67","225251","17233396500"
"072990","에이치시티","5300","5580","280","5.28","86728","481880615"
"044990","에이치엔에스하이텍","14200","15480","1280","9.01","38631","593015235"
"239610","에이치엘사이언스","7980","8010","30","0.38","3771","30274110"
"036170","에이치엠넥스","2810","3050","240","8.54","2712755","8121279125"
"462020","에이치엠씨제6호스팩","2100","2097","-3","-0.14","3015","6316453"
"477340","에이치엠씨제7호스팩","2030","2035","5","0.25","12651","25751975"
"148930","에이치와이티씨","2710","2830","120","4.43","33337","92668977"
"044780","에이치케이","1333","1323","-10","-0.75","26848","36196484"
"357230","에이치피오","2335","2395","60","2.57","43906","105452723"
"355690","에이텀","5020","5440","420","8.37","86993","467220725"
"071670","에이테크솔루션","8110","8810","700","8.63","117623","1034482705"
"045660","에이텍","8790","9650","860","9.78","94496","885503975"
"224110","에이텍모빌리티","8300","8980","680","8.19","42424","375791040"
"021080","에이티넘인베스트","2835","3155","320","11.29","566214","1770748667"
"200470","에이팩트","6710","8720","2010","29.96","2858613","24232266920"
"207490","에이펙스인텍","6600","6600","0","0.00","0","0"
"262260","에이프로","4470","4950","480","10.74","70792","344833445"
"007460","에이프로젠","322","350","28","8.70","8872876","3050889112"
"003060","에이프로젠바이오로직스","293","293","0","0.00","2081274","614666524"
"397030","에이프릴바이오","55300","63200","7900","14.29","287692","18205110250"
"244920","에이플러스에셋","12350","12800","450","3.64","111283","1442610530"
"278470","에이피알","267000","283000","16000","5.99","358185","103597267250"
"0009K0","에임드바이오","51300","62800","11500","22.42","1910654","116747850000"
"230240","에치에프알","14910","16670","1760","11.80","187608","3119143005"
"159910","에코글로우","579","611","32","5.53","387593","234715226"
"230360","에코마케팅","15820","15820","0","0.00","38874","615196870"
"038870","에코바이오","2620","2780","160","6.11","84347","231386460"
"097780","에코볼트","785","785","0","0.00","179920","143014601"
"448280","에코아이","9720","10610","890","9.16","26769","282066550"
"101360","에코앤드림","15820","17970","2150","13.59","225979","4089094580"
"128540","에코캡","1852","2010","158","8.53","190066","379812425"
"086520","에코프로","133800","160800","27000","20.18","4321845","692536370450"
"450080","에코프로머티","55300","63200","7900","14.29","1255128","79552484850"
"247540","에코프로비엠","165600","195400","29800","18.00","1237046","240945662800"
"383310","에코프로에이치엔","29050","33100","4050","13.94","499513","16512915950"
"038110","에코플라스틱","2660","2895","235","8.83","499961","1451352109"
"073540","에프알텍","1838","1955","117","6.37","33719","64918519"
"064850","에프앤가이드","17040","18830","1790","10.50","192573","3650901680"
"036810","에프에스티","31100","37250","6150","19.77","421014","15422621075"
"173940","에프엔씨엔터","3305","3475","170","5.14","15766","53214000"
"083500","에프엔에스테크","13200","14880","1680","12.73","140236","2091501580"
"446440","에피바이오텍","14480","13950","-530","-3.66","6","84230"
"054940","엑사이엔씨","590","636","46","7.80","201118","126264041"
"950130","엑세스바이오","2845","3015","170","5.98","164191","485967233"
"373110","엑셀세라퓨틱스","1301","1440","139","10.68","102953","144863946"
"205100","엑셈","1601","1836","235","14.68","763905","1360004392"
"356680","엑스게이트","6120","6860","740","12.09","308750","2068927590"
"070300","엑스큐어","1481","1574","93","6.28","76997","119822416"
"317770","엑스페릭스","3070","3460","390","12.70","633823","2169741608"
"373200","엑스플러스","900","920","20","2.22","710450","655625216"
"069920","엑시온그룹","488","548","60","12.30","348995","185650300"
"092870","엑시콘","24500","30400","5900","24.08","797891","23739955300"
"019490","엑시큐어하이트론","541","541","0","0.00","0","0"
"059180","엔더블유시","4830","4830","0","0.00","0","0"
"317870","엔바이오니아","8260","9000","740","8.96","50854","448348795"
"067570","엔브이에이치코리아","2130","2260","130","6.10","233266","520186857"
"0004V0","엔비알모션","20550","21200","650","3.16","1296595","27887881900"
"236810","엔비티","1730","1899","169","9.77","58017","106771681"
"140610","엔솔바이오사이언스","13480","14260","780","5.79","20108","286528500"
"333620","엔시스","5540","5940","400","7.22","35038","204471535"
"101400","엔시트론","463","500","37","7.99","1534998","766226430"
"036570","엔씨소프트","195600","204500","8900","4.55","139135","28421122050"
"475230","엔알비","22650","25150","2500","11.04","125739","3154031925"
"238170","엔에스엠","791","791","0","0.00","0","0"
"224760","엔에스컴퍼니","2975","2720","-255","-8.57","951","2828590"
"451700","엔에이치스팩29호","2170","2195","25","1.15","247925","550719330"
"466910","엔에이치스팩30호","3370","3470","100","2.97","191868","667670235"
"481890","엔에이치스팩31호","2135","2135","0","0.00","23333","49818835"
"0054V0","엔에이치스팩32호","2030","2040","10","0.49","49273","100335339"
"265740","엔에프씨","7120","7990","870","12.22","295991","2337044055"
"354200","엔젠바이오","1826","2060","234","12.81","515521","1041609282"
"455900","엔젤로보틱스","25600","28100","2500","9.77","140210","3962650475"
"419080","엔젯","5060","5760","700","13.83","141453","787434375"
"093510","엔지브이아이","848","973","125","14.74","1","973"
"183490","엔지켐생명과학","1048","1096","48","4.58","527943","576727142"
"085310","엔케이","918","1007","89","9.69","846461","842797926"
"182400","엔케이맥스","3670","3670","0","0.00","0","0"
"348370","엔켐","55200","59800","4600","8.33","547022","32889819250"
"069410","엔텔스","4000","4380","380","9.50","23286","100932404"
"227950","엔투텍","427","507","80","18.74","3516066","1767437145"
"291230","엔피","585","654","69","11.79","306296","193132055"
"048830","엔피케이","838","855","17","2.03","56797","48498179"
"096870","엘디티","2200","2185","-15","-0.68","34929","76667270"
"276240","엘리비젼","457","398","-59","-12.91","20651","9932687"
"900140","엘브이엠씨홀딩스","1400","1483","83","5.93","829908","1222556696"
"290650","엘앤씨바이오","75800","82800","7000","9.23","369602","31304737700"
"066970","엘앤에프","93200","107000","13800","14.81","428293","45917770350"
"156100","엘앤케이바이오","9360","10330","970","10.36","313446","3245817085"
"0041J0","엘에스스팩1호","2015","2025","10","0.50","38469","77871495"
"311060","엘에이티","3895","3895","0","0.00","97","377815"
"073110","엘엠에스","4840","5090","250","5.17","12520","63230545"
"083310","엘오티베큠","11230","13010","1780","15.85","176765","2243511005"
"037950","엘컴텍","696","737","41","5.89","770104","562282076"
"489500","엘케이켐","30000","32950","2950","9.83","198344","6663508600"
"170920","엘티씨","19790","22150","2360","11.93","159806","3515769975"
"058630","엠게임","4750","5100","350","7.37","96150","485400546"
"226590","엠디바이스","22400","26600","4200","18.75","609392","16354769425"
"058970","엠로","33100","35550","2450","7.40","114112","4079378800"
"169330","엠브레인","1848","1865","17","0.92","36334","66923407"
"097520","엠씨넥스","22550","23850","1300","5.76","50163","1198691500"
"373170","엠아이큐브솔루션","2230","2285","55","2.47","219147","504198507"
"179290","엠아이텍","6390","6930","540","8.45","132943","900856010"
"484870","엠앤씨솔루션","119500","130300","10800","9.04","70019","8911670450"
"009780","엠에스씨","6870","7300","430","6.26","28268","202923810"
"123040","엠에스오토텍","2300","2520","220","9.57","668914","1667859849"
"432980","엠에프씨","3300","3500","200","6.06","12247","42390630"
"413390","엠오티","7320","8260","940","12.84","119241","956352660"
"032790","엠젠솔루션","654","643","-11","-1.68","461384","294901281"
"033160","엠케이전자","8210","9250","1040","12.67","234135","2140282900"
"347890","엠투아이","5290","5510","220","4.16","77882","428354700"
"033310","엠투엔","1657","1731","74","4.47","228118","393871769"
"259630","엠플러스","10280","11850","1570","15.27","273228","3170148995"
"105550","엣지파운드리","1149","1304","155","13.49","524940","667219058"
"060850","영림원소프트랩","5810","5960","150","2.58","30757","184033360"
"014440","영보화학","4485","4785","300","6.69","47734","223978457"
"143540","영우디에스피","1117","1209","92","8.24","278897","336689848"
"111770","영원무역","86000","92700","6700","7.79","109653","10032658100"
"009970","영원무역홀딩스","214000","227000","13000","6.07","20254","4627942500"
"003520","영진약품","1800","1927","127","7.06","615747","1164683609"
"000670","영풍","52900","55500","2600","4.91","39534","2212040000"
"012280","영화금속","1011","1083","72","7.12","381958","407448113"
"265560","영화테크","7660","8380","720","9.40","73115","602175110"
"012160","영흥","524","565","41","7.82","788146","427995165"
"036000","예림당","2750","3025","275","10.00","83911","247822905"
"250930","예선테크","316","336","20","6.33","405542","139780885"
"053280","예스24","3345","3510","165","4.93","72375","253292916"
"122640","예스티","21600","24500","2900","13.43","329090","7902165600"
"476040","오가노이드사이언스","24100","26900","2800","11.62","128266","3441231925"
"900300","오가닉티코스메틱","120","122","2","1.67","8589400","1068904361"
"212310","오건에코텍","635","635","0","0.00","0","0"
"045060","오공","2170","2255","85","3.92","33290","74343430"
"192410","오늘이엔엠","1162","1162","0","0.00","0","0"
"080520","오디텍","2720","2890","170","6.25","29209","85514365"
"007310","오뚜기","362500","372500","10000","2.76","10653","3974081500"
"039830","오로라","10990","12000","1010","9.19","75028","882109985"
"322310","오로스테크놀로지","23550","28250","4700","19.96","518788","14645810125"
"046120","오르비텍","4655","5280","625","13.43","1456382","7621069945"
"475830","오름테라퓨틱","104000","115000","11000","10.58","271712","31250309750"
"014940","오리엔탈정공","6200","7020","820","13.23","253504","1738775870"
"002630","오리엔트바이오","524","582","58","11.07","1368195","771974292"
"065500","오리엔트정공","2275","2490","215","9.45","1311766","3207082941"
"271560","오리온","123600","124100","500","0.40","186010","23038555600"
"001800","오리온홀딩스","21950","22950","1000","4.56","160794","3680583175"
"010470","오리콤","5470","5660","190","3.47","29421","166314285"
"417860","오브젠","7500","8120","620","8.27","17248","140550730"
"352910","오비고","4155","4380","225","5.42","41417","179702595"
"053980","오상자이엘","3095","3285","190","6.14","135818","444064437"
"036220","오상헬스케어","9140","10140","1000","10.94","45970","447905150"
"052420","오성첨단소재","1270","1380","110","8.66","758338","1043855498"
"332190","오션스바이오","1374","1194","-180","-13.10","818","1014147"
"052300","오션인더블유","2030","1989","-41","-2.02","125008","251335515"
"039200","오스코텍","46500","50600","4100","8.82","429911","21977595125"
"226400","오스테오닉","5670","6260","590","10.41","280426","1733946155"
"031510","오스템","1038","1036","-2","-0.19","109353","115235667"
"342870","오아","6160","6410","250","4.06","15819","102859320"
"368970","오에스피","1641","1626","-15","-0.91","48332","78265035"
"138080","오이솔루션","17500","20450","2950","16.86","689754","14167188025"
"080580","오킨스전자","12810","15330","2520","19.67","819718","12461633045"
"067170","오텍","1689","1767","78","4.62","50520","89267125"
"353590","오토앤","2500","2770","270","10.80","37140","102181547"
"173130","오파스넷","6740","7150","410","6.08","147850","1036745220"
"440320","오픈놀","3185","3450","265","8.32","91581","310599776"
"049480","오픈베이스","1926","2085","159","8.26","281929","590121489"
"394280","오픈엣지테크놀로지","11900","13800","1900","15.97","236470","3260531730"
"476060","온코닉테라퓨틱스","17300","19150","1850","10.69","891846","16872007185"
"382150","온코크로스","6210","7100","890","14.33","186607","1277539000"
"005320","온타이드","561","603","42","7.49","3052013","1934608043"
"244460","올리패스","1651","1651","0","0.00","0","0"
"226950","올릭스","163400","196300","32900","20.13","702012","135160209450"
"057540","옴니시스템","750","816","66","8.80","335796","274022019"
"131030","옵투스제약","9400","10850","1450","15.43","496072","5299465025"
"082210","옵트론텍","1844","2095","251","13.61","215709","443732034"
"109080","옵티시스","8060","8580","520","6.45","32659","276761240"
"380540","옵티코어","3300","3875","575","17.42","2276497","8753534908"
"153710","옵티팜","4940","5220","280","5.67","30300","157559350"
"432430","와이랩","2830","3035","205","7.24","76180","230387735"
"338840","와이바이오로직스","20050","22850","2800","13.97","202155","4571955875"
"122990","와이솔","6510","6880","370","5.68","162642","1111908380"
"232140","와이씨","17700","20600","2900","16.38","2052764","41942554045"
"112290","와이씨켐","21300","24050","2750","12.91","212825","5128583050"
"065530","와이어블","1209","1256","47","3.89","110067","136465798"
"067900","와이엔텍","6410","6980","570","8.89","108018","741486795"
"007530","와이엠","2345","2510","165","7.04","16578","41015015"
"155650","와이엠씨","3375","3590","215","6.37","53912","194398740"
"273640","와이엠텍","6450","7120","670","10.39","29018","203702935"
"251370","와이엠티","11120","12650","1530","13.76","185873","2296104935"
"209640","와이제이링크","3200","3680","480","15.00","847975","3107430471"
"096250","와이즈넛","9130","10010","880","9.64","99449","994602765"
"273060","와이즈버즈","972","1052","80","8.23","1457263","1501064814"
"019210","와이지-원","8050","8860","810","10.06","693565","6182930090"
"122870","와이지엔터테인먼트","62600","64200","1600","2.56","454646","29638942300"
"011690","와이투솔루션","6610","7150","540","8.17","1250160","8999650445"
"079000","와토스코리아","8870","9300","430","4.85","42975","403699770"
"403490","우듬지팜","1169","1259","90","7.70","258341","325398067"
"316140","우리금융지주","31800","33750","1950","6.13","4038754","136347224825"
"032820","우리기술","12760","16580","3820","29.94","22932712","373216720670"
"041190","우리기술투자","6100","6930","830","13.61","1893576","13127500265"
"115440","우리넷","6310","6660","350","5.55","153841","1038673670"
"046970","우리로","1211","1340","129","10.65","763822","1015168589"
"082850","우리바이오","1542","1704","162","10.51","299729","501534393"
"215360","우리산업","7950","8520","570","7.17","81244","685366090"
"072470","우리산업홀딩스","3800","4315","515","13.55","816833","3463701041"
"073560","우리손에프앤지","1809","1911","102","5.64","876698","1647981263"
"037400","우리엔터프라이즈","920","938","18","1.96","213052","199723634"
"153490","우리이앤엘","720","770","50","6.94","149206","112875432"
"101170","우림피티에스","12230","14680","2450","20.03","414288","5982168210"
"006980","우성","19890","20900","1010","5.08","7316","154262650"
"066590","우수AMS","2550","2770","220","8.63","301194","831381765"
"017370","우신시스템","5650","5960","310","5.49","109783","655301260"
"103840","우양","2800","3035","235","8.39","177949","532587777"
"101970","우양에이치씨","10880","11600","720","6.62","11941","137389560"
"046940","우원개발","4220","4565","345","8.18","242265","1108520913"
"215380","우정바이오","2190","2105","-85","-3.88","1970850","4423933128"
"065680","우주일렉트로","25650","27500","1850","7.21","21844","595819950"
"105840","우진","18900","22050","3150","16.67","778674","17061881225"
"018620","우진비앤지","684","713","29","4.24","171316","120396569"
"010400","우진아이엔에스","3495","3735","240","6.87","48587","181451525"
"457550","우진엔텍","21500","24600","3100","14.42","254369","6215342125"
"049800","우진플라임","2325","2550","225","9.68","61769","157089120"
"016880","웅진","1860","1999","139","7.47","1178248","2279623641"
"095720","웅진씽크빅","986","1051","65","6.59","200678","206781342"
"396470","워트","6010","6730","720","11.98","105521","694947140"
"005820","원림","15250","15870","620","4.07","4229","66813805"
"307280","원바이오젠","6920","7240","320","4.62","57264","410836710"
"032940","원익","9410","10640","1230","13.07","378297","4019889525"
"240810","원익IPS","107500","132800","25300","23.53","1447108","191943792900"
"074600","원익QnC","26600","30700","4100","15.41","613513","18609509750"
"104830","원익머트리얼즈","40600","46750","6150","15.15","115917","5326691350"
"014190","원익큐브","1678","1855","177","10.55","362633","663149260"
"217820","원익피앤이","3025","3380","355","11.74","233170","784151274"
"030530","원익홀딩스","26550","31000","4450","16.76","2111773","65172810725"
"012620","원일특강","8130","8530","400","4.92","21052","175356060"
"136150","원일티엔아이","14400","15920","1520","10.56","61577","962584540"
"382840","원준","7930","9000","1070","13.49","173610","1541861075"
"336570","원텍","6600","7250","650","9.85","816958","5904171700"
"376980","원티드랩","3250","3485","235","7.23","82407","281790565"
"122830","원포유","1500","1500","0","0.00","9743","14667453"
"008370","원풍","4580","4870","290","6.33","8473","40563984"
"008290","원풍물산","307","319","12","3.91","340264","109598521"
"101160","월덱스","27600","29900","2300","8.33","226167","6814542675"
"336060","웨이버스","881","944","63","7.15","206561","193827008"
"095270","웨이브일렉트로","4380","4865","485","11.07","146232","688241818"
"289930","웨이비스","13820","16710","2890","20.91","283598","4615975865"
"065950","웰크론","1488","1525","37","2.49","187097","284257118"
"076080","웰크론한텍","980","1057","77","7.86","111790","116666065"
"043590","웰킵스하이텍","609","625","16","2.63","580075","351446480"
"196700","웹스","2345","2480","135","5.76","226527","560735730"
"069080","웹젠","11580","12350","770","6.65","223861","2775305105"
"053580","웹케시","7700","8480","780","10.13","99209","823718915"
"479960","위너스","8420","9490","1070","12.71","15422","140578975"
"377460","위니아에이드","4080","4080","0","0.00","0","0"
"044340","위닉스","4545","4790","245","5.39","30295","143708715"
"330350","위더스제약","8000","8910","910","11.38","532382","4672773315"
"348350","위드텍","8330","9190","860","10.32","48625","445797920"
"112040","위메이드","21000","22700","1700","8.10","316632","7206527825"
"101730","위메이드맥스","5000","5370","370","7.40","221852","1207475525"
"123420","위메이드플레이","6260","6830","570","9.11","32859","223025195"
"065370","위세아이텍","4365","4800","435","9.97","44687","213440790"
"140660","위월드","1600","1699","99","6.19","52","79899"
"038620","위즈코프","557","568","11","1.97","1341840","760936608"
"299900","위지윅스튜디오","420","429","9","2.14","1206266","511902583"
"036090","위지트","581","630","49","8.43","773752","485972898"
"459100","위츠","5180","5740","560","10.81","67532","384328950"
"136540","윈스테크넷","10880","11110","230","2.11","40669","451338260"
"097800","윈팩","390","437","47","12.05","820196","353397110"
"192390","윈하이텍","1900","2000","100","5.26","27184","53983710"
"008600","윌비스","263","263","0","0.00","0","0"
"335870","윙스풋","1748","1860","112","6.41","10113","18906784"
"900340","윙입푸드","601","625","24","3.99","245399","151275703"
"033270","유나이티드제약","18740","19940","1200","6.40","49929","985272760"
"014830","유니드","71800","74800","3000","4.18","51230","3845140000"
"446070","유니드비티플러스","2875","3040","165","5.74","31929","96340585"
"036200","유니셈","8590","9900","1310","15.25","347381","3365702855"
"018000","유니슨","1010","1107","97","9.60","3751565","4076484010"
"000910","유니온","3885","4150","265","6.82","157637","640636631"
"047400","유니온머티리얼","1300","1415","115","8.85","369489","521250400"
"203450","유니온바이오메트릭스","3095","3085","-10","-0.32","113129","349413078"
"011330","유니켐","1078","755","-323","-29.96","35659014","27968044103"
"077500","유니퀘스트","5490","6170","680","12.39","219180","1328693560"
"011320","유니크","3615","3805","190","5.26","105775","400559390"
"086390","유니테스트","15300","19600","4300","28.10","1332885","25844731305"
"241690","유니테크노","3400","3775","375","11.03","284906","1056256925"
"142210","유니트론텍","4930","5430","500","10.14","305608","1632366330"
"121060","유니포인트","719","612","-107","-14.88","5","3060"
"389680","유디엠텍","588","652","64","10.88","1336303","875100322"
"088340","유라클","10680","12250","1570","14.70","45178","531449065"
"048430","유라테크","7210","7780","570","7.91","34093","262234250"
"206650","유바이오로직스","13290","14700","1410","10.61","723935","10505249730"
"089850","유비벨록스","4740","4945","205","4.32","71094","349889214"
"495810","유비씨","13120","13120","0","0.00","0","0"
"084440","유비온","924","960","36","3.90","116523","110252089"
"032620","유비케어","3630","3885","255","7.02","322848","1242027925"
"264450","유비쿼스","11010","11970","960","8.72","107118","1259867310"
"078070","유비쿼스홀딩스","10610","10970","360","3.39","305803","3319210630"
"002920","유성기업","2120","2195","75","3.54","163096","358080145"
"024800","유성티엔에스","3705","3950","245","6.61","141715","561555867"
"000700","유수홀딩스","5870","6010","140","2.39","57292","343426785"
"054930","유신","20850","22100","1250","6.00","33049","732101375"
"069330","유아이디","857","884","27","3.15","160720","139671266"
"049520","유아이엘","3705","3880","175","4.72","251026","971990064"
"444920","유안타제11호스팩","2100","2100","0","0.00","56669","119009360"
"473050","유안타제15호스팩","2060","2055","-5","-0.24","40880","84239175"
"474490","유안타제16호스팩","2045","2045","0","0.00","16917","34595270"
"493790","유안타제17호스팩","2005","2010","5","0.25","6590","13269095"
"003470","유안타증권","4335","4810","475","10.96","1496054","7169662194"
"003475","유안타증권우","4100","4445","345","8.41","134988","599215840"
"263770","유에스티","1863","1957","94","5.05","29639","57259148"
"337840","유엑스엔","7890","7950","60","0.76","656","5099480"
"072130","유엔젤","4355","4585","230","5.28","53494","243587677"
"000220","유유제약","4100","4370","270","6.59","147947","636819151"
"000225","유유제약1우","4555","4640","85","1.87","37066","167927590"
"000227","유유제약2우B","10130","10400","270","2.67","1582","16110590"
"388720","유일로보틱스","92000","104000","12000","13.04","125760","13228950100"
"340930","유일에너테크","960","1064","104","10.83","1661068","1748878077"
"023410","유진기업","4060","4340","280","6.90","472362","2046613412"
"056080","유진로봇","27200","30250","3050","11.21","1466625","45210373875"
"468760","유진스팩10호","2120","2110","-10","-0.47","7638","16003000"
"488060","유진스팩11호","2055","2060","5","0.24","14522","29893570"
"0105P0","유진스팩12호","2005","2020","15","0.75","21772","43787780"
"084370","유진테크","117900","144900","27000","22.90","461574","66549712450"
"240600","유진테크놀로지","2755","3010","255","9.26","41383","122586483"
"001200","유진투자증권","4150","4695","545","13.13","2392773","11221201766"
"221800","유투바이오","22550","23700","1150","5.10","1763256","43470811075"
"179900","유티아이","19010","21600","2590","13.62","147011","3149207940"
"263050","유틸렉스","959","959","0","0.00","0","0"
"000100","유한양행","92400","98800","6400","6.93","513187","50351583700"
"000105","유한양행우","82400","88200","5800","7.04","5599","490226400"
"003460","유화증권","3550","3775","225","6.34","451013","1725729230"
"003465","유화증권우","3525","3545","20","0.57","5339","18878135"
"191410","육일씨엔에쓰","2535","2900","365","14.40","271026","761628790"
"372170","윤성에프앤씨","26200","29450","3250","12.40","24173","701807075"
"146060","율촌","1417","1550","133","9.39","167724","254942828"
"008730","율촌화학","22100","23700","1600","7.24","92456","2218531325"
"008250","이건산업","3590","3750","160","4.46","57463","214294620"
"039020","이건홀딩스","2920","3145","225","7.71","183205","572119710"
"025820","이구산업","4690","5120","430","9.17","547139","2792319735"
"067920","이글루","5290","5380","90","1.70","121887","652194780"
"044960","이글벳","3715","3950","235","6.33","138312","543473492"
"303530","이노뎁","4040","4060","20","0.50","167276","680444757"
"296640","이노룰스","6210","7000","790","12.72","172732","1219733675"
"302430","이노메트리","5820","6300","480","8.25","57646","359977185"
"279060","이노벡스","115","115","0","0.00","0","0"
"214320","이노션","18570","19370","800","4.31","237933","4583041905"
"462350","이노스페이스","14010","16070","2060","14.70","681538","11020538050"
"274400","이노시뮬레이션","3020","3270","250","8.28","26964","87460397"
"073490","이노와이어리스","29400","33500","4100","13.95","133425","4377313850"
"215790","이노인스트루먼트","260","305","45","17.31","722663","219919024"
"344860","이노진","1334","1457","123","9.22","95994","134887805"
"469610","이노테크","17720","19850","2130","12.02","125522","2456042810"
"088390","이녹스","10750","11860","1110","10.33","78677","928982295"
"272290","이녹스첨단소재","27850","31250","3400","12.21","473435","14714387150"
"053350","이니텍","2995","2995","0","0.00","146434","446623334"
"452400","이닉스","8050","8940","890","11.06","53790","476412085"
"264850","이랜시스","5950","6810","860","14.45","830691","5664942485"
"054210","이랜텍","9310","10230","920","9.88","350168","3569134650"
"009730","이렘","579","661","82","14.16","786388","499524204"
"065440","이루온","1207","1314","107","8.86","331467","425311637"
"088260","이리츠코크렙","4550","4760","210","4.62","143670","678917567"
"139480","이마트","88700","91400","2700","3.04","266952","24720436550"
"424870","이뮨온시아","6870","7600","730","10.63","392995","2938701040"
"115610","이미지스","1242","1351","109","8.78","549606","736213083"
"478110","이베스트스팩6호","2030","2035","5","0.25","10810","21998600"
"131400","이브이첨단소재","1442","1552","110","7.63","981595","1516252684"
"208850","이비테크","5200","5000","-200","-3.85","0","0"
"351330","이삭엔지니어링","6890","7640","750","10.89","92227","685860195"
"080010","이상네트웍스","6390","6940","550","8.61","9786","66532270"
"379390","이성씨엔아이","4930","4970","40","0.81","1","4970"
"457190","이수스페셜티케미컬","85000","97000","12000","14.12","483401","46860168900"
"086890","이수앱지스","4660","5030","370","7.94","270370","1343582375"
"007660","이수페타시스","98800","115600","16800","17.00","1854375","213190930800"
"005950","이수화학","7160","8180","1020","14.25","282108","2288686280"
"015020","이스타코","418","448","30","7.18","307540","134754719"
"047560","이스트소프트","12010","13400","1390","11.57","125482","1673544850"
"900110","이스트아시아홀딩스","736","777","41","5.57","210840","162605336"
"239340","이스트에이드","1220","1336","116","9.51","77701","102256127"
"067010","이씨에스","2100","2155","55","2.62","17603","37754463"
"456070","이엔셀","13400","15080","1680","12.54","176095","2623594210"
"102710","이엔에프테크놀로지","51100","57600","6500","12.72","185326","10566221150"
"074610","이엔플러스","5110","5110","0","0.00","0","0"
"041520","이엘씨","7380","7670","290","3.93","22368","172113760"
"063760","이엘피","2390","2520","130","5.44","52254","129681023"
"123570","이엠넷","1819","1896","77","4.23","14755","27779307"
"083470","이엠앤아이","744","735","-9","-1.21","440305","324373348"
"095190","이엠코리아","2085","2275","190","9.11","448643","1003446984"
"091120","이엠텍","5960","6550","590","9.90","122498","794139385"
"232530","이엠티","5010","5190","180","3.59","4309","22436270"
"102460","이연제약","9960","10450","490","4.92","92465","948948540"
"039030","이오테크닉스","361500","446000","84500","23.37","310112","137696414500"
"294090","이오플로우","1490","1490","0","0.00","0","0"
"088290","이원컴포텍","575","605","30","5.22","177586","107472688"
"084680","이월드","1441","1596","155","10.76","1395789","2210436418"
"353810","이지바이오","6600","6880","280","4.24","365310","2515602140"
"261520","이지스","8120","9100","980","12.07","186836","1676127860"
"350520","이지스레지던스리츠","3640","3750","110","3.02","76670","286814185"
"334890","이지스밸류플러스리츠","3945","4100","155","3.93","196043","797926015"
"099750","이지케어텍","8150","8500","350","4.29","74777","643944120"
"377330","이지트로닉스","2645","2940","295","11.15","34115","97526513"
"035810","이지홀딩스","7760","7950","190","2.45","1525631","12059963815"
"092130","이크레더블","14810","15290","480","3.24","9436","143808905"
"134060","이퓨쳐","3985","4090","105","2.63","5255","21086249"
"001840","이화공영","2215","2215","0","0.00","0","0"
"000760","이화산업","14120","15170","1050","7.44","3422","51227700"
"014990","인디에프","751","796","45","5.99","224641","180368654"
"041830","인바디","28650","29600","950","3.32","66301","1972297775"
"352940","인바이오","2020","1999","-21","-1.04","11373","22894346"
"101140","인바이오젠","7800","8450","650","8.33","5495","45745860"
"216400","인바이츠바이오코아","3765","3775","10","0.27","354","1277030"
"079950","인베니아","1126","1269","143","12.70","486197","612429884"
"389470","인벤티지랩","81000","93000","12000","14.81","295389","26902966950"
"277410","인산가","1095","1104","9","0.82","198443","219626680"
"060150","인선이엔티","3835","4075","240","6.26","161145","650722085"
"033230","인성정보","1398","1529","131","9.37","563249","850390058"
"450520","인스웨이브","2565","2780","215","8.38","58887","158374755"
"006490","인스코비","440","476","36","8.18","673508","310582205"
"465480","인스피언","4810","5020","210","4.37","23599","117066555"
"037330","인지디스플레","1300","1393","93","7.15","73181","100965069"
"100030","인지소프트","20150","20750","600","2.98","32896","684701050"
"023800","인지컨트롤스","6220","6600","380","6.11","159583","1056368845"
"034590","인천도시가스","26400","26900","500","1.89","7997","214568050"
"211050","인카금융서비스","12550","13260","710","5.66","347041","4684341560"
"083640","인콘","374","407","33","8.82","1925617","787535311"
"064090","인크레더블버즈","798","798","0","0.00","0","0"
"216050","인크로스","6650","7080","430","6.47","48391","338563660"
"049070","인탑스","15380","17250","1870","12.16","141617","2421123920"
"311960","인터로이드","1599","1680","81","5.07","307","516639"
"119610","인터로조","16450","17480","1030","6.26","73910","1279392155"
"017250","인터엠","980","1030","50","5.10","76993","78590010"
"129260","인터지스","2395","2515","120","5.01","265967","658835786"
"051370","인터플렉스","10810","11750","940","8.70","211791","2439047900"
"064290","인텍플러스","14220","15420","1200","8.44","239047","3624372550"
"189300","인텔리안테크","100000","120800","20800","20.80","369618","43743621600"
"287840","인투셀","39950","43750","3800","9.51","141104","6133352225"
"048530","인트론바이오","6420","6650","230","3.58","2864063","18288993760"
"023810","인팩","7200","7770","570","7.92","38457","295944545"
"115310","인포바인","75900","80300","4400","5.80","8949","720401100"
"039290","인포뱅크","4000","4345","345","8.63","39440","169925305"
"071200","인피니트헬스케어","6110","6450","340","5.56","74746","488842105"
"101930","인화정공","37500","43750","6250","16.67","15701","673175375"
"249420","일동제약","29700","32800","3100","10.44","320548","10635659325"
"000230","일동홀딩스","9780","10710","930","9.51","59194","629461555"
"013360","일성건설","1568","1683","115","7.33","427024","709075480"
"003120","일성아이에스","21500","22650","1150","5.35","8828","198755900"
"333430","일승","4600","5370","770","16.74","427595","2210489845"
"068330","일신바이오","1385","1510","125","9.03","325763","488603306"
"003200","일신방직","12130","12870","740","6.10","50687","646345630"
"007110","일신석재","1513","1656","143","9.45","894674","1446428267"
"007570","일양약품","13050","13050","0","0.00","0","0"
"007575","일양약품우","12980","12980","0","0.00","0","0"
"178780","일월지엠엘","2625","2690","65","2.48","41021","104426123"
"008500","일정실업","2715","3280","565","20.81","107205","328324385"
"019540","일지테크","4350","4775","425","9.77","199416","938273404"
"081000","일진다이아","13030","14190","1160","8.90","97213","1362193810"
"020760","일진디스플","902","902","0","0.00","0","0"
"103590","일진전기","72400","81000","8600","11.88","466994","37905573950"
"094820","일진파워","14450","16300","1850","12.80","542134","8847406650"
"271940","일진하이솔루스","15300","17340","2040","13.33","185631","3223082160"
"015860","일진홀딩스","7640","8310","670","8.77","372346","3064593935"
"226320","잇츠한불","9900","10470","570","5.76","19482","202199820"
"950140","잉글우드랩","12050","12410","360","2.99","244276","3028033275"
"049550","잉크테크","2900","3100","200","6.90","26961","83278225"
"389020","자람테크놀로지","36550","43650","7100","19.43","167412","7102665925"
"254120","자비스","1039","1120","81","7.80","142235","158494831"
"043910","자연과환경","469","512","43","9.17","897297","450793929"
"234920","자이글","5310","5310","0","0.00","0","0"
"289220","자이언트스텝","3010","3315","305","10.13","80478","261725423"
"317400","자이에스앤디","4100","4275","175","4.27","89243","381727657"
"033240","자화전자","31000","37100","6100","19.68","382934","13777163525"
"049630","재영솔루텍","2955","3240","285","9.64","8157411","26674732964"
"417840","저스템","5380","6400","1020","18.96","1035243","6374890010"
"000950","전방","35600","36700","1100","3.09","2976","109617600"
"079900","전진건설로봇","46850","52900","6050","12.91","101304","5302101050"
"110020","전진바이오팜","1848","1808","-40","-2.16","63029","114363573"
"208140","정다운","2650","2730","80","3.02","222871","604764458"
"040420","정상제이엘에스","5610","5790","180","3.21","39029","224340085"
"045510","정원엔시스","749","700","-49","-6.54","336256","232508578"
"217190","제너셈","5030","5850","820","16.30","189639","1089022635"
"095700","제넥신","4680","4660","-20","-0.43","1181491","5608025171"
"122310","제노레이","3810","4050","240","6.30","18570","74643612"
"361390","제노코","21800","25550","3750","17.20","331286","8359036725"
"066830","제노텍","1039","1099","60","5.77","428","427772"
"225220","제놀루션","1616","1699","83","5.14","83076","138674272"
"123330","제닉","16570","18900","2330","14.06","168328","3170863850"
"381620","제닉스로보틱스","9400","10830","1430","15.21","263405","2792897355"
"159580","제로투세븐","3380","3710","330","9.76","62503","227338942"
"147830","제룡산업","6320","6970","650","10.28","483979","3354638390"
"033100","제룡전기","43000","48100","5100","11.86","307727","14788592375"
"079370","제우스","15000","17610","2610","17.40","1946219","34033049980"
"054950","제이브이엠","23450","25100","1650","7.04","51245","1265585850"
"023440","제이스코홀딩스","704","745","41","5.82","721605","543012499"
"090470","제이스텍","6620","7270","650","9.82","107877","778829710"
"137950","제이씨케미칼","3185","3440","255","8.01","154033","517211453"
"033320","제이씨현시스템","4070","4420","350","8.60","819927","3564513411"
"417500","제이아이테크","4000","4750","750","18.75","3453117","16045105747"
"348950","제이알글로벌리츠","1779","1859","80","4.50","1311439","2404389835"
"204270","제이앤티씨","16000","18710","2710","16.94","468343","8645437385"
"127120","제이에스링크","31950","36050","4100","12.83","426949","15244432125"
"194370","제이에스코퍼레이션","11150","11780","630","5.65","198989","2313652320"
"026040","제이에스티나","2795","3060","265","9.48","97317","293247323"
"452160","제이엔비","4800","5440","640","13.33","41805","218752850"
"126880","제이엔케이글로벌","3320","3610","290","8.73","128794","457100075"
"322510","제이엘케이","6310","7270","960","15.21","639593","4614460215"
"254160","제이엠멀티","4000","3600","-400","-10.00","787","3449755"
"033050","제이엠아이","828","870","42","5.07","80591","69031830"
"094970","제이엠티","2500","2695","195","7.80","310028","824308420"
"418550","제이오","6600","7300","700","10.61","171785","1250906700"
"060230","제이케이시냅스","1842","1842","0","0.00","0","0"
"420570","제이투케이바이오","7210","7800","590","8.18","14571","111728600"
"089790","제이티","5060","5850","790","15.61","285880","1642066565"
"0010V0","제이피아이헬스케어","11130","12180","1050","9.43","26513","318223395"
"030000","제일기획","19790","20400","610","3.08","463849","9530043325"
"271980","제일약품","14040","15000","960","6.84","108754","1564403895"
"412540","제일엠앤에스","3935","3935","0","0.00","0","0"
"001560","제일연마","11000","10800","-200","-1.82","24719","271544800"
"199820","제일일렉트릭","8250","9340","1090","13.21","292860","2709339395"
"038010","제일테크노스","5830","5900","70","1.20","25899","153140095"
"002620","제일파마홀딩스","8600","8820","220","2.56","33062","288804890"
"080220","제주반도체","36850","44750","7900","21.44","5185962","228770259350"
"006220","제주은행","12500","14250","1750","14.00","936724","13236671025"
"089590","제주항공","5060","5350","290","5.73","539432","2894775145"
"216080","제테마","8070","9150","1080","13.38","529462","4793946925"
"337930","젝시믹스","4400","4810","410","9.32","229927","1082554527"
"229000","젠큐릭스","4110","5040","930","22.63","11230632","55055207773"
"082270","젬백스","34700","39050","4350","12.54","462034","18421041400"
"004910","조광페인트","4640","4750","110","2.37","60320","289126049"
"004700","조광피혁","60300","63600","3300","5.47","10179","651141100"
"001550","조비","12540","14210","1670","13.32","117608","1620942695"
"462520","조선내화","13100","13560","460","3.51","10530","142185150"
"120030","조선선재","93500","100400","6900","7.38","4854","483827900"
"034940","조아제약","800","869","69","8.63","255100","220947193"
"067000","조이시티","2175","2380","205","9.43","661808","1552330709"
"309930","조이웍스앤코","921","895","-26","-2.82","96321","86383179"
"018470","조일알미늄","1095","1230","135","12.33","5369796","6533798467"
"002600","조흥","156600","155400","-1200","-0.77","194","30511100"
"185750","종근당","81500","85000","3500","4.29","44634","3787498950"
"063160","종근당바이오","18560","19720","1160","6.25","18191","355695510"
"001630","종근당홀딩스","47650","48550","900","1.89","14040","684957950"
"033340","좋은사람들","1680","1919","239","14.23","3278941","6147524416"
"036930","주성엔지니어링","53800","66800","13000","24.16","4369749","283229558050"
"109070","주성코퍼레이션","712","798","86","12.08","92915","71151402"
"044380","주연테크","306","322","16","5.23","186771","59992420"
"072020","중앙백신","8780","9160","380","4.33","29381","268877690"
"000440","중앙에너비스","32800","30850","-1950","-5.95","3814924","122414111475"
"051980","중앙첨단소재","1720","1820","100","5.81","1810367","3365779856"
"228760","지노믹트리","17390","19090","1700","9.78","151742","2892035760"
"314130","지놈앤컴퍼니","5590","6400","810","14.49","401481","2523132845"
"013890","지누스","11020","11460","440","3.99","23657","271967580"
"389030","지니너스","2995","3500","505","16.86","1469221","5140012278"
"263860","지니언스","12980","14110","1130","8.71","53910","749755130"
"303030","지니틱스","513","545","32","6.24","137254","74304418"
"036180","지더블유바이텍","577","577","0","0.00","0","0"
"208350","지란지교시큐리티","2615","2685","70","2.68","15640","41829223"
"446840","지슨","1380","1441","61","4.42","106921","154094741"
"144510","지씨셀","21850","24300","2450","11.21","86734","2064955200"
"340450","지씨지놈","6510","7230","720","11.06","261083","1880943880"
"306620","지아이에스","2410","2770","360","14.94","742740","2022310724"
"358570","지아이이노베이션","13140","15110","1970","14.99","971639","14503413010"
"382480","지아이텍","2080","2325","245","11.78","459292","1048593624"
"382800","지앤비에스 에코","3365","3615","250","7.43","303071","1084708724"
"299480","지앤이헬스케어","341","392","51","14.96","1025","310753"
"051160","지어소프트","6640","7100","460","6.93","88618","621592215"
"053050","지에스이","4010","3535","-475","-11.85","34627807","127659522096"
"076340","지에이이노더스","4200","4495","295","7.02","40","173950"
"388610","지에프씨생명과학","10280","10130","-150","-1.46","97002","998396750"
"493330","지에프아이","14500","15290","790","5.45","17755","270596290"
"119850","지엔씨에너지","31150","35650","4500","14.45","238400","8416884800"
"065060","지엔코","542","565","23","4.24","133892","75392510"
"204840","지엘팜텍","1008","1085","77","7.64","241804","258542657"
"013870","지엠비코리아","4785","5200","415","8.67","70844","362906435"
"071320","지역난방공사","83600","87300","3700","4.43","38904","3394240900"
"311320","지오엘리먼트","6210","6940","730","11.76","39439","267303900"
"456160","지투지바이오","84000","90200","6200","7.38","675135","61188411050"
"388050","지투파워","9040","10300","1260","13.94","950780","9673150380"
"088790","진도","2185","2265","80","3.66","71242","161714962"
"018120","진로발효","17300","17500","200","1.16","7273","128257010"
"109820","진매트릭스","2070","2225","155","7.49","89014","194115585"
"086060","진바이오텍","4715","5180","465","9.86","106056","541933800"
"036890","진성티이씨","13040","13980","940","7.21","184580","2571634165"
"363250","진시스템","4425","4815","390","8.81","44544","211931420"
"003780","진양산업","5540","5900","360","6.50","114362","671728060"
"007370","진양제약","4370","4630","260","5.95","67570","309136978"
"010640","진양폴리","2355","2560","205","8.70","66501","166178559"
"100250","진양홀딩스","3005","3030","25","0.83","183831","555073044"
"051630","진양화학","2000","2150","150","7.50","80855","173870757"
"272450","진에어","6100","6370","270","4.43","226160","1442140490"
"285800","진영","1269","1320","51","4.02","68181","89328480"
"011000","진원생명과학","1006","1096","90","8.95","1657611","1794796046"
"250030","진코스텍","13800","13910","110","0.80","4442","62603660"
"002780","진흥기업","700","726","26","3.71","882844","642197945"
"002787","진흥기업2우B","8180","8180","0","0.00","139","1162470"
"002785","진흥기업우B","3335","3410","75","2.25","507","1707945"
"233990","질경이","1838","1850","12","0.65","2491","4613620"
"025620","차AI헬스케어","8800","9540","740","8.41","35664","341861990"
"085660","차바이오텍","17270","19040","1770","10.25","1169817","22041488830"
"261780","차백신연구소","2500","2625","125","5.00","71763","186299405"
"351870","차이커뮤니케이션","3755","4005","250","6.66","44073","173168370"
"009310","참엔지니어링","996","1128","132","13.25","677895","765440741"
"094850","참좋은여행","4750","5220","470","9.89","99880","514138425"
"368030","창대정밀","8580","8580","0","0.00","0","0"
"004650","창해에탄올","9300","9500","200","2.15","36521","345213790"
"278280","천보","40500","45800","5300","13.09","102809","4728455500"
"000650","천일고속","222000","246000","24000","10.81","7531","1835094750"
"362320","청담글로벌","4590","5100","510","11.11","179494","887697710"
"066360","체리부로","1039","1100","61","5.87","982921","1061456929"
"033250","체시스","930","990","60","6.45","223774","220116686"
"047820","초록뱀미디어","4120","4325","205","4.98","75901","326272007"
"094360","칩스앤미디어","14550","16490","1940","13.33","185751","3005609295"
"016920","카스","895","964","69","7.71","150230","140833003"
"284620","카이노스메드","1087","1087","0","0.00","0","0"
"035720","카카오","47050","51200","4150","8.82","3724178","190903867100"
"293490","카카오게임즈","12110","12940","830","6.85","487343","6357865440"
"323410","카카오뱅크","22200","24050","1850","8.33","1652035","39785915250"
"377300","카카오페이","52300","59300","7000","13.38","850335","50596040200"
"140430","카티스","599","664","65","10.85","568692","365777120"
"042000","카페24","25700","28250","2550","9.92","327036","9249983850"
"006380","카프로","3660","3660","0","0.00","0","0"
"313760","캐리","463","600","137","29.59","1153849","636155582"
"317530","캐리소프트","4370","4455","85","1.95","41747","180208430"
"071850","캐스텍코리아","1473","1450","-23","-1.56","8204","11702702"
"198080","캐프","2125","2270","145","6.82","152640","340679669"
"210120","캔버스엔","1148","1248","100","8.71","185641","231933004"
"050110","캠시스","1822","1966","144","7.90","256489","488646442"
"452300","캡스톤파트너스","2830","3150","320","11.31","220871","692747395"
"451760","컨텍","14050","16200","2150","15.30","431357","6927376435"
"900310","컬러레이","466","484","18","3.86","226225","107465108"
"078340","컴투스","29900","31850","1950","6.52","95040","3033390175"
"063080","컴투스홀딩스","16730","18240","1510","9.03","33842","601701825"
"307930","컴퍼니케이","6250","7010","760","12.16","139049","947075075"
"079190","케스피온","393","402","9","2.29","203666","82840402"
"263700","케어랩스","2295","2500","205","8.93","153061","384750439"
"214370","케어젠","106500","122400","15900","14.93","239910","29507499550"
"221980","케이디켐","10300","10250","-50","-0.49","7506","76369760"
"038530","케이바이오","333","372","39","11.71","3937120","1454202591"
"279570","케이뱅크","8300","8330","30","0.36","181485877","1622022414400"
"001620","케이비아이동국실업","733","795","62","8.46","1038644","822723669"
"192250","케이사인","8680","9900","1220","14.06","115625","1113850700"
"431190","케이쓰리아이","3880","4210","330","8.51","43892","184324328"
"029460","케이씨","28100","31500","3400","12.10","45638","1411496750"
"115500","케이씨에스","7780","8450","670","8.61","88753","747327430"
"281820","케이씨텍","39450","46400","6950","17.62","174401","8040688625"
"089150","케이씨티","2045","2265","220","10.76","149709","331550501"
"025880","케이씨피드","2690","2835","145","5.39","294201","816796992"
"093320","케이아이엔엑스","99800","110200","10400","10.42","20551","2258065550"
"093640","케이알엠","3950","4200","250","6.33","285743","1201419810"
"073010","케이에스피","3290","3695","405","12.31","320929","1162210193"
"105330","케이엔더블유","6330","6340","10","0.16","203680","1299495300"
"053080","케이엔솔","11990","13210","1220","10.18","261231","3441312920"
"199430","케이엔알시스템","23650","28450","4800","20.30","157283","4390905000"
"432470","케이엔에스","12010","13720","1710","14.24","210051","2858279560"
"272110","케이엔제이","28000","32450","4450","15.89","218286","6974365025"
"039420","케이엘넷","2640","2740","100","3.79","104459","284577896"
"083550","케이엠","3165","3335","170","5.37","124494","407521165"
"032500","케이엠더블유","15260","17200","1940","12.71","359725","6239478850"
"225430","케이엠제약","340","377","37","10.88","1169463","465796993"
"102370","케이옥션","3190","3660","470","14.73","164294","574740479"
"068100","케이웨더","2515","2845","330","13.12","41377","112721720"
"106080","케이이엠텍","360","390","30","8.33","326893","126208327"
"455180","케이지에이","2500","2860","360","14.40","64622","180941285"
"381970","케이카","13910","14350","440","3.16","116736","1663452970"
"145270","케이탑리츠","903","901","-2","-0.22","282030","252049399"
"036030","케이티알파","4465","4785","320","7.17","76747","358279720"
"064820","케이프","9230","10340","1110","12.03","133009","1368145780"
"024880","케이피에프","5500","6000","500","9.09","255679","1507495025"
"042040","케이피엠테크","157","167","10","6.37","865096","140163360"
"054410","케이피티유","3140","3385","245","7.80","12365","39770175"
"258610","케일럼","1081","1167","86","7.96","51184","58064623"
"274090","켄코아에어로스페이스","16990","19300","2310","13.60","634935","12216776410"
"402420","켈스","1685","1685","0","0.00","0","0"
"089010","켐트로닉스","25000","28800","3800","15.20","213961","6112288050"
"220260","켐트로스","4760","5450","690","14.50","391771","2102634935"
"176590","코나솔","2800","3100","300","10.71","223","665900"
"052400","코나아이","55600","61400","5800","10.43","170603","10581802000"
"402030","코난테크놀로지","16400","18060","1660","10.12","58223","1046624800"
"391710","코닉오토메이션","1715","1947","232","13.53","361154","683651496"
"046070","코다코","10280","10280","0","0.00","0","0"
"047770","코데즈컴바인","4420","4810","390","8.82","2345897","11328088208"
"080530","코디","838","909","71","8.47","104344","93638899"
"417310","코람코더원리츠","8630","9190","560","6.49","160607","1455534915"
"357120","코람코라이프인프라리츠","4310","4515","205","4.76","286052","1274220359"
"104540","코렌텍","5490","6100","610","11.11","58326","348052800"
"027050","코리아나","1740","1898","158","9.08","289821","538018469"
"007815","코리아써우","14000","15640","1640","11.71","10212","158379680"
"007810","코리아써키트","45100","52400","7300","16.19","247917","12929689700"
"00781K","코리아써키트2우B","11610","12360","750","6.46","2392","29426670"
"190650","코리아에셋투자증권","7820","8640","820","10.49","56032","480340850"
"123410","코리아에프티","6850","7410","560","8.18","265738","1982022525"
"003690","코리안리","12360","13110","750","6.07","567864","7458604095"
"036690","코맥스","2885","2885","0","0.00","0","0"
"049430","코메론","14250","15240","990","6.95","33728","508213485"
"183300","코미코","89500","102700","13200","14.75","175328","18251809400"
"041960","코미팜","7900","8410","510","6.46","391754","3291816060"
"089890","코세스","20200","26000","5800","28.71","371485","9278768200"
"360350","코셈","8060","8740","680","8.44","86105","744003730"
"189350","코셋","1496","1487","-9","-0.60","204","260370"
"082660","코스나인","480","480","0","0.00","0","0"
"192820","코스맥스","160700","167100","6400","3.98","105429","17681812500"
"044820","코스맥스비티아이","12520","13790","1270","10.14","26125","353792330"
"222040","코스맥스엔비티","3100","3415","315","10.16","52308","168878417"
"241710","코스메카코리아","70800","73600","2800","3.95","126800","9435005050"
"005070","코스모신소재","42500","49050","6550","15.41","394042","19314676325"
"005420","코스모화학","12720","14220","1500","11.79","261353","3720460720"
"355150","코스텍시스","15930","16400","470","2.95","643578","10373973700"
"169670","코스텍시스템","4990","4900","-90","-1.80","4331","19973245"
"071950","코아스","2090","2130","40","1.91","724154","1459946895"
"166480","코아스템켐온","2540","2820","280","11.02","636718","1786967750"
"045970","코아시아","4265","4865","600","14.07","223728","1080992980"
"196450","코아시아씨엠","1161","1298","137","11.80","344056","436246237"
"384470","코어라인소프트","2910","3200","290","9.97","111885","354244017"
"002020","코오롱","52100","56700","4600","8.83","73899","4259829100"
"138490","코오롱ENP","10690","11500","810","7.58","122117","1398348220"
"003070","코오롱글로벌","9100","9790","690","7.58","46726","452785355"
"003075","코오롱글로벌우","14100","15460","1360","9.65","216","3303910"
"102940","코오롱생명과학","50500","56700","6200","12.28","51316","2895471250"
"002025","코오롱우","24700","27350","2650","10.73","6575","175302350"
"120110","코오롱인더","55700","61400","5700","10.23","330267","20362971800"
"120115","코오롱인더우","25750","27700","1950","7.57","17381","473436900"
"950160","코오롱티슈진","91100","102300","11200","12.29","634002","65372634050"
"021240","코웨이","73800","74500","700","0.95","599640","45227580300"
"056360","코위버","4540","4910","370","8.15","59344","287229373"
"282880","코윈테크","13370","14730","1360","10.17","145233","2125543415"
"121850","코이즈","2110","2275","165","7.82","177394","403584320"
"448710","코츠테크놀로지","17070","19300","2230","13.06","297394","5645997400"
"126730","코칩","16100","18610","2510","15.59","132116","2420679640"
"015710","코콤","3365","3635","270","8.02","121988","435276554"
"052330","코텍","9210","9710","500","5.43","41370","402702945"
"322780","코퍼스코리아","317","324","7","2.21","1555460","481877562"
"036420","콘텐트리중앙","6010","6600","590","9.82","62339","400512065"
"200130","콜마비앤에이치","11780","12200","420","3.57","176203","2169204395"
"024720","콜마홀딩스","8740","9100","360","4.12","166633","1523950845"
"294570","쿠콘","27800","31450","3650","13.13","115599","3620927650"
"192400","쿠쿠홀딩스","27350","28600","1250","4.57","41528","1190381700"
"284740","쿠쿠홈시스","23250","24300","1050","4.52","37085","900262325"
"464490","쿼드메디슨","14110","15900","1790","12.69","292171","4650467635"
"317690","퀀타매트릭스","3320","3820","500","15.06","183477","687136810"
"432720","퀄리타스반도체","10190","12240","2050","20.12","251359","2980481155"
"456190","큐라켐","7000","7000","0","0.00","0","0"
"365270","큐라클","14210","16430","2220","15.62","514682","8378705735"
"348080","큐라티스","1003","1243","240","23.93","1269776","1493232104"
"060280","큐렉소","13560","15380","1820","13.42","1088968","16773599625"
"372320","큐로셀","46300","52000","5700","12.31","186532","9659385250"
"051780","큐로홀딩스","775","808","33","4.26","77461","61768217"
"115180","큐리언트","26600","34550","7950","29.89","726270","24141526525"
"494120","큐리오시스","60000","67400","7400","12.33","153798","10494066400"
"445680","큐리옥스바이오시스템즈","89800","104000","14200","15.81","107355","10915090150"
"182360","큐브엔터","9950","10950","1000","10.05","57901","618039165"
"405100","큐알티","14340","16530","2190","15.27","112433","1836162160"
"066310","큐에스아이","7630","8410","780","10.22","95025","783979935"
"136660","큐엠씨","2100","2100","0","0.00","0","0"
"016600","큐캐피탈","316","339","23","7.28","2720267","918980304"
"355390","크라우드웍스","2365","2615","250","10.57","101429","261972751"
"264900","크라운제과","8250","8390","140","1.70","27970","233338785"
"26490K","크라운제과우","8870","8860","-10","-0.11","5958","52866630"
"005740","크라운해태홀딩스","6310","6620","310","4.91","53038","350498065"
"005745","크라운해태홀딩스우","7200","7340","140","1.94","782","5781730"
"259960","크래프톤","211000","220000","9000","4.27","173112","38090657000"
"096240","크레버스","10810","11300","490","4.53","30482","343200650"
"040350","크레오에스지","740","758","18","2.43","233400","177178853"
"215570","크로넥스","1589","1400","-189","-11.89","2077","3001822"
"110790","크리스에프앤씨","3880","4045","165","4.25","23431","94104460"
"900250","크리스탈신소재","526","559","33","6.27","895611","495757635"
"045520","크린앤사이언스","3000","3100","100","3.33","15732","48509555"
"214150","클래시스","49250","54900","5650","11.47","973299","53074105700"
"466100","클로봇","50800","60200","9400","18.50","544964","32765438850"
"237880","클리오","11170","11990","820","7.34","52026","611775490"
"139670","키네마스터","1766","1891","125","7.08","28876","54309116"
"020120","키다리스튜디오","3155","3395","240","7.61","251877","842230491"
"475430","키스트론","4095","4285","190","4.64","127883","546048247"
"487720","키움제10호스팩","2065","2075","10","0.48","7671","15929140"
"489480","키움제11호스팩","2080","2090","10","0.48","22081","46131060"
"039490","키움증권","372500","441000","68500","18.39","218730","95495905500"
"466690","키움히어로제1호스팩","2040","2055","15","0.74","4606","9441820"
"054780","키이스트","2155","2320","165","7.66","106222","240808715"
"256940","킵스파마","6600","7440","840","12.73","138724","1012302510"
"336040","타스컴","4195","4200","5","0.12","46","187175"
"219130","타이거일렉","25700","28600","2900","11.28","48313","1355128150"
"346010","타이드","1299","1300","1","0.08","2","2600"
"318660","타임기술","3395","3880","485","14.29","3777","13977735"
"476710","타조이엔터테인먼트","16450","16450","0","0.00","0","0"
"434190","탈로스","3570","3880","310","8.68","111","429630"
"336680","탑런토탈솔루션","3530","3690","160","4.53","126905","470682579"
"360070","탑머티리얼","15460","17670","2210","14.29","53834","922077980"
"180060","탑선","7000","7380","380","5.43","292","2090400"
"065130","탑엔지니어링","2880","3160","280","9.72","97720","301553895"
"134580","탑코미디어","1620","1666","46","2.84","132729","217749015"
"014580","태경비케이","4110","4335","225","5.47","185894","794702196"
"015890","태경산업","4565","4780","215","4.71","98683","466690805"
"006890","태경케미컬","7000","8200","1200","17.14","421868","3333885825"
"023160","태광","23500","25200","1700","7.23","310094","7771569625"
"003240","태광산업","1075000","1204000","129000","12.00","5091","6128755000"
"011280","태림포장","1827","1918","91","4.98","168571","322243811"
"323280","태성","59600","74500","14900","25.00","839022","61307551350"
"053620","태양","6430","6630","200","3.11","4750","31486260"
"052960","태양3C","3300","3350","50","1.52","36","121360"
"004100","태양금속","2605","2795","190","7.29","614919","1704810755"
"004105","태양금속우","3530","3600","70","1.98","55001","198216315"
"116100","태양기계","584","575","-9","-1.54","124","70888"
"009410","태영건설","1600","1743","143","8.94","819587","1425997122"
"009415","태영건설우","5990","6240","250","4.17","4773","29717460"
"044490","태웅","27150","34550","7400","27.26","454910","15114076075"
"124560","태웅로직스","2645","2820","175","6.62","733344","2031349825"
"001420","태원물산","2660","2790","130","4.89","22583","61189205"
"191420","테고사이언스","12250","12740","490","4.00","19424","244473910"
"950250","테라뷰","5820","6580","760","13.06","1434055","9163277535"
"073640","테라사이언스","654","654","0","0.00","0","0"
"066700","테라젠이텍스","2485","2600","115","4.63","187508","478808055"
"095610","테스","60500","71900","11400","18.84","486677","34984469150"
"055490","테이팩스","13520","14850","1330","9.84","43581","638609840"
"064520","테크엘","1560","1627","67","4.29","38058","60968488"
"089030","테크윙","51000","66300","15300","30.00","10221657","634892232450"
"258050","테크트랜스","359","381","22","6.13","2457","761704"
"054450","텔레칩스","11480","12600","1120","9.76","191912","2405930130"
"078000","텔코웨어","16490","17590","1100","6.67","58653","1025069750"
"200230","텔콘RF제약","689","747","58","8.42","469040","346290395"
"214420","토니모리","6250","6830","580","9.28","361504","2461310560"
"393210","토마토시스템","3890","4375","485","12.47","162279","696996827"
"475960","토모큐브","54200","59700","5500","10.15","157685","9399265250"
"215480","토박스코리아","2000","2070","70","3.50","132413","269079850"
"051360","토비스","14010","14790","780","5.57","127987","1892223945"
"045340","토탈소프트","6070","7050","980","16.14","120710","818324250"
"108230","톱텍","4000","4160","160","4.00","222470","934312982"
"079970","투비소프트","596","596","0","0.00","0","0"
"199800","툴젠","42200","46750","4550","10.78","28766","1321651025"
"417790","트루엔","7090","7300","210","2.96","69870","507912275"
"290090","트윔","5800","5900","100","1.72","23404","136079580"
"026150","특수건설","6080","6450","370","6.09","120272","771026915"
"464280","티디에스팜","8500","8970","470","5.53","31509","282307130"
"117730","티로보틱스","18210","20950","2740","15.05","351623","7359386205"
"033830","티비씨","548","576","28","5.11","222139","127170373"
"057680","티사이언티픽","580","643","63","10.86","372621","231529697"
"204610","티쓰리","2220","2345","125","5.63","675178","1566171168"
"125020","티씨머티리얼즈","5500","6220","720","13.09","3545885","21806723785"
"064760","티씨케이","199500","245000","45500","22.81","231652","54824100750"
"246710","티앤알바이오팹","2760","3130","370","13.41","806710","2457456000"
"340570","티앤엘","45550","51000","5450","11.96","55740","2804454675"
"043220","티에스넥스젠","1710","1710","0","0.00","0","0"
"277880","티에스아이","4900","5090","190","3.88","174418","893462145"
"131290","티에스이","83900","95100","11200","13.35","157945","14940393550"
"019180","티에이치엔","6500","7280","780","12.00","250674","1802394800"
"425420","티에프이","37000","42700","5700","15.41","209840","8849648775"
"484810","티엑스알로보틱스","13950","15530","1580","11.33","143721","2222683560"
"131100","티엔엔터테인먼트","1319","1319","0","0.00","31625","41719005"
"356860","티엘비","47050","55400","8350","17.75","249038","13683034600"
"413300","티엘엔지니어링","2255","2275","20","0.89","445","1012655"
"217590","티엠씨","11800","12950","1150","9.75","97568","1259929525"
"363280","티와이홀딩스","2715","2825","110","4.05","99463","279290840"
"36328K","티와이홀딩스우","4000","4005","5","0.13","8184","32990290"
"321550","티움바이오","5630","6400","770","13.68","255701","1593434860"
"091810","티웨이항공","1158","1209","51","4.40","664370","817883911"
"004870","티웨이홀딩스","348","380","32","9.20","216288","81062926"
"425040","티이엠씨","7740","8980","1240","16.02","303844","2674833000"
"241790","티이엠씨씨엔에스","6170","6780","610","9.89","64510","434153750"
"022220","티케이지애강","522","544","22","4.21","136552","74065919"
"104480","티케이케미칼","1750","1874","124","7.09","381171","714414967"
"081150","티플랙스","2720","2890","170","6.25","215136","619549305"
"130740","티피씨글로벌","1782","2005","223","12.51","157194","302982574"
"217880","틸론","1439","1320","-119","-8.27","6868","8547443"
"084730","팅크웨어","7510","8150","640","8.52","59707","489684055"
"440110","파두","54500","66100","11600","21.28","2642005","167123983900"
"034230","파라다이스","16100","17090","990","6.15","761486","13127784550"
"290560","파라택시스이더리움","1473","1635","162","11.00","264008","421789194"
"288330","파라택시스코리아","661","780","119","18.00","930185","695710816"
"033540","파라텍","1107","1124","17","1.54","453627","515829125"
"388870","파로스아이바이오","7500","8560","1060","14.13","148829","1249718715"
"043200","파루","743","830","87","11.71","368137","302893206"
"214450","파마리서치","288000","317000","29000","10.07","149265","47227856250"
"217950","파마리서치바이오","27750","30000","2250","8.11","12986","390247450"
"005690","파미셀","12640","14240","1600","12.66","998549","14062720135"
"177830","파버나인","2695","2740","45","1.67","91376","251054060"
"037070","파세코","7870","8360","490","6.23","80790","667278720"
"150900","파수","3375","3490","115","3.41","43475","150270405"
"037030","파워넷","2435","2620","185","7.60","679760","1743565405"
"047310","파워로직스","4835","5390","555","11.48","390907","2083608315"
"368770","파이버프로","12020","13640","1620","13.48","778397","10414317695"
"170790","파이오링크","7420","7800","380","5.12","35357","278251680"
"049120","파인디앤씨","487","480","-7","-1.44","185498","90234255"
"038950","파인디지털","2885","3040","155","5.37","5877","17556260"
"387570","파인메딕스","6050","6550","500","8.26","15704","100419840"
"441270","파인엠텍","7910","8610","700","8.85","461750","3958879850"
"106240","파인테크닉스","1969","2130","161","8.18","669608","1401067704"
"131760","파인텍","646","671","25","3.87","190066","128738020"
"065690","파커스","1299","1295","-4","-0.31","54869","71047106"
"140860","파크시스템스","238000","267000","29000","12.18","74414","19996119000"
"091700","파트론","7590","7840","250","3.29","776201","6066034725"
"202960","판도라티비","668","617","-51","-7.63","37402","22665151"
"032800","판타지오","311","321","10","3.22","431954","138261383"
"318010","팜스빌","3295","3365","70","2.12","22495","76557420"
"036580","팜스코","3240","3530","290","8.95","158435","551310659"
"027710","팜스토리","1315","1390","75","5.70","3818322","5204675435"
"004720","팜젠사이언스","3500","3715","215","6.14","292747","1051654614"
"266350","팡스카이","398","398","0","0.00","0","0"
"225590","패션플랫폼","853","868","15","1.76","123144","105625913"
"054300","팬스타엔터프라이즈","606","673","67","11.06","830049","550684971"
"068050","팬엔터테인먼트","1481","1555","74","5.00","128714","196892310"
"028670","팬오션","5150","5660","510","9.90","27650566","154155277635"
"222110","팬젠","4555","5100","545","11.96","21801","108332232"
"271830","팸텍","1370","1512","142","10.36","268490","388024364"
"010820","퍼스텍","6710","7720","1010","15.05","7902724","60846649335"
"016800","퍼시스","40900","39800","-1100","-2.69","1267","51335200"
"263750","펄어비스","54000","54900","900","1.67","1350504","73113530500"
"251970","펌텍코리아","44850","46900","2050","4.57","142024","6634328875"
"0015S0","페스카로","15630","17000","1370","8.77","197930","3413932085"
"001020","페이퍼코리아","705","726","21","2.98","912666","674638126"
"327610","펨토바이오메드","686","744","58","8.45","5403","3491774"
"168360","펨트론","20000","22500","2500","12.50","327605","7437687175"
"087010","펩트론","220000","260500","40500","18.41","341580","89676121000"
"090080","평화산업","840","908","68","8.10","335406","296638550"
"010770","평화홀딩스","3625","3850","225","6.21","85817","329770880"
"064800","포니링크","721","759","38","5.27","489833","359891755"
"119500","포메탈","3845","4235","390","10.14","345565","1433044679"
"389140","포바이포","8570","9710","1140","13.30","718036","6931738245"
"105760","포스뱅크","4690","4900","210","4.48","60331","296011938"
"022100","포스코DX","28850","32300","3450","11.96","775140","24936786075"
"058430","포스코스틸리온","40550","44700","4150","10.23","53307","2343303475"
"009520","포스코엠텍","15420","17250","1830","11.87","356318","6169959435"
"047050","포스코인터내셔널","59000","66000","7000","11.86","651864","42671625550"
"003670","포스코퓨처엠","185200","208000","22800","12.31","393825","81732249500"
"189690","포시에스","1799","1881","82","4.56","62060","115994391"
"318020","포인트모바일","3175","3300","125","3.94","39740","130218440"
"256630","포인트엔지니어링","999","1024","25","2.50","65478","66947124"
"331380","포커스에이아이","2720","3010","290","10.66","639671","1900491747"
"208710","포톤","1827","1935","108","5.91","59582","114785215"
"472850","폰드그룹","5190","5650","460","8.86","84067","470062900"
"039980","폴라리스AI","1239","1375","136","10.98","1189299","1584614647"
"041910","폴라리스AI파마","5860","6370","510","8.70","103765","648580710"
"234100","폴라리스세원","938","1027","89","9.49","561103","568413427"
"041020","폴라리스오피스","3320","3720","400","12.05","645552","2395857413"
"114630","폴라리스우노","482","494","12","2.49","532442","260936623"
"290720","푸드나무","2055","2200","145","7.06","32053","69868945"
"005670","푸드웰","5550","5860","310","5.59","35266","203458845"
"094940","푸른기술","8220","9200","980","11.92","302986","2762891480"
"007330","푸른저축은행","11400","11400","0","0.00","0","0"
"017810","풀무원","11500","12100","600","5.22","70263","850212070"
"093380","풍강","2525","2595","70","2.77","11709","30474801"
"023900","풍국주정","8750","9260","510","5.83","59547","542951100"
"103140","풍산","112100","118400","6300","5.62","1321622","156111047350"
"005810","풍산홀딩스","36500","39500","3000","8.22","76355","2960600225"
"371950","풍원정밀","11970","14920","2950","24.64","374049","5405542955"
"370090","퓨런티어","10950","12280","1330","12.15","113502","1352638045"
"445180","퓨릿","8240","9510","1270","15.41","271375","2562048750"
"341170","퓨쳐메디신","1400","1500","100","7.14","31159","46481337"
"220100","퓨쳐켐","18500","20200","1700","9.19","226703","4549295740"
"035200","프럼파스트","3130","3390","260","8.31","78749","258692028"
"334970","프레스티지바이오로직스","2400","2580","180","7.50","196917","497029110"
"950210","프레스티지바이오파마","9140","10020","880","9.63","132389","1301034050"
"227100","프로브잇","612","612","0","0.00","0","0"
"321260","프로이천","1475","1575","100","6.78","80715","126954598"
"296160","프로젠","6400","6640","240","3.75","12806","84952330"
"053610","프로텍","46000","55500","9500","20.65","247993","13631197375"
"468530","프로티나","62000","70400","8400","13.55","107166","7499345400"
"303360","프로티아","4590","5040","450","9.80","23012","113756800"
"377220","프롬바이오","1076","1177","101","9.39","302076","346027113"
"335810","프리시젼바이오","2205","2320","115","5.22","23538","53966899"
"053160","프리엠스","6820","7470","650","9.53","51072","378437210"
"405000","플라즈맵","6000","6620","620","10.33","9281","58487420"
"041590","플래스크","2370","2370","0","0.00","0","0"
"367000","플래티어","3640","3710","70","1.92","11140","40928282"
"075130","플랜티넷","2025","2175","150","7.41","118783","249213398"
"222670","플럼라인생명과학","4635","4635","0","0.00","0","0"
"009810","플레이그램","1005","1020","15","1.49","149937","154879180"
"237820","플레이디","3900","4065","165","4.23","18532","74567632"
"023770","플레이위드","2610","2755","145","5.56","42476","112260445"
"019570","플루토스","340","363","23","6.76","2062453","736420920"
"300080","플리토","10540","11720","1180","11.20","152814","1799591550"
"033790","피노","4915","5480","565","11.50","323977","1765226165"
"032580","피델릭스","850","966","116","13.65","400185","384522100"
"051380","피씨디렉트","1669","1761","92","5.51","58622","101698419"
"241820","피씨엘","6040","6040","0","0.00","0","0"
"452450","피아이이","4860","5490","630","12.96","402443","2162695735"
"237750","피앤씨테크","4110","4440","330","8.03","35752","157841040"
"460940","피앤에스로보틱스","7510","8250","740","9.85","222720","1839634575"
"319660","피에스케이","54400","65300","10900","20.04","665084","43215621050"
"031980","피에스케이홀딩스","89800","109100","19300","21.49","778887","82252708800"
"002230","피에스텍","9000","10100","1100","12.22","332252","3389760285"
"043370","피에이치에이","11520","12210","690","5.99","34155","415393710"
"239890","피엔에이치테크","4360","4805","445","10.21","42991","202788825"
"347740","피엔케이피부임상연구센타","2105","2105","0","0.00","339602","727197585"
"137400","피엔티","41550","47600","6050","14.56","389240","18497077900"
"257370","피엔티엠에스","2950","3290","340","11.53","72496","231133025"
"147760","피엠티","3530","3995","465","13.17","47048","187456110"
"128660","피제이메탈","2950","3295","345","11.69","2375686","7841548956"
"006140","피제이전자","6400","6880","480","7.50","198728","1353719645"
"376180","피코그램","2155","2370","215","9.98","134562","314051686"
"304840","피플바이오","671","735","64","9.54","109652","79071159"
"087600","픽셀플러스","5660","5940","280","4.95","17925","105174680"
"291810","핀텔","1981","2130","149","7.52","35850","75312809"
"378340","필에너지","12120","13710","1590","13.12","98961","1344995900"
"161580","필옵틱스","39200","45700","6500","16.58","486360","22204722100"
"347770","핌스","904","943","39","4.31","99675","93260782"
"163730","핑거","8760","9720","960","10.96","148639","1437177300"
"417180","핑거스토리","1510","1654","144","9.54","125539","201613882"
"469880","하나30호스팩","2100","2100","0","0.00","3388","7078950"
"469900","하나31호스팩","2085","2105","20","0.96","9857","20575445"
"475240","하나32호스팩","2130","2125","-5","-0.23","3329","7013235"
"475250","하나33호스팩","2105","2125","20","0.95","3447","7244715"
"484130","하나34호스팩","2050","2050","0","0.00","5397","11055900"
"0041L0","하나35호스팩","2015","2010","-5","-0.25","3686","7429810"
"0101C0","하나36호스팩","1999","2005","6","0.30","19524","39048845"
"086790","하나금융지주","105500","111200","5700","5.40","1611752","180290547285"
"299030","하나기술","23750","27100","3350","14.11","63341","1707031525"
"067310","하나마이크론","30200","35000","4800","15.89","2743871","95692396875"
"166090","하나머티리얼즈","53900","66100","12200","22.63","567181","37085259700"
"293480","하나제약","9460","9940","480","5.07","74040","727166885"
"039130","하나투어","39950","42400","2450","6.13","116995","4945133475"
"136480","하림","2990","3090","100","3.34","1135971","3489980406"
"003380","하림지주","13400","15030","1630","12.16","2317106","34338094795"
"450330","하스","5770","6370","600","10.40","39628","250842050"
"101670","하이드로리튬","1722","1920","198","11.50","710006","1348732200"
"365590","하이딥","2075","2280","205","9.88","138165","301061745"
"149980","하이로닉","5090","5090","0","0.00","0","0"
"013030","하이록코리아","33000","35600","2600","7.88","57722","2055350500"
"352820","하이브","327000","343000","16000","4.89","287782","99746469750"
"126700","하이비젼시스템","15630","17090","1460","9.34","259997","4426601980"
"071090","하이스틸","3165","3465","300","9.48","182331","623787417"
"160190","하이젠알앤엠","50300","57900","7600","15.11","178461","10291611300"
"221840","하이즈항공","2310","2580","270","11.69","71490","179432895"
"106190","하이텍팜","13850","15130","1280","9.24","45759","687205850"
"000080","하이트진로","16280","16710","430","2.64","274098","4578053215"
"000087","하이트진로2우B","13770","14100","330","2.40","2075","29053280"
"000140","하이트진로홀딩스","9000","9210","210","2.33","25824","237576655"
"000145","하이트진로홀딩스우","11170","11680","510","4.57","627","7085840"
"065650","하이퍼코퍼레이션","1800","1859","59","3.28","39841","74728193"
"066130","하츠","3920","4110","190","4.85","46463","189453569"
"152550","한국ANKOR유전","362","470","108","29.83","207572507","89711196788"
"004590","한국가구","4390","4620","230","5.24","70856","326122312"
"036460","한국가스공사","36150","37100","950","2.63","841247","31370216400"
"039340","한국경제TV","4495","4675","180","4.00","111278","515969115"
"005430","한국공항","56100","60200","4100","7.31","23335","1374630950"
"071050","한국금융지주","206500","230500","24000","11.62","482468","111506736250"
"071055","한국금융지주우","150100","162000","11900","7.93","36057","5946910900"
"034950","한국기업평가","97500","101700","4200","4.31","3270","331565700"
"010040","한국내화","1970","2040","70","3.55","66540","134093092"
"025540","한국단자","67200","71500","4300","6.40","45678","3258899600"
"222980","한국맥널티","2585","2675","90","3.48","15346","41337950"
"010100","한국무브넥스","4180","4740","560","13.40","622780","2901680316"
"331660","한국미라클피플사","15540","15540","0","0.00","0","0"
"256840","한국비엔씨","3715","4110","395","10.63","1104194","4444564789"
"219750","한국비티비","760","797","37","4.87","150276","117464383"
"004090","한국석유","27450","28150","700","2.55","17302772","490217100900"
"025550","한국선재","2900","3145","245","8.45","145053","449969469"
"002200","한국수출포장","2985","3075","90","3.02","148268","454774600"
"002960","한국쉘석유","476500","517000","40500","8.50","8110","4112262000"
"017890","한국알콜","11060","11730","670","6.06","205805","2412204735"
"000240","한국앤컴퍼니","24350","25800","1450","5.95","141226","3680341650"
"080720","한국유니온제약","2725","2725","0","0.00","0","0"
"123890","한국자산신탁","2610","2800","190","7.28","492032","1380137605"
"015760","한국전력","45550","48200","2650","5.82","4828975","235442839750"
"041460","한국전자인증","3560","3885","325","9.13","247758","951049350"
"006200","한국전자홀딩스","694","781","87","12.54","680587","522736321"
"101680","한국정밀기계","2280","2415","135","5.92","61860","149200895"
"039740","한국정보공학","2790","3080","290","10.39","105319","313197710"
"053300","한국정보인증","5370","6010","640","11.92","292706","1726511340"
"025770","한국정보통신","7350","7840","490","6.67","19391","150504095"
"458610","한국제12호스팩","2095","2100","5","0.24","55901","117348389"
"464440","한국제13호스팩","2095","2095","0","0.00","18275","38194990"
"479880","한국제15호스팩","2100","2090","-10","-0.48","3871","8062495"
"027970","한국제지","778","793","15","1.93","108728","85962495"
"023350","한국종합기술","4220","4390","170","4.03","44828","195327210"
"025890","한국주강","1521","1594","73","4.80","38139","59784734"
"000970","한국주철관","6450","6710","260","4.03","99653","662937135"
"104700","한국철강","9020","9450","430","4.77","29269","278872430"
"062970","한국첨단소재","2055","2240","185","9.00","530600","1209634826"
"017960","한국카본","36300","38450","2150","5.92","477770","18537480075"
"023760","한국캐피탈","964","1030","66","6.85","374696","384958250"
"054040","한국컴퓨터","4910","5120","210","4.28","101352","515383510"
"161890","한국콜마","64200","69200","5000","7.79","291711","20040318350"
"021650","한국큐빅","2155","2220","65","3.02","38664","85306868"
"161390","한국타이어앤테크놀로지","58200","61700","3500","6.01","718259","43860236380"
"034830","한국토지신탁","1408","1485","77","5.47","2534964","3784396153"
"007280","한국특강","1283","1341","58","4.52","30370","40323575"
"032300","한국파마","11690","12730","1040","8.90","54538","675394015"
"037230","한국팩키지","1725","1879","154","8.93","47370","85136418"
"448900","한국피아이엠","101500","123900","22400","22.07","178622","22394991000"
"047810","한국항공우주","158500","179000","20500","12.93","1460671","262952774000"
"123690","한국화장품","7800","8680","880","11.28","239745","2044442345"
"003350","한국화장품제조","45200","48300","3100","6.86","42667","2021831075"
"030520","한글과컴퓨터","18550","20200","1650","8.89","294567","5958002470"
"052600","한네트","3070","3255","185","6.03","36028","117487272"
"011500","한농화성","19550","22600","3050","15.60","704019","15779872850"
"002390","한독","10020","10340","320","3.19","17726","184171275"
"256150","한독크린텍","5160","5180","20","0.39","18338","94500775"
"092460","한라IMS","13160","14680","1520","11.55","107379","1551401770"
"125490","한라캐스트","13290","15800","2510","18.89","2204782","34092905060"
"053690","한미글로벌","16340","17910","1570","9.61","172218","3067299670"
"042700","한미반도체","259000","315000","56000","21.62","3089855","962077466000"
"008930","한미사이언스","34900","38350","3450","9.89","578125","22259142975"
"128940","한미약품","478000","519000","41000","8.58","92225","47669580000"
"452190","한빛레이저","3610","4120","510","14.13","278772","1127319682"
"047080","한빛소프트","1073","1109","36","3.36","124041","136248723"
"009240","한샘","41000","42950","1950","4.76","82943","3544707800"
"452280","한선엔지니어링","8000","9010","1010","12.63","152047","1352108395"
"020000","한섬","21600","23600","2000","9.26","218678","5122714250"
"003680","한성기업","4895","5010","115","2.35","31981","160715615"
"066980","한성크린텍","1150","1273","123","10.70","797599","1001037735"
"105630","한세실업","12290","13070","780","6.35","128644","1654363285"
"069640","한세엠케이","550","584","34","6.18","55729","31049906"
"016450","한세예스24홀딩스","4570","4790","220","4.81","80885","387522735"
"009180","한솔로지스틱스","2850","2975","125","4.39","618127","1854023488"
"114810","한솔아이원스","12870","14740","1870","14.53","658466","9513137425"
"070590","한솔인티큐브","1778","1777","-1","-0.06","83118","149774137"
"213500","한솔제지","8030","8350","320","3.99","106765","886244630"
"014680","한솔케미칼","283500","293500","10000","3.53","147399","43715071250"
"004710","한솔테크닉스","5080","5650","570","11.22","257215","1440043270"
"004150","한솔홀딩스","3100","3230","130","4.19","229709","742524192"
"025750","한솔홈데코","564","588","24","4.26","467103","272419742"
"042520","한스바이오메드","42750","46150","3400","7.95","190183","8810939775"
"004960","한신공영","11470","12450","980","8.54","128129","1604289075"
"011700","한신기계","3750","4255","505","13.47","1587079","6772051137"
"430690","한싹","3305","3695","390","11.80","78812","284961556"
"078350","한양디지텍","19970","22600","2630","13.17","195120","4333934700"
"045100","한양이엔지","27250","30350","3100","11.38","245014","7337424550"
"001750","한양증권","21150","23900","2750","13.00","30667","719886100"
"001755","한양증권우","20100","22400","2300","11.44","3624","77633300"
"018880","한온시스템","3680","3960","280","7.61","18396499","74364866270"
"009420","한올바이오파마","49200","56100","6900","14.02","488683","27236738250"
"320000","한울반도체","1531","1709","178","11.63","329175","548489596"
"091440","한울소재과학","2725","2890","165","6.06","267405","751270599"
"276730","한울앤제주","787","798","11","1.40","117106","93435214"
"014130","한익스프레스","2710","2810","100","3.69","28821","79828359"
"024740","한일단조","2765","2865","100","3.62","8952481","25636784605"
"005860","한일사료","4330","4150","-180","-4.16","37437620","160654346068"
"300720","한일시멘트","16000","16460","460","2.88","158165","2610726340"
"002220","한일철강","3785","4070","285","7.53","71635","290961925"
"003300","한일홀딩스","16090","16450","360","2.24","19507","323925500"
"007770","한일화학","7310","7490","180","2.46","6699","49753605"
"051600","한전KPS","51200","54600","3400","6.64","287812","15794272400"
"052690","한전기술","132900","146200","13300","10.01","337630","50224406450"
"130660","한전산업","17750","20350","2600","14.65","2121939","43031418905"
"198940","한주라이트메탈","600","635","35","5.83","329358","206472174"
"058450","한주에이알티","375","402","27","7.20","155420","61876412"
"107640","한중엔시에스","40350","45100","4750","11.77","209682","9447398950"
"002320","한진","19000","19620","620","3.26","63339","1237339610"
"003480","한진중공업홀딩스","4485","4805","320","7.13","124857","589516430"
"180640","한진칼","113000","121200","8200","7.26","171434","20789662400"
"18064K","한진칼우","37000","37100","100","0.27","8632","326926200"
"005110","한창","1254","1254","0","0.00","0","0"
"079170","한창산업","6410","6370","-40","-0.62","27465","174140055"
"009460","한창제지","500","503","3","0.60","200770","101494185"
"372910","한컴라이프케어","2410","2615","205","8.51","323313","830013210"
"054920","한컴위드","3970","4435","465","11.71","663653","2909991997"
"457370","한켐","7800","8770","970","12.44","127823","1108633375"
"002680","한탑","842","865","23","2.73","34961778","31186532685"
"098070","한텍","30200","33050","2850","9.44","117661","3869550425"
"000880","한화","113300","127700","14400","12.71","609707","76811970800"
"00088K","한화3우B","46950","50500","3550","7.56","94400","4795021900"
"452260","한화갤러리아","2625","2870","245","9.33","8753888","25072312757"
"45226K","한화갤러리아우","5900","7670","1770","30.00","55314","402663240"
"451800","한화리츠","4750","5090","340","7.16","327646","1661124360"
"489790","한화비전","66000","78300","12300","18.64","1632673","125835509300"
"088350","한화생명","4175","4680","505","12.10","17140771","80598366859"
"000370","한화손해보험","6430","7060","630","9.80","1141787","8017916125"
"009830","한화솔루션","39950","44400","4450","11.14","3402565","150686363925"
"009835","한화솔루션우","24050","28000","3950","16.42","43459","1195875275"
"272210","한화시스템","116000","150800","34800","30.00","8178416","1153494990850"
"012450","한화에어로스페이스","1323000","1381000","58000","4.38","785586","1100321576500"
"082740","한화엔진","43550","47800","4250","9.76","602456","28937240775"
"042660","한화오션","108500","122100","13600","12.53","2260208","276041599150"
"003530","한화투자증권","6290","7410","1120","17.81","8797827","64557087590"
"003535","한화투자증권우","7610","8590","980","12.88","76589","657706450"
"455310","한화플러스제4호스팩","2095","2100","5","0.24","120040","251484021"
"498390","한화플러스제5호스팩","2025","2030","5","0.25","5502","11150485"
"195870","해성디에스","48400","54500","6100","12.60","265894","14534948400"
"034810","해성산업","7210","7570","360","4.99","50946","388511790"
"03481K","해성산업1우","7390","7550","160","2.17","8391","63487870"
"059270","해성에어로보틱스","9630","11160","1530","15.89","344943","3835275865"
"076610","해성옵틱스","1053","1143","90","8.55","2125798","2443160381"
"101530","해태제과식품","6240","6410","170","2.72","61306","392335870"
"220180","핸디소프트","1824","1997","173","9.48","68535","133271058"
"143210","핸즈코퍼레이션","975","1024","49","5.03","35585","36033238"
"900270","헝셩그룹","138","138","0","0.00","0","0"
"214180","헥토이노베이션","18510","21300","2790","15.07","556891","11815324225"
"234340","헥토파이낸셜","25400","33000","7600","29.92","2870618","89332509700"
"084990","헬릭스미스","5320","6000","680","12.78","202205","1182916125"
"187660","현대ADM","10580","13750","3170","29.96","5451067","72486526225"
"000720","현대건설","126900","144000","17100","13.48","1583053","226112379150"
"000725","현대건설우","59500","67500","8000","13.45","27228","1817188750"
"170030","현대공업","5460","5980","520","9.52","121421","715112640"
"453340","현대그린푸드","15120","15620","500","3.31","60829","938522445"
"086280","현대글로비스","232000","246500","14500","6.25","312757","77797865500"
"064350","현대로템","202000","225500","23500","11.63","1394352","310720555250"
"079430","현대리바트","6700","7190","490","7.31","75956","538516075"
"012330","현대모비스","399000","432000","33000","8.27","474443","205131915000"
"319400","현대무벡스","25500","30950","5450","21.37","1804899","54921863475"
"048410","현대바이오","11780","15310","3530","29.97","2799453","41557997165"
"052260","현대바이오랜드","3990","4175","185","4.64","99726","414258784"
"069960","현대백화점","90500","91500","1000","1.10","237556","21871302450"
"004560","현대비앤지스틸","16300","18070","1770","10.86","483827","8721327870"
"016790","현대사료","994","994","0","0.00","0","0"
"004310","현대약품","9290","10270","980","10.55","1311531","13576576355"
"041440","현대에버다임","7280","8080","800","10.99","238555","1899105650"
"039010","현대에이치티","8290","8710","420","5.07","26938","231727675"
"017800","현대엘리베이터","81600","86000","4400","5.39","393223","34022159900"
"307950","현대오토에버","371500","402500","31000","8.34","178893","72562723250"
"011210","현대위아","78400","91000","12600","16.07","577539","52044694900"
"090850","현대이지웰","6030","6340","310","5.14","218975","1386662905"
"004020","현대제철","33750","35800","2050","6.07","1726002","62793652225"
"005440","현대지에프홀딩스","13810","14640","830","6.01","1235239","18114305595"
"005380","현대차","501000","548000","47000","9.38","2663493","1491066599000"
"005387","현대차2우B","244500","272000","27500","11.25","321893","87603439250"
"005389","현대차3우B","231500","257000","25500","11.02","47305","12161065000"
"005385","현대차우","242000","270500","28500","11.78","270288","72754431250"
"001500","현대차증권","10280","11300","1020","9.92","575755","6536481890"
"011760","현대코퍼레이션","24400","25450","1050","4.30","90989","2317513800"
"227840","현대코퍼레이션홀딩스","11700","12190","490","4.19","38692","470485440"
"126560","현대퓨처넷","3150","3250","100","3.17","293366","949321070"
"001450","현대해상","29200","30700","1500","5.14","739211","22647607900"
"057050","현대홈쇼핑","74500","77300","2800","3.76","48502","3782829850"
"460930","현대힘스","15300","17440","2140","13.99","295155","5035180015"
"092300","현우산업","2755","3010","255","9.26","193025","575366099"
"011080","형지I&C","439","503","64","14.58","592481","290684098"
"308100","형지글로벌","901","1016","115","12.76","274857","273925957"
"093240","형지엘리트","1008","1085","77","7.64","1344974","1456041626"
"003010","혜인","4890","5230","340","6.95","98196","508961205"
"111110","호전실업","7500","7630","130","1.73","30844","236900200"
"008770","호텔신라","41600","42850","1250","3.00","261259","11262082900"
"008775","호텔신라우","32200","34300","2100","6.52","2325","78774750"
"064240","홈캐스트","1730","1860","130","7.51","106422","194715498"
"039610","화성밸브","6990","7680","690","9.87","54053","410615100"
"378850","화승알앤에이","3400","3570","170","5.00","227467","809559214"
"241590","화승엔터프라이즈","4700","5000","300","6.38","133240","658463727"
"006060","화승인더","3185","3310","125","3.92","209328","684956685"
"013520","화승코퍼레이션","2770","2975","205","7.40","877690","2611403562"
"010690","화신","11550","13210","1660","14.37","726082","9560521715"
"126640","화신정공","1353","1480","127","9.39","548513","791902077"
"133820","화인베스틸","1203","1343","140","11.64","177031","231887123"
"127980","화인써키트","4885","5060","175","3.58","16189","80703472"
"061250","화일약품","957","1011","54","5.64","412262","412511424"
"010660","화천기계","5220","5770","550","10.54","457870","2578106605"
"000850","화천기공","35000","37200","2200","6.29","10564","389565350"
"016580","환인제약","10030","10410","380","3.79","54733","567440285"
"032560","황금에스티","5660","5890","230","4.06","77852","456425170"
"004800","효성","131500","146100","14600","11.10","43449","6381970050"
"094280","효성ITX","11950","12290","340","2.85","41753","508567705"
"097870","효성오앤비","5550","5920","370","6.67","39847","232303205"
"298040","효성중공업","2297000","2484000","187000","8.14","68204","172965179000"
"298020","효성티앤씨","322000","335500","13500","4.19","30842","10512920250"
"298000","효성화학","38900","38900","0","0.00","0","0"
"093370","후성","6270","7060","790","12.60","667950","4682935005"
"290270","휴네시온","3330","3415","85","2.55","46727","158495742"
"005870","휴니드","7900","8510","610","7.72","954148","8021553210"
"353190","휴럼","682","704","22","3.23","575734","400496327"
"090710","휴림로봇","10410","12990","2580","24.78","16354614","208993205725"
"078590","휴림에이텍","553","634","81","14.65","2237254","1402207183"
"205470","휴마시스","682","755","73","10.70","2101812","1527494531"
"115160","휴맥스","589","680","91","15.45","1212932","831398895"
"028080","휴맥스홀딩스","1412","1599","187","13.24","317566","511673492"
"175140","휴먼테크놀로지","3415","3625","210","6.15","203319","747969729"
"200670","휴메딕스","33600","37300","3700","11.01","99486","3694216700"
"079980","휴비스","2340","2480","140","5.98","141722","351014050"
"065510","휴비츠","8000","8500","500","6.25","151817","1276599455"
"005010","휴스틸","3970","4230","260","6.55","463453","1950137237"
"263920","휴엠앤씨","3810","4005","195","5.12","17502","70481243"
"243070","휴온스","24900","26900","2000","8.03","26498","695370625"
"084110","휴온스글로벌","53000","63400","10400","19.62","111386","6844107050"
"145020","휴젤","234000","258000","24000","10.26","91760","23651561000"
"024060","흥구석유","29700","32700","3000","10.10","52384618","1656538203700"
"010240","흥국","4880","5130","250","5.12","28502","145081419"
"189980","흥국에프엔비","1591","1664","73","4.59","450235","742955681"
"000540","흥국화재","4270","4710","440","10.30","672884","3145930924"
"000545","흥국화재우","6600","6950","350","5.30","21752","152827900"
"003280","흥아해운","2905","2815","-90","-3.10","218815589","634829539387"
"037440","희림","3725","4065","340","9.13","82063","327577242"
"238490","힘스","2635","2755","120","4.55","33092","90042208"