종목코드,종목명,종가,대비,등락률,순자산가치(NAV),시가,고가,저가,거래량,거래대금,시가총액,순자산총액,상장좌수,기초지수_지수명,기초지수_종가,기초지수_대비,기초지수_등락률
"451060","1Q 200액티브","26750","1490","5.90","26737.53","26675","27140","26150","186734","4990395141","252787500000","252669622137","9450000","코스피 200","823.02","47.71","6.15"
"491610","1Q CD금리액티브(합성)","103465","5","0.00","103461.59","103460","103470","103460","9042","935511745","220690845000","220683568836","2133000","KIS 하나 CD금리 총수익지수","11710.92","0.91","0.01"
"0103T0","1Q K소버린AI","9660","180","1.90","9675.63","9790","9790","9540","167142","1619037752","26082000000","26124209634","2700000","iSelect K소버린AI 지수","1910.11","43.18","2.31"
"463290","1Q 단기금융채액티브","107765","20","0.02","107765.76","107745","107765","107745","9128","983564990","183200500000","189128906249","1700000","MK 머니마켓 지수(총수익)","14552.20","2.44","0.02"
"0131W0","1Q 단기특수은행채액티브","100810","5","0.00","100804.71","100800","100810","100800","1236","124594740","107161030000","107155409858","1063000","KIS 단기특수은행채 지수(총수익)","115.69","0.01","0.01"
"479080","1Q 머니마켓액티브","52935","15","0.03","52926.68","52925","52935","52925","52018","2753497973","877238820000","877100918628","16572000","KIS-하나 MMF 지수(총수익)","119.10","0.01","0.01"
"0026S0","1Q 미국S&P500","12130","75","0.62","12143.60","12105","12175","12075","316636","3843991408","241387000000","240443214303","19900000","S&P 500","6781.48","-14.51","-0.21"
"0052S0","1Q 미국S&P500미국채혼합50액티브","11540","-60","-0.52","11547.36","11535","11600","11495","177778","2054080073","251572000000","251732469045","21800000","S&P 500 and Short-Term Treasury 50/50 Blend Index","274.85","-0.28","-0.10"
"0069M0","1Q 미국나스닥100","12170","120","1.00","12182.51","12150","12220","12115","162162","1974681200","111964000000","112079062633","9200000","NASDAQ 100","24956.47","-10.78","-0.04"
"0111P0","1Q 미국나스닥100미국채혼합50액티브","10490","-20","-0.19","10505.09","10495","10540","10450","199988","2100899695","195114000000","195394748866","18600000","Nasdaq-100 US T-Bills 0-6 Month 50/50 Index","2858.28","-0.50","-0.02"
"0083S0","1Q 미국메디컬AI","10215","230","2.30","10225.17","10145","10235","10130","47672","485325866","43924500000","42945721817","4300000","KEDI 미국메디컬AI 지수","1773.12","-34.56","-1.91"
"0004G0","1Q 미국배당TOP30","9540","-80","-0.83","9537.77","9550","9580","9510","20149","192499398","9540000000","9537769611","1000000","Solactive U.S. Dividend TOP 30 Index PR","4203.17","-40.30","-0.95"
"0131V0","1Q 미국우주항공테크","12890","445","3.58","12873.25","12785","12960","12745","1366086","17589054553","590362000000","578652452949","45800000","Akros 미국우주항공테크 지수","4287.91","-96.30","-2.20"
"0094X0","1Q 샤오미밸류체인액티브","9655","110","1.15","9558.97","9545","9795","9540","68792","665793165","16896250000","15294345989","1750000","Solactive-KEDI Xiaomi Focus China Tech Index","1884.58","46.89","2.55"
"0017Y0","1Q 종합채권(AA-이상)액티브","97275","890","0.92","97123.54","97050","97275","97045","519","50423260","92897625000","92752980617","955000","KIS 종합채권형 지수(AA-이상)(총수익)","123.23","0.70","0.57"
"0052T0","1Q 중단기회사채(A-이상)액티브","50155","80","0.16","50150.12","50155","50160","50095","993","49744520","91181790000","91172923642","1818000","KEDI 중단기크레딧플러스채권(AAA~A-)지수(총수익)","118.40","0.17","0.14"
"495330","1Q 코리아밸류업","24700","1620","7.02","24639.97","24620","24940","24115","60734","1491974939","96330000000","98559864203","3900000","코리아 밸류업 지수","2505.10","149.04","6.33"
"492500","1Q 현대차그룹채권(A+이상)&국고통안","51065","125","0.25","51034.36","51060","51070","50995","2107","107541972","109176970000","109111459994","2138000","KIS 하나 현대차그룹채권(A+이상)&국고통안 총수익지수","11848.57","24.50","0.21"
"473440","ACE 11월만기자동연장회사채AA-이상액티브","10700","10","0.09","10697.41","10700","10700","10685","5783","61861415","87740000000","87718775319","8200000","KIS 11월 만기자동연장회사채(AA-이상) 총수익지수","122.24","0.03","0.02"
"105190","ACE 200","83315","4730","6.02","83316.75","83515","84500","81435","1475681","122551166287","1428852250000","1428882254513","17150000","코스피 200","823.02","47.71","6.15"
"332500","ACE 200TR","55475","3150","6.02","55490.34","55450","56260","54285","58742","3252278586","144235000000","144274887391","2600000","코스피 200 TR","1085.60","62.93","6.15"
"461270","ACE 26-06 회사채(AA-이상)액티브","11115","0","0.00","11131.40","11115","11120","11115","17448","193948613","161278650000","161516682962","14510000","KIS 크레딧 2606만기형(AA-이상)지수(총수익지수)","124.70","0.01","0.01"
"475260","ACE 2월만기자동연장회사채AA-이상액티브","10610","0","0.00","10614.69","10610","10615","10610","928","9846265","49973100000","49995185468","4710000","KAP 2월 만기자동연장회사채(AA-이상) 총수익지수","121.17","0.04","0.03"
"385600","ACE 2차전지&친환경차액티브","10210","245","2.46","10253.26","10400","10400","10065","31672","324717992","20420000000","20506514334","2000000","FnGuide 친환경 자동차 밸류체인 지수","1832.40","54.48","3.06"
"475270","ACE 5월만기자동연장회사채AA-이상액티브","10590","5","0.05","10588.34","10590","10590","10585","62","656320","44266200000","44259277329","4180000","KIS 5월 만기자동연장회사채(AA-이상) 총수익지수","119.80","0.01","0.01"
"475280","ACE 8월만기자동연장회사채AA-이상액티브","10580","5","0.05","10578.89","10580","10580","10580","3","31740","73848400000","73840617756","6980000","KAP 8월 만기자동연장회사채(AA-이상) 총수익지수","121.44","0.01","0.01"
"469150","ACE AI반도체TOP3+","47100","3055","6.94","47110.07","46405","48100","45530","2332767","109319860938","435675000000","449901141183","9250000","FnGuide AI반도체 TOP3+ 지수","5904.24","406.35","7.39"
"0079X0","ACE BYD밸류체인액티브","12410","20","0.16","12247.78","13600","13600","12290","3541","43863625","3102500000","3061945503","250000","Bloomberg BYD Plus Top Supply Chain Select Price Return Index","2768.23","40.09","1.47"
"385590","ACE ESG액티브","17415","910","5.51","17574.40","17395","17655","17200","1887","32912242","38313000000","38663678537","2200000","MSCI Korea Country ESG Leaders Custom Capped Price return Index","3356.28","162.85","5.10"
"0010E0","ACE FTSE WGBI Korea","93645","1085","1.17","93681.10","93610","93645","93545","11","1029605","4494960000","4496692728","48000","FTSE Korean Government Bond Index(TR)","199.06","1.76","0.89"
"226380","ACE Fn성장소비주도주","6620","120","1.85","6621.56","6635","6680","6620","100","664580","4634000000","4635092429","700000","FnGuide 성장소비주도 지수","2190.23","36.28","1.68"
"475050","ACE KPOP포커스","11080","200","1.84","11084.08","11410","11410","10960","769984","8584139371","155674000000","156285518499","14050000","iSelect K-POP 포커스지수(시장가격)","2765.93","38.96","1.43"
"411060","ACE KRX금현물","33930","65","0.19","33923.19","33860","33990","33515","2084587","70530260421","5235399000000","5234347470494","154300000","KRX 금현물지수","5686.55","4.44","0.08"
"291130","ACE MSCI멕시코(합성)","18720","120","0.65","18881.70","18895","18915","18710","3147","59026700","16848000000","16993525656","900000","MSCI MEXICO IMI 25/50 Price return Index","13618.17","122.23","0.91"
"256440","ACE MSCI인도네시아(합성)","7610","55","0.73","7512.32","7595","7755","7450","51615","392156809","33484000000","33054205004","4400000","MSCI Indonesia Index","5458.35","39.38","0.73"
"261920","ACE MSCI필리핀(합성)","13577","117","0.87","13322.01","13245","13710","13245","713","9605974","5430800000","5328805801","400000","MSCI Philippines IMI Index","1573.25","34.40","2.24"
"0021D0","ACE TDF2030액티브","11400","270","2.43","11327.24","11420","11430","11255","8516","96967675","17100000000","16990861798","1500000","Bloomberg Multi Asset Target-date 2030 KRW Index","2740.53","-13.90","-0.50"
"0021E0","ACE TDF2050액티브","12615","240","1.94","12449.51","12455","12710","12390","70863","890700508","65598000000","65982386925","5200000","Bloomberg Multi Asset Target-date 2050 KRW Index","3388.62","-41.46","-1.21"
"0139P0","ACE 고배당주","13525","385","2.93","13496.77","13590","13700","13287","229545","3121175311","61538750000","61410283403","4550000","KRX-Akros 고배당주 20 지수","3363.68","78.39","2.39"
"225130","ACE 골드선물 레버리지(합성 H)","73330","1110","1.54","71568.09","72220","73515","71880","6518","474709082","43998000000","42940852731","600000","S&P GSCI GOLD Index Excess Return","315.88","8.32","2.71"
"483340","ACE 구글밸류체인액티브","17310","985","6.03","17320.77","17000","17430","17000","898044","15513504187","171369000000","162815241891","9900000","KEDI 글로벌 AI 클라우드 지수","5802.81","10.11","0.17"
"365780","ACE 국고채10년","85190","880","1.04","85118.18","85000","85245","84855","12127","1031381670","411297320000","402949443043","4828000","KIS 10년 국고채 지수 (총수익)","16137.38","140.13","0.88"
"114460","ACE 국고채3년","101565","590","0.58","101415.29","101450","101565","101390","2488","252475487","12187800000","12169834786","120000","KTB INDEX(시장가격)","10241.49","-7.63","-0.07"
"494340","ACE 글로벌AI맞춤형반도체","12980","420","3.34","13161.47","12930","13025","12850","12580","163260752","9735000000","9871099814","750000","Solactive AI Custom Semiconductor Index(PR)","6079.14","-8.39","-0.14"
"446770","ACE 글로벌반도체TOP4 Plus","57740","2735","4.97","57742.19","57855","58100","56925","245434","14126380973","1021998000000","1010488291820","17700000","Solactive Global Semiconductor TOP4 Plus Price Return Index","10102.82","503.07","5.24"
"435040","ACE 글로벌브랜드TOP10","19530","305","1.59","19389.27","19260","19585","19245","2290","44426912","13671000000","13572489877","700000","Bloomberg Global Select Industry Leaders TOP10 Index(PR)","4729.97","8.54","0.18"
"497510","ACE 글로벌빅파마","12940","-70","-0.54","12948.26","13040","13040","12930","1116","14458915","9058000000","9063782450","700000","Solactive Global Big Pharma Index (Price Return)","2153.88","3.47","0.16"
"460960","ACE 글로벌인컴TOP10","11715","-105","-0.89","11692.45","11740","11955","11660","54333","637896825","87276750000","85939501293","7450000","Solactive Global Superior Income TOP 10 Price Return Index","792.57","0.64","0.08"
"414270","ACE 글로벌자율주행액티브","12820","355","2.85","12691.19","12465","12885","12465","29782","381406257","35896000000","35535340143","2800000","FactSet US-China Electric&Autonomous Vehicle Price Return Index","325.12","2.84","0.88"
"440640","ACE 단기채권알파액티브","111015","25","0.02","111016.39","110995","111015","110995","1991","221008300","68385240000","68386095473","616000","KIS 단기채권알파AA-이상 총수익지수","122.33","0.04","0.03"
"190620","ACE 단기통안채","100780","0","0.00","100788.05","100780","100795","100770","7538","759655554","219901960000","219919530942","2182000","KIS MSB 단기지수(총수익)","13030.83","2.87","0.02"
"494330","ACE 라이프자산주주가치액티브","20650","940","4.77","20733.78","20645","20860","20315","33209","686978567","72275000000","73604918478","3500000","FnGuide 기업가치 지수(시장가격)","2935.19","65.28","2.27"
"265690","ACE 러시아MSCI(합성)","8535","0","0.00","48.09","0","0","0","0","0","15789750000","88968951","1850000","MSCI Russia 25% Capped Price Return Index",,,
"152500","ACE 레버리지","33500","3920","13.25","33371.87","33285","34170","31995","131334","4358992041","43550000000","43383424704","1300000","코스피 200","823.02","47.71","6.15"
"0153P0","ACE 리츠부동산인프라액티브","10290","90","0.88","10310.40","10320","10340","10260","28348","292008892","13891500000","13919034401","1350000","FnGuide 맥쿼리인프라 배당 리츠 지수 (시장가격)","879.80","3.23","0.37"
"483330","ACE 마이크로소프트밸류체인액티브","11545","235","2.08","11512.91","11315","11580","11310","107282","1238768335","15008500000","14966777482","1300000","KEDI 글로벌생성형AI 지수","3607.12","-45.67","-1.25"
"487340","ACE 머니마켓액티브","104140","10","0.01","104123.90","104130","104140","104130","8539","889215186","720752940000","733136394989","6921000","MK-KAP 머니마켓 총수익지수","119.52","0.01","0.01"
"0085P0","ACE 미국10년국채액티브","10850","-110","-1.00","10847.96","10870","10920","10845","162446","1766672548","94395000000","88953247790","8700000","ICE U.S. Treasury 7-10 Year Bond Index (Total Return)","115.62","-0.37","-0.32"
"0085N0","ACE 미국10년국채액티브(H)","10165","55","0.54","10166.97","10170","10180","10160","48073","488873769","121980000000","122003659978","12000000","ICE U.S. Treasury 7-10 Year Bond Index (Total Return)","115.62","-0.37","-0.32"
"452250","ACE 미국30년국채선물레버리지(합성 H)","5520","145","2.70","5567.57","5520","5545","5505","193992","1073022550","58512000000","59016251466","10600000","S&P Ultra T-Bond Futures Index(ER)","111.68","-0.56","-0.50"
"476760","ACE 미국30년국채액티브","10265","-35","-0.34","10279.86","10290","10325","10265","613781","6313864658","318215000000","308395946937","31000000","Bloomberg U.S Treasury 20+ Year Total Return Index","601.52","-6.24","-1.03"
"453850","ACE 미국30년국채액티브(H)","7765","110","1.44","7778.84","7765","7780","7750","2171565","16865290830","1871365000000","1814804501308","241000000","Bloomberg U.S Treasury 20+ Year Total Return Index","601.52","-6.24","-1.03"
"476750","ACE 미국30년국채엔화노출액티브(H)","8750","20","0.23","8755.43","8740","8785","8735","121397","1062300680","96250000000","85803174860","11000000","Bloomberg U.S. Treasury 20+ Year Total Return Index T1530 JPY Currency Hedged","113.53","0.98","0.88"
"480030","ACE 미국500데일리타겟커버드콜(합성)","10610","100","0.95","10623.45","10605","10650","10555","99262","1052549127","152784000000","152977705274","14400000","Bloomberg US 500 Large Cap Premium Decrement 15% Distribution Index","1085.05","-1.67","-0.15"
"0118Z0","ACE 미국AI테크핵심산업액티브","8125","465","6.07","8123.06","7985","8190","7985","407314","3306605723","121875000000","118596698962","15000000","Akros U.S. AI Innovator Price Return Index","16919.00","-45.41","-0.27"
"280320","ACE 미국IT인터넷(합성 H)","18830","330","1.78","18736.92","18840","18840","18535","63","1171635","15064000000","14989532471","800000","다우존스 인터넷 종합지수","1125.22","-6.45","-0.57"
"360200","ACE 미국S&P500","25020","125","0.50","25049.28","24945","25115","24905","562914","14088602847","3330162000000","3316524583190","133100000","S&P 500","6781.48","-14.51","-0.21"
"438080","ACE 미국S&P500미국채혼합50액티브","13945","-50","-0.36","13940.99","13995","14010","13890","403792","5636336514","909214000000","903376034609","65200000","S&P 500 and Short-Term Treasury 50/50 Blend Index","274.85","-0.28","-0.10"
"0155M0","ACE 미국SMR원자력TOP10","8750","365","4.35","8813.09","8720","8850","8695","121403","1065401302","34125000000","33489742476","3900000","Solactive US SMR Nuclear TOP 10 Index (Price Return)","5406.38","36.23","0.67"
"309230","ACE 미국WideMoat동일가중","30420","-155","-0.51","30652.55","31490","31490","30380","16918","517514685","137498400000","137323431694","4520000","MorningStar Wide Moat Focus Index","15541.35","-167.90","-1.07"
"367380","ACE 미국나스닥100","27925","280","1.01","27954.49","27845","28040","27800","543447","15182401300","2725480000000","2719971521130","97600000","NASDAQ 100","24956.47","-10.78","-0.04"
"438100","ACE 미국나스닥100미국채혼합50액티브","14755","0","0.00","14747.24","14755","14835","14670","343899","5080554251","600528500000","600212533925","40700000","NASDAQ-100 US T-Bills 50/50 Index","1912.52","-0.31","-0.02"
"456880","ACE 미국달러SOFR금리(합성)","12700","-215","-1.66","12693.43","12710","12785","12685","198334","2522031629","352298000000","352115845255","27740000","Solactive SOFR Daily Total Return Index","1235.11","0.12","0.01"
"440650","ACE 미국달러단기채권액티브","12155","-220","-1.78","12160.95","12170","12235","12150","119986","1460716847","42542500000","42563310627","3500000","Bloomberg Short-Term Treasury Total Return Index","150.73","0.02","0.01"
"0127M0","ACE 미국대형가치주액티브","10920","-65","-0.59","10895.62","11450","11450","10840","156766","1713450212","126126000000","122030907213","11550000","CRSP US Large Cap Value Index(PR)","3409.11","0.00","0.00"
"0127P0","ACE 미국대형성장주액티브","9745","160","1.67","9736.13","9720","10200","9660","264257","2587307295","637810250000","620678200146","65450000","CRSP US Large Cap Growth Index(PR)","6328.44","0.00","0.00"
"480040","ACE 미국반도체데일리타겟커버드콜(합성)","13590","590","4.54","13627.03","13385","13640","13305","84271","1138493075","103284000000","103565420188","7600000","Bloomberg US Listed Semiconductor Premium Decrement 15% Distribution Index","1745.11","14.94","0.86"
"402970","ACE 미국배당다우존스","14695","-95","-0.64","14692.41","14655","14740","14655","384045","5651265068","765609500000","765474505285","52100000","Dow Jones U.S. Dividend 100 Price Return Index","6515.78","-27.14","-0.41"
"0046Y0","ACE 미국배당퀄리티","12260","160","1.32","12274.99","12240","12300","12110","18240","222684391","50879000000","50941190002","4150000","WisdomTree U.S. Quality Dividend Growth Index (Price Return)","765.29","-2.64","-0.34"
"0049M0","ACE 미국배당퀄리티+커버드콜액티브","11470","45","0.39","11494.12","11475","11550","11445","26012","299189124","83157500000","82182978194","7250000","Bloomberg WisdomTree U.S. Quality Dividend & B500 Premium Decrement 50:50 Index","1257.50","-3.13","-0.25"
"0049K0","ACE 미국배당퀄리티채권혼합50","11040","0","0.00","11038.46","11340","11340","11035","29651","329616743","19872000000","19869223864","1800000","Bloomberg WisdomTree U.S. Quality Dividend & Short Term KRW Bonds 50:50 TR Index","1963.10","-9.74","-0.49"
"181480","ACE 미국부동산리츠(합성 H)","83475","1755","2.15","83199.93","83080","83655","83020","226","18815475","10017000000","9983991492","120000","Dow Jones U.S. Real Estate Index","1886.91","-1.43","-0.08"
"480020","ACE 미국빅테크7+데일리타겟커버드콜(합성)","12075","180","1.51","12077.72","12150","12205","12065","82372","996260678","175087500000","175126965100","14500000","Bloomberg US Big Tech Top 7 Plus Premium Decrement 15% Distribution Index","1876.79","7.41","0.40"
"465580","ACE 미국빅테크TOP7 Plus","21980","365","1.69","21996.73","21830","22050","21830","213532","4692173180","980308000000","967856024893","44600000","Solactive US Big Tech Top 7 Plus Price Return Index","34115.34","47.74","0.14"
"465610","ACE 미국빅테크TOP7 Plus레버리지(합성)","36510","1210","3.43","36618.51","36600","36825","35310","20745","758230722","116832000000","117179224104","3200000","Solactive US Big Tech Top 7 Plus Price Return Index","34115.34","47.74","0.14"
"465620","ACE 미국빅테크TOP7 Plus인버스(합성)","7380","-120","-1.60","7382.44","7390","7425","7280","6163","45203160","1845000000","1845609005","250000","Solactive US Big Tech Top 7 Plus Price Return Index","34115.34","47.74","0.14"
"473590","ACE 미국주식베스트셀러","19540","435","2.28","19600.18","19350","19575","19350","38481","750763298","59597000000","59780540575","3050000","FnGuide 미국 주식 베스트셀러 지수(시장가격지수)","9695.07","0.00","0.00"
"0008E0","ACE 미국중심중소형제조업","13020","450","3.58","12956.56","12945","13080","12770","6114","79725337","11067000000","11013076908","850000","NYSE FactSet US Focus Manufacturing Index(Price Return)","335.27","-3.00","-0.89"
"391600","ACE 미국친환경그린테마","11695","290","2.54","11685.60","11740","11740","11545","462","5400365","8186500000","8179920827","700000","Indxx US Green Infrastructure Price return Index","3410.49","32.03","0.95"
"455660","ACE 미국하이일드액티브(H)","9645","85","0.89","9643.67","9645","9645","9625","38230","368570816","53047500000","53040212116","5500000","Markit iBoxx USD Liquid High Yield Total Return Index","395.55","0.87","0.22"
"245710","ACE 베트남VN30(합성)","28885","95","0.33","28167.68","29860","29915","28105","154771","4483406995","297515500000","290127123717","10300000","VN30 Index(PR)","1836.96","56.25","3.16"
"131890","ACE 삼성그룹동일가중","31600","760","2.46","31606.50","32270","32270","31250","587","18591920","12640000000","12642601011","400000","MKF SAMs EW 지수","31186.67","613.73","2.01"
"108450","ACE 삼성그룹섹터가중","29830","770","2.65","29961.27","30390","30390","29405","19466","582378766","83524000000","83891560972","2800000","MKF SAMs SW","29527.47","1014.16","3.56"
"316300","ACE 싱가포르리츠","14215","305","2.19","14042.97","14325","14325","14085","798","11300155","7107500000","7021484780","500000","Morningstar Singapore REIT Yield Focus Index(PR)","1247.51","11.94","0.97"
"277540","ACE 아시아TOP50","27025","860","3.29","26450.79","26725","27100","26185","10601","284772210","21620000000","21160635334","800000","S&P ASIA50 Price Return Index","7721.93","245.00","3.28"
"483420","ACE 애플밸류체인액티브","16845","745","4.63","16763.99","17030","17030","16640","14618","246184223","25267500000","25145986809","1500000","Bloomberg Top 30 Supply Chain Plus Apple Price Return Index","3815.75","98.77","2.66"
"483320","ACE 엔비디아밸류체인액티브","17285","860","5.24","17309.33","17135","17385","16915","911617","15765484096","195320500000","195595387763","11300000","KEDI 글로벌AI반도체 지수","7838.92","43.62","0.56"
"448540","ACE 엔비디아채권혼합","25105","260","1.05","25144.24","24870","25130","24870","61416","1540894379","235987000000","236355865377","9400000","Bloomberg Blended NVIDIA Equity and Korean Bond Index","9535.37","33.02","0.35"
"0099L0","ACE 우량회사채(AA-이상)액티브","98905","-5","-0.01","99034.09","98910","98920","98860","872","86225885","143016630000","143203298698","1446000","KIS 1~3년 우량크레딧(AA-이상) 총수익지수","117.54","0.25","0.21"
"433500","ACE 원자력TOP10","64895","3720","6.08","64954.40","65310","66775","63650","365754","23907279842","279048500000","285799358106","4300000","DeepSearch 원자력 TOP 10지수","6558.42","351.50","5.66"
"0102X0","ACE 유럽방산TOP10","11120","40","0.36","11177.45","11080","11195","11080","47699","531079138","11120000000","11177454512","1000000","NYSE FactSet Europe Defense TOP10 Index (Price Return)","746.90","12.40","1.69"
"487920","ACE 인도시장대표BIG5그룹액티브","8360","5","0.06","8276.48","8585","8585","8305","15353","128027310","9196000000","9104129281","1100000","Indxx India Big 5 Conglomerates Index (Price Return)","4424.78","58.84","1.35"
"487910","ACE 인도컨슈머파워액티브","9120","75","0.83","8953.39","9370","9370","8930","46184","415833708","11856000000","11639406197","1300000","Indxx India Super Consumption Index (Price Return)","3366.63","71.86","2.18"
"145670","ACE 인버스","2125","-130","-5.76","2122.38","2090","2170","2060","320491","677347182","4675000000","4669242936","2200000","코스피 200 선물지수","4050.00","251.40","6.62"
"497520","ACE 일라이릴리밸류체인","12280","0","0.00","12302.59","12410","12410","12260","1548","19023685","8596000000","8611810245","700000","Solactive Eli Lilly Value Chain Index(PR)","3113.87","32.57","1.06"
"238720","ACE 일본Nikkei225(H)","39145","1175","3.09","37825.28","38820","39280","38400","13235","514720808","35230500000","34042753696","900000","Nikkei 225","54248.39","1519.67","2.88"
"196030","ACE 일본TOPIX레버리지(H)","72615","5265","7.82","69043.28","71630","73270","70995","2363","169430515","36307500000","34521641977","500000","TOPIX","3664.28","88.44","2.47"
"205720","ACE 일본TOPIX인버스(합성 H)","1684","-55","-3.16","1734.11","1686","1703","1676","6106","10307458","5052000000","5202316030","3000000","TOPIX","3664.28","88.44","2.47"
"469160","ACE 일본반도체","20410","590","2.98","19893.21","20910","21410","19850","63844","1296482536","14287000000","13925247397","700000","Bloomberg Japan Semiconductor Select Top 25 Index(Price Return)","5817.92","270.72","4.88"
"0021C0","ACE 장기자산배분액티브","13495","445","3.41","13302.38","13350","13535","13345","1765","23821335","13495000000","13302382507","1000000","Bloomberg Multi Asset Target-date 2080 KRW Index","3995.20","-70.50","-1.73"
"356540","ACE 종합채권(AA-이상)액티브","104310","620","0.60","104318.95","104325","104405","104125","2231","232518895","1053322380000","1045797424151","10098000","KIS 종합채권 AA-이상 총수익 지수(Total return Index)","118.13","0.64","0.54"
"447430","ACE 주주환원가치주액티브","16355","295","1.84","16333.05","16580","16580","16205","38039","619597532","58878000000","58798987568","3600000","FnGuide 올라운드 가치주 지수","1106.83","22.89","2.11"
"416090","ACE 중국과창판STAR50","11570","320","2.84","11512.21","11255","11660","10900","44235","506324040","15041000000","14965871454","1300000","STAR 50 Index(Price Return)","1420.54","30.06","2.16"
"168580","ACE 중국본토CSI300","35865","230","0.65","35713.09","35815","36000","35290","31454","1129289143","127679400000","127138598732","3560000","CSI 300 Index","4674.76","59.30","1.28"
"219900","ACE 중국본토CSI300레버리지(합성)","4825","25","0.52","4817.43","4800","4845","4725","1885","8973375","7720000000","7707895193","1600000","CSI 300 Index","4674.76","59.30","1.28"
"272910","ACE 중장기국공채액티브","106595","810","0.77","106435.00","106515","106595","106435","36","3833795","70246105000","69714925557","659000","KIS 종합채권국공채1-10Y지수","155.03","0.67","0.43"
"0087F0","ACE 차이나AI빅테크TOP2+액티브","11170","355","3.28","10745.44","11135","11200","10815","3609","39725630","12287000000","11819983694","1100000","Solactive China AI Big Tech TOP2+ Index (Price Return)","1692.59","37.21","2.25"
"371870","ACE 차이나항셍테크","7880","150","1.94","7756.57","7670","7885","7670","9386","73327583","14972000000","14737489262","1900000","Hang Seng TECH Index","5060.53","228.17","4.72"
"380340","ACE 코리아AI테크핵심산업","18150","1065","6.23","18078.08","18115","18275","17700","8873","159685974","9075000000","9039041387","500000","FnGuide 코리아AI테크핵심산업지수 (Price Return)","3603.71","170.07","4.95"
"496120","ACE 코리아밸류업","25100","1510","6.40","25030.25","24985","25320","24530","12218","304756525","20080000000","20024199855","800000","코리아 밸류업 지수","2505.10","149.04","6.33"
"354500","ACE 코스닥150","20170","325","1.64","20289.11","20995","21000","20000","1066752","21758175358","264227000000","263758393786","13100000","코스닥 150","2018.97","37.72","1.90"
"305050","ACE 코스피","57870","2995","5.46","57906.53","58200","58505","56790","10047","580239802","34722000000","34743919792","600000","코스피","5532.59","280.72","5.35"
"457480","ACE 테슬라밸류체인액티브","20890","535","2.63","20891.33","20690","21045","20685","1436005","29997630989","1167751000000","1154245916366","55900000","Bloomberg EV Supporters Plus Tesla Price Return Index","10490.18","147.78","1.43"
"469170","ACE 포스코그룹포커스","7110","110","1.57","7092.14","7135","7230","6975","783399","5555763259","123003000000","123048601467","17300000","FnGuide 포스코그룹포커스 지수(시장가격)","3536.35","56.41","1.62"
"495710","BNK 26-06 특수채(AAA이상)액티브","51410","15","0.03","51402.46","51410","51410","51410","2","102820","108269460000","108253574649","2106000","KAP 26-06 특수채 총수익 지수(AAA이상)","107.98","0.01","0.01"
"466810","BNK 2차전지양극재","6985","100","1.45","7007.66","7215","7215","6870","52493","369427100","10128250000","10161112242","1450000","iSelect 2차전지양극재 지수","5447.39","114.02","2.14"
"457930","BNK 미래전략기술액티브","27485","1290","4.92","27399.62","26980","27815","26885","684","18688265","8245500000","8219886924","300000","iSelect 미래전략기술 지수 (PR)","6243.49","293.84","4.94"
"487750","BNK 온디바이스AI","21085","1635","8.41","21096.91","20120","21320","20120","16437","344853920","59038000000","59071349698","2800000","FnGuide 온디바이스AI 지수","5694.84","417.93","7.92"
"445690","BNK 주주가치액티브","27540","1230","4.68","27444.82","27280","27540","27045","2002","54747945","22032000000","21955857776","800000","FnGuide 주주가치 지수","3473.50","110.00","3.27"
"0120J0","BNK 카카오그룹포커스","10295","220","2.18","10333.39","10565","10565","10225","55284","575481551","11324500000","11366726429","1100000","FnGuide 카카오그룹 포커스 지수","482.81","9.19","1.94"
"486240","DAISHIN343 AI반도체&인프라액티브","21460","1390","6.93","21450.86","21910","21910","21000","12880","276422689","64380000000","66497656109","3000000","FnGuide AI반도체&인프라 지수","7734.65","446.97","6.13"
"434960","DAISHIN343 K200","83715","4810","6.10","83649.19","83475","84880","82305","2272","191380150","58600500000","58554436482","700000","코스피 200","823.02","47.71","6.15"
"0098Z0","FOCUS 200","71095","4605","6.93","70882.39","70155","71710","70000","2177","154771730","49766500000","49617674226","700000","코스피 200","823.02","47.71","6.15"
"448570","FOCUS AI코리아액티브","25845","1160","4.70","25840.80","26035","26165","25400","3081","79295720","47813250000","47805481985","1850000","코스피","5532.59","280.72","5.35"
"285690","FOCUS ESG리더스","18905","615","3.36","18870.79","18850","19000","18820","38","715575","11343000000","11322471496","600000","KRX ESG Leaders 150","2884.51","79.11","2.82"
"0073X0","FOCUS 알리바바미국채커버드콜혼합","10860","-30","-0.28","10829.17","10740","10895","10740","1586","17142815","10317000000","10287714208","950000","KEDI 알리바바미국채커버드콜혼합지수(TR)","1177.54","4.69","0.40"
"293180","HANARO 200","83165","4775","6.09","83139.68","82575","84215","81285","166614","13853247195","519781250000","515466034434","6250000","코스피 200","823.02","47.71","6.15"
"407310","HANARO 200 TOP10","15960","835","5.52","15927.33","15885","16085","15650","4555","72084814","23142000000","23094631531","1450000","코스피 200 Top 10 지수","2460.55","113.16","4.82"
"332930","HANARO 200TR","108220","6540","6.43","108161.61","107525","109520","106035","30410","3281036815","194796000000","194690903524","1800000","코스피 200 TR","1085.60","62.93","6.15"
"304780","HANARO 200선물레버리지","92235","10570","12.94","91756.60","91840","93485","88320","7324","661048447","87623250000","87168774321","950000","코스피 200 선물지수","4050.00","251.40","6.62"
"306520","HANARO 200선물인버스","3890","-255","-6.15","3890.95","3895","3980","3840","10654","41729827","1361500000","1361832984","350000","코스피 200 선물지수","4050.00","251.40","6.62"
"0123S0","HANARO 26-12 은행채(AA+이상)액티브","10065","0","0.00","10064.76","10070","10070","10057","5356","53903545","61899750000","61898259231","6150000","KIS 은행채2612만기형 지수","109.05","0.03","0.03"
"0091M0","HANARO 27-06 회사채(AA-이상)액티브","10060","30","0.30","10055.01","10050","10060","10050","8","80440","103819200000","103767746740","10320000","KIS 회사채(AA-이상)2706만기형지수(총수익)","108.29","0.08","0.07"
"448490","HANARO 32-10 국고채액티브","54690","475","0.88","54791.57","54715","54715","54690","5","273495","19141500000","19177047993","350000","KAP 32-10 국고채 10년 총수익지수","109.72","0.99","0.91"
"454320","HANARO CAPEX설비투자iSelect","41850","2110","5.31","41758.21","41795","42135","40870","41378","1725418956","108810000000","110659269500","2600000","iSelect CAPEX 설비투자 지수(시장가격)","5997.66","310.32","5.46"
"395290","HANARO Fn K-POP&미디어","8270","120","1.47","8272.12","8415","8500","8200","96876","807448311","66160000000","66176992100","8000000","FnGuide K-POP & 미디어 지수","788.65","7.31","0.94"
"395280","HANARO Fn K-게임","4065","110","2.78","4054.98","4035","4130","4005","28246","114721124","11382000000","11353935873","2800000","FnGuide K-게임 지수","783.98","14.36","1.87"
"368190","HANARO Fn K-뉴딜디지털플러스","8515","270","3.27","8528.35","8690","8690","8460","274","2336405","33208500000","33260575375","3900000","FnGuide K-뉴딜 디지털 플러스 지수","2050.80","41.32","2.06"
"402460","HANARO Fn K-메타버스MZ","9920","260","2.69","9893.15","10000","10000","9745","96","951320","6448000000","6430550320","650000","FnGuide K-메타버스 MZ 지수(시장가격)","1584.51","42.93","2.78"
"395270","HANARO Fn K-반도체","33900","2240","7.08","33844.10","34185","35900","32945","4614831","156808735693","1572960000000","1580519636926","46400000","FnGuide K-반도체 지수","10134.07","674.36","7.13"
"438900","HANARO Fn K-푸드","11320","275","2.49","11298.32","11305","11390","11235","30486","344595767","16980000000","16947483323","1500000","FnGuide K-푸드 지수 (시장가격)","868.35","15.00","1.76"
"367740","HANARO Fn5G산업","29405","1395","4.98","29428.57","29950","29950","28930","796","23383620","16172750000","16185713987","550000","FnGuide 5G 산업 지수","4983.30","246.19","5.20"
"407300","HANARO Fn골프테마","11055","425","4.00","11043.30","11060","11150","11055","10","110770","6080250000","6073814453","550000","FnGuide 골프 테마 지수","1159.80","41.84","3.74"
"381560","HANARO Fn전기&수소차","13115","510","4.05","13088.95","13245","13275","12840","12692","166845120","14426500000","14397847454","1100000","FnGuide 전기&수소차 지수 (시장가격)","2970.31","104.85","3.66"
"441540","HANARO Fn조선해운","31515","10","0.03","31512.27","31900","32095","30900","62436","1958082872","100848000000","100839270235","3200000","FnGuide 조선해운지수","5142.90","4.23","0.08"
"381570","HANARO Fn친환경에너지","11250","190","1.72","11222.92","11260","11320","10990","40248","451033010","8437500000","8417192557","750000","FnGuide 친환경에너지 지수 (시장가격)","2167.81","39.68","1.86"
"479850","HANARO K-뷰티","14690","265","1.84","14690.42","14800","14845","14515","49530","727143470","43335500000","42602215019","2950000","FnGuide K-뷰티 지수","576.50","12.38","2.19"
"453060","HANARO KOFR금리액티브(합성)","110035","25","0.02","110025.80","110020","110035","110020","2630","289386143","12103850000","12102837991","110000","KOFR 지수","1182.44","0.09","0.01"
"304760","HANARO KRX300","37385","2335","6.66","37300.92","37250","37745","36580","747","27818110","14954000000","14920367896","400000","KRX 300","3697.19","203.26","5.82"
"322410","HANARO K고배당","22140","350","1.61","22222.32","22445","22445","21910","33744","751244332","43173000000","43333522586","1950000","FnGuide 고배당 알파 지수","3305.91","74.08","2.29"
"0155N0","HANARO K휴머노이드테마TOP10","9565","435","4.76","9588.46","9745","9880","9415","499390","4827676372","25347250000","26847696300","2650000","iSelect K휴머노이드테마TOP10 지수","9002.73","386.49","4.49"
"332940","HANARO MSCI Korea TR","36315","2490","7.36","36237.41","36200","36625","35540","8468","308699275","87156000000","86969791164","2400000","MSCI Korea TR Index","3668.19","225.21","6.54"
"322400","HANARO e커머스","12060","290","2.46","12025.66","12015","12125","11915","5024","60409250","47637000000","47501350351","3950000","FnGuide E커머스 지수","2050.02","51.25","2.56"
"473640","HANARO 글로벌금채굴기업","39220","930","2.43","38931.56","38680","39400","38470","54263","2113925003","129426000000","126527565658","3300000","NYSE Arca Gold Miners Index (Price Return)","2965.97","47.96","1.64"
"354350","HANARO 글로벌럭셔리S&P(합성)","20470","50","0.24","20717.60","20425","20487","20335","769","15716977","15761900000","15952549369","770000","S&P Global Luxury Index","4366.52","50.05","1.16"
"461340","HANARO 글로벌생성형AI액티브","29600","2165","7.89","29659.71","28370","29700","28370","22450","656307982","37000000000","35591647583","1250000","Solactive United States Technology 100 Index(Price Return)","15530.25","17.91","0.12"
"424460","HANARO 글로벌워터MSCI(합성)","16175","-295","-1.79","16171.08","16200","16200","16115","1171","18941481","3235000000","3234216406","200000","MSCI ACWI IMI Water ESG Filtered (Price Return)","2474.44","-8.02","-0.32"
"401590","HANARO 글로벌탄소배출권선물ICE(합성)","9505","-110","-1.14","9527.16","9715","9715","9450","11063","105488934","4847550000","4858852330","510000","ICE Global Carbon Futures Index(Excess Return)","549.44","11.17","2.07"
"0040S0","HANARO 글로벌피지컬AI액티브","17930","995","5.88","17804.21","17500","18000","17500","35439","632542114","35860000000","35608427212","2000000","Solactive Physical AI Index","14718.58","-102.15","-0.69"
"314700","HANARO 농업융복합산업","11140","205","1.87","11164.27","11290","11290","11030","10000","111991270","6127000000","6140347596","550000","FnGuide 농업융복합산업 지수(시장가격)","1375.40","22.05","1.63"
"486830","HANARO 머니마켓액티브","52495","15","0.03","52490.29","52490","52495","52487","3573","187551057","50395200000","50390683199","960000","KIS-NH Amundi MMF지수","118.29","0.01","0.01"
"432840","HANARO 미국S&P500","18605","125","0.68","18624.81","18500","18650","18500","2351","43681945","14884000000","14899850623","800000","S&P 500","6781.48","-14.51","-0.21"
"498050","HANARO 바이오코리아액티브","16215","150","0.93","16176.85","16835","16877","16110","22459","367237996","17836500000","17794529683","1100000","iSelect K-바이오헬스케어","1513.83","14.31","0.95"
"476260","HANARO 반도체핵심공정주도주","12590","490","4.05","12563.87","12970","13020","12285","292948","3700694220","28327500000","28268709586","2250000","FnGuide 반도체 핵심공정 지수","1730.16","70.13","4.22"
"434730","HANARO 원자력iSelect","65915","3565","5.72","66084.64","65525","67530","64660","872226","57706549690","777797000000","783102939025","11800000","iSelect 원자력지수 (시장가격)","6157.66","345.96","5.95"
"0082F0","HANARO 유럽방산","11725","25","0.21","11731.84","11700","11740","11640","8242","96365530","9966250000","9972062540","850000","Stoxx 유럽 방산 지수","583.68","9.49","1.65"
"491820","HANARO 전력설비투자","37080","1690","4.78","37176.56","37610","37800","36370","95184","3535153578","109386000000","111529674086","2950000","iSelect 전력설비투자 지수","9682.22","476.85","5.18"
"461500","HANARO 종합채권(AA-이상)액티브","108210","970","0.90","108199.54","108285","108285","108155","187","20248380","83970960000","83962839556","776000","KAP 종합채권 총수익지수(AA-이상)","117.78","0.64","0.55"
"0111J0","HANARO 증권고배당TOP3플러스","16940","375","2.26","16871.89","17450","17490","16650","896071","15268924020","99099000000","97013352331","5850000","FnGuide 증권 고배당 TOP3 플러스 지수","6332.01","112.54","1.81"
"495750","HANARO 코리아밸류업","24565","1455","6.30","24662.26","24600","24955","24185","2600","64198800","52814750000","53023863979","2150000","코리아 밸류업 지수","2505.10","149.04","6.33"
"304770","HANARO 코스닥150","20085","305","1.54","20120.12","20750","20775","19890","170540","3481766656","32136000000","32192195986","1600000","코스닥 150","2018.97","37.72","1.90"
"306530","HANARO 코스닥150선물레버리지","17750","150","0.85","18127.76","21150","21150","17600","84581","1540867695","6035000000","6163436779","340000","F-코스닥150 지수","2364.15","64.31","2.80"
"375760","HANARO 탄소효율그린뉴딜","19420","1185","6.50","19373.92","19355","19605","19050","1826","35459205","17478000000","17436525698","900000","KRX/S&P 탄소효율 그린뉴딜지수","3284.10","174.88","5.62"
"491700","HK 200","83775","7200","9.40","83635.42","83480","84730","82235","23851","2006812070","71208750000","71090108954","850000","코스피 200","823.02","47.71","6.15"
"0000Y0","HK 26-12 회사채(AA-이상)액티브","100570","-10","-0.01","100557.02","0","0","0","0","0","121689700000","121673989660","1210000","KAP 26-12 크레딧 채권 총수익지수(AA-이상)","108.78","0.02","0.02"
"215620","HK S&P코리아로우볼","17615","510","2.98","17560.85","17615","17615","17615","2","35230","11097450000","11063337893","630000","S&P Korea 저변동성 지수","13194.03","245.67","1.90"
"0113P0","HK 머니마켓액티브","100980","25","0.02","100965.08","100980","100980","100980","9","908820","52307640000","52299909182","518000","KAP 머니마켓 지수(총수익)","115.61","0.01","0.01"
"391670","HK 베스트일레븐액티브","20795","-705","-3.28","20914.15","21720","21720","20505","10644","221387452","19755250000","19868443470","950000","코스피 200","823.02","47.71","6.15"
"472920","HK 종합채권(AA-이상)액티브","101050","650","0.65","101090.60","101155","101155","101040","16","1617735","209779800000","209661895548","2076000","KAP 종합채권 AA- 이상 지수(총수익)","117.62","0.64","0.55"
"472840","ITF 200","82195","4365","5.61","82534.14","82680","83455","80800","2080","171313060","24658500000","24760241091","300000","코스피 200","823.02","47.71","6.15"
"0005G0","ITF K-AI반도체코어테크","29040","1655","6.04","29083.42","29210","29490","28325","40807","1188245013","55176000000","55258495601","1900000","FnGuide K-AI반도체 코어테크 지수","6082.24","388.40","6.82"
"0135Y0","ITF 중기종합채권(AA-이상)액티브","100105","350","0.35","100141.94","100175","100225","100105","11134","1115501920","107112350000","107151875487","1070000","KIS 중기종합채권 (1~5Y, AA-이상, 총수익)","112.24","0.31","0.28"
"483570","KCGI 미국S&P500 TOP10","14760","285","1.97","14774.49","14905","14905","14695","2824","41674400","23616000000","23639188286","1600000","S&P500 Top10 25% Capped Index(PR)","8037.34","16.82","0.21"
"069660","KIWOOM 200","82780","4835","6.20","82800.97","82585","83845","81000","750860","62039497545","600155000000","596167015660","7250000","코스피 200","823.02","47.71","6.15"
"294400","KIWOOM 200TR","108100","6365","6.26","108114.95","107725","111110","105675","299468","32195632344","1632310000000","1632535714569","15100000","코스피 200 TR","1085.60","62.93","6.15"
"253250","KIWOOM 200선물레버리지","74230","8540","13.00","74101.24","74260","77500","71520","15006","1100832295","36372700000","36309607606","490000","코스피 200 선물지수","4050.00","251.40","6.62"
"253240","KIWOOM 200선물인버스","2160","-140","-6.09","2178.77","2150","2225","2145","85158","185630665","2203200000","2222343071","1020000","코스피 200 선물지수","4050.00","251.40","6.62"
"253230","KIWOOM 200선물인버스2X","279","-33","-10.58","277.15","272","311","270","1843686","509498505","3487500000","3464366302","12500000","코스피 200 선물지수","4050.00","251.40","6.62"
"464240","KIWOOM 26-09회사채(AA-이상)액티브","52185","50","0.10","52154.96","52140","52185","52140","220","11474700","199868550000","199753505057","3830000","KIS 2609 만기형 크레딧 종합채권 지수(AA-이상)(총수익지수)","116.71","0.02","0.02"
"458210","KIWOOM CD금리액티브(합성)","109115","20","0.02","109103.98","109105","109115","109105","780","85105750","126573400000","126560612745","1160000","FnGuide CD91일 금리투자 지수(총수익)","1453.90","0.12","0.01"
"460280","KIWOOM Fn유전자혁신기술","14055","510","3.77","14118.72","14070","14180","13845","6219","87197430","3513750000","3529679114","250000","FnGuide 유전자혁신기술 지수(시장가격)","1231.81","49.86","4.22"
"488200","KIWOOM K-2차전지북미공급망","13450","455","3.50","13451.38","13685","13695","13200","12416","167653270","8070000000","8070829281","600000","Solactive K-Battery North America Supply Chain 지수","3343.67","112.71","3.49"
"488210","KIWOOM K-반도체북미공급망","20300","1340","7.07","20240.62","20710","20850","19870","4941","100818240","4060000000","4048123448","200000","Solactive K-Semiconductor North America Supply Chain 지수","3980.09","217.58","5.78"
"469790","KIWOOM K-테크TOP10","27515","1895","7.40","27660.33","27730","28000","26965","5237","143687534","19260500000","19362233267","700000","Solactive K-TechTOP10 Index(PR)","5484.88","380.12","7.45"
"100910","KIWOOM KRX100","13025","760","6.20","13066.93","12920","13240","12770","7484","97268613","27352500000","27440557951","2100000","KRX 100","12995.11","759.32","6.21"
"435530","KIWOOM TDF2030액티브","15045","125","0.84","15066.38","14920","15110","14920","277","4166955","7522500000","7533187642","500000","Dow Jones Target 2030 Index (Total Return)","568.07","1.08","0.19"
"435540","KIWOOM TDF2040액티브","16660","195","1.18","16671.91","16640","16725","16625","3506","58401825","8330000000","8335955234","500000","Dow Jones Target 2040 Index (Total Return)","748.89","2.30","0.31"
"435550","KIWOOM TDF2050액티브","17080","165","0.98","17073.39","16970","17110","16970","2983","50810457","9394000000","9390362666","550000","Dow Jones Target 2050 Index (Total Return)","880.42","3.64","0.42"
"104530","KIWOOM 고배당","19225","240","1.26","19257.54","19635","19635","19050","27441","529869460","49023750000","49106718339","2550000","MKF 웰스 고배당20","19270.38","348.42","1.84"
"148070","KIWOOM 국고채10년","107845","915","0.86","107944.89","107730","107925","107485","119639","12885374335","496626225000","495359084635","4605000","KIS 10년 국고채 지수 (총수익)","16137.38","140.13","0.88"
"167860","KIWOOM 국고채10년레버리지","99245","1550","1.59","99369.10","99000","99245","98500","1125","111397155","28781050000","28817037742","290000","KIS 10년 국고채 지수 (총수익)","16137.38","140.13","0.88"
"471460","KIWOOM 국고채30년액티브","54860","900","1.67","54908.66","54805","54965","54560","1544","84449275","28527200000","28552505712","520000","KIS-키움 국고채30년 지수(총수익지수)","9021.76","143.54","1.62"
"114470","KIWOOM 국고채3년","108710","410","0.38","108620.90","108670","108710","108580","6036","655791470","58703400000","60827703434","540000","KTB INDEX(시장가격)","10241.49","-7.63","-0.07"
"473490","KIWOOM 글로벌AI반도체","22400","865","4.02","22367.51","22995","22995","22145","3098","69189797","30240000000","30196139332","1350000","Solactive Global AI Semiconductor Index (Price Return)","13206.84","329.00","2.55"
"489860","KIWOOM 글로벌전력GRID인프라","14725","-235","-1.57","14784.44","14755","14765","14575","7116","104860511","9571250000","9609883237","650000","NASDAQ OMX Clean Edge Smart Grid Infrastructure Index","1393.75","31.25","2.29"
"394350","KIWOOM 글로벌퓨처모빌리티","15005","355","2.42","15109.15","14650","15060","14650","69","1024340","4501500000","4532745504","300000","MSCI ACWI IMI 퓨처모빌리티 ESG 지수(시장가격)","3275.34","49.27","1.53"
"130730","KIWOOM 단기자금","101760","30","0.03","101745.13","101760","101765","101750","2619","266512899","135544320000","115175488700","1332000","MK 머니마켓 지수(총수익)","14552.20","2.44","0.02"
"419890","KIWOOM 단기채권ESG액티브","106550","150","0.14","106522.66","106515","106550","106515","417","44419256","70323000000","70304956140","660000","KIS ESG 9M~1.5Y","126.75","0.07","0.06"
"411860","KIWOOM 독일DAX","17220","260","1.53","16985.77","17015","17275","17015","14822","254378340","10332000000","10191461850","600000","DAX Index(PR)","8952.15","208.88","2.39"
"476450","KIWOOM 머니마켓액티브","52005","10","0.02","51998.75","51995","52010","51995","1850","96204309","239118990000","223490640547","4598000","KIS-키움 MMF지수(총수익지수)","118.02","0.01","0.01"
"430500","KIWOOM 물가채KIS","113775","1420","1.26","113598.62","113580","113785","113410","722","82023260","11377500000","11359861722","100000","KIS TIPS 지수(총수익)","14278.97","76.47","0.54"
"426330","KIWOOM 미국ETF산업STOXX","15605","0","0.00","15730.30","15605","15605","15425","120","1859060","3121000000","3146060688","200000","STOXX USA ETF Industry Index (KRW)","304.12","-5.60","-1.81"
"449770","KIWOOM 미국S&P500","19855","95","0.48","19884.36","19785","19920","19785","8372","166458500","61550500000","51699331488","3100000","S&P 500","6781.48","-14.51","-0.21"
"0127V0","KIWOOM 미국S&P500 TOP10&배당다우비중전환","10125","130","1.30","10122.99","10135","10140","10115","4831","48939949","13162500000","13159886582","1300000","S&P500 TOP10 생애배당다우존스 2040 지수","712.73","0.41","0.06"
"0137W0","KIWOOM 미국S&P500&GOLD","10050","55","0.55","10060.86","10030","10070","9995","30779","308964442","25627500000","25655187084","2550000","S&P500 & S&P GSCI 금현물 90/10 혼합지수","5585.25","-3.37","-0.06"
"0127T0","KIWOOM 미국S&P500&배당다우존스비중전환","10500","50","0.48","10501.66","10505","10525","10440","9562","100204589","12600000000","12601997719","1200000","S&P500 생애배당다우존스 2040 지수","538.89","-1.42","-0.26"
"449780","KIWOOM 미국S&P500(H)","16730","325","1.98","16773.90","16705","16755","16630","9502","158377905","33460000000","33547795296","2000000","S&P 500","6781.48","-14.51","-0.21"
"0137V0","KIWOOM 미국S&P500모멘텀","9770","75","0.77","9846.97","9730","9815","9730","34630","338726447","34195000000","33972038394","3500000","S&P500 모멘텀 지수","2958.15","-5.94","-0.20"
"0107F0","KIWOOM 미국고배당&AI테크","10760","-45","-0.42","10785.21","10805","10840","10705","12328","132637432","27976000000","27502273573","2600000","Akros 미국AI테크TOP10&미국고배당3070 지수","3236.28","-16.04","-0.49"
"453080","KIWOOM 미국나스닥100(H)","19655","485","2.53","19709.95","19570","19670","19530","8068","158298420","76654500000","67013827521","3900000","NASDAQ 100","24956.47","-10.78","-0.04"
"460270","KIWOOM 미국달러SOFR금리액티브(합성)","13110","-225","-1.69","13109.67","13125","13180","13105","1673","21959640","10619100000","10618829066","810000","Solactive SOFR Daily Total Return Index","1235.11","0.12","0.01"
"138230","KIWOOM 미국달러선물","16975","-255","-1.48","16950.34","16990","17070","16955","2151","36539700","27329750000","27290050170","1610000","미국달러선물지수","1636.54","-31.24","-1.87"
"225800","KIWOOM 미국달러선물레버리지","16865","-565","-3.24","16818.32","16895","17065","16845","11259","190269719","10624950000","10595542240","630000","미국달러선물지수","1636.54","-31.24","-1.87"
"139660","KIWOOM 미국달러선물인버스","7895","100","1.28","7937.24","7900","7915","7865","2231","17609925","57238750000","57545015389","7250000","미국달러선물지수","1636.54","-31.24","-1.87"
"230480","KIWOOM 미국달러선물인버스2X","4165","115","2.84","4199.16","4165","4175","4125","26393","109166950","9912700000","9994009330","2380000","미국달러선물지수","1636.54","-31.24","-1.87"
"0084E0","KIWOOM 미국대형주500월간목표헤지액티브","10050","-20","-0.20","10050.78","10060","10060","10050","26","261430","30150000000","30152339842","3000000","Akros 미국대형주500 월간방어적배분 지수(TR)","3404.13","-3.73","-0.11"
"373790","KIWOOM 미국방어배당성장나스닥","16980","-220","-1.28","16968.12","17710","17710","16910","1552","26324352","4754400000","4751072527","280000","Nasdaq US Low Volatility Dividend Achievers Index","1350.93","-12.21","-0.90"
"483030","KIWOOM 미국블록버스터바이오테크의약품+","11490","-70","-0.61","11559.26","11560","11595","11470","2644","30431759","5745000000","5779628228","500000","Solactive Blockbuster Biotech Drugs Index(PR)","2418.06","-9.18","-0.38"
"459790","KIWOOM 미국성장기업30액티브","18785","465","2.54","18835.26","18320","18895","18320","4322","81417705","25359750000","25427601230","1350000","MSCI USA Index(Price Return)","6457.58","-14.30","-0.22"
"498270","KIWOOM 미국양자컴퓨팅","12520","360","2.96","12598.13","12500","12560","12400","158435","1981746297","239758000000","233695355101","19150000","Solactive U.S. Quantum Computing Index(PR)","7157.32","-42.73","-0.59"
"474800","KIWOOM 미국원유에너지기업","14935","-730","-4.66","15105.93","15065","15100","14662","1052358","15714258158","48538750000","40030720908","3250000","MSCI US IMI Energy 25/50 Index(Price Return)","2118.59","-26.19","-1.22"
"0084D0","KIWOOM 미국테크100월간목표헤지액티브","10690","120","1.14","10657.53","10570","10690","10565","1276","13521110","9621000000","9591772864","900000","Akros 미국테크100 월간방어적배분 지수(TR)","5830.81","1.69","0.03"
"104520","KIWOOM 블루칩","14205","465","3.38","14146.57","14155","14350","13935","1127","15898035","15625500000","15561228787","1100000","MKF 블루칩","14129.17","352.75","2.56"
"0015E0","KIWOOM 엔비디아미국30년국채혼합액티브(H)","10650","205","1.96","10697.67","10445","10670","10445","2186","23267615","5325000000","5348837469","500000","Bloomberg Blended NVIDIA and US Long Treasury Bond Index","7391.34","-27.52","-0.37"
"483020","KIWOOM 의료AI","13455","295","2.24","13577.56","12705","13995","12705","11095","150447328","8745750000","8825411518","650000","FnGuide 의료AI 지수","2922.30","75.10","2.64"
"200250","KIWOOM 인도Nifty50(합성)","23960","55","0.23","23821.94","24835","24835","23795","44126","1058948991","215640000000","214397435493","9000000","Nifty 50 Index","24261.60","233.55","0.97"
"454780","KIWOOM 종합채권(AA-이상)액티브","103030","735","0.72","102975.61","103060","103060","102795","1977","203597350","473010730000","472761032790","4591000","KIS 종합 채권시장지수(AA-이상)(총수익지수)","117.97","0.67","0.57"
"441330","KIWOOM 차이나A50커넥트MSCI","12550","-80","-0.63","12672.05","12550","12550","12545","202","2534600","2510000000","2534409333","200000","MSCI China A50 Connect Index","2607.07","35.57","1.38"
"454180","KIWOOM 차이나내수소비TOP CSI","8885","15","0.17","8785.48","8825","8905","8795","2763","24550250","3554000000","3514192766","400000","CSI SH-HK-SZ Consumer Top Index","1923.11","13.52","0.71"
"496090","KIWOOM 코리아밸류업","24575","1275","5.47","24687.88","24645","24955","24180","2697","66158990","104443750000","104923505544","4250000","코리아 밸류업 지수","2505.10","149.04","6.33"
"316670","KIWOOM 코스닥150","10035","180","1.83","10055.22","10420","10420","9935","880057","8891916098","82487700000","79436228306","8220000","코스닥 150","2018.97","37.72","1.90"
"291630","KIWOOM 코스닥150선물레버리지","8795","215","2.51","8994.47","9435","9435","8695","100140","905921300","9058850000","9264302374","1030000","F-코스닥150 지수","2364.15","64.31","2.80"
"291620","KIWOOM 코스닥150선물인버스","3590","-70","-1.91","3588.43","3375","3615","3375","19352","68483570","2225800000","2224829040","620000","F-코스닥150 지수","2364.15","64.31","2.80"
"153270","KIWOOM 코스피100","63500","4140","6.97","63306.45","63460","64015","62015","16320","1032150976","26670000000","26588710782","420000","코스피 100","6338.18","377.23","6.33"
"122260","KIWOOM 통안채1년","103030","60","0.06","103029.83","103030","103030","103015","699","72013285","42242300000","42242231656","410000","MK 통안채지수(총수익)","15134.10","7.86","0.05"
"0015F0","KIWOOM 팔란티어미국30년국채혼합액티브(H)","10670","85","0.80","10776.76","10585","10770","10585","6442","68838782","19206000000","19398165305","1800000","Bloomberg Blended PALANTIR and US Long Treasury Bond Index","1805.39","-31.85","-1.73"
"0097L0","KIWOOM 한국고배당&미국AI테크","12375","275","2.27","12334.69","12460","12460","12195","17041","210359837","29081250000","29603244985","2350000","Akros 미국AI테크TOP10&한국고배당3070 지수","5028.24","91.34","1.85"
"069500","KODEX 200","82900","4670","5.97","82886.30","82700","83990","81025","22322816","1845731747109","17491900000000","17671359782215","211000000","코스피 200","823.02","47.71","6.15"
"226980","KODEX 200 중소형","23115","835","3.75","23075.31","23370","23370","22735","78337","1813385862","23115000000","23075308181","1000000","코스피 200 중소형주지수","2281.49","66.94","3.02"
"337160","KODEX 200ESG","33845","2120","6.68","33788.09","33615","34265","33005","34326","1160328615","84612500000","87849030250","2500000","코스피 200 ESG 지수","1000.12","63.14","6.74"
"363580","KODEX 200IT TR","32420","2470","8.25","32362.00","32240","32800","31450","56883","1833026588","110228000000","110030803825","3400000","코스피200 정보기술 TR","9835.51","710.57","7.79"
"278530","KODEX 200TR","29810","1745","6.22","29819.92","29750","30230","29145","2160716","64196057362","5575960500000","5582288125015","187050000","코스피 200 TR","1085.60","62.93","6.15"
"337150","KODEX 200exTOP","24390","830","3.52","24361.03","24510","24670","24160","3053","74661560","17073000000","17052721545","700000","코스피 200 초대형제외 지수","523.81","13.91","2.73"
"223190","KODEX 200가치저변동","23745","965","4.24","23687.57","23760","23990","23340","3080","73402285","23745000000","23687567965","1000000","코스피 200 가치저변동성","11531.35","487.48","4.41"
"252650","KODEX 200동일가중","18165","590","3.36","18143.22","18125","18285","17875","2920","52870025","67210500000","67129904784","3700000","코스피 200 동일가중지수","3627.87","90.67","2.56"
"360140","KODEX 200롱코스닥150숏선물","12665","530","4.37","12600.22","12135","12710","12135","28229","353123269","30396000000","30240531127","2400000","코스피200 롱 100% 코스닥150 숏 100% 선물지수","1090.80","40.20","3.83"
"284430","KODEX 200미국채혼합","19675","500","2.61","19580.08","19645","19790","19285","1906486","37476321503","1392990000000","1401933395242","70800000","코스피 200 미국채 혼합지수","4524.80","80.21","1.80"
"252670","KODEX 200선물인버스2X","277","-37","-11.78","278.06","275","292","271","5009591150","1401258170270","1434389100000","1424980193148","5178300000","코스피 200 선물지수","4050.00","251.40","6.62"
"494890","KODEX 200액티브","23965","1360","6.02","23943.12","23955","24235","23425","1940331","46368565910","925049000000","933781525663","38600000","코스피 200","823.02","47.71","6.15"
"498400","KODEX 200타겟위클리커버드콜","17500","985","5.96","17452.57","17490","17650","17085","9892693","172330799414","3360000000000","3389288322083","192000000","코스피 200 타겟 15% 위클리 커버드콜 지수","2502.71","142.77","6.05"
"0117L0","KODEX 26-12 금융채(AA-이상)액티브","10025","0","0.00","10022.08","10025","10025","10020","23156","232132768","2033872000000","2033279594509","202880000","KAP 26-12 금융채 총수익 지수(AA-이상)","109.35","0.02","0.02"
"473290","KODEX 26-12 회사채(AA-이상)액티브","10750","5","0.05","10756.49","10745","10755","10740","52673","566140259","685635000000","515773540946","63780000","KAP 26-12 회사채 총수익 지수(AA-이상)","120.12","0.02","0.02"
"0007F0","KODEX 27-12 회사채(AA-이상)액티브","10090","5","0.05","10109.99","10090","10110","10060","783950","7899831120","481696600000","412689786558","47740000","KAP 27-12 회사채 총수익 지수(AA-이상)","109.06","0.17","0.16"
"0119H0","KODEX 28-12 회사채(AA-이상)액티브","9890","5","0.05","9893.78","9885","9890","9855","8322","82141035","193349500000","193918013633","19550000","KAP 28-12 회사채 총수익 지수(AA- 이상)","102.79","0.30","0.29"
"305720","KODEX 2차전지산업","16755","320","1.95","16827.72","17250","17265","16510","8685498","146820051275","1849752000000","1849366200320","110400000","FnGuide 2차전지 산업 지수","2937.63","61.94","2.15"
"462330","KODEX 2차전지산업레버리지","1695","71","4.37","1698.32","1749","1775","1642","79853203","137231094107","680712000000","682045659165","401600000","FnGuide 2차전지 산업 지수","2937.63","61.94","2.15"
"461950","KODEX 2차전지핵심소재10","6535","65","1.00","6533.09","6775","6775","6415","2528639","16641147183","247023000000","247604240768","37800000","FnGuide 2차전지핵심소재10 지수","5801.45","89.79","1.57"
"457690","KODEX 33-06 국고채액티브","10675","55","0.52","10675.12","10670","10685","10635","50452","537609360","20389250000","21456996379","1910000","KAP 33-06 국고채 총수익 지수","112.74","0.77","0.69"
"271060","KODEX 3대농산물선물(H)","8300","-410","-4.71","8374.19","8245","8345","8090","404183","3341256905","24651000000","25122571549","2970000","S&P GSCI Grains Select Index ER","17.27","-0.08","-0.47"
"457700","KODEX 53-09 국고채액티브","10655","235","2.26","10657.40","10645","10665","10610","26716","283702785","14277700000","14280912208","1340000","KAP 53-09 국고채 총수익 지수","106.41","1.55","1.48"
"395160","KODEX AI반도체","27625","1720","6.64","27618.03","27845","28085","26860","4339971","119754590985","2237625000000","2237060696690","81000000","FnGuide AI반도체지수","6357.30","406.12","6.82"
"471990","KODEX AI반도체핵심장비","25480","1245","5.14","25462.38","26220","26225","24660","1926903","49370516620","429338000000","437952971226","16850000","iSelect AI 반도체핵심장비 지수","7137.54","324.72","4.77"
"487240","KODEX AI전력핵심설비","30735","1395","4.75","30775.62","30905","31365","30100","3326527","102274800427","1671984000000","1695736899000","54400000","iSelect AI 전력핵심설비 지수(Price Return)","18561.86","921.74","5.23"
"481050","KODEX CD1년금리플러스액티브(합성)","1022035","75","0.01","1021952.02","1022030","1022035","1022030","15853","16202280965","2833694241000","2833464171408","2772600","KAP 1년은행 CD+추가금리 지수(총수익지수)","1226.21","0.11","0.01"
"459580","KODEX CD금리액티브(합성)","1073960","80","0.01","1073895.62","1073955","1073960","1073955","341066","366290479433","7974260396000","8059157101627","7425100","KAP 양도성예금증서(CD)금리지수(총수익지수)","123.44","0.00","0.00"
"439860","KODEX ESG종합채권(A-이상)액티브","113845","415","0.37","113777.41","113835","113945","113725","15834","1802760310","303169235000","302989246831","2663000","KAP ESG 종합채권지수(A- 이상, 총수익)","130.32","0.29","0.22"
"266370","KODEX IT","44265","3210","7.82","44181.55","44135","44775","43165","40861","1798112486","53118000000","53017865622","1200000","KRX 정보기술","3809.81","256.32","7.21"
"368680","KODEX K-뉴딜디지털플러스","8605","205","2.44","8641.03","8865","8865","8545","2735","23695840","8605000000","7776929802","1000000","FnGuide K-뉴딜 디지털 플러스 지수","2050.80","41.32","2.06"
"423160","KODEX KOFR금리액티브(합성)","110700","10","0.01","110689.89","110700","110700","110695","409137","45291350402","4305233700000","4303622772000","38891000","KOFR 지수","1182.44","0.09","0.01"
"292190","KODEX KRX300","38090","2090","5.81","38043.33","38295","38500","37325","8690","330205455","60944000000","60869322082","1600000","KRX 300","3697.19","203.26","5.82"
"306950","KODEX KRX300레버리지","62140","7295","13.30","62147.56","59640","63005","58000","12448","761344132","62140000000","62147563351","1000000","KRX 300","3697.19","203.26","5.82"
"229720","KODEX KTOP30","30230","1450","5.04","30300.32","30370","30625","29660","9439","283893715","15115000000","15150161486","500000","KTOP 30","15236.39","714.31","4.92"
"0115D0","KODEX K조선TOP10","9810","-25","-0.25","9806.15","9950","10085","9580","1181464","11536381167","130473000000","131402428527","13300000","KRX K조선 TOP10 지수","6158.99","-10.99","-0.18"
"266360","KODEX K콘텐츠","12755","340","2.74","12740.35","12800","12845","12525","80980","1031378730","51020000000","50961401987","4000000","KRX K콘텐츠","1965.76","42.57","2.21"
"291890","KODEX MSCI EM선물(H)","10805","300","2.86","10874.87","10610","10850","10610","259","2803670","7563500000","7612411828","700000","iEdge Emerging Markets Futures Index(ER)","1528.34","5.70","0.37"
"289040","KODEX MSCI KOREA ESG유니버설","24395","1740","7.68","24366.08","24105","24600","24060","2329","56948835","17076500000","17056255827","700000","MSCI Korea ESG Universal Capped Index","3396.24","212.33","6.67"
"156080","KODEX MSCI Korea","39125","2270","6.16","39094.41","39090","39500","38325","10008","389991575","31300000000","31275526963","800000","MSCI Korea Index","1900.82","116.70","6.54"
"278540","KODEX MSCI Korea TR","28830","1580","5.80","28942.22","28990","29295","28360","35195","1017064092","2251623000000","2260387379421","78100000","MSCI Korea TR Index","3668.19","225.21","6.54"
"251350","KODEX MSCI선진국","37100","235","0.64","37125.76","37195","37200","36865","45250","1677875473","489720000000","484491154463","13200000","MSCI World","4438.01","20.21","0.46"
"269420","KODEX S&P글로벌인프라(합성)","23895","-50","-0.21","23958.46","23800","24020","23800","6704","160537489","25687125000","25755346238","1075000","S&P Global Infrastructure Index","3844.83","14.87","0.39"
"433970","KODEX TDF2030액티브","13690","160","1.18","13652.43","13695","13700","13560","49249","671234934","81455500000","81231929358","5950000","Samsung Korea Target Date 2030 Index (Price Return)","1843.63","0.28","0.02"
"433980","KODEX TDF2040액티브","15320","170","1.12","15285.67","15215","15340","15215","50218","767700840","121028000000","121521060914","7900000","Samsung Korea Target Date 2040 Index (Price Return)","2145.50","-7.67","-0.36"
"434060","KODEX TDF2050액티브","16420","195","1.20","16431.55","16580","16585","16350","243703","4000842519","489316000000","487195330306","29800000","Samsung Korea Target Date 2050 Index (Price Return)","2484.65","-18.25","-0.73"
"0082V0","KODEX TDF2060액티브","11055","140","1.28","11041.86","11090","11095","10935","90724","1001423137","113866500000","112074910644","10300000","Samsung Korea Target Date 2060 Index","2567.86","-24.71","-0.95"
"329650","KODEX TRF3070","14370","110","0.77","14351.37","14440","14440","14310","57103","819784025","257223000000","256889599589","17900000","FnGuide TRF 3070 지수","1847.74","-1.44","-0.08"
"329660","KODEX TRF5050","17660","150","0.86","17695.21","17640","17760","17555","28262","498359330","100662000000","100862683387","5700000","FnGuide TRF 5050 지수","2286.75","-11.22","-0.49"
"329670","KODEX TRF7030","21430","145","0.68","21525.09","21815","21815","21350","17241","369476770","83577000000","83947865517","3900000","FnGuide TRF 7030 지수","2799.24","-25.36","-0.90"
"395170","KODEX Top10동일가중","14895","795","5.64","14860.05","14840","15010","14520","28881","427493321","59580000000","59440194703","4000000","FnGuide TOP10 동일가중 지수","2335.96","107.42","4.82"
"315930","KODEX Top5PlusTR","59700","3540","6.30","59878.47","60125","60760","58615","115313","6887229846","1456680000000","1461034587268","24400000","FnGuide TOP 5 Plus Total Return 지수","6121.90","394.92","6.90"
"261220","KODEX WTI원유선물(H)","21000","-3440","-14.08","22073.93","20520","21485","19860","7569568","156071119347","140700000000","157276728811","6700000","S&P GSCI Crude Oil Index ER","188.99","-24.03","-11.28"
"271050","KODEX WTI원유선물인버스(H)","2675","410","18.10","2557.28","2605","2795","2505","21271189","57196088346","31030000000","35162552053","11600000","S&P GSCI Crude Oil Index ER","188.99","-24.03","-11.28"
"468370","KODEX iShares미국인플레이션국채액티브","11730","-140","-1.18","11738.86","11755","11805","11725","33193","390100577","18416100000","18430016644","1570000","ICE U.S. Treasury Inflation Linked Bond Index(Total Return)","128.88","-0.42","-0.33"
"468630","KODEX iShares미국투자등급회사채액티브","12040","-85","-0.70","12042.71","12055","12115","12040","42197","508888555","36240400000","36248553205","3010000","Markit iBoxx USD Liquid Investment Grade Index(Total Return)","345.22","-1.82","-0.52"
"468380","KODEX iShares미국하이일드액티브","11755","-105","-0.89","11761.99","11765","11825","11735","109019","1282793824","115669200000","111033180291","9840000","ICE BofAML US HY Constrained Index(Total Return)","620.13","1.82","0.29"
"275290","KODEX 가치주","24320","1580","6.95","24333.71","24325","24615","23785","3295","79584245","21888000000","21900338976","900000","MSCI Korea IMI Enhanced Value Capped","14149.82","851.33","6.40"
"117700","KODEX 건설","6270","170","2.79","6257.71","6380","6450","6160","984048","6229342976","54549000000","53816333326","8700000","KRX 건설","1253.47","32.23","2.64"
"300950","KODEX 게임산업","6560","125","1.94","6586.21","6555","6700","6470","198463","1312292536","34768000000","34906886837","5300000","FnGuide 게임 산업 지수","806.52","14.96","1.89"
"266390","KODEX 경기소비재","10870","290","2.74","10916.23","11015","11015","10740","3890","42459118","9783000000","9824611192","900000","KRX 경기소비재","1239.25","32.18","2.67"
"279530","KODEX 고배당주","17280","465","2.77","17240.88","17255","17445","17000","430448","7427491505","354240000000","353438119611","20500000","FnGuide 고배당 Plus 지수","26383.71","661.88","2.57"
"132030","KODEX 골드선물(H)","29575","315","1.08","29106.13","29320","29610","29270","368794","10866434508","485030000000","480251140289","16400000","S&P GSCI Gold Index(TR)","2567.79","67.91","2.72"
"280940","KODEX 골드선물인버스(H)","2895","-15","-0.52","2942.39","2910","2925","2875","22684","65581142","3039750000","3089508110","1050000","S&P GSCI GOLD Index Excess Return","315.88","8.32","2.71"
"138910","KODEX 구리선물(H)","9240","210","2.33","9151.87","9185","9275","9170","135779","1252140151","52668000000","52165656581","5700000","S&P GSCI North American Copper Index(TR)","834.32","14.59","1.78"
"471230","KODEX 국고채10년액티브","107445","1225","1.15","107370.78","107220","107530","107010","17031","1827290783","496503345000","483812726911","4621000","KAP 국고채 10년 지수(TR)","112.44","1.02","0.92"
"439870","KODEX 국고채30년액티브","104335","1700","1.66","104319.46","104335","104500","103750","11146","1160318766","360790430000","360736705892","3458000","KAP 국고채 30년 총수익 지수","93.17","1.40","1.53"
"114260","KODEX 국고채3년","61700","315","0.51","61654.76","61685","61715","61630","64331","3968368498","537653800000","514077382695","8714000","MKF 국고채지수(총수익)","203.95","0.75","0.37"
"152380","KODEX 국채선물10년","66945","665","1.00","67002.97","66820","66950","66675","6916","462072050","40568670000","41005814610","606000","10년국채선물지수","1176.25","13.01","1.12"
"176950","KODEX 국채선물10년인버스","57590","-520","-0.89","57498.27","57660","57755","57590","215","12385410","13476060000","13454594161","234000","10년국채선물지수","1176.25","13.01","1.12"
"292770","KODEX 국채선물3년인버스","56865","-195","-0.34","56838.15","56890","56890","56865","4","227535","22518540000","32738772185","396000","국채선물지수","1214.91","5.45","0.45"
"276990","KODEX 글로벌로봇(합성)","24075","-490","-1.99","24165.27","24275","24280","23830","31444","756177655","42251625000","42410046521","1755000","ROBO Global Robotics & Automation UCITS Price Return Index","1190.37","18.46","1.58"
"476070","KODEX 글로벌비만치료제TOP2 Plus","10655","95","0.90","10739.73","10605","10850","10605","18445","197634910","44751000000","44569889038","4200000","iSelect 글로벌 비만치료제TOP2 Plus 지수(PR)","2846.93","-14.74","-0.52"
"0064K0","KODEX 금액티브","15960","-90","-0.56","15874.20","15905","16025","15810","482964","7685458137","285205200000","283672039368","17870000","Bloomberg Gold Spot NY 4pm USD Index","4437.77","50.11","1.14"
"0089D0","KODEX 금융고배당TOP10","12780","225","1.79","12738.59","13025","13030","12515","526822","6745519880","232596000000","233116193896","18200000","코스피 200 금융 고배당 TOP 10 지수","2611.93","52.77","2.06"
"498410","KODEX 금융고배당TOP10타겟위클리커버드콜","12750","180","1.43","12700.20","13000","13000","12515","1420676","18117312913","585225000000","584208984067","45900000","코스피 200 금융 고배당 TOP 10 타겟 15%분배 위클리 커버드콜 지수","1154.94","15.03","1.32"
"0162M0","KODEX 금융채1~2년(AA-이상)PLUS액티브","9995","25","0.25","9997.71","9980","9995","9980","1015","10142895","139930000000","139967904119","14000000","KAP 금융채 1-2년 총수익 지수","118.13","0.13","0.11"
"102960","KODEX 기계장비","16375","385","2.41","16333.21","16480","16570","15995","24235","396174130","20305000000","19273183555","1240000","KRX 기계장비","1766.70","42.60","2.47"
"404260","KODEX 기후변화솔루션","21575","875","4.23","21584.54","21845","21845","21185","1004","21754070","19417500000","19426089970","900000","KRX 기후변화 솔루션지수","4133.59","163.48","4.12"
"273140","KODEX 단기변동금리부채권액티브","114840","0","0.00","114825.97","114835","114845","114830","6732","773100575","324997200000","324957491128","2830000","KAP 단기변동금리부은행채권지수","146.72","-0.03","-0.02"
"153130","KODEX 단기채권","113445","30","0.03","113436.91","113425","113445","113410","71524","8112967088","732400920000","732348662445","6456000","KRW Cash 지수(총수익)","173.15","0.04","0.02"
"214980","KODEX 단기채권PLUS","114880","-25","-0.02","114900.58","114880","114890","114875","58140","6679182496","1949743360000","1949633089328","16972000","KRW Cash PLUS 지수(총수익)","168.00","0.04","0.02"
"487950","KODEX 대만테크고배당다우존스","10110","45","0.45","9993.91","10100","10500","10020","134164","1364785605","13648500000","13491780652","1350000","Dow Jones Taiwan Technology Dividend 30 Index(TWD)(PR)","2843.16","61.06","2.19"
"122630","KODEX 레버리지","82075","9225","12.66","82214.76","81020","84040","78500","28572961","2328985132086","5597515000000","5746811454566","68200000","코스피 200","823.02","47.71","6.15"
"445290","KODEX 로봇액티브","33230","1505","4.74","33300.14","33500","33925","32750","1216873","40676512532","1020161000000","1028974268699","30700000","iSelect K-로봇테마 지수","3801.91","153.02","4.19"
"488770","KODEX 머니마켓액티브","103765","10","0.01","103761.79","103760","103765","103760","698125","72439722505","7290010075000","7491912715103","70255000","KAP MMF 지수(TR)","119.88","0.01","0.01"
"321410","KODEX 멀티에셋하이인컴(H)","10590","215","2.07","10610.23","10465","10590","10465","236","2478865","5295000000","5305113531","500000","Morningstar Multi-Asset High Income 10% Capped Index","1105.26","0.61","0.06"
"337120","KODEX 멀티팩터","27640","1765","6.82","27557.12","27510","27655","27100","66","1807470","16584000000","16534269425","600000","FnGuide 멀티팩터 지수","17231.05","933.37","5.73"
"401470","KODEX 메타버스액티브","8870","205","2.37","8911.48","8970","9050","8795","53727","481555824","81604000000","80648886999","9200000","FnGuide K-메타버스 지수","1234.20","21.67","1.79"
"244620","KODEX 모멘텀Plus","19175","635","3.43","19272.34","19735","19735","18990","727","14036785","13422500000","13490636595","700000","FnGuide 모멘텀 Plus 지수","6296.39","189.35","3.10"
"275280","KODEX 모멘텀주","32200","2135","7.10","32208.33","32205","32520","31560","4734","151427100","25760000000","25766667622","800000","MSCI Korea IMI Momentum Capped","10490.21","637.31","6.47"
"308620","KODEX 미국10년국채선물","12575","-155","-1.22","12560.40","12600","12650","12565","88239","1111991137","111917500000","110531502590","8900000","S&P 10-Year U.S. Treasury Note Futures KRW(ER)","241.77","-4.03","-1.64"
"0091C0","KODEX 미국10년국채액티브(H)","10070","65","0.65","10060.76","10060","10070","10050","136554","1374578879","162127000000","161978288975","16100000","KAP 미국 국채 10년 지수(총수익)","94.55","0.32","0.34"
"484790","KODEX 미국30년국채액티브(H)","8970","105","1.18","8996.76","8975","8995","8955","885909","7951269682","611484900000","594685900887","68170000","KEDI-KAP 미국 국채 20+ 지수(TR)","75.02","0.58","0.78"
"304660","KODEX 미국30년국채울트라선물(H)","7770","115","1.50","7776.01","7750","7770","7740","104974","813829484","198135000000","196733071285","25500000","S&P Ultra T-Bond Futures Index(ER)","111.68","-0.56","-0.50"
"304670","KODEX 미국30년국채울트라선물인버스(H)","11485","-125","-1.08","11513.49","11440","11485","11440","1013","11590250","6891000000","6908094871","600000","S&P Ultra T-Bond Futures Index(ER)","111.68","-0.56","-0.50"
"481060","KODEX 미국30년국채타겟커버드콜(합성 H)","8270","80","0.98","8308.51","8230","8290","8225","1303750","10759628835","908459500000","912689429484","109850000","Bloomberg U.S.Treasury 20+ Year(TLT)+ 12% Premium Covered Call index(TR)","938.99","-7.73","-0.82"
"0151S0","KODEX 미국AI반도체TOP3플러스","10570","375","3.68","10614.12","10480","10670","10480","627808","6641015248","125254500000","121531672260","11850000","Akros 미국 AI 반도체 Top 3 플러스 지수 (Price Return)","18754.29","169.98","0.91"
"0041D0","KODEX 미국AI소프트웨어TOP10","12645","80","0.64","12693.80","12610","12715","12600","94523","1196008394","61960500000","62199595565","4900000","iSelect 미국 AI 소프트웨어 TOP10 지수(PR)","3059.49","-86.62","-2.75"
"487230","KODEX 미국AI전력핵심인프라","20020","1255","6.69","20093.84","19870","20105","19815","1536541","30727280643","1457456000000","1424653519278","72800000","iSelect 미국AI전력핵심인프라 지수(Price Return)","8602.24","104.65","1.23"
"485540","KODEX 미국AI테크TOP10","14190","275","1.98","14220.01","14130","14245","14115","138189","1960946361","280962000000","278001113820","19800000","KEDI 미국AI테크 TOP10 지수(PR)","11609.78","11.15","0.10"
"483280","KODEX 미국AI테크TOP10타겟커버드콜","12025","220","1.86","12040.90","12000","12065","11965","256156","3079897422","574795000000","564718437635","47800000","KEDI 미국 AI 테크 TOP10+15%프리미엄 지수(Total Return)","9563.65","10.21","0.11"
"428560","KODEX 미국ETF산업Top10 Indxx","16570","55","0.33","16605.97","16570","16625","16420","4179","68945261","13256000000","13284779741","800000","Indxx US ETF Industry Top10 Index(Price Return)","3688.75","-79.83","-2.12"
"379800","KODEX 미국S&P500","22620","125","0.56","22649.15","22570","22710","22535","10448850","236639839803","8069685000000","8026857993871","356750000","S&P 500","6781.48","-14.51","-0.21"
"449180","KODEX 미국S&P500(H)","15300","330","2.20","15325.47","15255","15315","15230","410854","6278836947","703035000000","701906691511","45950000","S&P 500","6781.48","-14.51","-0.21"
"453660","KODEX 미국S&P500경기소비재","18115","35","0.19","18165.75","18110","18140","18005","580","10499384","13586250000","13624313195","750000","S&P Consumer Discretionary Select Sector Index(Price Return)","2310.73","-3.40","-0.15"
"453650","KODEX 미국S&P500금융","18030","-105","-0.58","18113.06","18040","18110","18000","23244","419304193","42370500000","42565692460","2350000","S&P Financial Select Sector Index(Price Return)","615.03","-3.43","-0.55"
"0005A0","KODEX 미국S&P500데일리커버드콜OTM","9630","70","0.73","9654.76","9605","9670","9590","319088","3075175288","147339000000","142890470398","15300000","S&P 500 Covered Call 1% OTM Daily Index(TR)","362.15","1.11","0.31"
"276970","KODEX 미국S&P500배당귀족커버드콜(합성 H)","8070","55","0.69","8134.83","7925","8100","7925","12493","100543233","37929000000","38233689132","4700000","S&P500 Dividend Aristocrats Covered Call(7.2% Premium) Index","113.18","-1.00","-0.87"
"0026E0","KODEX 미국S&P500버퍼3월액티브","11310","0","0.00","11336.90","11315","11345","11300","2853","32309380","76342500000","76524047048","6750000","S&P500 10% Buffered Index March Series (USD) TR","200.70","-0.45","-0.22"
"0068M0","KODEX 미국S&P500버퍼6월액티브","11605","-125","-1.07","11790.03","11730","11730","11590","1558","18123985","58025000000","58950149722","5000000","S&P500 10% Buffered Index June Series (USD) TR","406.89","-1.19","-0.29"
"0089C0","KODEX 미국S&P500변동성확대시커버드콜","10920","40","0.37","11006.17","10885","10955","10870","7381","80618500","83538000000","84197166484","7650000","Cboe S&P 500 Volatility Contingent Daily Covered Call Index(Total Retrun)","3068.41","4.25","0.14"
"200030","KODEX 미국S&P500산업재(합성)","43285","110","0.25","43352.34","43215","43420","43130","8937","386688415","49344900000","49421663626","1140000","S&P Select Sector Industrial Index","1711.25","-9.87","-0.57"
"219480","KODEX 미국S&P500선물(H)","29510","595","2.06","29577.32","29425","29540","29400","8273","243823387","144599000000","144928869994","4900000","S&P 500 Futures Total Return Index","1024.39","-1.97","-0.19"
"0041E0","KODEX 미국S&P500액티브","14190","230","1.65","14215.39","14000","14235","14000","94292","1328934555","58179000000","56861570831","4100000","S&P 500","6781.48","-14.51","-0.21"
"218420","KODEX 미국S&P500에너지(합성)","18970","-800","-4.05","19169.14","18985","19165","18825","330347","6274725108","39666270000","40082671888","2091000","S&P Select Sector Energy Index","1163.83","-15.14","-1.28"
"463640","KODEX 미국S&P500유틸리티","15900","105","0.66","15935.13","15800","15950","15710","3990","63149231","15900000000","15935130191","1000000","S&P Utilities Select Sector Index(Price Return)","937.85","-6.14","-0.65"
"463690","KODEX 미국S&P500커뮤니케이션","19740","-45","-0.23","19809.80","19745","19805","19665","1942","38249295","12831000000","12876369917","650000","S&P Communication Services Select Sector Index(Price Return)","612.79","-0.99","-0.16"
"463680","KODEX 미국S&P500테크놀로지","17675","385","2.23","17778.21","17725","17800","17630","38630","685004805","64513750000","64890472462","3650000","S&P Technology Select Sector Index(Price Return)","2813.57","-0.19","-0.01"
"453630","KODEX 미국S&P500필수소비재","13280","55","0.42","13348.48","13305","13320","13205","20247","268604731","17264000000","18020453579","1300000","S&P Consumer Staples Select Sector Index(Price Return)","864.65","-2.33","-0.27"
"453640","KODEX 미국S&P500헬스케어","13625","105","0.78","13717.68","13580","13690","13575","30791","420086300","63356250000","63787198979","4650000","S&P Health Care Select Sector Index(Price Return)","1544.79","-11.34","-0.73"
"185680","KODEX 미국S&P바이오(합성)","40030","1315","3.40","40065.56","39915","40060","39277","4331","172971584","20095060000","20112912803","502000","S&P Biotechnology Select Industry Index","9958.91","29.59","0.30"
"0028X0","KODEX 미국금융테크액티브","11140","10","0.09","11169.47","11460","11460","11055","11655","129840010","17824000000","17871159143","1600000","iSelect 미국 차세대 파이낸셜 테크 지수(시장가격)","1057.62","-14.55","-1.36"
"379810","KODEX 미국나스닥100","24330","250","1.04","24361.89","24285","24435","24230","3171936","77255341896","5563054500000","5502132493229","228650000","NASDAQ 100","24956.47","-10.78","-0.04"
"449190","KODEX 미국나스닥100(H)","18970","505","2.73","19003.07","18895","19000","18865","299699","5674604196","479941000000","462724868163","25300000","NASDAQ 100","24956.47","-10.78","-0.04"
"494300","KODEX 미국나스닥100데일리커버드콜OTM","9845","125","1.29","9864.59","9840","9875","9800","1103139","10867548000","628111000000","613577803633","63800000","NASDAQ-100 Daily Covered Call 101 Index(TR)","305.63","1.16","0.38"
"409820","KODEX 미국나스닥100레버리지(합성 H)","14980","785","5.53","15010.81","14915","14990","14785","279764","4164810083","197736000000","198142644894","13200000","NASDAQ 100","24956.47","-10.78","-0.04"
"304940","KODEX 미국나스닥100선물(H)","27755","720","2.66","27801.29","27655","27795","27620","9457","261869956","106856750000","107034958116","3850000","NASDAQ 100","24956.47","-10.78","-0.04"
"409810","KODEX 미국나스닥100선물인버스(H)","6540","-170","-2.53","6530.76","6570","6655","6505","256875","1677971241","31719000000","31674162160","4850000","NASDAQ 100","24956.47","-10.78","-0.04"
"411420","KODEX 미국나스닥AI테크액티브","21495","1435","7.15","21516.85","21400","21585","21305","31469","676785029","102101250000","101129199388","4750000","Nasdaq CB Insights Metaverse US Index (Price Return)","1722.19","2.43","0.14"
"455030","KODEX 미국달러SOFR금리액티브(합성)","12630","-210","-1.64","12621.72","12635","12705","12610","226324","2860415711","640846200000","640426083308","50740000","Bloomberg SOFR Daily Total Return Index","123.51","0.01","0.01"
"261240","KODEX 미국달러선물","14975","-260","-1.71","14949.72","14970","15070","14960","167241","2507416403","71131250000","71011193446","4750000","미국달러선물지수","1636.54","-31.24","-1.87"
"261250","KODEX 미국달러선물레버리지","17850","-600","-3.25","17801.07","17890","18225","17805","171412","3067095294","35521500000","36492188840","1990000","미국달러선물지수","1636.54","-31.24","-1.87"
"261270","KODEX 미국달러선물인버스","7610","115","1.53","7642.48","7595","7620","7570","241942","1839354576","68413900000","69393740977","8990000","미국달러선물지수","1636.54","-31.24","-1.87"
"261260","KODEX 미국달러선물인버스2X","4790","140","3.01","4820.17","4755","4795","4740","970419","4630435320","238829400000","240092737987","49860000","미국달러선물지수","1636.54","-31.24","-1.87"
"0144M0","KODEX 미국드론UAM TOP10","9480","430","4.75","9455.72","9400","9495","9380","156945","1483363448","35550000000","34986161475","3750000","iSelect 미국드론UAM TOP10 지수(Price Return)","4810.61","-114.18","-2.32"
"280930","KODEX 미국러셀2000(H)","14595","510","3.62","14664.50","14530","14620","14475","20305","295675179","32838750000","32995133347","2250000","FTSE Russell 2000 Index","2548.08","-5.59","-0.22"
"0048J0","KODEX 미국머니마켓액티브","14690","-250","-1.67","14694.20","14710","14795","14680","656480","9660565451","588760510000","585989913617","40079000","KAP 미국 머니마켓 지수","151.01","-2.68","-1.74"
"390390","KODEX 미국반도체","39345","1445","3.81","39552.49","39340","39650","39135","1247249","49248056569","810507000000","795005102917","20600000","MVIS US Listed Semiconductor 25 Index","11964.20","90.63","0.76"
"489250","KODEX 미국배당다우존스","12455","-140","-1.11","12441.52","12495","12495","12400","491375","6121641592","438416000000","437941385546","35200000","Dow Jones U.S. Dividend 100 Price Return Index","6515.78","-27.14","-0.41"
"483290","KODEX 미국배당다우존스타겟커버드콜","10670","-25","-0.23","10624.49","10650","10690","10630","98999","1055884634","153648000000","152992676908","14400000","Dow Jones U.S. Dividend 100 10% Premium Covered Call Index(Total Return)","532.77","-2.10","-0.39"
"441640","KODEX 미국배당커버드콜액티브","12875","65","0.51","12893.69","12815","12950","12787","1535788","19795605955","1391787500000","1381558506918","108100000","S&P 500","6781.48","-14.51","-0.21"
"352560","KODEX 미국부동산리츠(H)","12115","290","2.45","12088.50","12030","12140","12005","80305","971060328","33316250000","33243364559","2750000","Dow Jones U.S. Real Estate PR Index","376.76","-0.52","-0.14"
"314250","KODEX 미국빅테크10(H)","51320","1480","2.97","51349.32","51045","51320","50905","50350","2575286511","635341600000","635191118848","12380000","NYSE U.S. Big TECH 10 INDEX","15018.85","-38.23","-0.25"
"473460","KODEX 미국서학개미","22005","350","1.62","22148.19","21965","22125","21940","80967","1786875981","272862000000","269100522479","12400000","iSelect 서학개미 지수(PR)","5661.22","2.28","0.04"
"0144L0","KODEX 미국성장커버드콜액티브","9440","120","1.29","9447.23","9390","9480","9385","419786","3962867686","326152000000","320733372693","34550000","NASDAQ 100","24956.47","-10.78","-0.04"
"390400","KODEX 미국스마트모빌리티S&P","6980","0","0.00","7090.75","6980","7070","6975","7819","54940570","8376000000","8508898180","1200000","S&P Kensho Smart Transportation","199.19","2.05","1.04"
"0132H0","KODEX 미국원자력SMR","10810","530","5.16","10885.42","10795","11000","10725","223364","2412139431","90804000000","89260471050","8400000","iSelect 미국원자력SMR 지수(Price Return)","11163.78","128.29","1.16"
"437080","KODEX 미국종합채권ESG액티브(H)","100990","450","0.45","101041.32","101045","101070","100890","9452","954143787","337811550000","335457196758","3345000","Bloomberg MSCI US Aggregate 2bn ex Securitized SRI Capped Index(Total Return)","128.33","-0.40","-0.31"
"419420","KODEX 미국클린에너지나스닥","9015","330","3.80","9062.41","9015","9095","8990","9015","81247040","13522500000","13593616701","1500000","Nasdaq Clean Edge Green Energy Index (Price Return)","621.00","9.22","1.51"
"491090","KODEX 미국테크TOP3플러스","15970","245","1.56","15979.00","15935","16025","15885","6120","97650074","30343000000","30360101758","1900000","KEDI 미국테크TOP3플러스 지수(Price Return)","7026.58","19.98","0.29"
"0038A0","KODEX 미국휴머노이드로봇","15825","280","1.80","15907.79","15795","15910","15785","331419","5253712616","325203750000","314974320952","20550000","iSelect 미국 휴머노이드 로봇 지수(Price Return)","9941.51","-2.37","-0.02"
"244580","KODEX 바이오","12840","335","2.68","12865.29","13120","13150","12685","1761499","22717862297","289670400000","290240918455","22560000","FnGuide 바이오 지수","4470.70","105.96","2.43"
"091160","KODEX 반도체","99220","5970","6.40","99658.97","101000","101415","97025","6570154","654082795449","3824931000000","3836870181251","38550000","KRX 반도체","10390.00","651.86","6.69"
"494310","KODEX 반도체레버리지","67990","6525","10.62","69170.94","70405","70920","65245","6428223","441681695394","1135433000000","1155154704385","16700000","KRX 반도체","10390.00","651.86","6.69"
"0080G0","KODEX 방산TOP10","14505","-180","-1.23","14510.65","14135","14830","14000","9567197","138268352618","545388000000","568817450038","37600000","iSelect 방산 TOP10 지수(Price Return)","13833.75","-209.05","-1.49"
"0100K0","KODEX 방산TOP10레버리지","15625","-445","-2.77","15664.00","14480","16315","14480","2415736","37452711177","89062500000","89284799047","5700000","iSelect 방산 TOP10 지수(Price Return)","13833.75","-209.05","-1.49"
"325020","KODEX 배당가치","25155","980","4.05","25130.19","25215","25480","24730","26893","676538147","166023000000","165859233780","6600000","FnGuide SLV 배당가치 지수","2964.16","109.88","3.85"
"244670","KODEX 밸류Plus","11580","255","2.25","11643.35","11660","11690","11570","2578","29941505","6948000000","6986008715","600000","FnGuide 벨류 Plus 지수","2299.44","49.41","2.20"
"140700","KODEX 보험","15535","505","3.36","15515.94","15640","15700","15267","81781","1267880817","54372500000","52754193015","3500000","KRX 보험","3234.20","87.20","2.77"
"102780","KODEX 삼성그룹","17920","635","3.67","17979.21","18200","18230","17615","1106443","19890978222","2438912000000","2446970053601","136100000","삼성그룹","17959.37","711.91","4.13"
"213610","KODEX 삼성그룹밸류","16670","670","4.19","16657.30","16950","16950","16350","50821","849877291","245049000000","198221890103","14700000","WISE 삼성그룹 밸류 인덱스","16496.27","625.10","3.94"
"448330","KODEX 삼성전자채권혼합","15360","455","3.05","15327.73","15165","15435","15160","2886076","44254250689","963072000000","974843385504","62700000","Wise 삼성전자채권혼합 지수","2302.84","61.04","2.72"
"325010","KODEX 성장주","32975","1975","6.37","33073.46","33055","33405","32420","9841","324596365","158280000000","158752614662","4800000","FnGuide 성장 지수(PR)","9371.82","548.80","6.22"
"385510","KODEX 신재생에너지액티브","39970","1275","3.29","39876.88","40280","40455","39075","276791","11051051573","203847000000","209353596634","5100000","FnGuide K-신재생에너지 플러스 지수","2862.74","63.00","2.25"
"446690","KODEX 아시아AI반도체exChina액티브","41355","1935","4.91","40385.55","40460","42200","40420","117277","4837677486","20677500000","20192773985","500000","iSelect 아시아반도체 제조동맹 지수(시장가격)","8436.59","335.34","4.14"
"437070","KODEX 아시아달러채권ESG플러스액티브","64735","-690","-1.05","64781.65","64750","65010","64735","672","43585735","40912520000","40942001628","632000","Bloomberg MSCI EM Asia Investment Grade Credit SRI Index(Total Return)","119.53","0.00","0.00"
"117460","KODEX 에너지화학","15470","280","1.84","15525.62","15765","15765","15305","118679","1847025857","34652800000","34777392247","2240000","KRX 에너지화학","3089.57","52.52","1.73"
"275300","KODEX 우량주","21925","1440","7.03","21884.50","21660","22105","21355","15744","343595647","32887500000","32826743705","1500000","MSCI Korea IMI Quality Capped","12861.42","786.70","6.52"
"140710","KODEX 운송","6765","240","3.68","6758.21","6685","6790","6630","115461","774395320","12177000000","12164784682","1800000","KRX 운송","1362.10","51.79","3.95"
"0098F0","KODEX 원자력SMR","19110","1130","6.28","19165.80","19220","19885","18760","3475764","67139735101","258940500000","262571476903","13550000","iSelect 원자력SMR 지수(Price Return)","7451.33","464.76","6.65"
"395150","KODEX 웹툰&드라마","2695","55","2.08","2699.58","2735","2750","2680","119798","324066552","11588500000","11878167337","4300000","FnGuide 웹툰&드라마 지수","408.27","6.01","1.49"
"456250","KODEX 유럽명품TOP10 STOXX","9590","-200","-2.04","9519.78","9750","9750","9515","25292","242190383","11987500000","11899721404","1250000","STOXX Europe Luxury 10 Index(Price Return)","3236.04","70.20","2.22"
"400570","KODEX 유럽탄소배출권선물ICE(H)","9795","140","1.45","9819.82","9795","9800","9780","6561","64227499","16847400000","16890089373","1720000","ICE EUA Carbon Futures Index(Excess Return)","1175.23","32.40","2.83"
"144600","KODEX 은선물(H)","14725","760","5.44","14007.94","14480","14930","14360","6845901","100322683285","1540235000000","1459627314786","104600000","S&P GSCI Silver Index(TR)","2787.14","157.94","6.01"
"091170","KODEX 은행","14810","400","2.78","14762.66","14945","15070","14470","765292","11339733287","467996000000","467238315520","31600000","KRX 은행","1509.28","31.38","2.12"
"453810","KODEX 인도Nifty50","13135","55","0.42","13039.14","13000","13215","12970","270233","3539877416","401274250000","396389898643","30550000","Nifty 50 Index","24261.60","233.55","0.97"
"453820","KODEX 인도Nifty50레버리지(합성)","14540","0","0.00","14361.17","14670","14795","14325","15250","222943302","18902000000","18669517111","1300000","Nifty 50 Index","24261.60","233.55","0.97"
"0000H0","KODEX 인도Nifty미드캡100","10520","75","0.72","10378.23","10755","10755","10445","983","10334475","15254000000","15048439971","1450000","Nifty Midcap 100 Index(PR)","57177.65","912.15","1.62"
"477730","KODEX 인도타타그룹","8245","-35","-0.42","8173.36","8195","8310","8195","14192","116971157","29269750000","29015432716","3550000","Nifty India Corporate Group Index - Tata Group 25% Cap(PR)","14269.20","176.50","1.25"
"114800","KODEX 인버스","1689","-112","-6.22","1692.01","1682","1733","1664","383877792","651347197289","1002252600000","1006239786448","593400000","코스피 200 선물지수","4050.00","251.40","6.62"
"101280","KODEX 일본TOPIX100","28705","585","2.08","27995.76","28225","28880","28225","24983","713894166","60854600000","59351002197","2120000","TOPIX100","2484.95","62.98","2.60"
"352540","KODEX 일본부동산리츠(H)","12465","55","0.44","12461.64","12480","12525","12420","28329","353453196","56092500000","56077381568","4500000","Tokyo Stock Exchange REIT Index","1955.88","3.68","0.19"
"091180","KODEX 자동차","31735","1070","3.49","31657.32","32080","32100","31035","896078","28336428518","544255250000","539757251194","17150000","KRX 자동차","3224.94","122.41","3.95"
"385520","KODEX 자율주행액티브","14790","715","5.08","14756.11","14820","14905","14447","37768","557297257","34017000000","33939056947","2300000","FnGuide K-미래차 지수","2753.86","134.13","5.12"
"363570","KODEX 장기종합채권(AA-이상)액티브","93590","730","0.79","93809.33","93685","93855","93445","334","31263535","322698320000","324111231521","3448000","KAP 한국장기종합채권지수(AA-이상, 총수익)","301.75","2.93","0.98"
"273130","KODEX 종합채권(AA-이상)액티브","113485","765","0.68","113429.37","113460","113565","113245","21452","2433307360","3872789110000","3859434294296","34126000","KAP 한국종합채권지수","266.87","1.42","0.53"
"0153K0","KODEX 주주환원고배당주","11355","255","2.30","11344.20","11450","11480","11145","755692","8568827898","244132500000","243900321391","21500000","Akros 주주환원 고배당 지수 (Price Return)","3097.05","72.62","2.40"
"102970","KODEX 증권","25725","550","2.18","25718.99","26630","26795","25390","2574235","67422186296","892657500000","892449065231","34700000","KRX 증권","2566.43","42.54","1.69"
"419430","KODEX 차이나2차전지MSCI(합성)","11820","75","0.64","11774.56","11705","11965","11685","5848","69195400","39006000000","38856044314","3300000","MSCI China all shares IMI Select Batteries Index(Price Return)","2674.52","35.45","1.34"
"169950","KODEX 차이나A50","26070","45","0.17","25989.46","26025","26100","26025","257","6699282","20856000000","20791570407","800000","FTSE China A50 Index","14721.95","154.85","1.06"
"0162L0","KODEX 차이나AI반도체TOP10","9980","200","2.04","9666.86","10245","10245","9660","418147","4122929287","29940000000","29000575177","3000000","Indxx China AI Semiconductor Top 10 Index (Price Return)","4644.04","164.54","3.67"
"428510","KODEX 차이나AI테크액티브","21110","1280","6.45","19993.72","20045","21250","20045","48505","988798101","42220000000","39987430660","2000000","Bloomberg China Media & Tech Index PR","2158.62","59.27","2.82"
"283580","KODEX 차이나CSI300","16035","-25","-0.16","15871.40","15985","16120","15785","204397","3268707706","279009000000","276162417408","17400000","CSI 300 Index","4674.76","59.30","1.28"
"099140","KODEX 차이나H","23245","-65","-0.28","23051.85","23600","23600","22950","8886","206779365","43003250000","42645928013","1850000","Hang Seng China H","8673.24","91.78","1.07"
"204450","KODEX 차이나H레버리지(H)","2565","85","3.43","2509.99","2540","2580","2505","137416","351434870","34884000000","33884823378","13600000","Hang Seng China H","8673.24","91.78","1.07"
"415340","KODEX 차이나과창판STAR50(합성)","12615","120","0.96","12466.89","13000","13000","12360","77172","962102030","25356150000","25058458575","2010000","STAR 50 Index(Price Return)","1420.54","30.06","2.16"
"256750","KODEX 차이나심천ChiNext(합성)","15640","290","1.89","15218.69","15125","15640","15122","32800","507352657","47764560000","46477888239","3054000","SZSE ChiNext Price Index","3306.14","97.56","3.04"
"0065G0","KODEX 차이나테크TOP10","10110","95","0.95","9913.49","10010","10145","9985","60922","612185034","33868500000","33210195145","3350000","Hang Seng China Tech Top 10 Select Index (HKD) (Price Return)","2907.73","79.80","2.82"
"372330","KODEX 차이나항셍테크","8115","75","0.93","7955.12","7965","8135","7965","225605","1820117824","163111500000","159102424579","20100000","Hang Seng TECH Index","5060.53","228.17","4.72"
"0048K0","KODEX 차이나휴머노이드로봇","10870","180","1.68","10538.79","10695","10925","10535","1211042","12991883542","243488000000","236068804353","22400000","Solactive China Humanoid Robotics Index (CNH) (Price Return)","2787.80","87.98","3.26"
"117680","KODEX 철강","14970","185","1.25","14927.23","15230","15310","14757","83961","1264993667","29341200000","26122659203","1960000","KRX 철강","3017.98","39.48","1.33"
"279540","KODEX 최소변동성","19130","900","4.94","19146.91","19170","19320","19055","434","8276240","9565000000","9573452576","500000","KRX 최소변동성지수","11434.47","386.91","3.50"
"445150","KODEX 친환경조선해운액티브","34330","-270","-0.78","34279.30","35020","35425","33730","29469","1012112295","68660000000","68558595952","2000000","FnGuide K-친환경 선박 지수","3461.21","-18.99","-0.55"
"211900","KODEX 코리아배당성장","28220","900","3.29","28148.33","28495","28500","27755","73098","2060944312","91715000000","91482059563","3250000","코스피 배당성장 50","7030.11","193.35","2.83"
"237370","KODEX 코리아배당성장채권혼합","15770","205","1.32","15771.46","15610","15820","15610","272416","4295456792","160854000000","160868909184","10200000","배당성장채권혼합지수","2482.18","26.84","1.09"
"495850","KODEX 코리아밸류업","24700","1435","6.17","24663.61","24640","24960","24125","600467","14743698016","629850000000","628922063829","25500000","코리아 밸류업 지수","2505.10","149.04","6.33"
"0115E0","KODEX 코리아소버린AI","13305","475","3.70","13299.91","13380","13440","13030","132734","1764072284","105774750000","105734274716","7950000","KRX 코리아 소버린 AI 지수","5061.44","195.21","4.01"
"373490","KODEX 코리아혁신성장액티브","23920","990","4.32","24055.30","23930","24290","23630","2178","52335140","11960000000","12027647941","500000","FnGuide K-이노베이션 지수","3206.91","127.10","4.13"
"229200","KODEX 코스닥150","20080","270","1.36","20147.94","20870","20890","19890","58479592","1187527970745","7295064000000","7429552525679","363300000","코스닥 150","2018.97","37.72","1.90"
"233740","KODEX 코스닥150레버리지","17480","515","3.04","17786.49","18605","18710","17160","95409157","1708578093453","5175828000000","5124287836949","296100000","코스닥 150","2018.97","37.72","1.90"
"360150","KODEX 코스닥150롱코스피200숏선물","6415","-265","-3.97","6423.98","6620","6620","6365","157032","1021111099","30150500000","30192712393","4700000","코스닥150 롱 100% 코스피200 숏 100% 선물지수","787.24","-31.24","-3.82"
"251340","KODEX 코스닥150선물인버스","2010","-55","-2.66","2006.94","1938","2030","1936","93937135","186597198631","186327000000","216347717122","92700000","F-코스닥150 지수","2364.15","64.31","2.80"
"461450","KODEX 코스닥글로벌","18785","325","1.76","18749.72","19580","19580","18485","128132","2435494695","33813000000","33749490941","1800000","코스닥 글로벌 지수","2413.05","27.26","1.14"
"226490","KODEX 코스피","57090","3040","5.62","57079.68","56805","57670","55950","620830","35349270829","836368500000","841925317206","14650000","코스피","5532.59","280.72","5.35"
"237350","KODEX 코스피100","65745","3915","6.33","65765.28","65825","66560","64330","738420","48453143115","680460750000","683958954969","10350000","코스피 100","6338.18","377.23","6.33"
"359210","KODEX 코스피TR","28565","1445","5.33","28557.87","28665","28865","28000","128335","3642314108","108547000000","108519889496","3800000","코스피 TR","7216.15","366.15","5.35"
"337140","KODEX 코스피대형주","28730","1670","6.17","28662.93","28760","28985","28080","70970","2031589737","60333000000","60192159896","2100000","코스피 대형주","5890.73","317.78","5.70"
"138920","KODEX 콩선물(H)","12165","-290","-2.33","12246.04","12115","12240","12110","6456","78466815","6082500000","6123022365","500000","S&P GSCI Soybeans Index(TR)","6566.76","30.71","0.47"
"244660","KODEX 퀄리티Plus","9590","245","2.62","9610.46","9605","9625","9560","57","545615","4795000000","4805230188","500000","FnGuide 퀄리티 Plus 지수","2348.58","39.58","1.71"
"375770","KODEX 탄소효율그린뉴딜","19775","995","5.30","19746.82","19730","19970","19425","3518","69195705","47460000000","47392359712","2400000","KRX/S&P 탄소효율 그린뉴딜지수","3284.10","174.88","5.62"
"459560","KODEX 테슬라밸류체인FactSet","18900","-95","-0.50","19229.14","18990","18990","18790","15532","293453223","29295000000","29805174447","1550000","FactSet TSLA Value Chain Index(PR)","606.98","9.50","1.59"
"475080","KODEX 테슬라커버드콜채권혼합액티브","8625","55","0.64","8653.85","8675","8690","8595","265510","2290731570","344137500000","339663762269","39900000","KEDI 테슬라 인컴 프리미엄 밸런스드 지수(TR)","1651.99","-1.89","-0.11"
"266410","KODEX 필수소비재","8755","85","0.98","8792.10","8940","8940","8740","11660","102680611","14008000000","14067353188","1600000","KRX 필수소비재","1576.01","20.38","1.31"
"298770","KODEX 한국대만IT프리미어","53800","2655","5.19","53168.65","52550","54715","52550","120718","6458573148","59180000000","58485519403","1100000","한국 대만 IT 프리미어지수","7824.26","383.12","5.15"
"476800","KODEX 한국부동산리츠인프라","4780","10","0.21","4785.90","4785","4840","4760","1823950","8732949212","566669000000","564497473715","118550000","KRX 부동산리츠인프라 지수","1370.59","8.14","0.60"
"450190","KODEX 한중반도체(합성)","37200","1520","4.26","35625.00","37010","37745","36750","479","17796640","22320000000","21375002159","600000","KRX CSI 한·중 반도체지수","9004.38","387.60","4.50"
"450180","KODEX 한중전기차(합성)","13305","215","1.64","13080.15","13080","13425","13080","611","8047125","8648250000","8502100264","650000","KRX CSI 한·중 전기차지수","5620.72","113.64","2.06"
"266420","KODEX 헬스케어","23055","325","1.43","23003.02","23810","23810","22885","83322","1930074218","96831000000","96612687232","4200000","KRX 헬스케어","5154.20","64.66","1.27"
"364690","KODEX 혁신기술테마액티브","30760","1665","5.72","30717.77","30710","31005","30165","1785","54666950","18456000000","18430664604","600000","코스피","5532.59","280.72","5.35"
"487130","KoAct AI인프라액티브","22465","1220","5.74","22414.92","22620","22845","21900","177202","3981354281","33697500000","33622374510","1500000","Solactive AI인프라 지수","5459.90","187.76","3.56"
"0074K0","KoAct K수출핵심기업TOP30액티브","16100","630","4.07","16093.89","16100","16260","15805","142173","2288675334","133630000000","133579322559","8300000","KEDI K수출핵심기업TOP30 지수(PR)","6939.84","160.35","2.37"
"471040","KoAct 글로벌AI&로봇액티브","23800","1460","6.54","23716.05","23745","23830","23305","97194","2305106450","189210000000","188542595920","7950000","iSelect 글로벌AI&로봇PR지수","6202.82","132.28","2.18"
"0132D0","KoAct 글로벌K컬처밸류체인액티브","10015","110","1.11","10151.67","9900","10165","9900","1948","19483405","7511250000","7613754424","750000","KEDI 글로벌 K컬처밸류체인 지수(PR)","1418.39","7.25","0.51"
"0020H0","KoAct 글로벌양자컴퓨팅액티브","18435","780","4.42","18588.24","19320","19320","18290","22955","424043670","41478750000","41823542766","2250000","FactSet 글로벌양자컴퓨팅 PR 지수","617.56","12.02","1.99"
"475070","KoAct 글로벌친환경전력인프라액티브","29940","1395","4.89","30100.67","31000","31000","29415","16369","489611352","35928000000","36120805919","1200000","Solactive 글로벌친환경전력인프라 PR지수","7032.00","105.87","1.53"
"0015B0","KoAct 미국나스닥성장기업액티브","15610","765","5.15","15638.92","15900","15945","15515","197183","3081842493","149075500000","153261439942","9550000","나스닥 종합주가지수","22697.10","1.16","0.01"
"0104H0","KoAct 미국나스닥채권혼합50액티브","11005","290","2.71","11018.60","11015","11040","10920","51042","562457663","53924500000","53991119460","4900000","FnGuide 미국나스닥 금융채권혼합 지수","2014.61","-17.13","-0.84"
"0113G0","KoAct 미국바이오헬스케어액티브","10135","190","1.91","10203.65","10190","10190","10120","13085","132782495","15202500000","14285111607","1500000","Solactive 미국바이오헬스케어지수 PR","1850.67","7.48","0.41"
"497780","KoAct 미국천연가스인프라액티브","11475","-395","-3.33","11442.26","11500","11545","11010","131661","1506006864","22950000000","24028747915","2000000","Solactive 미국천연가스인프라 PR 지수","1900.19","-10.68","-0.56"
"490330","KoAct 미국치매&뇌질환치료제액티브","12450","410","3.41","12488.29","12280","12470","12280","5405","66966880","5602500000","5619730219","450000","Solactive 미국뇌질환치료제 PR 지수","2573.32","17.50","0.68"
"462900","KoAct 바이오헬스케어액티브","23180","-55","-0.24","23226.99","24280","24405","23040","3693581","86861909743","669902000000","671259967812","28900000","iSelect 바이오헬스케어 PR 지수","3534.86","18.13","0.52"
"482030","KoAct 반도체&2차전지핵심소재액티브","12175","335","2.83","12190.64","12500","12500","11935","108909","1332490412","14610000000","15238296129","1200000","iSelect 반도체&2차전지핵심소재 지수","4758.15","162.05","3.53"
"476850","KoAct 배당성장액티브","18080","1135","6.70","18042.81","17965","18100","17630","100695","1801325060","75032000000","75779790799","4150000","코스피","5532.59","280.72","5.35"
"0051A0","KoAct 브로드컴밸류체인액티브","18235","865","4.98","18325.93","18020","18405","18020","12257","223735681","19146750000","19242225667","1050000","FactSet 브로드컴밸류체인 지수","571.41","17.70","3.20"
"0150K0","KoAct 수소전력ESS인프라액티브","13005","400","3.17","13046.94","13315","13315","12815","138582","1813747440","42916500000","43054891254","3300000","FnGuide 수소전력ESS인프라 지수(PR)","1815.44","74.20","4.26"
"0154H0","KoAct 차이나바이오헬스케어액티브","9275","155","1.70","9071.27","9120","9330","9050","5933","54686284","8811250000","8617707715","950000","Solactive 차이나바이오헬스케어지수 PR","1086.53","31.35","2.97"
"495230","KoAct 코리아밸류업액티브","25125","1455","6.15","25033.79","24895","25340","24490","391611","9777601521","218587500000","219045679912","8700000","코리아 밸류업 지수","2505.10","149.04","6.33"
"0163Y0","KoAct 코스닥액티브","13455","1435","11.94","13420.62","13900","14325","13020","44802585","598456788620","67275000000","67103084096","5000000","코스닥","1137.68","1137.68","0.00"
"0093D0","KoAct 팔란티어밸류체인액티브","14100","625","4.64","14173.71","13870","14150","13690","21178","297764519","38070000000","38269026869","2700000","KEDI 팔란티어밸류체인지수(PR)","3608.08","-41.27","-1.13"
"152100","PLUS 200","84165","4885","6.16","84211.42","83785","86155","82300","1561767","130821695486","1384514250000","1381067324964","16450000","코스피 200","823.02","47.71","6.15"
"491220","PLUS 200TR","97845","5940","6.46","97893.97","97410","99195","95700","16429","1603144357","44030250000","44052285013","450000","코스피 200 TR","1085.60","62.93","6.15"
"253150","PLUS 200선물레버리지","152590","17345","12.82","151190.60","148710","154760","145405","47755","7210003515","38147500000","37797650245","250000","코스피 200 선물지수","4050.00","251.40","6.62"
"253160","PLUS 200선물인버스2X","571","-85","-12.96","569.33","568","602","556","779425","444216909","3169050000","3159781789","5550000","코스피 200 선물지수","4050.00","251.40","6.62"
"395750","PLUS ESG가치주액티브","16330","825","5.32","16399.95","16520","16570","16135","336","5504512","6532000000","6559978175","400000","FnGuide 한화 ESG 가치 지수","2523.66","124.74","5.20"
"395760","PLUS ESG성장주액티브","17555","690","4.09","17711.30","17775","17860","17470","2869","50658215","12288500000","12397911040","700000","FnGuide 한화 ESG 성장 지수","2938.07","141.87","5.07"
"453010","PLUS KOFR금리","108540","15","0.01","108543.62","108530","108540","108530","728","79013212","17257860000","17258435973","159000","KOFR 지수","1182.44","0.09","0.01"
"429740","PLUS K리츠","6905","10","0.15","6931.84","6980","6985","6870","8326","57576516","8976500000","9011394098","1300000","FnGuide 리츠 지수","673.83","5.99","0.90"
"449450","PLUS K방산","76350","-1405","-1.81","76225.92","74900","77920","74040","2566484","194777330245","1755286500000","1775301772693","22990000","FnGuide K-방위산업 지수","8052.58","-128.50","-1.57"
"0104G0","PLUS K방산레버리지","15900","-1100","-6.47","15866.04","16000","16500","14870","543428","8536456179","35775000000","36491894630","2250000","FnGuide K-방위산업 지수","8052.58","-128.50","-1.57"
"0090B0","PLUS K방산소부장","11235","-175","-1.53","11210.72","11125","11440","10960","218284","2431731101","15167250000","16255550799","1350000","Akros K방산소부장 지수(PR)","1782.43","-32.65","-1.80"
"269530","PLUS S&P글로벌인프라","21955","-410","-1.83","21951.45","22370","22370","21920","5014","110237335","10977500000","10975725961","500000","S&P Global Infrastructure Index","3844.83","14.87","0.39"
"433880","PLUS TDF2060액티브","17670","225","1.29","17655.34","17960","17960","17450","24057","423869939","44705100000","43432134830","2530000","Morningstar Korea Lifetime Allocation Moderate 2060 Index (Gross Return)","3068.89","0.00","0.00"
"251590","PLUS 고배당저변동50","17455","195","1.13","17494.40","17730","17730","17380","9001","157338380","11345750000","11371359127","650000","FnGuide 고배당저변동50 지수","3024.38","50.58","1.70"
"161510","PLUS 고배당주","25740","650","2.59","25678.62","25915","26105","25290","1671165","43034805075","2420074800000","2416614510401","94020000","FnGuide 배당주 지수","24877.14","537.12","2.21"
"0018C0","PLUS 고배당주위클리고정커버드콜","12960","295","2.33","12924.51","13200","13200","12800","194384","2517142825","82296000000","82716856875","6350000","코스피 고배당 위클리 고정 커버드콜 지수","1710.58","24.47","1.45"
"489030","PLUS 고배당주위클리커버드콜","8705","45","0.52","8668.67","9070","9070","8612","1410789","12280563326","204132250000","205447459096","23450000","코스피 고배당 위클리 콜매도 ATM 지수","1480.72","-4.57","-0.31"
"251600","PLUS 고배당주채권혼합","15635","235","1.53","15619.31","15770","15860","15510","937252","14678489194","698884500000","702869097271","44700000","FnGuide 고배당 채권혼합 지수","4056.70","51.58","1.29"
"461460","PLUS 국고채10년액티브","53155","630","1.20","53128.50","53125","53205","52960","272021","14437522540","65061720000","67154419139","1224000","KAP 국고채 10년 동일가중 지수(총수익)","111.86","1.05","0.95"
"451600","PLUS 국고채30년액티브","99690","1425","1.45","100006.81","99415","99690","99400","53","5273070","13657530000","13700932638","137000","KAP 국고채 30년 지수(총수익)","90.73","1.46","1.64"
"491230","PLUS 국공채머니마켓액티브","51785","25","0.05","51758.75","51765","51790","51760","90219","4671265230","140440920000","140369717350","2712000","KAP 국공채 MMF 지수(총수익)","119.43","0.01","0.01"
"289670","PLUS 국채선물10년","53560","355","0.67","53667.67","53525","53595","53410","404","21626165","5570240000","5581437975","104000","10년국채선물지수","1176.25","13.01","1.12"
"298340","PLUS 국채선물3년","56225","285","0.51","56191.04","56180","56230","56165","12896","724644895","60273200000","60236791875","1072000","국채선물지수","1214.91","5.45","0.45"
"489010","PLUS 글로벌AI인프라","17350","475","2.81","17421.02","17395","17420","17335","869","15091060","2602500000","2613152661","150000","Solactive Global AI Infrastructure Index (PR)","11483.40","166.91","1.47"
"442580","PLUS 글로벌HBM반도체","59700","4525","8.20","59859.05","58970","60480","58625","397282","23616599305","349245000000","322640303055","5850000","iSelect 글로벌HBM반도체 지수","15586.77","1028.47","7.06"
"189400","PLUS 글로벌MSCI(합성 H)","23100","400","1.76","23236.30","22870","23130","22870","147","3398610","6930000000","6970890194","300000","MSCI ACWI Index","1024.09","8.08","0.80"
"496770","PLUS 글로벌방산","21325","-495","-2.27","21400.10","20685","21510","20635","142590","3020223416","67173750000","68480305133","3150000","Solactive Global Defense Index(PR)","4455.63","-13.98","-0.31"
"419650","PLUS 글로벌수소&차세대연료전지","4760","55","1.17","4859.97","4860","4880","4745","52634","252124352","19040000000","18953889184","4000000","BlueStar Hydrogen and NextGen Fuel Cell Index (시장가격)","46.78","0.86","1.88"
"0007G0","PLUS 글로벌원자력밸류체인","16300","720","4.62","16311.59","16040","16375","16040","29870","485974049","57050000000","56274984331","3500000","Solactive Global Nuclear Energy Value Chain Index(PR)","6864.67","94.00","1.39"
"0035T0","PLUS 글로벌휴머노이드로봇액티브","20355","650","3.30","20378.80","21540","21540","20275","95631","1972155629","102792750000","100875060311","5050000","iSelect 글로벌휴머노이드로봇 (PR)","7143.47","187.84","2.70"
"415920","PLUS 글로벌희토류&전략자원생산기업","9370","250","2.74","9463.66","9335","9505","9335","252712","2378509906","72617500000","64826069298","7750000","MVIS Global Rare Earth/Strategic Metals Index (Price Return)","635.07","16.95","2.74"
"0138Y0","PLUS 금채권혼합","10955","-35","-0.32","10926.91","10920","10975","10865","591170","6461844899","168159250000","164449972553","15350000","Akros 미국 금현물 ETF 채권혼합 지수","2187.39","-17.89","-0.81"
"278620","PLUS 단기채권액티브","117715","90","0.08","117739.05","117635","117715","117635","614","72268140","53207180000","53218051924","452000","KAP 투자적격 크레딧 채권 1년 지수(A- 이상,총수익)","150.06","0.10","0.07"
"477050","PLUS 머니마켓액티브","52690","-20","-0.04","52686.07","52695","52695","52685","133505","7034289651","473893860000","478073380496","8994000","KAP 시가평가 MMF 지수(총수익)","119.53","0.01","0.01"
"0050E0","PLUS 미국AI에이전트","8335","25","0.30","8389.25","8095","8360","8095","28692","237064600","5001000000","5033548769","600000","Solactive US AI Agents Index(PR)","2691.28","-78.82","-2.85"
"429760","PLUS 미국S&P500","18410","90","0.49","18448.03","18425","18470","18385","17259","318103610","38661000000","38740866251","2100000","S&P 500","6781.48","-14.51","-0.21"
"269540","PLUS 미국S&P500(H)","27025","590","2.23","26998.97","26925","27040","26895","16436","443512645","83777500000","83696821234","3100000","S&P 500","6781.48","-14.51","-0.21"
"0057H0","PLUS 미국S&P500미국채혼합50액티브","11575","-30","-0.26","11603.57","11555","11605","11530","131181","1519204235","59032500000","59178204166","5100000","S&P 500 and U.S. Treasury Bill 0-3 Month 50/50 Blend Index (USD)","273.86","-0.28","-0.10"
"494410","PLUS 미국S&P500성장주","12980","200","1.56","13029.05","12875","12980","12865","13723","177487516","28556000000","28663904017","2200000","S&P 500 Growth Index(PR)","4830.69","1.91","0.04"
"0153X0","PLUS 미국고배당주액티브","11005","-125","-1.12","11006.79","11395","11395","11005","92209","1017437713","24761250000","24765278942","2250000","Akros 미국 고배당주 20 지수","1746.93","-8.81","-0.50"
"0089B0","PLUS 미국나스닥100미국채혼합50","10890","-20","-0.18","10897.76","10890","10945","10860","31886","347972933","20691000000","20705743235","1900000","Nasdaq-100 US T-Bills 1-3 Month 50/50 Index (USD)","2811.20","-0.38","-0.01"
"287180","PLUS 미국나스닥테크","42195","1205","2.94","42235.00","42075","42260","41915","1418","59712971","31646250000","31676251946","750000","NASDAQ 100 Technology Sector Index","12291.40","-46.67","-0.38"
"213630","PLUS 미국다우존스고배당주(합성 H)","19520","355","1.85","19639.04","19560","19560","19460","5748","112221627","17958400000","18067912541","920000","Dow Jones U.S Select Dividend Index(시장가격지수)","1074.50","-3.60","-0.33"
"332610","PLUS 미국단기회사채(AAA~A)","134315","-2310","-1.69","134354.80","134500","135015","134300","816","109714832","15580540000","12898060612","116000","ICE BofaAML 1-3 Year AAA-A US Corporate Index(총수익지수)","598.71","-0.28","-0.05"
"456200","PLUS 미국달러SOFR금리액티브(합성)","62845","-750","-1.18","62656.32","62635","62965","62635","38","2384950","6912950000","6892195528","110000","Solactive SOFR Daily Total Return Index","1235.11","0.12","0.01"
"0078V0","PLUS 미국로보택시","10660","180","1.72","10687.66","10600","10710","10595","1334","14232250","7462000000","7481359927","700000","KEDI 미국로보택시 지수(PR)","3893.90","36.68","0.95"
"494420","PLUS 미국배당증가성장주데일리커버드콜","9620","30","0.31","9589.04","9590","9680","9585","20403","196478263","17316000000","17260273526","1800000","Bloomberg U.S. Dividend Growth Partial Covered Call Index","1471.84","-7.60","-0.51"
"0023B0","PLUS 미국양자컴퓨팅TOP10","14485","375","2.66","14497.87","14400","14585","14350","26849","388530003","31142750000","30445523365","2150000","iSelect 미국양자컴퓨팅 TOP10 (PR)","6313.67","-42.14","-0.66"
"332620","PLUS 미국장기우량회사채","99645","-715","-0.71","99760.01","99815","100135","99645","982","98054484","22619415000","20650322702","227000","ICE BofaAML 15+ Year AAA-A US Corporate Index(총수익지수)","1189.61","-10.11","-0.84"
"464470","PLUS 미국채30년액티브","54965","-230","-0.42","55031.33","55015","55250","54965","8054","444078477","54635210000","54701139749","994000","ICE U.S. Treasury 20+ Year Bond Index(Total Return)","97.39","-1.02","-1.04"
"461900","PLUS 미국테크TOP10","21195","500","2.42","21255.49","21140","21280","20970","2794","59024800","16956000000","17004389595","800000","iSelect 미국 Tech 10 지수","6839.89","11.12","0.16"
"461910","PLUS 미국테크TOP10레버리지(합성)","34300","770","2.30","34429.33","34890","34890","33530","5038","173491545","17150000000","17214667496","500000","iSelect 미국 Tech 10 지수","6839.89","11.12","0.16"
"195970","PLUS 선진국MSCI(합성 H)","15150","465","3.17","14986.80","15075","15370","14675","21871","333616661","24240000000","23978873305","1600000","MSCI EAFE Index","2990.05","71.11","2.44"
"238670","PLUS 스마트베타Quality채권혼합","12935","75","0.58","12927.57","12930","13005","12830","2582","33247335","3880500000","3878269589","300000","WISE-KAP 스마트베타 Quality 채권혼합지수","1567.72","15.04","0.97"
"195980","PLUS 신흥국MSCI(합성 H)","13215","555","4.38","12954.02","13155","13380","12420","49040","648201711","90919200000","89123678450","6880000","MSCI EM Index","1504.33","49.76","3.42"
"256450","PLUS 심천차이넥스트(합성)","14960","480","3.31","14847.80","14480","15030","14410","10174","152118015","7480000000","7423899895","500000","SZSE ChiNext Price Index","3306.14","97.56","3.04"
"447660","PLUS 애플채권혼합","13105","120","0.92","13119.90","12985","13115","12710","5333","69623837","17036500000","17055870970","1300000","FnGuide 애플채권혼합 지수","2383.29","-0.71","-0.03"
"239660","PLUS 우량회사채50","120580","180","0.15","120567.47","120545","120590","120530","1837","221471775","16881200000","16879445365","140000","KOBI HALF CREDIT Index(총수익)","12571.92","12.67","0.10"
"421320","PLUS 우주항공&UAM","47480","2435","5.41","47520.14","45800","48335","45580","1243593","58668520155","337108000000","337393001314","7100000","iSelect 우주항공UAM 지수","5362.04","263.61","5.17"
"464920","PLUS 일본반도체소부장","21995","745","3.51","21382.11","21860","23160","21850","17115","378797299","19795500000","19243896443","900000","Solactive Japan Semiconductor Materials and Equipment Index PR","6070.50","201.67","3.44"
"489000","PLUS 일본엔화초단기국채(합성)","9860","-95","-0.95","9862.95","9855","9900","9840","61629","607948559","21692000000","21698488562","2200000","KAP 일본 단기 국채 지수(총수익)","99.76","0.00","0.00"
"0098N0","PLUS 자사주매입고배당주","12750","350","2.82","12742.44","12895","12895","12565","116638","1489716398","97537500000","97479635831","7650000","FnGuide 고배당주 플러스 자사주 지수 (PR)","3397.32","81.75","2.47"
"451000","PLUS 종합채권(AA-이상)액티브","110550","395","0.36","110796.16","110570","110570","110550","2","221120","441094500000","442076662941","3990000","KAP 종합채권지수(AA-이상, 총수익)","117.95","0.64","0.55"
"280920","PLUS 주도업종","21260","1035","5.12","21237.40","21287","21495","20910","1141","24403312","11693000000","11680570145","550000","FnGuide 주도업종 지수","3214.71","132.44","4.30"
"266550","PLUS 중형주저변동50","17115","230","1.36","17225.76","17335","17335","17090","279","4804665","4278750000","4306439139","250000","FnGuide 중형주저변동50지수","3366.89","80.72","2.46"
"0047N0","PLUS 차이나AI테크TOP10","10880","235","2.21","10578.15","10645","10880","10590","10499","113029085","11424000000","11107055023","1050000","Solactive China AI Tech Top10 Index(PR)","2223.28","68.88","3.20"
"0128D0","PLUS 차이나항셍테크위클리타겟커버드콜","8360","95","1.15","8249.25","8240","8415","8200","6906","57435480","5434000000","5362013447","650000","HSTECH 15% Target Premium Weekly Covered Call Index","3543.51","77.21","2.23"
"495040","PLUS 코리아밸류업","24640","1440","6.21","24582.13","24365","24860","24085","11923","291599187","64064000000","63913549064","2600000","코리아 밸류업 지수","2505.10","149.04","6.33"
"301400","PLUS 코스닥150","20280","345","1.73","20348.39","21225","21225","20110","168240","3449917709","17238000000","17296129043","850000","코스닥 150","2018.97","37.72","1.90"
"301410","PLUS 코스닥150선물인버스","3030","20","0.66","2989.52","2895","3050","2895","73033","217795137","909000000","896856689","300000","F-코스닥150 지수","2364.15","64.31","2.80"
"227830","PLUS 코스피","57445","3430","6.35","57347.83","57125","57910","56255","1389","79542005","14361250000","14336958456","250000","코스피","5532.59","280.72","5.35"
"122090","PLUS 코스피50","60245","3855","6.84","60127.69","60150","60850","58820","76067","4563281780","88560150000","88387703341","1470000","코스피 50","6008.97","384.31","6.83"
"328370","PLUS 코스피TR","30915","1475","5.01","30908.98","31020","31200","30315","2403","74006415","112839750000","112817767926","3650000","코스피 TR","7216.15","366.15","5.35"
"457990","PLUS 태양광&ESS","31405","605","1.96","31335.69","32080","32135","30655","320919","10082510007","67520750000","72072083048","2150000","FnGuide 태양광 & ESS 지수","8173.81","132.75","1.65"
"0132K0","PLUS 테슬라위클리커버드콜채권혼합","9450","15","0.16","9450.80","9695","9695","9390","514326","4860794614","91665000000","92145331021","9700000","Akros 테슬라 위클리 커버드콜 채권혼합 지수","2832.88","-2.60","-0.09"
"0000J0","PLUS 한화그룹주","41385","5","0.01","41357.36","41150","42150","40280","634766","26203901840","266933250000","272958560160","6450000","FnGuide 한화그룹주 지수","8642.80","-38.55","-0.44"
"148020","RISE 200","83595","4795","6.09","83538.20","81690","84590","81660","1202126","100060782624","3080475750000","3095090346701","36850000","코스피 200","823.02","47.71","6.15"
"361580","RISE 200TR","46880","2715","6.15","46871.45","46870","48000","45865","249699","11661731417","407856000000","407781584898","8700000","코스피 200 TR","1085.60","62.93","6.15"
"290080","RISE 200고배당커버드콜ATM","8055","200","2.55","7969.52","8090","8105","7905","49073","395726505","13693500000","13548192414","1700000","코스피 200 고배당커버드콜 ATM 지수(시장가격지수)","1102.40","5.60","0.51"
"284980","RISE 200금융","21115","495","2.40","21049.79","21460","21505","20720","15792","333875560","24915700000","24838755486","1180000","코스피 200 금융","1596.02","35.17","2.25"
"252400","RISE 200선물레버리지","75575","8220","12.20","75308.58","75205","77265","72370","78848","5855961385","75575000000","75308575690","1000000","코스피 200 선물지수","4050.00","251.40","6.62"
"252410","RISE 200선물인버스","2180","-135","-5.83","2182.29","2185","2230","2140","278337","606777880","4796000000","5019275888","2200000","코스피 200 선물지수","4050.00","251.40","6.62"
"252420","RISE 200선물인버스2X","281","-40","-12.46","281.84","282","305","266","6078770","1732217701","6238200000","6256753818","22200000","코스피 200 선물지수","4050.00","251.40","6.62"
"475720","RISE 200위클리커버드콜","12100","485","4.18","12157.80","12150","12275","11895","1624400","19623341822","745965000000","749528289120","61650000","코스피 200 위클리 커버드콜 ATM 지수","1480.83","51.89","3.63"
"0122W0","RISE 26-11 회사채(AA-이상)액티브","50350","25","0.05","50331.38","50345","50350","50335","4051","203955085","399476900000","399329150699","7934000","KAP 26-11 회사채(AA-이상) 총수익지수","111.35","0.02","0.02"
"465330","RISE 2차전지TOP10","12695","260","2.09","12691.15","13005","13060","12450","340163","4323505612","77756875000","78050581205","6125000","iSelect 2차전지 TOP10 지수(PR)","2792.36","50.65","1.85"
"465350","RISE 2차전지TOP10인버스(합성)","17865","-240","-1.33","17960.86","17265","18205","17265","249253","4418103043","41982750000","51188441981","2350000","iSelect 2차전지 TOP10 지수(PR)","2792.36","50.65","1.85"
"422420","RISE 2차전지액티브","8640","185","2.19","8625.70","8795","8835","8440","697137","6032337340","225504000000","225130644807","26100000","iSelect 2차전지 지수 (시장가격지수)","5395.10","95.82","1.81"
"105780","RISE 5대그룹주","12690","505","4.14","12746.14","12785","12925","12470","29962","380398670","27918000000","28041513884","2200000","MKF 5대그룹주","12632.50","603.66","5.02"
"469070","RISE AI&로봇","15500","805","5.48","15541.47","15655","15790","15300","902644","14051408898","492900000000","494218754604","31800000","iSelect AI&로봇 지수(시장가격)","3500.21","171.41","5.15"
"0093A0","RISE AI반도체TOP10","31895","1000","3.24","31849.74","31840","32920","31005","1533221","49200262161","167448750000","205430854041","5250000","FnGuide AI반도체TOP10 지수","6128.07","241.34","4.10"
"0101N0","RISE AI전력인프라","15895","745","4.92","15885.07","15440","16090","15440","489190","7741187412","189150500000","191415134301","11900000","KRX-Akros AI 전력인프라 지수","9311.24","430.89","4.85"
"427120","RISE AI플랫폼","7095","250","3.65","7131.70","7120","7205","7050","8287","59008985","5250300000","5134826698","740000","FnGuide AI 플랫폼 지수","1019.22","34.58","3.51"
"477080","RISE CD금리액티브(합성)","106030","10","0.01","106016.86","106020","106035","106020","9796","1038672572","1377753820000","1377583096709","12994000","FnGuide CD금리투자 지수(총수익)","1453.90","0.11","0.01"
"290130","RISE ESG사회책임투자","33155","2285","7.40","33072.34","31905","33525","31905","237286","7781360905","265240000000","269539568271","8000000","KRX ESG 사회책임경영지수(S)","5301.58","372.18","7.55"
"326240","RISE IT플러스","33325","1630","5.14","33432.55","33620","33875","32730","22073","731523090","83979000000","84250030463","2520000","FnGuide IT플러스 지수","4770.53","263.01","5.83"
"385560","RISE KIS국고채30년Enhanced","65465","1375","2.15","65510.34","65490","65640","65000","45462","2970495928","602801720000","619662338769","9208000","KIS 국고채30년Enhanced지수(시장가격)","5850.84","4.64","0.08"
"479520","RISE KOFR금리액티브(합성)","105055","0","0.00","105047.53","105055","105055","105050","1896","199179380","802620200000","802563163309","7640000","KOFR 지수","1182.44","0.09","0.01"
"270800","RISE KQ고배당","16030","695","4.53","16101.81","16050","16235","15885","9502","151865730","8816500000","8855994737","550000","FnGuide KQ고배당포커스 지수","7983.56","320.06","4.18"
"292050","RISE KRX300","39140","2465","6.72","39057.80","39075","39505","38300","1297","50596555","15656000000","15623121779","400000","KRX 300","3697.19","203.26","5.82"
"388280","RISE K엔터&여행레저","7815","180","2.36","7853.64","7830","7970","7765","25701","201929957","34229700000","34398926738","4380000","FnGuide K엔터&여행레저 지수","732.42","16.35","2.28"
"442550","RISE TDF2030액티브","14170","110","0.78","14146.83","14165","14185","14090","15271","216329050","15587000000","15561508030","1100000","iSelect 전략적자산배분 TDF 2030 지수","1997.46","0.35","0.02"
"442560","RISE TDF2040액티브","15360","130","0.85","15326.53","15285","15380","15265","7755","118931329","26880000000","26821435784","1750000","iSelect 전략적자산배분 TDF 2040 지수","2319.87","-5.16","-0.22"
"442570","RISE TDF2050액티브","16115","205","1.29","16079.54","15925","16155","15925","64923","1045643878","137783250000","139088051918","8550000","iSelect 전략적자산배분 TDF 2050 지수","2495.38","-8.83","-0.35"
"234310","RISE V&S셀렉트밸류","25865","1000","4.02","25939.19","25980","26190","25610","1710","44241755","12932500000","12969597293","500000","FnGuide 셀렉트 밸류 지수","5164.44","208.56","4.21"
"241390","RISE V&S셀렉트밸류채권혼합","15285","330","2.21","15363.31","15385","15420","15240","47165","723991580","33627000000","33799280557","2200000","FnGuide 셀렉트벨류 채권혼합지수","2629.14","49.14","1.90"
"300640","RISE 게임테마","7885","55","0.70","7926.00","7910","8155","7865","28905","231607065","27597500000","27741013520","3500000","WISE 게임 테마 지수 (시장가격지수)","3786.48","23.68","0.63"
"266160","RISE 고배당","28550","1295","4.75","28510.70","28620","28955","28030","177020","5065470190","209842500000","213830249123","7350000","FnGuide 고배당포커스 지수","20016.55","872.30","4.56"
"481430","RISE 국고채10년액티브","101435","1150","1.15","101461.42","101360","101450","101160","2744","278031915","131865500000","131899840348","1300000","KAP 국고채 10년 지수(총수익)","110.79","1.06","0.97"
"114100","RISE 국고채3년","107470","585","0.55","107370.82","107445","107500","107350","12787","1373738904","180549600000","175014442098","1680000","KTB INDEX(시장가격)","10241.49","-7.63","-0.07"
"282000","RISE 국고채3년선물인버스","113055","-495","-0.44","113053.79","113055","113150","113030","22","2487415","41717295000","71676100503","369000","국채선물지수","1214.91","5.45","0.45"
"451670","RISE 국채30년레버리지(합성)","18170","500","2.83","18199.49","18120","18195","17995","738","13331295","9085000000","9099746632","500000","KAP 국채30년 TR 지수(총수익)","90.54","1.49","1.67"
"295000","RISE 국채선물10년","52925","480","0.92","53015.82","52800","52950","52800","12","634710","6033450000","6043803570","114000","10년국채선물지수","1176.25","13.01","1.12"
"295020","RISE 국채선물10년인버스","57770","-630","-1.08","57703.30","57910","57955","57760","14","809970","73830060000","133179217328","1278000","10년국채선물지수","1176.25","13.01","1.12"
"432600","RISE 국채선물3년","55005","205","0.37","55029.71","54955","55010","54955","22","1209525","5500500000","5502971251","100000","국채선물지수","1214.91","5.45","0.45"
"397420","RISE 국채선물5년추종","50870","275","0.54","50903.37","50800","50880","50800","5","254240","5188740000","5192143583","102000","5년 국채선물 추종 지수","991.72","6.41","0.65"
"0114X0","RISE 글로벌게임테크TOP3Plus","8020","200","2.56","7955.31","8285","8285","7900","2078","16477865","5614000000","5568718182","700000","Solactive-KEDI 글로벌 게임 테크 TOP3 플러스 지수","4563.44","71.07","1.58"
"437370","RISE 글로벌농업경제","11155","-145","-1.28","11169.60","11185","11255","11015","15251","169539540","6693000000","6701757947","600000","MVIS Global Agribusiness Index(Price Return)","3319.77","11.45","0.35"
"375270","RISE 글로벌데이터센터리츠(합성)","14240","85","0.60","14370.02","14155","14265","14155","337","4798282","9968000000","10059014968","700000","Kelly Data Center & Tech Infrastructure Net Total Return Index","1765.28","15.87","0.91"
"475380","RISE 글로벌리얼티인컴","11315","-80","-0.70","11298.03","11420","11420","11305","7862","89312063","32813500000","32764295456","2900000","Solactive Global Realty Income Index(Price Return)","3136.25","-1.42","-0.05"
"476310","RISE 글로벌비만산업TOP2+","9365","20","0.21","9669.58","9350","9490","9350","746","7050650","5150750000","5318266490","550000","KEDI 글로벌 비만 산업 Top2+ 지수(Price Return)","3378.80","-37.92","-1.11"
"417450","RISE 글로벌수소경제","13325","-80","-0.60","13523.98","13400","13420","13170","6669","88428935","13325000000","12847780707","1000000","Indxx Hydrogen Economy Index (PR)","3018.11","64.86","2.20"
"442320","RISE 글로벌원자력","44675","2620","6.23","44716.52","44530","44975","43845","142358","6353790239","366335000000","357732125411","8200000","iSelect 글로벌원자력 지수(시장가격)","6406.39","187.18","3.01"
"461490","RISE 글로벌자산배분액티브","15070","85","0.57","15045.21","15045","15080","14995","214115","3223294987","396341000000","395689021464","26300000","Bloomberg Multi-Asset Weighted (KRW ETFs) 지수(시장가격)","2072.25","10.74","0.52"
"459750","RISE 글로벌주식분산액티브","17125","-35","-0.20","17083.03","17165","17215","17055","16878","289201659","30825000000","29895294558","1800000","Bloomberg Global Equity Market Weighted Index(Price Return)","2369.24","29.74","1.27"
"399580","RISE 글로벌클린에너지","9900","40","0.41","9976.37","9940","10005","9815","5096","50699395","9900000000","9976369076","1000000","S&P Global Clean Energy Transition Index (Price Return)","1168.67","29.71","2.61"
"276650","RISE 글로벌테크놀로지(합성 H)","37375","955","2.62","37445.70","37115","37560","37115","157","5875895","28031250000","28084273358","750000","S&P Global 1200 Information Technology and Interactive Media & Services(PR)","4045.68","33.55","0.84"
"336160","RISE 금융채액티브","101365","245","0.24","101405.49","101330","101410","101245","61","6181725","41863745000","41880467094","413000","KIS 종합채권금융채 2.5Y-3Y 지수 (총수익)","139.70","0.45","0.32"
"326230","RISE 내수주플러스","11810","225","1.94","11829.05","12005","12005","11705","6011","71173800","10865200000","10882724267","920000","FnGuide 내수주플러스 지수","1625.16","28.73","1.80"
"367760","RISE 네트워크인프라","32615","2760","9.24","32423.30","32190","32840","31545","232214","7482118790","176121000000","178328170067","5400000","FnGuide 네트워크 인프라 지수","4485.15","334.84","8.07"
"272560","RISE 단기국공채액티브","113585","40","0.04","113600.97","113590","113600","113575","10846","1231999715","191617895000","192667244139","1687000","KIS 종합채권국공채3M~1.5Y지수","139.14","0.07","0.05"
"385550","RISE 단기채권알파액티브","112615","-45","-0.04","112629.78","112590","112640","112590","20320","2288225755","279059970000","279997635517","2478000","KIS 단기채권알파지수(AA-이상)(총수익지수)","127.40","0.04","0.03"
"196230","RISE 단기통안채","115605","-15","-0.01","115613.02","115595","115605","115590","28527","3297849021","208089000000","218508613947","1800000","KIS 통안채 5개월 지수(총수익)","13121.85","2.59","0.02"
"0061Z0","RISE 단기특수은행채액티브","50305","5","0.01","50301.32","50305","50310","50305","1026","51615431","1284487870000","1386002540707","25534000","KAP 단기 특수은행채 지수(시장가격)","115.70","0.01","0.01"
"315960","RISE 대형고배당10TR","56855","4305","8.19","56723.13","56295","57570","55440","759564","42815709183","446311750000","450948857201","7850000","WISE 대형고배당10 TR 지수","6694.41","504.07","8.14"
"0138D0","RISE 동학개미","13965","555","4.14","13940.50","14065","14180","13700","33254","465374306","11870250000","11849425380","850000","FnGuide 동학개미 지수","4690.06","166.66","3.68"
"455890","RISE 머니마켓액티브","54635","10","0.02","54633.72","54630","54635","54630","226765","12388720513","2240799890000","2240201086583","41014000","KIS 시가평가 MMF 지수 (총수익지수)","119.78","0.01","0.01"
"401170","RISE 메타버스","7995","215","2.76","7972.14","7890","8055","7830","19157","152581240","98498400000","98057353631","12320000","iSelect 메타버스 지수(시장가격지수)","1664.79","45.52","2.81"
"481340","RISE 미국30년국채액티브","10085","-30","-0.30","10093.96","10095","10140","10085","28214","285211981","30759250000","27758377611","3050000","Bloomberg U.S Treasury 20+ Year Total Return Index","601.52","-6.24","-1.03"
"472870","RISE 미국30년국채엔화노출(합성 H)","8130","110","1.37","8068.07","8145","8155","8125","604612","4921856062","352842000000","342086114881","43400000","KIS 미국채30년 엔화노출 지수(USD/JPY 헤지)(총수익지수)","7350.84","97.54","1.34"
"472830","RISE 미국30년국채커버드콜(합성)","9335","5","0.05","9334.74","9345","9385","9335","42317","395695981","60677500000","60675793959","6500000","Bloomberg U.S. Treasury 20+ Year (TLT) 2% OTM Covered Call Index(TR)","975.53","-9.64","-0.98"
"485690","RISE 미국AI밸류체인TOP3Plus","17320","505","3.00","17391.84","17260","17420","17255","8331","144426634","71878000000","72176128324","4150000","KEDI 미국 AI 밸류체인 TOP3 Plus 지수(Price Return)","7422.31","20.64","0.28"
"490590","RISE 미국AI밸류체인데일리고정커버드콜","12685","305","2.46","12788.82","12700","12755","12640","326024","4143568046","461099750000","451445229887","36350000","KEDI 미국 AI밸류체인 90%참여+데일리옵션 프리미엄 지수(TR)","8300.64","24.12","0.29"
"0127R0","RISE 미국AI클라우드인프라","11080","495","4.68","11080.70","10945","11090","10945","6698","73914664","11080000000","11080701247","1000000","Akros 미국 AI 클라우드 인프라 지수(Price Return)","8503.01","40.85","0.48"
"495940","RISE 미국AI테크액티브","14590","760","5.50","14708.28","14240","14710","14240","8522","124524496","36475000000","36770690573","2500000","Solactive US AI Tech Active Index PR","6235.69","6.87","0.11"
"379780","RISE 미국S&P500","21600","90","0.42","21635.13","21540","21680","21505","334693","7234131247","1408320000000","1371667544694","65200000","S&P 500","6781.48","-14.51","-0.21"
"453330","RISE 미국S&P500(H)","16110","330","2.09","16133.59","16070","16125","16010","17150","275736100","88605000000","88734725784","5500000","S&P 500","6781.48","-14.51","-0.21"
"0138T0","RISE 미국S&P500데일리고정커버드콜","9670","70","0.73","9695.39","9650","9680","9605","18880","182491596","29493500000","29570946616","3050000","S&P500 10% Daily Fixed Covered Call Index","340.76","-0.57","-0.17"
"0005C0","RISE 미국S&P500엔화노출(합성 H)","10845","90","0.84","10879.71","10620","10860","10620","188","2000195","8676000000","8703765162","800000","S&P500 Yen Hedged Index(PR)","2818.34","-6.47","-0.23"
"460660","RISE 미국S&P배당킹","12015","15","0.13","11988.75","12000","12060","11880","5966","71549487","24030000000","23977501890","2000000","S&P Dividend Monarchs Index(Price Return)","1265.67","-12.68","-0.99"
"219390","RISE 미국S&P원유생산기업(합성 H)","7095","-360","-4.83","7210.75","6990","7245","6950","984834","6930501974","24477750000","24877071425","3450000","S&P Oil & Gas Exploration & Production Select Industry Index(PR)","6115.81","-110.61","-1.78"
"0115C0","RISE 미국고배당다우존스TOP10","11560","-15","-0.13","11529.29","11615","11615","11555","8968","103869693","17340000000","17293933747","1500000","Dow Jones U.S. High Dividend 10 Index","4064.80","0.11","0.00"
"354240","RISE 미국고정배당우선증권","11675","-20","-0.17","11675.06","11635","11725","11585","3560","41495682","14010000000","14010076914","1200000","ICE BofAML Core Plus Fixed Rate Preferred Securities Index(PR)","77.82","0.14","0.18"
"368590","RISE 미국나스닥100","27055","275","1.03","27090.28","26965","27165","26935","235522","6383719213","1271585000000","1259698062715","47000000","NASDAQ 100","24956.47","-10.78","-0.04"
"437350","RISE 미국단기투자등급회사채액티브","12940","-200","-1.52","12944.68","12960","13020","12935","24048","311902965","28468000000","28478300077","2200000","Bloomberg US Corporate 1-5 Years Total Return Index","268.55","-0.25","-0.09"
"455960","RISE 미국달러SOFR금리액티브(합성)","12645","-205","-1.60","12662.62","12660","12680","12590","1444","18239682","59052150000","59134436433","4670000","KAP SOFR 지수","123.51","0.01","0.01"
"469530","RISE 미국달러선물인버스","8805","90","1.03","8860.04","8800","8820","8775","681","6002855","5635200000","5670424423","640000","미국달러선물지수","1636.54","-31.24","-1.87"
"469060","RISE 미국반도체NYSE","23655","1105","4.90","23750.66","23350","23815","23350","2472","58583072","46127250000","46313782811","1950000","NYSE Semicondoctor Index(Price Return)","1729.86","12.21","0.71"
"469050","RISE 미국반도체NYSE(H)","20430","1330","6.96","20489.71","20175","20500","20175","22936","467353505","17365500000","16391771056","850000","NYSE Semicondoctor Index(Price Return)","1729.86","12.21","0.71"
"491630","RISE 미국반도체인버스(합성 H)","10250","-555","-5.14","10075.94","10110","10305","10110","10462","107218905","4612500000","4534171191","450000","NYSE Semicondoctor Index(Price Return)","1729.86","12.21","0.71"
"490600","RISE 미국배당100데일리고정커버드콜","9290","-20","-0.21","9287.89","9405","9425","9290","129518","1206626456","106835000000","102631208227","11500000","KEDI 미국 배당100 90%참여+데일리옵션 프리미엄 지수(총수익지수)","2313.74","-15.76","-0.68"
"0018Z0","RISE 미국양자컴퓨팅","15180","445","3.02","15281.56","15120","15235","15100","7260","110202710","15939000000","15281564263","1050000","Solactive US Quantum Computing Technology Index PR","5737.58","-32.76","-0.57"
"0013P0","RISE 미국은행TOP10","11050","115","1.05","11062.35","11245","11245","10970","24486","270252182","18232500000","17146636639","1650000","KEDI 미국 은행 TOP10 지수","2295.84","3.88","0.17"
"267440","RISE 미국장기국채선물(H)","8510","75","0.89","8520.24","8515","8550","8510","1096","9335325","5106000000","5112143834","600000","S&P U.S. Treasury Bond Futures Excess Return Index","211.53","-0.28","-0.13"
"267490","RISE 미국장기국채선물레버리지(합성 H)","5730","105","1.87","5702.77","5720","5745","5710","3578","20465325","4011000000","3991936619","700000","S&P U.S. Treasury Bond Futures Excess Return Index","211.53","-0.28","-0.13"
"267450","RISE 미국장기국채선물인버스(H)","10560","-55","-0.52","10577.24","10560","10560","10505","151","1587830","5280000000","5288620278","500000","S&P U.S. Treasury Bond Futures Excess Return Index","211.53","-0.28","-0.13"
"0036Z0","RISE 미국천연가스밸류체인","13015","-685","-5.00","13015.57","13300","13300","12880","46423","601456514","9110500000","9110901759","700000","Solactive US Natural Gas Value Chain Index PR","1858.12","-15.60","-0.83"
"491620","RISE 미국테크100데일리고정커버드콜","10500","165","1.60","10512.14","10475","10525","10415","200531","2102120561","321825000000","311159267335","30650000","KEDI 미국 테크100 90%참여+데일리옵션 프리미엄 지수(TR)","3983.31","-0.16","0.00"
"0036R0","RISE 미국휴머노이드로봇","16480","480","3.00","16511.57","16480","16560","16405","62666","1033653621","103000000000","100720604569","6250000","KEDI 미국 휴머노이드 로봇 지수(시장가격)","6372.43","15.32","0.24"
"0000Z0","RISE 바이오TOP10액티브","17330","30","0.17","17351.85","18165","18240","16980","458513","8055442882","72786000000","73745381515","4200000","KRX 바이오 TOP 10 지수","2552.55","39.08","1.55"
"446700","RISE 배터리 리사이클링","12470","315","2.59","12500.42","12715","12725","12315","9282","116579662","15462800000","15500521587","1240000","iSelect 배터리 리사이클링 지수","3299.22","79.55","2.47"
"475350","RISE 버크셔포트폴리오TOP10","14050","30","0.21","14068.49","14020","14080","13975","22559","316473243","71655000000","70342463444","5100000","Solactive Berkshire Portfolio Top10 Index(PR)","2822.04","-13.58","-0.48"
"388420","RISE 비메모리반도체액티브","21040","1240","6.26","21023.01","21290","21390","20480","756221","15875949454","199459200000","200559544294","9480000","iSelect 비메모리반도체 지수(시장가격지수)","6443.99","341.16","5.59"
"448630","RISE 삼성그룹Top3채권혼합","13505","260","1.96","13513.73","13380","13655","13380","752709","10195709536","233636500000","239192984649","17300000","Bloomberg Blended Samsung Group Fixed Top 3 Equity and Korean Bond Index","2411.66","54.81","2.33"
"0162Z0","RISE 삼성전자SK하이닉스채권혼합50","9995","440","4.60","9985.90","9955","10065","9850","4505476","44820778671","392803500000","408423238080","39300000","KAP 삼성전자SK하이닉스채권혼합50 지수","2934.00","143.30","5.13"
"367770","RISE 수소경제테마","24895","905","3.77","24841.53","24775","25245","24355","159835","3973325393","145635750000","145322976589","5850000","FnGuide 수소 경제 테마 지수","3129.68","114.62","3.80"
"140570","RISE 수출주","22530","610","2.78","22544.78","22610","22755","22145","2695","60797995","9012000000","9017913853","400000","MKF 수출주 지수","22374.10","694.91","3.21"
"0093B0","RISE 엔비디아고정테크100","11095","200","1.84","11158.75","11170","11170","11055","2914","32353762","11649750000","11716685319","1050000","KEDI 엔비디아고정테크100 지수(PR)","7808.55","14.31","0.18"
"140580","RISE 우량업종대표주","23240","585","2.58","23336.04","23720","23720","23055","124","2905490","13944000000","14001625268","600000","MKF 우량업종대표주 지수","23209.58","616.74","2.73"
"379790","RISE 유로스탁스50(H)","15650","575","3.81","15477.82","15525","15775","15505","11641","181741307","10955000000","10834474238","700000","EURO STOXX 50 Index","5837.17","151.97","2.67"
"498610","RISE 인도디지털성장","8480","85","1.01","8408.71","8580","8580","8150","5541","45741140","5088000000","5045227296","600000","MarketVector Digital India Index(INR)(Price Return)			","3276.31","12.59","0.39"
"488480","RISE 일본섹터TOP4Plus","12965","105","0.82","12652.48","13250","13250","12650","10437","134905644","7130750000","6958862637","550000","Solactive Japan Samurai Sector TOP4 Plus Index(PR)","2908.45","98.97","3.52"
"385540","RISE 종합채권(A-이상)액티브","106085","630","0.60","106089.86","106095","106180","105865","5912","626430982","1783819275000","1782309610725","16815000","KIS 종합채권 지수(A-이상)(총수익지수)","123.59","0.69","0.56"
"183710","RISE 주식혼합","75020","3870","5.44","74663.66","71895","75600","71895","2528","189288440","15004000000","14932731903","200000","주식국채혼합(주식형)지수","3035.10","128.26","4.41"
"310080","RISE 중국MSCI China(H)","10100","250","2.54","9915.80","9965","10100","9795","2314","23044290","12120000000","11898961504","1200000","MSCI China Index(USD, Price Return)","80.25","1.91","2.43"
"463300","RISE 중국본토CSI300","13735","115","0.84","13811.15","13695","13860","13380","6250","85614005","21976000000","22097839492","1600000","CSI 300 Index","4674.76","59.30","1.28"
"174360","RISE 중국본토대형주CSI100","24565","-45","-0.18","24409.31","24375","24825","24180","12696","312156187","49130000000","46377696147","2000000","CSI A100","4564.15","57.72","1.28"
"136340","RISE 중기우량회사채","105255","165","0.16","105286.86","105150","105255","105125","3812","400952655","149672610000","149612629014","1422000","KOBI 크레딧 지수(총수익)","16092.93","54.84","0.34"
"281990","RISE 중소형고배당","17830","230","1.31","17914.01","18125","18130","17730","5216","93865747","14264000000","14331208466","800000","FnGuide 중소형고배당포커스 지수","17224.08","278.42","1.64"
"272570","RISE 중장기국공채액티브","108575","510","0.47","108594.57","108600","108600","108465","281","30496230","24429375000","24433779273","225000","KIS 종합채권국공채4~5Y지수","149.40","0.78","0.52"
"0164G0","RISE 차이나AI반도체TOP4Plus","9990","-125","-1.24","9711.56","10100","10100","9700","147344","1462029061","9990000000","9711560347","1000000","Solactive China AI Semiconductor TOP 4 Plus Index","4376.17","4376.17","0.00"
"250730","RISE 차이나HSCEI(H)","10190","155","1.54","10043.23","9985","10190","9985","2080","21078718","17323000000","17073496992","1700000","Hang Seng China H","8673.24","91.78","1.07"
"291680","RISE 차이나H선물인버스(H)","7760","-165","-2.08","7937.39","7935","7935","7760","1117","8725727","3880000000","3968695093","500000","Hang Seng China Enterprises Futures Index(Price Return)","10920.37","196.82","1.84"
"0094L0","RISE 차이나테크TOP10위클리타겟커버드콜","9145","80","0.88","8946.23","9385","9385","8910","18220","164866243","15089250000","14761285938","1650000","Bloomberg China Tech Select TOP 10 + 12% Target Premium Weekly Index","1103.42","32.52","3.04"
"371150","RISE 차이나항셍테크","7915","65","0.83","7772.37","7850","7950","7820","36954","291724870","23349250000","21374004676","2950000","Hang Seng TECH Index","5060.53","228.17","4.72"
"183700","RISE 채권혼합","85080","2675","3.25","84647.44","82865","85390","82865","9654","818330399","25524000000","25394231367","300000","주식국채혼합(채권형)지수","2161.32","44.26","2.09"
"498860","RISE 코리아금융고배당","19430","510","2.70","19393.68","19740","19800","19165","75968","1480215965","53432500000","51393256445","2750000","iSelect 코리아 금융 고배당 지수","2921.92","76.59","2.69"
"495050","RISE 코리아밸류업","24785","1430","6.12","24780.17","23960","25095","23960","2291107","56443776539","693980000000","711190994617","28000000","코리아 밸류업 지수","2505.10","149.04","6.33"
"0094M0","RISE 코리아밸류업위클리고정커버드콜","16275","915","5.96","16163.65","15910","16345","15905","288217","4665403329","32550000000","33135480053","2000000","코리아 밸류업 위클리 커버드콜 30% 지수","2753.86","145.28","5.57"
"0151P0","RISE 코리아전략산업액티브","13220","680","5.42","13269.43","13285","13425","13005","300823","3979232168","104438000000","104828532591","7900000","KAP 코리아전략산업지수","3702.24","227.92","6.56"
"270810","RISE 코스닥150","19945","310","1.58","20004.29","20140","20652","19760","1622243","32825813408","510592000000","508909160971","25600000","코스닥 150","2018.97","37.72","1.90"
"278240","RISE 코스닥150선물레버리지","19720","550","2.87","20142.39","20885","21000","19415","201993","4105576385","144350400000","144018080928","7320000","F-코스닥150 지수","2364.15","64.31","2.80"
"275750","RISE 코스닥150선물인버스","2050","-50","-2.38","2055.66","1974","2075","1974","33467","67949832","2152500000","2158438360","1050000","F-코스닥150 지수","2364.15","64.31","2.80"
"302450","RISE 코스피","57650","3165","5.81","57627.08","57375","58215","56475","37729","2166235385","348782500000","380338714919","6050000","코스피","5532.59","280.72","5.35"
"0047P0","RISE 테슬라고정테크100","13580","205","1.53","13602.16","13490","13615","13490","5098","69212886","20370000000","20403247018","1500000","KEDI 테슬라고정테크100 지수(PR)","7277.52","1.33","0.02"
"0013R0","RISE 테슬라미국채타겟커버드콜혼합(합성)","9600","20","0.21","9562.28","9525","9620","9525","24182","231594828","36480000000","36336677142","3800000","KEDI 테슬라미국30년국채15%타겟프리미엄 혼합지수(TR)","2795.77","-17.52","-0.62"
"449580","RISE 테슬라애플아마존채권혼합","15940","70","0.44","16065.97","16015","16020","15870","8257","131833165","17534000000","17672569722","1100000","iSelect 테슬라 애플 아마존 채권혼합지수(Price Return)","4166.82","-11.94","-0.29"
"334690","RISE 팔라듐선물(H)","7825","245","3.23","7903.59","7855","7960","7780","16919","132841291","6260000000","6322870296","800000","S&P GSCI Palladium Excess Return Index","966.15","3.59","0.37"
"334700","RISE 팔라듐선물인버스(H)","2800","-70","-2.44","2827.49","2800","2815","2755","6256","17448287","1680000000","1696496113","600000","S&P GSCI Palladium Excess Return Index","966.15","3.59","0.37"
"0047R0","RISE 팔란티어고정테크100","13435","55","0.41","13530.89","13405","13500","13380","25972","349371618","34931000000","35180304175","2600000","KEDI 팔란티어고정테크100 지수(PR)","4548.17","-42.09","-0.92"
"253280","RISE 헬스케어","18085","365","2.06","18040.06","18535","18535","17900","38184","693525089","10851000000","10824037876","600000","FnGuide 헬스케어 지수","4586.05","62.55","1.38"
"253290","RISE 헬스케어채권혼합","13055","155","1.20","13079.93","13070","13240","13025","54311","711468295","23499000000","23543867866","1800000","FnGuide 헬스케어 채권혼합 지수","2316.92","15.49","0.67"
"411540","SOL 200 Top10","16230","850","5.53","16192.09","16140","16350","15845","55603","895159992","25968000000","25907349465","1600000","코스피 200 Top 10 지수","2460.55","113.16","4.82"
"295040","SOL 200TR","30995","1790","6.13","30931.80","30860","31410","30240","262739","8102890720","376589250000","385100965954","12150000","코스피 200 TR","1085.60","62.93","6.15"
"488980","SOL 26-12 회사채(AA-이상)액티브","51420","25","0.05","51409.19","51410","51420","51410","917","47143245","278799240000","278740606242","5422000","KAP 26-12 크레딧 채권지수(AA-이상, 총수익)","108.72","0.01","0.01"
"0092C0","SOL 27-12 회사채(AA-이상)액티브","49750","15","0.03","49770.84","49750","49750","49740","14907","741623230","197806000000","197888840487","3976000","KAP 27-12 크레딧 채권지수(AA-이상, 총수익)","103.28","0.14","0.14"
"455860","SOL 2차전지소부장Fn","6145","95","1.57","6138.18","6405","6405","6025","704545","4342516744","169602000000","167879241589","27600000","FnGuide 2차전지 소부장 지수(PR)","3791.28","65.80","1.77"
"455850","SOL AI반도체소부장","27190","865","3.29","27122.66","28000","28080","26360","5553073","151344446756","1010108500000","1042866409996","37150000","FnGuide AI 반도체 소부장 지수","4632.17","180.20","4.05"
"497880","SOL CD금리&머니마켓액티브","50050","5","0.01","50049.36","50050","50055","50050","88235","4416420226","193593400000","195993309300","3868000","KAP CD&단기자금시장지수(PR)","119.34","0.00","0.00"
"363510","SOL KIS단기통안채","110870","15","0.01","110867.79","110870","110870","110870","3","332610","35478400000","35477692416","320000","KIS 단기통안채 Index(총수익)","12656.20","2.00","0.02"
"292500","SOL KRX300","38745","2560","7.07","38658.03","38265","39050","37900","3131","121220610","19372500000","19329014404","500000","KRX 300","3697.19","203.26","5.82"
"404650","SOL KRX기후변화솔루션","21505","940","4.57","21527.72","21525","21785","21285","626","13459890","12903000000","12916631059","600000","KRX 기후변화 솔루션지수","4133.59","163.48","4.12"
"490480","SOL K방산","39125","115","0.29","39110.52","38070","39710","37750","331641","12826845372","138893750000","142753414411","3550000","KEDI K방산 지수(PR)","8429.99","-6.82","-0.08"
"438570","SOL 국고채10년","101605","1155","1.15","101469.27","101340","101605","101200","869","88140020","116845750000","116689656358","1150000","KAP 국고채10년지수(총수익지수)","112.60","1.03","0.92"
"474390","SOL 국고채30년액티브","48335","730","1.53","48485.53","48305","48430","48305","492","23810440","6476890000","6497060604","134000","KAP 국고채30년 지수(TR)","90.21","1.46","1.65"
"438560","SOL 국고채3년","100265","550","0.55","100170.31","100180","100265","100150","249","24956240","45219515000","47881408805","451000","KAP 국고채3년지수(총수익지수)","120.34","0.40","0.33"
"0066W0","SOL 국제금","16130","-100","-0.62","16019.18","16025","16195","15975","192977","3102175929","148396000000","142570672774","9200000","KEDI 국제금현물 ETF 가격지수(PR)","4077.75","43.27","1.07"
"0022T0","SOL 국제금커버드콜액티브","16805","-70","-0.41","16660.98","16715","16865","16625","141983","2379087633","85705500000","86637078437","5100000","KEDI 골드인컴프리미엄 지수(NTR)","3467.26","31.10","0.91"
"423170","SOL 글로벌AI반도체탑픽액티브","39940","2720","7.31","39786.01","40300","40300","39095","87504","3476009444","115027200000","112992274661","2880000","S&P Global Semiconductor Korea Tilted Index(PR)","17114.03","728.02","4.44"
"400590","SOL 글로벌탄소배출권선물ICE(합성)","11885","305","2.63","11880.08","11545","11885","11545","5738","67713033","5942500000","5940041489","500000","ICE Global Carbon Futures Index(Excess Return)","549.44","11.17","2.07"
"484880","SOL 금융지주플러스고배당","20760","460","2.27","20696.21","21000","21140","20305","430113","8940210145","347730000000","346661493582","16750000","FnGuide 금융지주플러스고배당 지수(PR)","2878.14","59.68","2.12"
"484890","SOL 머니마켓액티브","51880","15","0.03","51873.27","51875","51885","51875","3997","207351309","11932400000","12034599458","230000","KAP 시가 MMF 지수(TR)","119.99","0.01","0.01"
"461600","SOL 미국30년국채액티브(H)","8925","135","1.54","8912.39","8935","8950","8905","64822","578972535","39716250000","39660127300","4450000","KAP 미국채 20Y+ 지수(시장가격)","60.75","0.70","1.17"
"473330","SOL 미국30년국채커버드콜(합성)","9400","-10","-0.11","9431.47","9425","9440","9400","496189","4673771311","387280000000","379145006306","41200000","KEDI 미국 국채 20년+ 커버드콜 지수(NTR)","1089.56","-10.15","-0.92"
"494210","SOL 미국500타겟데일리커버드콜액티브","10755","40","0.37","10783.30","10735","10780","10720","2473","26583022","8604000000","8626641983","800000","KEDI 미국퀄리티500+월1%프리미엄 지수(NTR)","2825.78","-6.78","-0.24"
"479620","SOL 미국AI반도체칩메이커","15530","695","4.68","15626.26","15485","15630","15405","9511","147864330","32613000000","32033823725","2100000","Solactive US AI Semiconductor Chip Makers Index(PR)","7238.12","83.72","1.17"
"481180","SOL 미국AI소프트웨어","13015","205","1.60","12979.34","12915","13035","12885","212897","2763105620","163989000000","161592786512","12600000","KEDI 미국 AI 소프트웨어지수(PR)","3903.38","-97.90","-2.45"
"486450","SOL 미국AI전력인프라","21065","975","4.85","21136.43","20980","21220","20900","149815","3161951497","254886500000","249409862612","12100000","KEDI 미국AI전력인프라 지수(PR)","10407.52","61.62","0.60"
"433330","SOL 미국S&P500","20685","110","0.53","20711.06","20605","20765","20605","62053","1285071045","250288500000","250603842463","12100000","S&P 500","6781.48","-14.51","-0.21"
"399110","SOL 미국S&P500ESG","19575","215","1.11","19583.42","19520","19630","19455","21583","422751565","113535000000","113583820599","5800000","S&P500 Scored&Screened(PR)","599.72","-0.40","-0.07"
"0080X0","SOL 미국S&P500미국채혼합50","11190","-45","-0.40","11221.39","11190","11245","11150","62781","703029944","60426000000","60595490912","5400000","S&P 500 and iBoxx $ Treasuries 7-10Y 5050 Blend Index(USD) PR/TR Hybrid","466.77","-1.25","-0.27"
"499150","SOL 미국S&P500엔화노출(H)","10460","115","1.11","10535.93","10510","10510","10395","1257","13145575","8368000000","8428741702","800000","S&P500 Yen Hedged Index(PR)","2818.34","-6.47","-0.23"
"447620","SOL 미국TOP5채권혼합40 Solactive","14770","135","0.92","14820.43","14945","14945","14670","35058","516344502","98959000000","99296858958","6700000","Solactive US TOP5 Balanced40 Index","1921.09","30.55","1.62"
"476030","SOL 미국나스닥100","15370","140","0.92","15386.98","15345","15430","15285","43037","662004277","79924000000","80012287526","5200000","NASDAQ 100","24956.47","-10.78","-0.04"
"0118S0","SOL 미국넥스트테크TOP10액티브","9630","515","5.65","9656.73","9475","9640","9430","142409","1362742834","49113000000","47317975254","5100000","KEDI 미국넥스트테크TOP10(PR)","2548.34","-25.05","-0.97"
"446720","SOL 미국배당다우존스","13250","-50","-0.38","13240.94","13340","13340","13100","447468","5938515471","899675000000","895087534748","67900000","Dow Jones U.S. Dividend 100 Price Return Index","6515.78","-27.14","-0.41"
"452360","SOL 미국배당다우존스(H)","12245","170","1.41","12242.34","12315","12315","12100","89913","1098829828","203267000000","201998594444","16600000","Dow Jones U.S. Dividend 100 Price Return Index","6515.78","-27.14","-0.41"
"493420","SOL 미국배당다우존스2호","12275","-115","-0.93","12251.56","12375","12375","12220","6189","76116510","31915000000","31854051624","2600000","Dow Jones U.S. Dividend 100 Index(TR)","16653.58","-69.36","-0.41"
"490490","SOL 미국배당미국채혼합50","11485","-55","-0.48","11420.94","11620","11620","11460","464092","5340160141","390490000000","389453974308","34000000","KRX 다우존스 미국배당국채 혼합지수","1374.98","2.15","0.16"
"0023A0","SOL 미국양자컴퓨팅TOP10","23375","1040","4.66","23455.34","23220","23490","23195","313770","7329327826","427762500000","415159489586","18300000","KEDI 미국양자컴퓨팅 TOP10(PR)","7927.04","-30.51","-0.38"
"0051G0","SOL 미국원자력SMR","16310","720","4.62","16378.15","16200","16425","16105","526324","8583914397","274823500000","268601654338","16850000","KEDI 미국원자력 SMR 지수(PR)","11421.62","108.56","0.96"
"481190","SOL 미국테크TOP10","15910","305","1.95","15923.12","15750","15970","15750","77331","1231285608","295130500000","293781528346","18550000","Solactive US Tech TOP 10 Custom Index(PR)","2568.87","4.49","0.18"
"475300","SOL 반도체전공정","18605","615","3.42","18661.46","19400","19400","18265","1007778","18970461994","82792250000","94240377556","4450000","FnGuide 반도체 전공정 지수(PR)","3650.53","134.57","3.83"
"475310","SOL 반도체후공정","30535","845","2.85","30600.30","32245","32480","29690","471171","14558072771","74810750000","79560788611","2450000","FnGuide 반도체 후공정 지수(PR)","9052.33","301.04","3.44"
"0152E0","SOL 배당성향탑픽액티브","11680","235","2.05","11673.28","11720","11780","11510","242263","2831164125","49640000000","49611451494","4250000","FnGuide 배당성향탑픽 지수(PR)","2208.66","44.03","2.03"
"400580","SOL 유럽탄소배출권선물S&P(H)","10015","135","1.37","10074.36","10300","10300","9970","347","3488980","5007500000","5037177547","500000","S&P GSCI Carbon Emission Allowances(EUA)(EUR)ER","216.84","7.70","3.68"
"464610","SOL 의료기기소부장Fn","10335","230","2.28","10344.18","10525","10555","10300","24542","254946110","13952250000","13964638424","1350000","FnGuide 의료기기소부장지수(PR)","1709.15","29.03","1.73"
"466930","SOL 자동차TOP3플러스","21265","830","4.06","21278.42","21560","21610","20840","857554","18213021942","232851750000","232998751512","10950000","FnGuide 자동차TOP3플러스지수(PR)","3325.84","137.41","4.31"
"464600","SOL 자동차소부장Fn","16565","470","2.92","16644.92","16980","16980","16300","24039","400394153","15736750000","15812678328","950000","FnGuide 자동차소부장지수(PR)","2198.12","77.14","3.64"
"0005D0","SOL 전고체배터리&실리콘음극재","18640","430","2.36","18624.06","19295","19295","18190","1567093","29302247200","173352000000","173203798442","9300000","FnGuide 전고체배터리&실리콘음극재 지수(PR)","2831.40","57.70","2.08"
"466920","SOL 조선TOP3플러스","35835","-95","-0.26","35814.87","36400","36700","34975","2179121","77583418563","1870587000000","1876699425317","52200000","FnGuide 조선TOP3플러스지수(PR)","6039.50","-12.26","-0.20"
"0080Y0","SOL 조선TOP3플러스레버리지","17640","-80","-0.45","17589.00","18400","18540","16845","910905","15924227570","141120000000","144229804523","8000000","FnGuide 조선TOP3플러스지수(PR)","6039.50","-12.26","-0.20"
"0141S0","SOL 조선기자재","10755","-310","-2.80","10750.00","11065","11200","10615","256133","2776835022","31189500000","31174991709","2900000","FnGuide 조선기자재 지수(PR)","3675.03","-95.64","-2.54"
"436140","SOL 종합채권(AA-이상)액티브","109405","635","0.58","109406.45","109415","109500","109250","7641","835258255","1153238105000","1149752361100","10541000","KAP K-종합채권지수(AA-이상, 총수익)","160.50","0.88","0.55"
"0141T0","SOL 중기종합채권(AA-이상)액티브","50065","155","0.31","50062.48","50075","50075","50055","10222","511834140","31941470000","31939860921","638000","KAP K-중기종합채권지수(AA-이상,총수익)","124.52","0.31","0.25"
"0016X0","SOL 중단기회사채(A-이상)액티브","50870","90","0.18","50863.13","50860","50870","50850","2595","131975765","367484880000","363671350481","7224000","KIS 중단기크레딧플러스채권(AA+~A-)지수(총수익)","121.96","0.19","0.16"
"220130","SOL 차이나강소기업CSI500(합성 H)","7030","160","2.33","6957.91","6870","7045","6870","54","378175","5624000000","5566329074","800000","CSI 500 지수","8410.30","130.82","1.58"
"0131A0","SOL 차이나소비트렌드","10510","175","1.69","10335.64","10635","10635","10300","1620","16768725","8408000000","8268510100","800000","SOLACTIVE-KEDI CHINA CONSUMER TREND INDEX(PR)","2100.88","37.96","1.84"
"415760","SOL 차이나육성산업액티브(합성)","11820","95","0.81","11661.37","11720","11855","11520","55747","647772967","26240400000","25888231772","2220000","STAR 50 Index(Price Return)","1420.54","30.06","2.16"
"413220","SOL 차이나태양광CSI(합성)","6700","-25","-0.37","6680.68","6725","6725","6550","19789","130740200","8040000000","8016813283","1200000","CSI Photovoltaic Industry Index(PR)","3453.05","46.27","1.36"
"469830","SOL 초단기채권액티브","53525","5","0.01","53518.62","53520","53527","53520","234349","12543216831","909389750000","909281297198","16990000","KAP 단기자금시장지수","122.54","0.01","0.01"
"0105E0","SOL 코리아고배당","12985","320","2.53","12968.67","13100","13150","12750","1069160","13891454732","555758000000","559598090924","42800000","FnGuide 코리아 고배당 지수(PR)","2390.18","61.18","2.63"
"444200","SOL 코리아메가테크액티브","43840","1700","4.03","43474.17","43325","44170","42735","593931","25848553202","664176000000","676023410924","15150000","KEDI 메가테크지수(PR)","7128.78","223.21","3.23"
"495550","SOL 코리아밸류업TR","25255","1470","6.18","25187.45","25175","25490","24700","70030","1760026566","114910250000","114602893641","4550000","코리아 밸류업 TR 지수","2616.05","155.64","6.33"
"450910","SOL 코스닥150","19720","325","1.68","19754.37","20345","20410","19505","284672","5634320091","67442400000","67559944418","3420000","코스닥 150","2018.97","37.72","1.90"
"0040X0","SOL 팔란티어미국채커버드콜혼합","10685","-40","-0.37","10748.62","10800","10800","10570","612073","6541499179","216905500000","217659645510","20300000","KEDI 팔란티어미국채커버드콜혼합지수(NTR)","2439.49","-38.88","-1.57"
"0040Y0","SOL 팔란티어커버드콜OTM채권혼합","9130","15","0.16","9164.70","9200","9200","9115","420087","3834991421","332332000000","330845512912","36400000","KEDI 팔란티어커버드콜OTM 채권혼합지수(NTR)","1882.42","-6.73","-0.36"
"0105D0","SOL 한국AI소프트웨어","10270","230","2.29","10248.83","10455","10455","10110","36177","371132522","13864500000","13835924603","1350000","KEDI 한국AI소프트웨어 지수(PR)","873.02","18.51","2.17"
"0092B0","SOL 한국원자력SMR","18840","1440","8.28","18803.64","18515","19145","18085","810968","15187876207","140358000000","142907639093","7450000","FnGuide 한국원자력 SMR 지수(PR)","3679.22","272.92","8.01"
"429980","SOL 한국형글로벌전기차&2차전지액티브","15835","455","2.96","15945.51","15840","16055","15600","396","6258070","7917500000","7972753098","500000","FactSet Global Electric Vehicle and Rechargeable Battery Korea-Tilted Index(PR)","407.96","9.29","2.33"
"0008T0","SOL 화장품TOP3플러스","13150","430","3.38","13182.25","13215","13315","12955","213469","2801407462","67722500000","67888565576","5150000","FnGuide 화장품TOP3 플러스 지수(PR)","1913.17","61.49","3.32"
"0139F0","TIGER 12월자동연장금융채(AA-이상)액티브","100725","30","0.03","100717.17","100735","100735","100725","31","3122755","1173849150000","1173757880100","11654000","KIS 12월 만기 자동연장금융채(AA-이상) 총수익지수","117.29","0.04","0.03"
"102110","TIGER 200","82865","4760","6.09","82871.64","82840","83900","81000","10754411","887659295088","7205111750000","7205689342441","86950000","코스피 200","823.02","47.71","6.15"
"139260","TIGER 200 IT","81815","5795","7.62","81657.77","80940","82760","79400","381312","30937288229","885238300000","888436538802","10820000","코스피 200 정보기술","8325.41","601.47","7.79"
"139220","TIGER 200 건설","6950","190","2.81","6936.47","7035","7160","6825","982600","6890661438","50596000000","51052440496","7280000","코스피 200 건설","685.83","18.55","2.78"
"139290","TIGER 200 경기소비재","27020","975","3.74","26948.39","27100","27335","26500","21215","568927710","8646400000","8623484361","320000","코스피 200 경기소비재","2689.23","94.67","3.65"
"139270","TIGER 200 금융","15800","315","2.03","15800.85","16000","16140","15550","44998","716032215","43924000000","43294341684","2780000","코스피 200 금융","1596.02","35.17","2.25"
"227550","TIGER 200 산업재","14015","275","2.00","13986.74","13885","14160","13635","13807","190858445","9249900000","9231247115","660000","코스피 200 산업재","1369.41","19.71","1.46"
"227560","TIGER 200 생활소비재","12595","290","2.36","12643.15","12665","12760","12515","2822","35586475","4282300000","4298670707","340000","코스피 200 생활소비재","1285.14","29.33","2.34"
"139250","TIGER 200 에너지화학","16915","300","1.81","16922.14","17120","17135","16635","73734","1249265803","29432100000","29444520956","1740000","코스피 200 에너지/화학","1677.36","35.18","2.14"
"139230","TIGER 200 중공업","15865","485","3.15","15826.82","15860","16015","15465","837791","13217219074","403605600000","403584008723","25440000","코스피 200 중공업","1504.89","36.92","2.52"
"139240","TIGER 200 철강소재","13995","180","1.30","13996.00","14285","14340","13855","14116","199675695","7277400000","7277919332","520000","코스피 200 철강/소재","1379.28","11.92","0.87"
"227540","TIGER 200 헬스케어","21875","650","3.06","21818.24","21985","22080","21580","25225","549846995","32375000000","32290989648","1480000","코스피 200 헬스케어","2295.79","52.03","2.32"
"243880","TIGER 200IT레버리지","176050","22050","14.32","173974.55","177210","182000","168057","54897","9625008444","110031250000","108734093876","625000","코스피 200 정보기술","8325.41","601.47","7.79"
"310960","TIGER 200TR","48275","2730","5.99","48275.22","48265","49040","47195","90538","4370285756","241375000000","241376103034","5000000","코스피 200 TR","1085.60","62.93","6.15"
"252000","TIGER 200동일가중","18910","345","1.86","19135.37","19385","19385","18825","961","18416905","22692000000","22962447724","1200000","코스피 200 동일가중지수","3627.87","90.67","2.56"
"267770","TIGER 200선물레버리지","62715","7215","13.00","62524.65","63300","64385","59980","981733","60975422864","169330500000","168816545626","2700000","코스피 200 선물지수","4050.00","251.40","6.62"
"252710","TIGER 200선물인버스2X","294","-41","-12.24","293.81","282","310","281","66102356","19560580915","54772200000","54266905969","186300000","코스피 200 선물지수","4050.00","251.40","6.62"
"243890","TIGER 200에너지화학레버리지","9150","155","1.72","9219.45","9500","9540","8950","33147","305580602","6633750000","6684099392","725000","코스피 200 에너지/화학","1677.36","35.18","2.14"
"315270","TIGER 200커뮤니케이션서비스","22400","615","2.82","22413.32","22540","22540","22045","3992","89142044","6720000000","6723996835","300000","코스피 200 커뮤니케이션서비스","2226.51","51.19","2.35"
"289480","TIGER 200커버드콜","10050","550","5.79","10130.34","10050","10125","9550","231200","2327578304","23115000000","23299788353","2300000","코스피 200 커버드콜 ATM 지수","1550.79","63.26","4.25"
"166400","TIGER 200커버드콜OTM","19100","1105","6.14","19171.90","18005","19390","18005","4447","84094340","9550000000","9585951049","500000","코스피 200 커버드콜 5% OTM","545.05","28.33","5.48"
"0104N0","TIGER 200타겟위클리커버드콜","16600","985","6.31","16572.33","16485","16765","16210","263572","4360296819","149400000000","149150957826","9000000","코스피 200 타겟 7% 위클리 커버드콜 지수","2741.22","157.72","6.10"
"0001S0","TIGER 26-04 회사채(A+이상)액티브","51150","20","0.04","51149.09","51130","51165","51130","3032","155060025","178002000000","177998849964","3480000","KIS 회사채 2604만기형 지수","109.93","0.01","0.01"
"480260","TIGER 27-04회사채(A+이상)액티브","53330","130","0.24","53314.75","53310","53345","53300","10810","576371251","487862840000","484524456042","9148000","KIS 회사채2704만기형 지수 (총수익 지수)","120.46","0.07","0.06"
"0094K0","TIGER 28-04 회사채(A+이상)액티브","99155","290","0.29","99147.51","99115","99160","99050","14565","1443545330","289830065000","289808169333","2923000","KIS 회사채 2804만기형 지수(총수익)","110.04","0.30","0.27"
"364980","TIGER 2차전지TOP10","10250","180","1.79","10249.63","10475","10480","10050","2965221","30422353571","556062500000","558092557744","54250000","KRX 2차전지 TOP 10 지수","3572.28","73.31","2.10"
"412570","TIGER 2차전지TOP10레버리지","1533","31","2.06","1525.35","1685","1685","1473","7833928","12134476914","149467500000","148722033365","97500000","KRX 2차전지 TOP 10 지수","3572.28","73.31","2.10"
"462010","TIGER 2차전지소재Fn","6800","100","1.49","6805.89","7060","7090","6685","5981505","41006158605","795940000000","798330413221","117050000","FnGuide 2차전지소재 (Price Return) 지수","2322.51","36.90","1.61"
"305540","TIGER 2차전지테마","20650","425","2.10","20610.13","21075","21140","20215","730531","15074089752","1165692500000","1162411197233","56450000","WISE 2차전지 테마 지수","7661.22","175.55","2.35"
"471760","TIGER AI반도체핵심공정","20120","760","3.93","20109.15","20900","20900","19490","2146141","43347145787","192146000000","201091531014","9550000","iSelect AI반도체핵심공정지수","4189.33","171.28","4.26"
"365040","TIGER AI코리아그로스액티브","27970","1535","5.81","27945.66","28045","28190","27410","39169","1089809794","55940000000","55891328395","2000000","코스피","5532.59","280.72","5.35"
"364960","TIGER BBIG","7190","130","1.84","7186.61","7230","7250","7090","52563","376797940","105333500000","105283865655","14650000","KRX BBIG 지수","1986.32","37.95","1.95"
"412560","TIGER BBIG레버리지","2340","95","4.23","2337.53","2290","2370","2270","4391","10266795","1755000000","1753146324","750000","KRX BBIG 지수","1986.32","37.95","1.95"
"475630","TIGER CD1년금리액티브(합성)","1060805","70","0.01","1060744.26","1060800","1060805","1060800","22171","23519076340","1676814463500","1676718454198","1580700","KIS CD 1Y 총수익지수","12167.36","0.95","0.01"
"357870","TIGER CD금리투자KIS(합성)","57190","0","0.00","57188.88","57190","57195","57190","284488","16270453040","4900267960000","4896740446547","85684000","KIS CD Index(총수익)","12537.68","0.97","0.01"
"499660","TIGER CD금리플러스액티브(합성)","1001020","85","0.01","1000937.05","1001015","1001020","1001015","10487","10497663911","428636764000","428601243578","428200","KIS CD+CPI연동금리 월분배 지수","12056.92","0.98","0.01"
"400970","TIGER Fn메타버스","8005","220","2.83","8023.82","8020","8120","7890","34839","279841881","60437750000","60579857488","7550000","FnGuide 메타버스테마 지수","1697.37","41.86","2.53"
"377990","TIGER Fn신재생에너지","24445","895","3.80","24481.51","24480","24740","23900","168321","4109398114","89224250000","91805680895","3650000","FnGuide 신재생에너지 지수","4648.75","172.08","3.84"
"417630","TIGER KEDI혁신기업ESG30","17590","760","4.52","17567.21","17660","17775","17260","14144","248003385","20228500000","20202285979","1150000","KEDI 혁신기업ESG30 지수(시장가격 지수)","4376.62","156.57","3.71"
"449170","TIGER KOFR금리액티브(합성)","110380","10","0.01","110371.17","110375","110380","110375","108651","11992705419","2462136280000","2457524548809","22306000","KOFR 지수","1182.44","0.09","0.01"
"292160","TIGER KRX300","38150","2020","5.59","38091.71","38315","38560","37345","4405","167109160","19075000000","19045852935","500000","KRX 300","3697.19","203.26","5.82"
"0072R0","TIGER KRX금현물","16180","10","0.06","16210.27","16165","16190","16000","3232388","52139206938","1584022000000","1586985295521","97900000","KRX 금현물지수","5686.55","4.44","0.08"
"404540","TIGER KRX기후변화솔루션","21750","850","4.07","21757.02","21660","21970","21365","15684","342624217","7612500000","7614957541","350000","KRX 기후변화 솔루션지수","4133.59","163.48","4.12"
"228820","TIGER KTOP30","15250","730","5.03","15208.41","15250","15360","14900","15870","241081296","13725000000","13687567536","900000","KTOP 30","15236.39","714.31","4.92"
"300610","TIGER K게임","6765","40","0.59","6796.75","6850","6965","6730","76394","525237500","16236000000","15972362476","2400000","WISE K게임 테마 지수","551.97","2.79","0.51"
"463250","TIGER K방산&우주","49225","-625","-1.25","49102.89","47705","50240","47500","3295574","160967495315","873743750000","905948349657","17750000","iSelect K방산&우주","7257.50","-114.69","-1.56"
"138530","TIGER LG그룹플러스","9180","265","2.97","9165.92","9285","9285","9015","189569","1743626417","22215600000","22548173970","2420000","MKF LG그룹+ FW","9223.43","244.39","2.72"
"445910","TIGER MKF배당귀족","20475","445","2.22","20432.04","20735","20735","20150","25518","522777292","18427500000","18388832332","900000","MKF 배당귀족 지수(시장가격지수)","2077.28","48.10","2.37"
"289260","TIGER MSCI KOREA ESG리더스","20260","1090","5.69","20354.59","20395","20520","19895","983","20000760","15802800000","15876578900","780000","MSCI Korea Country ESG Leaders Capped Index","2930.51","153.39","5.52"
"289250","TIGER MSCI KOREA ESG유니버설","24655","1800","7.88","24653.10","24655","24755","24160","12315","301598900","16272300000","16271043332","660000","MSCI Korea ESG Universal Index","3458.73","233.78","7.25"
"310970","TIGER MSCI Korea TR","36405","2155","6.29","36414.09","36115","36855","35665","23759","861099557","4193856000000","4194902683304","115200000","MSCI Korea TR Index","3668.19","225.21","6.54"
"269370","TIGER S&P글로벌인프라(합성)","18810","-260","-1.36","18791.60","19640","19640","18630","2058","38789702","13167000000","13154116838","700000","S&P Global Infrastructure Index","3844.83","14.87","0.39"
"248270","TIGER S&P글로벌헬스케어(합성)","25925","-165","-0.63","26154.78","26845","26845","25885","4108","106861085","31110000000","31385735579","1200000","S&P Global 1200 Health Care Index","5420.26","-20.83","-0.38"
"0025N0","TIGER TDF2045","11510","70","0.61","11502.19","11445","11535","11445","511927","5891805534","578953000000","573384153172","50300000","S&P 500 and Korea Target Date 2045 (KRW) PR 지수","485.92","-0.57","-0.12"
"453950","TIGER TSMC파운드리밸류체인","26680","835","3.23","26374.24","26605","27895","26350","72877","1945326311","38686000000","38242646439","1450000","FactSet TSMC 파운드리 밸류체인 지수(시장가격지수)","600.27","24.78","4.31"
"364990","TIGER 게임TOP10","5535","90","1.65","5562.18","5525","5675","5460","481658","2687500818","51752250000","51172089864","9350000","KRX 게임 TOP 10 지수","685.30","12.71","1.89"
"139280","TIGER 경기방어","13035","235","1.84","13006.62","13110","13180","12865","16999","221001719","52922100000","52806877220","4060000","코스피 200 경기방어소비재","1282.52","24.69","1.96"
"237440","TIGER 경기방어채권혼합","10260","25","0.24","10321.58","10235","10335","10235","10200","104999276","10260000000","10321577417","1000000","경기방어소비재 채권혼합 지수","1630.81","13.48","0.83"
"319640","TIGER 골드선물(H)","31100","300","0.97","30661.50","30860","31215","30830","33527","1038654558","152390000000","150241349847","4900000","S&P GSCI Gold Index(TR)","2567.79","67.91","2.72"
"160580","TIGER 구리실물","15760","340","2.20","15568.57","15650","15850","15615","335866","5283040874","270284000000","267000923537","17150000","S&P GSCI Cash Copper Index","294.43","3.86","1.33"
"451530","TIGER 국고채30년스트립액티브","48075","1200","2.56","48183.10","48075","48315","47500","87427","4197417095","147590250000","147922106240","3070000","KIS STRIP 30Y Index(총수익지수)","9130.45","220.66","2.48"
"114820","TIGER 국채3년","105025","580","0.56","104894.26","104975","105045","104855","26707","2803511680","130966175000","130803147786","1247000","KTB INDEX(시장가격)","10241.49","-7.63","-0.07"
"275980","TIGER 글로벌4차산업혁신기술(합성 H)","20665","625","3.12","20706.88","20795","20840","20600","9579","198003895","61581700000","61706503607","2980000","Morningstar Exponential Technologies Equal Weighted Select PR USD","3647.51","42.48","1.18"
"464310","TIGER 글로벌AI&로보틱스 INDXX","14920","-60","-0.40","14901.56","14885","14980","14840","113967","1697097670","121598000000","119957553315","8150000","Indxx Global Robotics & Artificial Intelligence Thematic Index(PR)","5716.39","116.04","2.07"
"418670","TIGER 글로벌AI사이버보안","11920","70","0.59","11993.41","11865","12155","11855","43630","520400565","33376000000","33581555579","2800000","Indxx Cybersecurity 지수 (PR)","1828.16","-11.05","-0.60"
"466950","TIGER 글로벌AI액티브","24345","1410","6.15","24241.32","23815","24385","23815","62872","1523808159","335717550000","327985077617","13790000","Indxx Artificial Intelligence and Big Data 지수(PR)","7486.50","55.45","0.75"
"491010","TIGER 글로벌AI전력인프라액티브","23010","1425","6.60","22887.44","23245","23245","22615","196539","4499723496","482519700000","476516512748","20970000","Mirae Asset AI Infrastructure 지수(PR)","4467.00","131.70","3.04"
"412770","TIGER 글로벌AI플랫폼액티브","11860","255","2.20","11994.36","11780","12035","11760","28204","335860742","95828800000","87079045782","8080000","Indxx Global Metaverse Index (Price Return)","3860.37","21.46","0.56"
"394670","TIGER 글로벌리튬&2차전지SOLACTIVE(합성)","11505","205","1.81","11403.66","11545","11595","11320","77627","891204296","280722000000","278249306698","24400000","Solactive Global Lithium 지수(PR)","1700.42","40.32","2.43"
"440340","TIGER 글로벌멀티에셋TIF액티브","12470","50","0.40","12437.17","12420","12515","12420","4586","57263910","19328500000","19277611376","1550000","INDXX 멀티에셋인컴 지수(시장가격 지수)","1184.03","-2.63","-0.22"
"476690","TIGER 글로벌비만치료제TOP2Plus","10380","100","0.97","10398.42","10280","10410","10280","19939","206828284","48786000000","47312813266","4700000","Indxx Global Obesity Treatment Top 2 Plus 지수 (시장가격)","2543.86","-18.00","-0.70"
"480310","TIGER 글로벌온디바이스AI","13240","415","3.24","13290.61","12905","13325","12905","18585","246322285","48988000000","50504330446","3700000","Mirae Asset Global On-Device AI 지수 (PR)","4644.02","25.56","0.55"
"387270","TIGER 글로벌이노베이션액티브","21525","635","3.04","21442.58","22375","22375","21335","1724","37086445","25830000000","25731101699","1200000","NASDAQ 100","24956.47","-10.78","-0.04"
"276000","TIGER 글로벌자원생산기업(합성 H)","20285","175","0.87","20392.74","19435","20460","19435","7031","141791562","17242250000","17333831034","850000","MorningStar Global Upstream Resources Index(PR)","5525.65","21.84","0.40"
"394660","TIGER 글로벌자율주행&전기차SOLACTIVE","15010","395","2.70","15033.61","15000","15085","14920","17821","267269016","108072000000","107640657534","7200000","Solactive Autonomous & Electric Vehicles 지수(PR)","2074.88","36.97","1.81"
"371450","TIGER 글로벌클라우드컴퓨팅INDXX","10490","55","0.53","10541.96","10535","10550","10480","11203","117778590","20980000000","20240568333","2000000","Indxx Global Cloud Computing Index(PR)","5089.31","-40.08","-0.78"
"464930","TIGER 글로벌혁신블루칩TOP10","19055","420","2.25","19266.44","19190","19190","18770","9170","175047209","128621250000","130048485294","6750000","Mirae Asset Global Innovative Bluechip Top 10 Index(PR)","6653.18","14.20","0.21"
"139320","TIGER 금은선물(H)","22475","385","1.74","22092.12","22215","22510","22197","69925","1565278750","69672500000","68485558447","3100000","S&P GSCI Precious Metals Index(TR)","5981.76","180.01","3.10"
"137610","TIGER 농산물선물Enhanced(H)","5375","-175","-3.15","5391.84","5305","5400","5305","102124","546761359","13437500000","13479608100","2500000","S&P GSCI Agriculture Enhanced Index(ER)","72.15","-0.28","-0.38"
"182490","TIGER 단기선진하이일드(합성 H)","13735","0","0.00","13728.53","13695","13740","13695","1387","19000275","8241000000","8237116773","600000","Markit iBoxx USD Liquid High Yield 0-5 year 지수","80.14","0.16","0.20"
"272580","TIGER 단기채권액티브","56365","0","0.00","56359.92","56365","56370","56355","28159","1587144865","753712780000","756688352669","13372000","KIS MSB 6M PLUS 지수","13546.54","2.26","0.02"
"157450","TIGER 단기통안채","111220","-15","-0.01","111229.57","111215","111220","111205","38573","4289831032","975176960000","977596721278","8768000","KIS MSB 6M(총수익)","13395.04","2.13","0.02"
"105010","TIGER 라틴35","6675","105","1.60","6672.22","6640","6715","6640","26645","177419507","11347500000","11342775668","1700000","BNY Latin America 35 ADR","3229.41","33.50","1.05"
"123320","TIGER 레버리지","81870","8870","12.15","81777.03","83180","83915","78400","1657000","136720737721","335667000000","335285806988","4100000","코스피 200","823.02","47.71","6.15"
"174350","TIGER 로우볼","19900","385","1.97","19918.70","20095","20295","19765","13454","269875735","9552000000","9560975031","480000","FnGuide Low Vol 지수","20436.22","307.99","1.53"
"329200","TIGER 리츠부동산인프라","4490","25","0.56","4501.11","4505","4545","4475","5423148","24393508699","1341387500000","1349883273278","298750000","FnGuide 리츠부동산인프라","1830.32","16.09","0.89"
"0086C0","TIGER 리츠부동산인프라10채권혼합액티브","10300","65","0.64","10303.13","10495","10495","10275","34302","353058370","15965000000","15969847067","1550000","KEDI 리츠부동산인프라TOP10채권혼합지수 (Price Return)","989.22","5.62","0.57"
"0086B0","TIGER 리츠부동산인프라TOP10액티브","10595","90","0.86","10651.43","10625","10695","10565","89812","953228112","90057500000","90537180387","8500000","KEDI 리츠부동산인프라TOP10지수 (Price Return)","837.21","9.33","1.13"
"341850","TIGER 리츠부동산인프라채권","4910","70","1.45","4916.00","4915","4925","4870","5575","27218334","9820000000","9831995940","2000000","KIS 리츠부동산인프라채권PR 지수","41406.67","331.77","0.81"
"0043B0","TIGER 머니마켓액티브","101860","10","0.01","101850.62","101855","101860","101855","117124","11930107457","3483713860000","3484615134330","34201000","KIS-미래에셋 MMF지수","118.21","0.01","0.01"
"147970","TIGER 모멘텀","66585","3005","4.73","66436.93","66430","67315","65200","9837","654805501","30629100000","30560989351","460000","FnGuide 모멘텀 지수","67938.92","2571.35","3.93"
"458250","TIGER 미국30년국채스트립액티브(합성 H)","38980","860","2.26","39193.10","39055","39170","38900","242869","9484260506","629682920000","621367372098","16154000","ICE BofA Long US Treasury Principal STRIPS Index","417.77","-8.38","-1.97"
"476550","TIGER 미국30년국채커버드콜액티브(H)","7605","80","1.06","7627.26","7600","7625","7595","1371917","10441885233","1128201750000","1108621595835","148350000","KEDI 미국채30년 위클리 커버드콜30 지수(Total Return)","1014.57","-9.43","-0.92"
"0142D0","TIGER 미국AI데이터센터TOP4Plus","8630","285","3.42","8648.00","8570","8675","8525","185015","1588310388","62567500000","61400834109","7250000","Akros U.S. AI Data Center TOP4 Plus 지수(PR)","9840.30","14.57","0.15"
"491830","TIGER 미국AI반도체팹리스","14320","445","3.21","14349.23","14380","14380","14230","12489","178550403","24344000000","23676231458","1700000","Mirae Asset US AI Fabless 지수(PR)","12794.11","27.93","0.22"
"490090","TIGER 미국AI빅테크10","14535","260","1.82","14575.81","14580","14585","14475","53541","777973699","202036500000","198231055564","13900000","KEDI 미국AI빅테크10 지수(PR)","10468.67","25.70","0.25"
"493810","TIGER 미국AI빅테크10타겟데일리커버드콜","11450","190","1.69","11469.49","11365","11530","11365","179119","2055433843","260487500000","260930891435","22750000","KEDI 미국AI빅테크10+15%데일리프리미엄 지수(TR)","9846.39","24.93","0.25"
"0102A0","TIGER 미국AI소프트웨어TOP4Plus","8600","165","1.96","8644.71","8565","8645","8520","270582","2326723045","101050000000","98117437909","11750000","Akros U.S. AI Software TOP4 Plus 지수 (Price Return)","7913.32","-346.48","-4.19"
"0123G0","TIGER 미국AI전력SMR","7340","365","5.23","7339.15","7250","7345","7230","555771","4057060639","193776000000","187882269810","26400000","Akros U.S. AI Electricity SMR Index 지수(PR)","7406.22","10.41","0.14"
"182480","TIGER 미국MSCI리츠(합성 H)","13175","0","0.00","13310.12","13205","13315","13170","28786","379992832","165346250000","167041947207","12550000","MSCI US REIT Index","1404.13","1.05","0.07"
"360750","TIGER 미국S&P500","24750","125","0.51","24780.81","24695","24845","24645","9029937","223738684619","14685412500000","14662805279789","593350000","S&P 500","6781.48","-14.51","-0.21"
"448290","TIGER 미국S&P500(H)","15885","345","2.22","15910.14","15830","15895","15810","134760","2137176091","443191500000","441506272208","27900000","S&P 500","6781.48","-14.51","-0.21"
"488500","TIGER 미국S&P500동일가중","12310","70","0.57","12315.02","12285","12360","12245","105604","1299049585","127408500000","127460431233","10350000","S&P 500 Equal Weight Index(PR)","7968.62","-65.72","-0.82"
"225040","TIGER 미국S&P500레버리지(합성 H)","54265","2680","5.20","54489.29","53975","54400","53850","15688","847834447","62947400000","63207578100","1160000","S&P 500","6781.48","-14.51","-0.21"
"429000","TIGER 미국S&P500배당귀족","13690","-20","-0.15","13683.51","13715","13760","13545","102661","1407467312","152643500000","153939517624","11150000","S&P 500 Dividend Aristocrats 지수 (Price Return)","1933.12","-18.16","-0.93"
"143850","TIGER 미국S&P500선물(H)","69420","1335","1.96","69581.66","69185","69420","69100","5766","399535577","98923500000","99153865366","1425000","S&P 500 Futures Index(ER)","548.81","-1.11","-0.20"
"225030","TIGER 미국S&P500선물인버스(H)","2525","-65","-2.51","2526.60","2540","2545","2525","64426","163286261","5807500000","5811185935","2300000","S&P 500 Futures Total Return Index","1024.39","-1.97","-0.19"
"482730","TIGER 미국S&P500타겟데일리커버드콜","11675","115","0.99","11672.31","11570","11720","11570","326575","3814729504","518953750000","514165168273","44450000","S&P500 10% Daily Premium Covered Call Index(TR)","344.84","-0.64","-0.19"
"133690","TIGER 미국나스닥100","162370","1700","1.06","162577.28","161960","163050","161630","564445","91735448522","7926903400000","7928893736066","48820000","NASDAQ 100","24956.47","-10.78","-0.04"
"448300","TIGER 미국나스닥100(H)","19590","510","2.67","19620.04","19530","19620","19485","125441","2454136245","299727000000","295281591536","15300000","NASDAQ 100","24956.47","-10.78","-0.04"
"483240","TIGER 미국나스닥100ETF선물","12420","195","1.60","12631.28","12595","12640","12360","1996","24779676","24840000000","25262557212","2000000","KRX 나스닥 100 ETF 선물지수","2007.37","22.45","1.13"
"418660","TIGER 미국나스닥100레버리지(합성)","33715","630","1.90","33886.88","33565","33990","33415","111214","3750874581","283206000000","284649752706","8400000","NASDAQ 100","24956.47","-10.78","-0.04"
"435420","TIGER 미국나스닥100채권혼합Fn","13495","90","0.67","13515.52","13495","13530","13450","89627","1209936733","297564750000","298017241877","22050000","FnGuide 나스닥100 채권혼합 지수(총수익 지수)","1962.72","3.64","0.19"
"441680","TIGER 미국나스닥100커버드콜(합성)","11115","65","0.59","11162.19","11085","11155","11075","103911","1156035949","367350750000","368910476467","33050000","Cboe Nasdaq-100 BuyWrite V2 지수 (Total Return)","1236.04","0.52","0.04"
"486290","TIGER 미국나스닥100타겟데일리커버드콜","10315","115","1.13","10323.77","10295","10350","10265","873696","9009285128","1179004500000","1161424181622","114300000","NASDAQ 100 Daily Covered Call Target Premium 15% 지수(TR)","400.17","-0.12","-0.03"
"429010","TIGER 미국나스닥넥스트100","17165","275","1.63","17301.70","17070","17335","17070","1242","21348160","8582500000","8650852462","500000","Nasdaq Next Generation 100 지수 (Price Return)","1505.17","-7.53","-0.50"
"203780","TIGER 미국나스닥바이오","31470","875","2.86","31501.08","31495","31495","31225","27431","861707161","103851000000","103953563648","3300000","NASDAQ Biotechnology 지수(시장가격지수)","5944.53","43.56","0.74"
"245340","TIGER 미국다우존스30","34125","195","0.57","34183.61","33935","34205","33935","22912","780741366","139230000000","139469135448","4080000","Dow Jones Industrial Average","47706.51","-34.29","-0.07"
"456610","TIGER 미국달러SOFR금리액티브(합성)","62620","-1100","-1.73","62665.08","62685","63035","62570","35166","2206334509","643357880000","643821035670","10274000","Solactive SOFR Daily Total Return Index","1235.11","0.12","0.01"
"329750","TIGER 미국달러단기채권액티브","13715","-190","-1.37","13676.40","13665","13795","13645","429183","5889287048","463841300000","462946082304","33820000","KIS U.S. TREASURY BOND 0-1Y 지수(총수익)","157.34","-2.82","-1.76"
"261110","TIGER 미국달러선물레버리지","17825","-615","-3.34","17792.38","17810","18050","17800","5765","103196830","12477500000","12454667577","700000","미국달러선물지수","1636.54","-31.24","-1.87"
"261120","TIGER 미국달러선물인버스2X","4760","150","3.25","4779.81","4740","4760","4705","21846","103724235","32368000000","32502694336","6800000","미국달러선물지수","1636.54","-31.24","-1.87"
"494840","TIGER 미국방산TOP10","15650","-725","-4.43","15721.98","15710","15820","15265","497422","7762645503","74337500000","73893290719","4750000","Mirae Asset US Defense Top 10 Index(PR)","2309.17","-44.63","-1.90"
"458730","TIGER 미국배당다우존스","14465","-75","-0.52","14447.34","14545","14545","14460","2216419","32111572734","2983406250000","2981208335866","206250000","Dow Jones U.S. Dividend 100 Price Return Index","6515.78","-27.14","-0.41"
"0008S0","TIGER 미국배당다우존스타겟데일리커버드콜","10135","-65","-0.64","10097.00","10195","10195","10100","375847","3809360609","185470500000","185784709024","18300000","Dow Jones U.S. Dividend 100 10% Daily Premium Covered Call 지수","283.99","-1.14","-0.40"
"458750","TIGER 미국배당다우존스타겟커버드콜1호","12890","-25","-0.19","12856.13","12920","12925","12800","24688","318188746","59294000000","59138198611","4600000","DowJones U.S. Dividend 100 3% Premium Covered Call 지수 (TR)","748.73","-3.07","-0.41"
"458760","TIGER 미국배당다우존스타겟커버드콜2호","11175","-45","-0.40","11136.26","11230","11230","11145","323060","3607166450","766046250000","742788479298","68550000","DowJones U.S. Dividend 100 7% Premium Covered Call 지수 (TR)","613.64","-2.46","-0.40"
"0015K0","TIGER 미국소비트렌드액티브","7570","95","1.27","7574.95","7470","7585","7470","1243","9320330","4769100000","4772217113","630000","Mirae Asset US Consumer Trend 지수 (PR)","1816.36","-7.07","-0.39"
"305080","TIGER 미국채10년선물","13445","-160","-1.18","13429.37","13465","13525","13435","130543","1757941784","240665500000","240385669480","17900000","S&P 10-Year U.S. Treasury Note Futures(ER)","190.43","0.16","0.08"
"0046A0","TIGER 미국초단기(3개월이하)국채","10180","-170","-1.64","10174.35","10200","10250","10170","1164845","11880668953","368108800000","357119852929","36160000","ICE 0-3 Month US Treasury Securities 지수","119.33","0.01","0.01"
"465670","TIGER 미국캐시카우100","14795","-20","-0.13","14738.92","14850","14850","14655","3814","56158140","12575750000","12528079128","850000","Global X U.S. Cash Flow Kings 100 Index(PR)","2693.42","-37.29","-1.37"
"381170","TIGER 미국테크TOP10 INDXX","29295","435","1.51","29349.95","29250","29420","29197","317295","9303261301","3803955750000","3789079163066","129850000","Indxx US Tech Top 10 Index","8610.68","15.04","0.17"
"472160","TIGER 미국테크TOP10 INDXX(H)","16995","500","3.03","17007.41","16825","17000","16825","86607","1468216814","299112000000","299330398946","17600000","Indxx US Tech Top 10 Index","8610.68","15.04","0.17"
"472170","TIGER 미국테크TOP10채권혼합","13540","70","0.52","13595.85","13505","13570","13505","143458","1943322683","322252000000","323581246038","23800000","FnGuide 미국테크TOP10 채권혼합지수","2676.65","4.70","0.18"
"474220","TIGER 미국테크TOP10타겟커버드콜","15200","305","2.05","15152.90","15050","15200","15050","97794","1483494490","498560000000","491711489884","32800000","Bloomberg U.S. Tech Top10+10% Premium Covered Call Index","8213.20","16.16","0.20"
"458260","TIGER 미국투자등급회사채액티브(H)","48620","310","0.64","48686.69","48670","48725","48600","21670","1054279457","289775200000","289977900541","5960000","iBoxx USD Liquid Investment Grade Index(Price Return)","97.94","-0.54","-0.54"
"497570","TIGER 미국필라델피아AI반도체나스닥","16700","765","4.80","16782.15","16775","16845","16660","1147605","19254155850","846690000000","835750897131","50700000","PHLX US AI Semiconductor 지수 (PR)","1782.89","10.40","0.59"
"381180","TIGER 미국필라델피아반도체나스닥","29905","1110","3.85","30034.80","29900","30160","29865","1622684","48698136849","3518323250000","3473524100591","117650000","PHLX Semiconductor Sector Index","7865.12","54.72","0.70"
"423920","TIGER 미국필라델피아반도체레버리지(합성)","48175","980","2.08","48616.77","49000","49000","48000","48684","2360774965","371429250000","374349147982","7710000","PHLX Semiconductor Sector Index","7865.12","54.72","0.70"
"228810","TIGER 미디어컨텐츠","5330","145","2.80","5344.92","5400","5440","5300","397240","2132962381","122643300000","122986665966","23010000","WISE 미디어컨텐츠 지수","2722.88","63.65","2.39"
"364970","TIGER 바이오TOP10","8350","130","1.58","8376.87","8495","8595","8325","1101527","9276866715","285570000000","286907902125","34200000","KRX 바이오 TOP 10 지수","2552.55","39.08","1.55"
"091230","TIGER 반도체","104865","6505","6.61","104385.88","105545","106295","101610","571861","59868573373","843114600000","839262513701","8040000","KRX 반도체","10390.00","651.86","6.69"
"396500","TIGER 반도체TOP10","33570","2190","6.98","33555.31","33770","34115","32585","29440305","987744290374","7783204500000","7887175574375","231850000","FnGuide 반도체TOP10 지수","8664.66","583.32","7.22"
"488080","TIGER 반도체TOP10레버리지","43840","5085","13.12","44162.17","45000","45540","41675","11553656","508900597573","1313008000000","1307200273727","29950000","FnGuide 반도체TOP10 지수","8664.66","583.32","7.22"
"211560","TIGER 배당성장","35325","1095","3.20","35230.40","35740","35740","34755","23557","832351570","93258000000","89837508304","2640000","코스피 배당성장 50","7030.11","193.35","2.83"
"472150","TIGER 배당커버드콜액티브","17235","950","5.83","17265.65","17250","17390","16880","1957116","33645758673","664753950000","672669706802","38570000","코스피 200 커버드콜 5% OTM","545.05","28.33","5.48"
"138520","TIGER 삼성그룹","24550","825","3.48","24602.59","24980","25000","24135","76178","1884770743","87398000000","89553417803","3560000","MKF SAMs FW","28940.20","1371.24","4.97"
"157490","TIGER 소프트웨어","9260","270","3.00","9261.00","9320","9325","9115","349713","3231118838","116490800000","115577285930","12580000","FnGuide 소프트웨어 지수","4776.08","127.62","2.75"
"0000D0","TIGER 엔비디아미국채커버드콜밸런스(합성)","9910","155","1.59","9967.06","9840","9925","9730","38888","385219318","61442000000","61795745614","6200000","KEDI 엔비디아미국채30년타겟커버드콜혼합지수(TR)","1089.56","-10.15","-0.92"
"228800","TIGER 여행레저","3200","120","3.90","3217.11","3190","3225","3170","466757","1493778828","82752000000","83194353248","25860000","WISE 여행레저 지수","1594.07","62.87","4.11"
"227570","TIGER 우량가치","18855","585","3.20","18812.80","18905","18915","18650","2937","55119870","9050400000","9030141953","480000","FnGuide 퀄리티밸류 지수","37867.20","1051.31","2.86"
"438330","TIGER 우량회사채액티브","115420","575","0.50","115344.82","115495","115545","115255","23782","2743399171","701176500000","698412902449","6075000","KIS 투자등급회사채 지수(총수익)","135.24","0.42","0.31"
"261140","TIGER 우선주","23500","1055","4.70","23502.59","23600","23710","23000","60933","1426802488","39480000000","39484343566","1680000","코스피 우선주 지수","5541.88","270.02","5.12"
"130680","TIGER 원유선물Enhanced(H)","5805","-935","-13.87","6081.23","5550","5920","5480","2095553","11905788023","28154250000","30102087946","4850000","S&P GSCI Crude Oil Enhanced Index ER","676.77","-77.32","-10.25"
"217770","TIGER 원유선물인버스(H)","1713","257","17.65","1638.68","1729","1800","1620","5919500","10287697350","6252450000","6472800719","3650000","S&P GSCI Crude Oil Index ER","188.99","-24.03","-11.28"
"195930","TIGER 유로스탁스50(합성 H)","20780","475","2.34","20705.58","20765","20830","20400","8260","170511114","35326000000","35199486854","1700000","EURO STOXX 50 Index","5837.17","151.97","2.67"
"225050","TIGER 유로스탁스레버리지(합성 H)","13765","840","6.50","13434.29","12920","13765","12920","2788","37695820","4129500000","4030287914","300000","EURO STOXX 50 Index","5837.17","151.97","2.67"
"245350","TIGER 유로스탁스배당30","18220","280","1.56","18224.88","18150","18405","17970","9835","178106549","29152000000","29159811629","1600000","Euro STOXX Select Dividend 30","2193.34","34.42","1.59"
"091220","TIGER 은행","15405","325","2.16","15412.87","15490","15730","15140","29694","459376999","21875100000","21269756504","1420000","KRX 은행","1509.28","31.38","2.12"
"466940","TIGER 은행고배당플러스TOP10","24845","635","2.62","24851.49","25125","25350","24390","1498046","37228522460","956532500000","956782384086","38500000","FnGuide 은행고배당플러스TOP10 지수(시장가격 지수)","2279.49","49.02","2.20"
"307510","TIGER 의료기기","18140","575","3.27","18274.29","17900","18510","17900","58630","1064537650","6349000000","6396002688","350000","FnGuide 의료기기 지수","1893.07","60.37","3.29"
"225060","TIGER 이머징마켓MSCI레버리지(합성 H)","13220","940","7.65","12602.14","12280","13220","12280","360","4614810","14013200000","13358272623","1060000","MSCI EM Index","1504.33","49.76","3.42"
"453870","TIGER 인도니프티50","12945","80","0.62","12828.93","12910","13095","12900","117666","1524335522","390939000000","381660698358","30200000","Nifty 50 Index","24261.60","233.55","0.97"
"236350","TIGER 인도니프티50레버리지(합성)","36390","710","1.99","35280.93","37045","37070","36105","394","14442005","24017400000","23285411759","660000","Nifty 50 Index","24261.60","233.55","0.97"
"479730","TIGER 인도빌리언컨슈머","10380","45","0.44","10256.07","10605","10605","10300","34155","357184744","112623000000","110252731006","10850000","Mirae Asset India Billion Consumer 지수(PR)","4201.27","99.49","2.43"
"123310","TIGER 인버스","1891","-114","-5.69","1895.68","1884","1941","1863","6534919","12413750204","59755600000","60472262356","31600000","코스피 200 선물지수","4050.00","251.40","6.62"
"365000","TIGER 인터넷TOP10","5015","85","1.72","4997.50","5020","5040","4955","229342","1147027991","59678500000","59470203953","11900000","KRX 인터넷 TOP 10 지수","1249.28","13.10","1.06"
"195920","TIGER 일본TOPIX(합성 H)","31170","1270","4.25","30670.68","30550","31520","30550","837","26055110","15585000000","15335340682","500000","TOPIX","3664.28","88.44","2.47"
"241180","TIGER 일본니케이225","30210","450","1.51","29491.15","30335","30595","30100","161934","4897744080","418106400000","401079701741","13840000","Nikkei 225","54248.39","1519.67","2.88"
"465660","TIGER 일본반도체FACTSET","20750","810","4.06","20093.60","20640","21000","20150","35308","731127826","21787500000","21098280207","1050000","FactSet Japan Semiconductor Index(PR)","6375.20","300.17","4.94"
"292560","TIGER 일본엔선물","8655","-45","-0.52","8637.59","8615","8710","8615","35876","310339205","57988500000","49234281673","6700000","엔선물지수","481.96","-3.97","-0.82"
"494670","TIGER 조선TOP10","28580","80","0.28","28583.18","29000","29260","27890","1721654","48982402359","993155000000","994694788537","34750000","iSelect 조선TOP10 Index(PR)","4403.96","-2.50","-0.06"
"451540","TIGER 종합채권(AA-이상)액티브","54560","355","0.65","54555.77","54560","54610","54445","9883","538721796","1019399040000","1019320091229","18684000","KIS 종합채권 AA-이상 총수익 지수(Total return Index)","118.13","0.64","0.54"
"150460","TIGER 중국소비테마","7305","145","2.03","7337.71","7430","7430","7305","17543","128655940","65745000000","66039371022","9000000","FnGuide 중국내수테마 지수","3762.25","75.32","2.04"
"302190","TIGER 중장기국채","50855","375","0.74","50838.55","50790","50875","50735","25836","1313011380","296993200000","296897145610","5840000","KIS 국채 3-10년 지수(시장가격지수)","10258.68","40.72","0.40"
"157500","TIGER 증권","17725","330","1.90","17670.25","18450","18455","17460","2790707","50307358627","358754000000","358706112587","20240000","FnGuide 증권 지수","8695.44","131.28","1.53"
"307520","TIGER 지주회사","19640","650","3.42","19614.83","19835","19845","19200","1469930","28790583321","336826000000","334432811344","17150000","FnGuide 지주회사 지수","2895.67","98.45","3.52"
"0067Y0","TIGER 차이나AI소프트웨어","13560","800","6.27","12982.01","13140","13650","12710","25099","333886557","23730000000","22069421346","1750000","Mirae Asset China AI Software 지수 (Price Return, HKD)","1069.88","56.89","5.62"
"192090","TIGER 차이나CSI300","13125","75","0.57","12965.16","13080","13190","12955","240475","3154599891","160125000000","153637161825","12200000","CSI 300 Index","4674.76","59.30","1.28"
"204480","TIGER 차이나CSI300레버리지(합성)","28855","-80","-0.28","28665.27","28505","29070","27575","9964","286008025","115997100000","115234368652","4020000","CSI 300 Index","4674.76","59.30","1.28"
"217780","TIGER 차이나CSI300인버스(합성)","5295","-75","-1.40","5462.85","5370","5370","5295","708","3746860","8207250000","8467410109","1550000","CSI 300 Index","4674.76","59.30","1.28"
"245360","TIGER 차이나HSCEI","13425","35","0.26","13238.02","13350","13450","13160","6755","89638495","40275000000","39052168691","3000000","Hang Seng China H","8673.24","91.78","1.07"
"414780","TIGER 차이나과창판STAR50(합성)","12365","20","0.16","12267.15","12225","12480","12125","267281","3270191321","202167750000","200567882426","16350000","STAR 50 Index(Price Return)","1420.54","30.06","2.16"
"0067V0","TIGER 차이나글로벌리더스TOP3+","10895","5","0.05","11001.57","10890","10995","10780","12771","138697723","58833000000","59408471360","5400000","Solactive-KEDI 차이나글로벌리더스TOP3플러스 지수 (Price Return, CNH)","2347.93","30.02","1.30"
"371470","TIGER 차이나바이오테크SOLACTIVE","8475","155","1.86","8311.22","8240","8500","8220","96537","809244104","62376000000","59840800593","7360000","Solactive China Biotech Index(PR)","1688.56","46.20","2.81"
"396520","TIGER 차이나반도체FACTSET","10845","215","2.02","10604.28","10940","10940","10670","863965","9338054262","224708400000","215478939526","20720000","FactSet China Semiconductor 지수(PR)","243.59","6.56","2.77"
"371460","TIGER 차이나전기차SOLACTIVE","12775","185","1.47","12601.18","12435","12860","12435","1040350","13283448637","1346485000000","1295905702436","105400000","Solactive China Electric Vehicle and Battery Index(PR)","2489.07","44.67","1.83"
"456680","TIGER 차이나전기차레버리지(합성)","9975","120","1.22","9785.88","9650","10115","9650","22637","225864415","62343750000","60868155796","6250000","Solactive China Electric Vehicle and Battery Index(PR)","2489.07","44.67","1.83"
"0133E0","TIGER 차이나증권","8930","100","1.13","8863.57","8945","8990","8890","46974","418704685","14288000000","13295361078","1600000","Solactive China Securities Index (Price Return)","2307.85","22.70","0.99"
"396510","TIGER 차이나클린에너지SOLACTIVE","9555","-75","-0.78","9702.51","9635","9640","9325","15023","143309856","22549800000","22509816140","2360000","Solactive China Clean Energy 지수(PR)","2352.52","14.03","0.60"
"0047A0","TIGER 차이나테크TOP10","11525","305","2.72","11153.94","11345","11585","11130","438732","5010565828","249516250000","232002013187","21650000","Mirae Asset China Tech Top 10 지수 (Price Return)","3690.89","157.98","4.47"
"117690","TIGER 차이나항셍30","21525","125","0.58","21243.55","22000","22000","21160","13191","282260305","12915000000","12746130253","600000","Hang Seng China (Hong Kong-listed) 30 Index","9191.06","172.08","1.91"
"371160","TIGER 차이나항셍테크","8130","70","0.87","7983.50","8060","8165","8020","1450078","11763964456","918690000000","887765715459","113000000","Hang Seng TECH Index","5060.53","228.17","4.72"
"438320","TIGER 차이나항셍테크레버리지(합성 H)","6710","300","4.68","6457.45","6555","6725","6460","120243","795792990","29054300000","28154464605","4330000","Hang Seng TECH Index","5060.53","228.17","4.72"
"0053L0","TIGER 차이나휴머노이드로봇","13020","195","1.52","12727.36","12915","13070","12755","916386","11856487434","417291000000","395184661381","32050000","Mirae Asset China Humanoid Robot 지수(PR)","3061.00","74.14","2.48"
"0117V0","TIGER 코리아AI전력기기TOP3플러스","16525","770","4.89","16567.07","16700","16900","16210","2603535","43065842747","542846250000","550026619277","32850000","KEDI 코리아AI전력기기TOP3플러스 지수","24219.02","1243.44","5.41"
"292150","TIGER 코리아TOP10","30155","1980","7.03","30175.19","29895","30590","29515","3079929","92612550148","2234485500000","2267665655529","74100000","FnGuide TOP10 지수","10636.62","776.64","7.88"
"0052D0","TIGER 코리아배당다우존스","15750","360","2.34","15705.83","15805","15945","15480","566300","8886173941","482737500000","481383741720","30650000","Dow Jones Korea Dividend 30 지수 (Price Return)","2113.68","46.17","2.23"
"0104P0","TIGER 코리아배당다우존스위클리커버드콜","11675","265","2.32","11641.29","11880","11880","11460","14684","171067660","38527500000","38416252963","3300000","KRX 다우존스 코리아 배당 30 타겟 7% 위클리 커버드콜 지수","2780.35","61.21","2.25"
"496080","TIGER 코리아밸류업","24725","1545","6.67","24727.78","24520","25015","24200","1631230","40209410924","414143750000","415426782352","16750000","코리아 밸류업 지수","2505.10","149.04","6.33"
"0091P0","TIGER 코리아원자력","19470","1355","7.48","19466.22","19080","20075","18815","5621143","109838607548","578259000000","580093234530","29700000","iSelect 코리아 원자력 지수 (Price Return)","4245.24","291.48","7.37"
"471780","TIGER 코리아테크액티브","24275","1400","6.12","24106.41","24465","25000","23670","108468","2624754364","61415750000","59783887487","2530000","KRX 정보기술","3809.81","256.32","7.21"
"0148J0","TIGER 코리아휴머노이드로봇산업","12825","545","4.44","12883.67","13000","13300","12650","4184124","54406284939","622012500000","628723025241","48500000","KEDI 코리아 휴머노이드로봇산업 지수 (PR)","8409.62","347.42","4.31"
"232080","TIGER 코스닥150","20535","320","1.58","20550.92","21200","21285","20305","11529179","239245095184","2249814600000","2289783205297","109560000","코스닥 150","2018.97","37.72","1.90"
"233160","TIGER 코스닥150 레버리지","19395","645","3.44","19693.84","20840","20850","19055","3557319","70759999343","297713250000","310177980396","15350000","코스닥 150","2018.97","37.72","1.90"
"261060","TIGER 코스닥150IT","25330","710","2.88","25289.33","26000","26000","24840","283746","7242028718","42047800000","41980291801","1660000","코스닥 150 정보기술","1296.69","50.19","4.03"
"261070","TIGER 코스닥150바이오테크","20605","135","0.66","20610.74","21590","21590","20405","441679","9231437749","98079800000","98107103780","4760000","코스닥 150 헬스케어","7159.86","32.86","0.46"
"250780","TIGER 코스닥150선물인버스","2025","-35","-1.70","2005.29","1948","2050","1948","1582161","3151023267","11441250000","12633333025","5650000","F-코스닥150 지수","2364.15","64.31","2.80"
"461580","TIGER 코스닥글로벌","18985","45","0.24","19080.97","20085","20085","18800","600540","11540059116","55056500000","55334814081","2900000","코스닥 글로벌 지수","2413.05","27.26","1.14"
"277630","TIGER 코스피","57700","3205","5.88","57742.74","57980","58300","56580","199562","11499526354","401015000000","401312038592","6950000","코스피","5532.59","280.72","5.35"
"210780","TIGER 코스피고배당","24360","570","2.40","24366.41","24600","24675","24070","38296","935636093","84042000000","84064127067","3450000","코스피 고배당 50","4804.28","102.12","2.17"
"277640","TIGER 코스피대형주","29630","1530","5.44","29601.39","29680","29925","28995","76543","2260655588","50371000000","50322360759","1700000","코스피 대형주","5890.73","317.78","5.70"
"277650","TIGER 코스피중형주","21480","550","2.63","21582.18","21610","21740","21355","822","17688125","4296000000","4316436282","200000","코스피 중형주","4187.55","105.81","2.59"
"376410","TIGER 탄소효율그린뉴딜","19515","1015","5.49","19510.32","19605","19765","19145","5469","106596111","17563500000","17559289707","900000","KRX/S&P 탄소효율 그린뉴딜지수","3284.10","174.88","5.62"
"447770","TIGER 테슬라채권혼합Fn","14550","105","0.73","14600.63","14455","14600","14455","357116","5196398064","619830000000","621256688698","42600000","FnGuide 테슬라채권혼합 지수","3728.27","2.22","0.06"
"0060H0","TIGER 토탈월드스탁액티브","12040","55","0.46","12085.12","12330","12330","11925","206301","2480284285","361200000000","362553551512","30000000","FTSE Global All Cap Index(PR)","1134.25","9.12","0.81"
"387280","TIGER 퓨처모빌리티액티브","12210","645","5.58","12246.29","12070","12390","11985","12749","155452833","20024400000","17512190809","1640000","FnGuide 퓨처모빌리티 지수","3074.90","135.94","4.63"
"449690","TIGER 한중반도체(합성)","37090","1810","5.13","35267.51","35525","37245","35525","1140","41918740","27817500000","26450630783","750000","KRX CSI 한·중 반도체지수","9004.38","387.60","4.50"
"449680","TIGER 한중전기차(합성)","13165","585","4.65","12765.57","12870","13170","12765","1720","22157145","11190250000","10850736029","850000","KRX CSI 한·중 전기차지수","5620.72","113.64","2.06"
"143860","TIGER 헬스케어","50700","520","1.04","50718.64","51435","52200","50450","70890","3630013207","202800000000","202874572841","4000000","KRX 헬스케어","5154.20","64.66","1.27"
"138540","TIGER 현대차그룹플러스","59850","2150","3.73","59760.56","60800","60995","58745","1031267","61893161711","732564000000","739835682585","12240000","MKF 현대차그룹+ FW","69855.21","2862.41","4.27"
"228790","TIGER 화장품","3340","110","3.41","3338.24","3330","3355","3280","3723063","12382508523","305209200000","305348510995","91380000","WISE 화장품 지수","3366.16","103.99","3.19"
"441800","TIME Korea플러스배당액티브","26845","1385","5.44","26761.98","27030","27185","26265","693085","18568959317","644280000000","642287588402","24000000","코스피 200","823.02","47.71","6.15"
"463050","TIME K바이오액티브","20000","125","0.63","20051.67","20730","20755","19835","1506528","30406998338","469000000000","469208976591","23450000","KRX 헬스케어","5154.20","64.66","1.27"
"404120","TIME K신재생에너지액티브","24145","875","3.76","24253.31","24285","24565","23705","14573","352640449","14487000000","14551986143","600000","KRX 기후변화 솔루션지수","4133.59","163.48","4.12"
"385710","TIME K이노베이션액티브","12990","490","3.92","12990.46","12750","13245","12745","42031","548562780","14289000000","14289505906","1100000","KRX BBIG 지수","1986.32","37.95","1.95"
"410870","TIME K컬처액티브","11785","185","1.59","11786.67","11990","12230","11725","46068","549551750","47140000000","47146678377","4000000","FnGuide K-컬처 지수","732.42","3.34","0.46"
"456600","TIME 글로벌AI인공지능액티브","40180","2490","6.61","40395.47","39850","40480","39500","496713","19969321930","1144326400000","1122993989857","28480000","Solactive Global Artificial Intelligence 지수","423.80","3.39","0.81"
"485810","TIME 글로벌바이오액티브","10445","80","0.77","10642.84","11000","11000","10365","5378","56222685","13578500000","13303545221","1300000","KEDI 글로벌 불로장생바이오 지수(원화환산)","1635.89","-16.30","-0.99"
"494180","TIME 글로벌소비트렌드액티브","13540","380","2.89","13607.30","13610","13610","13380","1998","26918874","14894000000","14287669606","1100000","Solactive 뉴에이지컨수머지수","1383.47","2.86","0.21"
"478150","TIME 글로벌우주테크&방산액티브","22880","180","0.79","22907.10","22665","22985","22450","221434","5060440309","423280000000","420345325277","18500000","Solactive Aerospace and Defense USD Index PR","3394.26","3.08","0.09"
"0113D0","TIME 글로벌탑픽액티브","11160","410","3.81","11145.32","11110","11215","11000","107128","1190867634","87048000000","86933483059","7800000","Bloomberg World Large, Mid & Small cap PR Index","2318.64","18.82","0.82"
"426020","TIME 미국S&P500액티브","28625","675","2.42","28739.43","28395","28750","28350","164015","4696725977","199230000000","199451671892","6960000","S&P 500","6781.48","-14.51","-0.21"
"426030","TIME 미국나스닥100액티브","36850","2200","6.35","36861.30","36270","37015","36215","568450","20912971182","1025167000000","1008525224388","27820000","NASDAQ 100","24956.47","-10.78","-0.04"
"0019K0","TIME 미국나스닥100채권혼합50액티브","11715","335","2.94","11739.90","11615","11725","11600","261245","3050874188","149366250000","147922802118","12750000","FnGuide 미국나스닥100 단기채권혼합 지수","2111.92","-17.62","-0.83"
"0036D0","TIME 미국배당다우존스액티브","10890","155","1.44","10857.56","10740","10945","10740","38427","418508066","23958000000","23886640350","2200000","Dow Jones U.S. Dividend 100 Price Return Index","6515.78","-27.14","-0.41"
"0043Y0","TIME 차이나AI테크액티브","15785","805","5.37","15077.80","16365","16365","15065","551101","8606951251","192577000000","175656419617","12200000","Solactive China Artificial Intelligence 지수(원화환산)(PR)","2549.15","39.27","1.56"
"495060","TIME 코리아밸류업액티브","22795","1215","5.63","22809.02","22925","23100","22350","216031","4920636588","143608500000","144837284719","6300000","코리아 밸류업 지수","2505.10","149.04","6.33"
"0162Y0","TIME 코스닥액티브","12240","485","4.13","12189.20","13320","14395","12005","38495439","478085119991","56916000000","56679785254","4650000","코스닥","1137.68","1137.68","0.00"
"385720","TIME 코스피액티브","20475","1200","6.23","20424.06","21000","21000","19995","569035","11640268480","270270000000","273682376942","13200000","코스피","5532.59","280.72","5.35"
"108590","TREX 200","82880","4785","6.13","82785.02","82105","83515","81355","2498","206854290","16576000000","16557004688","200000","코스피 200","823.02","47.71","6.15"
"145850","TREX 펀더멘탈 200","88590","4285","5.08","88673.07","88655","88655","87075","7","617855","22147500000","22168266514","250000","FnGuide-RAFI 코리아200 지수","22416.72","1191.31","5.61"
"472720","TRUSTON 주주가치액티브","22650","1145","5.32","22563.95","22565","22810","22215","4219","95296154","13590000000","13538367948","600000","코스피 200","823.02","47.71","6.15"
"496130","TRUSTON 코리아밸류업액티브","20575","1090","5.59","20674.48","20635","20875","20370","1662","34122395","12345000000","12404686589","600000","코리아 밸류업 지수","2505.10","149.04","6.33"
"433250","UNICORN R&D 액티브","21625","620","2.95","21753.85","21675","21890","21575","338","7296690","8650000000","8701541647","400000","코스피 200","823.02","47.71","6.15"
"494220","UNICORN SK하이닉스밸류체인액티브","32055","1630","5.36","32207.88","32580","32800","31345","383180","12305333435","118603500000","117558774395","3700000","FnGuide SK하이닉스밸류체인 지수","6297.59","401.85","6.82"
"470310","UNICORN 생성형AI강소기업액티브","14230","700","5.17","14312.91","14460","14510","14025","912","13091370","3557500000","3578227047","250000","iSelect AI 지수","2018.13","37.23","1.88"
"476000","UNICORN 포스트IPO액티브","12460","590","4.97","12527.54","12500","12650","12215","6138","75233830","5607000000","5637392352","450000","iSelect 포스트 IPO 지수","1663.23","62.26","3.89"
"422260","VITA MZ소비액티브","9625","140","1.48","9701.55","9765","9810","9625","54","521420","14437500000","14552322861","1500000","FnGuide MZ 소비 지수","1008.47","19.93","2.02"
"452440","VITA 밸류알파액티브","17395","130","0.75","17492.22","17650","17650","17395","1491","26256945","12176500000","12244555525","700000","FnGuide 밸류알파지수","2694.21","101.95","3.93"
"448100","WON 200","85240","4865","6.05","85158.08","85030","87500","83770","41760","3554930242","104419000000","104318646544","1225000","코스피 200","823.02","47.71","6.15"
"413930","WON AI ESG액티브","21690","1150","5.60","21786.70","21735","22055","21422","7805","168859814","14098500000","14161357762","650000","MK-iSelect AI ESG 지수(시장가격지수)","3112.26","153.29","5.18"
"0088N0","WON K-글로벌수급상위","12775","285","2.28","12752.58","13065","13065","12575","43156","552115013","26188750000","26142788037","2050000","DeepSearch 외인수급 Top20 지수","4687.27","105.46","2.30"
"458030","WON 국공채머니마켓액티브","54295","-5","-0.01","54301.03","54300","54300","54295","796","43219245","71777990000","61577366684","1322000","KAP 국공채 머니마켓 총수익 지수","121.79","0.01","0.01"
"426150","WON 대한민국국고채액티브","54515","515","0.95","54505.56","54530","54530","54370","378","20598365","53533730000","53524456889","982000","KAP 한국 국고채 총수익 지수","111.84","0.99","0.89"
"444490","WON 미국S&P500","18910","80","0.42","18933.88","18865","18980","18840","26584","502662160","66185000000","66268590025","3500000","S&P 500","6781.48","-14.51","-0.21"
"489290","WON 미국빌리어네어","15000","190","1.28","15011.64","14995","15040","14895","22157","331614670","42000000000","42032589945","2800000","Bloomberg US Billionaires Investment Select Index(PR)","5733.41","-16.11","-0.28"
"440910","WON 미국우주항공방산","28005","-50","-0.18","28055.55","28055","28195","27945","87434","2449081808","88215750000","86972208325","3150000","S&P Aerospace & Defense Select Industry Index(PR)","43055.20","-629.62","-1.44"
"474590","WON 반도체밸류체인액티브","28820","1985","7.40","28821.23","28910","29225","28170","82869","2380953128","146982000000","146988280513","5100000","FnGuide 반도체 밸류체인 (Price Return) 지수","6127.72","415.05","7.27"
"496020","WON 전단채플러스액티브","51610","5","0.01","51600.63","51605","51610","51600","2212","114154346","205820680000","213729793240","3988000","KIS 전단채플러스 TR 지수","118.91","0.01","0.01"
"488720","WON 종합채권(AA-이상)액티브","50085","380","0.76","50041.14","50070","50115","49960","1865","93282955","67714920000","67655617894","1352000","KIS 종합채권시장 총수익지수(AA-이상)","108.81","0.61","0.56"
"0154F0","WON 초대형IB&금융지주","13455","220","1.66","13444.33","13910","13910","13235","228380","3108577138","76693500000","76632692317","5700000","iSelect 초대형IB&금융지주 지수","4532.68","78.58","1.76"
"480460","WON 한국부동산TOP3플러스","10230","195","1.94","10205.22","10090","10230","10090","673","6844710","10230000000","10205219582","1000000","DeepSearch 한국부동산TOP3플러스 지수","766.72","8.63","1.14"
"0053M0","더제이 중소형포커스액티브","13275","320","2.47","13361.61","13490","13590","13180","19567","261699487","9292500000","9353128032","700000","코스피 200 중소형주지수","2281.49","66.94","3.02"
"488290","마이다스 일본테크액티브","34175","1250","3.80","33163.42","35055","35055","33020","34206","1157998767","8543750000","8290854025","250000","Solactive Japan Tech Top 30 지수(PR)","4172.98","176.79","4.42"
"438740","마이다스 중소형액티브","35650","930","2.68","35932.80","35760","36085","35440","19","682910","8021250000","8084879819","225000","코스피 중형주","4187.55","105.81","2.59"
"403790","마이다스 코스피액티브","46160","2520","5.77","46191.44","46450","46545","45245","10567","486889410","155790000000","155896123913","3375000","코스피","5532.59","280.72","5.35"
"0112X0","마이티 200TR","30940","1755","6.01","30980.44","30725","31300","30370","35227","1084167557","34034000000","34078479387","1100000","코스피 200 TR","1085.60","62.93","6.15"
"465780","마이티 26-09 특수채(AAA)액티브","105030","0","0.00","105042.95","0","0","0","0","0","174664890000","174686424382","1663000","KAP 26-09 특수채 지수(총수익)","116.51","0.01","0.01"
"442260","마이티 다이나믹퀀트액티브","28755","1395","5.10","28950.24","28745","29215","28365","663","19100931","34506000000","34740288177","1200000","코스피 200","823.02","47.71","6.15"
"0001P0","마이티 바이오시밀러&CDMO액티브","13485","15","0.11","13521.49","13805","13922","13385","10157","137827124","15642600000","15684926227","1160000","FnGuide 바이오시밀러&CDMO 지수","2828.96","18.36","0.65"
"159800","마이티 코스피100","65085","3895","6.37","65422.61","65365","66355","64320","201","13215740","18223800000","18318331936","280000","코스피 100","6338.18","377.23","6.33"
"0007N0","아이엠에셋 200","84410","4915","6.18","83929.58","83940","85310","82775","1081","91319577","71748500000","71340145167","850000","코스피 200","823.02","47.71","6.15"
"462340","에셋플러스 글로벌다이나믹시니어액티브","15980","280","1.78","15973.47","15700","16050","15700","18","286870","8309600000","8306205540","520000","S&P 500","6781.48","-14.51","-0.21"
"433220","에셋플러스 글로벌대장장이액티브","28410","1000","3.65","28202.14","27505","28550","27505","637","18077340","19887000000","19741496974","700000","S&P 500","6781.48","-14.51","-0.21"
"451150","에셋플러스 글로벌영에이지액티브","18210","270","1.51","18207.23","17940","18280","17940","94","1712982","11290200000","11288481309","620000","S&P 500","6781.48","-14.51","-0.21"
"477490","에셋플러스 글로벌일등기업포커스10액티브","18450","855","4.86","18320.83","18460","18475","18130","8207","150677725","18450000000","18320831352","1000000","MSCI World","4438.01","20.21","0.46"
"407830","에셋플러스 글로벌플랫폼액티브","14910","260","1.77","14944.30","14435","15080","14435","3926","58455425","50694000000","46327325838","3400000","S&P 500","6781.48","-14.51","-0.21"
"0002C0","에셋플러스 인도일등기업포커스20액티브","9160","125","1.38","9017.89","9035","9190","8990","5576","50463920","9892800000","9739322640","1080000","MSCI India IMI Index(PR)","2245.92","41.68","1.89"
"474920","에셋플러스 차이나일등기업포커스10액티브","16160","215","1.35","15994.77","16030","16365","15925","6305","101660410","15513600000","15354979768","960000","MSCI China Index(USD, Price Return)","80.25","1.91","2.43"
"442090","에셋플러스 코리아대장장이액티브","24700","1445","6.21","24690.76","24760","24925","24260","4088","100678842","22230000000","22221687677","900000","FnGuide 대장장이 지수(Price Return)","2481.27","99.62","4.18"
"407820","에셋플러스 코리아플랫폼액티브","8500","70","0.83","8541.36","8695","8695","8500","13119","113310120","17000000000","17082710313","2000000","FnGuide 플랫폼 지수(Price Return)","1310.22","22.05","1.71"
"152870","파워 200","83870","4785","6.05","83907.17","83070","84955","82040","12017","1009011015","125805000000","125860755429","1500000","코스피 200","823.02","47.71","6.15"
"491510","파워 K-주주가치액티브","16965","450","2.72","17030.31","16930","17215","16775","792","13460860","18661500000","18733340949","1100000","FnGuide K-주주가치 지수","3541.56","78.93","2.28"
"192720","파워 고배당저변동성","55030","1560","2.92","54966.67","55070","55720","54320","9942","548302665","28065300000","29681999473","510000","코스피 200 고배당지수","5381.28","127.22","2.42"
"498180","파워 종합채권(AA-이상)액티브","96420","850","0.89","96313.40","0","0","0","0","0","113100660000","112975614982","1173000","KIS 한국종합채권지수(AA-이상, 총수익)","108.81","0.61","0.56"
"140950","파워 코스피100","64485","3620","5.95","64572.56","64090","65175","63145","2594","167201492","36111600000","36160631270","560000","코스피 100","6338.18","377.23","6.33"