종목코드,종목명,종가,대비,등락률,순자산가치(NAV),시가,고가,저가,거래량,거래대금,시가총액,순자산총액,상장좌수,기초지수_지수명,기초지수_종가,기초지수_대비,기초지수_등락률
"451060","1Q 200액티브","26885","2405","9.82","26976.00","26490","27900","26455","513039","13949210535","241965000000","246830435496","9000000","코스피 200","831.22","74.43","9.83"
"491610","1Q CD금리액티브(합성)","103420","5","0.00","103424.84","103420","103430","103415","10591","1095337840","220594860000","220605179145","2133000","KIS 하나 CD금리 총수익지수","11706.40","0.90","0.01"
"0103T0","1Q K소버린AI","9710","720","8.01","9679.86","9655","9855","9517","411391","3963490715","25731500000","25651627689","2650000","iSelect K소버린AI 지수","1911.43","138.67","7.82"
"463290","1Q 단기금융채액티브","107735","10","0.01","107731.57","107725","107745","107725","13948","1502692933","184226850000","184220977064","1710000","MK 머니마켓 지수(총수익)","14547.23","1.06","0.01"
"0131W0","1Q 단기특수은행채액티브","100795","30","0.03","100768.29","100780","100795","100780","6474","652453740","107145085000","107116687851","1063000","KIS 단기특수은행채 지수(총수익)","115.65","0.01","0.01"
"479080","1Q 머니마켓액티브","52920","15","0.03","52905.19","52905","52920","52905","78117","4133536899","882282240000","876744852106","16672000","KIS-하나 MMF 지수(총수익)","119.05","0.00","0.00"
"0026S0","1Q 미국S&P500","12215","60","0.49","12262.43","12240","12257","12160","234001","2859001079","257736500000","244022445972","21100000","S&P 500","6830.71","-38.79","-0.56"
"0052S0","1Q 미국S&P500미국채혼합50액티브","11575","-10","-0.09","11598.08","11570","11585","11500","457071","5283745798","259280000000","252838206941","22400000","S&P 500 and Short-Term Treasury 50/50 Blend Index","275.76","-0.77","-0.28"
"0069M0","1Q 미국나스닥100","12175","170","1.42","12231.84","12200","12240","12135","139853","1704390088","118097500000","112532939124","9700000","NASDAQ 100","25020.41","-73.27","-0.29"
"0111P0","1Q 미국나스닥100미국채혼합50액티브","10490","40","0.38","10520.09","10480","10500","10425","255909","2679986166","198261000000","195673715528","18900000","Nasdaq-100 US T-Bills 0-6 Month 50/50 Index","2861.11","-4.07","-0.14"
"0083S0","1Q 미국메디컬AI","10195","165","1.65","10248.89","10200","10250","10170","60456","617090143","43838500000","44070226347","4300000","KEDI 미국메디컬AI 지수","1804.70","-8.61","-0.47"
"0004G0","1Q 미국배당TOP30","9650","-50","-0.52","9698.51","9700","9700","9600","15998","154321974","9650000000","9698513316","1000000","Solactive U.S. Dividend TOP 30 Index PR","4283.64","-39.36","-0.91"
"0131V0","1Q 미국우주항공테크","13090","525","4.18","13160.33","13020","13135","13005","1839551","24079398757","598867500000","597478874446","45750000","Akros 미국우주항공테크 지수","4314.53","-172.91","-3.85"
"0094X0","1Q 샤오미밸류체인액티브","9285","60","0.65","9237.63","9415","9495","9195","40220","376038285","16248750000","16165857900","1750000","Solactive-KEDI Xiaomi Focus China Tech Index","1811.79","40.39","2.28"
"0017Y0","1Q 종합채권(AA-이상)액티브","97155","355","0.37","97310.39","97240","97240","97155","27","2623585","79667100000","92931421921","820000","KIS 종합채권형 지수(AA-이상)(총수익)","123.44","0.39","0.32"
"0052T0","1Q 중단기회사채(A-이상)액티브","50185","25","0.05","50182.04","50195","50195","50185","623","31268380","95652610000","95646965176","1906000","KEDI 중단기크레딧플러스채권(AAA~A-)지수(총수익)","118.46","0.06","0.05"
"495330","1Q 코리아밸류업","24940","2300","10.16","24904.62","25530","25615","24535","220235","5542947789","89784000000","89656623634","3600000","코리아 밸류업 지수","2532.38","225.24","9.76"
"492500","1Q 현대차그룹채권(A+이상)&국고통안","51085","55","0.11","51078.30","51095","51120","51060","3027","154637205","109219730000","109205395487","2138000","KIS 하나 현대차그룹채권(A+이상)&국고통안 총수익지수","11859.00","8.54","0.07"
"473440","ACE 11월만기자동연장회사채AA-이상액티브","10685","5","0.05","10693.95","10685","10695","10680","10257","109613665","87617000000","87690405995","8200000","KIS 11월 만기자동연장회사채(AA-이상) 총수익지수","122.20","0.01","0.01"
"105190","ACE 200","83800","7560","9.92","84124.29","83195","86530","82625","1089362","92281938858","1382700000000","1379638351004","16500000","코스피 200","831.22","74.43","9.83"
"332500","ACE 200TR","55910","5055","9.94","56029.73","55430","57590","55055","527439","29762581457","123002000000","123265395534","2200000","코스피 200 TR","1096.41","98.19","9.84"
"461270","ACE 26-06 회사채(AA-이상)액티브","11117","2","0.02","11127.17","11115","11120","11115","5457","60664161","161307670000","161455234183","14510000","KIS 크레딧 2606만기형(AA-이상)지수(총수익지수)","124.65","0.01","0.01"
"475260","ACE 2월만기자동연장회사채AA-이상액티브","10610","5","0.05","10610.52","10615","10615","10610","270","2865740","49973100000","49975542763","4710000","KAP 2월 만기자동연장회사채(AA-이상) 총수익지수","121.14","0.02","0.02"
"385600","ACE 2차전지&친환경차액티브","10395","995","10.59","10337.56","10800","10800","10160","61570","640072329","20790000000","20675116439","2000000","FnGuide 친환경 자동차 밸류체인 지수","1847.45","162.95","9.67"
"475270","ACE 5월만기자동연장회사채AA-이상액티브","10590","5","0.05","10584.28","10590","10590","10585","115","1217480","44266200000","44242291346","4180000","KIS 5월 만기자동연장회사채(AA-이상) 총수익지수","119.76","0.02","0.02"
"475280","ACE 8월만기자동연장회사채AA-이상액티브","10570","5","0.05","10575.68","10575","10575","10570","86","909045","73778600000","73818253272","6980000","KAP 8월 만기자동연장회사채(AA-이상) 총수익지수","121.40","0.01","0.01"
"469150","ACE AI반도체TOP3+","47240","6805","16.83","46989.58","46335","48130","45735","3305573","155141360199","427522000000","406459847399","9050000","FnGuide AI반도체 TOP3+ 지수","5892.91","822.92","16.23"
"0079X0","ACE BYD밸류체인액티브","12020","65","0.54","12005.44","11955","12255","11955","2549","30659590","3005000000","3001360823","250000","Bloomberg BYD Plus Top Supply Chain Select Price Return Index","2665.73","-6.48","-0.24"
"385590","ACE ESG액티브","17840","1460","8.91","17811.97","16385","18320","16385","1024","18388795","39248000000","39186323571","2200000","MSCI Korea Country ESG Leaders Custom Capped Price return Index","3392.22","288.29","9.29"
"0010E0","ACE FTSE WGBI Korea","93660","380","0.41","93963.88","93785","94050","93660","71","6660075","4495680000","4510266110","48000","FTSE Korean Government Bond Index(TR)","199.37","0.87","0.44"
"226380","ACE Fn성장소비주도주","6540","345","5.57","6485.80","6530","6580","6365","10486","67697130","4578000000","4540062473","700000","FnGuide 성장소비주도 지수","2144.61","110.13","5.41"
"475050","ACE KPOP포커스","10805","560","5.47","10762.77","10895","11075","10640","1133342","12316138421","158293250000","153369444358","14650000","iSelect K-POP 포커스지수(시장가격)","2684.97","110.96","4.31"
"411060","ACE KRX금현물","33930","-35","-0.10","33769.51","33615","34190","33495","3976876","134765780893","5235399000000","5210635037610","154300000","KRX 금현물지수","5660.61","-35.39","-0.62"
"291130","ACE MSCI멕시코(합성)","19515","430","2.25","19786.89","19085","19695","19085","2357","45926495","17563500000","17808200738","900000","MSCI MEXICO IMI 25/50 Price return Index","13793.35","-388.91","-2.74"
"256440","ACE MSCI인도네시아(합성)","7790","110","1.43","7675.52","7750","7800","7635","58300","451923892","34276000000","33772296639","4400000","MSCI Indonesia Index","5660.89","112.87","2.03"
"261920","ACE MSCI필리핀(합성)","14150","60","0.43","14121.17","14060","14225","13985","272","3822805","5660000000","5648469818","400000","MSCI Philippines IMI Index","1637.88","20.57","1.27"
"0021D0","ACE TDF2030액티브","11405","355","3.21","11310.18","11380","11505","11285","39165","447646935","16537250000","16399756763","1450000","Bloomberg Multi Asset Target-date 2030 KRW Index","2760.38","1.35","0.05"
"0021E0","ACE TDF2050액티브","12395","295","2.44","12430.09","12480","12840","12335","138514","1740108098","62594750000","64014942953","5050000","Bloomberg Multi Asset Target-date 2050 KRW Index","3425.18","-5.08","-0.15"
"0139P0","ACE 고배당주","13920","1110","8.67","13857.89","13730","14035","13515","408561","5639854803","64728000000","64439209925","4650000","KRX-Akros 고배당주 20 지수","3454.18","260.05","8.14"
"225130","ACE 골드선물 레버리지(합성 H)","72420","-10","-0.01","72440.47","72695","73595","72250","9554","698384642","43452000000","43464282563","600000","S&P GSCI GOLD Index Excess Return","306.04","-3.38","-1.09"
"483340","ACE 구글밸류체인액티브","17555","835","4.99","17458.41","17270","17635","17270","461763","8108279671","189594000000","172838284356","10800000","KEDI 글로벌 AI 클라우드 지수","5781.45","49.66","0.87"
"365780","ACE 국고채10년","85495","295","0.35","85504.42","85405","85735","85245","21334","1823991206","412598870000","412644316506","4826000","KIS 10년 국고채 지수 (총수익)","16212.15","66.23","0.41"
"114460","ACE 국고채3년","102010","160","0.16","101613.77","101990","102080","101945","6347","647506015","12241200000","12193652993","120000","KTB INDEX(시장가격)","10304.60","14.31","0.14"
"494340","ACE 글로벌AI맞춤형반도체","12800","225","1.79","12804.75","12950","12950","12600","58322","745854280","9600000000","9603562370","750000","Solactive AI Custom Semiconductor Index(PR)","5952.57","26.03","0.44"
"446770","ACE 글로벌반도체TOP4 Plus","58670","3375","6.10","58506.32","58505","59250","58000","656844","38583096587","1035525500000","1026785999268","17650000","Solactive Global Semiconductor TOP4 Plus Price Return Index","10277.22","392.65","3.97"
"435040","ACE 글로벌브랜드TOP10","19450","40","0.21","19548.31","20360","20360","19410","1459","28398490","13615000000","13683816614","700000","Bloomberg Global Select Industry Leaders TOP10 Index(PR)","4720.61","-45.92","-0.96"
"497510","ACE 글로벌빅파마","13150","-10","-0.08","13180.05","13145","13205","13050","11594","152111209","9205000000","9226033611","700000","Solactive Global Big Pharma Index (Price Return)","2143.90","-46.90","-2.14"
"460960","ACE 글로벌인컴TOP10","11850","70","0.59","11811.23","11780","11850","11710","123344","1452578617","88282500000","87993695184","7450000","Solactive Global Superior Income TOP 10 Price Return Index","796.95","-3.56","-0.44"
"414270","ACE 글로벌자율주행액티브","12780","375","3.02","12722.69","12405","13000","12405","31871","407427262","40257000000","35623528715","3150000","FactSet US-China Electric&Autonomous Vehicle Price Return Index","323.79","-0.63","-0.19"
"440640","ACE 단기채권알파액티브","110985","15","0.01","110980.92","110970","110990","110970","9754","1082554965","68366760000","68364247672","616000","KIS 단기채권알파AA-이상 총수익지수","122.28","0.01","0.01"
"190620","ACE 단기통안채","100770","25","0.02","100757.79","100745","100775","100745","13744","1385017383","220887840000","220861066288","2192000","KIS MSB 단기지수(총수익)","13026.50","1.16","0.01"
"494330","ACE 라이프자산주주가치액티브","21075","1905","9.94","20931.06","21025","21320","20620","125651","2643496124","74816250000","74305272756","3550000","FnGuide 기업가치 지수(시장가격)","2988.15","221.36","8.00"
"265690","ACE 러시아MSCI(합성)","8535","0","0.00","48.09","0","0","0","0","0","15789750000","88961494","1850000","MSCI Russia 25% Capped Price Return Index",,,
"152500","ACE 레버리지","34205","5715","20.06","33913.61","34105","36500","33180","180798","6297409960","44466500000","44087697589","1300000","코스피 200","831.22","74.43","9.83"
"0153P0","ACE 리츠부동산인프라액티브","10295","295","2.95","10337.02","10120","10590","10120","64358","660857989","13898250000","13954983306","1350000","FnGuide 맥쿼리인프라 배당 리츠 지수 (시장가격)","894.49","33.61","3.90"
"483330","ACE 마이크로소프트밸류체인액티브","11695","395","3.50","11631.00","11350","11920","11350","45312","532344013","15203500000","15120306226","1300000","KEDI 글로벌생성형AI 지수","3684.37","41.73","1.15"
"487340","ACE 머니마켓액티브","104115","40","0.04","104080.94","104110","104120","104110","15522","1616063477","722766330000","720344178335","6942000","MK-KAP 머니마켓 총수익지수","119.48","0.01","0.01"
"0085P0","ACE 미국10년국채액티브","10835","-85","-0.78","10843.90","10830","10850","10755","385213","4163711884","99682000000","93257578597","9200000","ICE U.S. Treasury 7-10 Year Bond Index (Total Return)","115.72","-0.33","-0.29"
"0085N0","ACE 미국10년국채액티브(H)","10170","-15","-0.15","10172.43","10185","10185","10160","254613","2589965840","122040000000","122069126415","12000000","ICE U.S. Treasury 7-10 Year Bond Index (Total Return)","115.72","-0.33","-0.29"
"452250","ACE 미국30년국채선물레버리지(합성 H)","5500","-25","-0.45","5610.96","5510","5575","5455","18254","100413632","67925000000","65087143371","12350000","S&P Ultra T-Bond Futures Index(ER)","111.98","-0.68","-0.60"
"476760","ACE 미국30년국채액티브","10200","-115","-1.11","10235.65","10220","10225","10155","753029","7678966107","322320000000","317305004190","31600000","Bloomberg U.S Treasury 20+ Year Total Return Index","605.03","-2.25","-0.37"
"453850","ACE 미국30년국채액티브(H)","7715","-35","-0.45","7753.44","7745","7755","7700","2531160","19569629349","1944951500000","1868579641271","252100000","Bloomberg U.S Treasury 20+ Year Total Return Index","605.03","-2.25","-0.37"
"476750","ACE 미국30년국채엔화노출액티브(H)","8705","-50","-0.57","8742.65","8735","8740","8695","116896","1018905321","96625500000","96169095759","11100000","Bloomberg U.S. Treasury 20+ Year Total Return Index T1530 JPY Currency Hedged","113.50","-0.38","-0.34"
"480030","ACE 미국500데일리타겟커버드콜(합성)","10640","70","0.66","10668.86","10570","10670","10525","170851","1815715213","158536000000","153631567233","14900000","Bloomberg US 500 Large Cap Premium Decrement 15% Distribution Index","1088.95","-5.16","-0.47"
"0118Z0","ACE 미국AI테크핵심산업액티브","8285","405","5.14","8288.12","8170","8375","8170","307946","2552044879","128417500000","123907356380","15500000","Akros U.S. AI Innovator Price Return Index","16800.25","-192.54","-1.13"
"280320","ACE 미국IT인터넷(합성 H)","18635","275","1.50","18743.92","18440","18940","18440","445","8336935","14908000000","14995133777","800000","다우존스 인터넷 종합지수","1143.10","11.50","1.02"
"360200","ACE 미국S&P500","25200","115","0.46","25292.96","25245","25280","25085","1046538","26375635947","3359160000000","3351316928642","133300000","S&P 500","6830.71","-38.79","-0.56"
"438080","ACE 미국S&P500미국채혼합50액티브","13980","-5","-0.04","13989.41","14050","14055","13875","621365","8661887464","918486000000","912109823752","65700000","S&P 500 and Short-Term Treasury 50/50 Blend Index","275.76","-0.77","-0.28"
"0155M0","ACE 미국SMR원자력TOP10","8985","285","3.28","9071.86","8900","9055","8900","143326","1292347024","36389250000","35380237994","4050000","Solactive US SMR Nuclear TOP 10 Index (Price Return)","5366.32","-167.64","-3.03"
"309230","ACE 미국WideMoat동일가중","31195","140","0.45","31319.90","31055","31500","30960","17035","529476470","142249200000","141565956132","4560000","MorningStar Wide Moat Focus Index","15878.37","-203.88","-1.27"
"367380","ACE 미국나스닥100","27935","380","1.38","28067.03","28025","28080","27845","802649","22436665958","2726456000000","2722501699483","97600000","NASDAQ 100","25020.41","-73.27","-0.29"
"438100","ACE 미국나스닥100미국채혼합50액티브","14725","65","0.44","14752.19","14990","14990","14640","320579","4714626964","612560000000","600413980222","41600000","NASDAQ-100 US T-Bills 50/50 Index","1914.37","-2.71","-0.14"
"456880","ACE 미국달러SOFR금리(합성)","12695","-50","-0.39","12676.74","12650","12695","12575","196084","2477644452","361045800000","360526581183","28440000","Solactive SOFR Daily Total Return Index","1234.48","0.13","0.01"
"440650","ACE 미국달러단기채권액티브","12155","-65","-0.53","12145.15","12115","12160","12045","156013","1888800945","44973500000","42508037150","3700000","Bloomberg Short-Term Treasury Total Return Index","150.64","0.01","0.01"
"0127M0","ACE 미국대형가치주액티브","11135","20","0.18","11176.49","11515","11515","11085","199279","2226871392","126939000000","125735523563","11400000","CRSP US Large Cap Value Index(PR)","3442.27","-46.06","-1.32"
"0127P0","ACE 미국대형성장주액티브","9605","35","0.37","9691.23","9650","9680","9370","295591","2833097098","614239750000","629445153093","63950000","CRSP US Large Cap Growth Index(PR)","6332.37","3.81","0.06"
"480040","ACE 미국반도체데일리타겟커버드콜(합성)","13830","520","3.91","13823.95","13605","14115","13605","119997","1662643554","105108000000","105062028971","7600000","Bloomberg US Listed Semiconductor Premium Decrement 15% Distribution Index","1735.66","-23.92","-1.36"
"402970","ACE 미국배당다우존스","14870","-65","-0.44","14926.57","14935","14935","14790","515746","7663346442","777701000000","776181891009","52300000","Dow Jones U.S. Dividend 100 Price Return Index","6595.60","-60.54","-0.91"
"0046Y0","ACE 미국배당퀄리티","12400","-10","-0.08","12459.35","12410","12720","12325","27973","346753973","51460000000","51706293962","4150000","WisdomTree U.S. Quality Dividend Growth Index (Price Return)","772.02","-8.71","-1.12"
"0049M0","ACE 미국배당퀄리티+커버드콜액티브","11525","70","0.61","11640.46","11560","11560","11510","46151","532473244","83556250000","84393340538","7250000","Bloomberg WisdomTree U.S. Quality Dividend & B500 Premium Decrement 50:50 Index","1265.27","-10.10","-0.79"
"0049K0","ACE 미국배당퀄리티채권혼합50","11080","-35","-0.31","11118.49","11435","11435","10910","36242","401204953","20498000000","20569205700","1850000","Bloomberg WisdomTree U.S. Quality Dividend & Short Term KRW Bonds 50:50 TR Index","1978.14","-3.20","-0.16"
"181480","ACE 미국부동산리츠(합성 H)","84520","460","0.55","84851.79","84830","85040","84520","716","60672187","10142400000","10182215312","120000","Dow Jones U.S. Real Estate Index","1906.01","-17.78","-0.92"
"480020","ACE 미국빅테크7+데일리타겟커버드콜(합성)","12035","170","1.43","12021.80","12110","12125","11980","125316","1510155302","184135500000","174316086321","15300000","Bloomberg US Big Tech Top 7 Plus Premium Decrement 15% Distribution Index","1872.71","7.42","0.40"
"465580","ACE 미국빅테크TOP7 Plus","21835","380","1.77","21887.32","21865","21960","21790","431400","9435235469","993492500000","973985781129","45500000","Solactive US Big Tech Top 7 Plus Price Return Index","34079.81","154.46","0.46"
"465610","ACE 미국빅테크TOP7 Plus레버리지(합성)","36005","1125","3.23","36289.09","35930","36275","35900","28723","1037189815","115216000000","116125101100","3200000","Solactive US Big Tech Top 7 Plus Price Return Index","34079.81","154.46","0.46"
"465620","ACE 미국빅테크TOP7 Plus인버스(합성)","7475","-85","-1.12","7421.82","7500","7500","7375","6249","46181692","1868750000","1855454147","250000","Solactive US Big Tech Top 7 Plus Price Return Index","34079.81","154.46","0.46"
"473590","ACE 미국주식베스트셀러","19475","635","3.37","19669.65","19505","19575","19425","21908","427169391","63293750000","59992423240","3250000","FnGuide 미국 주식 베스트셀러 지수(시장가격지수)","9697.75","-39.76","-0.41"
"0008E0","ACE 미국중심중소형제조업","13500","-75","-0.55","13604.80","13650","13650","13400","7001","94375524","16875000000","11564083140","1250000","NYSE FactSet US Focus Manufacturing Index(Price Return)","342.51","-13.30","-3.74"
"391600","ACE 미국친환경그린테마","11680","230","2.01","11788.84","11785","11785","11570","13067","151292630","8176000000","8252184803","700000","Indxx US Green Infrastructure Price return Index","3356.91","-50.31","-1.48"
"455660","ACE 미국하이일드액티브(H)","9675","50","0.52","9678.89","9670","9695","9665","84889","822037015","51277500000","53233893357","5300000","Markit iBoxx USD Liquid High Yield Total Return Index","395.83","-0.85","-0.21"
"245710","ACE 베트남VN30(합성)","30830","670","2.22","30976.82","30375","31200","30375","56238","1733918650","317549000000","319061228652","10300000","VN30 Index(PR)","1942.76","-13.77","-0.70"
"131890","ACE 삼성그룹동일가중","31975","2255","7.59","32127.38","32395","32660","31815","9112","293020150","12790000000","12850951174","400000","MKF SAMs EW 지수","31708.97","2199.25","7.45"
"108450","ACE 삼성그룹섹터가중","30400","2820","10.22","30412.01","30925","31150","29920","56586","1726815699","85120000000","85153627520","2800000","MKF SAMs SW","29975.71","2660.68","9.74"
"316300","ACE 싱가포르리츠","14450","100","0.70","14339.62","14350","14580","14200","1694","24362362","7225000000","7169807523","500000","Morningstar Singapore REIT Yield Focus Index(PR)","1269.01","1.60","0.13"
"277540","ACE 아시아TOP50","26880","785","3.01","26681.31","26095","27295","26095","7030","190132830","21504000000","21345047060","800000","S&P ASIA50 Price Return Index","7685.48","202.03","2.70"
"483420","ACE 애플밸류체인액티브","17090","315","1.88","17105.10","17220","17260","16965","38660","663095461","25635000000","25657653202","1500000","Bloomberg Top 30 Supply Chain Plus Apple Price Return Index","3816.36","29.21","0.77"
"483320","ACE 엔비디아밸류체인액티브","17480","785","4.70","17423.77","17215","17505","17215","138661","2422419224","203642000000","196888621538","11650000","KEDI 글로벌AI반도체 지수","7804.31","-39.54","-0.50"
"448540","ACE 엔비디아채권혼합","25090","160","0.64","25148.94","25250","25390","25055","95564","2398194283","243373000000","238914936392","9700000","Bloomberg Blended NVIDIA Equity and Korean Bond Index","9536.42","35.07","0.37"
"0099L0","ACE 우량회사채(AA-이상)액티브","99140","35","0.04","99202.94","99165","99175","99110","506","50174910","143356440000","143447456691","1446000","KIS 1~3년 우량크레딧(AA-이상) 총수익지수","117.62","0.08","0.07"
"433500","ACE 원자력TOP10","60655","6770","12.56","60458.73","61515","62375","59005","293602","17885763063","266882000000","266018407413","4400000","DeepSearch 원자력 TOP 10지수","6100.25","629.46","11.51"
"0102X0","ACE 유럽방산TOP10","11335","350","3.19","11332.91","11305","11355","11200","28724","324927242","11335000000","11332910051","1000000","NYSE FactSet Europe Defense TOP10 Index (Price Return)","707.06","-41.13","-5.50"
"487920","ACE 인도시장대표BIG5그룹액티브","8450","110","1.32","8408.08","8340","8485","8295","17497","147135481","9295000000","9248890658","1100000","Indxx India Big 5 Conglomerates Index (Price Return)","4516.10","77.46","1.75"
"487910","ACE 인도컨슈머파워액티브","9120","70","0.77","9124.04","9050","9185","8985","23892","216021940","11856000000","11861257563","1300000","Indxx India Super Consumption Index (Price Return)","3410.33","61.31","1.83"
"145670","ACE 인버스","2075","-275","-11.70","2144.83","2020","2150","1997","771197","1594136387","4565000000","4718615311","2200000","코스피 200 선물지수","4036.92","288.49","7.70"
"497520","ACE 일라이릴리밸류체인","12400","95","0.77","12420.21","12070","12405","12070","1225","15120530","8680000000","8694148333","700000","Solactive Eli Lilly Value Chain Index(PR)","3151.29","17.27","0.55"
"238720","ACE 일본Nikkei225(H)","39500","700","1.80","38933.53","40095","40750","39400","7132","285900409","35550000000","35040174345","900000","Nikkei 225","55278.06","1032.52","1.90"
"196030","ACE 일본TOPIX레버리지(H)","74265","2995","4.20","71981.99","74770","77100","73560","2758","205888840","37132500000","35990994814","500000","TOPIX","3702.67","69.00","1.90"
"205720","ACE 일본TOPIX인버스(합성 H)","1664","-30","-1.77","1709.94","1648","1679","1626","26172","42873281","4992000000","5129812054","3000000","TOPIX","3702.67","69.00","1.90"
"469160","ACE 일본반도체","21080","650","3.18","20718.60","20515","21765","20515","92249","1948407657","14756000000","14503016889","700000","Bloomberg Japan Semiconductor Select Top 25 Index(Price Return)","5955.86","190.63","3.31"
"0021C0","ACE 장기자산배분액티브","13335","370","2.85","13281.60","13150","13515","13130","3933","52567970","13335000000","13281604792","1000000","Bloomberg Multi Asset Target-date 2080 KRW Index","4049.01","-12.01","-0.30"
"356540","ACE 종합채권(AA-이상)액티브","104440","280","0.27","104517.85","104395","104680","104295","52826","5518255957","1068943400000","1060647168218","10235000","KIS 종합채권 AA-이상 총수익 지수(Total return Index)","118.33","0.37","0.31"
"447430","ACE 주주환원가치주액티브","16400","615","3.90","16400.94","16400","16500","16130","110174","1795558378","59040000000","59043372741","3600000","FnGuide 올라운드 가치주 지수","1115.41","65.50","6.24"
"416090","ACE 중국과창판STAR50","11260","180","1.62","11403.88","11410","11445","10705","41446","468767345","14638000000","14825048628","1300000","STAR 50 Index(Price Return)","1405.35","23.79","1.72"
"168580","ACE 중국본토CSI300","35590","560","1.60","35519.97","34560","35750","34560","31226","1108550145","126700400000","126451077434","3560000","CSI 300 Index","4647.69","45.07","0.98"
"219900","ACE 중국본토CSI300레버리지(합성)","4720","75","1.61","4763.96","4740","4900","4470","8074","37953080","7552000000","7622330381","1600000","CSI 300 Index","4647.69","45.07","0.98"
"272910","ACE 중장기국공채액티브","106655","225","0.21","106682.85","106620","106785","106575","524","55923265","69645715000","69663900567","653000","KIS 종합채권국공채1-10Y지수","155.36","0.28","0.18"
"0087F0","ACE 차이나AI빅테크TOP2+액티브","10720","170","1.61","10596.98","10865","11300","10720","2210","23937615","11792000000","11656677111","1100000","Solactive China AI Big Tech TOP2+ Index (Price Return)","1632.05","4.84","0.30"
"371870","ACE 차이나항셍테크","7475","-15","-0.20","7584.97","7510","7805","7475","12139","91876785","14202500000","14411438314","1900000","Hang Seng TECH Index","4796.33","15.14","0.32"
"380340","ACE 코리아AI테크핵심산업","18150","1915","11.80","18117.45","18640","18785","17965","4981","91566534","9075000000","9058724924","500000","FnGuide 코리아AI테크핵심산업지수 (Price Return)","3612.62","315.33","9.56"
"496120","ACE 코리아밸류업","25385","2385","10.37","25286.71","25605","25975","24915","16573","423356929","20308000000","20229368609","800000","코리아 밸류업 지수","2532.38","225.24","9.76"
"354500","ACE 코스닥150","20000","2770","16.08","19954.73","19550","20800","18600","1427337","28130751396","252000000000","253425127806","12600000","코스닥 150","1985.98","272.91","15.93"
"305050","ACE 코스피","58795","5805","10.95","58435.72","68000","68000","57500","59884","3537550603","32337250000","32139647362","550000","코스피","5583.90","490.36","9.63"
"457480","ACE 테슬라밸류체인액티브","21195","1105","5.50","21245.03","21000","21470","20995","1132746","24087541538","1211294250000","1186535085856","57150000","Bloomberg EV Supporters Plus Tesla Price Return Index","10415.69","101.06","0.98"
"469170","ACE 포스코그룹포커스","6805","680","11.10","6784.62","6670","6910","6620","1573653","10630879693","104116500000","107196990718","15300000","FnGuide 포스코그룹포커스 지수(시장가격)","3382.05","324.27","10.60"
"495710","BNK 26-06 특수채(AAA이상)액티브","51400","10","0.02","51384.94","51400","51400","51400","2","102800","108248400000","108216682873","2106000","KAP 26-06 특수채 총수익 지수(AAA이상)","107.94","0.00","0.00"
"466810","BNK 2차전지양극재","6925","815","13.34","6903.97","6695","7095","6435","140394","961331631","10041250000","10010760553","1450000","iSelect 2차전지양극재 지수","5366.46","623.36","13.14"
"457930","BNK 미래전략기술액티브","27195","2735","11.18","27172.21","26890","27845","26420","4161","112623580","9518250000","8151662128","350000","iSelect 미래전략기술 지수 (PR)","6190.80","650.06","11.73"
"487750","BNK 온디바이스AI","21080","2590","14.01","20983.56","19205","21620","19205","16694","351377140","59024000000","58753964411","2800000","FnGuide 온디바이스AI 지수","5663.51","681.91","13.69"
"445690","BNK 주주가치액티브","27880","2125","8.25","27738.96","28310","28310","27345","963","26880590","25092000000","22191167083","900000","FnGuide 주주가치 지수","3516.30","226.72","6.89"
"0120J0","BNK 카카오그룹포커스","10170","760","8.08","10157.28","10130","10415","9970","114861","1169905502","10678500000","11173008119","1050000","FnGuide 카카오그룹 포커스 지수","474.59","37.19","8.50"
"486240","DAISHIN343 AI반도체&인프라액티브","21050","1985","10.41","21593.54","23990","23995","20895","13457","293342564","63150000000","64780634010","3000000","FnGuide AI반도체&인프라 지수","7803.50","946.28","13.80"
"434960","DAISHIN343 K200","84185","7580","9.89","84427.87","83270","86525","80000","5330","454043300","58929500000","59099508269","700000","코스피 200","831.22","74.43","9.83"
"0098Z0","FOCUS 200","71350","5595","8.51","71479.62","71810","73045","70715","991","71134215","49945000000","50035733578","700000","코스피 200","831.22","74.43","9.83"
"448570","FOCUS AI코리아액티브","26360","2320","9.65","26278.08","26595","26805","25825","14942","394658505","50084000000","49928357508","1900000","코스피","5583.90","490.36","9.63"
"285690","FOCUS ESG리더스","18855","1215","6.89","18971.64","19165","19225","18735","5752","108464340","11313000000","11382981418","600000","KRX ESG Leaders 150","2900.01","216.74","8.08"
"0073X0","FOCUS 알리바바미국채커버드콜혼합","10775","-175","-1.60","10832.51","10735","10840","10720","12040","129613767","10236250000","10290880261","950000","KEDI 알리바바미국채커버드콜혼합지수(TR)","1163.99","-10.68","-0.91"
"293180","HANARO 200","83775","7555","9.91","83949.64","83025","86170","82550","305693","25827513295","578047500000","579252520041","6900000","코스피 200","831.22","74.43","9.83"
"407310","HANARO 200 TOP10","15800","1160","7.92","15853.92","16095","16215","15615","114396","1825712585","22120000000","22195492397","1400000","코스피 200 Top 10 지수","2449.08","198.27","8.81"
"332930","HANARO 200TR","108960","9570","9.63","109187.73","108015","112350","107260","35991","3943064423","196128000000","196537922751","1800000","코스피 200 TR","1096.41","98.19","9.84"
"304780","HANARO 200선물레버리지","94095","16095","20.63","92548.04","94360","98660","90440","2998","287073215","89390250000","87920636958","950000","코스피 200 선물지수","4036.92","288.49","7.70"
"306520","HANARO 200선물인버스","3875","-440","-10.20","3938.23","3920","3955","3250","64481","242326449","1356250000","1378380713","350000","코스피 200 선물지수","4036.92","288.49","7.70"
"0123S0","HANARO 26-12 은행채(AA+이상)액티브","10065","0","0.00","10061.39","10065","10065","10045","83","835316","61899750000","61877544885","6150000","KIS 은행채2612만기형 지수","109.01","0.01","0.01"
"0091M0","HANARO 27-06 회사채(AA-이상)액티브","10050","5","0.05","10054.15","10055","10055","10045","729","7324150","103716000000","103758848109","10320000","KIS 회사채(AA-이상)2706만기형지수(총수익)","108.27","0.04","0.04"
"448490","HANARO 32-10 국고채액티브","54995","235","0.43","55003.98","55050","55100","54910","164","9033820","19908190000","19251394522","362000","KAP 32-10 국고채 10년 총수익지수","110.13","0.46","0.42"
"454320","HANARO CAPEX설비투자iSelect","40160","3580","9.79","40156.45","40190","41085","39690","82692","3330921922","104416000000","104406770531","2600000","iSelect CAPEX 설비투자 지수(시장가격)","5765.89","538.61","10.30"
"395290","HANARO Fn K-POP&미디어","8115","410","5.32","8097.70","8130","8300","8015","131088","1067585997","66137250000","64781599175","8150000","FnGuide K-POP & 미디어 지수","771.86","35.51","4.82"
"395280","HANARO Fn K-게임","3790","220","6.16","3756.65","3775","3805","3600","21227","78629160","11180500000","10518625924","2950000","FnGuide K-게임 지수","725.64","33.95","4.91"
"368190","HANARO Fn K-뉴딜디지털플러스","8570","685","8.69","8530.04","8565","8685","8365","2820","23994710","35994000000","33267146882","4200000","FnGuide K-뉴딜 디지털 플러스 지수","2051.30","160.43","8.48"
"402460","HANARO Fn K-메타버스MZ","9710","725","8.07","9671.96","9810","9870","9555","11803","115866075","6797000000","6286770865","700000","FnGuide K-메타버스 MZ 지수(시장가격)","1548.66","99.85","6.89"
"395270","HANARO Fn K-반도체","34525","4635","15.51","34209.44","33575","35065","33510","6019722","206505767707","1582971250000","1619816823563","45850000","FnGuide K-반도체 지수","10245.10","1285.93","14.35"
"438900","HANARO Fn K-푸드","11455","275","2.46","11410.55","11625","11710","11315","94283","1077459555","19473500000","17115828202","1700000","FnGuide K-푸드 지수 (시장가격)","877.34","21.92","2.56"
"367740","HANARO Fn5G산업","29000","3095","11.95","29295.07","29250","29820","28785","14791","434617615","15950000000","16112289088","550000","FnGuide 5G 산업 지수","4960.39","545.40","12.35"
"407300","HANARO Fn골프테마","11125","1075","10.70","11089.62","10975","11180","10880","506","5595230","6118750000","6099288912","550000","FnGuide 골프 테마 지수","1165.72","93.68","8.74"
"381560","HANARO Fn전기&수소차","13125","1235","10.39","13153.29","13200","13455","12915","34786","459917793","14437500000","14468621136","1100000","FnGuide 전기&수소차 지수 (시장가격)","2984.33","285.54","10.58"
"441540","HANARO Fn조선해운","31430","2830","9.90","31399.72","31110","31785","30475","140871","4389951809","105290500000","100479106176","3350000","FnGuide 조선해운지수","5123.94","457.23","9.80"
"381570","HANARO Fn친환경에너지","10575","1135","12.02","10582.81","10200","10880","10135","53409","551289356","7931250000","7937104986","750000","FnGuide 친환경에너지 지수 (시장가격)","2043.64","232.38","12.83"
"479850","HANARO K-뷰티","14485","975","7.22","14428.82","13955","14735","13955","83135","1199784850","44903500000","42565014787","3100000","FnGuide K-뷰티 지수","566.14","33.07","6.20"
"453060","HANARO KOFR금리액티브(합성)","109990","15","0.01","109987.79","109990","109990","109990","582","64014180","12098900000","12098656517","110000","KOFR 지수","1182.03","0.08","0.01"
"304760","HANARO KRX300","37360","3070","8.95","37619.82","38105","38520","37025","3236","122025300","14944000000","15047928697","400000","KRX 300","3728.98","344.99","10.19"
"322410","HANARO K고배당","22420","1320","6.26","22343.82","22455","22750","22050","112730","2522663783","42598000000","43570451863","1900000","FnGuide 고배당 알파 지수","3324.29","202.15","6.47"
"0155N0","HANARO K휴머노이드테마TOP10","9660","1330","15.97","9585.15","9250","9940","9170","671629","6444244071","17871000000","22045856380","1850000","iSelect K휴머노이드테마TOP10 지수","8998.30","1181.75","15.12"
"332940","HANARO MSCI Korea TR","36340","3055","9.18","36534.13","36795","37525","35960","22104","813335675","87216000000","87681901782","2400000","MSCI Korea TR Index","3698.28","343.56","10.24"
"322400","HANARO e커머스","12025","800","7.13","11958.67","12050","12175","11865","23900","287474875","47498750000","47236729105","3950000","FnGuide E커머스 지수","2038.88","125.79","6.58"
"473640","HANARO 글로벌금채굴기업","40300","-615","-1.50","40479.71","40915","40955","40300","94469","3835150946","130975000000","133583028960","3250000","NYSE Arca Gold Miners Index (Price Return)","2932.74","-114.18","-3.75"
"354350","HANARO 글로벌럭셔리S&P(합성)","20955","10","0.05","21322.14","20945","20955","20815","1147","24011955","16135350000","16418046859","770000","S&P Global Luxury Index","4393.03","-52.61","-1.18"
"461340","HANARO 글로벌생성형AI액티브","30090","780","2.66","30608.66","29505","30300","29505","8501","255177795","42126000000","38260823405","1400000","Solactive United States Technology 100 Index(Price Return)","15527.68","-10.83","-0.07"
"424460","HANARO 글로벌워터MSCI(합성)","16695","-145","-0.86","16720.39","16690","16695","16570","643","10701847","3339000000","3344077255","200000","MSCI ACWI IMI Water ESG Filtered (Price Return)","2536.34","-32.65","-1.27"
"401590","HANARO 글로벌탄소배출권선물ICE(합성)","9790","-275","-2.73","9794.16","9790","9790","9615","24385","236547900","4992900000","4995020078","510000","ICE Global Carbon Futures Index(Excess Return)","544.78","-8.75","-1.58"
"0040S0","HANARO 글로벌피지컬AI액티브","18465","475","2.64","18493.41","18350","18610","18340","21489","397305870","39699750000","36986824765","2150000","Solactive Physical AI Index","14774.52","-47.83","-0.32"
"314700","HANARO 농업융복합산업","11220","385","3.55","11282.08","11390","11470","11155","1638","18573320","6171000000","6205141580","550000","FnGuide 농업융복합산업 지수(시장가격)","1389.96","62.41","4.70"
"486830","HANARO 머니마켓액티브","52485","10","0.02","52469.23","52455","52485","52455","30188","1584047602","50385600000","50370459293","960000","KIS-NH Amundi MMF지수","118.25","0.01","0.01"
"432840","HANARO 미국S&P500","18725","45","0.24","18807.08","18725","18795","18680","4314","80810840","14980000000","15045661283","800000","S&P 500","6830.71","-38.79","-0.56"
"498050","HANARO 바이오코리아액티브","16295","1855","12.85","16230.29","15690","16845","15390","62001","993511588","17924500000","17853316260","1100000","iSelect K-바이오헬스케어","1521.43","161.64","11.89"
"476260","HANARO 반도체핵심공정주도주","12815","2210","20.84","12758.24","11855","13250","11640","534522","6764594970","27552250000","29343961574","2150000","FnGuide 반도체 핵심공정 지수","1756.93","290.56","19.81"
"434730","HANARO 원자력iSelect","63490","7200","12.79","63184.07","63845","65250","62015","911771","58178482921","746007500000","751890408421","11750000","iSelect 원자력지수 (시장가격)","5884.39","596.69","11.28"
"0082F0","HANARO 유럽방산","11880","290","2.50","11862.95","11595","11905","11595","6152","72712260","10098000000","10083509296","850000","Stoxx 유럽 방산 지수","555.78","-27.86","-4.77"
"491820","HANARO 전력설비투자","37040","3865","11.65","36917.90","38390","38490","36340","287971","10743979778","112972000000","110753696617","3050000","iSelect 전력설비투자 지수","9613.96","924.52","10.64"
"461500","HANARO 종합채권(AA-이상)액티브","108200","345","0.32","108362.51","108360","108545","108155","215","23296900","83963200000","84089308357","776000","KAP 종합채권 총수익지수(AA-이상)","117.99","0.36","0.31"
"0111J0","HANARO 증권고배당TOP3플러스","17325","2135","14.06","17255.53","16955","17735","16900","613422","10646060017","100485000000","100944873302","5800000","FnGuide 증권 고배당 TOP3 플러스 지수","6460.09","758.38","13.30"
"495750","HANARO 코리아밸류업","24840","2180","9.62","24928.95","25180","25595","24570","2318","58485395","53406000000","53597244804","2150000","코리아 밸류업 지수","2532.38","225.24","9.76"
"304770","HANARO 코스닥150","20000","2915","17.06","19791.79","18500","20660","18400","231549","4486251571","32800000000","32458543555","1640000","코스닥 150","1985.98","272.91","15.93"
"306530","HANARO 코스닥150선물레버리지","16785","3705","28.33","16505.72","15600","18495","15175","68349","1138907493","6378300000","6272172848","380000","F-코스닥150 지수","2240.58","256.30","12.92"
"375760","HANARO 탄소효율그린뉴딜","19500","1650","9.24","19556.87","19515","19975","19255","12674","250264735","17550000000","17601184618","900000","KRX/S&P 탄소효율 그린뉴딜지수","3315.68","309.76","10.30"
"491700","HK 200","84145","7510","9.80","84453.78","76635","86445","76635","19134","1617872285","71523250000","71785710879","850000","코스피 200","831.22","74.43","9.83"
"0000Y0","HK 26-12 회사채(AA-이상)액티브","100535","15","0.01","100529.47","0","0","0","0","0","121647350000","121640662275","1210000","KAP 26-12 크레딧 채권 총수익지수(AA-이상)","108.75","0.01","0.01"
"215620","HK S&P코리아로우볼","17655","770","4.56","17789.58","16885","17785","16885","117","2028880","11122650000","11207435007","630000","S&P Korea 저변동성 지수","13367.14","658.69","5.18"
"0113P0","HK 머니마켓액티브","100950","15","0.01","100926.16","100950","100950","100950","11","1110450","52292100000","52279749784","518000","KAP 머니마켓 지수(총수익)","115.57","0.01","0.01"
"391670","HK 베스트일레븐액티브","21470","1965","10.07","21333.08","19510","21860","19510","981","20887235","20396500000","20266428038","950000","코스피 200","831.22","74.43","9.83"
"472920","HK 종합채권(AA-이상)액티브","101500","150","0.15","101347.39","101430","101510","101430","304","30858240","208176500000","207863500721","2051000","KAP 종합채권 AA- 이상 지수(총수익)","117.83","0.36","0.31"
"472840","ITF 200","83830","7695","10.11","83337.99","77000","85525","77000","321","27082615","25149000000","25001398230","300000","코스피 200","831.22","74.43","9.83"
"0005G0","ITF K-AI반도체코어테크","29530","3585","13.82","29364.19","32670","32670","28935","76252","2282238405","54630500000","55791964410","1850000","FnGuide K-AI반도체 코어테크 지수","6141.00","660.84","12.06"
"0135Y0","ITF 중기종합채권(AA-이상)액티브","100300","-110","-0.11","100298.82","100370","100370","100295","10005","1003766630","107321000000","107319741530","1070000","KIS 중기종합채권 (1~5Y, AA-이상, 총수익)","112.37","0.12","0.11"
"483570","KCGI 미국S&P500 TOP10","14670","110","0.76","14734.90","15600","15600","14620","7373","109348017","23472000000","23575842923","1600000","S&P500 Top10 25% Capped Index(PR)","8032.00","26.37","0.33"
"069660","KIWOOM 200","83140","7450","9.84","83602.87","85055","85890","82130","805888","67865379550","590294000000","597760517735","7100000","코스피 200","831.22","74.43","9.83"
"294400","KIWOOM 200TR","108865","9965","10.08","109140.00","107940","119995","107210","480335","52912706388","1671077750000","1675298987835","15350000","코스피 200 TR","1096.41","98.19","9.84"
"253250","KIWOOM 200선물레버리지","75845","12480","19.70","74445.26","73790","80090","73790","37888","2910335780","37164050000","36478177630","490000","코스피 200 선물지수","4036.92","288.49","7.70"
"253240","KIWOOM 200선물인버스","2215","-200","-8.28","2200.99","1701","2260","1700","243317","497084655","2259300000","2245009863","1020000","코스피 200 선물지수","4036.92","288.49","7.70"
"253230","KIWOOM 200선물인버스2X","285","-56","-16.42","285.85","242","287","220","5071422","1327715401","3536850000","3573185461","12410000","코스피 200 선물지수","4036.92","288.49","7.70"
"464240","KIWOOM 26-09회사채(AA-이상)액티브","52650","50","0.10","52139.08","52615","52655","52615","754","39687970","201649500000","199692668729","3830000","KIS 2609 만기형 크레딧 종합채권 지수(AA-이상)(총수익지수)","116.67","0.01","0.01"
"458210","KIWOOM CD금리액티브(합성)","109080","25","0.02","109063.51","109085","109095","109080","434","47343261","126532800000","126513666549","1160000","FnGuide CD91일 금리투자 지수(총수익)","1453.34","0.12","0.01"
"460280","KIWOOM Fn유전자혁신기술","13600","1265","10.26","13597.92","12490","13870","12490","8138","108897350","4080000000","4079375163","300000","FnGuide 유전자혁신기술 지수(시장가격)","1180.27","115.08","10.80"
"488200","KIWOOM K-2차전지북미공급망","13065","1390","11.91","13048.10","13100","13360","12805","23949","315095997","7839000000","7828857337","600000","Solactive K-Battery North America Supply Chain 지수","3243.50","330.41","11.34"
"488210","KIWOOM K-반도체북미공급망","20340","2990","17.23","20125.44","18950","20880","18740","29509","575530525","4068000000","4025088472","200000","Solactive K-Semiconductor North America Supply Chain 지수","3956.04","542.78","15.90"
"469790","KIWOOM K-테크TOP10","27825","2640","10.48","27770.45","25200","28800","25200","14077","396102095","19477500000","19439318247","700000","Solactive K-TechTOP10 Index(PR)","5506.27","534.78","10.76"
"100910","KIWOOM KRX100","13220","1205","10.03","13190.46","15500","15500","13000","20771","278082858","27762000000","27699958408","2100000","KRX 100","13123.16","1202.18","10.08"
"435530","KIWOOM TDF2030액티브","15145","110","0.73","15146.78","15270","15270","15090","3280","49687165","7572500000","7573387844","500000","Dow Jones Target 2030 Index (Total Return)","569.50","-0.85","-0.15"
"435540","KIWOOM TDF2040액티브","16720","110","0.66","16780.27","16885","16885","16680","6147","102979810","8360000000","8390134853","500000","Dow Jones Target 2040 Index (Total Return)","752.30","-1.82","-0.24"
"435550","KIWOOM TDF2050액티브","17115","135","0.80","17187.70","17230","17230","17095","12552","214999157","9413250000","9453232906","550000","Dow Jones Target 2050 Index (Total Return)","886.07","-2.90","-0.33"
"104530","KIWOOM 고배당","19655","1520","8.38","19580.35","19725","19800","19230","130623","2553955340","50120250000","49929880087","2550000","MKF 웰스 고배당20","19599.80","1429.56","7.87"
"148070","KIWOOM 국고채10년","108265","305","0.28","108371.30","108280","108625","108030","42132","4561173522","490765245000","492222438952","4533000","KIS 10년 국고채 지수 (총수익)","16212.15","66.23","0.41"
"167860","KIWOOM 국고채10년레버리지","99835","240","0.24","100208.02","100030","100625","99625","181","18078250","28952150000","29060325954","290000","KIS 10년 국고채 지수 (총수익)","16212.15","66.23","0.41"
"471460","KIWOOM 국고채30년액티브","54970","490","0.90","55067.63","54865","55125","54700","6206","340565624","28584400000","28635165909","520000","KIS-키움 국고채30년 지수(총수익지수)","9048.76","103.42","1.16"
"114470","KIWOOM 국고채3년","109255","120","0.11","108838.18","109265","109340","109165","755","82485290","58997700000","58772619893","540000","KTB INDEX(시장가격)","10304.60","14.31","0.14"
"473490","KIWOOM 글로벌AI반도체","22405","750","3.46","22547.96","22010","22680","22010","15382","344991772","30246750000","30439739781","1350000","Solactive Global AI Semiconductor Index (Price Return)","13324.07","273.11","2.09"
"489860","KIWOOM 글로벌전력GRID인프라","14945","155","1.05","15097.29","15225","15225","14900","9474","141904927","8967000000","9813240924","600000","NASDAQ OMX Clean Edge Smart Grid Infrastructure Index","1382.69","-13.06","-0.94"
"394350","KIWOOM 글로벌퓨처모빌리티","15215","230","1.53","15669.43","14985","15325","14985","1773","26860595","4564500000","4700829712","300000","MSCI ACWI IMI 퓨처모빌리티 ESG 지수(시장가격)","3304.69","12.27","0.37"
"130730","KIWOOM 단기자금","101740","40","0.04","101714.37","101735","101750","101730","3456","351633169","148845620000","135483544301","1463000","MK 머니마켓 지수(총수익)","14547.23","1.06","0.01"
"419890","KIWOOM 단기채권ESG액티브","106575","15","0.01","106568.79","106590","106590","106575","45","4796365","70339500000","70335401845","660000","KIS ESG 9M~1.5Y","126.71","0.03","0.02"
"411860","KIWOOM 독일DAX","17750","495","2.87","17494.35","17770","17795","17490","1842","32449116","12425000000","10496608063","700000","DAX Index(PR)","8895.05","-145.52","-1.61"
"476450","KIWOOM 머니마켓액티브","51995","20","0.04","51980.40","51975","52000","51975","9168","476601844","257375250000","238174205289","4950000","KIS-키움 MMF지수(총수익지수)","117.98","0.01","0.01"
"430500","KIWOOM 물가채KIS","113040","335","0.30","113252.40","113225","113465","113040","151","17085360","11304000000","11325239874","100000","KIS TIPS 지수(총수익)","14230.41","44.07","0.31"
"426330","KIWOOM 미국ETF산업STOXX","15760","-35","-0.22","16038.37","15795","15800","15755","1071","16892460","3152000000","3207674477","200000","STOXX USA ETF Industry Index (KRW)","314.39","-1.79","-0.57"
"449770","KIWOOM 미국S&P500","20010","90","0.45","20081.19","20045","20065","19935","7593","152008470","62031000000","62251677334","3100000","S&P 500","6830.71","-38.79","-0.56"
"0127V0","KIWOOM 미국S&P500 TOP10&배당다우비중전환","10080","50","0.50","10142.19","10050","10155","10050","7882","79571120","13104000000","13184844034","1300000","S&P500 TOP10 생애배당다우존스 2040 지수","714.48","0.17","0.02"
"0137W0","KIWOOM 미국S&P500&GOLD","10105","40","0.40","10144.36","10145","10145","10070","35099","354846813","27283500000","25868125707","2700000","S&P500 & S&P GSCI 금현물 90/10 혼합지수","5606.30","-35.66","-0.63"
"0127T0","KIWOOM 미국S&P500&배당다우존스비중전환","10565","-35","-0.33","10620.78","10510","10610","10500","9653","102067161","12678000000","12744931713","1200000","S&P500 생애배당다우존스 2040 지수","543.46","-3.56","-0.65"
"449780","KIWOOM 미국S&P500(H)","16885","190","1.14","16928.34","16985","17020","16875","14186","240528555","33770000000","33856676219","2000000","S&P 500","6830.71","-38.79","-0.56"
"0137V0","KIWOOM 미국S&P500모멘텀","9830","100","1.03","9920.34","9920","9920","9775","38958","382050675","34405000000","34721198815","3500000","S&P500 모멘텀 지수","2974.41","-14.95","-0.50"
"0107F0","KIWOOM 미국고배당&AI테크","10870","5","0.05","10938.79","10940","10940","10765","42017","454591829","28805500000","28440851888","2650000","Akros 미국AI테크TOP10&미국고배당3070 지수","3290.88","-11.29","-0.34"
"453080","KIWOOM 미국나스닥100(H)","19700","395","2.05","19776.87","19815","19900","19675","324027","6399690655","70920000000","71196728640","3600000","NASDAQ 100","25020.41","-73.27","-0.29"
"460270","KIWOOM 미국달러SOFR금리액티브(합성)","13095","-70","-0.53","13093.01","13020","13095","13000","9023","117916370","10606950000","10605337805","810000","Solactive SOFR Daily Total Return Index","1234.48","0.13","0.01"
"138230","KIWOOM 미국달러선물","16945","-105","-0.62","16944.18","16895","16945","16800","32907","556781822","27620350000","27619015591","1630000","미국달러선물지수","1637.43","-6.92","-0.42"
"225800","KIWOOM 미국달러선물레버리지","16855","-180","-1.06","16822.90","16780","16855","16565","22322","373054040","10450100000","10430195843","620000","미국달러선물지수","1637.43","-6.92","-0.42"
"139660","KIWOOM 미국달러선물인버스","7935","60","0.76","7934.64","7955","7995","7920","390","3099235","57528750000","57526119308","7250000","미국달러선물지수","1637.43","-6.92","-0.42"
"230480","KIWOOM 미국달러선물인버스2X","4185","30","0.72","4203.55","4220","4245","4185","36890","155365750","9960300000","10004452618","2380000","미국달러선물지수","1637.43","-6.92","-0.42"
"0084E0","KIWOOM 미국대형주500월간목표헤지액티브","10040","-5","-0.05","10100.62","10075","10075","10040","19","191195","30120000000","30301856916","3000000","Akros 미국대형주500 월간방어적배분 지수(TR)","3419.28","-8.79","-0.26"
"373790","KIWOOM 미국방어배당성장나스닥","17335","65","0.38","17244.50","17785","17785","17080","2436","41884726","4853800000","4828459130","280000","Nasdaq US Low Volatility Dividend Achievers Index","1368.73","-18.23","-1.31"
"483030","KIWOOM 미국블록버스터바이오테크의약품+","11635","-35","-0.30","11704.85","11670","11690","11530","6936","80485357","5817500000","5852426454","500000","Solactive Blockbuster Biotech Drugs Index(PR)","2409.70","-50.74","-2.06"
"459790","KIWOOM 미국성장기업30액티브","18970","410","2.21","19029.13","19035","19040","18930","3943","74858805","25609500000","25689320244","1350000","MSCI USA Index(Price Return)","6503.08","-37.78","-0.58"
"498270","KIWOOM 미국양자컴퓨팅","12390","330","2.74","12590.01","12440","12495","12380","189127","2354618710","239127000000","241098743449","19300000","Solactive U.S. Quantum Computing Index(PR)","7109.51","-91.33","-1.27"
"474800","KIWOOM 미국원유에너지기업","15045","-105","-0.69","15038.15","14885","15060","14805","611298","9116632841","28585500000","48874001017","1900000","MSCI US IMI Energy 25/50 Index(Price Return)","2151.45","9.87","0.46"
"0084D0","KIWOOM 미국테크100월간목표헤지액티브","10545","30","0.29","10672.47","10555","10580","10530","1863","19658850","9490500000","9605222391","900000","Akros 미국테크100 월간방어적배분 지수(TR)","5830.68","-7.29","-0.12"
"104520","KIWOOM 블루칩","14315","1200","9.15","14308.16","14550","14565","14160","3061","43916105","15746500000","15738972274","1100000","MKF 블루칩","14293.70","1040.61","7.85"
"0015E0","KIWOOM 엔비디아미국30년국채혼합액티브(H)","10600","5","0.05","10687.17","10990","10990","10595","7139","75951327","6360000000","5343585560","600000","Bloomberg Blended NVIDIA and US Long Treasury Bond Index","7402.98","-15.57","-0.21"
"483020","KIWOOM 의료AI","13610","1370","11.19","13598.30","12995","13845","12995","16890","225307842","8846500000","8838893585","650000","FnGuide 의료AI 지수","2929.31","284.98","10.78"
"200250","KIWOOM 인도Nifty50(합성)","24420","510","2.13","24353.24","23920","24455","23920","50056","1210624447","219780000000","219179156903","9000000","Nifty 50 Index","24765.90","285.40","1.17"
"454780","KIWOOM 종합채권(AA-이상)액티브","103070","265","0.26","103155.17","103200","103200","102965","157","16179357","473606650000","473585397715","4595000","KIS 종합 채권시장지수(AA-이상)(총수익지수)","118.18","0.38","0.32"
"441330","KIWOOM 차이나A50커넥트MSCI","12395","200","1.64","12603.26","12320","12430","12320","337","4177205","2479000000","2520652925","200000","MSCI China A50 Connect Index","2596.11","31.55","1.23"
"454180","KIWOOM 차이나내수소비TOP CSI","8750","50","0.57","8721.07","9235","9235","8590","1376","12017060","3500000000","3488426408","400000","CSI SH-HK-SZ Consumer Top Index","1890.93","-9.60","-0.50"
"496090","KIWOOM 코리아밸류업","25035","2370","10.46","24955.52","25335","25620","24570","3545","89487019","106398750000","106060940107","4250000","코리아 밸류업 지수","2532.38","225.24","9.76"
"316670","KIWOOM 코스닥150","9760","1210","14.15","9892.74","9300","10315","9225","575806","5636580938","78470400000","79537617436","8040000","코스닥 150","1985.98","272.91","15.93"
"291630","KIWOOM 코스닥150선물레버리지","8395","1880","28.86","8154.27","8125","9130","7520","208329","1759077554","8646850000","8398899836","1030000","F-코스닥150 지수","2240.58","256.30","12.92"
"291620","KIWOOM 코스닥150선물인버스","3735","-620","-14.24","3797.33","3355","3925","3355","153268","562863534","2315700000","2354343227","620000","F-코스닥150 지수","2240.58","256.30","12.92"
"153270","KIWOOM 코스피100","64175","6130","10.56","63964.13","75455","75455","63005","36962","2415735945","24386500000","26864933361","380000","코스피 100","6405.53","579.23","9.94"
"122260","KIWOOM 통안채1년","103020","30","0.03","103009.42","103040","103045","103020","133","13703090","42238200000","42233862443","410000","MK 통안채지수(총수익)","15130.46","2.90","0.02"
"0015F0","KIWOOM 팔란티어미국30년국채혼합액티브(H)","10685","150","1.42","10704.45","10450","10775","10450","21642","230803009","20301500000","19268018991","1900000","Bloomberg Blended PALANTIR and US Long Treasury Bond Index","1817.87","-6.58","-0.36"
"0097L0","KIWOOM 한국고배당&미국AI테크","12500","720","6.11","12507.37","12250","12620","11895","100157","1253864429","29375000000","29392326534","2350000","Akros 미국AI테크TOP10&한국고배당3070 지수","5097.20","285.01","5.92"
"069500","KODEX 200","83570","7670","10.11","83714.44","84015","86700","82175","43909100","3704743089404","17792053000000","17713974879475","212900000","코스피 200","831.22","74.43","9.83"
"226980","KODEX 200 중소형","23065","1605","7.48","23022.56","23070","23400","22560","94267","2162904250","23065000000","23022557478","1000000","코스피 200 중소형주지수","2276.01","166.22","7.88"
"337160","KODEX 200ESG","34280","3040","9.73","34216.07","34855","35370","33690","129402","4488589580","82272000000","82118576803","2400000","코스피 200 ESG 지수","1013.21","90.34","9.79"
"363580","KODEX 200IT TR","32675","3360","11.46","32574.54","33325","33860","31910","140957","4657022139","111095000000","110753426574","3400000","코스피200 정보기술 TR","9900.25","990.55","11.12"
"278530","KODEX 200TR","30155","2855","10.46","30118.18","30740","30950","29565","4169772","126586440881","5599783500000","5629088012907","185700000","코스피 200 TR","1096.41","98.19","9.84"
"337150","KODEX 200exTOP","24465","1965","8.73","24510.94","24510","24850","24320","16867","413470072","17125500000","17157660733","700000","코스피 200 초대형제외 지수","527.06","41.50","8.55"
"223190","KODEX 200가치저변동","24195","2015","9.08","24087.57","24225","24640","23700","55065","1331710972","24195000000","24087572632","1000000","코스피 200 가치저변동성","11728.72","927.43","8.59"
"252650","KODEX 200동일가중","18130","1320","7.85","18163.40","18240","18410","17765","4013","72653200","67081000000","67204590652","3700000","코스피 200 동일가중지수","3631.85","269.23","8.01"
"360140","KODEX 200롱코스닥150숏선물","13165","-645","-4.67","13299.02","13365","14370","12500","77395","1033166765","31596000000","31917653880","2400000","코스피200 롱 100% 코스닥150 숏 100% 선물지수","1148.38","-63.19","-5.22"
"284430","KODEX 200미국채혼합","19625","725","3.84","19641.50","19575","20535","19000","3881311","76422443290","1376890000000","1393761057076","70160000","코스피 200 미국채 혼합지수","4541.43","146.98","3.34"
"252670","KODEX 200선물인버스2X","279","-67","-19.36","285.82","264","290","258","10037433764","2736123075984","1604891700000","1621724755072","5752300000","코스피 200 선물지수","4036.92","288.49","7.70"
"494890","KODEX 200액티브","24115","2215","10.11","24151.63","25045","25045","23715","2657716","64587900430","921193000000","925007281669","38200000","코스피 200","831.22","74.43","9.83"
"498400","KODEX 200타겟위클리커버드콜","17645","1675","10.49","17615.79","17805","18100","17335","17901910","318619993071","3313731000000","3350524050190","187800000","코스피 200 타겟 15% 위클리 커버드콜 지수","2526.66","226.64","9.85"
"0117L0","KODEX 26-12 금융채(AA-이상)액티브","10020","0","0.00","10018.96","10020","10020","10015","13714","137371677","2032857600000","1982552645821","202880000","KAP 26-12 금융채 총수익 지수(AA-이상)","109.32","0.01","0.01"
"473290","KODEX 26-12 회사채(AA-이상)액티브","10750","0","0.00","10753.97","10750","10755","10750","82091","882566497","707672500000","688576788786","65830000","KAP 26-12 회사채 총수익 지수(AA-이상)","120.09","0.02","0.02"
"0007F0","KODEX 27-12 회사채(AA-이상)액티브","10115","10","0.10","10113.76","10105","10115","10105","9875","99874675","482890100000","482831114555","47740000","KAP 27-12 회사채 총수익 지수(AA-이상)","109.10","0.05","0.05"
"0119H0","KODEX 28-12 회사채(AA-이상)액티브","9920","15","0.15","9915.19","9920","9920","9905","5361","53155830","193340800000","193346220676","19490000","KAP 28-12 회사채 총수익 지수(AA- 이상)","103.00","0.13","0.13"
"305720","KODEX 2차전지산업","16725","1690","11.24","16689.00","16315","17130","16305","16356942","273171864599","1794592500000","1780716578627","107300000","FnGuide 2차전지 산업 지수","2913.18","304.54","11.67"
"462330","KODEX 2차전지산업레버리지","1696","318","23.08","1684.89","1679","1757","1618","128161743","216636516213","626841600000","622733790252","369600000","FnGuide 2차전지 산업 지수","2913.18","304.54","11.67"
"461950","KODEX 2차전지핵심소재10","6445","760","13.37","6425.40","6200","6635","6200","3181354","20358772104","239431750000","237739633139","37150000","FnGuide 2차전지핵심소재10 지수","5705.42","680.73","13.55"
"457690","KODEX 33-06 국고채액티브","10700","0","0.00","10720.08","10705","10750","10695","9017","96569945","20437000000","20475345459","1910000","KAP 33-06 국고채 총수익 지수","113.19","0.34","0.30"
"271060","KODEX 3대농산물선물(H)","8125","-40","-0.49","8112.55","8155","8170","8070","94223","765216086","24862500000","24824415656","3060000","S&P GSCI Grains Select Index ER","17.13","0.31","1.87"
"457700","KODEX 53-09 국고채액티브","10685","95","0.90","10690.57","10655","10710","10635","8679","92518000","14317900000","14325358729","1340000","KAP 53-09 국고채 총수익 지수","106.76","1.02","0.96"
"395160","KODEX AI반도체","28130","4380","18.44","27831.85","27095","28590","26785","8053935","222644887325","2309473000000","2276645331778","82100000","FnGuide AI반도체지수","6408.02","869.17","15.69"
"471990","KODEX AI반도체핵심장비","25550","4130","19.28","25518.68","24430","26217","24045","3684237","92429599087","413910000000","428713748611","16200000","iSelect AI 반도체핵심장비 지수","7155.48","1147.19","19.09"
"487240","KODEX AI전력핵심설비","30720","3210","11.67","30641.36","31205","31695","30165","8801593","272931630278","1628160000000","1660761966931","53000000","iSelect AI 전력핵심설비 지수(Price Return)","18479.86","1766.25","10.57"
"481050","KODEX CD1년금리플러스액티브(합성)","1021810","265","0.03","1021578.37","1021805","1021810","1021805","12863","13143509035","2835624931000","2828341863648","2775100","KAP 1년은행 CD+추가금리 지수(총수익지수)","1225.72","0.11","0.01"
"459580","KODEX CD금리액티브(합성)","1073710","245","0.02","1073532.24","1073705","1073710","1073705","267024","286705674340","8027485444000","8001465171728","7476400","KAP 양도성예금증서(CD)금리지수(총수익지수)","123.40","0.01","0.01"
"439860","KODEX ESG종합채권(A-이상)액티브","113915","150","0.13","113926.66","113975","114000","113855","622","70876940","297659895000","297690369082","2613000","KAP ESG 종합채권지수(A- 이상, 총수익)","130.46","0.12","0.09"
"266370","KODEX IT","44615","5525","14.13","44310.13","44370","45580","43535","58461","2607524519","57999500000","57603164160","1300000","KRX 정보기술","3821.63","431.74","12.74"
"368680","KODEX K-뉴딜디지털플러스","8595","585","7.30","8642.62","8580","8805","8420","3655","31532425","8595000000","8642620349","1000000","FnGuide K-뉴딜 디지털 플러스 지수","2051.30","160.43","8.48"
"423160","KODEX KOFR금리액티브(합성)","110660","10","0.01","110654.08","110655","110660","110655","127366","14094049934","4410354300000","4316615678926","39855000","KOFR 지수","1182.03","0.08","0.01"
"292190","KODEX KRX300","38520","3765","10.83","38366.43","38940","39340","37770","36566","1416663238","61632000000","61386284733","1600000","KRX 300","3728.98","344.99","10.19"
"306950","KODEX KRX300레버리지","64225","10210","18.90","63262.97","65000","65300","58110","58285","3550638368","64225000000","63262965538","1000000","KRX 300","3728.98","344.99","10.19"
"229720","KODEX KTOP30","30610","2785","10.01","30480.12","30910","31215","30005","19706","604604128","15305000000","15240058075","500000","KTOP 30","15331.52","1257.14","8.93"
"0115D0","KODEX K조선TOP10","9665","960","11.03","9645.11","9525","9765","9405","1457869","13991352582","126128250000","124421977385","13050000","KRX K조선 TOP10 지수","6056.90","607.35","11.14"
"266360","KODEX K콘텐츠","12300","640","5.49","12283.96","12465","12550","12110","160494","1969801660","50430000000","49135846251","4100000","KRX K콘텐츠","1895.80","100.88","5.62"
"291890","KODEX MSCI EM선물(H)","10890","335","3.17","10991.96","10890","11155","10890","1247","13761785","7623000000","7694368561","700000","iEdge Emerging Markets Futures Index(ER)","1503.62","-36.32","-2.36"
"289040","KODEX MSCI KOREA ESG유니버설","24560","2250","10.09","24589.01","25130","25200","24275","3715","92381450","17192000000","17212307081","700000","MSCI Korea ESG Universal Capped Index","3427.64","310.79","9.97"
"156080","KODEX MSCI Korea","39400","3475","9.67","39413.67","40075","40550","38750","48401","1919465115","31520000000","31530934537","800000","MSCI Korea Index","1916.43","178.01","10.24"
"278540","KODEX MSCI Korea TR","29295","2810","10.61","29179.46","29480","30030","28730","122117","3591240810","2317234500000","2278915577711","79100000","MSCI Korea TR Index","3698.28","343.56","10.24"
"251350","KODEX MSCI선진국","37425","230","0.62","37620.45","37200","37500","37195","92244","3445188676","497752500000","494708879327","13300000","MSCI World","4458.16","-29.29","-0.65"
"269420","KODEX S&P글로벌인프라(합성)","24385","155","0.64","24351.91","24380","24385","24300","9198","224089450","25238475000","25691264217","1035000","S&P Global Infrastructure Index","3863.51","-38.41","-0.98"
"433970","KODEX TDF2030액티브","13675","40","0.29","13743.59","13640","13735","13640","44762","612644534","83417500000","81774372145","6100000","Samsung Korea Target Date 2030 Index (Price Return)","1855.45","-1.31","-0.07"
"433980","KODEX TDF2040액티브","15405","40","0.26","15412.82","15470","15470","15340","107955","1662154715","121699500000","120990655942","7900000","Samsung Korea Target Date 2040 Index (Price Return)","2162.42","-5.80","-0.27"
"434060","KODEX TDF2050액티브","16550","175","1.07","16576.69","16420","16605","16420","329645","5451355471","494845000000","492327818629","29900000","Samsung Korea Target Date 2050 Index (Price Return)","2507.94","-11.71","-0.46"
"0082V0","KODEX TDF2060액티브","11085","55","0.50","11137.75","11040","11125","11040","134672","1495221728","114729750000","114718870099","10350000","Samsung Korea Target Date 2060 Index","2594.25","-15.23","-0.58"
"329650","KODEX TRF3070","14375","15","0.10","14400.23","14330","14405","14330","99234","1426719037","257312500000","257764155798","17900000","FnGuide TRF 3070 지수","1858.23","4.42","0.24"
"329660","KODEX TRF5050","17710","0","0.00","17804.27","17710","17765","17680","52142","923124895","100947000000","101484344797","5700000","FnGuide TRF 5050 지수","2305.72","4.81","0.21"
"329670","KODEX TRF7030","21565","-15","-0.07","21695.87","21815","21815","21555","27099","584642610","84103500000","84613874801","3900000","FnGuide TRF 7030 지수","2829.85","5.07","0.18"
"395170","KODEX Top10동일가중","14850","1195","8.75","14789.65","14960","15150","14575","253619","3785141606","57915000000","59158591463","3900000","FnGuide TOP10 동일가중 지수","2325.08","188.24","8.81"
"315930","KODEX Top5PlusTR","60810","5255","9.46","60917.89","62535","63190","59950","292469","18051681063","1489845000000","1492488420175","24500000","FnGuide TOP 5 Plus Total Return 지수","6228.37","534.82","9.39"
"261220","KODEX WTI원유선물(H)","18155","235","1.31","17507.23","17750","18290","16030","3067997","54848933241","80335875000","122988265447","4425000","S&P GSCI Crude Oil Index ER","182.00","14.27","8.50"
"271050","KODEX WTI원유선물인버스(H)","3120","-45","-1.42","3231.01","3185","3195","3095","2761367","8681792330","23946000000","30048372922","7675000","S&P GSCI Crude Oil Index ER","182.00","14.27","8.50"
"468370","KODEX iShares미국인플레이션국채액티브","11675","-105","-0.89","11692.08","11660","11680","11590","32528","378477559","18329750000","18356566787","1570000","ICE U.S. Treasury Inflation Linked Bond Index(Total Return)","128.89","-0.04","-0.03"
"468630","KODEX iShares미국투자등급회사채액티브","12010","-65","-0.54","12043.94","12020","12030","11940","68575","823088456","36150100000","36252259755","3010000","Markit iBoxx USD Liquid Investment Grade Index(Total Return)","346.35","-1.51","-0.44"
"468380","KODEX iShares미국하이일드액티브","11785","-20","-0.17","11791.04","11780","11800","11690","110477","1297789121","118910650000","116023804643","10090000","ICE BofAML US HY Constrained Index(Total Return)","620.68","-1.01","-0.16"
"275290","KODEX 가치주","24670","2225","9.91","24567.07","29150","29150","24240","12908","319766863","22203000000","22110361158","900000","MSCI Korea IMI Enhanced Value Capped","14287.74","1211.60","9.27"
"117700","KODEX 건설","6175","595","10.66","6102.44","6195","6235","5952","962050","5863140724","55575000000","53701478216","9000000","KRX 건설","1222.55","110.74","9.96"
"300950","KODEX 게임산업","6095","275","4.73","6079.78","6125","6195","5720","448837","2702285094","33522500000","33438808342","5500000","FnGuide 게임 산업 지수","744.23","35.03","4.94"
"266390","KODEX 경기소비재","11085","545","5.17","11023.18","11085","11260","10930","48806","538859632","12193500000","12125497634","1100000","KRX 경기소비재","1251.37","60.20","5.05"
"279530","KODEX 고배당주","17540","1150","7.02","17494.18","17600","17820","17300","1102871","19350414867","364832000000","363878904615","20800000","FnGuide 고배당 Plus 지수","26777.22","1654.62","6.59"
"132030","KODEX 골드선물(H)","29350","5","0.02","29248.24","29455","29640","29215","262545","7741802694","481340000000","482595908725","16400000","S&P GSCI Gold Index(TR)","2486.60","-27.16","-1.08"
"280940","KODEX 골드선물인버스(H)","2900","20","0.69","2927.20","2880","2905","2855","10291","29575874","3045000000","3073561785","1050000","S&P GSCI GOLD Index Excess Return","306.04","-3.38","-1.09"
"138910","KODEX 구리선물(H)","9145","-55","-0.60","9238.95","9220","9310","9110","306119","2829453275","56699000000","56357612551","6200000","S&P GSCI North American Copper Index(TR)","813.23","-14.35","-1.73"
"471230","KODEX 국고채10년액티브","107790","345","0.32","107876.98","107805","108170","107530","30424","3279723277","491199030000","495910489004","4557000","KAP 국고채 10년 지수(TR)","112.97","0.48","0.43"
"439870","KODEX 국고채30년액티브","104450","970","0.94","104693.84","104170","104765","103965","16136","1684361672","356487850000","360565584394","3413000","KAP 국고채 30년 총수익 지수","93.50","0.93","1.00"
"114260","KODEX 국고채3년","61800","110","0.18","61790.36","61770","61865","61735","67353","4162109628","518007600000","536216721970","8382000","MKF 국고채지수(총수익)","204.25","0.26","0.13"
"152380","KODEX 국채선물10년","67245","230","0.34","67284.31","67185","67440","67050","7094","477158184","40347000000","40370588482","600000","10년국채선물지수","1181.55","4.87","0.41"
"176950","KODEX 국채선물10년인버스","57250","-165","-0.29","57234.68","57285","57350","57250","222","12711365","13396500000","13392916219","234000","10년국채선물지수","1181.55","4.87","0.41"
"292770","KODEX 국채선물3년인버스","56735","-30","-0.05","56688.40","0","0","0","0","0","22467060000","22448606086","396000","국채선물지수","1217.80","2.08","0.17"
"276990","KODEX 글로벌로봇(합성)","24900","-235","-0.93","25212.71","25255","25255","24740","24900","621138212","43699500000","44248302220","1755000","ROBO Global Robotics & Automation UCITS Price Return Index","1218.37","-3.86","-0.32"
"476070","KODEX 글로벌비만치료제TOP2 Plus","10770","200","1.89","10846.65","10595","10890","10595","43711","470360856","46311000000","45555948994","4300000","iSelect 글로벌 비만치료제TOP2 Plus 지수(PR)","2861.26","-32.52","-1.12"
"0064K0","KODEX 금액티브","15850","-75","-0.47","15840.64","15860","15955","15795","714680","11342446744","293383500000","289091620838","18510000","Bloomberg Gold Spot NY 4pm USD Index","4336.03","-48.88","-1.11"
"0089D0","KODEX 금융고배당TOP10","13100","950","7.82","13067.20","13105","13355","12870","967266","12679288949","237110000000","243049845215","18100000","코스피 200 금융 고배당 TOP 10 지수","2679.69","175.55","7.01"
"498410","KODEX 금융고배당TOP10타겟위클리커버드콜","13030","910","7.51","13030.89","13100","13340","12855","2433116","31749428677","600683000000","599421072748","46100000","코스피 200 금융 고배당 TOP 10 타겟 15%분배 위클리 커버드콜 지수","1184.79","78.48","7.09"
"0162M0","KODEX 금융채1~2년(AA-이상)PLUS액티브","10010","20","0.20","10003.50","10010","10010","10000","2748","27484495","140140000000","140048939238","14000000","KAP 금융채 1-2년 총수익 지수","118.15","0.04","0.03"
"102960","KODEX 기계장비","16030","1750","12.25","15971.11","16040","16270","15635","82286","1311207301","19877200000","19804177379","1240000","KRX 기계장비","1727.28","182.80","11.84"
"404260","KODEX 기후변화솔루션","21420","2060","10.64","21421.87","21640","21840","21065","9004","193990385","19278000000","19279684024","900000","KRX 기후변화 솔루션지수","4102.06","382.46","10.28"
"273140","KODEX 단기변동금리부채권액티브","114805","10","0.01","114784.53","114805","114815","114805","4291","492656860","324898150000","324840206621","2830000","KAP 단기변동금리부은행채권지수","146.66","-0.02","-0.01"
"153130","KODEX 단기채권","113405","15","0.01","113404.27","113400","113415","113390","18031","2044767441","746091495000","742571162248","6579000","KRW Cash 지수(총수익)","173.10","0.02","0.01"
"214980","KODEX 단기채권PLUS","114845","10","0.01","114868.35","114850","114860","114845","62243","7148632796","2047916040000","2006979850803","17832000","KRW Cash PLUS 지수(총수익)","167.94","0.01","0.01"
"487950","KODEX 대만테크고배당다우존스","10220","220","2.20","9976.15","10040","10275","9975","89564","902667057","13286000000","13467796743","1300000","Dow Jones Taiwan Technology Dividend 30 Index(TWD)(PR)","2854.97","80.27","2.89"
"122630","KODEX 레버리지","84485","13985","19.84","83409.04","84620","88800","81810","30694820","2633831454681","5200051750000","5538360065714","61550000","코스피 200","831.22","74.43","9.83"
"445290","KODEX 로봇액티브","33500","3760","12.64","33379.27","33050","34355","32670","2934243","98556867597","1028450000000","1029750362437","30700000","iSelect K-로봇테마 지수","3821.91","377.49","10.96"
"488770","KODEX 머니마켓액티브","103720","15","0.01","103716.83","103715","103720","103715","950463","98580500431","7366609280000","7295026946982","71024000","KAP MMF 지수(TR)","119.83","0.00","0.00"
"321410","KODEX 멀티에셋하이인컴(H)","10660","60","0.57","10711.75","10730","10730","10660","217","2320630","5330000000","5355876091","500000","Morningstar Multi-Asset High Income 10% Capped Index","1106.31","-8.44","-0.76"
"337120","KODEX 멀티팩터","27890","1820","6.98","27868.79","28230","28500","27845","872","24462090","16734000000","16721272905","600000","FnGuide 멀티팩터 지수","17431.76","1518.19","9.54"
"401470","KODEX 메타버스액티브","8580","485","5.99","8561.23","8625","8785","8425","97787","835383427","80223000000","78763281184","9350000","FnGuide K-메타버스 지수","1188.02","79.65","7.19"
"244620","KODEX 모멘텀Plus","19450","2110","12.17","19352.87","18940","19900","18940","633","12291563","11670000000","11611723826","600000","FnGuide 모멘텀 Plus 지수","6324.29","685.36","12.15"
"275280","KODEX 모멘텀주","32465","3485","12.03","32314.79","32645","33200","31820","96116","3118707518","22725500000","25851830436","700000","MSCI Korea IMI Momentum Capped","10525.53","1014.82","10.67"
"308620","KODEX 미국10년국채선물","12570","-120","-0.95","12595.85","12535","12585","12475","149935","1879678529","111873000000","112103021816","8900000","S&P 10-Year U.S. Treasury Note Futures KRW(ER)","241.32","-2.35","-0.97"
"0091C0","KODEX 미국10년국채액티브(H)","10050","-35","-0.35","10064.63","10080","10080","10045","104260","1049324052","161805000000","162040523747","16100000","KAP 미국 국채 10년 지수(총수익)","94.52","-0.26","-0.27"
"484790","KODEX 미국30년국채액티브(H)","8935","-40","-0.45","8984.40","8980","8985","8915","782628","7002944244","636886800000","612466247653","71280000","KEDI-KAP 미국 국채 20+ 지수(TR)","74.79","-0.38","-0.51"
"304660","KODEX 미국30년국채울트라선물(H)","7710","-55","-0.71","7795.95","7750","7765","7705","200903","1552658159","200460000000","201914982517","26000000","S&P Ultra T-Bond Futures Index(ER)","111.98","-0.68","-0.60"
"304670","KODEX 미국30년국채울트라선물인버스(H)","11555","115","1.01","11466.70","11500","11555","11500","3139","36212140","6933000000","6880022288","600000","S&P Ultra T-Bond Futures Index(ER)","111.98","-0.68","-0.60"
"481060","KODEX 미국30년국채타겟커버드콜(합성 H)","8250","-25","-0.30","8312.93","8275","8280","8230","1635679","13516812294","906262500000","913175512695","109850000","Bloomberg U.S.Treasury 20+ Year(TLT)+ 12% Premium Covered Call index(TR)","943.50","-3.43","-0.36"
"0151S0","KODEX 미국AI반도체TOP3플러스","10465","470","4.70","10486.28","10535","10560","10440","394971","4151011602","129242750000","124262394760","12350000","Akros 미국 AI 반도체 Top 3 플러스 지수 (Price Return)","18335.36","-37.21","-0.20"
"0041D0","KODEX 미국AI소프트웨어TOP10","12250","360","3.03","12312.64","12265","12325","12195","168709","2069993251","60025000000","60331923400","4900000","iSelect 미국 AI 소프트웨어 TOP10 지수(PR)","3124.14","70.48","2.31"
"487230","KODEX 미국AI전력핵심인프라","20125","765","3.95","20371.25","20190","20300","20055","2500278","50515892230","1531512500000","1477934317748","76100000","iSelect 미국AI전력핵심인프라 지수(Price Return)","8402.58","-218.82","-2.54"
"485540","KODEX 미국AI테크TOP10","14110","345","2.51","14177.05","14135","14195","14080","189053","2671497558","282200000000","280705620978","20000000","KEDI 미국AI테크 TOP10 지수(PR)","11604.22","30.80","0.27"
"483280","KODEX 미국AI테크TOP10타겟커버드콜","11930","305","2.62","11985.26","11945","11990","11895","409448","4887289045","573833000000","572895370641","48100000","KEDI 미국 AI 테크 TOP10+15%프리미엄 지수(Total Return)","9551.01","35.63","0.37"
"428560","KODEX 미국ETF산업Top10 Indxx","16800","75","0.45","16879.85","16725","16840","16675","8719","145919087","13440000000","13503876995","800000","Indxx US ETF Industry Top10 Index(Price Return)","3817.42","-19.12","-0.50"
"379800","KODEX 미국S&P500","22785","110","0.49","22870.16","22830","22855","22680","9357387","213057011316","8143359000000","8112045471806","357400000","S&P 500","6830.71","-38.79","-0.56"
"449180","KODEX 미국S&P500(H)","15440","160","1.05","15495.55","15505","15550","15420","557738","8634828511","716416000000","711245931867","46400000","S&P 500","6830.71","-38.79","-0.56"
"453660","KODEX 미국S&P500경기소비재","18250","270","1.50","18428.61","18410","18410","18215","7716","141192825","13687500000","13821460921","750000","S&P Consumer Discretionary Select Sector Index(Price Return)","2353.82","3.63","0.15"
"453650","KODEX 미국S&P500금융","18425","95","0.52","18532.39","18435","18475","18345","37533","690861798","46062500000","43551105677","2500000","S&P Financial Select Sector Index(Price Return)","630.36","-3.13","-0.49"
"0005A0","KODEX 미국S&P500데일리커버드콜OTM","9655","45","0.47","9697.32","9685","9685","9615","155419","1500276547","149652500000","148369063707","15500000","S&P 500 Covered Call 1% OTM Daily Index(TR)","361.24","-2.01","-0.55"
"276970","KODEX 미국S&P500배당귀족커버드콜(합성 H)","8215","35","0.43","8297.30","8160","8225","8160","15389","126329952","38610500000","38997314158","4700000","S&P500 Dividend Aristocrats Covered Call(7.2% Premium) Index","115.14","-1.28","-1.10"
"0026E0","KODEX 미국S&P500버퍼3월액티브","11185","-10","-0.09","11346.23","11195","11195","11150","1531","17099462","75498750000","76587022710","6750000","S&P500 10% Buffered Index March Series (USD) TR","201.11","0.01","0.01"
"0068M0","KODEX 미국S&P500버퍼6월액티브","11780","95","0.81","11853.33","11730","11780","11660","211","2473300","58900000000","59266674707","5000000","S&P500 10% Buffered Index June Series (USD) TR","409.07","-0.96","-0.24"
"0089C0","KODEX 미국S&P500변동성확대시커버드콜","10945","80","0.74","10995.18","10985","10985","10885","5891","64390155","83729250000","84113098638","7650000","Cboe S&P 500 Volatility Contingent Daily Covered Call Index(Total Retrun)","3049.53","-17.34","-0.57"
"200030","KODEX 미국S&P500산업재(합성)","44315","-170","-0.38","44607.71","44415","44535","44125","15432","684989049","50519100000","50852788662","1140000","S&P Select Sector Industrial Index","1733.40","-39.10","-2.21"
"219480","KODEX 미국S&P500선물(H)","29800","335","1.14","29890.89","29905","29995","29745","11156","332987248","144530000000","146465354661","4850000","S&P 500 Futures Total Return Index","1031.11","-6.04","-0.58"
"0041E0","KODEX 미국S&P500액티브","14360","160","1.13","14404.73","14610","14610","14280","90478","1298804564","58876000000","59059395045","4100000","S&P 500","6830.71","-38.79","-0.56"
"218420","KODEX 미국S&P500에너지(합성)","19215","-125","-0.65","19107.98","18990","19235","18840","210510","3994314057","40178565000","39954784710","2091000","S&P Select Sector Energy Index","1182.54","6.43","0.55"
"463640","KODEX 미국S&P500유틸리티","15975","50","0.31","16070.84","15940","15995","15940","2432","38802744","15975000000","16070837598","1000000","S&P Utilities Select Sector Index(Price Return)","945.82","-7.27","-0.76"
"463690","KODEX 미국S&P500커뮤니케이션","19780","-10","-0.05","20004.11","19865","19985","19780","2579","51223300","12857000000","13002668856","650000","S&P Communication Services Select Sector Index(Price Return)","618.66","-1.73","-0.28"
"463680","KODEX 미국S&P500테크놀로지","17625","185","1.06","17780.18","17680","17760","17625","15510","274471365","66093750000","64897650941","3750000","S&P Technology Select Sector Index(Price Return)","2821.94","5.85","0.21"
"453630","KODEX 미국S&P500필수소비재","13475","-130","-0.96","13529.82","13420","13515","13395","32845","442032582","17517500000","17588760934","1300000","S&P Consumer Staples Select Sector Index(Price Return)","862.53","-17.74","-2.01"
"453640","KODEX 미국S&P500헬스케어","13840","5","0.04","13955.65","13850","13930","13750","38089","527213555","65740000000","64893770755","4750000","S&P Health Care Select Sector Index(Price Return)","1553.64","-31.37","-1.98"
"185680","KODEX 미국S&P바이오(합성)","39480","805","2.08","39823.57","39650","39740","39475","9457","374444511","20805960000","20987022379","527000","S&P Biotechnology Select Industry Index","9681.20","-195.15","-1.98"
"0028X0","KODEX 미국금융테크액티브","11270","155","1.39","11335.02","11165","11300","11165","10673","120108541","18032000000","18136037426","1600000","iSelect 미국 차세대 파이낸셜 테크 지수(시장가격)","1096.05","6.27","0.57"
"379810","KODEX 미국나스닥100","24340","335","1.40","24459.57","24420","24475","24265","7824453","190538494683","5603068000000","5568220828098","230200000","NASDAQ 100","25020.41","-73.27","-0.29"
"449190","KODEX 미국나스닥100(H)","19010","350","1.88","19103.09","19125","19185","18990","703518","13448257535","480002500000","475666845768","25250000","NASDAQ 100","25020.41","-73.27","-0.29"
"494300","KODEX 미국나스닥100데일리커버드콜OTM","9780","115","1.19","9837.67","9790","9835","9760","1235073","12100117907","639612000000","624692142276","65400000","NASDAQ-100 Daily Covered Call 101 Index(TR)","303.16","-0.80","-0.26"
"409820","KODEX 미국나스닥100레버리지(합성 H)","15035","590","4.08","15180.70","15255","15300","14995","213443","3232314710","198462000000","200385284147","13200000","NASDAQ 100","25020.41","-73.27","-0.29"
"304940","KODEX 미국나스닥100선물(H)","27815","545","2.00","27942.93","27965","28070","27780","6727","187784848","107087750000","107580278488","3850000","NASDAQ 100","25020.41","-73.27","-0.29"
"409810","KODEX 미국나스닥100선물인버스(H)","6525","-130","-1.95","6493.46","6470","6525","6445","311360","2015471937","32951250000","32791977791","5050000","NASDAQ 100","25020.41","-73.27","-0.29"
"411420","KODEX 미국나스닥AI테크액티브","22055","610","2.84","22238.02","21720","22265","21720","98288","2173857127","106966750000","105630581745","4850000","Nasdaq CB Insights Metaverse US Index (Price Return)","1726.31","-2.70","-0.16"
"455030","KODEX 미국달러SOFR금리액티브(합성)","12610","-65","-0.51","12605.23","12570","12620","12500","280175","3521050686","639831400000","639589547683","50740000","Bloomberg SOFR Daily Total Return Index","123.45","0.01","0.01"
"261240","KODEX 미국달러선물","14960","-75","-0.50","14953.72","14905","14965","14820","221617","3301795164","71508800000","70581562013","4780000","미국달러선물지수","1637.43","-6.92","-0.42"
"261250","KODEX 미국달러선물레버리지","17835","-200","-1.11","17809.82","17725","17855","17520","203716","3613364700","38701950000","37578720268","2170000","미국달러선물지수","1637.43","-6.92","-0.42"
"261270","KODEX 미국달러선물인버스","7635","60","0.79","7640.21","7640","7685","7620","249548","1909564534","68104200000","68609126448","8920000","미국달러선물지수","1637.43","-6.92","-0.42"
"261260","KODEX 미국달러선물인버스2X","4815","60","1.26","4824.22","4830","4887","4810","670564","3248944684","235742400000","238268000054","48960000","미국달러선물지수","1637.43","-6.92","-0.42"
"0144M0","KODEX 미국드론UAM TOP10","9385","155","1.68","9473.85","9460","9475","9375","152245","1431683853","35193750000","35526943126","3750000","iSelect 미국드론UAM TOP10 지수(Price Return)","4769.82","-168.77","-3.42"
"280930","KODEX 미국러셀2000(H)","15045","205","1.38","15137.75","14900","15185","14800","18893","284625402","34603500000","34059941388","2300000","FTSE Russell 2000 Index","2585.57","-50.44","-1.91"
"0048J0","KODEX 미국머니마켓액티브","14670","-80","-0.54","14675.91","14605","14680","14545","1164995","17018507099","608496930000","604339102175","41479000","KAP 미국 머니마켓 지수","150.81","-0.82","-0.54"
"390390","KODEX 미국반도체","39860","1140","2.94","40002.59","40355","40355","39810","651008","26020467657","835067000000","824053269841","20950000","MVIS US Listed Semiconductor 25 Index","11905.54","-114.45","-0.95"
"489250","KODEX 미국배당다우존스","12595","-55","-0.43","12640.98","12650","12650","12535","386145","4860042193","449641500000","444962345842","35700000","Dow Jones U.S. Dividend 100 Price Return Index","6595.60","-60.54","-0.91"
"483290","KODEX 미국배당다우존스타겟커버드콜","10725","-25","-0.23","10765.71","10750","10750","10660","173063","1854058750","154440000000","155026189373","14400000","Dow Jones U.S. Dividend 100 10% Premium Covered Call Index(Total Return)","538.18","-4.20","-0.78"
"441640","KODEX 미국배당커버드콜액티브","13060","135","1.04","13068.89","12940","13100","12940","1444814","18846912940","1426805000000","1404905974052","109250000","S&P 500","6830.71","-38.79","-0.56"
"352560","KODEX 미국부동산리츠(H)","12285","40","0.33","12316.57","12290","12360","12270","10550","129943320","32555250000","32638915424","2650000","Dow Jones U.S. Real Estate PR Index","380.86","-3.55","-0.92"
"314250","KODEX 미국빅테크10(H)","50675","1670","3.41","50731.99","50740","51085","50650","59115","3006828631","631917250000","630598585187","12470000","NYSE U.S. Big TECH 10 INDEX","15004.22","130.14","0.87"
"473460","KODEX 미국서학개미","22020","720","3.38","22236.49","22105","22140","22000","172661","3810522494","282957000000","275732482610","12850000","iSelect 서학개미 지수(PR)","5660.63","-25.93","-0.46"
"0144L0","KODEX 미국성장커버드콜액티브","9425","155","1.67","9467.52","9435","9470","9390","685698","6466781354","326576250000","325209373212","34650000","NASDAQ 100","25020.41","-73.27","-0.29"
"390400","KODEX 미국스마트모빌리티S&P","7145","70","0.99","7312.92","7180","7320","7145","14538","104760405","8574000000","8775502281","1200000","S&P Kensho Smart Transportation","198.53","-5.01","-2.46"
"0132H0","KODEX 미국원자력SMR","11115","345","3.20","11321.67","11105","11370","11105","344085","3850770512","95589000000","95102063829","8600000","iSelect 미국원자력SMR 지수(Price Return)","10907.97","-581.52","-5.06"
"437080","KODEX 미국종합채권ESG액티브(H)","101040","-15","-0.01","101109.12","101200","101245","100975","12398","1253542899","353640000000","338210011366","3500000","Bloomberg MSCI US Aggregate 2bn ex Securitized SRI Capped Index(Total Return)","128.59","-0.35","-0.27"
"419420","KODEX 미국클린에너지나스닥","9285","285","3.17","9325.74","9160","9380","9160","9381","86951520","13927500000","13988612233","1500000","Nasdaq Clean Edge Green Energy Index (Price Return)","615.87","-14.69","-2.33"
"491090","KODEX 미국테크TOP3플러스","15865","55","0.35","15946.11","15945","15960","15825","21351","338927174","30143500000","30297611701","1900000","KEDI 미국테크TOP3플러스 지수(Price Return)","7000.85","2.72","0.04"
"0038A0","KODEX 미국휴머노이드로봇","16040","245","1.55","16187.69","16110","16140","16005","260307","4184886407","340850000000","332657031412","21250000","iSelect 미국 휴머노이드 로봇 지수(Price Return)","10017.84","-110.73","-1.09"
"244580","KODEX 바이오","12945","1395","12.08","12896.30","12425","13305","12250","3565106","45574611981","288932400000","280623531761","22320000","FnGuide 바이오 지수","4481.13","480.59","12.01"
"091160","KODEX 반도체","100585","15685","18.47","100652.66","97270","103345","96610","11500122","1152297151387","3832288500000","3965714821159","38100000","KRX 반도체","10495.22","1445.85","15.98"
"494310","KODEX 반도체레버리지","72400","16385","29.25","71561.22","69900","75430","65845","10023614","717434585779","1143920000000","1130667226252","15800000","KRX 반도체","10495.22","1445.85","15.98"
"0080G0","KODEX 방산TOP10","14575","1925","15.22","14548.89","13520","14950","13340","20719039","296552113557","411015000000","513575752884","28200000","iSelect 방산 TOP10 지수(Price Return)","13869.75","1694.50","13.92"
"0100K0","KODEX 방산TOP10레버리지","15880","3635","29.69","15807.04","14050","16440","13545","4845423","74011345551","85752000000","88519429844","5400000","iSelect 방산 TOP10 지수(Price Return)","13869.75","1694.50","13.92"
"325020","KODEX 배당가치","25675","2010","8.49","25622.25","26005","26300","25215","242494","6235073381","169455000000","169106833853","6600000","FnGuide SLV 배당가치 지수","3023.28","215.04","7.66"
"244670","KODEX 밸류Plus","11800","690","6.21","11703.13","11800","11810","11440","17254","201231425","7080000000","7021878250","600000","FnGuide 벨류 Plus 지수","2311.31","112.96","5.14"
"140700","KODEX 보험","15785","1300","8.97","15713.68","15605","15885","15170","229296","3586781256","56826000000","54997880128","3600000","KRX 보험","3275.27","238.94","7.87"
"102780","KODEX 삼성그룹","18315","1715","10.33","18280.53","18255","18700","17990","2234770","41090702649","2483514000000","2489808416139","135600000","삼성그룹","18266.03","1638.79","9.86"
"213610","KODEX 삼성그룹밸류","17000","1385","8.87","16965.67","17145","17390","16730","118986","2030185106","297500000000","296899229062","17500000","WISE 삼성그룹 밸류 인덱스","16804.28","1406.92","9.14"
"448330","KODEX 삼성전자채권혼합","15425","575","3.87","15416.98","15390","15650","15320","5177631","80256110203","927042500000","941977387787","60100000","Wise 삼성전자채권혼합 지수","2316.52","77.74","3.47"
"325010","KODEX 성장주","33000","3430","11.60","33068.97","33120","33830","32515","88116","2939102989","158400000000","158731070485","4800000","FnGuide 성장 지수(PR)","9371.12","936.98","11.11"
"385510","KODEX 신재생에너지액티브","37280","4030","12.12","37091.54","36525","37940","36300","284155","10558671382","190128000000","191021427598","5100000","FnGuide K-신재생에너지 플러스 지수","2799.15","265.19","10.47"
"446690","KODEX 아시아AI반도체exChina액티브","43320","3655","9.21","42099.67","40420","43965","40000","86878","3743259291","21660000000","21049834100","500000","iSelect 아시아반도체 제조동맹 지수(시장가격)","8659.62","699.44","8.79"
"437070","KODEX 아시아달러채권ESG플러스액티브","64715","-445","-0.68","64752.47","64590","64770","64290","1115","71965915","40899880000","40923560262","632000","Bloomberg MSCI EM Asia Investment Grade Credit SRI Index(Total Return)","119.67","-0.03","-0.02"
"117460","KODEX 에너지화학","15845","1475","10.26","15711.53","15545","15955","15130","243192","3793624934","34383650000","35193833915","2170000","KRX 에너지화학","3126.21","248.48","8.63"
"275300","KODEX 우량주","22195","2250","11.28","22088.10","22420","22640","21725","49843","1112474100","33292500000","33132153591","1500000","MSCI Korea IMI Quality Capped","12980.97","1180.08","10.00"
"140710","KODEX 운송","7015","370","5.57","6998.50","6975","7105","6820","221730","1539422059","14731500000","13997001183","2100000","KRX 운송","1411.40","71.29","5.32"
"0098F0","KODEX 원자력SMR","17200","2040","13.46","17036.91","17270","17540","16670","2381516","40906058126","233920000000","235109347087","13600000","iSelect 원자력SMR 지수(Price Return)","6622.07","690.14","11.63"
"395150","KODEX 웹툰&드라마","2735","230","9.18","2674.20","2640","2735","2630","127914","341733408","10940000000","11231631644","4000000","FnGuide 웹툰&드라마 지수","404.38","26.40","6.98"
"456250","KODEX 유럽명품TOP10 STOXX","9850","145","1.49","9788.84","9760","9850","9755","21081","206831879","12312500000","12236045702","1250000","STOXX Europe Luxury 10 Index(Price Return)","3238.07","-29.35","-0.90"
"400570","KODEX 유럽탄소배출권선물ICE(H)","9815","-335","-3.30","9798.42","9740","9815","9740","83214","814066887","16881800000","16853286635","1720000","ICE EUA Carbon Futures Index(Excess Return)","1133.97","-6.61","-0.58"
"144600","KODEX 은선물(H)","13575","-305","-2.20","13758.14","13880","14165","13325","6133183","85404149499","1494607500000","1502388919267","110100000","S&P GSCI Silver Index(TR)","2555.33","-30.92","-1.20"
"091170","KODEX 은행","15125","985","6.97","15095.43","15130","15600","14907","1115832","16922240644","488537500000","484563370095","32300000","KRX 은행","1543.62","89.23","6.14"
"453810","KODEX 인도Nifty50","13315","195","1.49","13330.30","13130","13375","13130","285171","3775305153","406773250000","407240594558","30550000","Nifty 50 Index","24765.90","285.40","1.17"
"453820","KODEX 인도Nifty50레버리지(합성)","15140","415","2.82","15007.96","15400","15400","14595","13584","201906690","19682000000","19510348129","1300000","Nifty 50 Index","24765.90","285.40","1.17"
"0000H0","KODEX 인도Nifty미드캡100","10510","100","0.96","10533.45","10720","10720","10402","18142","189634487","15239500000","15273500970","1450000","Nifty Midcap 100 Index(PR)","57792.55","867.40","1.52"
"477730","KODEX 인도타타그룹","8345","50","0.60","8365.77","8310","8385","8225","22353","185950783","29624750000","29698470453","3550000","Nifty India Corporate Group Index - Tata Group 25% Cap(PR)","14534.90","159.95","1.11"
"114800","KODEX 인버스","1691","-180","-9.62","1711.38","1650","1726","1616","669010966","1120514405680","1067697400000","1058485644553","631400000","코스피 200 선물지수","4036.92","288.49","7.70"
"101280","KODEX 일본TOPIX100","28935","650","2.30","28469.12","29085","29415","28655","17335","503799281","61342200000","60354536716","2120000","TOPIX100","2503.83","47.15","1.92"
"352540","KODEX 일본부동산리츠(H)","12650","180","1.44","12456.63","12470","12750","12470","54482","688266721","56925000000","56054847748","4500000","Tokyo Stock Exchange REIT Index","1981.20","29.84","1.53"
"091180","KODEX 자동차","32675","2495","8.27","32524.78","32730","33395","32005","1798803","58936346201","527701250000","548042584598","16150000","KRX 자동차","3313.83","254.42","8.32"
"385520","KODEX 자율주행액티브","14650","1480","11.24","14680.79","14805","14980","14430","57011","841495594","33695000000","33765818443","2300000","FnGuide K-미래차 지수","2725.83","290.83","11.94"
"363570","KODEX 장기종합채권(AA-이상)액티브","94005","505","0.54","94132.63","93975","94215","93735","1997","187642757","324787275000","325981282088","3455000","KAP 한국장기종합채권지수(AA-이상, 총수익)","302.74","1.71","0.57"
"273130","KODEX 종합채권(AA-이상)액티브","113580","330","0.29","113669.02","113590","113835","113455","71527","8125847167","3931003800000","3888276119685","34610000","KAP 한국종합채권지수","267.35","0.79","0.30"
"0153K0","KODEX 주주환원고배당주","11525","715","6.61","11499.65","11535","11705","11370","1981439","22861078091","255855000000","246092505712","22200000","Akros 주주환원 고배당 지수 (Price Return)","3139.63","185.06","6.26"
"102970","KODEX 증권","26375","3370","14.65","26266.54","25895","26965","25710","7940646","210216062619","944225000000","932462128507","35800000","KRX 증권","2622.19","310.33","13.42"
"419430","KODEX 차이나2차전지MSCI(합성)","11500","50","0.44","11654.80","11550","11650","11365","9824","113304598","37950000000","38460848097","3300000","MSCI China all shares IMI Select Batteries Index(Price Return)","2615.00","-5.32","-0.20"
"169950","KODEX 차이나A50","25735","375","1.48","25735.98","25145","25950","25145","3807","97960325","23161500000","20588784462","900000","FTSE China A50 Index","14635.87","139.82","0.96"
"0162L0","KODEX 차이나AI반도체TOP10","9965","260","2.68","9736.97","9960","10195","9640","450913","4454454916","29895000000","29210908248","3000000","Indxx China AI Semiconductor Top 10 Index (Price Return)","4642.43","110.89","2.45"
"428510","KODEX 차이나AI테크액티브","20155","490","2.49","19660.16","19720","20350","19670","50380","1009745016","40310000000","39320316955","2000000","Bloomberg China Media & Tech Index PR","2087.35","12.78","0.62"
"283580","KODEX 차이나CSI300","15890","125","0.79","15778.65","15770","15990","15765","247830","3937543153","276486000000","274548471887","17400000","CSI 300 Index","4647.69","45.07","0.98"
"099140","KODEX 차이나H","22660","-30","-0.13","22801.31","22700","23120","22625","12289","280464479","41921000000","42182418620","1850000","Hang Seng China H","8451.43","-32.52","-0.38"
"204450","KODEX 차이나H레버리지(H)","2425","0","0.00","2454.86","2495","2540","2405","298935","741086887","33465000000","33877096564","13800000","Hang Seng China H","8451.43","-32.52","-0.38"
"415340","KODEX 차이나과창판STAR50(합성)","12355","125","1.02","12347.10","12230","12695","12130","43557","538253666","24833550000","24817679735","2010000","STAR 50 Index(Price Return)","1405.35","23.79","1.72"
"256750","KODEX 차이나심천ChiNext(합성)","15040","170","1.14","14967.55","14765","15270","14735","33250","498390296","45932160000","45710895746","3054000","SZSE ChiNext Price Index","3216.94","52.57","1.66"
"0065G0","KODEX 차이나테크TOP10","9615","75","0.79","9695.55","9540","9815","9535","36827","355666982","32210250000","32480085614","3350000","Hang Seng China Tech Top 10 Select Index (HKD) (Price Return)","2758.59","-9.81","-0.35"
"372330","KODEX 차이나항셍테크","7670","-35","-0.45","7776.24","7810","7875","7660","237571","1847212486","154550500000","156302369141","20150000","Hang Seng TECH Index","4796.33","15.14","0.32"
"0048K0","KODEX 차이나휴머노이드로봇","10570","170","1.63","10446.82","10580","10645","10450","1160233","12258743626","236768000000","234008760011","22400000","Solactive China Humanoid Robotics Index (CNH) (Price Return)","2721.65","37.66","1.40"
"117680","KODEX 철강","15145","1115","7.95","15119.77","15115","15425","14900","135566","2054544962","30744350000","30693129395","2030000","KRX 철강","3056.06","214.12","7.53"
"279540","KODEX 최소변동성","19165","1240","6.92","19363.90","19275","19390","19100","3396","64951345","9582500000","9681950444","500000","KRX 최소변동성지수","11567.53","954.65","9.00"
"445150","KODEX 친환경조선해운액티브","34160","3240","10.48","34114.53","33590","34770","32905","42138","1429860463","68320000000","68229051316","2000000","FnGuide K-친환경 선박 지수","3478.58","290.51","9.11"
"211900","KODEX 코리아배당성장","28600","2320","8.83","28530.43","28520","28960","28040","126000","3593030516","91520000000","92723893700","3200000","코스피 배당성장 50","7125.98","549.69","8.36"
"237370","KODEX 코리아배당성장채권혼합","15865","435","2.82","15854.53","15565","15915","15565","446319","7075360369","158650000000","161716201831","10000000","배당성장채권혼합지수","2495.06","63.34","2.60"
"495850","KODEX 코리아밸류업","24855","2240","9.90","24930.88","25425","25605","24505","1505206","37840946931","606462000000","620778980190","24400000","코리아 밸류업 지수","2532.38","225.24","9.76"
"0115E0","KODEX 코리아소버린AI","13045","1250","10.60","13029.16","13110","13255","12800","344017","4474119948","106969000000","104884716376","8200000","KRX 코리아 소버린 AI 지수","4957.56","459.54","10.22"
"373490","KODEX 코리아혁신성장액티브","24000","2400","11.11","23937.62","24245","24505","23475","9251","222299195","12000000000","11968808745","500000","FnGuide K-이노베이션 지수","3233.01","278.61","9.43"
"229200","KODEX 코스닥150","19575","2515","14.74","19819.75","18540","20840","18455","132506974","2596076238340","7204578750000","7285738291980","368050000","코스닥 150","1985.98","272.91","15.93"
"233740","KODEX 코스닥150레버리지","16725","3425","25.75","16598.64","15550","18585","15100","146929756","2480298165600","4121040000000","4216054309204","246400000","코스닥 150","1985.98","272.91","15.93"
"360150","KODEX 코스닥150롱코스피200숏선물","6275","325","5.46","6199.98","5950","6540","5755","297875","1874397670","29492500000","29139901815","4700000","코스닥150 롱 100% 코스피200 숏 100% 선물지수","751.54","37.32","5.23"
"251340","KODEX 코스닥150선물인버스","2120","-385","-15.37","2143.12","2280","2285","1996","174351758","368517752123","197160000000","185808698503","93000000","F-코스닥150 지수","2240.58","256.30","12.92"
"461450","KODEX 코스닥글로벌","18445","2390","14.89","18542.59","16055","19370","16055","169199","3048534172","33201000000","33376666539","1800000","코스닥 글로벌 지수","2386.23","329.78","16.04"
"226490","KODEX 코스피","57925","5475","10.44","57617.49","57430","58920","56655","1354465","78674304502","851497500000","846977116738","14700000","코스피","5583.90","490.36","9.63"
"237350","KODEX 코스피100","66530","6320","10.50","66443.25","67755","68720","65350","2158319","145339766056","675279500000","681043312908","10150000","코스피 100","6405.53","579.23","9.94"
"359210","KODEX 코스피TR","28945","2860","10.96","28823.02","26865","29475","26865","96448","2796423951","109991000000","109527490657","3800000","코스피 TR","7282.86","639.67","9.63"
"337140","KODEX 코스피대형주","28975","2675","10.17","28949.30","29900","30250","28495","250300","7325103104","60847500000","60793540222","2100000","코스피 대형주","5950.12","534.27","9.86"
"138920","KODEX 콩선물(H)","11990","35","0.29","11959.77","11965","12005","11940","4285","51246890","5995000000","5979883858","500000","S&P GSCI Soybeans Index(TR)","6440.58","53.89","0.84"
"244660","KODEX 퀄리티Plus","9535","110","1.17","9635.75","9590","9695","9475","9205","87884665","4767500000","4817873816","500000","FnGuide 퀄리티 Plus 지수","2355.09","107.87","4.80"
"375770","KODEX 탄소효율그린뉴딜","19990","2025","11.27","19927.25","20055","20345","19685","26732","534310027","47976000000","47825388943","2400000","KRX/S&P 탄소효율 그린뉴딜지수","3315.68","309.76","10.30"
"459560","KODEX 테슬라밸류체인FactSet","19020","30","0.16","19570.78","18990","20200","18945","41318","789594377","29481000000","30334704377","1550000","FactSet TSLA Value Chain Index(PR)","610.09","2.41","0.40"
"475080","KODEX 테슬라커버드콜채권혼합액티브","8615","115","1.35","8679.05","8550","8640","8550","601465","5180476406","351061250000","346294236936","40750000","KEDI 테슬라 인컴 프리미엄 밸런스드 지수(TR)","1656.30","9.69","0.59"
"266410","KODEX 필수소비재","8785","460","5.53","8723.13","8850","8910","8620","82760","723766908","14056000000","13957007694","1600000","KRX 필수소비재","1563.41","67.53","4.51"
"298770","KODEX 한국대만IT프리미어","54680","3310","6.44","54020.51","53260","56765","52605","137681","7442261098","60148000000","59422561100","1100000","한국 대만 IT 프리미어지수","7976.70","486.80","6.50"
"476800","KODEX 한국부동산리츠인프라","4830","165","3.54","4851.02","4765","4850","4755","2016241","9708686398","576219000000","578726841356","119300000","KRX 부동산리츠인프라 지수","1390.41","54.06","4.05"
"450190","KODEX 한중반도체(합성)","37925","3720","10.88","34269.16","34560","38365","34560","1344","50471615","22755000000","20561494723","600000","KRX CSI 한·중 반도체지수","9110.24","821.05","9.91"
"450180","KODEX 한중전기차(합성)","13155","485","3.83","12542.54","12920","13310","12920","246","3239130","8550750000","8152649017","650000","KRX CSI 한·중 전기차지수","5586.80","305.74","5.79"
"266420","KODEX 헬스케어","23380","2580","12.40","23205.78","22375","23940","22205","181652","4197132606","98196000000","97464256651","4200000","KRX 헬스케어","5199.98","528.47","11.31"
"364690","KODEX 혁신기술테마액티브","30970","2780","9.86","30940.46","31320","31610","30495","10771","334367230","18582000000","18564276176","600000","코스피","5583.90","490.36","9.63"
"487130","KoAct AI인프라액티브","22185","2915","15.13","22025.10","21375","22700","21060","186724","4109083531","33277500000","33037651976","1500000","Solactive AI인프라 지수","5457.42","698.83","14.69"
"0074K0","KoAct K수출핵심기업TOP30액티브","15865","1635","11.49","15868.64","15795","16250","15495","279340","4432658496","131679500000","131709696853","8300000","KEDI K수출핵심기업TOP30 지수(PR)","6892.51","760.58","12.40"
"471040","KoAct 글로벌AI&로봇액티브","24365","1010","4.32","24374.60","24535","24550","24060","80929","1971076372","197356500000","193778044862","8100000","iSelect 글로벌AI&로봇PR지수","6240.32","136.18","2.23"
"0132D0","KoAct 글로벌K컬처밸류체인액티브","9950","265","2.74","10077.41","9685","10220","9685","8824","87929225","7462500000","7558059608","750000","KEDI 글로벌 K컬처밸류체인 지수(PR)","1409.65","24.66","1.78"
"0020H0","KoAct 글로벌양자컴퓨팅액티브","18780","720","3.99","18959.80","19185","19185","18615","39989","750242340","43194000000","42659541245","2300000","FactSet 글로벌양자컴퓨팅 PR 지수","623.53","13.16","2.16"
"475070","KoAct 글로벌친환경전력인프라액티브","29900","1345","4.71","30116.30","29450","30215","29450","16434","490955948","35880000000","36139565935","1200000","Solactive 글로벌친환경전력인프라 PR지수","7299.64","307.46","4.40"
"0015B0","KoAct 미국나스닥성장기업액티브","16075","500","3.21","16079.24","16005","16145","15890","325633","5232404676","155927500000","153556762146","9700000","나스닥 종합주가지수","22748.99","-58.50","-0.26"
"0104H0","KoAct 미국나스닥채권혼합50액티브","11050","100","0.91","11098.12","11350","11350","11040","28714","318100075","54145000000","54380793416","4900000","FnGuide 미국나스닥 금융채권혼합 지수","2024.16","-6.34","-0.31"
"0113G0","KoAct 미국바이오헬스케어액티브","10180","50","0.49","10291.36","10290","10290","10140","40378","410671352","15270000000","15437039896","1500000","Solactive 미국바이오헬스케어지수 PR","1821.57","-42.45","-2.28"
"497780","KoAct 미국천연가스인프라액티브","11595","145","1.27","11597.77","11350","11620","11350","84457","973981789","22030500000","23195548042","1900000","Solactive 미국천연가스인프라 PR 지수","1921.89","-6.32","-0.33"
"490330","KoAct 미국치매&뇌질환치료제액티브","12175","100","0.83","12266.45","12005","12200","12005","13588","164829969","5478750000","5519903939","450000","Solactive 미국뇌질환치료제 PR 지수","2454.49","-56.91","-2.27"
"462900","KoAct 바이오헬스케어액티브","22900","2770","13.76","23038.19","21945","23900","21505","2387581","54301645991","661810000000","665803619461","28900000","iSelect 바이오헬스케어 PR 지수","3571.63","345.73","10.72"
"482030","KoAct 반도체&2차전지핵심소재액티브","12060","1760","17.09","11851.27","11450","12250","11255","69971","820632759","14472000000","14221519347","1200000","iSelect 반도체&2차전지핵심소재 지수","4626.27","570.48","14.07"
"476850","KoAct 배당성장액티브","17830","1530","9.39","17755.84","17995","18100","17450","219693","3916022847","73103000000","73686715574","4100000","코스피","5583.90","490.36","9.63"
"0051A0","KoAct 브로드컴밸류체인액티브","18375","80","0.44","18428.96","19145","19145","18330","23103","427251584","19293750000","19350403605","1050000","FactSet 브로드컴밸류체인 지수","569.53","10.16","1.82"
"0150K0","KoAct 수소전력ESS인프라액티브","12435","1520","13.93","12498.28","12180","12820","12090","178050","2213549168","39792000000","41244337979","3200000","FnGuide 수소전력ESS인프라 지수(PR)","1708.65","200.50","13.29"
"0154H0","KoAct 차이나바이오헬스케어액티브","8680","160","1.88","8635.67","8580","8895","8570","43773","379114870","8246000000","8203882310","950000","Solactive 차이나바이오헬스케어지수 PR","1019.44","24.10","2.42"
"495230","KoAct 코리아밸류업액티브","25385","2210","9.54","25296.58","27315","27315","24900","606919","15545913549","204349250000","217550553475","8050000","코리아 밸류업 지수","2532.38","225.24","9.76"
"0093D0","KoAct 팔란티어밸류체인액티브","14250","420","3.04","14338.86","14005","14355","14005","72387","1030746620","38475000000","38714927618","2700000","KEDI 팔란티어밸류체인지수(PR)","3614.53","36.73","1.03"
"152100","PLUS 200","84835","7615","9.86","85033.05","84125","87340","83550","739852","63371015038","1365843500000","1369032071963","16100000","코스피 200","831.22","74.43","9.83"
"491220","PLUS 200TR","98865","9525","10.66","98847.45","100770","101555","97480","17199","1721423715","44489250000","44481351612","450000","코스피 200 TR","1096.41","98.19","9.84"
"253150","PLUS 200선물레버리지","155160","25750","19.90","152154.96","152540","163425","151865","23954","3783340005","38790000000","38038739087","250000","코스피 200 선물지수","4036.92","288.49","7.70"
"253160","PLUS 200선물인버스2X","569","-114","-16.69","589.67","550","597","500","938134","522029888","3157950000","3272658627","5550000","코스피 200 선물지수","4036.92","288.49","7.70"
"395750","PLUS ESG가치주액티브","16570","1340","8.80","16577.51","16465","16870","16345","9080","150521480","6628000000","6631004517","400000","FnGuide 한화 ESG 가치 지수","2557.56","223.54","9.58"
"395760","PLUS ESG성장주액티브","17770","1260","7.63","17739.94","17670","18105","17470","6474","115492210","12439000000","12417961457","700000","FnGuide 한화 ESG 성장 지수","2964.87","278.35","10.36"
"453010","PLUS KOFR금리","108495","10","0.01","108508.26","108495","108505","108495","4410","478482275","17250705000","17252812935","159000","KOFR 지수","1182.03","0.08","0.01"
"429740","PLUS K리츠","7045","340","5.07","7058.08","6760","7055","6760","12093","84538274","9158500000","9175502359","1300000","FnGuide 리츠 지수","685.82","32.85","5.03"
"449450","PLUS K방산","76400","9970","15.01","76363.91","70920","78475","70655","5104365","383141591586","1791580000000","1737278929685","23450000","FnGuide K-방위산업 지수","8067.03","994.47","14.06"
"0104G0","PLUS K방산레버리지","15950","3360","26.69","15990.51","14290","16770","13735","996115","15274515215","32697500000","34379591050","2050000","FnGuide K-방위산업 지수","8067.03","994.47","14.06"
"0090B0","PLUS K방산소부장","11105","1140","11.44","11055.42","10400","11215","10360","444492","4846082882","14991750000","14924817107","1350000","Akros K방산소부장 지수(PR)","1757.55","167.72","10.55"
"269530","PLUS S&P글로벌인프라","22285","-5","-0.02","22270.76","22210","22355","22180","5522","122926554","11142500000","11135379872","500000","S&P Global Infrastructure Index","3863.51","-38.41","-0.98"
"433880","PLUS TDF2060액티브","17675","135","0.77","17774.72","17550","17880","17550","42091","745045324","46308500000","44081304175","2620000","Morningstar Korea Lifetime Allocation Moderate 2060 Index (Gross Return)","3057.50","-19.00","-0.62"
"251590","PLUS 고배당저변동50","17755","970","5.78","17684.26","17690","17850","17465","16580","291549989","11540750000","11494770605","650000","FnGuide 고배당저변동50 지수","3057.48","157.02","5.41"
"161510","PLUS 고배당주","26190","1775","7.27","26079.36","26385","26655","25740","4927586","129057873449","2457669600000","2444157747404","93840000","FnGuide 배당주 지수","25266.42","1551.32","6.54"
"0018C0","PLUS 고배당주위클리고정커버드콜","13220","950","7.74","13148.86","13150","13410","12600","276731","3645168706","83947000000","83495289131","6350000","코스피 고배당 위클리 고정 커버드콜 지수","1736.18","107.25","6.58"
"489030","PLUS 고배당주위클리커버드콜","8900","540","6.46","8840.97","8855","9035","8765","1680728","14955761349","198470000000","197153631801","22300000","코스피 고배당 위클리 콜매도 ATM 지수","1501.16","94.05","6.68"
"251600","PLUS 고배당주채권혼합","15725","535","3.52","15751.35","15510","16000","15505","1896795","30013972355","709197500000","710385992118","45100000","FnGuide 고배당 채권혼합 지수","4090.72","132.09","3.34"
"461460","PLUS 국고채10년액티브","53290","160","0.30","53353.29","53310","53460","53185","18534","988295140","64161160000","64237366927","1204000","KAP 국고채 10년 동일가중 지수(총수익)","112.31","0.50","0.45"
"451600","PLUS 국고채30년액티브","100040","805","0.81","100347.78","99825","100530","99825","277","27705480","13705480000","13747646091","137000","KAP 국고채 30년 지수(총수익)","90.97","1.03","1.15"
"491230","PLUS 국공채머니마켓액티브","51740","60","0.12","51739.85","51750","51750","51740","19231","995115115","144354600000","142491556783","2790000","KAP 국공채 MMF 지수(총수익)","119.39","0.01","0.01"
"289670","PLUS 국채선물10년","53870","50","0.09","53982.69","53935","54110","53790","491","26476270","5602480000","5614200209","104000","10년국채선물지수","1181.55","4.87","0.41"
"298340","PLUS 국채선물3년","56315","140","0.25","56305.11","56305","56365","56205","18966","1067806915","64649620000","62386058758","1148000","국채선물지수","1217.80","2.08","0.17"
"489010","PLUS 글로벌AI인프라","17715","765","4.51","17685.88","17395","17735","17395","21549","377228952","2657250000","2652881455","150000","Solactive Global AI Infrastructure Index (PR)","11457.83","-52.10","-0.45"
"442580","PLUS 글로벌HBM반도체","60800","5950","10.85","61144.49","59865","62760","59805","731121","44864285243","355680000000","357695247467","5850000","iSelect 글로벌HBM반도체 지수","15637.72","846.51","5.72"
"189400","PLUS 글로벌MSCI(합성 H)","23445","5","0.02","23593.39","24140","24165","23445","231","5457380","11956950000","7078016979","510000","MSCI ACWI Index","1028.13","-3.46","-0.34"
"496770","PLUS 글로벌방산","21450","370","1.76","21337.22","21100","22010","21100","86024","1851204003","66495000000","66145386239","3100000","Solactive Global Defense Index(PR)","4302.00","-174.01","-3.89"
"419650","PLUS 글로벌수소&차세대연료전지","4810","225","4.91","5019.33","4710","4825","4710","71395","342060237","19480500000","20077314115","4050000","BlueStar Hydrogen and NextGen Fuel Cell Index (시장가격)","47.58","0.30","0.63"
"0007G0","PLUS 글로벌원자력밸류체인","16695","420","2.58","16891.16","17695","17695","16690","32576","551131515","60102000000","59119056094","3600000","Solactive Global Nuclear Energy Value Chain Index(PR)","6695.16","-321.42","-4.58"
"0035T0","PLUS 글로벌휴머노이드로봇액티브","21095","1495","7.63","21053.54","21030","21465","20970","143658","3050964826","106529750000","106320386919","5050000","iSelect 글로벌휴머노이드로봇 (PR)","7327.12","282.74","4.01"
"415920","PLUS 글로벌희토류&전략자원생산기업","9630","250","2.67","9744.70","9520","9800","9520","266529","2578425491","75595500000","72598009335","7850000","MVIS Global Rare Earth/Strategic Metals Index (Price Return)","628.92","-10.21","-1.60"
"0138Y0","PLUS 금채권혼합","10905","-40","-0.37","10925.55","10945","10950","10885","956252","10439944749","167937000000","167707199877","15400000","Akros 미국 금현물 ETF 채권혼합 지수","2186.51","3.57","0.16"
"278620","PLUS 단기채권액티브","117755","40","0.03","117752.67","117735","117775","117735","8935","1052090240","53225260000","53224206445","452000","KAP 투자적격 크레딧 채권 1년 지수(A- 이상,총수익)","150.03","0.04","0.03"
"477050","PLUS 머니마켓액티브","52680","20","0.04","52666.19","52675","52680","52675","44819","2361018130","474752160000","474627741935","9012000","KAP 시가평가 MMF 지수(총수익)","119.49","0.01","0.01"
"0050E0","PLUS 미국AI에이전트","8100","125","1.57","8152.90","7980","8135","7220","34972","272652403","4860000000","4891737230","600000","Solactive US AI Agents Index(PR)","2775.64","81.95","3.04"
"429760","PLUS 미국S&P500","18550","85","0.46","18624.01","18625","18625","18465","12754","236220685","38955000000","39110413786","2100000","S&P 500","6830.71","-38.79","-0.56"
"269540","PLUS 미국S&P500(H)","27240","325","1.21","27311.37","27360","27435","27215","26348","720395011","87168000000","84665232873","3200000","S&P 500","6830.71","-38.79","-0.56"
"0057H0","PLUS 미국S&P500미국채혼합50액티브","11620","20","0.17","11644.36","11625","11640","11540","185254","2149353702","61586000000","59386258689","5300000","S&P 500 and U.S. Treasury Bill 0-3 Month 50/50 Blend Index (USD)","274.78","-0.76","-0.28"
"494410","PLUS 미국S&P500성장주","12905","45","0.35","13038.09","12860","13000","12850","9853","126902193","29681500000","28683799398","2300000","S&P 500 Growth Index(PR)","4831.25","-6.55","-0.14"
"0153X0","PLUS 미국고배당주액티브","11130","-15","-0.13","11185.86","11145","11180","11085","73129","813116705","25042500000","25168192262","2250000","Akros 미국 고배당주 20 지수","1777.58","-5.16","-0.29"
"0089B0","PLUS 미국나스닥100미국채혼합50","10890","45","0.41","10912.87","10900","10905","10830","26890","292443285","23958000000","20734447163","2200000","Nasdaq-100 US T-Bills 1-3 Month 50/50 Index (USD)","2813.87","-4.00","-0.14"
"287180","PLUS 미국나스닥테크","41900","980","2.39","42134.40","41355","42075","41355","1885","79019941","31425000000","31600797965","750000","NASDAQ 100 Technology Sector Index","12312.34","-7.09","-0.06"
"213630","PLUS 미국다우존스고배당주(합성 H)","19925","275","1.40","20015.04","19660","20075","19660","12742","253781740","18331000000","18413840774","920000","Dow Jones U.S Select Dividend Index(시장가격지수)","1088.85","-9.78","-0.89"
"332610","PLUS 미국단기회사채(AAA~A)","134225","-630","-0.47","134099.82","133840","134225","133205","1726","230614957","15570100000","15555579261","116000","ICE BofaAML 1-3 Year AAA-A US Corporate Index(총수익지수)","598.72","-0.35","-0.06"
"456200","PLUS 미국달러SOFR금리액티브(합성)","62515","-465","-0.74","62574.33","62375","62532","62150","1729","107598447","6876650000","6883175809","110000","Solactive SOFR Daily Total Return Index","1234.48","0.13","0.01"
"0078V0","PLUS 미국로보택시","10715","90","0.85","10868.40","10805","10895","10715","9768","105286087","7500500000","7607879798","700000","KEDI 미국로보택시 지수(PR)","3889.63","-36.10","-0.92"
"494420","PLUS 미국배당증가성장주데일리커버드콜","9655","30","0.31","9690.52","9625","9670","9590","27656","266326769","17379000000","17442944836","1800000","Bloomberg U.S. Dividend Growth Partial Covered Call Index","1485.19","-14.28","-0.95"
"0023B0","PLUS 미국양자컴퓨팅TOP10","14410","505","3.63","14625.45","14430","14585","14390","38610","556720228","31702000000","31444723119","2200000","iSelect 미국양자컴퓨팅 TOP10 (PR)","6356.29","-60.83","-0.95"
"332620","PLUS 미국장기우량회사채","99720","-580","-0.58","99836.63","99765","99765","99200","3170","315381885","22636440000","22662914507","227000","ICE BofaAML 15+ Year AAA-A US Corporate Index(총수익지수)","1197.56","-6.16","-0.51"
"464470","PLUS 미국채30년액티브","54725","-605","-1.09","54922.65","54825","54825","54470","17212","940726097","54396650000","54593113197","994000","ICE U.S. Treasury 20+ Year Bond Index(Total Return)","97.97","-0.37","-0.37"
"461900","PLUS 미국테크TOP10","21080","385","1.86","21205.55","21600","21600","20695","4462","94131865","16864000000","16964438601","800000","iSelect 미국 Tech 10 지수","6846.17","27.72","0.41"
"461910","PLUS 미국테크TOP10레버리지(합성)","34100","1290","3.93","34291.57","34170","34280","33855","1560","53243925","17050000000","17145784074","500000","iSelect 미국 Tech 10 지수","6846.17","27.72","0.41"
"195970","PLUS 선진국MSCI(합성 H)","15355","-20","-0.13","15451.28","15900","15910","15340","27234","424216187","23953800000","24103993714","1560000","MSCI EAFE Index","2983.72","-24.74","-0.82"
"238670","PLUS 스마트베타Quality채권혼합","12995","435","3.46","12978.08","13045","13050","12830","3603","46859360","3898500000","3893423446","300000","WISE-KAP 스마트베타 Quality 채권혼합지수","1573.77","37.26","2.42"
"195980","PLUS 신흥국MSCI(합성 H)","13195","590","4.68","13113.27","12810","13495","12810","110225","1455209244","90781600000","90219267776","6880000","MSCI EM Index","1503.53","31.49","2.14"
"256450","PLUS 심천차이넥스트(합성)","14400","375","2.67","14603.79","13875","14600","13575","523","7408990","7200000000","7301893317","500000","SZSE ChiNext Price Index","3216.94","52.57","1.66"
"447660","PLUS 애플채권혼합","13120","-55","-0.42","13172.14","13150","13160","13095","20881","274086999","17056000000","17123788471","1300000","FnGuide 애플채권혼합 지수","2392.78","-5.16","-0.22"
"239660","PLUS 우량회사채50","120605","65","0.05","120590.52","120540","120630","120540","2985","359992015","16884700000","16882673329","140000","KOBI HALF CREDIT Index(총수익)","12572.87","4.88","0.04"
"421320","PLUS 우주항공&UAM","45090","6900","18.07","45054.62","41535","45795","41135","1310659","57502035438","349447500000","333404169039","7750000","iSelect 우주항공UAM 지수","5082.49","745.82","17.20"
"464920","PLUS 일본반도체소부장","23045","1615","7.54","22279.63","24250","24250","22675","25381","587380583","20740500000","20051663070","900000","Solactive Japan Semiconductor Materials and Equipment Index PR","6313.57","210.86","3.46"
"489000","PLUS 일본엔화초단기국채(합성)","9880","-20","-0.20","9884.33","9855","9890","9825","191365","1887014144","21736000000","21745526321","2200000","KAP 일본 단기 국채 지수(총수익)","99.75","0.00","0.00"
"0098N0","PLUS 자사주매입고배당주","12900","810","6.70","12874.34","13085","13180","12715","359715","4646566321","103200000000","100419819497","8000000","FnGuide 고배당주 플러스 자사주 지수 (PR)","3432.76","196.58","6.07"
"451000","PLUS 종합채권(AA-이상)액티브","110850","435","0.39","111015.05","110840","110855","110765","798","88415790","442291500000","442950051298","3990000","KAP 종합채권지수(AA-이상, 총수익)","118.16","0.35","0.30"
"280920","PLUS 주도업종","21445","1615","8.14","21573.72","21640","22000","21285","14857","322205465","11794750000","11865548253","550000","FnGuide 주도업종 지수","3265.88","268.94","8.97"
"266550","PLUS 중형주저변동50","17320","1025","6.29","17232.38","17100","17365","17030","165","2832220","8660000000","4308094428","500000","FnGuide 중형주저변동50지수","3368.04","184.49","5.80"
"0047N0","PLUS 차이나AI테크TOP10","10145","-30","-0.29","10276.85","10480","10480","9750","10146","103692219","10652250000","10790697631","1050000","Solactive China AI Tech Top10 Index(PR)","2085.95","-7.06","-0.34"
"0128D0","PLUS 차이나항셍테크위클리타겟커버드콜","7990","-10","-0.13","8057.97","8140","8140","7860","13756","110503412","5193500000","5237683574","650000","HSTECH 15% Target Premium Weekly Covered Call Index","3362.71","-23.26","-0.69"
"495040","PLUS 코리아밸류업","24935","2440","10.85","24849.15","25250","25505","24450","15647","392250210","64831000000","64607799227","2600000","코리아 밸류업 지수","2532.38","225.24","9.76"
"301400","PLUS 코스닥150","19650","2380","13.78","20017.53","18575","20990","18575","174297","3495322325","15720000000","16014020245","800000","코스닥 150","1985.98","272.91","15.93"
"301410","PLUS 코스닥150선물인버스","3015","-725","-19.39","3197.49","3445","3600","3000","127204","403155953","1507500000","959247835","500000","F-코스닥150 지수","2240.58","256.30","12.92"
"227830","PLUS 코스피","58140","5180","9.78","57868.05","57210","59160","57110","5477","318848070","14535000000","14467013553","250000","코스피","5583.90","490.36","9.63"
"122090","PLUS 코스피50","60800","5580","10.11","60798.59","62020","62920","59940","284927","17487782072","94848000000","94845793634","1560000","코스피 50","6079.03","549.79","9.94"
"328370","PLUS 코스피TR","31230","2810","9.89","31189.07","31645","31915","30750","11961","375265825","113989500000","113840121512","3650000","코스피 TR","7282.86","639.67","9.63"
"457990","PLUS 태양광&ESS","29255","3045","11.62","29209.02","29045","30035","28625","282797","8286118929","62898250000","62799399141","2150000","FnGuide 태양광 & ESS 지수","7618.51","774.53","11.32"
"0132K0","PLUS 테슬라위클리커버드콜채권혼합","9475","115","1.23","9492.47","9500","9500","9430","343064","3251005726","89538750000","91127721041","9450000","Akros 테슬라 위클리 커버드콜 채권혼합 지수","2845.99","24.39","0.86"
"0000J0","PLUS 한화그룹주","39850","5505","16.03","39818.61","37255","40910","37065","1107796","42952074688","257032500000","258820971408","6450000","FnGuide 한화그룹주 지수","8320.65","1097.75","15.20"
"148020","RISE 200","84205","7650","9.99","84361.41","85350","86675","82835","2276397","193636123465","2934544250000","3007484202565","34850000","코스피 200","831.22","74.43","9.83"
"361580","RISE 200TR","47265","4320","10.06","47354.94","55825","55825","46490","213522","10204359672","408842250000","411987976019","8650000","코스피 200 TR","1096.41","98.19","9.84"
"290080","RISE 200고배당커버드콜ATM","7935","255","3.32","7924.64","7920","7935","7680","47860","375896350","13489500000","13471883942","1700000","코스피 200 고배당커버드콜 ATM 지수(시장가격지수)","1093.27","37.64","3.57"
"284980","RISE 200금융","21565","1705","8.59","21486.15","21685","21930","21175","85068","1833265957","25446700000","25353655565","1180000","코스피 200 금융","1629.51","115.07","7.60"
"252400","RISE 200선물레버리지","77225","12870","20.00","75675.36","78350","81340","74990","28858","2284776875","77225000000","75675356670","1000000","코스피 200 선물지수","4036.92","288.49","7.70"
"252410","RISE 200선물인버스","2165","-225","-9.41","2197.93","1742","2210","1742","278557","592487652","4330000000","4615652167","2000000","코스피 200 선물지수","4036.92","288.49","7.70"
"252420","RISE 200선물인버스2X","281","-64","-18.55","289.42","260","293","259","11532329","3179181718","6238200000","6425051899","22200000","코스피 200 선물지수","4036.92","288.49","7.70"
"475720","RISE 200위클리커버드콜","12285","1135","10.18","12310.58","12350","12750","12075","4444795","54961975667","784397250000","778644478242","63850000","코스피 200 위클리 커버드콜 ATM 지수","1490.32","134.37","9.91"
"0122W0","RISE 26-11 회사채(AA-이상)액티브","50325","20","0.04","50315.11","50320","50335","50320","12382","623172955","408236400000","408156206875","8112000","KAP 26-11 회사채(AA-이상) 총수익지수","111.32","0.02","0.02"
"465330","RISE 2차전지TOP10","12610","1435","12.84","12583.91","12205","12935","12205","835604","10470231799","77551500000","74559670822","6150000","iSelect 2차전지 TOP10 지수(PR)","2768.37","320.21","13.08"
"465350","RISE 2차전지TOP10인버스(합성)","18130","-2630","-12.67","18183.40","19070","19070","17465","1115716","20385027033","42605500000","42730999968","2350000","iSelect 2차전지 TOP10 지수(PR)","2768.37","320.21","13.08"
"422420","RISE 2차전지액티브","8390","1035","14.07","8402.16","8050","8720","8010","1112398","9271508521","219482400000","217279736283","26160000","iSelect 2차전지 지수 (시장가격지수)","5294.33","661.18","14.27"
"105780","RISE 5대그룹주","13075","1185","9.97","13021.26","13285","13460","12740","84264","1107461319","28765000000","28646780547","2200000","MKF 5대그룹주","12904.96","1131.35","9.61"
"469070","RISE AI&로봇","15370","1790","13.18","15328.64","15100","15795","14700","3868980","59453909459","491071500000","487450824396","31950000","iSelect AI&로봇 지수(시장가격)","3454.85","407.11","13.36"
"0093A0","RISE AI반도체TOP10","33045","5845","21.49","32208.89","29645","33555","29645","3091704","97765466754","115657500000","128835549625","3500000","FnGuide AI반도체TOP10 지수","6207.63","1007.41","19.37"
"0101N0","RISE AI전력인프라","15485","1540","11.04","15429.26","15190","15820","15175","1133141","17606739720","164141000000","171264755822","10600000","KRX-Akros AI 전력인프라 지수","9040.82","884.46","10.84"
"427120","RISE AI플랫폼","6990","655","10.34","6957.59","6900","7095","6750","11912","82433280","5312400000","5287768584","760000","FnGuide AI 플랫폼 지수","993.76","80.05","8.76"
"477080","RISE CD금리액티브(합성)","106005","30","0.03","105978.34","106000","106005","105995","7534","798611142","1372446735000","1377082548061","12947000","FnGuide CD금리투자 지수(총수익)","1453.34","0.11","0.01"
"290130","RISE ESG사회책임투자","33385","3050","10.05","33387.22","32730","34545","32730","606254","20439288865","250387500000","265428376135","7500000","KRX ESG 사회책임경영지수(S)","5353.15","489.92","10.07"
"326240","RISE IT플러스","33475","3700","12.43","33363.85","33255","34145","32840","82008","2744564740","87704500000","87413293811","2620000","FnGuide IT플러스 지수","4762.48","514.02","12.10"
"385560","RISE KIS국고채30년Enhanced","66885","910","1.38","65816.76","66600","67180","66525","66292","4433141828","608185305000","606040723955","9093000","KIS 국고채30년Enhanced지수(시장가격)","5992.88","88.33","1.50"
"479520","RISE KOFR금리액티브(합성)","105010","-5","0.00","105012.57","105015","105020","105010","6803","714409879","796395840000","796415324011","7584000","KOFR 지수","1182.03","0.08","0.01"
"270800","RISE KQ고배당","15835","1310","9.02","15826.88","15435","16150","15355","12904","205174005","8709250000","8704781490","550000","FnGuide KQ고배당포커스 지수","7867.29","711.46","9.94"
"292050","RISE KRX300","39545","3760","10.51","39380.90","39635","40360","38800","4369","172853890","13840750000","13783315783","350000","KRX 300","3728.98","344.99","10.19"
"388280","RISE K엔터&여행레저","7950","385","5.09","7920.24","8045","8105","7845","77307","615780879","35457000000","34690631195","4460000","FnGuide K엔터&여행레저 지수","738.61","29.91","4.22"
"442550","RISE TDF2030액티브","14260","130","0.92","14236.75","14130","14270","14130","12489","177702545","15686000000","15660426909","1100000","iSelect 전략적자산배분 TDF 2030 지수","1989.50","15.97","0.81"
"442560","RISE TDF2040액티브","15480","200","1.31","15442.41","15430","15500","15395","20865","322602655","27090000000","27024211377","1750000","iSelect 전략적자산배분 TDF 2040 지수","2304.59","23.32","1.02"
"442570","RISE TDF2050액티브","16230","250","1.56","16212.44","16185","16280","16110","182668","2964339158","137955000000","138616383576","8500000","iSelect 전략적자산배분 TDF 2050 지수","2475.38","27.89","1.14"
"234310","RISE V&S셀렉트밸류","26360","2350","9.79","26273.28","26330","26520","25915","220","5825155","13180000000","13136641471","500000","FnGuide 셀렉트 밸류 지수","5232.02","456.01","9.55"
"241390","RISE V&S셀렉트밸류채권혼합","15500","820","5.59","15477.10","14960","15705","14960","76112","1181281569","34100000000","34049624948","2200000","FnGuide 셀렉트벨류 채권혼합지수","2643.89","99.20","3.90"
"300640","RISE 게임테마","7460","370","5.22","7450.53","7350","7605","7095","111779","821458708","26110000000","26076850451","3500000","WISE 게임 테마 지수 (시장가격지수)","3557.97","194.75","5.79"
"266160","RISE 고배당","29290","2535","9.47","29183.73","29565","29965","28755","443343","13031864686","215281500000","214500398647","7350000","FnGuide 고배당포커스 지수","20498.13","1614.83","8.55"
"481430","RISE 국고채10년액티브","101735","305","0.30","101852.78","101715","102095","101575","2533","257848300","134290200000","133427142225","1320000","KAP 국고채 10년 지수(총수익)","111.20","0.50","0.45"
"114100","RISE 국고채3년","108170","210","0.19","107590.54","108085","108260","108040","12039","1302105125","181725600000","180752108469","1680000","KTB INDEX(시장가격)","10304.60","14.31","0.14"
"282000","RISE 국고채3년선물인버스","112800","-135","-0.12","112759.24","112770","112885","112695","27","3044210","41623200000","41608158078","369000","국채선물지수","1217.80","2.08","0.17"
"451670","RISE 국채30년레버리지(합성)","18180","310","1.73","18340.17","18165","18295","18095","4080","74130380","9090000000","9170082715","500000","KAP 국채30년 TR 지수(총수익)","90.80","1.03","1.15"
"295000","RISE 국채선물10년","53200","195","0.37","53237.99","53320","53320","53090","25","1327855","7128800000","7133890660","134000","10년국채선물지수","1181.55","4.87","0.41"
"295020","RISE 국채선물10년인버스","57485","-145","-0.25","57445.06","57355","57560","57350","12","689150","73465830000","73414784989","1278000","10년국채선물지수","1181.55","4.87","0.41"
"432600","RISE 국채선물3년","55140","115","0.21","55142.61","55140","55140","55095","8","441070","5514000000","5514260918","100000","국채선물지수","1217.80","2.08","0.17"
"397420","RISE 국채선물5년추종","51035","125","0.25","51040.30","51080","51080","50960","5","255050","5205570000","5206110437","102000","5년 국채선물 추종 지수","994.71","2.42","0.24"
"0114X0","RISE 글로벌게임테크TOP3Plus","7780","-120","-1.52","8008.07","7900","8010","7780","12555","98763990","5446000000","5605649539","700000","Solactive-KEDI 글로벌 게임 테크 TOP3 플러스 지수","4503.98","-26.61","-0.59"
"437370","RISE 글로벌농업경제","11095","-180","-1.60","11182.75","11205","11225","11090","7215","80489065","6657000000","6709648504","600000","MVIS Global Agribusiness Index(Price Return)","3299.22","-22.67","-0.68"
"375270","RISE 글로벌데이터센터리츠(합성)","14495","240","1.68","14672.69","14680","14680","14495","916","13312715","10146500000","10270883258","700000","Kelly Data Center & Tech Infrastructure Net Total Return Index","1763.02","-24.07","-1.35"
"475380","RISE 글로벌리얼티인컴","11440","-5","-0.04","11467.81","11445","11445","11390","15205","173678411","33176000000","33256658110","2900000","Solactive Global Realty Income Index(Price Return)","3192.33","0.80","0.03"
"476310","RISE 글로벌비만산업TOP2+","9485","50","0.53","9680.51","9435","9590","9430","3098","29315340","5216750000","5324281989","550000","KEDI 글로벌 비만 산업 Top2+ 지수(Price Return)","3375.83","-47.31","-1.38"
"417450","RISE 글로벌수소경제","13585","500","3.82","13888.36","13100","13665","13100","8332","112934275","13585000000","13888361400","1000000","Indxx Hydrogen Economy Index (PR)","3056.27","8.15","0.27"
"442320","RISE 글로벌원자력","44195","2740","6.61","44342.14","44240","44725","42550","210266","9310070578","377425300000","363605509069","8540000","iSelect 글로벌원자력 지수(시장가격)","6277.64","196.65","3.23"
"461490","RISE 글로벌자산배분액티브","15115","75","0.50","15089.41","15135","15135","15070","319585","4824513225","402814750000","398360342118","26650000","Bloomberg Multi-Asset Weighted (KRW ETFs) 지수(시장가격)","2078.42","6.15","0.30"
"459750","RISE 글로벌주식분산액티브","17275","75","0.44","17300.71","17360","17360","17190","25475","439819502","31095000000","31141281850","1800000","Bloomberg Global Equity Market Weighted Index(Price Return)","2373.22","-4.76","-0.20"
"399580","RISE 글로벌클린에너지","9935","125","1.27","10054.33","10015","10030","9820","7287","72276939","9935000000","10054329548","1000000","S&P Global Clean Energy Transition Index (Price Return)","1138.05","-12.12","-1.05"
"276650","RISE 글로벌테크놀로지(합성 H)","37590","270","0.72","37542.86","37520","37775","37430","7031","264630265","28192500000","28157141902","750000","S&P Global 1200 Information Technology and Interactive Media & Services(PR)","4042.31","23.79","0.59"
"336160","RISE 금융채액티브","101570","145","0.14","101593.52","101575","101620","101555","1395","141722305","41948410000","41958122657","413000","KIS 종합채권금융채 2.5Y-3Y 지수 (총수익)","139.95","0.19","0.14"
"326230","RISE 내수주플러스","11725","660","5.96","11841.81","11960","12060","11700","38310","459873990","11021500000","11131304847","940000","FnGuide 내수주플러스 지수","1626.81","104.64","6.87"
"367760","RISE 네트워크인프라","32045","3245","11.27","32529.72","32200","33570","31975","881320","28919504873","176247500000","182166429537","5500000","FnGuide 네트워크 인프라 지수","4500.84","497.00","12.41"
"272560","RISE 단기국공채액티브","113580","25","0.02","113563.77","113580","113605","113570","12383","1406591707","191950200000","191809214299","1690000","KIS 종합채권국공채3M~1.5Y지수","139.09","0.03","0.02"
"385550","RISE 단기채권알파액티브","112615","30","0.03","112596.58","112585","112630","112585","7297","821764890","279848275000","279014313525","2485000","KIS 단기채권알파지수(AA-이상)(총수익지수)","127.36","0.02","0.02"
"196230","RISE 단기통안채","115590","10","0.01","115578.33","115570","115605","115570","7477","864307053","194884740000","208387720914","1686000","KIS 통안채 5개월 지수(총수익)","13117.34","1.08","0.01"
"0061Z0","RISE 단기특수은행채액티브","50300","15","0.03","50285.41","50295","50300","50295","374","18810429","1284360200000","1283987618899","25534000","KAP 단기 특수은행채 지수(시장가격)","115.66","0.01","0.01"
"315960","RISE 대형고배당10TR","57920","5410","10.30","57726.19","59200","60015","56785","2828629","164864071026","402544000000","438719044295","6950000","WISE 대형고배당10 TR 지수","6801.93","606.66","9.79"
"0138D0","RISE 동학개미","13900","1265","10.01","13890.82","13850","14145","13635","97637","1357529151","11815000000","11807193069","850000","FnGuide 동학개미 지수","4675.35","443.60","10.48"
"455890","RISE 머니마켓액티브","54620","20","0.04","54612.22","54615","54620","54615","427171","23330983190","2208068120000","2235496583637","40426000","KIS 시가평가 MMF 지수 (총수익지수)","119.74","0.01","0.01"
"401170","RISE 메타버스","7720","445","6.12","7701.04","7815","7945","7585","62200","479828630","96191200000","95338920190","12460000","iSelect 메타버스 지수(시장가격지수)","1607.72","96.93","6.42"
"481340","RISE 미국30년국채액티브","10025","-135","-1.33","10080.79","10050","10050","9990","58875","589973335","30576250000","30746399221","3050000","Bloomberg U.S Treasury 20+ Year Total Return Index","605.03","-2.25","-0.37"
"472870","RISE 미국30년국채엔화노출(합성 H)","8120","-65","-0.79","8208.72","8160","8160","8120","636243","5179300676","352408000000","356258636055","43400000","KIS 미국채30년 엔화노출 지수(USD/JPY 헤지)(총수익지수)","7314.95","-46.69","-0.63"
"472830","RISE 미국30년국채커버드콜(합성)","9285","-90","-0.96","9324.11","9310","9310","9240","112315","1041069618","60352500000","60606724519","6500000","Bloomberg U.S. Treasury 20+ Year (TLT) 2% OTM Covered Call Index(TR)","980.99","-3.54","-0.36"
"485690","RISE 미국AI밸류체인TOP3Plus","17020","510","3.09","17114.72","17025","17085","16960","11475","195309730","70633000000","71026106452","4150000","KEDI 미국 AI 밸류체인 TOP3 Plus 지수(Price Return)","7314.48","24.48","0.34"
"490590","RISE 미국AI밸류체인데일리고정커버드콜","12495","390","3.22","12581.18","12510","12615","12490","558878","7003034899","487929750000","457325964234","39050000","KEDI 미국 AI밸류체인 90%참여+데일리옵션 프리미엄 지수(TR)","8174.92","31.08","0.38"
"0127R0","RISE 미국AI클라우드인프라","11005","705","6.84","11218.23","10880","11180","10880","28183","310364629","11005000000","11218234195","1000000","Akros 미국 AI 클라우드 인프라 지수(Price Return)","8354.66","-143.40","-1.69"
"495940","RISE 미국AI테크액티브","15030","275","1.86","15062.64","15615","15615","14960","12061","181244570","37575000000","37656605152","2500000","Solactive US AI Tech Active Index PR","6249.56","13.99","0.22"
"379780","RISE 미국S&P500","21770","100","0.46","21846.69","21810","21840","21670","222660","4846147760","1456413000000","1420034678778","66900000","S&P 500","6830.71","-38.79","-0.56"
"453330","RISE 미국S&P500(H)","16250","150","0.93","16308.12","16350","16365","16235","18040","294201692","91000000000","89694663411","5600000","S&P 500","6830.71","-38.79","-0.56"
"0138T0","RISE 미국S&P500데일리고정커버드콜","9745","40","0.41","9779.00","9770","9770","9700","47774","464417447","29722250000","29825944969","3050000","S&P500 10% Daily Fixed Covered Call Index","342.88","-1.67","-0.48"
"0005C0","RISE 미국S&P500엔화노출(합성 H)","10985","100","0.92","11027.91","10885","11035","10885","500","5493105","8788000000","8822329679","800000","S&P500 Yen Hedged Index(PR)","2840.10","-16.58","-0.58"
"460660","RISE 미국S&P배당킹","12180","-30","-0.25","12265.53","12245","12270","12150","17892","218418663","24360000000","24531068622","2000000","S&P Dividend Monarchs Index(Price Return)","1291.58","-19.03","-1.45"
"219390","RISE 미국S&P원유생산기업(합성 H)","7150","0","0.00","7164.67","6500","7190","6480","455977","3209736447","20735000000","24718098913","2900000","S&P Oil & Gas Exploration & Production Select Industry Index(PR)","6303.76","116.25","1.88"
"0115C0","RISE 미국고배당다우존스TOP10","11650","-35","-0.30","11714.05","11685","11715","11620","13815","161141459","18057500000","17571070820","1550000","Dow Jones U.S. High Dividend 10 Index","4089.40","-44.12","-1.07"
"354240","RISE 미국고정배당우선증권","11720","-60","-0.51","11781.08","11850","11850","11695","3763","44224391","14650000000","14137290169","1250000","ICE BofAML Core Plus Fixed Rate Preferred Securities Index(PR)","78.34","-0.15","-0.19"
"368590","RISE 미국나스닥100","27080","370","1.39","27201.04","27160","27215","26990","313047","8484418809","1275468000000","1270288485938","47100000","NASDAQ 100","25020.41","-73.27","-0.29"
"437350","RISE 미국단기투자등급회사채액티브","12940","-70","-0.54","12938.99","12925","12955","12845","26874","346319242","28468000000","28465777321","2200000","Bloomberg US Corporate 1-5 Years Total Return Index","268.67","-0.33","-0.12"
"455960","RISE 미국달러SOFR금리액티브(합성)","12585","-125","-0.98","12646.19","12610","12617","12525","2523","31662107","58771950000","59057699888","4670000","KAP SOFR 지수","123.45","0.01","0.01"
"469530","RISE 미국달러선물인버스","8860","80","0.91","8858.04","8850","8905","8840","1303","11555275","5670400000","5669143746","640000","미국달러선물지수","1637.43","-6.92","-0.42"
"469060","RISE 미국반도체NYSE","24030","130","0.54","24101.37","24330","24375","23700","5189","125049725","48060000000","46997668983","2000000","NYSE Semicondoctor Index(Price Return)","1724.33","-20.51","-1.18"
"469050","RISE 미국반도체NYSE(H)","20830","740","3.68","20822.23","20985","21050","20800","21227","443186100","18747000000","16657781896","900000","NYSE Semicondoctor Index(Price Return)","1724.33","-20.51","-1.18"
"491630","RISE 미국반도체인버스(합성 H)","10015","-310","-3.00","9960.44","10045","10045","9905","4144","41188921","4506750000","4482199660","450000","NYSE Semicondoctor Index(Price Return)","1724.33","-20.51","-1.18"
"490600","RISE 미국배당100데일리고정커버드콜","9375","-45","-0.48","9417.31","9440","9440","9325","147939","1386017901","111093750000","108299070483","11850000","KEDI 미국 배당100 90%참여+데일리옵션 프리미엄 지수(총수익지수)","2346.14","-17.73","-0.75"
"0018Z0","RISE 미국양자컴퓨팅","15095","245","1.65","15298.96","15325","15325","15080","8033","121982112","15849750000","16063909975","1050000","Solactive US Quantum Computing Technology Index PR","5712.35","-69.24","-1.20"
"0013P0","RISE 미국은행TOP10","11425","85","0.75","11511.29","11350","11540","11350","56843","649290572","19993750000","18993626406","1750000","KEDI 미국 은행 TOP10 지수","2342.35","-46.46","-1.94"
"267440","RISE 미국장기국채선물(H)","8505","-45","-0.53","8577.05","8540","8545","8505","996","8485912","5103000000","5146228675","600000","S&P U.S. Treasury Bond Futures Excess Return Index","211.75","-1.54","-0.72"
"267490","RISE 미국장기국채선물레버리지(합성 H)","5720","-60","-1.04","5782.93","5755","5760","5705","121","692020","4004000000","4048049159","700000","S&P U.S. Treasury Bond Futures Excess Return Index","211.75","-1.54","-0.72"
"267450","RISE 미국장기국채선물인버스(H)","10585","130","1.24","10511.24","10490","10585","10490","387","4060105","5292500000","5255620070","500000","S&P U.S. Treasury Bond Futures Excess Return Index","211.75","-1.54","-0.72"
"0036Z0","RISE 미국천연가스밸류체인","12910","-210","-1.60","13025.68","13120","13120","12810","42651","549470156","9037000000","9117973184","700000","Solactive US Natural Gas Value Chain Index PR","1882.28","5.38","0.29"
"491620","RISE 미국테크100데일리고정커버드콜","10445","170","1.65","10509.17","10485","10490","10410","469672","4905597967","337373500000","322106120588","32300000","KEDI 미국 테크100 90%참여+데일리옵션 프리미엄 지수(TR)","3983.15","1.14","0.03"
"0036R0","RISE 미국휴머노이드로봇","16740","245","1.49","16803.76","16820","16820","16655","53828","901583832","107973000000","105023491330","6450000","KEDI 미국 휴머노이드 로봇 지수(시장가격)","6428.42","-47.07","-0.73"
"0000Z0","RISE 바이오TOP10액티브","17325","2400","16.08","17186.87","16275","17910","15980","614213","10431699690","70166250000","73044187161","4050000","KRX 바이오 TOP 10 지수","2596.56","221.99","9.35"
"446700","RISE 배터리 리사이클링","12485","1365","12.28","12462.74","12155","12730","12070","52119","645624437","15481400000","15204544360","1240000","iSelect 배터리 리사이클링 지수","3289.00","344.02","11.68"
"475350","RISE 버크셔포트폴리오TOP10","14000","10","0.07","14087.99","14010","14085","13990","26302","368573753","71400000000","71848766032","5100000","Solactive Berkshire Portfolio Top10 Index(PR)","2850.72","6.67","0.23"
"388420","RISE 비메모리반도체액티브","21200","2630","14.16","21178.11","20150","21585","20150","510168","10735014562","207760000000","207969082626","9800000","iSelect 비메모리반도체 지수(시장가격지수)","6433.61","1002.71","18.46"
"448630","RISE 삼성그룹Top3채권혼합","13620","595","4.57","13586.02","13150","13725","13150","1239649","16866755834","228816000000","235038081624","16800000","Bloomberg Blended Samsung Group Fixed Top 3 Equity and Korean Bond Index","2423.28","101.78","4.38"
"0162Z0","RISE 삼성전자SK하이닉스채권혼합50","10025","490","5.14","10005.50","10100","10225","9930","8465733","85425820198","241602500000","318175012342","24100000","KAP 삼성전자SK하이닉스채권혼합50 지수","2943.26","154.22","5.53"
"367770","RISE 수소경제테마","24425","2005","8.94","24299.78","24420","24965","23945","238586","5849111908","146550000000","145798688728","6000000","FnGuide 수소 경제 테마 지수","3062.33","249.39","8.87"
"140570","RISE 수출주","22305","1735","8.43","22425.89","22340","22790","22000","15941","355565610","8922000000","8970357089","400000","MKF 수출주 지수","22257.06","1943.27","9.57"
"0093B0","RISE 엔비디아고정테크100","11080","210","1.93","11167.41","11090","11175","11020","3802","42129513","11634000000","11725784748","1050000","KEDI 엔비디아고정테크100 지수(PR)","7802.18","0.77","0.01"
"140580","RISE 우량업종대표주","23640","1930","8.89","23740.77","23690","24070","23400","12552","295677125","14184000000","14244463185","600000","MKF 우량업종대표주 지수","23622.21","1946.75","8.98"
"379790","RISE 유로스탁스50(H)","15725","155","1.00","15981.38","15575","16095","15575","32059","507727950","11007500000","11186963953","700000","EURO STOXX 50 Index","5782.89","-88.03","-1.50"
"498610","RISE 인도디지털성장","8470","-125","-1.45","8499.34","8520","8540","8385","8790","74243738","5082000000","5099603638","600000","MarketVector Digital India Index(INR)(Price Return)			","3300.25","12.68","0.39"
"488480","RISE 일본섹터TOP4Plus","13170","175","1.35","12950.59","13110","13515","13025","54320","716040479","7243500000","7122822525","550000","Solactive Japan Samurai Sector TOP4 Plus Index(PR)","2939.09","60.82","2.11"
"385540","RISE 종합채권(A-이상)액티브","106205","270","0.25","106287.07","106185","106355","106090","1716","182238410","1787217740000","1784028439129","16828000","KIS 종합채권 지수(A-이상)(총수익지수)","123.81","0.39","0.32"
"183710","RISE 주식혼합","75470","5390","7.69","75243.17","70165","76890","70165","3622","274659610","15094000000","15048633212","200000","주식국채혼합(주식형)지수","3055.74","197.94","6.93"
"310080","RISE 중국MSCI China(H)","9665","-70","-0.72","9829.72","10025","10025","9605","11143","109788675","11598000000","11795661391","1200000","MSCI China Index(USD, Price Return)","77.42","-0.30","-0.38"
"463300","RISE 중국본토CSI300","13705","125","0.92","13735.90","13580","13720","13580","8200","111826170","21928000000","21977443862","1600000","CSI 300 Index","4647.69","45.07","0.98"
"174360","RISE 중국본토대형주CSI100","24330","155","0.64","24260.93","24175","24595","23820","23281","566362882","48660000000","46095761824","2000000","CSI A100","4536.49","44.38","0.99"
"136340","RISE 중기우량회사채","105530","85","0.08","105536.16","105510","105540","105455","1665","175685325","146159050000","150916701974","1385000","KOBI 크레딧 지수(총수익)","16124.63","21.98","0.14"
"281990","RISE 중소형고배당","18190","1150","6.75","18062.83","18195","18470","17835","10394","187873098","14552000000","14450266971","800000","FnGuide 중소형고배당포커스 지수","17369.49","1092.77","6.71"
"272570","RISE 중장기국공채액티브","108850","175","0.16","108924.77","108945","108970","108810","106","11536840","24491250000","24508073341","225000","KIS 종합채권국공채4~5Y지수","149.87","0.32","0.21"
"250730","RISE 차이나HSCEI(H)","9880","-25","-0.25","9936.04","9860","10040","9790","63988","634834707","16796000000","16891259767","1700000","Hang Seng China H","8451.43","-32.52","-0.38"
"291680","RISE 차이나H선물인버스(H)","8025","-40","-0.50","8018.85","8065","8065","7870","3067","24275890","4012500000","4009423389","500000","Hang Seng China Enterprises Futures Index(Price Return)","10650.84","110.32","1.05"
"0094L0","RISE 차이나테크TOP10위클리타겟커버드콜","8550","-130","-1.50","8677.55","8740","8800","8550","40689","354278822","14107500000","14317951740","1650000","Bloomberg China Tech Select TOP 10 + 12% Target Premium Weekly Index","1033.15","-5.05","-0.49"
"371150","RISE 차이나항셍테크","7525","20","0.27","7599.65","7730","7840","7455","7333","55545275","20693750000","22418961034","2750000","Hang Seng TECH Index","4796.33","15.14","0.32"
"183700","RISE 채권혼합","85485","4110","5.05","85051.99","82690","86450","82690","16915","1444832407","25645500000","25515597796","300000","주식국채혼합(채권형)지수","2169.06","64.15","3.05"
"498860","RISE 코리아금융고배당","19845","1770","9.79","19843.38","19590","20155","19320","229899","4548272490","53581500000","53577119899","2700000","iSelect 코리아 금융 고배당 지수","2990.63","253.24","9.25"
"495050","RISE 코리아밸류업","25170","2395","10.52","25048.71","24290","25740","24290","4302668","108664484973","660712500000","682577360676","26250000","코리아 밸류업 지수","2532.38","225.24","9.76"
"0094M0","RISE 코리아밸류업위클리고정커버드콜","16490","1640","11.04","16379.18","15265","16905","15265","318959","5253184582","29682000000","30301488713","1800000","코리아 밸류업 위클리 커버드콜 30% 지수","2780.51","247.83","9.79"
"0151P0","RISE 코리아전략산업액티브","13250","1385","11.67","13217.44","13395","14180","12985","468701","6217462948","104675000000","105739540645","7900000","KAP 코리아전략산업지수","3686.87","339.56","10.14"
"270810","RISE 코스닥150","19545","2560","15.07","19677.58","18295","20585","18295","1993935","39097364566","525760500000","502171773461","26900000","코스닥 150","1985.98","272.91","15.93"
"278240","RISE 코스닥150선물레버리지","18820","4190","28.64","18350.51","17950","20550","17000","349821","6721339669","137009600000","133041173521","7280000","F-코스닥150 지수","2240.58","256.30","12.92"
"275750","RISE 코스닥150선물인버스","2130","-350","-14.11","2158.24","2260","2270","1888","314203","649596187","1597500000","1618676474","750000","F-코스닥150 지수","2240.58","256.30","12.92"
"302450","RISE 코스피","58175","5175","9.76","58151.13","58935","59465","57120","54696","3209515490","349050000000","348906763491","6000000","코스피","5583.90","490.36","9.63"
"0047P0","RISE 테슬라고정테크100","13570","225","1.69","13663.07","13580","13630","13525","18955","257240880","20355000000","20494608795","1500000","KEDI 테슬라고정테크100 지수(PR)","7306.88","-2.82","-0.04"
"0013R0","RISE 테슬라미국채타겟커버드콜혼합(합성)","9505","-20","-0.21","9593.52","9800","9800","9500","83924","800678155","36119000000","36455357932","3800000","KEDI 테슬라미국30년국채15%타겟프리미엄 혼합지수(TR)","2816.91","-7.10","-0.25"
"449580","RISE 테슬라애플아마존채권혼합","16090","160","1.00","16171.06","16020","16150","16020","12590","202352410","17699000000","17788170743","1100000","iSelect 테슬라 애플 아마존 채권혼합지수(Price Return)","4195.20","31.31","0.75"
"334690","RISE 팔라듐선물(H)","7840","-130","-1.63","7899.25","7970","8025","7835","19423","154890832","6272000000","6319398437","800000","S&P GSCI Palladium Excess Return Index","939.17","-25.84","-2.68"
"334700","RISE 팔라듐선물인버스(H)","2845","65","2.34","2830.13","2770","2845","2755","2576","7185915","1707000000","1698075806","600000","S&P GSCI Palladium Excess Return Index","939.17","-25.84","-2.68"
"0047R0","RISE 팔란티어고정테크100","13335","265","2.03","13455.69","13370","13400","13325","44586","595998050","34671000000","34984794885","2600000","KEDI 팔란티어고정테크100 지수(PR)","4562.26","-4.81","-0.11"
"253280","RISE 헬스케어","18255","1860","11.34","18195.20","17500","18745","17400","153243","2768980620","10953000000","10917122017","600000","FnGuide 헬스케어 지수","4625.69","485.59","11.73"
"253290","RISE 헬스케어채권혼합","13060","535","4.27","13138.36","12990","13240","12940","113241","1484456503","23508000000","23649053440","1800000","FnGuide 헬스케어 채권혼합 지수","2325.09","81.03","3.61"
"411540","SOL 200 Top10","16115","1345","9.11","16116.87","16370","16505","15890","125103","2028232987","25784000000","25786985001","1600000","코스피 200 Top 10 지수","2449.08","198.27","8.81"
"295040","SOL 200TR","31170","2870","10.14","31218.61","30895","32090","30710","379402","11919424311","374040000000","379306130195","12000000","코스피 200 TR","1096.41","98.19","9.84"
"488980","SOL 26-12 회사채(AA-이상)액티브","51410","10","0.02","51392.98","51410","51410","51405","261","13418005","278128100000","278036007367","5410000","KAP 26-12 크레딧 채권지수(AA-이상, 총수익)","108.69","0.01","0.01"
"0092C0","SOL 27-12 회사채(AA-이상)액티브","49795","30","0.06","49782.70","49795","49795","49790","254","12646985","197984920000","197935997307","3976000","KAP 27-12 크레딧 채권지수(AA-이상, 총수익)","103.32","0.04","0.04"
"455860","SOL 2차전지소부장Fn","6085","720","13.42","6064.52","6000","6250","5900","2269308","13796924868","167033250000","165561505964","27450000","FnGuide 2차전지 소부장 지수(PR)","3745.20","429.99","12.97"
"455850","SOL AI반도체소부장","27670","4840","21.20","27333.12","25580","28250","25255","8123321","217924357989","969833500000","962125991664","35050000","FnGuide AI 반도체 소부장 지수","4667.93","774.16","19.88"
"497880","SOL CD금리&머니마켓액티브","50035","15","0.03","50026.85","50035","50040","50030","122143","6111622106","193535380000","193503847179","3868000","KAP CD&단기자금시장지수(PR)","119.30","0.01","0.01"
"363510","SOL KIS단기통안채","110840","20","0.02","110831.78","110840","110840","110840","1","110840","35468800000","35466169323","320000","KIS 단기통안채 Index(총수익)","12651.61","0.90","0.01"
"292500","SOL KRX300","39155","3710","10.47","38983.81","38920","39925","38485","693","27175860","19577500000","19491903034","500000","KRX 300","3728.98","344.99","10.19"
"404650","SOL KRX기후변화솔루션","21435","2135","11.06","21359.75","21510","21830","21110","615","13239690","12861000000","12815850245","600000","KRX 기후변화 솔루션지수","4102.06","382.46","10.28"
"490480","SOL K방산","38725","5100","15.17","38467.92","36230","39555","35670","504793","19034772712","133601250000","132714309700","3450000","KEDI K방산 지수(PR)","8290.71","973.92","13.31"
"438570","SOL 국고채10년","101950","335","0.33","101948.49","101885","102250","101700","990","100929810","117242500000","117240763606","1150000","KAP 국고채10년지수(총수익지수)","113.11","0.47","0.42"
"474390","SOL 국고채30년액티브","48420","290","0.60","48622.02","48395","48620","48370","293","14222220","6488280000","6515350441","134000","KAP 국고채30년 지수(TR)","90.50","1.04","1.16"
"438560","SOL 국고채3년","100330","135","0.13","100369.96","100320","100480","100285","1024","102760010","45248830000","45266853111","451000","KAP 국고채3년지수(총수익지수)","120.57","0.17","0.14"
"0066W0","SOL 국제금","15970","-70","-0.44","15981.03","16030","16095","15915","467809","7483124485","146924000000","147025514959","9200000","KEDI 국제금현물 ETF 가격지수(PR)","3977.73","-48.85","-1.21"
"0022T0","SOL 국제금커버드콜액티브","16625","-95","-0.57","16625.73","16690","16780","16600","141794","2365711704","84787500000","84791210510","5100000","KEDI 골드인컴프리미엄 지수(NTR)","3382.85","-34.94","-1.02"
"400590","SOL 글로벌탄소배출권선물ICE(합성)","12210","-335","-2.67","12206.62","12065","12220","12065","10414","126647147","6105000000","6103312371","500000","ICE Global Carbon Futures Index(Excess Return)","544.78","-8.75","-1.58"
"484880","SOL 금융지주플러스고배당","21300","1525","7.71","21222.89","21435","21800","20960","857215","18257856658","368490000000","360789207182","17300000","FnGuide 금융지주플러스고배당 지수(PR)","2952.20","184.86","6.68"
"484890","SOL 머니마켓액티브","51860","5","0.01","51855.23","51865","51865","51860","13450","697571034","11201760000","11200730252","216000","KAP 시가 MMF 지수(TR)","119.95","0.01","0.01"
"461600","SOL 미국30년국채액티브(H)","8850","-60","-0.67","8876.47","8905","8905","8840","46237","410874591","43807500000","39500284256","4950000","KAP 미국채 20Y+ 지수(시장가격)","60.48","-0.38","-0.62"
"473330","SOL 미국30년국채커버드콜(합성)","9365","-75","-0.79","9417.36","9365","9380","9315","1076871","10071572401","385838000000","387995288839","41200000","KEDI 미국 국채 20년+ 커버드콜 지수(NTR)","1095.06","-3.61","-0.33"
"494210","SOL 미국500타겟데일리커버드콜액티브","10845","40","0.37","10892.15","10805","10860","10795","8848","95650418","8676000000","8713716930","800000","KEDI 미국퀄리티500+월1%프리미엄 지수(NTR)","2844.51","-15.56","-0.54"
"479620","SOL 미국AI반도체칩메이커","15450","705","4.78","15460.42","15495","15585","15395","22097","342609245","36307500000","32466878481","2350000","Solactive US AI Semiconductor Chip Makers Index(PR)","7096.87","13.85","0.20"
"481180","SOL 미국AI소프트웨어","12515","315","2.58","12513.07","12455","12555","12420","406141","5076600206","157063250000","156413422202","12550000","KEDI 미국 AI 소프트웨어지수(PR)","3967.42","108.08","2.80"
"486450","SOL 미국AI전력인프라","21075","585","2.86","21376.44","21520","21520","21075","121794","2581568092","266598750000","257586042801","12650000","KEDI 미국AI전력인프라 지수(PR)","10290.46","-181.56","-1.73"
"433330","SOL 미국S&P500","20840","85","0.41","20911.34","20870","20900","20750","140343","2922198301","243828000000","242571543162","11700000","S&P 500","6830.71","-38.79","-0.56"
"399110","SOL 미국S&P500ESG","19790","120","0.61","19833.14","19830","19925","19680","43260","856746845","116761000000","115032208663","5900000","S&P500 Scored&Screened(PR)","603.63","-4.84","-0.80"
"0080X0","SOL 미국S&P500미국채혼합50","11230","-10","-0.09","11270.55","11240","11255","11165","97080","1089992376","60642000000","60860982309","5400000","S&P 500 and iBoxx $ Treasuries 7-10Y 5050 Blend Index(USD) PR/TR Hybrid","468.64","-2.04","-0.43"
"499150","SOL 미국S&P500엔화노출(H)","10560","70","0.67","10676.60","10665","10665","10560","1642","17403455","8448000000","8541283160","800000","S&P500 Yen Hedged Index(PR)","2840.10","-16.58","-0.58"
"447620","SOL 미국TOP5채권혼합40 Solactive","14795","65","0.44","14821.88","14900","14900","14685","34461","507675314","102085500000","99306615113","6900000","Solactive US TOP5 Balanced40 Index","1922.79","14.32","0.75"
"476030","SOL 미국나스닥100","15380","225","1.48","15449.00","15445","15455","15330","52417","806363291","83052000000","80334799332","5400000","NASDAQ 100","25020.41","-73.27","-0.29"
"0118S0","SOL 미국넥스트테크TOP10액티브","9910","335","3.50","10032.94","9875","10000","9860","116620","1156019980","56982500000","51167986739","5750000","KEDI 미국넥스트테크TOP10(PR)","2559.55","-70.19","-2.67"
"446720","SOL 미국배당다우존스","13405","-45","-0.33","13453.01","13450","13450","13335","375970","5035473974","915561500000","912113856677","68300000","Dow Jones U.S. Dividend 100 Price Return Index","6595.60","-60.54","-0.91"
"452360","SOL 미국배당다우존스(H)","12390","45","0.36","12450.10","12455","12485","12375","146078","1815674984","206913000000","206671696894","16700000","Dow Jones U.S. Dividend 100 Price Return Index","6595.60","-60.54","-0.91"
"493420","SOL 미국배당다우존스2호","12400","-30","-0.24","12446.79","12425","12425","12305","7752","95988728","32240000000","32361643806","2600000","Dow Jones U.S. Dividend 100 Index(TR)","16848.52","-154.65","-0.91"
"490490","SOL 미국배당미국채혼합50","11495","-45","-0.39","11507.56","11525","11525","11385","580026","6647796891","390830000000","391256940768","34000000","KRX 다우존스 미국배당국채 혼합지수","1386.41","-3.60","-0.26"
"0023A0","SOL 미국양자컴퓨팅TOP10","23350","655","2.89","23654.36","23335","23430","23235","273381","6378867704","437812500000","430509353374","18750000","KEDI 미국양자컴퓨팅 TOP10(PR)","7893.12","-139.30","-1.73"
"0051G0","SOL 미국원자력SMR","16745","470","2.89","16939.80","16780","16905","16740","377726","6346743336","294712000000","285435655384","17600000","KEDI 미국원자력 SMR 지수(PR)","11379.97","-332.36","-2.84"
"481190","SOL 미국테크TOP10","15845","240","1.54","15867.02","15805","15900","15790","136270","2159801564","300262750000","294333286600","18950000","Solactive US Tech TOP 10 Custom Index(PR)","2564.73","7.09","0.28"
"475300","SOL 반도체전공정","19070","3170","19.94","18970.56","17640","19850","17295","989530","18546364196","79140500000","83470449454","4150000","FnGuide 반도체 전공정 지수(PR)","3711.11","602.42","19.38"
"475310","SOL 반도체후공정","31050","5420","21.15","30695.33","29395","31680","28355","773289","23167122655","68310000000","70599260311","2200000","FnGuide 반도체 후공정 지수(PR)","9082.43","1565.10","20.82"
"0152E0","SOL 배당성향탑픽액티브","11875","725","6.50","11855.81","11975","12030","11730","333132","3959911300","51656250000","50387176275","4350000","FnGuide 배당성향탑픽 지수(PR)","2241.97","128.37","6.07"
"400580","SOL 유럽탄소배출권선물S&P(H)","10055","-340","-3.27","10056.51","10030","10060","9960","5134","51524865","5027500000","5028257341","500000","S&P GSCI Carbon Emission Allowances(EUA)(EUR)ER","209.86","-1.37","-0.65"
"464610","SOL 의료기기소부장Fn","10550","1055","11.11","10443.45","10055","10695","9900","322393","3359718300","14242500000","14098658693","1350000","FnGuide 의료기기소부장지수(PR)","1725.48","148.84","9.44"
"466930","SOL 자동차TOP3플러스","21830","1830","9.15","21825.68","22260","22700","21450","1396287","30850712536","227032000000","235717316475","10400000","FnGuide 자동차TOP3플러스지수(PR)","3411.44","266.06","8.46"
"464600","SOL 자동차소부장Fn","16580","1795","12.14","16574.28","16595","16930","16275","18860","313153471","15751000000","15745566516","950000","FnGuide 자동차소부장지수(PR)","2188.59","223.52","11.37"
"0005D0","SOL 전고체배터리&실리콘음극재","17800","2320","14.99","17704.62","17305","18267","17110","1982685","34967279762","160200000000","163767701770","9000000","FnGuide 전고체배터리&실리콘음극재 지수(PR)","2691.41","332.01","14.07"
"466920","SOL 조선TOP3플러스","35090","3615","11.49","35105.89","34620","35535","34195","3168111","110886082682","1845734000000","1806197807527","52600000","FnGuide 조선TOP3플러스지수(PR)","5918.56","600.09","11.28"
"0080Y0","SOL 조선TOP3플러스레버리지","17200","2820","19.61","17023.74","17425","17980","16095","1271117","21592135922","130720000000","132785168703","7600000","FnGuide 조선TOP3플러스지수(PR)","5918.56","600.09","11.28"
"0141S0","SOL 조선기자재","10615","890","9.15","10573.57","10475","10765","10300","315097","3330145437","32906500000","32249374701","3100000","FnGuide 조선기자재 지수(PR)","3614.53","294.69","8.88"
"436140","SOL 종합채권(AA-이상)액티브","109605","455","0.42","109628.93","109535","109640","109495","7877","863140450","1162251420000","1163382216639","10604000","KAP K-종합채권지수(AA-이상, 총수익)","160.79","0.49","0.31"
"0141T0","SOL 중기종합채권(AA-이상)액티브","50130","15","0.03","50157.81","50165","50185","50130","208","10429495","31982940000","32000680989","638000","KAP K-중기종합채권지수(AA-이상,총수익)","124.69","0.12","0.10"
"0016X0","SOL 중단기회사채(A-이상)액티브","50890","40","0.08","50882.63","50885","50910","50870","6232","317153760","369054280000","368491981751","7252000","KIS 중단기크레딧플러스채권(AA+~A-)지수(총수익)","122.01","0.07","0.06"
"220130","SOL 차이나강소기업CSI500(합성 H)","6945","35","0.51","6929.93","6930","7000","6930","260","1818277","5556000000","5543946925","800000","CSI 500 지수","8309.17","60.23","0.73"
"0131A0","SOL 차이나소비트렌드","10260","-195","-1.87","10519.67","10440","10460","10250","3564","36912110","8208000000","8415736957","800000","SOLACTIVE-KEDI CHINA CONSUMER TREND INDEX(PR)","2067.65","-31.48","-1.50"
"415760","SOL 차이나육성산업액티브(합성)","11555","130","1.14","11554.46","11415","11715","11380","133922","1544059010","25652100000","25650896619","2220000","STAR 50 Index(Price Return)","1405.35","23.79","1.72"
"413220","SOL 차이나태양광CSI(합성)","6450","50","0.78","6450.50","6400","6500","6325","10977","70464420","7740000000","7740598578","1200000","CSI Photovoltaic Industry Index(PR)","3343.00","44.38","1.35"
"469830","SOL 초단기채권액티브","53515","25","0.05","53495.43","53500","53515","53500","376470","20144056135","913501050000","917232589131","17070000","KAP 단기자금시장지수","122.50","0.01","0.01"
"0105E0","SOL 코리아고배당","13260","870","7.02","13192.87","13370","13500","13025","3366760","44704901144","561561000000","560697096393","42350000","FnGuide 코리아 고배당 지수(PR)","2432.22","151.28","6.63"
"444200","SOL 코리아메가테크액티브","43700","4530","11.56","43364.98","42850","44525","42400","1299324","56490125817","635835000000","646138266406","14550000","KEDI 메가테크지수(PR)","7202.41","693.12","10.65"
"495550","SOL 코리아밸류업TR","25630","2240","9.58","25458.81","25885","26160","25080","83864","2162450090","117898000000","114564664410","4600000","코리아 밸류업 TR 지수","2644.49","235.27","9.77"
"450910","SOL 코스닥150","19185","2440","14.57","19425.99","18170","20110","18100","177832","3413320133","65229000000","66048350429","3400000","코스닥 150","1985.98","272.91","15.93"
"0040X0","SOL 팔란티어미국채커버드콜혼합","10645","130","1.24","10660.17","10535","10645","10535","731601","7752285950","220351500000","216401510598","20700000","KEDI 팔란티어미국채커버드콜혼합지수(NTR)","2454.32","-8.52","-0.35"
"0040Y0","SOL 팔란티어커버드콜OTM채권혼합","9130","90","1.00","9138.39","9200","9200","9090","589121","5364078488","341005500000","332637403209","37350000","KEDI 팔란티어커버드콜OTM 채권혼합지수(NTR)","1877.64","0.98","0.05"
"0105D0","SOL 한국AI소프트웨어","10315","830","8.75","10259.09","10220","10450","10125","125170","1286355167","13409500000","13336812185","1300000","KEDI 한국AI소프트웨어 지수(PR)","874.16","67.37","8.35"
"0092B0","SOL 한국원자력SMR","16800","2200","15.07","16592.25","16700","16995","16250","842720","14077522777","123480000000","121953040867","7350000","FnGuide 한국원자력 SMR 지수(PR)","3244.46","372.25","12.96"
"423170","SOL 한국형글로벌반도체액티브","40630","2785","7.36","40332.54","39505","41120","39500","112668","4588707018","117014400000","116157704926","2880000","S&P Global Semiconductor Korea Tilted Index(PR)","17333.88","843.36","5.11"
"429980","SOL 한국형글로벌전기차&2차전지액티브","15980","460","2.96","16067.41","15390","16105","15390","4585","73654314","7990000000","8033707454","500000","FactSet Global Electric Vehicle and Rechargeable Battery Korea-Tilted Index(PR)","406.80","8.10","2.03"
"0008T0","SOL 화장품TOP3플러스","12940","770","6.33","12886.24","13025","13165","12745","424641","5512280101","69229000000","68297082677","5350000","FnGuide 화장품TOP3 플러스 지수(PR)","1870.25","99.68","5.63"
"0139F0","TIGER 12월자동연장금융채(AA-이상)액티브","100735","35","0.03","100695.47","100735","100750","100735","445","44827770","1166914240000","1173505024672","11584000","KIS 12월 만기 자동연장금융채(AA-이상) 총수익지수","117.25","0.01","0.01"
"102110","TIGER 200","83600","7745","10.21","83691.81","84435","87455","82167","12830386","1083119973090","7214680000000","7297925795119","86300000","코스피 200","831.22","74.43","9.83"
"139260","TIGER 200 IT","82475","8575","11.60","82198.63","83735","85505","80600","972153","80912753411","900627000000","915692793103","10920000","코스피 200 정보기술","8380.21","837.59","11.10"
"139220","TIGER 200 건설","6875","635","10.18","6868.76","6945","7055","6700","956043","6575565579","52800000000","51790420351","7680000","코스피 200 건설","679.01","59.93","9.68"
"139290","TIGER 200 경기소비재","27675","1725","6.65","27738.49","28215","28520","27365","59743","1670459867","9409500000","9431087053","340000","코스피 200 경기소비재","2768.90","189.75","7.36"
"139270","TIGER 200 금융","16155","1240","8.31","16128.77","16265","16460","15910","205266","3318343153","48141900000","46450859388","2980000","코스피 200 금융","1629.51","115.07","7.60"
"227550","TIGER 200 산업재","13980","1365","10.82","13819.18","13370","14125","13265","36055","487121611","9226800000","9120660190","660000","코스피 200 산업재","1352.77","124.41","10.13"
"227560","TIGER 200 생활소비재","12695","580","4.79","12650.83","12920","13000","12610","50750","648337120","4316300000","4301281170","340000","코스피 200 생활소비재","1285.81","47.99","3.88"
"139250","TIGER 200 에너지화학","17210","1300","8.17","17212.80","17050","17485","16600","189463","3239292474","28224400000","30983038223","1640000","코스피 200 에너지/화학","1705.95","130.32","8.27"
"139230","TIGER 200 중공업","15900","1895","13.53","15442.03","15335","15900","15125","1382304","21432866224","407040000000","391300977240","25600000","코스피 200 중공업","1467.96","148.33","11.24"
"139240","TIGER 200 철강소재","14435","930","6.89","14409.55","14550","14765","14250","34040","494672808","7506200000","7492965551","520000","코스피 200 철강/소재","1420.75","86.99","6.52"
"227540","TIGER 200 헬스케어","22395","1600","7.69","22402.27","22100","22705","21795","62646","1388158208","34040400000","33603405989","1520000","코스피 200 헬스케어","2357.56","173.62","7.95"
"243880","TIGER 200IT레버리지","182700","31275","20.65","183835.36","189000","197952","178472","106170","20017876506","109620000000","114897099969","600000","코스피 200 정보기술","8380.21","837.59","11.10"
"310960","TIGER 200TR","48680","4530","10.26","48725.25","48260","52000","47930","98782","4863235864","233664000000","243626247902","4800000","코스피 200 TR","1096.41","98.19","9.84"
"252000","TIGER 200동일가중","19270","1540","8.69","19157.30","19180","19400","18850","4043","77692355","23124000000","22988755279","1200000","코스피 200 동일가중지수","3631.85","269.23","8.01"
"267770","TIGER 200선물레버리지","64245","11035","20.74","63001.25","63100","67650","60000","1253298","82107309282","167037000000","170103378389","2600000","코스피 200 선물지수","4036.92","288.49","7.70"
"252710","TIGER 200선물인버스2X","297","-71","-19.29","302.62","288","312","277","103122718","30079087084","61835400000","59586228747","208200000","코스피 200 선물지수","4036.92","288.49","7.70"
"243890","TIGER 200에너지화학레버리지","9695","1465","17.80","9595.19","8230","9895","8230","79851","751461999","7028875000","6956510567","725000","코스피 200 에너지/화학","1705.95","130.32","8.27"
"315270","TIGER 200커뮤니케이션서비스","21975","1535","7.51","21876.18","22235","22235","20650","28099","613595517","7471500000","6562852827","340000","코스피 200 커뮤니케이션서비스","2173.40","131.75","6.45"
"289480","TIGER 200커버드콜","9910","735","8.01","9986.13","9400","10040","9400","71008","703785744","22793000000","22968090177","2300000","코스피 200 커버드콜 ATM 지수","1532.40","108.81","7.64"
"166400","TIGER 200커버드콜OTM","18710","1140","6.49","18980.09","18100","19560","18100","1399","26674565","9355000000","9490047326","500000","코스피 200 커버드콜 5% OTM","540.38","43.97","8.86"
"0104N0","TIGER 200타겟위클리커버드콜","16800","1600","10.53","16730.23","15960","17175","15840","789207","13236292481","151200000000","150572034704","9000000","코스피 200 타겟 7% 위클리 커버드콜 지수","2768.09","248.07","9.84"
"0001S0","TIGER 26-04 회사채(A+이상)액티브","51135","0","0.00","51130.03","51135","51170","51135","2626","134292720","178972500000","178955099029","3500000","KIS 회사채 2604만기형 지수","109.88","0.01","0.01"
"480260","TIGER 27-04회사채(A+이상)액티브","53320","25","0.05","53325.55","53315","53355","53300","58517","3120302995","492036960000","487822091264","9228000","KIS 회사채2704만기형 지수 (총수익 지수)","120.43","0.02","0.02"
"0094K0","TIGER 28-04 회사채(A+이상)액티브","99315","75","0.08","99333.39","99335","99390","99260","4700","466876080","306684720000","290351495333","3088000","KIS 회사채 2804만기형 지수(총수익)","110.14","0.09","0.08"
"364980","TIGER 2차전지TOP10","10335","1040","11.19","10371.29","10130","10615","10075","4606633","47604352156","581343750000","574050908795","56250000","KRX 2차전지 TOP 10 지수","3616.88","360.86","11.08"
"412570","TIGER 2차전지TOP10레버리지","1570","243","18.31","1610.88","1562","1632","1480","17438451","26967979409","148365000000","150616847139","94500000","KRX 2차전지 TOP 10 지수","3616.88","360.86","11.08"
"462010","TIGER 2차전지소재Fn","6650","800","13.68","6708.12","6555","6935","6485","12267074","82055015564","786030000000","786862927211","118200000","FnGuide 2차전지소재 (Price Return) 지수","2288.99","284.17","14.17"
"305540","TIGER 2차전지테마","20620","2225","12.10","20511.89","20050","21045","20010","1844303","37754633122","1225859000000","1218406250237","59450000","WISE 2차전지 테마 지수","7634.63","785.64","11.47"
"471760","TIGER AI반도체핵심공정","20310","3690","22.20","20134.66","19170","20785","18685","4545761","89677129836","199038000000","189265792697","9800000","iSelect AI반도체핵심공정지수","4194.24","700.83","20.06"
"365040","TIGER AI코리아그로스액티브","28180","2445","9.50","28167.21","28445","28880","27770","88210","2503859720","56360000000","56334429204","2000000","코스피","5583.90","490.36","9.63"
"364960","TIGER BBIG","7150","450","6.72","7133.12","7065","7240","6965","149871","1062168691","107607500000","106283492818","15050000","KRX BBIG 지수","1971.60","128.83","6.99"
"412560","TIGER BBIG레버리지","2310","-110","-4.55","2350.66","2480","2555","2235","129590","296869392","1732500000","1762992998","750000","KRX BBIG 지수","1971.60","128.83","6.99"
"475630","TIGER CD1년금리액티브(합성)","1060565","250","0.02","1060343.52","1060560","1060565","1060560","24169","25632724150","1676435095500","1676085006342","1580700","KIS CD 1Y 총수익지수","12162.66","0.93","0.01"
"357870","TIGER CD금리투자KIS(합성)","57180","15","0.03","57167.66","57180","57185","57180","330905","18921743276","4930288320000","4926937604208","86224000","KIS CD Index(총수익)","12532.84","0.97","0.01"
"499660","TIGER CD금리플러스액티브(합성)","1000790","235","0.02","1000545.46","1000785","1000790","1000785","10691","10699415746","433342070000","428433567385","433000","KIS CD+CPI연동금리 월분배 지수","12052.10","0.96","0.01"
"400970","TIGER Fn메타버스","7610","330","4.53","7651.11","7830","7830","7505","92205","702182115","58597000000","58148460924","7700000","FnGuide 메타버스테마 지수","1617.86","85.15","5.56"
"377990","TIGER Fn신재생에너지","23040","2740","13.50","22982.85","22500","23495","22305","233958","5368294837","84096000000","83887415121","3650000","FnGuide 신재생에너지 지수","4360.02","489.99","12.66"
"417630","TIGER KEDI혁신기업ESG30","17350","1475","9.29","17425.47","17360","17795","17195","14222","248936085","19952500000","20039286006","1150000","KEDI 혁신기업ESG30 지수(시장가격 지수)","4340.67","384.41","9.72"
"449170","TIGER KOFR금리액티브(합성)","110345","15","0.01","110327.10","110340","110345","110340","139259","15366230314","2459148670000","2457646540419","22286000","KOFR 지수","1182.03","0.08","0.01"
"292160","TIGER KRX300","38380","3500","10.03","38417.05","38000","39410","37855","10622","410663700","19190000000","19208526988","500000","KRX 300","3728.98","344.99","10.19"
"0072R0","TIGER KRX금현물","16200","-30","-0.18","16136.73","16195","16340","15995","3338357","54060315176","1585980000000","1579786095527","97900000","KRX 금현물지수","5660.61","-35.39","-0.62"
"404540","TIGER KRX기후변화솔루션","21645","2115","10.83","21588.65","20430","22180","20430","13969","303564350","11904750000","7556025862","550000","KRX 기후변화 솔루션지수","4102.06","382.46","10.28"
"228820","TIGER KTOP30","15365","1365","9.75","15298.20","15515","15700","15075","101245","1561638101","13828500000","13768382284","900000","KTOP 30","15331.52","1257.14","8.93"
"300610","TIGER K게임","6400","335","5.52","6368.09","6300","6500","6000","137735","864316428","15040000000","14965005250","2350000","WISE K게임 테마 지수","516.75","27.55","5.63"
"463250","TIGER K방산&우주","49290","7390","17.64","49022.81","45100","50330","44520","8342989","399829784890","818214000000","860350328952","16600000","iSelect K방산&우주","7261.41","981.48","15.63"
"138530","TIGER LG그룹플러스","9290","575","6.60","9252.27","9450","9535","9155","377551","3517533497","23039200000","22390497706","2480000","MKF LG그룹+ FW","9310.79","490.82","5.56"
"445910","TIGER MKF배당귀족","20290","1045","5.43","20513.90","20475","20850","20180","52006","1064228509","17246500000","18462506832","850000","MKF 배당귀족 지수(시장가격지수)","2085.59","139.35","7.16"
"289260","TIGER MSCI KOREA ESG리더스","20575","1895","10.14","20515.92","20785","21105","20200","13383","276208855","16048500000","16002421273","780000","MSCI Korea Country ESG Leaders Capped Index","2953.69","248.42","9.18"
"289250","TIGER MSCI KOREA ESG유니버설","24820","2220","9.82","24877.75","25260","25615","24475","52903","1323395775","16381200000","16419315318","660000","MSCI Korea ESG Universal Index","3491.69","324.46","10.24"
"310970","TIGER MSCI Korea TR","36525","3360","10.13","36712.84","35290","38505","35290","55149","2042746124","4207680000000","4229319367187","115200000","MSCI Korea TR Index","3698.28","343.56","10.24"
"269370","TIGER S&P글로벌인프라(합성)","18985","-25","-0.13","19123.57","19145","19155","18935","2318","44151187","13289500000","13386498254","700000","S&P Global Infrastructure Index","3863.51","-38.41","-0.98"
"248270","TIGER S&P글로벌헬스케어(합성)","26415","-35","-0.13","26697.52","26450","26825","26345","9213","243693507","31698000000","32037020586","1200000","S&P Global 1200 Health Care Index","5461.14","-99.70","-1.79"
"0025N0","TIGER TDF2045","11530","25","0.22","11590.16","11545","11580","11505","664180","7664916946","603019000000","582985264262","52300000","S&P 500 and Korea Target Date 2045 (KRW) PR 지수","489.19","-0.23","-0.05"
"453950","TIGER TSMC파운드리밸류체인","27330","540","2.02","27346.18","27585","27695","27315","33777","930055856","39628500000","39651959554","1450000","FactSet TSMC 파운드리 밸류체인 지수(시장가격지수)","619.55","10.45","1.72"
"364990","TIGER 게임TOP10","5100","210","4.29","5095.19","5150","5180","4880","622196","3133375397","47685000000","47130498192","9350000","KRX 게임 TOP 10 지수","627.14","28.22","4.71"
"139280","TIGER 경기방어","13060","685","5.54","13123.64","13200","13375","12915","37629","493215605","54329600000","54594344120","4160000","코스피 200 경기방어소비재","1294.17","74.05","6.07"
"237440","TIGER 경기방어채권혼합","10270","-45","-0.44","10358.46","10315","10350","10255","36638","376836720","10270000000","10358464003","1000000","경기방어소비재 채권혼합 지수","1637.24","30.81","1.92"
"319640","TIGER 골드선물(H)","30920","0","0.00","30817.79","31010","31210","30800","61693","1919725821","151508000000","151007170383","4900000","S&P GSCI Gold Index(TR)","2486.60","-27.16","-1.08"
"160580","TIGER 구리실물","15520","-85","-0.54","15746.83","15645","15710","15445","508655","7946712148","256080000000","256673368907","16500000","S&P GSCI Cash Copper Index","292.68","-2.72","-0.92"
"451530","TIGER 국고채30년스트립액티브","48125","800","1.69","48322.52","47990","48300","47850","73231","3520528547","138215000000","140038650320","2872000","KIS STRIP 30Y Index(총수익지수)","9168.87","150.41","1.67"
"114820","TIGER 국채3년","105135","190","0.18","105105.41","105055","105230","105020","16884","1775152105","133731720000","133694085064","1272000","KTB INDEX(시장가격)","10304.60","14.31","0.14"
"275980","TIGER 글로벌4차산업혁신기술(합성 H)","20855","755","3.76","20914.55","21170","21175","20840","21739","455307440","65067600000","62325345731","3120000","Morningstar Exponential Technologies Equal Weighted Select PR USD","3622.21","-16.22","-0.45"
"464310","TIGER 글로벌AI&로보틱스 INDXX","15240","525","3.57","15336.00","15155","15600","15050","150607","2296295867","125730000000","124988424862","8250000","Indxx Global Robotics & Artificial Intelligence Thematic Index(PR)","5802.11","48.61","0.84"
"418670","TIGER 글로벌AI사이버보안","11590","120","1.05","11604.16","11470","11595","10900","66454","766218603","34306400000","32491650825","2960000","Indxx Cybersecurity 지수 (PR)","1831.95","52.88","2.97"
"466950","TIGER 글로벌AI액티브","24705","795","3.32","24756.55","24505","25635","24505","55812","1380506587","344140650000","341392828721","13930000","Indxx Artificial Intelligence and Big Data 지수(PR)","7529.54","94.32","1.27"
"491010","TIGER 글로벌AI전력인프라액티브","23605","870","3.83","23617.97","23360","23850","23360","253943","6009202920","488623500000","494087964374","20700000","Mirae Asset AI Infrastructure 지수(PR)","4412.65","-80.91","-1.80"
"412770","TIGER 글로벌AI플랫폼액티브","11545","315","2.80","11639.19","11230","11675","11230","8837","102456830","93629950000","94044679818","8110000","Indxx Global Metaverse Index (Price Return)","3864.65","20.04","0.52"
"394670","TIGER 글로벌리튬&2차전지SOLACTIVE(합성)","11445","330","2.97","11353.19","11160","11500","11160","102278","1166544525","284751600000","277017764946","24880000","Solactive Global Lithium 지수(PR)","1673.52","9.75","0.59"
"440340","TIGER 글로벌멀티에셋TIF액티브","12480","-50","-0.40","12510.14","12530","12530","12360","7241","90485725","19344000000","19390711708","1550000","INDXX 멀티에셋인컴 지수(시장가격 지수)","1189.07","-6.64","-0.56"
"476690","TIGER 글로벌비만치료제TOP2Plus","10440","185","1.80","10508.39","10325","10470","10325","62808","655324574","52200000000","49389415162","5000000","Indxx Global Obesity Treatment Top 2 Plus 지수 (시장가격)","2550.30","-41.61","-1.61"
"480310","TIGER 글로벌온디바이스AI","13355","245","1.87","13437.74","13290","13455","13285","12976","173449951","50749000000","49719637684","3800000","Mirae Asset Global On-Device AI 지수 (PR)","4674.81","-1.59","-0.03"
"387270","TIGER 글로벌이노베이션액티브","21595","870","4.20","21647.36","21140","21790","21140","1948","42047775","25914000000","25976832157","1200000","NASDAQ 100","25020.41","-73.27","-0.29"
"276000","TIGER 글로벌자원생산기업(합성 H)","20620","110","0.54","20524.04","20540","20740","20510","6603","136517140","17527000000","17445436843","850000","MorningStar Global Upstream Resources Index(PR)","5491.36","-55.59","-1.00"
"394660","TIGER 글로벌자율주행&전기차SOLACTIVE","15150","410","2.78","15303.23","15100","15390","15100","16765","254439879","109686000000","110183230332","7240000","Solactive Autonomous & Electric Vehicles 지수(PR)","2064.35","-13.01","-0.63"
"371450","TIGER 글로벌클라우드컴퓨팅INDXX","10220","250","2.51","10313.33","10100","10250","10100","12732","129637621","20848800000","20626652258","2040000","Indxx Global Cloud Computing Index(PR)","5112.70","90.64","1.80"
"464930","TIGER 글로벌혁신블루칩TOP10","18670","115","0.62","18937.87","19250","19255","18550","23254","437364782","126956000000","127830614078","6800000","Mirae Asset Global Innovative Bluechip Top 10 Index(PR)","6555.97","16.68","0.26"
"139320","TIGER 금은선물(H)","21995","-155","-0.70","22129.97","22200","22365","21920","141267","3138438727","69284250000","69709411199","3150000","S&P GSCI Precious Metals Index(TR)","5755.41","-63.65","-1.09"
"137610","TIGER 농산물선물Enhanced(H)","5225","10","0.19","5212.61","5200","5230","5185","17814","92640575","13062500000","13031519744","2500000","S&P GSCI Agriculture Enhanced Index(ER)","71.06","1.10","1.57"
"182490","TIGER 단기선진하이일드(합성 H)","13765","5","0.04","13788.60","13760","13795","13760","886","12194120","8259000000","8273162554","600000","Markit iBoxx USD Liquid High Yield 0-5 year 지수","80.23","-0.16","-0.20"
"272580","TIGER 단기채권액티브","56355","10","0.02","56343.53","56345","56360","56345","28704","1617483497","753240930000","752862249839","13366000","KIS MSB 6M PLUS 지수","13541.81","1.11","0.01"
"157450","TIGER 단기통안채","111205","20","0.02","111197.35","111200","111220","111200","30378","3378260946","1049886405000","975200752005","9441000","KIS MSB 6M(총수익)","13390.17","0.94","0.01"
"105010","TIGER 라틴35","6755","95","1.43","6753.45","6695","6755","6695","32721","220333616","11483500000","11480863448","1700000","BNY Latin America 35 ADR","3147.10","-90.70","-2.80"
"123320","TIGER 레버리지","83855","14170","20.33","82972.64","88005","88500","81450","1004430","85877122909","343805500000","340187803852","4100000","코스피 200","831.22","74.43","9.83"
"174350","TIGER 로우볼","20285","1200","6.29","20195.90","20260","20795","19800","24728","499489105","9736800000","9694029925","480000","FnGuide Low Vol 지수","20722.33","1071.20","5.45"
"329200","TIGER 리츠부동산인프라","4545","170","3.89","4545.72","4485","4550","4465","11824445","53445953986","1339411500000","1340533694871","294700000","FnGuide 리츠부동산인프라","1848.78","80.28","4.54"
"0086C0","TIGER 리츠부동산인프라10채권혼합액티브","10290","130","1.28","10319.11","10130","10310","10130","41037","422016187","15435000000","15994627328","1500000","KEDI 리츠부동산인프라TOP10채권혼합지수 (Price Return)","990.36","20.22","2.08"
"0086B0","TIGER 리츠부동산인프라TOP10액티브","10620","345","3.36","10675.28","10470","10670","10470","58423","619941550","90270000000","90739896764","8500000","KEDI 리츠부동산인프라TOP10지수 (Price Return)","839.49","33.53","4.16"
"341850","TIGER 리츠부동산인프라채권","4915","115","2.40","4947.90","4830","4965","4830","23437","115017812","9830000000","9895808574","2000000","KIS 리츠부동산인프라채권PR 지수","41738.75","1319.94","3.27"
"0043B0","TIGER 머니마켓액티브","101830","25","0.02","101811.67","101830","101835","101830","146268","14894794231","3466395030000","3467909219512","34041000","KIS-미래에셋 MMF지수","118.17","0.01","0.01"
"147970","TIGER 모멘텀","66370","6370","10.62","66737.21","66220","69240","65555","14738","980941681","30530200000","30699114758","460000","FnGuide 모멘텀 지수","68273.61","6584.89","10.67"
"458250","TIGER 미국30년국채스트립액티브(합성 H)","38515","-335","-0.86","38956.64","38930","38955","38410","246888","9554472422","648361510000","648004745454","16834000","ICE BofA Long US Treasury Principal STRIPS Index","422.29","-1.23","-0.29"
"476550","TIGER 미국30년국채커버드콜액티브(H)","7575","-25","-0.33","7621.09","7605","7610","7565","1734047","13167353611","1167686250000","1130207855781","154150000","KEDI 미국채30년 위클리 커버드콜30 지수(Total Return)","1019.90","-3.75","-0.37"
"0142D0","TIGER 미국AI데이터센터TOP4Plus","8820","675","8.29","8968.89","8890","8980","8820","309390","2742310605","62622000000","65024429131","7100000","Akros U.S. AI Data Center TOP4 Plus 지수(PR)","9934.31","-265.61","-2.60"
"491830","TIGER 미국AI반도체팹리스","14230","605","4.44","14182.66","14200","14265","14130","69342","987421841","24902500000","22692261665","1750000","Mirae Asset US AI Fabless 지수(PR)","12628.72","-6.71","-0.05"
"490090","TIGER 미국AI빅테크10","14565","330","2.32","14559.38","14510","14615","14475","115989","1688536355","205366500000","202375439966","14100000","KEDI 미국AI빅테크10 지수(PR)","10460.50","20.42","0.20"
"493810","TIGER 미국AI빅테크10타겟데일리커버드콜","11455","265","2.37","11447.65","11405","11480","11405","244295","2797898052","261746750000","259861544549","22850000","KEDI 미국AI빅테크10+15%데일리프리미엄 지수(TR)","9833.88","22.79","0.23"
"0102A0","TIGER 미국AI소프트웨어TOP4Plus","8325","250","3.10","8380.49","8330","8370","8307","407479","3393812896","99067500000","98470784329","11900000","Akros U.S. AI Software TOP4 Plus 지수 (Price Return)","8195.35","184.02","2.30"
"0123G0","TIGER 미국AI전력SMR","7465","240","3.32","7546.62","7510","7580","7460","726088","5449057218","203421250000","198476133607","27250000","Akros U.S. AI Electricity SMR Index 지수(PR)","7456.28","-155.53","-2.04"
"182480","TIGER 미국MSCI리츠(합성 H)","13510","95","0.71","13566.71","13420","13550","13420","25392","341406074","170226000000","170940516969","12600000","MSCI US REIT Index","1415.39","-14.31","-1.00"
"360750","TIGER 미국S&P500","24935","120","0.48","25022.47","24980","25010","24820","8140578","202875520197","14923597500000","14823314014765","598500000","S&P 500","6830.71","-38.79","-0.56"
"448290","TIGER 미국S&P500(H)","16025","170","1.07","16082.56","16095","16140","16010","242122","3893248048","451905000000","447095246731","28200000","S&P 500","6830.71","-38.79","-0.56"
"488500","TIGER 미국S&P500동일가중","12500","10","0.08","12560.87","12505","12555","12420","180313","2250641270","129375000000","130005007913","10350000","S&P 500 Equal Weight Index(PR)","8115.68","-89.11","-1.09"
"225040","TIGER 미국S&P500레버리지(합성 H)","55300","1080","1.99","55768.76","55890","56080","55220","10466","583223664","64148000000","64691759217","1160000","S&P 500","6830.71","-38.79","-0.56"
"429000","TIGER 미국S&P500배당귀족","13920","-95","-0.68","13970.18","13945","14850","13850","195482","2729309251","153120000000","154370443189","11000000","S&P 500 Dividend Aristocrats 지수 (Price Return)","1970.77","-24.62","-1.23"
"143850","TIGER 미국S&P500선물(H)","70095","670","0.97","70349.81","70350","70610","70000","7240","508858250","99885375000","100248473730","1425000","S&P 500 Futures Index(ER)","552.69","-3.29","-0.59"
"225030","TIGER 미국S&P500선물인버스(H)","2515","-25","-0.98","2500.19","2500","2515","2490","122045","304638632","5784500000","5750437133","2300000","S&P 500 Futures Total Return Index","1031.11","-6.04","-0.58"
"482730","TIGER 미국S&P500타겟데일리커버드콜","11730","75","0.64","11777.02","11730","11755","11670","502535","5894200108","542512500000","522310988086","46250000","S&P500 10% Daily Premium Covered Call Index(TR)","347.10","-1.79","-0.51"
"133690","TIGER 미국나스닥100","162440","2220","1.39","163231.47","163045","163330","161955","692221","112522603396","8003418800000","8016297656863","49270000","NASDAQ 100","25020.41","-73.27","-0.29"
"448300","TIGER 미국나스닥100(H)","19630","375","1.95","19720.81","19735","19810","19600","113619","2239180406","303283500000","299756237570","15450000","NASDAQ 100","25020.41","-73.27","-0.29"
"483240","TIGER 미국나스닥100ETF선물","12375","245","2.02","12447.90","12350","12600","12325","19594","244020275","24750000000","24895805031","2000000","KRX 나스닥 100 ETF 선물지수","1979.38","20.86","1.07"
"418660","TIGER 미국나스닥100레버리지(합성)","33800","855","2.60","34200.29","34055","34165","33640","142327","4830931470","288990000000","292412453291","8550000","NASDAQ 100","25020.41","-73.27","-0.29"
"435420","TIGER 미국나스닥100채권혼합Fn","13525","75","0.56","13559.85","13450","13545","13450","156844","2121729501","303636250000","298994802633","22450000","FnGuide 나스닥100 채권혼합 지수(총수익 지수)","1969.83","10.73","0.55"
"441680","TIGER 미국나스닥100커버드콜(합성)","11050","75","0.68","11167.10","11080","11085","11015","224013","2475952273","365202500000","369072723071","33050000","Cboe Nasdaq-100 BuyWrite V2 지수 (Total Return)","1235.59","-1.21","-0.10"
"486290","TIGER 미국나스닥100타겟데일리커버드콜","10310","140","1.38","10358.60","10320","10350","10270","1152719","11889337304","1199568500000","1183987692652","116350000","NASDAQ 100 Daily Covered Call Target Premium 15% 지수(TR)","400.89","-1.03","-0.26"
"429010","TIGER 미국나스닥넥스트100","17230","30","0.17","17447.82","17300","17395","17225","601","10401160","8615000000","8723908095","500000","Nasdaq Next Generation 100 지수 (Price Return)","1515.66","-11.75","-0.77"
"203780","TIGER 미국나스닥바이오","31540","460","1.48","31824.59","31690","31745","31095","27279","861354740","105343600000","106294142630","3340000","NASDAQ Biotechnology 지수(시장가격지수)","5826.81","-140.47","-2.35"
"245340","TIGER 미국다우존스30","34700","-20","-0.06","34862.41","34760","34800","34500","30933","1072992719","144352000000","142238626188","4160000","Dow Jones Industrial Average","47954.74","-784.67","-1.61"
"456610","TIGER 미국달러SOFR금리액티브(합성)","62575","-350","-0.56","62584.05","62380","62640","62020","53052","3304367023","642895550000","642988513402","10274000","Solactive SOFR Daily Total Return Index","1234.48","0.13","0.01"
"329750","TIGER 미국달러단기채권액티브","13660","-80","-0.58","13655.87","13600","13660","13520","460230","6262660411","491213600000","488060819985","35960000","KIS U.S. TREASURY BOND 0-1Y 지수(총수익)","157.18","-0.89","-0.56"
"261110","TIGER 미국달러선물레버리지","17800","-225","-1.25","17809.36","17745","17800","17520","8791","155981660","12460000000","12466552947","700000","미국달러선물지수","1637.43","-6.92","-0.42"
"261120","TIGER 미국달러선물인버스2X","4785","55","1.16","4782.07","4785","4855","4770","15016","72198290","32538000000","32518089549","6800000","미국달러선물지수","1637.43","-6.92","-0.42"
"494840","TIGER 미국방산TOP10","15680","10","0.06","15777.83","15620","15755","14720","356683","5583323869","65856000000","74944706997","4200000","Mirae Asset US Defense Top 10 Index(PR)","2318.85","-45.34","-1.92"
"458730","TIGER 미국배당다우존스","14620","-70","-0.48","14677.87","14690","14690","14525","2724195","39792757623","3018299000000","3025109776455","206450000","Dow Jones U.S. Dividend 100 Price Return Index","6595.60","-60.54","-0.91"
"0008S0","TIGER 미국배당다우존스타겟데일리커버드콜","10210","-5","-0.05","10250.16","10215","10250","10145","329106","3355533754","186843000000","187577946348","18300000","Dow Jones U.S. Dividend 100 10% Daily Premium Covered Call 지수","287.21","-2.49","-0.86"
"458750","TIGER 미국배당다우존스타겟커버드콜1호","13000","-85","-0.65","13049.99","13055","13055","12900","40314","522917811","62400000000","60029952609","4800000","DowJones U.S. Dividend 100 3% Premium Covered Call 지수 (TR)","757.15","-6.64","-0.87"
"458760","TIGER 미국배당다우존스타겟커버드콜2호","11235","-25","-0.22","11292.29","11260","11260","11170","747707","8387539775","780832500000","774086666593","69500000","DowJones U.S. Dividend 100 7% Premium Covered Call 지수 (TR)","620.16","-5.10","-0.82"
"0015K0","TIGER 미국소비트렌드액티브","7635","90","1.19","7711.57","7805","7805","7620","579","4420105","4810050000","4858286642","630000","Mirae Asset US Consumer Trend 지수 (PR)","1836.39","-17.15","-0.93"
"305080","TIGER 미국채10년선물","13440","-110","-0.81","13462.38","13425","13445","13335","206515","2765299994","239232000000","240976687212","17800000","S&P 10-Year U.S. Treasury Note Futures(ER)","190.19","-0.85","-0.44"
"0046A0","TIGER 미국초단기(3개월이하)국채","10170","-50","-0.49","10164.28","10130","10180","10080","1143597","11581072078","406800000000","385429641867","40000000","ICE 0-3 Month US Treasury Securities 지수","119.27","0.01","0.01"
"465670","TIGER 미국캐시카우100","14770","-20","-0.14","14832.78","14805","14805","14675","5045","74450628","13293000000","12607864365","900000","Global X U.S. Cash Flow Kings 100 Index(PR)","2748.77","-3.89","-0.14"
"381170","TIGER 미국테크TOP10 INDXX","29180","490","1.71","29247.67","29200","29300","29085","678910","19816552568","3824039000000","3794884582162","131050000","Indxx US Tech Top 10 Index","8596.81","23.77","0.28"
"472160","TIGER 미국테크TOP10 INDXX(H)","16935","365","2.20","16965.51","16940","17075","16910","373878","6344360234","295515750000","293503322602","17450000","Indxx US Tech Top 10 Index","8596.81","23.77","0.28"
"472170","TIGER 미국테크TOP10채권혼합","13555","75","0.56","13593.12","13520","13650","13495","185770","2514228964","329386500000","324875476036","24300000","FnGuide 미국테크TOP10 채권혼합지수","2676.28","10.71","0.40"
"474220","TIGER 미국테크TOP10타겟커버드콜","15035","295","2.00","15077.27","15030","15075","14995","175675","2641892823","499162000000","493780432022","33200000","Bloomberg U.S. Tech Top10+10% Premium Covered Call Index","8194.93","32.60","0.40"
"458260","TIGER 미국투자등급회사채액티브(H)","48715","35","0.07","48768.06","48795","48835","48670","58317","2844230830","295212900000","290462584333","6060000","iBoxx USD Liquid Investment Grade Index(Price Return)","98.33","-0.45","-0.46"
"497570","TIGER 미국필라델피아AI반도체나스닥","16850","680","4.21","16855.46","16885","16975","16815","1051882","17761170357","871145000000","854571661869","51700000","PHLX US AI Semiconductor 지수 (PR)","1769.37","-12.43","-0.70"
"381180","TIGER 미국필라델피아반도체나스닥","30315","765","2.59","30412.80","30460","30560","30280","2256359","68627305633","3598390500000","3556776521865","118700000","PHLX Semiconductor Sector Index","7821.76","-92.72","-1.17"
"423920","TIGER 미국필라델피아반도체레버리지(합성)","49585","2925","6.27","49966.31","50245","50245","49550","79368","3951397817","385771300000","387238923984","7780000","PHLX Semiconductor Sector Index","7821.76","-92.72","-1.17"
"228810","TIGER 미디어컨텐츠","5135","230","4.69","5162.70","5140","5285","5070","631953","3268033757","118156350000","119413310336","23010000","WISE 미디어컨텐츠 지수","2629.22","141.00","5.67"
"364970","TIGER 바이오TOP10","8515","715","9.17","8519.96","8395","8725","8240","2281532","19281036167","291638750000","289678506089","34250000","KRX 바이오 TOP 10 지수","2596.56","221.99","9.35"
"091230","TIGER 반도체","105905","15955","17.74","105425.66","103225","108430","101100","1222316","128456788901","862066700000","864490375591","8140000","KRX 반도체","10495.22","1445.85","15.98"
"396500","TIGER 반도체TOP10","34140","5030","17.28","33860.79","33100","34710","32800","61879624","2059772079221","7193298000000","7525560090452","210700000","FnGuide 반도체TOP10 지수","8746.00","1203.54","15.96"
"488080","TIGER 반도체TOP10레버리지","45920","11395","33.01","45450.26","44525","47460","42815","17923317","810605131692","1051568000000","1247609510436","22900000","FnGuide 반도체TOP10 지수","8746.00","1203.54","15.96"
"211560","TIGER 배당성장","35850","2755","8.32","35707.00","35690","36190","35045","104926","3744245478","94644000000","94266480234","2640000","코스피 배당성장 50","7125.98","549.69","8.36"
"472150","TIGER 배당커버드콜액티브","17370","1565","9.90","17310.62","17580","17765","17030","4165536","72809608941","684204300000","670786530449","39390000","코스피 200 커버드콜 5% OTM","540.38","43.97","8.86"
"138520","TIGER 삼성그룹","24945","2085","9.12","25057.02","25325","25745","24685","242511","6107971016","86808600000","89202976049","3480000","MKF SAMs FW","29548.34","2709.75","10.10"
"157490","TIGER 소프트웨어","9070","585","6.89","9057.21","9035","9225","8900","688267","6218235406","113737800000","112309433275","12540000","FnGuide 소프트웨어 지수","4671.35","299.18","6.84"
"0000D0","TIGER 엔비디아미국채커버드콜밸런스(합성)","9870","10","0.10","9958.22","9860","9915","9725","69780","688899848","61194000000","61740977179","6200000","KEDI 엔비디아미국채30년타겟커버드콜혼합지수(TR)","1095.06","-3.61","-0.33"
"228800","TIGER 여행레저","3270","140","4.47","3279.17","3280","3320","3245","660309","2167734119","85543200000","85586335789","26160000","WISE 여행레저 지수","1626.14","78.75","5.09"
"227570","TIGER 우량가치","18985","1210","6.81","18869.70","18950","19755","18560","9159","171812039","9112800000","9057456374","480000","FnGuide 퀄리티밸류 지수","37980.30","2258.69","6.32"
"438330","TIGER 우량회사채액티브","115615","190","0.16","115619.47","115645","115750","115525","18023","2083763072","705829575000","703544505141","6105000","KIS 투자등급회사채 지수(총수익)","135.46","0.15","0.11"
"261140","TIGER 우선주","23645","2170","10.10","23569.36","23980","24185","23175","123042","2908086243","39723600000","39596521567","1680000","코스피 우선주 지수","5557.52","496.77","9.82"
"130680","TIGER 원유선물Enhanced(H)","5115","20","0.39","4961.81","5045","5162","4695","1955990","9830797246","21994500000","26793797491","4300000","S&P GSCI Crude Oil Enhanced Index ER","647.15","45.92","7.64"
"217770","TIGER 원유선물인버스(H)","1998","-22","-1.09","2072.21","2040","2050","1984","903313","1827496827","6093900000","6838295047","3050000","S&P GSCI Crude Oil Index ER","182.00","14.27","8.50"
"195930","TIGER 유로스탁스50(합성 H)","21160","250","1.20","21373.87","21565","21565","21160","11326","241464189","35972000000","36335586348","1700000","EURO STOXX 50 Index","5782.89","-88.03","-1.50"
"225050","TIGER 유로스탁스레버리지(합성 H)","14105","350","2.54","14358.45","14365","14505","14075","4130","58742585","8463000000","8615069002","600000","EURO STOXX 50 Index","5782.89","-88.03","-1.50"
"245350","TIGER 유로스탁스배당30","18455","65","0.35","18541.59","18330","18850","18330","11709","217796162","29528000000","29666550704","1600000","Euro STOXX Select Dividend 30","2186.92","-22.98","-1.04"
"091220","TIGER 은행","15680","910","6.16","15759.95","15910","16220","15570","107138","1695593029","22265600000","22379129947","1420000","KRX 은행","1543.62","89.23","6.14"
"466940","TIGER 은행고배당플러스TOP10","25530","1720","7.22","25436.88","25905","26150","25100","2006445","51317692018","944610000000","974232506882","37000000","FnGuide 은행고배당플러스TOP10 지수(시장가격 지수)","2333.67","137.12","6.24"
"307510","TIGER 의료기기","18405","1840","11.11","18291.82","17905","18720","17695","66158","1194360738","9202500000","6402137773","500000","FnGuide 의료기기 지수","1894.61","177.96","10.37"
"225060","TIGER 이머징마켓MSCI레버리지(합성 H)","13380","695","5.48","12916.71","13165","13680","12955","1258","16756455","14182800000","13691714428","1060000","MSCI EM Index","1503.53","31.49","2.14"
"453870","TIGER 인도니프티50","13090","170","1.32","13117.95","12940","13110","12940","301653","3939904029","396627000000","396162090168","30300000","Nifty 50 Index","24765.90","285.40","1.17"
"236350","TIGER 인도니프티50레버리지(합성)","36915","1270","3.56","36948.96","35675","37065","35675","3010","110765095","24363900000","24386311617","660000","Nifty 50 Index","24765.90","285.40","1.17"
"479730","TIGER 인도빌리언컨슈머","10415","40","0.39","10541.20","10375","10490","10325","75331","784900751","113002750000","114372042628","10850000","Mirae Asset India Billion Consumer 지수(PR)","4288.90","77.69","1.84"
"123310","TIGER 인버스","1892","-198","-9.47","1917.55","1802","1929","1797","13631931","25440515619","71328400000","66730664786","37700000","코스피 200 선물지수","4036.92","288.49","7.70"
"365000","TIGER 인터넷TOP10","4945","235","4.99","4962.57","4935","5040","4865","837308","4142492927","61565250000","60295253732","12450000","KRX 인터넷 TOP 10 지수","1240.84","70.83","6.05"
"195920","TIGER 일본TOPIX(합성 H)","31650","690","2.23","31185.37","31860","32210","31380","1176","37378766","15825000000","15592683663","500000","TOPIX","3702.67","69.00","1.90"
"241180","TIGER 일본니케이225","30925","720","2.38","30414.73","31055","31755","30710","224343","6985367707","428002000000","420939854754","13840000","Nikkei 225","55278.06","1032.52","1.90"
"465660","TIGER 일본반도체FACTSET","21295","820","4.00","20798.88","20950","21965","20950","32673","694918405","22359750000","21838819487","1050000","FactSet Japan Semiconductor Index(PR)","6477.39","189.02","3.01"
"292560","TIGER 일본엔선물","8640","10","0.12","8653.15","8550","8640","8550","79394","683129583","60480000000","57976121686","7000000","엔선물지수","482.06","-1.19","-0.25"
"494670","TIGER 조선TOP10","28200","2990","11.86","28117.46","27730","28475","27400","1851020","51756855881","987000000000","972863976054","35000000","iSelect 조선TOP10 Index(PR)","4331.39","427.98","10.96"
"451540","TIGER 종합채권(AA-이상)액티브","54645","195","0.36","54657.20","54605","54710","54575","9279","507159588","1022735820000","1021871052840","18716000","KIS 종합채권 AA-이상 총수익 지수(Total return Index)","118.33","0.37","0.31"
"150460","TIGER 중국소비테마","7405","440","6.32","7368.73","7475","7480","7245","57530","423245195","67977900000","66981770958","9180000","FnGuide 중국내수테마 지수","3777.80","186.91","5.21"
"302190","TIGER 중장기국채","50955","95","0.19","50997.58","50985","51070","50900","17876","911516872","298596300000","299865766144","5860000","KIS 국채 3-10년 지수(시장가격지수)","10314.19","28.48","0.28"
"157500","TIGER 증권","18145","2255","14.19","18069.80","17975","18560","17700","3388849","61602741785","375238600000","373683534834","20680000","FnGuide 증권 지수","8897.51","1050.66","13.39"
"307520","TIGER 지주회사","19935","1595","8.70","19928.26","19835","20260","19555","1079603","21498633813","356836500000","350737431107","17900000","FnGuide 지주회사 지수","2941.91","213.81","7.84"
"0067Y0","TIGER 차이나AI소프트웨어","12260","240","2.00","12281.01","12025","12470","11795","8437","103269825","21455000000","21491761161","1750000","Mirae Asset China AI Software 지수 (Price Return, HKD)","956.93","-1.50","-0.16"
"192090","TIGER 차이나CSI300","12930","120","0.94","12892.02","12725","13035","12720","123188","1593477453","162271500000","155993432157","12550000","CSI 300 Index","4647.69","45.07","0.98"
"204480","TIGER 차이나CSI300레버리지(합성)","28310","415","1.49","28373.29","28200","28680","27900","20396","577467392","113806200000","114060630868","4020000","CSI 300 Index","4647.69","45.07","0.98"
"217780","TIGER 차이나CSI300인버스(합성)","5400","-55","-1.01","5497.13","5450","5500","5250","3478","18711637","8370000000","8520550287","1550000","CSI 300 Index","4647.69","45.07","0.98"
"245360","TIGER 차이나HSCEI","13045","-45","-0.34","13094.08","13060","13320","12995","4606","60393198","40439500000","39282230653","3100000","Hang Seng China H","8451.43","-32.52","-0.38"
"414780","TIGER 차이나과창판STAR50(합성)","12210","215","1.79","12153.19","12250","12395","11920","420317","5122955682","199633500000","198704684669","16350000","STAR 50 Index(Price Return)","1405.35","23.79","1.72"
"0067V0","TIGER 차이나글로벌리더스TOP3+","10520","-65","-0.61","10837.13","10430","10715","10420","59447","627060680","56808000000","58520509180","5400000","Solactive-KEDI 차이나글로벌리더스TOP3플러스 지수 (Price Return, CNH)","2280.87","-4.27","-0.19"
"371470","TIGER 차이나바이오테크SOLACTIVE","7990","130","1.65","8030.82","7925","8140","7925","105983","849335724","59126000000","59106812379","7400000","Solactive China Biotech Index(PR)","1606.90","18.77","1.18"
"396520","TIGER 차이나반도체FACTSET","10880","240","2.26","10712.95","10670","11005","10640","392826","4279456212","228044800000","221972393174","20960000","FactSet China Semiconductor 지수(PR)","244.15","4.09","1.70"
"371460","TIGER 차이나전기차SOLACTIVE","12325","35","0.28","12302.77","12295","12450","12285","1166200","14410349601","1334058000000","1296712247609","108240000","Solactive China Electric Vehicle and Battery Index(PR)","2414.68","16.45","0.69"
"456680","TIGER 차이나전기차레버리지(합성)","9285","100","1.09","9362.58","9180","9440","9180","12889","120126665","59795400000","58516134910","6440000","Solactive China Electric Vehicle and Battery Index(PR)","2414.68","16.45","0.69"
"0133E0","TIGER 차이나증권","8780","55","0.63","8872.48","9020","9020","8740","45227","401543023","14487000000","14195962913","1650000","Solactive China Securities Index (Price Return)","2276.21","-9.20","-0.40"
"396510","TIGER 차이나클린에너지SOLACTIVE","9215","105","1.15","9257.75","9360","9360","8880","27810","255618629","21747400000","21848295517","2360000","Solactive China Clean Energy 지수(PR)","2279.78","40.73","1.82"
"0047A0","TIGER 차이나테크TOP10","10975","200","1.86","10957.44","10990","11135","10805","536463","5894307374","239803750000","237228543920","21850000","Mirae Asset China Tech Top 10 지수 (Price Return)","3491.40","15.52","0.45"
"117690","TIGER 차이나항셍30","20945","95","0.46","21027.21","20690","21120","20680","6254","130977463","12567000000","12616325894","600000","Hang Seng China (Hong Kong-listed) 30 Index","8875.07","-47.35","-0.53"
"371160","TIGER 차이나항셍테크","7715","-20","-0.26","7803.99","7820","7905","7685","1423698","11112406047","879895750000","881850887200","114050000","Hang Seng TECH Index","4796.33","15.14","0.32"
"438320","TIGER 차이나항셍테크레버리지(합성 H)","6065","10","0.17","6171.74","6295","6415","5995","169612","1058405696","25533650000","26661914832","4210000","Hang Seng TECH Index","4796.33","15.14","0.32"
"0053L0","TIGER 차이나휴머노이드로봇","12540","325","2.66","12384.86","12300","12695","12300","1018807","12774122215","408177000000","396934626584","32550000","Mirae Asset China Humanoid Robot 지수(PR)","2971.43","62.34","2.14"
"0117V0","TIGER 코리아AI전력기기TOP3플러스","16505","1805","12.28","16448.51","16680","17050","16220","4941356","82306629807","533936750000","544445682912","32350000","KEDI 코리아AI전력기기TOP3플러스 지수","24042.96","2346.91","10.82"
"292150","TIGER 코리아TOP10","30635","2835","10.20","30561.33","31230","31735","30070","10947779","339083742081","2420165000000","2396007971677","79000000","FnGuide TOP10 지수","10762.78","948.91","9.67"
"0052D0","TIGER 코리아배당다우존스","15895","1140","7.73","15857.97","16010","16155","15550","828902","13156454910","492745000000","491597164140","31000000","Dow Jones Korea Dividend 30 지수 (Price Return)","2134.17","134.22","6.71"
"0104P0","TIGER 코리아배당다우존스위클리커버드콜","11770","780","7.10","11754.02","11870","11960","11175","167041","1958985800","38841000000","38788260365","3300000","KRX 다우존스 코리아 배당 30 타겟 7% 위클리 커버드콜 지수","2803.20","176.50","6.72"
"496080","TIGER 코리아밸류업","25050","2410","10.64","24995.12","25300","25660","24590","1246206","31436368888","422092500000","426166868748","16850000","코리아 밸류업 지수","2532.38","225.24","9.76"
"0091P0","TIGER 코리아원자력","17650","2260","14.68","17522.48","17510","17950","17140","5657551","99574807279","520675000000","526550647030","29500000","iSelect 코리아 원자력 지수 (Price Return)","3819.90","448.63","13.31"
"471780","TIGER 코리아테크액티브","24430","2375","10.77","24307.06","24250","24960","23895","283161","6941406373","60830700000","61010730239","2490000","KRX 정보기술","3821.63","431.74","12.74"
"0148J0","TIGER 코리아휴머노이드로봇산업","12915","1710","15.26","12866.74","12365","13370","12295","8138527","105014675791","627023250000","623393646137","48550000","KEDI 코리아 휴머노이드로봇산업 지수 (PR)","8426.27","1057.11","14.35"
"232080","TIGER 코스닥150","19945","2525","14.49","20214.83","19040","21140","18900","17153459","343311045037","2164032500000","2185222955217","108500000","코스닥 150","1985.98","272.91","15.93"
"233160","TIGER 코스닥150 레버리지","18500","3910","26.80","18208.99","17875","20435","16750","4977636","93789519439","251600000000","254925889920","13600000","코스닥 150","1985.98","272.91","15.93"
"261060","TIGER 코스닥150IT","25995","5095","24.38","24984.40","23180","26185","22850","458632","11351926605","43151700000","41474112269","1660000","코스닥 150 정보기술","1280.73","206.95","19.27"
"261070","TIGER 코스닥150바이오테크","20685","2825","15.82","20446.36","19330","21440","19025","809605","16417998930","102597600000","100596115244","4960000","코스닥 150 헬스케어","7102.16","911.98","14.73"
"250780","TIGER 코스닥150선물인버스","2115","-385","-15.40","2129.33","2300","2400","2005","2320910","4946865678","11844000000","11179001819","5600000","F-코스닥150 지수","2240.58","256.30","12.92"
"461580","TIGER 코스닥글로벌","18965","2815","17.43","18884.12","17955","19500","17720","62329","1162691846","54050250000","54763958529","2850000","코스닥 글로벌 지수","2386.23","329.78","16.04"
"277630","TIGER 코스피","58530","5480","10.33","58268.11","68965","68965","57300","458653","26994779451","403857000000","402049947162","6900000","코스피","5583.90","490.36","9.63"
"210780","TIGER 코스피고배당","24740","1575","6.80","24704.62","24800","25070","24420","100015","2476925693","84610800000","84489804777","3420000","코스피 고배당 50","4871.89","310.47","6.81"
"277640","TIGER 코스피대형주","29910","2855","10.55","29898.68","30345","30645","29415","241527","7286615645","50847000000","50827751269","1700000","코스피 대형주","5950.12","534.27","9.86"
"277650","TIGER 코스피중형주","21525","1525","7.63","21544.54","21505","21850","21250","4138","89226431","8610000000","8617817553","400000","코스피 중형주","4181.56","303.95","7.84"
"376410","TIGER 탄소효율그린뉴딜","19815","2095","11.82","19696.63","19750","20110","19455","20071","398732662","19815000000","19696629937","1000000","KRX/S&P 탄소효율 그린뉴딜지수","3315.68","309.76","10.30"
"447770","TIGER 테슬라채권혼합Fn","14620","170","1.18","14704.09","14600","14725","14600","464005","6789800766","641087000000","631540768913","43850000","FnGuide 테슬라채권혼합 지수","3755.64","38.80","1.04"
"0060H0","TIGER 토탈월드스탁액티브","12135","110","0.91","12230.46","12400","12400","12065","157849","1918651644","365263500000","366913664687","30100000","FTSE Global All Cap Index(PR)","1139.79","-3.60","-0.32"
"387280","TIGER 퓨처모빌리티액티브","12215","1365","12.58","12188.97","12055","12740","12015","40987","502779096","20032600000","17552113776","1640000","FnGuide 퓨처모빌리티 지수","3086.49","335.28","12.19"
"449690","TIGER 한중반도체(합성)","37425","3565","10.53","33923.62","36690","37962","36655","696","25897602","28068750000","25442712096","750000","KRX CSI 한·중 반도체지수","9110.24","821.05","9.91"
"449680","TIGER 한중전기차(합성)","12835","575","4.69","12238.22","12930","12985","12835","717","9262040","10909750000","10402491219","850000","KRX CSI 한·중 전기차지수","5586.80","305.74","5.79"
"143860","TIGER 헬스케어","51170","5270","11.48","51170.50","49440","52705","48880","214718","10943248230","211843800000","204682017228","4140000","KRX 헬스케어","5199.98","528.47","11.31"
"138540","TIGER 현대차그룹플러스","61300","4920","8.73","61162.12","62600","63500","60100","2303728","143150447662","633842000000","714373527842","10340000","MKF 현대차그룹+ FW","71675.24","5777.74","8.77"
"228790","TIGER 화장품","3295","185","5.95","3281.73","3345","3345","3220","6084299","20046396440","306336150000","302640993249","92970000","WISE 화장품 지수","3308.80","191.27","6.14"
"441800","TIME Korea플러스배당액티브","27360","2540","10.23","27274.38","28100","28700","26880","1345987","37121787930","665395200000","652403272194","24320000","코스피 200","831.22","74.43","9.83"
"463050","TIME K바이오액티브","19960","2670","15.44","19865.60","18995","20590","18070","2102905","41235455453","473052000000","469821429805","23700000","KRX 헬스케어","5199.98","528.47","11.31"
"404120","TIME K신재생에너지액티브","23495","2245","10.56","23605.77","22480","24165","22480","28896","684233076","14097000000","14163463807","600000","KRX 기후변화 솔루션지수","4102.06","382.46","10.28"
"385710","TIME K이노베이션액티브","12655","1575","14.21","12676.80","11515","12980","11515","61744","771314314","12655000000","13944477143","1000000","KRX BBIG 지수","1971.60","128.83","6.99"
"410870","TIME K컬처액티브","11585","800","7.42","11558.83","11285","11820","11240","403932","4659470022","48657000000","48547100654","4200000","FnGuide K-컬처 지수","712.14","43.50","6.51"
"456600","TIME 글로벌AI인공지능액티브","40885","2130","5.50","41204.41","40325","41280","40325","446397","18262051390","1186482700000","1157843979742","29020000","Solactive Global Artificial Intelligence 지수","416.95","0.37","0.09"
"485810","TIME 글로벌바이오액티브","10625","250","2.41","10743.32","10410","10695","10410","5884","62375790","13812500000","13966313532","1300000","KEDI 글로벌 불로장생바이오 지수(원화환산)","1637.72","-33.96","-2.03"
"494180","TIME 글로벌소비트렌드액티브","13635","70","0.52","13858.51","13970","13970","13470","924","12559260","14998500000","15244364234","1100000","Solactive 뉴에이지컨수머지수","1388.98","2.67","0.19"
"478150","TIME 글로벌우주테크&방산액티브","23295","535","2.35","23369.22","23050","23405","23025","360534","8389555428","441440250000","432330546281","18950000","Solactive Aerospace and Defense USD Index PR","3363.93","-107.40","-3.09"
"0113D0","TIME 글로벌탑픽액티브","11255","520","4.84","11255.91","11050","11372","11050","162409","1829933893","87789000000","87796102144","7800000","Bloomberg World Large, Mid & Small cap PR Index","2328.29","-8.56","-0.37"
"426020","TIME 미국S&P500액티브","29105","395","1.38","29217.88","29100","29185","28965","114803","3339650599","199660300000","199265966105","6860000","S&P 500","6830.71","-38.79","-0.56"
"426030","TIME 미국나스닥100액티브","37685","1245","3.42","37878.56","37955","37955","37640","555763","20976859842","1049150400000","1028781671483","27840000","NASDAQ 100","25020.41","-73.27","-0.29"
"0019K0","TIME 미국나스닥100채권혼합50액티브","11835","130","1.11","11856.84","11790","11870","11790","215835","2553204981","153855000000","149396147434","13000000","FnGuide 미국나스닥100 단기채권혼합 지수","2120.42","-2.81","-0.13"
"0036D0","TIME 미국배당다우존스액티브","11050","50","0.45","11102.29","11095","11105","10965","44386","489676795","24310000000","24425034879","2200000","Dow Jones U.S. Dividend 100 Price Return Index","6595.60","-60.54","-0.91"
"0043Y0","TIME 차이나AI테크액티브","15290","655","4.48","14730.03","15130","15415","14730","193483","2926418978","191889500000","176760335628","12550000","Solactive China Artificial Intelligence 지수(원화환산)(PR)","2558.52","69.29","2.78"
"495060","TIME 코리아밸류업액티브","23190","2340","11.22","23177.15","23545","23890","22660","610327","14307921713","137980500000","143698309344","5950000","코리아 밸류업 지수","2532.38","225.24","9.76"
"385720","TIME 코스피액티브","20750","2060","11.02","20738.81","21000","21400","19625","580522","12173925564","271825000000","273752259390","13100000","코스피","5583.90","490.36","9.63"
"108590","TREX 200","83505","7780","10.27","83597.96","82550","86885","82550","804","67614025","16701000000","16719591106","200000","코스피 200","831.22","74.43","9.83"
"145850","TREX 펀더멘탈 200","89995","6965","8.39","90104.75","90235","92470","88105","255","22617165","22498750000","22526188568","250000","FnGuide-RAFI 코리아200 지수","22802.24","1924.52","9.22"
"472720","TRUSTON 주주가치액티브","23080","1745","8.18","22951.61","23335","23490","22600","16067","369935354","13848000000","13770963320","600000","코스피 200","831.22","74.43","9.83"
"496130","TRUSTON 코리아밸류업액티브","21145","1800","9.30","21117.81","21415","21700","21000","2283","48648200","12687000000","12670686033","600000","코리아 밸류업 지수","2532.38","225.24","9.76"
"433250","UNICORN R&D 액티브","21815","1440","7.07","21764.12","21885","21990","21570","11","239685","8726000000","8705648851","400000","코스피 200","831.22","74.43","9.83"
"494220","UNICORN SK하이닉스밸류체인액티브","32595","4695","16.83","32473.92","31500","33485","30890","634503","20469064747","120601500000","118529797144","3700000","FnGuide SK하이닉스밸류체인 지수","6268.58","944.41","17.74"
"470310","UNICORN 생성형AI강소기업액티브","14120","1820","14.80","14028.13","13380","14380","13380","2659","37582182","3530000000","3507031651","250000","iSelect AI 지수","2021.53","135.18","7.17"
"476000","UNICORN 포스트IPO액티브","11800","1455","14.06","11699.27","11330","11895","11130","9646","114384305","5310000000","5264672518","450000","iSelect 포스트 IPO 지수","1587.56","212.00","15.41"
"422260","VITA MZ소비액티브","9775","480","5.16","9812.49","9755","9960","9755","917","9003335","14662500000","14718736306","1500000","FnGuide MZ 소비 지수","992.03","54.15","5.77"
"452440","VITA 밸류알파액티브","17700","1005","6.02","17413.21","17420","17700","17420","78","1377830","12390000000","12189248232","700000","FnGuide 밸류알파지수","2633.40","277.92","11.80"
"448100","WON 200","85730","7570","9.69","85995.93","84970","88255","84500","78301","6755237747","98589500000","101045220388","1150000","코스피 200","831.22","74.43","9.83"
"413930","WON AI ESG액티브","22235","2205","11.01","22100.15","22320","22650","21940","17079","381154865","14452750000","14365096014","650000","MK-iSelect AI ESG 지수(시장가격지수)","3143.85","276.69","9.65"
"0088N0","WON K-글로벌수급상위","12575","1360","12.13","12551.05","11795","12795","11795","55685","696523219","28293750000","26984760863","2250000","DeepSearch 외인수급 Top20 지수","4599.65","461.59","11.15"
"458030","WON 국공채머니마켓액티브","54285","-5","-0.01","54282.32","54280","54290","54280","5861","318135920","72741900000","72738307686","1340000","KAP 국공채 머니마켓 총수익 지수","121.74","0.01","0.01"
"426150","WON 대한민국국고채액티브","54615","245","0.45","54662.14","54590","54680","54500","720","39293895","53631930000","53678218502","982000","KAP 한국 국고채 총수익 지수","112.16","0.58","0.52"
"444490","WON 미국S&P500","19045","70","0.37","19114.36","19100","19100","18975","21628","412321300","67609750000","66900264452","3550000","S&P 500","6830.71","-38.79","-0.56"
"489290","WON 미국빌리어네어","14920","195","1.32","15028.79","14855","14995","14855","68565","1020137040","41776000000","41329185441","2800000","Bloomberg US Billionaires Investment Select Index(PR)","5762.42","3.07","0.05"
"440910","WON 미국우주항공방산","28310","315","1.13","28473.77","28160","28555","28120","61553","1739489207","89176500000","89692363700","3150000","S&P Aerospace & Defense Select Industry Index(PR)","43139.82","-1339.09","-3.01"
"474590","WON 반도체밸류체인액티브","29335","3985","15.72","28836.03","28565","31000","28045","164416","4759691567","149608500000","147063735395","5100000","FnGuide 반도체 밸류체인 (Price Return) 지수","6175.55","767.23","14.19"
"496020","WON 전단채플러스액티브","51595","10","0.02","51578.56","51590","51600","51585","7874","406205068","205760860000","205695312709","3988000","KIS 전단채플러스 TR 지수","118.86","0.01","0.01"
"488720","WON 종합채권(AA-이상)액티브","50115","135","0.27","50138.76","50125","50170","50060","1904","95386510","68156400000","68188707434","1360000","KIS 종합채권시장 총수익지수(AA-이상)","109.00","0.34","0.31"
"0154F0","WON 초대형IB&금융지주","13800","1380","11.11","13786.03","14500","14595","13520","538552","7444683462","83490000000","80648262781","6050000","iSelect 초대형IB&금융지주 지수","4649.02","430.94","10.22"
"480460","WON 한국부동산TOP3플러스","10185","255","2.57","10229.75","10015","10220","10015","1965","19998655","10185000000","10229751010","1000000","DeepSearch 한국부동산TOP3플러스 지수","768.57","30.37","4.11"
"0053M0","더제이 중소형포커스액티브","13520","1175","9.52","13561.99","13090","13810","13090","13583","183949108","9464000000","9493392310","700000","코스피 200 중소형주지수","2276.01","166.22","7.88"
"488290","마이다스 일본테크액티브","35205","785","2.28","34806.92","34515","36480","34515","23887","836528720","8801250000","8701728968","250000","Solactive Japan Tech Top 30 지수(PR)","4260.26","97.53","2.34"
"438740","마이다스 중소형액티브","35870","3080","9.39","35926.12","33770","36405","33770","2012","69730425","8070750000","8083377140","225000","코스피 중형주","4181.56","303.95","7.84"
"403790","마이다스 코스피액티브","46550","3850","9.02","46658.30","47625","47720","45915","4108","193508840","157106250000","157471775922","3375000","코스피","5583.90","490.36","9.63"
"0112X0","마이티 200TR","31315","2855","10.03","31273.67","28460","32100","28435","78182","2457293675","34446500000","34401032208","1100000","코스피 200 TR","1096.41","98.19","9.84"
"465780","마이티 26-09 특수채(AAA)액티브","105035","45","0.04","105009.65","105035","105035","105035","2","210070","174673205000","174631048433","1663000","KAP 26-09 특수채 지수(총수익)","116.48","0.02","0.02"
"442260","마이티 다이나믹퀀트액티브","29445","3055","11.58","29184.04","28940","29855","23755","8792","259185721","35334000000","35020848488","1200000","코스피 200","831.22","74.43","9.83"
"0001P0","마이티 바이오시밀러&CDMO액티브","13605","1620","13.52","13511.15","12000","13910","11990","26605","357391295","15781800000","15672936196","1160000","FnGuide 바이오시밀러&CDMO 지수","2867.80","246.12","9.39"
"159800","마이티 코스피100","66245","6205","10.33","66087.45","60040","67590","60040","2689","179974745","18548600000","18504487243","280000","코스피 100","6405.53","579.23","9.94"
"0007N0","아이엠에셋 200","84790","7390","9.55","84754.26","97230","97230","83650","1336","114771109","72071500000","72041122479","850000","코스피 200","831.22","74.43","9.83"
"462340","에셋플러스 글로벌다이나믹시니어액티브","15965","-15","-0.09","16051.04","16120","16155","15965","13","208655","8301800000","8346541975","520000","S&P 500","6830.71","-38.79","-0.56"
"433220","에셋플러스 글로벌대장장이액티브","28940","740","2.62","28831.26","29565","29565","28895","2987","86591175","20258000000","20181884300","700000","S&P 500","6830.71","-38.79","-0.56"
"451150","에셋플러스 글로벌영에이지액티브","18475","115","0.63","18544.93","18645","18645","18475","28","519805","11454500000","11497856429","620000","S&P 500","6830.71","-38.79","-0.56"
"477490","에셋플러스 글로벌일등기업포커스10액티브","18145","515","2.92","18192.36","18245","18280","18145","12229","222813660","18145000000","18192363632","1000000","MSCI World","4458.16","-29.29","-0.65"
"407830","에셋플러스 글로벌플랫폼액티브","15025","425","2.91","15161.72","15040","15100","14990","226408","3402693977","51085000000","51549841878","3400000","S&P 500","6830.71","-38.79","-0.56"
"0002C0","에셋플러스 인도일등기업포커스20액티브","9170","75","0.82","9139.38","9095","9170","9050","13354","121309745","9903600000","9870526674","1080000","MSCI India IMI Index(PR)","2283.41","43.20","1.93"
"474920","에셋플러스 차이나일등기업포커스10액티브","16030","65","0.41","16056.41","15965","16225","15890","24041","384291852","15068200000","15093023896","940000","MSCI China Index(USD, Price Return)","77.42","-0.30","-0.38"
"442090","에셋플러스 코리아대장장이액티브","25405","2955","13.16","24776.01","23730","25405","23730","2664","65743982","22864500000","22298412226","900000","FnGuide 대장장이 지수(Price Return)","2492.99","262.12","11.75"
"407820","에셋플러스 코리아플랫폼액티브","8610","625","7.83","8564.81","8005","8670","8005","1870","15934705","17220000000","17129623490","2000000","FnGuide 플랫폼 지수(Price Return)","1320.42","99.42","8.14"
"152870","파워 200","84595","7885","10.28","84720.41","83795","87250","83580","51877","4461442020","126892500000","127080616434","1500000","코스피 200","831.22","74.43","9.83"
"491510","파워 K-주주가치액티브","17155","1070","6.65","17242.89","16480","17460","16480","622","10779695","18870500000","18967180656","1100000","FnGuide K-주주가치 지수","3584.95","211.05","6.26"
"192720","파워 고배당저변동성","55950","3305","6.28","55827.59","55880","56455","54870","24367","1361091420","28534500000","28472073410","510000","코스피 200 고배당지수","5466.39","301.96","5.85"
"498180","파워 종합채권(AA-이상)액티브","96425","380","0.40","96508.74","96485","96485","96420","12","1157110","113106525000","113204756425","1173000","KIS 한국종합채권지수(AA-이상, 총수익)","109.00","0.34","0.31"
"140950","파워 코스피100","65040","5945","10.06","65242.14","64490","74605","64030","14151","937355810","36422400000","36535597067","560000","코스피 100","6405.53","579.23","9.94"