종목코드,종목명,시장구분,업종명,종가,대비,등락률,시가총액
"060310","3S","KOSDAQ","의료·정밀기기","1107","-146","-11.65","58736357280"
"054620","APS","KOSDAQ","금융","6530","-1920","-22.72","120114263130"
"265520","AP시스템","KOSDAQ","기계·장비","19300","-2800","-12.67","290480845300"
"211270","AP위성","KOSDAQ","전기·전자","13700","-2530","-15.59","206627564800"
"139050","BF랩스","KOSDAQ","IT 서비스","2805","0","0.00","24247965555"
"126600","BGF에코머티리얼즈","KOSDAQ","화학","3375","-475","-12.34","211838284125"
"083790","CG인바이츠","KOSDAQ","일반서비스","1274","-156","-10.91","97963187868"
"035760","CJ ENM","KOSDAQ","오락·문화","60900","-7000","-10.31","1335485478600"
"311690","CJ 바이오사이언스","KOSDAQ","일반서비스","7420","-880","-10.60","96945728040"
"051500","CJ프레시웨이","KOSDAQ","유통","29600","-2150","-6.77","351398945600"
"058820","CMG제약","KOSDAQ","제약","1675","-206","-10.95","247635656525"
"056730","CNT85","KOSDAQ","건설","458","-30","-6.15","33942923188"
"065770","CS","KOSDAQ","전기·전자","615","-98","-13.74","11937844950"
"083660","CSA 코스믹","KOSDAQ","화학","260","-25","-8.77","16335659340"
"477760","DB금융스팩12호","KOSDAQ","금융","2230","0","0.00","13023200000"
"099520","DGI","KOSDAQ","전기·전자","1284","0","0.00","58141862016"
"290120","DH오토리드","KOSDAQ","운송장비·부품","2690","-230","-7.88","42567229810"
"025440","DH오토웨어","KOSDAQ","전기·전자","825","-126","-13.25","40244509800"
"068790","DMS","KOSDAQ","기계·장비","6330","0","0.00","142869517920"
"241520","DSC인베스트먼트","KOSDAQ","금융","13320","-3710","-21.79","359640000000"
"180400","DXVX","KOSDAQ","일반서비스","3745","-470","-11.15","368618222840"
"418620","E8","KOSDAQ","IT 서비스","1143","-130","-10.21","22689095211"
"245620","EDGC","KOSDAQ","일반서비스","415","0","0.00","57474989665"
"037370","EG","KOSDAQ","화학","4710","-850","-15.29","40623618120"
"050120","ES큐브","KOSDAQ","유통","2385","-120","-4.79","32350345110"
"214270","FSN","KOSDAQ","IT 서비스","2045","10","0.49","89348011155"
"130500","GH신소재","KOSDAQ","섬유·의류","2340","-260","-10.00","34035421680"
"900290","GRT","KOSDAQ","금융","5460","-140","-2.50","441441000000"
"083450","GST","KOSDAQ","기계·장비","26500","-3150","-10.62","488395000000"
"297890","HB솔루션","KOSDAQ","기계·장비","1802","-258","-12.52","131799927028"
"440290","HB인베스트먼트","KOSDAQ","금융","1975","-190","-8.78","54325199250"
"078150","HB테크놀러지","KOSDAQ","기계·장비","1715","-290","-14.46","159007795940"
"225530","HC보광산업","KOSDAQ","비금속","2665","-180","-6.33","96842707455"
"060560","HC홈센타","KOSDAQ","유통","644","-36","-5.29","81749365152"
"376270","HEM파마","KOSDAQ","일반서비스","64900","-7200","-9.99","466094082300"
"195940","HK이노엔","KOSDAQ","제약","45550","-6850","-13.07","1290426535050"
"028300","HLB","KOSDAQ","제약","45700","-8400","-15.53","6083469932800"
"278650","HLB바이오스텝","KOSDAQ","일반서비스","1099","-114","-9.40","95619087361"
"067630","HLB생명과학","KOSDAQ","제약","3340","-490","-12.79","407202973720"
"024850","HLB이노베이션","KOSDAQ","전기·전자","2515","-335","-11.75","371890894645"
"187420","HLB제넥스","KOSDAQ","제약","2350","-220","-8.56","68769772550"
"047920","HLB제약","KOSDAQ","일반서비스","13880","-1810","-11.54","455255061280"
"115450","HLB테라퓨틱스","KOSDAQ","유통","2545","-275","-9.75","214752859335"
"046210","HLB파나진","KOSDAQ","제약","1713","-217","-11.24","77891230302"
"196300","HLB펩","KOSDAQ","제약","6750","-590","-8.04","62730436500"
"403870","HPSP","KOSDAQ","기계·장비","37950","-5250","-12.15","3187766604000"
"036640","HRS","KOSDAQ","화학","4770","-310","-6.10","78012396000"
"467930","IBKS제23호스팩","KOSDAQ","금융","2190","-25","-1.13","9263700000"
"469480","IBKS제24호스팩","KOSDAQ","금융","2195","0","0.00","9284850000"
"0099X0","IBKS제25호스팩","KOSDAQ","금융","2130","-20","-0.93","12737400000"
"095340","ISC","KOSDAQ","유통","163900","-16600","-9.20","3474197806200"
"950170","JTC","KOSDAQ","유통","4460","-380","-7.85","230788712080"
"067290","JW신약","KOSDAQ","제약","1900","-310","-14.03","106470495700"
"035900","JYP Ent.","KOSDAQ","오락·문화","58100","-7000","-10.75","2064437785200"
"318000","KBG","KOSDAQ","화학","3805","-320","-7.76","33256548515"
"024840","KBI메탈","KOSDAQ","금속","1934","-321","-14.24","67514390866"
"024120","KB오토시스","KOSDAQ","운송장비·부품","3330","-270","-7.50","38295000000"
"464680","KB제27호스팩","KOSDAQ","금융","2085","0","0.00","26906925000"
"478390","KB제29호스팩","KOSDAQ","금융","2070","-15","-0.72","12875400000"
"486630","KB제30호스팩","KOSDAQ","금융","2050","-5","-0.24","10885500000"
"492220","KB제31호스팩","KOSDAQ","금융","2067","2","0.10","12836070000"
"0037T0","KB제32호스팩","KOSDAQ","금융","2030","-10","-0.49","12849900000"
"0072Z0","KB제33호스팩","KOSDAQ","금융","2005","-5","-0.25","15809425000"
"021320","KCC건설","KOSDAQ","건설","5950","-910","-13.27","127330000000"
"044180","KD","KOSDAQ","건설","238","-42","-15.00","6358836162"
"046440","KG모빌리언스","KOSDAQ","IT 서비스","4700","-460","-8.91","178650769400"
"151860","KG에코솔루션","KOSDAQ","운송장비·부품","5540","-820","-12.89","263720631080"
"035600","KG이니시스","KOSDAQ","IT 서비스","9990","-1010","-9.18","275268795660"
"060720","KH바텍","KOSDAQ","전기·전자","13600","-2840","-17.27","322013211200"
"058400","KNN","KOSDAQ","오락·문화","689","-43","-5.87","91244077080"
"101000","KS인더스트리","KOSDAQ","기계·장비","985","-104","-9.55","39047318780"
"089600","KT나스미디어","KOSDAQ","일반서비스","11450","-970","-7.81","132455466350"
"418470","KT밀리의서재","KOSDAQ","IT 서비스","12010","-1140","-8.67","102875125890"
"043610","KT지니뮤직","KOSDAQ","오락·문화","1654","-106","-6.02","96122934452"
"122450","KX","KOSDAQ","오락·문화","3000","-400","-11.76","134459502000"
"052900","KX하이텍","KOSDAQ","화학","1050","-127","-10.79","68643178800"
"036560","KZ정밀","KOSDAQ","기계·장비","12510","-1390","-10.00","197032500000"
"061970","LB세미콘","KOSDAQ","전기·전자","4005","-740","-15.60","232622439030"
"309960","LB인베스트먼트","KOSDAQ","금융","5640","-960","-14.55","130945227960"
"225190","LK삼양","KOSDAQ","의료·정밀기기","1830","-325","-15.08","128957245200"
"060370","LS마린솔루션","KOSDAQ","건설","25100","-6050","-19.42","1311195235400"
"417200","LS머트리얼즈","KOSDAQ","전기·전자","13150","-2830","-17.71","889632465850"
"078020","LS증권","KOSDAQ","금융","6700","-800","-10.67","371723973000"
"322180","LS티라유텍","KOSDAQ","IT 서비스","6890","-1110","-13.88","144152469760"
"476080","M83","KOSDAQ","오락·문화","5760","-1220","-17.48","46500480000"
"086960","MDS테크","KOSDAQ","IT 서비스","1100","-180","-14.06","111824394000"
"160550","NEW","KOSDAQ","오락·문화","1700","-177","-9.43","47440380200"
"053290","NE능률","KOSDAQ","오락·문화","1820","-122","-6.28","30077878740"
"060250","NHN KCP","KOSDAQ","금융","16610","-3440","-17.16","667067748710"
"104200","NHN벅스","KOSDAQ","IT 서비스","4695","-385","-7.58","69615347250"
"063570","NICE인프라","KOSDAQ","일반서비스","3810","-305","-7.41","130102843680"
"222160","NPX","KOSDAQ","기계·장비","8040","0","0.00","79551289560"
"024940","PN풍년","KOSDAQ","유통","4180","-520","-11.06","41800000000"
"332570","PS일렉트로닉스","KOSDAQ","전기·전자","4425","-835","-15.87","209147695800"
"218410","RFHIC","KOSDAQ","전기·전자","57000","-6800","-10.66","1510696194000"
"327260","RF머트리얼즈","KOSDAQ","전기·전자","42300","-9200","-17.86","357060010500"
"474610","RF시스템즈","KOSDAQ","금속","5560","-1380","-19.88","76461637080"
"091340","S&K폴리텍","KOSDAQ","전기·전자","2065","-195","-8.63","24168183865"
"419530","SAMG엔터","KOSDAQ","오락·문화","28950","-3500","-10.79","285629819250"
"019550","SBI인베스트먼트","KOSDAQ","금융","676","-74","-9.87","109557004700"
"246960","SCL사이언스","KOSDAQ","제약","1774","-211","-10.63","60346241378"
"099220","SDN","KOSDAQ","유통","1000","-134","-11.82","64944350000"
"036540","SFA반도체","KOSDAQ","전기·전자","6030","-1020","-14.47","991695627090"
"255220","SG","KOSDAQ","비금속","2465","-265","-9.71","262900086235"
"040610","SG&G","KOSDAQ","운송장비·부품","1820","-200","-9.90","62038696720"
"184230","SGA솔루션즈","KOSDAQ","IT 서비스","540","-53","-8.94","47939576220"
"016250","SGC E&C","KOSDAQ","건설","16880","-2120","-11.16","85024323680"
"357880","SKAI","KOSDAQ","IT 서비스","2275","110","5.08","106695265950"
"048550","SM C&C","KOSDAQ","일반서비스","1031","-126","-10.89","99712773220"
"063440","SM Life Design","KOSDAQ","출판·매체복제","1392","-128","-8.42","64072582368"
"067160","SOOP","KOSDAQ","IT 서비스","60900","-7400","-10.83","700031310300"
"289080","SV인베스트먼트","KOSDAQ","금융","3065","-585","-16.03","166479526930"
"013720","THE CUBE&","KOSDAQ","운송장비·부품","652","-85","-11.53","39659949236"
"089230","THE E&M","KOSDAQ","IT 서비스","1377","56","4.24","42718606281"
"032540","TJ미디어","KOSDAQ","전기·전자","6310","-220","-3.37","87908452790"
"048770","TPC","KOSDAQ","기계·장비","2755","-435","-13.64","43247965205"
"246690","TS인베스트먼트","KOSDAQ","금융","1628","-292","-15.21","72725389220"
"317240","TS트릴리온","KOSDAQ","화학","320","-26","-7.51","45180391040"
"057030","YBM넷","KOSDAQ","일반서비스","2640","-175","-6.22","43065520080"
"040300","YTN","KOSDAQ","오락·문화","3055","-345","-10.15","145653173900"
"051390","YW","KOSDAQ","유통","3935","-190","-4.61","44683373080"
"052220","iMBC","KOSDAQ","오락·문화","2900","-280","-8.81","66700000000"
"079940","가비아","KOSDAQ","IT 서비스","26800","-3250","-10.82","359674331200"
"078890","가온그룹","KOSDAQ","전기·전자","6630","-970","-12.76","122157372090"
"399720","가온칩스","KOSDAQ","전기·전자","52800","-10900","-17.11","612502176000"
"036620","감성코퍼레이션","KOSDAQ","유통","5160","-470","-8.35","466999458360"
"198440","강동씨앤엘","KOSDAQ","비금속","1033","-58","-5.32","62942648568"
"217730","강스템바이오텍","KOSDAQ","제약","1819","-281","-13.38","171084497031"
"114190","강원에너지","KOSDAQ","전기·전자","11370","-2780","-19.65","297018942060"
"094480","갤럭시아머니트리","KOSDAQ","IT 서비스","7720","-1770","-18.65","302854349360"
"039240","경남스틸","KOSDAQ","금속","2370","-200","-7.78","63941661480"
"053950","경남제약","KOSDAQ","제약","623","-76","-10.87","48685804034"
"011040","경동제약","KOSDAQ","제약","5290","-380","-6.70","162766772140"
"024910","경창산업","KOSDAQ","운송장비·부품","1733","-267","-13.35","62074335665"
"049720","고려신용정보","KOSDAQ","일반서비스","10120","-270","-2.60","144716000000"
"014570","고려제약","KOSDAQ","제약","3765","-290","-7.15","41415000000"
"348150","고바이오랩","KOSDAQ","일반서비스","4190","-550","-11.60","81365144910"
"950190","고스트스튜디오","KOSDAQ","IT 서비스","7560","-510","-6.32","98408966040"
"098460","고영","KOSDAQ","기계·장비","25550","-5150","-16.78","1754128990250"
"035290","골드앤에스","KOSDAQ","오락·문화","574","-28","-4.65","13683149760"
"215000","골프존","KOSDAQ","IT 서비스","48550","-4450","-8.40","304671398250"
"121440","골프존홀딩스","KOSDAQ","유통","4715","-475","-9.15","201975596870"
"366030","공구우먼","KOSDAQ","섬유·의류","4680","-470","-9.13","106020018000"
"029480","광무","KOSDAQ","전기·전자","2120","-265","-11.11","131185311680"
"026910","광진실업","KOSDAQ","금속","1946","-249","-11.34","12464918130"
"465320","교보15호스팩","KOSDAQ","금융","2335","0","0.00","8896350000"
"482520","교보16호스팩","KOSDAQ","금융","2095","0","0.00","12779500000"
"489210","교보17호스팩","KOSDAQ","금융","2140","-15","-0.70","11085200000"
"0041B0","교보18호스팩","KOSDAQ","금융","2085","0","0.00","10508400000"
"0098T0","교보19호스팩","KOSDAQ","금융","2055","-5","-0.24","11097000000"
"053270","구영테크","KOSDAQ","운송장비·부품","2110","-260","-10.97","57835954550"
"066620","국보디자인","KOSDAQ","건설","21250","-2050","-8.80","159375000000"
"043650","국순당","KOSDAQ","음식료·담배","3910","-225","-5.44","69825968640"
"006050","국영지앤엠","KOSDAQ","비금속","1199","-113","-8.61","41839396357"
"060480","국일신동","KOSDAQ","금속","1494","-72","-4.60","16568460000"
"078130","국일제지","KOSDAQ","종이·목재","274","-21","-7.12","308909208654"
"307750","국전약품","KOSDAQ","제약","4010","-705","-14.95","201207283800"
"035080","그래디언트","KOSDAQ","유통","9380","-1060","-10.15","128286489240"
"318060","그래피","KOSDAQ","화학","44200","-4800","-9.80","491847743400"
"453450","그리드위즈","KOSDAQ","일반서비스","16000","-2600","-13.98","127084000000"
"204020","그리티","KOSDAQ","섬유·의류","1932","-138","-6.67","37579007424"
"0015G0","그린광학","KOSDAQ","의료·정밀기기","33900","-11650","-25.58","396716139900"
"402490","그린리소스","KOSDAQ","전기·전자","10810","1080","11.10","179072925280"
"114450","그린생명과학","KOSDAQ","제약","2340","-320","-12.03","46800000000"
"186230","그린플러스","KOSDAQ","금속","4460","-225","-4.80","48704038480"
"900070","글로벌에스엠","KOSDAQ","금융","479","-81","-14.46","25743360672"
"204620","글로벌텍스프리","KOSDAQ","금융","4095","-530","-11.46","287810236350"
"019660","글로본","KOSDAQ","유통","2260","-40","-1.74","31514192580"
"053260","금강철강","KOSDAQ","금속","3840","-275","-6.68","71884800000"
"282720","금양그린파워","KOSDAQ","건설","10750","-1840","-14.61","130284625000"
"036190","금화피에스시","KOSDAQ","건설","31650","-3000","-8.66","189900000000"
"049080","기가레인","KOSDAQ","전기·전자","402","-57","-12.42","34123105494"
"420770","기가비스","KOSDAQ","기계·장비","64700","-8300","-11.37","820121542600"
"035460","기산텔레콤","KOSDAQ","전기·전자","1975","-225","-10.23","28790246500"
"407400","꿈비","KOSDAQ","기타제조","3950","-650","-14.13","57806409300"
"187790","나노","KOSDAQ","화학","4060","-220","-5.14","125213769800"
"121600","나노신소재","KOSDAQ","화학","53400","-11800","-18.10","652077599400"
"286750","나노실리칸첨단소재","KOSDAQ","화학","1274","-226","-15.07","40804763818"
"247660","나노씨엠에스","KOSDAQ","전기·전자","3505","-320","-8.37","15225439600"
"039860","나노엔텍","KOSDAQ","의료·정밀기기","5360","-900","-14.38","204178764080"
"091970","나노캠텍","KOSDAQ","화학","480","-75","-13.51","18083473440"
"417010","나노팀","KOSDAQ","기계·장비","8730","-1650","-15.90","176107915440"
"405920","나라셀라","KOSDAQ","유통","2235","-80","-3.46","28782499860"
"478340","나라스페이스테크놀로지","KOSDAQ","운송장비·부품","34100","-9200","-21.25","393295453100"
"051490","나라엠앤디","KOSDAQ","기계·장비","3400","-370","-9.81","48280000000"
"137080","나래나노텍","KOSDAQ","기계·장비","3830","-450","-10.51","42357586260"
"190510","나무가","KOSDAQ","전기·전자","17500","-3000","-14.63","246493047500"
"242040","나무기술","KOSDAQ","IT 서비스","3310","-1025","-23.64","114546733840"
"293580","나우IB","KOSDAQ","금융","1735","-265","-13.25","164703463250"
"459510","나우로보틱스","KOSDAQ","기계·장비","20300","-5250","-20.55","262994254600"
"138610","나이벡","KOSDAQ","제약","26350","-4050","-13.32","299491570400"
"130580","나이스디앤비","KOSDAQ","일반서비스","5470","-230","-4.04","84238000000"
"036800","나이스정보통신","KOSDAQ","통신","24650","-1900","-7.16","246500000000"
"267320","나인테크","KOSDAQ","기계·장비","2740","-610","-18.21","157317908300"
"111710","남화산업","KOSDAQ","오락·문화","3985","-140","-3.39","82043180000"
"091590","남화토건","KOSDAQ","건설","3490","-155","-4.25","40972600000"
"168330","내츄럴엔도텍","KOSDAQ","일반서비스","2385","-225","-8.62","75735436500"
"094860","네오리진","KOSDAQ","IT 서비스","1134","-106","-8.55","28474755876"
"253590","네오셈","KOSDAQ","기계·장비","13550","-2420","-15.15","594427172200"
"212560","네오오토","KOSDAQ","운송장비·부품","7730","-1530","-16.52","91308622930"
"095660","네오위즈","KOSDAQ","IT 서비스","23000","-3650","-13.70","502706768000"
"042420","네오위즈홀딩스","KOSDAQ","IT 서비스","22400","-3250","-12.67","187404739200"
"950220","네오이뮨텍","KOSDAQ","일반서비스","492","-49","-9.06","82478095260"
"311390","네오크레마","KOSDAQ","음식료·담배","4400","-520","-10.57","55676671600"
"085910","네오티스","KOSDAQ","운송장비·부품","17360","-3190","-15.52","241908440480"
"092730","네오팜","KOSDAQ","화학","16950","-990","-5.52","271674413550"
"290660","네오펙트","KOSDAQ","의료·정밀기기","680","-139","-16.97","52556152800"
"153460","네이블","KOSDAQ","IT 서비스","6810","-360","-5.02","44469395340"
"007390","네이처셀","KOSDAQ","제약","18150","-2200","-10.81","1169496266400"
"033640","네패스","KOSDAQ","전기·전자","14670","-2740","-15.74","338278493340"
"330860","네패스아크","KOSDAQ","일반서비스","15600","-3010","-16.17","190071102000"
"351320","넥사다이내믹스","KOSDAQ","기계·장비","863","-236","-21.47","25629928046"
"089140","넥스턴앤롤코리아","KOSDAQ","기계·장비","2140","-290","-11.93","32776740760"
"389650","넥스트바이오메디컬","KOSDAQ","의료·정밀기기","60900","-12600","-17.14","499616657400"
"137940","넥스트아이","KOSDAQ","의료·정밀기기","179","-33","-15.57","15281049568"
"396270","넥스트칩","KOSDAQ","전기·전자","2640","-485","-15.52","86822817840"
"348210","넥스틴","KOSDAQ","기계·장비","71100","-10900","-13.29","744915055500"
"225570","넥슨게임즈","KOSDAQ","IT 서비스","10440","-1200","-10.31","687580216560"
"205500","넥써쓰","KOSDAQ","IT 서비스","1544","-81","-4.98","94832158848"
"217270","넵튠","KOSDAQ","IT 서비스","4050","-400","-8.99","189279354150"
"104620","노랑풍선","KOSDAQ","일반서비스","4335","-545","-11.17","72873742920"
"473980","노머스","KOSDAQ","오락·문화","15860","-2090","-11.64","175369126920"
"194700","노바렉스","KOSDAQ","음식료·담배","11940","-920","-7.15","223932885120"
"285490","노바텍","KOSDAQ","기타제조","20400","-4000","-16.39","215746952400"
"145170","노브랜드","KOSDAQ","섬유·의류","3300","-420","-11.29","55797736500"
"106520","노블엠앤비","KOSDAQ","의료·정밀기기","411","0","0.00","15904036272"
"376930","노을","KOSDAQ","의료·정밀기기","1489","-192","-11.42","76372779947"
"486990","노타","KOSDAQ","IT 서비스","29200","-6250","-17.63","622661676000"
"142280","녹십자엠에스","KOSDAQ","제약","3255","-430","-11.67","70769969130"
"234690","녹십자웰빙","KOSDAQ","제약","8680","-1180","-11.97","154089755680"
"054050","농우바이오","KOSDAQ","농업, 임업 및 어업","7620","-470","-5.81","122152874820"
"069140","누리플랜","KOSDAQ","금속","2010","-150","-6.94","30342566040"
"040160","누리플렉스","KOSDAQ","IT 서비스","8000","-950","-10.61","96444280000"
"332290","누보","KOSDAQ","화학","1177","-124","-9.53","46967483508"
"348340","뉴로메카","KOSDAQ","기계·장비","63900","-13100","-17.01","789941448900"
"380550","뉴로핏","KOSDAQ","IT 서비스","20450","-4900","-19.33","247278025750"
"060260","뉴보텍","KOSDAQ","화학","913","-122","-11.79","12336464217"
"463020","뉴엔AI","KOSDAQ","IT 서비스","11100","-2180","-16.42","98559120000"
"123840","뉴온","KOSDAQ","음식료·담배","644","-20","-3.01","40993373708"
"012340","뉴인텍","KOSDAQ","운송장비·부품","528","-76","-12.58","28263595536"
"462310","뉴키즈온","KOSDAQ","섬유·의류","3630","-620","-14.59","29711989230"
"270870","뉴트리","KOSDAQ","음식료·담배","4000","-420","-9.50","36800896000"
"144960","뉴파워프라즈마","KOSDAQ","기계·장비","4975","-735","-12.87","217370804400"
"085670","뉴프렉스","KOSDAQ","전기·전자","4590","-820","-15.16","112228992990"
"064260","다날","KOSDAQ","IT 서비스","6440","-1340","-17.22","485431750440"
"340360","다보링크","KOSDAQ","전기·전자","1503","-44","-2.84","76672402227"
"039560","다산네트웍스","KOSDAQ","전기·전자","3250","-485","-12.99","128745438250"
"208860","다산디엠씨","KOSDAQ","IT 서비스","1349","-172","-11.31","45798513577"
"154040","다산솔루에타","KOSDAQ","전기·전자","1020","-106","-9.41","18309095880"
"032190","다우데이타","KOSDAQ","유통","21200","-3800","-15.20","811960000000"
"323350","다원넥스뷰","KOSDAQ","기계·장비","11500","-3430","-22.97","92123878000"
"068240","다원시스","KOSDAQ","전기·전자","2540","-315","-11.03","96935129980"
"464580","닷밀","KOSDAQ","오락·문화","1920","-300","-13.51","35339690880"
"020400","대동금속","KOSDAQ","금속","6040","-490","-7.50","19262562640"
"008830","대동기어","KOSDAQ","기계·장비","18300","-3700","-16.82","164471616000"
"048470","대동스틸","KOSDAQ","유통","2805","-410","-12.75","28050000000"
"004780","대륙제관","KOSDAQ","금속","3780","-190","-4.79","60114092220"
"017650","대림제지","KOSDAQ","종이·목재","9150","-850","-8.50","80382750000"
"389260","대명에너지","KOSDAQ","건설","14000","-4770","-25.41","250828550000"
"317850","대모","KOSDAQ","기계·장비","7200","-1110","-13.36","59935824000"
"290670","대보마그네틱","KOSDAQ","전기·전자","10110","-1890","-15.75","79440942600"
"078140","대봉엘에스","KOSDAQ","제약","9930","-840","-7.80","110089729470"
"065150","대산F&B","KOSDAQ","유통","145","0","0.00","23110448725"
"036480","대성미생물","KOSDAQ","제약","6170","-720","-10.45","23446000000"
"027830","대성창투","KOSDAQ","금융","1373","-164","-10.67","74142000000"
"104040","대성파인텍","KOSDAQ","운송장비·부품","600","-91","-13.17","80440695600"
"129920","대성하이텍","KOSDAQ","기계·장비","6000","-1330","-18.14","82290318000"
"457630","대신밸런스제16호스팩","KOSDAQ","금융","2100","0","0.00","15351000000"
"471050","대신밸런스제17호스팩","KOSDAQ","금융","2155","-5","-0.23","13059300000"
"482690","대신밸런스제19호스팩","KOSDAQ","금융","2180","0","0.00","12240700000"
"020180","대신정보통신","KOSDAQ","IT 서비스","927","-80","-7.94","35623604205"
"045390","대아티아이","KOSDAQ","전기·전자","3980","-540","-11.95","280484040460"
"108380","대양전기공업","KOSDAQ","운송장비·부품","25450","-5250","-17.10","243488624850"
"007680","대원","KOSDAQ","건설","3980","-115","-2.81","53516966520"
"048910","대원미디어","KOSDAQ","유통","6980","-770","-9.94","87801043080"
"005710","대원산업","KOSDAQ","운송장비·부품","13300","-1920","-12.61","266500080000"
"120240","대정화금","KOSDAQ","화학","12600","-830","-6.18","90598926600"
"003310","대주산업","KOSDAQ","음식료·담배","3465","-505","-12.72","122634492750"
"078600","대주전자재료","KOSDAQ","전기·전자","77700","-15100","-16.27","1202842076100"
"393970","대진첨단소재","KOSDAQ","화학","2455","-445","-15.34","43799213100"
"096350","대창솔루션","KOSDAQ","금속","1849","-301","-14.00","68144454938"
"140520","대창스틸","KOSDAQ","금속","1953","-162","-7.66","41226351579"
"131220","대한과학","KOSDAQ","유통","4300","-280","-6.11","32054307000"
"010170","대한광통신","KOSDAQ","전기·전자","3800","-770","-16.85","501545508000"
"054670","대한뉴팜","KOSDAQ","제약","6380","-690","-9.76","91584389600"
"023910","대한약품","KOSDAQ","제약","28200","-1850","-6.16","169200000000"
"021040","대호특수강","KOSDAQ","금속","1047","-142","-11.94","22724898378"
"021045","대호특수강우","KOSDAQ","금속","2650","-170","-6.03","2248503800"
"067080","대화제약","KOSDAQ","제약","12650","-2670","-17.43","235500622500"
"298540","더네이쳐홀딩스","KOSDAQ","섬유·의류","7300","-350","-4.58","105750617800"
"032860","더라미","KOSDAQ","일반서비스","1212","-162","-11.79","48959785956"
"393890","더블유씨피","KOSDAQ","전기·전자","7840","-1410","-15.24","265330248960"
"299170","더블유에스아이","KOSDAQ","유통","2395","-495","-17.13","99419534760"
"462860","더즌","KOSDAQ","통신","3395","-560","-14.16","243909398845"
"224060","더코디","KOSDAQ","기계·장비","3310","-165","-4.75","17081989820"
"043090","더테크놀로지","KOSDAQ","유통","380","0","0.00","4718944500"
"403850","더핑크퐁컴퍼니","KOSDAQ","오락·문화","16900","-1820","-9.72","242532069000"
"213420","덕산네오룩스","KOSDAQ","전기·전자","34000","-6450","-15.95","844260086000"
"317330","덕산테코피아","KOSDAQ","화학","14330","-3200","-18.25","293429448720"
"077360","덕산하이메탈","KOSDAQ","전기·전자","9650","-1580","-14.07","438467069300"
"090410","덕신이피씨","KOSDAQ","금속","1122","-151","-11.86","51706354590"
"0001A0","덕양에너젠","KOSDAQ","전기·가스·수도","17170","-2540","-12.89","425664818150"
"263600","덕우전자","KOSDAQ","전기·전자","4765","-695","-12.73","75907927150"
"194480","데브시스터즈","KOSDAQ","IT 서비스","34500","-3900","-10.16","418455675000"
"373160","데이원컴퍼니","KOSDAQ","일반서비스","3985","-470","-10.55","55013797715"
"263800","데이타솔루션","KOSDAQ","유통","4115","-485","-10.54","66767438700"
"206560","덱스터","KOSDAQ","오락·문화","2825","-445","-13.61","71788154200"
"261200","덴티스","KOSDAQ","의료·정밀기기","3545","-360","-9.22","56045386500"
"484120","도우인시스","KOSDAQ","전기·전자","18070","-2980","-14.16","198000615540"
"067990","도이치모터스","KOSDAQ","유통","4050","-265","-6.14","118185277500"
"006620","동구바이오제약","KOSDAQ","제약","4765","-555","-10.43","135635686880"
"100130","동국S&C","KOSDAQ","금속","1770","-216","-10.88","101143110000"
"005160","동국산업","KOSDAQ","금속","2500","-340","-11.97","135611205000"
"303810","동국생명과학","KOSDAQ","제약","3270","-370","-10.16","104588137800"
"075970","동국알앤에스","KOSDAQ","비금속","2015","-210","-9.44","37076000000"
"086450","동국제약","KOSDAQ","제약","17620","-2060","-10.47","796960000400"
"240550","동방메디컬","KOSDAQ","의료·정밀기기","6620","-870","-11.62","138582682800"
"099410","동방선기","KOSDAQ","운송장비·부품","4450","-790","-15.08","62300000000"
"033500","동성화인텍","KOSDAQ","화학","25050","-4400","-14.94","751236824700"
"025950","동신건설","KOSDAQ","건설","14500","-2020","-12.23","121800000000"
"088130","동아엘텍","KOSDAQ","기계·장비","8230","-1590","-16.19","143904134220"
"041930","동아화성","KOSDAQ","화학","5770","-740","-11.37","91166000000"
"060380","동양에스텍","KOSDAQ","금속","1287","-118","-8.40","25353900000"
"079960","동양이엔피","KOSDAQ","전기·전자","27000","-3050","-10.15","212220000000"
"228340","동양파일","KOSDAQ","비금속","2050","-330","-13.87","41000000000"
"088910","동우팜투테이블","KOSDAQ","음식료·담배","2235","-220","-8.96","57733992540"
"094170","동운아나텍","KOSDAQ","전기·전자","24850","-2950","-10.61","519611909600"
"013120","동원개발","KOSDAQ","건설","2850","-190","-6.25","258803085000"
"109860","동일금속","KOSDAQ","금속","7000","-500","-6.67","63700000000"
"032960","동일기연","KOSDAQ","전기·전자","15280","-220","-1.42","53764131600"
"023790","동일스틸럭스","KOSDAQ","금속","900","-102","-10.18","23525655300"
"005290","동진쎄미켐","KOSDAQ","화학","45150","-7750","-14.65","2321364404100"
"025900","동화기업","KOSDAQ","종이·목재","7960","-1830","-18.69","402435988600"
"131970","두산테스나","KOSDAQ","일반서비스","54300","-8900","-14.08","1049469023400"
"073190","듀오백","KOSDAQ","기타제조","1100","-65","-5.58","13164844000"
"176750","듀켐바이오","KOSDAQ","제약","8630","-1100","-11.31","245568548600"
"030350","드래곤플라이","KOSDAQ","IT 서비스","973","0","0.00","15171092867"
"203650","드림시큐리티","KOSDAQ","IT 서비스","1422","-163","-10.28","135989904168"
"223250","드림씨아이에스","KOSDAQ","일반서비스","4795","-925","-16.17","117849064550"
"060570","드림어스컴퍼니","KOSDAQ","오락·문화","1098","-127","-10.37","81363527154"
"362990","드림인사이트","KOSDAQ","일반서비스","1469","-121","-7.61","24680043206"
"016670","디모아","KOSDAQ","유통","3550","-455","-11.36","26959530700"
"187870","디바이스","KOSDAQ","기계·장비","16420","-1950","-10.62","115541119780"
"489730","디비금융제13호스팩","KOSDAQ","금융","2110","-5","-0.24","13360520000"
"0004Y0","디비금융제14호스팩","KOSDAQ","금융","2080","-5","-0.24","11055200000"
"110990","디아이티","KOSDAQ","기계·장비","19000","-2750","-12.64","359100000000"
"263690","디알젬","KOSDAQ","의료·정밀기기","4905","-405","-7.63","55552117050"
"214680","디알텍","KOSDAQ","의료·정밀기기","1742","-207","-10.62","145417031552"
"347850","디앤디파마텍","KOSDAQ","일반서비스","70000","-15100","-17.74","3047480100000"
"263720","디앤씨미디어","KOSDAQ","오락·문화","10680","-1130","-9.57","132566471880"
"376300","디어유","KOSDAQ","IT 서비스","31800","-4400","-12.15","754881310800"
"109740","디에스케이","KOSDAQ","기계·장비","6170","-400","-6.09","158633106300"
"031860","디에이치엑스컴퍼니","KOSDAQ","유통","265","-5","-1.85","5031137095"
"196490","디에이테크놀로지","KOSDAQ","기계·장비","203","0","0.00","36245520080"
"066900","디에이피","KOSDAQ","전기·전자","1724","-169","-8.93","39211523172"
"092070","디엔에프","KOSDAQ","화학","18210","-2290","-11.17","210723534180"
"039840","디오","KOSDAQ","의료·정밀기기","16000","-1160","-6.76","230001392000"
"219550","디와이디","KOSDAQ","유통","1280","-54","-4.05","48275760640"
"310870","디와이씨","KOSDAQ","운송장비·부품","1290","-29","-2.20","26686579590"
"104460","디와이피엔에프","KOSDAQ","기계·장비","13000","-1520","-10.47","136735313000"
"079810","디이엔티","KOSDAQ","전기·전자","3850","-780","-16.85","82883161900"
"113810","디젠스","KOSDAQ","운송장비·부품","714","-163","-18.59","23296428414"
"043360","디지아이","KOSDAQ","전기·전자","2485","-200","-7.45","22365000000"
"197140","디지캡","KOSDAQ","IT 서비스","2075","-95","-4.38","27002294550"
"068930","디지털대성","KOSDAQ","일반서비스","8390","-430","-4.88","232196119380"
"033130","디지틀조선","KOSDAQ","IT 서비스","2350","-215","-8.38","87220877450"
"105740","디케이락","KOSDAQ","기계·장비","8280","-1390","-14.37","84195287640"
"263020","디케이앤디","KOSDAQ","화학","2690","-255","-8.66","37219232740"
"290550","디케이티","KOSDAQ","전기·전자","10230","-1920","-15.80","204612582900"
"066670","디티씨","KOSDAQ","전기·전자","2560","-305","-10.65","47851310080"
"187220","디티앤씨","KOSDAQ","일반서비스","2285","-295","-11.43","26334471905"
"383930","디티앤씨알오","KOSDAQ","일반서비스","2680","-160","-5.63","34261463040"
"131180","딜리","KOSDAQ","전기·전자","887","-30","-3.27","26033450000"
"315640","딥노이드","KOSDAQ","IT 서비스","2960","-530","-15.19","86941806720"
"317120","라닉스","KOSDAQ","전기·전자","1641","-328","-16.66","25041660000"
"462510","라메디텍","KOSDAQ","의료·정밀기기","4100","-805","-16.41","36092156500"
"232680","라온로보틱스","KOSDAQ","기계·장비","12700","-2580","-16.88","165287134500"
"042510","라온시큐어","KOSDAQ","IT 서비스","7750","-1150","-12.92","86840098500"
"418420","라온텍","KOSDAQ","전기·전자","5140","-1110","-17.76","156663643120"
"300120","라온피플","KOSDAQ","IT 서비스","1406","-179","-11.29","29329176872"
"171120","라이온켐텍","KOSDAQ","화학","1998","-117","-5.53","71731716480"
"388790","라이콤","KOSDAQ","전기·전자","2860","-485","-14.50","87542875420"
"214260","라파스","KOSDAQ","화학","9460","-1040","-9.90","84406499980"
"171010","램테크놀러지","KOSDAQ","화학","2995","-430","-12.55","42824762240"
"084650","랩지노믹스","KOSDAQ","일반서비스","1310","-143","-9.84","97254386900"
"217500","러셀","KOSDAQ","기계·장비","2575","-425","-14.17","81915900000"
"038390","레드캡투어","KOSDAQ","일반서비스","10850","-700","-6.06","181420918700"
"294140","레몬","KOSDAQ","화학","3215","-615","-16.06","72063639870"
"443250","레뷰코퍼레이션","KOSDAQ","일반서비스","10150","-710","-6.54","113048264000"
"228670","레이","KOSDAQ","의료·정밀기기","4740","-590","-11.07","73953717000"
"228850","레이언스","KOSDAQ","의료·정밀기기","5680","-250","-4.22","94236959520"
"412350","레이저쎌","KOSDAQ","기계·장비","3080","-895","-22.52","40123073760"
"199550","레이저옵텍","KOSDAQ","의료·정밀기기","4560","-550","-10.76","55932006960"
"281740","레이크머티리얼즈","KOSDAQ","화학","18000","-3450","-16.08","1183149864000"
"277810","레인보우로보틱스","KOSDAQ","기계·장비","704000","-136000","-16.19","13657500032000"
"215100","로보로보","KOSDAQ","전기·전자","6860","-1290","-15.83","139590394440"
"090360","로보스타","KOSDAQ","기계·장비","58900","-13000","-18.08","574275000000"
"108490","로보티즈","KOSDAQ","기계·장비","207500","-50500","-19.57","3040441060000"
"900260","로스웰","KOSDAQ","금융","1718","118","7.38","79079034908"
"033290","로젠","KOSDAQ","유통","1887","-133","-6.58","105966939987"
"067730","로지시스","KOSDAQ","IT 서비스","2245","-235","-9.48","21717954890"
"071280","로체시스템즈","KOSDAQ","기계·장비","7830","-1510","-16.17","119772401490"
"376900","로킷헬스케어","KOSDAQ","제약","64700","-8400","-11.49","1013298338300"
"214610","롤링스톤","KOSDAQ","의료·정밀기기","2525","-115","-4.36","21167888050"
"328130","루닛","KOSDAQ","IT 서비스","33200","-5500","-14.21","972245466400"
"038060","루멘스","KOSDAQ","전기·전자","646","-25","-3.73","31074582574"
"474170","루미르","KOSDAQ","운송장비·부품","13000","-2130","-14.08","231630048000"
"141080","리가켐바이오","KOSDAQ","일반서비스","161900","-30400","-15.81","5927213722200"
"058470","리노공업","KOSDAQ","전기·전자","100900","-10600","-9.51","7689775665000"
"016100","리더스코스메틱","KOSDAQ","종이·목재","1426","-51","-3.45","27237874844"
"012700","리드코프","KOSDAQ","유통","3510","-340","-8.83","92825933850"
"302550","리메드","KOSDAQ","의료·정밀기기","2915","-295","-9.19","91809464120"
"491000","리브스메드","KOSDAQ","의료·정밀기기","67200","-14900","-18.15","1676867875200"
"073570","리튬포어스","KOSDAQ","기타제조","529","-117","-18.11","31838733089"
"377450","리파인","KOSDAQ","IT 서비스","11140","-1010","-8.31","193056200000"
"277070","린드먼아시아","KOSDAQ","금융","4050","-875","-17.77","55452600000"
"042500","링네트","KOSDAQ","IT 서비스","3480","-240","-6.45","77573181120"
"193250","링크드","KOSDAQ","전기·전자","347","0","0.00","22413567311"
"474650","링크솔루션","KOSDAQ","기계·장비","65400","-14100","-17.74","367811692800"
"219420","링크제니시스","KOSDAQ","IT 서비스","4395","-605","-12.10","50408483265"
"439090","마녀공장","KOSDAQ","화학","11110","-1500","-11.90","182073568600"
"195500","마니커에프앤지","KOSDAQ","음식료·담배","2655","-145","-5.18","42421590000"
"377480","마음AI","KOSDAQ","IT 서비스","13140","-2360","-15.23","93429013500"
"305090","마이크로디지탈","KOSDAQ","의료·정밀기기","6660","-720","-9.76","123843066300"
"098120","마이크로컨텍솔","KOSDAQ","전기·전자","25150","-3850","-13.28","209066064900"
"424980","마이크로투나노","KOSDAQ","전기·전자","10680","-1750","-14.08","63213745200"
"038290","마크로젠","KOSDAQ","일반서비스","15320","-2070","-11.90","166090248000"
"267980","매일유업","KOSDAQ","음식료·담배","36350","-2250","-5.83","278573241300"
"005990","매일홀딩스","KOSDAQ","음식료·담배","10220","-1370","-11.82","135908666880"
"093520","매커스","KOSDAQ","유통","24250","-7600","-23.86","343454981000"
"100590","머큐리","KOSDAQ","전기·전자","3145","-360","-10.27","49785422335"
"067280","멀티캠퍼스","KOSDAQ","일반서비스","26900","-1550","-5.45","159430355100"
"072870","메가스터디","KOSDAQ","오락·문화","10810","-560","-4.93","128865566790"
"215200","메가스터디교육","KOSDAQ","일반서비스","43700","-3350","-7.12","452959939200"
"133750","메가엠디","KOSDAQ","일반서비스","1758","-108","-5.79","41149641366"
"446540","메가터치","KOSDAQ","전기·전자","3285","-520","-13.67","85290915465"
"235980","메드팩토","KOSDAQ","일반서비스","4700","-670","-12.48","161093068700"
"041920","메디아나","KOSDAQ","의료·정밀기기","17410","-2590","-12.95","323795062430"
"014100","메디앙스","KOSDAQ","유통","1525","-146","-8.74","17995000000"
"054180","메디콕스","KOSDAQ","운송장비·부품","2295","0","0.00","12686716395"
"086900","메디톡스","KOSDAQ","제약","113000","-13100","-10.39","824730161000"
"078160","메디포스트","KOSDAQ","제약","18500","-4650","-20.09","725285155500"
"0088D0","메리츠제1호스팩","KOSDAQ","금융","2140","-10","-0.47","12401300000"
"408920","메쎄이상","KOSDAQ","일반서비스","3205","-225","-6.56","138560018275"
"021880","메이슨캐피탈","KOSDAQ","금융","235","-14","-5.62","49863335880"
"140410","메지온","KOSDAQ","일반서비스","115700","-16900","-12.75","3513972599800"
"241770","메카로","KOSDAQ","전기·전자","26850","-2900","-9.75","273672384000"
"059210","메타바이오메드","KOSDAQ","제약","4385","-495","-10.14","123193509885"
"058110","멕아이씨에스","KOSDAQ","의료·정밀기기","1486","-119","-7.41","23851087580"
"072770","멤레이비티","KOSDAQ","IT 서비스","718","-64","-8.18","59611372728"
"434480","모니터랩","KOSDAQ","IT 서비스","3135","-370","-10.56","38592790500"
"080420","모다이노칩","KOSDAQ","유통","1810","-160","-8.12","144296135820"
"417970","모델솔루션","KOSDAQ","기계·장비","16250","-4350","-21.12","103946375000"
"080160","모두투어","KOSDAQ","일반서비스","11100","-980","-8.11","209790000000"
"087260","모바일어플라이언스","KOSDAQ","IT 서비스","1720","-220","-11.34","55990920920"
"101330","모베이스","KOSDAQ","전기·전자","4530","-1050","-18.82","104856041370"
"012860","모베이스전자","KOSDAQ","운송장비·부품","3600","-735","-16.96","263640445200"
"363260","모비데이즈","KOSDAQ","일반서비스","1387","-139","-9.11","44611147603"
"348030","모비릭스","KOSDAQ","IT 서비스","2600","-245","-8.61","24969880000"
"250060","모비스","KOSDAQ","IT 서비스","4050","-635","-13.55","130293821700"
"288980","모아데이타","KOSDAQ","IT 서비스","605","-65","-9.70","20906720010"
"142760","모아라이프플러스","KOSDAQ","일반서비스","652","-38","-5.51","26607001820"
"033200","모아텍","KOSDAQ","전기·전자","3375","-520","-13.35","48367749375"
"333050","모코엠시스","KOSDAQ","IT 서비스","1020","-117","-10.29","25105592520"
"118990","모트렉스","KOSDAQ","운송장비·부품","7620","-1200","-13.61","189448363800"
"463480","모티브링크","KOSDAQ","전기·전자","6360","-1530","-19.39","78802676880"
"006920","모헨즈","KOSDAQ","비금속","4640","-1370","-22.80","50668800000"
"001810","무림SP","KOSDAQ","종이·목재","1321","-119","-8.26","29243637500"
"279600","미디어젠","KOSDAQ","IT 서비스","4930","-590","-10.69","23095970330"
"095500","미래나노텍","KOSDAQ","화학","8770","-1570","-15.18","271957691230"
"254490","미래반도체","KOSDAQ","유통","16210","-2910","-15.22","234039980000"
"218150","미래생명자원","KOSDAQ","음식료·담배","3390","130","3.99","69209568780"
"100790","미래에셋벤처투자","KOSDAQ","금융","17700","-4350","-19.73","940306021800"
"0097F0","미래에셋비전스팩10호","KOSDAQ","금융","1999","-11","-0.55","12993500000"
"0099W0","미래에셋비전스팩11호","KOSDAQ","금융","2005","-5","-0.25","14035000000"
"477380","미래에셋비전스팩4호","KOSDAQ","금융","2095","-5","-0.24","16969500000"
"477470","미래에셋비전스팩5호","KOSDAQ","금융","2125","-15","-0.70","11645000000"
"478440","미래에셋비전스팩6호","KOSDAQ","금융","2055","-5","-0.24","14241150000"
"482680","미래에셋비전스팩7호","KOSDAQ","금융","2040","-5","-0.24","16758600000"
"0093G0","미래에셋비전스팩8호","KOSDAQ","금융","2005","0","0.00","12832000000"
"0096D0","미래에셋비전스팩9호","KOSDAQ","금융","2005","-15","-0.74","11027500000"
"049950","미래컴퍼니","KOSDAQ","기계·장비","13680","-2570","-15.82","120628653120"
"207760","미스터블루","KOSDAQ","IT 서비스","965","-111","-10.32","80171990595"
"059090","미코","KOSDAQ","전기·전자","12510","-2250","-15.24","418043892780"
"201490","미투온","KOSDAQ","IT 서비스","2855","-515","-15.28","93055327550"
"475460","미트박스","KOSDAQ","IT 서비스","6730","-610","-8.31","37775658250"
"452200","민테크","KOSDAQ","의료·정밀기기","1935","-345","-15.13","45912325500"
"206640","바디텍메드","KOSDAQ","제약","11500","-1410","-10.92","270095440000"
"018700","바른손","KOSDAQ","유통","679","-34","-4.77","23846315003"
"035620","바른손이앤에이","KOSDAQ","오락·문화","262","-23","-8.07","19503194850"
"053030","바이넥스","KOSDAQ","제약","12820","-2220","-14.76","419011290160"
"301300","바이브컴퍼니","KOSDAQ","IT 서비스","2100","-395","-15.83","27624895200"
"064550","바이오니아","KOSDAQ","제약","10530","-1870","-15.08","271782364230"
"314930","바이오다인","KOSDAQ","의료·정밀기기","11020","-1750","-13.70","328000415060"
"489460","바이오비쥬","KOSDAQ","화학","8650","-1310","-13.15","130134319500"
"086820","바이오솔루션","KOSDAQ","제약","9430","-200","-2.08","229075936360"
"038460","바이오스마트","KOSDAQ","전기·전자","4360","-375","-7.92","114076949680"
"251120","바이오에프디엔씨","KOSDAQ","제약","12910","-1250","-8.83","112261487000"
"199730","바이오인프라","KOSDAQ","일반서비스","3260","-240","-6.86","15857836420"
"086040","바이오톡스텍","KOSDAQ","일반서비스","2850","-440","-13.37","45481003950"
"188040","바이오포트","KOSDAQ","음식료·담배","5580","-1080","-16.22","26110538640"
"099430","바이오플러스","KOSDAQ","제약","4550","-610","-11.82","280465285100"
"032980","바이온","KOSDAQ","유통","604","0","0.00","18354952980"
"308080","바이젠셀","KOSDAQ","일반서비스","5080","-910","-15.19","104136240800"
"043150","바텍","KOSDAQ","의료·정밀기기","22500","-2200","-8.91","334220760000"
"323990","박셀바이오","KOSDAQ","일반서비스","7690","-1170","-13.21","178848983050"
"267790","배럴","KOSDAQ","섬유·의류","3380","-195","-5.45","25989864420"
"046310","백금T&A","KOSDAQ","전기·전자","3150","-120","-3.67","51718719150"
"331520","밸로프","KOSDAQ","IT 서비스","502","-70","-12.24","25533923780"
"199480","뱅크웨어글로벌","KOSDAQ","IT 서비스","4205","-655","-13.48","42876652540"
"438700","버넥트","KOSDAQ","IT 서비스","2915","-385","-11.67","32487354350"
"066410","버킷스튜디오","KOSDAQ","통신","1153","0","0.00","159637252154"
"382900","범한퓨얼셀","KOSDAQ","전기·전자","24400","-6200","-20.26","213768400000"
"206400","베노티앤알","KOSDAQ","건설","1209","-1","-0.08","45349781022"
"019010","베뉴지","KOSDAQ","유통","4945","-955","-16.19","238349000000"
"177350","베셀","KOSDAQ","기계·장비","956","-110","-10.32","18789001252"
"457600","벡트","KOSDAQ","전기·전자","1747","-243","-12.21","23947002500"
"424760","벨로크","KOSDAQ","IT 서비스","887","-83","-8.56","17543367179"
"250000","보라티알","KOSDAQ","유통","7780","-290","-3.59","52520702740"
"310210","보로노이","KOSDAQ","일반서비스","275500","-52500","-16.01","5067415035500"
"006910","보성파워텍","KOSDAQ","금속","8250","-1770","-17.66","405321048000"
"226340","본느","KOSDAQ","화학","423","-30","-6.62","17745873660"
"014470","부방","KOSDAQ","부동산","1262","-139","-9.92","75785952120"
"008470","부스타","KOSDAQ","금속","3595","-10","-0.28","30215256000"
"338220","뷰노","KOSDAQ","IT 서비스","15220","-2680","-14.97","213107746060"
"100120","뷰웍스","KOSDAQ","의료·정밀기기","22500","-2400","-9.64","210600000000"
"406820","뷰티스킨","KOSDAQ","화학","2065","-295","-12.50","29191164205"
"099390","브레인즈컴퍼니","KOSDAQ","IT 서비스","3915","-505","-11.43","32135427945"
"064480","브리지텍","KOSDAQ","IT 서비스","5190","-510","-8.95","62033475000"
"365900","브이씨","KOSDAQ","기타제조","2935","-150","-4.86","21455730500"
"089970","브이엠","KOSDAQ","기계·장비","32750","-5700","-14.82","799483011250"
"251630","브이원텍","KOSDAQ","기계·장비","5620","-960","-14.59","89599019320"
"018290","브이티","KOSDAQ","화학","14310","-2030","-12.42","500017701780"
"478560","블랙야크아이앤씨","KOSDAQ","섬유·의류","3050","-340","-10.03","78782408900"
"439580","블루엠텍","KOSDAQ","유통","3295","-460","-12.25","111524372365"
"033560","블루콤","KOSDAQ","전기·전자","2830","-210","-6.91","48393000000"
"369370","블리츠웨이엔터테인먼트","KOSDAQ","오락·문화","1088","-434","-28.52","54260639168"
"126340","비나텍","KOSDAQ","전기·전자","105200","-21700","-17.10","708386081600"
"121800","비덴트","KOSDAQ","전기·전자","3320","0","0.00","256309348520"
"082800","비보존 제약","KOSDAQ","제약","3690","-385","-9.45","184886217540"
"318410","비비씨","KOSDAQ","화학","6620","-690","-9.44","36775708660"
"419540","비스토스","KOSDAQ","의료·정밀기기","818","-107","-11.57","18807873998"
"146320","비씨엔씨","KOSDAQ","전기·전자","13160","-1730","-11.62","168420666680"
"200780","비씨월드제약","KOSDAQ","제약","4975","-575","-10.36","48437794000"
"413640","비아이매트릭스","KOSDAQ","IT 서비스","7700","-1040","-11.90","55493438000"
"141000","비아트론","KOSDAQ","기계·장비","8290","-1350","-14.00","100430945900"
"083650","비에이치아이","KOSDAQ","기계·장비","74500","-16600","-18.22","2305355937500"
"473370","비엔케이제2호스팩","KOSDAQ","금융","2550","-70","-2.67","10735500000"
"0068Y0","비엔케이제3호스팩","KOSDAQ","금융","2025","-5","-0.25","8727750000"
"065170","비엘팜텍","KOSDAQ","유통","3080","-95","-2.99","84079099720"
"086670","비엠티","KOSDAQ","기계·장비","11280","-1700","-13.10","111963982800"
"230980","비유테크놀러지","KOSDAQ","IT 서비스","229","0","0.00","21370407553"
"488900","비츠로넥스텍","KOSDAQ","운송장비·부품","14790","-3490","-19.09","428561591970"
"082920","비츠로셀","KOSDAQ","전기·전자","19200","-1750","-8.35","870517958400"
"054220","비츠로시스","KOSDAQ","전기·전자","600","-91","-13.17","35971848600"
"042370","비츠로테크","KOSDAQ","금융","8640","-1380","-13.77","226368216000"
"050090","비케이홀딩스","KOSDAQ","일반서비스","607","-52","-7.89","12009334145"
"148780","비큐AI","KOSDAQ","IT 서비스","1060","-176","-14.24","33332468500"
"307870","비투엔","KOSDAQ","IT 서비스","734","-111","-13.14","43720351074"
"377030","비트맥스","KOSDAQ","IT 서비스","977","-93","-8.69","40972550608"
"032850","비트컴퓨터","KOSDAQ","IT 서비스","5030","-370","-6.85","83615163790"
"049470","비트플래닛","KOSDAQ","IT 서비스","570","-53","-8.51","67102963860"
"238200","비피도","KOSDAQ","음식료·담배","2815","-55","-1.92","23026700000"
"093190","빅솔론","KOSDAQ","전기·전자","7410","-20","-0.27","142560286050"
"065450","빅텍","KOSDAQ","의료·정밀기기","5220","-500","-8.74","149567616000"
"044480","빌리언스","KOSDAQ","화학","186","-35","-15.84","15003453408"
"069540","빛과전자","KOSDAQ","전기·전자","891","-116","-11.52","86529417777"
"072950","빛샘전자","KOSDAQ","전기·전자","5880","-800","-11.98","47349346800"
"451250","삐아","KOSDAQ","화학","7640","-740","-8.83","78125700280"
"143240","사람인","KOSDAQ","IT 서비스","12850","-1110","-7.95","150464029550"
"466410","사이냅소프트","KOSDAQ","IT 서비스","10010","-1300","-11.49","50420600230"
"223310","사토시홀딩스","KOSDAQ","유통","1250","-196","-13.55","32529017500"
"452430","사피엔반도체","KOSDAQ","전기·전자","27250","-4450","-14.04","223941753500"
"419120","산돌","KOSDAQ","IT 서비스","3500","-430","-10.94","51514267000"
"122350","삼기","KOSDAQ","운송장비·부품","1378","-275","-16.64","52831731784"
"419050","삼기에너지솔루션즈","KOSDAQ","운송장비·부품","1441","-191","-11.70","82419781840"
"014970","삼륭물산","KOSDAQ","종이·목재","5560","-590","-9.59","84095000000"
"018310","삼목에스폼","KOSDAQ","금속","17890","-1490","-7.69","262983000000"
"012210","삼미금속","KOSDAQ","금속","12340","-3140","-20.28","273849428080"
"053700","삼보모터스","KOSDAQ","운송장비·부품","6050","-1160","-16.09","152617003550"
"009620","삼보산업","KOSDAQ","금속","1439","-203","-12.36","23579584949"
"023600","삼보판지","KOSDAQ","종이·목재","9470","-720","-7.07","151598601000"
"0044K0","삼성스팩10호","KOSDAQ","금융","2055","-20","-0.96","15453600000"
"0071M0","삼성스팩11호","KOSDAQ","금융","2015","-25","-1.23","11606400000"
"0096B0","삼성스팩12호","KOSDAQ","금융","2005","-25","-1.23","13192900000"
"0115H0","삼성스팩13호","KOSDAQ","금융","2010","-20","-0.99","14773500000"
"009300","삼아제약","KOSDAQ","제약","15070","-740","-4.68","95995900000"
"482630","삼양엔씨켐","KOSDAQ","화학","16140","-1740","-9.73","176638419600"
"484590","삼양컴텍","KOSDAQ","금속","12660","-2800","-18.11","521724297000"
"036670","삼양케이씨아이","KOSDAQ","화학","5750","-520","-8.29","64802500000"
"361670","삼영에스앤씨","KOSDAQ","전기·전자","2745","-165","-5.67","15557721210"
"054540","삼영엠텍","KOSDAQ","금속","10300","-2300","-18.25","133900000000"
"065570","삼영이엔씨","KOSDAQ","전기·전자","764","0","0.00","12295692232"
"014950","삼익제약","KOSDAQ","제약","10910","-1850","-14.50","100332865830"
"032280","삼일","KOSDAQ","운송·창고","1328","-49","-3.56","21531647520"
"002290","삼일기업공사","KOSDAQ","건설","3490","-250","-6.68","43276000000"
"037460","삼지전자","KOSDAQ","전기·전자","19410","-2890","-12.96","316742512020"
"032750","삼진","KOSDAQ","전기·전자","3100","-340","-9.88","27996478200"
"0013V0","삼진식품","KOSDAQ","음식료·담배","8160","-1850","-18.48","80936232960"
"054090","삼진엘앤디","KOSDAQ","기타제조","628","-74","-10.54","15674397696"
"000250","삼천당제약","KOSDAQ","제약","645000","-109000","-14.46","15130069440000"
"024950","삼천리자전거","KOSDAQ","유통","4120","0","0.00","54687137240"
"038500","삼표시멘트","KOSDAQ","비금속","13160","-3840","-22.59","1420178586960"
"437730","삼현","KOSDAQ","운송장비·부품","42800","-10700","-20.00","1357083867600"
"017480","삼현철강","KOSDAQ","금속","4355","-165","-3.65","68386085950"
"046390","삼화네트웍스","KOSDAQ","오락·문화","718","-81","-10.14","30998165894"
"027580","상보","KOSDAQ","화학","515","-40","-7.21","30478358685"
"038540","상상인","KOSDAQ","IT 서비스","1900","-150","-7.32","105123794700"
"452670","상상인제4호스팩","KOSDAQ","금융","2095","0","0.00","10935900000"
"091580","상신이디피","KOSDAQ","전기·전자","12990","-2200","-14.48","173133564810"
"263810","상신전자","KOSDAQ","전기·전자","2875","-155","-5.12","45783871875"
"089980","상아프론테크","KOSDAQ","화학","19090","-3810","-16.64","305230716330"
"042940","상지건설","KOSDAQ","건설","7890","-1000","-11.25","53878537680"
"042600","새로닉스","KOSDAQ","전기·전자","10160","-2370","-18.91","126223511840"
"107600","새빗켐","KOSDAQ","화학","23000","-5450","-19.16","129491242000"
"411080","샌즈랩","KOSDAQ","IT 서비스","5310","-790","-12.95","81071157780"
"252990","샘씨엔에스","KOSDAQ","전기·전자","9060","-1530","-14.45","545574074340"
"378800","샤페론","KOSDAQ","제약","1606","-191","-10.63","74266307786"
"294630","서남","KOSDAQ","전기·전자","3420","-720","-17.39","90172810980"
"038070","서린바이오","KOSDAQ","유통","6070","-340","-5.30","55241103320"
"006730","서부T&D","KOSDAQ","일반서비스","13540","-1780","-11.62","879110537420"
"079650","서산","KOSDAQ","비금속","1426","-108","-7.04","28520000000"
"100660","서암기계공업","KOSDAQ","기계·장비","3905","-540","-12.15","49203000000"
"019770","서연탑메탈","KOSDAQ","기계·장비","3705","-265","-6.68","43163250000"
"043710","서울리거","KOSDAQ","유통","799","-66","-7.63","69163445490"
"092190","서울바이오시스","KOSDAQ","전기·전자","3310","-550","-14.25","151824347730"
"046890","서울반도체","KOSDAQ","전기·전자","8400","-1600","-16.00","489765360000"
"063170","서울옥션","KOSDAQ","유통","7430","-840","-10.16","132062803810"
"027040","서울전자통신","KOSDAQ","전기·전자","244","0","0.00","16979678668"
"018680","서울제약","KOSDAQ","제약","2400","-245","-9.26","27982365600"
"036120","서울평가정보","KOSDAQ","IT 서비스","2020","-70","-3.35","71710000000"
"093920","서원인텍","KOSDAQ","전기·전자","4870","-260","-5.07","90582000000"
"189860","서전기전","KOSDAQ","전기·전자","3755","-545","-12.67","36418918900"
"178320","서진시스템","KOSDAQ","전기·전자","37400","-5400","-12.62","2179035489400"
"122690","서진오토모티브","KOSDAQ","운송장비·부품","2295","-335","-12.74","52966685970"
"140070","서플러스글로벌","KOSDAQ","유통","1809","-187","-9.37","66911292000"
"011370","서한","KOSDAQ","건설","1003","-107","-9.64","101197549595"
"065710","서호전기","KOSDAQ","전기·전자","44700","-4800","-9.70","230205000000"
"035890","서희건설","KOSDAQ","건설","1623","0","0.00","372979125711"
"357550","석경에이티","KOSDAQ","화학","49500","-7500","-13.16","270022500000"
"003100","선광","KOSDAQ","운송·창고","19980","-1670","-7.71","131868000000"
"067370","선바이오","KOSDAQ","제약","4945","-375","-7.05","60297129475"
"217620","선샤인푸드","KOSDAQ","일반서비스","3810","0","0.00","26803681470"
"171090","선익시스템","KOSDAQ","기계·장비","108900","-12200","-10.07","1080193257000"
"086710","선진뷰티사이언스","KOSDAQ","화학","8300","-900","-9.78","101287224000"
"014620","성광벤드","KOSDAQ","금속","30000","-4450","-12.92","796720920000"
"037350","성도이엔지","KOSDAQ","일반서비스","9920","-2330","-19.02","150883200000"
"458650","성우","KOSDAQ","전기·전자","11000","-1060","-8.79","165502370000"
"081580","성우전자","KOSDAQ","전기·전자","2820","-180","-6.00","43732963260"
"045300","성우테크론","KOSDAQ","전기·전자","2675","-310","-10.39","27679201375"
"015750","성우하이텍","KOSDAQ","운송장비·부품","6840","-1270","-15.66","547200000000"
"365340","성일하이텍","KOSDAQ","화학","48350","-9050","-15.77","593385093350"
"080470","성창오토텍","KOSDAQ","운송장비·부품","3750","-460","-10.93","27375000000"
"043260","성호전자","KOSDAQ","전기·전자","25650","-2700","-9.52","1819170409950"
"148150","세경하이테크","KOSDAQ","전기·전자","3995","-515","-11.42","141993557910"
"061090","세나테크놀로지","KOSDAQ","전기·전자","33950","-5950","-14.91","189631934800"
"188260","세니젠","KOSDAQ","기타제조","1570","-43","-2.67","11348697900"
"053060","세동","KOSDAQ","운송장비·부품","1162","-111","-8.72","20517920878"
"340440","세림B&G","KOSDAQ","화학","1110","-171","-13.35","31499984040"
"017510","세명전기","KOSDAQ","금속","8200","-1700","-17.17","125017200000"
"490470","세미파이브","KOSDAQ","일반서비스","20500","-4300","-17.34","694105400000"
"011560","세보엠이씨","KOSDAQ","건설","16830","-1290","-7.12","177219900000"
"396300","세아메카닉스","KOSDAQ","금속","3335","-645","-16.21","88342482500"
"100700","세운메디칼","KOSDAQ","제약","2380","-160","-6.30","104244000000"
"024830","세원물산","KOSDAQ","운송장비·부품","11210","-1330","-10.61","93603500000"
"258830","세종메디칼","KOSDAQ","의료·정밀기기","412","0","0.00","28751976612"
"036630","세종텔레콤","KOSDAQ","건설","6940","-610","-8.08","69400000000"
"039310","세중","KOSDAQ","IT 서비스","1256","-36","-2.79","22760813752"
"067770","세진티에스","KOSDAQ","전기·전자","1953","-142","-6.78","16398546129"
"053450","세코닉스","KOSDAQ","의료·정밀기기","4820","-540","-10.07","71301310460"
"222810","세토피아","KOSDAQ","금속","5400","0","0.00","81712098000"
"252500","세화피앤씨","KOSDAQ","화학","737","-57","-7.18","30575469430"
"321370","센서뷰","KOSDAQ","전기·전자","1800","-210","-10.45","92968732800"
"347000","센코","KOSDAQ","의료·정밀기기","2065","-175","-7.81","78079396990"
"331920","셀레믹스","KOSDAQ","제약","4665","-215","-4.41","38085750420"
"352770","셀레스트라","KOSDAQ","일반서비스","5250","0","0.00","13610136750"
"471820","셀로맥스사이언스","KOSDAQ","음식료·담배","4800","-350","-6.80","55589774400"
"049180","셀루메드","KOSDAQ","제약","1033","-246","-19.23","85945614462"
"299660","셀리드","KOSDAQ","일반서비스","2315","-280","-10.79","68299391755"
"108860","셀바스AI","KOSDAQ","IT 서비스","9330","-1750","-15.79","251114990700"
"208370","셀바스헬스케어","KOSDAQ","의료·정밀기기","3950","-660","-14.32","101675227800"
"318160","셀바이오휴먼텍","KOSDAQ","섬유·의류","6350","-600","-8.63","59316626350"
"308430","셀비온","KOSDAQ","제약","23050","-3900","-14.47","295766305500"
"068760","셀트리온제약","KOSDAQ","제약","57700","-9800","-14.52","2520555375400"
"068940","셀피글로벌","KOSDAQ","전기·전자","778","0","0.00","35720093048"
"007720","소노스퀘어","KOSDAQ","유통","514","-64","-11.07","51811431300"
"290690","소룩스","KOSDAQ","전기·전자","2720","-290","-9.63","132611304320"
"950200","소마젠","KOSDAQ","일반서비스","3340","-370","-9.97","64248417020"
"032680","소프트센","KOSDAQ","IT 서비스","250","-11","-4.21","26397691000"
"032685","소프트센우","KOSDAQ","IT 서비스","6200","-380","-5.78","2214280400"
"258790","소프트캠프","KOSDAQ","IT 서비스","1070","-160","-13.01","26740673880"
"066910","손오공","KOSDAQ","유통","606","-78","-11.40","40561497384"
"215090","솔디펜스","KOSDAQ","의료·정밀기기","2700","-420","-13.46","62520284700"
"035610","솔본","KOSDAQ","일반서비스","3590","-345","-8.77","98172129230"
"357780","솔브레인","KOSDAQ","화학","366000","-74500","-16.91","2846955156000"
"036830","솔브레인홀딩스","KOSDAQ","일반서비스","43900","-8100","-15.58","920322058400"
"304100","솔트룩스","KOSDAQ","IT 서비스","19430","-4020","-17.14","244698602650"
"328380","솔트웨어","KOSDAQ","IT 서비스","681","-70","-9.32","23332951818"
"086980","쇼박스","KOSDAQ","오락·문화","2595","-275","-9.58","162545610000"
"050960","수산아이앤티","KOSDAQ","IT 서비스","8300","-710","-7.88","56033300000"
"084180","수성웹툰","KOSDAQ","기계·장비","1600","-161","-9.14","28918852800"
"253840","수젠텍","KOSDAQ","제약","4600","-510","-9.98","77018720000"
"298830","슈어소프트테크","KOSDAQ","IT 서비스","6300","-1300","-17.11","336788543700"
"236200","슈프리마","KOSDAQ","전기·전자","43200","-4250","-8.96","313514193600"
"094840","슈프리마에이치큐","KOSDAQ","전기·전자","6250","-650","-9.42","65449000000"
"192440","슈피겐코리아","KOSDAQ","기타제조","22850","-1250","-5.19","142043894550"
"424960","스마트레이더시스템","KOSDAQ","의료·정밀기기","5900","-1060","-15.23","97262149000"
"099440","스맥","KOSDAQ","기계·장비","4805","-745","-13.42","327909508170"
"276040","스코넥","KOSDAQ","IT 서비스","702","-162","-18.75","15184495170"
"060240","스타코링크","KOSDAQ","운송장비·부품","1976","0","0.00","11502414560"
"115570","스타플렉스","KOSDAQ","화학","2705","-85","-3.05","21598094140"
"078860","스테이지원엔터","KOSDAQ","오락·문화","358","-36","-9.14","21251688006"
"330730","스톤브릿지벤처스","KOSDAQ","금융","5240","-680","-11.49","95461429200"
"352090","스톰테크","KOSDAQ","화학","3390","-170","-4.78","91099463220"
"253450","스튜디오드래곤","KOSDAQ","오락·문화","37500","-4000","-9.64","1127193675000"
"408900","스튜디오미르","KOSDAQ","오락·문화","2095","-305","-12.71","68617386255"
"204630","스튜디오산타클로스","KOSDAQ","오락·문화","4650","0","0.00","23668225650"
"415380","스튜디오삼익","KOSDAQ","유통","1834","-201","-9.88","20986416150"
"013810","스페코","KOSDAQ","기계·장비","2710","-475","-14.91","39716323700"
"347700","스피어","KOSDAQ","IT 서비스","35300","-7650","-17.81","1665684297200"
"049830","승일","KOSDAQ","금속","7360","-510","-6.48","45132344320"
"020710","시공테크","KOSDAQ","일반서비스","3595","-335","-8.52","72072452150"
"033170","시그네틱스","KOSDAQ","전기·전자","694","-110","-13.68","59495453386"
"048870","시너지이노베이션","KOSDAQ","의료·정밀기기","1928","-207","-9.70","169870224664"
"025320","시노펙스","KOSDAQ","전기·전자","5400","-880","-14.01","497634316200"
"340810","시선AI","KOSDAQ","IT 서비스","2400","-325","-11.93","31094596800"
"269620","시스웍","KOSDAQ","의료·정밀기기","889","0","0.00","132090012299"
"056090","시지메드텍","KOSDAQ","의료·정밀기기","2925","-75","-2.50","302032680300"
"429270","시지트로닉스","KOSDAQ","전기·전자","3405","-365","-9.68","21959631555"
"418250","시큐레터","KOSDAQ","IT 서비스","6550","0","0.00","47629012750"
"131090","시큐브","KOSDAQ","IT 서비스","3785","-170","-4.30","28986366485"
"290520","신도기연","KOSDAQ","기계·장비","1601","-159","-9.03","25502908562"
"001000","신라섬유","KOSDAQ","부동산","1990","-210","-9.55","48312304600"
"025870","신라에스지","KOSDAQ","유통","4390","-345","-7.29","17560000000"
"215600","신라젠","KOSDAQ","일반서비스","3070","-385","-11.14","424058596520"
"065350","신성델타테크","KOSDAQ","전기·전자","55900","-10000","-15.17","1536352693200"
"416180","신성에스티","KOSDAQ","운송장비·부품","29800","-5750","-16.17","269385384400"
"162300","신스틸","KOSDAQ","금속","1487","-178","-10.69","61667945034"
"002800","신신제약","KOSDAQ","제약","5190","-490","-8.63","78734895000"
"472220","신영스팩10호","KOSDAQ","금융","2185","-15","-0.68","10247650000"
"0091W0","신영스팩11호","KOSDAQ","금융","2065","-25","-1.20","12530420000"
"017000","신원종합개발","KOSDAQ","건설","2735","-350","-11.35","31912053845"
"012790","신일제약","KOSDAQ","제약","5750","-450","-7.26","68921886250"
"138070","신진에스엠","KOSDAQ","금속","1716","-247","-12.58","30035498064"
"226330","신테카바이오","KOSDAQ","IT 서비스","2895","-505","-14.85","70228285125"
"452980","신한제11호스팩","KOSDAQ","금융","2100","0","0.00","39700500000"
"474660","신한제12호스팩","KOSDAQ","금융","2100","0","0.00","11592000000"
"474930","신한제13호스팩","KOSDAQ","금융","2195","0","0.00","7945900000"
"487360","신한제14호스팩","KOSDAQ","금융","2085","-15","-0.71","11759400000"
"487830","신한제15호스팩","KOSDAQ","금융","2060","-5","-0.24","8961000000"
"496070","신한제16호스팩","KOSDAQ","금융","2030","-15","-0.73","11408600000"
"056700","신화인터텍","KOSDAQ","화학","1701","-135","-7.35","49558789791"
"187270","신화콘텍","KOSDAQ","전기·전자","3185","-380","-10.66","32308146325"
"243840","신흥에스이씨","KOSDAQ","전기·전자","5020","-800","-13.75","193562339700"
"257720","실리콘투","KOSDAQ","유통","35950","-5300","-12.85","2199130092600"
"222800","심텍","KOSDAQ","전기·전자","43150","-8150","-15.89","1611316706700"
"036710","심텍홀딩스","KOSDAQ","일반서비스","2245","-315","-12.30","118598307730"
"444530","심플랫폼","KOSDAQ","IT 서비스","5320","-990","-15.69","34033226360"
"234030","싸이닉솔루션","KOSDAQ","전기·전자","6550","-1450","-18.13","154612750000"
"160980","싸이맥스","KOSDAQ","기계·장비","19420","-2080","-9.67","212148799060"
"356890","싸이버원","KOSDAQ","IT 서비스","2920","-400","-12.05","34905169000"
"217330","싸이토젠","KOSDAQ","일반서비스","4435","-480","-9.77","102579540945"
"208640","썸에이지","KOSDAQ","IT 서비스","181","-15","-7.65","25202485974"
"222420","쎄노텍","KOSDAQ","비금속","1185","-185","-13.50","57279276270"
"037760","쎄니트","KOSDAQ","금속","1839","-13","-0.70","62218741719"
"081180","쎄크","KOSDAQ","기계·장비","10850","-2250","-17.18","95757054750"
"099320","쎄트렉아이","KOSDAQ","운송장비·부품","151700","-27700","-15.44","1661308872600"
"049960","쎌바이오텍","KOSDAQ","제약","13350","-840","-5.92","125490000000"
"088280","쏘닉스","KOSDAQ","전기·전자","1884","-136","-6.73","32605427160"
"050890","쏠리드","KOSDAQ","전기·전자","7000","-900","-11.39","425295738000"
"394800","쓰리빌리언","KOSDAQ","일반서비스","12120","-2480","-16.99","384949089120"
"177900","쓰리에이로직스","KOSDAQ","전기·전자","5030","-870","-14.75","48211544000"
"475400","씨메스","KOSDAQ","기계·장비","27400","-6100","-18.21","322116098800"
"109670","씨싸이트","KOSDAQ","섬유·의류","5000","-650","-11.50","29183010000"
"066790","씨씨에스","KOSDAQ","오락·문화","1493","0","0.00","97271994227"
"222080","씨아이에스","KOSDAQ","기계·장비","11180","-2620","-18.99","865930130000"
"352480","씨앤씨인터내셔널","KOSDAQ","화학","24700","-4050","-14.09","336658554700"
"264660","씨앤지하이테크","KOSDAQ","기계·장비","15650","-2360","-13.10","152136341800"
"352700","씨앤투스","KOSDAQ","화학","1918","-127","-6.21","50399092282"
"458870","씨어스테크놀로지","KOSDAQ","의료·정밀기기","109000","-20000","-15.50","1382837220000"
"297090","씨에스베어링","KOSDAQ","기계·장비","5560","-950","-14.59","151621200000"
"900120","씨엑스아이","KOSDAQ","금융","406","-21","-4.92","12203460304"
"359090","씨엔알리서치","KOSDAQ","일반서비스","740","-86","-10.41","42528330580"
"115530","씨엔플러스","KOSDAQ","전기·전자","266","-9","-3.27","18078158000"
"388210","씨엠티엑스","KOSDAQ","전기·전자","119800","-20400","-14.55","1139889572400"
"115480","씨유메디칼","KOSDAQ","의료·정밀기기","469","-64","-12.01","28432917702"
"376290","씨유테크","KOSDAQ","전기·전자","2620","-205","-7.26","46262650000"
"189330","씨이랩","KOSDAQ","IT 서비스","3475","-665","-16.06","32603436900"
"096530","씨젠","KOSDAQ","제약","22000","-3250","-12.87","1148971868000"
"101240","씨큐브","KOSDAQ","화학","3600","-360","-9.09","39101004000"
"060590","씨티씨바이오","KOSDAQ","제약","3635","-400","-9.91","87898007700"
"260930","씨티케이","KOSDAQ","화학","3560","-410","-10.33","68856063960"
"413630","씨피시스템","KOSDAQ","화학","3435","-870","-20.21","125159810310"
"013990","아가방컴퍼니","KOSDAQ","유통","4490","-270","-5.67","147665036640"
"123860","아나패스","KOSDAQ","전기·전자","14320","-1530","-9.65","173607302800"
"025980","아난티","KOSDAQ","일반서비스","7120","-1090","-13.28","674260696320"
"0015N0","아로마티카","KOSDAQ","화학","10020","-2160","-17.73","127404801000"
"125210","아모그린텍","KOSDAQ","전기·전자","6110","-1000","-14.06","100795386900"
"357580","아모센스","KOSDAQ","전기·전자","14080","-2020","-12.55","164093895680"
"052710","아모텍","KOSDAQ","전기·전자","10070","-1480","-12.81","147174147630"
"074430","아미노로직스","KOSDAQ","제약","1299","-101","-7.21","114087070356"
"092040","아미코젠","KOSDAQ","음식료·담배","1175","-95","-7.48","83020079725"
"083930","아바코","KOSDAQ","기계·장비","12650","-1620","-11.35","185667199850"
"149950","아바텍","KOSDAQ","전기·전자","8630","-1320","-13.27","117952276890"
"036010","아비코전자","KOSDAQ","전기·전자","6920","-1160","-14.36","91987103280"
"050860","아세아텍","KOSDAQ","기계·장비","1956","-94","-4.59","44010000000"
"136410","아셈스","KOSDAQ","화학","7280","-720","-9.00","80219091680"
"246720","아스타","KOSDAQ","제약","6550","-490","-6.96","99437515000"
"450950","아스테라시스","KOSDAQ","의료·정밀기기","11400","-1180","-9.38","428954548800"
"067390","아스트","KOSDAQ","운송장비·부품","770","-77","-9.09","310431335830"
"159010","아스플로","KOSDAQ","기계·장비","4565","-815","-15.15","60873083535"
"127710","아시아경제","KOSDAQ","IT 서비스","1136","-56","-4.70","48910678800"
"154030","아시아종묘","KOSDAQ","농업, 임업 및 어업","1925","-155","-7.45","23219093975"
"227610","아우딘퓨쳐스","KOSDAQ","화학","605","-64","-9.57","23018583830"
"331740","아우토크립트","KOSDAQ","IT 서비스","15900","-2220","-12.25","154524006900"
"143160","아이디스","KOSDAQ","전기·전자","16700","-1670","-9.09","178963713000"
"054800","아이디스홀딩스","KOSDAQ","일반서비스","13600","-1480","-9.81","140729481600"
"332370","아이디피","KOSDAQ","전기·전자","4380","-545","-11.07","58138919880"
"066430","아이로보틱스","KOSDAQ","유통","2335","-385","-14.15","91423366460"
"339950","아이비김영","KOSDAQ","일반서비스","2390","0","0.00","107422505450"
"469750","아이비젼웍스","KOSDAQ","기계·장비","991","-156","-13.60","34146372671"
"460470","아이빔테크놀로지","KOSDAQ","의료·정밀기기","2880","-435","-13.12","43543785600"
"099190","아이센스","KOSDAQ","의료·정밀기기","19900","-2650","-11.75","549397727400"
"461300","아이스크림미디어","KOSDAQ","IT 서비스","14570","-530","-3.51","193816448810"
"289010","아이스크림에듀","KOSDAQ","오락·문화","1440","-96","-6.25","20081168640"
"214430","아이쓰리시스템","KOSDAQ","전기·전자","89400","-21600","-19.46","653265021000"
"040910","아이씨디","KOSDAQ","기계·장비","4485","-525","-10.48","83305623375"
"368600","아이씨에이치","KOSDAQ","전기·전자","629","-100","-13.72","16063619634"
"456010","아이씨티케이","KOSDAQ","전기·전자","12960","-2800","-17.77","180168027840"
"052860","아이앤씨","KOSDAQ","전기·전자","3000","-350","-10.45","53588562000"
"464500","아이언디바이스","KOSDAQ","전기·전자","2790","-500","-15.20","38957503770"
"212710","아이에스티이","KOSDAQ","전기·전자","7030","-1430","-16.90","67649535340"
"038880","아이에이","KOSDAQ","전기·전자","119","-14","-10.53","44710819825"
"307180","아이엘","KOSDAQ","전기·전자","5880","-2360","-28.64","197053717560"
"101390","아이엠","KOSDAQ","전기·전자","396","0","0.00","5510084184"
"461030","아이엠비디엑스","KOSDAQ","일반서비스","6070","-1390","-18.63","85087742500"
"451220","아이엠티","KOSDAQ","기계·장비","10520","-1780","-14.47","82840907720"
"090150","아이윈","KOSDAQ","운송장비·부품","716","-47","-6.16","29982709788"
"031310","아이즈비전","KOSDAQ","통신","1310","-110","-7.75","34525106330"
"462980","아이지넷","KOSDAQ","IT 서비스","2150","-175","-7.53","39204039550"
"185490","아이진","KOSDAQ","일반서비스","1193","-100","-7.73","51573132312"
"059100","아이컴포넌트","KOSDAQ","전기·전자","4895","-625","-11.32","34611859700"
"262840","아이퀘스트","KOSDAQ","IT 서비스","1638","-155","-8.64","34617336390"
"175250","아이큐어","KOSDAQ","제약","2170","0","0.00","81501658560"
"052460","아이크래프트","KOSDAQ","IT 서비스","2820","-310","-9.90","41194379520"
"119830","아이텍","KOSDAQ","일반서비스","7410","-990","-11.79","181154796810"
"052770","아이톡시","KOSDAQ","IT 서비스","604","139","29.89","8799539496"
"124500","아이티센글로벌","KOSDAQ","IT 서비스","47900","-10200","-17.56","1111496843300"
"010280","아이티센엔텍","KOSDAQ","IT 서비스","1009","-107","-9.59","65709900074"
"232830","아이티센피엔에스","KOSDAQ","IT 서비스","1931","-274","-12.43","31926624906"
"372800","아이티아이즈","KOSDAQ","IT 서비스","4015","-465","-10.38","28254313835"
"084850","아이티엠반도체","KOSDAQ","전기·전자","9000","-750","-7.69","204146406000"
"309710","아이티켐","KOSDAQ","제약","25950","-7500","-22.42","331718875950"
"114840","아이패밀리에스씨","KOSDAQ","화학","11040","-1450","-11.61","191211696000"
"027360","아주IB투자","KOSDAQ","금융","4295","-895","-17.24","520319518770"
"032080","아즈텍WB","KOSDAQ","섬유·의류","1186","-93","-7.27","25488360394"
"013310","아진산업","KOSDAQ","운송장비·부품","2860","-480","-14.37","110986824520"
"059120","아진엑스텍","KOSDAQ","전기·전자","6230","-1200","-16.15","114071711180"
"0007C0","아크릴","KOSDAQ","IT 서비스","29500","-8200","-21.75","236894558000"
"203690","아크솔루션스","KOSDAQ","종이·목재","4425","0","0.00","89196141000"
"158430","아톤","KOSDAQ","IT 서비스","5600","-1130","-16.79","137099715200"
"200350","아티스트스튜디오","KOSDAQ","오락·문화","3895","-405","-9.42","38934517375"
"321820","아티스트컴퍼니","KOSDAQ","IT 서비스","2940","-335","-10.23","45838645440"
"001540","안국약품","KOSDAQ","제약","7280","-590","-7.50","94948817600"
"053800","안랩","KOSDAQ","IT 서비스","58000","-3500","-5.69","645337348000"
"065660","안트로젠","KOSDAQ","유통","37200","-5800","-13.49","372226920000"
"297570","알로이스","KOSDAQ","전기·전자","1341","15","1.13","46427053338"
"260660","알리코제약","KOSDAQ","제약","3145","-445","-12.40","48203481045"
"354320","알멕","KOSDAQ","금속","44000","-7500","-14.56","281220764000"
"361570","알비더블유","KOSDAQ","오락·문화","1854","-126","-6.36","53290061514"
"131370","알서포트","KOSDAQ","IT 서비스","2000","-130","-6.10","106534166000"
"140670","알에스오토메이션","KOSDAQ","전기·전자","17260","-5040","-22.60","221615638400"
"096610","알에프세미","KOSDAQ","전기·전자","2965","0","0.00","51550708615"
"061040","알에프텍","KOSDAQ","전기·전자","1658","-302","-15.41","53203991422"
"148250","알엔투테크놀로지","KOSDAQ","전기·전자","2420","-90","-3.59","22860946240"
"123010","알엔티엑스","KOSDAQ","전기·전자","734","-193","-20.82","23971369828"
"476830","알지노믹스","KOSDAQ","일반서비스","116300","-31800","-21.47","1620505824600"
"347860","알체라","KOSDAQ","IT 서비스","1372","-173","-11.20","53111438492"
"196170","알테오젠","KOSDAQ","일반서비스","332000","-51000","-13.32","17763921616000"
"123750","알톤","KOSDAQ","운송장비·부품","1983","-437","-18.06","27403590597"
"459550","알트","KOSDAQ","전기·전자","3005","-520","-14.75","75328645845"
"085810","알티캐스트","KOSDAQ","IT 서비스","535","-44","-7.60","33323423555"
"043100","알파AI","KOSDAQ","의료·정밀기기","1151","-49","-4.08","23146702080"
"117670","알파칩스","KOSDAQ","전기·전자","13550","-2400","-15.05","90266604100"
"314140","알피바이오","KOSDAQ","제약","6300","-620","-8.96","54598074300"
"291650","압타머사이언스","KOSDAQ","일반서비스","1292","-71","-5.21","52012162864"
"293780","압타바이오","KOSDAQ","일반서비스","6110","-950","-13.46","171650704550"
"310200","애니플러스","KOSDAQ","오락·문화","2945","-290","-8.96","153619552020"
"179530","애드바이오텍","KOSDAQ","제약","1350","-82","-5.73","26567500500"
"397810","애드포러스","KOSDAQ","일반서비스","6000","-750","-11.11","30964620000"
"900100","애머릿지","KOSDAQ","유통","365","-51","-12.26","16803611580"
"052790","액토즈소프트","KOSDAQ","IT 서비스","4985","-695","-12.24","56483230430"
"290740","액트로","KOSDAQ","전기·전자","26200","-1800","-6.43","263703288200"
"238090","앤디포스","KOSDAQ","화학","2915","550","23.26","68622898245"
"138360","앤로보틱스","KOSDAQ","기계·장비","1690","-246","-12.71","130116010180"
"092600","앤씨앤","KOSDAQ","전기·전자","599","-89","-12.94","15025026683"
"129890","앱코","KOSDAQ","전기·전자","835","-69","-7.63","38030577670"
"174900","앱클론","KOSDAQ","제약","52600","-11800","-18.32","1048081826000"
"109960","앱토크롬","KOSDAQ","유통","150","-15","-9.09","33118390350"
"270520","앱튼","KOSDAQ","일반서비스","183","-18","-8.96","35975813901"
"255440","야스","KOSDAQ","기계·장비","8930","-1190","-11.76","116607940000"
"030960","양지사","KOSDAQ","출판·매체복제","7720","-570","-6.88","123365600000"
"102120","어보브반도체","KOSDAQ","전기·전자","9920","-1780","-15.21","176385069760"
"238120","얼라인드","KOSDAQ","의료·정밀기기","4220","-410","-8.86","60678941120"
"019990","에너토크","KOSDAQ","기계·장비","7100","-1560","-18.01","69268224800"
"435570","에르코스","KOSDAQ","음식료·담배","11120","-1980","-15.11","84700850960"
"270660","에브리봇","KOSDAQ","전기·전자","16800","-4000","-19.23","213201794400"
"038680","에스넷","KOSDAQ","IT 서비스","2860","-260","-8.33","56950156120"
"217480","에스디생명공학","KOSDAQ","화학","499","0","0.00","54756837359"
"121890","에스디시스템","KOSDAQ","전기·전자","1334","-149","-10.05","17730788964"
"304360","에스바이오메딕스","KOSDAQ","제약","32300","-5050","-13.52","400039634400"
"389500","에스비비테크","KOSDAQ","기계·장비","46150","-10150","-18.03","292309669600"
"042110","에스씨디","KOSDAQ","전기·전자","1240","-73","-5.56","59928659360"
"298060","에스씨엠생명과학","KOSDAQ","제약","808","-62","-7.13","35716166208"
"065420","에스아이리소스","KOSDAQ","화학","173","-17","-8.95","12382872727"
"103230","에스앤더블류","KOSDAQ","기계·장비","3360","-320","-8.70","24192000000"
"260970","에스앤디","KOSDAQ","음식료·담배","52300","-7300","-12.25","151291034200"
"101490","에스앤에스텍","KOSDAQ","전기·전자","79900","-15500","-16.25","1704656832100"
"095910","에스에너지","KOSDAQ","전기·전자","1092","-193","-15.02","25009880532"
"275630","에스에스알","KOSDAQ","IT 서비스","2200","-310","-12.35","13239575800"
"031330","에스에이엠티","KOSDAQ","유통","4455","-545","-10.90","445478023485"
"060540","에스에이티","KOSDAQ","의료·정밀기기","1192","-78","-6.14","31150900752"
"056190","에스에프에이","KOSDAQ","기계·장비","27700","-4550","-14.11","994672652000"
"0008Z0","에스엔시스","KOSDAQ","전기·전자","26150","-4850","-15.65","246766148600"
"246250","에스엘에스바이오","KOSDAQ","일반서비스","1969","0","0.00","30220617614"
"041510","에스엠","KOSDAQ","오락·문화","95900","-10800","-10.12","2195600771000"
"460870","에스엠씨지","KOSDAQ","비금속","2715","-405","-12.98","54159645360"
"007820","에스엠코어","KOSDAQ","기계·장비","4480","-860","-16.10","89752078080"
"464080","에스오에스랩","KOSDAQ","의료·정밀기기","14040","-2960","-17.41","249870371400"
"109610","에스와이","KOSDAQ","금속","2510","-325","-11.46","122757574000"
"365330","에스와이스틸텍","KOSDAQ","금속","3025","-570","-15.86","151767275000"
"306040","에스제이그룹","KOSDAQ","섬유·의류","8480","-990","-10.45","83662221440"
"398120","에스지헬스케어","KOSDAQ","의료·정밀기기","3300","-700","-17.50","39001086300"
"457940","에스케이증권제10호스팩","KOSDAQ","금융","2110","0","0.00","6984100000"
"472230","에스케이증권제11호스팩","KOSDAQ","금융","2065","0","0.00","8580075000"
"473000","에스케이증권제12호스팩","KOSDAQ","금융","2055","-10","-0.48","6802050000"
"473950","에스케이증권제13호스팩","KOSDAQ","금융","2040","-15","-0.73","9016800000"
"475660","에스켐","KOSDAQ","화학","6010","-750","-11.09","47658308350"
"096630","에스코넥","KOSDAQ","전기·전자","772","-78","-9.18","61282607552"
"069510","에스텍","KOSDAQ","전기·전자","14230","-810","-5.39","155249300000"
"488280","에스투더블유","KOSDAQ","IT 서비스","15000","-2350","-13.54","159888945000"
"234300","에스트래픽","KOSDAQ","IT 서비스","3260","-255","-7.25","88697362800"
"039440","에스티아이","KOSDAQ","기계·장비","29250","-5950","-16.90","453581124750"
"098660","에스티오","KOSDAQ","섬유·의류","1514","-8","-0.53","18926477664"
"052020","에스티큐브","KOSDAQ","유통","7950","-310","-3.75","540467163450"
"237690","에스티팜","KOSDAQ","제약","131500","-24100","-15.49","2732136050000"
"050760","에스폴리텍","KOSDAQ","화학","1112","-97","-8.02","18164161936"
"288620","에스퓨얼셀","KOSDAQ","전기·전자","7670","-1140","-12.94","53531353720"
"443670","에스피소프트","KOSDAQ","유통","4365","-585","-11.82","107996176080"
"317830","에스피시스템스","KOSDAQ","기계·장비","9110","-2140","-19.02","98149481980"
"058610","에스피지","KOSDAQ","전기·전자","108400","-26400","-19.58","2404025824000"
"043340","에쎈테크","KOSDAQ","기계·장비","521","-45","-7.95","49495000000"
"163280","에어레인","KOSDAQ","기계·장비","12440","-1210","-8.86","84611145160"
"200710","에이디테크놀로지","KOSDAQ","전기·전자","35000","-6900","-16.47","470428770000"
"475580","에이럭스","KOSDAQ","기타제조","8270","-1700","-17.05","112677923000"
"096690","에이루트","KOSDAQ","전기·전자","1302","-187","-12.56","31426443006"
"298380","에이비엘바이오","KOSDAQ","제약","152900","-31700","-17.17","8455021082200"
"203400","에이비온","KOSDAQ","일반서비스","2500","-530","-17.49","225253260000"
"195990","에이비프로바이오","KOSDAQ","기계·장비","140","0","0.00","39856560940"
"003800","에이스침대","KOSDAQ","기타제조","33450","-1750","-4.97","370960500000"
"088800","에이스테크","KOSDAQ","전기·전자","2400","-450","-15.79","181215441600"
"241840","에이스토리","KOSDAQ","오락·문화","5150","-850","-14.17","49130969100"
"364950","에이아이코리아","KOSDAQ","기계·장비","5530","-980","-15.05","45879340850"
"453860","에이에스텍","KOSDAQ","화학","13660","-1090","-7.39","88030818180"
"312610","에이에프더블류","KOSDAQ","전기·전자","894","-179","-16.68","18109657872"
"172670","에이엘티","KOSDAQ","전기·전자","10630","-1740","-14.07","95247553170"
"481070","에이유브랜즈","KOSDAQ","유통","16580","-1930","-10.43","234772800000"
"060900","에이전트AI","KOSDAQ","전기·가스·수도","275","-20","-6.78","21950903700"
"445090","에이직랜드","KOSDAQ","전기·전자","23700","-4750","-16.70","258938094600"
"295310","에이치브이엠","KOSDAQ","금속","64800","-12000","-15.63","771245128800"
"072990","에이치시티","KOSDAQ","일반서비스","5300","-450","-7.83","76352891800"
"044990","에이치엔에스하이텍","KOSDAQ","전기·전자","14200","-2060","-12.67","109133035000"
"239610","에이치엘사이언스","KOSDAQ","음식료·담배","7980","-420","-5.00","43029077700"
"036170","에이치엠넥스","KOSDAQ","전기·전자","2810","65","2.37","172437409060"
"462020","에이치엠씨제6호스팩","KOSDAQ","금융","2097","-3","-0.14","9111465000"
"477340","에이치엠씨제7호스팩","KOSDAQ","금융","2030","-5","-0.25","15245300000"
"148930","에이치와이티씨","KOSDAQ","금속","2710","-240","-8.14","27574827230"
"044780","에이치케이","KOSDAQ","기계·장비","1333","-11","-0.82","24668214071"
"357230","에이치피오","KOSDAQ","음식료·담배","2335","-145","-5.85","96420266460"
"355690","에이텀","KOSDAQ","전기·전자","5020","-30","-0.59","27132999600"
"071670","에이테크솔루션","KOSDAQ","기계·장비","8110","-1200","-12.89","81100000000"
"045660","에이텍","KOSDAQ","전기·전자","8790","-1020","-10.40","72605400000"
"224110","에이텍모빌리티","KOSDAQ","전기·전자","8300","-1040","-11.13","44322000000"
"021080","에이티넘인베스트","KOSDAQ","금융","2835","-460","-13.96","136080000000"
"200470","에이팩트","KOSDAQ","전기·전자","6710","-1140","-14.52","284249644030"
"262260","에이프로","KOSDAQ","전기·전자","4470","-610","-12.01","64672639440"
"397030","에이프릴바이오","KOSDAQ","일반서비스","55300","-13000","-19.03","1290847217800"
"0009K0","에임드바이오","KOSDAQ","일반서비스","51300","-13000","-20.22","3317630559300"
"230240","에치에프알","KOSDAQ","전기·전자","14910","-2330","-13.52","198437190000"
"159910","에코글로우","KOSDAQ","화학","579","-18","-3.02","30302245815"
"230360","에코마케팅","KOSDAQ","일반서비스","15820","-10","-0.06","490400351560"
"038870","에코바이오","KOSDAQ","일반서비스","2620","-315","-10.73","36719166380"
"097780","에코볼트","KOSDAQ","운송장비·부품","785","-23","-2.85","53168315330"
"448280","에코아이","KOSDAQ","일반서비스","9720","-1520","-13.52","288014573880"
"101360","에코앤드림","KOSDAQ","화학","15820","-3280","-17.17","281376323480"
"128540","에코캡","KOSDAQ","운송장비·부품","1852","-228","-10.96","49430731920"
"086520","에코프로","KOSDAQ","금융","133800","-30200","-18.41","18166849137600"
"247540","에코프로비엠","KOSDAQ","전기·전자","165600","-33900","-16.99","16199917041600"
"383310","에코프로에이치엔","KOSDAQ","화학","29050","-5950","-17.00","609321774600"
"038110","에코플라스틱","KOSDAQ","운송장비·부품","2660","-470","-15.02","109510524200"
"073540","에프알텍","KOSDAQ","전기·전자","1838","-162","-8.10","20953200000"
"064850","에프앤가이드","KOSDAQ","IT 서비스","17040","-2120","-11.06","194432057280"
"036810","에프에스티","KOSDAQ","전기·전자","31100","-7600","-19.64","682842422800"
"173940","에프엔씨엔터","KOSDAQ","오락·문화","3305","-135","-3.92","50873230440"
"083500","에프엔에스테크","KOSDAQ","기계·장비","13200","-2280","-14.73","113199530400"
"054940","엑사이엔씨","KOSDAQ","건설","590","-78","-11.68","19572393320"
"950130","엑세스바이오","KOSDAQ","제약","2845","-200","-6.57","107335682040"
"373110","엑셀세라퓨틱스","KOSDAQ","제약","1301","-189","-12.68","22500006594"
"205100","엑셈","KOSDAQ","IT 서비스","1601","-230","-12.56","114411155108"
"356680","엑스게이트","KOSDAQ","IT 서비스","6120","-1190","-16.28","174686171040"
"070300","엑스큐어","KOSDAQ","IT 서비스","1481","-133","-8.24","34517782518"
"317770","엑스페릭스","KOSDAQ","전기·전자","3070","-485","-13.64","102154805670"
"373200","엑스플러스","KOSDAQ","기타제조","900","-75","-7.69","99004802400"
"069920","엑시온그룹","KOSDAQ","유통","488","-41","-7.75","22683513192"
"092870","엑시콘","KOSDAQ","기계·장비","24500","-4500","-15.52","319744526500"
"317870","엔바이오니아","KOSDAQ","기타제조","8260","-840","-9.23","70594246940"
"067570","엔브이에이치코리아","KOSDAQ","운송장비·부품","2130","-195","-8.39","89822100000"
"0004V0","엔비알모션","KOSDAQ","금속","20550","-3300","-13.84","213811817400"
"236810","엔비티","KOSDAQ","일반서비스","1730","-206","-10.64","29367486980"
"333620","엔시스","KOSDAQ","전기·전자","5540","-550","-9.03","58482145760"
"101400","엔시트론","KOSDAQ","전기·전자","463","-45","-8.86","32618687990"
"475230","엔알비","KOSDAQ","금속","22650","-3100","-12.04","238047853350"
"451700","엔에이치스팩29호","KOSDAQ","금융","2170","-90","-3.98","31139500000"
"466910","엔에이치스팩30호","KOSDAQ","금융","3370","-330","-8.92","30667000000"
"481890","엔에이치스팩31호","KOSDAQ","금융","2135","-10","-0.47","13546575000"
"0054V0","엔에이치스팩32호","KOSDAQ","금융","2030","-30","-1.46","12619495000"
"265740","엔에프씨","KOSDAQ","화학","7120","-1080","-13.17","127188832000"
"354200","엔젠바이오","KOSDAQ","일반서비스","1826","-174","-8.70","47687363152"
"455900","엔젤로보틱스","KOSDAQ","기계·장비","25600","-5200","-16.88","389582156800"
"419080","엔젯","KOSDAQ","기계·장비","5060","-780","-13.36","54066793220"
"183490","엔지켐생명과학","KOSDAQ","제약","1048","-6","-0.57","89148708976"
"182400","엔케이맥스","KOSDAQ","제약","3670","0","0.00","261959223450"
"348370","엔켐","KOSDAQ","화학","55200","-9900","-15.21","1209486758400"
"069410","엔텔스","KOSDAQ","IT 서비스","4000","-470","-10.51","40979296000"
"227950","엔투텍","KOSDAQ","기계·장비","427","-66","-13.39","73675027069"
"291230","엔피","KOSDAQ","일반서비스","585","-113","-16.19","25796028375"
"048830","엔피케이","KOSDAQ","화학","838","-69","-7.61","15690647474"
"096870","엘디티","KOSDAQ","전기·전자","2200","-20","-0.90","18365597800"
"290650","엘앤씨바이오","KOSDAQ","제약","75800","-10600","-12.27","1883028375400"
"156100","엘앤케이바이오","KOSDAQ","의료·정밀기기","9360","-1520","-13.97","209206792080"
"0041J0","엘에스스팩1호","KOSDAQ","금융","2015","-20","-0.98","8281650000"
"073110","엘엠에스","KOSDAQ","전기·전자","4840","-440","-8.33","43055454200"
"083310","엘오티베큠","KOSDAQ","기계·장비","11230","-1880","-14.34","200006670590"
"037950","엘컴텍","KOSDAQ","전기·전자","696","-102","-12.78","58775473224"
"489500","엘케이켐","KOSDAQ","화학","30000","-4400","-12.79","188341680000"
"170920","엘티씨","KOSDAQ","화학","19790","-3210","-13.96","209064053540"
"058630","엠게임","KOSDAQ","IT 서비스","4750","-490","-9.35","91212226500"
"226590","엠디바이스","KOSDAQ","전기·전자","22400","-4450","-16.57","238129561600"
"058970","엠로","KOSDAQ","IT 서비스","33100","-5950","-15.24","409145922400"
"169330","엠브레인","KOSDAQ","일반서비스","1848","-49","-2.58","33849664464"
"373170","엠아이큐브솔루션","KOSDAQ","IT 서비스","2230","-670","-23.10","33703751700"
"179290","엠아이텍","KOSDAQ","의료·정밀기기","6390","-660","-9.36","206816682420"
"009780","엠에스씨","KOSDAQ","음식료·담배","6870","-540","-7.29","120912000000"
"123040","엠에스오토텍","KOSDAQ","운송장비·부품","2300","-375","-14.02","144045087700"
"432980","엠에프씨","KOSDAQ","제약","3300","-305","-8.46","28352748600"
"413390","엠오티","KOSDAQ","기계·장비","7320","-1180","-13.88","84766917600"
"032790","엠젠솔루션","KOSDAQ","유통","654","-13","-1.95","33589578648"
"033160","엠케이전자","KOSDAQ","전기·전자","8210","-1440","-14.92","186558194480"
"347890","엠투아이","KOSDAQ","의료·정밀기기","5290","-620","-10.49","89470849160"
"033310","엠투엔","KOSDAQ","전기·전자","1657","-160","-8.81","66847076767"
"259630","엠플러스","KOSDAQ","기계·장비","10280","-1970","-16.08","124118499520"
"105550","엣지파운드리","KOSDAQ","전기·전자","1149","-201","-14.89","89974801599"
"060850","영림원소프트랩","KOSDAQ","IT 서비스","5810","-340","-5.53","47241110000"
"143540","영우디에스피","KOSDAQ","기계·장비","1117","-25","-2.19","49818082715"
"265560","영화테크","KOSDAQ","운송장비·부품","7660","-790","-9.35","81886778800"
"036000","예림당","KOSDAQ","오락·문화","2750","-360","-11.58","63344261750"
"250930","예선테크","KOSDAQ","화학","316","-63","-16.62","10428139040"
"053280","예스24","KOSDAQ","유통","3345","-265","-7.34","83625000000"
"122640","예스티","KOSDAQ","기계·장비","21600","-700","-3.14","461156133600"
"476040","오가노이드사이언스","KOSDAQ","일반서비스","24100","-6450","-21.11","158716816000"
"900300","오가닉티코스메틱","KOSDAQ","금융","120","1","0.84","30120585120"
"045060","오공","KOSDAQ","화학","2170","-155","-6.67","36764083580"
"192410","오늘이엔엠","KOSDAQ","전기·전자","1162","0","0.00","54220747826"
"080520","오디텍","KOSDAQ","전기·전자","2720","-315","-10.38","30796974240"
"039830","오로라","KOSDAQ","일반서비스","10990","-1990","-15.33","118284161100"
"322310","오로스테크놀로지","KOSDAQ","기계·장비","23550","-3600","-13.26","220582064100"
"046120","오르비텍","KOSDAQ","일반서비스","4655","-995","-17.61","153131452565"
"475830","오름테라퓨틱","KOSDAQ","제약","104000","-30200","-22.50","2208166272000"
"014940","오리엔탈정공","KOSDAQ","기계·장비","6200","-1210","-16.33","282556698200"
"065500","오리엔트정공","KOSDAQ","운송장비·부품","2275","-375","-14.15","72215124800"
"010470","오리콤","KOSDAQ","일반서비스","5470","-370","-6.34","65503523500"
"417860","오브젠","KOSDAQ","IT 서비스","7500","-1060","-12.38","35226795000"
"352910","오비고","KOSDAQ","IT 서비스","4155","-495","-10.65","52510067310"
"053980","오상자이엘","KOSDAQ","IT 서비스","3095","-220","-6.64","58751713385"
"036220","오상헬스케어","KOSDAQ","의료·정밀기기","9140","-860","-8.60","132616062240"
"052420","오성첨단소재","KOSDAQ","화학","1270","-178","-12.29","119920616140"
"052300","오션인더블유","KOSDAQ","유통","2030","-95","-4.47","34236240290"
"039200","오스코텍","KOSDAQ","제약","46500","-9200","-16.52","1779005184000"
"226400","오스테오닉","KOSDAQ","의료·정밀기기","5670","-580","-9.28","117151277670"
"031510","오스템","KOSDAQ","운송장비·부품","1038","15","1.47","29064000000"
"342870","오아","KOSDAQ","유통","6160","-710","-10.33","38488382240"
"368970","오에스피","KOSDAQ","음식료·담배","1641","-80","-4.65","15337048560"
"138080","오이솔루션","KOSDAQ","전기·전자","17500","-3950","-18.41","210178885000"
"080580","오킨스전자","KOSDAQ","전기·전자","12810","-1990","-13.45","263644864560"
"067170","오텍","KOSDAQ","운송장비·부품","1689","-171","-9.19","40352920845"
"353590","오토앤","KOSDAQ","유통","2500","-380","-13.19","32188925000"
"173130","오파스넷","KOSDAQ","IT 서비스","6740","-410","-5.73","87933228020"
"440320","오픈놀","KOSDAQ","IT 서비스","3185","-525","-14.15","31308550000"
"049480","오픈베이스","KOSDAQ","IT 서비스","1926","-309","-13.83","60519509658"
"394280","오픈엣지테크놀로지","KOSDAQ","IT 서비스","11900","-2750","-18.77","312692194500"
"476060","온코닉테라퓨틱스","KOSDAQ","일반서비스","17300","-3250","-15.82","776559632000"
"382150","온코크로스","KOSDAQ","일반서비스","6210","-1140","-15.51","75736892970"
"244460","올리패스","KOSDAQ","제약","1651","0","0.00","13415218661"
"226950","올릭스","KOSDAQ","일반서비스","163400","-30800","-15.86","3299026882200"
"057540","옴니시스템","KOSDAQ","의료·정밀기기","750","-108","-12.59","44587016250"
"131030","옵투스제약","KOSDAQ","제약","9400","-1660","-15.01","165877946000"
"082210","옵트론텍","KOSDAQ","의료·정밀기기","1844","-381","-17.12","61206737656"
"109080","옵티시스","KOSDAQ","전기·전자","8060","-930","-10.34","45426160000"
"380540","옵티코어","KOSDAQ","전기·전자","3300","-670","-16.88","161017451100"
"153710","옵티팜","KOSDAQ","제약","4940","-380","-7.14","72469592520"
"432430","와이랩","KOSDAQ","오락·문화","2830","-470","-14.24","46718545600"
"338840","와이바이오로직스","KOSDAQ","일반서비스","20050","-4900","-19.64","304320524050"
"122990","와이솔","KOSDAQ","전기·전자","6510","-430","-6.20","173420417310"
"232140","와이씨","KOSDAQ","기계·장비","17700","-2300","-11.50","1452202695000"
"112290","와이씨켐","KOSDAQ","화학","21300","-4050","-15.98","215354608500"
"065530","와이어블","KOSDAQ","통신","1209","-97","-7.43","57837059631"
"067900","와이엔텍","KOSDAQ","일반서비스","6410","-660","-9.34","116659814190"
"007530","와이엠","KOSDAQ","금속","2345","-115","-4.67","52186171695"
"155650","와이엠씨","KOSDAQ","전기·전자","3375","-310","-8.41","65725958250"
"273640","와이엠텍","KOSDAQ","전기·전자","6450","-900","-12.24","70730700000"
"251370","와이엠티","KOSDAQ","화학","11120","-2110","-15.95","195978991200"
"209640","와이제이링크","KOSDAQ","기계·장비","3200","-800","-20.00","91018067200"
"096250","와이즈넛","KOSDAQ","IT 서비스","9130","-1420","-13.46","119571373680"
"273060","와이즈버즈","KOSDAQ","일반서비스","972","-171","-14.96","49046713704"
"019210","와이지-원","KOSDAQ","금속","8050","-1040","-11.44","270269242950"
"122870","와이지엔터테인먼트","KOSDAQ","오락·문화","62600","-5100","-7.53","1170059667400"
"079000","와토스코리아","KOSDAQ","화학","8870","-1610","-15.36","63864000000"
"403490","우듬지팜","KOSDAQ","음식료·담배","1169","-158","-11.91","53695050416"
"032820","우리기술","KOSDAQ","전기·전자","12760","-4300","-25.21","2128030549040"
"041190","우리기술투자","KOSDAQ","금융","6100","-1240","-16.89","512400000000"
"115440","우리넷","KOSDAQ","전기·전자","6310","-690","-9.86","68111982520"
"046970","우리로","KOSDAQ","유통","1211","-192","-13.68","53072073789"
"082850","우리바이오","KOSDAQ","음식료·담배","1542","-200","-11.48","74720043276"
"215360","우리산업","KOSDAQ","운송장비·부품","7950","-880","-9.97","72600695850"
"072470","우리산업홀딩스","KOSDAQ","운송장비·부품","3800","-640","-14.41","71771895800"
"073560","우리손에프앤지","KOSDAQ","음식료·담배","1809","-60","-3.21","125250896187"
"037400","우리엔터프라이즈","KOSDAQ","유통","920","-45","-4.66","24125478320"
"153490","우리이앤엘","KOSDAQ","전기·전자","720","-72","-9.09","37065600000"
"101170","우림피티에스","KOSDAQ","기계·장비","12230","-3050","-19.96","165105000000"
"066590","우수AMS","KOSDAQ","운송장비·부품","2550","-410","-13.85","98628739350"
"103840","우양","KOSDAQ","음식료·담배","2800","-275","-8.94","45825998400"
"101970","우양에이치씨","KOSDAQ","금속","10880","-1580","-12.68","160915297920"
"046940","우원개발","KOSDAQ","건설","4220","-540","-11.34","76273757000"
"215380","우정바이오","KOSDAQ","일반서비스","2190","-840","-27.72","36856771440"
"065680","우주일렉트로","KOSDAQ","전기·전자","25650","-4000","-13.49","237018081150"
"018620","우진비앤지","KOSDAQ","제약","684","-76","-10.00","19760276412"
"457550","우진엔텍","KOSDAQ","일반서비스","21500","-4800","-18.25","200357597000"
"396470","워트","KOSDAQ","기계·장비","6010","-890","-12.90","96881200000"
"307280","원바이오젠","KOSDAQ","제약","6920","-450","-6.11","49094818840"
"032940","원익","KOSDAQ","유통","9410","-1830","-16.28","171198294300"
"240810","원익IPS","KOSDAQ","기계·장비","107500","-16000","-12.96","5276519357500"
"074600","원익QnC","KOSDAQ","비금속","26600","-2800","-9.52","699260800000"
"104830","원익머트리얼즈","KOSDAQ","화학","40600","-4400","-9.78","511884800000"
"014190","원익큐브","KOSDAQ","유통","1678","-232","-12.15","59401042268"
"217820","원익피앤이","KOSDAQ","기계·장비","3025","-570","-15.86","143550040975"
"030530","원익홀딩스","KOSDAQ","화학","26550","-5400","-16.90","2050668395550"
"012620","원일특강","KOSDAQ","금속","8130","-680","-7.72","35772000000"
"136150","원일티엔아이","KOSDAQ","기계·장비","14400","-2490","-14.74","120686832000"
"382840","원준","KOSDAQ","기계·장비","7930","-1660","-17.31","121103637330"
"336570","원텍","KOSDAQ","의료·정밀기기","6600","-820","-11.05","593794720200"
"376980","원티드랩","KOSDAQ","IT 서비스","3250","-350","-9.72","31740780500"
"008370","원풍","KOSDAQ","화학","4580","-305","-6.24","54960000000"
"008290","원풍물산","KOSDAQ","섬유·의류","307","-52","-14.48","12492959453"
"101160","월덱스","KOSDAQ","전기·전자","27600","-2800","-9.21","455703406800"
"336060","웨이버스","KOSDAQ","IT 서비스","881","-75","-7.85","42424731200"
"095270","웨이브일렉트로","KOSDAQ","의료·정밀기기","4380","-345","-7.30","62951138280"
"289930","웨이비스","KOSDAQ","전기·전자","13820","-2880","-17.25","173020775260"
"065950","웰크론","KOSDAQ","섬유·의류","1488","-200","-11.85","42008177376"
"076080","웰크론한텍","KOSDAQ","건설","980","-115","-10.50","22142272880"
"043590","웰킵스하이텍","KOSDAQ","전기·전자","609","-5","-0.81","16526288058"
"196700","웹스","KOSDAQ","화학","2345","-85","-3.50","33683917680"
"069080","웹젠","KOSDAQ","IT 서비스","11580","-1220","-9.53","400678236720"
"053580","웹케시","KOSDAQ","IT 서비스","7700","-1100","-12.50","104999109600"
"479960","위너스","KOSDAQ","전기·전자","8420","-1490","-15.04","57685420000"
"377460","위니아에이드","KOSDAQ","일반서비스","4080","0","0.00","253187202960"
"044340","위닉스","KOSDAQ","전기·전자","4545","-405","-8.18","81234716625"
"330350","위더스제약","KOSDAQ","제약","8000","-1190","-12.95","105617112000"
"348350","위드텍","KOSDAQ","의료·정밀기기","8330","-1160","-12.22","83121738000"
"112040","위메이드","KOSDAQ","IT 서비스","21000","-3700","-14.98","712918143000"
"101730","위메이드맥스","KOSDAQ","IT 서비스","5000","-820","-14.09","419016430000"
"123420","위메이드플레이","KOSDAQ","IT 서비스","6260","-970","-13.42","66057610840"
"065370","위세아이텍","KOSDAQ","IT 서비스","4365","-745","-14.58","32230959210"
"038620","위즈코프","KOSDAQ","유통","557","-80","-12.56","42181312005"
"299900","위지윅스튜디오","KOSDAQ","오락·문화","420","-10","-2.33","71840531280"
"036090","위지트","KOSDAQ","기계·장비","581","-71","-10.89","68785917004"
"459100","위츠","KOSDAQ","전기·전자","5180","-920","-15.08","69230700000"
"136540","윈스테크넷","KOSDAQ","IT 서비스","10880","-730","-6.29","133603636480"
"097800","윈팩","KOSDAQ","전기·전자","390","-48","-10.96","53215589310"
"192390","윈하이텍","KOSDAQ","금속","1900","-240","-11.21","20961235100"
"335870","윙스풋","KOSDAQ","유통","1748","-138","-7.32","29279826804"
"900340","윙입푸드","KOSDAQ","금융","601","-75","-11.09","30248887728"
"036200","유니셈","KOSDAQ","기계·장비","8590","-1360","-13.67","263405675570"
"018000","유니슨","KOSDAQ","기계·장비","1010","-161","-13.75","247609319420"
"203450","유니온바이오메트릭스","KOSDAQ","전기·전자","3095","-120","-3.73","43574526665"
"011320","유니크","KOSDAQ","운송장비·부품","3615","-365","-9.17","69844312425"
"086390","유니테스트","KOSDAQ","기계·장비","15300","-2840","-15.66","323352127800"
"241690","유니테크노","KOSDAQ","운송장비·부품","3400","-475","-12.26","83200400400"
"142210","유니트론텍","KOSDAQ","유통","4930","-750","-13.20","103579650030"
"389680","유디엠텍","KOSDAQ","IT 서비스","588","-87","-12.89","24456369420"
"088340","유라클","KOSDAQ","IT 서비스","10680","-1660","-13.45","46611450240"
"048430","유라테크","KOSDAQ","전기·전자","7210","-660","-8.39","83059200000"
"206650","유바이오로직스","KOSDAQ","제약","13290","-1510","-10.20","488052750030"
"089850","유비벨록스","KOSDAQ","IT 서비스","4740","-530","-10.06","69821143260"
"084440","유비온","KOSDAQ","IT 서비스","924","-56","-5.71","18214627200"
"032620","유비케어","KOSDAQ","IT 서비스","3630","-310","-7.87","189475614570"
"264450","유비쿼스","KOSDAQ","전기·전자","11010","-960","-8.02","161467077930"
"078070","유비쿼스홀딩스","KOSDAQ","금융","10610","-1180","-10.01","186786630920"
"024800","유성티엔에스","KOSDAQ","운송·창고","3705","-395","-9.63","137276963460"
"054930","유신","KOSDAQ","일반서비스","20850","-2550","-10.90","62550000000"
"069330","유아이디","KOSDAQ","전기·전자","857","-156","-15.40","12161764987"
"049520","유아이엘","KOSDAQ","전기·전자","3705","-300","-7.49","119476631820"
"444920","유안타제11호스팩","KOSDAQ","금융","2100","-10","-0.47","11004000000"
"450940","유안타제14호스팩","KOSDAQ","금융","2115","0","0.00","9602100000"
"473050","유안타제15호스팩","KOSDAQ","금융","2060","-5","-0.24","14440600000"
"474490","유안타제16호스팩","KOSDAQ","금융","2045","0","0.00","11267950000"
"493790","유안타제17호스팩","KOSDAQ","금융","2005","-20","-0.99","10646550000"
"263770","유에스티","KOSDAQ","금속","1863","-152","-7.54","44153420436"
"388720","유일로보틱스","KOSDAQ","기계·장비","92000","-23000","-20.00","1083883740000"
"340930","유일에너테크","KOSDAQ","기계·장비","960","-156","-13.98","66120753600"
"023410","유진기업","KOSDAQ","비금속","4060","-515","-11.26","313882103780"
"056080","유진로봇","KOSDAQ","기계·장비","27200","-4900","-15.26","1020330534400"
"468760","유진스팩10호","KOSDAQ","금융","2120","-5","-0.24","8988800000"
"488060","유진스팩11호","KOSDAQ","금융","2055","-5","-0.24","9699600000"
"0105P0","유진스팩12호","KOSDAQ","금융","2005","-25","-1.23","11348300000"
"084370","유진테크","KOSDAQ","기계·장비","117900","-11800","-9.10","2701801351800"
"240600","유진테크놀로지","KOSDAQ","금속","2755","-400","-12.68","19087056005"
"221800","유투바이오","KOSDAQ","일반서비스","22550","-600","-2.59","359277288700"
"179900","유티아이","KOSDAQ","전기·전자","19010","-2440","-11.38","376215732120"
"263050","유틸렉스","KOSDAQ","제약","959","0","0.00","35324626904"
"191410","육일씨엔에쓰","KOSDAQ","전기·전자","2535","-520","-17.02","28402786425"
"372170","윤성에프앤씨","KOSDAQ","기계·장비","26200","-5300","-16.83","209051057600"
"146060","율촌","KOSDAQ","금속","1417","-147","-9.40","34030098115"
"039020","이건홀딩스","KOSDAQ","종이·목재","2920","-365","-11.11","65947350280"
"067920","이글루","KOSDAQ","IT 서비스","5290","-260","-4.68","58169469510"
"044960","이글벳","KOSDAQ","유통","3715","-295","-7.36","46964595345"
"303530","이노뎁","KOSDAQ","IT 서비스","4040","-400","-9.01","29650767960"
"296640","이노룰스","KOSDAQ","IT 서비스","6210","-150","-2.36","32156944920"
"302430","이노메트리","KOSDAQ","기계·장비","5820","-770","-11.68","57229270560"
"462350","이노스페이스","KOSDAQ","운송장비·부품","14010","-2920","-17.25","289306920300"
"274400","이노시뮬레이션","KOSDAQ","IT 서비스","3020","-420","-12.21","27441208860"
"073490","이노와이어리스","KOSDAQ","전기·전자","29400","-4500","-13.27","223553072400"
"215790","이노인스트루먼트","KOSDAQ","전기·전자","260","-47","-15.31","10473618740"
"344860","이노진","KOSDAQ","화학","1334","-198","-12.92","16048020000"
"469610","이노테크","KOSDAQ","기계·장비","17720","-3730","-17.39","157298668000"
"088390","이녹스","KOSDAQ","운송장비·부품","10750","-1700","-13.65","100897823000"
"272290","이녹스첨단소재","KOSDAQ","전기·전자","27850","-5750","-17.11","554985275300"
"053350","이니텍","KOSDAQ","IT 서비스","2995","-460","-13.31","65953089675"
"452400","이닉스","KOSDAQ","운송장비·부품","8050","-1390","-14.72","73024995400"
"264850","이랜시스","KOSDAQ","전기·전자","5950","-1350","-18.49","180252941400"
"054210","이랜텍","KOSDAQ","전기·전자","9310","-1540","-14.19","235461165100"
"009730","이렘","KOSDAQ","금속","579","-61","-9.53","35826882588"
"065440","이루온","KOSDAQ","IT 서비스","1207","-91","-7.01","32920949140"
"424870","이뮨온시아","KOSDAQ","일반서비스","6870","-970","-12.37","509514024030"
"115610","이미지스","KOSDAQ","전기·전자","1242","-177","-12.47","29357822196"
"478110","이베스트스팩6호","KOSDAQ","금융","2030","-5","-0.25","10190600000"
"131400","이브이첨단소재","KOSDAQ","전기·전자","1442","-158","-9.88","85931493844"
"351330","이삭엔지니어링","KOSDAQ","IT 서비스","6890","-1050","-13.22","57107902800"
"080010","이상네트웍스","KOSDAQ","유통","6390","-750","-10.50","62846103690"
"086890","이수앱지스","KOSDAQ","제약","4660","-440","-8.63","189756295100"
"047560","이스트소프트","KOSDAQ","IT 서비스","12010","-2080","-14.76","140946741820"
"900110","이스트아시아홀딩스","KOSDAQ","금융","736","-105","-12.49","19347042848"
"239340","이스트에이드","KOSDAQ","IT 서비스","1220","-230","-15.86","32915153480"
"067010","이씨에스","KOSDAQ","IT 서비스","2100","-115","-5.19","25817400000"
"456070","이엔셀","KOSDAQ","제약","13400","-2400","-15.19","146925037000"
"102710","이엔에프테크놀로지","KOSDAQ","화학","51100","-6000","-10.51","730108419600"
"041520","이엘씨","KOSDAQ","의료·정밀기기","7380","-480","-6.11","89952827400"
"063760","이엘피","KOSDAQ","의료·정밀기기","2390","-170","-6.64","22287060700"
"123570","이엠넷","KOSDAQ","일반서비스","1819","-156","-7.90","40520185882"
"083470","이엠앤아이","KOSDAQ","화학","744","64","9.41","15877204776"
"095190","이엠코리아","KOSDAQ","금속","2085","-270","-11.46","136068063270"
"091120","이엠텍","KOSDAQ","전기·전자","5960","-940","-13.62","102112298560"
"039030","이오테크닉스","KOSDAQ","기계·장비","361500","-60000","-14.23","4453517325000"
"294090","이오플로우","KOSDAQ","의료·정밀기기","1490","0","0.00","61207866450"
"088290","이원컴포텍","KOSDAQ","운송장비·부품","575","-41","-6.66","22931209300"
"353810","이지바이오","KOSDAQ","음식료·담배","6600","-480","-6.78","218340672000"
"261520","이지스","KOSDAQ","IT 서비스","8120","-1890","-18.88","79325587320"
"099750","이지케어텍","KOSDAQ","IT 서비스","8150","-620","-7.07","111322259950"
"377330","이지트로닉스","KOSDAQ","전기·전자","2645","-340","-11.39","21530178330"
"035810","이지홀딩스","KOSDAQ","음식료·담배","7760","-310","-3.84","500645595600"
"092130","이크레더블","KOSDAQ","IT 서비스","14810","-500","-3.27","178365716000"
"134060","이퓨쳐","KOSDAQ","오락·문화","3985","-200","-4.78","19005461250"
"001840","이화공영","KOSDAQ","건설","2215","0","0.00","36027920805"
"041830","인바디","KOSDAQ","의료·정밀기기","28650","-2950","-9.34","386227269300"
"352940","인바이오","KOSDAQ","화학","2020","-75","-3.58","21952814600"
"079950","인베니아","KOSDAQ","기계·장비","1126","-196","-14.83","15537786600"
"389470","인벤티지랩","KOSDAQ","일반서비스","81000","-10000","-10.99","1075462515000"
"277410","인산가","KOSDAQ","음식료·담배","1095","-56","-4.87","42060597975"
"060150","인선이엔티","KOSDAQ","일반서비스","3835","-375","-8.91","178571452020"
"033230","인성정보","KOSDAQ","IT 서비스","1398","-157","-10.10","70620501240"
"450520","인스웨이브","KOSDAQ","IT 서비스","2565","-295","-10.31","37717242570"
"465480","인스피언","KOSDAQ","IT 서비스","4810","-340","-6.60","48762683320"
"037330","인지디스플레","KOSDAQ","전기·전자","1300","-150","-10.34","57050791200"
"100030","인지소프트","KOSDAQ","IT 서비스","20150","-1200","-5.62","66166837100"
"211050","인카금융서비스","KOSDAQ","금융","12550","-1050","-7.72","618258895350"
"083640","인콘","KOSDAQ","유통","374","-44","-10.53","29067411274"
"064090","인크레더블버즈","KOSDAQ","유통","798","0","0.00","39694710510"
"216050","인크로스","KOSDAQ","일반서비스","6650","-470","-6.60","85407426300"
"049070","인탑스","KOSDAQ","전기·전자","15380","-2770","-15.26","264536000000"
"119610","인터로조","KOSDAQ","의료·정밀기기","16450","-1250","-7.06","187756138150"
"017250","인터엠","KOSDAQ","전기·전자","980","-53","-5.13","20624557660"
"051370","인터플렉스","KOSDAQ","전기·전자","10810","-870","-7.45","252169972320"
"064290","인텍플러스","KOSDAQ","기계·장비","14220","-440","-3.00","182925539640"
"189300","인텔리안테크","KOSDAQ","전기·전자","100000","-16700","-14.31","1073749700000"
"287840","인투셀","KOSDAQ","일반서비스","39950","-7050","-15.00","599727802000"
"048530","인트론바이오","KOSDAQ","제약","6420","1480","29.96","213089731740"
"115310","인포바인","KOSDAQ","통신","75900","-13000","-14.62","242339819700"
"039290","인포뱅크","KOSDAQ","IT 서비스","4000","-940","-19.03","34775912000"
"071200","인피니트헬스케어","KOSDAQ","IT 서비스","6110","-600","-8.94","149062358380"
"101930","인화정공","KOSDAQ","운송장비·부품","37500","-3700","-8.98","346233075000"
"333430","일승","KOSDAQ","운송장비·부품","4600","-850","-15.60","141343036200"
"068330","일신바이오","KOSDAQ","기계·장비","1385","-161","-10.41","61239353900"
"178780","일월지엠엘","KOSDAQ","유통","2625","-35","-1.32","48927886875"
"019540","일지테크","KOSDAQ","운송장비·부품","4350","-600","-12.12","58783725000"
"094820","일진파워","KOSDAQ","건설","14450","-3140","-17.85","217887345050"
"950140","잉글우드랩","KOSDAQ","화학","12050","-450","-3.60","239407785300"
"049550","잉크테크","KOSDAQ","화학","2900","-240","-7.64","56858203300"
"389020","자람테크놀로지","KOSDAQ","전기·전자","36550","-7450","-16.93","227506315650"
"254120","자비스","KOSDAQ","기계·장비","1039","-126","-10.82","31953686530"
"043910","자연과환경","KOSDAQ","비금속","469","-47","-9.11","53180593333"
"234920","자이글","KOSDAQ","전기·전자","5310","0","0.00","71849132100"
"289220","자이언트스텝","KOSDAQ","오락·문화","3010","-495","-14.12","67159785210"
"049630","재영솔루텍","KOSDAQ","의료·정밀기기","2955","-500","-14.47","345432289800"
"417840","저스템","KOSDAQ","기계·장비","5380","-1120","-17.23","121445865780"
"110020","전진바이오팜","KOSDAQ","화학","1848","-187","-9.19","16740592176"
"208140","정다운","KOSDAQ","음식료·담배","2650","-75","-2.75","86613251900"
"040420","정상제이엘에스","KOSDAQ","일반서비스","5610","-190","-3.28","87951066720"
"045510","정원엔시스","KOSDAQ","유통","749","-59","-7.30","24124759708"
"217190","제너셈","KOSDAQ","기계·장비","5030","-790","-13.57","66163417830"
"095700","제넥신","KOSDAQ","일반서비스","4680","315","7.22","213129511920"
"122310","제노레이","KOSDAQ","의료·정밀기기","3810","-530","-12.21","55450145640"
"361390","제노코","KOSDAQ","전기·전자","21800","-3900","-15.18","205015854600"
"225220","제놀루션","KOSDAQ","제약","1616","-140","-7.97","31011073936"
"123330","제닉","KOSDAQ","화학","16570","-2830","-14.59","132041027600"
"381620","제닉스로보틱스","KOSDAQ","기계·장비","9400","-2210","-19.04","123308448000"
"159580","제로투세븐","KOSDAQ","유통","3380","-460","-11.98","67710309680"
"147830","제룡산업","KOSDAQ","금속","6320","-1030","-14.01","126400000000"
"033100","제룡전기","KOSDAQ","전기·전자","43000","-8100","-15.85","690683587000"
"079370","제우스","KOSDAQ","기계·장비","15000","-2290","-13.24","465254850000"
"054950","제이브이엠","KOSDAQ","기계·장비","23450","-1950","-7.68","283507967400"
"023440","제이스코홀딩스","KOSDAQ","금속","704","-79","-10.09","63460503744"
"090470","제이스텍","KOSDAQ","기계·장비","6620","-880","-11.73","115695052280"
"137950","제이씨케미칼","KOSDAQ","화학","3185","-240","-7.01","70922987590"
"033320","제이씨현시스템","KOSDAQ","유통","4070","-850","-17.28","77795738240"
"417500","제이아이테크","KOSDAQ","화학","4000","-350","-8.05","131138976000"
"204270","제이앤티씨","KOSDAQ","전기·전자","16000","-3250","-16.88","925575456000"
"127120","제이에스링크","KOSDAQ","일반서비스","31950","-5400","-14.46","1090105628400"
"026040","제이에스티나","KOSDAQ","기타제조","2795","-325","-10.42","46128093050"
"452160","제이엔비","KOSDAQ","기계·장비","4800","-990","-17.10","46164129600"
"126880","제이엔케이글로벌","KOSDAQ","기계·장비","3320","-390","-10.51","77040277960"
"322510","제이엘케이","KOSDAQ","IT 서비스","6310","-1060","-14.38","162330378520"
"033050","제이엠아이","KOSDAQ","화학","828","-64","-7.17","26975695176"
"094970","제이엠티","KOSDAQ","전기·전자","2500","-270","-9.75","41870600000"
"418550","제이오","KOSDAQ","일반서비스","6600","-1260","-16.03","211316641800"
"060230","제이케이시냅스","KOSDAQ","화학","1842","0","0.00","17976748488"
"420570","제이투케이바이오","KOSDAQ","화학","7210","-700","-8.85","42160352430"
"089790","제이티","KOSDAQ","기계·장비","5060","-990","-16.36","52196495780"
"0010V0","제이피아이헬스케어","KOSDAQ","의료·정밀기기","11130","-1950","-14.91","56823102000"
"412540","제일엠앤에스","KOSDAQ","기계·장비","3935","0","0.00","81063616775"
"199820","제일일렉트릭","KOSDAQ","전기·전자","8250","-1590","-16.16","183315000000"
"038010","제일테크노스","KOSDAQ","금속","5830","-270","-4.43","52470000000"
"080220","제주반도체","KOSDAQ","전기·전자","36850","-7150","-16.25","1269218396050"
"216080","제테마","KOSDAQ","제약","8070","-1050","-11.51","293432656680"
"337930","젝시믹스","KOSDAQ","IT 서비스","4400","-620","-12.35","130576490000"
"229000","젠큐릭스","KOSDAQ","제약","4110","-1760","-29.98","96289758150"
"082270","젬백스","KOSDAQ","기계·장비","34700","-7500","-17.77","1495354547700"
"034940","조아제약","KOSDAQ","제약","800","-131","-14.07","24783861600"
"067000","조이시티","KOSDAQ","IT 서비스","2175","-285","-11.59","152039995050"
"309930","조이웍스앤코","KOSDAQ","유통","921","-29","-3.05","22552571208"
"033340","좋은사람들","KOSDAQ","섬유·의류","1680","-245","-12.73","162876937440"
"036930","주성엔지니어링","KOSDAQ","기계·장비","53800","-5200","-8.81","2543035669800"
"072020","중앙백신","KOSDAQ","제약","8780","-610","-6.50","83047271860"
"000440","중앙에너비스","KOSDAQ","유통","32800","7550","29.90","204249864000"
"051980","중앙첨단소재","KOSDAQ","전기·전자","1720","-270","-13.57","191077739480"
"228760","지노믹트리","KOSDAQ","일반서비스","17390","-1610","-8.47","428250278820"
"314130","지놈앤컴퍼니","KOSDAQ","제약","5590","-790","-12.38","195051763790"
"389030","지니너스","KOSDAQ","일반서비스","2995","-410","-12.04","99888775775"
"263860","지니언스","KOSDAQ","IT 서비스","12980","-1850","-12.47","117853208000"
"303030","지니틱스","KOSDAQ","전기·전자","513","-63","-10.94","19018802457"
"036180","지더블유바이텍","KOSDAQ","유통","577","0","0.00","53929030348"
"208350","지란지교시큐리티","KOSDAQ","IT 서비스","2615","-80","-2.97","22231605550"
"446840","지슨","KOSDAQ","의료·정밀기기","1380","-120","-8.00","75655854540"
"144510","지씨셀","KOSDAQ","일반서비스","21850","-3850","-14.98","345237516400"
"340450","지씨지놈","KOSDAQ","일반서비스","6510","-1260","-16.22","153966662430"
"306620","지아이에스","KOSDAQ","기계·장비","2410","-465","-16.17","108484366600"
"358570","지아이이노베이션","KOSDAQ","일반서비스","13140","-2980","-18.49","842130984240"
"382480","지아이텍","KOSDAQ","기계·장비","2080","-280","-11.86","81862851200"
"382800","지앤비에스 에코","KOSDAQ","기계·장비","3365","-360","-9.66","107111452965"
"051160","지어소프트","KOSDAQ","IT 서비스","6640","-420","-5.95","102750215200"
"053050","지에스이","KOSDAQ","전기·가스·수도","4010","920","29.77","120250263970"
"388610","지에프씨생명과학","KOSDAQ","화학","10280","-860","-7.72","54110928520"
"493330","지에프아이","KOSDAQ","기계·장비","14500","-900","-5.84","111391117000"
"119850","지엔씨에너지","KOSDAQ","전기·전자","31150","-5050","-13.95","512383515350"
"065060","지엔코","KOSDAQ","섬유·의류","542","-68","-11.15","12900035768"
"204840","지엘팜텍","KOSDAQ","유통","1008","-92","-8.36","78169398048"
"311320","지오엘리먼트","KOSDAQ","전기·전자","6210","-710","-10.26","78336417600"
"456160","지투지바이오","KOSDAQ","제약","84000","-16000","-16.00","1379327040000"
"388050","지투파워","KOSDAQ","전기·전자","9040","-1560","-14.72","169133310480"
"018120","진로발효","KOSDAQ","음식료·담배","17300","-480","-2.70","114545376000"
"109820","진매트릭스","KOSDAQ","일반서비스","2070","-185","-8.20","42214834800"
"086060","진바이오텍","KOSDAQ","유통","4715","-385","-7.55","40598917705"
"036890","진성티이씨","KOSDAQ","기계·장비","13040","-1620","-11.05","287305403920"
"363250","진시스템","KOSDAQ","의료·정밀기기","4425","-585","-11.68","31164381150"
"007370","진양제약","KOSDAQ","제약","4370","-530","-10.82","61768145190"
"285800","진영","KOSDAQ","화학","1269","-129","-9.23","22178655630"
"085660","차바이오텍","KOSDAQ","제약","17270","-2640","-13.26","1596087735440"
"261780","차백신연구소","KOSDAQ","일반서비스","2500","-85","-3.29","67163115000"
"351870","차이커뮤니케이션","KOSDAQ","일반서비스","3755","-445","-10.60","41908210710"
"094850","참좋은여행","KOSDAQ","일반서비스","4750","-660","-12.20","66500000000"
"004650","창해에탄올","KOSDAQ","음식료·담배","9300","-350","-3.63","85475230500"
"278280","천보","KOSDAQ","화학","40500","-8500","-17.35","483764967000"
"362320","청담글로벌","KOSDAQ","유통","4590","-610","-11.73","97084421100"
"066360","체리부로","KOSDAQ","음식료·담배","1039","-4","-0.38","49822143585"
"047820","초록뱀미디어","KOSDAQ","오락·문화","4120","-315","-7.10","100750191600"
"094360","칩스앤미디어","KOSDAQ","전기·전자","14550","-2730","-15.80","310412231700"
"016920","카스","KOSDAQ","유통","895","-61","-6.38","23711716510"
"284620","카이노스메드","KOSDAQ","일반서비스","1087","0","0.00","35965517911"
"293490","카카오게임즈","KOSDAQ","IT 서비스","12110","-1730","-12.50","1087319492210"
"140430","카티스","KOSDAQ","IT 서비스","599","-88","-12.81","32015075861"
"042000","카페24","KOSDAQ","IT 서비스","25700","-4750","-15.60","623303487800"
"313760","캐리","KOSDAQ","전기·전자","463","-59","-11.30","5188927118"
"317530","캐리소프트","KOSDAQ","오락·문화","4370","85","1.98","76452634340"
"071850","캐스텍코리아","KOSDAQ","운송장비·부품","1473","-11","-0.74","35736361674"
"198080","캐프","KOSDAQ","전기·전자","2125","-245","-10.34","45762268125"
"210120","캔버스엔","KOSDAQ","오락·문화","1148","-60","-4.97","27824624744"
"050110","캠시스","KOSDAQ","전기·전자","1822","-173","-8.67","26901507506"
"452300","캡스톤파트너스","KOSDAQ","금융","2830","-400","-12.38","40099699150"
"451760","컨텍","KOSDAQ","IT 서비스","14050","-2750","-16.37","215741403000"
"900310","컬러레이","KOSDAQ","금융","466","-34","-6.80","29843420550"
"078340","컴투스","KOSDAQ","IT 서비스","29900","-3600","-10.75","361530258700"
"063080","컴투스홀딩스","KOSDAQ","IT 서비스","16730","-1640","-8.93","110337562160"
"307930","컴퍼니케이","KOSDAQ","금융","6250","-740","-10.59","97562500000"
"079190","케스피온","KOSDAQ","전기·전자","393","-22","-5.30","15073717002"
"263700","케어랩스","KOSDAQ","일반서비스","2295","-305","-11.73","44555589000"
"214370","케어젠","KOSDAQ","제약","106500","-22500","-17.44","5720647500000"
"221980","케이디켐","KOSDAQ","화학","10300","-150","-1.44","41558440000"
"038530","케이바이오","KOSDAQ","유통","333","-35","-9.51","38532877551"
"192250","케이사인","KOSDAQ","IT 서비스","8680","-850","-8.92","61342645000"
"431190","케이쓰리아이","KOSDAQ","IT 서비스","3880","-550","-12.42","29047394960"
"115500","케이씨에스","KOSDAQ","IT 서비스","7780","-1170","-13.07","93360000000"
"089150","케이씨티","KOSDAQ","IT 서비스","2045","-345","-14.44","35071750000"
"025880","케이씨피드","KOSDAQ","음식료·담배","2690","-120","-4.27","44965658020"
"093320","케이아이엔엑스","KOSDAQ","IT 서비스","99800","-13900","-12.23","487024000000"
"093640","케이알엠","KOSDAQ","전기·전자","3950","-460","-10.43","128931871000"
"073010","케이에스피","KOSDAQ","기계·장비","3290","-475","-12.62","132229212500"
"105330","케이엔더블유","KOSDAQ","운송장비·부품","6330","-280","-4.24","101659977240"
"053080","케이엔솔","KOSDAQ","기계·장비","11990","-1690","-12.35","155867685930"
"199430","케이엔알시스템","KOSDAQ","의료·정밀기기","23650","-6550","-21.69","260103716950"
"432470","케이엔에스","KOSDAQ","기계·장비","12010","-2490","-17.17","105346387560"
"272110","케이엔제이","KOSDAQ","전기·전자","28000","-3600","-11.39","224711060000"
"039420","케이엘넷","KOSDAQ","통신","2640","-165","-5.88","63768487200"
"083550","케이엠","KOSDAQ","섬유·의류","3165","-735","-18.85","40989557355"
"032500","케이엠더블유","KOSDAQ","전기·전자","15260","-2680","-14.94","628826816240"
"225430","케이엠제약","KOSDAQ","화학","340","-88","-20.56","9481597000"
"102370","케이옥션","KOSDAQ","유통","3190","-430","-11.88","86861179900"
"068100","케이웨더","KOSDAQ","기계·장비","2515","-320","-11.29","24998129210"
"106080","케이이엠텍","KOSDAQ","전기·전자","360","-76","-17.43","10371271680"
"455180","케이지에이","KOSDAQ","기계·장비","2500","-500","-16.67","34895790000"
"036030","케이티알파","KOSDAQ","유통","4465","-325","-6.78","218871098595"
"064820","케이프","KOSDAQ","운송장비·부품","9230","-1870","-16.85","285222949440"
"024880","케이피에프","KOSDAQ","금속","5500","-660","-10.71","110493201500"
"042040","케이피엠테크","KOSDAQ","유통","157","-15","-8.72","30637855118"
"054410","케이피티유","KOSDAQ","금속","3140","-235","-6.96","17981034160"
"258610","케일럼","KOSDAQ","금속","1081","-130","-10.73","39440353103"
"274090","켄코아에어로스페이스","KOSDAQ","운송장비·부품","16990","-3660","-17.72","232490191570"
"089010","켐트로닉스","KOSDAQ","화학","25000","-5550","-18.17","408483075000"
"220260","켐트로스","KOSDAQ","화학","4760","-890","-15.75","152662981800"
"052400","코나아이","KOSDAQ","IT 서비스","55600","-7500","-11.89","809718979600"
"402030","코난테크놀로지","KOSDAQ","IT 서비스","16400","-3250","-16.54","205286803200"
"391710","코닉오토메이션","KOSDAQ","기계·장비","1715","-295","-14.68","73094106050"
"046070","코다코","KOSDAQ","운송장비·부품","10280","0","0.00","159196994920"
"047770","코데즈컴바인","KOSDAQ","섬유·의류","4420","-490","-9.98","167264300840"
"080530","코디","KOSDAQ","화학","838","-117","-12.25","46518113250"
"104540","코렌텍","KOSDAQ","의료·정밀기기","5490","-780","-12.44","70193712600"
"027050","코리아나","KOSDAQ","화학","1740","-214","-10.95","69600000000"
"190650","코리아에셋투자증권","KOSDAQ","금융","7820","-1090","-12.23","49954160000"
"123410","코리아에프티","KOSDAQ","운송장비·부품","6850","-1280","-15.74","190711288400"
"036690","코맥스","KOSDAQ","전기·전자","2885","0","0.00","125692107675"
"049430","코메론","KOSDAQ","의료·정밀기기","14250","-1130","-7.35","128934000000"
"183300","코미코","KOSDAQ","기계·장비","89500","-14600","-14.02","936231218000"
"041960","코미팜","KOSDAQ","제약","7900","-1000","-11.24","583703310500"
"089890","코세스","KOSDAQ","기계·장비","20200","-5800","-22.31","335016232400"
"360350","코셈","KOSDAQ","의료·정밀기기","8060","-440","-5.18","46167438200"
"082660","코스나인","KOSDAQ","화학","480","0","0.00","47827617120"
"222040","코스맥스엔비티","KOSDAQ","음식료·담배","3100","-180","-5.49","63946800000"
"241710","코스메카코리아","KOSDAQ","화학","70800","-6800","-8.76","756144000000"
"355150","코스텍시스","KOSDAQ","전기·전자","15930","-2380","-13.00","124211785500"
"166480","코아스템켐온","KOSDAQ","제약","2540","-385","-13.16","134290755040"
"045970","코아시아","KOSDAQ","전기·전자","4265","-835","-16.37","112232946140"
"196450","코아시아씨엠","KOSDAQ","의료·정밀기기","1161","-246","-17.48","52616034702"
"384470","코어라인소프트","KOSDAQ","IT 서비스","2910","-440","-13.13","52224873720"
"102940","코오롱생명과학","KOSDAQ","제약","50500","-10400","-17.08","659671551500"
"950160","코오롱티슈진","KOSDAQ","제약","91100","-14000","-13.32","7584652118500"
"056360","코위버","KOSDAQ","전기·전자","4540","-490","-9.74","44477472000"
"282880","코윈테크","KOSDAQ","기계·장비","13370","-2410","-15.27","153345476900"
"121850","코이즈","KOSDAQ","화학","2110","-390","-15.60","10670267890"
"448710","코츠테크놀로지","KOSDAQ","전기·전자","17070","-2850","-14.31","90219934440"
"126730","코칩","KOSDAQ","전기·전자","16100","-3300","-17.01","136905706000"
"015710","코콤","KOSDAQ","전기·전자","3365","-340","-9.18","58990132500"
"052330","코텍","KOSDAQ","전기·전자","9210","-710","-7.16","163584234690"
"322780","코퍼스코리아","KOSDAQ","오락·문화","317","-8","-2.46","13608378563"
"200130","콜마비앤에이치","KOSDAQ","제약","11780","-1370","-10.42","346515273240"
"294570","쿠콘","KOSDAQ","IT 서비스","27800","-5200","-15.76","280550149600"
"464490","쿼드메디슨","KOSDAQ","제약","14110","-3030","-17.68","162012614430"
"317690","퀀타매트릭스","KOSDAQ","의료·정밀기기","3320","-495","-12.98","66848296280"
"432720","퀄리타스반도체","KOSDAQ","전기·전자","10190","-2540","-19.95","144255876280"
"365270","큐라클","KOSDAQ","일반서비스","14210","-3530","-19.90","311548082860"
"348080","큐라티스","KOSDAQ","일반서비스","1003","-92","-8.40","82032154382"
"060280","큐렉소","KOSDAQ","유통","13560","-2440","-15.25","557180264400"
"372320","큐로셀","KOSDAQ","일반서비스","46300","-7400","-13.78","669443736400"
"051780","큐로홀딩스","KOSDAQ","유통","775","-95","-10.92","20003714875"
"115180","큐리언트","KOSDAQ","일반서비스","26600","-4800","-15.29","990421341000"
"494120","큐리오시스","KOSDAQ","의료·정밀기기","60000","-16600","-21.67","456988920000"
"445680","큐리옥스바이오시스템즈","KOSDAQ","의료·정밀기기","89800","-19700","-17.99","1537361003400"
"182360","큐브엔터","KOSDAQ","오락·문화","9950","-1210","-10.84","154720997550"
"405100","큐알티","KOSDAQ","일반서비스","14340","-2370","-14.18","176228576340"
"066310","큐에스아이","KOSDAQ","전기·전자","7630","-830","-9.81","70742468230"
"016600","큐캐피탈","KOSDAQ","금융","316","-21","-6.23","56326087392"
"355390","크라우드웍스","KOSDAQ","IT 서비스","2365","-385","-14.00","36839791835"
"096240","크레버스","KOSDAQ","일반서비스","10810","-620","-5.42","116079725800"
"040350","크레오에스지","KOSDAQ","IT 서비스","740","-140","-15.91","72225969140"
"110790","크리스에프앤씨","KOSDAQ","섬유·의류","3880","-335","-7.95","90912124800"
"900250","크리스탈신소재","KOSDAQ","금융","526","-85","-13.91","75354762104"
"045520","크린앤사이언스","KOSDAQ","기계·장비","3000","-290","-8.81","19500000000"
"214150","클래시스","KOSDAQ","의료·정밀기기","49250","-6650","-11.90","3226153705750"
"466100","클로봇","KOSDAQ","IT 서비스","50800","-14600","-22.32","1269600661200"
"237880","클리오","KOSDAQ","화학","11170","-1310","-10.50","201857013010"
"139670","키네마스터","KOSDAQ","IT 서비스","1766","-233","-11.66","24933818460"
"475430","키스트론","KOSDAQ","전기·전자","4095","-405","-9.00","73088010450"
"487720","키움제10호스팩","KOSDAQ","금융","2065","-45","-2.13","8734950000"
"489480","키움제11호스팩","KOSDAQ","금융","2080","-20","-0.95","13728000000"
"466690","키움히어로제1호스팩","KOSDAQ","금융","2040","-35","-1.69","10393800000"
"054780","키이스트","KOSDAQ","오락·문화","2155","-295","-12.04","42362543915"
"256940","킵스파마","KOSDAQ","제약","6600","-1090","-14.17","132515770200"
"219130","타이거일렉","KOSDAQ","전기·전자","25700","-1100","-4.10","162277253000"
"336680","탑런토탈솔루션","KOSDAQ","전기·전자","3530","-375","-9.60","138183819740"
"360070","탑머티리얼","KOSDAQ","전기·전자","15460","-3240","-17.33","126409354780"
"065130","탑엔지니어링","KOSDAQ","기계·장비","2880","-380","-11.66","46091520000"
"134580","탑코미디어","KOSDAQ","IT 서비스","1620","-112","-6.47","79856521380"
"023160","태광","KOSDAQ","금속","23500","-3500","-12.96","607880187000"
"323280","태성","KOSDAQ","기계·장비","59600","-15300","-20.43","1820063608000"
"053620","태양","KOSDAQ","금속","6430","-500","-7.22","55298000000"
"044490","태웅","KOSDAQ","금속","27150","-6100","-18.35","543200394150"
"124560","태웅로직스","KOSDAQ","운송·창고","2645","-325","-10.94","102416545095"
"191420","테고사이언스","KOSDAQ","제약","12250","-900","-6.84","99333216500"
"950250","테라뷰","KOSDAQ","금융","5820","-1380","-19.17","206713194420"
"073640","테라사이언스","KOSDAQ","금속","654","0","0.00","69571715580"
"066700","테라젠이텍스","KOSDAQ","제약","2485","-175","-6.58","92323654360"
"095610","테스","KOSDAQ","기계·장비","60500","-9800","-13.94","1171280000000"
"064520","테크엘","KOSDAQ","전기·전자","1560","-104","-6.25","34867656720"
"089030","테크윙","KOSDAQ","기계·장비","51000","-300","-0.58","1889735895000"
"054450","텔레칩스","KOSDAQ","전기·전자","11480","-1790","-13.49","173855794840"
"200230","텔콘RF제약","KOSDAQ","제약","689","-93","-11.89","47212714237"
"393210","토마토시스템","KOSDAQ","IT 서비스","3890","-745","-16.07","60740576160"
"475960","토모큐브","KOSDAQ","의료·정밀기기","54200","-9800","-15.31","725373450800"
"215480","토박스코리아","KOSDAQ","유통","2000","0","0.00","18360000000"
"051360","토비스","KOSDAQ","전기·전자","14010","-1090","-7.22","210812126610"
"045340","토탈소프트","KOSDAQ","IT 서비스","6070","-820","-11.90","51947302800"
"108230","톱텍","KOSDAQ","기계·장비","4000","-560","-12.28","152092980000"
"079970","투비소프트","KOSDAQ","IT 서비스","596","0","0.00","7646223464"
"199800","툴젠","KOSDAQ","일반서비스","42200","-4850","-10.31","379539583800"
"417790","트루엔","KOSDAQ","전기·전자","7090","-560","-7.32","74220892190"
"290090","트윔","KOSDAQ","IT 서비스","5800","-520","-8.23","43153554400"
"026150","특수건설","KOSDAQ","건설","6080","-670","-9.93","106681692480"
"464280","티디에스팜","KOSDAQ","제약","8500","-1120","-11.64","47005000000"
"117730","티로보틱스","KOSDAQ","기계·장비","18210","-4490","-19.78","403969073940"
"033830","티비씨","KOSDAQ","오락·문화","548","-49","-8.21","54800000000"
"057680","티사이언티픽","KOSDAQ","IT 서비스","580","-48","-7.64","41324130580"
"204610","티쓰리","KOSDAQ","IT 서비스","2220","-80","-3.48","130295618400"
"125020","티씨머티리얼즈","KOSDAQ","전기·전자","5500","-490","-8.18","192712025000"
"064760","티씨케이","KOSDAQ","비금속","199500","-17500","-8.06","2230293492000"
"246710","티앤알바이오팹","KOSDAQ","제약","2760","-480","-14.81","131290572480"
"340570","티앤엘","KOSDAQ","제약","45550","-5350","-10.51","370230400000"
"043220","티에스넥스젠","KOSDAQ","기계·장비","1710","0","0.00","27227331360"
"277880","티에스아이","KOSDAQ","기계·장비","4900","-460","-8.58","99010615200"
"131290","티에스이","KOSDAQ","의료·정밀기기","83900","-4300","-4.88","928053893100"
"425420","티에프이","KOSDAQ","전기·전자","37000","-5000","-11.90","442546270000"
"484810","티엑스알로보틱스","KOSDAQ","기계·장비","13950","-3370","-19.46","215540264250"
"131100","티엔엔터테인먼트","KOSDAQ","오락·문화","1319","-10","-0.75","42533428956"
"356860","티엘비","KOSDAQ","전기·전자","47050","-9950","-17.46","462625241500"
"321550","티움바이오","KOSDAQ","일반서비스","5630","-690","-10.92","163711133020"
"425040","티이엠씨","KOSDAQ","화학","7740","-1180","-13.23","165087094680"
"241790","티이엠씨씨엔에스","KOSDAQ","기계·장비","6170","-920","-12.98","61716251780"
"022220","티케이지애강","KOSDAQ","화학","522","-55","-9.53","27036770238"
"104480","티케이케미칼","KOSDAQ","화학","1750","-250","-12.50","159067009500"
"081150","티플랙스","KOSDAQ","금속","2720","-240","-8.11","66010053440"
"130740","티피씨글로벌","KOSDAQ","운송장비·부품","1782","-298","-14.33","20095041978"
"084730","팅크웨어","KOSDAQ","전기·전자","7510","-1070","-12.47","83431774240"
"440110","파두","KOSDAQ","전기·전자","54500","-4500","-7.63","2725574266500"
"290560","파라택시스이더리움","KOSDAQ","IT 서비스","1473","-115","-7.24","32940301290"
"288330","파라택시스코리아","KOSDAQ","제약","661","-79","-10.68","70118067631"
"033540","파라텍","KOSDAQ","기계·장비","1107","-63","-5.38","57836688417"
"388870","파로스아이바이오","KOSDAQ","일반서비스","7500","-960","-11.35","97094490000"
"043200","파루","KOSDAQ","전기·전자","743","-85","-10.27","31060606045"
"214450","파마리서치","KOSDAQ","제약","288000","-40500","-12.33","2992218624000"
"177830","파버나인","KOSDAQ","전기·전자","2695","-75","-2.71","36366197945"
"037070","파세코","KOSDAQ","전기·전자","7870","-380","-4.61","157400000000"
"150900","파수","KOSDAQ","IT 서비스","3375","-285","-7.79","39500736750"
"037030","파워넷","KOSDAQ","전기·전자","2435","-370","-13.19","61361800330"
"047310","파워로직스","KOSDAQ","전기·전자","4835","-775","-13.81","177013000425"
"368770","파이버프로","KOSDAQ","의료·정밀기기","12020","-3190","-20.97","394907784500"
"170790","파이오링크","KOSDAQ","전기·전자","7420","-990","-11.77","47468225700"
"049120","파인디앤씨","KOSDAQ","전기·전자","487","-53","-9.81","25815051353"
"038950","파인디지털","KOSDAQ","전기·전자","2885","-85","-2.86","29458057025"
"387570","파인메딕스","KOSDAQ","의료·정밀기기","6050","-340","-5.32","34036695000"
"441270","파인엠텍","KOSDAQ","전기·전자","7910","-1190","-13.08","325321617810"
"106240","파인테크닉스","KOSDAQ","전기·전자","1969","-126","-6.01","45027735863"
"131760","파인텍","KOSDAQ","기계·장비","646","-49","-7.05","28056802618"
"065690","파커스","KOSDAQ","화학","1299","-108","-7.68","18250080969"
"140860","파크시스템스","KOSDAQ","의료·정밀기기","238000","-41500","-14.85","1665161526000"
"091700","파트론","KOSDAQ","전기·전자","7590","-850","-10.07","417450000000"
"032800","판타지오","KOSDAQ","오락·문화","311","-34","-9.86","14292645038"
"318010","팜스빌","KOSDAQ","음식료·담배","3295","-235","-6.66","26127168710"
"027710","팜스토리","KOSDAQ","음식료·담배","1315","-52","-3.80","146512829000"
"225590","패션플랫폼","KOSDAQ","섬유·의류","853","-19","-2.18","22721116189"
"054300","팬스타엔터프라이즈","KOSDAQ","기계·장비","606","-101","-14.29","70139585340"
"068050","팬엔터테인먼트","KOSDAQ","오락·문화","1481","-165","-10.02","41014926556"
"222110","팬젠","KOSDAQ","제약","4555","-485","-9.62","61466067335"
"271830","팸텍","KOSDAQ","기계·장비","1370","-160","-10.46","40401576740"
"263750","펄어비스","KOSDAQ","IT 서비스","54000","-6000","-10.00","3469384170000"
"251970","펌텍코리아","KOSDAQ","화학","44850","-4450","-9.03","556140000000"
"0015S0","페스카로","KOSDAQ","일반서비스","15630","-2770","-15.05","151028469900"
"168360","펨트론","KOSDAQ","기계·장비","20000","-3500","-14.89","425765680000"
"087010","펩트론","KOSDAQ","제약","220000","-38500","-14.89","5129817000000"
"064800","포니링크","KOSDAQ","유통","721","-54","-6.97","92149061858"
"119500","포메탈","KOSDAQ","금속","3845","-775","-16.77","45552607040"
"389140","포바이포","KOSDAQ","오락·문화","8570","-1650","-16.14","122291628950"
"105760","포스뱅크","KOSDAQ","기계·장비","4690","-500","-9.63","47708495030"
"009520","포스코엠텍","KOSDAQ","금속","15420","-2840","-15.55","642130480260"
"189690","포시에스","KOSDAQ","IT 서비스","1799","-176","-8.91","49152222231"
"318020","포인트모바일","KOSDAQ","전기·전자","3175","-425","-11.81","39056538600"
"256630","포인트엔지니어링","KOSDAQ","금속","999","-63","-5.93","57939074928"
"331380","포커스에이아이","KOSDAQ","전기·전자","2720","-280","-9.33","85526241120"
"208710","포톤","KOSDAQ","전기·전자","1827","-143","-7.26","24080101164"
"472850","폰드그룹","KOSDAQ","유통","5190","-740","-12.48","298796873880"
"039980","폴라리스AI","KOSDAQ","IT 서비스","1239","-137","-9.96","90172903464"
"041910","폴라리스AI파마","KOSDAQ","제약","5860","-570","-8.86","79119417020"
"234100","폴라리스세원","KOSDAQ","운송장비·부품","938","-139","-12.91","66406838414"
"041020","폴라리스오피스","KOSDAQ","IT 서비스","3320","-620","-15.74","165088653360"
"114630","폴라리스우노","KOSDAQ","화학","482","-21","-4.17","42390718136"
"290720","푸드나무","KOSDAQ","유통","2055","-60","-2.84","72176001810"
"005670","푸드웰","KOSDAQ","음식료·담배","5550","-440","-7.35","55500000000"
"094940","푸른기술","KOSDAQ","전기·전자","8220","-1480","-15.26","68730592920"
"007330","푸른저축은행","KOSDAQ","금융","11400","0","0.00","171943920000"
"093380","풍강","KOSDAQ","금속","2525","-210","-7.68","24945265325"
"023900","풍국주정","KOSDAQ","음식료·담배","8750","-520","-5.61","110250000000"
"371950","풍원정밀","KOSDAQ","전기·전자","11970","-3920","-24.67","271270699560"
"370090","퓨런티어","KOSDAQ","의료·정밀기기","10950","-2050","-15.77","93697288500"
"445180","퓨릿","KOSDAQ","화학","8240","-970","-10.53","141638909120"
"220100","퓨쳐켐","KOSDAQ","제약","18500","-3550","-16.10","414907270000"
"035200","프럼파스트","KOSDAQ","화학","3130","-350","-10.06","30456746700"
"334970","프레스티지바이오로직스","KOSDAQ","제약","2400","-255","-9.60","186606328800"
"227100","프로브잇","KOSDAQ","부동산","612","0","0.00","14770119384"
"321260","프로이천","KOSDAQ","전기·전자","1475","-174","-10.55","41583323900"
"053610","프로텍","KOSDAQ","기계·장비","46000","-7700","-14.34","506000000000"
"468530","프로티나","KOSDAQ","일반서비스","62000","-15400","-19.90","678247760000"
"303360","프로티아","KOSDAQ","의료·정밀기기","4590","-510","-10.00","59106416850"
"377220","프롬바이오","KOSDAQ","음식료·담배","1076","-121","-10.11","30461560000"
"335810","프리시젼바이오","KOSDAQ","의료·정밀기기","2205","-250","-10.18","48398660730"
"053160","프리엠스","KOSDAQ","전기·전자","6820","-820","-10.73","40920000000"
"405000","플라즈맵","KOSDAQ","의료·정밀기기","6000","-850","-12.41","23030664000"
"041590","플래스크","KOSDAQ","건설","2370","0","0.00","116064014460"
"367000","플래티어","KOSDAQ","IT 서비스","3640","-175","-4.59","30533073480"
"075130","플랜티넷","KOSDAQ","IT 서비스","2025","-190","-8.58","33660198000"
"237820","플레이디","KOSDAQ","일반서비스","3900","-330","-7.80","50025846000"
"023770","플레이위드","KOSDAQ","IT 서비스","2610","-45","-1.69","23350351950"
"019570","플루토스","KOSDAQ","금융","340","-38","-10.05","22817414280"
"300080","플리토","KOSDAQ","IT 서비스","10540","-1300","-10.98","173967453540"
"033790","피노","KOSDAQ","전기·전자","4915","-995","-16.84","334403432715"
"032580","피델릭스","KOSDAQ","전기·전자","850","-179","-17.40","28162254400"
"051380","피씨디렉트","KOSDAQ","유통","1669","-160","-8.75","25602580168"
"241820","피씨엘","KOSDAQ","제약","6040","0","0.00","16803871920"
"452450","피아이이","KOSDAQ","기계·장비","4860","-840","-14.74","174369510000"
"237750","피앤씨테크","KOSDAQ","전기·전자","4110","-525","-11.33","26701026000"
"460940","피앤에스로보틱스","KOSDAQ","의료·정밀기기","7510","-1260","-14.37","99548654800"
"319660","피에스케이","KOSDAQ","기계·장비","54400","-6900","-11.26","1575789241600"
"031980","피에스케이홀딩스","KOSDAQ","기계·장비","89800","1500","1.70","1936303071000"
"002230","피에스텍","KOSDAQ","의료·정밀기기","9000","-1860","-17.13","173464380000"
"043370","피에이치에이","KOSDAQ","운송장비·부품","11520","-1340","-10.42","241920000000"
"239890","피엔에이치테크","KOSDAQ","화학","4360","-550","-11.20","43319891800"
"347740","피엔케이피부임상연구센타","KOSDAQ","일반서비스","2105","-205","-8.87","63172262480"
"137400","피엔티","KOSDAQ","기계·장비","41550","-7950","-16.06","984349748400"
"257370","피엔티엠에스","KOSDAQ","기계·장비","2950","-315","-9.65","36889339950"
"147760","피엠티","KOSDAQ","의료·정밀기기","3530","-870","-19.77","38194126980"
"128660","피제이메탈","KOSDAQ","금속","2950","-110","-3.59","73169938550"
"006140","피제이전자","KOSDAQ","의료·정밀기기","6400","-770","-10.74","96000000000"
"376180","피코그램","KOSDAQ","기타제조","2155","-290","-11.86","39999036890"
"304840","피플바이오","KOSDAQ","제약","671","-60","-8.21","14244196681"
"087600","픽셀플러스","KOSDAQ","전기·전자","5660","-480","-7.82","46222718280"
"291810","핀텔","KOSDAQ","IT 서비스","1981","-279","-12.35","22521418472"
"378340","필에너지","KOSDAQ","기계·장비","12120","-2580","-17.55","260130129840"
"161580","필옵틱스","KOSDAQ","기계·장비","39200","-8800","-18.33","917387682400"
"347770","핌스","KOSDAQ","전기·전자","904","-94","-9.42","20662765968"
"163730","핑거","KOSDAQ","IT 서비스","8760","-1420","-13.95","82401535680"
"417180","핑거스토리","KOSDAQ","IT 서비스","1510","-196","-11.49","26498420730"
"469880","하나30호스팩","KOSDAQ","금융","2100","0","0.00","15340500000"
"469900","하나31호스팩","KOSDAQ","금융","2085","-10","-0.48","11686425000"
"475240","하나32호스팩","KOSDAQ","금융","2130","0","0.00","6816000000"
"475250","하나33호스팩","KOSDAQ","금융","2105","-20","-0.94","7788500000"
"484130","하나34호스팩","KOSDAQ","금융","2050","-25","-1.20","9266000000"
"0041L0","하나35호스팩","KOSDAQ","금융","2015","-5","-0.25","12150450000"
"0101C0","하나36호스팩","KOSDAQ","금융","1999","-6","-0.30","15472260000"
"299030","하나기술","KOSDAQ","기계·장비","23750","-5250","-18.10","189879112500"
"067310","하나마이크론","KOSDAQ","전기·전자","30200","-3850","-11.31","2006135445200"
"166090","하나머티리얼즈","KOSDAQ","전기·전자","53900","-5100","-8.64","1066016628600"
"136480","하림","KOSDAQ","음식료·담배","2990","-135","-4.32","317567008980"
"003380","하림지주","KOSDAQ","금융","13400","-2000","-12.99","1500875321400"
"450330","하스","KOSDAQ","제약","5770","-740","-11.37","47238084110"
"101670","하이드로리튬","KOSDAQ","금속","1722","-226","-11.60","97290045048"
"365590","하이딥","KOSDAQ","전기·전자","2075","-240","-10.37","64234990650"
"149980","하이로닉","KOSDAQ","의료·정밀기기","5090","0","0.00","107879307670"
"013030","하이록코리아","KOSDAQ","금속","33000","-4150","-11.17","388348752000"
"126700","하이비젼시스템","KOSDAQ","의료·정밀기기","15630","-2350","-13.07","233545210560"
"160190","하이젠알앤엠","KOSDAQ","전기·전자","50300","-12500","-19.90","1553666400000"
"221840","하이즈항공","KOSDAQ","운송장비·부품","2310","-415","-15.23","43198295910"
"106190","하이텍팜","KOSDAQ","제약","13850","-1400","-9.18","147269446050"
"065650","하이퍼코퍼레이션","KOSDAQ","유통","1800","-166","-8.44","24003388800"
"066130","하츠","KOSDAQ","전기·전자","3920","-330","-7.76","50176000000"
"004590","한국가구","KOSDAQ","유통","4390","-375","-7.87","65850000000"
"039340","한국경제TV","KOSDAQ","오락·문화","4495","-1285","-22.23","101137500000"
"034950","한국기업평가","KOSDAQ","일반서비스","97500","-3700","-3.66","442700115000"
"222980","한국맥널티","KOSDAQ","음식료·담배","2585","-295","-10.24","28516383555"
"256840","한국비엔씨","KOSDAQ","제약","3715","-595","-13.81","254087001490"
"219750","한국비티비","KOSDAQ","의료·정밀기기","760","-39","-4.88","49724432600"
"025550","한국선재","KOSDAQ","금속","2900","-340","-10.49","73990611600"
"017890","한국알콜","KOSDAQ","화학","11060","-1150","-9.42","235284976360"
"080720","한국유니온제약","KOSDAQ","제약","2725","0","0.00","21562456300"
"041460","한국전자인증","KOSDAQ","IT 서비스","3560","-340","-8.72","67640000000"
"101680","한국정밀기계","KOSDAQ","기계·장비","2280","-230","-9.16","19161120000"
"039740","한국정보공학","KOSDAQ","유통","2790","-200","-6.69","22371327630"
"053300","한국정보인증","KOSDAQ","IT 서비스","5370","-790","-12.82","227910108570"
"025770","한국정보통신","KOSDAQ","통신","7350","-620","-7.78","275215391850"
"458610","한국제12호스팩","KOSDAQ","금융","2095","0","0.00","8861850000"
"464440","한국제13호스팩","KOSDAQ","금융","2095","-15","-0.71","9050400000"
"479880","한국제15호스팩","KOSDAQ","금융","2100","5","0.24","14427000000"
"062970","한국첨단소재","KOSDAQ","전기·전자","2055","-255","-11.04","47386401180"
"023760","한국캐피탈","KOSDAQ","금융","964","-83","-7.93","304247631264"
"054040","한국컴퓨터","KOSDAQ","전기·전자","4910","-460","-8.57","78910033900"
"021650","한국큐빅","KOSDAQ","화학","2155","-160","-6.91","35235463265"
"032300","한국파마","KOSDAQ","제약","11690","-1360","-10.42","127499334690"
"037230","한국팩키지","KOSDAQ","종이·목재","1725","-195","-10.16","51405564075"
"448900","한국피아이엠","KOSDAQ","운송장비·부품","101500","-22000","-17.81","609452385500"
"030520","한글과컴퓨터","KOSDAQ","IT 서비스","18550","-2800","-13.11","448534251200"
"052600","한네트","KOSDAQ","통신","3070","-360","-10.50","35500559000"
"256150","한독크린텍","KOSDAQ","기계·장비","5160","-120","-2.27","43318200000"
"092460","한라IMS","KOSDAQ","운송장비·부품","13160","-2040","-13.42","225163388800"
"125490","한라캐스트","KOSDAQ","운송장비·부품","13290","-2820","-17.50","485116258080"
"452190","한빛레이저","KOSDAQ","기계·장비","3610","-690","-16.05","84353270770"
"047080","한빛소프트","KOSDAQ","IT 서비스","1073","-107","-9.07","26634394426"
"452280","한선엔지니어링","KOSDAQ","금속","8000","-1730","-17.78","142935048000"
"066980","한성크린텍","KOSDAQ","일반서비스","1150","-153","-11.74","59725393750"
"114810","한솔아이원스","KOSDAQ","기계·장비","12870","-2280","-15.05","367994149380"
"070590","한솔인티큐브","KOSDAQ","IT 서비스","1778","-122","-6.42","24677788338"
"042520","한스바이오메드","KOSDAQ","제약","42750","-5250","-10.94","609673439250"
"430690","한싹","KOSDAQ","IT 서비스","3305","-565","-14.60","36009055735"
"078350","한양디지텍","KOSDAQ","전기·전자","19970","-3380","-14.48","304430308540"
"045100","한양이엔지","KOSDAQ","일반서비스","27250","-4000","-12.80","490500000000"
"320000","한울반도체","KOSDAQ","기계·장비","1531","-292","-16.02","50365649944"
"091440","한울소재과학","KOSDAQ","전기·전자","2725","-290","-9.62","84048387625"
"276730","한울앤제주","KOSDAQ","음식료·담배","787","-119","-13.13","17431929589"
"024740","한일단조","KOSDAQ","운송장비·부품","2765","75","2.79","90960340485"
"005860","한일사료","KOSDAQ","음식료·담배","4330","735","20.45","170617956050"
"007770","한일화학","KOSDAQ","화학","7310","-570","-7.23","25658100000"
"198940","한주라이트메탈","KOSDAQ","금속","600","-73","-10.85","23353786800"
"058450","한주에이알티","KOSDAQ","오락·문화","375","-24","-6.02","7520058000"
"107640","한중엔시에스","KOSDAQ","전기·전자","40350","-10650","-20.88","365770571100"
"079170","한창산업","KOSDAQ","금속","6410","-10","-0.16","33332000000"
"054920","한컴위드","KOSDAQ","IT 서비스","3970","-735","-15.62","112021811570"
"457370","한켐","KOSDAQ","화학","7800","-1190","-13.24","62611645200"
"002680","한탑","KOSDAQ","음식료·담배","842","194","29.94","27210744758"
"098070","한텍","KOSDAQ","기계·장비","30200","-5000","-14.20","335858458200"
"455310","한화플러스제4호스팩","KOSDAQ","금융","2095","-5","-0.24","10600700000"
"498390","한화플러스제5호스팩","KOSDAQ","금융","2025","-15","-0.74","10044000000"
"034810","해성산업","KOSDAQ","금융","7210","-890","-10.99","234734938970"
"03481K","해성산업1우","KOSDAQ","금융","7390","-650","-8.08","10264133580"
"059270","해성에어로보틱스","KOSDAQ","금속","9630","-2450","-20.28","107521829370"
"076610","해성옵틱스","KOSDAQ","의료·정밀기기","1053","-135","-11.36","55993738320"
"220180","핸디소프트","KOSDAQ","IT 서비스","1824","-174","-8.71","43649855808"
"900270","헝셩그룹","KOSDAQ","금융","138","0","0.00","33678491520"
"214180","헥토이노베이션","KOSDAQ","IT 서비스","18510","-2740","-12.89","240507223170"
"234340","헥토파이낸셜","KOSDAQ","IT 서비스","25400","-2000","-7.30","354854662400"
"084990","헬릭스미스","KOSDAQ","일반서비스","5320","-800","-13.07","245213680040"
"187660","현대ADM","KOSDAQ","일반서비스","10580","-4530","-29.98","586832956740"
"170030","현대공업","KOSDAQ","운송장비·부품","5460","-740","-11.94","83756400000"
"319400","현대무벡스","KOSDAQ","기계·장비","25500","-6900","-21.30","2840088994500"
"048410","현대바이오","KOSDAQ","화학","11780","-4550","-27.86","1131362508800"
"052260","현대바이오랜드","KOSDAQ","화학","3990","-325","-7.53","119700000000"
"016790","현대사료","KOSDAQ","음식료·담배","994","0","0.00","187340898626"
"041440","현대에버다임","KOSDAQ","기계·장비","7280","-1150","-13.64","130428072320"
"039010","현대에이치티","KOSDAQ","전기·전자","8290","-710","-7.89","71501250000"
"090850","현대이지웰","KOSDAQ","IT 서비스","6030","-340","-5.34","143190556830"
"460930","현대힘스","KOSDAQ","운송장비·부품","15300","-3090","-16.80","543313266300"
"092300","현우산업","KOSDAQ","전기·전자","2755","-425","-13.36","52482573680"
"011080","형지I&C","KOSDAQ","섬유·의류","439","-66","-13.07","18860591058"
"308100","형지글로벌","KOSDAQ","유통","901","-151","-14.35","21644730208"
"064240","홈캐스트","KOSDAQ","유통","1730","-128","-6.89","60021054230"
"039610","화성밸브","KOSDAQ","기계·장비","6990","-1130","-13.92","72768696000"
"126640","화신정공","KOSDAQ","운송장비·부품","1353","-146","-9.74","47430646230"
"127980","화인써키트","KOSDAQ","전기·전자","4885","-355","-6.77","57841741340"
"061250","화일약품","KOSDAQ","제약","957","-70","-6.82","82795665579"
"097870","효성오앤비","KOSDAQ","화학","5550","-570","-9.31","47119500000"
"290270","휴네시온","KOSDAQ","IT 서비스","3330","-260","-7.24","31993547760"
"353190","휴럼","KOSDAQ","음식료·담배","682","-31","-4.35","26856082440"
"090710","휴림로봇","KOSDAQ","기계·장비","10410","-2590","-19.92","1243549420770"
"078590","휴림에이텍","KOSDAQ","운송장비·부품","553","-104","-15.83","46970120078"
"205470","휴마시스","KOSDAQ","제약","682","-83","-10.85","88233756138"
"115160","휴맥스","KOSDAQ","전기·전자","589","-81","-12.09","25898403036"
"028080","휴맥스홀딩스","KOSDAQ","IT 서비스","1412","-135","-8.73","17759438472"
"175140","휴먼테크놀로지","KOSDAQ","전기·전자","3415","-310","-8.32","85184623995"
"200670","휴메딕스","KOSDAQ","제약","33600","-5500","-14.07","377325648000"
"065510","휴비츠","KOSDAQ","의료·정밀기기","8000","-690","-7.94","91886904000"
"263920","휴엠앤씨","KOSDAQ","기타제조","3810","-310","-7.52","37372389060"
"243070","휴온스","KOSDAQ","제약","24900","-2250","-8.29","298293658500"
"084110","휴온스글로벌","KOSDAQ","제약","53000","-8200","-13.40","670970036000"
"145020","휴젤","KOSDAQ","제약","234000","-22000","-8.59","2879143722000"
"024060","흥구석유","KOSDAQ","유통","29700","6850","29.98","445500000000"
"010240","흥국","KOSDAQ","기계·장비","4880","-410","-7.75","57125280000"
"189980","흥국에프엔비","KOSDAQ","음식료·담배","1591","-62","-3.75","63859282757"
"037440","희림","KOSDAQ","일반서비스","3725","-490","-11.63","51861219375"
"238490","힘스","KOSDAQ","기계·장비","2635","-280","-9.61","29807741860"