"날짜","종가","시가","고가","저가","거래량","변동 %"
"2026- 01- 20","708.48","713.22","716.78","699.93","254.58M","-0.77%"
"2026- 01- 19","713.96","702.23","716.58","702.02","195.18M","1.32%"
"2026- 01- 16","704.64","699.71","706.94","696.49","247.06M","1.18%"
"2026- 01- 15","696.39","682.52","696.39","681.68","197.80M","1.55%"
"2026- 01- 14","685.76","679.26","685.76","677.64","202.98M","0.74%"
"2026- 01- 13","680.71","678.34","681.24","673.13","192.63M","1.17%"
"2026- 01- 12","672.86","676.95","678.91","664.05","187.63M","0.69%"
"2026- 01- 09","668.25","659.63","670.32","654.79","177.22M","0.61%"
"2026- 01- 08","664.18","660.52","677.27","659.96","200.28M","-0.05%"
"2026- 01- 07","664.48","667.22","674.86","653.93","194.50M","0.76%"
"2026- 01- 06","659.45","645.59","659.45","637.00","184.05M","1.65%"
"2026- 01- 05","648.74","638.01","648.74","636.46","166.47M","3.94%"
"2026- 01- 02","624.17","607.66","624.87","607.39","125.32M","3.00%"
"2025- 12- 30","605.98","601.72","608.40","600.67","91.73M","0.05%"
"2025- 12- 29","605.69","594.65","605.69","594.44","111.59M","2.65%"
"2025- 12- 26","590.08","587.89","592.20","586.92","126.88M","1.00%"
"2025- 12- 24","584.21","587.37","588.03","583.86","97.84M","-0.07%"
"2025- 12- 23","584.64","585.43","588.56","583.55","135.79M","0.33%"
"2025- 12- 22","582.73","580.63","582.73","578.85","122.02M","2.52%"
"2025- 12- 19","568.40","575.27","575.27","566.19","152.16M","0.49%"
"2025- 12- 18","565.65","563.33","570.54","562.10","109.57M","-1.22%"
"2025- 12- 17","572.62","564.59","573.54","561.40","124.79M","1.98%"
"2025- 12- 16","561.52","574.54","575.50","561.33","142.67M","-2.26%"
"2025- 12- 15","574.49","570.01","579.52","569.39","124.38M","-2.29%"
"2025- 12- 12","587.93","581.71","588.71","581.14","134.28M","1.34%"
"2025- 12- 11","580.16","589.39","591.32","579.83","154.79M","-0.92%"
"2025- 12- 10","585.52","588.23","591.74","583.64","87.32M","-0.04%"
"2025- 12- 09","585.76","585.30","588.43","582.63","98.61M","-0.58%"
"2025- 12- 08","589.17","581.89","589.17","577.30","111.14M","1.44%"
"2025- 12- 05","580.81","568.41","580.81","565.48","126.76M","1.94%"
"2025- 12- 04","569.75","567.36","569.76","562.52","109.69M","-0.18%"
"2025- 12- 03","570.79","567.89","573.84","564.19","110.18M","0.90%"
"2025- 12- 02","565.72","556.85","566.03","556.02","120.26M","2.12%"
"2025- 12- 01","553.96","560.57","562.11","549.03","91.56M","-0.01%"
"2025- 11- 28","554.00","564.36","564.36","553.48","91.24M","-1.66%"
"2025- 11- 27","563.36","564.24","569.77","560.23","88.21M","0.71%"
"2025- 11- 26","559.37","549.12","559.48","545.08","116.29M","2.71%"
"2025- 11- 25","544.62","556.54","557.61","540.82","100.26M","0.70%"
"2025- 11- 24","540.81","550.52","551.90","539.52","162.10M","0.08%"
"2025- 11- 21","540.36","550.07","550.88","538.04","103.45M","-4.23%"
"2025- 11- 20","564.20","569.22","573.29","563.70","111.50M","2.09%"
"2025- 11- 19","552.66","557.76","557.88","541.85","118.25M","-0.68%"
"2025- 11- 18","556.45","569.37","573.90","556.15","122.93M","-3.50%"
"2025- 11- 17","576.65","574.43","576.85","569.90","107.32M","2.35%"
"2025- 11- 14","563.43","571.98","576.37","563.42","141.86M","-4.28%"
"2025- 11- 13","588.65","583.38","591.98","582.82","161.80M","0.33%"
"2025- 11- 12","586.73","579.17","588.07","577.51","139.84M","0.92%"
"2025- 11- 11","581.41","583.58","594.12","575.15","169.62M","1.06%"
"2025- 11- 10","575.31","564.02","578.77","562.63","146.30M","3.11%"
"2025- 11- 07","557.98","558.74","570.79","548.34","176.08M","-1.83%"
"2025- 11- 06","568.38","578.79","581.35","562.20","199.43M","0.53%"
"2025- 11- 05","565.40","571.41","571.41","543.86","236.22M","-2.84%"
"2025- 11- 04","581.94","598.00","599.47","581.41","162.34M","-2.85%"
"2025- 11- 03","599.03","580.81","599.05","580.73","164.80M","3.38%"
"2025- 10- 31","579.46","575.08","581.25","570.91","205.20M","0.74%"
"2025- 10- 30","575.21","574.75","582.25","571.79","204.78M","0.65%"
"2025- 10- 29","571.51","567.44","571.97","560.25","188.76M","2.14%"
"2025- 10- 28","559.51","560.19","561.50","554.75","162.84M","-1.09%"
"2025- 10- 27","565.69","558.99","565.79","558.60","180.34M","2.85%"
"2025- 10- 24","550.01","543.65","551.51","542.68","157.07M","2.54%"
"2025- 10- 23","536.37","534.75","545.12","532.84","128.02M","-1.15%"
"2025- 10- 22","542.59","534.98","542.59","529.59","118.05M","1.37%"
"2025- 10- 21","535.28","540.75","546.96","534.23","159.42M","0.00%"
"2025- 10- 20","535.28","529.82","535.28","522.07","119.84M","1.86%"
"2025- 10- 17","525.48","522.18","532.28","520.58","151.50M","0.20%"
"2025- 10- 16","524.45","513.17","524.45","513.08","146.21M","2.72%"
"2025- 10- 15","510.55","499.89","511.13","499.21","119.83M","2.75%"
"2025- 10- 14","496.89","505.46","511.59","493.06","161.91M","-0.99%"
"2025- 10- 13","501.87","496.45","501.87","492.46","135.81M","-1.01%"
"2025- 10- 10","506.97","504.20","508.52","500.49","168.78M","2.75%"
"2025- 10- 06","493.41","491.25","493.41","493.41","160.78M","0.00%"
"2025- 10- 02","493.41","491.25","498.22","489.53","160.78M","2.93%"
"2025- 10- 01","479.37","477.16","479.81","476.49","89.11M","1.13%"
"2025- 09- 30","474.03","476.34","477.35","473.51","88.32M","-0.25%"
"2025- 09- 29","475.22","472.11","476.57","471.80","80.87M","1.54%"
"2025- 09- 26","468.03","475.84","476.38","464.83","110.11M","-2.62%"
"2025- 09- 25","480.63","477.72","481.74","477.17","107.23M","0.05%"
"2025- 09- 24","480.39","482.10","483.61","475.65","104.59M","-0.24%"
"2025- 09- 23","481.54","482.08","482.92","478.51","107.44M","0.68%"
"2025- 09- 22","478.29","476.34","480.38","475.97","103.64M","1.02%"
"2025- 09- 19","473.44","475.59","477.13","471.85","135.32M","-0.40%"
"2025- 09- 18","475.34","470.02","475.34","468.51","112.06M","1.79%"
"2025- 09- 17","466.99","469.81","469.94","465.48","102.02M","-1.24%"
"2025- 09- 16","472.85","466.88","473.35","466.30","138.90M","1.76%"
"2025- 09- 15","464.65","465.30","467.44","462.34","120.63M","0.41%"
"2025- 09- 12","462.74","459.26","462.76","457.54","126.56M","1.93%"
"2025- 09- 11","454.00","453.39","454.78","449.42","135.32M","0.88%"
"2025- 09- 10","450.05","443.28","450.76","442.95","114.22M","1.99%"
"2025- 09- 09","441.28","436.17","441.28","435.02","93.38M","1.48%"
"2025- 09- 08","434.85","433.95","435.14","432.87","69.73M","0.46%"
"2025- 09- 05","432.86","433.78","434.55","431.78","96.64M","0.12%"
"2025- 09- 04","432.32","430.42","433.03","430.10","79.65M","0.45%"
"2025- 09- 03","430.37","428.83","430.56","427.37","83.40M","0.52%"
"2025- 09- 02","428.15","424.98","428.65","424.78","77.01M","1.14%"
"2025- 09- 01","423.33","426.31","428.31","422.19","74.09M","-1.58%"
"2025- 08- 29","430.12","433.69","434.36","429.95","82.96M","-0.39%"
"2025- 08- 28","431.81","428.34","434.21","426.75","89.92M","0.35%"
"2025- 08- 27","430.31","429.86","430.44","427.07","92.76M","0.21%"
"2025- 08- 26","429.41","432.13","432.18","428.74","143.62M","-1.03%"
"2025- 08- 25","433.89","431.84","433.89","429.90","87.41M","1.26%"
"2025- 08- 22","428.50","428.00","430.31","426.94","96.32M","0.96%"
"2025- 08- 21","424.41","425.12","428.31","424.15","134.47M","0.18%"
"2025- 08- 20","423.66","422.21","424.14","416.91","143.92M","-0.59%"
"2025- 08- 19","426.18","430.28","430.60","424.77","107.42M","-0.70%"
"2025- 08- 18","429.19","433.01","433.23","429.17","111.49M","-1.69%"
"2025- 08- 14","436.57","436.93","438.66","434.52","135.97M","-0.08%"
"2025- 08- 13","436.92","436.93","437.21","432.24","131.26M","1.23%"
"2025- 08- 12","431.63","434.11","438.99","431.54","106.16M","-0.38%"
"2025- 08- 11","433.29","434.93","435.21","432.13","108.46M","-0.04%"
"2025- 08- 08","433.47","434.44","436.04","431.62","114.73M","-0.43%"
"2025- 08- 07","435.35","433.40","435.35","430.86","116.32M","1.08%"
"2025- 08- 06","430.68","428.90","431.11","427.89","115.46M","-0.13%"
"2025- 08- 05","431.25","430.62","433.68","428.03","116.56M","1.52%"
"2025- 08- 04","424.79","420.23","426.37","418.85","110.02M","0.97%"
"2025- 08- 01","420.72","432.75","432.81","420.42","150.51M","-4.08%"
"2025- 07- 31","438.60","442.53","444.33","436.16","173.10M","-0.28%"
"2025- 07- 30","439.81","436.40","442.14","436.02","145.50M","0.91%"
"2025- 07- 29","435.84","430.77","436.17","427.23","145.29M","0.57%"
"2025- 07- 28","433.37","435.04","435.07","428.16","161.89M","0.60%"
"2025- 07- 25","430.78","429.49","432.20","429.34","118.07M","0.17%"
"2025- 07- 24","430.03","433.62","437.02","429.06","141.56M","0.00%"
"2025- 07- 23","430.04","430.72","432.16","424.17","132.96M","0.46%"
"2025- 07- 22","428.05","434.41","436.06","426.15","124.13M","-1.50%"
"2025- 07- 21","434.56","431.60","434.97","431.26","125.92M","0.80%"
"2025- 07- 18","431.10","432.83","433.76","428.53","127.93M","-0.13%"
"2025- 07- 17","431.64","432.72","432.87","425.99","160.81M","0.11%"
"2025- 07- 16","431.16","433.77","434.08","429.64","125.14M","-0.83%"
"2025- 07- 15","434.78","431.04","434.90","429.54","137.55M","0.53%"
"2025- 07- 14","432.49","428.21","432.52","427.28","128.56M","1.03%"
"2025- 07- 11","428.07","429.03","433.96","427.08","147.99M","-0.08%"
"2025- 07- 10","428.42","423.43","428.42","421.88","158.41M","1.52%"
"2025- 07- 09","422.02","421.74","423.01","419.33","152.09M","0.19%"
"2025- 07- 08","421.22","414.79","421.47","413.97","154.53M","1.99%"
"2025- 07- 07","413.02","410.69","414.53","408.89","114.60M","0.07%"
"2025- 07- 04","412.74","422.24","422.56","412.30","159.95M","-1.95%"
"2025- 07- 03","420.94","418.31","420.94","416.12","165.61M","1.57%"
"2025- 07- 02","414.43","415.40","416.57","408.59","156.95M","-0.44%"
"2025- 07- 01","416.26","417.11","423.07","416.21","169.36M","0.40%"
"2025- 06- 30","414.60","415.28","416.98","413.17","141.12M","0.46%"
"2025- 06- 27","412.72","415.36","417.82","410.56","145.81M","-0.71%"
"2025- 06- 26","415.66","419.73","420.60","409.86","197.10M","-0.92%"
"2025- 06- 25","419.51","421.65","422.01","415.64","227.19M","0.42%"
"2025- 06- 24","417.76","411.42","418.14","411.23","236.37M","3.32%"
"2025- 06- 23","404.32","400.85","405.25","397.91","211.66M","-0.25%"
"2025- 06- 20","405.32","400.69","405.37","399.00","215.52M","1.51%"
"2025- 06- 19","399.29","401.62","402.54","396.33","155.45M","0.11%"
"2025- 06- 18","398.86","392.64","399.94","392.64","154.51M","0.93%"
"2025- 06- 17","395.18","395.82","402.33","392.45","219.24M","0.26%"
"2025- 06- 16","394.16","388.70","394.40","386.16","165.01M","1.77%"
"2025- 06- 13","387.30","392.55","392.88","385.05","203.87M","-0.85%"
"2025- 06- 12","390.62","390.11","393.02","389.46","219.81M","0.21%"
"2025- 06- 11","389.79","387.12","390.02","386.14","167.98M","1.30%"
"2025- 06- 10","384.79","385.40","386.81","381.71","211.02M","0.47%"
"2025- 06- 09","382.99","381.25","385.03","380.93","188.37M","1.71%"
"2025- 06- 05","376.54","372.72","379.60","372.35","174.15M","1.80%"
"2025- 06- 04","369.90","365.51","369.95","364.86","169.81M","2.84%"
"2025- 06- 02","359.69","358.76","362.96","357.68","112.83M","0.02%"
"2025- 05- 30","359.62","361.91","362.84","358.81","204.23M","-0.95%"
"2025- 05- 29","363.08","359.51","363.29","358.61","153.16M","1.89%"
"2025- 05- 28","356.36","353.06","359.46","352.26","161.18M","1.45%"
"2025- 05- 27","351.28","349.95","351.84","349.37","126.63M","-0.24%"
"2025- 05- 26","352.11","346.07","352.11","345.53","117.09M","1.98%"
"2025- 05- 23","345.28","346.43","346.87","344.81","108.33M","0.14%"
"2025- 05- 22","344.80","347.66","348.02","343.93","108.07M","-1.31%"
"2025- 05- 21","349.38","349.15","351.03","348.66","99.96M","0.68%"
"2025- 05- 20","347.02","349.43","350.04","346.39","101.49M","0.13%"
"2025- 05- 19","346.57","348.38","348.86","345.08","93.47M","-1.11%"
"2025- 05- 16","350.45","350.56","351.23","349.34","105.63M","0.37%"
"2025- 05- 15","349.16","350.89","352.60","348.63","93.83M","-0.75%"
"2025- 05- 14","351.79","350.06","353.00","349.25","118.49M","1.33%"
"2025- 05- 13","347.17","346.52","349.18","346.22","114.46M","0.03%"
"2025- 05- 12","347.08","343.93","347.08","343.08","117.12M","1.64%"
"2025- 05- 09","341.49","342.77","343.14","340.62","88.75M","0.01%"
"2025- 05- 08","341.47","342.44","343.55","341.43","124.22M","0.05%"
"2025- 05- 07","341.31","341.28","342.37","339.24","117.36M","0.74%"
"2025- 05- 02","338.79","338.67","339.88","336.14","101.87M","0.01%"
"2025- 04- 30","338.74","338.62","340.17","336.71","111.23M","-0.09%"
"2025- 04- 29","339.06","337.48","340.57","336.43","117.95M","0.59%"
"2025- 04- 28","337.08","337.25","338.32","336.07","115.69M","0.06%"
"2025- 04- 25","336.87","336.85","338.07","335.47","127.76M","0.94%"
"2025- 04- 24","333.72","333.87","334.74","331.54","90.95M","-0.07%"
"2025- 04- 23","333.94","333.51","334.20","331.72","87.70M","1.62%"
"2025- 04- 22","328.61","328.14","330.10","327.38","73.90M","-0.21%"
"2025- 04- 21","329.31","328.76","330.88","327.80","66.11M","0.29%"
"2025- 04- 18","328.35","326.42","328.89","325.81","72.52M","0.63%"
"2025- 04- 17","326.30","324.08","326.82","323.28","78.79M","0.86%"
"2025- 04- 16","323.53","326.99","327.50","322.81","79.53M","-1.40%"
"2025- 04- 15","328.14","326.62","329.09","326.40","73.74M","0.86%"
"2025- 04- 14","325.33","325.52","327.25","324.58","77.71M","0.93%"
"2025- 04- 11","322.32","318.72","322.68","317.73","98.53M","-0.85%"
"2025- 04- 10","325.08","318.62","325.08","318.13","135.65M","6.75%"
"2025- 04- 09","304.53","309.23","310.90","303.41","116.81M","-1.77%"
"2025- 04- 08","310.03","317.07","317.43","309.25","115.95M","0.14%"
"2025- 04- 07","309.60","313.52","315.30","309.40","140.75M","-5.80%"
"2025- 04- 04","328.67","327.37","335.11","324.84","133.84M","-1.28%"
"2025- 04- 03","332.92","326.22","332.96","326.22","105.08M","-0.99%"
"2025- 04- 02","336.26","338.76","339.71","335.43","92.53M","-0.58%"
"2025- 04- 01","338.22","336.72","339.68","334.35","91.64M","1.75%"
"2025- 03- 31","332.40","336.95","337.16","332.22","108.93M","-3.08%"
"2025- 03- 28","342.96","347.55","347.77","341.76","83.73M","-2.08%"
"2025- 03- 27","350.26","351.40","353.55","349.63","91.60M","-1.34%"
"2025- 03- 26","355.00","352.78","355.56","351.64","88.17M","1.11%"
"2025- 03- 25","351.09","356.13","356.48","350.69","101.79M","-0.61%"
"2025- 03- 24","353.24","353.72","355.94","352.70","76.87M","-0.55%"
"2025- 03- 21","355.18","353.58","355.39","351.73","190.59M","0.48%"
"2025- 03- 20","353.50","353.71","354.70","351.14","159.04M","0.76%"
"2025- 03- 19","350.85","347.90","352.84","347.85","160.93M","0.87%"
"2025- 03- 18","347.84","350.81","352.35","346.96","179.40M","-0.10%"
"2025- 03- 17","348.19","343.99","348.26","343.99","172.18M","2.17%"
"2025- 03- 14","340.80","340.23","342.12","339.90","134.25M","-0.18%"
"2025- 03- 13","341.42","344.28","344.98","339.23","192.15M","0.16%"
"2025- 03- 12","340.89","337.02","341.53","335.64","206.77M","1.77%"
"2025- 03- 11","334.96","331.64","336.40","330.22","172.62M","-1.13%"
"2025- 03- 10","338.79","337.12","340.26","336.54","139.47M","0.11%"
"2025- 03- 07","338.42","336.91","340.07","335.39","181.96M","-0.56%"
"2025- 03- 06","340.31","339.16","341.09","338.07","171.06M","0.96%"
"2025- 03- 05","337.08","336.89","338.77","334.25","200.03M","0.92%"
"2025- 03- 04","334.02","332.58","336.57","331.67","186.96M","-0.07%"
"2025- 02- 28","334.27","341.16","341.57","334.06","248.80M","-3.52%"
"2025- 02- 27","346.45","348.52","348.91","344.95","159.51M","-0.82%"
"2025- 02- 26","349.31","347.44","350.51","346.25","194.20M","0.51%"
"2025- 02- 25","347.54","345.83","349.23","345.58","188.69M","-0.67%"
"2025- 02- 24","349.90","348.98","349.90","347.41","197.14M","-0.57%"
"2025- 02- 21","351.92","352.17","352.23","349.55","175.18M","-0.07%"
"2025- 02- 20","352.15","353.35","354.30","350.78","218.10M","-0.67%"
"2025- 02- 19","354.53","349.03","355.86","349.03","254.87M","1.92%"
"2025- 02- 18","347.84","345.67","348.28","344.51","180.45M","0.79%"
"2025- 02- 17","345.11","343.29","345.56","342.75","157.27M","0.69%"
"2025- 02- 14","342.76","341.88","344.14","341.29","236.98M","0.50%"
"2025- 02- 13","341.06","338.53","341.09","337.93","263.55M","1.14%"
"2025- 02- 12","337.23","335.79","337.65","334.49","206.18M","0.17%"
"2025- 02- 11","336.67","335.94","338.11","334.82","142.33M","0.65%"
"2025- 02- 10","334.50","332.06","335.34","330.65","146.82M","0.18%"
"2025- 02- 07","333.89","335.92","336.36","333.41","148.41M","-0.78%"
"2025- 02- 06","336.53","334.31","336.53","332.98","168.94M","1.22%"
"2025- 02- 05","332.47","332.05","333.66","330.96","127.45M","1.14%"
"2025- 02- 04","328.72","328.58","332.75","327.27","151.26M","1.28%"
"2025- 02- 03","324.55","326.44","326.80","322.31","159.27M","-2.64%"
"2025- 01- 31","333.36","336.45","337.15","330.20","175.54M","-1.00%"
"2025- 01- 24","336.74","336.17","338.18","335.18","118.26M","0.67%"
"2025- 01- 23","334.50","337.56","337.81","334.50","127.01M","-1.26%"
"2025- 01- 22","338.76","336.95","339.51","335.19","164.37M","1.29%"
"2025- 01- 21","334.44","336.12","338.70","333.02","124.96M","0.15%"
"2025- 01- 20","333.94","336.31","336.79","333.42","111.67M","-0.34%"
"2025- 01- 17","335.09","334.71","336.14","333.29","133.72M","-0.19%"
"2025- 01- 16","335.73","335.70","336.72","334.64","136.04M","1.44%"
"2025- 01- 15","330.97","332.83","335.11","330.28","155.70M","0.07%"
"2025- 01- 14","330.74","331.46","332.12","328.85","115.65M","0.13%"
"2025- 01- 13","330.31","333.10","334.10","329.53","116.77M","-1.27%"
"2025- 01- 10","334.55","336.60","337.61","333.39","139.73M","-0.25%"
"2025- 01- 09","335.40","336.11","338.12","334.77","145.22M","0.13%"
"2025- 01- 08","334.95","328.98","336.02","328.98","139.75M","1.23%"
"2025- 01- 07","330.89","335.46","336.60","330.89","133.15M","-0.19%"
"2025- 01- 06","331.52","325.82","331.61","324.89","102.03M","2.32%"
"2025- 01- 03","324.00","318.26","326.06","318.04","110.73M","1.96%"
"2025- 01- 02","317.77","317.68","319.01","315.82","91.35M","-0.02%"
"2024- 12- 30","317.82","318.13","322.20","316.94","73.58M","-0.38%"
"2024- 12- 27","319.03","320.24","321.30","316.91","86.74M","-0.75%"
"2024- 12- 26","321.45","324.48","324.48","321.42","92.61M","-0.60%"
"2024- 12- 24","323.39","324.11","324.50","321.86","78.51M","0.13%"
"2024- 12- 23","322.98","321.00","324.00","319.77","100.61M","1.46%"
"2024- 12- 20","318.33","321.38","321.80","315.82","124.96M","-1.26%"
"2024- 12- 19","322.38","321.42","324.37","321.11","104.15M","-2.23%"
"2024- 12- 18","329.72","326.00","330.90","325.90","96.32M","1.37%"
"2024- 12- 17","325.25","329.25","329.38","324.90","125.13M","-1.32%"
"2024- 12- 16","329.61","332.92","333.59","328.63","108.95M","-0.27%"
"2024- 12- 13","330.49","328.14","331.67","327.46","115.70M","0.44%"
"2024- 12- 12","329.04","325.84","330.10","324.79","173.97M","1.60%"
"2024- 12- 11","323.86","319.56","323.99","319.36","104.24M","0.96%"
"2024- 12- 10","320.79","317.02","321.11","317.00","139.13M","2.25%"
"2024- 12- 09","313.74","317.30","318.70","313.51","151.03M","-2.59%"
"2024- 12- 06","322.07","325.18","326.21","317.70","156.24M","-0.56%"
"2024- 12- 05","323.87","327.44","327.44","322.80","144.87M","-0.83%"
"2024- 12- 04","326.59","324.38","329.01","323.90","217.71M","-1.46%"
"2024- 12- 03","331.44","327.45","331.60","327.45","129.91M","1.87%"
"2024- 12- 02","325.34","328.47","328.89","324.49","117.60M","-0.03%"
"2024- 11- 29","325.45","330.18","330.30","323.55","134.81M","-1.81%"
"2024- 11- 28","331.45","331.60","333.27","330.89","102.69M","-0.26%"
"2024- 11- 27","332.32","334.85","335.63","331.56","121.77M","-0.98%"
"2024- 11- 26","335.60","334.79","336.16","334.08","133.02M","-0.31%"
"2024- 11- 25","336.63","335.66","337.81","334.14","213.36M","1.28%"
"2024- 11- 22","332.36","331.20","334.00","330.84","113.35M","0.87%"
"2024- 11- 21","329.49","327.74","331.81","327.67","116.36M","0.14%"
"2024- 11- 20","329.02","328.73","330.33","327.58","109.86M","0.28%"
"2024- 11- 19","328.11","328.17","329.76","327.25","141.86M","-0.10%"
"2024- 11- 18","328.44","324.74","330.32","324.07","159.11M","2.47%"
"2024- 11- 15","320.53","318.19","322.58","316.14","177.52M","0.89%"
"2024- 11- 14","317.70","320.32","321.87","316.99","213.66M","-0.36%"
"2024- 11- 13","318.84","325.38","327.20","318.58","171.26M","-2.59%"
"2024- 11- 12","327.31","333.67","334.30","327.07","173.53M","-2.19%"
"2024- 11- 11","334.64","338.62","338.62","333.76","168.97M","-1.49%"
"2024- 11- 08","339.71","343.78","344.56","338.82","139.53M","-0.34%"
"2024- 11- 07","340.87","339.69","343.02","337.76","167.22M","0.08%"
"2024- 11- 06","340.61","343.52","343.81","337.61","132.09M","-0.25%"
"2024- 11- 05","341.47","340.72","342.88","339.78","88.17M","-0.62%"
"2024- 11- 04","343.60","338.42","343.60","337.80","99.33M","1.81%"
"2024- 11- 01","337.49","337.56","339.93","336.58","104.59M","-0.54%"
"2024- 10- 31","339.32","342.20","343.30","339.18","147.44M","-1.65%"
"2024- 10- 30","345.00","346.65","347.79","343.85","128.04M","-0.94%"
"2024- 10- 29","348.28","346.59","348.28","344.56","134.51M","0.29%"
"2024- 10- 28","347.27","344.07","347.53","343.74","120.39M","1.14%"
"2024- 10- 25","343.37","345.04","347.25","342.34","132.30M","0.14%"
"2024- 10- 24","342.88","344.61","345.97","342.67","124.38M","-0.98%"
"2024- 10- 23","346.27","342.44","347.75","341.24","123.46M","1.22%"
"2024- 10- 22","342.09","346.16","346.73","341.55","126.78M","-1.31%"
"2024- 10- 21","346.62","346.25","348.62","345.12","103.21M","0.35%"
"2024- 10- 18","345.42","348.59","349.24","344.72","106.42M","-0.66%"
"2024- 10- 17","347.73","348.84","349.18","346.32","146.93M","0.14%"
"2024- 10- 16","347.26","346.34","349.11","345.54","133.29M","-1.09%"
"2024- 10- 15","351.07","351.04","351.46","348.66","118.80M","0.38%"
"2024- 10- 14","349.74","346.48","350.56","346.48","107.01M","1.24%"
"2024- 10- 11","345.45","347.17","348.77","345.17","108.87M","0.07%"
"2024- 10- 10","345.21","347.02","347.55","344.82","172.69M","0.28%"
"2024- 10- 08","344.23","344.73","345.87","342.89","122.99M","-0.90%"
"2024- 10- 07","347.34","342.63","347.75","340.19","141.51M","1.64%"
"2024- 10- 04","341.74","341.09","344.29","339.88","127.72M","0.30%"
"2024- 10- 02","340.72","340.76","344.83","339.53","133.72M","-1.17%"
"2024- 09- 30","344.76","355.83","356.29","344.76","142.54M","-2.59%"
"2024- 09- 27","353.93","356.93","358.71","353.93","142.24M","-0.70%"
"2024- 09- 26","356.44","350.68","356.44","350.44","139.54M","3.45%"
"2024- 09- 25","344.56","352.51","354.09","344.56","156.60M","-1.44%"
"2024- 09- 24","349.61","347.19","349.61","344.75","122.75M","1.11%"
"2024- 09- 23","345.78","345.01","346.14","343.67","116.06M","0.32%"
"2024- 09- 20","344.67","346.77","348.89","344.54","171.81M","0.40%"
"2024- 09- 19","343.28","345.58","346.24","338.56","154.54M","-0.12%"
"2024- 09- 13","343.69","343.47","345.27","342.05","104.06M","-0.05%"
"2024- 09- 12","343.85","340.94","343.85","339.23","144.26M","2.44%"
"2024- 09- 11","335.65","338.08","338.32","332.72","124.65M","-0.84%"
"2024- 09- 10","338.48","340.68","341.50","338.15","104.43M","-0.50%"
"2024- 09- 09","340.18","335.79","341.44","334.57","99.15M","-0.64%"
"2024- 09- 06","342.37","346.14","346.25","340.08","107.60M","-1.03%"
"2024- 09- 05","345.92","348.96","351.36","344.09","139.08M","-0.21%"
"2024- 09- 04","346.66","348.19","351.04","346.30","138.92M","-3.38%"
"2024- 09- 03","358.80","362.00","363.87","358.80","105.62M","-0.91%"
"2024- 09- 02","362.09","362.57","363.10","358.39","100.65M","0.15%"
"2024- 08- 30","361.55","362.21","363.55","361.11","135.28M","0.40%"
"2024- 08- 29","360.10","359.58","361.59","358.23","121.37M","-1.42%"
"2024- 08- 28","365.28","364.76","365.40","362.06","119.87M","0.20%"
"2024- 08- 27","364.56","365.94","366.35","363.62","95.29M","-0.48%"
"2024- 08- 26","366.31","370.01","370.36","365.26","114.48M","-0.43%"
"2024- 08- 23","367.91","366.78","369.79","366.40","96.37M","-0.32%"
"2024- 08- 22","369.10","369.71","369.81","366.64","103.89M","0.24%"
"2024- 08- 21","368.22","367.09","369.02","366.53","107.34M","-0.21%"
"2024- 08- 20","368.99","369.39","370.67","367.64","105.94M","0.95%"
"2024- 08- 19","365.52","369.09","369.13","364.01","106.59M","-0.97%"
"2024- 08- 16","369.11","368.35","369.36","366.27","125.77M","2.42%"
"2024- 08- 14","360.39","361.11","362.07","358.88","103.71M","0.94%"
"2024- 08- 13","357.02","356.97","358.69","354.70","110.04M","0.40%"
"2024- 08- 12","355.61","353.64","356.60","353.25","98.13M","1.16%"
"2024- 08- 09","351.52","353.82","353.86","349.73","125.05M","1.39%"
"2024- 08- 08","346.70","343.26","348.89","341.56","159.52M","-0.68%"
"2024- 08- 07","349.09","340.91","352.72","340.08","159.27M","2.15%"
"2024- 08- 06","341.73","345.63","350.72","338.20","205.54M","2.97%"
"2024- 08- 05","331.86","355.28","355.28","324.52","263.54M","-9.12%"
"2024- 08- 02","365.17","371.76","372.84","363.89","155.24M","-4.04%"
"2024- 08- 01","380.54","383.68","384.54","380.47","123.74M","0.01%"
"2024- 07- 31","380.49","376.01","380.49","374.01","151.71M","1.50%"
"2024- 07- 30","374.87","375.39","376.47","373.54","139.03M","-1.02%"
"2024- 07- 29","378.73","376.85","380.44","375.87","146.38M","1.21%"
"2024- 07- 26","374.20","373.44","375.19","371.74","195.05M","0.79%"
"2024- 07- 25","371.26","372.91","374.00","370.53","156.50M","-1.95%"
"2024- 07- 24","378.66","378.58","381.95","377.38","137.36M","-0.78%"
"2024- 07- 23","381.65","383.80","384.91","380.40","151.50M","0.48%"
"2024- 07- 22","379.84","383.44","384.25","378.06","127.34M","-1.05%"
"2024- 07- 19","383.89","385.02","385.71","381.21","127.88M","-1.31%"
"2024- 07- 18","389.00","385.24","389.00","384.53","269.87M","-0.65%"
"2024- 07- 17","391.55","394.93","395.48","391.22","197.25M","-0.95%"
"2024- 07- 16","395.31","393.80","396.18","393.20","164.80M","0.37%"
"2024- 07- 15","393.84","394.09","395.39","391.39","165.53M","0.40%"
"2024- 07- 12","392.29","394.49","395.23","390.43","174.14M","-1.56%"
"2024- 07- 11","398.52","398.82","400.31","396.69","163.31M","0.74%"
"2024- 07- 10","395.60","395.01","396.08","394.02","131.88M","-0.05%"
"2024- 07- 09","395.79","396.59","396.92","393.31","148.08M","0.33%"
"2024- 07- 08","394.47","395.62","396.90","394.02","127.69M","-0.25%"
"2024- 07- 05","395.47","390.51","396.42","390.49","153.44M","1.79%"
"2024- 07- 04","388.53","386.82","388.53","385.91","148.76M","1.38%"
"2024- 07- 03","383.23","383.18","383.48","379.89","122.48M","0.53%"
"2024- 07- 02","381.20","383.33","384.66","380.74","133.14M","-0.82%"
"2024- 07- 01","384.34","383.10","384.75","382.07","110.26M","0.08%"
"2024- 06- 28","384.02","383.50","384.02","381.49","122.28M","0.46%"
"2024- 06- 27","382.27","378.98","382.27","378.06","125.57M","-0.19%"
"2024- 06- 26","383.01","378.52","383.06","377.87","125.40M","0.83%"
"2024- 06- 25","379.85","378.12","380.94","378.12","132.67M","0.39%"
"2024- 06- 24","378.39","378.92","380.47","377.15","126.70M","-0.65%"
"2024- 06- 21","380.88","382.37","382.92","379.65","175.21M","-1.01%"
"2024- 06- 20","384.78","383.86","385.76","382.66","147.36M","0.46%"
"2024- 06- 19","383.01","381.28","383.72","381.21","168.57M","1.40%"
"2024- 06- 18","377.73","377.07","378.72","376.12","158.17M","1.04%"
"2024- 06- 17","373.86","375.42","376.57","373.32","130.80M","-0.57%"
"2024- 06- 14","376.00","375.76","377.68","374.50","173.20M","0.33%"
"2024- 06- 13","374.75","376.93","378.81","374.65","249.14M","0.98%"
"2024- 06- 12","371.12","368.43","371.71","367.90","134.89M","0.93%"
"2024- 06- 11","367.71","369.61","369.90","367.15","127.51M","0.07%"
"2024- 06- 10","367.46","367.76","370.35","366.35","116.15M","-1.06%"
"2024- 06- 07","371.39","370.80","372.81","368.57","126.62M","1.35%"
"2024- 06- 05","366.44","365.64","367.76","363.39","152.84M","1.08%"
"2024- 06- 04","362.52","363.37","365.07","362.23","169.15M","-0.81%"
"2024- 06- 03","365.48","361.66","367.01","361.61","174.46M","2.03%"
"2024- 05- 31","358.21","362.02","362.81","358.12","234.12M","-0.14%"
"2024- 05- 30","358.70","363.33","363.51","358.70","124.28M","-1.72%"
"2024- 05- 29","364.96","371.04","371.53","364.96","151.67M","-1.72%"
"2024- 05- 28","371.33","369.71","372.34","369.58","144.57M","0.05%"
"2024- 05- 27","371.16","366.98","371.86","366.29","216.89M","1.39%"
"2024- 05- 24","366.08","367.35","367.69","365.27","127.06M","-1.49%"
"2024- 05- 23","371.62","370.85","373.72","368.90","136.08M","0.06%"
"2024- 05- 22","371.41","371.14","372.69","368.72","139.39M","-0.04%"
"2024- 05- 21","371.55","372.39","373.07","370.90","119.55M","-0.57%"
"2024- 05- 20","373.68","373.20","375.70","372.22","154.41M","0.84%"
"2024- 05- 17","370.58","374.43","374.69","370.46","123.11M","-1.07%"
"2024- 05- 16","374.60","377.33","378.05","373.93","182.17M","0.96%"
"2024- 05- 14","371.04","371.69","372.12","369.90","124.26M","0.01%"
"2024- 05- 13","370.99","372.10","373.04","368.79","204.95M","-0.02%"
"2024- 05- 10","371.08","372.73","373.80","370.41","141.85M","0.61%"
"2024- 05- 09","368.83","373.70","374.46","368.76","146.40M","-1.41%"
"2024- 05- 08","374.09","372.32","374.12","371.58","126.97M","0.35%"
"2024- 05- 07","372.80","370.06","372.80","369.85","157.57M","2.54%"
"2024- 05- 03","363.58","367.57","367.91","363.58","90.44M","-0.20%"
"2024- 05- 02","364.31","363.37","365.69","363.37","107.17M","-0.22%"
"2024- 05- 01","365.13","365.17","367.94","364.20","130.23M","0.00%"
"2024- 04- 30","365.13","365.17","367.94","364.20","130.23M","0.18%"
"2024- 04- 29","364.48","363.71","364.73","362.13","145.79M","0.96%"
"2024- 04- 26","361.02","360.18","362.08","358.98","154.22M","1.27%"
"2024- 04- 25","356.51","359.05","360.57","356.51","107.77M","-1.95%"
"2024- 04- 24","363.60","361.66","364.07","361.34","115.52M","2.14%"
"2024- 04- 23","355.98","357.56","358.83","355.86","131.15M","-0.25%"
"2024- 04- 22","356.89","355.68","357.48","353.72","152.40M","1.22%"
"2024- 04- 19","352.58","353.90","355.37","347.12","163.74M","-1.80%"
"2024- 04- 18","359.06","354.25","360.33","353.48","155.19M","1.78%"
"2024- 04- 17","352.79","358.21","359.11","352.79","108.35M","-1.09%"
"2024- 04- 16","356.67","361.51","362.05","355.20","137.54M","-2.37%"
"2024- 04- 15","365.31","364.28","365.74","361.01","122.92M","-0.53%"
"2024- 04- 12","367.25","371.20","371.43","366.48","163.65M","-0.94%"
"2024- 04- 11","370.72","364.53","372.49","364.18","147.05M","0.12%"
"2024- 04- 09","370.27","374.66","375.47","369.96","124.59M","-0.60%"
"2024- 04- 08","372.51","372.62","373.96","371.60","117.62M","0.25%"
"2024- 04- 05","371.57","371.51","374.13","370.20","160.48M","-1.08%"
"2024- 04- 04","375.61","374.45","376.20","373.39","129.76M","1.59%"
"2024- 04- 03","369.72","373.09","373.63","369.72","155.08M","-1.76%"
"2024- 04- 02","376.34","374.16","377.29","373.44","149.55M","0.55%"
"2024- 04- 01","374.28","377.66","378.29","374.19","117.50M","-0.09%"
"2024- 03- 29","374.63","375.04","375.56","372.77","136.76M","0.38%"
"2024- 03- 28","373.22","373.78","374.80","372.23","134.09M","-0.23%"
"2024- 03- 27","374.08","372.58","375.33","372.48","147.63M","-0.14%"
"2024- 03- 26","374.60","373.77","377.83","373.18","135.11M","1.04%"
"2024- 03- 25","370.73","373.69","375.23","369.77","118.92M","-0.52%"
"2024- 03- 22","372.65","373.27","375.10","370.71","138.51M","-0.27%"
"2024- 03- 21","373.66","369.97","373.82","368.82","154.73M","2.85%"
"2024- 03- 20","363.32","361.07","363.58","359.93","147.69M","1.68%"
"2024- 03- 19","357.33","359.03","359.07","355.51","147.01M","-1.10%"
"2024- 03- 18","361.31","360.74","361.77","358.53","120.54M","0.53%"
"2024- 03- 15","359.39","364.12","364.67","359.39","201.92M","-1.99%"
"2024- 03- 14","366.68","363.85","366.68","363.50","266.38M","1.00%"
"2024- 03- 13","363.04","363.15","364.43","361.26","133.92M","0.53%"
"2024- 03- 12","361.11","359.95","362.00","357.88","125.85M","0.77%"
"2024- 03- 11","358.34","359.31","360.94","358.20","120.79M","-0.93%"
"2024- 03- 08","361.71","360.87","362.72","360.01","117.52M","1.37%"
"2024- 03- 07","356.82","357.80","358.61","354.96","120.27M","0.16%"
"2024- 03- 06","356.25","356.01","357.25","354.52","123.87M","-0.37%"
"2024- 03- 05","357.59","359.39","362.54","357.59","134.88M","-0.97%"
"2024- 03- 04","361.10","358.99","361.98","358.48","152.49M","1.56%"
"2024- 02- 29","355.57","355.38","356.46","353.29","187.60M","-0.34%"
"2024- 02- 28","356.79","353.06","357.51","352.31","127.22M","1.14%"
"2024- 02- 27","352.76","356.39","356.42","352.02","137.86M","-0.77%"
"2024- 02- 26","355.48","356.75","357.14","352.91","140.52M","-0.86%"
"2024- 02- 23","358.57","360.40","362.72","358.18","133.37M","0.25%"
"2024- 02- 22","357.67","358.87","358.97","355.86","128.28M","0.46%"
"2024- 02- 21","356.04","357.07","358.81","354.69","109.12M","-0.25%"
"2024- 02- 20","356.92","359.53","359.92","355.07","119.32M","-1.10%"
"2024- 02- 19","360.88","356.40","361.32","356.40","139.81M","1.51%"
"2024- 02- 16","355.52","354.19","355.58","352.17","121.46M","1.23%"
"2024- 02- 15","351.21","355.83","356.02","351.21","121.34M","-0.42%"
"2024- 02- 14","352.69","351.52","353.77","350.62","120.51M","-1.31%"
"2024- 02- 13","357.38","356.85","358.68","356.10","156.04M","1.16%"
"2024- 02- 08","353.29","353.44","354.96","352.00","192.01M","0.30%"
"2024- 02- 07","352.25","349.80","354.71","348.96","246.76M","1.28%"
"2024- 02- 06","347.80","348.23","350.43","345.52","132.64M","-0.39%"
"2024- 02- 05","349.15","352.70","352.96","344.95","189.50M","-1.21%"
"2024- 02- 02","353.43","345.10","353.44","344.94","212.40M","3.22%"
"2024- 02- 01","342.41","335.89","342.48","335.89","243.07M","1.84%"
"2024- 01- 31","336.24","335.50","337.20","335.15","126.92M","-0.37%"
"2024- 01- 30","337.48","340.96","341.62","337.08","128.28M","-0.11%"
"2024- 01- 29","337.84","335.68","340.51","334.66","114.36M","1.09%"
"2024- 01- 26","334.21","331.99","337.67","331.28","86.54M","0.12%"
"2024- 01- 25","333.80","333.20","334.19","331.37","101.11M","0.16%"
"2024- 01- 24","333.27","334.45","334.66","331.01","100.93M","-0.51%"
"2024- 01- 23","334.97","334.87","335.12","332.23","95.07M","0.70%"
"2024- 01- 22","332.63","335.76","336.15","332.63","92.55M","-0.11%"
"2024- 01- 19","332.99","331.60","333.27","330.63","102.43M","1.79%"
"2024- 01- 18","327.13","326.88","328.78","325.10","98.18M","0.31%"
"2024- 01- 17","326.11","335.51","336.06","326.06","134.92M","-2.58%"
"2024- 01- 16","334.73","337.76","338.74","334.22","94.32M","-1.33%"
"2024- 01- 15","339.24","338.61","340.54","337.66","86.54M","0.30%"
"2024- 01- 12","338.22","339.79","341.05","337.22","86.83M","-0.61%"
"2024- 01- 11","340.28","340.32","342.79","339.93","163.53M","-0.11%"
"2024- 01- 10","340.66","344.21","345.06","340.26","95.49M","-0.92%"
"2024- 01- 09","343.81","350.01","350.20","343.00","94.88M","-0.51%"
"2024- 01- 08","345.58","348.17","349.39","345.48","78.23M","-0.47%"
"2024- 01- 05","347.22","348.22","348.87","346.32","82.15M","-0.24%"
"2024- 01- 04","348.07","349.10","350.76","347.13","103.14M","-0.89%"
"2024- 01- 03","351.20","356.74","356.82","351.20","117.69M","-2.59%"
"2024- 01- 02","360.55","356.43","361.53","355.96","106.71M","0.72%"
"2023- 12- 28","357.99","352.75","357.99","352.01","108.35M","1.57%"
"2023- 12- 27","352.46","350.05","352.46","348.93","129.88M","0.58%"
"2023- 12- 26","350.43","350.57","351.16","349.00","109.35M","0.37%"
"2023- 12- 22","349.15","351.68","352.33","349.15","114.79M","0.11%"
"2023- 12- 21","348.78","348.25","349.78","346.70","128.07M","-0.38%"
"2023- 12- 20","350.11","346.67","350.40","346.22","213.30M","1.79%"
"2023- 12- 19","343.95","343.18","344.15","342.17","165.18M","0.13%"
"2023- 12- 18","343.50","344.36","344.51","342.23","126.76M","-0.14%"
"2023- 12- 15","343.99","343.43","345.68","342.94","144.48M","0.78%"
"2023- 12- 14","341.33","341.97","342.68","339.39","156.81M","1.38%"
"2023- 12- 13","336.68","339.09","339.46","336.54","74.86M","-0.91%"
"2023- 12- 12","339.77","339.42","340.69","338.81","96.20M","0.54%"
"2023- 12- 11","337.93","337.68","338.21","335.77","80.19M","0.40%"
"2023- 12- 08","336.60","335.33","337.27","334.91","72.00M","1.18%"
"2023- 12- 07","332.67","332.95","333.96","331.42","85.65M","-0.23%"
"2023- 12- 06","333.45","334.30","335.47","333.45","86.20M","0.18%"
"2023- 12- 05","332.85","335.21","335.27","332.61","93.83M","-0.98%"
"2023- 12- 04","336.14","337.20","337.76","335.63","90.95M","0.40%"
"2023- 12- 01","334.80","336.71","336.73","334.41","95.30M","-1.07%"
"2023- 11- 30","338.43","335.61","338.43","334.90","169.52M","0.54%"
"2023- 11- 29","336.62","336.64","337.10","334.34","88.76M","-0.27%"
"2023- 11- 28","337.52","335.15","337.65","334.49","97.44M","1.15%"
"2023- 11- 27","333.67","334.42","336.04","332.58","72.98M","-0.10%"
"2023- 11- 24","334.00","337.26","337.88","334.00","73.07M","-0.86%"
"2023- 11- 23","336.91","337.46","338.02","335.79","72.84M","0.03%"
"2023- 11- 22","336.81","334.08","337.56","333.46","72.50M","0.07%"
"2023- 11- 21","336.57","336.12","337.75","335.64","80.86M","0.70%"
"2023- 11- 20","334.23","331.30","335.56","331.05","73.76M","0.65%"
"2023- 11- 17","332.06","332.91","333.71","331.16","72.72M","-0.67%"
"2023- 11- 16","334.31","333.52","334.90","332.16","80.86M","0.10%"
"2023- 11- 15","333.96","333.15","333.97","330.99","117.06M","2.26%"
"2023- 11- 14","326.57","326.12","327.80","325.80","75.47M","1.01%"
"2023- 11- 13","323.31","326.78","327.63","322.64","68.73M","-0.14%"
"2023- 11- 10","323.75","322.78","324.18","321.26","65.66M","-0.47%"
"2023- 11- 09","325.29","324.38","326.89","323.32","93.29M","0.40%"
"2023- 11- 08","324.00","329.44","330.42","323.36","89.90M","-1.01%"
"2023- 11- 07","327.29","330.70","330.70","323.89","119.88M","-2.06%"
"2023- 11- 06","334.16","322.62","334.16","321.57","174.43M","5.00%"
"2023- 11- 03","318.24","317.96","318.76","316.50","89.97M","0.98%"
"2023- 11- 02","315.16","314.59","316.51","314.12","112.38M","1.76%"
"2023- 11- 01","309.71","307.55","310.41","307.33","88.98M","1.36%"
"2023- 10- 31","305.56","310.49","311.58","305.14","121.72M","-1.10%"
"2023- 10- 30","308.95","307.01","310.12","306.89","95.85M","0.14%"
"2023- 10- 27","308.53","309.68","310.43","307.24","92.93M","0.25%"
"2023- 10- 26","307.75","311.36","312.37","307.75","110.77M","-2.76%"
"2023- 10- 25","316.49","319.26","319.59","316.30","91.22M","-0.61%"
"2023- 10- 24","318.43","317.34","318.63","311.77","93.26M","0.93%"
"2023- 10- 23","315.50","317.43","318.30","315.09","89.16M","-0.77%"
"2023- 10- 20","317.96","319.45","320.18","316.28","112.71M","-1.49%"
"2023- 10- 19","322.76","324.75","325.08","322.40","115.71M","-1.84%"
"2023- 10- 18","328.82","326.32","329.06","326.12","134.13M","0.45%"
"2023- 10- 17","327.35","325.70","328.26","325.01","88.46M","1.26%"
"2023- 10- 16","323.29","324.10","326.00","321.32","93.10M","-0.76%"
"2023- 10- 13","325.77","326.11","327.33","325.43","91.78M","-0.94%"
"2023- 10- 12","328.85","326.89","328.85","326.89","108.82M","1.27%"
"2023- 10- 11","324.74","323.96","327.26","323.95","119.11M","1.76%"
"2023- 10- 10","319.11","322.97","324.85","319.06","128.82M","0.05%"
"2023- 10- 06","318.94","319.27","320.67","318.44","87.54M","0.11%"
"2023- 10- 05","318.58","321.46","321.71","318.46","104.52M","-0.27%"
"2023- 10- 04","319.45","322.61","322.61","318.88","149.16M","-2.22%"
"2023- 09- 27","326.71","325.05","327.50","324.73","81.60M","-0.06%"
"2023- 09- 26","326.90","331.51","331.56","326.63","90.03M","-1.41%"
"2023- 09- 25","331.58","331.40","332.65","330.10","84.40M","-0.13%"
"2023- 09- 22","332.02","329.90","332.59","329.11","87.03M","-0.31%"
"2023- 09- 21","333.04","336.73","337.54","333.01","96.33M","-1.69%"
"2023- 09- 20","338.75","338.54","339.87","337.57","104.35M","-0.02%"
"2023- 09- 19","338.82","341.50","342.18","338.21","96.05M","-0.54%"
"2023- 09- 18","340.67","342.98","344.39","340.51","100.51M","-1.25%"
"2023- 09- 15","344.98","341.56","346.29","341.02","159.76M","1.11%"
"2023- 09- 14","341.19","337.34","341.19","336.64","121.38M","1.55%"
"2023- 09- 13","335.99","335.83","337.61","334.67","106.78M","0.13%"
"2023- 09- 12","335.54","338.51","338.81","335.28","94.68M","-0.60%"
"2023- 09- 11","337.58","336.52","337.62","335.33","112.57M","0.35%"
"2023- 09- 08","336.40","336.29","336.66","333.92","79.83M","-0.10%"
"2023- 09- 07","336.74","336.93","338.02","335.08","88.39M","-0.33%"
"2023- 09- 06","337.85","339.66","340.48","337.36","91.71M","-0.72%"
"2023- 09- 05","340.29","340.15","341.45","339.25","82.75M","-0.21%"
"2023- 09- 04","341.02","339.10","341.02","337.60","96.70M","0.81%"
"2023- 09- 01","338.28","334.11","338.95","334.07","119.77M","1.05%"
"2023- 08- 31","334.75","335.38","336.06","333.39","146.25M","-0.06%"
"2023- 08- 30","334.94","337.11","337.69","334.94","89.26M","0.35%"
"2023- 08- 29","333.76","333.57","334.46","332.70","88.52M","0.37%"
"2023- 08- 28","332.53","332.10","332.67","330.87","95.14M","0.69%"
"2023- 08- 25","330.25","329.31","331.40","328.66","82.42M","-1.07%"
"2023- 08- 24","333.82","333.14","334.04","332.14","105.02M","1.42%"
"2023- 08- 23","329.15","328.95","330.22","327.87","87.58M","-0.17%"
"2023- 08- 22","329.70","331.65","332.53","328.69","93.98M","0.26%"
"2023- 08- 21","328.84","329.45","331.09","328.30","100.07M","0.13%"
"2023- 08- 18","328.42","326.90","330.65","326.24","119.16M","-0.55%"
"2023- 08- 17","330.23","329.63","330.43","325.74","117.99M","-0.32%"
"2023- 08- 16","331.28","333.69","334.17","330.54","126.66M","-1.50%"
"2023- 08- 14","336.33","338.58","339.52","335.28","125.09M","-0.78%"
"2023- 08- 11","338.98","341.88","343.03","338.80","128.91M","-0.43%"
"2023- 08- 10","340.46","339.69","340.46","339.09","164.73M","-0.34%"
"2023- 08- 09","341.61","339.00","342.38","338.45","115.52M","1.08%"
"2023- 08- 08","337.95","342.12","342.62","337.25","127.77M","-0.51%"
"2023- 08- 07","339.68","339.60","343.18","339.46","117.86M","-0.46%"
"2023- 08- 04","341.25","341.60","342.72","340.62","118.84M","-0.08%"
"2023- 08- 03","341.54","344.80","345.05","340.10","169.19M","-0.66%"
"2023- 08- 02","343.80","349.10","349.74","343.25","173.99M","-2.05%"
"2023- 08- 01","351.00","347.35","351.23","346.56","171.25M","1.56%"
"2023- 07- 31","345.62","346.50","347.18","344.72","168.15M","0.46%"
"2023- 07- 28","344.03","343.55","344.34","341.31","197.32M","-0.21%"
"2023- 07- 27","344.76","341.64","345.50","340.58","238.86M","1.23%"
"2023- 07- 26","340.56","345.18","345.42","339.53","296.54M","-1.26%"
"2023- 07- 25","344.92","345.78","346.27","342.93","200.89M","0.17%"
"2023- 07- 24","344.32","341.98","345.87","340.67","151.45M","0.56%"
"2023- 07- 21","342.39","339.19","342.39","337.45","130.85M","0.21%"
"2023- 07- 20","341.67","341.37","343.29","340.62","116.38M","-0.42%"
"2023- 07- 19","343.11","345.61","345.69","341.78","123.78M","-0.08%"
"2023- 07- 18","343.38","346.49","346.98","342.90","131.14M","-0.69%"
"2023- 07- 17","345.75","345.38","346.98","344.74","150.89M","-0.34%"
"2023- 07- 14","346.93","343.49","346.93","342.90","155.04M","1.70%"
"2023- 07- 13","341.13","341.60","343.01","341.10","154.06M","0.49%"
"2023- 07- 12","339.46","336.82","339.46","336.15","185.30M","0.72%"
"2023- 07- 11","337.02","333.47","337.02","332.91","147.28M","1.87%"
"2023- 07- 10","330.84","331.82","333.60","330.39","116.84M","-0.22%"
"2023- 07- 07","331.57","334.79","334.79","330.33","134.89M","-1.38%"
"2023- 07- 06","336.20","338.19","338.88","335.55","146.37M","-0.84%"
"2023- 07- 05","339.04","341.47","342.82","338.93","130.51M","-0.75%"
"2023- 07- 04","341.59","343.54","343.88","341.42","103.85M","-0.43%"
"2023- 07- 03","343.08","340.26","343.50","340.07","98.77M","1.52%"
"2023- 06- 30","337.95","337.56","338.98","335.04","103.95M","0.46%"
"2023- 06- 29","336.39","338.46","340.34","336.39","105.44M","-0.60%"
"2023- 06- 28","338.41","341.38","341.60","337.60","96.69M","-0.56%"
"2023- 06- 27","340.32","340.42","340.45","338.65","97.62M","-0.02%"
"2023- 06- 26","340.38","338.38","340.78","337.62","101.45M","0.57%"
"2023- 06- 23","338.45","341.95","342.21","338.21","100.44M","-0.78%"
"2023- 06- 22","341.12","338.52","341.56","338.46","103.39M","0.49%"
"2023- 06- 21","339.44","341.48","342.03","338.98","126.95M","-0.92%"
"2023- 06- 20","342.58","341.98","343.02","341.15","157.40M","-0.16%"
"2023- 06- 19","343.13","344.36","344.55","341.98","120.26M","-0.59%"
"2023- 06- 16","345.17","345.09","345.35","343.13","153.59M","0.58%"
"2023- 06- 15","343.19","345.93","346.58","342.72","117.11M","-0.42%"
"2023- 06- 14","344.65","346.49","346.88","343.69","124.56M","-0.50%"
"2023- 06- 13","346.39","346.92","347.46","345.38","119.45M","0.53%"
"2023- 06- 12","344.57","347.54","348.18","343.70","115.93M","-0.64%"
"2023- 06- 09","346.79","344.28","347.42","343.34","139.70M","1.18%"
"2023- 06- 08","342.75","342.16","342.75","340.48","155.26M","-0.14%"
"2023- 06- 07","343.22","344.76","345.63","343.03","115.84M","-0.20%"
"2023- 06- 05","343.91","344.89","344.95","343.04","117.54M","0.36%"
"2023- 06- 02","342.67","340.57","342.68","340.12","97.31M","1.36%"
"2023- 06- 01","338.08","338.36","339.61","337.29","96.81M","-0.31%"
"2023- 05- 31","339.12","341.55","342.51","339.04","191.23M","-0.70%"
"2023- 05- 30","341.50","340.53","341.74","339.73","130.05M","1.30%"
"2023- 05- 26","337.11","336.87","338.06","335.89","106.71M","0.52%"
"2023- 05- 25","335.35","337.72","338.20","334.98","94.20M","-0.34%"
"2023- 05- 24","336.49","335.36","337.32","335.09","95.15M","-0.18%"
"2023- 05- 23","337.09","337.32","338.54","336.37","88.88M","0.24%"
"2023- 05- 22","336.27","334.50","337.66","333.43","111.14M","0.61%"
"2023- 05- 19","334.23","332.67","334.27","332.00","108.74M","1.33%"
"2023- 05- 18","329.84","329.07","329.87","327.68","94.71M","0.99%"
"2023- 05- 17","326.61","325.61","327.54","324.82","92.27M","0.40%"
"2023- 05- 16","325.31","327.01","327.72","324.60","104.62M","0.26%"
"2023- 05- 15","324.46","322.99","324.56","321.61","89.27M","0.26%"
"2023- 05- 12","323.61","324.83","325.24","322.97","99.54M","-0.51%"
"2023- 05- 11","325.28","327.18","328.43","325.28","99.13M","-0.23%"
"2023- 05- 10","326.04","327.73","327.90","324.94","97.56M","-0.66%"
"2023- 05- 09","328.22","328.68","328.92","326.81","90.98M","-0.21%"
"2023- 05- 08","328.90","329.01","330.05","328.20","98.84M","0.84%"
"2023- 05- 04","326.17","325.75","326.33","324.26","98.92M","-0.11%"
"2023- 05- 03","326.52","326.99","327.93","325.83","103.77M","-0.78%"
"2023- 05- 02","329.09","326.99","329.49","326.74","113.91M","0.81%"
"2023- 04- 28","326.46","327.35","328.56","324.77","156.84M","0.42%"
"2023- 04- 27","325.09","323.78","325.74","321.18","147.06M","0.35%"
"2023- 04- 26","323.97","324.57","325.61","323.30","142.15M","-0.16%"
"2023- 04- 25","324.48","329.70","329.88","322.47","163.60M","-1.28%"
"2023- 04- 24","328.70","329.99","330.35","328.06","133.29M","-0.68%"
"2023- 04- 21","330.94","332.08","332.49","329.56","146.58M","-0.52%"
"2023- 04- 20","332.66","332.42","333.65","331.18","176.36M","-0.33%"
"2023- 04- 19","333.77","333.34","334.96","332.96","167.72M","0.08%"
"2023- 04- 18","333.50","334.93","334.97","331.35","238.29M","-0.13%"
"2023- 04- 17","333.92","333.62","334.30","332.18","244.97M","0.07%"
"2023- 04- 14","333.68","335.42","335.77","332.49","298.77M","0.18%"
"2023- 04- 13","333.09","330.06","333.09","329.63","172.64M","0.30%"
"2023- 04- 12","332.09","330.88","332.80","329.77","252.06M","0.37%"
"2023- 04- 11","330.87","328.00","331.58","326.87","148.44M","1.38%"
"2023- 04- 10","326.38","323.27","327.89","323.07","144.41M","0.93%"
"2023- 04- 07","323.36","321.29","323.89","320.53","137.01M","1.74%"
"2023- 04- 06","317.82","322.37","322.40","317.78","145.37M","-1.77%"
"2023- 04- 05","323.56","322.04","323.96","321.35","121.20M","0.56%"
"2023- 04- 04","321.75","320.97","322.85","320.24","155.30M","0.43%"
"2023- 04- 03","320.38","323.18","323.21","319.73","137.96M","-0.51%"
"2023- 03- 31","322.03","319.60","322.54","319.17","194.24M","1.25%"
"2023- 03- 30","318.05","318.51","319.48","316.78","187.35M","0.33%"
"2023- 03- 29","317.01","315.68","317.03","314.94","152.85M","0.21%"
"2023- 03- 28","316.36","314.15","316.36","313.49","120.38M","1.12%"
"2023- 03- 27","312.85","314.83","314.84","311.24","100.99M","-0.46%"
"2023- 03- 24","314.30","315.17","315.86","312.49","110.75M","-0.46%"
"2023- 03- 23","315.75","311.51","315.75","311.41","111.56M","0.52%"
"2023- 03- 22","314.11","313.33","314.26","311.94","93.69M","1.21%"
"2023- 03- 21","310.36","311.86","312.05","309.64","84.17M","0.28%"
"2023- 03- 20","309.49","311.59","313.44","309.39","89.48M","-0.83%"
"2023- 03- 17","312.07","312.20","312.68","309.80","126.08M","1.19%"
"2023- 03- 16","308.39","305.87","309.27","304.63","111.88M","-0.23%"
"2023- 03- 15","309.10","309.75","311.42","307.81","112.06M","1.15%"
"2023- 03- 14","305.58","310.18","310.35","305.45","129.87M","-2.44%"
"2023- 03- 13","313.21","311.77","313.69","308.03","125.38M","0.82%"
"2023- 03- 10","310.65","310.15","311.55","309.12","121.79M","-1.08%"
"2023- 03- 09","314.04","316.57","317.19","313.59","166.46M","-0.42%"
"2023- 03- 08","315.38","316.14","316.88","314.77","143.26M","-1.38%"
"2023- 03- 07","319.80","320.04","321.92","319.64","132.31M","-0.36%"
"2023- 03- 06","320.94","319.22","321.29","317.87","126.07M","1.45%"
"2023- 03- 03","316.36","317.69","318.30","315.30","113.90M","0.03%"
"2023- 03- 02","316.26","315.30","318.88","314.40","134.69M","0.46%"
"2023- 02- 28","314.80","315.75","317.69","314.13","131.22M","0.27%"
"2023- 02- 27","313.94","314.29","314.43","311.63","109.33M","-0.95%"
"2023- 02- 24","316.94","319.89","321.27","316.80","120.13M","-0.78%"
"2023- 02- 23","319.44","317.77","321.13","317.09","144.60M","1.11%"
"2023- 02- 22","315.94","317.94","318.74","315.83","131.26M","-1.75%"
"2023- 02- 21","321.56","322.16","322.88","320.02","117.78M","-0.07%"
"2023- 02- 20","321.79","321.07","322.97","318.15","113.03M","0.31%"
"2023- 02- 17","320.78","320.15","323.67","320.01","119.73M","-1.02%"
"2023- 02- 16","324.10","320.00","324.35","319.63","133.65M","1.92%"
"2023- 02- 15","317.99","324.43","324.54","317.41","136.83M","-1.69%"
"2023- 02- 14","323.47","324.50","325.80","322.83","103.20M","0.53%"
"2023- 02- 13","321.75","322.66","323.04","319.78","121.92M","-0.60%"
"2023- 02- 10","323.69","323.30","324.18","321.62","125.81M","-0.37%"
"2023- 02- 09","324.90","323.71","325.80","322.83","131.43M","-0.22%"
"2023- 02- 08","325.63","323.27","326.43","322.81","121.20M","1.58%"
"2023- 02- 07","320.55","319.36","321.45","318.20","113.21M","0.54%"
"2023- 02- 06","318.83","322.90","323.71","318.82","115.87M","-2.16%"
"2023- 02- 03","325.86","323.58","326.49","322.39","122.86M","0.60%"
"2023- 02- 02","323.93","325.94","326.73","321.97","152.77M","0.85%"
"2023- 02- 01","321.19","320.54","321.64","318.61","140.52M","1.24%"
"2023- 01- 31","317.26","322.71","323.26","317.09","194.66M","-1.68%"
"2023- 01- 30","322.67","328.09","328.97","322.35","141.80M","-1.62%"
"2023- 01- 27","327.98","326.22","329.71","324.98","156.16M","0.74%"
"2023- 01- 26","325.57","321.82","325.57","320.49","117.87M","1.50%"
"2023- 01- 25","320.76","320.81","321.48","319.75","97.52M","1.64%"
"2023- 01- 20","315.58","313.99","315.76","312.59","78.97M","0.56%"
"2023- 01- 19","313.81","310.08","313.81","310.04","86.25M","0.61%"
"2023- 01- 18","311.91","313.62","314.14","310.11","93.05M","-0.59%"
"2023- 01- 17","313.75","316.22","316.56","312.92","101.25M","-0.72%"
"2023- 01- 16","316.04","314.41","317.63","314.16","119.83M","0.72%"
"2023- 01- 13","313.77","312.34","315.44","311.96","128.65M","0.99%"
"2023- 01- 12","310.70","312.71","312.96","309.70","130.72M","0.10%"
"2023- 01- 11","310.38","311.66","312.57","309.10","102.60M","0.26%"
"2023- 01- 10","309.57","308.69","312.00","308.24","111.37M","-0.04%"
"2023- 01- 09","309.69","305.10","309.81","304.57","121.18M","2.71%"
"2023- 01- 06","301.53","296.69","303.10","296.40","121.02M","1.23%"
"2023- 01- 05","297.87","297.65","299.69","296.01","137.29M","0.64%"
"2023- 01- 04","295.98","288.34","296.70","287.94","109.95M","2.21%"
"2023- 01- 03","289.58","290.64","290.95","284.32","106.62M","-0.07%"
"2023- 01- 02","289.79","292.90","294.02","289.19","92.54M","-0.45%"
"2022- 12- 29","291.10","294.98","295.94","291.10","114.47M","-2.02%"
"2022- 12- 28","297.09","299.36","299.36","296.59","137.29M","-2.34%"
"2022- 12- 27","304.22","303.77","305.02","302.83","122.97M","0.65%"
"2022- 12- 26","302.27","301.76","302.97","300.66","78.88M","0.07%"
"2022- 12- 23","302.07","303.14","304.42","301.47","94.83M","-1.76%"
"2022- 12- 22","307.48","304.66","307.48","303.96","233.31M","1.40%"
"2022- 12- 21","303.23","305.84","305.99","302.92","76.96M","-0.27%"
"2022- 12- 20","304.05","305.65","306.58","302.96","88.75M","-0.89%"
"2022- 12- 19","306.77","306.33","307.99","305.19","77.96M","-0.23%"
"2022- 12- 16","307.48","303.48","307.48","303.09","114.65M","-0.08%"
"2022- 12- 15","307.73","310.73","311.98","307.73","95.26M","-1.76%"
"2022- 12- 14","313.23","310.87","313.41","310.57","83.85M","1.19%"
"2022- 12- 13","309.56","311.26","311.85","308.54","101.88M","-0.03%"
"2022- 12- 12","309.64","309.38","310.69","308.70","85.71M","-0.64%"
"2022- 12- 09","311.63","309.81","312.06","308.76","113.45M","1.10%"
"2022- 12- 08","308.24","308.78","309.00","306.01","121.10M","-0.01%"
"2022- 12- 07","308.27","309.11","310.25","308.08","92.85M","-0.60%"
"2022- 12- 06","310.14","310.90","313.34","309.70","100.04M","-1.20%"
"2022- 12- 05","313.91","316.26","317.07","312.92","113.97M","-0.35%"
"2022- 12- 02","315.02","320.76","320.76","315.02","114.75M","-2.17%"
"2022- 12- 01","322.02","325.37","325.49","321.44","130.32M","0.32%"
"2022- 11- 30","321.00","314.35","321.01","314.20","189.08M","1.72%"
"2022- 11- 29","315.58","311.79","315.74","311.07","94.42M","1.08%"
"2022- 11- 28","312.21","313.89","313.89","311.28","96.04M","-1.22%"
"2022- 11- 25","316.07","317.28","318.10","315.76","102.91M","-0.39%"
"2022- 11- 24","317.30","316.60","317.33","315.27","99.54M","1.02%"
"2022- 11- 23","314.11","314.84","315.24","312.65","148.27M","0.67%"
"2022- 11- 22","312.02","312.88","315.09","311.69","115.97M","-0.84%"
"2022- 11- 21","314.67","317.22","317.65","312.99","123.42M","-0.77%"
"2022- 11- 18","317.12","317.63","320.70","316.70","136.52M","0.12%"
"2022- 11- 17","316.75","319.98","320.35","316.75","157.36M","-1.62%"
"2022- 11- 16","321.96","322.98","322.98","318.02","177.08M","-0.11%"
"2022- 11- 15","322.31","322.76","323.03","319.96","144.81M","0.24%"
"2022- 11- 14","321.53","323.41","324.73","320.86","267.59M","-0.48%"
"2022- 11- 11","323.09","320.47","323.51","319.97","236.34M","3.84%"
"2022- 11- 10","311.13","312.63","314.91","311.13","149.97M","-1.30%"
"2022- 11- 09","315.23","313.40","316.09","312.54","162.13M","1.03%"
"2022- 11- 08","312.01","310.08","312.57","309.21","142.95M","1.34%"
"2022- 11- 07","307.87","306.08","308.15","305.05","148.87M","1.16%"
"2022- 11- 04","304.33","301.16","304.33","299.46","182.72M","0.89%"
"2022- 11- 03","301.66","298.55","303.80","297.62","179.82M","-0.73%"
"2022- 11- 02","303.87","302.49","305.10","302.02","192.34M","0.00%"
"2022- 11- 01","303.88","300.53","304.01","299.84","272.49M","1.44%"
"2022- 10- 31","299.58","298.61","300.05","296.45","121.05M","1.53%"
"2022- 10- 28","295.06","296.80","298.45","294.65","131.08M","-1.26%"
"2022- 10- 27","298.82","295.85","299.19","295.01","176.20M","1.69%"
"2022- 10- 26","293.85","292.21","295.28","291.40","122.30M","0.78%"
"2022- 10- 25","291.58","291.29","293.75","290.53","116.35M","0.04%"
"2022- 10- 24","291.47","293.60","294.24","290.52","116.18M","1.00%"
"2022- 10- 21","288.57","287.68","290.38","287.44","102.37M","-0.01%"
"2022- 10- 20","288.61","289.33","290.07","286.50","136.90M","-0.92%"
"2022- 10- 19","291.29","293.41","295.34","290.90","110.85M","-0.78%"
"2022- 10- 18","293.59","293.34","293.78","289.77","117.12M","1.39%"
"2022- 10- 17","289.57","285.89","290.04","284.91","111.60M","0.07%"
"2022- 10- 14","289.36","287.59","290.32","286.59","132.07M","2.40%"
"2022- 10- 13","282.57","286.27","286.36","282.57","133.29M","-1.57%"
"2022- 10- 12","287.09","285.23","287.52","284.32","120.86M","0.75%"
"2022- 10- 11","284.96","284.39","284.96","282.04","127.82M","-1.88%"
"2022- 10- 07","290.41","288.35","292.20","287.84","128.16M","-0.29%"
"2022- 10- 06","291.26","291.20","293.32","290.09","93.86M","0.76%"
"2022- 10- 05","289.05","293.87","294.47","287.44","138.91M","0.27%"
"2022- 10- 04","288.27","286.25","288.96","285.42","120.02M","2.46%"
"2022- 09- 30","281.36","281.75","284.35","278.39","143.74M","-0.46%"
"2022- 09- 29","282.65","286.60","287.81","282.56","128.43M","-0.19%"
"2022- 09- 28","283.19","287.66","289.75","280.80","160.84M","-2.42%"
"2022- 09- 27","290.20","290.27","290.75","286.76","152.31M","0.15%"
"2022- 09- 26","289.77","293.65","293.96","289.01","177.69M","-2.68%"
"2022- 09- 23","297.74","301.48","302.09","296.85","114.63M","-1.30%"
"2022- 09- 22","301.65","300.67","302.19","299.30","114.96M","-0.99%"
"2022- 09- 21","304.67","305.09","306.07","303.77","104.49M","-0.93%"
"2022- 09- 20","307.54","308.76","309.98","306.79","96.96M","0.34%"
"2022- 09- 19","306.49","309.58","309.89","305.68","101.19M","-0.71%"
"2022- 09- 16","308.69","308.58","309.54","307.03","135.94M","-0.62%"
"2022- 09- 15","310.63","313.15","313.84","310.63","111.22M","-0.67%"
"2022- 09- 14","312.74","310.08","313.94","309.06","118.21M","-1.83%"
"2022- 09- 13","318.56","313.93","319.37","313.93","150.59M","3.05%"
"2022- 09- 08","309.12","310.23","310.51","308.26","149.12M","0.31%"
"2022- 09- 07","308.16","310.86","311.10","306.69","146.29M","-1.55%"
"2022- 09- 06","313.01","313.36","314.97","311.69","91.54M","0.17%"
"2022- 09- 05","312.47","313.09","315.22","310.91","112.44M","-0.14%"
"2022- 09- 02","312.92","316.46","316.74","312.18","133.78M","-0.67%"
"2022- 09- 01","315.02","318.74","318.76","315.02","183.42M","-2.46%"
"2022- 08- 31","322.96","316.96","323.37","316.26","228.42M","1.09%"
"2022- 08- 30","319.49","317.97","320.00","316.94","133.48M","0.99%"
"2022- 08- 29","316.35","317.45","317.47","315.48","203.73M","-2.33%"
"2022- 08- 26","323.91","325.36","326.59","323.30","188.82M","0.09%"
"2022- 08- 25","323.63","321.58","323.63","320.81","130.66M","1.18%"
"2022- 08- 24","319.86","320.15","320.99","318.16","156.50M","0.37%"
"2022- 08- 23","318.69","320.85","321.50","318.26","118.04M","-1.26%"
"2022- 08- 22","322.77","323.29","324.42","321.83","93.52M","-1.23%"
"2022- 08- 19","326.79","329.06","329.08","326.34","125.26M","-0.61%"
"2022- 08- 18","328.80","327.47","329.94","326.06","101.50M","-0.34%"
"2022- 08- 17","329.91","332.11","333.24","329.30","105.79M","-0.56%"
"2022- 08- 16","331.78","332.68","333.47","331.08","131.43M","0.34%"
"2022- 08- 12","330.67","329.23","331.12","329.07","138.07M","0.23%"
"2022- 08- 11","329.92","328.20","329.92","327.74","140.04M","1.72%"
"2022- 08- 10","324.35","326.30","326.43","323.86","134.97M","-1.15%"
"2022- 08- 09","328.11","327.21","328.62","325.28","121.62M","0.27%"
"2022- 08- 08","327.23","326.05","327.45","325.21","113.67M","-0.08%"
"2022- 08- 05","327.50","326.71","328.47","326.36","119.89M","0.62%"
"2022- 08- 04","325.47","326.11","326.40","324.38","110.17M","0.52%"
"2022- 08- 03","323.80","321.48","323.80","320.25","93.90M","0.67%"
"2022- 08- 02","321.64","322.64","322.85","320.21","113.13M","-0.41%"
"2022- 08- 01","322.97","322.14","324.31","320.86","111.15M","-0.11%"
"2022- 07- 29","323.31","324.38","325.83","321.95","163.69M","0.53%"
"2022- 07- 28","321.62","322.89","323.73","320.76","131.10M","0.59%"
"2022- 07- 27","319.74","319.83","320.04","317.30","88.69M","0.04%"
"2022- 07- 26","319.61","317.39","319.91","317.03","87.53M","0.40%"
"2022- 07- 25","318.34","316.40","320.07","316.20","94.02M","0.32%"
"2022- 07- 22","317.33","319.12","320.94","317.00","120.59M","-0.74%"
"2022- 07- 21","319.68","316.22","320.14","316.22","91.22M","1.16%"
"2022- 07- 20","316.02","319.15","319.68","315.48","113.81M","0.68%"
"2022- 07- 19","313.90","313.38","314.06","311.81","95.26M","-0.31%"
"2022- 07- 18","314.87","311.06","315.17","310.60","113.85M","2.26%"
"2022- 07- 15","307.91","307.45","308.14","302.10","125.25M","0.84%"
"2022- 07- 14","305.35","304.70","307.93","303.65","115.97M","-0.40%"
"2022- 07- 13","306.59","306.24","308.62","304.99","110.89M","0.51%"
"2022- 07- 12","305.03","306.94","307.56","303.32","107.07M","-1.06%"
"2022- 07- 11","308.29","311.05","311.86","307.97","94.92M","-0.60%"
"2022- 07- 08","310.15","310.73","313.01","310.02","108.52M","0.60%"
"2022- 07- 07","308.31","304.30","310.07","304.20","126.31M","1.99%"
"2022- 07- 06","302.28","307.14","307.90","302.06","156.26M","-2.18%"
"2022- 07- 05","309.03","307.15","309.99","305.35","110.06M","1.65%"
"2022- 07- 04","304.01","304.46","305.82","300.82","128.36M","0.00%"
"2022- 07- 01","304.02","308.72","310.55","301.95","136.34M","-1.04%"
"2022- 06- 30","307.20","311.20","311.63","307.20","143.73M","-1.81%"
"2022- 06- 29","312.86","314.33","315.16","312.52","132.70M","-1.96%"
"2022- 06- 28","319.11","316.65","319.11","315.19","117.27M","0.92%"
"2022- 06- 27","316.20","314.31","319.08","311.85","136.48M","1.32%"
"2022- 06- 24","312.07","307.47","313.42","306.27","137.83M","2.17%"
"2022- 06- 23","305.45","308.81","310.94","304.13","197.73M","-0.85%"
"2022- 06- 22","308.08","317.47","317.63","308.08","161.70M","-2.62%"
"2022- 06- 21","316.38","315.95","318.74","313.66","120.06M","0.62%"
"2022- 06- 20","314.44","321.46","321.62","311.71","151.13M","-1.77%"
"2022- 06- 17","320.09","316.36","320.71","314.79","197.27M","-0.67%"
"2022- 06- 16","322.25","326.72","328.84","321.54","138.75M","0.01%"
"2022- 06- 15","322.21","327.70","328.30","320.29","159.36M","-1.83%"
"2022- 06- 14","328.23","325.68","329.27","323.36","174.25M","-0.50%"
"2022- 06- 13","329.88","335.76","335.97","329.88","163.80M","-3.51%"
"2022- 06- 10","341.89","342.32","343.25","340.66","136.21M","-1.36%"
"2022- 06- 09","346.62","345.35","346.82","343.69","191.39M","0.12%"
"2022- 06- 08","346.22","346.46","348.11","345.56","123.30M","0.16%"
"2022- 06- 07","345.67","350.04","350.53","345.02","135.31M","-1.80%"
"2022- 06- 03","352.01","353.47","353.93","351.10","134.65M","0.43%"
"2022- 06- 02","350.51","352.29","352.81","349.55","196.09M","-1.14%"
"2022- 05- 31","354.54","351.79","354.72","350.01","266.68M","0.58%"
"2022- 05- 30","352.49","351.53","352.85","350.07","151.01M","1.28%"
"2022- 05- 27","348.04","348.42","349.11","347.15","133.07M","1.10%"
"2022- 05- 26","344.26","345.54","349.03","342.65","126.45M","-0.39%"
"2022- 05- 25","345.60","346.34","347.60","343.51","125.14M","0.44%"
"2022- 05- 24","344.08","349.02","349.79","344.08","151.00M","-1.79%"
"2022- 05- 23","350.34","351.16","351.41","348.48","183.16M","0.30%"
"2022- 05- 20","349.29","345.15","349.68","344.89","133.21M","1.76%"
"2022- 05- 19","343.24","341.07","344.10","340.55","196.53M","-1.46%"
"2022- 05- 18","348.34","349.62","351.20","347.15","166.29M","0.23%"
"2022- 05- 17","347.53","345.14","347.91","345.13","171.09M","1.04%"
"2022- 05- 16","343.94","348.13","348.88","343.52","231.88M","-0.45%"
"2022- 05- 13","345.50","340.49","345.82","339.72","187.36M","2.24%"
"2022- 05- 12","337.94","340.14","343.03","337.65","262.82M","-1.60%"
"2022- 05- 11","343.44","342.22","344.45","341.22","184.52M","-0.07%"
"2022- 05- 10","343.67","343.22","344.73","338.46","249.37M","-0.50%"
"2022- 05- 09","345.41","347.71","349.40","344.84","256.54M","-1.03%"
"2022- 05- 06","349.00","350.26","350.26","347.98","622.95M","-1.37%"
"2022- 05- 04","353.85","354.85","356.05","352.27","279.18M","0.15%"
"2022- 05- 03","353.32","354.28","356.45","353.12","132.70M","-0.20%"
"2022- 05- 02","354.02","351.31","354.53","350.94","131.47M","-0.30%"
"2022- 04- 29","355.08","350.43","355.34","349.73","182.27M","1.41%"
"2022- 04- 28","350.16","348.61","350.16","346.02","164.68M","1.14%"
"2022- 04- 27","346.21","346.42","346.78","343.76","146.76M","-1.27%"
"2022- 04- 26","350.67","351.33","352.20","350.38","122.92M","0.48%"
"2022- 04- 25","348.98","351.36","352.26","348.91","139.46M","-1.81%"
"2022- 04- 22","355.43","355.54","356.08","353.64","214.76M","-1.00%"
"2022- 04- 21","359.02","358.33","360.74","358.24","148.56M","0.42%"
"2022- 04- 20","357.52","357.14","358.28","354.93","148.87M","0.04%"
"2022- 04- 19","357.36","355.77","358.53","355.29","130.22M","1.05%"
"2022- 04- 18","353.63","352.19","354.87","351.46","111.00M","-0.06%"
"2022- 04- 15","353.84","354.35","355.10","352.63","142.64M","-0.99%"
"2022- 04- 14","357.38","359.23","359.29","356.17","159.16M","-0.45%"
"2022- 04- 13","359.00","353.83","359.43","353.30","177.43M","1.90%"
"2022- 04- 12","352.32","353.51","354.83","351.37","129.72M","-0.97%"
"2022- 04- 11","355.78","354.47","357.73","353.78","131.52M","-0.06%"
"2022- 04- 08","356.01","356.86","357.62","354.27","166.11M","0.08%"
"2022- 04- 07","355.73","358.43","358.92","355.37","193.94M","-1.46%"
"2022- 04- 06","361.01","362.04","362.96","360.52","176.51M","-1.02%"
"2022- 04- 05","364.74","366.08","366.67","363.67","244.23M","-0.05%"
"2022- 04- 04","364.94","361.85","365.08","360.69","171.55M","0.48%"
"2022- 04- 01","363.19","363.97","364.10","361.54","446.85M","-0.66%"
"2022- 03- 31","365.61","364.10","367.01","363.94","388.61M","0.30%"
"2022- 03- 30","364.50","366.15","366.76","363.68","139.98K","0.20%"
"2022- 03- 29","363.77","364.18","365.56","362.27","132.70M","0.47%"
"2022- 03- 28","362.06","360.63","363.25","358.70","136.54M","0.00%"
"2022- 03- 25","362.06","364.76","364.92","361.34","119.07M","-0.36%"
"2022- 03- 24","363.38","361.83","363.50","360.40","149.35M","-0.40%"
"2022- 03- 23","364.84","364.06","366.40","362.89","137.43M","0.88%"
"2022- 03- 22","361.66","358.76","362.11","358.61","120.70M","0.81%"
"2022- 03- 21","358.77","363.81","363.86","358.41","117.14M","-0.98%"
"2022- 03- 18","362.33","361.16","362.78","359.60","155.32M","0.24%"
"2022- 03- 17","361.46","362.39","364.18","361.36","172.54M","1.51%"
"2022- 03- 16","356.09","354.88","356.29","351.97","125.09M","1.44%"
"2022- 03- 15","351.03","352.34","353.90","350.38","149.11M","-1.01%"
"2022- 03- 14","354.61","354.72","356.48","352.82","163.91M","-0.20%"
"2022- 03- 11","355.31","355.95","356.85","353.26","182.55M","-0.75%"
"2022- 03- 10","358.01","354.33","358.27","354.33","212.65M","2.47%"
"2022- 03- 08","349.38","348.12","352.82","346.85","185.90M","-1.03%"
"2022- 03- 07","353.03","356.59","356.59","351.91","193.16M","-2.39%"
"2022- 03- 04","361.69","365.35","365.54","360.19","237.19M","-1.46%"
"2022- 03- 03","367.06","364.37","367.40","363.99","167.18M","1.79%"
"2022- 03- 02","360.59","361.52","362.81","359.89","170.94M","-0.26%"
"2022- 02- 28","361.54","356.59","361.54","355.77","237.32M","0.86%"
"2022- 02- 25","358.44","358.79","360.85","357.02","154.97M","0.96%"
"2022- 02- 24","355.04","360.05","360.77","354.01","167.28M","-2.58%"
"2022- 02- 23","364.44","366.25","366.58","362.39","139.93M","0.26%"
"2022- 02- 22","363.51","362.93","364.81","360.74","162.88M","-1.30%"
"2022- 02- 21","368.29","362.83","368.75","361.14","109.54M","-0.07%"
"2022- 02- 18","368.55","365.57","369.32","364.69","137.05M","-0.27%"
"2022- 02- 17","369.55","368.11","373.03","365.48","209.73M","0.61%"
"2022- 02- 16","367.30","365.96","367.66","364.64","108.44M","1.91%"
"2022- 02- 15","360.43","364.44","364.79","358.75","140.83M","-0.70%"
"2022- 02- 14","362.98","364.36","365.97","360.46","146.97M","-1.53%"
"2022- 02- 11","368.61","367.54","371.35","366.90","161.47M","-0.80%"
"2022- 02- 10","371.57","371.84","372.86","369.30","180.49M","0.79%"
"2022- 02- 09","368.65","367.02","368.65","365.79","117.91M","1.42%"
"2022- 02- 08","363.48","365.91","367.32","360.78","133.11M","0.15%"
"2022- 02- 07","362.92","365.40","365.40","359.59","135.53M","-0.93%"
"2022- 02- 04","366.34","363.10","366.79","361.84","109.79M","1.31%"
"2022- 02- 03","361.60","364.07","366.13","361.60","125.48M","1.01%"
"2022- 01- 28","357.98","350.29","358.84","347.28","146.98M","2.70%"
"2022- 01- 27","348.58","360.83","363.11","348.55","158.32M","-3.39%"
"2022- 01- 26","360.83","363.72","365.31","360.47","109.34M","-0.43%"
"2022- 01- 25","362.39","370.30","370.73","359.85","142.18M","-2.40%"
"2022- 01- 24","371.30","374.64","375.45","369.63","112.64M","-1.27%"
"2022- 01- 21","376.08","376.74","377.69","373.35","134.24M","-1.13%"
"2022- 01- 20","380.39","377.97","380.45","376.49","114.10M","0.58%"
"2022- 01- 19","378.21","377.75","381.91","376.74","126.17M","-0.73%"
"2022- 01- 18","381.01","385.07","385.63","379.79","127.94M","-0.73%"
"2022- 01- 17","383.81","387.00","387.33","381.56","135.82M","-0.94%"
"2022- 01- 14","387.45","389.66","390.81","386.25","146.05M","-1.41%"
"2022- 01- 13","393.00","395.68","395.93","392.52","151.71M","-0.42%"
"2022- 01- 12","394.66","392.29","394.87","391.96","210.10M","1.46%"
"2022- 01- 11","388.97","388.32","390.43","386.26","133.43M","0.37%"
"2022- 01- 10","387.52","389.68","390.24","384.79","139.10M","-0.85%"
"2022- 01- 07","390.85","388.30","391.75","388.06","114.28M","1.20%"
"2022- 01- 06","386.22","386.59","390.51","385.30","152.39M","-1.07%"
"2022- 01- 05","390.39","394.91","395.20","387.56","175.49M","-1.27%"
"2022- 01- 04","395.40","396.01","396.71","393.35","117.16M","-0.03%"
"2022- 01- 03","395.51","397.16","399.44","394.26","97.58M","0.33%"
"2021- 12- 30","394.19","397.13","398.59","393.89","103.89M","-0.64%"
"2021- 12- 29","396.72","398.74","399.16","395.85","169.05M","-1.12%"
"2021- 12- 28","401.21","399.56","401.21","397.24","169.71M","0.65%"
"2021- 12- 27","398.61","400.61","401.07","398.31","103.64M","-0.48%"
"2021- 12- 24","400.53","399.72","402.46","399.66","102.50M","0.60%"
"2021- 12- 23","398.15","397.98","398.36","395.71","105.28M","0.53%"
"2021- 12- 22","396.07","396.82","398.06","394.77","100.31M","0.54%"
"2021- 12- 21","393.95","394.35","395.28","391.19","106.00M","0.66%"
"2021- 12- 20","391.37","396.42","396.61","390.92","97.27M","-1.90%"
"2021- 12- 17","398.96","394.46","399.02","394.26","134.70M","0.32%"
"2021- 12- 16","397.68","398.93","399.68","395.19","94.13M","0.51%"
"2021- 12- 15","395.66","393.99","395.76","392.85","88.94M","0.06%"
"2021- 12- 14","395.41","394.54","397.02","393.50","116.50M","-0.47%"
"2021- 12- 13","397.27","399.38","403.37","396.83","113.33M","-0.18%"
"2021- 12- 10","397.97","398.21","399.12","396.58","92.72M","-0.79%"
"2021- 12- 09","401.13","398.19","401.13","396.93","159.05M","0.97%"
"2021- 12- 08","397.27","399.89","402.34","396.32","140.13M","0.24%"
"2021- 12- 07","396.31","392.88","396.46","391.29","157.04M","0.88%"
"2021- 12- 06","392.85","389.95","394.40","387.58","124.90M","0.23%"
"2021- 12- 03","391.96","388.21","393.30","386.42","127.84M","0.60%"
"2021- 12- 02","389.64","379.76","389.64","379.59","150.99M","1.70%"
"2021- 12- 01","383.13","376.45","384.05","373.61","167.60M","2.65%"
"2021- 11- 30","373.24","385.01","386.34","370.86","258.52M","-2.20%"
"2021- 11- 29","381.63","381.25","384.97","379.27","178.59M","-0.89%"
"2021- 11- 26","385.07","390.61","392.81","384.19","145.77M","-1.75%"
"2021- 11- 25","391.93","395.67","395.73","391.69","117.21M","-0.88%"
"2021- 11- 24","395.40","397.88","399.38","393.27","128.29M","-0.26%"
"2021- 11- 23","396.44","399.43","399.52","395.58","124.51M","-0.66%"
"2021- 11- 22","399.07","393.16","399.88","392.75","144.70M","2.19%"
"2021- 11- 19","390.53","387.97","391.24","387.31","130.76M","0.80%"
"2021- 11- 18","387.44","388.86","390.00","386.31","130.47M","-0.51%"
"2021- 11- 17","389.44","394.88","395.25","388.70","146.33M","-1.17%"
"2021- 11- 16","394.07","393.94","396.49","392.62","134.39M","-0.07%"
"2021- 11- 15","394.36","393.36","395.56","392.16","174.94M","1.02%"
"2021- 11- 12","390.38","389.13","391.77","387.46","166.34M","1.14%"
"2021- 11- 11","385.97","383.84","386.03","382.57","212.91M","-0.07%"
"2021- 11- 10","386.24","388.37","390.36","385.57","117.56M","-1.06%"
"2021- 11- 09","390.36","389.17","393.13","388.25","127.59M","0.20%"
"2021- 11- 08","389.59","390.10","390.71","385.50","126.07M","-0.07%"
"2021- 11- 05","389.86","394.65","394.81","387.66","139.11M","-0.43%"
"2021- 11- 04","391.54","393.16","395.15","390.75","185.41M","0.53%"
"2021- 11- 03","389.48","395.73","395.85","388.52","137.22M","-1.35%"
"2021- 11- 02","394.82","392.18","398.10","392.18","126.75M","1.29%"
"2021- 11- 01","389.81","390.34","391.65","389.14","121.44M","0.34%"
"2021- 10- 29","388.47","396.08","396.92","387.82","146.47M","-1.38%"
"2021- 10- 28","393.89","394.87","397.79","393.89","180.65M","-0.40%"
"2021- 10- 27","395.48","398.31","398.82","394.41","193.85M","-0.90%"
"2021- 10- 26","399.07","397.75","399.67","396.28","135.40M","1.03%"
"2021- 10- 25","395.01","392.45","395.99","390.02","152.06M","0.42%"
"2021- 10- 22","393.34","392.82","394.91","391.54","108.30M","0.04%"
"2021- 10- 21","393.18","393.56","395.51","392.38","136.38M","-0.14%"
"2021- 10- 20","393.74","397.48","398.09","393.60","129.25M","-0.42%"
"2021- 10- 19","395.41","394.26","395.92","393.27","113.85M","0.86%"
"2021- 10- 18","392.02","393.39","394.16","389.74","126.68M","-0.30%"
"2021- 10- 15","393.19","392.94","394.58","391.36","170.78M","0.92%"
"2021- 10- 14","389.59","387.39","389.63","386.48","170.13M","1.43%"
"2021- 10- 13","384.10","380.12","385.72","379.31","154.27M","0.90%"
"2021- 10- 12","380.69","386.27","386.60","379.08","158.57M","-1.74%"
"2021- 10- 08","387.42","390.42","390.70","386.54","150.22M","-0.19%"
"2021- 10- 07","388.14","385.87","388.78","384.59","173.71M","1.63%"
"2021- 10- 06","381.93","391.01","392.37","381.93","229.53M","-1.57%"
"2021- 10- 05","388.01","391.95","392.02","384.92","202.46M","-1.72%"
"2021- 10- 01","394.79","399.53","400.52","394.14","155.62M","-1.62%"
"2021- 09- 30","401.30","399.41","402.90","397.98","182.82M","0.30%"
"2021- 09- 29","400.09","400.44","402.28","396.78","180.58M","-1.50%"
"2021- 09- 28","406.20","410.74","411.10","405.79","175.59M","-1.16%"
"2021- 09- 27","410.97","409.28","412.72","408.97","153.14M","0.28%"
"2021- 09- 24","409.84","412.01","412.80","409.09","153.82M","-0.15%"
"2021- 09- 23","410.46","409.04","410.92","407.39","164.54M","-0.13%"
"2021- 09- 17","410.99","408.90","411.36","407.07","165.79M","0.43%"
"2021- 09- 16","409.22","414.22","414.68","408.79","166.06M","-0.88%"
"2021- 09- 15","412.85","412.05","414.61","410.75","193.19M","0.12%"
"2021- 09- 14","412.36","411.06","414.85","410.98","179.78M","0.65%"
"2021- 09- 13","409.70","407.33","410.87","406.43","152.91M","0.24%"
"2021- 09- 10","408.70","407.99","409.78","405.99","145.03M","0.35%"
"2021- 09- 09","407.28","411.98","413.64","406.68","189.64M","-1.75%"
"2021- 09- 08","414.54","416.35","417.62","413.34","182.49M","-0.78%"
"2021- 09- 07","417.80","419.85","419.88","416.28","134.46M","-0.61%"
"2021- 09- 06","420.37","418.99","420.74","417.85","151.55M","0.27%"
"2021- 09- 03","419.22","417.67","419.78","416.40","147.69M","0.80%"
"2021- 09- 02","415.89","419.19","420.20","414.99","146.86M","-0.96%"
"2021- 09- 01","419.92","419.17","421.31","417.16","151.58M","0.03%"
"2021- 08- 31","419.79","411.69","419.90","409.67","170.99M","2.01%"
"2021- 08- 30","411.50","414.15","414.85","410.04","145.64M","0.31%"
"2021- 08- 27","410.24","408.63","411.79","406.81","132.45M","-0.03%"
"2021- 08- 26","410.38","414.49","415.74","409.79","174.28M","-0.86%"
"2021- 08- 25","413.95","414.01","416.03","410.63","176.20M","0.36%"
"2021- 08- 24","412.48","408.47","412.94","408.26","165.65M","1.95%"
"2021- 08- 23","404.58","404.32","407.82","401.63","166.04M","0.95%"
"2021- 08- 20","400.78","406.64","408.35","399.18","197.11M","-1.03%"
"2021- 08- 19","404.96","410.84","412.93","404.91","192.94M","-2.03%"
"2021- 08- 18","413.36","410.92","415.38","408.46","184.48M","0.50%"
"2021- 08- 17","411.31","415.50","417.23","410.31","207.92M","-1.14%"
"2021- 08- 13","416.06","421.38","422.04","413.64","221.07M","-1.50%"
"2021- 08- 12","422.38","423.17","425.53","421.42","251.30M","-0.56%"
"2021- 08- 11","424.74","427.16","428.88","424.30","170.67M","-0.89%"
"2021- 08- 10","428.56","433.01","433.11","427.28","174.09M","-0.72%"
"2021- 08- 09","431.65","431.57","433.16","430.05","140.99M","-0.38%"
"2021- 08- 06","433.29","434.85","436.61","432.27","143.72M","-0.33%"
"2021- 08- 05","434.74","436.46","437.85","434.24","267.97M","-0.30%"
"2021- 08- 04","436.05","431.60","436.71","430.16","166.74M","1.41%"
"2021- 08- 03","429.98","426.65","429.98","426.42","151.06M","0.75%"
"2021- 08- 02","426.79","426.29","426.85","422.86","117.34M","0.68%"
"2021- 07- 30","423.91","428.12","428.21","423.91","143.58M","-1.30%"
"2021- 07- 29","429.49","430.58","431.19","428.18","112.36M","0.08%"
"2021- 07- 28","429.15","427.30","429.71","425.34","132.99M","0.22%"
"2021- 07- 27","428.22","430.14","431.15","427.89","142.52M","0.18%"
"2021- 07- 26","427.47","433.14","433.28","427.46","146.23M","-0.95%"
"2021- 07- 23","431.55","431.75","433.23","430.27","173.07M","0.04%"
"2021- 07- 22","431.38","428.75","431.93","428.65","182.08M","1.26%"
"2021- 07- 21","426.00","430.99","431.29","425.82","212.12M","-0.60%"
"2021- 07- 20","428.55","427.14","428.78","425.99","163.96M","-0.31%"
"2021- 07- 19","429.89","432.25","432.25","428.94","152.02M","-1.13%"
"2021- 07- 16","434.82","436.24","436.24","432.85","149.48M","-0.44%"
"2021- 07- 15","436.76","434.24","436.85","433.12","152.54M","0.74%"
"2021- 07- 14","433.57","434.47","434.57","431.75","147.02M","-0.26%"
"2021- 07- 13","434.71","432.39","435.21","432.36","148.61M","0.80%"
"2021- 07- 12","431.28","429.33","432.02","429.30","134.96M","0.80%"
"2021- 07- 09","427.84","431.64","431.65","424.26","238.82M","-1.11%"
"2021- 07- 08","432.63","437.20","438.56","432.60","216.93M","-0.99%"
"2021- 07- 07","436.97","439.29","439.29","435.78","178.32M","-0.58%"
"2021- 07- 06","439.50","437.96","440.68","437.96","194.16M","0.42%"
"2021- 07- 05","437.66","436.53","438.92","436.53","180.18M","0.38%"
"2021- 07- 02","436.00","436.31","438.07","435.54","197.30M","-0.08%"
"2021- 07- 01","436.34","439.01","439.26","435.80","172.56M","-0.57%"
"2021- 06- 30","438.84","437.76","440.40","437.70","167.36M","0.30%"
"2021- 06- 29","437.54","440.48","440.60","436.17","231.75M","-0.55%"
"2021- 06- 28","439.98","440.78","441.54","438.55","237.76M","-0.10%"
"2021- 06- 25","440.40","438.76","442.31","438.75","367.17M","0.46%"
"2021- 06- 24","438.38","437.54","439.37","436.96","299.67M","0.38%"
"2021- 06- 23","436.73","434.65","437.37","434.62","372.08M","0.53%"
"2021- 06- 22","434.42","432.10","435.05","432.10","483.82M","0.69%"
"2021- 06- 21","431.46","434.57","434.57","429.52","242.43M","-0.82%"
"2021- 06- 18","435.02","434.82","436.69","434.39","230.15M","0.07%"
"2021- 06- 17","434.73","436.61","436.63","432.78","200.55M","-0.51%"
"2021- 06- 16","436.96","434.19","437.47","433.88","306.89M","0.65%"
"2021- 06- 15","434.13","433.41","434.99","432.48","336.10M","0.21%"
"2021- 06- 14","433.22","432.70","433.59","431.28","236.26M","0.10%"
"2021- 06- 11","432.78","429.61","433.42","429.61","328.90M","0.80%"
"2021- 06- 10","429.35","428.23","430.87","427.50","267.08M","0.28%"
"2021- 06- 09","428.16","432.35","432.53","428.16","248.52M","-1.09%"
"2021- 06- 08","432.88","433.21","435.02","431.71","323.68M","-0.09%"
"2021- 06- 07","433.26","432.82","435.77","430.76","337.93M","0.24%"
"2021- 06- 04","432.22","433.70","433.70","429.33","290.32M","-0.38%"
"2021- 06- 03","433.87","430.20","435.60","430.20","219.81M","0.86%"
"2021- 06- 02","430.15","430.60","433.06","429.14","292.52M","-0.04%"
"2021- 06- 01","430.32","428.08","432.18","426.94","225.69M","0.56%"
"2021- 05- 31","427.91","426.31","428.18","424.29","230.91M","0.46%"
"2021- 05- 28","425.95","423.88","427.51","423.58","203.18M","0.70%"
"2021- 05- 27","423.00","423.92","424.38","419.78","311.20M","-0.13%"
"2021- 05- 26","423.54","424.46","426.05","422.55","199.31M","-0.19%"
"2021- 05- 25","424.35","421.91","424.83","421.20","176.02M","0.90%"
"2021- 05- 24","420.57","421.92","423.09","419.38","177.69M","-0.36%"
"2021- 05- 21","422.08","423.12","427.75","420.70","196.32M","0.09%"
"2021- 05- 20","421.68","423.38","423.38","419.07","181.88M","-0.33%"
"2021- 05- 18","423.09","418.28","423.93","418.28","174.86M","1.15%"
"2021- 05- 17","418.27","421.97","423.19","416.08","207.00M","-0.45%"
"2021- 05- 14","420.17","417.50","421.75","417.50","199.29M","0.99%"
"2021- 05- 13","416.07","419.60","421.07","414.28","379.12M","-1.37%"
"2021- 05- 12","421.86","428.74","428.96","419.11","295.19M","-1.61%"
"2021- 05- 11","428.77","434.14","434.14","427.21","301.80M","-1.57%"
"2021- 05- 10","435.63","429.04","436.73","429.04","255.44M","1.65%"
"2021- 05- 07","428.56","426.51","429.94","426.00","229.12M","0.45%"
"2021- 05- 06","426.64","423.62","426.64","421.25","313.80M","0.72%"
"2021- 05- 04","423.57","420.99","423.57","418.53","208.97M","0.76%"
"2021- 05- 03","420.36","422.54","426.30","419.30","234.40M","-0.47%"
"2021- 04- 30","422.36","426.61","426.83","421.73","255.79M","-0.92%"
"2021- 04- 29","426.28","428.07","430.14","424.83","231.94M","-0.28%"
"2021- 04- 28","427.48","432.20","432.82","426.88","261.38M","-1.08%"
"2021- 04- 27","432.14","432.46","433.43","430.36","216.23M","-0.05%"
"2021- 04- 26","432.36","428.89","432.36","428.68","244.08M","0.94%"
"2021- 04- 23","428.34","426.68","428.87","422.92","215.68M","0.23%"
"2021- 04- 22","427.37","427.06","430.44","427.06","202.88M","0.15%"
"2021- 04- 21","426.75","433.40","433.47","425.93","187.76M","-1.81%"
"2021- 04- 20","434.60","431.90","434.70","431.38","185.75M","0.61%"
"2021- 04- 19","431.96","432.74","434.28","431.16","172.93M","-0.11%"
"2021- 04- 16","432.43","432.43","434.57","430.98","188.08M","-0.05%"
"2021- 04- 15","432.66","430.41","434.40","430.39","189.53M","0.45%"
"2021- 04- 14","430.71","429.14","431.65","428.04","154.42M","0.38%"
"2021- 04- 13","429.08","424.40","429.84","423.89","162.00M","1.15%"
"2021- 04- 12","424.22","424.73","426.62","423.10","134.97M","-0.02%"
"2021- 04- 09","424.30","427.26","428.65","423.33","166.99M","-0.60%"
"2021- 04- 08","426.86","426.73","427.32","424.36","221.93M","0.04%"
"2021- 04- 07","426.70","426.22","428.38","424.96","176.73M","0.19%"
"2021- 04- 06","425.88","425.18","427.68","423.35","162.96M","0.24%"
"2021- 04- 05","424.85","425.15","426.31","422.16","157.71M","0.26%"
"2021- 04- 02","423.74","422.19","425.13","422.02","163.07M","1.03%"
"2021- 04- 01","419.42","416.99","419.78","416.51","184.61M","1.06%"
"2021- 03- 31","415.04","417.12","420.18","415.04","225.86M","-0.38%"
"2021- 03- 30","416.61","412.32","417.44","412.32","207.51M","1.11%"
"2021- 03- 29","412.05","413.90","414.72","410.45","312.52M","-0.20%"
"2021- 03- 26","412.89","409.16","413.04","409.13","305.21M","1.07%"
"2021- 03- 25","408.53","407.03","411.27","405.59","180.93M","0.35%"
"2021- 03- 24","407.10","407.32","408.76","404.03","193.07M","-0.39%"
"2021- 03- 23","408.71","412.89","416.15","408.40","234.50M","-0.95%"
"2021- 03- 22","412.64","412.92","414.48","410.27","270.01M","-0.07%"
"2021- 03- 19","412.91","416.70","416.71","410.59","189.02M","-1.00%"
"2021- 03- 18","417.06","414.97","420.86","414.97","164.06M","0.74%"
"2021- 03- 17","414.01","417.35","417.67","411.32","132.77M","-0.79%"
"2021- 03- 16","417.31","414.82","418.06","414.11","155.16M","0.76%"
"2021- 03- 15","414.18","416.58","417.69","413.61","161.31M","-0.47%"
"2021- 03- 12","416.13","413.67","417.76","413.67","184.66M","1.24%"
"2021- 03- 11","411.02","404.36","413.24","404.36","231.92M","1.87%"
"2021- 03- 10","403.48","406.37","411.22","402.37","172.53M","-0.57%"
"2021- 03- 09","405.79","407.33","408.83","399.37","313.26M","-0.62%"
"2021- 03- 08","408.34","412.86","416.37","407.60","216.89M","-0.89%"
"2021- 03- 05","412.00","413.32","413.78","405.93","293.66M","-0.52%"
"2021- 03- 04","414.17","419.34","419.34","411.28","214.04M","-1.45%"
"2021- 03- 03","420.27","414.45","420.27","412.40","198.31M","1.32%"
"2021- 03- 02","414.80","411.00","422.41","411.00","229.89M","1.19%"
"2021- 02- 26","409.91","421.19","421.19","406.59","297.50M","-2.98%"
"2021- 02- 25","422.52","412.05","422.56","412.05","200.31M","3.77%"
"2021- 02- 24","407.16","415.78","420.05","406.86","252.63M","-2.08%"
"2021- 02- 23","415.82","415.07","419.58","410.84","228.35M","-0.25%"
"2021- 02- 22","416.88","421.96","425.90","416.80","272.97M","-0.96%"
"2021- 02- 19","420.94","417.98","421.36","411.58","246.86M","0.84%"
"2021- 02- 18","417.44","423.92","425.38","417.44","181.37M","-1.59%"
"2021- 02- 17","424.20","429.20","429.24","421.77","230.41M","-1.17%"
"2021- 02- 16","429.24","427.80","432.25","426.73","176.07M","0.52%"
"2021- 02- 15","427.01","420.85","428.64","420.60","191.24M","1.75%"
"2021- 02- 10","419.65","418.40","421.48","414.77","184.76M","0.42%"
"2021- 02- 09","417.91","420.71","424.94","417.87","201.53M","-0.25%"
"2021- 02- 08","418.95","422.30","424.62","418.37","229.54M","-1.03%"
"2021- 02- 05","423.30","419.84","424.20","417.85","221.56M","1.19%"
"2021- 02- 04","418.31","425.92","426.23","415.58","263.57M","-1.62%"
"2021- 02- 03","425.21","422.69","427.51","419.75","248.28M","0.99%"
"2021- 02- 02","421.03","416.77","427.63","416.77","219.04M","1.34%"
"2021- 02- 01","415.45","404.71","415.53","400.59","235.01M","2.69%"
"2021- 01- 29","404.56","417.92","421.05","402.94","305.30M","-2.84%"
"2021- 01- 28","416.40","422.92","422.92","413.34","242.94M","-1.72%"
"2021- 01- 27","423.67","427.11","432.62","423.23","205.61M","-0.72%"
"2021- 01- 26","426.73","436.27","437.19","425.64","236.60M","-2.42%"
"2021- 01- 25","437.30","427.64","437.96","427.17","231.21M","2.38%"
"2021- 01- 22","427.13","430.73","433.84","427.13","269.26M","-0.73%"
"2021- 01- 21","430.27","425.29","431.05","424.64","302.48M","1.48%"
"2021- 01- 20","424.01","425.17","429.39","419.27","259.50M","0.63%"
"2021- 01- 19","421.35","410.21","423.82","409.67","259.93M","2.64%"
"2021- 01- 18","410.50","419.70","419.70","408.69","289.24M","-2.36%"
"2021- 01- 15","420.43","430.37","436.35","420.33","279.52M","-2.19%"
"2021- 01- 14","429.85","430.43","431.54","427.13","284.70M","-0.12%"
"2021- 01- 13","430.38","427.98","433.27","424.97","303.67M","0.59%"
"2021- 01- 12","427.87","430.80","432.04","416.29","362.36M","-0.76%"
"2021- 01- 11","431.13","431.69","449.04","424.16","545.78M","0.21%"
"2021- 01- 08","430.22","412.06","431.99","412.06","499.11M","4.72%"
"2021- 01- 07","410.81","404.00","414.65","403.99","460.33M","2.17%"
"2021- 01- 06","402.08","406.33","411.21","401.06","429.08M","-0.97%"
"2021- 01- 05","406.03","399.79","406.03","396.43","470.87M","1.54%"
"2021- 01- 04","399.88","389.50","400.78","388.88","361.89M","2.72%"
"2020- 12- 30","389.29","381.21","390.04","379.14","236.86M","2.10%"
"2020- 12- 29","381.27","380.34","382.31","377.04","234.72M","0.35%"
"2020- 12- 28","379.93","381.51","383.84","378.44","304.33M","0.20%"
"2020- 12- 24","379.18","371.67","380.29","371.67","314.37M","2.12%"
"2020- 12- 23","371.32","367.02","371.93","364.72","296.02M","1.33%"
"2020- 12- 22","366.43","371.08","371.91","366.43","291.11M","-1.54%"
"2020- 12- 21","372.18","371.51","372.44","368.05","252.57M","0.17%"
"2020- 12- 18","371.55","372.02","373.37","370.50","307.53M","-0.12%"
"2020- 12- 17","372.00","372.12","372.60","368.07","244.58M","-0.14%"
"2020- 12- 16","372.53","371.86","374.53","371.03","188.95M","0.44%"
"2020- 12- 15","370.88","371.75","372.64","367.70","243.33M","-0.18%"
"2020- 12- 14","371.56","372.14","374.72","370.50","284.47M","-0.18%"
"2020- 12- 11","372.24","370.45","374.30","370.39","331.02M","0.78%"
"2020- 12- 10","369.37","370.74","372.68","365.76","344.58M","-0.57%"
"2020- 12- 09","371.47","363.77","371.64","363.77","191.95M","2.21%"
"2020- 12- 08","363.45","369.73","370.11","363.41","192.37M","-1.73%"
"2020- 12- 07","369.86","368.59","371.51","365.32","221.80M","0.61%"
"2020- 12- 04","367.63","363.28","369.67","363.23","281.11M","1.65%"
"2020- 12- 03","361.66","360.36","361.66","358.45","206.86M","0.84%"
"2020- 12- 02","358.66","354.33","359.15","354.00","220.90M","1.78%"
"2020- 12- 01","352.40","349.37","353.26","349.07","260.00M","1.83%"
"2020- 11- 30","346.05","354.70","354.78","346.05","339.06M","-1.89%"
"2020- 11- 27","352.73","351.83","353.19","350.63","178.42M","0.17%"
"2020- 11- 26","352.12","348.66","352.12","346.77","182.18M","1.10%"
"2020- 11- 25","348.30","353.05","353.96","346.17","333.14M","-0.57%"
"2020- 11- 24","350.28","350.30","352.55","348.61","295.44M","0.52%"
"2020- 11- 23","348.46","341.51","348.94","340.60","380.84M","2.30%"
"2020- 11- 20","340.62","339.48","341.71","338.59","179.11M","0.14%"
"2020- 11- 19","340.16","338.56","340.42","337.51","215.10M","0.06%"
"2020- 11- 18","339.96","341.07","341.81","338.64","231.64M","0.03%"
"2020- 11- 17","339.85","340.84","342.57","339.06","403.20M","-0.23%"
"2020- 11- 16","340.63","335.20","341.15","335.20","465.75M","2.28%"
"2020- 11- 13","333.03","329.09","333.15","328.25","291.36M","1.00%"
"2020- 11- 12","329.72","330.57","331.58","328.46","342.30M","-0.42%"
"2020- 11- 11","331.12","327.04","331.46","327.01","323.23M","1.53%"
"2020- 11- 10","326.13","326.33","327.00","323.79","331.19M","0.09%"
"2020- 11- 09","325.83","325.25","328.02","324.51","276.82M","1.16%"
"2020- 11- 06","322.10","322.72","324.28","320.61","143.96M","0.18%"
"2020- 11- 05","321.51","315.74","321.51","315.27","186.09M","2.45%"
"2020- 11- 04","313.83","314.31","315.62","311.37","212.32M","0.56%"
"2020- 11- 03","312.07","308.14","312.35","308.01","129.00M","2.00%"
"2020- 11- 02","305.95","302.67","306.43","301.37","111.03M","1.44%"
"2020- 10- 30","301.60","308.91","309.08","301.58","178.91M","-2.69%"
"2020- 10- 29","309.94","308.99","310.56","306.63","139.04M","-1.03%"
"2020- 10- 28","313.17","310.66","313.30","309.44","120.21M","0.44%"
"2020- 10- 27","311.80","311.50","313.93","310.55","162.32M","-0.55%"
"2020- 10- 26","313.53","315.63","316.78","313.33","170.88M","-0.40%"
"2020- 10- 23","314.79","314.98","315.83","312.31","198.02M","0.33%"
"2020- 10- 22","313.77","313.62","314.29","311.55","140.73M","-0.63%"
"2020- 10- 21","315.76","315.34","316.61","314.16","136.81M","0.33%"
"2020- 10- 20","314.71","311.02","314.91","309.95","135.68M","0.68%"
"2020- 10- 19","312.59","313.43","314.94","312.19","138.22M","0.24%"
"2020- 10- 16","311.83","314.41","315.47","309.67","126.44M","-0.67%"
"2020- 10- 15","313.92","315.76","315.89","312.40","124.41M","-0.84%"
"2020- 10- 14","316.57","319.60","319.88","315.71","129.34M","-0.94%"
"2020- 10- 13","319.58","321.04","321.45","316.98","126.74M","0.13%"
"2020- 10- 12","319.15","318.99","320.01","317.67","140.94M","0.53%"
"2020- 10- 08","317.47","320.31","320.38","316.60","168.69M","0.04%"
"2020- 10- 07","317.35","312.34","317.44","311.82","124.43M","0.92%"
"2020- 10- 06","314.45","315.13","316.48","313.03","139.89M","0.30%"
"2020- 10- 05","313.51","309.65","314.66","309.09","157.99M","1.32%"
"2020- 09- 29","309.44","310.01","311.34","308.52","138.82M","0.78%"
"2020- 09- 28","307.03","306.49","308.34","304.64","173.18M","1.14%"
"2020- 09- 25","303.57","305.38","305.55","301.93","156.86M","0.36%"
"2020- 09- 24","302.48","304.85","306.98","301.95","181.25M","-2.31%"
"2020- 09- 23","309.64","311.50","311.76","303.29","208.05M","0.27%"
"2020- 09- 22","308.82","315.53","316.02","307.40","304.36M","-2.24%"
"2020- 09- 21","315.89","318.13","320.86","314.78","165.86M","-0.79%"
"2020- 09- 18","318.39","319.20","319.81","316.62","153.54M","0.12%"
"2020- 09- 17","318.00","321.30","322.23","316.92","178.30M","-1.34%"
"2020- 09- 16","322.31","323.14","324.19","321.52","146.88M","-0.32%"
"2020- 09- 15","323.36","321.82","323.57","320.54","152.45M","0.74%"
"2020- 09- 14","320.98","319.83","321.22","318.54","176.78M","1.43%"
"2020- 09- 11","316.45","315.64","316.77","313.20","165.16M","-0.03%"
"2020- 09- 10","316.53","317.92","318.38","315.46","234.27M","0.88%"
"2020- 09- 09","313.77","313.54","315.90","312.90","198.50M","-1.14%"
"2020- 09- 08","317.38","316.31","317.43","314.56","227.27M","1.18%"
"2020- 09- 07","313.67","312.08","314.44","310.93","264.67M","0.53%"
"2020- 09- 04","312.03","308.25","312.64","308.04","408.03M","-1.39%"
"2020- 09- 03","316.43","314.73","317.46","314.45","342.18M","1.58%"
"2020- 09- 02","311.50","311.69","312.92","308.52","337.04M","0.55%"
"2020- 09- 01","309.81","309.08","311.15","307.63","342.81M","0.87%"
"2020- 08- 31","307.14","315.46","316.11","307.12","312.18M","-1.63%"
"2020- 08- 28","312.24","313.86","315.95","311.06","256.41M","0.28%"
"2020- 08- 27","311.38","314.46","315.17","311.37","175.57M","-0.89%"
"2020- 08- 26","314.19","313.61","315.08","309.74","193.54M","0.19%"
"2020- 08- 25","313.59","312.45","314.14","310.57","197.82M","1.38%"
"2020- 08- 24","309.33","306.86","310.27","303.39","142.21M","1.04%"
"2020- 08- 21","306.16","306.17","309.88","303.15","166.30M","1.52%"
"2020- 08- 20","301.59","310.45","312.77","301.15","249.74M","-3.81%"
"2020- 08- 19","313.54","315.96","316.82","313.18","159.93M","0.22%"
"2020- 08- 18","312.84","319.57","321.69","311.20","247.52M","-2.00%"
"2020- 08- 14","319.24","321.59","322.66","316.28","260.40M","-1.26%"
"2020- 08- 13","323.33","325.84","326.22","319.66","285.74M","0.20%"
"2020- 08- 12","322.68","320.31","322.68","317.30","293.14M","0.52%"
"2020- 08- 11","321.02","317.63","322.64","317.56","297.60M","1.34%"
"2020- 08- 10","316.77","312.75","317.84","312.08","261.18M","1.34%"
"2020- 08- 07","312.57","311.99","314.11","310.00","299.12M","0.40%"
"2020- 08- 06","311.32","307.88","312.84","307.88","254.20M","1.53%"
"2020- 08- 05","306.64","303.94","306.67","302.91","210.81M","1.19%"
"2020- 08- 04","303.04","302.50","304.27","301.48","219.87M","1.20%"
"2020- 08- 03","299.46","299.57","300.33","297.57","179.73M","0.05%"
"2020- 07- 31","299.32","303.69","304.16","298.89","201.96M","-0.84%"
"2020- 07- 30","301.85","303.13","304.13","301.49","191.76M","0.20%"
"2020- 07- 29","301.25","300.57","303.51","299.61","264.44M","0.37%"
"2020- 07- 28","300.13","296.53","301.34","296.38","301.28M","2.26%"
"2020- 07- 27","293.51","291.03","295.26","290.82","193.24M","0.98%"
"2020- 07- 24","290.66","289.84","292.74","289.42","216.21M","-0.58%"
"2020- 07- 23","292.37","293.62","293.62","290.49","250.98M","-0.57%"
"2020- 07- 22","294.04","294.71","296.14","293.39","327.32M","-0.38%"
"2020- 07- 21","295.16","294.03","296.11","293.20","366.99M","1.50%"
"2020- 07- 20","290.81","292.76","292.76","289.01","161.82M","-0.26%"
"2020- 07- 17","291.57","289.90","292.10","289.90","118.64M","0.80%"
"2020- 07- 16","289.25","292.34","292.74","288.46","129.45M","-1.03%"
"2020- 07- 15","292.27","292.94","294.42","290.89","168.35M","0.91%"
"2020- 07- 14","289.63","288.42","289.63","286.89","126.30M","-0.07%"
"2020- 07- 13","289.84","287.92","290.49","286.86","127.05M","1.68%"
"2020- 07- 10","285.06","287.87","288.09","283.51","136.77M","-0.76%"
"2020- 07- 09","287.25","287.80","289.41","287.08","140.61M","0.45%"
"2020- 07- 08","285.97","287.20","288.41","285.18","119.45M","-0.28%"
"2020- 07- 07","286.77","292.74","292.98","286.76","156.13M","-1.32%"
"2020- 07- 06","290.62","286.84","291.14","286.31","128.12M","1.65%"
"2020- 07- 03","285.89","285.59","286.09","283.36","100.22M","0.72%"
"2020- 07- 02","283.86","281.30","283.89","280.71","111.37M","1.28%"
"2020- 07- 01","280.26","283.10","283.84","279.44","133.80M","0.06%"
"2020- 06- 30","280.09","282.55","283.98","280.09","179.50M","0.74%"
"2020- 06- 29","278.04","279.36","281.77","277.06","137.76M","-1.88%"
"2020- 06- 26","283.38","283.36","284.58","280.65","169.01M","1.30%"
"2020- 06- 25","279.73","282.38","284.36","279.73","152.98M","-2.43%"
"2020- 06- 24","286.70","283.71","288.30","283.30","200.57M","1.69%"
"2020- 06- 23","281.94","284.64","286.04","279.26","163.68M","0.18%"
"2020- 06- 22","281.42","281.01","283.71","280.34","139.84M","-0.69%"
"2020- 06- 19","283.37","284.56","284.70","278.53","189.13M","0.52%"
"2020- 06- 18","281.91","281.74","283.39","280.02","181.59M","-0.39%"
"2020- 06- 17","283.02","282.08","284.90","278.33","337.22M","0.15%"
"2020- 06- 16","282.59","275.89","282.59","274.00","247.89M","5.46%"
"2020- 06- 15","267.95","278.61","280.87","267.95","262.44M","-4.91%"
"2020- 06- 12","281.78","276.97","282.54","276.05","232.83M","-2.37%"
"2020- 06- 11","288.62","289.98","292.08","284.29","275.90M","-1.12%"
"2020- 06- 10","291.90","291.03","292.92","289.60","229.07M","0.20%"
"2020- 06- 09","291.32","293.96","294.87","287.83","268.57M","0.19%"
"2020- 06- 08","290.77","295.41","295.68","289.71","286.66M","0.05%"
"2020- 06- 05","290.62","286.30","291.50","284.50","282.06M","1.46%"
"2020- 06- 04","286.45","291.17","292.90","284.93","364.58M","0.19%"
"2020- 06- 03","285.91","279.14","287.49","278.98","476.50M","3.56%"
"2020- 06- 02","276.08","272.65","276.47","272.22","251.03M","1.06%"
"2020- 06- 01","273.19","269.29","273.39","268.93","171.51M","1.81%"
"2020- 05- 29","268.32","266.62","269.61","265.23","269.47M","0.01%"
"2020- 05- 28","268.29","270.17","271.44","264.85","248.93M","0.24%"
"2020- 05- 27","267.64","266.71","269.17","265.86","247.18M","0.12%"
"2020- 05- 26","267.31","263.48","267.31","262.95","175.42M","1.73%"
"2020- 05- 25","262.76","260.95","262.82","259.16","125.43M","1.21%"
"2020- 05- 22","259.62","263.82","264.07","258.34","166.03M","-1.56%"
"2020- 05- 21","263.74","264.52","264.85","263.07","159.48M","0.39%"
"2020- 05- 20","262.72","260.48","263.25","260.48","140.30M","0.36%"
"2020- 05- 19","261.79","261.12","262.34","259.96","253.33M","2.49%"
"2020- 05- 18","255.44","254.55","256.31","252.95","223.00M","0.65%"
"2020- 05- 15","253.79","255.34","255.49","252.02","228.90M","0.06%"
"2020- 05- 14","253.65","253.26","254.39","252.09","167.64M","-0.86%"
"2020- 05- 13","255.85","250.03","255.85","249.95","141.25M","0.98%"
"2020- 05- 12","253.37","255.33","255.56","250.98","166.80M","-0.62%"
"2020- 05- 11","254.95","257.67","258.87","254.59","144.30M","-0.65%"
"2020- 05- 08","256.62","256.66","258.29","256.23","125.22M","0.85%"
"2020- 05- 07","254.46","253.88","256.14","253.37","114.36M","-0.21%"
"2020- 05- 06","255.00","253.76","255.01","251.26","133.28M","1.76%"
"2020- 05- 04","250.60","252.44","253.70","250.34","174.04M","-2.92%"
"2020- 04- 29","258.15","256.58","259.67","256.04","184.48M","0.69%"
"2020- 04- 28","256.39","255.91","257.34","253.22","172.42M","0.61%"
"2020- 04- 27","254.84","251.18","255.79","250.61","151.36M","1.82%"
"2020- 04- 24","250.28","252.47","252.86","249.19","154.31M","-1.36%"
"2020- 04- 23","253.74","253.42","255.22","251.58","163.81M","0.74%"
"2020- 04- 22","251.88","246.16","252.18","244.56","184.50M","0.99%"
"2020- 04- 21","249.40","250.26","251.88","245.11","257.16M","-1.09%"
"2020- 04- 20","252.14","253.85","255.93","251.46","211.00M","-1.13%"
"2020- 04- 17","255.02","252.52","257.37","252.38","287.36M","3.21%"
"2020- 04- 16","247.10","244.99","247.87","243.61","197.54M","-0.14%"
"2020- 04- 14","247.45","246.20","248.55","244.58","193.12M","1.66%"
"2020- 04- 13","243.40","246.59","246.90","243.39","195.90M","-1.85%"
"2020- 04- 10","248.00","245.14","248.21","244.02","286.11M","0.97%"
"2020- 04- 09","245.61","246.13","246.46","243.11","175.94M","1.54%"
"2020- 04- 08","241.89","243.71","246.99","241.77","173.12M","-1.22%"
"2020- 04- 07","244.87","245.65","247.39","240.68","224.45M","1.69%"
"2020- 04- 06","240.81","234.40","241.19","233.75","190.74M","3.93%"
"2020- 04- 03","231.70","232.48","234.45","229.23","181.04M","-0.06%"
"2020- 04- 02","231.84","227.47","232.22","223.60","181.79M","2.43%"
"2020- 04- 01","226.35","234.23","237.52","226.34","228.58M","-4.42%"
"2020- 03- 31","236.82","235.20","237.47","232.50","240.44M","1.88%"
"2020- 03- 30","232.45","227.05","234.70","225.09","167.23M","-0.57%"
"2020- 03- 27","233.79","239.11","239.48","227.01","249.10M","1.94%"
"2020- 03- 26","229.34","231.91","236.61","229.22","290.84M","-1.52%"
"2020- 03- 25","232.89","228.37","233.42","224.74","306.11M","5.70%"
"2020- 03- 24","220.34","207.65","220.34","205.41","225.73M","9.15%"
"2020- 03- 23","201.87","200.80","206.66","198.67","210.30M","-5.52%"
"2020- 03- 20","213.67","204.84","214.08","200.54","269.35M","7.22%"
"2020- 03- 19","199.28","220.72","220.85","196.27","303.56M","-7.67%"
"2020- 03- 18","215.83","228.63","230.04","215.81","208.04M","-4.87%"
"2020- 03- 17","226.89","222.94","234.56","222.46","216.73M","-2.61%"
"2020- 03- 16","232.97","245.21","245.21","232.76","175.05M","-3.19%"
"2020- 03- 13","240.65","231.71","246.19","227.36","298.90M","-2.81%"
"2020- 03- 12","247.62","253.93","255.49","243.76","242.47M","-3.65%"
"2020- 03- 11","257.01","264.63","265.04","255.69","194.21M","-2.89%"
"2020- 03- 10","264.67","261.94","265.57","260.75","173.09M","0.59%"
"2020- 03- 09","263.11","266.39","267.75","261.76","182.67M","-4.36%"
"2020- 03- 06","275.10","276.74","278.31","274.00","140.90M","-2.23%"
"2020- 03- 05","281.38","280.66","282.05","277.91","147.44M","1.17%"
"2020- 03- 04","278.13","270.13","278.90","270.13","208.46M","2.42%"
"2020- 03- 03","271.56","277.44","277.54","270.79","146.72M","0.44%"
"2020- 03- 02","270.37","269.59","272.60","265.70","163.72M","0.88%"
"2020- 02- 28","268.02","272.33","273.98","267.23","202.61M","-3.27%"
"2020- 02- 27","277.09","279.46","281.09","276.07","110.50M","-1.02%"
"2020- 02- 26","279.94","278.45","281.98","277.68","119.55M","-1.51%"
"2020- 02- 25","284.24","280.48","284.63","279.77","117.03M","1.15%"
"2020- 02- 24","281.02","285.51","286.62","281.02","132.82M","-3.90%"
"2020- 02- 21","292.42","292.16","295.24","291.96","100.71M","-1.43%"
"2020- 02- 20","296.65","300.34","301.35","295.01","90.01M","-0.56%"
"2020- 02- 19","298.33","299.68","300.38","295.53","84.26M","0.20%"
"2020- 02- 18","297.74","300.26","301.29","297.20","84.75M","-1.66%"
"2020- 02- 17","302.76","302.84","304.05","300.99","84.28M","-0.08%"
"2020- 02- 14","303.01","300.95","304.20","299.18","80.53M","0.69%"
"2020- 02- 13","300.93","302.79","304.43","300.48","115.07M","-0.20%"
"2020- 02- 12","301.54","299.83","302.20","298.09","110.63M","0.76%"
"2020- 02- 11","299.28","297.91","301.10","297.48","78.35M","1.03%"
"2020- 02- 10","296.24","294.07","296.73","293.33","72.22M","-0.66%"
"2020- 02- 07","298.21","299.59","300.05","296.01","108.11M","-0.81%"
"2020- 02- 06","300.65","294.74","300.98","294.32","110.22M","2.96%"
"2020- 02- 05","292.02","293.57","294.26","290.30","102.64M","0.46%"
"2020- 02- 04","290.68","285.19","291.38","285.11","105.45M","1.98%"
"2020- 02- 03","285.05","280.17","286.24","279.78","111.06M","0.18%"
"2020- 01- 31","284.53","290.24","291.47","284.53","101.46M","-1.33%"
"2020- 01- 30","288.37","293.27","294.11","287.09","101.54M","-1.91%"
"2020- 01- 29","293.98","294.38","295.67","292.45","85.73M","0.41%"
"2020- 01- 28","292.77","294.98","296.30","291.30","130.17M","-3.16%"
"2020- 01- 23","302.33","303.77","304.72","301.71","86.91M","-1.23%"
"2020- 01- 22","306.08","301.79","306.52","301.16","79.33M","1.31%"
"2020- 01- 21","302.11","304.94","306.09","301.85","67.63M","-1.14%"
"2020- 01- 20","305.58","304.99","307.54","304.77","78.04M","0.75%"
"2020- 01- 17","303.30","305.07","306.05","302.51","81.54M","0.17%"
"2020- 01- 16","302.78","299.93","302.91","298.95","85.71M","1.01%"
"2020- 01- 15","299.74","299.91","301.13","298.82","71.77M","-0.59%"
"2020- 01- 14","301.53","302.20","303.61","300.69","92.12M","0.47%"
"2020- 01- 13","300.13","296.62","300.31","296.53","81.68M","1.03%"
"2020- 01- 10","297.06","294.80","297.17","294.17","94.16M","0.90%"
"2020- 01- 09","294.41","293.83","294.41","292.10","111.79M","1.72%"
"2020- 01- 08","289.42","288.94","291.01","287.30","124.53M","-0.62%"
"2020- 01- 07","291.23","290.01","292.26","289.64","65.35M","0.97%"
"2020- 01- 06","288.43","287.73","289.41","287.49","69.96M","-0.79%"
"2020- 01- 03","290.74","293.10","294.88","289.04","79.77M","0.13%"
"2020- 01- 02","290.35","294.19","294.57","289.96","66.16M","-1.16%"
"2019- 12- 30","293.77","294.60","295.49","293.40","54.97M","-0.48%"